2026-05-24 03:57:21,797 - INFO - Scraping 1/6851: https://www.refurbed.de/p/acer-315-n4000-15-6/
2026-05-24 03:57:23,556 - INFO - Scraping 2/6851: https://www.refurbed.de/p/acer-315-n4500-15-6/
2026-05-24 03:57:24,975 - INFO - Scraping 3/6851: https://www.refurbed.de/p/acer-a-3-spin-a3sp14-31pt-3-n100/
2026-05-24 03:57:26,457 - INFO - Scraping 4/6851: https://www.refurbed.de/p/acer-a-3-spin-a3sp14-31pt-3-n305/
2026-05-24 03:57:28,007 - INFO - Scraping 5/6851: https://www.refurbed.de/p/acer-a-5-spin-a5sp14-51mtn-1335u/
2026-05-24 03:57:29,392 - INFO - Scraping 6/6851: https://www.refurbed.de/p/acer-a-5-spin-a5sp14-51mtn-i7-14/
2026-05-24 03:57:30,816 - INFO - Scraping 7/6851: https://www.refurbed.de/p/acer-a-spin-14-i5-1335u/
2026-05-24 03:57:32,466 - INFO - Scraping 8/6851: https://www.refurbed.de/p/acer-ahr162/
2026-05-24 03:57:34,043 - INFO - Scraping 9/6851: https://www.refurbed.de/p/acer-ahw910/
2026-05-24 03:57:35,465 - INFO - Scraping 10/6851: https://www.refurbed.de/p/acer-asa630-active-stylus-pen/
2026-05-24 03:57:37,042 - INFO - Scraping 11/6851: https://www.refurbed.de/p/acer-aspire-1-14-pentium-silver-/
2026-05-24 03:57:38,426 - INFO - Scraping 12/6851: https://www.refurbed.de/p/acer-aspire-1-a114-61-s2jg/
2026-05-24 03:57:39,855 - INFO - Scraping 13/6851: https://www.refurbed.de/p/acer-aspire-1-a114-61-s2rf-7c/
2026-05-24 03:57:41,464 - INFO - Scraping 14/6851: https://www.refurbed.de/p/acer-aspire-1-a115-32-n4500/
2026-05-24 03:57:42,993 - INFO - Scraping 15/6851: https://www.refurbed.de/p/acer-aspire-1-nc-a114-61-s0g8-14/
2026-05-24 03:57:44,465 - INFO - Scraping 16/6851: https://www.refurbed.de/p/acer-aspire-3-a314-22-3250u/
2026-05-24 03:57:46,001 - INFO - Scraping 17/6851: https://www.refurbed.de/p/acer-aspire-3-a314-32-n4000/
2026-05-24 03:57:47,589 - INFO - Scraping 18/6851: https://www.refurbed.de/p/acer-aspire-3-a315-21-a9-9420e/
2026-05-24 03:57:47,971 - ERROR - Error fetching https://www.refurbed.de/p/acer-aspire-3-a315-21-a9-9420e/: 404 Client Error: Not Found for url: https://www.refurbed.de/p/acer-aspire-3-a315-21-a9-9420e/
2026-05-24 03:57:48,973 - INFO - Scraping 19/6851: https://www.refurbed.de/p/acer-aspire-3-a315-21-a9-9425/
2026-05-24 03:57:50,351 - INFO - Scraping 20/6851: https://www.refurbed.de/p/acer-aspire-3-a315-23-3250u/
2026-05-24 03:57:51,848 - INFO - Scraping 21/6851: https://www.refurbed.de/p/acer-aspire-3-a315-24p-7520u/
2026-05-24 03:57:53,431 - INFO - Scraping 22/6851: https://www.refurbed.de/p/acer-aspire-3-a315-29-i5-1235u/
2026-05-24 03:57:54,850 - INFO - Scraping 23/6851: https://www.refurbed.de/p/acer-aspire-3-a315-35-n5100/
2026-05-24 03:57:56,207 - INFO - Scraping 24/6851: https://www.refurbed.de/p/acer-aspire-3-a315-35-p45c/
2026-05-24 03:57:57,582 - INFO - Scraping 25/6851: https://www.refurbed.de/p/acer-aspire-3-a315-510p-n100/
2026-05-24 03:57:58,952 - INFO - Scraping 26/6851: https://www.refurbed.de/p/acer-aspire-3-a315-54-8265u/
2026-05-24 03:58:00,500 - INFO - Scraping 27/6851: https://www.refurbed.de/p/acer-aspire-3-a315-55g-10210u/
2026-05-24 03:58:01,960 - INFO - Scraping 28/6851: https://www.refurbed.de/p/acer-aspire-3-a315-58-1135g7/
2026-05-24 03:58:03,326 - INFO - Scraping 29/6851: https://www.refurbed.de/p/acer-aspire-3-a315-58-1165g7/
2026-05-24 03:58:04,727 - INFO - Scraping 30/6851: https://www.refurbed.de/p/acer-aspire-3-a315-58-i3-1115g4/
2026-05-24 03:58:06,249 - INFO - Scraping 31/6851: https://www.refurbed.de/p/acer-aspire-3-a315-59-1235u-15-6/
2026-05-24 03:58:07,849 - INFO - Scraping 32/6851: https://www.refurbed.de/p/acer-aspire-3-a317-33-p5ff/
2026-05-24 03:58:09,515 - INFO - Scraping 33/6851: https://www.refurbed.de/p/acer-aspire-3-a317-52-1035g1/
2026-05-24 03:58:10,928 - INFO - Scraping 34/6851: https://www.refurbed.de/p/acer-aspire-3-a317-54-1235u-17-3/
2026-05-24 03:58:12,320 - INFO - Scraping 35/6851: https://www.refurbed.de/p/acer-aspire-3-a4-9120e-14/
2026-05-24 03:58:12,543 - ERROR - Error fetching https://www.refurbed.de/p/acer-aspire-3-a4-9120e-14/: 404 Client Error: Not Found for url: https://www.refurbed.de/p/acer-aspire-3-a4-9120e-14/
2026-05-24 03:58:13,545 - INFO - Scraping 36/6851: https://www.refurbed.de/p/acer-aspire-5-a514-54-i3-1115g4/
2026-05-24 03:58:14,990 - INFO - Scraping 37/6851: https://www.refurbed.de/p/acer-aspire-5-a514-54-i5-1135g7/
2026-05-24 03:58:16,719 - INFO - Scraping 38/6851: https://www.refurbed.de/p/acer-aspire-5-a514-55-1255u-14/
2026-05-24 03:58:18,242 - INFO - Scraping 39/6851: https://www.refurbed.de/p/acer-aspire-5-a514-55-i5-1235u/
2026-05-24 03:58:19,633 - INFO - Scraping 40/6851: https://www.refurbed.de/p/acer-aspire-5-a514-57-i7-1255u/
2026-05-24 03:58:21,020 - INFO - Scraping 41/6851: https://www.refurbed.de/p/acer-aspire-5-a514-57g-7-1260p/
2026-05-24 03:58:22,418 - INFO - Scraping 42/6851: https://www.refurbed.de/p/acer-aspire-5-a515-1005g1/
2026-05-24 03:58:24,106 - INFO - Scraping 43/6851: https://www.refurbed.de/p/acer-aspire-5-a515-1065g7/
2026-05-24 03:58:25,925 - INFO - Scraping 44/6851: https://www.refurbed.de/p/acer-aspire-5-a515-44-r5-4500u/
2026-05-24 03:58:27,740 - INFO - Scraping 45/6851: https://www.refurbed.de/p/acer-aspire-5-a515-44-r7-4700u/
2026-05-24 03:58:30,039 - INFO - Scraping 46/6851: https://www.refurbed.de/p/acer-aspire-5-a515-45g-r5-5500u/
2026-05-24 03:58:31,725 - INFO - Scraping 47/6851: https://www.refurbed.de/p/acer-aspire-5-a515-45g-r7-5700u/
2026-05-24 03:58:33,232 - INFO - Scraping 48/6851: https://www.refurbed.de/p/acer-aspire-5-a515-45r-r7-5700u/
2026-05-24 03:58:34,777 - INFO - Scraping 49/6851: https://www.refurbed.de/p/acer-aspire-5-a515-45r-r7-5825u/
2026-05-24 03:58:36,136 - INFO - Scraping 50/6851: https://www.refurbed.de/p/acer-aspire-5-a515-48m-r5-7530u/
2026-05-24 03:58:37,532 - INFO - Scraping 51/6851: https://www.refurbed.de/p/acer-aspire-5-a515-56-1135g7-15/
2026-05-24 03:58:38,882 - INFO - Scraping 52/6851: https://www.refurbed.de/p/acer-aspire-5-a515-56-1165g7-15/
2026-05-24 03:58:40,253 - INFO - Scraping 53/6851: https://www.refurbed.de/p/acer-aspire-5-a515-57g-i5-1235u/
2026-05-24 03:58:41,662 - INFO - Scraping 54/6851: https://www.refurbed.de/p/acer-aspire-5-a515-58m-i5-1335u/
2026-05-24 03:58:43,130 - INFO - Scraping 55/6851: https://www.refurbed.de/p/acer-aspire-5-a515-r5-5500u/
2026-05-24 03:58:44,606 - INFO - Scraping 56/6851: https://www.refurbed.de/p/acer-aspire-5-a517-52g-i5-1135g7/
2026-05-24 03:58:46,011 - INFO - Scraping 57/6851: https://www.refurbed.de/p/acer-aspire-5-a517-52g1165g7-17/
2026-05-24 03:58:47,586 - INFO - Scraping 58/6851: https://www.refurbed.de/p/acer-aspire-5-a517-53-i5-1235u/
2026-05-24 03:58:49,017 - INFO - Scraping 59/6851: https://www.refurbed.de/p/acer-aspire-5-a517-53-i5-12450h/
2026-05-24 03:58:50,373 - INFO - Scraping 60/6851: https://www.refurbed.de/p/acer-aspire-5-a517-53g-1240p-17/
2026-05-24 03:58:51,697 - INFO - Scraping 61/6851: https://www.refurbed.de/p/acer-aspire-5-a517-53g-i7-1255u/
2026-05-24 03:58:53,083 - INFO - Scraping 62/6851: https://www.refurbed.de/p/acer-aspire-5-a517-58m-i3-1315u/
2026-05-24 03:58:54,448 - INFO - Scraping 63/6851: https://www.refurbed.de/p/acer-aspire-5-i5-10210u/
2026-05-24 03:58:55,855 - INFO - Scraping 64/6851: https://www.refurbed.de/p/acer-aspire-5-i5-8265u/
2026-05-24 03:58:57,253 - INFO - Scraping 65/6851: https://www.refurbed.de/p/acer-aspire-5a515-55-i5-1035g1/
2026-05-24 03:58:58,669 - INFO - Scraping 66/6851: https://www.refurbed.de/p/acer-aspire-7-a715-42g-r7-5700u/
2026-05-24 03:59:00,035 - INFO - Scraping 67/6851: https://www.refurbed.de/p/acer-aspire-7-a715-43g-r5-5625u/
2026-05-24 03:59:01,435 - INFO - Scraping 68/6851: https://www.refurbed.de/p/acer-aspire-7-a715-51g-1260p/
2026-05-24 03:59:02,809 - INFO - Scraping 69/6851: https://www.refurbed.de/p/acer-aspire-7-a715-51g-i5-1240p/
2026-05-24 03:59:04,174 - INFO - Scraping 70/6851: https://www.refurbed.de/p/acer-aspire-c22-820-j5005/
2026-05-24 03:59:05,575 - INFO - Scraping 71/6851: https://www.refurbed.de/p/acer-aspire-e1-572-4200u-12/
2026-05-24 03:59:05,817 - ERROR - Error fetching https://www.refurbed.de/p/acer-aspire-e1-572-4200u-12/: 404 Client Error: Not Found for url: https://www.refurbed.de/p/acer-aspire-e1-572-4200u-12/
2026-05-24 03:59:06,819 - INFO - Scraping 72/6851: https://www.refurbed.de/p/acer-aspire-e15-e5-574g-6500u/
2026-05-24 03:59:07,048 - ERROR - Error fetching https://www.refurbed.de/p/acer-aspire-e15-e5-574g-6500u/: 404 Client Error: Not Found for url: https://www.refurbed.de/p/acer-aspire-e15-e5-574g-6500u/
2026-05-24 03:59:08,050 - INFO - Scraping 73/6851: https://www.refurbed.de/p/acer-aspire-e15-e5-575g-7200u/
2026-05-24 03:59:08,283 - ERROR - Error fetching https://www.refurbed.de/p/acer-aspire-e15-e5-575g-7200u/: 404 Client Error: Not Found for url: https://www.refurbed.de/p/acer-aspire-e15-e5-575g-7200u/
2026-05-24 03:59:09,285 - INFO - Scraping 74/6851: https://www.refurbed.de/p/acer-aspire-e15-e5576-i3-6006u/
2026-05-24 03:59:10,658 - INFO - Scraping 75/6851: https://www.refurbed.de/p/acer-aspire-e5-576g-i5-8250u/
2026-05-24 03:59:10,899 - ERROR - Error fetching https://www.refurbed.de/p/acer-aspire-e5-576g-i5-8250u/: 404 Client Error: Not Found for url: https://www.refurbed.de/p/acer-aspire-e5-576g-i5-8250u/
2026-05-24 03:59:11,902 - INFO - Scraping 76/6851: https://www.refurbed.de/p/acer-aspire-es-15-a8-7410/
2026-05-24 03:59:12,132 - ERROR - Error fetching https://www.refurbed.de/p/acer-aspire-es-15-a8-7410/: 404 Client Error: Not Found for url: https://www.refurbed.de/p/acer-aspire-es-15-a8-7410/
2026-05-24 03:59:13,134 - INFO - Scraping 77/6851: https://www.refurbed.de/p/acer-aspire-es-15-e1-7010/
2026-05-24 03:59:13,386 - ERROR - Error fetching https://www.refurbed.de/p/acer-aspire-es-15-e1-7010/: 404 Client Error: Not Found for url: https://www.refurbed.de/p/acer-aspire-es-15-e1-7010/
2026-05-24 03:59:14,388 - INFO - Scraping 78/6851: https://www.refurbed.de/p/acer-aspire-es1-a8-7410-15-6/
2026-05-24 03:59:14,616 - ERROR - Error fetching https://www.refurbed.de/p/acer-aspire-es1-a8-7410-15-6/: 404 Client Error: Not Found for url: https://www.refurbed.de/p/acer-aspire-es1-a8-7410-15-6/
2026-05-24 03:59:15,619 - INFO - Scraping 79/6851: https://www.refurbed.de/p/acer-aspire-es1-n3700-15-6/
2026-05-24 03:59:15,878 - ERROR - Error fetching https://www.refurbed.de/p/acer-aspire-es1-n3700-15-6/: 404 Client Error: Not Found for url: https://www.refurbed.de/p/acer-aspire-es1-n3700-15-6/
2026-05-24 03:59:16,880 - INFO - Scraping 80/6851: https://www.refurbed.de/p/acer-aspire-f15-f5-573g-7200u-15/
2026-05-24 03:59:17,124 - ERROR - Error fetching https://www.refurbed.de/p/acer-aspire-f15-f5-573g-7200u-15/: 404 Client Error: Not Found for url: https://www.refurbed.de/p/acer-aspire-f15-f5-573g-7200u-15/
2026-05-24 03:59:18,127 - INFO - Scraping 81/6851: https://www.refurbed.de/p/acer-aspire-tc-886/
2026-05-24 03:59:18,362 - ERROR - Error fetching https://www.refurbed.de/p/acer-aspire-tc-886/: 404 Client Error: Not Found for url: https://www.refurbed.de/p/acer-aspire-tc-886/
2026-05-24 03:59:19,364 - INFO - Scraping 82/6851: https://www.refurbed.de/p/acer-aspire-tc-895/
2026-05-24 03:59:19,604 - ERROR - Error fetching https://www.refurbed.de/p/acer-aspire-tc-895/: 404 Client Error: Not Found for url: https://www.refurbed.de/p/acer-aspire-tc-895/
2026-05-24 03:59:20,607 - INFO - Scraping 83/6851: https://www.refurbed.de/p/acer-aspire-v15-nitro-13620h/
2026-05-24 03:59:22,060 - INFO - Scraping 84/6851: https://www.refurbed.de/p/acer-aspire-v15-nitro-6200u-15-6/
2026-05-24 03:59:22,295 - ERROR - Error fetching https://www.refurbed.de/p/acer-aspire-v15-nitro-6200u-15-6/: 404 Client Error: Not Found for url: https://www.refurbed.de/p/acer-aspire-v15-nitro-6200u-15-6/
2026-05-24 03:59:23,298 - INFO - Scraping 85/6851: https://www.refurbed.de/p/acer-aspire-v17-nitro-6700hq-17/
2026-05-24 03:59:23,529 - ERROR - Error fetching https://www.refurbed.de/p/acer-aspire-v17-nitro-6700hq-17/: 404 Client Error: Not Found for url: https://www.refurbed.de/p/acer-aspire-v17-nitro-6700hq-17/
2026-05-24 03:59:24,531 - INFO - Scraping 86/6851: https://www.refurbed.de/p/acer-aspire-v5-591g-6300hq-15-6/
2026-05-24 03:59:24,770 - ERROR - Error fetching https://www.refurbed.de/p/acer-aspire-v5-591g-6300hq-15-6/: 404 Client Error: Not Found for url: https://www.refurbed.de/p/acer-aspire-v5-591g-6300hq-15-6/
2026-05-24 03:59:25,772 - INFO - Scraping 87/6851: https://www.refurbed.de/p/acer-aspire-vero-av14-51-1235u/
2026-05-24 03:59:27,190 - INFO - Scraping 88/6851: https://www.refurbed.de/p/acer-aspire-vero-av14-52p-1335u/
2026-05-24 03:59:28,561 - INFO - Scraping 89/6851: https://www.refurbed.de/p/acer-aspire-vero-av15-51-1155g7/
2026-05-24 03:59:29,925 - INFO - Scraping 90/6851: https://www.refurbed.de/p/acer-aspire-vero-av15-51-1195g7/
2026-05-24 03:59:31,486 - INFO - Scraping 91/6851: https://www.refurbed.de/p/acer-aspire-vero-av15-52-1235u/
2026-05-24 03:59:33,024 - INFO - Scraping 92/6851: https://www.refurbed.de/p/acer-aspire-vero-av15-53p-1335u/
2026-05-24 03:59:34,412 - INFO - Scraping 93/6851: https://www.refurbed.de/p/acer-aspire-xc-605/
2026-05-24 03:59:34,696 - ERROR - Error fetching https://www.refurbed.de/p/acer-aspire-xc-605/: 404 Client Error: Not Found for url: https://www.refurbed.de/p/acer-aspire-xc-605/
2026-05-24 03:59:35,699 - INFO - Scraping 94/6851: https://www.refurbed.de/p/acer-b223w-22/
2026-05-24 03:59:37,170 - INFO - Scraping 95/6851: https://www.refurbed.de/p/acer-b223wl/
2026-05-24 03:59:38,571 - INFO - Scraping 96/6851: https://www.refurbed.de/p/acer-b243hl-24/
2026-05-24 03:59:39,974 - INFO - Scraping 97/6851: https://www.refurbed.de/p/acer-b246hl-24/
2026-05-24 03:59:41,523 - INFO - Scraping 98/6851: https://www.refurbed.de/p/acer-b246hyl-23-8/
2026-05-24 03:59:42,954 - INFO - Scraping 99/6851: https://www.refurbed.de/p/acer-b246wl-24/
2026-05-24 03:59:44,335 - INFO - Scraping 100/6851: https://www.refurbed.de/p/acer-b246wlymdprx-24/
2026-05-24 03:59:45,847 - INFO - Scraping 101/6851: https://www.refurbed.de/p/acer-b247wbmiprzx/
2026-05-24 03:59:47,213 - INFO - Scraping 102/6851: https://www.refurbed.de/p/acer-b247ybmiprzx/
2026-05-24 03:59:48,695 - INFO - Scraping 103/6851: https://www.refurbed.de/p/acer-b273h-27/
2026-05-24 03:59:50,063 - INFO - Scraping 104/6851: https://www.refurbed.de/p/acer-b276hl-27/
2026-05-24 03:59:51,464 - INFO - Scraping 105/6851: https://www.refurbed.de/p/acer-be24eqsk-23/
2026-05-24 03:59:52,992 - INFO - Scraping 106/6851: https://www.refurbed.de/p/acer-be270u/
2026-05-24 03:59:54,532 - INFO - Scraping 107/6851: https://www.refurbed.de/p/acer-business-b3-b243hlloymdr/
2026-05-24 03:59:56,105 - INFO - Scraping 108/6851: https://www.refurbed.de/p/acer-business-b6-b226wlwmdpr/
2026-05-24 03:59:57,508 - INFO - Scraping 109/6851: https://www.refurbed.de/p/acer-business-b6-b226wlymdr/
2026-05-24 03:59:58,999 - INFO - Scraping 110/6851: https://www.refurbed.de/p/acer-business-b6-b246hlymdr/
2026-05-24 04:00:00,399 - INFO - Scraping 111/6851: https://www.refurbed.de/p/acer-business-b6-b246hylbwmipr/
2026-05-24 04:00:01,895 - INFO - Scraping 112/6851: https://www.refurbed.de/p/acer-business-b6-b276hul-27/
2026-05-24 04:00:03,306 - INFO - Scraping 113/6851: https://www.refurbed.de/p/acer-business-vero-b7-b247yd/
2026-05-24 04:00:04,743 - INFO - Scraping 114/6851: https://www.refurbed.de/p/acer-business-vero-b7-b277u/
2026-05-24 04:00:06,332 - INFO - Scraping 115/6851: https://www.refurbed.de/p/acer-cb-14-cb3-431-n3060-14/
2026-05-24 04:00:07,698 - INFO - Scraping 116/6851: https://www.refurbed.de/p/acer-cb-14-cb3-431-n3160-14/
2026-05-24 04:00:09,125 - INFO - Scraping 117/6851: https://www.refurbed.de/p/acer-cb-15-n3160-15-6/
2026-05-24 04:00:10,538 - INFO - Scraping 118/6851: https://www.refurbed.de/p/acer-cb-514-cb514-1ht-n3350-14/
2026-05-24 04:00:12,108 - INFO - Scraping 119/6851: https://www.refurbed.de/p/acer-cb-514-cb514-1ht-n4200-14/
2026-05-24 04:00:13,499 - INFO - Scraping 120/6851: https://www.refurbed.de/p/acer-cb-514-cb514-1w-1115g4-14/
2026-05-24 04:00:14,952 - INFO - Scraping 121/6851: https://www.refurbed.de/p/acer-cb-514-cb514-1w-1135g7-14/
2026-05-24 04:00:16,406 - INFO - Scraping 122/6851: https://www.refurbed.de/p/acer-cb-514-cb514-2ht-mt8192-14/
2026-05-24 04:00:18,060 - INFO - Scraping 123/6851: https://www.refurbed.de/p/acer-cb-515-cb515-2ht-39n3-i3/
2026-05-24 04:00:19,605 - INFO - Scraping 124/6851: https://www.refurbed.de/p/acer-cb-516-ge-cbg516-1h-1240p/
2026-05-24 04:00:21,011 - INFO - Scraping 125/6851: https://www.refurbed.de/p/acer-cb-c738t-c27b-n3160-11-6/
2026-05-24 04:00:22,391 - INFO - Scraping 126/6851: https://www.refurbed.de/p/acer-cb-spin-13-i3-8130u/
2026-05-24 04:00:23,804 - INFO - Scraping 127/6851: https://www.refurbed.de/p/acer-cb-spin-13-i5-1135g7/
2026-05-24 04:00:25,299 - INFO - Scraping 128/6851: https://www.refurbed.de/p/acer-cb-spin-13-i5-8250u/
2026-05-24 04:00:26,716 - INFO - Scraping 129/6851: https://www.refurbed.de/p/acer-cb-spin-13-i5-8350u/
2026-05-24 04:00:28,131 - INFO - Scraping 130/6851: https://www.refurbed.de/p/acer-cb-spin-13-i7-8650u/
2026-05-24 04:00:29,535 - INFO - Scraping 131/6851: https://www.refurbed.de/p/acer-cb-spin-13-pent-gold-4415u/
2026-05-24 04:00:30,943 - INFO - Scraping 132/6851: https://www.refurbed.de/p/acer-cb-spin-311-cp311-3h-mt8183/
2026-05-24 04:00:32,509 - INFO - Scraping 133/6851: https://www.refurbed.de/p/acer-cb-spin-314-cp314-1hn-n4500/
2026-05-24 04:00:33,894 - INFO - Scraping 134/6851: https://www.refurbed.de/p/acer-cb-spin-314-cp314-1hn-n5100/
2026-05-24 04:00:35,277 - INFO - Scraping 135/6851: https://www.refurbed.de/p/acer-cb-spin-513-cp513-1h-7c/
2026-05-24 04:00:36,639 - INFO - Scraping 136/6851: https://www.refurbed.de/p/acer-cb-spin-513-cp513-1hl-s00a/
2026-05-24 04:00:38,009 - INFO - Scraping 137/6851: https://www.refurbed.de/p/acer-cb-spin-513-r841lt-7c-13/
2026-05-24 04:00:39,494 - INFO - Scraping 138/6851: https://www.refurbed.de/p/acer-cb-spin-514-3050c-14/
2026-05-24 04:00:40,924 - INFO - Scraping 139/6851: https://www.refurbed.de/p/acer-cb-spin-514-cp514-3hh-5625c/
2026-05-24 04:00:42,341 - INFO - Scraping 140/6851: https://www.refurbed.de/p/acer-cb-spin-514-ryzen-5-3500c/
2026-05-24 04:00:43,948 - INFO - Scraping 141/6851: https://www.refurbed.de/p/acer-cb1-cb241hybmdpr/
2026-05-24 04:00:45,386 - INFO - Scraping 142/6851: https://www.refurbed.de/p/acer-cb1-cb241hybmdprz/
2026-05-24 04:00:47,007 - INFO - Scraping 143/6851: https://www.refurbed.de/p/acer-cb241h-24/
2026-05-24 04:00:48,584 - INFO - Scraping 144/6851: https://www.refurbed.de/p/acer-cb241hy-28/
2026-05-24 04:00:49,957 - INFO - Scraping 145/6851: https://www.refurbed.de/p/acer-cb315-3h-c2af-n4020-15-6/
2026-05-24 04:00:51,338 - INFO - Scraping 146/6851: https://www.refurbed.de/p/acer-cb315-3ht-c47q-n4100/
2026-05-24 04:00:52,713 - INFO - Scraping 147/6851: https://www.refurbed.de/p/acer-cb315-3ht-c8ag-n4120-15-6/
2026-05-24 04:00:54,149 - INFO - Scraping 148/6851: https://www.refurbed.de/p/acer-cb315-3ht-n4000-15-6/
2026-05-24 04:00:55,729 - INFO - Scraping 149/6851: https://www.refurbed.de/p/acer-cb315-3ht-n4120-15-6/
2026-05-24 04:00:57,215 - INFO - Scraping 150/6851: https://www.refurbed.de/p/acer-cb315-3ht-p297-n5000-15-6/
2026-05-24 04:00:58,854 - INFO - Scraping 151/6851: https://www.refurbed.de/p/acer-cb317-1h-n5100-17-3/
2026-05-24 04:01:00,188 - INFO - Scraping 152/6851: https://www.refurbed.de/p/acer-cb317-1h-n6000-17-3/
2026-05-24 04:01:01,611 - INFO - Scraping 153/6851: https://www.refurbed.de/p/acer-cb317-1ht-n6000-17-3/
2026-05-24 04:01:03,033 - INFO - Scraping 154/6851: https://www.refurbed.de/p/acer-chrome-combo-set-aak970/
2026-05-24 04:01:04,398 - INFO - Scraping 155/6851: https://www.refurbed.de/p/acer-chromebase-ca24i2-23-8/
2026-05-24 04:01:05,845 - INFO - Scraping 156/6851: https://www.refurbed.de/p/acer-chromebook-11-c732lt-n3450/
2026-05-24 04:01:07,271 - INFO - Scraping 157/6851: https://www.refurbed.de/p/acer-chromebook-11-n7-c731-n3060/
2026-05-24 04:01:08,790 - INFO - Scraping 158/6851: https://www.refurbed.de/p/acer-chromebook-15-n4120/
2026-05-24 04:01:10,257 - INFO - Scraping 159/6851: https://www.refurbed.de/p/acer-chromebook-15-n5030/
2026-05-24 04:01:11,686 - INFO - Scraping 160/6851: https://www.refurbed.de/p/acer-chromebook-314-n4020/
2026-05-24 04:01:13,093 - INFO - Scraping 161/6851: https://www.refurbed.de/p/acer-chromebook-314-n4100-14/
2026-05-24 04:01:14,747 - INFO - Scraping 162/6851: https://www.refurbed.de/p/acer-chromebook-314-n4120/
2026-05-24 04:01:16,172 - INFO - Scraping 163/6851: https://www.refurbed.de/p/acer-chromebook-314-n5030/
2026-05-24 04:01:17,610 - INFO - Scraping 164/6851: https://www.refurbed.de/p/acer-chromebook-314-n6000-14/
2026-05-24 04:01:18,965 - INFO - Scraping 165/6851: https://www.refurbed.de/p/acer-chromebook-315-n5030/
2026-05-24 04:01:20,487 - INFO - Scraping 166/6851: https://www.refurbed.de/p/acer-chromebook-511-n4120-11-6/
2026-05-24 04:01:21,925 - INFO - Scraping 167/6851: https://www.refurbed.de/p/acer-chromebook-514-1115g4/
2026-05-24 04:01:23,470 - INFO - Scraping 168/6851: https://www.refurbed.de/p/acer-chromebook-514-n4200/
2026-05-24 04:01:24,893 - INFO - Scraping 169/6851: https://www.refurbed.de/p/acer-chromebook-514-pentium7505/
2026-05-24 04:01:26,301 - INFO - Scraping 170/6851: https://www.refurbed.de/p/acer-chromebook-515-1115g4-15-6/
2026-05-24 04:01:27,714 - INFO - Scraping 171/6851: https://www.refurbed.de/p/acer-chromebook-515-i5-1135g7-15/
2026-05-24 04:01:29,152 - INFO - Scraping 172/6851: https://www.refurbed.de/p/acer-chromebook-713-i3-10110u-13/
2026-05-24 04:01:30,527 - INFO - Scraping 173/6851: https://www.refurbed.de/p/acer-chromebook-713-i3-1115g4/
2026-05-24 04:01:31,969 - INFO - Scraping 174/6851: https://www.refurbed.de/p/acer-chromebook-713-i5-10210u-13/
2026-05-24 04:01:33,367 - INFO - Scraping 175/6851: https://www.refurbed.de/p/acer-chromebook-713-i5-1135g7/
2026-05-24 04:01:34,774 - INFO - Scraping 176/6851: https://www.refurbed.de/p/acer-chromebook-713-i5-8250u/
2026-05-24 04:01:36,250 - INFO - Scraping 177/6851: https://www.refurbed.de/p/acer-chromebook-713-i7-10510u/
2026-05-24 04:01:37,678 - INFO - Scraping 178/6851: https://www.refurbed.de/p/acer-chromebook-713-i7-1165g7/
2026-05-24 04:01:39,176 - INFO - Scraping 179/6851: https://www.refurbed.de/p/acer-chromebook-714-4417u/
2026-05-24 04:01:40,664 - INFO - Scraping 180/6851: https://www.refurbed.de/p/acer-chromebook-714-i3-8130u/
2026-05-24 04:01:42,057 - INFO - Scraping 181/6851: https://www.refurbed.de/p/acer-chromebook-714-i5-1235u/
2026-05-24 04:01:43,599 - INFO - Scraping 182/6851: https://www.refurbed.de/p/acer-chromebook-714-i5-1335u/
2026-05-24 04:01:44,975 - INFO - Scraping 183/6851: https://www.refurbed.de/p/acer-chromebook-714-i5-8250u/
2026-05-24 04:01:46,373 - INFO - Scraping 184/6851: https://www.refurbed.de/p/acer-chromebook-715-8250u/
2026-05-24 04:01:47,972 - INFO - Scraping 185/6851: https://www.refurbed.de/p/acer-chromebook-715-i3-8130u/
2026-05-24 04:01:49,404 - INFO - Scraping 186/6851: https://www.refurbed.de/p/acer-chromebook-715-i5-8350u/
2026-05-24 04:01:50,815 - INFO - Scraping 187/6851: https://www.refurbed.de/p/acer-chromebook-c720-2955u/
2026-05-24 04:01:51,055 - ERROR - Error fetching https://www.refurbed.de/p/acer-chromebook-c720-2955u/: 404 Client Error: Not Found for url: https://www.refurbed.de/p/acer-chromebook-c720-2955u/
2026-05-24 04:01:52,057 - INFO - Scraping 188/6851: https://www.refurbed.de/p/acer-chromebook-cb514-1wt-57ym/
2026-05-24 04:01:53,514 - INFO - Scraping 189/6851: https://www.refurbed.de/p/acer-chromebook-cb514-n4200/
2026-05-24 04:01:54,880 - INFO - Scraping 190/6851: https://www.refurbed.de/p/acer-chromebook-plus-514-i3-n305/
2026-05-24 04:01:56,451 - INFO - Scraping 191/6851: https://www.refurbed.de/p/acer-chromebook-r13-mt8173c/
2026-05-24 04:01:57,860 - INFO - Scraping 192/6851: https://www.refurbed.de/p/acer-chromebook-spin-11-n3350/
2026-05-24 04:01:59,282 - INFO - Scraping 193/6851: https://www.refurbed.de/p/acer-chromebook-spin-11-n3450/
2026-05-24 04:02:00,672 - INFO - Scraping 194/6851: https://www.refurbed.de/p/acer-chromebook-spin-15-n4200/
2026-05-24 04:02:02,069 - INFO - Scraping 195/6851: https://www.refurbed.de/p/acer-chromebook-spin-714-1260p/
2026-05-24 04:02:03,454 - INFO - Scraping 196/6851: https://www.refurbed.de/p/acer-chromebook-vero-514-1215u/
2026-05-24 04:02:04,881 - INFO - Scraping 197/6851: https://www.refurbed.de/p/acer-chromebook-vero-514-1235u/
2026-05-24 04:02:06,295 - INFO - Scraping 198/6851: https://www.refurbed.de/p/acer-chromebook-vero-514-1255u/
2026-05-24 04:02:07,665 - INFO - Scraping 199/6851: https://www.refurbed.de/p/acer-chromebox-cxi3/
2026-05-24 04:02:08,990 - INFO - Scraping 200/6851: https://www.refurbed.de/p/acer-chromebox-cxi4/
2026-05-24 04:02:10,355 - INFO - Scraping 201/6851: https://www.refurbed.de/p/acer-combo-100-gp-acc11/
2026-05-24 04:02:11,716 - INFO - Scraping 202/6851: https://www.refurbed.de/p/acer-concept-3-pro-10750h/
2026-05-24 04:02:13,192 - INFO - Scraping 203/6851: https://www.refurbed.de/p/acer-conceptd-3-cc314-73g-11800h/
2026-05-24 04:02:14,577 - INFO - Scraping 204/6851: https://www.refurbed.de/p/acer-conceptd-3-pro-cn314-73p/
2026-05-24 04:02:15,984 - INFO - Scraping 205/6851: https://www.refurbed.de/p/acer-conceptd-3-pro-cn315-10750h/
2026-05-24 04:02:17,420 - INFO - Scraping 206/6851: https://www.refurbed.de/p/acer-conceptd-3-pro-cn316-73p-i7/
2026-05-24 04:02:18,795 - INFO - Scraping 207/6851: https://www.refurbed.de/p/acer-conceptd-5-pro-cn516-72p-i7/
2026-05-24 04:02:20,238 - INFO - Scraping 208/6851: https://www.refurbed.de/p/acer-conceptd-7-cn715-71-9750h/
2026-05-24 04:02:21,812 - INFO - Scraping 209/6851: https://www.refurbed.de/p/acer-conceptd-combo-set/
2026-05-24 04:02:23,179 - INFO - Scraping 210/6851: https://www.refurbed.de/p/acer-conceptd-ezel-7-xeon-w10885/
2026-05-24 04:02:24,572 - INFO - Scraping 211/6851: https://www.refurbed.de/p/acer-conceptd-ezel-pro-10875h/
2026-05-24 04:02:25,981 - INFO - Scraping 212/6851: https://www.refurbed.de/p/acer-conceptd-ezel-pro-w-10885m/
2026-05-24 04:02:27,481 - INFO - Scraping 213/6851: https://www.refurbed.de/p/acer-connect-m5-5g/
2026-05-24 04:02:28,869 - INFO - Scraping 214/6851: https://www.refurbed.de/p/acer-ed0-ed270upbiipx/
2026-05-24 04:02:30,243 - INFO - Scraping 215/6851: https://www.refurbed.de/p/acer-ed6-ed246ybix/
2026-05-24 04:02:31,653 - INFO - Scraping 216/6851: https://www.refurbed.de/p/acer-enduro-connect-m3-5g/
2026-05-24 04:02:33,078 - INFO - Scraping 217/6851: https://www.refurbed.de/p/acer-extensa-15-ex215-51-10210u/
2026-05-24 04:02:34,530 - INFO - Scraping 218/6851: https://www.refurbed.de/p/acer-extensa-15-ex215-54-1135g7/
2026-05-24 04:02:36,144 - INFO - Scraping 219/6851: https://www.refurbed.de/p/acer-gen1-usb-type-c-dock/
2026-05-24 04:02:37,569 - INFO - Scraping 220/6851: https://www.refurbed.de/p/acer-h6518sti/
2026-05-24 04:02:38,975 - INFO - Scraping 221/6851: https://www.refurbed.de/p/acer-h6800bda/
2026-05-24 04:02:40,504 - INFO - Scraping 222/6851: https://www.refurbed.de/p/acer-halo-smart/
2026-05-24 04:02:41,975 - INFO - Scraping 223/6851: https://www.refurbed.de/p/acer-iconia-b1-711/
2026-05-24 04:02:43,386 - INFO - Scraping 224/6851: https://www.refurbed.de/p/acer-iconia-one-10/
2026-05-24 04:02:44,821 - INFO - Scraping 225/6851: https://www.refurbed.de/p/acer-iconia-tab-p10/
2026-05-24 04:02:46,247 - INFO - Scraping 226/6851: https://www.refurbed.de/p/acer-ka0-ka270habid/
2026-05-24 04:02:48,092 - INFO - Scraping 227/6851: https://www.refurbed.de/p/acer-ka1-ka221qbid-21-5/
2026-05-24 04:02:49,966 - INFO - Scraping 228/6851: https://www.refurbed.de/p/acer-ka2-ka242yebi-23-8/
2026-05-24 04:02:52,419 - INFO - Scraping 229/6851: https://www.refurbed.de/p/acer-ka2-ka272bi-27/
2026-05-24 04:02:54,047 - INFO - Scraping 230/6851: https://www.refurbed.de/p/acer-ka220hqbid-21-5/
2026-05-24 04:02:55,545 - INFO - Scraping 231/6851: https://www.refurbed.de/p/acer-kg1-kg241ysbiip-23-8/
2026-05-24 04:02:57,098 - INFO - Scraping 232/6851: https://www.refurbed.de/p/acer-liquid-z4/
2026-05-24 04:02:58,636 - INFO - Scraping 233/6851: https://www.refurbed.de/p/acer-liquid-z410/
2026-05-24 04:03:00,073 - INFO - Scraping 234/6851: https://www.refurbed.de/p/acer-nitro-16-r-9-8945hs-16/
2026-05-24 04:03:01,456 - INFO - Scraping 235/6851: https://www.refurbed.de/p/acer-nitro-17-an17-51-i7-13700h/
2026-05-24 04:03:02,895 - INFO - Scraping 236/6851: https://www.refurbed.de/p/acer-nitro-5-an515-44-r7-4800h/
2026-05-24 04:03:04,383 - INFO - Scraping 237/6851: https://www.refurbed.de/p/acer-nitro-5-an515-45-r5-5600h/
2026-05-24 04:03:05,870 - INFO - Scraping 238/6851: https://www.refurbed.de/p/acer-nitro-5-an515-45-r7-5800hx/
2026-05-24 04:03:07,430 - INFO - Scraping 239/6851: https://www.refurbed.de/p/acer-nitro-5-an515-45-r9-5900hx/
2026-05-24 04:03:08,887 - INFO - Scraping 240/6851: https://www.refurbed.de/p/acer-nitro-5-an515-46-r7-6800h/
2026-05-24 04:03:10,348 - INFO - Scraping 241/6851: https://www.refurbed.de/p/acer-nitro-5-an515-46-r9-6900hx/
2026-05-24 04:03:11,738 - INFO - Scraping 242/6851: https://www.refurbed.de/p/acer-nitro-5-an515-54-9300h-15/
2026-05-24 04:03:13,232 - INFO - Scraping 243/6851: https://www.refurbed.de/p/acer-nitro-5-an515-54-9750h-15/
2026-05-24 04:03:14,640 - INFO - Scraping 244/6851: https://www.refurbed.de/p/acer-nitro-5-an515-57-i7-11800h/
2026-05-24 04:03:16,255 - INFO - Scraping 245/6851: https://www.refurbed.de/p/acer-nitro-5-an515-58-70s9-i7/
2026-05-24 04:03:17,784 - INFO - Scraping 246/6851: https://www.refurbed.de/p/acer-nitro-5-an515-58-i7-12700h/
2026-05-24 04:03:19,192 - INFO - Scraping 247/6851: https://www.refurbed.de/p/acer-nitro-5-an517-41-r5-5600h/
2026-05-24 04:03:20,708 - INFO - Scraping 248/6851: https://www.refurbed.de/p/acer-nitro-5-an517-41-r7-5800h/
2026-05-24 04:03:22,102 - INFO - Scraping 249/6851: https://www.refurbed.de/p/acer-nitro-5-an517-41-r80q-15-6/
2026-05-24 04:03:23,489 - INFO - Scraping 250/6851: https://www.refurbed.de/p/acer-nitro-5-an517-41-r9-5900hx/
2026-05-24 04:03:24,878 - INFO - Scraping 251/6851: https://www.refurbed.de/p/acer-nitro-5-an517-42-r7-6800h/
2026-05-24 04:03:26,256 - INFO - Scraping 252/6851: https://www.refurbed.de/p/acer-nitro-5-an517-42-r9-6900hx/
2026-05-24 04:03:27,717 - INFO - Scraping 253/6851: https://www.refurbed.de/p/acer-nitro-5-an517-52-10300h/
2026-05-24 04:03:29,110 - INFO - Scraping 254/6851: https://www.refurbed.de/p/acer-nitro-5-an517-52-78c3-10750/
2026-05-24 04:03:30,534 - INFO - Scraping 255/6851: https://www.refurbed.de/p/acer-nitro-5-an517-55-728m-i7/
2026-05-24 04:03:31,906 - INFO - Scraping 256/6851: https://www.refurbed.de/p/acer-nitro-5-an517-55-72u5-i7/
2026-05-24 04:03:33,273 - INFO - Scraping 257/6851: https://www.refurbed.de/p/acer-nitro-5-an517-55-72u5/
2026-05-24 04:03:34,727 - INFO - Scraping 258/6851: https://www.refurbed.de/p/acer-nitro-5-an517-55-7656/
2026-05-24 04:03:36,093 - INFO - Scraping 259/6851: https://www.refurbed.de/p/acer-nitro-5-an517-55-78-12700h/
2026-05-24 04:03:37,477 - INFO - Scraping 260/6851: https://www.refurbed.de/p/acer-nitro-5-i5-10300h/
2026-05-24 04:03:38,848 - INFO - Scraping 261/6851: https://www.refurbed.de/p/acer-nitro-5-n517-54-11400h-17-3/
2026-05-24 04:03:40,302 - INFO - Scraping 262/6851: https://www.refurbed.de/p/acer-nitro-5-n517-54-11800h-17-3/
2026-05-24 04:03:41,740 - INFO - Scraping 263/6851: https://www.refurbed.de/p/acer-nitro-5-n517-54-70dk-11800h/
2026-05-24 04:03:43,092 - INFO - Scraping 264/6851: https://www.refurbed.de/p/acer-nitro-5-n517-54-79f6-11800h/
2026-05-24 04:03:44,618 - INFO - Scraping 265/6851: https://www.refurbed.de/p/acer-nitro-headset/
2026-05-24 04:03:45,972 - INFO - Scraping 266/6851: https://www.refurbed.de/p/acer-nitro-qg1-qg241ybii-23-8/
2026-05-24 04:03:47,449 - INFO - Scraping 267/6851: https://www.refurbed.de/p/acer-nitro-radeon-rx-7800xtoc16g/
2026-05-24 04:03:48,871 - INFO - Scraping 268/6851: https://www.refurbed.de/p/acer-nitro-tkl-gaming/
2026-05-24 04:03:50,417 - INFO - Scraping 269/6851: https://www.refurbed.de/p/acer-nitro-v15-anv-13900h15-51/
2026-05-24 04:03:51,792 - INFO - Scraping 270/6851: https://www.refurbed.de/p/acer-nitro-vg0-vg270upbmiipx/
2026-05-24 04:03:53,156 - INFO - Scraping 271/6851: https://www.refurbed.de/p/acer-nitro-xv2-xv242ypbmiipr/
2026-05-24 04:03:54,524 - INFO - Scraping 272/6851: https://www.refurbed.de/p/acer-nitro-xv2-xv252qfbmiiprx/
2026-05-24 04:03:55,937 - INFO - Scraping 273/6851: https://www.refurbed.de/p/acer-notebook-stand-5-in-1-dock/
2026-05-24 04:03:57,321 - INFO - Scraping 274/6851: https://www.refurbed.de/p/acer-ov-t690-headset/
2026-05-24 04:03:58,742 - INFO - Scraping 275/6851: https://www.refurbed.de/p/acer-p-h-neo-16-phn16-71-13700hx/
2026-05-24 04:04:00,132 - INFO - Scraping 276/6851: https://www.refurbed.de/p/acer-pd123p/
2026-05-24 04:04:01,512 - INFO - Scraping 277/6851: https://www.refurbed.de/p/acer-pre-tr-500-pt516-51s-11800h/
2026-05-24 04:04:02,937 - INFO - Scraping 278/6851: https://www.refurbed.de/p/acer-pre-tr-500-pt516-51s-11900h/
2026-05-24 04:04:04,296 - INFO - Scraping 279/6851: https://www.refurbed.de/p/acer-pre-tr-500-pt516-52s-12700h/
2026-05-24 04:04:05,692 - INFO - Scraping 280/6851: https://www.refurbed.de/p/acer-pre-tr-500-pt516-52s-12900h/
2026-05-24 04:04:07,076 - INFO - Scraping 281/6851: https://www.refurbed.de/p/acer-pre-tri-17x-ptx1771-13900hx/
2026-05-24 04:04:08,487 - INFO - Scraping 282/6851: https://www.refurbed.de/p/acer-pre-tri-500-pt515-52-10750h/
2026-05-24 04:04:09,920 - INFO - Scraping 283/6851: https://www.refurbed.de/p/acer-pred-helio-300-ph315-10750h/
2026-05-24 04:04:11,299 - INFO - Scraping 284/6851: https://www.refurbed.de/p/acer-pred-helio-300-ph315-11800h/
2026-05-24 04:04:12,744 - INFO - Scraping 285/6851: https://www.refurbed.de/p/acer-pred-helio-300-ph315-12700h/
2026-05-24 04:04:14,119 - INFO - Scraping 286/6851: https://www.refurbed.de/p/acer-pred-helios-16-ph16-71-i7/
2026-05-24 04:04:15,535 - INFO - Scraping 287/6851: https://www.refurbed.de/p/acer-pred-helios-16-ph16-71-i9/
2026-05-24 04:04:16,901 - INFO - Scraping 288/6851: https://www.refurbed.de/p/acer-pred-helios-18-ph18-71-i7/
2026-05-24 04:04:18,335 - INFO - Scraping 289/6851: https://www.refurbed.de/p/acer-pred-helios-18-ph18-71-i9/
2026-05-24 04:04:19,752 - INFO - Scraping 290/6851: https://www.refurbed.de/p/acer-pred-helios-300-p-12700h/
2026-05-24 04:04:21,201 - INFO - Scraping 291/6851: https://www.refurbed.de/p/acer-pred-helios-300-ph317-11800/
2026-05-24 04:04:22,776 - INFO - Scraping 292/6851: https://www.refurbed.de/p/acer-pred-helios-300-ph317-9750h/
2026-05-24 04:04:24,477 - INFO - Scraping 293/6851: https://www.refurbed.de/p/acer-predator-aethon-300/
2026-05-24 04:04:25,940 - INFO - Scraping 294/6851: https://www.refurbed.de/p/acer-predator-aethon-500/
2026-05-24 04:04:27,343 - INFO - Scraping 295/6851: https://www.refurbed.de/p/acer-predator-cestus-350/
2026-05-24 04:04:28,776 - INFO - Scraping 296/6851: https://www.refurbed.de/p/acer-predator-connect-w6-axe7800/
2026-05-24 04:04:30,146 - INFO - Scraping 297/6851: https://www.refurbed.de/p/acer-predator-connect-x5-5g-cpe/
2026-05-24 04:04:31,567 - INFO - Scraping 298/6851: https://www.refurbed.de/p/acer-predator-g3-710/
2026-05-24 04:04:32,968 - INFO - Scraping 299/6851: https://www.refurbed.de/p/acer-predator-galea-311/
2026-05-24 04:04:34,338 - INFO - Scraping 300/6851: https://www.refurbed.de/p/acer-predator-helios-300-10870h/
2026-05-24 04:04:35,766 - INFO - Scraping 301/6851: https://www.refurbed.de/p/acer-predator-helios-300-7-8750h/
2026-05-24 04:04:37,169 - INFO - Scraping 302/6851: https://www.refurbed.de/p/acer-predator-helios-300-9300h/
2026-05-24 04:04:38,646 - INFO - Scraping 303/6851: https://www.refurbed.de/p/acer-predator-helios-500-11980hk/
2026-05-24 04:04:40,058 - INFO - Scraping 304/6851: https://www.refurbed.de/p/acer-predator-helios-500-8750h/
2026-05-24 04:04:41,468 - INFO - Scraping 305/6851: https://www.refurbed.de/p/acer-predator-orion-3000-po3-630/
2026-05-24 04:04:41,710 - ERROR - Error fetching https://www.refurbed.de/p/acer-predator-orion-3000-po3-630/: 404 Client Error: Not Found for url: https://www.refurbed.de/p/acer-predator-orion-3000-po3-630/
2026-05-24 04:04:42,712 - INFO - Scraping 306/6851: https://www.refurbed.de/p/acer-predator-orion-3000-po3-640/
2026-05-24 04:04:44,077 - INFO - Scraping 307/6851: https://www.refurbed.de/p/acer-predator-orion-5000-po5-640/
2026-05-24 04:04:45,469 - INFO - Scraping 308/6851: https://www.refurbed.de/p/acer-predator-x27-um-hx0ee-009/
2026-05-24 04:04:46,908 - INFO - Scraping 309/6851: https://www.refurbed.de/p/acer-predator-x28/
2026-05-24 04:04:48,314 - INFO - Scraping 310/6851: https://www.refurbed.de/p/acer-predator-xb3-xb253qg/
2026-05-24 04:04:49,736 - INFO - Scraping 311/6851: https://www.refurbed.de/p/acer-predator-xb3-xb273ukf/
2026-05-24 04:04:51,118 - INFO - Scraping 312/6851: https://www.refurbed.de/p/acer-spin-1-n5100/
2026-05-24 04:04:52,529 - INFO - Scraping 313/6851: https://www.refurbed.de/p/acer-spin-1-sp111-n5030-11-6/
2026-05-24 04:04:53,928 - INFO - Scraping 314/6851: https://www.refurbed.de/p/acer-spin-1-sp114-31n-n6000-14/
2026-05-24 04:04:55,340 - INFO - Scraping 315/6851: https://www.refurbed.de/p/acer-spin-3-sp313-51n-1135g7-13/
2026-05-24 04:04:56,726 - INFO - Scraping 316/6851: https://www.refurbed.de/p/acer-spin-3-sp313-51n-165g7-13-3/
2026-05-24 04:04:58,153 - INFO - Scraping 317/6851: https://www.refurbed.de/p/acer-spin-3-sp314-21-3250u/
2026-05-24 04:04:59,552 - INFO - Scraping 318/6851: https://www.refurbed.de/p/acer-spin-3-sp314-54n-1005g1-14/
2026-05-24 04:05:01,107 - INFO - Scraping 319/6851: https://www.refurbed.de/p/acer-spin-3-sp314-54n-1035g1-14/
2026-05-24 04:05:02,660 - INFO - Scraping 320/6851: https://www.refurbed.de/p/acer-spin-3-sp314-54n-1035g4-14/
2026-05-24 04:05:04,060 - INFO - Scraping 321/6851: https://www.refurbed.de/p/acer-spin-3-sp314-54n-1035g7-14/
2026-05-24 04:05:04,296 - ERROR - Error fetching https://www.refurbed.de/p/acer-spin-3-sp314-54n-1035g7-14/: 404 Client Error: Not Found for url: https://www.refurbed.de/p/acer-spin-3-sp314-54n-1035g7-14/
2026-05-24 04:05:05,298 - INFO - Scraping 322/6851: https://www.refurbed.de/p/acer-spin-5-sp513-52n-8250u-13-3/
2026-05-24 04:05:06,898 - INFO - Scraping 323/6851: https://www.refurbed.de/p/acer-spin-5-sp513-53n-8265u-13-3/
2026-05-24 04:05:08,503 - INFO - Scraping 324/6851: https://www.refurbed.de/p/acer-spin-5-sp513-54n-i7-1065g7/
2026-05-24 04:05:09,875 - INFO - Scraping 325/6851: https://www.refurbed.de/p/acer-spin-5-sp513-55n-i5-1135g7/
2026-05-24 04:05:11,272 - INFO - Scraping 326/6851: https://www.refurbed.de/p/acer-spin-5-sp513-55n-i7-1165g7/
2026-05-24 04:05:12,680 - INFO - Scraping 327/6851: https://www.refurbed.de/p/acer-spin-5-sp514-51n-1260p-14/
2026-05-24 04:05:14,055 - INFO - Scraping 328/6851: https://www.refurbed.de/p/acer-spin-7-5g-sp714-64na-8cx/
2026-05-24 04:05:15,462 - INFO - Scraping 329/6851: https://www.refurbed.de/p/acer-swift-1-sf114-33-p4rv-n5030/
2026-05-24 04:05:16,862 - INFO - Scraping 330/6851: https://www.refurbed.de/p/acer-swift-1-sf114-33-p5j8-n5030/
2026-05-24 04:05:18,296 - INFO - Scraping 331/6851: https://www.refurbed.de/p/acer-swift-1-sf114-33-p8z8-n5030/
2026-05-24 04:05:19,662 - INFO - Scraping 332/6851: https://www.refurbed.de/p/acer-swift-1-sf114-34-n4500-14/
2026-05-24 04:05:21,024 - INFO - Scraping 333/6851: https://www.refurbed.de/p/acer-swift-1-sf114-34-n5000-14/
2026-05-24 04:05:22,496 - INFO - Scraping 334/6851: https://www.refurbed.de/p/acer-swift-1-sf114-34-n6000-14/
2026-05-24 04:05:23,916 - INFO - Scraping 335/6851: https://www.refurbed.de/p/acer-swift-14-sf14-71t-13700h-14/
2026-05-24 04:05:25,311 - INFO - Scraping 336/6851: https://www.refurbed.de/p/acer-swift-3-sf313-52-1065g7/
2026-05-24 04:05:26,693 - INFO - Scraping 337/6851: https://www.refurbed.de/p/acer-swift-3-sf313-53-1135g7/
2026-05-24 04:05:28,070 - INFO - Scraping 338/6851: https://www.refurbed.de/p/acer-swift-3-sf313-53-1165g7/
2026-05-24 04:05:29,487 - INFO - Scraping 339/6851: https://www.refurbed.de/p/acer-swift-3-sf314-42-3-4300u-14/
2026-05-24 04:05:29,719 - ERROR - Error fetching https://www.refurbed.de/p/acer-swift-3-sf314-42-3-4300u-14/: 404 Client Error: Not Found for url: https://www.refurbed.de/p/acer-swift-3-sf314-42-3-4300u-14/
2026-05-24 04:05:30,721 - INFO - Scraping 340/6851: https://www.refurbed.de/p/acer-swift-3-sf314-42-5-4500u-14/
2026-05-24 04:05:32,160 - INFO - Scraping 341/6851: https://www.refurbed.de/p/acer-swift-3-sf314-42-7-4700u-14/
2026-05-24 04:05:33,527 - INFO - Scraping 342/6851: https://www.refurbed.de/p/acer-swift-3-sf314-43-3-5300u-14/
2026-05-24 04:05:34,924 - INFO - Scraping 343/6851: https://www.refurbed.de/p/acer-swift-3-sf314-43-5-500u-14/
2026-05-24 04:05:36,330 - INFO - Scraping 344/6851: https://www.refurbed.de/p/acer-swift-3-sf314-51-1135g7-14/
2026-05-24 04:05:37,691 - INFO - Scraping 345/6851: https://www.refurbed.de/p/acer-swift-3-sf314-51-1165g7-14/
2026-05-24 04:05:39,133 - INFO - Scraping 346/6851: https://www.refurbed.de/p/acer-swift-3-sf314-51-i3-1115g4/
2026-05-24 04:05:40,685 - INFO - Scraping 347/6851: https://www.refurbed.de/p/acer-swift-3-sf314-511-1115g4-14/
2026-05-24 04:05:42,220 - INFO - Scraping 348/6851: https://www.refurbed.de/p/acer-swift-3-sf314-511-1165g7-14/
2026-05-24 04:05:43,732 - INFO - Scraping 349/6851: https://www.refurbed.de/p/acer-swift-3-sf314-511-51vq-14/
2026-05-24 04:05:45,160 - INFO - Scraping 350/6851: https://www.refurbed.de/p/acer-swift-3-sf314-511-i5-1135g7/
2026-05-24 04:05:46,544 - INFO - Scraping 351/6851: https://www.refurbed.de/p/acer-swift-3-sf314-512-1240p-14/
2026-05-24 04:05:48,090 - INFO - Scraping 352/6851: https://www.refurbed.de/p/acer-swift-3-sf314-58g-i5-10210u/
2026-05-24 04:05:49,491 - INFO - Scraping 353/6851: https://www.refurbed.de/p/acer-swift-3-sf314-59-1135g7-14/
2026-05-24 04:05:50,951 - INFO - Scraping 354/6851: https://www.refurbed.de/p/acer-swift-3-sf314-71-i5-12450h/
2026-05-24 04:05:52,354 - INFO - Scraping 355/6851: https://www.refurbed.de/p/acer-swift-3-sf314-71-i5-12500h/
2026-05-24 04:05:53,725 - INFO - Scraping 356/6851: https://www.refurbed.de/p/acer-swift-3-sf314-71-i7-12700h/
2026-05-24 04:05:55,129 - INFO - Scraping 357/6851: https://www.refurbed.de/p/acer-swift-3-sf315-52-i5-8250u/
2026-05-24 04:05:56,554 - INFO - Scraping 358/6851: https://www.refurbed.de/p/acer-swift-3-sf316-51-11300h-16/
2026-05-24 04:05:58,067 - INFO - Scraping 359/6851: https://www.refurbed.de/p/acer-swift-3-sf316-51-11370h/
2026-05-24 04:05:59,462 - INFO - Scraping 360/6851: https://www.refurbed.de/p/acer-swift-3x-sf314-510g-1135g7/
2026-05-24 04:06:00,841 - INFO - Scraping 361/6851: https://www.refurbed.de/p/acer-swift-3x-sf314-510g-1165g7/
2026-05-24 04:06:02,281 - INFO - Scraping 362/6851: https://www.refurbed.de/p/acer-swift-5-sf514-54-1035g1-14/
2026-05-24 04:06:03,677 - INFO - Scraping 363/6851: https://www.refurbed.de/p/acer-swift-5-sf514-54gt-1065g7/
2026-05-24 04:06:05,184 - INFO - Scraping 364/6851: https://www.refurbed.de/p/acer-swift-5-sf514-55-1135g7/
2026-05-24 04:06:06,572 - INFO - Scraping 365/6851: https://www.refurbed.de/p/acer-swift-5-sf514-55-1165g7/
2026-05-24 04:06:07,981 - INFO - Scraping 366/6851: https://www.refurbed.de/p/acer-swift-5-sf514-56t-7173-i7/
2026-05-24 04:06:09,387 - INFO - Scraping 367/6851: https://www.refurbed.de/p/acer-swift-edge-sfa16-41-5600u/
2026-05-24 04:06:10,807 - INFO - Scraping 368/6851: https://www.refurbed.de/p/acer-swift-edge-sfa16-41-6600u/
2026-05-24 04:06:12,265 - INFO - Scraping 369/6851: https://www.refurbed.de/p/acer-swift-edge-sfa16-41-6850u/
2026-05-24 04:06:13,637 - INFO - Scraping 370/6851: https://www.refurbed.de/p/acer-swift-edge-sfa16-41-7-6800u/
2026-05-24 04:06:15,066 - INFO - Scraping 371/6851: https://www.refurbed.de/p/acer-swift-edge-sfe16-42-7-7735u/
2026-05-24 04:06:16,513 - INFO - Scraping 372/6851: https://www.refurbed.de/p/acer-swift-edge-sfe16-43-7-7840u/
2026-05-24 04:06:17,926 - INFO - Scraping 373/6851: https://www.refurbed.de/p/acer-swift-go-i7-13700h-14/
2026-05-24 04:06:19,363 - INFO - Scraping 374/6851: https://www.refurbed.de/p/acer-swift-go-sfg14-71-13500h-14/
2026-05-24 04:06:20,751 - INFO - Scraping 375/6851: https://www.refurbed.de/p/acer-swift-go-sfg16-71-13500h/
2026-05-24 04:06:22,205 - INFO - Scraping 376/6851: https://www.refurbed.de/p/acer-swift-go-sfg16-71-13700h/
2026-05-24 04:06:23,763 - INFO - Scraping 377/6851: https://www.refurbed.de/p/acer-swift-go-sfg16-71-i5-1335u/
2026-05-24 04:06:25,323 - INFO - Scraping 378/6851: https://www.refurbed.de/p/acer-swift-sf714-52t-76mr-8500y/
2026-05-24 04:06:26,795 - INFO - Scraping 379/6851: https://www.refurbed.de/p/acer-swift-sf714-52t-i7-8500y/
2026-05-24 04:06:28,261 - INFO - Scraping 380/6851: https://www.refurbed.de/p/acer-swift-x-sfx14-41g-5-5500u/
2026-05-24 04:06:29,869 - INFO - Scraping 381/6851: https://www.refurbed.de/p/acer-swift-x-sfx14-41g-5-5600u/
2026-05-24 04:06:32,049 - INFO - Scraping 382/6851: https://www.refurbed.de/p/acer-swift-x-sfx14-41g-7-5700u/
2026-05-24 04:06:34,333 - INFO - Scraping 383/6851: https://www.refurbed.de/p/acer-swift-x-sfx14-41g-7-5800u/
2026-05-24 04:06:35,994 - INFO - Scraping 384/6851: https://www.refurbed.de/p/acer-swift-x-sfx14-51g-i5-1240p/
2026-05-24 04:06:37,466 - INFO - Scraping 385/6851: https://www.refurbed.de/p/acer-swift-x-sfx14-71g-i5-13500h/
2026-05-24 04:06:38,951 - INFO - Scraping 386/6851: https://www.refurbed.de/p/acer-swift-x-sfx14-71g-i7-13700h/
2026-05-24 04:06:40,330 - INFO - Scraping 387/6851: https://www.refurbed.de/p/acer-swift-x-sfx16-52g-1260p-16/
2026-05-24 04:06:41,786 - INFO - Scraping 388/6851: https://www.refurbed.de/p/acer-swift-x-sfx16-61g-r7-7840hs/
2026-05-24 04:06:43,175 - INFO - Scraping 389/6851: https://www.refurbed.de/p/acer-swift-x-sfx16-61g-r9-7940hs/
2026-05-24 04:06:44,592 - INFO - Scraping 390/6851: https://www.refurbed.de/p/acer-swift-x-sfx16-i7-11390h/
2026-05-24 04:06:45,973 - INFO - Scraping 391/6851: https://www.refurbed.de/p/acer-switch-5-i3-7130u-12/
2026-05-24 04:06:46,205 - ERROR - Error fetching https://www.refurbed.de/p/acer-switch-5-i3-7130u-12/: 404 Client Error: Not Found for url: https://www.refurbed.de/p/acer-switch-5-i3-7130u-12/
2026-05-24 04:06:47,207 - INFO - Scraping 392/6851: https://www.refurbed.de/p/acer-switch-5-i5-7200u-12/
2026-05-24 04:06:47,433 - ERROR - Error fetching https://www.refurbed.de/p/acer-switch-5-i5-7200u-12/: 404 Client Error: Not Found for url: https://www.refurbed.de/p/acer-switch-5-i5-7200u-12/
2026-05-24 04:06:48,435 - INFO - Scraping 393/6851: https://www.refurbed.de/p/acer-switch-5-i7-7500u-12/
2026-05-24 04:06:48,664 - ERROR - Error fetching https://www.refurbed.de/p/acer-switch-5-i7-7500u-12/: 404 Client Error: Not Found for url: https://www.refurbed.de/p/acer-switch-5-i7-7500u-12/
2026-05-24 04:06:49,666 - INFO - Scraping 394/6851: https://www.refurbed.de/p/acer-switch-alpha-12-i3-6100u-12/
2026-05-24 04:06:49,903 - ERROR - Error fetching https://www.refurbed.de/p/acer-switch-alpha-12-i3-6100u-12/: 404 Client Error: Not Found for url: https://www.refurbed.de/p/acer-switch-alpha-12-i3-6100u-12/
2026-05-24 04:06:50,906 - INFO - Scraping 395/6851: https://www.refurbed.de/p/acer-t1-t231hbmidh/
2026-05-24 04:06:52,405 - INFO - Scraping 396/6851: https://www.refurbed.de/p/acer-tm-p2-tmp214-52-10110u-14/
2026-05-24 04:06:53,910 - INFO - Scraping 397/6851: https://www.refurbed.de/p/acer-tm-p2-tmp214-52-10210u-14/
2026-05-24 04:06:55,285 - INFO - Scraping 398/6851: https://www.refurbed.de/p/acer-tm-p2-tmp214-53-1115g4-14/
2026-05-24 04:06:56,818 - INFO - Scraping 399/6851: https://www.refurbed.de/p/acer-tm-p2-tmp214-53-1135g7-14/
2026-05-24 04:06:57,044 - ERROR - Error fetching https://www.refurbed.de/p/acer-tm-p2-tmp214-53-1135g7-14/: 404 Client Error: Not Found for url: https://www.refurbed.de/p/acer-tm-p2-tmp214-53-1135g7-14/
2026-05-24 04:06:58,046 - INFO - Scraping 400/6851: https://www.refurbed.de/p/acer-tm-p2-tmp215-53-1165g7/
2026-05-24 04:06:59,437 - INFO - Scraping 401/6851: https://www.refurbed.de/p/acer-tm-p2-tmx314-51-mg-514q/
2026-05-24 04:07:00,836 - INFO - Scraping 402/6851: https://www.refurbed.de/p/acer-tm-p4-spin-14-tmp414rn-53/
2026-05-24 04:07:02,251 - INFO - Scraping 403/6851: https://www.refurbed.de/p/acer-tm-p4-tmp414-51-1135g7-14/
2026-05-24 04:07:03,623 - INFO - Scraping 404/6851: https://www.refurbed.de/p/acer-tm-spin-p4-i7-1165g7/
2026-05-24 04:07:04,994 - INFO - Scraping 405/6851: https://www.refurbed.de/p/acer-tmp215-52-725d-10510u/
2026-05-24 04:07:06,408 - INFO - Scraping 406/6851: https://www.refurbed.de/p/acer-tmp215-53-78ar-i7-1165g7/
2026-05-24 04:07:07,786 - INFO - Scraping 407/6851: https://www.refurbed.de/p/acer-tmp215-53-i5-1135g7/
2026-05-24 04:07:09,208 - INFO - Scraping 408/6851: https://www.refurbed.de/p/acer-tmp215-54-i5-1235u/
2026-05-24 04:07:10,692 - INFO - Scraping 409/6851: https://www.refurbed.de/p/acer-tmp215-54-i7-1255u/
2026-05-24 04:07:12,088 - INFO - Scraping 410/6851: https://www.refurbed.de/p/acer-travel-b3-spin-11-tmb311rn/
2026-05-24 04:07:13,473 - INFO - Scraping 411/6851: https://www.refurbed.de/p/acer-usb-type-c-do-lc-dck11-001/
2026-05-24 04:07:14,852 - INFO - Scraping 412/6851: https://www.refurbed.de/p/acer-value-v3-v223w/
2026-05-24 04:07:16,389 - INFO - Scraping 413/6851: https://www.refurbed.de/p/acer-value-v3-v233hl/
2026-05-24 04:07:17,774 - INFO - Scraping 414/6851: https://www.refurbed.de/p/acer-value-v7-v247ybip/
2026-05-24 04:07:19,161 - INFO - Scraping 415/6851: https://www.refurbed.de/p/acer-veriton-m2610/
2026-05-24 04:07:19,382 - ERROR - Error fetching https://www.refurbed.de/p/acer-veriton-m2610/: 404 Client Error: Not Found for url: https://www.refurbed.de/p/acer-veriton-m2610/
2026-05-24 04:07:20,384 - INFO - Scraping 416/6851: https://www.refurbed.de/p/acer-veriton-m4630g/
2026-05-24 04:07:20,679 - ERROR - Error fetching https://www.refurbed.de/p/acer-veriton-m4630g/: 404 Client Error: Not Found for url: https://www.refurbed.de/p/acer-veriton-m4630g/
2026-05-24 04:07:21,682 - INFO - Scraping 417/6851: https://www.refurbed.de/p/acer-veriton-m4640g/
2026-05-24 04:07:21,906 - ERROR - Error fetching https://www.refurbed.de/p/acer-veriton-m4640g/: 404 Client Error: Not Found for url: https://www.refurbed.de/p/acer-veriton-m4640g/
2026-05-24 04:07:22,908 - INFO - Scraping 418/6851: https://www.refurbed.de/p/acer-veriton-m6650g/
2026-05-24 04:07:23,149 - ERROR - Error fetching https://www.refurbed.de/p/acer-veriton-m6650g/: 404 Client Error: Not Found for url: https://www.refurbed.de/p/acer-veriton-m6650g/
2026-05-24 04:07:24,151 - INFO - Scraping 419/6851: https://www.refurbed.de/p/acer-veriton-n4640g/
2026-05-24 04:07:24,371 - ERROR - Error fetching https://www.refurbed.de/p/acer-veriton-n4640g/: 404 Client Error: Not Found for url: https://www.refurbed.de/p/acer-veriton-n4640g/
2026-05-24 04:07:25,373 - INFO - Scraping 420/6851: https://www.refurbed.de/p/acer-veriton-x4630g/
2026-05-24 04:07:25,658 - ERROR - Error fetching https://www.refurbed.de/p/acer-veriton-x4630g/: 404 Client Error: Not Found for url: https://www.refurbed.de/p/acer-veriton-x4630g/
2026-05-24 04:07:26,660 - INFO - Scraping 421/6851: https://www.refurbed.de/p/acer-veriton-x4640g-intl6th/
2026-05-24 04:07:26,883 - ERROR - Error fetching https://www.refurbed.de/p/acer-veriton-x4640g-intl6th/: 404 Client Error: Not Found for url: https://www.refurbed.de/p/acer-veriton-x4640g-intl6th/
2026-05-24 04:07:27,885 - INFO - Scraping 422/6851: https://www.refurbed.de/p/acer-veriton-x6630g/
2026-05-24 04:07:28,137 - ERROR - Error fetching https://www.refurbed.de/p/acer-veriton-x6630g/: 404 Client Error: Not Found for url: https://www.refurbed.de/p/acer-veriton-x6630g/
2026-05-24 04:07:29,139 - INFO - Scraping 423/6851: https://www.refurbed.de/p/acer-vero-v7-v227qe3biv/
2026-05-24 04:07:30,507 - INFO - Scraping 424/6851: https://www.refurbed.de/p/acer-x5-x514-i5-8265u-14/
2026-05-24 04:07:30,799 - ERROR - Error fetching https://www.refurbed.de/p/acer-x5-x514-i5-8265u-14/: 404 Client Error: Not Found for url: https://www.refurbed.de/p/acer-x5-x514-i5-8265u-14/
2026-05-24 04:07:31,801 - INFO - Scraping 425/6851: https://www.refurbed.de/p/acerpredator-connect-d5-5g/
2026-05-24 04:07:33,236 - INFO - Scraping 426/6851: https://www.refurbed.de/p/apple-ipad-2017/
2026-05-24 04:07:34,831 - INFO - Scraping 427/6851: https://www.refurbed.de/p/apple-iphone-8-plus/
2026-05-24 04:07:36,212 - INFO - Scraping 428/6851: https://www.refurbed.de/p/apple-iphone-8/
2026-05-24 04:07:37,727 - INFO - Scraping 429/6851: https://www.refurbed.de/p/apple-macbook-2015-intel-core-m-/
2026-05-24 04:07:39,288 - INFO - Scraping 430/6851: https://www.refurbed.de/p/apple-macbook-2016-intel-core-m3/
2026-05-24 04:07:40,672 - INFO - Scraping 431/6851: https://www.refurbed.de/p/apple-macbook-2017-intel-core-12/
2026-05-24 04:07:42,012 - INFO - Scraping 432/6851: https://www.refurbed.de/p/apple-macbook-air-2013-i5-13-3-4/
2026-05-24 04:07:43,458 - INFO - Scraping 433/6851: https://www.refurbed.de/p/apple-macbook-air-2013-i7-4650u/
2026-05-24 04:07:44,789 - INFO - Scraping 434/6851: https://www.refurbed.de/p/apple-macbook-air-2014-i5-11-6/
2026-05-24 04:07:46,168 - INFO - Scraping 435/6851: https://www.refurbed.de/p/apple-macbook-air-2014-i5-13-4gb/
2026-05-24 04:07:47,558 - INFO - Scraping 436/6851: https://www.refurbed.de/p/apple-macbook-air-2014-i7-13-3/
2026-05-24 04:07:48,914 - INFO - Scraping 437/6851: https://www.refurbed.de/p/apple-macbook-air-2015-11-6/
2026-05-24 04:07:50,289 - INFO - Scraping 438/6851: https://www.refurbed.de/p/apple-macbook-air-2015-i5-13-3/
2026-05-24 04:07:51,861 - INFO - Scraping 439/6851: https://www.refurbed.de/p/apple-macbook-air-2017-i-13-3/
2026-05-24 04:07:53,329 - INFO - Scraping 440/6851: https://www.refurbed.de/p/apple-macbook-air-2018-i5-13-3/
2026-05-24 04:07:54,732 - INFO - Scraping 441/6851: https://www.refurbed.de/p/apple-macbook-air-2019-i5-13-3/
2026-05-24 04:07:56,095 - INFO - Scraping 442/6851: https://www.refurbed.de/p/apple-macbook-air-2020/
2026-05-24 04:07:57,598 - INFO - Scraping 443/6851: https://www.refurbed.de/p/apple-macbook-air-i5-11-6/
2026-05-24 04:07:59,109 - INFO - Scraping 444/6851: https://www.refurbed.de/p/apple-macbook-air-i7-11-6/
2026-05-24 04:08:00,440 - INFO - Scraping 445/6851: https://www.refurbed.de/p/apple-macbook-air-m1-2020/
2026-05-24 04:08:01,863 - INFO - Scraping 446/6851: https://www.refurbed.de/p/apple-macbook-air-m2-2022/
2026-05-24 04:08:03,350 - INFO - Scraping 447/6851: https://www.refurbed.de/p/apple-macbook-air-m2-2023-15/
2026-05-24 04:08:04,754 - INFO - Scraping 448/6851: https://www.refurbed.de/p/apple-macbook-air-m3-2024-15/
2026-05-24 04:08:06,321 - INFO - Scraping 449/6851: https://www.refurbed.de/p/apple-macbook-air-m3-2024/
2026-05-24 04:08:07,866 - INFO - Scraping 450/6851: https://www.refurbed.de/p/apple-macbook-air-m4-2025-15/
2026-05-24 04:08:09,404 - INFO - Scraping 451/6851: https://www.refurbed.de/p/apple-macbook-air-m4-2025/
2026-05-24 04:08:10,756 - INFO - Scraping 452/6851: https://www.refurbed.de/p/apple-macbook-pro-2013-i5-13-3/
2026-05-24 04:08:12,133 - INFO - Scraping 453/6851: https://www.refurbed.de/p/apple-macbook-pro-2014-13-3/
2026-05-24 04:08:13,501 - INFO - Scraping 454/6851: https://www.refurbed.de/p/apple-macbook-pro-2014-15-4/
2026-05-24 04:08:14,821 - INFO - Scraping 455/6851: https://www.refurbed.de/p/apple-macbook-pro-2015-13-3/
2026-05-24 04:08:16,256 - INFO - Scraping 456/6851: https://www.refurbed.de/p/apple-macbook-pro-2016-13-3/
2026-05-24 04:08:17,620 - INFO - Scraping 457/6851: https://www.refurbed.de/p/apple-macbook-pro-2016-i5-13-3/
2026-05-24 04:08:18,978 - INFO - Scraping 458/6851: https://www.refurbed.de/p/apple-macbook-pro-2016-i7-15-4/
2026-05-24 04:08:20,425 - INFO - Scraping 459/6851: https://www.refurbed.de/p/apple-macbook-pro-2017-13-3-touc/
2026-05-24 04:08:21,796 - INFO - Scraping 460/6851: https://www.refurbed.de/p/apple-macbook-pro-2017-15-4-touc/
2026-05-24 04:08:23,156 - INFO - Scraping 461/6851: https://www.refurbed.de/p/apple-macbook-pro-2017-i5-13/
2026-05-24 04:08:24,552 - INFO - Scraping 462/6851: https://www.refurbed.de/p/apple-macbook-pro-2018-13-3-touc/
2026-05-24 04:08:25,986 - INFO - Scraping 463/6851: https://www.refurbed.de/p/apple-macbook-pro-2018-15-4-touc/
2026-05-24 04:08:27,391 - INFO - Scraping 464/6851: https://www.refurbed.de/p/apple-macbook-pro-2019-16/
2026-05-24 04:08:28,800 - INFO - Scraping 465/6851: https://www.refurbed.de/p/apple-macbook-pro-2020-133-tb/
2026-05-24 04:08:30,194 - INFO - Scraping 466/6851: https://www.refurbed.de/p/apple-macbook-pro-2020-m1/
2026-05-24 04:08:31,626 - INFO - Scraping 467/6851: https://www.refurbed.de/p/apple-macbook-pro-2021-m1-14/
2026-05-24 04:08:33,002 - INFO - Scraping 468/6851: https://www.refurbed.de/p/apple-macbook-pro-2021-m1-16-2/
2026-05-24 04:08:34,375 - INFO - Scraping 469/6851: https://www.refurbed.de/p/apple-macbook-pro-2022-m2-13-tb/
2026-05-24 04:08:35,775 - INFO - Scraping 470/6851: https://www.refurbed.de/p/apple-macbook-pro-2023-m2-14/
2026-05-24 04:08:37,148 - INFO - Scraping 471/6851: https://www.refurbed.de/p/apple-macbook-pro-2023-m2-16-2/
2026-05-24 04:08:38,647 - INFO - Scraping 472/6851: https://www.refurbed.de/p/apple-macbook-pro-2023-m3-14/
2026-05-24 04:08:40,168 - INFO - Scraping 473/6851: https://www.refurbed.de/p/apple-macbook-pro-2023-m3-16-2/
2026-05-24 04:08:41,595 - INFO - Scraping 474/6851: https://www.refurbed.de/p/apple-macbook-pro-2024-m4-14/
2026-05-24 04:08:43,006 - INFO - Scraping 475/6851: https://www.refurbed.de/p/apple-macbook-pro-2024-m4-16/
2026-05-24 04:08:44,406 - INFO - Scraping 476/6851: https://www.refurbed.de/p/apple-macbook-pro-i7-15-4/
2026-05-24 04:08:45,754 - INFO - Scraping 477/6851: https://www.refurbed.de/p/apple-macbook-pro-late2013-15-4/
2026-05-24 04:08:47,127 - INFO - Scraping 478/6851: https://www.refurbed.de/p/apple-macbook-retina-2015-12/
2026-05-24 04:08:48,450 - INFO - Scraping 479/6851: https://www.refurbed.de/p/apple-magic-kbrd-11-ipad-air-m2/
2026-05-24 04:08:49,853 - INFO - Scraping 480/6851: https://www.refurbed.de/p/apple-pro-display-xdr-32/
2026-05-24 04:08:51,236 - INFO - Scraping 481/6851: https://www.refurbed.de/p/apple-studio-display-27/
2026-05-24 04:08:52,800 - INFO - Scraping 482/6851: https://www.refurbed.de/p/apple-thunderbolt-display-27/
2026-05-24 04:08:54,156 - INFO - Scraping 483/6851: https://www.refurbed.de/p/asus-chromebook-c204ma-n4000/
2026-05-24 04:08:55,536 - INFO - Scraping 484/6851: https://www.refurbed.de/p/asus-chromebook-c204ma-n4020/
2026-05-24 04:08:57,115 - INFO - Scraping 485/6851: https://www.refurbed.de/p/asus-chromebook-c403-n335-14/
2026-05-24 04:08:58,588 - INFO - Scraping 486/6851: https://www.refurbed.de/p/asus-chromebook-c423ma-n4020/
2026-05-24 04:09:00,004 - INFO - Scraping 487/6851: https://www.refurbed.de/p/asus-chromebook-c423na-3350/
2026-05-24 04:09:01,426 - INFO - Scraping 488/6851: https://www.refurbed.de/p/asus-chromebook-c523-n3350/
2026-05-24 04:09:02,780 - INFO - Scraping 489/6851: https://www.refurbed.de/p/asus-chromebook-c523-n4200/
2026-05-24 04:09:04,368 - INFO - Scraping 490/6851: https://www.refurbed.de/p/asus-chromebook-c523na-n3350/
2026-05-24 04:09:05,803 - INFO - Scraping 491/6851: https://www.refurbed.de/p/asus-chromebook-cm14/
2026-05-24 04:09:07,471 - INFO - Scraping 492/6851: https://www.refurbed.de/p/asus-chromebook-cx1400cna-3350/
2026-05-24 04:09:08,857 - INFO - Scraping 493/6851: https://www.refurbed.de/p/asus-chromebook-cx1500cna-3350/
2026-05-24 04:09:10,295 - INFO - Scraping 494/6851: https://www.refurbed.de/p/asus-chromebook-cx1700-n4500/
2026-05-24 04:09:11,683 - INFO - Scraping 495/6851: https://www.refurbed.de/p/asus-chromebook-cx5400fma-110g4/
2026-05-24 04:09:13,062 - INFO - Scraping 496/6851: https://www.refurbed.de/p/asus-chromebook-cx9-cea-1135g7/
2026-05-24 04:09:14,519 - INFO - Scraping 497/6851: https://www.refurbed.de/p/asus-chromebook-flip-cx3400fma/
2026-05-24 04:09:15,932 - INFO - Scraping 498/6851: https://www.refurbed.de/p/asus-chromebook-flip-cx5500fea/
2026-05-24 04:09:17,303 - INFO - Scraping 499/6851: https://www.refurbed.de/p/asus-chromebook-flip-cx5601fba/
2026-05-24 04:09:18,926 - INFO - Scraping 500/6851: https://www.refurbed.de/p/asus-chromebook-plus-cx3402cba/
2026-05-24 04:09:20,327 - INFO - Scraping 501/6851: https://www.refurbed.de/p/asus-chromebook-z1400cn-n3350/
2026-05-24 04:09:21,740 - INFO - Scraping 502/6851: https://www.refurbed.de/p/asus-tuf-gami-f15-fx506hf-11400h/
2026-05-24 04:09:23,172 - INFO - Scraping 503/6851: https://www.refurbed.de/p/asus-tuf-gami-f17-fx707zm-12700h/
2026-05-24 04:09:24,518 - INFO - Scraping 504/6851: https://www.refurbed.de/p/asus-vivobook-12-e210ma-n4020/
2026-05-24 04:09:26,082 - INFO - Scraping 505/6851: https://www.refurbed.de/p/asus-vivobook-14-5-5500u/
2026-05-24 04:09:27,468 - INFO - Scraping 506/6851: https://www.refurbed.de/p/asus-vivobook-14-f1400ea-1135g7/
2026-05-24 04:09:28,919 - INFO - Scraping 507/6851: https://www.refurbed.de/p/asus-vivobook-14-f1400ea-1165g7/
2026-05-24 04:09:30,496 - INFO - Scraping 508/6851: https://www.refurbed.de/p/asus-vivobook-14-f1402za-1235u/
2026-05-24 04:09:31,892 - INFO - Scraping 509/6851: https://www.refurbed.de/p/asus-vivobook-14-f1404va-i7-1355/
2026-05-24 04:09:33,498 - INFO - Scraping 510/6851: https://www.refurbed.de/p/asus-vivobook-14-f415ea-1115g4/
2026-05-24 04:09:34,878 - INFO - Scraping 511/6851: https://www.refurbed.de/p/asus-vivobook-14-f415ea-1135g7/
2026-05-24 04:09:36,313 - INFO - Scraping 512/6851: https://www.refurbed.de/p/asus-vivobook-14-f415ea-1165g7/
2026-05-24 04:09:37,722 - INFO - Scraping 513/6851: https://www.refurbed.de/p/asus-vivobook-14-k413ea-1115g4/
2026-05-24 04:09:39,133 - INFO - Scraping 514/6851: https://www.refurbed.de/p/asus-vivobook-14-k413ep-1165g7/
2026-05-24 04:09:40,515 - INFO - Scraping 515/6851: https://www.refurbed.de/p/asus-vivobook-14-m413-r5-5500u/
2026-05-24 04:09:41,913 - INFO - Scraping 516/6851: https://www.refurbed.de/p/asus-vivobook-14-m415da-r5-3500u/
2026-05-24 04:09:43,340 - INFO - Scraping 517/6851: https://www.refurbed.de/p/asus-vivobook-14-r465ja-1005g1/
2026-05-24 04:09:44,726 - INFO - Scraping 518/6851: https://www.refurbed.de/p/asus-vivobook-14-s413ea-1135g7/
2026-05-24 04:09:46,122 - INFO - Scraping 519/6851: https://www.refurbed.de/p/asus-vivobook-14-x1400ep-1135g7/
2026-05-24 04:09:47,515 - INFO - Scraping 520/6851: https://www.refurbed.de/p/asus-vivobook-14-x413-i5-1135g7/
2026-05-24 04:09:48,895 - INFO - Scraping 521/6851: https://www.refurbed.de/p/asus-vivobook-14-x413-i7-1065g7/
2026-05-24 04:09:50,303 - INFO - Scraping 522/6851: https://www.refurbed.de/p/asus-vivobook-14-x415ea-1115g4/
2026-05-24 04:09:51,694 - INFO - Scraping 523/6851: https://www.refurbed.de/p/asus-vivobook-14-x415ea-1135g7/
2026-05-24 04:09:53,058 - INFO - Scraping 524/6851: https://www.refurbed.de/p/asus-vivobook-14-x415ea-i7/
2026-05-24 04:09:54,478 - INFO - Scraping 525/6851: https://www.refurbed.de/p/asus-vivobook-14-x415ep-1135g7/
2026-05-24 04:09:55,899 - INFO - Scraping 526/6851: https://www.refurbed.de/p/asus-vivobook-14-x415ep-i7/
2026-05-24 04:09:57,319 - INFO - Scraping 527/6851: https://www.refurbed.de/p/asus-vivobook-14-x415fa-10110u/
2026-05-24 04:09:58,703 - INFO - Scraping 528/6851: https://www.refurbed.de/p/asus-vivobook-14-x415ja-1005g1/
2026-05-24 04:10:00,312 - INFO - Scraping 529/6851: https://www.refurbed.de/p/asus-vivobook-14-x415ja-1035g1/
2026-05-24 04:10:01,751 - INFO - Scraping 530/6851: https://www.refurbed.de/p/asus-vivobook-14-x415ka-n4500/
2026-05-24 04:10:03,189 - INFO - Scraping 531/6851: https://www.refurbed.de/p/asus-vivobook-14-x420fa-i5-8265u/
2026-05-24 04:10:04,679 - INFO - Scraping 532/6851: https://www.refurbed.de/p/asus-vivobook-15-a516ea-1115g4/
2026-05-24 04:10:06,263 - INFO - Scraping 533/6851: https://www.refurbed.de/p/asus-vivobook-15-f1502za-1235u/
2026-05-24 04:10:07,647 - INFO - Scraping 534/6851: https://www.refurbed.de/p/asus-vivobook-15-f1502za-i7/
2026-05-24 04:10:09,028 - INFO - Scraping 535/6851: https://www.refurbed.de/p/asus-vivobook-15-f1504va-1335u/
2026-05-24 04:10:10,481 - INFO - Scraping 536/6851: https://www.refurbed.de/p/asus-vivobook-15-f1504za-1215u/
2026-05-24 04:10:11,849 - INFO - Scraping 537/6851: https://www.refurbed.de/p/asus-vivobook-15-f1504za-1235u/
2026-05-24 04:10:13,235 - INFO - Scraping 538/6851: https://www.refurbed.de/p/asus-vivobook-15-f1504za-i7/
2026-05-24 04:10:14,640 - INFO - Scraping 539/6851: https://www.refurbed.de/p/asus-vivobook-15-f510ua-i5-8250u/
2026-05-24 04:10:16,041 - INFO - Scraping 540/6851: https://www.refurbed.de/p/asus-vivobook-15-f515jp-1035g1/
2026-05-24 04:10:17,475 - INFO - Scraping 541/6851: https://www.refurbed.de/p/asus-vivobook-15-k513ea-1165g7/
2026-05-24 04:10:18,876 - INFO - Scraping 542/6851: https://www.refurbed.de/p/asus-vivobook-15-m1502ia-4600h/
2026-05-24 04:10:20,226 - INFO - Scraping 543/6851: https://www.refurbed.de/p/asus-vivobook-15-m515ua-r5-5500u/
2026-05-24 04:10:21,597 - INFO - Scraping 544/6851: https://www.refurbed.de/p/asus-vivobook-15-m515ua-r7-5700u/
2026-05-24 04:10:23,154 - INFO - Scraping 545/6851: https://www.refurbed.de/p/asus-vivobook-15-r565ea-1165g7/
2026-05-24 04:10:24,585 - INFO - Scraping 546/6851: https://www.refurbed.de/p/asus-vivobook-15-x1502-1215u/
2026-05-24 04:10:25,954 - INFO - Scraping 547/6851: https://www.refurbed.de/p/asus-vivobook-15-x1502za-i3/
2026-05-24 04:10:27,385 - INFO - Scraping 548/6851: https://www.refurbed.de/p/asus-vivobook-15-x1502za-i5/
2026-05-24 04:10:28,774 - INFO - Scraping 549/6851: https://www.refurbed.de/p/asus-vivobook-15-x1502za-i7/
2026-05-24 04:10:30,363 - INFO - Scraping 550/6851: https://www.refurbed.de/p/asus-vivobook-15-x515-1005g1/
2026-05-24 04:10:31,794 - INFO - Scraping 551/6851: https://www.refurbed.de/p/asus-vivobook-15-x515-10110u/
2026-05-24 04:10:33,203 - INFO - Scraping 552/6851: https://www.refurbed.de/p/asus-vivobook-15-x515-1035g1/
2026-05-24 04:10:34,592 - INFO - Scraping 553/6851: https://www.refurbed.de/p/asus-vivobook-15-x515-1065g7/
2026-05-24 04:10:35,985 - INFO - Scraping 554/6851: https://www.refurbed.de/p/asus-vivobook-15-x515-1115g4/
2026-05-24 04:10:37,551 - INFO - Scraping 555/6851: https://www.refurbed.de/p/asus-vivobook-15-x515-1135g7/
2026-05-24 04:10:39,038 - INFO - Scraping 556/6851: https://www.refurbed.de/p/asus-vivobook-15-x515-1165g7/
2026-05-24 04:10:40,528 - INFO - Scraping 557/6851: https://www.refurbed.de/p/asus-vivobook-15-x515-3250u/
2026-05-24 04:10:42,140 - INFO - Scraping 558/6851: https://www.refurbed.de/p/asus-vivobook-15-x515-7505/
2026-05-24 04:10:44,082 - INFO - Scraping 559/6851: https://www.refurbed.de/p/asus-vivobook-15-x515-n4020/
2026-05-24 04:10:46,076 - INFO - Scraping 560/6851: https://www.refurbed.de/p/asus-vivobook-15-x515-n4500/
2026-05-24 04:10:47,887 - INFO - Scraping 561/6851: https://www.refurbed.de/p/asus-vivobook-15-x515-n5030/
2026-05-24 04:10:49,389 - INFO - Scraping 562/6851: https://www.refurbed.de/p/asus-vivobook-15-x515ea-1115g4/
2026-05-24 04:10:50,837 - INFO - Scraping 563/6851: https://www.refurbed.de/p/asus-vivobook-15-x515ja-1005g1/
2026-05-24 04:10:52,405 - INFO - Scraping 564/6851: https://www.refurbed.de/p/asus-vivobook-15-x515ja-1035g1/
2026-05-24 04:10:52,682 - ERROR - Error fetching https://www.refurbed.de/p/asus-vivobook-15-x515ja-1035g1/: 404 Client Error: Not Found for url: https://www.refurbed.de/p/asus-vivobook-15-x515ja-1035g1/
2026-05-24 04:10:53,684 - INFO - Scraping 565/6851: https://www.refurbed.de/p/asus-vivobook-15-x515jp-1065g7/
2026-05-24 04:10:55,128 - INFO - Scraping 566/6851: https://www.refurbed.de/p/asus-vivobook-15-x515ma-n4020/
2026-05-24 04:10:56,652 - INFO - Scraping 567/6851: https://www.refurbed.de/p/asus-vivobook-15-x540-e2-6110/
2026-05-24 04:10:56,912 - ERROR - Error fetching https://www.refurbed.de/p/asus-vivobook-15-x540-e2-6110/: 404 Client Error: Not Found for url: https://www.refurbed.de/p/asus-vivobook-15-x540-e2-6110/
2026-05-24 04:10:57,915 - INFO - Scraping 568/6851: https://www.refurbed.de/p/asus-vivobook-15-x540-n3350/
2026-05-24 04:10:58,161 - ERROR - Error fetching https://www.refurbed.de/p/asus-vivobook-15-x540-n3350/: 404 Client Error: Not Found for url: https://www.refurbed.de/p/asus-vivobook-15-x540-n3350/
2026-05-24 04:10:59,163 - INFO - Scraping 569/6851: https://www.refurbed.de/p/asus-vivobook-15-x571-10870h/
2026-05-24 04:11:00,554 - INFO - Scraping 570/6851: https://www.refurbed.de/p/asus-vivobook-15-x571gt-9750h/
2026-05-24 04:11:01,999 - INFO - Scraping 571/6851: https://www.refurbed.de/p/asus-vivobook-15x-m1503-5600h/
2026-05-24 04:11:03,419 - INFO - Scraping 572/6851: https://www.refurbed.de/p/asus-vivobook-15x-oled-5-4600h/
2026-05-24 04:11:04,848 - INFO - Scraping 573/6851: https://www.refurbed.de/p/asus-vivobook-15x-oled-i5-12500h/
2026-05-24 04:11:06,356 - INFO - Scraping 574/6851: https://www.refurbed.de/p/asus-vivobook-15x-oled-i5-1340p/
2026-05-24 04:11:07,748 - INFO - Scraping 575/6851: https://www.refurbed.de/p/asus-vivobook-15x-oled-i7-12700h/
2026-05-24 04:11:09,149 - INFO - Scraping 576/6851: https://www.refurbed.de/p/asus-vivobook-15x-oled-i7-1360p/
2026-05-24 04:11:10,608 - INFO - Scraping 577/6851: https://www.refurbed.de/p/asus-vivobook-15x-oled-x1503za/
2026-05-24 04:11:12,015 - INFO - Scraping 578/6851: https://www.refurbed.de/p/asus-vivobook-16-x1605-1235u/
2026-05-24 04:11:13,384 - INFO - Scraping 579/6851: https://www.refurbed.de/p/asus-vivobook-16-x1605-1255u/
2026-05-24 04:11:14,774 - INFO - Scraping 580/6851: https://www.refurbed.de/p/asus-vivobook-16-x1605-13500h/
2026-05-24 04:11:16,171 - INFO - Scraping 581/6851: https://www.refurbed.de/p/asus-vivobook-16-x1605-r7-5825u/
2026-05-24 04:11:17,630 - INFO - Scraping 582/6851: https://www.refurbed.de/p/asus-vivobook-16-x1605pa-11370h/
2026-05-24 04:11:19,052 - INFO - Scraping 583/6851: https://www.refurbed.de/p/asus-vivobook-16-x1605va-1335u/
2026-05-24 04:11:20,470 - INFO - Scraping 584/6851: https://www.refurbed.de/p/asus-vivobook-16-x1605va-13700h/
2026-05-24 04:11:21,849 - INFO - Scraping 585/6851: https://www.refurbed.de/p/asus-vivobook-16-x1605va-13900h/
2026-05-24 04:11:23,231 - INFO - Scraping 586/6851: https://www.refurbed.de/p/asus-vivobook-16-x1605va-i7-1355/
2026-05-24 04:11:24,624 - INFO - Scraping 587/6851: https://www.refurbed.de/p/asus-vivobook-16x-f1603za-12700h/
2026-05-24 04:11:26,053 - INFO - Scraping 588/6851: https://www.refurbed.de/p/asus-vivobook-16x-f1605pa-11300h/
2026-05-24 04:11:27,446 - INFO - Scraping 589/6851: https://www.refurbed.de/p/asus-vivobook-16x-f1605pa-11370h/
2026-05-24 04:12:02,124 - ERROR - Error fetching https://www.refurbed.de/p/asus-vivobook-16x-f1605pa-11370h/: 502 Server Error: Bad Gateway for url: https://www.refurbed.de/p/asus-vivobook-16x-f1605pa-11370h/
2026-05-24 04:12:03,126 - INFO - Scraping 590/6851: https://www.refurbed.de/p/asus-vivobook-16x-m1603-5-5600h/
2026-05-24 04:12:09,102 - INFO - Scraping 591/6851: https://www.refurbed.de/p/asus-vivobook-16x-oled-5600h/
2026-05-24 04:12:10,496 - INFO - Scraping 592/6851: https://www.refurbed.de/p/asus-vivobook-16x-oled-k3605vc/
2026-05-24 04:12:11,888 - INFO - Scraping 593/6851: https://www.refurbed.de/p/asus-vivobook-16x-oled-k3605zc/
2026-05-24 04:12:13,530 - INFO - Scraping 594/6851: https://www.refurbed.de/p/asus-vivobook-16x-oled-k3605zf/
2026-05-24 04:12:14,919 - INFO - Scraping 595/6851: https://www.refurbed.de/p/asus-vivobook-17-f1704va-1335u/
2026-05-24 04:12:16,325 - INFO - Scraping 596/6851: https://www.refurbed.de/p/asus-vivobook-17-s712da-au334t/
2026-05-24 04:12:17,776 - INFO - Scraping 597/6851: https://www.refurbed.de/p/asus-vivobook-17-s712ea-i31115g4/
2026-05-24 04:12:19,170 - INFO - Scraping 598/6851: https://www.refurbed.de/p/asus-vivobook-17-s712fa-8265u/
2026-05-24 04:12:20,705 - INFO - Scraping 599/6851: https://www.refurbed.de/p/asus-vivobook-17-s712ja-1005g1/
2026-05-24 04:12:22,078 - INFO - Scraping 600/6851: https://www.refurbed.de/p/asus-vivobook-17-x1704va-1355u/
2026-05-24 04:12:23,493 - INFO - Scraping 601/6851: https://www.refurbed.de/p/asus-vivobook-17-x1704za-1235u/
2026-05-24 04:12:24,853 - INFO - Scraping 602/6851: https://www.refurbed.de/p/asus-vivobook-17-x705ma-n4020/
2026-05-24 04:12:26,236 - INFO - Scraping 603/6851: https://www.refurbed.de/p/asus-vivobook-17-x712ea-1165g7/
2026-05-24 04:12:27,728 - INFO - Scraping 604/6851: https://www.refurbed.de/p/asus-vivobook-17f1704va-i7-1355u/
2026-05-24 04:12:29,286 - INFO - Scraping 605/6851: https://www.refurbed.de/p/asus-vivobook-a516ka-n4500/
2026-05-24 04:12:30,651 - INFO - Scraping 606/6851: https://www.refurbed.de/p/asus-vivobook-d515da-3-3250u/
2026-05-24 04:12:32,035 - INFO - Scraping 607/6851: https://www.refurbed.de/p/asus-vivobook-go-14-e410ma-n4020/
2026-05-24 04:12:33,478 - INFO - Scraping 608/6851: https://www.refurbed.de/p/asus-vivobook-go-14-flip-n4500/
2026-05-24 04:12:34,952 - INFO - Scraping 609/6851: https://www.refurbed.de/p/asus-vivobook-go-14-flip-n6000/
2026-05-24 04:12:36,323 - INFO - Scraping 610/6851: https://www.refurbed.de/p/asus-vivobook-go-15-e510-n4020/
2026-05-24 04:12:37,737 - INFO - Scraping 611/6851: https://www.refurbed.de/p/asus-vivobook-go-15-e510-n4500/
2026-05-24 04:12:39,137 - INFO - Scraping 612/6851: https://www.refurbed.de/p/asus-vivobook-go-15-oled-i3-n305/
2026-05-24 04:12:40,510 - INFO - Scraping 613/6851: https://www.refurbed.de/p/asus-vivobook-go-15-oled-n100/
2026-05-24 04:12:42,025 - INFO - Scraping 614/6851: https://www.refurbed.de/p/asus-vivobook-m515da-r3-3250u/
2026-05-24 04:12:43,404 - INFO - Scraping 615/6851: https://www.refurbed.de/p/asus-vivobook-m515da-r5-3500u/
2026-05-24 04:12:44,782 - INFO - Scraping 616/6851: https://www.refurbed.de/p/asus-vivobook-oled-15-i7-1165g7/
2026-05-24 04:12:46,301 - INFO - Scraping 617/6851: https://www.refurbed.de/p/asus-vivobook-oled-15-k513ea/
2026-05-24 04:12:47,724 - INFO - Scraping 618/6851: https://www.refurbed.de/p/asus-vivobook-pro-14-oled-11300h/
2026-05-24 04:12:49,104 - INFO - Scraping 619/6851: https://www.refurbed.de/p/asus-vivobook-pro-14-oled-5600h/
2026-05-24 04:12:50,493 - INFO - Scraping 620/6851: https://www.refurbed.de/p/asus-vivobook-pro-15-n580gd-8750/
2026-05-24 04:12:51,895 - INFO - Scraping 621/6851: https://www.refurbed.de/p/asus-vivobook-s-14-flip-1335u/
2026-05-24 04:12:53,396 - INFO - Scraping 622/6851: https://www.refurbed.de/p/asus-vivobook-s-14-flip-13500h/
2026-05-24 04:12:54,969 - INFO - Scraping 623/6851: https://www.refurbed.de/p/asus-vivobook-s-14-flip-13700h/
2026-05-24 04:12:56,332 - INFO - Scraping 624/6851: https://www.refurbed.de/p/asus-vivobook-s-14-k3402za-i5/
2026-05-24 04:12:57,733 - INFO - Scraping 625/6851: https://www.refurbed.de/p/asus-vivobook-s14-m433-5-4500u/
2026-05-24 04:12:59,166 - INFO - Scraping 626/6851: https://www.refurbed.de/p/asus-vivobook-s14-oled-m3402qa/
2026-05-24 04:13:00,528 - INFO - Scraping 627/6851: https://www.refurbed.de/p/asus-vivobook-s15-k3502-12700h/
2026-05-24 04:13:01,963 - INFO - Scraping 628/6851: https://www.refurbed.de/p/asus-vivobook-s15-s530-8265u-15/
2026-05-24 04:13:03,772 - INFO - Scraping 629/6851: https://www.refurbed.de/p/asus-vivobook-s17-f712ja-1065g7/
2026-05-24 04:13:05,341 - INFO - Scraping 630/6851: https://www.refurbed.de/p/asus-vivobook-s17-s732ea-1135g7/
2026-05-24 04:13:07,866 - INFO - Scraping 631/6851: https://www.refurbed.de/p/asus-vivobook-s17-s732ja-1005g1/
2026-05-24 04:13:09,544 - INFO - Scraping 632/6851: https://www.refurbed.de/p/asus-vivobook-s17-s732ja-1115g4/
2026-05-24 04:13:11,389 - INFO - Scraping 633/6851: https://www.refurbed.de/p/asus-vivobook-x415jab-i7-1065g7/
2026-05-24 04:13:13,000 - INFO - Scraping 634/6851: https://www.refurbed.de/p/asus-vivobook-x415jp-i7-1065g7/
2026-05-24 04:13:14,406 - INFO - Scraping 635/6851: https://www.refurbed.de/p/asus-vivobook-x515ka-n4500/
2026-05-24 04:13:15,785 - INFO - Scraping 636/6851: https://www.refurbed.de/p/asus-vivobook-x515ka-n6000/
2026-05-24 04:13:17,373 - INFO - Scraping 637/6851: https://www.refurbed.de/p/asus-vivobook-x543ma-n4020/
2026-05-24 04:13:18,786 - INFO - Scraping 638/6851: https://www.refurbed.de/p/asus-vivobooks-14-k3402za-i7-127/
2026-05-24 04:13:20,219 - INFO - Scraping 639/6851: https://www.refurbed.de/p/asus-vivobooks-14-oled-k3402za/
2026-05-24 04:13:21,979 - INFO - Scraping 640/6851: https://www.refurbed.de/p/asus-zenbook-13-led-um325sa/
2026-05-24 04:13:23,363 - INFO - Scraping 641/6851: https://www.refurbed.de/p/asus-zenbook-14-i5/
2026-05-24 04:13:24,726 - INFO - Scraping 642/6851: https://www.refurbed.de/p/asus-zenbook-14-um425qa-5800h/
2026-05-24 04:13:26,209 - INFO - Scraping 643/6851: https://www.refurbed.de/p/asus-zenbook-14-um425qa-5900hx/
2026-05-24 04:13:27,649 - INFO - Scraping 644/6851: https://www.refurbed.de/p/asus-zenbook-14-um425qa-9-5900hx/
2026-05-24 04:13:29,206 - INFO - Scraping 645/6851: https://www.refurbed.de/p/asus-zenbook-14-um425qa/
2026-05-24 04:13:30,610 - INFO - Scraping 646/6851: https://www.refurbed.de/p/asus-zenbook-14-um425ua-ki189t/
2026-05-24 04:13:31,976 - INFO - Scraping 647/6851: https://www.refurbed.de/p/asus-zenbook-14-um425uaz-ki016/
2026-05-24 04:13:33,395 - INFO - Scraping 648/6851: https://www.refurbed.de/p/asus-zenbook-14-um425uaz-ki203t/
2026-05-24 04:13:35,037 - INFO - Scraping 649/6851: https://www.refurbed.de/p/asus-zenbook-14-ux410u-i7-8550u/
2026-05-24 04:13:35,277 - ERROR - Error fetching https://www.refurbed.de/p/asus-zenbook-14-ux410u-i7-8550u/: 404 Client Error: Not Found for url: https://www.refurbed.de/p/asus-zenbook-14-ux410u-i7-8550u/
2026-05-24 04:13:36,279 - INFO - Scraping 650/6851: https://www.refurbed.de/p/asus-zenbook-14-ux425ea-1135g7/
2026-05-24 04:13:37,656 - INFO - Scraping 651/6851: https://www.refurbed.de/p/asus-zenbook-14-ux425ea-1165g7/
2026-05-24 04:13:39,210 - INFO - Scraping 652/6851: https://www.refurbed.de/p/asus-zenbook-14-ux425ia-4700u/
2026-05-24 04:13:40,592 - INFO - Scraping 653/6851: https://www.refurbed.de/p/asus-zenbook-14-ux425ja-1035g1/
2026-05-24 04:13:42,049 - INFO - Scraping 654/6851: https://www.refurbed.de/p/asus-zenbook-14-ux425qa-5800h/
2026-05-24 04:13:43,435 - INFO - Scraping 655/6851: https://www.refurbed.de/p/asus-zenbook-14-ux434fac-a5091t/
2026-05-24 04:13:44,853 - INFO - Scraping 656/6851: https://www.refurbed.de/p/asus-zenbook-14-ux435eg-1165g7/
2026-05-24 04:13:46,404 - INFO - Scraping 657/6851: https://www.refurbed.de/p/asus-zenbook-14/
2026-05-24 04:13:47,828 - INFO - Scraping 658/6851: https://www.refurbed.de/p/asus-zenbook-14x-oled-5600h/
2026-05-24 04:13:49,200 - INFO - Scraping 659/6851: https://www.refurbed.de/p/asus-zenbook-14x-oled-un5401qa/
2026-05-24 04:13:50,627 - INFO - Scraping 660/6851: https://www.refurbed.de/p/asus-zenbook-15-ux534ft-a8145t/
2026-05-24 04:13:52,011 - INFO - Scraping 661/6851: https://www.refurbed.de/p/asus-zenbook-17-fold-oled-ux9702/
2026-05-24 04:13:53,596 - INFO - Scraping 662/6851: https://www.refurbed.de/p/asus-zenbook-duo-ux481fl-bm044t/
2026-05-24 04:13:55,027 - INFO - Scraping 663/6851: https://www.refurbed.de/p/asus-zenbook-flip-13-1035g4/
2026-05-24 04:13:56,373 - INFO - Scraping 664/6851: https://www.refurbed.de/p/asus-zenbook-flip-13-i7-1165g7/
2026-05-24 04:13:57,765 - INFO - Scraping 665/6851: https://www.refurbed.de/p/asus-zenbook-flip-15-7-4700u/
2026-05-24 04:13:59,171 - INFO - Scraping 666/6851: https://www.refurbed.de/p/asus-zenbook-flip-ux360uak-7500u/
2026-05-24 04:13:59,579 - ERROR - Error fetching https://www.refurbed.de/p/asus-zenbook-flip-ux360uak-7500u/: 404 Client Error: Not Found for url: https://www.refurbed.de/p/asus-zenbook-flip-ux360uak-7500u/
2026-05-24 04:14:00,581 - INFO - Scraping 667/6851: https://www.refurbed.de/p/asus-zenbook-flip14-10210u/
2026-05-24 04:14:02,042 - INFO - Scraping 668/6851: https://www.refurbed.de/p/asus-zenbook-flip14-i7-10510u/
2026-05-24 04:14:03,469 - INFO - Scraping 669/6851: https://www.refurbed.de/p/asus-zenbook-flip14-oled-12500h/
2026-05-24 04:14:04,826 - INFO - Scraping 670/6851: https://www.refurbed.de/p/asus-zenbook-flip14-oled-12700h/
2026-05-24 04:14:06,194 - INFO - Scraping 671/6851: https://www.refurbed.de/p/asus-zenbook-flip14x-oled-1260p/
2026-05-24 04:14:07,591 - INFO - Scraping 672/6851: https://www.refurbed.de/p/asus-zenbook-pro-14-ux450/
2026-05-24 04:14:09,021 - INFO - Scraping 673/6851: https://www.refurbed.de/p/asus-zenbook-pro-14-ux480fd/
2026-05-24 04:14:09,323 - ERROR - Error fetching https://www.refurbed.de/p/asus-zenbook-pro-14-ux480fd/: 404 Client Error: Not Found for url: https://www.refurbed.de/p/asus-zenbook-pro-14-ux480fd/
2026-05-24 04:14:10,325 - INFO - Scraping 674/6851: https://www.refurbed.de/p/asus-zenbook-pro-15-flip-oled-i7/
2026-05-24 04:14:11,768 - INFO - Scraping 675/6851: https://www.refurbed.de/p/asus-zenbook-pro-15-oled-5900hx/
2026-05-24 04:14:13,144 - INFO - Scraping 676/6851: https://www.refurbed.de/p/asus-zenbook-pro-17-9-6900hx/
2026-05-24 04:14:14,497 - INFO - Scraping 677/6851: https://www.refurbed.de/p/asus-zenbook-pro-duo-15-12900h/
2026-05-24 04:14:15,913 - INFO - Scraping 678/6851: https://www.refurbed.de/p/asus-zenbook-pro-duo-15-ux582hs/
2026-05-24 04:14:17,284 - INFO - Scraping 679/6851: https://www.refurbed.de/p/asus-zenbook-pro-duo-15-ux582zm/
2026-05-24 04:14:18,784 - INFO - Scraping 680/6851: https://www.refurbed.de/p/asus-zenbook-pro-duo-ux581gv/
2026-05-24 04:14:20,349 - INFO - Scraping 681/6851: https://www.refurbed.de/p/asus-zenbook-s-13-flip-1135g7/
2026-05-24 04:14:21,741 - INFO - Scraping 682/6851: https://www.refurbed.de/p/asus-zenbook-s-13-flip-1260p/
2026-05-24 04:14:23,142 - INFO - Scraping 683/6851: https://www.refurbed.de/p/asus-zenbook-s-13-oled-6800u/
2026-05-24 04:14:24,534 - INFO - Scraping 684/6851: https://www.refurbed.de/p/asus-zenbook-s-13-oled-ux5304va/
2026-05-24 04:14:25,974 - INFO - Scraping 685/6851: https://www.refurbed.de/p/asus-zenbook-s-16-oled-9hx370/
2026-05-24 04:14:27,449 - INFO - Scraping 686/6851: https://www.refurbed.de/p/asus-zenbook-ux301la-4200u-13-3/
2026-05-24 04:14:27,681 - ERROR - Error fetching https://www.refurbed.de/p/asus-zenbook-ux301la-4200u-13-3/: 404 Client Error: Not Found for url: https://www.refurbed.de/p/asus-zenbook-ux301la-4200u-13-3/
2026-05-24 04:14:28,683 - INFO - Scraping 687/6851: https://www.refurbed.de/p/asus-zenbook-ux430ua-8250u-14/
2026-05-24 04:14:30,211 - INFO - Scraping 688/6851: https://www.refurbed.de/p/beko-bbim13500xpsw/
2026-05-24 04:14:31,589 - INFO - Scraping 689/6851: https://www.refurbed.de/p/beko-hdmi-32400-dtx/
2026-05-24 04:14:33,017 - INFO - Scraping 690/6851: https://www.refurbed.de/p/benq-bl2201pt/
2026-05-24 04:14:34,479 - INFO - Scraping 691/6851: https://www.refurbed.de/p/benq-bl2405ht-24/
2026-05-24 04:14:36,027 - INFO - Scraping 692/6851: https://www.refurbed.de/p/benq-bl2410pt/
2026-05-24 04:14:37,410 - INFO - Scraping 693/6851: https://www.refurbed.de/p/benq-bl2420z/
2026-05-24 04:14:38,785 - INFO - Scraping 694/6851: https://www.refurbed.de/p/benq-g2251tm/
2026-05-24 04:14:40,159 - INFO - Scraping 695/6851: https://www.refurbed.de/p/benq-gl2450/
2026-05-24 04:14:41,637 - INFO - Scraping 696/6851: https://www.refurbed.de/p/benq-gl2450e/
2026-05-24 04:14:43,048 - INFO - Scraping 697/6851: https://www.refurbed.de/p/benq-gl2460/
2026-05-24 04:14:44,445 - INFO - Scraping 698/6851: https://www.refurbed.de/p/benq-gl2760h/
2026-05-24 04:14:45,997 - INFO - Scraping 699/6851: https://www.refurbed.de/p/benq-gw2780t/
2026-05-24 04:14:47,348 - INFO - Scraping 700/6851: https://www.refurbed.de/p/benq-th685i/
2026-05-24 04:14:48,770 - INFO - Scraping 701/6851: https://www.refurbed.de/p/benq-w1210st/
2026-05-24 04:14:50,303 - INFO - Scraping 702/6851: https://www.refurbed.de/p/benq-w2000/
2026-05-24 04:14:51,652 - INFO - Scraping 703/6851: https://www.refurbed.de/p/benq-w2700i/
2026-05-24 04:14:53,026 - INFO - Scraping 704/6851: https://www.refurbed.de/p/benq-zowie-xl2411p-24/
2026-05-24 04:14:54,417 - INFO - Scraping 705/6851: https://www.refurbed.de/p/bundle-laptop-ch-65w-ca-100w/
2026-05-24 04:14:56,088 - INFO - Scraping 706/6851: https://www.refurbed.de/p/d-link-av1000-dhp-w611av/
2026-05-24 04:14:57,461 - INFO - Scraping 707/6851: https://www.refurbed.de/p/d-link-dhp-601av-1000hd-kit/
2026-05-24 04:14:58,829 - INFO - Scraping 708/6851: https://www.refurbed.de/p/d-link-dhp-p601av-1000-hd/
2026-05-24 04:15:00,261 - INFO - Scraping 709/6851: https://www.refurbed.de/p/d-link-pl-av-500-hd-dhp-p509av-e/
2026-05-24 04:15:01,673 - INFO - Scraping 710/6851: https://www.refurbed.de/p/dell-07wj8n-kit/
2026-05-24 04:15:03,088 - INFO - Scraping 711/6851: https://www.refurbed.de/p/dell-0f4xhp/
2026-05-24 04:15:04,538 - INFO - Scraping 712/6851: https://www.refurbed.de/p/dell-0fpc2y/
2026-05-24 04:15:05,937 - INFO - Scraping 713/6851: https://www.refurbed.de/p/dell-0mv2mm/
2026-05-24 04:15:07,419 - INFO - Scraping 714/6851: https://www.refurbed.de/p/dell-0n243x-type-a5-rack-rail/
2026-05-24 04:15:08,731 - INFO - Scraping 715/6851: https://www.refurbed.de/p/dell-0rxnt1/
2026-05-24 04:15:10,173 - INFO - Scraping 716/6851: https://www.refurbed.de/p/dell-0yd9w8/
2026-05-24 04:15:11,598 - INFO - Scraping 717/6851: https://www.refurbed.de/p/dell-1u-kit-n4000-n2000/
2026-05-24 04:15:12,986 - INFO - Scraping 718/6851: https://www.refurbed.de/p/dell-2009wt-20/
2026-05-24 04:15:14,356 - INFO - Scraping 719/6851: https://www.refurbed.de/p/dell-2u-ready-sliding-rail-kit/
2026-05-24 04:15:15,932 - INFO - Scraping 720/6851: https://www.refurbed.de/p/dell-3-5-inch-2-5-inch-hdd-caddy/
2026-05-24 04:15:17,596 - INFO - Scraping 721/6851: https://www.refurbed.de/p/dell-3008wfp/
2026-05-24 04:15:19,793 - INFO - Scraping 722/6851: https://www.refurbed.de/p/dell-450-abfs/
2026-05-24 04:15:21,705 - INFO - Scraping 723/6851: https://www.refurbed.de/p/dell-450-ahrg/
2026-05-24 04:15:23,206 - INFO - Scraping 724/6851: https://www.refurbed.de/p/dell-450-bbny/
2026-05-24 04:15:24,889 - INFO - Scraping 725/6851: https://www.refurbed.de/p/dell-6ryj9-dc-power-supply/
2026-05-24 04:15:26,264 - INFO - Scraping 726/6851: https://www.refurbed.de/p/dell-7030-rug-extrem-1240u-nocam/
2026-05-24 04:15:27,730 - INFO - Scraping 727/6851: https://www.refurbed.de/p/dell-7320-2-in-1-i7-1165g/
2026-05-24 04:15:29,298 - INFO - Scraping 728/6851: https://www.refurbed.de/p/dell-7320-2-in-1-i7-1185g7/
2026-05-24 04:15:30,817 - INFO - Scraping 729/6851: https://www.refurbed.de/p/dell-7330-2-in-1-i5-1245u/
2026-05-24 04:15:32,373 - INFO - Scraping 730/6851: https://www.refurbed.de/p/dell-7420-2-in-1-i5-1145g7/
2026-05-24 04:15:34,229 - INFO - Scraping 731/6851: https://www.refurbed.de/p/dell-7420-2-in-1-i7-1165g7/
2026-05-24 04:15:35,794 - INFO - Scraping 732/6851: https://www.refurbed.de/p/dell-7420-2-in-1-i7-1185g7/
2026-05-24 04:15:37,350 - INFO - Scraping 733/6851: https://www.refurbed.de/p/dell-9txk7/
2026-05-24 04:15:38,732 - INFO - Scraping 734/6851: https://www.refurbed.de/p/dell-advanced-laser-projector/
2026-05-24 04:15:40,108 - INFO - Scraping 735/6851: https://www.refurbed.de/p/dell-alienwa-area-51m-r2-10900k/
2026-05-24 04:15:41,556 - INFO - Scraping 736/6851: https://www.refurbed.de/p/dell-alienware-15-r4-8750h-15-6/
2026-05-24 04:15:43,050 - INFO - Scraping 737/6851: https://www.refurbed.de/p/dell-alienware-17-r4-7700hq-17-3/
2026-05-24 04:15:43,307 - ERROR - Error fetching https://www.refurbed.de/p/dell-alienware-17-r4-7700hq-17-3/: 404 Client Error: Not Found for url: https://www.refurbed.de/p/dell-alienware-17-r4-7700hq-17-3/
2026-05-24 04:15:44,309 - INFO - Scraping 738/6851: https://www.refurbed.de/p/dell-alienware-17-r4-7820hk-17-3/
2026-05-24 04:15:44,580 - ERROR - Error fetching https://www.refurbed.de/p/dell-alienware-17-r4-7820hk-17-3/: 404 Client Error: Not Found for url: https://www.refurbed.de/p/dell-alienware-17-r4-7820hk-17-3/
2026-05-24 04:15:45,582 - INFO - Scraping 739/6851: https://www.refurbed.de/p/dell-alienware-aurora-r10/
2026-05-24 04:15:47,007 - INFO - Scraping 740/6851: https://www.refurbed.de/p/dell-alienware-aurora-r13/
2026-05-24 04:15:48,389 - INFO - Scraping 741/6851: https://www.refurbed.de/p/dell-alienware-aurora-r8/
2026-05-24 04:15:49,872 - INFO - Scraping 742/6851: https://www.refurbed.de/p/dell-alienware-aw2518h-24-5/
2026-05-24 04:15:51,321 - INFO - Scraping 743/6851: https://www.refurbed.de/p/dell-alienware-aw2518hf-24-5/
2026-05-24 04:15:52,701 - INFO - Scraping 744/6851: https://www.refurbed.de/p/dell-alienware-aw2521hfa-24-5/
2026-05-24 04:15:54,050 - INFO - Scraping 745/6851: https://www.refurbed.de/p/dell-alienware-aw2521hfla-24-5/
2026-05-24 04:15:55,406 - INFO - Scraping 746/6851: https://www.refurbed.de/p/dell-alienware-aw2523hf/
2026-05-24 04:15:56,839 - INFO - Scraping 747/6851: https://www.refurbed.de/p/dell-alienware-aw2524hf/
2026-05-24 04:15:58,272 - INFO - Scraping 748/6851: https://www.refurbed.de/p/dell-alienware-aw2720hfa-27/
2026-05-24 04:15:59,659 - INFO - Scraping 749/6851: https://www.refurbed.de/p/dell-alienware-aw2721d/
2026-05-24 04:16:01,045 - INFO - Scraping 750/6851: https://www.refurbed.de/p/dell-alienware-aw2723df/
2026-05-24 04:16:02,467 - INFO - Scraping 751/6851: https://www.refurbed.de/p/dell-alienware-aw2724dm/
2026-05-24 04:16:04,040 - INFO - Scraping 752/6851: https://www.refurbed.de/p/dell-alienware-aw2724hf/
2026-05-24 04:16:05,623 - INFO - Scraping 753/6851: https://www.refurbed.de/p/dell-alienware-aw2725df/
2026-05-24 04:16:06,997 - INFO - Scraping 754/6851: https://www.refurbed.de/p/dell-alienware-aw2725qf-27/
2026-05-24 04:16:08,407 - INFO - Scraping 755/6851: https://www.refurbed.de/p/dell-alienware-aw3225qf-31-6/
2026-05-24 04:16:09,843 - INFO - Scraping 756/6851: https://www.refurbed.de/p/dell-alienware-aw3420dw-34/
2026-05-24 04:16:11,248 - INFO - Scraping 757/6851: https://www.refurbed.de/p/dell-alienware-aw3423dw-34-18/
2026-05-24 04:16:12,708 - INFO - Scraping 758/6851: https://www.refurbed.de/p/dell-alienware-aw3423dwf-34-18/
2026-05-24 04:16:14,167 - INFO - Scraping 759/6851: https://www.refurbed.de/p/dell-alienware-aw3821dw/
2026-05-24 04:16:15,603 - INFO - Scraping 760/6851: https://www.refurbed.de/p/dell-alienware-aw768-pro/
2026-05-24 04:16:16,961 - INFO - Scraping 761/6851: https://www.refurbed.de/p/dell-alienware-m15-r1-8750h-15-6/
2026-05-24 04:16:18,427 - INFO - Scraping 762/6851: https://www.refurbed.de/p/dell-alienware-m15-r2-i7-6700hq/
2026-05-24 04:16:18,687 - ERROR - Error fetching https://www.refurbed.de/p/dell-alienware-m15-r2-i7-6700hq/: 404 Client Error: Not Found for url: https://www.refurbed.de/p/dell-alienware-m15-r2-i7-6700hq/
2026-05-24 04:16:19,689 - INFO - Scraping 763/6851: https://www.refurbed.de/p/dell-alienware-m15-r2-i7-9750h/
2026-05-24 04:16:21,113 - INFO - Scraping 764/6851: https://www.refurbed.de/p/dell-alienware-m15-r5-7-5800h/
2026-05-24 04:16:22,708 - INFO - Scraping 765/6851: https://www.refurbed.de/p/dell-alienware-m15-r5-9-5900hx/
2026-05-24 04:16:24,067 - INFO - Scraping 766/6851: https://www.refurbed.de/p/dell-alienware-m15-r6-i5-11400h/
2026-05-24 04:16:25,657 - INFO - Scraping 767/6851: https://www.refurbed.de/p/dell-alienware-m15-r7-i7-12700h/
2026-05-24 04:16:27,049 - INFO - Scraping 768/6851: https://www.refurbed.de/p/dell-alienware-m17-r3-70870h/
2026-05-24 04:16:28,493 - INFO - Scraping 769/6851: https://www.refurbed.de/p/dell-alienware-m17-r4-10870h/
2026-05-24 04:16:29,853 - INFO - Scraping 770/6851: https://www.refurbed.de/p/dell-alienware-m18-r1-i9-13900hx/
2026-05-24 04:16:31,242 - INFO - Scraping 771/6851: https://www.refurbed.de/p/dell-alienware-x14-r1-i7-12700h/
2026-05-24 04:16:32,857 - INFO - Scraping 772/6851: https://www.refurbed.de/p/dell-alienware-x17-r2-12900hk/
2026-05-24 04:16:34,245 - INFO - Scraping 773/6851: https://www.refurbed.de/p/dell-alienware-x51-r3/
2026-05-24 04:16:34,519 - ERROR - Error fetching https://www.refurbed.de/p/dell-alienware-x51-r3/: 404 Client Error: Not Found for url: https://www.refurbed.de/p/dell-alienware-x51-r3/
2026-05-24 04:16:35,522 - INFO - Scraping 774/6851: https://www.refurbed.de/p/dell-c2422he-23-8/
2026-05-24 04:16:37,081 - INFO - Scraping 775/6851: https://www.refurbed.de/p/dell-c2423h-23-8/
2026-05-24 04:16:38,483 - INFO - Scraping 776/6851: https://www.refurbed.de/p/dell-c2722de-27/
2026-05-24 04:16:39,954 - INFO - Scraping 777/6851: https://www.refurbed.de/p/dell-c2723h-27/
2026-05-24 04:16:41,389 - INFO - Scraping 778/6851: https://www.refurbed.de/p/dell-c3422we-34/
2026-05-24 04:16:43,094 - INFO - Scraping 779/6851: https://www.refurbed.de/p/dell-c5518qt-55/
2026-05-24 04:16:44,537 - INFO - Scraping 780/6851: https://www.refurbed.de/p/dell-c5519q/
2026-05-24 04:16:45,941 - INFO - Scraping 781/6851: https://www.refurbed.de/p/dell-c5522qt-54-6/
2026-05-24 04:16:47,321 - INFO - Scraping 782/6851: https://www.refurbed.de/p/dell-c6522qt/
2026-05-24 04:16:48,690 - INFO - Scraping 783/6851: https://www.refurbed.de/p/dell-c7017t/
2026-05-24 04:16:50,105 - INFO - Scraping 784/6851: https://www.refurbed.de/p/dell-c7520qt/
2026-05-24 04:16:51,676 - INFO - Scraping 785/6851: https://www.refurbed.de/p/dell-c8618qt-86/
2026-05-24 04:16:53,091 - INFO - Scraping 786/6851: https://www.refurbed.de/p/dell-c8621qt/
2026-05-24 04:16:54,498 - INFO - Scraping 787/6851: https://www.refurbed.de/p/dell-canvas-27/
2026-05-24 04:16:55,892 - INFO - Scraping 788/6851: https://www.refurbed.de/p/dell-cb-3110-2-in-1-n4500/
2026-05-24 04:16:57,480 - INFO - Scraping 789/6851: https://www.refurbed.de/p/dell-cb-3110-2-in-1-n5100/
2026-05-24 04:16:59,025 - INFO - Scraping 790/6851: https://www.refurbed.de/p/dell-chromebook-11-3120-n2840/
2026-05-24 04:17:00,450 - INFO - Scraping 791/6851: https://www.refurbed.de/p/dell-chromebook-11-3180-n3060/
2026-05-24 04:17:02,053 - INFO - Scraping 792/6851: https://www.refurbed.de/p/dell-chromebook-11-3189-n3060/
2026-05-24 04:17:03,552 - INFO - Scraping 793/6851: https://www.refurbed.de/p/dell-chromebook-3100-n4020/
2026-05-24 04:17:05,192 - INFO - Scraping 794/6851: https://www.refurbed.de/p/dell-da200/
2026-05-24 04:17:06,667 - INFO - Scraping 795/6851: https://www.refurbed.de/p/dell-da65ns3-00/
2026-05-24 04:17:08,058 - INFO - Scraping 796/6851: https://www.refurbed.de/p/dell-dock-3000/
2026-05-24 04:17:09,434 - INFO - Scraping 797/6851: https://www.refurbed.de/p/dell-dock-d1000/
2026-05-24 04:17:10,853 - INFO - Scraping 798/6851: https://www.refurbed.de/p/dell-dock-d3100/
2026-05-24 04:17:12,468 - INFO - Scraping 799/6851: https://www.refurbed.de/p/dell-dock-d6000/
2026-05-24 04:17:14,109 - INFO - Scraping 800/6851: https://www.refurbed.de/p/dell-dock-d6000s/
2026-05-24 04:17:15,571 - INFO - Scraping 801/6851: https://www.refurbed.de/p/dell-dock-wd15/
2026-05-24 04:17:16,932 - INFO - Scraping 802/6851: https://www.refurbed.de/p/dell-dock-wd19/
2026-05-24 04:17:18,390 - INFO - Scraping 803/6851: https://www.refurbed.de/p/dell-dock-wd19s/
2026-05-24 04:17:20,109 - INFO - Scraping 804/6851: https://www.refurbed.de/p/dell-e-port-pr03x-dock/
2026-05-24 04:17:21,550 - INFO - Scraping 805/6851: https://www.refurbed.de/p/dell-e1715s-17/
2026-05-24 04:17:22,912 - INFO - Scraping 806/6851: https://www.refurbed.de/p/dell-e1908wfp-19/
2026-05-24 04:17:24,323 - INFO - Scraping 807/6851: https://www.refurbed.de/p/dell-e1912h-18-5/
2026-05-24 04:17:25,720 - INFO - Scraping 808/6851: https://www.refurbed.de/p/dell-e1916h-18-5/
2026-05-24 04:17:27,166 - INFO - Scraping 809/6851: https://www.refurbed.de/p/dell-e1916hv-18-5/
2026-05-24 04:17:28,535 - INFO - Scraping 810/6851: https://www.refurbed.de/p/dell-e1920h-18-5/
2026-05-24 04:17:30,022 - INFO - Scraping 811/6851: https://www.refurbed.de/p/dell-e2014h/
2026-05-24 04:17:31,687 - INFO - Scraping 812/6851: https://www.refurbed.de/p/dell-e2016h-19-5/
2026-05-24 04:17:33,183 - INFO - Scraping 813/6851: https://www.refurbed.de/p/dell-e2016hv-19-5/
2026-05-24 04:17:34,604 - INFO - Scraping 814/6851: https://www.refurbed.de/p/dell-e2020h-19-5/
2026-05-24 04:17:35,984 - INFO - Scraping 815/6851: https://www.refurbed.de/p/dell-e2211h-21/
2026-05-24 04:17:37,522 - INFO - Scraping 816/6851: https://www.refurbed.de/p/dell-e2214h-21/
2026-05-24 04:17:39,203 - INFO - Scraping 817/6851: https://www.refurbed.de/p/dell-e2216h-21/
2026-05-24 04:17:41,656 - INFO - Scraping 818/6851: https://www.refurbed.de/p/dell-e2216hv-21/
2026-05-24 04:17:43,656 - INFO - Scraping 819/6851: https://www.refurbed.de/p/dell-e2218hn/
2026-05-24 04:17:45,289 - INFO - Scraping 820/6851: https://www.refurbed.de/p/dell-e2221hn-21-5/
2026-05-24 04:17:46,841 - INFO - Scraping 821/6851: https://www.refurbed.de/p/dell-e2222h-21-5/
2026-05-24 04:17:48,535 - INFO - Scraping 822/6851: https://www.refurbed.de/p/dell-e2222hs-21-5/
2026-05-24 04:17:50,125 - INFO - Scraping 823/6851: https://www.refurbed.de/p/dell-e2223hn-21-5/
2026-05-24 04:17:51,529 - INFO - Scraping 824/6851: https://www.refurbed.de/p/dell-e2223hv-21-5/
2026-05-24 04:17:52,918 - INFO - Scraping 825/6851: https://www.refurbed.de/p/dell-e2311h-23/
2026-05-24 04:17:54,354 - INFO - Scraping 826/6851: https://www.refurbed.de/p/dell-e2316h-23/
2026-05-24 04:17:55,998 - INFO - Scraping 827/6851: https://www.refurbed.de/p/dell-e2318h/
2026-05-24 04:17:57,518 - INFO - Scraping 828/6851: https://www.refurbed.de/p/dell-e2414h-24/
2026-05-24 04:17:58,954 - INFO - Scraping 829/6851: https://www.refurbed.de/p/dell-e2416h-24/
2026-05-24 04:18:00,337 - INFO - Scraping 830/6851: https://www.refurbed.de/p/dell-e2417h-23-8/
2026-05-24 04:18:01,861 - INFO - Scraping 831/6851: https://www.refurbed.de/p/dell-e2420h/
2026-05-24 04:18:03,268 - INFO - Scraping 832/6851: https://www.refurbed.de/p/dell-e2420hs-23-8/
2026-05-24 04:18:04,836 - INFO - Scraping 833/6851: https://www.refurbed.de/p/dell-e2422h/
2026-05-24 04:18:06,355 - INFO - Scraping 834/6851: https://www.refurbed.de/p/dell-e2422hn-23-8/
2026-05-24 04:18:07,768 - INFO - Scraping 835/6851: https://www.refurbed.de/p/dell-e2422hs/
2026-05-24 04:18:09,139 - INFO - Scraping 836/6851: https://www.refurbed.de/p/dell-e2423h-23-8/
2026-05-24 04:18:10,626 - INFO - Scraping 837/6851: https://www.refurbed.de/p/dell-e2423hn-23-8/
2026-05-24 04:18:12,182 - INFO - Scraping 838/6851: https://www.refurbed.de/p/dell-e2424hs/
2026-05-24 04:18:13,575 - INFO - Scraping 839/6851: https://www.refurbed.de/p/dell-e2425h/
2026-05-24 04:18:15,078 - INFO - Scraping 840/6851: https://www.refurbed.de/p/dell-e2720hs/
2026-05-24 04:18:16,418 - INFO - Scraping 841/6851: https://www.refurbed.de/p/dell-e2722h-27/
2026-05-24 04:18:17,836 - INFO - Scraping 842/6851: https://www.refurbed.de/p/dell-e2722hs/
2026-05-24 04:18:19,289 - INFO - Scraping 843/6851: https://www.refurbed.de/p/dell-e2723h-27/
2026-05-24 04:18:20,705 - INFO - Scraping 844/6851: https://www.refurbed.de/p/dell-e2723hn-27/
2026-05-24 04:18:22,083 - INFO - Scraping 845/6851: https://www.refurbed.de/p/dell-e2724hs-27/
2026-05-24 04:18:23,461 - INFO - Scraping 846/6851: https://www.refurbed.de/p/dell-e2725h/
2026-05-24 04:18:24,958 - INFO - Scraping 847/6851: https://www.refurbed.de/p/dell-g15-5510-i7-10870h/
2026-05-24 04:18:26,550 - INFO - Scraping 848/6851: https://www.refurbed.de/p/dell-g15-5511-i7-11800h/
2026-05-24 04:18:27,949 - INFO - Scraping 849/6851: https://www.refurbed.de/p/dell-g15-5515-r7-5800h-15-6/
2026-05-24 04:18:29,334 - INFO - Scraping 850/6851: https://www.refurbed.de/p/dell-g16-7630-i7-13650hx/
2026-05-24 04:18:30,725 - INFO - Scraping 851/6851: https://www.refurbed.de/p/dell-g16-7630-i9-13900hx/
2026-05-24 04:18:32,163 - INFO - Scraping 852/6851: https://www.refurbed.de/p/dell-g2410-24/
2026-05-24 04:18:33,725 - INFO - Scraping 853/6851: https://www.refurbed.de/p/dell-g2422hs-23-8/
2026-05-24 04:18:35,265 - INFO - Scraping 854/6851: https://www.refurbed.de/p/dell-g2524h-24-5/
2026-05-24 04:18:36,669 - INFO - Scraping 855/6851: https://www.refurbed.de/p/dell-g2722hs-27/
2026-05-24 04:18:38,079 - INFO - Scraping 856/6851: https://www.refurbed.de/p/dell-g2723h-27/
2026-05-24 04:18:39,456 - INFO - Scraping 857/6851: https://www.refurbed.de/p/dell-g2723hn-27/
2026-05-24 04:18:40,819 - INFO - Scraping 858/6851: https://www.refurbed.de/p/dell-g2724d-27/
2026-05-24 04:18:42,247 - INFO - Scraping 859/6851: https://www.refurbed.de/p/dell-g2725d-27/
2026-05-24 04:18:43,696 - INFO - Scraping 860/6851: https://www.refurbed.de/p/dell-g3-15-3500-10750h/
2026-05-24 04:18:45,062 - INFO - Scraping 861/6851: https://www.refurbed.de/p/dell-g3-15-3579-i5-8300h-15-6/
2026-05-24 04:18:46,448 - INFO - Scraping 862/6851: https://www.refurbed.de/p/dell-g3-15-3590-9750h-15-6/
2026-05-24 04:18:47,812 - INFO - Scraping 863/6851: https://www.refurbed.de/p/dell-g3-15-3590-i5-9300h-15-6/
2026-05-24 04:18:49,307 - INFO - Scraping 864/6851: https://www.refurbed.de/p/dell-g3223d-31-5/
2026-05-24 04:18:50,729 - INFO - Scraping 865/6851: https://www.refurbed.de/p/dell-g3223q-32/
2026-05-24 04:18:52,078 - INFO - Scraping 866/6851: https://www.refurbed.de/p/dell-g5-15-i5-8300h/
2026-05-24 04:18:53,446 - INFO - Scraping 867/6851: https://www.refurbed.de/p/dell-g5-15-se-5505-5-4600h/
2026-05-24 04:18:54,817 - INFO - Scraping 868/6851: https://www.refurbed.de/p/dell-ha45nm131/
2026-05-24 04:18:56,240 - INFO - Scraping 869/6851: https://www.refurbed.de/p/dell-inspi-13-7306-2-in-1-1135g7/
2026-05-24 04:18:57,603 - INFO - Scraping 870/6851: https://www.refurbed.de/p/dell-inspi-13-7306-2-in-1-1165g7/
2026-05-24 04:18:59,179 - INFO - Scraping 871/6851: https://www.refurbed.de/p/dell-inspi-13-7378-i7-7500u/
2026-05-24 04:18:59,437 - ERROR - Error fetching https://www.refurbed.de/p/dell-inspi-13-7378-i7-7500u/: 404 Client Error: Not Found for url: https://www.refurbed.de/p/dell-inspi-13-7378-i7-7500u/
2026-05-24 04:19:00,439 - INFO - Scraping 872/6851: https://www.refurbed.de/p/dell-inspi-13-7386-2-in-1-8565u/
2026-05-24 04:19:01,817 - INFO - Scraping 873/6851: https://www.refurbed.de/p/dell-inspi-13-7391-2-in-1-10510u/
2026-05-24 04:19:03,272 - INFO - Scraping 874/6851: https://www.refurbed.de/p/dell-inspi-13-7391-i5-10210u/
2026-05-24 04:19:04,628 - INFO - Scraping 875/6851: https://www.refurbed.de/p/dell-inspi-7320-1165g7/
2026-05-24 04:19:06,028 - INFO - Scraping 876/6851: https://www.refurbed.de/p/dell-inspir-15-5579-2-in-1-8250u/
2026-05-24 04:19:07,485 - INFO - Scraping 877/6851: https://www.refurbed.de/p/dell-inspir-16-7620-2-in-1-1260p/
2026-05-24 04:19:08,845 - INFO - Scraping 878/6851: https://www.refurbed.de/p/dell-inspirion-14-5400-i7-1065g7/
2026-05-24 04:19:10,272 - INFO - Scraping 879/6851: https://www.refurbed.de/p/dell-inspirion-14-5400/
2026-05-24 04:19:11,655 - INFO - Scraping 880/6851: https://www.refurbed.de/p/dell-inspirion-14-5410-i5-11320h/
2026-05-24 04:19:13,043 - INFO - Scraping 881/6851: https://www.refurbed.de/p/dell-inspirion-14-5410-i5-1155g7/
2026-05-24 04:19:14,425 - INFO - Scraping 882/6851: https://www.refurbed.de/p/dell-inspirion-14-5410-i7-1195g7/
2026-05-24 04:19:15,849 - INFO - Scraping 883/6851: https://www.refurbed.de/p/dell-inspirion-14-7420-i7-1255u/
2026-05-24 04:19:17,305 - INFO - Scraping 884/6851: https://www.refurbed.de/p/dell-inspirion-17-5749-i3-5005u/
2026-05-24 04:19:17,547 - ERROR - Error fetching https://www.refurbed.de/p/dell-inspirion-17-5749-i3-5005u/: 404 Client Error: Not Found for url: https://www.refurbed.de/p/dell-inspirion-17-5749-i3-5005u/
2026-05-24 04:19:18,551 - INFO - Scraping 885/6851: https://www.refurbed.de/p/dell-inspirion-17-5758-i3-5015u/
2026-05-24 04:19:18,782 - ERROR - Error fetching https://www.refurbed.de/p/dell-inspirion-17-5758-i3-5015u/: 404 Client Error: Not Found for url: https://www.refurbed.de/p/dell-inspirion-17-5758-i3-5015u/
2026-05-24 04:19:19,784 - INFO - Scraping 886/6851: https://www.refurbed.de/p/dell-inspirion-17-7791-i7-10510u/
2026-05-24 04:19:21,205 - INFO - Scraping 887/6851: https://www.refurbed.de/p/dell-inspiro-16-plus-7620-12700h/
2026-05-24 04:19:22,570 - INFO - Scraping 888/6851: https://www.refurbed.de/p/dell-inspiron-13-5301-i5-1135g7/
2026-05-24 04:19:23,927 - INFO - Scraping 889/6851: https://www.refurbed.de/p/dell-inspiron-13-5310-i5-11300h/
2026-05-24 04:19:25,532 - INFO - Scraping 890/6851: https://www.refurbed.de/p/dell-inspiron-13-5378-i5-7200u/
2026-05-24 04:19:25,768 - ERROR - Error fetching https://www.refurbed.de/p/dell-inspiron-13-5378-i5-7200u/: 404 Client Error: Not Found for url: https://www.refurbed.de/p/dell-inspiron-13-5378-i5-7200u/
2026-05-24 04:19:26,770 - INFO - Scraping 891/6851: https://www.refurbed.de/p/dell-inspiron-13-5378-i5-8250u/
2026-05-24 04:19:28,314 - INFO - Scraping 892/6851: https://www.refurbed.de/p/dell-inspiron-13-5391-i5-10210u/
2026-05-24 04:19:29,720 - INFO - Scraping 893/6851: https://www.refurbed.de/p/dell-inspiron-13-7353-6500u-13/
2026-05-24 04:19:29,957 - ERROR - Error fetching https://www.refurbed.de/p/dell-inspiron-13-7353-6500u-13/: 404 Client Error: Not Found for url: https://www.refurbed.de/p/dell-inspiron-13-7353-6500u-13/
2026-05-24 04:19:30,960 - INFO - Scraping 894/6851: https://www.refurbed.de/p/dell-inspiron-13-7373-i5-8250u/
2026-05-24 04:19:32,380 - INFO - Scraping 895/6851: https://www.refurbed.de/p/dell-inspiron-14-5402-1135g7-14/
2026-05-24 04:19:33,816 - INFO - Scraping 896/6851: https://www.refurbed.de/p/dell-inspiron-14-5406/
2026-05-24 04:19:35,197 - INFO - Scraping 897/6851: https://www.refurbed.de/p/dell-inspiron-14-5410-i5-1135g7/
2026-05-24 04:19:35,443 - ERROR - Error fetching https://www.refurbed.de/p/dell-inspiron-14-5410-i5-1135g7/: 404 Client Error: Not Found for url: https://www.refurbed.de/p/dell-inspiron-14-5410-i5-1135g7/
2026-05-24 04:19:36,446 - INFO - Scraping 898/6851: https://www.refurbed.de/p/dell-inspiron-15-3000-i5-1035g1/
2026-05-24 04:19:37,943 - INFO - Scraping 899/6851: https://www.refurbed.de/p/dell-inspiron-15-3501-i3-1115g4/
2026-05-24 04:19:39,353 - INFO - Scraping 900/6851: https://www.refurbed.de/p/dell-inspiron-15-3501-i5-1035g1/
2026-05-24 04:19:40,761 - INFO - Scraping 901/6851: https://www.refurbed.de/p/dell-inspiron-15-3505-5300u/
2026-05-24 04:19:42,142 - INFO - Scraping 902/6851: https://www.refurbed.de/p/dell-inspiron-15-3511-i3-1115g4/
2026-05-24 04:19:43,524 - INFO - Scraping 903/6851: https://www.refurbed.de/p/dell-inspiron-15-3511-i5-1035g1/
2026-05-24 04:19:45,310 - INFO - Scraping 904/6851: https://www.refurbed.de/p/dell-inspiron-15-3520-i3-1215u/
2026-05-24 04:19:46,716 - INFO - Scraping 905/6851: https://www.refurbed.de/p/dell-inspiron-15-3520-i7-1255u/
2026-05-24 04:19:48,138 - INFO - Scraping 906/6851: https://www.refurbed.de/p/dell-inspiron-15-3567-7200u-15-6/
2026-05-24 04:19:48,408 - ERROR - Error fetching https://www.refurbed.de/p/dell-inspiron-15-3567-7200u-15-6/: 404 Client Error: Not Found for url: https://www.refurbed.de/p/dell-inspiron-15-3567-7200u-15-6/
2026-05-24 04:19:49,410 - INFO - Scraping 907/6851: https://www.refurbed.de/p/dell-inspiron-15-3567-i3-6006u/
2026-05-24 04:19:49,641 - ERROR - Error fetching https://www.refurbed.de/p/dell-inspiron-15-3567-i3-6006u/: 404 Client Error: Not Found for url: https://www.refurbed.de/p/dell-inspiron-15-3567-i3-6006u/
2026-05-24 04:19:50,644 - INFO - Scraping 908/6851: https://www.refurbed.de/p/dell-inspiron-15-3576-i5-8250u/
2026-05-24 04:19:52,182 - INFO - Scraping 909/6851: https://www.refurbed.de/p/dell-inspiron-15-3580-8145u-15-6/
2026-05-24 04:19:53,581 - INFO - Scraping 910/6851: https://www.refurbed.de/p/dell-inspiron-15-3580-8165u-15-6/
2026-05-24 04:19:53,964 - ERROR - Error fetching https://www.refurbed.de/p/dell-inspiron-15-3580-8165u-15-6/: 404 Client Error: Not Found for url: https://www.refurbed.de/p/dell-inspiron-15-3580-8165u-15-6/
2026-05-24 04:19:54,966 - INFO - Scraping 911/6851: https://www.refurbed.de/p/dell-inspiron-15-3583-i3-8145u/
2026-05-24 04:19:56,401 - INFO - Scraping 912/6851: https://www.refurbed.de/p/dell-inspiron-15-3583-i5-8265u/
2026-05-24 04:19:58,288 - INFO - Scraping 913/6851: https://www.refurbed.de/p/dell-inspiron-15-3590-i5-10210u/
2026-05-24 04:19:58,720 - ERROR - Error fetching https://www.refurbed.de/p/dell-inspiron-15-3590-i5-10210u/: 404 Client Error: Not Found for url: https://www.refurbed.de/p/dell-inspiron-15-3590-i5-10210u/
2026-05-24 04:19:59,722 - INFO - Scraping 914/6851: https://www.refurbed.de/p/dell-inspiron-15-3593-i5-1035g1/
2026-05-24 04:20:01,434 - INFO - Scraping 915/6851: https://www.refurbed.de/p/dell-inspiron-15-3593-i7-1065g7/
2026-05-24 04:20:03,612 - INFO - Scraping 916/6851: https://www.refurbed.de/p/dell-inspiron-15-5505-4500u/
2026-05-24 04:20:05,301 - INFO - Scraping 917/6851: https://www.refurbed.de/p/dell-inspiron-15-5548-i5-5200u/
2026-05-24 04:20:05,843 - ERROR - Error fetching https://www.refurbed.de/p/dell-inspiron-15-5548-i5-5200u/: 404 Client Error: Not Found for url: https://www.refurbed.de/p/dell-inspiron-15-5548-i5-5200u/
2026-05-24 04:20:06,845 - INFO - Scraping 918/6851: https://www.refurbed.de/p/dell-inspiron-15-5559-6200u-15-6/
2026-05-24 04:20:07,164 - ERROR - Error fetching https://www.refurbed.de/p/dell-inspiron-15-5559-6200u-15-6/: 404 Client Error: Not Found for url: https://www.refurbed.de/p/dell-inspiron-15-5559-6200u-15-6/
2026-05-24 04:20:08,166 - INFO - Scraping 919/6851: https://www.refurbed.de/p/dell-inspiron-15-5565-fx-9800p/
2026-05-24 04:20:08,622 - ERROR - Error fetching https://www.refurbed.de/p/dell-inspiron-15-5565-fx-9800p/: 404 Client Error: Not Found for url: https://www.refurbed.de/p/dell-inspiron-15-5565-fx-9800p/
2026-05-24 04:20:09,624 - INFO - Scraping 920/6851: https://www.refurbed.de/p/dell-inspiron-15-5567-7200u-15-6/
2026-05-24 04:20:09,853 - ERROR - Error fetching https://www.refurbed.de/p/dell-inspiron-15-5567-7200u-15-6/: 404 Client Error: Not Found for url: https://www.refurbed.de/p/dell-inspiron-15-5567-7200u-15-6/
2026-05-24 04:20:10,855 - INFO - Scraping 921/6851: https://www.refurbed.de/p/dell-inspiron-15-5567-7500u-15-6/
2026-05-24 04:20:11,091 - ERROR - Error fetching https://www.refurbed.de/p/dell-inspiron-15-5567-7500u-15-6/: 404 Client Error: Not Found for url: https://www.refurbed.de/p/dell-inspiron-15-5567-7500u-15-6/
2026-05-24 04:20:12,093 - INFO - Scraping 922/6851: https://www.refurbed.de/p/dell-inspiron-15-5568-i7-8550u/
2026-05-24 04:20:13,635 - INFO - Scraping 923/6851: https://www.refurbed.de/p/dell-inspiron-15-5570-8250u/
2026-05-24 04:20:15,048 - INFO - Scraping 924/6851: https://www.refurbed.de/p/dell-inspiron-15-5570-i7-8550u/
2026-05-24 04:20:16,451 - INFO - Scraping 925/6851: https://www.refurbed.de/p/dell-inspiron-15-5578-7200u/
2026-05-24 04:20:16,679 - ERROR - Error fetching https://www.refurbed.de/p/dell-inspiron-15-5578-7200u/: 404 Client Error: Not Found for url: https://www.refurbed.de/p/dell-inspiron-15-5578-7200u/
2026-05-24 04:20:17,681 - INFO - Scraping 926/6851: https://www.refurbed.de/p/dell-inspiron-15-5584-i7-8565u/
2026-05-24 04:20:19,054 - INFO - Scraping 927/6851: https://www.refurbed.de/p/dell-inspiron-15-5590-i5-10210u/
2026-05-24 04:20:20,495 - INFO - Scraping 928/6851: https://www.refurbed.de/p/dell-inspiron-15-5591-2-in-1/
2026-05-24 04:20:21,877 - INFO - Scraping 929/6851: https://www.refurbed.de/p/dell-inspiron-15-5593-i5-1035g1/
2026-05-24 04:20:23,286 - INFO - Scraping 930/6851: https://www.refurbed.de/p/dell-inspiron-15-7501-i5-10300h/
2026-05-24 04:20:24,820 - INFO - Scraping 931/6851: https://www.refurbed.de/p/dell-inspiron-15-7506-i5-1135g7/
2026-05-24 04:20:26,201 - INFO - Scraping 932/6851: https://www.refurbed.de/p/dell-inspiron-15-7548-i5-5200u/
2026-05-24 04:20:26,454 - ERROR - Error fetching https://www.refurbed.de/p/dell-inspiron-15-7548-i5-5200u/: 404 Client Error: Not Found for url: https://www.refurbed.de/p/dell-inspiron-15-7548-i5-5200u/
2026-05-24 04:20:27,457 - INFO - Scraping 933/6851: https://www.refurbed.de/p/dell-inspiron-15-7569-i7-8550u/
2026-05-24 04:20:28,990 - INFO - Scraping 934/6851: https://www.refurbed.de/p/dell-inspiron-15-7570-8550u-15-6/
2026-05-24 04:20:30,395 - INFO - Scraping 935/6851: https://www.refurbed.de/p/dell-inspiron-15-7570-i5-8250u/
2026-05-24 04:20:31,812 - INFO - Scraping 936/6851: https://www.refurbed.de/p/dell-inspiron-15-7579-7500u-15-6/
2026-05-24 04:20:32,057 - ERROR - Error fetching https://www.refurbed.de/p/dell-inspiron-15-7579-7500u-15-6/: 404 Client Error: Not Found for url: https://www.refurbed.de/p/dell-inspiron-15-7579-7500u-15-6/
2026-05-24 04:20:33,060 - INFO - Scraping 937/6851: https://www.refurbed.de/p/dell-inspiron-15-7586-i7-8565u/
2026-05-24 04:20:34,460 - INFO - Scraping 938/6851: https://www.refurbed.de/p/dell-inspiron-15-7590-i5-9300h/
2026-05-24 04:20:35,915 - INFO - Scraping 939/6851: https://www.refurbed.de/p/dell-inspiron-15-7590-i7-9750h/
2026-05-24 04:20:37,405 - INFO - Scraping 940/6851: https://www.refurbed.de/p/dell-inspiron-15-7591-2-1-10210u/
2026-05-24 04:20:38,874 - INFO - Scraping 941/6851: https://www.refurbed.de/p/dell-inspiron-15-7591-i7-10510u/
2026-05-24 04:20:40,251 - INFO - Scraping 942/6851: https://www.refurbed.de/p/dell-inspiron-16-5620-i7-1255u/
2026-05-24 04:20:41,618 - INFO - Scraping 943/6851: https://www.refurbed.de/p/dell-inspiron-16-plus-7610/
2026-05-24 04:20:42,980 - INFO - Scraping 944/6851: https://www.refurbed.de/p/dell-inspiron-17-7773-i5-8250u/
2026-05-24 04:20:44,495 - INFO - Scraping 945/6851: https://www.refurbed.de/p/dell-inspiron-17-7773-i7-8550u/
2026-05-24 04:20:45,885 - INFO - Scraping 946/6851: https://www.refurbed.de/p/dell-inspiron-3780-i7-8565u/
2026-05-24 04:20:46,122 - ERROR - Error fetching https://www.refurbed.de/p/dell-inspiron-3780-i7-8565u/: 404 Client Error: Not Found for url: https://www.refurbed.de/p/dell-inspiron-3780-i7-8565u/
2026-05-24 04:20:47,124 - INFO - Scraping 947/6851: https://www.refurbed.de/p/dell-inspiron-3780-i7-8665u/
2026-05-24 04:20:47,373 - ERROR - Error fetching https://www.refurbed.de/p/dell-inspiron-3780-i7-8665u/: 404 Client Error: Not Found for url: https://www.refurbed.de/p/dell-inspiron-3780-i7-8665u/
2026-05-24 04:20:48,375 - INFO - Scraping 948/6851: https://www.refurbed.de/p/dell-inspiron-3793-i3-1005g1/
2026-05-24 04:20:49,755 - INFO - Scraping 949/6851: https://www.refurbed.de/p/dell-inspiron-3793-i5-1035g1/
2026-05-24 04:20:51,316 - INFO - Scraping 950/6851: https://www.refurbed.de/p/dell-inspiron-5379-i7-8550u/
2026-05-24 04:20:52,698 - INFO - Scraping 951/6851: https://www.refurbed.de/p/dell-inspiron-5480-8265u-14/
2026-05-24 04:20:54,235 - INFO - Scraping 952/6851: https://www.refurbed.de/p/dell-inspiron-5482-8265u-14/
2026-05-24 04:20:54,492 - ERROR - Error fetching https://www.refurbed.de/p/dell-inspiron-5482-8265u-14/: 404 Client Error: Not Found for url: https://www.refurbed.de/p/dell-inspiron-5482-8265u-14/
2026-05-24 04:20:55,495 - INFO - Scraping 953/6851: https://www.refurbed.de/p/dell-inspiron-5490-10210u/
2026-05-24 04:20:55,726 - ERROR - Error fetching https://www.refurbed.de/p/dell-inspiron-5490-10210u/: 404 Client Error: Not Found for url: https://www.refurbed.de/p/dell-inspiron-5490-10210u/
2026-05-24 04:20:56,729 - INFO - Scraping 954/6851: https://www.refurbed.de/p/dell-inspiron-5490-10510u-14/
2026-05-24 04:20:58,503 - INFO - Scraping 955/6851: https://www.refurbed.de/p/dell-inspiron-5490-8050u/
2026-05-24 04:21:00,006 - INFO - Scraping 956/6851: https://www.refurbed.de/p/dell-inspiron-5491-10110u-14/
2026-05-24 04:21:01,399 - INFO - Scraping 957/6851: https://www.refurbed.de/p/dell-inspiron-5491-2in1-i5/
2026-05-24 04:21:01,626 - ERROR - Error fetching https://www.refurbed.de/p/dell-inspiron-5491-2in1-i5/: 404 Client Error: Not Found for url: https://www.refurbed.de/p/dell-inspiron-5491-2in1-i5/
2026-05-24 04:21:02,629 - INFO - Scraping 958/6851: https://www.refurbed.de/p/dell-inspiron-5491-i5-10210u/
2026-05-24 04:21:04,026 - INFO - Scraping 959/6851: https://www.refurbed.de/p/dell-inspiron-5493-1035g1/
2026-05-24 04:21:05,581 - INFO - Scraping 960/6851: https://www.refurbed.de/p/dell-inspiron-5580-8265u-156/
2026-05-24 04:21:06,959 - INFO - Scraping 961/6851: https://www.refurbed.de/p/dell-inspiron-5770-8250u/
2026-05-24 04:21:08,360 - INFO - Scraping 962/6851: https://www.refurbed.de/p/dell-inspiron-5770-8550u/
2026-05-24 04:21:09,830 - INFO - Scraping 963/6851: https://www.refurbed.de/p/dell-inspiron-7380-i5-8265u-13/
2026-05-24 04:21:10,058 - ERROR - Error fetching https://www.refurbed.de/p/dell-inspiron-7380-i5-8265u-13/: 404 Client Error: Not Found for url: https://www.refurbed.de/p/dell-inspiron-7380-i5-8265u-13/
2026-05-24 04:21:11,060 - INFO - Scraping 964/6851: https://www.refurbed.de/p/dell-inspiron-7380-i7-7660u-13/
2026-05-24 04:21:11,318 - ERROR - Error fetching https://www.refurbed.de/p/dell-inspiron-7380-i7-7660u-13/: 404 Client Error: Not Found for url: https://www.refurbed.de/p/dell-inspiron-7380-i7-7660u-13/
2026-05-24 04:21:12,320 - INFO - Scraping 965/6851: https://www.refurbed.de/p/dell-inspiron-7380-i7-8565u-13/
2026-05-24 04:21:13,683 - INFO - Scraping 966/6851: https://www.refurbed.de/p/dell-inspiron-7506-2in1-1165g7/
2026-05-24 04:21:15,335 - INFO - Scraping 967/6851: https://www.refurbed.de/p/dell-inspiron-7573-i5-8250u/
2026-05-24 04:21:16,801 - INFO - Scraping 968/6851: https://www.refurbed.de/p/dell-inspiron-7573-i7-8550u/
2026-05-24 04:21:18,187 - INFO - Scraping 969/6851: https://www.refurbed.de/p/dell-k10a/
2026-05-24 04:21:19,664 - INFO - Scraping 970/6851: https://www.refurbed.de/p/dell-k17a-wd15/
2026-05-24 04:21:21,169 - INFO - Scraping 971/6851: https://www.refurbed.de/p/dell-kb212-b/
2026-05-24 04:21:22,648 - INFO - Scraping 972/6851: https://www.refurbed.de/p/dell-kb216/
2026-05-24 04:21:24,100 - INFO - Scraping 973/6851: https://www.refurbed.de/p/dell-km713/
2026-05-24 04:21:25,589 - INFO - Scraping 974/6851: https://www.refurbed.de/p/dell-la180pm180/
2026-05-24 04:21:27,064 - INFO - Scraping 975/6851: https://www.refurbed.de/p/dell-la65ne1/
2026-05-24 04:21:28,586 - INFO - Scraping 976/6851: https://www.refurbed.de/p/dell-la90pm130/
2026-05-24 04:21:30,135 - INFO - Scraping 977/6851: https://www.refurbed.de/p/dell-la90ps0-00/
2026-05-24 04:21:31,628 - INFO - Scraping 978/6851: https://www.refurbed.de/p/dell-lat-5424-rugged-i3-7130u/
2026-05-24 04:21:31,885 - ERROR - Error fetching https://www.refurbed.de/p/dell-lat-5424-rugged-i3-7130u/: 404 Client Error: Not Found for url: https://www.refurbed.de/p/dell-lat-5424-rugged-i3-7130u/
2026-05-24 04:21:32,887 - INFO - Scraping 979/6851: https://www.refurbed.de/p/dell-lat-5424-rugged-i5-8350u/
2026-05-24 04:21:34,479 - INFO - Scraping 980/6851: https://www.refurbed.de/p/dell-lat-5424-rugged-i7-8650u/
2026-05-24 04:21:35,938 - INFO - Scraping 981/6851: https://www.refurbed.de/p/dell-lat-7030-rugg-extrem-1240u/
2026-05-24 04:21:37,468 - INFO - Scraping 982/6851: https://www.refurbed.de/p/dell-lat-7030-rugg-extrem-1260u/
2026-05-24 04:21:38,905 - INFO - Scraping 983/6851: https://www.refurbed.de/p/dell-lat-7230-rugg-extrem-1210u/
2026-05-24 04:21:40,283 - INFO - Scraping 984/6851: https://www.refurbed.de/p/dell-lat-7230-rugg-extrem-1240u/
2026-05-24 04:21:41,848 - INFO - Scraping 985/6851: https://www.refurbed.de/p/dell-lat-7230-rugg-extrem-1260u/
2026-05-24 04:21:43,312 - INFO - Scraping 986/6851: https://www.refurbed.de/p/dell-lat-7424-rugg-extreme-8650u/
2026-05-24 04:21:44,755 - INFO - Scraping 987/6851: https://www.refurbed.de/p/dell-lat-7424-rugged-extreme/
2026-05-24 04:21:46,136 - INFO - Scraping 988/6851: https://www.refurbed.de/p/dell-lati-5591-156-i5-8300h/
2026-05-24 04:21:47,568 - INFO - Scraping 989/6851: https://www.refurbed.de/p/dell-lati-5591-156-i5-8400h/
2026-05-24 04:21:49,079 - INFO - Scraping 990/6851: https://www.refurbed.de/p/dell-lati-5591-156-i7-8550h/
2026-05-24 04:21:49,307 - ERROR - Error fetching https://www.refurbed.de/p/dell-lati-5591-156-i7-8550h/: 404 Client Error: Not Found for url: https://www.refurbed.de/p/dell-lati-5591-156-i7-8550h/
2026-05-24 04:21:50,309 - INFO - Scraping 991/6851: https://www.refurbed.de/p/dell-lati-5591-156-i7-8850h/
2026-05-24 04:21:52,030 - INFO - Scraping 992/6851: https://www.refurbed.de/p/dell-latitude-11-3150-n3540/
2026-05-24 04:21:52,580 - ERROR - Error fetching https://www.refurbed.de/p/dell-latitude-11-3150-n3540/: 404 Client Error: Not Found for url: https://www.refurbed.de/p/dell-latitude-11-3150-n3540/
2026-05-24 04:21:53,582 - INFO - Scraping 993/6851: https://www.refurbed.de/p/dell-latitude-11-5175-tablet/
2026-05-24 04:21:53,915 - ERROR - Error fetching https://www.refurbed.de/p/dell-latitude-11-5175-tablet/: 404 Client Error: Not Found for url: https://www.refurbed.de/p/dell-latitude-11-5175-tablet/
2026-05-24 04:21:54,917 - INFO - Scraping 994/6851: https://www.refurbed.de/p/dell-latitude-12-rugged-extreme-/
2026-05-24 04:21:56,455 - ERROR - Error fetching https://www.refurbed.de/p/dell-latitude-12-rugged-extreme-/: 404 Client Error: Not Found for url: https://www.refurbed.de/p/dell-latitude-12-rugged-extreme-/
2026-05-24 04:21:57,457 - INFO - Scraping 995/6851: https://www.refurbed.de/p/dell-latitude-12-rugged-i5-4210u/
2026-05-24 04:21:57,900 - ERROR - Error fetching https://www.refurbed.de/p/dell-latitude-12-rugged-i5-4210u/: 404 Client Error: Not Found for url: https://www.refurbed.de/p/dell-latitude-12-rugged-i5-4210u/
2026-05-24 04:21:58,903 - INFO - Scraping 996/6851: https://www.refurbed.de/p/dell-latitude-13-3-8350u/
2026-05-24 04:22:00,845 - INFO - Scraping 997/6851: https://www.refurbed.de/p/dell-latitude-13-3340-4200u/
2026-05-24 04:22:01,220 - ERROR - Error fetching https://www.refurbed.de/p/dell-latitude-13-3340-4200u/: 404 Client Error: Not Found for url: https://www.refurbed.de/p/dell-latitude-13-3340-4200u/
2026-05-24 04:22:02,222 - INFO - Scraping 998/6851: https://www.refurbed.de/p/dell-latitude-13-3340-4210u/
2026-05-24 04:22:02,507 - ERROR - Error fetching https://www.refurbed.de/p/dell-latitude-13-3340-4210u/: 404 Client Error: Not Found for url: https://www.refurbed.de/p/dell-latitude-13-3340-4210u/
2026-05-24 04:22:03,509 - INFO - Scraping 999/6851: https://www.refurbed.de/p/dell-latitude-13-3340-i3-4005u/
2026-05-24 04:22:03,749 - ERROR - Error fetching https://www.refurbed.de/p/dell-latitude-13-3340-i3-4005u/: 404 Client Error: Not Found for url: https://www.refurbed.de/p/dell-latitude-13-3340-i3-4005u/
2026-05-24 04:22:04,751 - INFO - Scraping 1000/6851: https://www.refurbed.de/p/dell-latitude-13-3340-i3-4010u/
2026-05-24 04:22:05,010 - ERROR - Error fetching https://www.refurbed.de/p/dell-latitude-13-3340-i3-4010u/: 404 Client Error: Not Found for url: https://www.refurbed.de/p/dell-latitude-13-3340-i3-4010u/
2026-05-24 04:22:06,012 - INFO - Scraping 1001/6851: https://www.refurbed.de/p/dell-latitude-13-3380-4415u/
2026-05-24 04:22:06,238 - ERROR - Error fetching https://www.refurbed.de/p/dell-latitude-13-3380-4415u/: 404 Client Error: Not Found for url: https://www.refurbed.de/p/dell-latitude-13-3380-4415u/
2026-05-24 04:22:07,240 - INFO - Scraping 1002/6851: https://www.refurbed.de/p/dell-latitude-13-3380-i3-6006u/
2026-05-24 04:22:07,463 - ERROR - Error fetching https://www.refurbed.de/p/dell-latitude-13-3380-i3-6006u/: 404 Client Error: Not Found for url: https://www.refurbed.de/p/dell-latitude-13-3380-i3-6006u/
2026-05-24 04:22:08,465 - INFO - Scraping 1003/6851: https://www.refurbed.de/p/dell-latitude-13-3380-i5-7200u/
2026-05-24 04:22:08,709 - ERROR - Error fetching https://www.refurbed.de/p/dell-latitude-13-3380-i5-7200u/: 404 Client Error: Not Found for url: https://www.refurbed.de/p/dell-latitude-13-3380-i5-7200u/
2026-05-24 04:22:09,712 - INFO - Scraping 1004/6851: https://www.refurbed.de/p/dell-latitude-13-3380-i5-8250u/
2026-05-24 04:22:11,093 - INFO - Scraping 1005/6851: https://www.refurbed.de/p/dell-latitude-13-3580-i5-7200u/
2026-05-24 04:22:11,330 - ERROR - Error fetching https://www.refurbed.de/p/dell-latitude-13-3580-i5-7200u/: 404 Client Error: Not Found for url: https://www.refurbed.de/p/dell-latitude-13-3580-i5-7200u/
2026-05-24 04:22:12,332 - INFO - Scraping 1006/6851: https://www.refurbed.de/p/dell-latitude-13-7370-m7-6y75-13/
2026-05-24 04:22:12,581 - ERROR - Error fetching https://www.refurbed.de/p/dell-latitude-13-7370-m7-6y75-13/: 404 Client Error: Not Found for url: https://www.refurbed.de/p/dell-latitude-13-7370-m7-6y75-13/
2026-05-24 04:22:13,584 - INFO - Scraping 1007/6851: https://www.refurbed.de/p/dell-latitude-13-i3-8130u/
2026-05-24 04:22:14,949 - INFO - Scraping 1008/6851: https://www.refurbed.de/p/dell-latitude-14-3410-10210u/
2026-05-24 04:22:16,794 - INFO - Scraping 1009/6851: https://www.refurbed.de/p/dell-latitude-14-3410-10310u/
2026-05-24 04:22:18,486 - INFO - Scraping 1010/6851: https://www.refurbed.de/p/dell-latitude-14-3410-i3-10110u/
2026-05-24 04:22:20,053 - INFO - Scraping 1011/6851: https://www.refurbed.de/p/dell-latitude-14-3410-i7-10510u/
2026-05-24 04:22:21,431 - INFO - Scraping 1012/6851: https://www.refurbed.de/p/dell-latitude-14-3490-8250u/
2026-05-24 04:22:22,831 - INFO - Scraping 1013/6851: https://www.refurbed.de/p/dell-latitude-14-3490-8350u/
2026-05-24 04:22:24,594 - INFO - Scraping 1014/6851: https://www.refurbed.de/p/dell-latitude-14-3490-i5-7200u/
2026-05-24 04:22:24,837 - ERROR - Error fetching https://www.refurbed.de/p/dell-latitude-14-3490-i5-7200u/: 404 Client Error: Not Found for url: https://www.refurbed.de/p/dell-latitude-14-3490-i5-7200u/
2026-05-24 04:22:25,839 - INFO - Scraping 1015/6851: https://www.refurbed.de/p/dell-latitude-14-5495-2500u/
2026-05-24 04:22:26,092 - ERROR - Error fetching https://www.refurbed.de/p/dell-latitude-14-5495-2500u/: 404 Client Error: Not Found for url: https://www.refurbed.de/p/dell-latitude-14-5495-2500u/
2026-05-24 04:22:27,094 - INFO - Scraping 1016/6851: https://www.refurbed.de/p/dell-latitude-14-9410-2-1-10310u/
2026-05-24 04:22:28,644 - INFO - Scraping 1017/6851: https://www.refurbed.de/p/dell-latitude-14-9410-2-1-10610u/
2026-05-24 04:22:30,214 - INFO - Scraping 1018/6851: https://www.refurbed.de/p/dell-latitude-14-9420-i5-1145g7/
2026-05-24 04:22:31,810 - INFO - Scraping 1019/6851: https://www.refurbed.de/p/dell-latitude-14-9420-i7-1185g7/
2026-05-24 04:22:33,243 - INFO - Scraping 1020/6851: https://www.refurbed.de/p/dell-latitude-14-extreme5-6300u/
2026-05-24 04:22:33,490 - ERROR - Error fetching https://www.refurbed.de/p/dell-latitude-14-extreme5-6300u/: 404 Client Error: Not Found for url: https://www.refurbed.de/p/dell-latitude-14-extreme5-6300u/
2026-05-24 04:22:34,493 - INFO - Scraping 1021/6851: https://www.refurbed.de/p/dell-latitude-14-rggd5414-6600u/
2026-05-24 04:22:34,879 - ERROR - Error fetching https://www.refurbed.de/p/dell-latitude-14-rggd5414-6600u/: 404 Client Error: Not Found for url: https://www.refurbed.de/p/dell-latitude-14-rggd5414-6600u/
2026-05-24 04:22:35,882 - INFO - Scraping 1022/6851: https://www.refurbed.de/p/dell-latitude-14-rggd5414/
2026-05-24 04:22:36,111 - ERROR - Error fetching https://www.refurbed.de/p/dell-latitude-14-rggd5414/: 404 Client Error: Not Found for url: https://www.refurbed.de/p/dell-latitude-14-rggd5414/
2026-05-24 04:22:37,113 - INFO - Scraping 1023/6851: https://www.refurbed.de/p/dell-latitude-14-rugged-extreme-/
2026-05-24 04:22:37,351 - ERROR - Error fetching https://www.refurbed.de/p/dell-latitude-14-rugged-extreme-/: 404 Client Error: Not Found for url: https://www.refurbed.de/p/dell-latitude-14-rugged-extreme-/
2026-05-24 04:22:38,354 - INFO - Scraping 1024/6851: https://www.refurbed.de/p/dell-latitude-14-rugged-i5-6300u/
2026-05-24 04:22:38,608 - ERROR - Error fetching https://www.refurbed.de/p/dell-latitude-14-rugged-i5-6300u/: 404 Client Error: Not Found for url: https://www.refurbed.de/p/dell-latitude-14-rugged-i5-6300u/
2026-05-24 04:22:39,611 - INFO - Scraping 1025/6851: https://www.refurbed.de/p/dell-latitude-14-rugged-i5-8350u/
2026-05-24 04:22:40,995 - INFO - Scraping 1026/6851: https://www.refurbed.de/p/dell-latitude-14-rugged-i7-4650u/
2026-05-24 04:22:41,237 - ERROR - Error fetching https://www.refurbed.de/p/dell-latitude-14-rugged-i7-4650u/: 404 Client Error: Not Found for url: https://www.refurbed.de/p/dell-latitude-14-rugged-i7-4650u/
2026-05-24 04:22:42,239 - INFO - Scraping 1027/6851: https://www.refurbed.de/p/dell-latitude-14-rugged7414-6600/
2026-05-24 04:22:42,481 - ERROR - Error fetching https://www.refurbed.de/p/dell-latitude-14-rugged7414-6600/: 404 Client Error: Not Found for url: https://www.refurbed.de/p/dell-latitude-14-rugged7414-6600/
2026-05-24 04:22:43,483 - INFO - Scraping 1028/6851: https://www.refurbed.de/p/dell-latitude-15-3570-i3-6100u/
2026-05-24 04:22:43,860 - ERROR - Error fetching https://www.refurbed.de/p/dell-latitude-15-3570-i3-6100u/: 404 Client Error: Not Found for url: https://www.refurbed.de/p/dell-latitude-15-3570-i3-6100u/
2026-05-24 04:22:44,862 - INFO - Scraping 1029/6851: https://www.refurbed.de/p/dell-latitude-15-3570-i5-6200u/
2026-05-24 04:22:45,138 - ERROR - Error fetching https://www.refurbed.de/p/dell-latitude-15-3570-i5-6200u/: 404 Client Error: Not Found for url: https://www.refurbed.de/p/dell-latitude-15-3570-i5-6200u/
2026-05-24 04:22:46,140 - INFO - Scraping 1030/6851: https://www.refurbed.de/p/dell-latitude-15-3580-i3-6006u/
2026-05-24 04:22:46,373 - ERROR - Error fetching https://www.refurbed.de/p/dell-latitude-15-3580-i3-6006u/: 404 Client Error: Not Found for url: https://www.refurbed.de/p/dell-latitude-15-3580-i3-6006u/
2026-05-24 04:22:47,375 - INFO - Scraping 1031/6851: https://www.refurbed.de/p/dell-latitude-15-3580-i3-7100u/
2026-05-24 04:22:47,643 - ERROR - Error fetching https://www.refurbed.de/p/dell-latitude-15-3580-i3-7100u/: 404 Client Error: Not Found for url: https://www.refurbed.de/p/dell-latitude-15-3580-i3-7100u/
2026-05-24 04:22:48,645 - INFO - Scraping 1032/6851: https://www.refurbed.de/p/dell-latitude-15-3580-i5-7200u-1/
2026-05-24 04:22:48,872 - ERROR - Error fetching https://www.refurbed.de/p/dell-latitude-15-3580-i5-7200u-1/: 404 Client Error: Not Found for url: https://www.refurbed.de/p/dell-latitude-15-3580-i5-7200u-1/
2026-05-24 04:22:49,874 - INFO - Scraping 1033/6851: https://www.refurbed.de/p/dell-latitude-15-5500-8265u-15-6/
2026-05-24 04:22:51,508 - INFO - Scraping 1034/6851: https://www.refurbed.de/p/dell-latitude-15-5500-8365u-15-6/
2026-05-24 04:22:53,045 - INFO - Scraping 1035/6851: https://www.refurbed.de/p/dell-latitude-15-5500-8665u-15-6/
2026-05-24 04:22:54,651 - INFO - Scraping 1036/6851: https://www.refurbed.de/p/dell-latitude-15-5510-i3-10110u/
2026-05-24 04:22:56,040 - INFO - Scraping 1037/6851: https://www.refurbed.de/p/dell-latitude-15-5510-i5-10210u/
2026-05-24 04:22:57,614 - INFO - Scraping 1038/6851: https://www.refurbed.de/p/dell-latitude-15-5510-i5-10310u/
2026-05-24 04:22:59,245 - INFO - Scraping 1039/6851: https://www.refurbed.de/p/dell-latitude-15-5510-i7-10610u/
2026-05-24 04:23:00,940 - INFO - Scraping 1040/6851: https://www.refurbed.de/p/dell-latitude-15-5510-i7-10810u/
2026-05-24 04:23:02,523 - INFO - Scraping 1041/6851: https://www.refurbed.de/p/dell-latitude-15-5511-10300h/
2026-05-24 04:23:04,246 - INFO - Scraping 1042/6851: https://www.refurbed.de/p/dell-latitude-15-5511-10400h/
2026-05-24 04:23:05,836 - INFO - Scraping 1043/6851: https://www.refurbed.de/p/dell-latitude-15-5511-10850h/
2026-05-24 04:23:07,578 - INFO - Scraping 1044/6851: https://www.refurbed.de/p/dell-latitude-15-5550-5-125u/
2026-05-24 04:23:09,251 - INFO - Scraping 1045/6851: https://www.refurbed.de/p/dell-latitude-15-9510-i5-10310u/
2026-05-24 04:23:10,904 - INFO - Scraping 1046/6851: https://www.refurbed.de/p/dell-latitude-15-9510-i7-10710u/
2026-05-24 04:23:12,466 - INFO - Scraping 1047/6851: https://www.refurbed.de/p/dell-latitude-15-9510-i7-10810u/
2026-05-24 04:23:14,198 - INFO - Scraping 1048/6851: https://www.refurbed.de/p/dell-latitude-15-9520-i7-1185g7/
2026-05-24 04:23:15,687 - INFO - Scraping 1049/6851: https://www.refurbed.de/p/dell-latitude-15-e5540-4030u/
2026-05-24 04:23:15,934 - ERROR - Error fetching https://www.refurbed.de/p/dell-latitude-15-e5540-4030u/: 404 Client Error: Not Found for url: https://www.refurbed.de/p/dell-latitude-15-e5540-4030u/
2026-05-24 04:23:16,936 - INFO - Scraping 1050/6851: https://www.refurbed.de/p/dell-latitude-15-e5540-4200u/
2026-05-24 04:23:17,173 - ERROR - Error fetching https://www.refurbed.de/p/dell-latitude-15-e5540-4200u/: 404 Client Error: Not Found for url: https://www.refurbed.de/p/dell-latitude-15-e5540-4200u/
2026-05-24 04:23:18,176 - INFO - Scraping 1051/6851: https://www.refurbed.de/p/dell-latitude-15-e5540-4210u/
2026-05-24 04:23:18,430 - ERROR - Error fetching https://www.refurbed.de/p/dell-latitude-15-e5540-4210u/: 404 Client Error: Not Found for url: https://www.refurbed.de/p/dell-latitude-15-e5540-4210u/
2026-05-24 04:23:19,432 - INFO - Scraping 1052/6851: https://www.refurbed.de/p/dell-latitude-15-e5540-4600u/
2026-05-24 04:23:19,673 - ERROR - Error fetching https://www.refurbed.de/p/dell-latitude-15-e5540-4600u/: 404 Client Error: Not Found for url: https://www.refurbed.de/p/dell-latitude-15-e5540-4600u/
2026-05-24 04:23:20,676 - INFO - Scraping 1053/6851: https://www.refurbed.de/p/dell-latitude-15-e5540-i3-4010u/
2026-05-24 04:23:21,085 - ERROR - Error fetching https://www.refurbed.de/p/dell-latitude-15-e5540-i3-4010u/: 404 Client Error: Not Found for url: https://www.refurbed.de/p/dell-latitude-15-e5540-i3-4010u/
2026-05-24 04:23:22,087 - INFO - Scraping 1054/6851: https://www.refurbed.de/p/dell-latitude-15-e5540-i5-4310u/
2026-05-24 04:23:22,334 - ERROR - Error fetching https://www.refurbed.de/p/dell-latitude-15-e5540-i5-4310u/: 404 Client Error: Not Found for url: https://www.refurbed.de/p/dell-latitude-15-e5540-i5-4310u/
2026-05-24 04:23:23,337 - INFO - Scraping 1055/6851: https://www.refurbed.de/p/dell-latitude-15-e5550-i7-5600u-/
2026-05-24 04:23:23,608 - ERROR - Error fetching https://www.refurbed.de/p/dell-latitude-15-e5550-i7-5600u-/: 404 Client Error: Not Found for url: https://www.refurbed.de/p/dell-latitude-15-e5550-i7-5600u-/
2026-05-24 04:23:24,610 - INFO - Scraping 1056/6851: https://www.refurbed.de/p/dell-latitude-2-in-1-53200-1135g/
2026-05-24 04:23:26,072 - INFO - Scraping 1057/6851: https://www.refurbed.de/p/dell-latitude-2-in-1-53200-114g7/
2026-05-24 04:23:27,601 - INFO - Scraping 1058/6851: https://www.refurbed.de/p/dell-latitude-3120-2-in-1-n6000/
2026-05-24 04:23:29,375 - INFO - Scraping 1059/6851: https://www.refurbed.de/p/dell-latitude-3120-n6000-11/
2026-05-24 04:23:30,782 - INFO - Scraping 1060/6851: https://www.refurbed.de/p/dell-latitude-3180-n4200-11-6/
2026-05-24 04:23:31,017 - ERROR - Error fetching https://www.refurbed.de/p/dell-latitude-3180-n4200-11-6/: 404 Client Error: Not Found for url: https://www.refurbed.de/p/dell-latitude-3180-n4200-11-6/
2026-05-24 04:23:32,020 - INFO - Scraping 1061/6851: https://www.refurbed.de/p/dell-latitude-3189-n4200-11/
2026-05-24 04:23:32,251 - ERROR - Error fetching https://www.refurbed.de/p/dell-latitude-3189-n4200-11/: 404 Client Error: Not Found for url: https://www.refurbed.de/p/dell-latitude-3189-n4200-11/
2026-05-24 04:23:33,254 - INFO - Scraping 1062/6851: https://www.refurbed.de/p/dell-latitude-3190-5030-11/
2026-05-24 04:23:34,676 - INFO - Scraping 1063/6851: https://www.refurbed.de/p/dell-latitude-3190-n5000/
2026-05-24 04:23:34,906 - ERROR - Error fetching https://www.refurbed.de/p/dell-latitude-3190-n5000/: 404 Client Error: Not Found for url: https://www.refurbed.de/p/dell-latitude-3190-n5000/
2026-05-24 04:23:35,909 - INFO - Scraping 1064/6851: https://www.refurbed.de/p/dell-latitude-3190-n5030/
2026-05-24 04:23:37,310 - INFO - Scraping 1065/6851: https://www.refurbed.de/p/dell-latitude-3300-i3-7020u/
2026-05-24 04:23:37,599 - ERROR - Error fetching https://www.refurbed.de/p/dell-latitude-3300-i3-7020u/: 404 Client Error: Not Found for url: https://www.refurbed.de/p/dell-latitude-3300-i3-7020u/
2026-05-24 04:23:38,601 - INFO - Scraping 1066/6851: https://www.refurbed.de/p/dell-latitude-3300-i5-8250u/
2026-05-24 04:23:40,002 - INFO - Scraping 1067/6851: https://www.refurbed.de/p/dell-latitude-3301-8265u/
2026-05-24 04:23:41,521 - INFO - Scraping 1068/6851: https://www.refurbed.de/p/dell-latitude-3301-i5-8365u/
2026-05-24 04:23:41,755 - ERROR - Error fetching https://www.refurbed.de/p/dell-latitude-3301-i5-8365u/: 404 Client Error: Not Found for url: https://www.refurbed.de/p/dell-latitude-3301-i5-8365u/
2026-05-24 04:23:42,757 - INFO - Scraping 1069/6851: https://www.refurbed.de/p/dell-latitude-3310-2-in-1-8145u/
2026-05-24 04:23:44,171 - INFO - Scraping 1070/6851: https://www.refurbed.de/p/dell-latitude-3310-2-in-1-8265u/
2026-05-24 04:23:45,558 - INFO - Scraping 1071/6851: https://www.refurbed.de/p/dell-latitude-3310-4205u/
2026-05-24 04:23:46,951 - INFO - Scraping 1072/6851: https://www.refurbed.de/p/dell-latitude-3310-8145u/
2026-05-24 04:23:48,660 - INFO - Scraping 1073/6851: https://www.refurbed.de/p/dell-latitude-3310-8265u/
2026-05-24 04:23:50,079 - INFO - Scraping 1074/6851: https://www.refurbed.de/p/dell-latitude-3320-i5-1145g7/
2026-05-24 04:23:51,483 - INFO - Scraping 1075/6851: https://www.refurbed.de/p/dell-latitude-3330-2-in-1-1125g4/
2026-05-24 04:23:52,874 - INFO - Scraping 1076/6851: https://www.refurbed.de/p/dell-latitude-3340-2-in-1-1315u/
2026-05-24 04:23:54,303 - INFO - Scraping 1077/6851: https://www.refurbed.de/p/dell-latitude-3340-i3-1315u/
2026-05-24 04:23:55,793 - INFO - Scraping 1078/6851: https://www.refurbed.de/p/dell-latitude-3340-i5-1335u/
2026-05-24 04:23:57,195 - INFO - Scraping 1079/6851: https://www.refurbed.de/p/dell-latitude-3350-3825u/
2026-05-24 04:23:57,428 - ERROR - Error fetching https://www.refurbed.de/p/dell-latitude-3350-3825u/: 404 Client Error: Not Found for url: https://www.refurbed.de/p/dell-latitude-3350-3825u/
2026-05-24 04:23:58,430 - INFO - Scraping 1080/6851: https://www.refurbed.de/p/dell-latitude-3350-i3-5005u/
2026-05-24 04:23:58,708 - ERROR - Error fetching https://www.refurbed.de/p/dell-latitude-3350-i3-5005u/: 404 Client Error: Not Found for url: https://www.refurbed.de/p/dell-latitude-3350-i3-5005u/
2026-05-24 04:23:59,710 - INFO - Scraping 1081/6851: https://www.refurbed.de/p/dell-latitude-3350-i5-5200u/
2026-05-24 04:23:59,941 - ERROR - Error fetching https://www.refurbed.de/p/dell-latitude-3350-i5-5200u/: 404 Client Error: Not Found for url: https://www.refurbed.de/p/dell-latitude-3350-i5-5200u/
2026-05-24 04:24:00,943 - INFO - Scraping 1082/6851: https://www.refurbed.de/p/dell-latitude-3390-8250u/
2026-05-24 04:24:02,709 - INFO - Scraping 1083/6851: https://www.refurbed.de/p/dell-latitude-3390-8350u/
2026-05-24 04:24:04,130 - INFO - Scraping 1084/6851: https://www.refurbed.de/p/dell-latitude-3400-8145u/
2026-05-24 04:24:05,543 - INFO - Scraping 1085/6851: https://www.refurbed.de/p/dell-latitude-3400-8265u/
2026-05-24 04:24:07,165 - INFO - Scraping 1086/6851: https://www.refurbed.de/p/dell-latitude-3420-1135g7-14/
2026-05-24 04:24:08,735 - INFO - Scraping 1087/6851: https://www.refurbed.de/p/dell-latitude-3420-i5-1145g7/
2026-05-24 04:24:10,322 - INFO - Scraping 1088/6851: https://www.refurbed.de/p/dell-latitude-3420-i7-1165g7/
2026-05-24 04:24:11,714 - INFO - Scraping 1089/6851: https://www.refurbed.de/p/dell-latitude-3440-i3-1315u/
2026-05-24 04:24:13,352 - INFO - Scraping 1090/6851: https://www.refurbed.de/p/dell-latitude-3440-i5-1335u/
2026-05-24 04:24:14,876 - INFO - Scraping 1091/6851: https://www.refurbed.de/p/dell-latitude-3450-i3-4005u/
2026-05-24 04:24:15,122 - ERROR - Error fetching https://www.refurbed.de/p/dell-latitude-3450-i3-4005u/: 404 Client Error: Not Found for url: https://www.refurbed.de/p/dell-latitude-3450-i3-4005u/
2026-05-24 04:24:16,124 - INFO - Scraping 1092/6851: https://www.refurbed.de/p/dell-latitude-3450-i5-1335u-15/
2026-05-24 04:24:17,677 - INFO - Scraping 1093/6851: https://www.refurbed.de/p/dell-latitude-3460-i5-5200u/
2026-05-24 04:24:19,076 - INFO - Scraping 1094/6851: https://www.refurbed.de/p/dell-latitude-3490-i3-6006u/
2026-05-24 04:24:19,351 - ERROR - Error fetching https://www.refurbed.de/p/dell-latitude-3490-i3-6006u/: 404 Client Error: Not Found for url: https://www.refurbed.de/p/dell-latitude-3490-i3-6006u/
2026-05-24 04:24:20,354 - INFO - Scraping 1095/6851: https://www.refurbed.de/p/dell-latitude-3500-8265u/
2026-05-24 04:24:21,928 - INFO - Scraping 1096/6851: https://www.refurbed.de/p/dell-latitude-3500-i5-8365u/
2026-05-24 04:24:23,516 - INFO - Scraping 1097/6851: https://www.refurbed.de/p/dell-latitude-3510-10110u-15-6/
2026-05-24 04:24:24,921 - INFO - Scraping 1098/6851: https://www.refurbed.de/p/dell-latitude-3510-10310u-15-6/
2026-05-24 04:24:26,486 - INFO - Scraping 1099/6851: https://www.refurbed.de/p/dell-latitude-3510-i5-10210u/
2026-05-24 04:24:28,126 - INFO - Scraping 1100/6851: https://www.refurbed.de/p/dell-latitude-3510-i7-10510u/
2026-05-24 04:24:29,706 - INFO - Scraping 1101/6851: https://www.refurbed.de/p/dell-latitude-3520-i3-1115g4/
2026-05-24 04:24:31,237 - INFO - Scraping 1102/6851: https://www.refurbed.de/p/dell-latitude-3520-i3-1125g4/
2026-05-24 04:24:32,603 - INFO - Scraping 1103/6851: https://www.refurbed.de/p/dell-latitude-3520-i5-1135g7/
2026-05-24 04:24:34,158 - INFO - Scraping 1104/6851: https://www.refurbed.de/p/dell-latitude-3540-i3-1315u-15/
2026-05-24 04:24:35,710 - INFO - Scraping 1105/6851: https://www.refurbed.de/p/dell-latitude-3550-i5-1335u/
2026-05-24 04:24:37,259 - INFO - Scraping 1106/6851: https://www.refurbed.de/p/dell-latitude-3590-8130u/
2026-05-24 04:24:38,641 - INFO - Scraping 1107/6851: https://www.refurbed.de/p/dell-latitude-3590-8550u/
2026-05-24 04:24:40,064 - INFO - Scraping 1108/6851: https://www.refurbed.de/p/dell-latitude-5280-7200u/
2026-05-24 04:24:40,494 - ERROR - Error fetching https://www.refurbed.de/p/dell-latitude-5280-7200u/: 404 Client Error: Not Found for url: https://www.refurbed.de/p/dell-latitude-5280-7200u/
2026-05-24 04:24:41,496 - INFO - Scraping 1109/6851: https://www.refurbed.de/p/dell-latitude-5280-7300u/
2026-05-24 04:24:41,737 - ERROR - Error fetching https://www.refurbed.de/p/dell-latitude-5280-7300u/: 404 Client Error: Not Found for url: https://www.refurbed.de/p/dell-latitude-5280-7300u/
2026-05-24 04:24:42,739 - INFO - Scraping 1110/6851: https://www.refurbed.de/p/dell-latitude-5285-21-7200u/
2026-05-24 04:24:42,982 - ERROR - Error fetching https://www.refurbed.de/p/dell-latitude-5285-21-7200u/: 404 Client Error: Not Found for url: https://www.refurbed.de/p/dell-latitude-5285-21-7200u/
2026-05-24 04:24:43,985 - INFO - Scraping 1111/6851: https://www.refurbed.de/p/dell-latitude-5285-21-7300u/
2026-05-24 04:24:46,068 - ERROR - Error fetching https://www.refurbed.de/p/dell-latitude-5285-21-7300u/: 404 Client Error: Not Found for url: https://www.refurbed.de/p/dell-latitude-5285-21-7300u/
2026-05-24 04:24:47,071 - INFO - Scraping 1112/6851: https://www.refurbed.de/p/dell-latitude-5285-21-7600u/
2026-05-24 04:24:47,311 - ERROR - Error fetching https://www.refurbed.de/p/dell-latitude-5285-21-7600u/: 404 Client Error: Not Found for url: https://www.refurbed.de/p/dell-latitude-5285-21-7600u/
2026-05-24 04:24:48,313 - INFO - Scraping 1113/6851: https://www.refurbed.de/p/dell-latitude-5289-7300u/
2026-05-24 04:24:48,564 - ERROR - Error fetching https://www.refurbed.de/p/dell-latitude-5289-7300u/: 404 Client Error: Not Found for url: https://www.refurbed.de/p/dell-latitude-5289-7300u/
2026-05-24 04:24:49,566 - INFO - Scraping 1114/6851: https://www.refurbed.de/p/dell-latitude-5289-7600u/
2026-05-24 04:24:49,824 - ERROR - Error fetching https://www.refurbed.de/p/dell-latitude-5289-7600u/: 404 Client Error: Not Found for url: https://www.refurbed.de/p/dell-latitude-5289-7600u/
2026-05-24 04:24:50,826 - INFO - Scraping 1115/6851: https://www.refurbed.de/p/dell-latitude-5290-21-8250u/
2026-05-24 04:24:52,411 - INFO - Scraping 1116/6851: https://www.refurbed.de/p/dell-latitude-5290-21-8350u/
2026-05-24 04:24:53,761 - INFO - Scraping 1117/6851: https://www.refurbed.de/p/dell-latitude-5290-21-8650u/
2026-05-24 04:24:55,253 - INFO - Scraping 1118/6851: https://www.refurbed.de/p/dell-latitude-5290-8250u/
2026-05-24 04:24:56,649 - INFO - Scraping 1119/6851: https://www.refurbed.de/p/dell-latitude-5290-8350u/
2026-05-24 04:24:58,623 - INFO - Scraping 1120/6851: https://www.refurbed.de/p/dell-latitude-5290-i5-7300u/
2026-05-24 04:24:59,114 - ERROR - Error fetching https://www.refurbed.de/p/dell-latitude-5290-i5-7300u/: 404 Client Error: Not Found for url: https://www.refurbed.de/p/dell-latitude-5290-i5-7300u/
2026-05-24 04:25:00,117 - INFO - Scraping 1121/6851: https://www.refurbed.de/p/dell-latitude-5300-2-in-1-8145u/
2026-05-24 04:25:02,352 - INFO - Scraping 1122/6851: https://www.refurbed.de/p/dell-latitude-5300-2-in-1-8265u/
2026-05-24 04:25:04,655 - INFO - Scraping 1123/6851: https://www.refurbed.de/p/dell-latitude-5300-2-in-1-8365u/
2026-05-24 04:25:06,535 - INFO - Scraping 1124/6851: https://www.refurbed.de/p/dell-latitude-5300-2-in-1-8665u/
2026-05-24 04:25:08,277 - INFO - Scraping 1125/6851: https://www.refurbed.de/p/dell-latitude-5300-8265u-13-3/
2026-05-24 04:25:09,825 - INFO - Scraping 1126/6851: https://www.refurbed.de/p/dell-latitude-5300-8365u-13-3/
2026-05-24 04:25:11,465 - INFO - Scraping 1127/6851: https://www.refurbed.de/p/dell-latitude-5300-8665u-13-3/
2026-05-24 04:25:12,861 - INFO - Scraping 1128/6851: https://www.refurbed.de/p/dell-latitude-5310-10210u-13-3/
2026-05-24 04:25:14,509 - INFO - Scraping 1129/6851: https://www.refurbed.de/p/dell-latitude-5310-10310u/
2026-05-24 04:25:15,954 - INFO - Scraping 1130/6851: https://www.refurbed.de/p/dell-latitude-5310-2-in-1-10110u/
2026-05-24 04:25:17,354 - INFO - Scraping 1131/6851: https://www.refurbed.de/p/dell-latitude-5310-2-in-1-10210u/
2026-05-24 04:25:18,763 - INFO - Scraping 1132/6851: https://www.refurbed.de/p/dell-latitude-5310-2-in-1-10310u/
2026-05-24 04:25:20,508 - INFO - Scraping 1133/6851: https://www.refurbed.de/p/dell-latitude-5310-2-in-1-10610u/
2026-05-24 04:25:21,942 - INFO - Scraping 1134/6851: https://www.refurbed.de/p/dell-latitude-5310-i7-10610u/
2026-05-24 04:25:23,521 - INFO - Scraping 1135/6851: https://www.refurbed.de/p/dell-latitude-5310-i7-10810u/
2026-05-24 04:25:23,788 - ERROR - Error fetching https://www.refurbed.de/p/dell-latitude-5310-i7-10810u/: 404 Client Error: Not Found for url: https://www.refurbed.de/p/dell-latitude-5310-i7-10810u/
2026-05-24 04:25:24,791 - INFO - Scraping 1136/6851: https://www.refurbed.de/p/dell-latitude-5320-i7-1185g7/
2026-05-24 04:25:26,544 - INFO - Scraping 1137/6851: https://www.refurbed.de/p/dell-latitude-53200-114g7/
2026-05-24 04:25:28,166 - INFO - Scraping 1138/6851: https://www.refurbed.de/p/dell-latitude-53200-i5-1135g7/
2026-05-24 04:25:29,724 - INFO - Scraping 1139/6851: https://www.refurbed.de/p/dell-latitude-5330-i5-1235u/
2026-05-24 04:25:31,275 - INFO - Scraping 1140/6851: https://www.refurbed.de/p/dell-latitude-5330-i5-1245u/
2026-05-24 04:25:32,815 - INFO - Scraping 1141/6851: https://www.refurbed.de/p/dell-latitude-5340-i5-1335u/
2026-05-24 04:25:34,220 - INFO - Scraping 1142/6851: https://www.refurbed.de/p/dell-latitude-5400-8250u/
2026-05-24 04:25:35,823 - INFO - Scraping 1143/6851: https://www.refurbed.de/p/dell-latitude-5400-8265u/
2026-05-24 04:25:37,498 - INFO - Scraping 1144/6851: https://www.refurbed.de/p/dell-latitude-5400-8350u/
2026-05-24 04:25:39,072 - INFO - Scraping 1145/6851: https://www.refurbed.de/p/dell-latitude-5400-8365u-th/
2026-05-24 04:25:40,613 - INFO - Scraping 1146/6851: https://www.refurbed.de/p/dell-latitude-5400-8365u/
2026-05-24 04:25:42,037 - INFO - Scraping 1147/6851: https://www.refurbed.de/p/dell-latitude-5400-8665u/
2026-05-24 04:25:43,631 - INFO - Scraping 1148/6851: https://www.refurbed.de/p/dell-latitude-5400-i5-8265u-th/
2026-05-24 04:25:45,197 - INFO - Scraping 1149/6851: https://www.refurbed.de/p/dell-latitude-5401-9300h-14/
2026-05-24 04:25:46,673 - INFO - Scraping 1150/6851: https://www.refurbed.de/p/dell-latitude-5401-9400h-14/
2026-05-24 04:25:48,256 - INFO - Scraping 1151/6851: https://www.refurbed.de/p/dell-latitude-5401-i7-9850h-14/
2026-05-24 04:25:49,670 - INFO - Scraping 1152/6851: https://www.refurbed.de/p/dell-latitude-5410-10310u/
2026-05-24 04:25:51,395 - INFO - Scraping 1153/6851: https://www.refurbed.de/p/dell-latitude-5410-i5-10210u/
2026-05-24 04:25:53,056 - INFO - Scraping 1154/6851: https://www.refurbed.de/p/dell-latitude-5410-i5-8365u/
2026-05-24 04:25:54,688 - INFO - Scraping 1155/6851: https://www.refurbed.de/p/dell-latitude-5410-i7-10610u/
2026-05-24 04:25:56,248 - INFO - Scraping 1156/6851: https://www.refurbed.de/p/dell-latitude-5410-i7-10810u/
2026-05-24 04:25:57,657 - INFO - Scraping 1157/6851: https://www.refurbed.de/p/dell-latitude-5411-10300h-14/
2026-05-24 04:25:59,220 - INFO - Scraping 1158/6851: https://www.refurbed.de/p/dell-latitude-5411-i5-10400h/
2026-05-24 04:26:00,804 - INFO - Scraping 1159/6851: https://www.refurbed.de/p/dell-latitude-5411-i7-10850h-14/
2026-05-24 04:26:02,321 - INFO - Scraping 1160/6851: https://www.refurbed.de/p/dell-latitude-5420-1125g4/
2026-05-24 04:26:03,942 - INFO - Scraping 1161/6851: https://www.refurbed.de/p/dell-latitude-5420-i5-10310u/
2026-05-24 04:26:05,574 - INFO - Scraping 1162/6851: https://www.refurbed.de/p/dell-latitude-5420-i5-1135g7/
2026-05-24 04:26:07,101 - INFO - Scraping 1163/6851: https://www.refurbed.de/p/dell-latitude-5420-i5-1145g7/
2026-05-24 04:26:08,768 - INFO - Scraping 1164/6851: https://www.refurbed.de/p/dell-latitude-5420-i7-1185g7/
2026-05-24 04:26:10,317 - INFO - Scraping 1165/6851: https://www.refurbed.de/p/dell-latitude-5421-i5-11500h/
2026-05-24 04:26:11,819 - INFO - Scraping 1166/6851: https://www.refurbed.de/p/dell-latitude-5421-i7-11850h/
2026-05-24 04:26:13,223 - INFO - Scraping 1167/6851: https://www.refurbed.de/p/dell-latitude-5430-i5-1235u/
2026-05-24 04:26:14,769 - INFO - Scraping 1168/6851: https://www.refurbed.de/p/dell-latitude-5430-i5-1245u/
2026-05-24 04:26:16,335 - INFO - Scraping 1169/6851: https://www.refurbed.de/p/dell-latitude-5430-i7-1255u/
2026-05-24 04:26:17,943 - INFO - Scraping 1170/6851: https://www.refurbed.de/p/dell-latitude-5430-i7-1265u/
2026-05-24 04:26:19,562 - INFO - Scraping 1171/6851: https://www.refurbed.de/p/dell-latitude-5430rugged-1135g7/
2026-05-24 04:26:21,109 - INFO - Scraping 1172/6851: https://www.refurbed.de/p/dell-latitude-5430rugged-1145g7/
2026-05-24 04:26:22,697 - INFO - Scraping 1173/6851: https://www.refurbed.de/p/dell-latitude-5430rugged-1185g7/
2026-05-24 04:26:24,118 - INFO - Scraping 1174/6851: https://www.refurbed.de/p/dell-latitude-5431-i5-1250p/
2026-05-24 04:26:55,791 - INFO - Scraping 1175/6851: https://www.refurbed.de/p/dell-latitude-5440-15-6-1335u/
2026-05-24 04:27:01,921 - INFO - Scraping 1176/6851: https://www.refurbed.de/p/dell-latitude-5440-i5-1235u/
2026-05-24 04:27:03,371 - INFO - Scraping 1177/6851: https://www.refurbed.de/p/dell-latitude-5440-i5-1335u/
2026-05-24 04:27:05,023 - INFO - Scraping 1178/6851: https://www.refurbed.de/p/dell-latitude-5440-i5-1345u/
2026-05-24 04:27:06,470 - INFO - Scraping 1179/6851: https://www.refurbed.de/p/dell-latitude-5440-i7-1355u/
2026-05-24 04:27:08,226 - INFO - Scraping 1180/6851: https://www.refurbed.de/p/dell-latitude-5440-i7-1365u/
2026-05-24 04:27:09,783 - INFO - Scraping 1181/6851: https://www.refurbed.de/p/dell-latitude-5450-core-5-125u/
2026-05-24 04:27:11,486 - INFO - Scraping 1182/6851: https://www.refurbed.de/p/dell-latitude-5450-core-5-135/
2026-05-24 04:27:13,053 - INFO - Scraping 1183/6851: https://www.refurbed.de/p/dell-latitude-5450-core-7-165u/
2026-05-24 04:27:14,622 - INFO - Scraping 1184/6851: https://www.refurbed.de/p/dell-latitude-5480-6200u/
2026-05-24 04:27:14,892 - ERROR - Error fetching https://www.refurbed.de/p/dell-latitude-5480-6200u/: 404 Client Error: Not Found for url: https://www.refurbed.de/p/dell-latitude-5480-6200u/
2026-05-24 04:27:15,894 - INFO - Scraping 1185/6851: https://www.refurbed.de/p/dell-latitude-5480-6300hq-14/
2026-05-24 04:27:16,132 - ERROR - Error fetching https://www.refurbed.de/p/dell-latitude-5480-6300hq-14/: 404 Client Error: Not Found for url: https://www.refurbed.de/p/dell-latitude-5480-6300hq-14/
2026-05-24 04:27:17,135 - INFO - Scraping 1186/6851: https://www.refurbed.de/p/dell-latitude-5480-6300u/
2026-05-24 04:27:17,527 - ERROR - Error fetching https://www.refurbed.de/p/dell-latitude-5480-6300u/: 404 Client Error: Not Found for url: https://www.refurbed.de/p/dell-latitude-5480-6300u/
2026-05-24 04:27:18,529 - INFO - Scraping 1187/6851: https://www.refurbed.de/p/dell-latitude-5480-6440hq/
2026-05-24 04:27:18,815 - ERROR - Error fetching https://www.refurbed.de/p/dell-latitude-5480-6440hq/: 404 Client Error: Not Found for url: https://www.refurbed.de/p/dell-latitude-5480-6440hq/
2026-05-24 04:27:19,817 - INFO - Scraping 1188/6851: https://www.refurbed.de/p/dell-latitude-5480-7100u-14/
2026-05-24 04:27:20,066 - ERROR - Error fetching https://www.refurbed.de/p/dell-latitude-5480-7100u-14/: 404 Client Error: Not Found for url: https://www.refurbed.de/p/dell-latitude-5480-7100u-14/
2026-05-24 04:27:21,068 - INFO - Scraping 1189/6851: https://www.refurbed.de/p/dell-latitude-5480-7200u/
2026-05-24 04:27:21,328 - ERROR - Error fetching https://www.refurbed.de/p/dell-latitude-5480-7200u/: 404 Client Error: Not Found for url: https://www.refurbed.de/p/dell-latitude-5480-7200u/
2026-05-24 04:27:22,330 - INFO - Scraping 1190/6851: https://www.refurbed.de/p/dell-latitude-5480-7300u/
2026-05-24 04:27:22,596 - ERROR - Error fetching https://www.refurbed.de/p/dell-latitude-5480-7300u/: 404 Client Error: Not Found for url: https://www.refurbed.de/p/dell-latitude-5480-7300u/
2026-05-24 04:27:23,598 - INFO - Scraping 1191/6851: https://www.refurbed.de/p/dell-latitude-5480-7440hq/
2026-05-24 04:27:23,834 - ERROR - Error fetching https://www.refurbed.de/p/dell-latitude-5480-7440hq/: 404 Client Error: Not Found for url: https://www.refurbed.de/p/dell-latitude-5480-7440hq/
2026-05-24 04:27:24,836 - INFO - Scraping 1192/6851: https://www.refurbed.de/p/dell-latitude-5480-7600u/
2026-05-24 04:27:25,067 - ERROR - Error fetching https://www.refurbed.de/p/dell-latitude-5480-7600u/: 404 Client Error: Not Found for url: https://www.refurbed.de/p/dell-latitude-5480-7600u/
2026-05-24 04:27:26,069 - INFO - Scraping 1193/6851: https://www.refurbed.de/p/dell-latitude-5480-7820hq/
2026-05-24 04:27:27,590 - INFO - Scraping 1194/6851: https://www.refurbed.de/p/dell-latitude-5480-i5-7300hq/
2026-05-24 04:27:27,972 - ERROR - Error fetching https://www.refurbed.de/p/dell-latitude-5480-i5-7300hq/: 404 Client Error: Not Found for url: https://www.refurbed.de/p/dell-latitude-5480-i5-7300hq/
2026-05-24 04:27:28,974 - INFO - Scraping 1195/6851: https://www.refurbed.de/p/dell-latitude-5480-i7-6600u/
2026-05-24 04:27:29,242 - ERROR - Error fetching https://www.refurbed.de/p/dell-latitude-5480-i7-6600u/: 404 Client Error: Not Found for url: https://www.refurbed.de/p/dell-latitude-5480-i7-6600u/
2026-05-24 04:27:30,244 - INFO - Scraping 1196/6851: https://www.refurbed.de/p/dell-latitude-5490-8250u/
2026-05-24 04:27:31,911 - INFO - Scraping 1197/6851: https://www.refurbed.de/p/dell-latitude-5490-8650u/
2026-05-24 04:27:33,565 - INFO - Scraping 1198/6851: https://www.refurbed.de/p/dell-latitude-5490-i3-8130u-14/
2026-05-24 04:27:35,145 - INFO - Scraping 1199/6851: https://www.refurbed.de/p/dell-latitude-5490-i7-8850h/
2026-05-24 04:27:36,505 - INFO - Scraping 1200/6851: https://www.refurbed.de/p/dell-latitude-5491-8300h/
2026-05-24 04:27:37,888 - INFO - Scraping 1201/6851: https://www.refurbed.de/p/dell-latitude-5491-8400h/
2026-05-24 04:27:39,328 - INFO - Scraping 1202/6851: https://www.refurbed.de/p/dell-latitude-5491-i7-8850h/
2026-05-24 04:27:40,761 - INFO - Scraping 1203/6851: https://www.refurbed.de/p/dell-latitude-5501-9400h-15-6/
2026-05-24 04:27:42,266 - INFO - Scraping 1204/6851: https://www.refurbed.de/p/dell-latitude-5501-i7-9850h-15/
2026-05-24 04:27:43,812 - INFO - Scraping 1205/6851: https://www.refurbed.de/p/dell-latitude-5520-1135g7/
2026-05-24 04:27:45,473 - INFO - Scraping 1206/6851: https://www.refurbed.de/p/dell-latitude-5520-1145g7-15-6/
2026-05-24 04:27:47,041 - INFO - Scraping 1207/6851: https://www.refurbed.de/p/dell-latitude-5520-i7-1165g7/
2026-05-24 04:27:48,586 - INFO - Scraping 1208/6851: https://www.refurbed.de/p/dell-latitude-5520-i7-1185g7-15/
2026-05-24 04:27:49,968 - INFO - Scraping 1209/6851: https://www.refurbed.de/p/dell-latitude-5521-i5-11500h/
2026-05-24 04:27:51,624 - INFO - Scraping 1210/6851: https://www.refurbed.de/p/dell-latitude-5521-i7-11850h/
2026-05-24 04:27:53,233 - INFO - Scraping 1211/6851: https://www.refurbed.de/p/dell-latitude-5530-i5-1235u/
2026-05-24 04:27:54,832 - INFO - Scraping 1212/6851: https://www.refurbed.de/p/dell-latitude-5530-i5-1245u/
2026-05-24 04:27:56,520 - INFO - Scraping 1213/6851: https://www.refurbed.de/p/dell-latitude-5530-i7-1255u/
2026-05-24 04:27:58,052 - INFO - Scraping 1214/6851: https://www.refurbed.de/p/dell-latitude-5530-i7-1265u/
2026-05-24 04:27:59,693 - INFO - Scraping 1215/6851: https://www.refurbed.de/p/dell-latitude-5530-i7-1270p/
2026-05-24 04:28:01,224 - INFO - Scraping 1216/6851: https://www.refurbed.de/p/dell-latitude-5531-i5-12600h/
2026-05-24 04:28:02,806 - INFO - Scraping 1217/6851: https://www.refurbed.de/p/dell-latitude-5540-i5-1345u/
2026-05-24 04:28:04,302 - INFO - Scraping 1218/6851: https://www.refurbed.de/p/dell-latitude-5540-i5-1350p/
2026-05-24 04:28:05,853 - INFO - Scraping 1219/6851: https://www.refurbed.de/p/dell-latitude-5540-i7-1365u/
2026-05-24 04:28:07,397 - INFO - Scraping 1220/6851: https://www.refurbed.de/p/dell-latitude-5580-6440hq/
2026-05-24 04:28:07,630 - ERROR - Error fetching https://www.refurbed.de/p/dell-latitude-5580-6440hq/: 404 Client Error: Not Found for url: https://www.refurbed.de/p/dell-latitude-5580-6440hq/
2026-05-24 04:28:08,632 - INFO - Scraping 1221/6851: https://www.refurbed.de/p/dell-latitude-5580-7300u/
2026-05-24 04:28:08,887 - ERROR - Error fetching https://www.refurbed.de/p/dell-latitude-5580-7300u/: 404 Client Error: Not Found for url: https://www.refurbed.de/p/dell-latitude-5580-7300u/
2026-05-24 04:28:09,890 - INFO - Scraping 1222/6851: https://www.refurbed.de/p/dell-latitude-5580-7820hq/
2026-05-24 04:28:11,477 - INFO - Scraping 1223/6851: https://www.refurbed.de/p/dell-latitude-5580-i5-6200u-15-/
2026-05-24 04:28:11,852 - ERROR - Error fetching https://www.refurbed.de/p/dell-latitude-5580-i5-6200u-15-/: 404 Client Error: Not Found for url: https://www.refurbed.de/p/dell-latitude-5580-i5-6200u-15-/
2026-05-24 04:28:12,854 - INFO - Scraping 1224/6851: https://www.refurbed.de/p/dell-latitude-5580-i5-6300u-15-6/
2026-05-24 04:28:13,090 - ERROR - Error fetching https://www.refurbed.de/p/dell-latitude-5580-i5-6300u-15-6/: 404 Client Error: Not Found for url: https://www.refurbed.de/p/dell-latitude-5580-i5-6300u-15-6/
2026-05-24 04:28:14,092 - INFO - Scraping 1225/6851: https://www.refurbed.de/p/dell-latitude-5580-i5-7200u-156/
2026-05-24 04:28:14,326 - ERROR - Error fetching https://www.refurbed.de/p/dell-latitude-5580-i5-7200u-156/: 404 Client Error: Not Found for url: https://www.refurbed.de/p/dell-latitude-5580-i5-7200u-156/
2026-05-24 04:28:15,328 - INFO - Scraping 1226/6851: https://www.refurbed.de/p/dell-latitude-5580-i5-7440hq/
2026-05-24 04:28:15,579 - ERROR - Error fetching https://www.refurbed.de/p/dell-latitude-5580-i5-7440hq/: 404 Client Error: Not Found for url: https://www.refurbed.de/p/dell-latitude-5580-i5-7440hq/
2026-05-24 04:28:16,581 - INFO - Scraping 1227/6851: https://www.refurbed.de/p/dell-latitude-5580-i7-7600u-156/
2026-05-24 04:28:16,838 - ERROR - Error fetching https://www.refurbed.de/p/dell-latitude-5580-i7-7600u-156/: 404 Client Error: Not Found for url: https://www.refurbed.de/p/dell-latitude-5580-i7-7600u-156/
2026-05-24 04:28:17,840 - INFO - Scraping 1228/6851: https://www.refurbed.de/p/dell-latitude-5590-7200u/
2026-05-24 04:28:18,077 - ERROR - Error fetching https://www.refurbed.de/p/dell-latitude-5590-7200u/: 404 Client Error: Not Found for url: https://www.refurbed.de/p/dell-latitude-5590-7200u/
2026-05-24 04:28:19,079 - INFO - Scraping 1229/6851: https://www.refurbed.de/p/dell-latitude-5590-7300u/
2026-05-24 04:28:19,326 - ERROR - Error fetching https://www.refurbed.de/p/dell-latitude-5590-7300u/: 404 Client Error: Not Found for url: https://www.refurbed.de/p/dell-latitude-5590-7300u/
2026-05-24 04:28:20,328 - INFO - Scraping 1230/6851: https://www.refurbed.de/p/dell-latitude-5590-8550u/
2026-05-24 04:28:21,843 - INFO - Scraping 1231/6851: https://www.refurbed.de/p/dell-latitude-5590-8650u/
2026-05-24 04:28:23,485 - INFO - Scraping 1232/6851: https://www.refurbed.de/p/dell-latitude-5590-i3-7100u/
2026-05-24 04:28:23,728 - ERROR - Error fetching https://www.refurbed.de/p/dell-latitude-5590-i3-7100u/: 404 Client Error: Not Found for url: https://www.refurbed.de/p/dell-latitude-5590-i3-7100u/
2026-05-24 04:28:24,731 - INFO - Scraping 1233/6851: https://www.refurbed.de/p/dell-latitude-5590-i5-8250u/
2026-05-24 04:28:26,277 - INFO - Scraping 1234/6851: https://www.refurbed.de/p/dell-latitude-5590-i5-8350u/
2026-05-24 04:28:28,063 - INFO - Scraping 1235/6851: https://www.refurbed.de/p/dell-latitude-7200-2-in-1/
2026-05-24 04:28:29,469 - INFO - Scraping 1236/6851: https://www.refurbed.de/p/dell-latitude-7210-10210u/
2026-05-24 04:28:29,710 - ERROR - Error fetching https://www.refurbed.de/p/dell-latitude-7210-10210u/: 404 Client Error: Not Found for url: https://www.refurbed.de/p/dell-latitude-7210-10210u/
2026-05-24 04:28:30,712 - INFO - Scraping 1237/6851: https://www.refurbed.de/p/dell-latitude-7210-10310u/
2026-05-24 04:28:32,115 - INFO - Scraping 1238/6851: https://www.refurbed.de/p/dell-latitude-7210-10610u/
2026-05-24 04:28:32,359 - ERROR - Error fetching https://www.refurbed.de/p/dell-latitude-7210-10610u/: 404 Client Error: Not Found for url: https://www.refurbed.de/p/dell-latitude-7210-10610u/
2026-05-24 04:28:33,361 - INFO - Scraping 1239/6851: https://www.refurbed.de/p/dell-latitude-7210-10810u/
2026-05-24 04:28:35,666 - INFO - Scraping 1240/6851: https://www.refurbed.de/p/dell-latitude-7210-i3-10110u/
2026-05-24 04:28:36,117 - ERROR - Error fetching https://www.refurbed.de/p/dell-latitude-7210-i3-10110u/: 404 Client Error: Not Found for url: https://www.refurbed.de/p/dell-latitude-7210-i3-10110u/
2026-05-24 04:28:37,119 - INFO - Scraping 1241/6851: https://www.refurbed.de/p/dell-latitude-7212-rgg-i3-7100u/
2026-05-24 04:28:38,613 - ERROR - Error fetching https://www.refurbed.de/p/dell-latitude-7212-rgg-i3-7100u/: 404 Client Error: Not Found for url: https://www.refurbed.de/p/dell-latitude-7212-rgg-i3-7100u/
2026-05-24 04:28:39,615 - INFO - Scraping 1242/6851: https://www.refurbed.de/p/dell-latitude-7212-rgg-i5-6300u/
2026-05-24 04:28:40,140 - ERROR - Error fetching https://www.refurbed.de/p/dell-latitude-7212-rgg-i5-6300u/: 404 Client Error: Not Found for url: https://www.refurbed.de/p/dell-latitude-7212-rgg-i5-6300u/
2026-05-24 04:28:41,142 - INFO - Scraping 1243/6851: https://www.refurbed.de/p/dell-latitude-7212-rgg-i5-7300u/
2026-05-24 04:28:41,656 - ERROR - Error fetching https://www.refurbed.de/p/dell-latitude-7212-rgg-i5-7300u/: 404 Client Error: Not Found for url: https://www.refurbed.de/p/dell-latitude-7212-rgg-i5-7300u/
2026-05-24 04:28:42,658 - INFO - Scraping 1244/6851: https://www.refurbed.de/p/dell-latitude-7212-rgg-i5-8350u/
2026-05-24 04:28:44,332 - INFO - Scraping 1245/6851: https://www.refurbed.de/p/dell-latitude-7212-rgg-i7-8650u/
2026-05-24 04:28:46,002 - INFO - Scraping 1246/6851: https://www.refurbed.de/p/dell-latitude-7212-rgg-i7-8665u/
2026-05-24 04:28:47,657 - INFO - Scraping 1247/6851: https://www.refurbed.de/p/dell-latitude-7220-rgg--i7-8665u/
2026-05-24 04:28:49,142 - INFO - Scraping 1248/6851: https://www.refurbed.de/p/dell-latitude-7220-rgg-i3-8145u/
2026-05-24 04:28:50,696 - INFO - Scraping 1249/6851: https://www.refurbed.de/p/dell-latitude-7220-rgg-xtr-8365u/
2026-05-24 04:28:52,093 - INFO - Scraping 1250/6851: https://www.refurbed.de/p/dell-latitude-7275-m5-6y57/
2026-05-24 04:28:52,335 - ERROR - Error fetching https://www.refurbed.de/p/dell-latitude-7275-m5-6y57/: 404 Client Error: Not Found for url: https://www.refurbed.de/p/dell-latitude-7275-m5-6y57/
2026-05-24 04:28:53,337 - INFO - Scraping 1251/6851: https://www.refurbed.de/p/dell-latitude-7275-m7-6y57/
2026-05-24 04:28:53,630 - ERROR - Error fetching https://www.refurbed.de/p/dell-latitude-7275-m7-6y57/: 404 Client Error: Not Found for url: https://www.refurbed.de/p/dell-latitude-7275-m7-6y57/
2026-05-24 04:28:54,633 - INFO - Scraping 1252/6851: https://www.refurbed.de/p/dell-latitude-7280-i5-6200u-12-5/
2026-05-24 04:28:54,864 - ERROR - Error fetching https://www.refurbed.de/p/dell-latitude-7280-i5-6200u-12-5/: 404 Client Error: Not Found for url: https://www.refurbed.de/p/dell-latitude-7280-i5-6200u-12-5/
2026-05-24 04:28:55,866 - INFO - Scraping 1253/6851: https://www.refurbed.de/p/dell-latitude-7280-i5-6300u-12-5/
2026-05-24 04:28:56,202 - ERROR - Error fetching https://www.refurbed.de/p/dell-latitude-7280-i5-6300u-12-5/: 404 Client Error: Not Found for url: https://www.refurbed.de/p/dell-latitude-7280-i5-6300u-12-5/
2026-05-24 04:28:57,204 - INFO - Scraping 1254/6851: https://www.refurbed.de/p/dell-latitude-7280-i5-6600u-12-5/
2026-05-24 04:28:57,585 - ERROR - Error fetching https://www.refurbed.de/p/dell-latitude-7280-i5-6600u-12-5/: 404 Client Error: Not Found for url: https://www.refurbed.de/p/dell-latitude-7280-i5-6600u-12-5/
2026-05-24 04:28:58,587 - INFO - Scraping 1255/6851: https://www.refurbed.de/p/dell-latitude-7280-i5-7200u-12-5/
2026-05-24 04:28:58,859 - ERROR - Error fetching https://www.refurbed.de/p/dell-latitude-7280-i5-7200u-12-5/: 404 Client Error: Not Found for url: https://www.refurbed.de/p/dell-latitude-7280-i5-7200u-12-5/
2026-05-24 04:28:59,861 - INFO - Scraping 1256/6851: https://www.refurbed.de/p/dell-latitude-7280-i5-7300u/
2026-05-24 04:29:00,093 - ERROR - Error fetching https://www.refurbed.de/p/dell-latitude-7280-i5-7300u/: 404 Client Error: Not Found for url: https://www.refurbed.de/p/dell-latitude-7280-i5-7300u/
2026-05-24 04:29:01,095 - INFO - Scraping 1257/6851: https://www.refurbed.de/p/dell-latitude-7280-i7-7600u-12-5/
2026-05-24 04:29:01,344 - ERROR - Error fetching https://www.refurbed.de/p/dell-latitude-7280-i7-7600u-12-5/: 404 Client Error: Not Found for url: https://www.refurbed.de/p/dell-latitude-7280-i7-7600u-12-5/
2026-05-24 04:29:02,346 - INFO - Scraping 1258/6851: https://www.refurbed.de/p/dell-latitude-7285-7y57/
2026-05-24 04:29:02,584 - ERROR - Error fetching https://www.refurbed.de/p/dell-latitude-7285-7y57/: 404 Client Error: Not Found for url: https://www.refurbed.de/p/dell-latitude-7285-7y57/
2026-05-24 04:29:03,586 - INFO - Scraping 1259/6851: https://www.refurbed.de/p/dell-latitude-7285-i7-7y75/
2026-05-24 04:29:03,814 - ERROR - Error fetching https://www.refurbed.de/p/dell-latitude-7285-i7-7y75/: 404 Client Error: Not Found for url: https://www.refurbed.de/p/dell-latitude-7285-i7-7y75/
2026-05-24 04:29:04,816 - INFO - Scraping 1260/6851: https://www.refurbed.de/p/dell-latitude-7290-i5-8350u/
2026-05-24 04:29:06,572 - INFO - Scraping 1261/6851: https://www.refurbed.de/p/dell-latitude-7290-i7-8650u/
2026-05-24 04:29:07,975 - INFO - Scraping 1262/6851: https://www.refurbed.de/p/dell-latitude-7300-8665u-13-3/
2026-05-24 04:29:09,498 - INFO - Scraping 1263/6851: https://www.refurbed.de/p/dell-latitude-7300-i5-8265u-13-3/
2026-05-24 04:29:11,097 - INFO - Scraping 1264/6851: https://www.refurbed.de/p/dell-latitude-7300-i5-8350u-13-3/
2026-05-24 04:29:12,699 - INFO - Scraping 1265/6851: https://www.refurbed.de/p/dell-latitude-7300-i5-8365u-13-3/
2026-05-24 04:29:14,402 - INFO - Scraping 1266/6851: https://www.refurbed.de/p/dell-latitude-7310-10610u-13-3/
2026-05-24 04:29:15,933 - INFO - Scraping 1267/6851: https://www.refurbed.de/p/dell-latitude-7310-2-in-1-10310u/
2026-05-24 04:29:17,473 - INFO - Scraping 1268/6851: https://www.refurbed.de/p/dell-latitude-7310-2-in-1-10610u/
2026-05-24 04:29:18,984 - INFO - Scraping 1269/6851: https://www.refurbed.de/p/dell-latitude-7310-i5-10310u/
2026-05-24 04:29:20,506 - INFO - Scraping 1270/6851: https://www.refurbed.de/p/dell-latitude-7310-i7-10710u/
2026-05-24 04:29:22,079 - INFO - Scraping 1271/6851: https://www.refurbed.de/p/dell-latitude-7320-114g7/
2026-05-24 04:29:23,634 - INFO - Scraping 1272/6851: https://www.refurbed.de/p/dell-latitude-7320-i5-1135g7/
2026-05-24 04:29:25,124 - INFO - Scraping 1273/6851: https://www.refurbed.de/p/dell-latitude-7320-i7-1185g7/
2026-05-24 04:29:26,469 - INFO - Scraping 1274/6851: https://www.refurbed.de/p/dell-latitude-7330-i5-1245u-13-3/
2026-05-24 04:29:28,020 - INFO - Scraping 1275/6851: https://www.refurbed.de/p/dell-latitude-7330-i7-1265u-13-3/
2026-05-24 04:29:29,784 - INFO - Scraping 1276/6851: https://www.refurbed.de/p/dell-latitude-7340-i5-1345u/
2026-05-24 04:29:31,280 - INFO - Scraping 1277/6851: https://www.refurbed.de/p/dell-latitude-7340-i7-1365u/
2026-05-24 04:29:32,808 - INFO - Scraping 1278/6851: https://www.refurbed.de/p/dell-latitude-7350-my71/
2026-05-24 04:29:33,046 - ERROR - Error fetching https://www.refurbed.de/p/dell-latitude-7350-my71/: 404 Client Error: Not Found for url: https://www.refurbed.de/p/dell-latitude-7350-my71/
2026-05-24 04:29:34,048 - INFO - Scraping 1279/6851: https://www.refurbed.de/p/dell-latitude-7380-7300u/
2026-05-24 04:29:34,450 - ERROR - Error fetching https://www.refurbed.de/p/dell-latitude-7380-7300u/: 404 Client Error: Not Found for url: https://www.refurbed.de/p/dell-latitude-7380-7300u/
2026-05-24 04:29:35,452 - INFO - Scraping 1280/6851: https://www.refurbed.de/p/dell-latitude-7380-i7-7600u-13/
2026-05-24 04:29:35,675 - ERROR - Error fetching https://www.refurbed.de/p/dell-latitude-7380-i7-7600u-13/: 404 Client Error: Not Found for url: https://www.refurbed.de/p/dell-latitude-7380-i7-7600u-13/
2026-05-24 04:29:36,676 - INFO - Scraping 1281/6851: https://www.refurbed.de/p/dell-latitude-7389-2-1-i5-7300u/
2026-05-24 04:29:36,936 - ERROR - Error fetching https://www.refurbed.de/p/dell-latitude-7389-2-1-i5-7300u/: 404 Client Error: Not Found for url: https://www.refurbed.de/p/dell-latitude-7389-2-1-i5-7300u/
2026-05-24 04:29:37,938 - INFO - Scraping 1282/6851: https://www.refurbed.de/p/dell-latitude-7390-2-1-i5-8250u/
2026-05-24 04:29:39,373 - INFO - Scraping 1283/6851: https://www.refurbed.de/p/dell-latitude-7390-2-1-i5-8350u/
2026-05-24 04:29:41,070 - INFO - Scraping 1284/6851: https://www.refurbed.de/p/dell-latitude-7390-2-1-i7-8650u/
2026-05-24 04:29:42,770 - INFO - Scraping 1285/6851: https://www.refurbed.de/p/dell-latitude-7390-2-in-1-8350u/
2026-05-24 04:29:44,140 - INFO - Scraping 1286/6851: https://www.refurbed.de/p/dell-latitude-7390-2-in-1-8650u/
2026-05-24 04:29:45,546 - INFO - Scraping 1287/6851: https://www.refurbed.de/p/dell-latitude-7390-i5-7300u-13-3/
2026-05-24 04:29:45,790 - ERROR - Error fetching https://www.refurbed.de/p/dell-latitude-7390-i5-7300u-13-3/: 404 Client Error: Not Found for url: https://www.refurbed.de/p/dell-latitude-7390-i5-7300u-13-3/
2026-05-24 04:29:46,793 - INFO - Scraping 1288/6851: https://www.refurbed.de/p/dell-latitude-7390-i5-8250u/
2026-05-24 04:29:48,391 - INFO - Scraping 1289/6851: https://www.refurbed.de/p/dell-latitude-7390-i7-8650u/
2026-05-24 04:29:49,915 - INFO - Scraping 1290/6851: https://www.refurbed.de/p/dell-latitude-7400-2-in-1-8265u/
2026-05-24 04:29:51,421 - INFO - Scraping 1291/6851: https://www.refurbed.de/p/dell-latitude-7400-2-in-1-8365u/
2026-05-24 04:29:52,913 - INFO - Scraping 1292/6851: https://www.refurbed.de/p/dell-latitude-7400-2-in-1-8665u/
2026-05-24 04:29:54,631 - INFO - Scraping 1293/6851: https://www.refurbed.de/p/dell-latitude-7400-8265u-14/
2026-05-24 04:29:56,160 - INFO - Scraping 1294/6851: https://www.refurbed.de/p/dell-latitude-7400-8365u/
2026-05-24 04:29:58,578 - INFO - Scraping 1295/6851: https://www.refurbed.de/p/dell-latitude-7400-8665u/
2026-05-24 04:30:00,411 - INFO - Scraping 1296/6851: https://www.refurbed.de/p/dell-latitude-7410-2-1-i5-10310u/
2026-05-24 04:30:02,851 - INFO - Scraping 1297/6851: https://www.refurbed.de/p/dell-latitude-7410-2-1-i7-10610u/
2026-05-24 04:30:04,779 - INFO - Scraping 1298/6851: https://www.refurbed.de/p/dell-latitude-7410-2-1-i7-10810u/
2026-05-24 04:30:06,304 - INFO - Scraping 1299/6851: https://www.refurbed.de/p/dell-latitude-7410-i5-10210u/
2026-05-24 04:30:07,974 - INFO - Scraping 1300/6851: https://www.refurbed.de/p/dell-latitude-7410-i5-10310u/
2026-05-24 04:30:09,625 - INFO - Scraping 1301/6851: https://www.refurbed.de/p/dell-latitude-7410-i7-10610u/
2026-05-24 04:30:11,177 - INFO - Scraping 1302/6851: https://www.refurbed.de/p/dell-latitude-7410-i7-10810u/
2026-05-24 04:30:12,585 - INFO - Scraping 1303/6851: https://www.refurbed.de/p/dell-latitude-7420-1135g7-14/
2026-05-24 04:30:14,125 - INFO - Scraping 1304/6851: https://www.refurbed.de/p/dell-latitude-7420-i5-1145g7/
2026-05-24 04:30:15,734 - INFO - Scraping 1305/6851: https://www.refurbed.de/p/dell-latitude-7420-i7-1165g7/
2026-05-24 04:30:17,232 - INFO - Scraping 1306/6851: https://www.refurbed.de/p/dell-latitude-7420-i7-1185g7/
2026-05-24 04:30:18,771 - INFO - Scraping 1307/6851: https://www.refurbed.de/p/dell-latitude-7430-i5-1245u-14/
2026-05-24 04:30:20,339 - INFO - Scraping 1308/6851: https://www.refurbed.de/p/dell-latitude-7430-i7-1255u-14/
2026-05-24 04:30:22,036 - INFO - Scraping 1309/6851: https://www.refurbed.de/p/dell-latitude-7430-i7-1265u/
2026-05-24 04:30:23,603 - INFO - Scraping 1310/6851: https://www.refurbed.de/p/dell-latitude-7430-i7-1270p-14/
2026-05-24 04:30:25,199 - INFO - Scraping 1311/6851: https://www.refurbed.de/p/dell-latitude-7440-i5-1335u/
2026-05-24 04:30:26,602 - INFO - Scraping 1312/6851: https://www.refurbed.de/p/dell-latitude-7440-i7-1365u/
2026-05-24 04:30:28,398 - INFO - Scraping 1313/6851: https://www.refurbed.de/p/dell-latitude-7480-6600u/
2026-05-24 04:30:28,675 - ERROR - Error fetching https://www.refurbed.de/p/dell-latitude-7480-6600u/: 404 Client Error: Not Found for url: https://www.refurbed.de/p/dell-latitude-7480-6600u/
2026-05-24 04:30:29,678 - INFO - Scraping 1314/6851: https://www.refurbed.de/p/dell-latitude-7480-7300u/
2026-05-24 04:30:29,943 - ERROR - Error fetching https://www.refurbed.de/p/dell-latitude-7480-7300u/: 404 Client Error: Not Found for url: https://www.refurbed.de/p/dell-latitude-7480-7300u/
2026-05-24 04:30:30,945 - INFO - Scraping 1315/6851: https://www.refurbed.de/p/dell-latitude-7480-7600u/
2026-05-24 04:30:31,180 - ERROR - Error fetching https://www.refurbed.de/p/dell-latitude-7480-7600u/: 404 Client Error: Not Found for url: https://www.refurbed.de/p/dell-latitude-7480-7600u/
2026-05-24 04:30:32,182 - INFO - Scraping 1316/6851: https://www.refurbed.de/p/dell-latitude-7480-i5-6200u-14/
2026-05-24 04:30:32,429 - ERROR - Error fetching https://www.refurbed.de/p/dell-latitude-7480-i5-6200u-14/: 404 Client Error: Not Found for url: https://www.refurbed.de/p/dell-latitude-7480-i5-6200u-14/
2026-05-24 04:30:33,431 - INFO - Scraping 1317/6851: https://www.refurbed.de/p/dell-latitude-7480-i5-6300u-14/
2026-05-24 04:30:33,661 - ERROR - Error fetching https://www.refurbed.de/p/dell-latitude-7480-i5-6300u-14/: 404 Client Error: Not Found for url: https://www.refurbed.de/p/dell-latitude-7480-i5-6300u-14/
2026-05-24 04:30:34,664 - INFO - Scraping 1318/6851: https://www.refurbed.de/p/dell-latitude-7480-i5-6360u-14/
2026-05-24 04:30:34,896 - ERROR - Error fetching https://www.refurbed.de/p/dell-latitude-7480-i5-6360u-14/: 404 Client Error: Not Found for url: https://www.refurbed.de/p/dell-latitude-7480-i5-6360u-14/
2026-05-24 04:30:35,899 - INFO - Scraping 1319/6851: https://www.refurbed.de/p/dell-latitude-7480-i5-7200u-14/
2026-05-24 04:30:36,135 - ERROR - Error fetching https://www.refurbed.de/p/dell-latitude-7480-i5-7200u-14/: 404 Client Error: Not Found for url: https://www.refurbed.de/p/dell-latitude-7480-i5-7200u-14/
2026-05-24 04:30:37,137 - INFO - Scraping 1320/6851: https://www.refurbed.de/p/dell-latitude-7480-i7-6650u-14/
2026-05-24 04:30:37,366 - ERROR - Error fetching https://www.refurbed.de/p/dell-latitude-7480-i7-6650u-14/: 404 Client Error: Not Found for url: https://www.refurbed.de/p/dell-latitude-7480-i7-6650u-14/
2026-05-24 04:30:38,368 - INFO - Scraping 1321/6851: https://www.refurbed.de/p/dell-latitude-7480-i7-7500u/
2026-05-24 04:30:38,622 - ERROR - Error fetching https://www.refurbed.de/p/dell-latitude-7480-i7-7500u/: 404 Client Error: Not Found for url: https://www.refurbed.de/p/dell-latitude-7480-i7-7500u/
2026-05-24 04:30:39,625 - INFO - Scraping 1322/6851: https://www.refurbed.de/p/dell-latitude-7490-7300u/
2026-05-24 04:30:39,878 - ERROR - Error fetching https://www.refurbed.de/p/dell-latitude-7490-7300u/: 404 Client Error: Not Found for url: https://www.refurbed.de/p/dell-latitude-7490-7300u/
2026-05-24 04:30:40,880 - INFO - Scraping 1323/6851: https://www.refurbed.de/p/dell-latitude-7490-7600u-14/
2026-05-24 04:30:41,130 - ERROR - Error fetching https://www.refurbed.de/p/dell-latitude-7490-7600u-14/: 404 Client Error: Not Found for url: https://www.refurbed.de/p/dell-latitude-7490-7600u-14/
2026-05-24 04:30:42,133 - INFO - Scraping 1324/6851: https://www.refurbed.de/p/dell-latitude-7490-8250u/
2026-05-24 04:30:43,699 - INFO - Scraping 1325/6851: https://www.refurbed.de/p/dell-latitude-7490-8650u/
2026-05-24 04:30:45,495 - INFO - Scraping 1326/6851: https://www.refurbed.de/p/dell-latitude-7490-8665/
2026-05-24 04:30:45,728 - ERROR - Error fetching https://www.refurbed.de/p/dell-latitude-7490-8665/: 404 Client Error: Not Found for url: https://www.refurbed.de/p/dell-latitude-7490-8665/
2026-05-24 04:30:46,731 - INFO - Scraping 1327/6851: https://www.refurbed.de/p/dell-latitude-7490-i5-8350u-14/
2026-05-24 04:30:48,550 - INFO - Scraping 1328/6851: https://www.refurbed.de/p/dell-latitude-7490-i7-8565u/
2026-05-24 04:30:50,253 - INFO - Scraping 1329/6851: https://www.refurbed.de/p/dell-latitude-7520-alu-i7-1185g7/
2026-05-24 04:30:51,641 - INFO - Scraping 1330/6851: https://www.refurbed.de/p/dell-latitude-7520-car-i7-1185g7/
2026-05-24 04:30:53,148 - INFO - Scraping 1331/6851: https://www.refurbed.de/p/dell-latitude-7520-i7-1165g7/
2026-05-24 04:30:54,559 - INFO - Scraping 1332/6851: https://www.refurbed.de/p/dell-latitude-7530-i5-1250p/
2026-05-24 04:30:56,212 - INFO - Scraping 1333/6851: https://www.refurbed.de/p/dell-latitude-7530-i7-8750h/
2026-05-24 04:30:57,570 - INFO - Scraping 1334/6851: https://www.refurbed.de/p/dell-latitude-7530-i9-8950hk/
2026-05-24 04:30:59,005 - INFO - Scraping 1335/6851: https://www.refurbed.de/p/dell-latitude-7640-i5-1345u/
2026-05-24 04:31:00,437 - INFO - Scraping 1336/6851: https://www.refurbed.de/p/dell-latitude-9430-2-in-1-1245u/
2026-05-24 04:31:01,839 - INFO - Scraping 1337/6851: https://www.refurbed.de/p/dell-latitude-9430-2-in-1-1265u/
2026-05-24 04:31:03,279 - INFO - Scraping 1338/6851: https://www.refurbed.de/p/dell-latitude-9430-i7-1265u/
2026-05-24 04:31:04,809 - INFO - Scraping 1339/6851: https://www.refurbed.de/p/dell-latitude-9520-2in1-1185g7/
2026-05-24 04:31:06,323 - INFO - Scraping 1340/6851: https://www.refurbed.de/p/dell-latitude-detach-7320-1130g7/
2026-05-24 04:31:07,883 - INFO - Scraping 1341/6851: https://www.refurbed.de/p/dell-latitude-detach-7320-1140g7/
2026-05-24 04:31:09,503 - INFO - Scraping 1342/6851: https://www.refurbed.de/p/dell-latitude-detach-7320-1180g7/
2026-05-24 04:31:11,023 - INFO - Scraping 1343/6851: https://www.refurbed.de/p/dell-latitude-e5250-i5-5300u-12-/
2026-05-24 04:31:11,411 - ERROR - Error fetching https://www.refurbed.de/p/dell-latitude-e5250-i5-5300u-12-/: 404 Client Error: Not Found for url: https://www.refurbed.de/p/dell-latitude-e5250-i5-5300u-12-/
2026-05-24 04:31:12,414 - INFO - Scraping 1344/6851: https://www.refurbed.de/p/dell-latitude-e5270-i5-6200u-12-/
2026-05-24 04:31:12,640 - ERROR - Error fetching https://www.refurbed.de/p/dell-latitude-e5270-i5-6200u-12-/: 404 Client Error: Not Found for url: https://www.refurbed.de/p/dell-latitude-e5270-i5-6200u-12-/
2026-05-24 04:31:13,642 - INFO - Scraping 1345/6851: https://www.refurbed.de/p/dell-latitude-e5270-i5-6300u-12-/
2026-05-24 04:31:13,891 - ERROR - Error fetching https://www.refurbed.de/p/dell-latitude-e5270-i5-6300u-12-/: 404 Client Error: Not Found for url: https://www.refurbed.de/p/dell-latitude-e5270-i5-6300u-12-/
2026-05-24 04:31:14,893 - INFO - Scraping 1346/6851: https://www.refurbed.de/p/dell-latitude-e5270-i7-6600u-12/
2026-05-24 04:31:15,283 - ERROR - Error fetching https://www.refurbed.de/p/dell-latitude-e5270-i7-6600u-12/: 404 Client Error: Not Found for url: https://www.refurbed.de/p/dell-latitude-e5270-i7-6600u-12/
2026-05-24 04:31:16,285 - INFO - Scraping 1347/6851: https://www.refurbed.de/p/dell-latitude-e5440-i3-4010u-14/
2026-05-24 04:31:16,520 - ERROR - Error fetching https://www.refurbed.de/p/dell-latitude-e5440-i3-4010u-14/: 404 Client Error: Not Found for url: https://www.refurbed.de/p/dell-latitude-e5440-i3-4010u-14/
2026-05-24 04:31:17,522 - INFO - Scraping 1348/6851: https://www.refurbed.de/p/dell-latitude-e5440-i5-4200u-14/
2026-05-24 04:31:17,753 - ERROR - Error fetching https://www.refurbed.de/p/dell-latitude-e5440-i5-4200u-14/: 404 Client Error: Not Found for url: https://www.refurbed.de/p/dell-latitude-e5440-i5-4200u-14/
2026-05-24 04:31:18,755 - INFO - Scraping 1349/6851: https://www.refurbed.de/p/dell-latitude-e5440-i5-4300m-14/
2026-05-24 04:31:18,985 - ERROR - Error fetching https://www.refurbed.de/p/dell-latitude-e5440-i5-4300m-14/: 404 Client Error: Not Found for url: https://www.refurbed.de/p/dell-latitude-e5440-i5-4300m-14/
2026-05-24 04:31:19,988 - INFO - Scraping 1350/6851: https://www.refurbed.de/p/dell-latitude-e5440-i5-4300u-14/
2026-05-24 04:31:20,251 - ERROR - Error fetching https://www.refurbed.de/p/dell-latitude-e5440-i5-4300u-14/: 404 Client Error: Not Found for url: https://www.refurbed.de/p/dell-latitude-e5440-i5-4300u-14/
2026-05-24 04:31:21,253 - INFO - Scraping 1351/6851: https://www.refurbed.de/p/dell-latitude-e5440-i5-4310u-14/
2026-05-24 04:31:21,520 - ERROR - Error fetching https://www.refurbed.de/p/dell-latitude-e5440-i5-4310u-14/: 404 Client Error: Not Found for url: https://www.refurbed.de/p/dell-latitude-e5440-i5-4310u-14/
2026-05-24 04:31:22,522 - INFO - Scraping 1352/6851: https://www.refurbed.de/p/dell-latitude-e5440-i5-4600u/
2026-05-24 04:31:22,776 - ERROR - Error fetching https://www.refurbed.de/p/dell-latitude-e5440-i5-4600u/: 404 Client Error: Not Found for url: https://www.refurbed.de/p/dell-latitude-e5440-i5-4600u/
2026-05-24 04:31:23,778 - INFO - Scraping 1353/6851: https://www.refurbed.de/p/dell-latitude-e5450-i3-5010u-14/
2026-05-24 04:31:24,018 - ERROR - Error fetching https://www.refurbed.de/p/dell-latitude-e5450-i3-5010u-14/: 404 Client Error: Not Found for url: https://www.refurbed.de/p/dell-latitude-e5450-i3-5010u-14/
2026-05-24 04:31:25,020 - INFO - Scraping 1354/6851: https://www.refurbed.de/p/dell-latitude-e5450-i5-4310u-14/
2026-05-24 04:31:25,255 - ERROR - Error fetching https://www.refurbed.de/p/dell-latitude-e5450-i5-4310u-14/: 404 Client Error: Not Found for url: https://www.refurbed.de/p/dell-latitude-e5450-i5-4310u-14/
2026-05-24 04:31:26,257 - INFO - Scraping 1355/6851: https://www.refurbed.de/p/dell-latitude-e5450-i5-5200u-14/
2026-05-24 04:31:26,510 - ERROR - Error fetching https://www.refurbed.de/p/dell-latitude-e5450-i5-5200u-14/: 404 Client Error: Not Found for url: https://www.refurbed.de/p/dell-latitude-e5450-i5-5200u-14/
2026-05-24 04:31:27,513 - INFO - Scraping 1356/6851: https://www.refurbed.de/p/dell-latitude-e5450-i5-5300u-14/
2026-05-24 04:31:27,900 - ERROR - Error fetching https://www.refurbed.de/p/dell-latitude-e5450-i5-5300u-14/: 404 Client Error: Not Found for url: https://www.refurbed.de/p/dell-latitude-e5450-i5-5300u-14/
2026-05-24 04:31:28,902 - INFO - Scraping 1357/6851: https://www.refurbed.de/p/dell-latitude-e5450-i7-5600u-14/
2026-05-24 04:31:29,164 - ERROR - Error fetching https://www.refurbed.de/p/dell-latitude-e5450-i7-5600u-14/: 404 Client Error: Not Found for url: https://www.refurbed.de/p/dell-latitude-e5450-i7-5600u-14/
2026-05-24 04:31:30,166 - INFO - Scraping 1358/6851: https://www.refurbed.de/p/dell-latitude-e5470-6100u/
2026-05-24 04:31:30,398 - ERROR - Error fetching https://www.refurbed.de/p/dell-latitude-e5470-6100u/: 404 Client Error: Not Found for url: https://www.refurbed.de/p/dell-latitude-e5470-6100u/
2026-05-24 04:31:31,401 - INFO - Scraping 1359/6851: https://www.refurbed.de/p/dell-latitude-e5470-6300hq/
2026-05-24 04:31:31,660 - ERROR - Error fetching https://www.refurbed.de/p/dell-latitude-e5470-6300hq/: 404 Client Error: Not Found for url: https://www.refurbed.de/p/dell-latitude-e5470-6300hq/
2026-05-24 04:31:32,662 - INFO - Scraping 1360/6851: https://www.refurbed.de/p/dell-latitude-e5470-6440hq/
2026-05-24 04:31:32,906 - ERROR - Error fetching https://www.refurbed.de/p/dell-latitude-e5470-6440hq/: 404 Client Error: Not Found for url: https://www.refurbed.de/p/dell-latitude-e5470-6440hq/
2026-05-24 04:31:33,909 - INFO - Scraping 1361/6851: https://www.refurbed.de/p/dell-latitude-e5470-6820hq/
2026-05-24 04:31:34,301 - ERROR - Error fetching https://www.refurbed.de/p/dell-latitude-e5470-6820hq/: 404 Client Error: Not Found for url: https://www.refurbed.de/p/dell-latitude-e5470-6820hq/
2026-05-24 04:31:35,303 - INFO - Scraping 1362/6851: https://www.refurbed.de/p/dell-latitude-e5470-i5-6200u/
2026-05-24 04:31:35,702 - ERROR - Error fetching https://www.refurbed.de/p/dell-latitude-e5470-i5-6200u/: 404 Client Error: Not Found for url: https://www.refurbed.de/p/dell-latitude-e5470-i5-6200u/
2026-05-24 04:31:36,704 - INFO - Scraping 1363/6851: https://www.refurbed.de/p/dell-latitude-e5470-i5-6300u-14/
2026-05-24 04:31:36,958 - ERROR - Error fetching https://www.refurbed.de/p/dell-latitude-e5470-i5-6300u-14/: 404 Client Error: Not Found for url: https://www.refurbed.de/p/dell-latitude-e5470-i5-6300u-14/
2026-05-24 04:31:37,960 - INFO - Scraping 1364/6851: https://www.refurbed.de/p/dell-latitude-e5470-i7-6600u/
2026-05-24 04:31:38,200 - ERROR - Error fetching https://www.refurbed.de/p/dell-latitude-e5470-i7-6600u/: 404 Client Error: Not Found for url: https://www.refurbed.de/p/dell-latitude-e5470-i7-6600u/
2026-05-24 04:31:39,202 - INFO - Scraping 1365/6851: https://www.refurbed.de/p/dell-latitude-e5480-i5-6300u-14/
2026-05-24 04:31:39,458 - ERROR - Error fetching https://www.refurbed.de/p/dell-latitude-e5480-i5-6300u-14/: 404 Client Error: Not Found for url: https://www.refurbed.de/p/dell-latitude-e5480-i5-6300u-14/
2026-05-24 04:31:40,460 - INFO - Scraping 1366/6851: https://www.refurbed.de/p/dell-latitude-e5480-i5-7300u-14/
2026-05-24 04:31:40,845 - ERROR - Error fetching https://www.refurbed.de/p/dell-latitude-e5480-i5-7300u-14/: 404 Client Error: Not Found for url: https://www.refurbed.de/p/dell-latitude-e5480-i5-7300u-14/
2026-05-24 04:31:41,847 - INFO - Scraping 1367/6851: https://www.refurbed.de/p/dell-latitude-e5480-i5-7440hq-14/
2026-05-24 04:31:42,091 - ERROR - Error fetching https://www.refurbed.de/p/dell-latitude-e5480-i5-7440hq-14/: 404 Client Error: Not Found for url: https://www.refurbed.de/p/dell-latitude-e5480-i5-7440hq-14/
2026-05-24 04:31:43,093 - INFO - Scraping 1368/6851: https://www.refurbed.de/p/dell-latitude-e5490-i5-7300u/
2026-05-24 04:31:43,341 - ERROR - Error fetching https://www.refurbed.de/p/dell-latitude-e5490-i5-7300u/: 404 Client Error: Not Found for url: https://www.refurbed.de/p/dell-latitude-e5490-i5-7300u/
2026-05-24 04:31:44,343 - INFO - Scraping 1369/6851: https://www.refurbed.de/p/dell-latitude-e5490-i5-8350u/
2026-05-24 04:31:45,979 - INFO - Scraping 1370/6851: https://www.refurbed.de/p/dell-latitude-e5550-i3-5010u-15/
2026-05-24 04:31:46,552 - ERROR - Error fetching https://www.refurbed.de/p/dell-latitude-e5550-i3-5010u-15/: 404 Client Error: Not Found for url: https://www.refurbed.de/p/dell-latitude-e5550-i3-5010u-15/
2026-05-24 04:31:47,554 - INFO - Scraping 1371/6851: https://www.refurbed.de/p/dell-latitude-e5550-i5-5200u-15-/
2026-05-24 04:31:48,024 - ERROR - Error fetching https://www.refurbed.de/p/dell-latitude-e5550-i5-5200u-15-/: 404 Client Error: Not Found for url: https://www.refurbed.de/p/dell-latitude-e5550-i5-5200u-15-/
2026-05-24 04:31:49,027 - INFO - Scraping 1372/6851: https://www.refurbed.de/p/dell-latitude-e5550-i5-5300u-15-/
2026-05-24 04:31:50,328 - ERROR - Error fetching https://www.refurbed.de/p/dell-latitude-e5550-i5-5300u-15-/: 404 Client Error: Not Found for url: https://www.refurbed.de/p/dell-latitude-e5550-i5-5300u-15-/
2026-05-24 04:31:51,331 - INFO - Scraping 1373/6851: https://www.refurbed.de/p/dell-latitude-e5570-6300u/
2026-05-24 04:31:51,762 - ERROR - Error fetching https://www.refurbed.de/p/dell-latitude-e5570-6300u/: 404 Client Error: Not Found for url: https://www.refurbed.de/p/dell-latitude-e5570-6300u/
2026-05-24 04:31:52,765 - INFO - Scraping 1374/6851: https://www.refurbed.de/p/dell-latitude-e5570-6640hq/
2026-05-24 04:31:53,310 - ERROR - Error fetching https://www.refurbed.de/p/dell-latitude-e5570-6640hq/: 404 Client Error: Not Found for url: https://www.refurbed.de/p/dell-latitude-e5570-6640hq/
2026-05-24 04:31:54,312 - INFO - Scraping 1375/6851: https://www.refurbed.de/p/dell-latitude-e5570-i3-6100u/
2026-05-24 04:31:54,701 - ERROR - Error fetching https://www.refurbed.de/p/dell-latitude-e5570-i3-6100u/: 404 Client Error: Not Found for url: https://www.refurbed.de/p/dell-latitude-e5570-i3-6100u/
2026-05-24 04:31:55,703 - INFO - Scraping 1376/6851: https://www.refurbed.de/p/dell-latitude-e5570-i5-6200u/
2026-05-24 04:31:56,083 - ERROR - Error fetching https://www.refurbed.de/p/dell-latitude-e5570-i5-6200u/: 404 Client Error: Not Found for url: https://www.refurbed.de/p/dell-latitude-e5570-i5-6200u/
2026-05-24 04:31:57,085 - INFO - Scraping 1377/6851: https://www.refurbed.de/p/dell-latitude-e5570-i5-6300hq/
2026-05-24 04:31:57,455 - ERROR - Error fetching https://www.refurbed.de/p/dell-latitude-e5570-i5-6300hq/: 404 Client Error: Not Found for url: https://www.refurbed.de/p/dell-latitude-e5570-i5-6300hq/
2026-05-24 04:31:58,457 - INFO - Scraping 1378/6851: https://www.refurbed.de/p/dell-latitude-e5570-i5-6300u-15-/
2026-05-24 04:31:58,773 - ERROR - Error fetching https://www.refurbed.de/p/dell-latitude-e5570-i5-6300u-15-/: 404 Client Error: Not Found for url: https://www.refurbed.de/p/dell-latitude-e5570-i5-6300u-15-/
2026-05-24 04:31:59,776 - INFO - Scraping 1379/6851: https://www.refurbed.de/p/dell-latitude-e5570-i7-6600u/
2026-05-24 04:32:00,015 - ERROR - Error fetching https://www.refurbed.de/p/dell-latitude-e5570-i7-6600u/: 404 Client Error: Not Found for url: https://www.refurbed.de/p/dell-latitude-e5570-i7-6600u/
2026-05-24 04:32:01,017 - INFO - Scraping 1380/6851: https://www.refurbed.de/p/dell-latitude-e6440-4600m/
2026-05-24 04:32:01,406 - ERROR - Error fetching https://www.refurbed.de/p/dell-latitude-e6440-4600m/: 404 Client Error: Not Found for url: https://www.refurbed.de/p/dell-latitude-e6440-4600m/
2026-05-24 04:32:02,408 - INFO - Scraping 1381/6851: https://www.refurbed.de/p/dell-latitude-e6440-i5-14/
2026-05-24 04:32:02,676 - ERROR - Error fetching https://www.refurbed.de/p/dell-latitude-e6440-i5-14/: 404 Client Error: Not Found for url: https://www.refurbed.de/p/dell-latitude-e6440-i5-14/
2026-05-24 04:32:03,679 - INFO - Scraping 1382/6851: https://www.refurbed.de/p/dell-latitude-e6440-i5-4210m-14/
2026-05-24 04:32:03,949 - ERROR - Error fetching https://www.refurbed.de/p/dell-latitude-e6440-i5-4210m-14/: 404 Client Error: Not Found for url: https://www.refurbed.de/p/dell-latitude-e6440-i5-4210m-14/
2026-05-24 04:32:04,951 - INFO - Scraping 1383/6851: https://www.refurbed.de/p/dell-latitude-e6440-i5-4310m-14/
2026-05-24 04:32:05,222 - ERROR - Error fetching https://www.refurbed.de/p/dell-latitude-e6440-i5-4310m-14/: 404 Client Error: Not Found for url: https://www.refurbed.de/p/dell-latitude-e6440-i5-4310m-14/
2026-05-24 04:32:06,225 - INFO - Scraping 1384/6851: https://www.refurbed.de/p/dell-latitude-e6440-i7-4610m-14/
2026-05-24 04:32:06,469 - ERROR - Error fetching https://www.refurbed.de/p/dell-latitude-e6440-i7-4610m-14/: 404 Client Error: Not Found for url: https://www.refurbed.de/p/dell-latitude-e6440-i7-4610m-14/
2026-05-24 04:32:07,472 - INFO - Scraping 1385/6851: https://www.refurbed.de/p/dell-latitude-e6540-i5-15-6/
2026-05-24 04:32:07,696 - ERROR - Error fetching https://www.refurbed.de/p/dell-latitude-e6540-i5-15-6/: 404 Client Error: Not Found for url: https://www.refurbed.de/p/dell-latitude-e6540-i5-15-6/
2026-05-24 04:32:08,699 - INFO - Scraping 1386/6851: https://www.refurbed.de/p/dell-latitude-e6540-i5-4200m-15-/
2026-05-24 04:32:08,944 - ERROR - Error fetching https://www.refurbed.de/p/dell-latitude-e6540-i5-4200m-15-/: 404 Client Error: Not Found for url: https://www.refurbed.de/p/dell-latitude-e6540-i5-4200m-15-/
2026-05-24 04:32:09,946 - INFO - Scraping 1387/6851: https://www.refurbed.de/p/dell-latitude-e6540-i7-4310m-15-/
2026-05-24 04:32:10,174 - ERROR - Error fetching https://www.refurbed.de/p/dell-latitude-e6540-i7-4310m-15-/: 404 Client Error: Not Found for url: https://www.refurbed.de/p/dell-latitude-e6540-i7-4310m-15-/
2026-05-24 04:32:11,176 - INFO - Scraping 1388/6851: https://www.refurbed.de/p/dell-latitude-e6540-i7-4600m-15/
2026-05-24 04:32:11,408 - ERROR - Error fetching https://www.refurbed.de/p/dell-latitude-e6540-i7-4600m-15/: 404 Client Error: Not Found for url: https://www.refurbed.de/p/dell-latitude-e6540-i7-4600m-15/
2026-05-24 04:32:12,410 - INFO - Scraping 1389/6851: https://www.refurbed.de/p/dell-latitude-e6540-i7-4610m-15-/
2026-05-24 04:32:12,787 - ERROR - Error fetching https://www.refurbed.de/p/dell-latitude-e6540-i7-4610m-15-/: 404 Client Error: Not Found for url: https://www.refurbed.de/p/dell-latitude-e6540-i7-4610m-15-/
2026-05-24 04:32:13,789 - INFO - Scraping 1390/6851: https://www.refurbed.de/p/dell-latitude-e6540-i7-4800m-15/
2026-05-24 04:32:14,029 - ERROR - Error fetching https://www.refurbed.de/p/dell-latitude-e6540-i7-4800m-15/: 404 Client Error: Not Found for url: https://www.refurbed.de/p/dell-latitude-e6540-i7-4800m-15/
2026-05-24 04:32:15,031 - INFO - Scraping 1391/6851: https://www.refurbed.de/p/dell-latitude-e6540-i7-4810mq-15/
2026-05-24 04:32:15,276 - ERROR - Error fetching https://www.refurbed.de/p/dell-latitude-e6540-i7-4810mq-15/: 404 Client Error: Not Found for url: https://www.refurbed.de/p/dell-latitude-e6540-i7-4810mq-15/
2026-05-24 04:32:16,278 - INFO - Scraping 1392/6851: https://www.refurbed.de/p/dell-latitude-e7240-i5-14/
2026-05-24 04:32:16,508 - ERROR - Error fetching https://www.refurbed.de/p/dell-latitude-e7240-i5-14/: 404 Client Error: Not Found for url: https://www.refurbed.de/p/dell-latitude-e7240-i5-14/
2026-05-24 04:32:17,510 - INFO - Scraping 1393/6851: https://www.refurbed.de/p/dell-latitude-e7240-i7-4310u/
2026-05-24 04:32:17,749 - ERROR - Error fetching https://www.refurbed.de/p/dell-latitude-e7240-i7-4310u/: 404 Client Error: Not Found for url: https://www.refurbed.de/p/dell-latitude-e7240-i7-4310u/
2026-05-24 04:32:18,752 - INFO - Scraping 1394/6851: https://www.refurbed.de/p/dell-latitude-e7240-i7-4600u-12-/
2026-05-24 04:32:18,998 - ERROR - Error fetching https://www.refurbed.de/p/dell-latitude-e7240-i7-4600u-12-/: 404 Client Error: Not Found for url: https://www.refurbed.de/p/dell-latitude-e7240-i7-4600u-12-/
2026-05-24 04:32:20,000 - INFO - Scraping 1395/6851: https://www.refurbed.de/p/dell-latitude-e7240-touch-i7-460/
2026-05-24 04:32:20,260 - ERROR - Error fetching https://www.refurbed.de/p/dell-latitude-e7240-touch-i7-460/: 404 Client Error: Not Found for url: https://www.refurbed.de/p/dell-latitude-e7240-touch-i7-460/
2026-05-24 04:32:21,262 - INFO - Scraping 1396/6851: https://www.refurbed.de/p/dell-latitude-e7250-i3-5010u/
2026-05-24 04:32:21,492 - ERROR - Error fetching https://www.refurbed.de/p/dell-latitude-e7250-i3-5010u/: 404 Client Error: Not Found for url: https://www.refurbed.de/p/dell-latitude-e7250-i3-5010u/
2026-05-24 04:32:22,494 - INFO - Scraping 1397/6851: https://www.refurbed.de/p/dell-latitude-e7250-i5-5200u-12-/
2026-05-24 04:32:22,728 - ERROR - Error fetching https://www.refurbed.de/p/dell-latitude-e7250-i5-5200u-12-/: 404 Client Error: Not Found for url: https://www.refurbed.de/p/dell-latitude-e7250-i5-5200u-12-/
2026-05-24 04:32:23,731 - INFO - Scraping 1398/6851: https://www.refurbed.de/p/dell-latitude-e7250-i5-5300u-12-/
2026-05-24 04:32:23,957 - ERROR - Error fetching https://www.refurbed.de/p/dell-latitude-e7250-i5-5300u-12-/: 404 Client Error: Not Found for url: https://www.refurbed.de/p/dell-latitude-e7250-i5-5300u-12-/
2026-05-24 04:32:24,959 - INFO - Scraping 1399/6851: https://www.refurbed.de/p/dell-latitude-e7250-i7-5300u-12-/
2026-05-24 04:32:25,217 - ERROR - Error fetching https://www.refurbed.de/p/dell-latitude-e7250-i7-5300u-12-/: 404 Client Error: Not Found for url: https://www.refurbed.de/p/dell-latitude-e7250-i7-5300u-12-/
2026-05-24 04:32:26,219 - INFO - Scraping 1400/6851: https://www.refurbed.de/p/dell-latitude-e7250-i7-5600u-12-/
2026-05-24 04:32:26,459 - ERROR - Error fetching https://www.refurbed.de/p/dell-latitude-e7250-i7-5600u-12-/: 404 Client Error: Not Found for url: https://www.refurbed.de/p/dell-latitude-e7250-i7-5600u-12-/
2026-05-24 04:32:27,461 - INFO - Scraping 1401/6851: https://www.refurbed.de/p/dell-latitude-e7250-touch-i5-530/
2026-05-24 04:32:27,862 - ERROR - Error fetching https://www.refurbed.de/p/dell-latitude-e7250-touch-i5-530/: 404 Client Error: Not Found for url: https://www.refurbed.de/p/dell-latitude-e7250-touch-i5-530/
2026-05-24 04:32:28,865 - INFO - Scraping 1402/6851: https://www.refurbed.de/p/dell-latitude-e7270-i5-6200u-12/
2026-05-24 04:32:29,122 - ERROR - Error fetching https://www.refurbed.de/p/dell-latitude-e7270-i5-6200u-12/: 404 Client Error: Not Found for url: https://www.refurbed.de/p/dell-latitude-e7270-i5-6200u-12/
2026-05-24 04:32:30,124 - INFO - Scraping 1403/6851: https://www.refurbed.de/p/dell-latitude-e7270-i5-6300u-12-/
2026-05-24 04:32:30,358 - ERROR - Error fetching https://www.refurbed.de/p/dell-latitude-e7270-i5-6300u-12-/: 404 Client Error: Not Found for url: https://www.refurbed.de/p/dell-latitude-e7270-i5-6300u-12-/
2026-05-24 04:32:31,360 - INFO - Scraping 1404/6851: https://www.refurbed.de/p/dell-latitude-e7270-i7-6600u-12-/
2026-05-24 04:32:31,600 - ERROR - Error fetching https://www.refurbed.de/p/dell-latitude-e7270-i7-6600u-12-/: 404 Client Error: Not Found for url: https://www.refurbed.de/p/dell-latitude-e7270-i7-6600u-12-/
2026-05-24 04:32:32,602 - INFO - Scraping 1405/6851: https://www.refurbed.de/p/dell-latitude-e7280-i5-6300u-12/
2026-05-24 04:32:32,841 - ERROR - Error fetching https://www.refurbed.de/p/dell-latitude-e7280-i5-6300u-12/: 404 Client Error: Not Found for url: https://www.refurbed.de/p/dell-latitude-e7280-i5-6300u-12/
2026-05-24 04:32:33,843 - INFO - Scraping 1406/6851: https://www.refurbed.de/p/dell-latitude-e7280-i7-6600u-12-/
2026-05-24 04:32:34,087 - ERROR - Error fetching https://www.refurbed.de/p/dell-latitude-e7280-i7-6600u-12-/: 404 Client Error: Not Found for url: https://www.refurbed.de/p/dell-latitude-e7280-i7-6600u-12-/
2026-05-24 04:32:35,089 - INFO - Scraping 1407/6851: https://www.refurbed.de/p/dell-latitude-e7350-2-in-1-m5y10/
2026-05-24 04:32:35,317 - ERROR - Error fetching https://www.refurbed.de/p/dell-latitude-e7350-2-in-1-m5y10/: 404 Client Error: Not Found for url: https://www.refurbed.de/p/dell-latitude-e7350-2-in-1-m5y10/
2026-05-24 04:32:36,320 - INFO - Scraping 1408/6851: https://www.refurbed.de/p/dell-latitude-e7440-i7-14/
2026-05-24 04:32:36,577 - ERROR - Error fetching https://www.refurbed.de/p/dell-latitude-e7440-i7-14/: 404 Client Error: Not Found for url: https://www.refurbed.de/p/dell-latitude-e7440-i7-14/
2026-05-24 04:32:37,579 - INFO - Scraping 1409/6851: https://www.refurbed.de/p/dell-latitude-e7440/
2026-05-24 04:32:37,905 - ERROR - Error fetching https://www.refurbed.de/p/dell-latitude-e7440/: 404 Client Error: Not Found for url: https://www.refurbed.de/p/dell-latitude-e7440/
2026-05-24 04:32:38,907 - INFO - Scraping 1410/6851: https://www.refurbed.de/p/dell-latitude-e7450-i7-5600u-14/
2026-05-24 04:32:39,151 - ERROR - Error fetching https://www.refurbed.de/p/dell-latitude-e7450-i7-5600u-14/: 404 Client Error: Not Found for url: https://www.refurbed.de/p/dell-latitude-e7450-i7-5600u-14/
2026-05-24 04:32:40,153 - INFO - Scraping 1411/6851: https://www.refurbed.de/p/dell-latitude-e7450-touch-i7-560/
2026-05-24 04:32:40,425 - ERROR - Error fetching https://www.refurbed.de/p/dell-latitude-e7450-touch-i7-560/: 404 Client Error: Not Found for url: https://www.refurbed.de/p/dell-latitude-e7450-touch-i7-560/
2026-05-24 04:32:41,428 - INFO - Scraping 1412/6851: https://www.refurbed.de/p/dell-latitude-e7450-ultrabook-52/
2026-05-24 04:32:41,683 - ERROR - Error fetching https://www.refurbed.de/p/dell-latitude-e7450-ultrabook-52/: 404 Client Error: Not Found for url: https://www.refurbed.de/p/dell-latitude-e7450-ultrabook-52/
2026-05-24 04:32:42,685 - INFO - Scraping 1413/6851: https://www.refurbed.de/p/dell-latitude-e7450-ultrabook-56/
2026-05-24 04:32:42,943 - ERROR - Error fetching https://www.refurbed.de/p/dell-latitude-e7450-ultrabook-56/: 404 Client Error: Not Found for url: https://www.refurbed.de/p/dell-latitude-e7450-ultrabook-56/
2026-05-24 04:32:43,945 - INFO - Scraping 1414/6851: https://www.refurbed.de/p/dell-latitude-e7450-ultrabook-i5/
2026-05-24 04:32:44,171 - ERROR - Error fetching https://www.refurbed.de/p/dell-latitude-e7450-ultrabook-i5/: 404 Client Error: Not Found for url: https://www.refurbed.de/p/dell-latitude-e7450-ultrabook-i5/
2026-05-24 04:32:45,174 - INFO - Scraping 1415/6851: https://www.refurbed.de/p/dell-latitude-e7470-i5-6200u/
2026-05-24 04:32:45,430 - ERROR - Error fetching https://www.refurbed.de/p/dell-latitude-e7470-i5-6200u/: 404 Client Error: Not Found for url: https://www.refurbed.de/p/dell-latitude-e7470-i5-6200u/
2026-05-24 04:32:46,432 - INFO - Scraping 1416/6851: https://www.refurbed.de/p/dell-latitude-e7470-i5-630/
2026-05-24 04:32:46,660 - ERROR - Error fetching https://www.refurbed.de/p/dell-latitude-e7470-i5-630/: 404 Client Error: Not Found for url: https://www.refurbed.de/p/dell-latitude-e7470-i5-630/
2026-05-24 04:32:47,663 - INFO - Scraping 1417/6851: https://www.refurbed.de/p/dell-latitude-e7470-i5-6300u-14/
2026-05-24 04:32:47,896 - ERROR - Error fetching https://www.refurbed.de/p/dell-latitude-e7470-i5-6300u-14/: 404 Client Error: Not Found for url: https://www.refurbed.de/p/dell-latitude-e7470-i5-6300u-14/
2026-05-24 04:32:48,898 - INFO - Scraping 1418/6851: https://www.refurbed.de/p/dell-latitude-e7470-i7-6500u/
2026-05-24 04:32:49,155 - ERROR - Error fetching https://www.refurbed.de/p/dell-latitude-e7470-i7-6500u/: 404 Client Error: Not Found for url: https://www.refurbed.de/p/dell-latitude-e7470-i7-6500u/
2026-05-24 04:32:50,157 - INFO - Scraping 1419/6851: https://www.refurbed.de/p/dell-latitude-e7470-i7-6600u-14/
2026-05-24 04:32:50,391 - ERROR - Error fetching https://www.refurbed.de/p/dell-latitude-e7470-i7-6600u-14/: 404 Client Error: Not Found for url: https://www.refurbed.de/p/dell-latitude-e7470-i7-6600u-14/
2026-05-24 04:32:51,393 - INFO - Scraping 1420/6851: https://www.refurbed.de/p/dell-latitude-e7480-7300u/
2026-05-24 04:32:51,652 - ERROR - Error fetching https://www.refurbed.de/p/dell-latitude-e7480-7300u/: 404 Client Error: Not Found for url: https://www.refurbed.de/p/dell-latitude-e7480-7300u/
2026-05-24 04:32:52,654 - INFO - Scraping 1421/6851: https://www.refurbed.de/p/dell-latitude-e7480-i5-6300u-14/
2026-05-24 04:32:52,902 - ERROR - Error fetching https://www.refurbed.de/p/dell-latitude-e7480-i5-6300u-14/: 404 Client Error: Not Found for url: https://www.refurbed.de/p/dell-latitude-e7480-i5-6300u-14/
2026-05-24 04:32:53,904 - INFO - Scraping 1422/6851: https://www.refurbed.de/p/dell-latitude-e7480-i5-7200u-14/
2026-05-24 04:32:54,146 - ERROR - Error fetching https://www.refurbed.de/p/dell-latitude-e7480-i5-7200u-14/: 404 Client Error: Not Found for url: https://www.refurbed.de/p/dell-latitude-e7480-i5-7200u-14/
2026-05-24 04:32:55,148 - INFO - Scraping 1423/6851: https://www.refurbed.de/p/dell-latitude-e7480-i7-6600u-14/
2026-05-24 04:32:55,371 - ERROR - Error fetching https://www.refurbed.de/p/dell-latitude-e7480-i7-6600u-14/: 404 Client Error: Not Found for url: https://www.refurbed.de/p/dell-latitude-e7480-i7-6600u-14/
2026-05-24 04:32:56,373 - INFO - Scraping 1424/6851: https://www.refurbed.de/p/dell-latitude-e7480-i7-7600u-14/
2026-05-24 04:32:56,929 - ERROR - Error fetching https://www.refurbed.de/p/dell-latitude-e7480-i7-7600u-14/: 404 Client Error: Not Found for url: https://www.refurbed.de/p/dell-latitude-e7480-i7-7600u-14/
2026-05-24 04:32:57,932 - INFO - Scraping 1425/6851: https://www.refurbed.de/p/dell-latitude-e7490-8250u-14/
2026-05-24 04:32:59,316 - INFO - Scraping 1426/6851: https://www.refurbed.de/p/dell-latitude-e7490-i5-7300u-14/
2026-05-24 04:32:59,553 - ERROR - Error fetching https://www.refurbed.de/p/dell-latitude-e7490-i5-7300u-14/: 404 Client Error: Not Found for url: https://www.refurbed.de/p/dell-latitude-e7490-i5-7300u-14/
2026-05-24 04:33:00,555 - INFO - Scraping 1427/6851: https://www.refurbed.de/p/dell-latitude-e7490-i7-8650u-14/
2026-05-24 04:33:02,038 - INFO - Scraping 1428/6851: https://www.refurbed.de/p/dell-latitude-i5-4200u-14/
2026-05-24 04:33:02,286 - ERROR - Error fetching https://www.refurbed.de/p/dell-latitude-i5-4200u-14/: 404 Client Error: Not Found for url: https://www.refurbed.de/p/dell-latitude-i5-4200u-14/
2026-05-24 04:33:03,289 - INFO - Scraping 1429/6851: https://www.refurbed.de/p/dell-latitude-i5-4300u-14/
2026-05-24 04:33:03,543 - ERROR - Error fetching https://www.refurbed.de/p/dell-latitude-i5-4300u-14/: 404 Client Error: Not Found for url: https://www.refurbed.de/p/dell-latitude-i5-4300u-14/
2026-05-24 04:33:04,545 - INFO - Scraping 1430/6851: https://www.refurbed.de/p/dell-latitude-rugg-12-7202-5y10c/
2026-05-24 04:33:04,813 - ERROR - Error fetching https://www.refurbed.de/p/dell-latitude-rugg-12-7202-5y10c/: 404 Client Error: Not Found for url: https://www.refurbed.de/p/dell-latitude-rugg-12-7202-5y10c/
2026-05-24 04:33:05,815 - INFO - Scraping 1431/6851: https://www.refurbed.de/p/dell-latitude-rugged-12-6300u/
2026-05-24 04:33:06,080 - ERROR - Error fetching https://www.refurbed.de/p/dell-latitude-rugged-12-6300u/: 404 Client Error: Not Found for url: https://www.refurbed.de/p/dell-latitude-rugged-12-6300u/
2026-05-24 04:33:07,082 - INFO - Scraping 1432/6851: https://www.refurbed.de/p/dell-latitude-rugged-12-7202/
2026-05-24 04:33:07,316 - ERROR - Error fetching https://www.refurbed.de/p/dell-latitude-rugged-12-7202/: 404 Client Error: Not Found for url: https://www.refurbed.de/p/dell-latitude-rugged-12-7202/
2026-05-24 04:33:08,318 - INFO - Scraping 1433/6851: https://www.refurbed.de/p/dell-latitude-rugged-5420-8350u/
2026-05-24 04:33:09,834 - INFO - Scraping 1434/6851: https://www.refurbed.de/p/dell-latitude-rugged-5420-8650u/
2026-05-24 04:33:11,212 - INFO - Scraping 1435/6851: https://www.refurbed.de/p/dell-ltd-rugged-14-4310u/
2026-05-24 04:33:11,456 - ERROR - Error fetching https://www.refurbed.de/p/dell-ltd-rugged-14-4310u/: 404 Client Error: Not Found for url: https://www.refurbed.de/p/dell-ltd-rugged-14-4310u/
2026-05-24 04:33:12,459 - INFO - Scraping 1436/6851: https://www.refurbed.de/p/dell-mfs18-all-in-one-stand/
2026-05-24 04:33:13,905 - INFO - Scraping 1437/6851: https://www.refurbed.de/p/dell-mk15-mounting-kit/
2026-05-24 04:33:15,802 - INFO - Scraping 1438/6851: https://www.refurbed.de/p/dell-ms111/
2026-05-24 04:33:17,623 - INFO - Scraping 1439/6851: https://www.refurbed.de/p/dell-ms116/
2026-05-24 04:33:19,671 - INFO - Scraping 1440/6851: https://www.refurbed.de/p/dell-msa20-single-monitor-arm/
2026-05-24 04:33:21,464 - INFO - Scraping 1441/6851: https://www.refurbed.de/p/dell-op-3060-micro-p2417h-aio/
2026-05-24 04:33:23,149 - INFO - Scraping 1442/6851: https://www.refurbed.de/p/dell-op-3060-micro-u2417h-aio/
2026-05-24 04:33:23,545 - ERROR - Error fetching https://www.refurbed.de/p/dell-op-3060-micro-u2417h-aio/: 404 Client Error: Not Found for url: https://www.refurbed.de/p/dell-op-3060-micro-u2417h-aio/
2026-05-24 04:33:24,547 - INFO - Scraping 1443/6851: https://www.refurbed.de/p/dell-op-5040-mt-6th/
2026-05-24 04:33:24,816 - ERROR - Error fetching https://www.refurbed.de/p/dell-op-5040-mt-6th/: 404 Client Error: Not Found for url: https://www.refurbed.de/p/dell-op-5040-mt-6th/
2026-05-24 04:33:25,819 - INFO - Scraping 1444/6851: https://www.refurbed.de/p/dell-op-5040-sff-6th/
2026-05-24 04:33:26,089 - ERROR - Error fetching https://www.refurbed.de/p/dell-op-5040-sff-6th/: 404 Client Error: Not Found for url: https://www.refurbed.de/p/dell-op-5040-sff-6th/
2026-05-24 04:33:27,091 - INFO - Scraping 1445/6851: https://www.refurbed.de/p/dell-optiplex-3000-micro-mff/
2026-05-24 04:33:28,569 - INFO - Scraping 1446/6851: https://www.refurbed.de/p/dell-optiplex-3000-mt/
2026-05-24 04:33:29,975 - INFO - Scraping 1447/6851: https://www.refurbed.de/p/dell-optiplex-3000-sff/
2026-05-24 04:33:31,461 - INFO - Scraping 1448/6851: https://www.refurbed.de/p/dell-optiplex-3000-thin-client/
2026-05-24 04:33:33,022 - INFO - Scraping 1449/6851: https://www.refurbed.de/p/dell-optiplex-3020-business-pc/
2026-05-24 04:33:33,277 - ERROR - Error fetching https://www.refurbed.de/p/dell-optiplex-3020-business-pc/: 404 Client Error: Not Found for url: https://www.refurbed.de/p/dell-optiplex-3020-business-pc/
2026-05-24 04:33:34,279 - INFO - Scraping 1450/6851: https://www.refurbed.de/p/dell-optiplex-3020-micro/
2026-05-24 04:33:34,509 - ERROR - Error fetching https://www.refurbed.de/p/dell-optiplex-3020-micro/: 404 Client Error: Not Found for url: https://www.refurbed.de/p/dell-optiplex-3020-micro/
2026-05-24 04:33:35,511 - INFO - Scraping 1451/6851: https://www.refurbed.de/p/dell-optiplex-3020-mt/
2026-05-24 04:33:35,793 - ERROR - Error fetching https://www.refurbed.de/p/dell-optiplex-3020-mt/: 404 Client Error: Not Found for url: https://www.refurbed.de/p/dell-optiplex-3020-mt/
2026-05-24 04:33:36,795 - INFO - Scraping 1452/6851: https://www.refurbed.de/p/dell-optiplex-3020m-micro/
2026-05-24 04:33:37,025 - ERROR - Error fetching https://www.refurbed.de/p/dell-optiplex-3020m-micro/: 404 Client Error: Not Found for url: https://www.refurbed.de/p/dell-optiplex-3020m-micro/
2026-05-24 04:33:38,028 - INFO - Scraping 1453/6851: https://www.refurbed.de/p/dell-optiplex-3030-aio-4-gen-20/
2026-05-24 04:33:38,269 - ERROR - Error fetching https://www.refurbed.de/p/dell-optiplex-3030-aio-4-gen-20/: 404 Client Error: Not Found for url: https://www.refurbed.de/p/dell-optiplex-3030-aio-4-gen-20/
2026-05-24 04:33:39,271 - INFO - Scraping 1454/6851: https://www.refurbed.de/p/dell-optiplex-3040-mt/
2026-05-24 04:33:39,502 - ERROR - Error fetching https://www.refurbed.de/p/dell-optiplex-3040-mt/: 404 Client Error: Not Found for url: https://www.refurbed.de/p/dell-optiplex-3040-mt/
2026-05-24 04:33:40,504 - INFO - Scraping 1455/6851: https://www.refurbed.de/p/dell-optiplex-3040-sff/
2026-05-24 04:33:40,733 - ERROR - Error fetching https://www.refurbed.de/p/dell-optiplex-3040-sff/: 404 Client Error: Not Found for url: https://www.refurbed.de/p/dell-optiplex-3040-sff/
2026-05-24 04:33:41,735 - INFO - Scraping 1456/6851: https://www.refurbed.de/p/dell-optiplex-3040micro-i6th/
2026-05-24 04:33:41,962 - ERROR - Error fetching https://www.refurbed.de/p/dell-optiplex-3040micro-i6th/: 404 Client Error: Not Found for url: https://www.refurbed.de/p/dell-optiplex-3040micro-i6th/
2026-05-24 04:33:42,964 - INFO - Scraping 1457/6851: https://www.refurbed.de/p/dell-optiplex-3050-aio/
2026-05-24 04:33:43,345 - ERROR - Error fetching https://www.refurbed.de/p/dell-optiplex-3050-aio/: 404 Client Error: Not Found for url: https://www.refurbed.de/p/dell-optiplex-3050-aio/
2026-05-24 04:33:44,348 - INFO - Scraping 1458/6851: https://www.refurbed.de/p/dell-optiplex-3050-mt/
2026-05-24 04:33:44,620 - ERROR - Error fetching https://www.refurbed.de/p/dell-optiplex-3050-mt/: 404 Client Error: Not Found for url: https://www.refurbed.de/p/dell-optiplex-3050-mt/
2026-05-24 04:33:45,622 - INFO - Scraping 1459/6851: https://www.refurbed.de/p/dell-optiplex-3050-sff/
2026-05-24 04:33:45,857 - ERROR - Error fetching https://www.refurbed.de/p/dell-optiplex-3050-sff/: 404 Client Error: Not Found for url: https://www.refurbed.de/p/dell-optiplex-3050-sff/
2026-05-24 04:33:46,859 - INFO - Scraping 1460/6851: https://www.refurbed.de/p/dell-optiplex-3050micro-i6th/
2026-05-24 04:33:47,172 - ERROR - Error fetching https://www.refurbed.de/p/dell-optiplex-3050micro-i6th/: 404 Client Error: Not Found for url: https://www.refurbed.de/p/dell-optiplex-3050micro-i6th/
2026-05-24 04:33:48,174 - INFO - Scraping 1461/6851: https://www.refurbed.de/p/dell-optiplex-3050micro-i7th/
2026-05-24 04:33:48,436 - ERROR - Error fetching https://www.refurbed.de/p/dell-optiplex-3050micro-i7th/: 404 Client Error: Not Found for url: https://www.refurbed.de/p/dell-optiplex-3050micro-i7th/
2026-05-24 04:33:49,438 - INFO - Scraping 1462/6851: https://www.refurbed.de/p/dell-optiplex-3060-mt/
2026-05-24 04:33:50,958 - INFO - Scraping 1463/6851: https://www.refurbed.de/p/dell-optiplex-3060-sff/
2026-05-24 04:33:52,499 - INFO - Scraping 1464/6851: https://www.refurbed.de/p/dell-optiplex-3060micro-i8th/
2026-05-24 04:33:54,216 - INFO - Scraping 1465/6851: https://www.refurbed.de/p/dell-optiplex-3070-mff/
2026-05-24 04:33:55,653 - INFO - Scraping 1466/6851: https://www.refurbed.de/p/dell-optiplex-3070-micro/
2026-05-24 04:33:57,065 - INFO - Scraping 1467/6851: https://www.refurbed.de/p/dell-optiplex-3070-mt/
2026-05-24 04:33:58,462 - INFO - Scraping 1468/6851: https://www.refurbed.de/p/dell-optiplex-3070-sff/
2026-05-24 04:33:59,971 - INFO - Scraping 1469/6851: https://www.refurbed.de/p/dell-optiplex-3080-micro/
2026-05-24 04:34:01,588 - INFO - Scraping 1470/6851: https://www.refurbed.de/p/dell-optiplex-3080-sff/
2026-05-24 04:34:03,259 - INFO - Scraping 1471/6851: https://www.refurbed.de/p/dell-optiplex-3090-micro/
2026-05-24 04:34:04,831 - INFO - Scraping 1472/6851: https://www.refurbed.de/p/dell-optiplex-3090-sff/
2026-05-24 04:34:06,393 - INFO - Scraping 1473/6851: https://www.refurbed.de/p/dell-optiplex-3240-aio-21-5/
2026-05-24 04:34:06,626 - ERROR - Error fetching https://www.refurbed.de/p/dell-optiplex-3240-aio-21-5/: 404 Client Error: Not Found for url: https://www.refurbed.de/p/dell-optiplex-3240-aio-21-5/
2026-05-24 04:34:07,628 - INFO - Scraping 1474/6851: https://www.refurbed.de/p/dell-optiplex-3280-aio-21-5/
2026-05-24 04:34:09,340 - INFO - Scraping 1475/6851: https://www.refurbed.de/p/dell-optiplex-390-dt/
2026-05-24 04:34:09,582 - ERROR - Error fetching https://www.refurbed.de/p/dell-optiplex-390-dt/: 404 Client Error: Not Found for url: https://www.refurbed.de/p/dell-optiplex-390-dt/
2026-05-24 04:34:10,584 - INFO - Scraping 1476/6851: https://www.refurbed.de/p/dell-optiplex-390-mt/
2026-05-24 04:34:10,955 - ERROR - Error fetching https://www.refurbed.de/p/dell-optiplex-390-mt/: 404 Client Error: Not Found for url: https://www.refurbed.de/p/dell-optiplex-390-mt/
2026-05-24 04:34:11,958 - INFO - Scraping 1477/6851: https://www.refurbed.de/p/dell-optiplex-390-sff/
2026-05-24 04:34:12,339 - ERROR - Error fetching https://www.refurbed.de/p/dell-optiplex-390-sff/: 404 Client Error: Not Found for url: https://www.refurbed.de/p/dell-optiplex-390-sff/
2026-05-24 04:34:13,341 - INFO - Scraping 1478/6851: https://www.refurbed.de/p/dell-optiplex-5000-mff/
2026-05-24 04:34:14,676 - INFO - Scraping 1479/6851: https://www.refurbed.de/p/dell-optiplex-5050-micro/
2026-05-24 04:34:14,924 - ERROR - Error fetching https://www.refurbed.de/p/dell-optiplex-5050-micro/: 404 Client Error: Not Found for url: https://www.refurbed.de/p/dell-optiplex-5050-micro/
2026-05-24 04:34:15,926 - INFO - Scraping 1480/6851: https://www.refurbed.de/p/dell-optiplex-5050-mt/
2026-05-24 04:34:16,155 - ERROR - Error fetching https://www.refurbed.de/p/dell-optiplex-5050-mt/: 404 Client Error: Not Found for url: https://www.refurbed.de/p/dell-optiplex-5050-mt/
2026-05-24 04:34:17,157 - INFO - Scraping 1481/6851: https://www.refurbed.de/p/dell-optiplex-5050-sff/
2026-05-24 04:34:17,541 - ERROR - Error fetching https://www.refurbed.de/p/dell-optiplex-5050-sff/: 404 Client Error: Not Found for url: https://www.refurbed.de/p/dell-optiplex-5050-sff/
2026-05-24 04:34:18,543 - INFO - Scraping 1482/6851: https://www.refurbed.de/p/dell-optiplex-5060-micro/
2026-05-24 04:34:20,082 - INFO - Scraping 1483/6851: https://www.refurbed.de/p/dell-optiplex-5070-micro/
2026-05-24 04:34:21,461 - INFO - Scraping 1484/6851: https://www.refurbed.de/p/dell-optiplex-5070-mt/
2026-05-24 04:34:23,218 - INFO - Scraping 1485/6851: https://www.refurbed.de/p/dell-optiplex-5070/
2026-05-24 04:34:24,818 - INFO - Scraping 1486/6851: https://www.refurbed.de/p/dell-optiplex-5080-micro/
2026-05-24 04:34:26,425 - INFO - Scraping 1487/6851: https://www.refurbed.de/p/dell-optiplex-5080-sff/
2026-05-24 04:34:28,018 - INFO - Scraping 1488/6851: https://www.refurbed.de/p/dell-optiplex-5090-micro/
2026-05-24 04:34:29,567 - INFO - Scraping 1489/6851: https://www.refurbed.de/p/dell-optiplex-5090-sff/
2026-05-24 04:34:31,056 - INFO - Scraping 1490/6851: https://www.refurbed.de/p/dell-optiplex-5250-aio-22/
2026-05-24 04:34:31,330 - ERROR - Error fetching https://www.refurbed.de/p/dell-optiplex-5250-aio-22/: 404 Client Error: Not Found for url: https://www.refurbed.de/p/dell-optiplex-5250-aio-22/
2026-05-24 04:34:32,333 - INFO - Scraping 1491/6851: https://www.refurbed.de/p/dell-optiplex-5270-aio/
2026-05-24 04:34:33,705 - INFO - Scraping 1492/6851: https://www.refurbed.de/p/dell-optiplex-5490-aio-pc/
2026-05-24 04:34:35,111 - INFO - Scraping 1493/6851: https://www.refurbed.de/p/dell-optiplex-7000-mff/
2026-05-24 04:34:36,568 - INFO - Scraping 1494/6851: https://www.refurbed.de/p/dell-optiplex-7000-tower/
2026-05-24 04:34:36,862 - ERROR - Error fetching https://www.refurbed.de/p/dell-optiplex-7000-tower/: 404 Client Error: Not Found for url: https://www.refurbed.de/p/dell-optiplex-7000-tower/
2026-05-24 04:34:37,864 - INFO - Scraping 1495/6851: https://www.refurbed.de/p/dell-optiplex-7010-plus-micro/
2026-05-24 04:34:39,254 - INFO - Scraping 1496/6851: https://www.refurbed.de/p/dell-optiplex-7020-mt/
2026-05-24 04:34:39,485 - ERROR - Error fetching https://www.refurbed.de/p/dell-optiplex-7020-mt/: 404 Client Error: Not Found for url: https://www.refurbed.de/p/dell-optiplex-7020-mt/
2026-05-24 04:34:40,487 - INFO - Scraping 1497/6851: https://www.refurbed.de/p/dell-optiplex-7020-sff/
2026-05-24 04:34:40,750 - ERROR - Error fetching https://www.refurbed.de/p/dell-optiplex-7020-sff/: 404 Client Error: Not Found for url: https://www.refurbed.de/p/dell-optiplex-7020-sff/
2026-05-24 04:34:41,752 - INFO - Scraping 1498/6851: https://www.refurbed.de/p/dell-optiplex-7040-mt/
2026-05-24 04:34:41,980 - ERROR - Error fetching https://www.refurbed.de/p/dell-optiplex-7040-mt/: 404 Client Error: Not Found for url: https://www.refurbed.de/p/dell-optiplex-7040-mt/
2026-05-24 04:34:42,983 - INFO - Scraping 1499/6851: https://www.refurbed.de/p/dell-optiplex-7040-sff/
2026-05-24 04:34:43,211 - ERROR - Error fetching https://www.refurbed.de/p/dell-optiplex-7040-sff/: 404 Client Error: Not Found for url: https://www.refurbed.de/p/dell-optiplex-7040-sff/
2026-05-24 04:34:44,213 - INFO - Scraping 1500/6851: https://www.refurbed.de/p/dell-optiplex-7050-micro/
2026-05-24 04:34:45,648 - INFO - Scraping 1501/6851: https://www.refurbed.de/p/dell-optiplex-7050-mt/
2026-05-24 04:34:45,909 - ERROR - Error fetching https://www.refurbed.de/p/dell-optiplex-7050-mt/: 404 Client Error: Not Found for url: https://www.refurbed.de/p/dell-optiplex-7050-mt/
2026-05-24 04:34:46,911 - INFO - Scraping 1502/6851: https://www.refurbed.de/p/dell-optiplex-7050-sff/
2026-05-24 04:34:47,185 - ERROR - Error fetching https://www.refurbed.de/p/dell-optiplex-7050-sff/: 404 Client Error: Not Found for url: https://www.refurbed.de/p/dell-optiplex-7050-sff/
2026-05-24 04:34:48,188 - INFO - Scraping 1503/6851: https://www.refurbed.de/p/dell-optiplex-7060-micro/
2026-05-24 04:34:49,536 - INFO - Scraping 1504/6851: https://www.refurbed.de/p/dell-optiplex-7060-mt/
2026-05-24 04:34:51,048 - INFO - Scraping 1505/6851: https://www.refurbed.de/p/dell-optiplex-7060-sff/
2026-05-24 04:34:52,573 - INFO - Scraping 1506/6851: https://www.refurbed.de/p/dell-optiplex-7070-muff-8th/
2026-05-24 04:34:54,131 - INFO - Scraping 1507/6851: https://www.refurbed.de/p/dell-optiplex-7070-muff-9th/
2026-05-24 04:34:55,658 - INFO - Scraping 1508/6851: https://www.refurbed.de/p/dell-optiplex-7070-sff/
2026-05-24 04:34:57,078 - INFO - Scraping 1509/6851: https://www.refurbed.de/p/dell-optiplex-7070-tower/
2026-05-24 04:34:58,608 - INFO - Scraping 1510/6851: https://www.refurbed.de/p/dell-optiplex-7070-ultra-uff/
2026-05-24 04:34:59,983 - INFO - Scraping 1511/6851: https://www.refurbed.de/p/dell-optiplex-7080-micro/
2026-05-24 04:35:01,493 - INFO - Scraping 1512/6851: https://www.refurbed.de/p/dell-optiplex-7080-mt/
2026-05-24 04:35:03,008 - INFO - Scraping 1513/6851: https://www.refurbed.de/p/dell-optiplex-7080-sff/
2026-05-24 04:35:04,585 - INFO - Scraping 1514/6851: https://www.refurbed.de/p/dell-optiplex-7090-micro/
2026-05-24 04:35:06,123 - INFO - Scraping 1515/6851: https://www.refurbed.de/p/dell-optiplex-7090-sff/
2026-05-24 04:35:07,682 - INFO - Scraping 1516/6851: https://www.refurbed.de/p/dell-optiplex-7400-all-in-one/
2026-05-24 04:35:09,122 - INFO - Scraping 1517/6851: https://www.refurbed.de/p/dell-optiplex-7440-aio-pc-i5-650/
2026-05-24 04:35:09,366 - ERROR - Error fetching https://www.refurbed.de/p/dell-optiplex-7440-aio-pc-i5-650/: 404 Client Error: Not Found for url: https://www.refurbed.de/p/dell-optiplex-7440-aio-pc-i5-650/
2026-05-24 04:35:10,368 - INFO - Scraping 1518/6851: https://www.refurbed.de/p/dell-optiplex-7450-aio/
2026-05-24 04:35:10,603 - ERROR - Error fetching https://www.refurbed.de/p/dell-optiplex-7450-aio/: 404 Client Error: Not Found for url: https://www.refurbed.de/p/dell-optiplex-7450-aio/
2026-05-24 04:35:11,605 - INFO - Scraping 1519/6851: https://www.refurbed.de/p/dell-optiplex-7460-aio/
2026-05-24 04:35:13,208 - INFO - Scraping 1520/6851: https://www.refurbed.de/p/dell-optiplex-7470-aio-23-8/
2026-05-24 04:35:14,598 - INFO - Scraping 1521/6851: https://www.refurbed.de/p/dell-optiplex-7480-aio-23-8/
2026-05-24 04:35:15,989 - INFO - Scraping 1522/6851: https://www.refurbed.de/p/dell-optiplex-7760-all-in-one/
2026-05-24 04:35:17,407 - INFO - Scraping 1523/6851: https://www.refurbed.de/p/dell-optiplex-9020-aio/
2026-05-24 04:35:17,654 - ERROR - Error fetching https://www.refurbed.de/p/dell-optiplex-9020-aio/: 404 Client Error: Not Found for url: https://www.refurbed.de/p/dell-optiplex-9020-aio/
2026-05-24 04:35:18,656 - INFO - Scraping 1524/6851: https://www.refurbed.de/p/dell-optiplex-9020-micro/
2026-05-24 04:35:18,883 - ERROR - Error fetching https://www.refurbed.de/p/dell-optiplex-9020-micro/: 404 Client Error: Not Found for url: https://www.refurbed.de/p/dell-optiplex-9020-micro/
2026-05-24 04:35:19,885 - INFO - Scraping 1525/6851: https://www.refurbed.de/p/dell-optiplex-9020-mt-intel-core/
2026-05-24 04:35:20,121 - ERROR - Error fetching https://www.refurbed.de/p/dell-optiplex-9020-mt-intel-core/: 404 Client Error: Not Found for url: https://www.refurbed.de/p/dell-optiplex-9020-mt-intel-core/
2026-05-24 04:35:21,123 - INFO - Scraping 1526/6851: https://www.refurbed.de/p/dell-optiplex-9020-sff/
2026-05-24 04:35:21,383 - ERROR - Error fetching https://www.refurbed.de/p/dell-optiplex-9020-sff/: 404 Client Error: Not Found for url: https://www.refurbed.de/p/dell-optiplex-9020-sff/
2026-05-24 04:35:22,385 - INFO - Scraping 1527/6851: https://www.refurbed.de/p/dell-optiplex-9020-usff-intel-co/
2026-05-24 04:35:22,668 - ERROR - Error fetching https://www.refurbed.de/p/dell-optiplex-9020-usff-intel-co/: 404 Client Error: Not Found for url: https://www.refurbed.de/p/dell-optiplex-9020-usff-intel-co/
2026-05-24 04:35:23,671 - INFO - Scraping 1528/6851: https://www.refurbed.de/p/dell-optiplex-9020m-usff-i5/
2026-05-24 04:35:24,049 - ERROR - Error fetching https://www.refurbed.de/p/dell-optiplex-9020m-usff-i5/: 404 Client Error: Not Found for url: https://www.refurbed.de/p/dell-optiplex-9020m-usff-i5/
2026-05-24 04:35:25,051 - INFO - Scraping 1529/6851: https://www.refurbed.de/p/dell-optiplex-9030-aio-23/
2026-05-24 04:35:25,443 - ERROR - Error fetching https://www.refurbed.de/p/dell-optiplex-9030-aio-23/: 404 Client Error: Not Found for url: https://www.refurbed.de/p/dell-optiplex-9030-aio-23/
2026-05-24 04:35:26,445 - INFO - Scraping 1530/6851: https://www.refurbed.de/p/dell-optiplex-xe2-mt/
2026-05-24 04:35:26,687 - ERROR - Error fetching https://www.refurbed.de/p/dell-optiplex-xe2-mt/: 404 Client Error: Not Found for url: https://www.refurbed.de/p/dell-optiplex-xe2-mt/
2026-05-24 04:35:27,689 - INFO - Scraping 1531/6851: https://www.refurbed.de/p/dell-optiplex-xe2-sff/
2026-05-24 04:35:27,934 - ERROR - Error fetching https://www.refurbed.de/p/dell-optiplex-xe2-sff/: 404 Client Error: Not Found for url: https://www.refurbed.de/p/dell-optiplex-xe2-sff/
2026-05-24 04:35:28,936 - INFO - Scraping 1532/6851: https://www.refurbed.de/p/dell-optiplex-xe3/
2026-05-24 04:35:30,298 - INFO - Scraping 1533/6851: https://www.refurbed.de/p/dell-optipley-7040-micro-usff/
2026-05-24 04:35:30,544 - ERROR - Error fetching https://www.refurbed.de/p/dell-optipley-7040-micro-usff/: 404 Client Error: Not Found for url: https://www.refurbed.de/p/dell-optipley-7040-micro-usff/
2026-05-24 04:35:31,546 - INFO - Scraping 1534/6851: https://www.refurbed.de/p/dell-optiplez-5060-mt/
2026-05-24 04:35:33,024 - INFO - Scraping 1535/6851: https://www.refurbed.de/p/dell-optiplez-5060-sff/
2026-05-24 04:35:34,585 - INFO - Scraping 1536/6851: https://www.refurbed.de/p/dell-p1424h/
2026-05-24 04:35:36,048 - INFO - Scraping 1537/6851: https://www.refurbed.de/p/dell-p1911b-19/
2026-05-24 04:35:37,443 - INFO - Scraping 1538/6851: https://www.refurbed.de/p/dell-p1913-19/
2026-05-24 04:35:38,823 - INFO - Scraping 1539/6851: https://www.refurbed.de/p/dell-p1914s-19/
2026-05-24 04:35:40,233 - INFO - Scraping 1540/6851: https://www.refurbed.de/p/dell-p1917s-19/
2026-05-24 04:35:41,596 - INFO - Scraping 1541/6851: https://www.refurbed.de/p/dell-p2011h-20/
2026-05-24 04:35:43,018 - INFO - Scraping 1542/6851: https://www.refurbed.de/p/dell-p2012h-20/
2026-05-24 04:35:44,737 - INFO - Scraping 1543/6851: https://www.refurbed.de/p/dell-p2014h/
2026-05-24 04:35:46,732 - INFO - Scraping 1544/6851: https://www.refurbed.de/p/dell-p2016-19-5/
2026-05-24 04:35:48,864 - INFO - Scraping 1545/6851: https://www.refurbed.de/p/dell-p2210t-22/
2026-05-24 04:35:50,720 - INFO - Scraping 1546/6851: https://www.refurbed.de/p/dell-p2212h-21-5/
2026-05-24 04:35:52,354 - INFO - Scraping 1547/6851: https://www.refurbed.de/p/dell-p2213-22/
2026-05-24 04:35:54,058 - INFO - Scraping 1548/6851: https://www.refurbed.de/p/dell-p2214h-monitor/
2026-05-24 04:35:55,546 - INFO - Scraping 1549/6851: https://www.refurbed.de/p/dell-p2217-22/
2026-05-24 04:35:57,093 - INFO - Scraping 1550/6851: https://www.refurbed.de/p/dell-p2217c-22/
2026-05-24 04:35:58,451 - INFO - Scraping 1551/6851: https://www.refurbed.de/p/dell-p2217h-21/
2026-05-24 04:35:59,905 - INFO - Scraping 1552/6851: https://www.refurbed.de/p/dell-p2217hc-monitor/
2026-05-24 04:36:01,286 - INFO - Scraping 1553/6851: https://www.refurbed.de/p/dell-p2217wh-22/
2026-05-24 04:36:02,664 - INFO - Scraping 1554/6851: https://www.refurbed.de/p/dell-p2219h-21/
2026-05-24 04:36:04,214 - INFO - Scraping 1555/6851: https://www.refurbed.de/p/dell-p2222h-21-5/
2026-05-24 04:36:05,699 - INFO - Scraping 1556/6851: https://www.refurbed.de/p/dell-p2223hc-21-5/
2026-05-24 04:36:07,058 - INFO - Scraping 1557/6851: https://www.refurbed.de/p/dell-p2311hb-23/
2026-05-24 04:36:08,564 - INFO - Scraping 1558/6851: https://www.refurbed.de/p/dell-p2312h/
2026-05-24 04:36:09,977 - INFO - Scraping 1559/6851: https://www.refurbed.de/p/dell-p2314h/
2026-05-24 04:36:11,455 - INFO - Scraping 1560/6851: https://www.refurbed.de/p/dell-p2314ht-23/
2026-05-24 04:36:12,810 - INFO - Scraping 1561/6851: https://www.refurbed.de/p/dell-p2317h-23/
2026-05-24 04:36:14,278 - INFO - Scraping 1562/6851: https://www.refurbed.de/p/dell-p2319h-23/
2026-05-24 04:36:15,751 - INFO - Scraping 1563/6851: https://www.refurbed.de/p/dell-p24118d-24/
2026-05-24 04:36:17,456 - INFO - Scraping 1564/6851: https://www.refurbed.de/p/dell-p2411h-24/
2026-05-24 04:36:18,914 - INFO - Scraping 1565/6851: https://www.refurbed.de/p/dell-p2412h-24/
2026-05-24 04:36:20,398 - INFO - Scraping 1566/6851: https://www.refurbed.de/p/dell-p2412hb-24/
2026-05-24 04:36:21,771 - INFO - Scraping 1567/6851: https://www.refurbed.de/p/dell-p2414h-24/
2026-05-24 04:36:23,355 - INFO - Scraping 1568/6851: https://www.refurbed.de/p/dell-p2414hb/
2026-05-24 04:36:24,743 - INFO - Scraping 1569/6851: https://www.refurbed.de/p/dell-p2415q/
2026-05-24 04:36:26,116 - INFO - Scraping 1570/6851: https://www.refurbed.de/p/dell-p2416d/
2026-05-24 04:36:27,614 - INFO - Scraping 1571/6851: https://www.refurbed.de/p/dell-p2417h/
2026-05-24 04:36:29,108 - INFO - Scraping 1572/6851: https://www.refurbed.de/p/dell-p2417hc-monitor/
2026-05-24 04:36:30,473 - INFO - Scraping 1573/6851: https://www.refurbed.de/p/dell-p2418hzm-23-8/
2026-05-24 04:36:32,003 - INFO - Scraping 1574/6851: https://www.refurbed.de/p/dell-p2419h-23-8/
2026-05-24 04:36:33,586 - INFO - Scraping 1575/6851: https://www.refurbed.de/p/dell-p2419hc-23/
2026-05-24 04:36:35,094 - INFO - Scraping 1576/6851: https://www.refurbed.de/p/dell-p2421-24-1/
2026-05-24 04:36:36,612 - INFO - Scraping 1577/6851: https://www.refurbed.de/p/dell-p2421d-23-8/
2026-05-24 04:36:38,311 - INFO - Scraping 1578/6851: https://www.refurbed.de/p/dell-p2421dc-23-8/
2026-05-24 04:36:39,653 - INFO - Scraping 1579/6851: https://www.refurbed.de/p/dell-p2422h-23-8/
2026-05-24 04:36:41,123 - INFO - Scraping 1580/6851: https://www.refurbed.de/p/dell-p2422he-23-8/
2026-05-24 04:36:42,603 - INFO - Scraping 1581/6851: https://www.refurbed.de/p/dell-p2423-24/
2026-05-24 04:36:44,133 - INFO - Scraping 1582/6851: https://www.refurbed.de/p/dell-p2423d-23-8/
2026-05-24 04:36:45,564 - INFO - Scraping 1583/6851: https://www.refurbed.de/p/dell-p2423de-23-8/
2026-05-24 04:36:46,907 - INFO - Scraping 1584/6851: https://www.refurbed.de/p/dell-p2424heb-23-8/
2026-05-24 04:36:48,432 - INFO - Scraping 1585/6851: https://www.refurbed.de/p/dell-p2424ht/
2026-05-24 04:36:49,811 - INFO - Scraping 1586/6851: https://www.refurbed.de/p/dell-p2425/
2026-05-24 04:36:51,188 - INFO - Scraping 1587/6851: https://www.refurbed.de/p/dell-p2425e/
2026-05-24 04:36:52,670 - INFO - Scraping 1588/6851: https://www.refurbed.de/p/dell-p2425h/
2026-05-24 04:36:54,044 - INFO - Scraping 1589/6851: https://www.refurbed.de/p/dell-p2425he/
2026-05-24 04:36:55,475 - INFO - Scraping 1590/6851: https://www.refurbed.de/p/dell-p2715q-27/
2026-05-24 04:36:56,824 - INFO - Scraping 1591/6851: https://www.refurbed.de/p/dell-p2717h-27/
2026-05-24 04:36:58,222 - INFO - Scraping 1592/6851: https://www.refurbed.de/p/dell-p2719h-27/
2026-05-24 04:36:59,789 - INFO - Scraping 1593/6851: https://www.refurbed.de/p/dell-p2719hc-27/
2026-05-24 04:37:01,320 - INFO - Scraping 1594/6851: https://www.refurbed.de/p/dell-p2720d-27/
2026-05-24 04:37:02,818 - INFO - Scraping 1595/6851: https://www.refurbed.de/p/dell-p2720dc-27/
2026-05-24 04:37:04,303 - INFO - Scraping 1596/6851: https://www.refurbed.de/p/dell-p2721q-27/
2026-05-24 04:37:05,714 - INFO - Scraping 1597/6851: https://www.refurbed.de/p/dell-p2722h-27/
2026-05-24 04:37:07,232 - INFO - Scraping 1598/6851: https://www.refurbed.de/p/dell-p2722he-27/
2026-05-24 04:37:08,614 - INFO - Scraping 1599/6851: https://www.refurbed.de/p/dell-p2723d-27/
2026-05-24 04:37:10,010 - INFO - Scraping 1600/6851: https://www.refurbed.de/p/dell-p2723de-27/
2026-05-24 04:37:11,760 - INFO - Scraping 1601/6851: https://www.refurbed.de/p/dell-p2723qe/
2026-05-24 04:37:13,457 - INFO - Scraping 1602/6851: https://www.refurbed.de/p/dell-p2724deb/
2026-05-24 04:37:15,762 - INFO - Scraping 1603/6851: https://www.refurbed.de/p/dell-p2725h/
2026-05-24 04:37:17,647 - INFO - Scraping 1604/6851: https://www.refurbed.de/p/dell-p2725he/
2026-05-24 04:37:19,341 - INFO - Scraping 1605/6851: https://www.refurbed.de/p/dell-p3221d-31-5/
2026-05-24 04:37:20,799 - INFO - Scraping 1606/6851: https://www.refurbed.de/p/dell-p3222qe/
2026-05-24 04:37:22,297 - INFO - Scraping 1607/6851: https://www.refurbed.de/p/dell-p3223de-31-5/
2026-05-24 04:37:23,642 - INFO - Scraping 1608/6851: https://www.refurbed.de/p/dell-p3223qe-31-5/
2026-05-24 04:37:25,036 - INFO - Scraping 1609/6851: https://www.refurbed.de/p/dell-p3418hw-34/
2026-05-24 04:37:26,665 - INFO - Scraping 1610/6851: https://www.refurbed.de/p/dell-p3421w-37/
2026-05-24 04:37:28,157 - INFO - Scraping 1611/6851: https://www.refurbed.de/p/dell-p3424web/
2026-05-24 04:37:29,603 - INFO - Scraping 1612/6851: https://www.refurbed.de/p/dell-p4317q-42-5/
2026-05-24 04:37:30,980 - INFO - Scraping 1613/6851: https://www.refurbed.de/p/dell-p5524q/
2026-05-24 04:37:32,453 - INFO - Scraping 1614/6851: https://www.refurbed.de/p/dell-p5524qt/
2026-05-24 04:37:33,847 - INFO - Scraping 1615/6851: https://www.refurbed.de/p/dell-p6524qt/
2026-05-24 04:37:35,396 - INFO - Scraping 1616/6851: https://www.refurbed.de/p/dell-p8624qt-85/
2026-05-24 04:37:36,802 - INFO - Scraping 1617/6851: https://www.refurbed.de/p/dell-pc90-bk/
2026-05-24 04:37:38,165 - INFO - Scraping 1618/6851: https://www.refurbed.de/p/dell-pcg-505-pcga-ac16v6/
2026-05-24 04:37:39,608 - INFO - Scraping 1619/6851: https://www.refurbed.de/p/dell-performance-dock-wd19dc/
2026-05-24 04:37:41,141 - INFO - Scraping 1620/6851: https://www.refurbed.de/p/dell-performance-dock-wd19dcs/
2026-05-24 04:37:42,582 - INFO - Scraping 1621/6851: https://www.refurbed.de/p/dell-pn7320a-active-pen/
2026-05-24 04:37:44,068 - INFO - Scraping 1622/6851: https://www.refurbed.de/p/dell-prec-m2800-i7-4800mq/
2026-05-24 04:37:44,308 - ERROR - Error fetching https://www.refurbed.de/p/dell-prec-m2800-i7-4800mq/: 404 Client Error: Not Found for url: https://www.refurbed.de/p/dell-prec-m2800-i7-4800mq/
2026-05-24 04:37:45,310 - INFO - Scraping 1623/6851: https://www.refurbed.de/p/dell-prec-m2800-i7-4810mq/
2026-05-24 04:37:45,535 - ERROR - Error fetching https://www.refurbed.de/p/dell-prec-m2800-i7-4810mq/: 404 Client Error: Not Found for url: https://www.refurbed.de/p/dell-prec-m2800-i7-4810mq/
2026-05-24 04:37:46,537 - INFO - Scraping 1624/6851: https://www.refurbed.de/p/dell-prec-m3800-i7-4702hq/
2026-05-24 04:37:46,779 - ERROR - Error fetching https://www.refurbed.de/p/dell-prec-m3800-i7-4702hq/: 404 Client Error: Not Found for url: https://www.refurbed.de/p/dell-prec-m3800-i7-4702hq/
2026-05-24 04:37:47,781 - INFO - Scraping 1625/6851: https://www.refurbed.de/p/dell-prec-m3800-i7-4712hq/
2026-05-24 04:37:48,003 - ERROR - Error fetching https://www.refurbed.de/p/dell-prec-m3800-i7-4712hq/: 404 Client Error: Not Found for url: https://www.refurbed.de/p/dell-prec-m3800-i7-4712hq/
2026-05-24 04:37:49,005 - INFO - Scraping 1626/6851: https://www.refurbed.de/p/dell-precision-15-3551-10400h/
2026-05-24 04:37:50,508 - INFO - Scraping 1627/6851: https://www.refurbed.de/p/dell-precision-15-3551-10850h/
2026-05-24 04:37:52,037 - INFO - Scraping 1628/6851: https://www.refurbed.de/p/dell-precision-15-3551-i5-10300h/
2026-05-24 04:37:53,422 - INFO - Scraping 1629/6851: https://www.refurbed.de/p/dell-precision-15-3551-i7-10750h/
2026-05-24 04:37:54,873 - INFO - Scraping 1630/6851: https://www.refurbed.de/p/dell-precision-15-3551-i9-10885h/
2026-05-24 04:37:56,284 - INFO - Scraping 1631/6851: https://www.refurbed.de/p/dell-precision-15-5510-e3-1505m/
2026-05-24 04:37:56,508 - ERROR - Error fetching https://www.refurbed.de/p/dell-precision-15-5510-e3-1505m/: 404 Client Error: Not Found for url: https://www.refurbed.de/p/dell-precision-15-5510-e3-1505m/
2026-05-24 04:37:57,510 - INFO - Scraping 1632/6851: https://www.refurbed.de/p/dell-precision-15-5510-i7-6820hq/
2026-05-24 04:37:57,752 - ERROR - Error fetching https://www.refurbed.de/p/dell-precision-15-5510-i7-6820hq/: 404 Client Error: Not Found for url: https://www.refurbed.de/p/dell-precision-15-5510-i7-6820hq/
2026-05-24 04:37:58,754 - INFO - Scraping 1633/6851: https://www.refurbed.de/p/dell-precision-3260-compact/
2026-05-24 04:38:00,130 - INFO - Scraping 1634/6851: https://www.refurbed.de/p/dell-precision-3420-sff/
2026-05-24 04:38:00,359 - ERROR - Error fetching https://www.refurbed.de/p/dell-precision-3420-sff/: 404 Client Error: Not Found for url: https://www.refurbed.de/p/dell-precision-3420-sff/
2026-05-24 04:38:01,362 - INFO - Scraping 1635/6851: https://www.refurbed.de/p/dell-precision-3430/
2026-05-24 04:38:02,777 - INFO - Scraping 1636/6851: https://www.refurbed.de/p/dell-precision-3431-workstation/
2026-05-24 04:38:04,396 - INFO - Scraping 1637/6851: https://www.refurbed.de/p/dell-precision-3440/
2026-05-24 04:38:05,788 - INFO - Scraping 1638/6851: https://www.refurbed.de/p/dell-precision-3470-1240p/
2026-05-24 04:38:07,173 - INFO - Scraping 1639/6851: https://www.refurbed.de/p/dell-precision-3470-1260p/
2026-05-24 04:38:08,540 - INFO - Scraping 1640/6851: https://www.refurbed.de/p/dell-precision-3510-i5-6300hq/
2026-05-24 04:38:08,786 - ERROR - Error fetching https://www.refurbed.de/p/dell-precision-3510-i5-6300hq/: 404 Client Error: Not Found for url: https://www.refurbed.de/p/dell-precision-3510-i5-6300hq/
2026-05-24 04:38:09,789 - INFO - Scraping 1641/6851: https://www.refurbed.de/p/dell-precision-3510-i5-6440hq/
2026-05-24 04:38:10,332 - ERROR - Error fetching https://www.refurbed.de/p/dell-precision-3510-i5-6440hq/: 404 Client Error: Not Found for url: https://www.refurbed.de/p/dell-precision-3510-i5-6440hq/
2026-05-24 04:38:11,334 - INFO - Scraping 1642/6851: https://www.refurbed.de/p/dell-precision-3510-i7-6700hq/
2026-05-24 04:38:11,865 - ERROR - Error fetching https://www.refurbed.de/p/dell-precision-3510-i7-6700hq/: 404 Client Error: Not Found for url: https://www.refurbed.de/p/dell-precision-3510-i7-6700hq/
2026-05-24 04:38:12,867 - INFO - Scraping 1643/6851: https://www.refurbed.de/p/dell-precision-3510-i7-6820hq/
2026-05-24 04:38:14,416 - ERROR - Error fetching https://www.refurbed.de/p/dell-precision-3510-i7-6820hq/: 404 Client Error: Not Found for url: https://www.refurbed.de/p/dell-precision-3510-i7-6820hq/
2026-05-24 04:38:15,418 - INFO - Scraping 1644/6851: https://www.refurbed.de/p/dell-precision-3530-8750h-15-6/
2026-05-24 04:38:17,445 - INFO - Scraping 1645/6851: https://www.refurbed.de/p/dell-precision-3530-8850h-15-6/
2026-05-24 04:38:19,297 - INFO - Scraping 1646/6851: https://www.refurbed.de/p/dell-precision-3530-i5-8300h/
2026-05-24 04:38:20,921 - INFO - Scraping 1647/6851: https://www.refurbed.de/p/dell-precision-3530-i5-8400h/
2026-05-24 04:38:21,154 - ERROR - Error fetching https://www.refurbed.de/p/dell-precision-3530-i5-8400h/: 404 Client Error: Not Found for url: https://www.refurbed.de/p/dell-precision-3530-i5-8400h/
2026-05-24 04:38:22,156 - INFO - Scraping 1648/6851: https://www.refurbed.de/p/dell-precision-3540-i5-8365u/
2026-05-24 04:38:23,561 - INFO - Scraping 1649/6851: https://www.refurbed.de/p/dell-precision-3540-i7-8565u/
2026-05-24 04:38:25,174 - INFO - Scraping 1650/6851: https://www.refurbed.de/p/dell-precision-3540-i7-8665u/
2026-05-24 04:38:26,893 - INFO - Scraping 1651/6851: https://www.refurbed.de/p/dell-precision-3541-i5-9300h-15/
2026-05-24 04:38:28,438 - INFO - Scraping 1652/6851: https://www.refurbed.de/p/dell-precision-3541-i5-9400h-15/
2026-05-24 04:38:29,796 - INFO - Scraping 1653/6851: https://www.refurbed.de/p/dell-precision-3541-i7-9850h-15/
2026-05-24 04:38:31,358 - INFO - Scraping 1654/6851: https://www.refurbed.de/p/dell-precision-3550-10310u-15-6/
2026-05-24 04:38:32,708 - INFO - Scraping 1655/6851: https://www.refurbed.de/p/dell-precision-3550-i5-10210u-15/
2026-05-24 04:38:34,151 - INFO - Scraping 1656/6851: https://www.refurbed.de/p/dell-precision-3550-i7-10610u/
2026-05-24 04:38:35,678 - INFO - Scraping 1657/6851: https://www.refurbed.de/p/dell-precision-3560-1135g7/
2026-05-24 04:38:37,167 - INFO - Scraping 1658/6851: https://www.refurbed.de/p/dell-precision-3560-1145g7/
2026-05-24 04:38:38,536 - INFO - Scraping 1659/6851: https://www.refurbed.de/p/dell-precision-3560-1185g7/
2026-05-24 04:38:40,129 - INFO - Scraping 1660/6851: https://www.refurbed.de/p/dell-precision-3560-i7-1165g7/
2026-05-24 04:38:41,538 - INFO - Scraping 1661/6851: https://www.refurbed.de/p/dell-precision-3561-i5-11500h/
2026-05-24 04:38:43,070 - INFO - Scraping 1662/6851: https://www.refurbed.de/p/dell-precision-3561-i7-11800h/
2026-05-24 04:38:44,457 - INFO - Scraping 1663/6851: https://www.refurbed.de/p/dell-precision-3561-i7-11850h/
2026-05-24 04:38:46,065 - INFO - Scraping 1664/6851: https://www.refurbed.de/p/dell-precision-3561-i9-11950h/
2026-05-24 04:38:47,584 - INFO - Scraping 1665/6851: https://www.refurbed.de/p/dell-precision-3570-1265u-15-6/
2026-05-24 04:38:49,158 - INFO - Scraping 1666/6851: https://www.refurbed.de/p/dell-precision-3571-12500h/
2026-05-24 04:38:50,536 - INFO - Scraping 1667/6851: https://www.refurbed.de/p/dell-precision-3571-12700h/
2026-05-24 04:38:52,035 - INFO - Scraping 1668/6851: https://www.refurbed.de/p/dell-precision-3571-i7-12800h/
2026-05-24 04:38:53,627 - INFO - Scraping 1669/6851: https://www.refurbed.de/p/dell-precision-3581-13800h-16/
2026-05-24 04:38:55,141 - INFO - Scraping 1670/6851: https://www.refurbed.de/p/dell-precision-3591-5-135h/
2026-05-24 04:38:56,515 - INFO - Scraping 1671/6851: https://www.refurbed.de/p/dell-precision-3620-tower/
2026-05-24 04:38:56,801 - ERROR - Error fetching https://www.refurbed.de/p/dell-precision-3620-tower/: 404 Client Error: Not Found for url: https://www.refurbed.de/p/dell-precision-3620-tower/
2026-05-24 04:38:57,803 - INFO - Scraping 1672/6851: https://www.refurbed.de/p/dell-precision-3630-tower/
2026-05-24 04:38:59,325 - INFO - Scraping 1673/6851: https://www.refurbed.de/p/dell-precision-3640-tower/
2026-05-24 04:39:00,899 - INFO - Scraping 1674/6851: https://www.refurbed.de/p/dell-precision-3650-tower/
2026-05-24 04:39:02,285 - INFO - Scraping 1675/6851: https://www.refurbed.de/p/dell-precision-5520-6820hq/
2026-05-24 04:39:02,547 - ERROR - Error fetching https://www.refurbed.de/p/dell-precision-5520-6820hq/: 404 Client Error: Not Found for url: https://www.refurbed.de/p/dell-precision-5520-6820hq/
2026-05-24 04:39:03,549 - INFO - Scraping 1676/6851: https://www.refurbed.de/p/dell-precision-5520-7300hq/
2026-05-24 04:39:03,775 - ERROR - Error fetching https://www.refurbed.de/p/dell-precision-5520-7300hq/: 404 Client Error: Not Found for url: https://www.refurbed.de/p/dell-precision-5520-7300hq/
2026-05-24 04:39:04,777 - INFO - Scraping 1677/6851: https://www.refurbed.de/p/dell-precision-5520-7820hq/
2026-05-24 04:39:06,152 - INFO - Scraping 1678/6851: https://www.refurbed.de/p/dell-precision-5520-e3-1505m-v6/
2026-05-24 04:39:06,398 - ERROR - Error fetching https://www.refurbed.de/p/dell-precision-5520-e3-1505m-v6/: 404 Client Error: Not Found for url: https://www.refurbed.de/p/dell-precision-5520-e3-1505m-v6/
2026-05-24 04:39:07,400 - INFO - Scraping 1679/6851: https://www.refurbed.de/p/dell-precision-5520-e3-1505m/
2026-05-24 04:39:07,668 - ERROR - Error fetching https://www.refurbed.de/p/dell-precision-5520-e3-1505m/: 404 Client Error: Not Found for url: https://www.refurbed.de/p/dell-precision-5520-e3-1505m/
2026-05-24 04:39:08,671 - INFO - Scraping 1680/6851: https://www.refurbed.de/p/dell-precision-5520-i7-7700hq/
2026-05-24 04:39:08,927 - ERROR - Error fetching https://www.refurbed.de/p/dell-precision-5520-i7-7700hq/: 404 Client Error: Not Found for url: https://www.refurbed.de/p/dell-precision-5520-i7-7700hq/
2026-05-24 04:39:09,929 - INFO - Scraping 1681/6851: https://www.refurbed.de/p/dell-precision-5530-2in1-8305g/
2026-05-24 04:39:11,320 - INFO - Scraping 1682/6851: https://www.refurbed.de/p/dell-precision-5530-2in1-i78607g/
2026-05-24 04:39:13,061 - INFO - Scraping 1683/6851: https://www.refurbed.de/p/dell-precision-5530-2in1-i78850h/
2026-05-24 04:39:14,730 - INFO - Scraping 1684/6851: https://www.refurbed.de/p/dell-precision-5530-8300h/
2026-05-24 04:39:16,440 - INFO - Scraping 1685/6851: https://www.refurbed.de/p/dell-precision-5530-8400h/
2026-05-24 04:39:18,311 - INFO - Scraping 1686/6851: https://www.refurbed.de/p/dell-precision-5530-e-2176m/
2026-05-24 04:39:19,917 - INFO - Scraping 1687/6851: https://www.refurbed.de/p/dell-precision-5530-i7-8850h/
2026-05-24 04:39:21,735 - INFO - Scraping 1688/6851: https://www.refurbed.de/p/dell-precision-5530-i9-8950hk/
2026-05-24 04:39:23,409 - INFO - Scraping 1689/6851: https://www.refurbed.de/p/dell-precision-5530-xeon-e-2176m/
2026-05-24 04:39:24,948 - INFO - Scraping 1690/6851: https://www.refurbed.de/p/dell-precision-5540-9880h-15-6/
2026-05-24 04:39:26,314 - INFO - Scraping 1691/6851: https://www.refurbed.de/p/dell-precision-5540-9880hk/
2026-05-24 04:39:27,663 - INFO - Scraping 1692/6851: https://www.refurbed.de/p/dell-precision-5540-9980hk/
2026-05-24 04:39:29,238 - INFO - Scraping 1693/6851: https://www.refurbed.de/p/dell-precision-5540-e-2276m/
2026-05-24 04:39:30,936 - INFO - Scraping 1694/6851: https://www.refurbed.de/p/dell-precision-5540-i5-9400h/
2026-05-24 04:39:32,456 - INFO - Scraping 1695/6851: https://www.refurbed.de/p/dell-precision-5540-i7-9750h/
2026-05-24 04:39:33,988 - INFO - Scraping 1696/6851: https://www.refurbed.de/p/dell-precision-5540-i7-9850h/
2026-05-24 04:39:35,568 - INFO - Scraping 1697/6851: https://www.refurbed.de/p/dell-precision-5550-10850h/
2026-05-24 04:39:37,135 - INFO - Scraping 1698/6851: https://www.refurbed.de/p/dell-precision-5550-10885h/
2026-05-24 04:39:38,526 - INFO - Scraping 1699/6851: https://www.refurbed.de/p/dell-precision-5550-i7-10750h/
2026-05-24 04:39:40,097 - INFO - Scraping 1700/6851: https://www.refurbed.de/p/dell-precision-5550-i7-10875h/
2026-05-24 04:39:41,622 - INFO - Scraping 1701/6851: https://www.refurbed.de/p/dell-precision-5550-x-w-10855m/
2026-05-24 04:39:43,244 - INFO - Scraping 1702/6851: https://www.refurbed.de/p/dell-precision-5560-11800h/
2026-05-24 04:39:44,979 - INFO - Scraping 1703/6851: https://www.refurbed.de/p/dell-precision-5560-11850h/
2026-05-24 04:39:46,623 - INFO - Scraping 1704/6851: https://www.refurbed.de/p/dell-precision-5560-i5-11500h-15/
2026-05-24 04:39:48,118 - INFO - Scraping 1705/6851: https://www.refurbed.de/p/dell-precision-5560-i7-10850h/
2026-05-24 04:39:49,663 - INFO - Scraping 1706/6851: https://www.refurbed.de/p/dell-precision-5560-i9-11950h/
2026-05-24 04:39:51,178 - INFO - Scraping 1707/6851: https://www.refurbed.de/p/dell-precision-5570-i7-12700h/
2026-05-24 04:39:52,752 - INFO - Scraping 1708/6851: https://www.refurbed.de/p/dell-precision-5570-i7-12800h/
2026-05-24 04:39:54,287 - INFO - Scraping 1709/6851: https://www.refurbed.de/p/dell-precision-5570-i9-12900h/
2026-05-24 04:39:55,765 - INFO - Scraping 1710/6851: https://www.refurbed.de/p/dell-precision-5680-13800h-16/
2026-05-24 04:39:57,285 - INFO - Scraping 1711/6851: https://www.refurbed.de/p/dell-precision-5750-i5-10400h/
2026-05-24 04:39:58,703 - INFO - Scraping 1712/6851: https://www.refurbed.de/p/dell-precision-5750-i7-10875h/
2026-05-24 04:40:00,236 - INFO - Scraping 1713/6851: https://www.refurbed.de/p/dell-precision-5760-11850h/
2026-05-24 04:40:01,844 - INFO - Scraping 1714/6851: https://www.refurbed.de/p/dell-precision-5810-tower/
2026-05-24 04:40:02,085 - ERROR - Error fetching https://www.refurbed.de/p/dell-precision-5810-tower/: 404 Client Error: Not Found for url: https://www.refurbed.de/p/dell-precision-5810-tower/
2026-05-24 04:40:03,088 - INFO - Scraping 1715/6851: https://www.refurbed.de/p/dell-precision-5820-tower/
2026-05-24 04:40:04,519 - INFO - Scraping 1716/6851: https://www.refurbed.de/p/dell-precision-7510-e3-1505m-v5-/
2026-05-24 04:40:04,770 - ERROR - Error fetching https://www.refurbed.de/p/dell-precision-7510-e3-1505m-v5-/: 404 Client Error: Not Found for url: https://www.refurbed.de/p/dell-precision-7510-e3-1505m-v5-/
2026-05-24 04:40:05,772 - INFO - Scraping 1717/6851: https://www.refurbed.de/p/dell-precision-7510-e3-1535m-v5-/
2026-05-24 04:40:06,012 - ERROR - Error fetching https://www.refurbed.de/p/dell-precision-7510-e3-1535m-v5-/: 404 Client Error: Not Found for url: https://www.refurbed.de/p/dell-precision-7510-e3-1535m-v5-/
2026-05-24 04:40:07,014 - INFO - Scraping 1718/6851: https://www.refurbed.de/p/dell-precision-7510-i5-6300hq-15/
2026-05-24 04:40:07,260 - ERROR - Error fetching https://www.refurbed.de/p/dell-precision-7510-i5-6300hq-15/: 404 Client Error: Not Found for url: https://www.refurbed.de/p/dell-precision-7510-i5-6300hq-15/
2026-05-24 04:40:08,263 - INFO - Scraping 1719/6851: https://www.refurbed.de/p/dell-precision-7510-i7-6820hq-15/
2026-05-24 04:40:08,490 - ERROR - Error fetching https://www.refurbed.de/p/dell-precision-7510-i7-6820hq-15/: 404 Client Error: Not Found for url: https://www.refurbed.de/p/dell-precision-7510-i7-6820hq-15/
2026-05-24 04:40:09,492 - INFO - Scraping 1720/6851: https://www.refurbed.de/p/dell-precision-7510-i7-6920hq-15/
2026-05-24 04:40:09,743 - ERROR - Error fetching https://www.refurbed.de/p/dell-precision-7510-i7-6920hq-15/: 404 Client Error: Not Found for url: https://www.refurbed.de/p/dell-precision-7510-i7-6920hq-15/
2026-05-24 04:40:10,745 - INFO - Scraping 1721/6851: https://www.refurbed.de/p/dell-precision-7520-1505m-15-6/
2026-05-24 04:40:11,021 - ERROR - Error fetching https://www.refurbed.de/p/dell-precision-7520-1505m-15-6/: 404 Client Error: Not Found for url: https://www.refurbed.de/p/dell-precision-7520-1505m-15-6/
2026-05-24 04:40:12,024 - INFO - Scraping 1722/6851: https://www.refurbed.de/p/dell-precision-7520-1535m-v6/
2026-05-24 04:40:12,265 - ERROR - Error fetching https://www.refurbed.de/p/dell-precision-7520-1535m-v6/: 404 Client Error: Not Found for url: https://www.refurbed.de/p/dell-precision-7520-1535m-v6/
2026-05-24 04:40:13,267 - INFO - Scraping 1723/6851: https://www.refurbed.de/p/dell-precision-7520-1545m-15/
2026-05-24 04:40:13,654 - ERROR - Error fetching https://www.refurbed.de/p/dell-precision-7520-1545m-15/: 404 Client Error: Not Found for url: https://www.refurbed.de/p/dell-precision-7520-1545m-15/
2026-05-24 04:40:14,656 - INFO - Scraping 1724/6851: https://www.refurbed.de/p/dell-precision-7520-i5-7440hq-15/
2026-05-24 04:40:14,929 - ERROR - Error fetching https://www.refurbed.de/p/dell-precision-7520-i5-7440hq-15/: 404 Client Error: Not Found for url: https://www.refurbed.de/p/dell-precision-7520-i5-7440hq-15/
2026-05-24 04:40:15,931 - INFO - Scraping 1725/6851: https://www.refurbed.de/p/dell-precision-7520-i7-6820hq-15/
2026-05-24 04:40:16,202 - ERROR - Error fetching https://www.refurbed.de/p/dell-precision-7520-i7-6820hq-15/: 404 Client Error: Not Found for url: https://www.refurbed.de/p/dell-precision-7520-i7-6820hq-15/
2026-05-24 04:40:17,204 - INFO - Scraping 1726/6851: https://www.refurbed.de/p/dell-precision-7520-i7-6920hq-15/
2026-05-24 04:40:17,452 - ERROR - Error fetching https://www.refurbed.de/p/dell-precision-7520-i7-6920hq-15/: 404 Client Error: Not Found for url: https://www.refurbed.de/p/dell-precision-7520-i7-6920hq-15/
2026-05-24 04:40:18,454 - INFO - Scraping 1727/6851: https://www.refurbed.de/p/dell-precision-7520-i7-7700hq/
2026-05-24 04:40:18,681 - ERROR - Error fetching https://www.refurbed.de/p/dell-precision-7520-i7-7700hq/: 404 Client Error: Not Found for url: https://www.refurbed.de/p/dell-precision-7520-i7-7700hq/
2026-05-24 04:40:19,683 - INFO - Scraping 1728/6851: https://www.refurbed.de/p/dell-precision-7520-i7-7820hq-15/
2026-05-24 04:40:21,218 - INFO - Scraping 1729/6851: https://www.refurbed.de/p/dell-precision-7520-i7-7920hq-15/
2026-05-24 04:40:21,450 - ERROR - Error fetching https://www.refurbed.de/p/dell-precision-7520-i7-7920hq-15/: 404 Client Error: Not Found for url: https://www.refurbed.de/p/dell-precision-7520-i7-7920hq-15/
2026-05-24 04:40:22,453 - INFO - Scraping 1730/6851: https://www.refurbed.de/p/dell-precision-7530-i5-8400h/
2026-05-24 04:40:24,032 - INFO - Scraping 1731/6851: https://www.refurbed.de/p/dell-precision-7530-i7-8750h-15-/
2026-05-24 04:40:25,525 - INFO - Scraping 1732/6851: https://www.refurbed.de/p/dell-precision-7530-i7-8850h-15-/
2026-05-24 04:40:27,048 - INFO - Scraping 1733/6851: https://www.refurbed.de/p/dell-precision-7530-i9-8950hk/
2026-05-24 04:40:29,187 - INFO - Scraping 1734/6851: https://www.refurbed.de/p/dell-precision-7530-xeon-e-2176m/
2026-05-24 04:40:30,900 - INFO - Scraping 1735/6851: https://www.refurbed.de/p/dell-precision-7530-xeon-e2186m/
2026-05-24 04:40:33,024 - INFO - Scraping 1736/6851: https://www.refurbed.de/p/dell-precision-7540-9980hk/
2026-05-24 04:40:34,676 - INFO - Scraping 1737/6851: https://www.refurbed.de/p/dell-precision-7540-e-2276m/
2026-05-24 04:40:36,458 - INFO - Scraping 1738/6851: https://www.refurbed.de/p/dell-precision-7540-i5-9400h/
2026-05-24 04:40:37,946 - INFO - Scraping 1739/6851: https://www.refurbed.de/p/dell-precision-7540-i7-9750h-15-/
2026-05-24 04:40:39,585 - INFO - Scraping 1740/6851: https://www.refurbed.de/p/dell-precision-7540-i7-9850h-15-/
2026-05-24 04:40:41,473 - INFO - Scraping 1741/6851: https://www.refurbed.de/p/dell-precision-7540-i9-9880h/
2026-05-24 04:40:43,088 - INFO - Scraping 1742/6851: https://www.refurbed.de/p/dell-precision-7550-10750h/
2026-05-24 04:40:44,780 - INFO - Scraping 1743/6851: https://www.refurbed.de/p/dell-precision-7550-10850h/
2026-05-24 04:40:46,368 - INFO - Scraping 1744/6851: https://www.refurbed.de/p/dell-precision-7550-i5-10400h/
2026-05-24 04:40:47,856 - INFO - Scraping 1745/6851: https://www.refurbed.de/p/dell-precision-7550-i5-9400h/
2026-05-24 04:40:49,368 - INFO - Scraping 1746/6851: https://www.refurbed.de/p/dell-precision-7550-i7-10875h/
2026-05-24 04:40:51,131 - INFO - Scraping 1747/6851: https://www.refurbed.de/p/dell-precision-7550-i9-10885h/
2026-05-24 04:40:52,650 - INFO - Scraping 1748/6851: https://www.refurbed.de/p/dell-precision-7550-w-10855m/
2026-05-24 04:40:54,023 - INFO - Scraping 1749/6851: https://www.refurbed.de/p/dell-precision-7560-i7-10850h/
2026-05-24 04:40:55,436 - INFO - Scraping 1750/6851: https://www.refurbed.de/p/dell-precision-7560-i7-11800h/
2026-05-24 04:40:57,005 - INFO - Scraping 1751/6851: https://www.refurbed.de/p/dell-precision-7560-i7-11850h/
2026-05-24 04:40:58,592 - INFO - Scraping 1752/6851: https://www.refurbed.de/p/dell-precision-7560-i9-11950h/
2026-05-24 04:41:00,132 - INFO - Scraping 1753/6851: https://www.refurbed.de/p/dell-precision-7560-w-11855m/
2026-05-24 04:41:01,826 - INFO - Scraping 1754/6851: https://www.refurbed.de/p/dell-precision-7670-i7-12850hx/
2026-05-24 04:41:03,548 - INFO - Scraping 1755/6851: https://www.refurbed.de/p/dell-precision-7670-i9-12950hx/
2026-05-24 04:41:05,287 - INFO - Scraping 1756/6851: https://www.refurbed.de/p/dell-precision-7710-e3-1505m-v5/
2026-05-24 04:41:05,528 - ERROR - Error fetching https://www.refurbed.de/p/dell-precision-7710-e3-1505m-v5/: 404 Client Error: Not Found for url: https://www.refurbed.de/p/dell-precision-7710-e3-1505m-v5/
2026-05-24 04:41:06,531 - INFO - Scraping 1757/6851: https://www.refurbed.de/p/dell-precision-7710-e3-1535m-v5/
2026-05-24 04:41:06,811 - ERROR - Error fetching https://www.refurbed.de/p/dell-precision-7710-e3-1535m-v5/: 404 Client Error: Not Found for url: https://www.refurbed.de/p/dell-precision-7710-e3-1535m-v5/
2026-05-24 04:41:07,813 - INFO - Scraping 1758/6851: https://www.refurbed.de/p/dell-precision-7710-i5-6300hq/
2026-05-24 04:41:08,063 - ERROR - Error fetching https://www.refurbed.de/p/dell-precision-7710-i5-6300hq/: 404 Client Error: Not Found for url: https://www.refurbed.de/p/dell-precision-7710-i5-6300hq/
2026-05-24 04:41:09,065 - INFO - Scraping 1759/6851: https://www.refurbed.de/p/dell-precision-7710-i7-6820hq-17/
2026-05-24 04:41:09,294 - ERROR - Error fetching https://www.refurbed.de/p/dell-precision-7710-i7-6820hq-17/: 404 Client Error: Not Found for url: https://www.refurbed.de/p/dell-precision-7710-i7-6820hq-17/
2026-05-24 04:41:10,296 - INFO - Scraping 1760/6851: https://www.refurbed.de/p/dell-precision-7710-i7-6920hq-17/
2026-05-24 04:41:10,699 - ERROR - Error fetching https://www.refurbed.de/p/dell-precision-7710-i7-6920hq-17/: 404 Client Error: Not Found for url: https://www.refurbed.de/p/dell-precision-7710-i7-6920hq-17/
2026-05-24 04:41:11,701 - INFO - Scraping 1761/6851: https://www.refurbed.de/p/dell-precision-7720-6820hq/
2026-05-24 04:41:11,934 - ERROR - Error fetching https://www.refurbed.de/p/dell-precision-7720-6820hq/: 404 Client Error: Not Found for url: https://www.refurbed.de/p/dell-precision-7720-6820hq/
2026-05-24 04:41:12,936 - INFO - Scraping 1762/6851: https://www.refurbed.de/p/dell-precision-7720-6920hq/
2026-05-24 04:41:13,166 - ERROR - Error fetching https://www.refurbed.de/p/dell-precision-7720-6920hq/: 404 Client Error: Not Found for url: https://www.refurbed.de/p/dell-precision-7720-6920hq/
2026-05-24 04:41:14,168 - INFO - Scraping 1763/6851: https://www.refurbed.de/p/dell-precision-7720-7820hq/
2026-05-24 04:41:15,578 - INFO - Scraping 1764/6851: https://www.refurbed.de/p/dell-precision-7720-7920hq/
2026-05-24 04:41:15,826 - ERROR - Error fetching https://www.refurbed.de/p/dell-precision-7720-7920hq/: 404 Client Error: Not Found for url: https://www.refurbed.de/p/dell-precision-7720-7920hq/
2026-05-24 04:41:16,828 - INFO - Scraping 1765/6851: https://www.refurbed.de/p/dell-precision-7720-e3-1535m-v6/
2026-05-24 04:41:17,085 - ERROR - Error fetching https://www.refurbed.de/p/dell-precision-7720-e3-1535m-v6/: 404 Client Error: Not Found for url: https://www.refurbed.de/p/dell-precision-7720-e3-1535m-v6/
2026-05-24 04:41:18,088 - INFO - Scraping 1766/6851: https://www.refurbed.de/p/dell-precision-7720-i7-11850h/
2026-05-24 04:41:19,465 - INFO - Scraping 1767/6851: https://www.refurbed.de/p/dell-precision-7730-8400h/
2026-05-24 04:41:20,868 - INFO - Scraping 1768/6851: https://www.refurbed.de/p/dell-precision-7730-e-2186m/
2026-05-24 04:41:22,294 - INFO - Scraping 1769/6851: https://www.refurbed.de/p/dell-precision-7730-i7-8750h/
2026-05-24 04:41:23,652 - INFO - Scraping 1770/6851: https://www.refurbed.de/p/dell-precision-7730-i7-8850h/
2026-05-24 04:41:25,142 - INFO - Scraping 1771/6851: https://www.refurbed.de/p/dell-precision-7730-i9-8950hk/
2026-05-24 04:41:26,528 - INFO - Scraping 1772/6851: https://www.refurbed.de/p/dell-precision-7730-xeon-e-2176m/
2026-05-24 04:41:28,068 - INFO - Scraping 1773/6851: https://www.refurbed.de/p/dell-precision-7740-9980hk/
2026-05-24 04:41:29,631 - INFO - Scraping 1774/6851: https://www.refurbed.de/p/dell-precision-7740-i5-9400h/
2026-05-24 04:41:31,040 - INFO - Scraping 1775/6851: https://www.refurbed.de/p/dell-precision-7740-i7-9750h/
2026-05-24 04:41:32,548 - INFO - Scraping 1776/6851: https://www.refurbed.de/p/dell-precision-7740-i7-9850h/
2026-05-24 04:41:34,010 - INFO - Scraping 1777/6851: https://www.refurbed.de/p/dell-precision-7740-i9-9880h/
2026-05-24 04:41:35,532 - INFO - Scraping 1778/6851: https://www.refurbed.de/p/dell-precision-7740-x-e-2276m/
2026-05-24 04:41:37,162 - INFO - Scraping 1779/6851: https://www.refurbed.de/p/dell-precision-7740-x-e-2286m/
2026-05-24 04:41:38,668 - INFO - Scraping 1780/6851: https://www.refurbed.de/p/dell-precision-7750-10400h/
2026-05-24 04:41:40,100 - INFO - Scraping 1781/6851: https://www.refurbed.de/p/dell-precision-7750-10750h/
2026-05-24 04:41:41,832 - INFO - Scraping 1782/6851: https://www.refurbed.de/p/dell-precision-7750-10850h/
2026-05-24 04:41:43,349 - INFO - Scraping 1783/6851: https://www.refurbed.de/p/dell-precision-7750-10875h/
2026-05-24 04:41:45,011 - INFO - Scraping 1784/6851: https://www.refurbed.de/p/dell-precision-7750-10885h/
2026-05-24 04:41:46,472 - INFO - Scraping 1785/6851: https://www.refurbed.de/p/dell-precision-7750-w-10855m/
2026-05-24 04:41:48,282 - INFO - Scraping 1786/6851: https://www.refurbed.de/p/dell-precision-7760-11500h-17/
2026-05-24 04:41:50,797 - INFO - Scraping 1787/6851: https://www.refurbed.de/p/dell-precision-7760-11850h-17/
2026-05-24 04:41:53,178 - INFO - Scraping 1788/6851: https://www.refurbed.de/p/dell-precision-7760-i9-11950h/
2026-05-24 04:41:54,878 - INFO - Scraping 1789/6851: https://www.refurbed.de/p/dell-precision-7770-i7-12850hx/
2026-05-24 04:41:56,405 - INFO - Scraping 1790/6851: https://www.refurbed.de/p/dell-precision-7770-i9-12950hx/
2026-05-24 04:41:57,856 - INFO - Scraping 1791/6851: https://www.refurbed.de/p/dell-precision-7820-tower/
2026-05-24 04:41:59,417 - INFO - Scraping 1792/6851: https://www.refurbed.de/p/dell-precision-7920-tower/
2026-05-24 04:42:00,788 - INFO - Scraping 1793/6851: https://www.refurbed.de/p/dell-precision-m4800-i5-4310m-15/
2026-05-24 04:42:01,037 - ERROR - Error fetching https://www.refurbed.de/p/dell-precision-m4800-i5-4310m-15/: 404 Client Error: Not Found for url: https://www.refurbed.de/p/dell-precision-m4800-i5-4310m-15/
2026-05-24 04:42:02,039 - INFO - Scraping 1794/6851: https://www.refurbed.de/p/dell-precision-m4800-i7-4710mq/
2026-05-24 04:42:02,274 - ERROR - Error fetching https://www.refurbed.de/p/dell-precision-m4800-i7-4710mq/: 404 Client Error: Not Found for url: https://www.refurbed.de/p/dell-precision-m4800-i7-4710mq/
2026-05-24 04:42:03,276 - INFO - Scraping 1795/6851: https://www.refurbed.de/p/dell-precision-m4800-i7-4800mq-1/
2026-05-24 04:42:33,536 - ERROR - Error fetching https://www.refurbed.de/p/dell-precision-m4800-i7-4800mq-1/: 404 Client Error: Not Found for url: https://www.refurbed.de/p/dell-precision-m4800-i7-4800mq-1/
2026-05-24 04:42:34,540 - INFO - Scraping 1796/6851: https://www.refurbed.de/p/dell-precision-m4800-i7-4810mq-1/
2026-05-24 04:42:34,771 - ERROR - Error fetching https://www.refurbed.de/p/dell-precision-m4800-i7-4810mq-1/: 404 Client Error: Not Found for url: https://www.refurbed.de/p/dell-precision-m4800-i7-4810mq-1/
2026-05-24 04:42:35,773 - INFO - Scraping 1797/6851: https://www.refurbed.de/p/dell-precision-m4800-i7-4900mq/
2026-05-24 04:42:35,995 - ERROR - Error fetching https://www.refurbed.de/p/dell-precision-m4800-i7-4900mq/: 404 Client Error: Not Found for url: https://www.refurbed.de/p/dell-precision-m4800-i7-4900mq/
2026-05-24 04:42:36,997 - INFO - Scraping 1798/6851: https://www.refurbed.de/p/dell-precision-m4800-i7-4910mq/
2026-05-24 04:42:37,389 - ERROR - Error fetching https://www.refurbed.de/p/dell-precision-m4800-i7-4910mq/: 404 Client Error: Not Found for url: https://www.refurbed.de/p/dell-precision-m4800-i7-4910mq/
2026-05-24 04:42:38,391 - INFO - Scraping 1799/6851: https://www.refurbed.de/p/dell-precision-m6800-i7-4800mq/
2026-05-24 04:42:38,619 - ERROR - Error fetching https://www.refurbed.de/p/dell-precision-m6800-i7-4800mq/: 404 Client Error: Not Found for url: https://www.refurbed.de/p/dell-precision-m6800-i7-4800mq/
2026-05-24 04:42:39,621 - INFO - Scraping 1800/6851: https://www.refurbed.de/p/dell-precision-m6800-i7-4810mq-1/
2026-05-24 04:42:39,849 - ERROR - Error fetching https://www.refurbed.de/p/dell-precision-m6800-i7-4810mq-1/: 404 Client Error: Not Found for url: https://www.refurbed.de/p/dell-precision-m6800-i7-4810mq-1/
2026-05-24 04:42:40,851 - INFO - Scraping 1801/6851: https://www.refurbed.de/p/dell-precision-m6800-i7-4910mq/
2026-05-24 04:42:41,084 - ERROR - Error fetching https://www.refurbed.de/p/dell-precision-m6800-i7-4910mq/: 404 Client Error: Not Found for url: https://www.refurbed.de/p/dell-precision-m6800-i7-4910mq/
2026-05-24 04:42:42,086 - INFO - Scraping 1802/6851: https://www.refurbed.de/p/dell-precision-t1650-workstation/
2026-05-24 04:42:42,325 - ERROR - Error fetching https://www.refurbed.de/p/dell-precision-t1650-workstation/: 404 Client Error: Not Found for url: https://www.refurbed.de/p/dell-precision-t1650-workstation/
2026-05-24 04:42:43,327 - INFO - Scraping 1803/6851: https://www.refurbed.de/p/dell-precision-t1700-mt-workst/
2026-05-24 04:42:43,569 - ERROR - Error fetching https://www.refurbed.de/p/dell-precision-t1700-mt-workst/: 404 Client Error: Not Found for url: https://www.refurbed.de/p/dell-precision-t1700-mt-workst/
2026-05-24 04:42:44,571 - INFO - Scraping 1804/6851: https://www.refurbed.de/p/dell-precision-t3500-workstation/
2026-05-24 04:42:44,995 - ERROR - Error fetching https://www.refurbed.de/p/dell-precision-t3500-workstation/: 404 Client Error: Not Found for url: https://www.refurbed.de/p/dell-precision-t3500-workstation/
2026-05-24 04:42:45,997 - INFO - Scraping 1805/6851: https://www.refurbed.de/p/dell-precision-t3600-workstation/
2026-05-24 04:42:46,233 - ERROR - Error fetching https://www.refurbed.de/p/dell-precision-t3600-workstation/: 404 Client Error: Not Found for url: https://www.refurbed.de/p/dell-precision-t3600-workstation/
2026-05-24 04:42:47,235 - INFO - Scraping 1806/6851: https://www.refurbed.de/p/dell-precision-t3610-workstation/
2026-05-24 04:42:47,474 - ERROR - Error fetching https://www.refurbed.de/p/dell-precision-t3610-workstation/: 404 Client Error: Not Found for url: https://www.refurbed.de/p/dell-precision-t3610-workstation/
2026-05-24 04:42:48,476 - INFO - Scraping 1807/6851: https://www.refurbed.de/p/dell-precision-t5500-workstation/
2026-05-24 04:42:48,698 - ERROR - Error fetching https://www.refurbed.de/p/dell-precision-t5500-workstation/: 404 Client Error: Not Found for url: https://www.refurbed.de/p/dell-precision-t5500-workstation/
2026-05-24 04:42:49,700 - INFO - Scraping 1808/6851: https://www.refurbed.de/p/dell-precision-t5610-workstation/
2026-05-24 04:42:49,930 - ERROR - Error fetching https://www.refurbed.de/p/dell-precision-t5610-workstation/: 404 Client Error: Not Found for url: https://www.refurbed.de/p/dell-precision-t5610-workstation/
2026-05-24 04:42:50,932 - INFO - Scraping 1809/6851: https://www.refurbed.de/p/dell-precision-t5810-workstation/
2026-05-24 04:42:51,183 - ERROR - Error fetching https://www.refurbed.de/p/dell-precision-t5810-workstation/: 404 Client Error: Not Found for url: https://www.refurbed.de/p/dell-precision-t5810-workstation/
2026-05-24 04:42:52,186 - INFO - Scraping 1810/6851: https://www.refurbed.de/p/dell-precision-t7600-workstation/
2026-05-24 04:42:52,414 - ERROR - Error fetching https://www.refurbed.de/p/dell-precision-t7600-workstation/: 404 Client Error: Not Found for url: https://www.refurbed.de/p/dell-precision-t7600-workstation/
2026-05-24 04:42:53,416 - INFO - Scraping 1811/6851: https://www.refurbed.de/p/dell-precision-t7610-xeon-e5/
2026-05-24 04:42:53,692 - ERROR - Error fetching https://www.refurbed.de/p/dell-precision-t7610-xeon-e5/: 404 Client Error: Not Found for url: https://www.refurbed.de/p/dell-precision-t7610-xeon-e5/
2026-05-24 04:42:54,694 - INFO - Scraping 1812/6851: https://www.refurbed.de/p/dell-precision-t7810-workstation/
2026-05-24 04:42:54,954 - ERROR - Error fetching https://www.refurbed.de/p/dell-precision-t7810-workstation/: 404 Client Error: Not Found for url: https://www.refurbed.de/p/dell-precision-t7810-workstation/
2026-05-24 04:42:55,956 - INFO - Scraping 1813/6851: https://www.refurbed.de/p/dell-precision-t7820-workstation/
2026-05-24 04:42:57,399 - INFO - Scraping 1814/6851: https://www.refurbed.de/p/dell-precision-t7820/
2026-05-24 04:42:58,967 - INFO - Scraping 1815/6851: https://www.refurbed.de/p/dell-precision-t7910-workstation/
2026-05-24 04:42:59,194 - ERROR - Error fetching https://www.refurbed.de/p/dell-precision-t7910-workstation/: 404 Client Error: Not Found for url: https://www.refurbed.de/p/dell-precision-t7910-workstation/
2026-05-24 04:43:00,197 - INFO - Scraping 1816/6851: https://www.refurbed.de/p/dell-precision-tower-1600/
2026-05-24 04:43:00,453 - ERROR - Error fetching https://www.refurbed.de/p/dell-precision-tower-1600/: 404 Client Error: Not Found for url: https://www.refurbed.de/p/dell-precision-tower-1600/
2026-05-24 04:43:01,456 - INFO - Scraping 1817/6851: https://www.refurbed.de/p/dell-precisison-3520-6820hq/
2026-05-24 04:43:01,738 - ERROR - Error fetching https://www.refurbed.de/p/dell-precisison-3520-6820hq/: 404 Client Error: Not Found for url: https://www.refurbed.de/p/dell-precisison-3520-6820hq/
2026-05-24 04:43:02,740 - INFO - Scraping 1818/6851: https://www.refurbed.de/p/dell-precisison-3520-7700hq/
2026-05-24 04:43:02,979 - ERROR - Error fetching https://www.refurbed.de/p/dell-precisison-3520-7700hq/: 404 Client Error: Not Found for url: https://www.refurbed.de/p/dell-precisison-3520-7700hq/
2026-05-24 04:43:03,981 - INFO - Scraping 1819/6851: https://www.refurbed.de/p/dell-precisison-3520-7820hq/
2026-05-24 04:43:05,467 - INFO - Scraping 1820/6851: https://www.refurbed.de/p/dell-precisison-3520-i5-6440hq/
2026-05-24 04:43:05,704 - ERROR - Error fetching https://www.refurbed.de/p/dell-precisison-3520-i5-6440hq/: 404 Client Error: Not Found for url: https://www.refurbed.de/p/dell-precisison-3520-i5-6440hq/
2026-05-24 04:43:06,706 - INFO - Scraping 1821/6851: https://www.refurbed.de/p/dell-professional-p2213t/
2026-05-24 04:43:08,221 - INFO - Scraping 1822/6851: https://www.refurbed.de/p/dell-rf449/
2026-05-24 04:43:09,884 - INFO - Scraping 1823/6851: https://www.refurbed.de/p/dell-rugged-notebook-desk-dock/
2026-05-24 04:43:11,418 - INFO - Scraping 1824/6851: https://www.refurbed.de/p/dell-s2316h-23/
2026-05-24 04:43:12,782 - INFO - Scraping 1825/6851: https://www.refurbed.de/p/dell-s2319h-23/
2026-05-24 04:43:14,346 - INFO - Scraping 1826/6851: https://www.refurbed.de/p/dell-s2416h-23-8/
2026-05-24 04:43:15,708 - INFO - Scraping 1827/6851: https://www.refurbed.de/p/dell-s2417d23-8/
2026-05-24 04:43:17,070 - INFO - Scraping 1828/6851: https://www.refurbed.de/p/dell-s2419h-23-8/
2026-05-24 04:43:18,507 - INFO - Scraping 1829/6851: https://www.refurbed.de/p/dell-s2419hgf-24/
2026-05-24 04:43:19,866 - INFO - Scraping 1830/6851: https://www.refurbed.de/p/dell-s2421h-23-8/
2026-05-24 04:43:21,407 - INFO - Scraping 1831/6851: https://www.refurbed.de/p/dell-s2421hgf/
2026-05-24 04:43:22,787 - INFO - Scraping 1832/6851: https://www.refurbed.de/p/dell-s2421hn/
2026-05-24 04:43:24,384 - INFO - Scraping 1833/6851: https://www.refurbed.de/p/dell-s2421hs/
2026-05-24 04:43:25,819 - INFO - Scraping 1834/6851: https://www.refurbed.de/p/dell-s2421hsx-23-8/
2026-05-24 04:43:27,188 - INFO - Scraping 1835/6851: https://www.refurbed.de/p/dell-s2421nx/
2026-05-24 04:43:28,550 - INFO - Scraping 1836/6851: https://www.refurbed.de/p/dell-s2422hg-23-6/
2026-05-24 04:43:29,983 - INFO - Scraping 1837/6851: https://www.refurbed.de/p/dell-s2422hz-23-8/
2026-05-24 04:43:31,323 - INFO - Scraping 1838/6851: https://www.refurbed.de/p/dell-s2425h/
2026-05-24 04:43:32,771 - INFO - Scraping 1839/6851: https://www.refurbed.de/p/dell-s2425hs/
2026-05-24 04:43:34,119 - INFO - Scraping 1840/6851: https://www.refurbed.de/p/dell-s2440lb-24/
2026-05-24 04:43:35,485 - INFO - Scraping 1841/6851: https://www.refurbed.de/p/dell-s2522hg-24-5/
2026-05-24 04:43:36,875 - INFO - Scraping 1842/6851: https://www.refurbed.de/p/dell-s2716dg-27/
2026-05-24 04:43:38,339 - INFO - Scraping 1843/6851: https://www.refurbed.de/p/dell-s2719dgf-27/
2026-05-24 04:43:39,882 - INFO - Scraping 1844/6851: https://www.refurbed.de/p/dell-s2719h-27/
2026-05-24 04:43:41,341 - INFO - Scraping 1845/6851: https://www.refurbed.de/p/dell-s2719hs-27/
2026-05-24 04:43:42,738 - INFO - Scraping 1846/6851: https://www.refurbed.de/p/dell-s2721d-27/
2026-05-24 04:43:44,096 - INFO - Scraping 1847/6851: https://www.refurbed.de/p/dell-s2721dgfa-27/
2026-05-24 04:43:45,492 - INFO - Scraping 1848/6851: https://www.refurbed.de/p/dell-s2721ds-27/
2026-05-24 04:43:46,876 - INFO - Scraping 1849/6851: https://www.refurbed.de/p/dell-s2721h-27/
2026-05-24 04:43:48,293 - INFO - Scraping 1850/6851: https://www.refurbed.de/p/dell-s2721hgf-27/
2026-05-24 04:43:49,746 - INFO - Scraping 1851/6851: https://www.refurbed.de/p/dell-s2721hn-27/
2026-05-24 04:43:51,107 - INFO - Scraping 1852/6851: https://www.refurbed.de/p/dell-s2721hs-27/
2026-05-24 04:43:52,460 - INFO - Scraping 1853/6851: https://www.refurbed.de/p/dell-s2721hsx-27/
2026-05-24 04:43:53,855 - INFO - Scraping 1854/6851: https://www.refurbed.de/p/dell-s2721nx/
2026-05-24 04:43:55,243 - INFO - Scraping 1855/6851: https://www.refurbed.de/p/dell-s2721qs-27/
2026-05-24 04:43:56,599 - INFO - Scraping 1856/6851: https://www.refurbed.de/p/dell-s2721qsa/
2026-05-24 04:43:57,992 - INFO - Scraping 1857/6851: https://www.refurbed.de/p/dell-s2722dc-27/
2026-05-24 04:43:59,347 - INFO - Scraping 1858/6851: https://www.refurbed.de/p/dell-s2722dgm/
2026-05-24 04:44:00,719 - INFO - Scraping 1859/6851: https://www.refurbed.de/p/dell-s2722dz-27/
2026-05-24 04:44:02,276 - INFO - Scraping 1860/6851: https://www.refurbed.de/p/dell-s2722qc-27/
2026-05-24 04:44:03,631 - INFO - Scraping 1861/6851: https://www.refurbed.de/p/dell-s2723hc-27/
2026-05-24 04:44:05,010 - INFO - Scraping 1862/6851: https://www.refurbed.de/p/dell-s2725ds/
2026-05-24 04:44:06,387 - INFO - Scraping 1863/6851: https://www.refurbed.de/p/dell-s2725h/
2026-05-24 04:44:07,759 - INFO - Scraping 1864/6851: https://www.refurbed.de/p/dell-s2725hs/
2026-05-24 04:44:09,157 - INFO - Scraping 1865/6851: https://www.refurbed.de/p/dell-s3220dgf-31-5/
2026-05-24 04:44:10,487 - INFO - Scraping 1866/6851: https://www.refurbed.de/p/dell-s3221qs-31-5/
2026-05-24 04:44:11,840 - INFO - Scraping 1867/6851: https://www.refurbed.de/p/dell-s3221qsa-31-5/
2026-05-24 04:44:13,189 - INFO - Scraping 1868/6851: https://www.refurbed.de/p/dell-s3222dgm/
2026-05-24 04:44:14,547 - INFO - Scraping 1869/6851: https://www.refurbed.de/p/dell-s3422dw-34/
2026-05-24 04:44:15,970 - INFO - Scraping 1870/6851: https://www.refurbed.de/p/dell-s3422dwg-34/
2026-05-24 04:44:17,500 - INFO - Scraping 1871/6851: https://www.refurbed.de/p/dell-s3423dwc-34/
2026-05-24 04:44:18,877 - INFO - Scraping 1872/6851: https://www.refurbed.de/p/dell-se2216h/
2026-05-24 04:44:20,236 - INFO - Scraping 1873/6851: https://www.refurbed.de/p/dell-se2219h-21-5/
2026-05-24 04:44:21,725 - INFO - Scraping 1874/6851: https://www.refurbed.de/p/dell-se2222h-21-5/
2026-05-24 04:44:23,279 - INFO - Scraping 1875/6851: https://www.refurbed.de/p/dell-se2417hgx-23-6/
2026-05-24 04:44:24,707 - INFO - Scraping 1876/6851: https://www.refurbed.de/p/dell-se2419hr-23-8/
2026-05-24 04:44:26,068 - INFO - Scraping 1877/6851: https://www.refurbed.de/p/dell-se2422h-23-8/
2026-05-24 04:44:27,553 - INFO - Scraping 1878/6851: https://www.refurbed.de/p/dell-se2717h/
2026-05-24 04:44:28,918 - INFO - Scraping 1879/6851: https://www.refurbed.de/p/dell-se2719h-27/
2026-05-24 04:44:30,338 - INFO - Scraping 1880/6851: https://www.refurbed.de/p/dell-se2722h-27/
2026-05-24 04:44:31,724 - INFO - Scraping 1881/6851: https://www.refurbed.de/p/dell-se2723ds-27/
2026-05-24 04:44:33,087 - INFO - Scraping 1882/6851: https://www.refurbed.de/p/dell-se3223q-31-5/
2026-05-24 04:44:34,623 - INFO - Scraping 1883/6851: https://www.refurbed.de/p/dell-soundbar-ac511/
2026-05-24 04:44:35,984 - INFO - Scraping 1884/6851: https://www.refurbed.de/p/dell-sp2208wfp-22/
2026-05-24 04:44:37,405 - INFO - Scraping 1885/6851: https://www.refurbed.de/p/dell-stereo-soundbar-ac511m/
2026-05-24 04:44:38,768 - INFO - Scraping 1886/6851: https://www.refurbed.de/p/dell-studio-xps-8700/
2026-05-24 04:44:39,014 - ERROR - Error fetching https://www.refurbed.de/p/dell-studio-xps-8700/: 404 Client Error: Not Found for url: https://www.refurbed.de/p/dell-studio-xps-8700/
2026-05-24 04:44:40,017 - INFO - Scraping 1887/6851: https://www.refurbed.de/p/dell-sx2210t-21-5/
2026-05-24 04:44:41,387 - INFO - Scraping 1888/6851: https://www.refurbed.de/p/dell-t3500-tower-wrokstation/
2026-05-24 04:44:41,611 - ERROR - Error fetching https://www.refurbed.de/p/dell-t3500-tower-wrokstation/: 404 Client Error: Not Found for url: https://www.refurbed.de/p/dell-t3500-tower-wrokstation/
2026-05-24 04:44:42,614 - INFO - Scraping 1889/6851: https://www.refurbed.de/p/dell-thunderbolt-dock-tb16/
2026-05-24 04:44:44,028 - INFO - Scraping 1890/6851: https://www.refurbed.de/p/dell-thunderbolt-dock-tb18dc/
2026-05-24 04:44:45,506 - INFO - Scraping 1891/6851: https://www.refurbed.de/p/dell-thunderbolt-dock-wd19tb/
2026-05-24 04:44:47,011 - INFO - Scraping 1892/6851: https://www.refurbed.de/p/dell-thunderbolt-dock-wd19tbs/
2026-05-24 04:44:48,464 - INFO - Scraping 1893/6851: https://www.refurbed.de/p/dell-thunderbolt-dock-wd22tb4/
2026-05-24 04:44:49,914 - INFO - Scraping 1894/6851: https://www.refurbed.de/p/dell-u2211h-monitor/
2026-05-24 04:44:51,333 - INFO - Scraping 1895/6851: https://www.refurbed.de/p/dell-u2212hm-monitor/
2026-05-24 04:44:52,759 - INFO - Scraping 1896/6851: https://www.refurbed.de/p/dell-u2311h/
2026-05-24 04:44:54,173 - INFO - Scraping 1897/6851: https://www.refurbed.de/p/dell-u2412m/
2026-05-24 04:44:55,671 - INFO - Scraping 1898/6851: https://www.refurbed.de/p/dell-u2417h/
2026-05-24 04:44:57,239 - INFO - Scraping 1899/6851: https://www.refurbed.de/p/dell-ultrasharp-2007wfpb-20/
2026-05-24 04:44:58,637 - INFO - Scraping 1900/6851: https://www.refurbed.de/p/dell-ultrasharp-2208wfpt-22/
2026-05-24 04:44:59,995 - INFO - Scraping 1901/6851: https://www.refurbed.de/p/dell-ultrasharp-2209wa/
2026-05-24 04:45:01,562 - INFO - Scraping 1902/6851: https://www.refurbed.de/p/dell-ultrasharp-2405fpw/
2026-05-24 04:45:03,088 - INFO - Scraping 1903/6851: https://www.refurbed.de/p/dell-ultrasharp-2407wfp-hc/
2026-05-24 04:45:04,466 - INFO - Scraping 1904/6851: https://www.refurbed.de/p/dell-ultrasharp-2408wfp/
2026-05-24 04:45:05,842 - INFO - Scraping 1905/6851: https://www.refurbed.de/p/dell-ultrasharp-p2012ht-20/
2026-05-24 04:45:07,196 - INFO - Scraping 1906/6851: https://www.refurbed.de/p/dell-ultrasharp-p2210f-22/
2026-05-24 04:45:08,737 - INFO - Scraping 1907/6851: https://www.refurbed.de/p/dell-ultrasharp-p2210t-22/
2026-05-24 04:45:10,119 - INFO - Scraping 1908/6851: https://www.refurbed.de/p/dell-ultrasharp-p2418ht/
2026-05-24 04:45:11,531 - INFO - Scraping 1909/6851: https://www.refurbed.de/p/dell-ultrasharp-p3424we/
2026-05-24 04:45:12,939 - INFO - Scraping 1910/6851: https://www.refurbed.de/p/dell-ultrasharp-u2312hm-23/
2026-05-24 04:45:14,333 - INFO - Scraping 1911/6851: https://www.refurbed.de/p/dell-ultrasharp-u2312hm/
2026-05-24 04:45:15,954 - INFO - Scraping 1912/6851: https://www.refurbed.de/p/dell-ultrasharp-u2410f/
2026-05-24 04:45:17,424 - INFO - Scraping 1913/6851: https://www.refurbed.de/p/dell-ultrasharp-u2413f/
2026-05-24 04:45:18,955 - INFO - Scraping 1914/6851: https://www.refurbed.de/p/dell-ultrasharp-u2414h-24/
2026-05-24 04:45:20,456 - INFO - Scraping 1915/6851: https://www.refurbed.de/p/dell-ultrasharp-u2415/
2026-05-24 04:45:22,868 - INFO - Scraping 1916/6851: https://www.refurbed.de/p/dell-ultrasharp-u2415h-24/
2026-05-24 04:45:24,623 - INFO - Scraping 1917/6851: https://www.refurbed.de/p/dell-ultrasharp-u2419h/
2026-05-24 04:45:27,268 - INFO - Scraping 1918/6851: https://www.refurbed.de/p/dell-ultrasharp-u2419hc/
2026-05-24 04:45:28,995 - INFO - Scraping 1919/6851: https://www.refurbed.de/p/dell-ultrasharp-u2421e/
2026-05-24 04:45:30,544 - INFO - Scraping 1920/6851: https://www.refurbed.de/p/dell-ultrasharp-u2421he-23-8/
2026-05-24 04:45:32,196 - INFO - Scraping 1921/6851: https://www.refurbed.de/p/dell-ultrasharp-u2422h-23-8/
2026-05-24 04:45:33,575 - INFO - Scraping 1922/6851: https://www.refurbed.de/p/dell-ultrasharp-u2422he-23-8/
2026-05-24 04:45:35,149 - INFO - Scraping 1923/6851: https://www.refurbed.de/p/dell-ultrasharp-u2424h/
2026-05-24 04:45:36,498 - INFO - Scraping 1924/6851: https://www.refurbed.de/p/dell-ultrasharp-u2424he/
2026-05-24 04:45:37,889 - INFO - Scraping 1925/6851: https://www.refurbed.de/p/dell-ultrasharp-u2515h/
2026-05-24 04:45:39,464 - INFO - Scraping 1926/6851: https://www.refurbed.de/p/dell-ultrasharp-u2518d/
2026-05-24 04:45:41,074 - INFO - Scraping 1927/6851: https://www.refurbed.de/p/dell-ultrasharp-u2520d/
2026-05-24 04:45:42,569 - INFO - Scraping 1928/6851: https://www.refurbed.de/p/dell-ultrasharp-u2713h/
2026-05-24 04:45:43,946 - INFO - Scraping 1929/6851: https://www.refurbed.de/p/dell-ultrasharp-u2713hm/
2026-05-24 04:45:45,476 - INFO - Scraping 1930/6851: https://www.refurbed.de/p/dell-ultrasharp-u2715h-27/
2026-05-24 04:45:46,911 - INFO - Scraping 1931/6851: https://www.refurbed.de/p/dell-ultrasharp-u2717d-27/
2026-05-24 04:45:48,272 - INFO - Scraping 1932/6851: https://www.refurbed.de/p/dell-ultrasharp-u2718q/
2026-05-24 04:45:49,698 - INFO - Scraping 1933/6851: https://www.refurbed.de/p/dell-ultrasharp-u2719d/
2026-05-24 04:45:51,085 - INFO - Scraping 1934/6851: https://www.refurbed.de/p/dell-ultrasharp-u2719dc/
2026-05-24 04:45:52,449 - INFO - Scraping 1935/6851: https://www.refurbed.de/p/dell-ultrasharp-u2720q-u2719d/
2026-05-24 04:45:53,864 - INFO - Scraping 1936/6851: https://www.refurbed.de/p/dell-ultrasharp-u2721de/
2026-05-24 04:45:55,344 - INFO - Scraping 1937/6851: https://www.refurbed.de/p/dell-ultrasharp-u2722d-27/
2026-05-24 04:45:56,953 - INFO - Scraping 1938/6851: https://www.refurbed.de/p/dell-ultrasharp-u2722de/
2026-05-24 04:45:58,491 - INFO - Scraping 1939/6851: https://www.refurbed.de/p/dell-ultrasharp-u2723qe/
2026-05-24 04:45:59,841 - INFO - Scraping 1940/6851: https://www.refurbed.de/p/dell-ultrasharp-u2724d/
2026-05-24 04:46:01,254 - INFO - Scraping 1941/6851: https://www.refurbed.de/p/dell-ultrasharp-u2724de/
2026-05-24 04:46:02,653 - INFO - Scraping 1942/6851: https://www.refurbed.de/p/dell-ultrasharp-u2913wm/
2026-05-24 04:46:04,184 - INFO - Scraping 1943/6851: https://www.refurbed.de/p/dell-ultrasharp-u2917w/
2026-05-24 04:46:05,689 - INFO - Scraping 1944/6851: https://www.refurbed.de/p/dell-ultrasharp-u3011t-30/
2026-05-24 04:46:07,088 - INFO - Scraping 1945/6851: https://www.refurbed.de/p/dell-ultrasharp-u3014t-30/
2026-05-24 04:46:08,466 - INFO - Scraping 1946/6851: https://www.refurbed.de/p/dell-ultrasharp-u3023e/
2026-05-24 04:46:09,844 - INFO - Scraping 1947/6851: https://www.refurbed.de/p/dell-ultrasharp-u3219q-31-5/
2026-05-24 04:46:11,383 - INFO - Scraping 1948/6851: https://www.refurbed.de/p/dell-ultrasharp-u3223qe/
2026-05-24 04:46:12,862 - INFO - Scraping 1949/6851: https://www.refurbed.de/p/dell-ultrasharp-u3223qz-31-5/
2026-05-24 04:46:14,339 - INFO - Scraping 1950/6851: https://www.refurbed.de/p/dell-ultrasharp-u3224kba/
2026-05-24 04:46:15,711 - INFO - Scraping 1951/6851: https://www.refurbed.de/p/dell-ultrasharp-u3415w-34/
2026-05-24 04:46:17,182 - INFO - Scraping 1952/6851: https://www.refurbed.de/p/dell-ultrasharp-u3415wb/
2026-05-24 04:46:18,616 - INFO - Scraping 1953/6851: https://www.refurbed.de/p/dell-ultrasharp-u3417w/
2026-05-24 04:46:20,139 - INFO - Scraping 1954/6851: https://www.refurbed.de/p/dell-ultrasharp-u3419w/
2026-05-24 04:46:21,667 - INFO - Scraping 1955/6851: https://www.refurbed.de/p/dell-ultrasharp-u3421we-34-14/
2026-05-24 04:46:23,184 - INFO - Scraping 1956/6851: https://www.refurbed.de/p/dell-ultrasharp-u3423we-34-14/
2026-05-24 04:46:24,532 - INFO - Scraping 1957/6851: https://www.refurbed.de/p/dell-ultrasharp-u3425we-34-14/
2026-05-24 04:46:26,009 - INFO - Scraping 1958/6851: https://www.refurbed.de/p/dell-ultrasharp-u3818dw-37/
2026-05-24 04:46:27,513 - INFO - Scraping 1959/6851: https://www.refurbed.de/p/dell-ultrasharp-u3821dw-37/
2026-05-24 04:46:28,995 - INFO - Scraping 1960/6851: https://www.refurbed.de/p/dell-ultrasharp-u3824dw-37-5/
2026-05-24 04:46:30,349 - INFO - Scraping 1961/6851: https://www.refurbed.de/p/dell-ultrasharp-u4021qw-39/
2026-05-24 04:46:31,714 - INFO - Scraping 1962/6851: https://www.refurbed.de/p/dell-ultrasharp-u4025qw/
2026-05-24 04:46:33,099 - INFO - Scraping 1963/6851: https://www.refurbed.de/p/dell-ultrasharp-u4320q-42-5/
2026-05-24 04:46:34,467 - INFO - Scraping 1964/6851: https://www.refurbed.de/p/dell-ultrasharp-u4323qe/
2026-05-24 04:46:35,967 - INFO - Scraping 1965/6851: https://www.refurbed.de/p/dell-ultrasharp-u4919dw-49/
2026-05-24 04:46:37,394 - INFO - Scraping 1966/6851: https://www.refurbed.de/p/dell-ultrasharp-u4924dw/
2026-05-24 04:46:38,754 - INFO - Scraping 1967/6851: https://www.refurbed.de/p/dell-ultrasharp-up2516d/
2026-05-24 04:46:40,216 - INFO - Scraping 1968/6851: https://www.refurbed.de/p/dell-ultrasharp-up2520d/
2026-05-24 04:46:41,574 - INFO - Scraping 1969/6851: https://www.refurbed.de/p/dell-ultrasharp-up2716d/
2026-05-24 04:46:42,996 - INFO - Scraping 1970/6851: https://www.refurbed.de/p/dell-ultrasharp-up2718q/
2026-05-24 04:46:44,344 - INFO - Scraping 1971/6851: https://www.refurbed.de/p/dell-ultrasharp-up2720q/
2026-05-24 04:46:45,729 - INFO - Scraping 1972/6851: https://www.refurbed.de/p/dell-ultrasharp-up2720qa/
2026-05-24 04:46:47,112 - INFO - Scraping 1973/6851: https://www.refurbed.de/p/dell-ultrasharp-up3017/
2026-05-24 04:46:48,591 - INFO - Scraping 1974/6851: https://www.refurbed.de/p/dell-ultrasharp-up3216q/
2026-05-24 04:46:50,006 - INFO - Scraping 1975/6851: https://www.refurbed.de/p/dell-ultrasharp-up3218k/
2026-05-24 04:46:51,400 - INFO - Scraping 1976/6851: https://www.refurbed.de/p/dell-ultrasharp-up3221q-31-5/
2026-05-24 04:46:52,748 - INFO - Scraping 1977/6851: https://www.refurbed.de/p/dell-ultrathin-s2719dm/
2026-05-24 04:46:54,116 - INFO - Scraping 1978/6851: https://www.refurbed.de/p/dell-universal-dock-ud22/
2026-05-24 04:46:56,425 - INFO - Scraping 1979/6851: https://www.refurbed.de/p/dell-venue-11-pro-5130/
2026-05-24 04:46:56,654 - ERROR - Error fetching https://www.refurbed.de/p/dell-venue-11-pro-5130/: 404 Client Error: Not Found for url: https://www.refurbed.de/p/dell-venue-11-pro-5130/
2026-05-24 04:46:57,656 - INFO - Scraping 1980/6851: https://www.refurbed.de/p/dell-venue-11-pro/
2026-05-24 04:46:57,892 - ERROR - Error fetching https://www.refurbed.de/p/dell-venue-11-pro/: 404 Client Error: Not Found for url: https://www.refurbed.de/p/dell-venue-11-pro/
2026-05-24 04:46:58,894 - INFO - Scraping 1981/6851: https://www.refurbed.de/p/dell-vjch5/
2026-05-24 04:47:00,370 - INFO - Scraping 1982/6851: https://www.refurbed.de/p/dell-vostro-14-3400-1115g4-14/
2026-05-24 04:47:01,756 - INFO - Scraping 1983/6851: https://www.refurbed.de/p/dell-vostro-14-5468-i5-7200u-14/
2026-05-24 04:47:01,996 - ERROR - Error fetching https://www.refurbed.de/p/dell-vostro-14-5468-i5-7200u-14/: 404 Client Error: Not Found for url: https://www.refurbed.de/p/dell-vostro-14-5468-i5-7200u-14/
2026-05-24 04:47:02,998 - INFO - Scraping 1984/6851: https://www.refurbed.de/p/dell-vostro-15-3510-1035g1/
2026-05-24 04:47:04,364 - INFO - Scraping 1985/6851: https://www.refurbed.de/p/dell-vostro-15-3510-i5-1135g7/
2026-05-24 04:47:05,735 - INFO - Scraping 1986/6851: https://www.refurbed.de/p/dell-vostro-15-3515-r-5-3450u/
2026-05-24 04:47:07,105 - INFO - Scraping 1987/6851: https://www.refurbed.de/p/dell-vostro-15-3549-3205u/
2026-05-24 04:47:07,327 - ERROR - Error fetching https://www.refurbed.de/p/dell-vostro-15-3549-3205u/: 404 Client Error: Not Found for url: https://www.refurbed.de/p/dell-vostro-15-3549-3205u/
2026-05-24 04:47:08,329 - INFO - Scraping 1988/6851: https://www.refurbed.de/p/dell-vostro-15-3568-7200u/
2026-05-24 04:47:08,716 - ERROR - Error fetching https://www.refurbed.de/p/dell-vostro-15-3568-7200u/: 404 Client Error: Not Found for url: https://www.refurbed.de/p/dell-vostro-15-3568-7200u/
2026-05-24 04:47:09,719 - INFO - Scraping 1989/6851: https://www.refurbed.de/p/dell-vostro-15-3590-i5-10210u/
2026-05-24 04:47:11,309 - INFO - Scraping 1990/6851: https://www.refurbed.de/p/dell-vostro-15-5415-5-5500u/
2026-05-24 04:47:12,714 - INFO - Scraping 1991/6851: https://www.refurbed.de/p/dell-vostro-15-5501-i7-1065g7/
2026-05-24 04:47:14,079 - INFO - Scraping 1992/6851: https://www.refurbed.de/p/dell-vostro-15-5502-i5-1135g7/
2026-05-24 04:47:15,459 - INFO - Scraping 1993/6851: https://www.refurbed.de/p/dell-vostro-15-5510-i5-11320h/
2026-05-24 04:47:16,858 - INFO - Scraping 1994/6851: https://www.refurbed.de/p/dell-vostro-15-5515-5-5500u/
2026-05-24 04:47:18,282 - INFO - Scraping 1995/6851: https://www.refurbed.de/p/dell-vostro-15-5568-7200u/
2026-05-24 04:47:18,534 - ERROR - Error fetching https://www.refurbed.de/p/dell-vostro-15-5568-7200u/: 404 Client Error: Not Found for url: https://www.refurbed.de/p/dell-vostro-15-5568-7200u/
2026-05-24 04:47:19,536 - INFO - Scraping 1996/6851: https://www.refurbed.de/p/dell-vostro-15-5581-i5-8265u/
2026-05-24 04:47:20,913 - INFO - Scraping 1997/6851: https://www.refurbed.de/p/dell-vostro-15-5590-i5-10210u/
2026-05-24 04:47:22,284 - INFO - Scraping 1998/6851: https://www.refurbed.de/p/dell-vostro-3500-1165g7-15-6/
2026-05-24 04:47:23,664 - INFO - Scraping 1999/6851: https://www.refurbed.de/p/dell-vostro-3500-i5-1135g7/
2026-05-24 04:47:25,228 - INFO - Scraping 2000/6851: https://www.refurbed.de/p/dell-vostro-3591-i5-1035g1/
2026-05-24 04:47:26,592 - INFO - Scraping 2001/6851: https://www.refurbed.de/p/dell-vostro-3681-sff/
2026-05-24 04:47:27,943 - INFO - Scraping 2002/6851: https://www.refurbed.de/p/dell-vostro-3900/
2026-05-24 04:47:28,172 - ERROR - Error fetching https://www.refurbed.de/p/dell-vostro-3900/: 404 Client Error: Not Found for url: https://www.refurbed.de/p/dell-vostro-3900/
2026-05-24 04:47:29,175 - INFO - Scraping 2003/6851: https://www.refurbed.de/p/dell-vostro-5401-i5-1035g1-14/
2026-05-24 04:47:30,588 - INFO - Scraping 2004/6851: https://www.refurbed.de/p/dell-vostro-5402-i7-1165g7-14/
2026-05-24 04:47:32,146 - INFO - Scraping 2005/6851: https://www.refurbed.de/p/dell-vostro-5471-i5-8250u-14/
2026-05-24 04:47:33,550 - INFO - Scraping 2006/6851: https://www.refurbed.de/p/dell-vostro-5490-10510u-14/
2026-05-24 04:47:34,916 - INFO - Scraping 2007/6851: https://www.refurbed.de/p/dell-wireless-dock-d5000/
2026-05-24 04:47:36,299 - INFO - Scraping 2008/6851: https://www.refurbed.de/p/dell-wld15-452-bbus/
2026-05-24 04:47:37,817 - INFO - Scraping 2009/6851: https://www.refurbed.de/p/dell-wyse-5030-pcoip-zero-client/
2026-05-24 04:47:39,332 - INFO - Scraping 2010/6851: https://www.refurbed.de/p/dell-wyse-5070-thin-client/
2026-05-24 04:47:39,581 - ERROR - Error fetching https://www.refurbed.de/p/dell-wyse-5070-thin-client/: 404 Client Error: Not Found for url: https://www.refurbed.de/p/dell-wyse-5070-thin-client/
2026-05-24 04:47:40,583 - INFO - Scraping 2011/6851: https://www.refurbed.de/p/dell-wyse-5212-aio-thin-client/
2026-05-24 04:47:42,011 - INFO - Scraping 2012/6851: https://www.refurbed.de/p/dell-xps-11-9p33-4210y/
2026-05-24 04:47:42,317 - ERROR - Error fetching https://www.refurbed.de/p/dell-xps-11-9p33-4210y/: 404 Client Error: Not Found for url: https://www.refurbed.de/p/dell-xps-11-9p33-4210y/
2026-05-24 04:47:43,320 - INFO - Scraping 2013/6851: https://www.refurbed.de/p/dell-xps-13-2in1-9310-17-1165g7/
2026-05-24 04:47:44,971 - INFO - Scraping 2014/6851: https://www.refurbed.de/p/dell-xps-13-2in1-9365-17-7y75/
2026-05-24 04:47:45,216 - ERROR - Error fetching https://www.refurbed.de/p/dell-xps-13-2in1-9365-17-7y75/: 404 Client Error: Not Found for url: https://www.refurbed.de/p/dell-xps-13-2in1-9365-17-7y75/
2026-05-24 04:47:46,219 - INFO - Scraping 2015/6851: https://www.refurbed.de/p/dell-xps-13-2in1-9365-17-8500u/
2026-05-24 04:47:46,475 - ERROR - Error fetching https://www.refurbed.de/p/dell-xps-13-2in1-9365-17-8500u/: 404 Client Error: Not Found for url: https://www.refurbed.de/p/dell-xps-13-2in1-9365-17-8500u/
2026-05-24 04:47:47,477 - INFO - Scraping 2016/6851: https://www.refurbed.de/p/dell-xps-13-2in1-9365-i5-7y57/
2026-05-24 04:47:47,721 - ERROR - Error fetching https://www.refurbed.de/p/dell-xps-13-2in1-9365-i5-7y57/: 404 Client Error: Not Found for url: https://www.refurbed.de/p/dell-xps-13-2in1-9365-i5-7y57/
2026-05-24 04:47:48,723 - INFO - Scraping 2017/6851: https://www.refurbed.de/p/dell-xps-13-2in1-9365-i5-8200y/
2026-05-24 04:47:50,202 - INFO - Scraping 2018/6851: https://www.refurbed.de/p/dell-xps-13-2in1-9365-i7-8500y/
2026-05-24 04:47:51,556 - INFO - Scraping 2019/6851: https://www.refurbed.de/p/dell-xps-13-7390-10210u/
2026-05-24 04:47:53,202 - INFO - Scraping 2020/6851: https://www.refurbed.de/p/dell-xps-13-7390-10510u/
2026-05-24 04:47:54,740 - INFO - Scraping 2021/6851: https://www.refurbed.de/p/dell-xps-13-7390-1065g7/
2026-05-24 04:47:56,130 - INFO - Scraping 2022/6851: https://www.refurbed.de/p/dell-xps-13-7390-10710u/
2026-05-24 04:47:57,689 - INFO - Scraping 2023/6851: https://www.refurbed.de/p/dell-xps-13-7390-2-in-1-1035g1/
2026-05-24 04:47:59,012 - INFO - Scraping 2024/6851: https://www.refurbed.de/p/dell-xps-13-7390-2-in-1-10510u/
2026-05-24 04:48:00,439 - INFO - Scraping 2025/6851: https://www.refurbed.de/p/dell-xps-13-7390-2-in-1-8350u/
2026-05-24 04:48:01,801 - INFO - Scraping 2026/6851: https://www.refurbed.de/p/dell-xps-13-9300-1065g7-13-4/
2026-05-24 04:48:03,230 - INFO - Scraping 2027/6851: https://www.refurbed.de/p/dell-xps-13-9300-i5-1035g1/
2026-05-24 04:48:04,595 - INFO - Scraping 2028/6851: https://www.refurbed.de/p/dell-xps-13-9305-1135g7-13-3/
2026-05-24 04:48:05,945 - INFO - Scraping 2029/6851: https://www.refurbed.de/p/dell-xps-13-9305-i7-1165g7/
2026-05-24 04:48:07,385 - INFO - Scraping 2030/6851: https://www.refurbed.de/p/dell-xps-13-9310-2-in-1-1165g7/
2026-05-24 04:48:08,829 - INFO - Scraping 2031/6851: https://www.refurbed.de/p/dell-xps-13-9310-2-in-1-1185g7/
2026-05-24 04:48:10,201 - INFO - Scraping 2032/6851: https://www.refurbed.de/p/dell-xps-13-9310-2-in-1-1195g7/
2026-05-24 04:48:11,604 - INFO - Scraping 2033/6851: https://www.refurbed.de/p/dell-xps-13-9310-i5-1135g7-13-4/
2026-05-24 04:48:13,169 - INFO - Scraping 2034/6851: https://www.refurbed.de/p/dell-xps-13-9310-i7-1165g7-13-4/
2026-05-24 04:48:14,611 - INFO - Scraping 2035/6851: https://www.refurbed.de/p/dell-xps-13-9310-i7-1185g7-13-4/
2026-05-24 04:48:15,986 - INFO - Scraping 2036/6851: https://www.refurbed.de/p/dell-xps-13-9310-i7-1195g7-13-4/
2026-05-24 04:48:17,454 - INFO - Scraping 2037/6851: https://www.refurbed.de/p/dell-xps-13-9315-1230u/
2026-05-24 04:48:19,003 - INFO - Scraping 2038/6851: https://www.refurbed.de/p/dell-xps-13-9315-1250u-13-4/
2026-05-24 04:48:20,416 - INFO - Scraping 2039/6851: https://www.refurbed.de/p/dell-xps-13-9315-2-in-1-1230u/
2026-05-24 04:48:21,892 - INFO - Scraping 2040/6851: https://www.refurbed.de/p/dell-xps-13-9315-2-in-1-1250u/
2026-05-24 04:48:23,259 - INFO - Scraping 2041/6851: https://www.refurbed.de/p/dell-xps-13-9333-i5-4200u-13-3/
2026-05-24 04:48:23,485 - ERROR - Error fetching https://www.refurbed.de/p/dell-xps-13-9333-i5-4200u-13-3/: 404 Client Error: Not Found for url: https://www.refurbed.de/p/dell-xps-13-9333-i5-4200u-13-3/
2026-05-24 04:48:24,488 - INFO - Scraping 2042/6851: https://www.refurbed.de/p/dell-xps-13-9333-i5-6200u-13-3/
2026-05-24 04:48:24,745 - ERROR - Error fetching https://www.refurbed.de/p/dell-xps-13-9333-i5-6200u-13-3/: 404 Client Error: Not Found for url: https://www.refurbed.de/p/dell-xps-13-9333-i5-6200u-13-3/
2026-05-24 04:48:25,747 - INFO - Scraping 2043/6851: https://www.refurbed.de/p/dell-xps-13-9333-i7-4650u-13-3/
2026-05-24 04:48:26,012 - ERROR - Error fetching https://www.refurbed.de/p/dell-xps-13-9333-i7-4650u-13-3/: 404 Client Error: Not Found for url: https://www.refurbed.de/p/dell-xps-13-9333-i7-4650u-13-3/
2026-05-24 04:48:27,014 - INFO - Scraping 2044/6851: https://www.refurbed.de/p/dell-xps-13-9343-5200u/
2026-05-24 04:48:27,285 - ERROR - Error fetching https://www.refurbed.de/p/dell-xps-13-9343-5200u/: 404 Client Error: Not Found for url: https://www.refurbed.de/p/dell-xps-13-9343-5200u/
2026-05-24 04:48:28,287 - INFO - Scraping 2045/6851: https://www.refurbed.de/p/dell-xps-13-9350-i5-6200u-13-3/
2026-05-24 04:48:28,520 - ERROR - Error fetching https://www.refurbed.de/p/dell-xps-13-9350-i5-6200u-13-3/: 404 Client Error: Not Found for url: https://www.refurbed.de/p/dell-xps-13-9350-i5-6200u-13-3/
2026-05-24 04:48:29,522 - INFO - Scraping 2046/6851: https://www.refurbed.de/p/dell-xps-13-9350-i7-6500u/
2026-05-24 04:48:29,763 - ERROR - Error fetching https://www.refurbed.de/p/dell-xps-13-9350-i7-6500u/: 404 Client Error: Not Found for url: https://www.refurbed.de/p/dell-xps-13-9350-i7-6500u/
2026-05-24 04:48:30,765 - INFO - Scraping 2047/6851: https://www.refurbed.de/p/dell-xps-13-9350-i7-6560u-13-3/
2026-05-24 04:48:31,028 - ERROR - Error fetching https://www.refurbed.de/p/dell-xps-13-9350-i7-6560u-13-3/: 404 Client Error: Not Found for url: https://www.refurbed.de/p/dell-xps-13-9350-i7-6560u-13-3/
2026-05-24 04:48:32,030 - INFO - Scraping 2048/6851: https://www.refurbed.de/p/dell-xps-13-9360-7200u/
2026-05-24 04:48:32,312 - ERROR - Error fetching https://www.refurbed.de/p/dell-xps-13-9360-7200u/: 404 Client Error: Not Found for url: https://www.refurbed.de/p/dell-xps-13-9360-7200u/
2026-05-24 04:48:33,314 - INFO - Scraping 2049/6851: https://www.refurbed.de/p/dell-xps-13-9360-i5-8250u-13-3/
2026-05-24 04:48:34,711 - INFO - Scraping 2050/6851: https://www.refurbed.de/p/dell-xps-13-9360-i7-7500u/
2026-05-24 04:48:34,984 - ERROR - Error fetching https://www.refurbed.de/p/dell-xps-13-9360-i7-7500u/: 404 Client Error: Not Found for url: https://www.refurbed.de/p/dell-xps-13-9360-i7-7500u/
2026-05-24 04:48:35,986 - INFO - Scraping 2051/6851: https://www.refurbed.de/p/dell-xps-13-9360-i7-7560u-13-3/
2026-05-24 04:48:36,216 - ERROR - Error fetching https://www.refurbed.de/p/dell-xps-13-9360-i7-7560u-13-3/: 404 Client Error: Not Found for url: https://www.refurbed.de/p/dell-xps-13-9360-i7-7560u-13-3/
2026-05-24 04:48:37,218 - INFO - Scraping 2052/6851: https://www.refurbed.de/p/dell-xps-13-9360-i7-8550u-13-3/
2026-05-24 04:48:38,580 - INFO - Scraping 2053/6851: https://www.refurbed.de/p/dell-xps-13-9370-i5-8250u-13-3/
2026-05-24 04:48:40,180 - INFO - Scraping 2054/6851: https://www.refurbed.de/p/dell-xps-13-9370-i5-8350u-13-3/
2026-05-24 04:48:41,600 - INFO - Scraping 2055/6851: https://www.refurbed.de/p/dell-xps-13-9370-i7-8550u-13-3/
2026-05-24 04:48:42,989 - INFO - Scraping 2056/6851: https://www.refurbed.de/p/dell-xps-13-9370-i7-8650u-13-3/
2026-05-24 04:48:44,402 - INFO - Scraping 2057/6851: https://www.refurbed.de/p/dell-xps-13-9380-i5-8265u-13-3/
2026-05-24 04:48:45,845 - INFO - Scraping 2058/6851: https://www.refurbed.de/p/dell-xps-13-9380-i5-8365u-13-3/
2026-05-24 04:48:47,269 - INFO - Scraping 2059/6851: https://www.refurbed.de/p/dell-xps-13-9380-i7-10710u/
2026-05-24 04:48:48,692 - INFO - Scraping 2060/6851: https://www.refurbed.de/p/dell-xps-13-9380-i7-8565u/
2026-05-24 04:48:50,059 - INFO - Scraping 2061/6851: https://www.refurbed.de/p/dell-xps-13-9380-i7-8665u/
2026-05-24 04:48:51,429 - INFO - Scraping 2062/6851: https://www.refurbed.de/p/dell-xps-13-plus-9320-1240p/
2026-05-24 04:48:52,959 - INFO - Scraping 2063/6851: https://www.refurbed.de/p/dell-xps-13-plus-9320-1260p/
2026-05-24 04:48:54,514 - INFO - Scraping 2064/6851: https://www.refurbed.de/p/dell-xps-13-plus-9320-i7-1280p/
2026-05-24 04:48:55,889 - INFO - Scraping 2065/6851: https://www.refurbed.de/p/dell-xps-15-7590-i5-9300h-15/
2026-05-24 04:48:57,433 - INFO - Scraping 2066/6851: https://www.refurbed.de/p/dell-xps-15-7590-i7-9750h-15/
2026-05-24 04:48:59,211 - INFO - Scraping 2067/6851: https://www.refurbed.de/p/dell-xps-15-7590-i9-9980hk/
2026-05-24 04:49:00,654 - INFO - Scraping 2068/6851: https://www.refurbed.de/p/dell-xps-15-9500-10750h-15-6/
2026-05-24 04:49:02,071 - INFO - Scraping 2069/6851: https://www.refurbed.de/p/dell-xps-15-9500-i5-10300h/
2026-05-24 04:49:03,467 - INFO - Scraping 2070/6851: https://www.refurbed.de/p/dell-xps-15-9500-i7-10875h/
2026-05-24 04:49:04,861 - INFO - Scraping 2071/6851: https://www.refurbed.de/p/dell-xps-15-9500-i9-10885h/
2026-05-24 04:49:06,296 - INFO - Scraping 2072/6851: https://www.refurbed.de/p/dell-xps-15-9510-11900h-15-6/
2026-05-24 04:49:07,874 - INFO - Scraping 2073/6851: https://www.refurbed.de/p/dell-xps-15-9510-i7-11800h-15-6/
2026-05-24 04:49:09,552 - INFO - Scraping 2074/6851: https://www.refurbed.de/p/dell-xps-15-9520-12700h-15-6/
2026-05-24 04:49:10,953 - INFO - Scraping 2075/6851: https://www.refurbed.de/p/dell-xps-15-9530-13700h-15-6/
2026-05-24 04:49:12,340 - INFO - Scraping 2076/6851: https://www.refurbed.de/p/dell-xps-15-9550-i5-6300hq-15-6/
2026-05-24 04:49:12,573 - ERROR - Error fetching https://www.refurbed.de/p/dell-xps-15-9550-i5-6300hq-15-6/: 404 Client Error: Not Found for url: https://www.refurbed.de/p/dell-xps-15-9550-i5-6300hq-15-6/
2026-05-24 04:49:13,575 - INFO - Scraping 2077/6851: https://www.refurbed.de/p/dell-xps-15-9550-i7-6700hq-15-6/
2026-05-24 04:49:13,808 - ERROR - Error fetching https://www.refurbed.de/p/dell-xps-15-9550-i7-6700hq-15-6/: 404 Client Error: Not Found for url: https://www.refurbed.de/p/dell-xps-15-9550-i7-6700hq-15-6/
2026-05-24 04:49:14,811 - INFO - Scraping 2078/6851: https://www.refurbed.de/p/dell-xps-15-9560-15-6-i7-7700hq/
2026-05-24 04:49:15,072 - ERROR - Error fetching https://www.refurbed.de/p/dell-xps-15-9560-15-6-i7-7700hq/: 404 Client Error: Not Found for url: https://www.refurbed.de/p/dell-xps-15-9560-15-6-i7-7700hq/
2026-05-24 04:49:16,074 - INFO - Scraping 2079/6851: https://www.refurbed.de/p/dell-xps-15-9570-8300h-15-6/
2026-05-24 04:49:17,874 - INFO - Scraping 2080/6851: https://www.refurbed.de/p/dell-xps-15-9570-8750h-15-6/
2026-05-24 04:49:19,608 - INFO - Scraping 2081/6851: https://www.refurbed.de/p/dell-xps-15-9570-i9-8950hk/
2026-05-24 04:49:22,123 - INFO - Scraping 2082/6851: https://www.refurbed.de/p/dell-xps-15-9575-8305g/
2026-05-24 04:49:23,718 - INFO - Scraping 2083/6851: https://www.refurbed.de/p/dell-xps-15-9575-i7-8705g/
2026-05-24 04:49:25,496 - INFO - Scraping 2084/6851: https://www.refurbed.de/p/dell-xps-16-9640-7-155h-16-3/
2026-05-24 04:49:27,037 - INFO - Scraping 2085/6851: https://www.refurbed.de/p/dell-xps-17-9700-i5-10300h/
2026-05-24 04:49:28,400 - INFO - Scraping 2086/6851: https://www.refurbed.de/p/dell-xps-17-9700-i7-10875h/
2026-05-24 04:49:29,765 - INFO - Scraping 2087/6851: https://www.refurbed.de/p/dell-xps-17-9710-i7-11800h/
2026-05-24 04:49:31,156 - INFO - Scraping 2088/6851: https://www.refurbed.de/p/dell-xps-17-9710-i9-11900h/
2026-05-24 04:49:32,521 - INFO - Scraping 2089/6851: https://www.refurbed.de/p/dell-xps-17-9720-i7-12700h/
2026-05-24 04:49:33,932 - INFO - Scraping 2090/6851: https://www.refurbed.de/p/dell-xyt17/
2026-05-24 04:49:35,285 - INFO - Scraping 2091/6851: https://www.refurbed.de/p/delonghi-ecam-350-35-w-dinami-ew/
2026-05-24 04:49:36,672 - INFO - Scraping 2092/6851: https://www.refurbed.de/p/delonghi-ecam-350-55-b-dinami-ew/
2026-05-24 04:49:38,128 - INFO - Scraping 2093/6851: https://www.refurbed.de/p/delonghi-ecam-358-15-r-dinami-ew/
2026-05-24 04:49:39,502 - INFO - Scraping 2094/6851: https://www.refurbed.de/p/dyson-cyclone-v10-motorhead/
2026-05-24 04:49:40,917 - INFO - Scraping 2095/6851: https://www.refurbed.de/p/dyson-v11-motorhead/
2026-05-24 04:49:42,267 - INFO - Scraping 2096/6851: https://www.refurbed.de/p/dyson-v12-slim-motorhead/
2026-05-24 04:49:43,866 - INFO - Scraping 2097/6851: https://www.refurbed.de/p/dyson-v8-motorhead-282088/
2026-05-24 04:49:45,337 - INFO - Scraping 2098/6851: https://www.refurbed.de/p/ecowings-laptop-bag-eagle/
2026-05-24 04:49:46,729 - INFO - Scraping 2099/6851: https://www.refurbed.de/p/ecowings-laptop-bag-peacock/
2026-05-24 04:49:48,190 - INFO - Scraping 2100/6851: https://www.refurbed.de/p/elektra-bregenz-mi-65401-sx/
2026-05-24 04:49:49,546 - INFO - Scraping 2101/6851: https://www.refurbed.de/p/emporia-iomi-bluetooth/
2026-05-24 04:49:50,927 - INFO - Scraping 2102/6851: https://www.refurbed.de/p/emporia-tablet-10-1/
2026-05-24 04:49:52,416 - INFO - Scraping 2103/6851: https://www.refurbed.de/p/fujitsu-display-b22w-6-22/
2026-05-24 04:49:53,917 - INFO - Scraping 2104/6851: https://www.refurbed.de/p/fujitsu-display-b24-8-te-pro-23-/
2026-05-24 04:49:55,453 - INFO - Scraping 2105/6851: https://www.refurbed.de/p/fujitsu-display-b24-9-te-23/
2026-05-24 04:49:56,974 - INFO - Scraping 2106/6851: https://www.refurbed.de/p/fujitsu-display-b24w-5-24/
2026-05-24 04:49:58,448 - INFO - Scraping 2107/6851: https://www.refurbed.de/p/fujitsu-display-b24w-6-24/
2026-05-24 04:49:59,822 - INFO - Scraping 2108/6851: https://www.refurbed.de/p/fujitsu-display-b24w-7-led/
2026-05-24 04:50:01,330 - INFO - Scraping 2109/6851: https://www.refurbed.de/p/fujitsu-lb-t935-2-in-1-tab-5600u/
2026-05-24 04:50:01,616 - ERROR - Error fetching https://www.refurbed.de/p/fujitsu-lb-t935-2-in-1-tab-5600u/: 404 Client Error: Not Found for url: https://www.refurbed.de/p/fujitsu-lb-t935-2-in-1-tab-5600u/
2026-05-24 04:50:02,618 - INFO - Scraping 2110/6851: https://www.refurbed.de/p/fujitsu-lb-t936-2-in-1-tab-6300u/
2026-05-24 04:50:02,908 - ERROR - Error fetching https://www.refurbed.de/p/fujitsu-lb-t936-2-in-1-tab-6300u/: 404 Client Error: Not Found for url: https://www.refurbed.de/p/fujitsu-lb-t936-2-in-1-tab-6300u/
2026-05-24 04:50:03,910 - INFO - Scraping 2111/6851: https://www.refurbed.de/p/galaxy-tab-s6-lite-s-pen/
2026-05-24 04:50:05,381 - INFO - Scraping 2112/6851: https://www.refurbed.de/p/garmin-vivoactive-3-music/
2026-05-24 04:50:06,744 - INFO - Scraping 2113/6851: https://www.refurbed.de/p/garmin-vivoactive-3/
2026-05-24 04:50:08,092 - INFO - Scraping 2114/6851: https://www.refurbed.de/p/garmin-vivoactive-4/
2026-05-24 04:50:09,486 - INFO - Scraping 2115/6851: https://www.refurbed.de/p/garmin-vivoactive-4s/
2026-05-24 04:50:10,842 - INFO - Scraping 2116/6851: https://www.refurbed.de/p/garmin-vivoactive-hr/
2026-05-24 04:50:12,249 - INFO - Scraping 2117/6851: https://www.refurbed.de/p/garmin-vivofit-4/
2026-05-24 04:50:13,912 - INFO - Scraping 2118/6851: https://www.refurbed.de/p/garmin-vivofit-jr/
2026-05-24 04:50:15,430 - INFO - Scraping 2119/6851: https://www.refurbed.de/p/garmin-vivomove-3/
2026-05-24 04:50:16,845 - INFO - Scraping 2120/6851: https://www.refurbed.de/p/garmin-vivomove-3s/
2026-05-24 04:50:18,283 - INFO - Scraping 2121/6851: https://www.refurbed.de/p/garmin-vivomove-hr-sport/
2026-05-24 04:50:19,737 - INFO - Scraping 2122/6851: https://www.refurbed.de/p/garmin-vivomove-luxe/
2026-05-24 04:50:21,103 - INFO - Scraping 2123/6851: https://www.refurbed.de/p/garmin-vivomove-sport/
2026-05-24 04:50:22,474 - INFO - Scraping 2124/6851: https://www.refurbed.de/p/garmin-vivomove-style/
2026-05-24 04:50:23,836 - INFO - Scraping 2125/6851: https://www.refurbed.de/p/garmin-vivosmart-3/
2026-05-24 04:50:25,213 - INFO - Scraping 2126/6851: https://www.refurbed.de/p/garmin-vivosmart-4/
2026-05-24 04:50:26,730 - INFO - Scraping 2127/6851: https://www.refurbed.de/p/garmin-vivosmart-hr-fitness-trac/
2026-05-24 04:50:28,116 - INFO - Scraping 2128/6851: https://www.refurbed.de/p/google-pixel-2-xl/
2026-05-24 04:50:29,847 - INFO - Scraping 2129/6851: https://www.refurbed.de/p/google-pixel-2/
2026-05-24 04:50:31,384 - INFO - Scraping 2130/6851: https://www.refurbed.de/p/google-pixel-3-xl/
2026-05-24 04:50:32,812 - INFO - Scraping 2131/6851: https://www.refurbed.de/p/google-pixel-3/
2026-05-24 04:50:34,191 - INFO - Scraping 2132/6851: https://www.refurbed.de/p/google-pixel-3a-xl/
2026-05-24 04:50:35,674 - INFO - Scraping 2133/6851: https://www.refurbed.de/p/google-pixel-3a/
2026-05-24 04:50:37,267 - INFO - Scraping 2134/6851: https://www.refurbed.de/p/google-pixel-4-xl/
2026-05-24 04:50:38,833 - INFO - Scraping 2135/6851: https://www.refurbed.de/p/google-pixel-4/
2026-05-24 04:50:40,198 - INFO - Scraping 2136/6851: https://www.refurbed.de/p/google-pixel-4a-5g/
2026-05-24 04:50:41,773 - INFO - Scraping 2137/6851: https://www.refurbed.de/p/google-pixel-4a/
2026-05-24 04:50:43,563 - INFO - Scraping 2138/6851: https://www.refurbed.de/p/google-pixel-5/
2026-05-24 04:50:45,171 - INFO - Scraping 2139/6851: https://www.refurbed.de/p/google-pixel-6-pro/
2026-05-24 04:50:46,800 - INFO - Scraping 2140/6851: https://www.refurbed.de/p/google-pixel-6/
2026-05-24 04:50:48,357 - INFO - Scraping 2141/6851: https://www.refurbed.de/p/google-pixel-6a-5g/
2026-05-24 04:50:49,961 - INFO - Scraping 2142/6851: https://www.refurbed.de/p/google-pixel-7-pro/
2026-05-24 04:50:51,545 - INFO - Scraping 2143/6851: https://www.refurbed.de/p/google-pixel-7/
2026-05-24 04:50:53,134 - INFO - Scraping 2144/6851: https://www.refurbed.de/p/google-pixel-7a/
2026-05-24 04:50:54,797 - INFO - Scraping 2145/6851: https://www.refurbed.de/p/google-pixel-8-pro/
2026-05-24 04:50:56,192 - INFO - Scraping 2146/6851: https://www.refurbed.de/p/google-pixel-8/
2026-05-24 04:50:57,703 - INFO - Scraping 2147/6851: https://www.refurbed.de/p/google-pixel-8a/
2026-05-24 04:50:59,290 - INFO - Scraping 2148/6851: https://www.refurbed.de/p/google-pixel-9-pro-fold/
2026-05-24 04:51:01,009 - INFO - Scraping 2149/6851: https://www.refurbed.de/p/google-pixel-9-pro-xl/
2026-05-24 04:51:02,694 - INFO - Scraping 2150/6851: https://www.refurbed.de/p/google-pixel-9-pro/
2026-05-24 04:51:04,121 - INFO - Scraping 2151/6851: https://www.refurbed.de/p/google-pixel-9/
2026-05-24 04:51:05,510 - INFO - Scraping 2152/6851: https://www.refurbed.de/p/google-pixel-9a/
2026-05-24 04:51:06,883 - INFO - Scraping 2153/6851: https://www.refurbed.de/p/google-pixel-buds-a-series/
2026-05-24 04:51:08,242 - INFO - Scraping 2154/6851: https://www.refurbed.de/p/google-pixel-buds-pro-2/
2026-05-24 04:51:09,755 - INFO - Scraping 2155/6851: https://www.refurbed.de/p/google-pixel-buds-pro/
2026-05-24 04:51:11,290 - INFO - Scraping 2156/6851: https://www.refurbed.de/p/google-pixel-fold/
2026-05-24 04:51:12,946 - INFO - Scraping 2157/6851: https://www.refurbed.de/p/google-pixel-tablet-tensor-g2/
2026-05-24 04:51:14,471 - INFO - Scraping 2158/6851: https://www.refurbed.de/p/google-pixel-xl/
2026-05-24 04:51:15,856 - INFO - Scraping 2159/6851: https://www.refurbed.de/p/google-pixel/
2026-05-24 04:51:17,216 - INFO - Scraping 2160/6851: https://www.refurbed.de/p/google-pixelbook-go-i5-8200y/
2026-05-24 04:51:18,625 - INFO - Scraping 2161/6851: https://www.refurbed.de/p/google-pixelbook-i5-7y57/
2026-05-24 04:51:20,063 - INFO - Scraping 2162/6851: https://www.refurbed.de/p/holdit-panzerglass-ipad-bundle/
2026-05-24 04:51:21,487 - INFO - Scraping 2163/6851: https://www.refurbed.de/p/holdit-recycled-laptop-sleeve/
2026-05-24 04:51:22,958 - INFO - Scraping 2164/6851: https://www.refurbed.de/p/honor-10-lite/
2026-05-24 04:51:24,324 - INFO - Scraping 2165/6851: https://www.refurbed.de/p/honor-10/
2026-05-24 04:51:25,826 - INFO - Scraping 2166/6851: https://www.refurbed.de/p/honor-10x-lite/
2026-05-24 04:51:27,205 - INFO - Scraping 2167/6851: https://www.refurbed.de/p/honor-20-lite/
2026-05-24 04:51:28,881 - INFO - Scraping 2168/6851: https://www.refurbed.de/p/honor-20-pro/
2026-05-24 04:51:30,262 - INFO - Scraping 2169/6851: https://www.refurbed.de/p/honor-20/
2026-05-24 04:51:31,856 - INFO - Scraping 2170/6851: https://www.refurbed.de/p/honor-200-lite/
2026-05-24 04:51:33,306 - INFO - Scraping 2171/6851: https://www.refurbed.de/p/honor-200-pro/
2026-05-24 04:51:34,849 - INFO - Scraping 2172/6851: https://www.refurbed.de/p/honor-200-smart/
2026-05-24 04:51:36,414 - INFO - Scraping 2173/6851: https://www.refurbed.de/p/honor-200/
2026-05-24 04:51:38,019 - INFO - Scraping 2174/6851: https://www.refurbed.de/p/honor-20e/
2026-05-24 04:51:39,391 - INFO - Scraping 2175/6851: https://www.refurbed.de/p/honor-4x/
2026-05-24 04:51:40,775 - INFO - Scraping 2176/6851: https://www.refurbed.de/p/honor-50-lite/
2026-05-24 04:51:42,175 - INFO - Scraping 2177/6851: https://www.refurbed.de/p/honor-50/
2026-05-24 04:51:43,749 - INFO - Scraping 2178/6851: https://www.refurbed.de/p/honor-5c/
2026-05-24 04:51:45,236 - INFO - Scraping 2179/6851: https://www.refurbed.de/p/honor-5x/
2026-05-24 04:51:46,817 - INFO - Scraping 2180/6851: https://www.refurbed.de/p/honor-6/
2026-05-24 04:51:48,201 - INFO - Scraping 2181/6851: https://www.refurbed.de/p/honor-6a/
2026-05-24 04:51:49,570 - INFO - Scraping 2182/6851: https://www.refurbed.de/p/honor-6x/
2026-05-24 04:51:51,139 - INFO - Scraping 2183/6851: https://www.refurbed.de/p/honor-7-lite/
2026-05-24 04:51:52,519 - INFO - Scraping 2184/6851: https://www.refurbed.de/p/honor-7/
2026-05-24 04:51:54,061 - INFO - Scraping 2185/6851: https://www.refurbed.de/p/honor-70-lite/
2026-05-24 04:51:55,589 - INFO - Scraping 2186/6851: https://www.refurbed.de/p/honor-70/
2026-05-24 04:51:57,238 - INFO - Scraping 2187/6851: https://www.refurbed.de/p/honor-7s/
2026-05-24 04:51:58,644 - INFO - Scraping 2188/6851: https://www.refurbed.de/p/honor-7x/
2026-05-24 04:52:00,005 - INFO - Scraping 2189/6851: https://www.refurbed.de/p/honor-8-lite/
2026-05-24 04:52:01,402 - INFO - Scraping 2190/6851: https://www.refurbed.de/p/honor-8-premium/
2026-05-24 04:52:02,809 - INFO - Scraping 2191/6851: https://www.refurbed.de/p/honor-8-pro/
2026-05-24 04:52:04,553 - INFO - Scraping 2192/6851: https://www.refurbed.de/p/honor-8/
2026-05-24 04:52:06,104 - INFO - Scraping 2193/6851: https://www.refurbed.de/p/honor-8a-pro/
2026-05-24 04:52:07,526 - INFO - Scraping 2194/6851: https://www.refurbed.de/p/honor-8a/
2026-05-24 04:52:08,959 - INFO - Scraping 2195/6851: https://www.refurbed.de/p/honor-8s/
2026-05-24 04:52:10,413 - INFO - Scraping 2196/6851: https://www.refurbed.de/p/honor-8x/
2026-05-24 04:52:11,937 - INFO - Scraping 2197/6851: https://www.refurbed.de/p/honor-9-lite/
2026-05-24 04:52:13,319 - INFO - Scraping 2198/6851: https://www.refurbed.de/p/honor-9/
2026-05-24 04:52:14,832 - INFO - Scraping 2199/6851: https://www.refurbed.de/p/honor-90-lite/
2026-05-24 04:52:16,432 - INFO - Scraping 2200/6851: https://www.refurbed.de/p/honor-90-smart/
2026-05-24 04:52:17,975 - INFO - Scraping 2201/6851: https://www.refurbed.de/p/honor-90/
2026-05-24 04:52:19,801 - INFO - Scraping 2202/6851: https://www.refurbed.de/p/honor-9x-pro/
2026-05-24 04:52:21,384 - INFO - Scraping 2203/6851: https://www.refurbed.de/p/honor-9x/
2026-05-24 04:52:22,776 - INFO - Scraping 2204/6851: https://www.refurbed.de/p/honor-magic-4-lite-5g/
2026-05-24 04:52:24,128 - INFO - Scraping 2205/6851: https://www.refurbed.de/p/honor-magic-4-pro-5g/
2026-05-24 04:52:25,671 - INFO - Scraping 2206/6851: https://www.refurbed.de/p/honor-magic-5-lite-5g/
2026-05-24 04:52:27,249 - INFO - Scraping 2207/6851: https://www.refurbed.de/p/honor-magic-5-pro-5g/
2026-05-24 04:52:28,812 - INFO - Scraping 2208/6851: https://www.refurbed.de/p/honor-magic-6-lite-5g/
2026-05-24 04:52:30,381 - INFO - Scraping 2209/6851: https://www.refurbed.de/p/honor-magic-6-pro/
2026-05-24 04:52:31,964 - INFO - Scraping 2210/6851: https://www.refurbed.de/p/honor-magic-7-lite-5g/
2026-05-24 04:52:33,544 - INFO - Scraping 2211/6851: https://www.refurbed.de/p/honor-magic-7-pro/
2026-05-24 04:52:35,266 - INFO - Scraping 2212/6851: https://www.refurbed.de/p/honor-magic-v2/
2026-05-24 04:52:36,878 - INFO - Scraping 2213/6851: https://www.refurbed.de/p/honor-magic-v3/
2026-05-24 04:52:38,395 - INFO - Scraping 2214/6851: https://www.refurbed.de/p/honor-magic-vs/
2026-05-24 04:52:39,942 - INFO - Scraping 2215/6851: https://www.refurbed.de/p/honor-magicbook-14-2021-1135g7/
2026-05-24 04:52:41,393 - INFO - Scraping 2216/6851: https://www.refurbed.de/p/honor-magicbook-14-2021-1165g7/
2026-05-24 04:52:42,775 - INFO - Scraping 2217/6851: https://www.refurbed.de/p/honor-magicbook-14-2021-5500u/
2026-05-24 04:52:44,171 - INFO - Scraping 2218/6851: https://www.refurbed.de/p/honor-magicbook-14-5-3500u-14/
2026-05-24 04:52:45,557 - INFO - Scraping 2219/6851: https://www.refurbed.de/p/honor-magicbook-15-2020-4500u/
2026-05-24 04:52:46,912 - INFO - Scraping 2220/6851: https://www.refurbed.de/p/honor-magicbook-15-2020-5500u/
2026-05-24 04:52:48,341 - INFO - Scraping 2221/6851: https://www.refurbed.de/p/honor-magicbook-15-2021-1135g7/
2026-05-24 04:52:49,799 - INFO - Scraping 2222/6851: https://www.refurbed.de/p/honor-magicbook-16-2022-5600h/
2026-05-24 04:52:51,216 - INFO - Scraping 2223/6851: https://www.refurbed.de/p/honor-magicbook-pro-5-4600h-16/
2026-05-24 04:52:52,633 - INFO - Scraping 2224/6851: https://www.refurbed.de/p/honor-magicbook-x-14-10110u/
2026-05-24 04:52:54,012 - INFO - Scraping 2225/6851: https://www.refurbed.de/p/honor-magicbook-x-14-10210u/
2026-05-24 04:52:55,461 - INFO - Scraping 2226/6851: https://www.refurbed.de/p/honor-magicbook-x15-i3-10110u/
2026-05-24 04:52:56,840 - INFO - Scraping 2227/6851: https://www.refurbed.de/p/honor-nova-3/
2026-05-24 04:52:58,237 - INFO - Scraping 2228/6851: https://www.refurbed.de/p/honor-pad-8/
2026-05-24 04:52:59,807 - INFO - Scraping 2229/6851: https://www.refurbed.de/p/honor-pad-9-5g/
2026-05-24 04:53:01,201 - INFO - Scraping 2230/6851: https://www.refurbed.de/p/honor-pad-9-smart-bluetooth-kb/
2026-05-24 04:53:02,711 - INFO - Scraping 2231/6851: https://www.refurbed.de/p/honor-pad-9/
2026-05-24 04:53:04,083 - INFO - Scraping 2232/6851: https://www.refurbed.de/p/honor-pad-x8-4g/
2026-05-24 04:53:05,443 - INFO - Scraping 2233/6851: https://www.refurbed.de/p/honor-pad-x8/
2026-05-24 04:53:06,837 - INFO - Scraping 2234/6851: https://www.refurbed.de/p/honor-pad-x8a-4g/
2026-05-24 04:53:08,314 - INFO - Scraping 2235/6851: https://www.refurbed.de/p/honor-pad-x8a/
2026-05-24 04:53:09,787 - INFO - Scraping 2236/6851: https://www.refurbed.de/p/honor-pad-x9-lte/
2026-05-24 04:53:11,169 - INFO - Scraping 2237/6851: https://www.refurbed.de/p/honor-pad-x9/
2026-05-24 04:53:12,711 - INFO - Scraping 2238/6851: https://www.refurbed.de/p/honor-play/
2026-05-24 04:53:14,078 - INFO - Scraping 2239/6851: https://www.refurbed.de/p/honor-sport-am61r/
2026-05-24 04:53:15,496 - INFO - Scraping 2240/6851: https://www.refurbed.de/p/honor-supercharge-wireless-stand/
2026-05-24 04:53:16,920 - INFO - Scraping 2241/6851: https://www.refurbed.de/p/honor-supercharge/
2026-05-24 04:53:18,308 - INFO - Scraping 2242/6851: https://www.refurbed.de/p/honor-view-10/
2026-05-24 04:53:20,075 - INFO - Scraping 2243/6851: https://www.refurbed.de/p/honor-view-20/
2026-05-24 04:53:21,872 - INFO - Scraping 2244/6851: https://www.refurbed.de/p/honor-x6/
2026-05-24 04:53:24,141 - INFO - Scraping 2245/6851: https://www.refurbed.de/p/honor-x6a/
2026-05-24 04:53:26,031 - INFO - Scraping 2246/6851: https://www.refurbed.de/p/honor-x6b/
2026-05-24 04:53:27,593 - INFO - Scraping 2247/6851: https://www.refurbed.de/p/honor-x7/
2026-05-24 04:53:29,225 - INFO - Scraping 2248/6851: https://www.refurbed.de/p/honor-x7a/
2026-05-24 04:53:30,697 - INFO - Scraping 2249/6851: https://www.refurbed.de/p/honor-x8-5g/
2026-05-24 04:53:32,079 - INFO - Scraping 2250/6851: https://www.refurbed.de/p/honor-x8/
2026-05-24 04:53:33,511 - INFO - Scraping 2251/6851: https://www.refurbed.de/p/honor-x8a/
2026-05-24 04:53:35,060 - INFO - Scraping 2252/6851: https://www.refurbed.de/p/honor-x8b/
2026-05-24 04:53:36,510 - INFO - Scraping 2253/6851: https://www.refurbed.de/p/honor-x9-5g/
2026-05-24 04:53:37,890 - INFO - Scraping 2254/6851: https://www.refurbed.de/p/honor-x9a-5g/
2026-05-24 04:53:38,118 - ERROR - Error fetching https://www.refurbed.de/p/honor-x9a-5g/: 404 Client Error: Not Found for url: https://www.refurbed.de/p/honor-x9a-5g/
2026-05-24 04:53:39,120 - INFO - Scraping 2255/6851: https://www.refurbed.de/p/hori-horipad-controller-mario/
2026-05-24 04:53:40,500 - INFO - Scraping 2256/6851: https://www.refurbed.de/p/hp-1040-g11-core-ultra-7-155h/
2026-05-24 04:53:42,054 - INFO - Scraping 2257/6851: https://www.refurbed.de/p/hp-13-an0506sa-i5-8250u/
2026-05-24 04:53:42,288 - ERROR - Error fetching https://www.refurbed.de/p/hp-13-an0506sa-i5-8250u/: 404 Client Error: Not Found for url: https://www.refurbed.de/p/hp-13-an0506sa-i5-8250u/
2026-05-24 04:53:43,290 - INFO - Scraping 2258/6851: https://www.refurbed.de/p/hp-14-ac003nf-i3-4005u-14/
2026-05-24 04:53:43,569 - ERROR - Error fetching https://www.refurbed.de/p/hp-14-ac003nf-i3-4005u-14/: 404 Client Error: Not Found for url: https://www.refurbed.de/p/hp-14-ac003nf-i3-4005u-14/
2026-05-24 04:53:44,571 - INFO - Scraping 2259/6851: https://www.refurbed.de/p/hp-14-cf1599sa-i5-8265u/
2026-05-24 04:53:44,799 - ERROR - Error fetching https://www.refurbed.de/p/hp-14-cf1599sa-i5-8265u/: 404 Client Error: Not Found for url: https://www.refurbed.de/p/hp-14-cf1599sa-i5-8265u/
2026-05-24 04:53:45,801 - INFO - Scraping 2260/6851: https://www.refurbed.de/p/hp-14-cf2423no-i3-10110u/
2026-05-24 04:53:47,223 - INFO - Scraping 2261/6851: https://www.refurbed.de/p/hp-14-cf3001-1035g1/
2026-05-24 04:53:48,815 - INFO - Scraping 2262/6851: https://www.refurbed.de/p/hp-14-df0023cl-8130u-14/
2026-05-24 04:53:50,201 - INFO - Scraping 2263/6851: https://www.refurbed.de/p/hp-14-dk1730ng-3250u-14/
2026-05-24 04:53:51,581 - INFO - Scraping 2264/6851: https://www.refurbed.de/p/hp-14-dq1035cl-i5-1035g1/
2026-05-24 04:53:51,839 - ERROR - Error fetching https://www.refurbed.de/p/hp-14-dq1035cl-i5-1035g1/: 404 Client Error: Not Found for url: https://www.refurbed.de/p/hp-14-dq1035cl-i5-1035g1/
2026-05-24 04:53:52,841 - INFO - Scraping 2265/6851: https://www.refurbed.de/p/hp-14-dq1043cl-1005g1/
2026-05-24 04:53:54,212 - INFO - Scraping 2266/6851: https://www.refurbed.de/p/hp-14-ee-i3-1315u-14/
2026-05-24 04:53:55,857 - INFO - Scraping 2267/6851: https://www.refurbed.de/p/hp-14-ee-i5-1335u/
2026-05-24 04:53:57,313 - INFO - Scraping 2268/6851: https://www.refurbed.de/p/hp-14-em-ryzen-3-7320u-14/
2026-05-24 04:53:58,841 - INFO - Scraping 2269/6851: https://www.refurbed.de/p/hp-14-em0000nf-r-7-7730u/
2026-05-24 04:54:00,204 - INFO - Scraping 2270/6851: https://www.refurbed.de/p/hp-14-em0001ne-3-7320u-14/
2026-05-24 04:54:01,630 - INFO - Scraping 2271/6851: https://www.refurbed.de/p/hp-14-em0002ne-5-7520u-14/
2026-05-24 04:54:03,302 - INFO - Scraping 2272/6851: https://www.refurbed.de/p/hp-14-em0005na-r-7-7730u/
2026-05-24 04:54:04,709 - INFO - Scraping 2273/6851: https://www.refurbed.de/p/hp-14-em0014ne-ryzen-7-7730u-14/
2026-05-24 04:54:06,086 - INFO - Scraping 2274/6851: https://www.refurbed.de/p/hp-14-em0015na-ryzen-5-7520u/
2026-05-24 04:54:07,467 - INFO - Scraping 2275/6851: https://www.refurbed.de/p/hp-14-em0016na-ryzen-5-7520u/
2026-05-24 04:54:08,874 - INFO - Scraping 2276/6851: https://www.refurbed.de/p/hp-14-em0017ne-ryzen-5-7520u/
2026-05-24 04:54:10,354 - INFO - Scraping 2277/6851: https://www.refurbed.de/p/hp-14-em0032nf-ryzen-7-7730u/
2026-05-24 04:54:11,756 - INFO - Scraping 2278/6851: https://www.refurbed.de/p/hp-14-em0903ng-r5-7520u/
2026-05-24 04:54:13,313 - INFO - Scraping 2279/6851: https://www.refurbed.de/p/hp-14-ep-core-3-100u-14/
2026-05-24 04:54:14,678 - INFO - Scraping 2280/6851: https://www.refurbed.de/p/hp-14-ep-core-5-120u-14/
2026-05-24 04:54:16,091 - INFO - Scraping 2281/6851: https://www.refurbed.de/p/hp-14-ep-i3-n305-14/
2026-05-24 04:54:17,508 - INFO - Scraping 2282/6851: https://www.refurbed.de/p/hp-14-ep-n200-14/
2026-05-24 04:54:19,035 - INFO - Scraping 2283/6851: https://www.refurbed.de/p/hp-14-ep0036nf-i3-n305-14/
2026-05-24 04:54:20,465 - INFO - Scraping 2284/6851: https://www.refurbed.de/p/hp-14-fb0010na-core-9-185h/
2026-05-24 04:54:21,900 - INFO - Scraping 2285/6851: https://www.refurbed.de/p/hp-14s-dq-1215u-14/
2026-05-24 04:54:23,299 - INFO - Scraping 2286/6851: https://www.refurbed.de/p/hp-14s-dq-celeron-n4120-14/
2026-05-24 04:54:24,796 - INFO - Scraping 2287/6851: https://www.refurbed.de/p/hp-14s-dq-i5-1235u-14/
2026-05-24 04:54:26,199 - INFO - Scraping 2288/6851: https://www.refurbed.de/p/hp-14s-dq0008no-n4020-14/
2026-05-24 04:54:27,748 - INFO - Scraping 2289/6851: https://www.refurbed.de/p/hp-14s-dq0011na-n5030-14/
2026-05-24 04:54:29,137 - INFO - Scraping 2290/6851: https://www.refurbed.de/p/hp-14s-dq1004ns-i5-1035g1/
2026-05-24 04:54:30,630 - INFO - Scraping 2291/6851: https://www.refurbed.de/p/hp-14s-dq1021nf-i3-1005g1/
2026-05-24 04:54:32,065 - INFO - Scraping 2292/6851: https://www.refurbed.de/p/hp-14s-dq1xxx-i5-1035g1/
2026-05-24 04:54:33,532 - INFO - Scraping 2293/6851: https://www.refurbed.de/p/hp-14s-dq2002-1115g4-14/
2026-05-24 04:54:34,908 - INFO - Scraping 2294/6851: https://www.refurbed.de/p/hp-14s-dq2252ng-i5-1135g7/
2026-05-24 04:54:36,305 - INFO - Scraping 2295/6851: https://www.refurbed.de/p/hp-14s-dq2901ng-1115g4-14/
2026-05-24 04:54:37,806 - INFO - Scraping 2296/6851: https://www.refurbed.de/p/hp-14s-dq3505ng-n4500-14/
2026-05-24 04:54:39,229 - INFO - Scraping 2297/6851: https://www.refurbed.de/p/hp-14s-dq4010nf-i5-1155g7-14/
2026-05-24 04:54:40,624 - INFO - Scraping 2298/6851: https://www.refurbed.de/p/hp-14s-dq503-1215u-14/
2026-05-24 04:54:41,968 - INFO - Scraping 2299/6851: https://www.refurbed.de/p/hp-14s-dq5037nf-i3-1215u/
2026-05-24 04:54:43,336 - INFO - Scraping 2300/6851: https://www.refurbed.de/p/hp-14s-fq-ryzen-7-5700u-14/
2026-05-24 04:54:44,798 - INFO - Scraping 2301/6851: https://www.refurbed.de/p/hp-14s-fq0015nl-amd-3020e/
2026-05-24 04:54:46,174 - INFO - Scraping 2302/6851: https://www.refurbed.de/p/hp-14s-fq0732ng-3250u-14/
2026-05-24 04:54:47,560 - INFO - Scraping 2303/6851: https://www.refurbed.de/p/hp-14s-fq0918ng-3020e-14/
2026-05-24 04:54:48,931 - INFO - Scraping 2304/6851: https://www.refurbed.de/p/hp-14s-fq1012na-5300u-14/
2026-05-24 04:54:50,342 - INFO - Scraping 2305/6851: https://www.refurbed.de/p/hp-14s-fq1732ng-5300u-14/
2026-05-24 04:54:51,798 - INFO - Scraping 2306/6851: https://www.refurbed.de/p/hp-14s-fq1901ng-5500u-14/
2026-05-24 04:54:53,324 - INFO - Scraping 2307/6851: https://www.refurbed.de/p/hp-14s-i3-10110u/
2026-05-24 04:54:54,705 - INFO - Scraping 2308/6851: https://www.refurbed.de/p/hp-14z-em000-ryzen-7-7730u/
2026-05-24 04:54:56,064 - INFO - Scraping 2309/6851: https://www.refurbed.de/p/hp-15-ac017ns-5500u-15-6/
2026-05-24 04:54:56,292 - ERROR - Error fetching https://www.refurbed.de/p/hp-15-ac017ns-5500u-15-6/: 404 Client Error: Not Found for url: https://www.refurbed.de/p/hp-15-ac017ns-5500u-15-6/
2026-05-24 04:54:57,294 - INFO - Scraping 2310/6851: https://www.refurbed.de/p/hp-15-cs3104tx-i7-1065g7/
2026-05-24 04:54:58,690 - INFO - Scraping 2311/6851: https://www.refurbed.de/p/hp-15-da0014dx-i5-8250u-15-6/
2026-05-24 04:55:00,301 - INFO - Scraping 2312/6851: https://www.refurbed.de/p/hp-15-da0361ng-n4000-15-6/
2026-05-24 04:55:01,670 - INFO - Scraping 2313/6851: https://www.refurbed.de/p/hp-15-da3002-1035g1/
2026-05-24 04:55:03,066 - INFO - Scraping 2314/6851: https://www.refurbed.de/p/hp-15-dw0037wm-8145u-15-6/
2026-05-24 04:55:04,528 - INFO - Scraping 2315/6851: https://www.refurbed.de/p/hp-15-dw1001ng-i7-10510u/
2026-05-24 04:55:05,897 - INFO - Scraping 2316/6851: https://www.refurbed.de/p/hp-15-dw1033nq-n4020-15-6/
2026-05-24 04:55:07,313 - INFO - Scraping 2317/6851: https://www.refurbed.de/p/hp-15-dw1068nf-10110u-15-6/
2026-05-24 04:55:08,684 - INFO - Scraping 2318/6851: https://www.refurbed.de/p/hp-15-dw1077nf-10110u-15-6/
2026-05-24 04:55:10,049 - INFO - Scraping 2319/6851: https://www.refurbed.de/p/hp-15-dw1495nia-n4120-15-6/
2026-05-24 04:55:11,463 - INFO - Scraping 2320/6851: https://www.refurbed.de/p/hp-15-dw3003-1135g7/
2026-05-24 04:55:12,908 - INFO - Scraping 2321/6851: https://www.refurbed.de/p/hp-15-dw3005-i5-1135g7/
2026-05-24 04:55:14,357 - INFO - Scraping 2322/6851: https://www.refurbed.de/p/hp-15-dw3008-1165g7/
2026-05-24 04:55:15,734 - INFO - Scraping 2323/6851: https://www.refurbed.de/p/hp-15-dw3026ni-1165g7/
2026-05-24 04:55:17,326 - INFO - Scraping 2324/6851: https://www.refurbed.de/p/hp-15-dw3030ni-1125g4/
2026-05-24 04:55:18,689 - INFO - Scraping 2325/6851: https://www.refurbed.de/p/hp-15-dw3033dx-i3-1115g4-15-6/
2026-05-24 04:55:20,087 - INFO - Scraping 2326/6851: https://www.refurbed.de/p/hp-15-dw3043nm-1125g4/
2026-05-24 04:55:21,605 - INFO - Scraping 2327/6851: https://www.refurbed.de/p/hp-15-dw3072nx-1125g4/
2026-05-24 04:55:23,002 - INFO - Scraping 2328/6851: https://www.refurbed.de/p/hp-15-dw3233ng-i3-1115g4-15-6/
2026-05-24 04:55:24,431 - INFO - Scraping 2329/6851: https://www.refurbed.de/p/hp-15-dw3254ng-i5-1135g7/
2026-05-24 04:55:25,976 - INFO - Scraping 2330/6851: https://www.refurbed.de/p/hp-15-dw3516ng-pent-gold-7505/
2026-05-24 04:55:27,375 - INFO - Scraping 2331/6851: https://www.refurbed.de/p/hp-15-dw3757nz-1165g7-15-6/
2026-05-24 04:55:28,778 - INFO - Scraping 2332/6851: https://www.refurbed.de/p/hp-15-dw3777nz-1165g7-15-6/
2026-05-24 04:55:30,160 - INFO - Scraping 2333/6851: https://www.refurbed.de/p/hp-15-dy1043dx-1035g1-15-6/
2026-05-24 04:55:31,576 - INFO - Scraping 2334/6851: https://www.refurbed.de/p/hp-15-dy2073dx-i7-1165g7-15-6/
2026-05-24 04:55:31,835 - ERROR - Error fetching https://www.refurbed.de/p/hp-15-dy2073dx-i7-1165g7-15-6/: 404 Client Error: Not Found for url: https://www.refurbed.de/p/hp-15-dy2073dx-i7-1165g7-15-6/
2026-05-24 04:55:32,837 - INFO - Scraping 2335/6851: https://www.refurbed.de/p/hp-15-dy2075tg-i5-1135g7/
2026-05-24 04:55:34,194 - INFO - Scraping 2336/6851: https://www.refurbed.de/p/hp-15-dy2088ca-i5-1135g7/
2026-05-24 04:55:35,595 - INFO - Scraping 2337/6851: https://www.refurbed.de/p/hp-15-dy2093dx-i5-1135g7/
2026-05-24 04:55:36,975 - INFO - Scraping 2338/6851: https://www.refurbed.de/p/hp-15-dy2795wm-i5-1135g7/
2026-05-24 04:55:38,342 - INFO - Scraping 2339/6851: https://www.refurbed.de/p/hp-15-eg1053cl-i5-1155g7-/
2026-05-24 04:55:39,737 - INFO - Scraping 2340/6851: https://www.refurbed.de/p/hp-15-fc-athlon-gold-7220u/
2026-05-24 04:55:41,098 - INFO - Scraping 2341/6851: https://www.refurbed.de/p/hp-15-fc-ryzen-5-7520u-15-6/
2026-05-24 04:55:42,695 - INFO - Scraping 2342/6851: https://www.refurbed.de/p/hp-15-fc0000ni-r7-7730u-15-6/
2026-05-24 04:55:44,103 - INFO - Scraping 2343/6851: https://www.refurbed.de/p/hp-15-fc0001ns-ryzen-5-7520u/
2026-05-24 04:55:45,489 - INFO - Scraping 2344/6851: https://www.refurbed.de/p/hp-15-fc0005ne-ryzen-7-7730u/
2026-05-24 04:55:47,021 - INFO - Scraping 2345/6851: https://www.refurbed.de/p/hp-15-fc0043nl-ryzen-5-7520u/
2026-05-24 04:55:48,418 - INFO - Scraping 2346/6851: https://www.refurbed.de/p/hp-15-fc0047ne-r5-7520u-15-6/
2026-05-24 04:55:49,927 - INFO - Scraping 2347/6851: https://www.refurbed.de/p/hp-15-fc0049nl-ryzen-5-7520u/
2026-05-24 04:55:51,312 - INFO - Scraping 2348/6851: https://www.refurbed.de/p/hp-15-fc0050nl-ryzen-5-7520u/
2026-05-24 04:55:52,924 - INFO - Scraping 2349/6851: https://www.refurbed.de/p/hp-15-fc0555ng-ryzen-5-7520u/
2026-05-24 04:55:54,288 - INFO - Scraping 2350/6851: https://www.refurbed.de/p/hp-15-fc0777ng-r7-7730u-15-6/
2026-05-24 04:55:55,654 - INFO - Scraping 2351/6851: https://www.refurbed.de/p/hp-15-fc0906ng-r7-7730u-15-6/
2026-05-24 04:55:57,067 - INFO - Scraping 2352/6851: https://www.refurbed.de/p/hp-15-fd-core-5-120u-15-6/
2026-05-24 04:55:58,454 - INFO - Scraping 2353/6851: https://www.refurbed.de/p/hp-15-fd-i3-n305-15-6/
2026-05-24 04:55:59,850 - INFO - Scraping 2354/6851: https://www.refurbed.de/p/hp-15-fd-i5-1235u-15-6/
2026-05-24 04:56:01,230 - INFO - Scraping 2355/6851: https://www.refurbed.de/p/hp-15-fd-i7-1355u-15-6/
2026-05-24 04:56:02,684 - INFO - Scraping 2356/6851: https://www.refurbed.de/p/hp-15-fd-ultra-5-125h-15-6/
2026-05-24 04:56:04,275 - INFO - Scraping 2357/6851: https://www.refurbed.de/p/hp-15-fd0019ng-n200/
2026-05-24 04:56:05,682 - INFO - Scraping 2358/6851: https://www.refurbed.de/p/hp-15-fd0020nx-i5-1335u-15-6/
2026-05-24 04:56:07,057 - INFO - Scraping 2359/6851: https://www.refurbed.de/p/hp-15-fd0051ne-i5-1334u/
2026-05-24 04:56:08,481 - INFO - Scraping 2360/6851: https://www.refurbed.de/p/hp-15-fd0095ne-i5-1235u-15-6/
2026-05-24 04:56:09,911 - INFO - Scraping 2361/6851: https://www.refurbed.de/p/hp-15-fd0651nc-processor-n100/
2026-05-24 04:56:11,267 - INFO - Scraping 2362/6851: https://www.refurbed.de/p/hp-15-fd0837nc-processor-n100/
2026-05-24 04:56:12,758 - INFO - Scraping 2363/6851: https://www.refurbed.de/p/hp-15-fd1011ne-7-155h-15-6/
2026-05-24 04:56:14,181 - INFO - Scraping 2364/6851: https://www.refurbed.de/p/hp-15-p253nf-i3-5010u/
2026-05-24 04:56:14,405 - ERROR - Error fetching https://www.refurbed.de/p/hp-15-p253nf-i3-5010u/: 404 Client Error: Not Found for url: https://www.refurbed.de/p/hp-15-p253nf-i3-5010u/
2026-05-24 04:56:15,408 - INFO - Scraping 2365/6851: https://www.refurbed.de/p/hp-15s-eq-ryzen-7-5700u-15-6/
2026-05-24 04:56:16,841 - INFO - Scraping 2366/6851: https://www.refurbed.de/p/hp-15s-eq0300ng-r5-3500u-15-6/
2026-05-24 04:56:18,250 - INFO - Scraping 2367/6851: https://www.refurbed.de/p/hp-15s-eq1005nc-ryzen-3-3250-u/
2026-05-24 04:56:19,606 - INFO - Scraping 2368/6851: https://www.refurbed.de/p/hp-15s-eq2027ne-r5-5500u-15-6/
2026-05-24 04:56:20,960 - INFO - Scraping 2369/6851: https://www.refurbed.de/p/hp-15s-eq2065nf-r5-5500u-15-6/
2026-05-24 04:56:22,353 - INFO - Scraping 2370/6851: https://www.refurbed.de/p/hp-15s-eq2117nf-r7-5700u-15-6/
2026-05-24 04:56:23,743 - INFO - Scraping 2371/6851: https://www.refurbed.de/p/hp-15s-eq2276ng-ryzen-7-5700-u/
2026-05-24 04:56:25,166 - INFO - Scraping 2372/6851: https://www.refurbed.de/p/hp-15s-eq2661ng-r5-5500u-15-6/
2026-05-24 04:56:26,536 - INFO - Scraping 2373/6851: https://www.refurbed.de/p/hp-15s-eq2732ng-ryzen-5300u-15-6/
2026-05-24 04:56:28,015 - INFO - Scraping 2374/6851: https://www.refurbed.de/p/hp-15s-eq2779ng-ryzen-7-5700-u/
2026-05-24 04:56:29,410 - INFO - Scraping 2375/6851: https://www.refurbed.de/p/hp-15s-eq2800ng-r5-5500u-15-6/
2026-05-24 04:56:30,779 - INFO - Scraping 2376/6851: https://www.refurbed.de/p/hp-15s-eq2902ng-ryzen-5-5500-u/
2026-05-24 04:56:32,224 - INFO - Scraping 2377/6851: https://www.refurbed.de/p/hp-15s-eq2904ng-ryzen-5-5500-u/
2026-05-24 04:56:33,615 - INFO - Scraping 2378/6851: https://www.refurbed.de/p/hp-15s-eq2910ng-5500u/
2026-05-24 04:56:34,991 - INFO - Scraping 2379/6851: https://www.refurbed.de/p/hp-15s-eq3775ng-ryzen-7-5825u/
2026-05-24 04:56:36,391 - INFO - Scraping 2380/6851: https://www.refurbed.de/p/hp-15s-fq-n4120-15-6/
2026-05-24 04:56:37,795 - INFO - Scraping 2381/6851: https://www.refurbed.de/p/hp-15s-fq0004na-n5030/
2026-05-24 04:56:39,163 - INFO - Scraping 2382/6851: https://www.refurbed.de/p/hp-15s-fq0014nf-n4120-15-6/
2026-05-24 04:56:40,534 - INFO - Scraping 2383/6851: https://www.refurbed.de/p/hp-15s-fq0020nc-n4120-15-6/
2026-05-24 04:56:41,928 - INFO - Scraping 2384/6851: https://www.refurbed.de/p/hp-15s-fq0075nf-n4120/
2026-05-24 04:56:43,315 - INFO - Scraping 2385/6851: https://www.refurbed.de/p/hp-15s-fq0104nf-n4120/
2026-05-24 04:56:44,744 - INFO - Scraping 2386/6851: https://www.refurbed.de/p/hp-15s-fq0510ng-celeron-n4120/
2026-05-24 04:56:46,131 - INFO - Scraping 2387/6851: https://www.refurbed.de/p/hp-15s-fq1138ns-i3-1005g1-15/
2026-05-24 04:56:47,748 - INFO - Scraping 2388/6851: https://www.refurbed.de/p/hp-15s-fq2011nv-1115g4-15-6/
2026-05-24 04:56:49,132 - INFO - Scraping 2389/6851: https://www.refurbed.de/p/hp-15s-fq2015nl-i3-1115g4/
2026-05-24 04:56:50,497 - INFO - Scraping 2390/6851: https://www.refurbed.de/p/hp-15s-fq2015nl-i7-13700h/
2026-05-24 04:56:51,923 - INFO - Scraping 2391/6851: https://www.refurbed.de/p/hp-15s-fq2021nv-i7-1165g7/
2026-05-24 04:56:53,308 - INFO - Scraping 2392/6851: https://www.refurbed.de/p/hp-15s-fq2045na-pentium-7505/
2026-05-24 04:56:54,699 - INFO - Scraping 2393/6851: https://www.refurbed.de/p/hp-15s-fq2089nl-1115g4-15-6/
2026-05-24 04:56:56,084 - INFO - Scraping 2394/6851: https://www.refurbed.de/p/hp-15s-fq2094nl-1115g4-15-6/
2026-05-24 04:56:57,462 - INFO - Scraping 2395/6851: https://www.refurbed.de/p/hp-15s-fq2226ng-pentium-7505/
2026-05-24 04:56:58,910 - INFO - Scraping 2396/6851: https://www.refurbed.de/p/hp-15s-fq2734ng-i3-1115g4/
2026-05-24 04:57:00,266 - INFO - Scraping 2397/6851: https://www.refurbed.de/p/hp-15s-fq2776ng-i7-1165g7/
2026-05-24 04:57:01,663 - INFO - Scraping 2398/6851: https://www.refurbed.de/p/hp-15s-fq2822nd-i5-1135g7/
2026-05-24 04:57:03,053 - INFO - Scraping 2399/6851: https://www.refurbed.de/p/hp-15s-fq3002nb-pent-silver-n600/
2026-05-24 04:57:04,424 - INFO - Scraping 2400/6851: https://www.refurbed.de/p/hp-15s-fq3003nh-celeron-n4500/
2026-05-24 04:57:05,947 - INFO - Scraping 2401/6851: https://www.refurbed.de/p/hp-15s-fq3510ng-n6000/
2026-05-24 04:57:07,339 - INFO - Scraping 2402/6851: https://www.refurbed.de/p/hp-15s-fq3713ng-celeron-n4500/
2026-05-24 04:57:08,693 - INFO - Scraping 2403/6851: https://www.refurbed.de/p/hp-15s-fq4026nf-1155g7-15-6/
2026-05-24 04:57:10,082 - INFO - Scraping 2404/6851: https://www.refurbed.de/p/hp-15s-fq4802ng-1155g7-15-6/
2026-05-24 04:57:11,437 - INFO - Scraping 2405/6851: https://www.refurbed.de/p/hp-15s-fq5000nia-i3-1215u-15/
2026-05-24 04:57:12,860 - INFO - Scraping 2406/6851: https://www.refurbed.de/p/hp-15s-fq5023np-i7-1255u-15-6/
2026-05-24 04:57:14,216 - INFO - Scraping 2407/6851: https://www.refurbed.de/p/hp-15s-fq5735ng-i3-1215u-15/
2026-05-24 04:57:15,723 - INFO - Scraping 2408/6851: https://www.refurbed.de/p/hp-16-h1016nf-i7-13700h/
2026-05-24 04:57:17,104 - INFO - Scraping 2409/6851: https://www.refurbed.de/p/hp-16-r1007ne-i7-14650hx-16-1/
2026-05-24 04:57:18,482 - INFO - Scraping 2410/6851: https://www.refurbed.de/p/hp-16-r1010ne-i7-14650hx-16-1/
2026-05-24 04:57:19,966 - INFO - Scraping 2411/6851: https://www.refurbed.de/p/hp-16-r1012ne-i7-14650hx-16-1/
2026-05-24 04:57:21,376 - INFO - Scraping 2412/6851: https://www.refurbed.de/p/hp-16-r1013ne-i7-14650hx-16-1/
2026-05-24 04:57:22,757 - INFO - Scraping 2413/6851: https://www.refurbed.de/p/hp-16-r1044nt-i7-14700hx-16-1/
2026-05-24 04:57:24,138 - INFO - Scraping 2414/6851: https://www.refurbed.de/p/hp-16-r1052nt-i5-14500h-16-1/
2026-05-24 04:57:25,509 - INFO - Scraping 2415/6851: https://www.refurbed.de/p/hp-16-r1776ng-i7-14700hx-16-1/
2026-05-24 04:57:26,961 - INFO - Scraping 2416/6851: https://www.refurbed.de/p/hp-16-s1778ng-ryzen-r7-8845hs/
2026-05-24 04:57:28,336 - INFO - Scraping 2417/6851: https://www.refurbed.de/p/hp-16-xf0004nl-ryzen-9-7940hs/
2026-05-24 04:57:29,698 - INFO - Scraping 2418/6851: https://www.refurbed.de/p/hp-16-xf0061nf-ryzen-9-7940hs/
2026-05-24 04:57:31,091 - INFO - Scraping 2419/6851: https://www.refurbed.de/p/hp-163444-001/
2026-05-24 04:57:32,468 - INFO - Scraping 2420/6851: https://www.refurbed.de/p/hp-16s1777ng-ryzen-r7-8840hs/
2026-05-24 04:57:33,989 - INFO - Scraping 2421/6851: https://www.refurbed.de/p/hp-17-bs037ng-n3060/
2026-05-24 04:57:34,234 - ERROR - Error fetching https://www.refurbed.de/p/hp-17-bs037ng-n3060/: 404 Client Error: Not Found for url: https://www.refurbed.de/p/hp-17-bs037ng-n3060/
2026-05-24 04:57:35,236 - INFO - Scraping 2422/6851: https://www.refurbed.de/p/hp-17-by0045nf-i3-7020u-17-3/
2026-05-24 04:57:35,521 - ERROR - Error fetching https://www.refurbed.de/p/hp-17-by0045nf-i3-7020u-17-3/: 404 Client Error: Not Found for url: https://www.refurbed.de/p/hp-17-by0045nf-i3-7020u-17-3/
2026-05-24 04:57:36,523 - INFO - Scraping 2423/6851: https://www.refurbed.de/p/hp-17-by0221ng-4417u/
2026-05-24 04:57:37,867 - INFO - Scraping 2424/6851: https://www.refurbed.de/p/hp-17-by0228ng-n4000-17-3/
2026-05-24 04:57:39,258 - INFO - Scraping 2425/6851: https://www.refurbed.de/p/hp-17-by3065st-i5-1035g1/
2026-05-24 04:57:40,609 - INFO - Scraping 2426/6851: https://www.refurbed.de/p/hp-17-by3252ng-i5-1035g1/
2026-05-24 04:57:42,004 - INFO - Scraping 2427/6851: https://www.refurbed.de/p/hp-17-by3536ng-i3-1005g1-17-3/
2026-05-24 04:57:43,748 - INFO - Scraping 2428/6851: https://www.refurbed.de/p/hp-17-c0000-i3-1125g4/
2026-05-24 04:57:45,441 - INFO - Scraping 2429/6851: https://www.refurbed.de/p/hp-17-ca1244ng-ryzen-7-3700u/
2026-05-24 04:57:47,688 - INFO - Scraping 2430/6851: https://www.refurbed.de/p/hp-17-ca1405ng-r5-3500u/
2026-05-24 04:57:49,530 - INFO - Scraping 2431/6851: https://www.refurbed.de/p/hp-17-cd2075ng-11370h/
2026-05-24 04:57:51,053 - INFO - Scraping 2432/6851: https://www.refurbed.de/p/hp-17-cd2903ng-11370h/
2026-05-24 04:57:52,526 - INFO - Scraping 2433/6851: https://www.refurbed.de/p/hp-17-cn-core-5-120u17-3/
2026-05-24 04:57:54,062 - INFO - Scraping 2434/6851: https://www.refurbed.de/p/hp-17-cn-i5-1235u-17-3/
2026-05-24 04:57:55,654 - INFO - Scraping 2435/6851: https://www.refurbed.de/p/hp-17-cn-i5-1334u-17-3/
2026-05-24 04:57:57,148 - INFO - Scraping 2436/6851: https://www.refurbed.de/p/hp-17-cn-n4120-17-3/
2026-05-24 04:57:58,600 - INFO - Scraping 2437/6851: https://www.refurbed.de/p/hp-17-cn-pentium-silver-n5030/
2026-05-24 04:58:00,126 - INFO - Scraping 2438/6851: https://www.refurbed.de/p/hp-17-cn0008nf-n4120/
2026-05-24 04:58:01,527 - INFO - Scraping 2439/6851: https://www.refurbed.de/p/hp-17-cn0009nf-n4120-17-3/
2026-05-24 04:58:02,929 - INFO - Scraping 2440/6851: https://www.refurbed.de/p/hp-17-cn0041na-7505-17-3/
2026-05-24 04:58:04,316 - INFO - Scraping 2441/6851: https://www.refurbed.de/p/hp-17-cn0055ng-i5-1135g7-17-3/
2026-05-24 04:58:05,728 - INFO - Scraping 2442/6851: https://www.refurbed.de/p/hp-17-cn0104na-n5030-17-3/
2026-05-24 04:58:07,080 - INFO - Scraping 2443/6851: https://www.refurbed.de/p/hp-17-cn0131ng-n4120/
2026-05-24 04:58:08,471 - INFO - Scraping 2444/6851: https://www.refurbed.de/p/hp-17-cn0132ng-pentium-n5030/
2026-05-24 04:58:09,852 - INFO - Scraping 2445/6851: https://www.refurbed.de/p/hp-17-cn0178ng-i7-1165g7/
2026-05-24 04:58:11,228 - INFO - Scraping 2446/6851: https://www.refurbed.de/p/hp-17-cn0434ng-i3-1125g4/
2026-05-24 04:58:12,727 - INFO - Scraping 2447/6851: https://www.refurbed.de/p/hp-17-cn0623ng-n5030-17-3/
2026-05-24 04:58:14,114 - INFO - Scraping 2448/6851: https://www.refurbed.de/p/hp-17-cn0716ng-pentium-7505-17-3/
2026-05-24 04:58:15,510 - INFO - Scraping 2449/6851: https://www.refurbed.de/p/hp-17-cn0755ng-i5-1135g7-17-3/
2026-05-24 04:58:16,894 - INFO - Scraping 2450/6851: https://www.refurbed.de/p/hp-17-cn0756ng-i5-1135g7-17-3/
2026-05-24 04:58:18,308 - INFO - Scraping 2451/6851: https://www.refurbed.de/p/hp-17-cn0758ng-i5-1135g7-17-3/
2026-05-24 04:58:19,750 - INFO - Scraping 2452/6851: https://www.refurbed.de/p/hp-17-cn1354ng-1155g7-17-3/
2026-05-24 04:58:21,118 - INFO - Scraping 2453/6851: https://www.refurbed.de/p/hp-17-cn1xxx-i5-1155g7-17-3/
2026-05-24 04:58:22,683 - INFO - Scraping 2454/6851: https://www.refurbed.de/p/hp-17-cn2158ng-i5-1235u/
2026-05-24 04:58:24,099 - INFO - Scraping 2455/6851: https://www.refurbed.de/p/hp-17-cn3007nf-i3-n305-17-3/
2026-05-24 04:58:25,506 - INFO - Scraping 2456/6851: https://www.refurbed.de/p/hp-17-cn3757ng-i5-1334u-17-3/
2026-05-24 04:58:26,923 - INFO - Scraping 2457/6851: https://www.refurbed.de/p/hp-17-cp-r5-7520u-17-3/
2026-05-24 04:58:28,439 - INFO - Scraping 2458/6851: https://www.refurbed.de/p/hp-17-cp-ryzen-7-5700-u-17/
2026-05-24 04:58:28,668 - ERROR - Error fetching https://www.refurbed.de/p/hp-17-cp-ryzen-7-5700-u-17/: 404 Client Error: Not Found for url: https://www.refurbed.de/p/hp-17-cp-ryzen-7-5700-u-17/
2026-05-24 04:58:29,670 - INFO - Scraping 2459/6851: https://www.refurbed.de/p/hp-17-cp0001nc-ryzen-3-3250-u-17/
2026-05-24 04:58:31,072 - INFO - Scraping 2460/6851: https://www.refurbed.de/p/hp-17-cp0015na-ryzen-5-5500u/
2026-05-24 04:58:32,492 - INFO - Scraping 2461/6851: https://www.refurbed.de/p/hp-17-cp0077ng-ryzen-7-5700u/
2026-05-24 04:58:33,923 - INFO - Scraping 2462/6851: https://www.refurbed.de/p/hp-17-cp0153nf-ryzen-5-5500u/
2026-05-24 04:58:35,310 - INFO - Scraping 2463/6851: https://www.refurbed.de/p/hp-17-cp0153ng-ryzen-5-5500u/
2026-05-24 04:58:36,693 - INFO - Scraping 2464/6851: https://www.refurbed.de/p/hp-17-cp0274nf-amd-3020e-17-3/
2026-05-24 04:58:38,095 - INFO - Scraping 2465/6851: https://www.refurbed.de/p/hp-17-cp0284nf-r5-5500u-17-3/
2026-05-24 04:58:39,515 - INFO - Scraping 2466/6851: https://www.refurbed.de/p/hp-17-cp0308nf-r7-5700u-17-3/
2026-05-24 04:58:40,964 - INFO - Scraping 2467/6851: https://www.refurbed.de/p/hp-17-cp0648ng-ryzen-5-5500-u-17/
2026-05-24 04:58:42,422 - INFO - Scraping 2468/6851: https://www.refurbed.de/p/hp-17-cp0668ng-ryzen-7-5700u/
2026-05-24 04:58:43,808 - INFO - Scraping 2469/6851: https://www.refurbed.de/p/hp-17-cp0714ng-athlon-3150-u-17/
2026-05-24 04:58:45,191 - INFO - Scraping 2470/6851: https://www.refurbed.de/p/hp-17-cp0716ng-athlon-gold-3150u/
2026-05-24 04:58:46,567 - INFO - Scraping 2471/6851: https://www.refurbed.de/p/hp-17-cp0732ng-ryzen-3-5300-u-17/
2026-05-24 04:58:48,000 - INFO - Scraping 2472/6851: https://www.refurbed.de/p/hp-17-cp0755ng-ryzen-5-5500-u-17/
2026-05-24 04:58:49,420 - INFO - Scraping 2473/6851: https://www.refurbed.de/p/hp-17-cp0807ng-ryzen-3-5300-u-17/
2026-05-24 04:58:51,010 - INFO - Scraping 2474/6851: https://www.refurbed.de/p/hp-17-cp0901ng-ryzen-7-5700-u-17/
2026-05-24 04:58:52,465 - INFO - Scraping 2475/6851: https://www.refurbed.de/p/hp-17-cp1055ng-r5-5625u-17-3/
2026-05-24 04:58:53,843 - INFO - Scraping 2476/6851: https://www.refurbed.de/p/hp-17-cp1773ng-ryzen-7-5825u/
2026-05-24 04:58:55,288 - INFO - Scraping 2477/6851: https://www.refurbed.de/p/hp-17-cp2153ng/
2026-05-24 04:58:56,673 - INFO - Scraping 2478/6851: https://www.refurbed.de/p/hp-17-cp3000-r7-7730u-17-3/
2026-05-24 04:58:58,216 - INFO - Scraping 2479/6851: https://www.refurbed.de/p/hp-17-cp3002na-r7-7730u-17-3/
2026-05-24 04:58:59,585 - INFO - Scraping 2480/6851: https://www.refurbed.de/p/hp-17-cp3775ngr-7-7730u-17-3/
2026-05-24 04:59:00,941 - INFO - Scraping 2481/6851: https://www.refurbed.de/p/hp-17-x109nf-i5-7200u/
2026-05-24 04:59:01,165 - ERROR - Error fetching https://www.refurbed.de/p/hp-17-x109nf-i5-7200u/: 404 Client Error: Not Found for url: https://www.refurbed.de/p/hp-17-x109nf-i5-7200u/
2026-05-24 04:59:02,167 - INFO - Scraping 2482/6851: https://www.refurbed.de/p/hp-22-dd2006na-all-in-one/
2026-05-24 04:59:03,631 - INFO - Scraping 2483/6851: https://www.refurbed.de/p/hp-22-dg-all-in-one/
2026-05-24 04:59:05,032 - INFO - Scraping 2484/6851: https://www.refurbed.de/p/hp-22-dg0002nc-all-in-one/
2026-05-24 04:59:06,533 - INFO - Scraping 2485/6851: https://www.refurbed.de/p/hp-22m-21-5/
2026-05-24 04:59:07,902 - INFO - Scraping 2486/6851: https://www.refurbed.de/p/hp-230/
2026-05-24 04:59:09,276 - INFO - Scraping 2487/6851: https://www.refurbed.de/p/hp-24-ca0701ng-all-in-one/
2026-05-24 04:59:10,695 - INFO - Scraping 2488/6851: https://www.refurbed.de/p/hp-24-cb-all-in-one-23-8/
2026-05-24 04:59:12,090 - INFO - Scraping 2489/6851: https://www.refurbed.de/p/hp-24-cb0203ng-all-in-one/
2026-05-24 04:59:13,450 - INFO - Scraping 2490/6851: https://www.refurbed.de/p/hp-24-cr0002nx-all-in-one-23-8/
2026-05-24 04:59:14,824 - INFO - Scraping 2491/6851: https://www.refurbed.de/p/hp-24-cr0005nx-all-in-one-23-8/
2026-05-24 04:59:16,219 - INFO - Scraping 2492/6851: https://www.refurbed.de/p/hp-24-cr0008nx-all-in-one-23-8/
2026-05-24 04:59:17,637 - INFO - Scraping 2493/6851: https://www.refurbed.de/p/hp-24-cr0009nx-all-in-one/
2026-05-24 04:59:19,041 - INFO - Scraping 2494/6851: https://www.refurbed.de/p/hp-24-cr0024-all-in-one/
2026-05-24 04:59:20,437 - INFO - Scraping 2495/6851: https://www.refurbed.de/p/hp-24-cr0037na-all-in-one-23-8/
2026-05-24 04:59:21,791 - INFO - Scraping 2496/6851: https://www.refurbed.de/p/hp-24-cr0703ng-all-in-one-23-8/
2026-05-24 04:59:23,144 - INFO - Scraping 2497/6851: https://www.refurbed.de/p/hp-24-cr1007na-all-in-one-23-8/
2026-05-24 04:59:24,686 - INFO - Scraping 2498/6851: https://www.refurbed.de/p/hp-24-cr1007nb-all-in-one-23-8/
2026-05-24 04:59:26,273 - INFO - Scraping 2499/6851: https://www.refurbed.de/p/hp-240-g10-i5-1335u-14/
2026-05-24 04:59:27,649 - INFO - Scraping 2500/6851: https://www.refurbed.de/p/hp-240-g7-1005g1/
2026-05-24 04:59:29,030 - INFO - Scraping 2501/6851: https://www.refurbed.de/p/hp-240-g8-1035g-14/
2026-05-24 04:59:30,514 - INFO - Scraping 2502/6851: https://www.refurbed.de/p/hp-240-g8-1115g4/
2026-05-24 04:59:32,060 - INFO - Scraping 2503/6851: https://www.refurbed.de/p/hp-240-g8-1135g7/
2026-05-24 04:59:33,442 - INFO - Scraping 2504/6851: https://www.refurbed.de/p/hp-240-g8-i7-1065g7/
2026-05-24 04:59:34,810 - INFO - Scraping 2505/6851: https://www.refurbed.de/p/hp-240-g8-i7-1165g7/
2026-05-24 04:59:36,158 - INFO - Scraping 2506/6851: https://www.refurbed.de/p/hp-240-g9-1235u-14/
2026-05-24 04:59:37,534 - INFO - Scraping 2507/6851: https://www.refurbed.de/p/hp-245-g9-ryzen-5-5625u/
2026-05-24 04:59:38,952 - INFO - Scraping 2508/6851: https://www.refurbed.de/p/hp-250-g10-i3-1315u-15-6/
2026-05-24 04:59:40,347 - INFO - Scraping 2509/6851: https://www.refurbed.de/p/hp-250-g10-i3-n305-15-6/
2026-05-24 04:59:41,730 - INFO - Scraping 2510/6851: https://www.refurbed.de/p/hp-250-g10-i5-1334u-15-6/
2026-05-24 04:59:43,100 - INFO - Scraping 2511/6851: https://www.refurbed.de/p/hp-250-g10-i5-1335u-15-6/
2026-05-24 04:59:44,491 - INFO - Scraping 2512/6851: https://www.refurbed.de/p/hp-250-g10-i7-1355u-15-6/
2026-05-24 04:59:46,086 - INFO - Scraping 2513/6851: https://www.refurbed.de/p/hp-250-g10-n100-15-6/
2026-05-24 04:59:47,504 - INFO - Scraping 2514/6851: https://www.refurbed.de/p/hp-250-g10-ryzen-5-7530u/
2026-05-24 04:59:49,007 - INFO - Scraping 2515/6851: https://www.refurbed.de/p/hp-250-g4-5005u/
2026-05-24 04:59:49,269 - ERROR - Error fetching https://www.refurbed.de/p/hp-250-g4-5005u/: 404 Client Error: Not Found for url: https://www.refurbed.de/p/hp-250-g4-5005u/
2026-05-24 04:59:50,271 - INFO - Scraping 2516/6851: https://www.refurbed.de/p/hp-250-g5-i3-5005u-15-6/
2026-05-24 04:59:50,522 - ERROR - Error fetching https://www.refurbed.de/p/hp-250-g5-i3-5005u-15-6/: 404 Client Error: Not Found for url: https://www.refurbed.de/p/hp-250-g5-i3-5005u-15-6/
2026-05-24 04:59:51,525 - INFO - Scraping 2517/6851: https://www.refurbed.de/p/hp-250-g5-i5-6200u-15-6/
2026-05-24 04:59:51,775 - ERROR - Error fetching https://www.refurbed.de/p/hp-250-g5-i5-6200u-15-6/: 404 Client Error: Not Found for url: https://www.refurbed.de/p/hp-250-g5-i5-6200u-15-6/
2026-05-24 04:59:52,777 - INFO - Scraping 2518/6851: https://www.refurbed.de/p/hp-250-g6-n4000/
2026-05-24 04:59:54,171 - INFO - Scraping 2519/6851: https://www.refurbed.de/p/hp-250-g7-1035g1/
2026-05-24 04:59:55,616 - INFO - Scraping 2520/6851: https://www.refurbed.de/p/hp-250-g7-i3-1005g1-15-6/
2026-05-24 04:59:57,025 - INFO - Scraping 2521/6851: https://www.refurbed.de/p/hp-250-g7-i5-8265u/
2026-05-24 04:59:58,502 - INFO - Scraping 2522/6851: https://www.refurbed.de/p/hp-250-g7-i7-1065g7-15-6/
2026-05-24 04:59:59,882 - INFO - Scraping 2523/6851: https://www.refurbed.de/p/hp-250-g7-n4000/
2026-05-24 05:00:01,238 - INFO - Scraping 2524/6851: https://www.refurbed.de/p/hp-250-g7-n5030/
2026-05-24 05:00:02,666 - INFO - Scraping 2525/6851: https://www.refurbed.de/p/hp-250-g8-i3-1005g1/
2026-05-24 05:00:04,087 - INFO - Scraping 2526/6851: https://www.refurbed.de/p/hp-250-g8-i3-1115g4/
2026-05-24 05:00:05,620 - INFO - Scraping 2527/6851: https://www.refurbed.de/p/hp-250-g8-i5-1035g1/
2026-05-24 05:00:06,987 - INFO - Scraping 2528/6851: https://www.refurbed.de/p/hp-250-g8-i5-1135g7/
2026-05-24 05:00:08,393 - INFO - Scraping 2529/6851: https://www.refurbed.de/p/hp-250-g8-i7-1065g7/
2026-05-24 05:00:09,864 - INFO - Scraping 2530/6851: https://www.refurbed.de/p/hp-250-g8-i7-1165g7-15/
2026-05-24 05:00:11,225 - INFO - Scraping 2531/6851: https://www.refurbed.de/p/hp-250-g8-n4020/
2026-05-24 05:00:12,628 - INFO - Scraping 2532/6851: https://www.refurbed.de/p/hp-250-g9-celeron-n4500-15-6/
2026-05-24 05:00:14,240 - INFO - Scraping 2533/6851: https://www.refurbed.de/p/hp-250-g9-i3-1215u/
2026-05-24 05:00:15,635 - INFO - Scraping 2534/6851: https://www.refurbed.de/p/hp-250-g9-i5-1235u-15-6/
2026-05-24 05:00:17,253 - INFO - Scraping 2535/6851: https://www.refurbed.de/p/hp-250-g9-i7-1255u-15-6/
2026-05-24 05:00:18,649 - INFO - Scraping 2536/6851: https://www.refurbed.de/p/hp-250-g9-n6000-15-6/
2026-05-24 05:00:20,032 - INFO - Scraping 2537/6851: https://www.refurbed.de/p/hp-250r-g9-i3-1315u-15-6/
2026-05-24 05:00:21,386 - INFO - Scraping 2538/6851: https://www.refurbed.de/p/hp-250r-g9-i5-1335u-15-6/
2026-05-24 05:00:22,851 - INFO - Scraping 2539/6851: https://www.refurbed.de/p/hp-255-g10-athlon-silver-7120u/
2026-05-24 05:00:24,224 - INFO - Scraping 2540/6851: https://www.refurbed.de/p/hp-255-g10-r5-7520u-15-6/
2026-05-24 05:00:25,570 - INFO - Scraping 2541/6851: https://www.refurbed.de/p/hp-255-g10-r5-7530u-15-6/
2026-05-24 05:00:27,158 - INFO - Scraping 2542/6851: https://www.refurbed.de/p/hp-255-g10-ryzen-3-7320u/
2026-05-24 05:00:31,080 - INFO - Scraping 2543/6851: https://www.refurbed.de/p/hp-255-g10-ryzen-3-7330u-15-6/
2026-05-24 05:00:32,600 - INFO - Scraping 2544/6851: https://www.refurbed.de/p/hp-255-g10-ryzen-7-7730u15-6/
2026-05-24 05:00:34,428 - INFO - Scraping 2545/6851: https://www.refurbed.de/p/hp-255-g6-e2-9000e-15-6/
2026-05-24 05:00:34,691 - ERROR - Error fetching https://www.refurbed.de/p/hp-255-g6-e2-9000e-15-6/: 404 Client Error: Not Found for url: https://www.refurbed.de/p/hp-255-g6-e2-9000e-15-6/
2026-05-24 05:00:35,693 - INFO - Scraping 2546/6851: https://www.refurbed.de/p/hp-255-g7-3050u/
2026-05-24 05:00:37,376 - INFO - Scraping 2547/6851: https://www.refurbed.de/p/hp-255-g7-ryzen-3-2200u/
2026-05-24 05:00:37,601 - ERROR - Error fetching https://www.refurbed.de/p/hp-255-g7-ryzen-3-2200u/: 404 Client Error: Not Found for url: https://www.refurbed.de/p/hp-255-g7-ryzen-3-2200u/
2026-05-24 05:00:38,603 - INFO - Scraping 2548/6851: https://www.refurbed.de/p/hp-255-g7-ryzen-5-2500u/
2026-05-24 05:00:38,828 - ERROR - Error fetching https://www.refurbed.de/p/hp-255-g7-ryzen-5-2500u/: 404 Client Error: Not Found for url: https://www.refurbed.de/p/hp-255-g7-ryzen-5-2500u/
2026-05-24 05:00:39,830 - INFO - Scraping 2549/6851: https://www.refurbed.de/p/hp-255-g8-amd-3020e/
2026-05-24 05:00:41,274 - INFO - Scraping 2550/6851: https://www.refurbed.de/p/hp-255-g8-amd-athlon-3050u-15/
2026-05-24 05:00:42,702 - INFO - Scraping 2551/6851: https://www.refurbed.de/p/hp-255-g8-amd-athlon-3150u-15/
2026-05-24 05:00:44,180 - INFO - Scraping 2552/6851: https://www.refurbed.de/p/hp-255-g8-ryze-3-3250u-15-6/
2026-05-24 05:00:45,540 - INFO - Scraping 2553/6851: https://www.refurbed.de/p/hp-255-g8-ryzen-4-5300u-15/
2026-05-24 05:00:47,121 - INFO - Scraping 2554/6851: https://www.refurbed.de/p/hp-255-g8-ryzen-5-3500u-15/
2026-05-24 05:00:48,503 - INFO - Scraping 2555/6851: https://www.refurbed.de/p/hp-255-g8-ryzen-5-5500u-15/
2026-05-24 05:00:49,944 - INFO - Scraping 2556/6851: https://www.refurbed.de/p/hp-255-g8-ryzen-7-5700u-15-6/
2026-05-24 05:00:51,337 - INFO - Scraping 2557/6851: https://www.refurbed.de/p/hp-255-g9-athlon-gold-3150u/
2026-05-24 05:00:52,792 - INFO - Scraping 2558/6851: https://www.refurbed.de/p/hp-255-g9-ryzen-3-3250u/
2026-05-24 05:00:54,308 - INFO - Scraping 2559/6851: https://www.refurbed.de/p/hp-255-g9-ryzen-3-5425u/
2026-05-24 05:00:55,698 - INFO - Scraping 2560/6851: https://www.refurbed.de/p/hp-255-g9-ryzen-5-5625u/
2026-05-24 05:00:57,157 - INFO - Scraping 2561/6851: https://www.refurbed.de/p/hp-255-g9-ryzen-7-5825u/
2026-05-24 05:00:58,720 - INFO - Scraping 2562/6851: https://www.refurbed.de/p/hp-260-g3-dm/
2026-05-24 05:00:58,951 - ERROR - Error fetching https://www.refurbed.de/p/hp-260-g3-dm/: 404 Client Error: Not Found for url: https://www.refurbed.de/p/hp-260-g3-dm/
2026-05-24 05:00:59,954 - INFO - Scraping 2563/6851: https://www.refurbed.de/p/hp-260-g4-dm/
2026-05-24 05:01:01,352 - INFO - Scraping 2564/6851: https://www.refurbed.de/p/hp-27-ca0701ng-all-in-one/
2026-05-24 05:01:02,737 - INFO - Scraping 2565/6851: https://www.refurbed.de/p/hp-27-ca1005ng-all-in-one/
2026-05-24 05:01:04,127 - INFO - Scraping 2566/6851: https://www.refurbed.de/p/hp-27-ca1700ng-all-in-one/
2026-05-24 05:01:05,554 - INFO - Scraping 2567/6851: https://www.refurbed.de/p/hp-27-cb0700ng-all-in-one/
2026-05-24 05:01:07,061 - INFO - Scraping 2568/6851: https://www.refurbed.de/p/hp-27-cr-0042na-all-in-one/
2026-05-24 05:01:08,531 - INFO - Scraping 2569/6851: https://www.refurbed.de/p/hp-27-cr-all-in-one-27/
2026-05-24 05:01:09,967 - INFO - Scraping 2570/6851: https://www.refurbed.de/p/hp-27-cr0001nc-all-in-one-27/
2026-05-24 05:01:11,422 - INFO - Scraping 2571/6851: https://www.refurbed.de/p/hp-27-cr0007ng-all-in-one-27/
2026-05-24 05:01:13,125 - INFO - Scraping 2572/6851: https://www.refurbed.de/p/hp-27-cr0701ng-all-in-one-27/
2026-05-24 05:01:14,520 - INFO - Scraping 2573/6851: https://www.refurbed.de/p/hp-27-dp0059ur-all-in-one/
2026-05-24 05:01:15,903 - INFO - Scraping 2574/6851: https://www.refurbed.de/p/hp-27-dp0106ng-all-in-one/
2026-05-24 05:01:17,294 - INFO - Scraping 2575/6851: https://www.refurbed.de/p/hp-27-dp1022na-all-in-one/
2026-05-24 05:01:18,682 - INFO - Scraping 2576/6851: https://www.refurbed.de/p/hp-27fw-27/
2026-05-24 05:01:20,207 - INFO - Scraping 2577/6851: https://www.refurbed.de/p/hp-280-g1-mt/
2026-05-24 05:01:20,450 - ERROR - Error fetching https://www.refurbed.de/p/hp-280-g1-mt/: 404 Client Error: Not Found for url: https://www.refurbed.de/p/hp-280-g1-mt/
2026-05-24 05:01:21,452 - INFO - Scraping 2578/6851: https://www.refurbed.de/p/hp-280-g2-mt/
2026-05-24 05:01:21,679 - ERROR - Error fetching https://www.refurbed.de/p/hp-280-g2-mt/: 404 Client Error: Not Found for url: https://www.refurbed.de/p/hp-280-g2-mt/
2026-05-24 05:01:22,682 - INFO - Scraping 2579/6851: https://www.refurbed.de/p/hp-290-g1-sff/
2026-05-24 05:01:22,943 - ERROR - Error fetching https://www.refurbed.de/p/hp-290-g1-sff/: 404 Client Error: Not Found for url: https://www.refurbed.de/p/hp-290-g1-sff/
2026-05-24 05:01:23,945 - INFO - Scraping 2580/6851: https://www.refurbed.de/p/hp-290-g2-mt/
2026-05-24 05:01:25,320 - INFO - Scraping 2581/6851: https://www.refurbed.de/p/hp-290-g3-mt/
2026-05-24 05:01:25,546 - ERROR - Error fetching https://www.refurbed.de/p/hp-290-g3-mt/: 404 Client Error: Not Found for url: https://www.refurbed.de/p/hp-290-g3-mt/
2026-05-24 05:01:26,548 - INFO - Scraping 2582/6851: https://www.refurbed.de/p/hp-290-g4-mt/
2026-05-24 05:01:27,953 - INFO - Scraping 2583/6851: https://www.refurbed.de/p/hp-3005pr-usb-3-0-port-repl-dock/
2026-05-24 05:01:29,308 - INFO - Scraping 2584/6851: https://www.refurbed.de/p/hp-320k/
2026-05-24 05:01:30,748 - INFO - Scraping 2585/6851: https://www.refurbed.de/p/hp-330/
2026-05-24 05:01:32,244 - INFO - Scraping 2586/6851: https://www.refurbed.de/p/hp-340s-g7-1035g1/
2026-05-24 05:01:33,826 - INFO - Scraping 2587/6851: https://www.refurbed.de/p/hp-340s-g7-1065g7/
2026-05-24 05:01:35,209 - INFO - Scraping 2588/6851: https://www.refurbed.de/p/hp-394900-001/
2026-05-24 05:01:36,653 - INFO - Scraping 2589/6851: https://www.refurbed.de/p/hp-460-a080na/
2026-05-24 05:01:36,915 - ERROR - Error fetching https://www.refurbed.de/p/hp-460-a080na/: 404 Client Error: Not Found for url: https://www.refurbed.de/p/hp-460-a080na/
2026-05-24 05:01:37,917 - INFO - Scraping 2590/6851: https://www.refurbed.de/p/hp-460-p035na/
2026-05-24 05:01:38,142 - ERROR - Error fetching https://www.refurbed.de/p/hp-460-p035na/: 404 Client Error: Not Found for url: https://www.refurbed.de/p/hp-460-p035na/
2026-05-24 05:01:39,145 - INFO - Scraping 2591/6851: https://www.refurbed.de/p/hp-463953-001/
2026-05-24 05:01:40,580 - INFO - Scraping 2592/6851: https://www.refurbed.de/p/hp-470-g10-i5-1335u/
2026-05-24 05:01:42,075 - INFO - Scraping 2593/6851: https://www.refurbed.de/p/hp-470-g10-i7-1355u-17-3/
2026-05-24 05:01:43,446 - INFO - Scraping 2594/6851: https://www.refurbed.de/p/hp-470-g7-i5-10210u-17/
2026-05-24 05:01:44,942 - INFO - Scraping 2595/6851: https://www.refurbed.de/p/hp-470-g8-i5-1135g7-17/
2026-05-24 05:01:46,516 - INFO - Scraping 2596/6851: https://www.refurbed.de/p/hp-470-g8-i7-1165g7-17/
2026-05-24 05:01:47,915 - INFO - Scraping 2597/6851: https://www.refurbed.de/p/hp-470-g9-i3-1215u/
2026-05-24 05:01:49,387 - INFO - Scraping 2598/6851: https://www.refurbed.de/p/hp-470-g9-i7-1255u-17/
2026-05-24 05:01:51,012 - INFO - Scraping 2599/6851: https://www.refurbed.de/p/hp-645-g11-ryzen-7-7735u-14/
2026-05-24 05:01:52,588 - INFO - Scraping 2600/6851: https://www.refurbed.de/p/hp-672647-002/
2026-05-24 05:01:53,977 - INFO - Scraping 2601/6851: https://www.refurbed.de/p/hp-672647-063/
2026-05-24 05:01:55,337 - INFO - Scraping 2602/6851: https://www.refurbed.de/p/hp-693707-001/
2026-05-24 05:01:56,792 - INFO - Scraping 2603/6851: https://www.refurbed.de/p/hp-693711-001/
2026-05-24 05:01:58,294 - INFO - Scraping 2604/6851: https://www.refurbed.de/p/hp-741727-001/
2026-05-24 05:01:59,718 - INFO - Scraping 2605/6851: https://www.refurbed.de/p/hp-756413-003/
2026-05-24 05:02:01,176 - INFO - Scraping 2606/6851: https://www.refurbed.de/p/hp-902990-003/
2026-05-24 05:02:02,660 - INFO - Scraping 2607/6851: https://www.refurbed.de/p/hp-active-pen-app-launch/
2026-05-24 05:02:04,456 - INFO - Scraping 2608/6851: https://www.refurbed.de/p/hp-active-pen/
2026-05-24 05:02:05,897 - INFO - Scraping 2609/6851: https://www.refurbed.de/p/hp-all-in-one-27-d0033nf/
2026-05-24 05:02:07,442 - INFO - Scraping 2610/6851: https://www.refurbed.de/p/hp-chromebook-11-g5-n3060/
2026-05-24 05:02:08,915 - INFO - Scraping 2611/6851: https://www.refurbed.de/p/hp-chromebook-11-g6-n3350/
2026-05-24 05:02:10,362 - INFO - Scraping 2612/6851: https://www.refurbed.de/p/hp-chromebook-11-g7-ee-n4000/
2026-05-24 05:02:11,750 - INFO - Scraping 2613/6851: https://www.refurbed.de/p/hp-chromebook-11-g8-ee-n4020/
2026-05-24 05:02:13,137 - INFO - Scraping 2614/6851: https://www.refurbed.de/p/hp-chromebook-11-g8-ee-n4120/
2026-05-24 05:02:14,641 - INFO - Scraping 2615/6851: https://www.refurbed.de/p/hp-chromebook-11-g9-sd-7c/
2026-05-24 05:02:16,024 - INFO - Scraping 2616/6851: https://www.refurbed.de/p/hp-chromebook-14-g1-2955u/
2026-05-24 05:02:17,532 - INFO - Scraping 2617/6851: https://www.refurbed.de/p/hp-chromebook-14-g4-n2940/
2026-05-24 05:02:19,184 - INFO - Scraping 2618/6851: https://www.refurbed.de/p/hp-chromebook-14a-g5-a4-9120c-14/
2026-05-24 05:02:20,731 - INFO - Scraping 2619/6851: https://www.refurbed.de/p/hp-chromebook-14a-n4020-14/
2026-05-24 05:02:22,492 - INFO - Scraping 2620/6851: https://www.refurbed.de/p/hp-chromebook-14a-n5030-14/
2026-05-24 05:02:24,881 - INFO - Scraping 2621/6851: https://www.refurbed.de/p/hp-chromebook-14b-na0700nd/
2026-05-24 05:02:26,708 - INFO - Scraping 2622/6851: https://www.refurbed.de/p/hp-chromebook-15a-nb0000ns-i3-n3/
2026-05-24 05:02:28,318 - INFO - Scraping 2623/6851: https://www.refurbed.de/p/hp-chromebook-c640-10310u/
2026-05-24 05:02:29,792 - INFO - Scraping 2624/6851: https://www.refurbed.de/p/hp-chromebook-x360-11-g3-ee-4020/
2026-05-24 05:02:31,375 - INFO - Scraping 2625/6851: https://www.refurbed.de/p/hp-chromebook-x360-14-g1-8350u/
2026-05-24 05:02:32,817 - INFO - Scraping 2626/6851: https://www.refurbed.de/p/hp-chromebook-x360-14-g1-8650u/
2026-05-24 05:02:34,246 - INFO - Scraping 2627/6851: https://www.refurbed.de/p/hp-chromebook-x360-14b-n6000/
2026-05-24 05:02:35,857 - INFO - Scraping 2628/6851: https://www.refurbed.de/p/hp-chromebook-x360-14c-ca0700nd/
2026-05-24 05:02:37,214 - INFO - Scraping 2629/6851: https://www.refurbed.de/p/hp-col-lj-ep-mgd-mfp-m880zm-plus/
2026-05-24 05:02:38,598 - INFO - Scraping 2630/6851: https://www.refurbed.de/p/hp-colo-lj-enterprise-mfp-m680dn/
2026-05-24 05:02:40,123 - INFO - Scraping 2631/6851: https://www.refurbed.de/p/hp-color-laserjet-cm1415fnw/
2026-05-24 05:02:41,705 - INFO - Scraping 2632/6851: https://www.refurbed.de/p/hp-color-laserjet-cp2025n-farbla/
2026-05-24 05:02:43,103 - INFO - Scraping 2633/6851: https://www.refurbed.de/p/hp-color-laserjet-e55040dw/
2026-05-24 05:02:44,550 - INFO - Scraping 2634/6851: https://www.refurbed.de/p/hp-color-laserjet-entprs-m553/
2026-05-24 05:02:45,977 - INFO - Scraping 2635/6851: https://www.refurbed.de/p/hp-color-laserjet-m553xm/
2026-05-24 05:02:47,604 - INFO - Scraping 2636/6851: https://www.refurbed.de/p/hp-color-laserjet-m577f-mfp/
2026-05-24 05:02:49,003 - INFO - Scraping 2637/6851: https://www.refurbed.de/p/hp-color-laserjet-managed-e87640/
2026-05-24 05:02:50,556 - INFO - Scraping 2638/6851: https://www.refurbed.de/p/hp-color-laserjet-managed-e87650/
2026-05-24 05:02:52,092 - INFO - Scraping 2639/6851: https://www.refurbed.de/p/hp-color-laserjet-managed-e87660/
2026-05-24 05:02:53,606 - INFO - Scraping 2640/6851: https://www.refurbed.de/p/hp-color-laserjet-pro-m252dw/
2026-05-24 05:02:55,033 - INFO - Scraping 2641/6851: https://www.refurbed.de/p/hp-color-laserjet-pro-m452dn/
2026-05-24 05:02:56,398 - INFO - Scraping 2642/6851: https://www.refurbed.de/p/hp-color-laserjet-pro-m454dn/
2026-05-24 05:02:57,984 - INFO - Scraping 2643/6851: https://www.refurbed.de/p/hp-color-laserjet-pro-mfp-m176n-/
2026-05-24 05:02:59,395 - INFO - Scraping 2644/6851: https://www.refurbed.de/p/hp-color-laserjet-pro-mfp-m183fw/
2026-05-24 05:03:00,764 - INFO - Scraping 2645/6851: https://www.refurbed.de/p/hp-color-laserjet-pro-mfp-m476dw/
2026-05-24 05:03:02,391 - INFO - Scraping 2646/6851: https://www.refurbed.de/p/hp-color-lj-enterpris-mfp-m577cm/
2026-05-24 05:03:03,888 - INFO - Scraping 2647/6851: https://www.refurbed.de/p/hp-color-lj-enterprise-m552dn/
2026-05-24 05:03:05,478 - INFO - Scraping 2648/6851: https://www.refurbed.de/p/hp-color-lj-enterprise-m555dn/
2026-05-24 05:03:06,852 - INFO - Scraping 2649/6851: https://www.refurbed.de/p/hp-color-lj-managed-mfp-e57540/
2026-05-24 05:03:08,217 - INFO - Scraping 2650/6851: https://www.refurbed.de/p/hp-color-lj-managed-mfp-e77825/
2026-05-24 05:03:09,762 - INFO - Scraping 2651/6851: https://www.refurbed.de/p/hp-color-lj-managed-mfp-e77830dn/
2026-05-24 05:03:11,364 - INFO - Scraping 2652/6851: https://www.refurbed.de/p/hp-color-lj-managed-mfp-e78330dn/
2026-05-24 05:03:12,830 - INFO - Scraping 2653/6851: https://www.refurbed.de/p/hp-color-lj-pro-mfp-m281fdw/
2026-05-24 05:03:14,302 - INFO - Scraping 2654/6851: https://www.refurbed.de/p/hp-color-lj-pro-mfp-m283fdw/
2026-05-24 05:03:15,733 - INFO - Scraping 2655/6851: https://www.refurbed.de/p/hp-color-lj-pro-mfp-m477fdn/
2026-05-24 05:03:17,452 - INFO - Scraping 2656/6851: https://www.refurbed.de/p/hp-color-lj-pro-mfp-m477fdw/
2026-05-24 05:03:18,786 - INFO - Scraping 2657/6851: https://www.refurbed.de/p/hp-color-lj-pro-mfp-m479fdn/
2026-05-24 05:03:20,233 - INFO - Scraping 2658/6851: https://www.refurbed.de/p/hp-color-lj-pro-mfp-m479fdw/
2026-05-24 05:03:21,677 - INFO - Scraping 2659/6851: https://www.refurbed.de/p/hp-compaq-elite-8200-usdt/
2026-05-24 05:03:21,923 - ERROR - Error fetching https://www.refurbed.de/p/hp-compaq-elite-8200-usdt/: 404 Client Error: Not Found for url: https://www.refurbed.de/p/hp-compaq-elite-8200-usdt/
2026-05-24 05:03:22,925 - INFO - Scraping 2660/6851: https://www.refurbed.de/p/hp-compaq-la-2205wg/
2026-05-24 05:03:24,616 - INFO - Scraping 2661/6851: https://www.refurbed.de/p/hp-compaq-la2006x/
2026-05-24 05:03:26,393 - INFO - Scraping 2662/6851: https://www.refurbed.de/p/hp-compaq-la2205wg/
2026-05-24 05:03:27,990 - INFO - Scraping 2663/6851: https://www.refurbed.de/p/hp-compaq-la2405wg/
2026-05-24 05:03:29,491 - INFO - Scraping 2664/6851: https://www.refurbed.de/p/hp-compaq-la2405x/
2026-05-24 05:03:31,018 - INFO - Scraping 2665/6851: https://www.refurbed.de/p/hp-desktop-m01-mt/
2026-05-24 05:03:32,444 - INFO - Scraping 2666/6851: https://www.refurbed.de/p/hp-dragonfly-g3-folio-1255u/
2026-05-24 05:03:33,897 - INFO - Scraping 2667/6851: https://www.refurbed.de/p/hp-dragonfly-g3-folio-i5-1245u/
2026-05-24 05:03:35,292 - INFO - Scraping 2668/6851: https://www.refurbed.de/p/hp-dreamcolor-z27x-27/
2026-05-24 05:03:36,675 - INFO - Scraping 2669/6851: https://www.refurbed.de/p/hp-e22-g4/
2026-05-24 05:03:38,075 - INFO - Scraping 2670/6851: https://www.refurbed.de/p/hp-e23-g4-23/
2026-05-24 05:03:39,801 - INFO - Scraping 2671/6851: https://www.refurbed.de/p/hp-e24-g4-24/
2026-05-24 05:03:41,442 - INFO - Scraping 2672/6851: https://www.refurbed.de/p/hp-e24-g5-23-8/
2026-05-24 05:03:42,815 - INFO - Scraping 2673/6851: https://www.refurbed.de/p/hp-e24i-g4/
2026-05-24 05:03:44,333 - INFO - Scraping 2674/6851: https://www.refurbed.de/p/hp-e24m-g4-23-8/
2026-05-24 05:03:45,928 - INFO - Scraping 2675/6851: https://www.refurbed.de/p/hp-e24mv-g4-23-8/
2026-05-24 05:03:47,383 - INFO - Scraping 2676/6851: https://www.refurbed.de/p/hp-e24q-g4/
2026-05-24 05:03:48,925 - INFO - Scraping 2677/6851: https://www.refurbed.de/p/hp-e24q-g5-23-8/
2026-05-24 05:03:50,299 - INFO - Scraping 2678/6851: https://www.refurbed.de/p/hp-e24t-g5-23-8/
2026-05-24 05:03:51,714 - INFO - Scraping 2679/6851: https://www.refurbed.de/p/hp-e24u-g4-23-8/
2026-05-24 05:03:53,071 - INFO - Scraping 2680/6851: https://www.refurbed.de/p/hp-e24u-g5-23-8/
2026-05-24 05:03:54,594 - INFO - Scraping 2681/6851: https://www.refurbed.de/p/hp-e27-g4-27/
2026-05-24 05:03:56,075 - INFO - Scraping 2682/6851: https://www.refurbed.de/p/hp-e27d-g4-27/
2026-05-24 05:03:57,539 - INFO - Scraping 2683/6851: https://www.refurbed.de/p/hp-e27m-g4-27/
2026-05-24 05:03:58,892 - INFO - Scraping 2684/6851: https://www.refurbed.de/p/hp-e27q-g4-27/
2026-05-24 05:04:00,374 - INFO - Scraping 2685/6851: https://www.refurbed.de/p/hp-e27q-g5-27/
2026-05-24 05:04:01,854 - INFO - Scraping 2686/6851: https://www.refurbed.de/p/hp-e27u-g5-27/
2026-05-24 05:04:03,316 - INFO - Scraping 2687/6851: https://www.refurbed.de/p/hp-e32k-g5-31-5/
2026-05-24 05:04:04,737 - INFO - Scraping 2688/6851: https://www.refurbed.de/p/hp-e34m-g4-34/
2026-05-24 05:04:06,131 - INFO - Scraping 2689/6851: https://www.refurbed.de/p/hp-e45c-g5-dqhd-curved-44-5/
2026-05-24 05:04:07,719 - INFO - Scraping 2690/6851: https://www.refurbed.de/p/hp-eb--725-g3-a10-pro-8700b/
2026-05-24 05:04:07,953 - ERROR - Error fetching https://www.refurbed.de/p/hp-eb--725-g3-a10-pro-8700b/: 404 Client Error: Not Found for url: https://www.refurbed.de/p/hp-eb--725-g3-a10-pro-8700b/
2026-05-24 05:04:08,955 - INFO - Scraping 2691/6851: https://www.refurbed.de/p/hp-eb-630-g11-ultra-5-125u/
2026-05-24 05:04:10,417 - INFO - Scraping 2692/6851: https://www.refurbed.de/p/hp-eb-630-g11-ultra-5-135u/
2026-05-24 05:04:11,924 - INFO - Scraping 2693/6851: https://www.refurbed.de/p/hp-eb-645-g10-r5-pro-7530u/
2026-05-24 05:04:13,428 - INFO - Scraping 2694/6851: https://www.refurbed.de/p/hp-eb-645-g10-ryzen-7-7730u/
2026-05-24 05:04:14,796 - INFO - Scraping 2695/6851: https://www.refurbed.de/p/hp-eb-660-g11-ultra-5-135u/
2026-05-24 05:04:16,224 - INFO - Scraping 2696/6851: https://www.refurbed.de/p/hp-eb-660-g11-ultra-7-155u/
2026-05-24 05:04:17,650 - INFO - Scraping 2697/6851: https://www.refurbed.de/p/hp-eb-725-g3-a12-pro-8800b/
2026-05-24 05:04:17,921 - ERROR - Error fetching https://www.refurbed.de/p/hp-eb-725-g3-a12-pro-8800b/: 404 Client Error: Not Found for url: https://www.refurbed.de/p/hp-eb-725-g3-a12-pro-8800b/
2026-05-24 05:04:18,923 - INFO - Scraping 2698/6851: https://www.refurbed.de/p/hp-eb-830-g5-7200u/
2026-05-24 05:04:19,157 - ERROR - Error fetching https://www.refurbed.de/p/hp-eb-830-g5-7200u/: 404 Client Error: Not Found for url: https://www.refurbed.de/p/hp-eb-830-g5-7200u/
2026-05-24 05:04:20,159 - INFO - Scraping 2699/6851: https://www.refurbed.de/p/hp-eb-830-g5-7300u/
2026-05-24 05:04:20,407 - ERROR - Error fetching https://www.refurbed.de/p/hp-eb-830-g5-7300u/: 404 Client Error: Not Found for url: https://www.refurbed.de/p/hp-eb-830-g5-7300u/
2026-05-24 05:04:21,409 - INFO - Scraping 2700/6851: https://www.refurbed.de/p/hp-eb-830-g5-8250u/
2026-05-24 05:04:23,022 - INFO - Scraping 2701/6851: https://www.refurbed.de/p/hp-eb-830-g5-8350u/
2026-05-24 05:04:24,452 - INFO - Scraping 2702/6851: https://www.refurbed.de/p/hp-eb-830-g5-8550u/
2026-05-24 05:04:26,057 - INFO - Scraping 2703/6851: https://www.refurbed.de/p/hp-eb-830-g5-8650u/
2026-05-24 05:04:27,626 - INFO - Scraping 2704/6851: https://www.refurbed.de/p/hp-eb-830-g5-i5-7300u/
2026-05-24 05:04:27,877 - ERROR - Error fetching https://www.refurbed.de/p/hp-eb-830-g5-i5-7300u/: 404 Client Error: Not Found for url: https://www.refurbed.de/p/hp-eb-830-g5-i5-7300u/
2026-05-24 05:04:28,879 - INFO - Scraping 2705/6851: https://www.refurbed.de/p/hp-eb-830-g6-8365u/
2026-05-24 05:04:30,460 - INFO - Scraping 2706/6851: https://www.refurbed.de/p/hp-eb-830-g6-i7-8565u-13-3/
2026-05-24 05:04:31,990 - INFO - Scraping 2707/6851: https://www.refurbed.de/p/hp-eb-830-g6-i7-8665u-13-3/
2026-05-24 05:04:33,610 - INFO - Scraping 2708/6851: https://www.refurbed.de/p/hp-eb-830-g8-1135g7/
2026-05-24 05:04:35,369 - INFO - Scraping 2709/6851: https://www.refurbed.de/p/hp-eb-830-g8-1185g7-13-3/
2026-05-24 05:04:36,867 - INFO - Scraping 2710/6851: https://www.refurbed.de/p/hp-eb-830-g8-i7-1165g7/
2026-05-24 05:04:38,354 - INFO - Scraping 2711/6851: https://www.refurbed.de/p/hp-eb-835-g11-ryzen-5-8540u-13-3/
2026-05-24 05:04:39,917 - INFO - Scraping 2712/6851: https://www.refurbed.de/p/hp-eb-835-g11-ryzen-7-8840u-13-3/
2026-05-24 05:04:41,646 - INFO - Scraping 2713/6851: https://www.refurbed.de/p/hp-eb-835-g7-r5-pro-4450u-13-3/
2026-05-24 05:04:43,238 - INFO - Scraping 2714/6851: https://www.refurbed.de/p/hp-eb-835-g7-r5-pro-4650u-13-3/
2026-05-24 05:04:44,621 - INFO - Scraping 2715/6851: https://www.refurbed.de/p/hp-eb-835-g9-r5-pro-6650u/
2026-05-24 05:04:46,035 - INFO - Scraping 2716/6851: https://www.refurbed.de/p/hp-eb-845-g10-r5-pro-7545u/
2026-05-24 05:04:47,469 - INFO - Scraping 2717/6851: https://www.refurbed.de/p/hp-eb-845-g10-r7-pro-7840hs-14/
2026-05-24 05:04:48,865 - INFO - Scraping 2718/6851: https://www.refurbed.de/p/hp-eb-845-g11-ryzen-5-pro-8540u/
2026-05-24 05:04:50,254 - INFO - Scraping 2719/6851: https://www.refurbed.de/p/hp-eb-845-g11-ryzen-7-8840u-14/
2026-05-24 05:04:51,647 - INFO - Scraping 2720/6851: https://www.refurbed.de/p/hp-eb-865-g10-r-5-pro-7545u/
2026-05-24 05:04:53,031 - INFO - Scraping 2721/6851: https://www.refurbed.de/p/hp-eb-865-g11-r7-pro-8840hs-16/
2026-05-24 05:04:54,512 - INFO - Scraping 2722/6851: https://www.refurbed.de/p/hp-eb-865-g11-ryzen-7-8840u-16/
2026-05-24 05:04:56,007 - INFO - Scraping 2723/6851: https://www.refurbed.de/p/hp-eb-revolve-810-g2-i5-4300u/
2026-05-24 05:04:56,240 - ERROR - Error fetching https://www.refurbed.de/p/hp-eb-revolve-810-g2-i5-4300u/: 404 Client Error: Not Found for url: https://www.refurbed.de/p/hp-eb-revolve-810-g2-i5-4300u/
2026-05-24 05:04:57,242 - INFO - Scraping 2724/6851: https://www.refurbed.de/p/hp-eb-revolve-810-g3-5200u/
2026-05-24 05:04:57,498 - ERROR - Error fetching https://www.refurbed.de/p/hp-eb-revolve-810-g3-5200u/: 404 Client Error: Not Found for url: https://www.refurbed.de/p/hp-eb-revolve-810-g3-5200u/
2026-05-24 05:04:58,500 - INFO - Scraping 2725/6851: https://www.refurbed.de/p/hp-eb-revolve-810-g3-5300u/
2026-05-24 05:04:58,736 - ERROR - Error fetching https://www.refurbed.de/p/hp-eb-revolve-810-g3-5300u/: 404 Client Error: Not Found for url: https://www.refurbed.de/p/hp-eb-revolve-810-g3-5300u/
2026-05-24 05:04:59,739 - INFO - Scraping 2726/6851: https://www.refurbed.de/p/hp-eb-x360-1040-g10-i7-1355u/
2026-05-24 05:05:01,155 - INFO - Scraping 2727/6851: https://www.refurbed.de/p/hp-elite-830-x360-g10-i5-1355u/
2026-05-24 05:05:02,532 - INFO - Scraping 2728/6851: https://www.refurbed.de/p/hp-elite-830-x360-g10-i7-1355u/
2026-05-24 05:05:03,952 - INFO - Scraping 2729/6851: https://www.refurbed.de/p/hp-elite-830-x360-g11-7-155u/
2026-05-24 05:05:05,660 - INFO - Scraping 2730/6851: https://www.refurbed.de/p/hp-elite-830-x360-g9-i5-1245u/
2026-05-24 05:05:07,043 - INFO - Scraping 2731/6851: https://www.refurbed.de/p/hp-elite-830-x360-g9-i7-1255u/
2026-05-24 05:05:08,433 - INFO - Scraping 2732/6851: https://www.refurbed.de/p/hp-elite-c1030-chromebook-i3/
2026-05-24 05:05:09,862 - INFO - Scraping 2733/6851: https://www.refurbed.de/p/hp-elite-dragonfly-8265u-13-3/
2026-05-24 05:05:11,390 - INFO - Scraping 2734/6851: https://www.refurbed.de/p/hp-elite-dragonfly-8365u-13-3/
2026-05-24 05:05:11,776 - ERROR - Error fetching https://www.refurbed.de/p/hp-elite-dragonfly-8365u-13-3/: 404 Client Error: Not Found for url: https://www.refurbed.de/p/hp-elite-dragonfly-8365u-13-3/
2026-05-24 05:05:12,778 - INFO - Scraping 2735/6851: https://www.refurbed.de/p/hp-elite-dragonfly-g2-1135g7-13/
2026-05-24 05:05:14,170 - INFO - Scraping 2736/6851: https://www.refurbed.de/p/hp-elite-dragonfly-g2-i5-1145g7/
2026-05-24 05:05:15,628 - INFO - Scraping 2737/6851: https://www.refurbed.de/p/hp-elite-dragonfly-g2-i7-1165g7/
2026-05-24 05:05:17,097 - INFO - Scraping 2738/6851: https://www.refurbed.de/p/hp-elite-dragonfly-g2-i7-1185g7/
2026-05-24 05:05:18,487 - INFO - Scraping 2739/6851: https://www.refurbed.de/p/hp-elite-dragonfly-g3-1255u-13-5/
2026-05-24 05:05:19,982 - INFO - Scraping 2740/6851: https://www.refurbed.de/p/hp-elite-dragonfly-g3-i5-1235u/
2026-05-24 05:05:21,483 - INFO - Scraping 2741/6851: https://www.refurbed.de/p/hp-elite-dragonfly-g3-i7-1265u/
2026-05-24 05:05:22,857 - INFO - Scraping 2742/6851: https://www.refurbed.de/p/hp-elite-dragonfly-g4-i5-1335u/
2026-05-24 05:05:24,252 - INFO - Scraping 2743/6851: https://www.refurbed.de/p/hp-elite-dragonfly-g4-i5-1345u/
2026-05-24 05:05:25,623 - INFO - Scraping 2744/6851: https://www.refurbed.de/p/hp-elite-dragonfly-g4-i7-1355u/
2026-05-24 05:05:27,217 - INFO - Scraping 2745/6851: https://www.refurbed.de/p/hp-elite-dragonfly-g4-i7-1365u/
2026-05-24 05:05:28,591 - INFO - Scraping 2746/6851: https://www.refurbed.de/p/hp-elite-dragonfly-i7-8565u-13-3/
2026-05-24 05:05:30,135 - INFO - Scraping 2747/6851: https://www.refurbed.de/p/hp-elite-dragonfly-max-i7-1165g7/
2026-05-24 05:05:31,556 - INFO - Scraping 2748/6851: https://www.refurbed.de/p/hp-elite-mini-600-g9/
2026-05-24 05:05:33,148 - INFO - Scraping 2749/6851: https://www.refurbed.de/p/hp-elite-mini-800-g9/
2026-05-24 05:05:34,775 - INFO - Scraping 2750/6851: https://www.refurbed.de/p/hp-elite-sff-600-g9/
2026-05-24 05:05:36,374 - INFO - Scraping 2751/6851: https://www.refurbed.de/p/hp-elite-slice/
2026-05-24 05:05:36,816 - ERROR - Error fetching https://www.refurbed.de/p/hp-elite-slice/: 404 Client Error: Not Found for url: https://www.refurbed.de/p/hp-elite-slice/
2026-05-24 05:05:37,819 - INFO - Scraping 2752/6851: https://www.refurbed.de/p/hp-elite-x2-1012-g1-m5-6y54/
2026-05-24 05:05:38,800 - ERROR - Error fetching https://www.refurbed.de/p/hp-elite-x2-1012-g1-m5-6y54/: 404 Client Error: Not Found for url: https://www.refurbed.de/p/hp-elite-x2-1012-g1-m5-6y54/
2026-05-24 05:05:39,802 - INFO - Scraping 2753/6851: https://www.refurbed.de/p/hp-elite-x2-1012-g1-m5-6y57/
2026-05-24 05:05:40,460 - ERROR - Error fetching https://www.refurbed.de/p/hp-elite-x2-1012-g1-m5-6y57/: 404 Client Error: Not Found for url: https://www.refurbed.de/p/hp-elite-x2-1012-g1-m5-6y57/
2026-05-24 05:05:41,462 - INFO - Scraping 2754/6851: https://www.refurbed.de/p/hp-elite-x2-1012-g1-m7-6y75/
2026-05-24 05:05:41,964 - ERROR - Error fetching https://www.refurbed.de/p/hp-elite-x2-1012-g1-m7-6y75/: 404 Client Error: Not Found for url: https://www.refurbed.de/p/hp-elite-x2-1012-g1-m7-6y75/
2026-05-24 05:05:42,966 - INFO - Scraping 2755/6851: https://www.refurbed.de/p/hp-elite-x2-1012-g2-7200u/
2026-05-24 05:05:43,357 - ERROR - Error fetching https://www.refurbed.de/p/hp-elite-x2-1012-g2-7200u/: 404 Client Error: Not Found for url: https://www.refurbed.de/p/hp-elite-x2-1012-g2-7200u/
2026-05-24 05:05:44,359 - INFO - Scraping 2756/6851: https://www.refurbed.de/p/hp-elite-x2-1012-g2-7300u/
2026-05-24 05:05:44,717 - ERROR - Error fetching https://www.refurbed.de/p/hp-elite-x2-1012-g2-7300u/: 404 Client Error: Not Found for url: https://www.refurbed.de/p/hp-elite-x2-1012-g2-7300u/
2026-05-24 05:05:45,719 - INFO - Scraping 2757/6851: https://www.refurbed.de/p/hp-elite-x2-1012-g2-7500u/
2026-05-24 05:05:45,977 - ERROR - Error fetching https://www.refurbed.de/p/hp-elite-x2-1012-g2-7500u/: 404 Client Error: Not Found for url: https://www.refurbed.de/p/hp-elite-x2-1012-g2-7500u/
2026-05-24 05:05:46,979 - INFO - Scraping 2758/6851: https://www.refurbed.de/p/hp-elite-x2-1012-g2-7600u/
2026-05-24 05:05:47,225 - ERROR - Error fetching https://www.refurbed.de/p/hp-elite-x2-1012-g2-7600u/: 404 Client Error: Not Found for url: https://www.refurbed.de/p/hp-elite-x2-1012-g2-7600u/
2026-05-24 05:05:48,227 - INFO - Scraping 2759/6851: https://www.refurbed.de/p/hp-elite-x2-1012-g2-m5-6y57/
2026-05-24 05:05:48,497 - ERROR - Error fetching https://www.refurbed.de/p/hp-elite-x2-1012-g2-m5-6y57/: 404 Client Error: Not Found for url: https://www.refurbed.de/p/hp-elite-x2-1012-g2-m5-6y57/
2026-05-24 05:05:49,499 - INFO - Scraping 2760/6851: https://www.refurbed.de/p/hp-elite-x2-1013-g3-8250u/
2026-05-24 05:05:50,900 - INFO - Scraping 2761/6851: https://www.refurbed.de/p/hp-elite-x2-1013-g3-8350u/
2026-05-24 05:05:52,320 - INFO - Scraping 2762/6851: https://www.refurbed.de/p/hp-elite-x2-1013-g3-8650u/
2026-05-24 05:05:53,769 - INFO - Scraping 2763/6851: https://www.refurbed.de/p/hp-elite-x2-1013-g3-i3-8130u/
2026-05-24 05:05:54,018 - ERROR - Error fetching https://www.refurbed.de/p/hp-elite-x2-1013-g3-i3-8130u/: 404 Client Error: Not Found for url: https://www.refurbed.de/p/hp-elite-x2-1013-g3-i3-8130u/
2026-05-24 05:05:55,020 - INFO - Scraping 2764/6851: https://www.refurbed.de/p/hp-elite-x2-1013-g3-i7-8550u/
2026-05-24 05:05:56,414 - INFO - Scraping 2765/6851: https://www.refurbed.de/p/hp-elite-x2-210-g2-x5-z8350/
2026-05-24 05:05:56,642 - ERROR - Error fetching https://www.refurbed.de/p/hp-elite-x2-210-g2-x5-z8350/: 404 Client Error: Not Found for url: https://www.refurbed.de/p/hp-elite-x2-210-g2-x5-z8350/
2026-05-24 05:05:57,644 - INFO - Scraping 2766/6851: https://www.refurbed.de/p/hp-elite-x2-612-g2-i5-7y54/
2026-05-24 05:05:57,880 - ERROR - Error fetching https://www.refurbed.de/p/hp-elite-x2-612-g2-i5-7y54/: 404 Client Error: Not Found for url: https://www.refurbed.de/p/hp-elite-x2-612-g2-i5-7y54/
2026-05-24 05:05:58,882 - INFO - Scraping 2767/6851: https://www.refurbed.de/p/hp-elite-x2-612-g2-i5-7y57/
2026-05-24 05:05:59,138 - ERROR - Error fetching https://www.refurbed.de/p/hp-elite-x2-612-g2-i5-7y57/: 404 Client Error: Not Found for url: https://www.refurbed.de/p/hp-elite-x2-612-g2-i5-7y57/
2026-05-24 05:06:00,140 - INFO - Scraping 2768/6851: https://www.refurbed.de/p/hp-elite-x2-612-g2-m3-7y30/
2026-05-24 05:06:00,366 - ERROR - Error fetching https://www.refurbed.de/p/hp-elite-x2-612-g2-m3-7y30/: 404 Client Error: Not Found for url: https://www.refurbed.de/p/hp-elite-x2-612-g2-m3-7y30/
2026-05-24 05:06:01,369 - INFO - Scraping 2769/6851: https://www.refurbed.de/p/hp-elite-x2-612-g2-m5-6y54/
2026-05-24 05:06:01,613 - ERROR - Error fetching https://www.refurbed.de/p/hp-elite-x2-612-g2-m5-6y54/: 404 Client Error: Not Found for url: https://www.refurbed.de/p/hp-elite-x2-612-g2-m5-6y54/
2026-05-24 05:06:02,615 - INFO - Scraping 2770/6851: https://www.refurbed.de/p/hp-elite-x2-g4-8265u/
2026-05-24 05:06:04,110 - INFO - Scraping 2771/6851: https://www.refurbed.de/p/hp-elite-x2-g4-8365u/
2026-05-24 05:06:05,627 - INFO - Scraping 2772/6851: https://www.refurbed.de/p/hp-elite-x2-g4-8665u-13/
2026-05-24 05:06:07,074 - INFO - Scraping 2773/6851: https://www.refurbed.de/p/hp-elite-x2-g4-lte-8265u-13/
2026-05-24 05:06:07,318 - ERROR - Error fetching https://www.refurbed.de/p/hp-elite-x2-g4-lte-8265u-13/: 404 Client Error: Not Found for url: https://www.refurbed.de/p/hp-elite-x2-g4-lte-8265u-13/
2026-05-24 05:06:08,320 - INFO - Scraping 2774/6851: https://www.refurbed.de/p/hp-elite-x2-g8-1145g7/
2026-05-24 05:06:09,899 - INFO - Scraping 2775/6851: https://www.refurbed.de/p/hp-elite-x2-g8-i3-1125g4/
2026-05-24 05:06:11,317 - INFO - Scraping 2776/6851: https://www.refurbed.de/p/hp-elite-x2-g8-i5-1135g7/
2026-05-24 05:06:12,931 - INFO - Scraping 2777/6851: https://www.refurbed.de/p/hp-elite-x2-tpa-b01/
2026-05-24 05:06:14,368 - INFO - Scraping 2778/6851: https://www.refurbed.de/p/hp-elite-x3/
2026-05-24 05:06:14,612 - ERROR - Error fetching https://www.refurbed.de/p/hp-elite-x3/: 404 Client Error: Not Found for url: https://www.refurbed.de/p/hp-elite-x3/
2026-05-24 05:06:15,615 - INFO - Scraping 2779/6851: https://www.refurbed.de/p/hp-elite-x360-1040-g10-i5-1355u/
2026-05-24 05:06:17,052 - INFO - Scraping 2780/6851: https://www.refurbed.de/p/hp-elite-x360-1040-g10-i7-1355u/
2026-05-24 05:06:18,671 - INFO - Scraping 2781/6851: https://www.refurbed.de/p/hp-elite-x360-1040-g11-7-165h/
2026-05-24 05:06:20,080 - INFO - Scraping 2782/6851: https://www.refurbed.de/p/hp-elitebook-1030-g1-m5-6y54-13/
2026-05-24 05:06:20,330 - ERROR - Error fetching https://www.refurbed.de/p/hp-elitebook-1030-g1-m5-6y54-13/: 404 Client Error: Not Found for url: https://www.refurbed.de/p/hp-elitebook-1030-g1-m5-6y54-13/
2026-05-24 05:06:21,332 - INFO - Scraping 2783/6851: https://www.refurbed.de/p/hp-elitebook-1030-g1-m7-6y75-13/
2026-05-24 05:06:21,563 - ERROR - Error fetching https://www.refurbed.de/p/hp-elitebook-1030-g1-m7-6y75-13/: 404 Client Error: Not Found for url: https://www.refurbed.de/p/hp-elitebook-1030-g1-m7-6y75-13/
2026-05-24 05:06:22,565 - INFO - Scraping 2784/6851: https://www.refurbed.de/p/hp-elitebook-1040-g10-1360p-14/
2026-05-24 05:06:23,987 - INFO - Scraping 2785/6851: https://www.refurbed.de/p/hp-elitebook-1040-g10-1365u-14/
2026-05-24 05:06:25,396 - INFO - Scraping 2786/6851: https://www.refurbed.de/p/hp-elitebook-1040-g10-i5-1335u/
2026-05-24 05:06:26,817 - INFO - Scraping 2787/6851: https://www.refurbed.de/p/hp-elitebook-1040-g10-i7-1355u/
2026-05-24 05:06:28,180 - INFO - Scraping 2788/6851: https://www.refurbed.de/p/hp-elitebook-1040-g4-7300u-14/
2026-05-24 05:06:28,415 - ERROR - Error fetching https://www.refurbed.de/p/hp-elitebook-1040-g4-7300u-14/: 404 Client Error: Not Found for url: https://www.refurbed.de/p/hp-elitebook-1040-g4-7300u-14/
2026-05-24 05:06:29,417 - INFO - Scraping 2789/6851: https://www.refurbed.de/p/hp-elitebook-1040-g4-i5-7200u/
2026-05-24 05:06:29,665 - ERROR - Error fetching https://www.refurbed.de/p/hp-elitebook-1040-g4-i5-7200u/: 404 Client Error: Not Found for url: https://www.refurbed.de/p/hp-elitebook-1040-g4-i5-7200u/
2026-05-24 05:06:30,667 - INFO - Scraping 2790/6851: https://www.refurbed.de/p/hp-elitebook-1040-g4-i7-7820hq/
2026-05-24 05:06:32,051 - INFO - Scraping 2791/6851: https://www.refurbed.de/p/hp-elitebook-1040-g9-1255u/
2026-05-24 05:06:33,409 - INFO - Scraping 2792/6851: https://www.refurbed.de/p/hp-elitebook-1040-g9-i5-1235u/
2026-05-24 05:06:34,875 - INFO - Scraping 2793/6851: https://www.refurbed.de/p/hp-elitebook-1040-g9-i5-1245u/
2026-05-24 05:06:36,414 - INFO - Scraping 2794/6851: https://www.refurbed.de/p/hp-elitebook-1040-g9-i7-1265u/
2026-05-24 05:06:37,980 - INFO - Scraping 2795/6851: https://www.refurbed.de/p/hp-elitebook-1050-g1-8750h/
2026-05-24 05:06:39,516 - INFO - Scraping 2796/6851: https://www.refurbed.de/p/hp-elitebook-1050-g1-i7-8850h/
2026-05-24 05:06:41,034 - INFO - Scraping 2797/6851: https://www.refurbed.de/p/hp-elitebook-630-g10-1335u-13/
2026-05-24 05:06:42,509 - INFO - Scraping 2798/6851: https://www.refurbed.de/p/hp-elitebook-630-g10-i7-1355u/
2026-05-24 05:06:43,900 - INFO - Scraping 2799/6851: https://www.refurbed.de/p/hp-elitebook-630-g9-1235u-13-3/
2026-05-24 05:06:45,302 - INFO - Scraping 2800/6851: https://www.refurbed.de/p/hp-elitebook-630-g9-1245u-13-3/
2026-05-24 05:06:46,808 - INFO - Scraping 2801/6851: https://www.refurbed.de/p/hp-elitebook-630-g9-1255u-13-3/
2026-05-24 05:06:48,177 - INFO - Scraping 2802/6851: https://www.refurbed.de/p/hp-elitebook-630-g9-i3-1215u/
2026-05-24 05:06:49,667 - INFO - Scraping 2803/6851: https://www.refurbed.de/p/hp-elitebook-640-g10-1315u-14/
2026-05-24 05:06:51,060 - INFO - Scraping 2804/6851: https://www.refurbed.de/p/hp-elitebook-640-g10-1335u-14/
2026-05-24 05:06:52,595 - INFO - Scraping 2805/6851: https://www.refurbed.de/p/hp-elitebook-640-g10-1345u-14/
2026-05-24 05:06:54,114 - INFO - Scraping 2806/6851: https://www.refurbed.de/p/hp-elitebook-640-g10-i7-1355u/
2026-05-24 05:06:55,659 - INFO - Scraping 2807/6851: https://www.refurbed.de/p/hp-elitebook-640-g10-i7-1365u/
2026-05-24 05:06:57,236 - INFO - Scraping 2808/6851: https://www.refurbed.de/p/hp-elitebook-640-g11-5-135u/
2026-05-24 05:06:58,869 - INFO - Scraping 2809/6851: https://www.refurbed.de/p/hp-elitebook-640-g11-7-155u/
2026-05-24 05:07:00,232 - INFO - Scraping 2810/6851: https://www.refurbed.de/p/hp-elitebook-640-g9-1215u-14/
2026-05-24 05:07:01,690 - INFO - Scraping 2811/6851: https://www.refurbed.de/p/hp-elitebook-640-g9-i5-1235u-14/
2026-05-24 05:07:03,225 - INFO - Scraping 2812/6851: https://www.refurbed.de/p/hp-elitebook-640-g9-i5-1245u-14/
2026-05-24 05:07:04,730 - INFO - Scraping 2813/6851: https://www.refurbed.de/p/hp-elitebook-640-g9-i7-1255u-14/
2026-05-24 05:07:06,134 - INFO - Scraping 2814/6851: https://www.refurbed.de/p/hp-elitebook-645-g10-r5-7530u/
2026-05-24 05:07:07,666 - INFO - Scraping 2815/6851: https://www.refurbed.de/p/hp-elitebook-645-g9-5675u/
2026-05-24 05:07:09,271 - INFO - Scraping 2816/6851: https://www.refurbed.de/p/hp-elitebook-645-g9-7-pro-5875u/
2026-05-24 05:07:10,666 - INFO - Scraping 2817/6851: https://www.refurbed.de/p/hp-elitebook-650-g10-i5-1335u/
2026-05-24 05:07:12,124 - INFO - Scraping 2818/6851: https://www.refurbed.de/p/hp-elitebook-650-g10-i5-1345u/
2026-05-24 05:07:13,550 - INFO - Scraping 2819/6851: https://www.refurbed.de/p/hp-elitebook-650-g10-i7-1355u/
2026-05-24 05:07:15,016 - INFO - Scraping 2820/6851: https://www.refurbed.de/p/hp-elitebook-650-g10-i7-1370p/
2026-05-24 05:07:16,405 - INFO - Scraping 2821/6851: https://www.refurbed.de/p/hp-elitebook-650-g9-i3-1215u-14/
2026-05-24 05:07:17,794 - INFO - Scraping 2822/6851: https://www.refurbed.de/p/hp-elitebook-650-g9-i5-1235u-14/
2026-05-24 05:07:19,297 - INFO - Scraping 2823/6851: https://www.refurbed.de/p/hp-elitebook-650-g9-i5-1245u/
2026-05-24 05:07:20,953 - INFO - Scraping 2824/6851: https://www.refurbed.de/p/hp-elitebook-650-g9-i7-1255u/
2026-05-24 05:07:22,342 - INFO - Scraping 2825/6851: https://www.refurbed.de/p/hp-elitebook-655-g10-r5-7530u/
2026-05-24 05:07:23,808 - INFO - Scraping 2826/6851: https://www.refurbed.de/p/hp-elitebook-655-g10-r7-7730u/
2026-05-24 05:07:25,194 - INFO - Scraping 2827/6851: https://www.refurbed.de/p/hp-elitebook-655-g9-5-pro-5675u/
2026-05-24 05:07:26,711 - INFO - Scraping 2828/6851: https://www.refurbed.de/p/hp-elitebook-655-g9-5425u-15-6/
2026-05-24 05:07:28,151 - INFO - Scraping 2829/6851: https://www.refurbed.de/p/hp-elitebook-655-g9-5625u-15-6/
2026-05-24 05:07:29,519 - INFO - Scraping 2830/6851: https://www.refurbed.de/p/hp-elitebook-655-g9-7-pro-5875u/
2026-05-24 05:07:30,898 - INFO - Scraping 2831/6851: https://www.refurbed.de/p/hp-elitebook-665-g11-pro-7535u/
2026-05-24 05:07:32,308 - INFO - Scraping 2832/6851: https://www.refurbed.de/p/hp-elitebook-725-g2-a8-pro-7050b/
2026-05-24 05:07:32,560 - ERROR - Error fetching https://www.refurbed.de/p/hp-elitebook-725-g2-a8-pro-7050b/: 404 Client Error: Not Found for url: https://www.refurbed.de/p/hp-elitebook-725-g2-a8-pro-7050b/
2026-05-24 05:07:33,562 - INFO - Scraping 2833/6851: https://www.refurbed.de/p/hp-elitebook-725-g2-pro-7350b-12/
2026-05-24 05:07:33,822 - ERROR - Error fetching https://www.refurbed.de/p/hp-elitebook-725-g2-pro-7350b-12/: 404 Client Error: Not Found for url: https://www.refurbed.de/p/hp-elitebook-725-g2-pro-7350b-12/
2026-05-24 05:07:34,824 - INFO - Scraping 2834/6851: https://www.refurbed.de/p/hp-elitebook-725-g3-a8-pro-8600b/
2026-05-24 05:07:35,069 - ERROR - Error fetching https://www.refurbed.de/p/hp-elitebook-725-g3-a8-pro-8600b/: 404 Client Error: Not Found for url: https://www.refurbed.de/p/hp-elitebook-725-g3-a8-pro-8600b/
2026-05-24 05:07:36,072 - INFO - Scraping 2835/6851: https://www.refurbed.de/p/hp-elitebook-725-g4-a10-8730b/
2026-05-24 05:07:36,306 - ERROR - Error fetching https://www.refurbed.de/p/hp-elitebook-725-g4-a10-8730b/: 404 Client Error: Not Found for url: https://www.refurbed.de/p/hp-elitebook-725-g4-a10-8730b/
2026-05-24 05:07:37,308 - INFO - Scraping 2836/6851: https://www.refurbed.de/p/hp-elitebook-735-g5-2300u-13/
2026-05-24 05:07:37,558 - ERROR - Error fetching https://www.refurbed.de/p/hp-elitebook-735-g5-2300u-13/: 404 Client Error: Not Found for url: https://www.refurbed.de/p/hp-elitebook-735-g5-2300u-13/
2026-05-24 05:07:38,561 - INFO - Scraping 2837/6851: https://www.refurbed.de/p/hp-elitebook-735-g5-2500u-13/
2026-05-24 05:07:38,878 - ERROR - Error fetching https://www.refurbed.de/p/hp-elitebook-735-g5-2500u-13/: 404 Client Error: Not Found for url: https://www.refurbed.de/p/hp-elitebook-735-g5-2500u-13/
2026-05-24 05:07:39,881 - INFO - Scraping 2838/6851: https://www.refurbed.de/p/hp-elitebook-735-g6-5-3500u/
2026-05-24 05:07:41,257 - INFO - Scraping 2839/6851: https://www.refurbed.de/p/hp-elitebook-735-g6-5-pro-3500u/
2026-05-24 05:07:42,834 - INFO - Scraping 2840/6851: https://www.refurbed.de/p/hp-elitebook-745-g2-a6-pro-7050b/
2026-05-24 05:07:43,074 - ERROR - Error fetching https://www.refurbed.de/p/hp-elitebook-745-g2-a6-pro-7050b/: 404 Client Error: Not Found for url: https://www.refurbed.de/p/hp-elitebook-745-g2-a6-pro-7050b/
2026-05-24 05:07:44,076 - INFO - Scraping 2841/6851: https://www.refurbed.de/p/hp-elitebook-745-g2-a8-pro-7150b/
2026-05-24 05:07:44,334 - ERROR - Error fetching https://www.refurbed.de/p/hp-elitebook-745-g2-a8-pro-7150b/: 404 Client Error: Not Found for url: https://www.refurbed.de/p/hp-elitebook-745-g2-a8-pro-7150b/
2026-05-24 05:07:45,337 - INFO - Scraping 2842/6851: https://www.refurbed.de/p/hp-elitebook-745-g3-a10-8700b/
2026-05-24 05:07:45,587 - ERROR - Error fetching https://www.refurbed.de/p/hp-elitebook-745-g3-a10-8700b/: 404 Client Error: Not Found for url: https://www.refurbed.de/p/hp-elitebook-745-g3-a10-8700b/
2026-05-24 05:07:46,589 - INFO - Scraping 2843/6851: https://www.refurbed.de/p/hp-elitebook-745-g3-pro-a8-8600b/
2026-05-24 05:07:46,828 - ERROR - Error fetching https://www.refurbed.de/p/hp-elitebook-745-g3-pro-a8-8600b/: 404 Client Error: Not Found for url: https://www.refurbed.de/p/hp-elitebook-745-g3-pro-a8-8600b/
2026-05-24 05:07:47,830 - INFO - Scraping 2844/6851: https://www.refurbed.de/p/hp-elitebook-745-g4-a10-8730b/
2026-05-24 05:07:48,059 - ERROR - Error fetching https://www.refurbed.de/p/hp-elitebook-745-g4-a10-8730b/: 404 Client Error: Not Found for url: https://www.refurbed.de/p/hp-elitebook-745-g4-a10-8730b/
2026-05-24 05:07:49,061 - INFO - Scraping 2845/6851: https://www.refurbed.de/p/hp-elitebook-745-g4-pro-a8-8600b/
2026-05-24 05:07:49,284 - ERROR - Error fetching https://www.refurbed.de/p/hp-elitebook-745-g4-pro-a8-8600b/: 404 Client Error: Not Found for url: https://www.refurbed.de/p/hp-elitebook-745-g4-pro-a8-8600b/
2026-05-24 05:07:50,286 - INFO - Scraping 2846/6851: https://www.refurbed.de/p/hp-elitebook-745-g4-pro-a8-9600b/
2026-05-24 05:07:50,512 - ERROR - Error fetching https://www.refurbed.de/p/hp-elitebook-745-g4-pro-a8-9600b/: 404 Client Error: Not Found for url: https://www.refurbed.de/p/hp-elitebook-745-g4-pro-a8-9600b/
2026-05-24 05:07:51,515 - INFO - Scraping 2847/6851: https://www.refurbed.de/p/hp-elitebook-745-g5-5-2500u/
2026-05-24 05:07:51,793 - ERROR - Error fetching https://www.refurbed.de/p/hp-elitebook-745-g5-5-2500u/: 404 Client Error: Not Found for url: https://www.refurbed.de/p/hp-elitebook-745-g5-5-2500u/
2026-05-24 05:07:52,795 - INFO - Scraping 2848/6851: https://www.refurbed.de/p/hp-elitebook-745-g6-3-3300u/
2026-05-24 05:07:54,185 - INFO - Scraping 2849/6851: https://www.refurbed.de/p/hp-elitebook-745-g6-5-pro-3500u/
2026-05-24 05:07:55,749 - INFO - Scraping 2850/6851: https://www.refurbed.de/p/hp-elitebook-745-g6-7-pro-3700u/
2026-05-24 05:07:57,229 - INFO - Scraping 2851/6851: https://www.refurbed.de/p/hp-elitebook-755-5-pro-2500u/
2026-05-24 05:07:57,466 - ERROR - Error fetching https://www.refurbed.de/p/hp-elitebook-755-5-pro-2500u/: 404 Client Error: Not Found for url: https://www.refurbed.de/p/hp-elitebook-755-5-pro-2500u/
2026-05-24 05:07:58,469 - INFO - Scraping 2852/6851: https://www.refurbed.de/p/hp-elitebook-755-g4-a10-8730b/
2026-05-24 05:07:58,707 - ERROR - Error fetching https://www.refurbed.de/p/hp-elitebook-755-g4-a10-8730b/: 404 Client Error: Not Found for url: https://www.refurbed.de/p/hp-elitebook-755-g4-a10-8730b/
2026-05-24 05:07:59,709 - INFO - Scraping 2853/6851: https://www.refurbed.de/p/hp-elitebook-755-g5-r3-pro-2300u/
2026-05-24 05:08:01,153 - INFO - Scraping 2854/6851: https://www.refurbed.de/p/hp-elitebook-755-g5-r7-pro-2700u/
2026-05-24 05:08:01,386 - ERROR - Error fetching https://www.refurbed.de/p/hp-elitebook-755-g5-r7-pro-2700u/: 404 Client Error: Not Found for url: https://www.refurbed.de/p/hp-elitebook-755-g5-r7-pro-2700u/
2026-05-24 05:08:02,388 - INFO - Scraping 2855/6851: https://www.refurbed.de/p/hp-elitebook-820-g1-i3-4010u-12-/
2026-05-24 05:08:02,647 - ERROR - Error fetching https://www.refurbed.de/p/hp-elitebook-820-g1-i3-4010u-12-/: 404 Client Error: Not Found for url: https://www.refurbed.de/p/hp-elitebook-820-g1-i3-4010u-12-/
2026-05-24 05:08:03,650 - INFO - Scraping 2856/6851: https://www.refurbed.de/p/hp-elitebook-820-g1-i5-4200u-12-/
2026-05-24 05:08:03,875 - ERROR - Error fetching https://www.refurbed.de/p/hp-elitebook-820-g1-i5-4200u-12-/: 404 Client Error: Not Found for url: https://www.refurbed.de/p/hp-elitebook-820-g1-i5-4200u-12-/
2026-05-24 05:08:04,877 - INFO - Scraping 2857/6851: https://www.refurbed.de/p/hp-elitebook-820-g1-i5-4300u-12-/
2026-05-24 05:08:05,124 - ERROR - Error fetching https://www.refurbed.de/p/hp-elitebook-820-g1-i5-4300u-12-/: 404 Client Error: Not Found for url: https://www.refurbed.de/p/hp-elitebook-820-g1-i5-4300u-12-/
2026-05-24 05:08:06,126 - INFO - Scraping 2858/6851: https://www.refurbed.de/p/hp-elitebook-820-g1-i5-4310u-12-/
2026-05-24 05:08:06,369 - ERROR - Error fetching https://www.refurbed.de/p/hp-elitebook-820-g1-i5-4310u-12-/: 404 Client Error: Not Found for url: https://www.refurbed.de/p/hp-elitebook-820-g1-i5-4310u-12-/
2026-05-24 05:08:07,371 - INFO - Scraping 2859/6851: https://www.refurbed.de/p/hp-elitebook-820-g1-i7-4600u-12-/
2026-05-24 05:08:07,640 - ERROR - Error fetching https://www.refurbed.de/p/hp-elitebook-820-g1-i7-4600u-12-/: 404 Client Error: Not Found for url: https://www.refurbed.de/p/hp-elitebook-820-g1-i7-4600u-12-/
2026-05-24 05:08:08,643 - INFO - Scraping 2860/6851: https://www.refurbed.de/p/hp-elitebook-820-g2-i3-5010u-12/
2026-05-24 05:08:08,873 - ERROR - Error fetching https://www.refurbed.de/p/hp-elitebook-820-g2-i3-5010u-12/: 404 Client Error: Not Found for url: https://www.refurbed.de/p/hp-elitebook-820-g2-i3-5010u-12/
2026-05-24 05:08:09,876 - INFO - Scraping 2861/6851: https://www.refurbed.de/p/hp-elitebook-820-g2-i5-5200u-12-/
2026-05-24 05:08:10,160 - ERROR - Error fetching https://www.refurbed.de/p/hp-elitebook-820-g2-i5-5200u-12-/: 404 Client Error: Not Found for url: https://www.refurbed.de/p/hp-elitebook-820-g2-i5-5200u-12-/
2026-05-24 05:08:11,162 - INFO - Scraping 2862/6851: https://www.refurbed.de/p/hp-elitebook-820-g2-i5-5300u-12-/
2026-05-24 05:08:11,395 - ERROR - Error fetching https://www.refurbed.de/p/hp-elitebook-820-g2-i5-5300u-12-/: 404 Client Error: Not Found for url: https://www.refurbed.de/p/hp-elitebook-820-g2-i5-5300u-12-/
2026-05-24 05:08:12,397 - INFO - Scraping 2863/6851: https://www.refurbed.de/p/hp-elitebook-820-g2-i7-5500u-12-/
2026-05-24 05:08:12,663 - ERROR - Error fetching https://www.refurbed.de/p/hp-elitebook-820-g2-i7-5500u-12-/: 404 Client Error: Not Found for url: https://www.refurbed.de/p/hp-elitebook-820-g2-i7-5500u-12-/
2026-05-24 05:08:13,665 - INFO - Scraping 2864/6851: https://www.refurbed.de/p/hp-elitebook-820-g2-i7-5600u-12-/
2026-05-24 05:08:13,893 - ERROR - Error fetching https://www.refurbed.de/p/hp-elitebook-820-g2-i7-5600u-12-/: 404 Client Error: Not Found for url: https://www.refurbed.de/p/hp-elitebook-820-g2-i7-5600u-12-/
2026-05-24 05:08:14,895 - INFO - Scraping 2865/6851: https://www.refurbed.de/p/hp-elitebook-820-g3-i5-6200u-12-/
2026-05-24 05:08:15,121 - ERROR - Error fetching https://www.refurbed.de/p/hp-elitebook-820-g3-i5-6200u-12-/: 404 Client Error: Not Found for url: https://www.refurbed.de/p/hp-elitebook-820-g3-i5-6200u-12-/
2026-05-24 05:08:16,123 - INFO - Scraping 2866/6851: https://www.refurbed.de/p/hp-elitebook-820-g3-i5-6300u-12-/
2026-05-24 05:08:16,351 - ERROR - Error fetching https://www.refurbed.de/p/hp-elitebook-820-g3-i5-6300u-12-/: 404 Client Error: Not Found for url: https://www.refurbed.de/p/hp-elitebook-820-g3-i5-6300u-12-/
2026-05-24 05:08:17,353 - INFO - Scraping 2867/6851: https://www.refurbed.de/p/hp-elitebook-820-g3-i7-6500u-12/
2026-05-24 05:08:17,645 - ERROR - Error fetching https://www.refurbed.de/p/hp-elitebook-820-g3-i7-6500u-12/: 404 Client Error: Not Found for url: https://www.refurbed.de/p/hp-elitebook-820-g3-i7-6500u-12/
2026-05-24 05:08:18,647 - INFO - Scraping 2868/6851: https://www.refurbed.de/p/hp-elitebook-820-g3-i7-6600u-12/
2026-05-24 05:08:18,883 - ERROR - Error fetching https://www.refurbed.de/p/hp-elitebook-820-g3-i7-6600u-12/: 404 Client Error: Not Found for url: https://www.refurbed.de/p/hp-elitebook-820-g3-i7-6600u-12/
2026-05-24 05:08:19,885 - INFO - Scraping 2869/6851: https://www.refurbed.de/p/hp-elitebook-820-g4-7200u/
2026-05-24 05:08:20,244 - ERROR - Error fetching https://www.refurbed.de/p/hp-elitebook-820-g4-7200u/: 404 Client Error: Not Found for url: https://www.refurbed.de/p/hp-elitebook-820-g4-7200u/
2026-05-24 05:08:21,246 - INFO - Scraping 2870/6851: https://www.refurbed.de/p/hp-elitebook-820-g4-7300u/
2026-05-24 05:08:21,473 - ERROR - Error fetching https://www.refurbed.de/p/hp-elitebook-820-g4-7300u/: 404 Client Error: Not Found for url: https://www.refurbed.de/p/hp-elitebook-820-g4-7300u/
2026-05-24 05:08:22,475 - INFO - Scraping 2871/6851: https://www.refurbed.de/p/hp-elitebook-820-g4-7500u/
2026-05-24 05:08:22,697 - ERROR - Error fetching https://www.refurbed.de/p/hp-elitebook-820-g4-7500u/: 404 Client Error: Not Found for url: https://www.refurbed.de/p/hp-elitebook-820-g4-7500u/
2026-05-24 05:08:23,699 - INFO - Scraping 2872/6851: https://www.refurbed.de/p/hp-elitebook-820-g4-i7-7500u/
2026-05-24 05:08:23,964 - ERROR - Error fetching https://www.refurbed.de/p/hp-elitebook-820-g4-i7-7500u/: 404 Client Error: Not Found for url: https://www.refurbed.de/p/hp-elitebook-820-g4-i7-7500u/
2026-05-24 05:08:24,967 - INFO - Scraping 2873/6851: https://www.refurbed.de/p/hp-elitebook-820/
2026-05-24 05:08:25,192 - ERROR - Error fetching https://www.refurbed.de/p/hp-elitebook-820/: 404 Client Error: Not Found for url: https://www.refurbed.de/p/hp-elitebook-820/
2026-05-24 05:08:26,194 - INFO - Scraping 2874/6851: https://www.refurbed.de/p/hp-elitebook-830-g10-1355u-13-3/
2026-05-24 05:08:27,550 - INFO - Scraping 2875/6851: https://www.refurbed.de/p/hp-elitebook-830-g10-i5-1335u/
2026-05-24 05:08:29,006 - INFO - Scraping 2876/6851: https://www.refurbed.de/p/hp-elitebook-830-g10-i7-1365u/
2026-05-24 05:08:30,461 - INFO - Scraping 2877/6851: https://www.refurbed.de/p/hp-elitebook-830-g11-5-135u/
2026-05-24 05:08:31,865 - INFO - Scraping 2878/6851: https://www.refurbed.de/p/hp-elitebook-830-g6-8265u-13-3/
2026-05-24 05:08:33,470 - INFO - Scraping 2879/6851: https://www.refurbed.de/p/hp-elitebook-830-g7-10210u-13-3/
2026-05-24 05:08:35,272 - INFO - Scraping 2880/6851: https://www.refurbed.de/p/hp-elitebook-830-g7-i5-10310u/
2026-05-24 05:08:36,872 - INFO - Scraping 2881/6851: https://www.refurbed.de/p/hp-elitebook-830-g7-i7-10610u/
2026-05-24 05:08:38,482 - INFO - Scraping 2882/6851: https://www.refurbed.de/p/hp-elitebook-830-g8-1145g7-13-3/
2026-05-24 05:08:40,298 - INFO - Scraping 2883/6851: https://www.refurbed.de/p/hp-elitebook-830-g9-1245u-13-3/
2026-05-24 05:08:41,777 - INFO - Scraping 2884/6851: https://www.refurbed.de/p/hp-elitebook-830-g9-1255u-13-3/
2026-05-24 05:08:43,259 - INFO - Scraping 2885/6851: https://www.refurbed.de/p/hp-elitebook-830-g9-i5-1235u-13/
2026-05-24 05:08:44,805 - INFO - Scraping 2886/6851: https://www.refurbed.de/p/hp-elitebook-830-g9-i7-1265u-13/
2026-05-24 05:08:46,238 - INFO - Scraping 2887/6851: https://www.refurbed.de/p/hp-elitebook-835-g10-5-7540u/
2026-05-24 05:08:47,602 - INFO - Scraping 2888/6851: https://www.refurbed.de/p/hp-elitebook-835-g10-5-pro-7540u/
2026-05-24 05:08:49,012 - INFO - Scraping 2889/6851: https://www.refurbed.de/p/hp-elitebook-835-g10-r5-7545u-13/
2026-05-24 05:08:50,423 - INFO - Scraping 2890/6851: https://www.refurbed.de/p/hp-elitebook-835-g8-pro-5450u/
2026-05-24 05:08:51,867 - INFO - Scraping 2891/6851: https://www.refurbed.de/p/hp-elitebook-835-g8-pro-5650u/
2026-05-24 05:08:53,386 - INFO - Scraping 2892/6851: https://www.refurbed.de/p/hp-elitebook-835-g8-pro-5850u/
2026-05-24 05:08:54,842 - INFO - Scraping 2893/6851: https://www.refurbed.de/p/hp-elitebook-835-g8-r-3-5400u/
2026-05-24 05:08:56,214 - INFO - Scraping 2894/6851: https://www.refurbed.de/p/hp-elitebook-840-g1-14-i5-4300u/
2026-05-24 05:08:56,444 - ERROR - Error fetching https://www.refurbed.de/p/hp-elitebook-840-g1-14-i5-4300u/: 404 Client Error: Not Found for url: https://www.refurbed.de/p/hp-elitebook-840-g1-14-i5-4300u/
2026-05-24 05:08:57,447 - INFO - Scraping 2895/6851: https://www.refurbed.de/p/hp-elitebook-840-g1-i3-4010u-14/
2026-05-24 05:08:57,691 - ERROR - Error fetching https://www.refurbed.de/p/hp-elitebook-840-g1-i3-4010u-14/: 404 Client Error: Not Found for url: https://www.refurbed.de/p/hp-elitebook-840-g1-i3-4010u-14/
2026-05-24 05:08:58,693 - INFO - Scraping 2896/6851: https://www.refurbed.de/p/hp-elitebook-840-g1-i5-14/
2026-05-24 05:08:58,925 - ERROR - Error fetching https://www.refurbed.de/p/hp-elitebook-840-g1-i5-14/: 404 Client Error: Not Found for url: https://www.refurbed.de/p/hp-elitebook-840-g1-i5-14/
2026-05-24 05:08:59,927 - INFO - Scraping 2897/6851: https://www.refurbed.de/p/hp-elitebook-840-g1-i5-4200u-14/
2026-05-24 05:09:00,182 - ERROR - Error fetching https://www.refurbed.de/p/hp-elitebook-840-g1-i5-4200u-14/: 404 Client Error: Not Found for url: https://www.refurbed.de/p/hp-elitebook-840-g1-i5-4200u-14/
2026-05-24 05:09:01,184 - INFO - Scraping 2898/6851: https://www.refurbed.de/p/hp-elitebook-840-g1-i5-4310u-14/
2026-05-24 05:09:01,420 - ERROR - Error fetching https://www.refurbed.de/p/hp-elitebook-840-g1-i5-4310u-14/: 404 Client Error: Not Found for url: https://www.refurbed.de/p/hp-elitebook-840-g1-i5-4310u-14/
2026-05-24 05:09:02,423 - INFO - Scraping 2899/6851: https://www.refurbed.de/p/hp-elitebook-840-g1-i5-5300u-14/
2026-05-24 05:09:02,673 - ERROR - Error fetching https://www.refurbed.de/p/hp-elitebook-840-g1-i5-5300u-14/: 404 Client Error: Not Found for url: https://www.refurbed.de/p/hp-elitebook-840-g1-i5-5300u-14/
2026-05-24 05:09:03,675 - INFO - Scraping 2900/6851: https://www.refurbed.de/p/hp-elitebook-840-g1-i7-14-touch/
2026-05-24 05:09:03,932 - ERROR - Error fetching https://www.refurbed.de/p/hp-elitebook-840-g1-i7-14-touch/: 404 Client Error: Not Found for url: https://www.refurbed.de/p/hp-elitebook-840-g1-i7-14-touch/
2026-05-24 05:09:04,934 - INFO - Scraping 2901/6851: https://www.refurbed.de/p/hp-elitebook-840-g1-i7-14/
2026-05-24 05:09:05,178 - ERROR - Error fetching https://www.refurbed.de/p/hp-elitebook-840-g1-i7-14/: 404 Client Error: Not Found for url: https://www.refurbed.de/p/hp-elitebook-840-g1-i7-14/
2026-05-24 05:09:06,180 - INFO - Scraping 2902/6851: https://www.refurbed.de/p/hp-elitebook-840-g10-5-7540u-14/
2026-05-24 05:09:07,567 - INFO - Scraping 2903/6851: https://www.refurbed.de/p/hp-elitebook-840-g10-i5-1335u/
2026-05-24 05:09:09,184 - INFO - Scraping 2904/6851: https://www.refurbed.de/p/hp-elitebook-840-g10-i5-1340p/
2026-05-24 05:09:10,699 - INFO - Scraping 2905/6851: https://www.refurbed.de/p/hp-elitebook-840-g10-i5-1345u/
2026-05-24 05:09:12,288 - INFO - Scraping 2906/6851: https://www.refurbed.de/p/hp-elitebook-840-g10-i5-1350p/
2026-05-24 05:09:13,835 - INFO - Scraping 2907/6851: https://www.refurbed.de/p/hp-elitebook-840-g10-i7-1355u/
2026-05-24 05:09:15,407 - INFO - Scraping 2908/6851: https://www.refurbed.de/p/hp-elitebook-840-g10-i7-1360p/
2026-05-24 05:09:16,796 - INFO - Scraping 2909/6851: https://www.refurbed.de/p/hp-elitebook-840-g10-i7-1365u/
2026-05-24 05:09:18,321 - INFO - Scraping 2910/6851: https://www.refurbed.de/p/hp-elitebook-840-g10-i7-1370p/
2026-05-24 05:09:19,710 - INFO - Scraping 2911/6851: https://www.refurbed.de/p/hp-elitebook-840-g11-5-135u/
2026-05-24 05:09:21,307 - INFO - Scraping 2912/6851: https://www.refurbed.de/p/hp-elitebook-840-g11-7-155u/
2026-05-24 05:09:22,915 - INFO - Scraping 2913/6851: https://www.refurbed.de/p/hp-elitebook-840-g2-i5-14/
2026-05-24 05:09:23,154 - ERROR - Error fetching https://www.refurbed.de/p/hp-elitebook-840-g2-i5-14/: 404 Client Error: Not Found for url: https://www.refurbed.de/p/hp-elitebook-840-g2-i5-14/
2026-05-24 05:09:24,156 - INFO - Scraping 2914/6851: https://www.refurbed.de/p/hp-elitebook-840-g2-i5-4300u-14/
2026-05-24 05:09:24,394 - ERROR - Error fetching https://www.refurbed.de/p/hp-elitebook-840-g2-i5-4300u-14/: 404 Client Error: Not Found for url: https://www.refurbed.de/p/hp-elitebook-840-g2-i5-4300u-14/
2026-05-24 05:09:25,396 - INFO - Scraping 2915/6851: https://www.refurbed.de/p/hp-elitebook-840-g2-i5-5200u-14/
2026-05-24 05:09:25,623 - ERROR - Error fetching https://www.refurbed.de/p/hp-elitebook-840-g2-i5-5200u-14/: 404 Client Error: Not Found for url: https://www.refurbed.de/p/hp-elitebook-840-g2-i5-5200u-14/
2026-05-24 05:09:26,625 - INFO - Scraping 2916/6851: https://www.refurbed.de/p/hp-elitebook-840-g2-i5-5300u-14-/
2026-05-24 05:09:26,889 - ERROR - Error fetching https://www.refurbed.de/p/hp-elitebook-840-g2-i5-5300u-14-/: 404 Client Error: Not Found for url: https://www.refurbed.de/p/hp-elitebook-840-g2-i5-5300u-14-/
2026-05-24 05:09:27,891 - INFO - Scraping 2917/6851: https://www.refurbed.de/p/hp-elitebook-840-g2-i7-5600u-14/
2026-05-24 05:09:28,144 - ERROR - Error fetching https://www.refurbed.de/p/hp-elitebook-840-g2-i7-5600u-14/: 404 Client Error: Not Found for url: https://www.refurbed.de/p/hp-elitebook-840-g2-i7-5600u-14/
2026-05-24 05:09:29,146 - INFO - Scraping 2918/6851: https://www.refurbed.de/p/hp-elitebook-840-g3-14-6100u/
2026-05-24 05:09:29,526 - ERROR - Error fetching https://www.refurbed.de/p/hp-elitebook-840-g3-14-6100u/: 404 Client Error: Not Found for url: https://www.refurbed.de/p/hp-elitebook-840-g3-14-6100u/
2026-05-24 05:09:30,529 - INFO - Scraping 2919/6851: https://www.refurbed.de/p/hp-elitebook-840-g3-14-6200u/
2026-05-24 05:09:30,821 - ERROR - Error fetching https://www.refurbed.de/p/hp-elitebook-840-g3-14-6200u/: 404 Client Error: Not Found for url: https://www.refurbed.de/p/hp-elitebook-840-g3-14-6200u/
2026-05-24 05:09:31,824 - INFO - Scraping 2920/6851: https://www.refurbed.de/p/hp-elitebook-840-g3-14-i5-6300u/
2026-05-24 05:09:32,048 - ERROR - Error fetching https://www.refurbed.de/p/hp-elitebook-840-g3-14-i5-6300u/: 404 Client Error: Not Found for url: https://www.refurbed.de/p/hp-elitebook-840-g3-14-i5-6300u/
2026-05-24 05:09:33,051 - INFO - Scraping 2921/6851: https://www.refurbed.de/p/hp-elitebook-840-g3-i7-6500u/
2026-05-24 05:09:33,318 - ERROR - Error fetching https://www.refurbed.de/p/hp-elitebook-840-g3-i7-6500u/: 404 Client Error: Not Found for url: https://www.refurbed.de/p/hp-elitebook-840-g3-i7-6500u/
2026-05-24 05:09:34,320 - INFO - Scraping 2922/6851: https://www.refurbed.de/p/hp-elitebook-840-g3-i7-6600u-14/
2026-05-24 05:09:34,704 - ERROR - Error fetching https://www.refurbed.de/p/hp-elitebook-840-g3-i7-6600u-14/: 404 Client Error: Not Found for url: https://www.refurbed.de/p/hp-elitebook-840-g3-i7-6600u-14/
2026-05-24 05:09:35,706 - INFO - Scraping 2923/6851: https://www.refurbed.de/p/hp-elitebook-840-g4-7200u/
2026-05-24 05:09:35,938 - ERROR - Error fetching https://www.refurbed.de/p/hp-elitebook-840-g4-7200u/: 404 Client Error: Not Found for url: https://www.refurbed.de/p/hp-elitebook-840-g4-7200u/
2026-05-24 05:09:36,940 - INFO - Scraping 2924/6851: https://www.refurbed.de/p/hp-elitebook-840-g4-i5-7300u/
2026-05-24 05:09:37,183 - ERROR - Error fetching https://www.refurbed.de/p/hp-elitebook-840-g4-i5-7300u/: 404 Client Error: Not Found for url: https://www.refurbed.de/p/hp-elitebook-840-g4-i5-7300u/
2026-05-24 05:09:38,186 - INFO - Scraping 2925/6851: https://www.refurbed.de/p/hp-elitebook-840-g4-i5-8250u-14/
2026-05-24 05:09:39,585 - INFO - Scraping 2926/6851: https://www.refurbed.de/p/hp-elitebook-840-g4-i5-8350u/
2026-05-24 05:09:40,986 - INFO - Scraping 2927/6851: https://www.refurbed.de/p/hp-elitebook-840-g4-i7-7500u/
2026-05-24 05:09:41,223 - ERROR - Error fetching https://www.refurbed.de/p/hp-elitebook-840-g4-i7-7500u/: 404 Client Error: Not Found for url: https://www.refurbed.de/p/hp-elitebook-840-g4-i7-7500u/
2026-05-24 05:09:42,225 - INFO - Scraping 2928/6851: https://www.refurbed.de/p/hp-elitebook-840-g4-i7-7600u/
2026-05-24 05:09:42,468 - ERROR - Error fetching https://www.refurbed.de/p/hp-elitebook-840-g4-i7-7600u/: 404 Client Error: Not Found for url: https://www.refurbed.de/p/hp-elitebook-840-g4-i7-7600u/
2026-05-24 05:09:43,470 - INFO - Scraping 2929/6851: https://www.refurbed.de/p/hp-elitebook-840-g5-7600u/
2026-05-24 05:09:43,747 - ERROR - Error fetching https://www.refurbed.de/p/hp-elitebook-840-g5-7600u/: 404 Client Error: Not Found for url: https://www.refurbed.de/p/hp-elitebook-840-g5-7600u/
2026-05-24 05:09:44,749 - INFO - Scraping 2930/6851: https://www.refurbed.de/p/hp-elitebook-840-g5-8350u/
2026-05-24 05:09:46,544 - INFO - Scraping 2931/6851: https://www.refurbed.de/p/hp-elitebook-840-g5-8650u/
2026-05-24 05:09:48,430 - INFO - Scraping 2932/6851: https://www.refurbed.de/p/hp-elitebook-840-g5-i5-7200u/
2026-05-24 05:09:48,665 - ERROR - Error fetching https://www.refurbed.de/p/hp-elitebook-840-g5-i5-7200u/: 404 Client Error: Not Found for url: https://www.refurbed.de/p/hp-elitebook-840-g5-i5-7200u/
2026-05-24 05:09:49,667 - INFO - Scraping 2933/6851: https://www.refurbed.de/p/hp-elitebook-840-g5-i5-7300u-14/
2026-05-24 05:09:49,924 - ERROR - Error fetching https://www.refurbed.de/p/hp-elitebook-840-g5-i5-7300u-14/: 404 Client Error: Not Found for url: https://www.refurbed.de/p/hp-elitebook-840-g5-i5-7300u-14/
2026-05-24 05:09:50,926 - INFO - Scraping 2934/6851: https://www.refurbed.de/p/hp-elitebook-840-g5-i5-8250u-14/
2026-05-24 05:09:52,451 - INFO - Scraping 2935/6851: https://www.refurbed.de/p/hp-elitebook-840-g5-i5-8265u/
2026-05-24 05:09:54,068 - INFO - Scraping 2936/6851: https://www.refurbed.de/p/hp-elitebook-840-g5-i7-8550u/
2026-05-24 05:09:55,580 - INFO - Scraping 2937/6851: https://www.refurbed.de/p/hp-elitebook-840-g6-i5-8265u/
2026-05-24 05:09:57,193 - INFO - Scraping 2938/6851: https://www.refurbed.de/p/hp-elitebook-840-g6-i5-8350u/
2026-05-24 05:09:58,776 - INFO - Scraping 2939/6851: https://www.refurbed.de/p/hp-elitebook-840-g6-i5-8365u/
2026-05-24 05:10:00,450 - INFO - Scraping 2940/6851: https://www.refurbed.de/p/hp-elitebook-840-g6-i7-8565u/
2026-05-24 05:10:02,118 - INFO - Scraping 2941/6851: https://www.refurbed.de/p/hp-elitebook-840-g6-i7-8665u/
2026-05-24 05:10:03,755 - INFO - Scraping 2942/6851: https://www.refurbed.de/p/hp-elitebook-840-g8-1145g7-14/
2026-05-24 05:10:05,593 - INFO - Scraping 2943/6851: https://www.refurbed.de/p/hp-elitebook-840-g8-i5-1135g7-14/
2026-05-24 05:10:07,461 - INFO - Scraping 2944/6851: https://www.refurbed.de/p/hp-elitebook-840-g8-i7-1165g7-14/
2026-05-24 05:10:09,195 - INFO - Scraping 2945/6851: https://www.refurbed.de/p/hp-elitebook-840-g8-i7-1185g7/
2026-05-24 05:10:10,742 - INFO - Scraping 2946/6851: https://www.refurbed.de/p/hp-elitebook-840-g9-1240p-16/
2026-05-24 05:10:12,254 - INFO - Scraping 2947/6851: https://www.refurbed.de/p/hp-elitebook-840-g9-1250p-16/
2026-05-24 05:10:13,644 - INFO - Scraping 2948/6851: https://www.refurbed.de/p/hp-elitebook-840-g9-i5-1235u/
2026-05-24 05:10:15,257 - INFO - Scraping 2949/6851: https://www.refurbed.de/p/hp-elitebook-840-g9-i5-1245u/
2026-05-24 05:10:16,871 - INFO - Scraping 2950/6851: https://www.refurbed.de/p/hp-elitebook-840-g9-i7-1255u/
2026-05-24 05:10:18,582 - INFO - Scraping 2951/6851: https://www.refurbed.de/p/hp-elitebook-840-g9-i7-1260p/
2026-05-24 05:10:20,191 - INFO - Scraping 2952/6851: https://www.refurbed.de/p/hp-elitebook-840/
2026-05-24 05:10:20,782 - ERROR - Error fetching https://www.refurbed.de/p/hp-elitebook-840/: 404 Client Error: Not Found for url: https://www.refurbed.de/p/hp-elitebook-840/
2026-05-24 05:10:21,784 - INFO - Scraping 2953/6851: https://www.refurbed.de/p/hp-elitebook-840r-g4-i5-8350u/
2026-05-24 05:10:23,528 - INFO - Scraping 2954/6851: https://www.refurbed.de/p/hp-elitebook-845-g10-5-7540u/
2026-05-24 05:10:26,169 - INFO - Scraping 2955/6851: https://www.refurbed.de/p/hp-elitebook-845-g10-7-7840u/
2026-05-24 05:10:27,860 - INFO - Scraping 2956/6851: https://www.refurbed.de/p/hp-elitebook-845-g7-4650u/
2026-05-24 05:10:29,614 - INFO - Scraping 2957/6851: https://www.refurbed.de/p/hp-elitebook-845-g7-4750u/
2026-05-24 05:10:31,109 - INFO - Scraping 2958/6851: https://www.refurbed.de/p/hp-elitebook-845-g7-r5-pro-4450u/
2026-05-24 05:10:32,921 - INFO - Scraping 2959/6851: https://www.refurbed.de/p/hp-elitebook-845-g8-5400u-14/
2026-05-24 05:10:34,461 - INFO - Scraping 2960/6851: https://www.refurbed.de/p/hp-elitebook-845-g8-5600u-14/
2026-05-24 05:10:35,875 - INFO - Scraping 2961/6851: https://www.refurbed.de/p/hp-elitebook-845-g8-pro-5650u-14/
2026-05-24 05:10:37,478 - INFO - Scraping 2962/6851: https://www.refurbed.de/p/hp-elitebook-845-g8-r7-pro-5850u/
2026-05-24 05:10:39,030 - INFO - Scraping 2963/6851: https://www.refurbed.de/p/hp-elitebook-845-g9-5-pro-6650u/
2026-05-24 05:10:40,520 - INFO - Scraping 2964/6851: https://www.refurbed.de/p/hp-elitebook-850-g1-4310u/
2026-05-24 05:10:40,833 - ERROR - Error fetching https://www.refurbed.de/p/hp-elitebook-850-g1-4310u/: 404 Client Error: Not Found for url: https://www.refurbed.de/p/hp-elitebook-850-g1-4310u/
2026-05-24 05:10:41,835 - INFO - Scraping 2965/6851: https://www.refurbed.de/p/hp-elitebook-850-g1-4600u/
2026-05-24 05:10:42,076 - ERROR - Error fetching https://www.refurbed.de/p/hp-elitebook-850-g1-4600u/: 404 Client Error: Not Found for url: https://www.refurbed.de/p/hp-elitebook-850-g1-4600u/
2026-05-24 05:10:43,079 - INFO - Scraping 2966/6851: https://www.refurbed.de/p/hp-elitebook-850-g1-i5-4200u-15-/
2026-05-24 05:10:43,320 - ERROR - Error fetching https://www.refurbed.de/p/hp-elitebook-850-g1-i5-4200u-15-/: 404 Client Error: Not Found for url: https://www.refurbed.de/p/hp-elitebook-850-g1-i5-4200u-15-/
2026-05-24 05:10:44,323 - INFO - Scraping 2967/6851: https://www.refurbed.de/p/hp-elitebook-850-g1-i5-4300u-15-/
2026-05-24 05:10:44,597 - ERROR - Error fetching https://www.refurbed.de/p/hp-elitebook-850-g1-i5-4300u-15-/: 404 Client Error: Not Found for url: https://www.refurbed.de/p/hp-elitebook-850-g1-i5-4300u-15-/
2026-05-24 05:10:45,600 - INFO - Scraping 2968/6851: https://www.refurbed.de/p/hp-elitebook-850-g1-i7-15-6/
2026-05-24 05:10:45,855 - ERROR - Error fetching https://www.refurbed.de/p/hp-elitebook-850-g1-i7-15-6/: 404 Client Error: Not Found for url: https://www.refurbed.de/p/hp-elitebook-850-g1-i7-15-6/
2026-05-24 05:10:46,857 - INFO - Scraping 2969/6851: https://www.refurbed.de/p/hp-elitebook-850-g2-i5-15-6/
2026-05-24 05:10:47,098 - ERROR - Error fetching https://www.refurbed.de/p/hp-elitebook-850-g2-i5-15-6/: 404 Client Error: Not Found for url: https://www.refurbed.de/p/hp-elitebook-850-g2-i5-15-6/
2026-05-24 05:10:48,101 - INFO - Scraping 2970/6851: https://www.refurbed.de/p/hp-elitebook-850-g2-i5-4570t/
2026-05-24 05:10:48,361 - ERROR - Error fetching https://www.refurbed.de/p/hp-elitebook-850-g2-i5-4570t/: 404 Client Error: Not Found for url: https://www.refurbed.de/p/hp-elitebook-850-g2-i5-4570t/
2026-05-24 05:10:49,363 - INFO - Scraping 2971/6851: https://www.refurbed.de/p/hp-elitebook-850-g2-i5-5300u-15-/
2026-05-24 05:10:49,608 - ERROR - Error fetching https://www.refurbed.de/p/hp-elitebook-850-g2-i5-5300u-15-/: 404 Client Error: Not Found for url: https://www.refurbed.de/p/hp-elitebook-850-g2-i5-5300u-15-/
2026-05-24 05:10:50,610 - INFO - Scraping 2972/6851: https://www.refurbed.de/p/hp-elitebook-850-g2-i7-5600u-15-/
2026-05-24 05:10:50,873 - ERROR - Error fetching https://www.refurbed.de/p/hp-elitebook-850-g2-i7-5600u-15-/: 404 Client Error: Not Found for url: https://www.refurbed.de/p/hp-elitebook-850-g2-i7-5600u-15-/
2026-05-24 05:10:51,876 - INFO - Scraping 2973/6851: https://www.refurbed.de/p/hp-elitebook-850-g3-6200u/
2026-05-24 05:10:52,129 - ERROR - Error fetching https://www.refurbed.de/p/hp-elitebook-850-g3-6200u/: 404 Client Error: Not Found for url: https://www.refurbed.de/p/hp-elitebook-850-g3-6200u/
2026-05-24 05:10:53,131 - INFO - Scraping 2974/6851: https://www.refurbed.de/p/hp-elitebook-850-g3-6300u/
2026-05-24 05:10:53,366 - ERROR - Error fetching https://www.refurbed.de/p/hp-elitebook-850-g3-6300u/: 404 Client Error: Not Found for url: https://www.refurbed.de/p/hp-elitebook-850-g3-6300u/
2026-05-24 05:10:54,368 - INFO - Scraping 2975/6851: https://www.refurbed.de/p/hp-elitebook-850-g3-i7-6500u-15/
2026-05-24 05:10:54,622 - ERROR - Error fetching https://www.refurbed.de/p/hp-elitebook-850-g3-i7-6500u-15/: 404 Client Error: Not Found for url: https://www.refurbed.de/p/hp-elitebook-850-g3-i7-6500u-15/
2026-05-24 05:10:55,624 - INFO - Scraping 2976/6851: https://www.refurbed.de/p/hp-elitebook-850-g3-i7-6600u-15/
2026-05-24 05:10:55,860 - ERROR - Error fetching https://www.refurbed.de/p/hp-elitebook-850-g3-i7-6600u-15/: 404 Client Error: Not Found for url: https://www.refurbed.de/p/hp-elitebook-850-g3-i7-6600u-15/
2026-05-24 05:10:56,862 - INFO - Scraping 2977/6851: https://www.refurbed.de/p/hp-elitebook-850-g4-7200u/
2026-05-24 05:10:57,135 - ERROR - Error fetching https://www.refurbed.de/p/hp-elitebook-850-g4-7200u/: 404 Client Error: Not Found for url: https://www.refurbed.de/p/hp-elitebook-850-g4-7200u/
2026-05-24 05:10:58,137 - INFO - Scraping 2978/6851: https://www.refurbed.de/p/hp-elitebook-850-g4-7300u/
2026-05-24 05:10:58,521 - ERROR - Error fetching https://www.refurbed.de/p/hp-elitebook-850-g4-7300u/: 404 Client Error: Not Found for url: https://www.refurbed.de/p/hp-elitebook-850-g4-7300u/
2026-05-24 05:10:59,523 - INFO - Scraping 2979/6851: https://www.refurbed.de/p/hp-elitebook-850-g4-7600u/
2026-05-24 05:10:59,798 - ERROR - Error fetching https://www.refurbed.de/p/hp-elitebook-850-g4-7600u/: 404 Client Error: Not Found for url: https://www.refurbed.de/p/hp-elitebook-850-g4-7600u/
2026-05-24 05:11:00,800 - INFO - Scraping 2980/6851: https://www.refurbed.de/p/hp-elitebook-850-g4-i7-7500u/
2026-05-24 05:11:01,050 - ERROR - Error fetching https://www.refurbed.de/p/hp-elitebook-850-g4-i7-7500u/: 404 Client Error: Not Found for url: https://www.refurbed.de/p/hp-elitebook-850-g4-i7-7500u/
2026-05-24 05:11:02,052 - INFO - Scraping 2981/6851: https://www.refurbed.de/p/hp-elitebook-850-g5-i5-7200u/
2026-05-24 05:11:02,298 - ERROR - Error fetching https://www.refurbed.de/p/hp-elitebook-850-g5-i5-7200u/: 404 Client Error: Not Found for url: https://www.refurbed.de/p/hp-elitebook-850-g5-i5-7200u/
2026-05-24 05:11:03,301 - INFO - Scraping 2982/6851: https://www.refurbed.de/p/hp-elitebook-850-g5-i5-7300u-156/
2026-05-24 05:11:03,531 - ERROR - Error fetching https://www.refurbed.de/p/hp-elitebook-850-g5-i5-7300u-156/: 404 Client Error: Not Found for url: https://www.refurbed.de/p/hp-elitebook-850-g5-i5-7300u-156/
2026-05-24 05:11:04,534 - INFO - Scraping 2983/6851: https://www.refurbed.de/p/hp-elitebook-850-g5-i5-8250u-156/
2026-05-24 05:11:06,121 - INFO - Scraping 2984/6851: https://www.refurbed.de/p/hp-elitebook-850-g5-i5-8350u-156/
2026-05-24 05:11:07,685 - INFO - Scraping 2985/6851: https://www.refurbed.de/p/hp-elitebook-850-g5-i7-7500u/
2026-05-24 05:11:07,927 - ERROR - Error fetching https://www.refurbed.de/p/hp-elitebook-850-g5-i7-7500u/: 404 Client Error: Not Found for url: https://www.refurbed.de/p/hp-elitebook-850-g5-i7-7500u/
2026-05-24 05:11:08,929 - INFO - Scraping 2986/6851: https://www.refurbed.de/p/hp-elitebook-850-g5-i7-8550u-156/
2026-05-24 05:11:10,374 - INFO - Scraping 2987/6851: https://www.refurbed.de/p/hp-elitebook-850-g5-i7-8650u-156/
2026-05-24 05:11:11,892 - INFO - Scraping 2988/6851: https://www.refurbed.de/p/hp-elitebook-850-g6-i5-8265u-15/
2026-05-24 05:11:13,316 - INFO - Scraping 2989/6851: https://www.refurbed.de/p/hp-elitebook-850-g6-i5-8350u/
2026-05-24 05:11:14,867 - INFO - Scraping 2990/6851: https://www.refurbed.de/p/hp-elitebook-850-g6-i5-83650u/
2026-05-24 05:11:16,438 - INFO - Scraping 2991/6851: https://www.refurbed.de/p/hp-elitebook-850-g6-i7-8565u/
2026-05-24 05:11:17,968 - INFO - Scraping 2992/6851: https://www.refurbed.de/p/hp-elitebook-850-g6-i7-8650u/
2026-05-24 05:11:19,497 - INFO - Scraping 2993/6851: https://www.refurbed.de/p/hp-elitebook-850-g6-i7-8665u/
2026-05-24 05:11:21,255 - INFO - Scraping 2994/6851: https://www.refurbed.de/p/hp-elitebook-850-g7-10210u/
2026-05-24 05:11:22,977 - INFO - Scraping 2995/6851: https://www.refurbed.de/p/hp-elitebook-850-g7-10510u-15-6/
2026-05-24 05:11:24,376 - INFO - Scraping 2996/6851: https://www.refurbed.de/p/hp-elitebook-850-g7-10610u-15-6/
2026-05-24 05:11:25,873 - INFO - Scraping 2997/6851: https://www.refurbed.de/p/hp-elitebook-850-g7-i5-10310u/
2026-05-24 05:11:27,454 - INFO - Scraping 2998/6851: https://www.refurbed.de/p/hp-elitebook-850-g8-1135g7/
2026-05-24 05:11:29,316 - INFO - Scraping 2999/6851: https://www.refurbed.de/p/hp-elitebook-850-g8-1145g7-15-6/
2026-05-24 05:11:30,853 - INFO - Scraping 3000/6851: https://www.refurbed.de/p/hp-elitebook-850-g8-1165g7-15-6/
2026-05-24 05:11:32,405 - INFO - Scraping 3001/6851: https://www.refurbed.de/p/hp-elitebook-850-g8-1185g7/
2026-05-24 05:11:33,931 - INFO - Scraping 3002/6851: https://www.refurbed.de/p/hp-elitebook-855-g7-r7-pro-4750u/
2026-05-24 05:11:35,450 - INFO - Scraping 3003/6851: https://www.refurbed.de/p/hp-elitebook-855-g7-ryzen-5-pro/
2026-05-24 05:11:37,019 - INFO - Scraping 3004/6851: https://www.refurbed.de/p/hp-elitebook-855-g8-ryzen-5650u/
2026-05-24 05:11:38,558 - INFO - Scraping 3005/6851: https://www.refurbed.de/p/hp-elitebook-855-g8-ryzen-7-pro/
2026-05-24 05:11:40,143 - INFO - Scraping 3006/6851: https://www.refurbed.de/p/hp-elitebook-860-g10-i5-1335u/
2026-05-24 05:11:41,649 - INFO - Scraping 3007/6851: https://www.refurbed.de/p/hp-elitebook-860-g10-i5-1345u/
2026-05-24 05:11:43,324 - INFO - Scraping 3008/6851: https://www.refurbed.de/p/hp-elitebook-860-g10-i7-1355u/
2026-05-24 05:11:44,953 - INFO - Scraping 3009/6851: https://www.refurbed.de/p/hp-elitebook-860-g10-i7-1360p/
2026-05-24 05:11:46,454 - INFO - Scraping 3010/6851: https://www.refurbed.de/p/hp-elitebook-860-g10-i7-1365u/
2026-05-24 05:11:47,863 - INFO - Scraping 3011/6851: https://www.refurbed.de/p/hp-elitebook-860-g11-5-125h/
2026-05-24 05:11:49,244 - INFO - Scraping 3012/6851: https://www.refurbed.de/p/hp-elitebook-860-g11-5-125u/
2026-05-24 05:11:50,889 - INFO - Scraping 3013/6851: https://www.refurbed.de/p/hp-elitebook-860-g11-7-155h/
2026-05-24 05:11:52,345 - INFO - Scraping 3014/6851: https://www.refurbed.de/p/hp-elitebook-860-g11-7-155u/
2026-05-24 05:11:53,724 - INFO - Scraping 3015/6851: https://www.refurbed.de/p/hp-elitebook-860-g9-1235u-16/
2026-05-24 05:11:59,920 - INFO - Scraping 3016/6851: https://www.refurbed.de/p/hp-elitebook-860-g9-i5-1245u/
2026-05-24 05:12:01,442 - INFO - Scraping 3017/6851: https://www.refurbed.de/p/hp-elitebook-860-g9-i7-1255u/
2026-05-24 05:12:03,027 - INFO - Scraping 3018/6851: https://www.refurbed.de/p/hp-elitebook-860-g9-i7-1260p/
2026-05-24 05:12:04,561 - INFO - Scraping 3019/6851: https://www.refurbed.de/p/hp-elitebook-860-g9-i7-1265u/
2026-05-24 05:12:05,956 - INFO - Scraping 3020/6851: https://www.refurbed.de/p/hp-elitebook-865-g10-r-5-7540u/
2026-05-24 05:12:07,310 - INFO - Scraping 3021/6851: https://www.refurbed.de/p/hp-elitebook-865-g9-5-6650u/
2026-05-24 05:12:08,862 - INFO - Scraping 3022/6851: https://www.refurbed.de/p/hp-elitebook-folio-1040-g1-4200u/
2026-05-24 05:12:09,129 - ERROR - Error fetching https://www.refurbed.de/p/hp-elitebook-folio-1040-g1-4200u/: 404 Client Error: Not Found for url: https://www.refurbed.de/p/hp-elitebook-folio-1040-g1-4200u/
2026-05-24 05:12:10,132 - INFO - Scraping 3023/6851: https://www.refurbed.de/p/hp-elitebook-folio-1040-g1-4300u/
2026-05-24 05:12:10,362 - ERROR - Error fetching https://www.refurbed.de/p/hp-elitebook-folio-1040-g1-4300u/: 404 Client Error: Not Found for url: https://www.refurbed.de/p/hp-elitebook-folio-1040-g1-4300u/
2026-05-24 05:12:11,364 - INFO - Scraping 3024/6851: https://www.refurbed.de/p/hp-elitebook-folio-1040-g1-4600u/
2026-05-24 05:12:11,615 - ERROR - Error fetching https://www.refurbed.de/p/hp-elitebook-folio-1040-g1-4600u/: 404 Client Error: Not Found for url: https://www.refurbed.de/p/hp-elitebook-folio-1040-g1-4600u/
2026-05-24 05:12:12,618 - INFO - Scraping 3025/6851: https://www.refurbed.de/p/hp-elitebook-folio-1040-g2-5200u/
2026-05-24 05:12:12,862 - ERROR - Error fetching https://www.refurbed.de/p/hp-elitebook-folio-1040-g2-5200u/: 404 Client Error: Not Found for url: https://www.refurbed.de/p/hp-elitebook-folio-1040-g2-5200u/
2026-05-24 05:12:13,865 - INFO - Scraping 3026/6851: https://www.refurbed.de/p/hp-elitebook-folio-1040-g2-5300u/
2026-05-24 05:12:14,091 - ERROR - Error fetching https://www.refurbed.de/p/hp-elitebook-folio-1040-g2-5300u/: 404 Client Error: Not Found for url: https://www.refurbed.de/p/hp-elitebook-folio-1040-g2-5300u/
2026-05-24 05:12:15,093 - INFO - Scraping 3027/6851: https://www.refurbed.de/p/hp-elitebook-folio-1040-g2-5600u/
2026-05-24 05:12:15,323 - ERROR - Error fetching https://www.refurbed.de/p/hp-elitebook-folio-1040-g2-5600u/: 404 Client Error: Not Found for url: https://www.refurbed.de/p/hp-elitebook-folio-1040-g2-5600u/
2026-05-24 05:12:16,325 - INFO - Scraping 3028/6851: https://www.refurbed.de/p/hp-elitebook-folio-1040-g3-6200u/
2026-05-24 05:12:16,555 - ERROR - Error fetching https://www.refurbed.de/p/hp-elitebook-folio-1040-g3-6200u/: 404 Client Error: Not Found for url: https://www.refurbed.de/p/hp-elitebook-folio-1040-g3-6200u/
2026-05-24 05:12:17,557 - INFO - Scraping 3029/6851: https://www.refurbed.de/p/hp-elitebook-folio-1040-g3-6300u/
2026-05-24 05:12:17,955 - ERROR - Error fetching https://www.refurbed.de/p/hp-elitebook-folio-1040-g3-6300u/: 404 Client Error: Not Found for url: https://www.refurbed.de/p/hp-elitebook-folio-1040-g3-6300u/
2026-05-24 05:12:18,957 - INFO - Scraping 3030/6851: https://www.refurbed.de/p/hp-elitebook-folio-1040-g3-6600u/
2026-05-24 05:12:19,183 - ERROR - Error fetching https://www.refurbed.de/p/hp-elitebook-folio-1040-g3-6600u/: 404 Client Error: Not Found for url: https://www.refurbed.de/p/hp-elitebook-folio-1040-g3-6600u/
2026-05-24 05:12:20,185 - INFO - Scraping 3031/6851: https://www.refurbed.de/p/hp-elitebook-folio-1040-g3-i7-65/
2026-05-24 05:12:20,590 - ERROR - Error fetching https://www.refurbed.de/p/hp-elitebook-folio-1040-g3-i7-65/: 404 Client Error: Not Found for url: https://www.refurbed.de/p/hp-elitebook-folio-1040-g3-i7-65/
2026-05-24 05:12:21,592 - INFO - Scraping 3032/6851: https://www.refurbed.de/p/hp-elitebook-folio-2-in-1-13-5/
2026-05-24 05:12:23,117 - INFO - Scraping 3033/6851: https://www.refurbed.de/p/hp-elitebook-folio-9480m-i5-4310/
2026-05-24 05:12:23,347 - ERROR - Error fetching https://www.refurbed.de/p/hp-elitebook-folio-9480m-i5-4310/: 404 Client Error: Not Found for url: https://www.refurbed.de/p/hp-elitebook-folio-9480m-i5-4310/
2026-05-24 05:12:24,349 - INFO - Scraping 3034/6851: https://www.refurbed.de/p/hp-elitebook-folio-g1-m7-6y75/
2026-05-24 05:12:24,577 - ERROR - Error fetching https://www.refurbed.de/p/hp-elitebook-folio-g1-m7-6y75/: 404 Client Error: Not Found for url: https://www.refurbed.de/p/hp-elitebook-folio-g1-m7-6y75/
2026-05-24 05:12:25,579 - INFO - Scraping 3035/6851: https://www.refurbed.de/p/hp-elitebook-g7-10510u/
2026-05-24 05:12:27,031 - INFO - Scraping 3036/6851: https://www.refurbed.de/p/hp-elitebook-g7-10610u/
2026-05-24 05:12:28,556 - INFO - Scraping 3037/6851: https://www.refurbed.de/p/hp-elitebook-g7-i5-10210u/
2026-05-24 05:12:30,148 - INFO - Scraping 3038/6851: https://www.refurbed.de/p/hp-elitebook-g7-i5-10310u/
2026-05-24 05:12:31,567 - INFO - Scraping 3039/6851: https://www.refurbed.de/p/hp-elitebook-x360-1020-g2-7300u/
2026-05-24 05:12:31,818 - ERROR - Error fetching https://www.refurbed.de/p/hp-elitebook-x360-1020-g2-7300u/: 404 Client Error: Not Found for url: https://www.refurbed.de/p/hp-elitebook-x360-1020-g2-7300u/
2026-05-24 05:12:32,820 - INFO - Scraping 3040/6851: https://www.refurbed.de/p/hp-elitebook-x360-1030-g2-7200u/
2026-05-24 05:12:33,044 - ERROR - Error fetching https://www.refurbed.de/p/hp-elitebook-x360-1030-g2-7200u/: 404 Client Error: Not Found for url: https://www.refurbed.de/p/hp-elitebook-x360-1030-g2-7200u/
2026-05-24 05:12:34,046 - INFO - Scraping 3041/6851: https://www.refurbed.de/p/hp-elitebook-x360-1030-g2-7300u/
2026-05-24 05:12:34,315 - ERROR - Error fetching https://www.refurbed.de/p/hp-elitebook-x360-1030-g2-7300u/: 404 Client Error: Not Found for url: https://www.refurbed.de/p/hp-elitebook-x360-1030-g2-7300u/
2026-05-24 05:12:35,317 - INFO - Scraping 3042/6851: https://www.refurbed.de/p/hp-elitebook-x360-1030-g2-7500u/
2026-05-24 05:12:35,559 - ERROR - Error fetching https://www.refurbed.de/p/hp-elitebook-x360-1030-g2-7500u/: 404 Client Error: Not Found for url: https://www.refurbed.de/p/hp-elitebook-x360-1030-g2-7500u/
2026-05-24 05:12:36,561 - INFO - Scraping 3043/6851: https://www.refurbed.de/p/hp-elitebook-x360-1030-g2-7600u/
2026-05-24 05:12:36,793 - ERROR - Error fetching https://www.refurbed.de/p/hp-elitebook-x360-1030-g2-7600u/: 404 Client Error: Not Found for url: https://www.refurbed.de/p/hp-elitebook-x360-1030-g2-7600u/
2026-05-24 05:12:37,795 - INFO - Scraping 3044/6851: https://www.refurbed.de/p/hp-elitebook-x360-1030-g3-7600u/
2026-05-24 05:12:38,046 - ERROR - Error fetching https://www.refurbed.de/p/hp-elitebook-x360-1030-g3-7600u/: 404 Client Error: Not Found for url: https://www.refurbed.de/p/hp-elitebook-x360-1030-g3-7600u/
2026-05-24 05:12:39,048 - INFO - Scraping 3045/6851: https://www.refurbed.de/p/hp-elitebook-x360-1030-g3-8250u/
2026-05-24 05:12:40,723 - INFO - Scraping 3046/6851: https://www.refurbed.de/p/hp-elitebook-x360-1030-g3-8350u/
2026-05-24 05:12:42,262 - INFO - Scraping 3047/6851: https://www.refurbed.de/p/hp-elitebook-x360-1030-g3-85550u/
2026-05-24 05:12:43,980 - INFO - Scraping 3048/6851: https://www.refurbed.de/p/hp-elitebook-x360-1030-g3-8650u/
2026-05-24 05:12:45,420 - INFO - Scraping 3049/6851: https://www.refurbed.de/p/hp-elitebook-x360-1030-g3-8850u/
2026-05-24 05:12:45,650 - ERROR - Error fetching https://www.refurbed.de/p/hp-elitebook-x360-1030-g3-8850u/: 404 Client Error: Not Found for url: https://www.refurbed.de/p/hp-elitebook-x360-1030-g3-8850u/
2026-05-24 05:12:46,652 - INFO - Scraping 3050/6851: https://www.refurbed.de/p/hp-elitebook-x360-1030-g4-8265u/
2026-05-24 05:12:48,012 - INFO - Scraping 3051/6851: https://www.refurbed.de/p/hp-elitebook-x360-1030-g4-8365u/
2026-05-24 05:12:49,523 - INFO - Scraping 3052/6851: https://www.refurbed.de/p/hp-elitebook-x360-1030-g7-10210u/
2026-05-24 05:12:51,072 - INFO - Scraping 3053/6851: https://www.refurbed.de/p/hp-elitebook-x360-1030-g7-10310u/
2026-05-24 05:12:52,745 - INFO - Scraping 3054/6851: https://www.refurbed.de/p/hp-elitebook-x360-1030-g7-10610u/
2026-05-24 05:12:54,329 - INFO - Scraping 3055/6851: https://www.refurbed.de/p/hp-elitebook-x360-1030-g7-10810u/
2026-05-24 05:12:55,829 - INFO - Scraping 3056/6851: https://www.refurbed.de/p/hp-elitebook-x360-1030-g8-1135g7/
2026-05-24 05:12:57,446 - INFO - Scraping 3057/6851: https://www.refurbed.de/p/hp-elitebook-x360-1030-g8-1145g7/
2026-05-24 05:12:59,007 - INFO - Scraping 3058/6851: https://www.refurbed.de/p/hp-elitebook-x360-1030-g8-1165g7/
2026-05-24 05:13:00,500 - INFO - Scraping 3059/6851: https://www.refurbed.de/p/hp-elitebook-x360-1030-g8-1185g7/
2026-05-24 05:13:02,032 - INFO - Scraping 3060/6851: https://www.refurbed.de/p/hp-elitebook-x360-1040-g10-1355u/
2026-05-24 05:13:03,414 - INFO - Scraping 3061/6851: https://www.refurbed.de/p/hp-elitebook-x360-1040-g5-8250u/
2026-05-24 05:13:04,876 - INFO - Scraping 3062/6851: https://www.refurbed.de/p/hp-elitebook-x360-1040-g5-8350u/
2026-05-24 05:13:06,286 - INFO - Scraping 3063/6851: https://www.refurbed.de/p/hp-elitebook-x360-1040-g5-8550u/
2026-05-24 05:13:07,672 - INFO - Scraping 3064/6851: https://www.refurbed.de/p/hp-elitebook-x360-1040-g6-8265u/
2026-05-24 05:13:09,031 - INFO - Scraping 3065/6851: https://www.refurbed.de/p/hp-elitebook-x360-1040-g6-8365u/
2026-05-24 05:13:10,535 - INFO - Scraping 3066/6851: https://www.refurbed.de/p/hp-elitebook-x360-1040-g6-8565u/
2026-05-24 05:13:12,188 - INFO - Scraping 3067/6851: https://www.refurbed.de/p/hp-elitebook-x360-1040-g6-8665u/
2026-05-24 05:13:13,717 - INFO - Scraping 3068/6851: https://www.refurbed.de/p/hp-elitebook-x360-1040-g7-10310u/
2026-05-24 05:13:15,227 - INFO - Scraping 3069/6851: https://www.refurbed.de/p/hp-elitebook-x360-1040-g7-10610u/
2026-05-24 05:13:16,610 - INFO - Scraping 3070/6851: https://www.refurbed.de/p/hp-elitebook-x360-1040-g7-10710u/
2026-05-24 05:13:18,186 - INFO - Scraping 3071/6851: https://www.refurbed.de/p/hp-elitebook-x360-1040-g8-1135g7/
2026-05-24 05:13:19,767 - INFO - Scraping 3072/6851: https://www.refurbed.de/p/hp-elitebook-x360-1040-g8-1146g7/
2026-05-24 05:13:21,265 - INFO - Scraping 3073/6851: https://www.refurbed.de/p/hp-elitebook-x360-1040-g8-1165g7/
2026-05-24 05:13:22,833 - INFO - Scraping 3074/6851: https://www.refurbed.de/p/hp-elitebook-x360-1040-g8-1185g7/
2026-05-24 05:13:24,287 - INFO - Scraping 3075/6851: https://www.refurbed.de/p/hp-elitebook-x360-1040-g9-1235u/
2026-05-24 05:13:25,814 - INFO - Scraping 3076/6851: https://www.refurbed.de/p/hp-elitebook-x360-1040-g9-1245u/
2026-05-24 05:13:27,331 - INFO - Scraping 3077/6851: https://www.refurbed.de/p/hp-elitebook-x360-1040-g9-1255u/
2026-05-24 05:13:28,899 - INFO - Scraping 3078/6851: https://www.refurbed.de/p/hp-elitebook-x360-1040-g9-1265u/
2026-05-24 05:13:30,402 - INFO - Scraping 3079/6851: https://www.refurbed.de/p/hp-elitebook-x360-830-g10-1335u/
2026-05-24 05:13:31,832 - INFO - Scraping 3080/6851: https://www.refurbed.de/p/hp-elitebook-x360-830-g10-1355u/
2026-05-24 05:13:33,277 - INFO - Scraping 3081/6851: https://www.refurbed.de/p/hp-elitebook-x360-830-g6-8265u/
2026-05-24 05:13:34,840 - INFO - Scraping 3082/6851: https://www.refurbed.de/p/hp-elitebook-x360-830-g6-8365u/
2026-05-24 05:13:36,446 - INFO - Scraping 3083/6851: https://www.refurbed.de/p/hp-elitebook-x360-830-g6-8565u/
2026-05-24 05:13:37,965 - INFO - Scraping 3084/6851: https://www.refurbed.de/p/hp-elitebook-x360-830-g7-101210u/
2026-05-24 05:13:39,470 - INFO - Scraping 3085/6851: https://www.refurbed.de/p/hp-elitebook-x360-830-g7-101710u/
2026-05-24 05:13:40,867 - INFO - Scraping 3086/6851: https://www.refurbed.de/p/hp-elitebook-x360-830-g7-10310u/
2026-05-24 05:13:42,535 - INFO - Scraping 3087/6851: https://www.refurbed.de/p/hp-elitebook-x360-830-g7-10510u/
2026-05-24 05:13:43,984 - INFO - Scraping 3088/6851: https://www.refurbed.de/p/hp-elitebook-x360-830-g8-1135g7/
2026-05-24 05:13:45,512 - INFO - Scraping 3089/6851: https://www.refurbed.de/p/hp-elitebook-x360-830-g8-1145g7/
2026-05-24 05:13:47,036 - INFO - Scraping 3090/6851: https://www.refurbed.de/p/hp-elitebook-x360-830-g8-1165g7/
2026-05-24 05:13:48,441 - INFO - Scraping 3091/6851: https://www.refurbed.de/p/hp-elitebook-x360-830-g8-1185g7/
2026-05-24 05:13:49,970 - INFO - Scraping 3092/6851: https://www.refurbed.de/p/hp-elitebook-x360-830-g9-1235u/
2026-05-24 05:13:51,400 - INFO - Scraping 3093/6851: https://www.refurbed.de/p/hp-elitebook-x360-830-g9-1245u/
2026-05-24 05:13:52,904 - INFO - Scraping 3094/6851: https://www.refurbed.de/p/hp-elitebook-x360-830-g9-1255u/
2026-05-24 05:13:54,279 - INFO - Scraping 3095/6851: https://www.refurbed.de/p/hp-elitebook-x360-g4-i7-8565u/
2026-05-24 05:13:55,744 - INFO - Scraping 3096/6851: https://www.refurbed.de/p/hp-elitebook-x360-g4-i7-8665u/
2026-05-24 05:13:57,152 - INFO - Scraping 3097/6851: https://www.refurbed.de/p/hp-elitedesk-600-g2-sff/
2026-05-24 05:13:57,396 - ERROR - Error fetching https://www.refurbed.de/p/hp-elitedesk-600-g2-sff/: 404 Client Error: Not Found for url: https://www.refurbed.de/p/hp-elitedesk-600-g2-sff/
2026-05-24 05:13:58,398 - INFO - Scraping 3098/6851: https://www.refurbed.de/p/hp-elitedesk-705-g1-dm/
2026-05-24 05:13:58,634 - ERROR - Error fetching https://www.refurbed.de/p/hp-elitedesk-705-g1-dm/: 404 Client Error: Not Found for url: https://www.refurbed.de/p/hp-elitedesk-705-g1-dm/
2026-05-24 05:13:59,636 - INFO - Scraping 3099/6851: https://www.refurbed.de/p/hp-elitedesk-705-g1-mt/
2026-05-24 05:13:59,875 - ERROR - Error fetching https://www.refurbed.de/p/hp-elitedesk-705-g1-mt/: 404 Client Error: Not Found for url: https://www.refurbed.de/p/hp-elitedesk-705-g1-mt/
2026-05-24 05:14:00,878 - INFO - Scraping 3100/6851: https://www.refurbed.de/p/hp-elitedesk-705-g1-sff-a10/
2026-05-24 05:14:01,107 - ERROR - Error fetching https://www.refurbed.de/p/hp-elitedesk-705-g1-sff-a10/: 404 Client Error: Not Found for url: https://www.refurbed.de/p/hp-elitedesk-705-g1-sff-a10/
2026-05-24 05:14:02,109 - INFO - Scraping 3101/6851: https://www.refurbed.de/p/hp-elitedesk-705-g2-dm/
2026-05-24 05:14:02,350 - ERROR - Error fetching https://www.refurbed.de/p/hp-elitedesk-705-g2-dm/: 404 Client Error: Not Found for url: https://www.refurbed.de/p/hp-elitedesk-705-g2-dm/
2026-05-24 05:14:03,353 - INFO - Scraping 3102/6851: https://www.refurbed.de/p/hp-elitedesk-705-g2-sff/
2026-05-24 05:14:03,582 - ERROR - Error fetching https://www.refurbed.de/p/hp-elitedesk-705-g2-sff/: 404 Client Error: Not Found for url: https://www.refurbed.de/p/hp-elitedesk-705-g2-sff/
2026-05-24 05:14:04,585 - INFO - Scraping 3103/6851: https://www.refurbed.de/p/hp-elitedesk-705-g3-dm-usff/
2026-05-24 05:14:04,815 - ERROR - Error fetching https://www.refurbed.de/p/hp-elitedesk-705-g3-dm-usff/: 404 Client Error: Not Found for url: https://www.refurbed.de/p/hp-elitedesk-705-g3-dm-usff/
2026-05-24 05:14:05,818 - INFO - Scraping 3104/6851: https://www.refurbed.de/p/hp-elitedesk-705-g3-mt/
2026-05-24 05:14:06,072 - ERROR - Error fetching https://www.refurbed.de/p/hp-elitedesk-705-g3-mt/: 404 Client Error: Not Found for url: https://www.refurbed.de/p/hp-elitedesk-705-g3-mt/
2026-05-24 05:14:07,074 - INFO - Scraping 3105/6851: https://www.refurbed.de/p/hp-elitedesk-705-g3-sff/
2026-05-24 05:14:07,302 - ERROR - Error fetching https://www.refurbed.de/p/hp-elitedesk-705-g3-sff/: 404 Client Error: Not Found for url: https://www.refurbed.de/p/hp-elitedesk-705-g3-sff/
2026-05-24 05:14:08,305 - INFO - Scraping 3106/6851: https://www.refurbed.de/p/hp-elitedesk-705-g3/
2026-05-24 05:14:08,547 - ERROR - Error fetching https://www.refurbed.de/p/hp-elitedesk-705-g3/: 404 Client Error: Not Found for url: https://www.refurbed.de/p/hp-elitedesk-705-g3/
2026-05-24 05:14:09,550 - INFO - Scraping 3107/6851: https://www.refurbed.de/p/hp-elitedesk-705-g4-dm/
2026-05-24 05:14:09,783 - ERROR - Error fetching https://www.refurbed.de/p/hp-elitedesk-705-g4-dm/: 404 Client Error: Not Found for url: https://www.refurbed.de/p/hp-elitedesk-705-g4-dm/
2026-05-24 05:14:10,785 - INFO - Scraping 3108/6851: https://www.refurbed.de/p/hp-elitedesk-705-g4-mt/
2026-05-24 05:14:11,010 - ERROR - Error fetching https://www.refurbed.de/p/hp-elitedesk-705-g4-mt/: 404 Client Error: Not Found for url: https://www.refurbed.de/p/hp-elitedesk-705-g4-mt/
2026-05-24 05:14:12,013 - INFO - Scraping 3109/6851: https://www.refurbed.de/p/hp-elitedesk-705-g4-sff/
2026-05-24 05:14:13,586 - INFO - Scraping 3110/6851: https://www.refurbed.de/p/hp-elitedesk-705-g4/
2026-05-24 05:14:13,866 - ERROR - Error fetching https://www.refurbed.de/p/hp-elitedesk-705-g4/: 404 Client Error: Not Found for url: https://www.refurbed.de/p/hp-elitedesk-705-g4/
2026-05-24 05:14:14,868 - INFO - Scraping 3111/6851: https://www.refurbed.de/p/hp-elitedesk-705-g5-mini/
2026-05-24 05:14:16,466 - INFO - Scraping 3112/6851: https://www.refurbed.de/p/hp-elitedesk-705-g5-sff/
2026-05-24 05:14:18,206 - INFO - Scraping 3113/6851: https://www.refurbed.de/p/hp-elitedesk-800-g1-dm-i5/
2026-05-24 05:14:19,625 - ERROR - Error fetching https://www.refurbed.de/p/hp-elitedesk-800-g1-dm-i5/: 404 Client Error: Not Found for url: https://www.refurbed.de/p/hp-elitedesk-800-g1-dm-i5/
2026-05-24 05:14:20,627 - INFO - Scraping 3114/6851: https://www.refurbed.de/p/hp-elitedesk-800-g1-intel/
2026-05-24 05:14:21,173 - ERROR - Error fetching https://www.refurbed.de/p/hp-elitedesk-800-g1-intel/: 404 Client Error: Not Found for url: https://www.refurbed.de/p/hp-elitedesk-800-g1-intel/
2026-05-24 05:14:22,176 - INFO - Scraping 3115/6851: https://www.refurbed.de/p/hp-elitedesk-800-g1-sff-i5-4590/
2026-05-24 05:14:22,833 - ERROR - Error fetching https://www.refurbed.de/p/hp-elitedesk-800-g1-sff-i5-4590/: 404 Client Error: Not Found for url: https://www.refurbed.de/p/hp-elitedesk-800-g1-sff-i5-4590/
2026-05-24 05:14:23,835 - INFO - Scraping 3116/6851: https://www.refurbed.de/p/hp-elitedesk-800-g1-sff-i7/
2026-05-24 05:14:24,158 - ERROR - Error fetching https://www.refurbed.de/p/hp-elitedesk-800-g1-sff-i7/: 404 Client Error: Not Found for url: https://www.refurbed.de/p/hp-elitedesk-800-g1-sff-i7/
2026-05-24 05:14:25,160 - INFO - Scraping 3117/6851: https://www.refurbed.de/p/hp-elitedesk-800-g1-sff/
2026-05-24 05:14:25,408 - ERROR - Error fetching https://www.refurbed.de/p/hp-elitedesk-800-g1-sff/: 404 Client Error: Not Found for url: https://www.refurbed.de/p/hp-elitedesk-800-g1-sff/
2026-05-24 05:14:26,410 - INFO - Scraping 3118/6851: https://www.refurbed.de/p/hp-elitedesk-800-g1-tower/
2026-05-24 05:14:26,793 - ERROR - Error fetching https://www.refurbed.de/p/hp-elitedesk-800-g1-tower/: 404 Client Error: Not Found for url: https://www.refurbed.de/p/hp-elitedesk-800-g1-tower/
2026-05-24 05:14:27,795 - INFO - Scraping 3119/6851: https://www.refurbed.de/p/hp-elitedesk-800-g1-twr-i3-4130/
2026-05-24 05:14:28,177 - ERROR - Error fetching https://www.refurbed.de/p/hp-elitedesk-800-g1-twr-i3-4130/: 404 Client Error: Not Found for url: https://www.refurbed.de/p/hp-elitedesk-800-g1-twr-i3-4130/
2026-05-24 05:14:29,179 - INFO - Scraping 3120/6851: https://www.refurbed.de/p/hp-elitedesk-800-g1-twr-i7-4790/
2026-05-24 05:14:29,767 - ERROR - Error fetching https://www.refurbed.de/p/hp-elitedesk-800-g1-twr-i7-4790/: 404 Client Error: Not Found for url: https://www.refurbed.de/p/hp-elitedesk-800-g1-twr-i7-4790/
2026-05-24 05:14:30,770 - INFO - Scraping 3121/6851: https://www.refurbed.de/p/hp-elitedesk-800-g1-usdt/
2026-05-24 05:14:31,004 - ERROR - Error fetching https://www.refurbed.de/p/hp-elitedesk-800-g1-usdt/: 404 Client Error: Not Found for url: https://www.refurbed.de/p/hp-elitedesk-800-g1-usdt/
2026-05-24 05:14:32,007 - INFO - Scraping 3122/6851: https://www.refurbed.de/p/hp-elitedesk-800-g2-dm-i5/
2026-05-24 05:14:32,271 - ERROR - Error fetching https://www.refurbed.de/p/hp-elitedesk-800-g2-dm-i5/: 404 Client Error: Not Found for url: https://www.refurbed.de/p/hp-elitedesk-800-g2-dm-i5/
2026-05-24 05:14:33,273 - INFO - Scraping 3123/6851: https://www.refurbed.de/p/hp-elitedesk-800-g2-sff-i7/
2026-05-24 05:14:33,539 - ERROR - Error fetching https://www.refurbed.de/p/hp-elitedesk-800-g2-sff-i7/: 404 Client Error: Not Found for url: https://www.refurbed.de/p/hp-elitedesk-800-g2-sff-i7/
2026-05-24 05:14:34,541 - INFO - Scraping 3124/6851: https://www.refurbed.de/p/hp-elitedesk-800-g2-sff/
2026-05-24 05:14:34,781 - ERROR - Error fetching https://www.refurbed.de/p/hp-elitedesk-800-g2-sff/: 404 Client Error: Not Found for url: https://www.refurbed.de/p/hp-elitedesk-800-g2-sff/
2026-05-24 05:14:35,783 - INFO - Scraping 3125/6851: https://www.refurbed.de/p/hp-elitedesk-800-g2-twr-i6th/
2026-05-24 05:14:36,010 - ERROR - Error fetching https://www.refurbed.de/p/hp-elitedesk-800-g2-twr-i6th/: 404 Client Error: Not Found for url: https://www.refurbed.de/p/hp-elitedesk-800-g2-twr-i6th/
2026-05-24 05:14:37,012 - INFO - Scraping 3126/6851: https://www.refurbed.de/p/hp-elitedesk-800-g2-usff-g4400t/
2026-05-24 05:14:37,261 - ERROR - Error fetching https://www.refurbed.de/p/hp-elitedesk-800-g2-usff-g4400t/: 404 Client Error: Not Found for url: https://www.refurbed.de/p/hp-elitedesk-800-g2-usff-g4400t/
2026-05-24 05:14:38,263 - INFO - Scraping 3127/6851: https://www.refurbed.de/p/hp-elitedesk-800-g2-usff-int6th/
2026-05-24 05:14:38,524 - ERROR - Error fetching https://www.refurbed.de/p/hp-elitedesk-800-g2-usff-int6th/: 404 Client Error: Not Found for url: https://www.refurbed.de/p/hp-elitedesk-800-g2-usff-int6th/
2026-05-24 05:14:39,526 - INFO - Scraping 3128/6851: https://www.refurbed.de/p/hp-elitedesk-800-g3-dm-intel-6th/
2026-05-24 05:14:39,765 - ERROR - Error fetching https://www.refurbed.de/p/hp-elitedesk-800-g3-dm-intel-6th/: 404 Client Error: Not Found for url: https://www.refurbed.de/p/hp-elitedesk-800-g3-dm-intel-6th/
2026-05-24 05:14:40,768 - INFO - Scraping 3129/6851: https://www.refurbed.de/p/hp-elitedesk-800-g3-sff-intel-6/
2026-05-24 05:14:41,040 - ERROR - Error fetching https://www.refurbed.de/p/hp-elitedesk-800-g3-sff-intel-6/: 404 Client Error: Not Found for url: https://www.refurbed.de/p/hp-elitedesk-800-g3-sff-intel-6/
2026-05-24 05:14:42,043 - INFO - Scraping 3130/6851: https://www.refurbed.de/p/hp-elitedesk-800-g3-twr/
2026-05-24 05:14:42,283 - ERROR - Error fetching https://www.refurbed.de/p/hp-elitedesk-800-g3-twr/: 404 Client Error: Not Found for url: https://www.refurbed.de/p/hp-elitedesk-800-g3-twr/
2026-05-24 05:14:43,286 - INFO - Scraping 3131/6851: https://www.refurbed.de/p/hp-elitedesk-800-g4-mt/
2026-05-24 05:14:45,084 - INFO - Scraping 3132/6851: https://www.refurbed.de/p/hp-elitedesk-800-g4-sff/
2026-05-24 05:14:46,700 - INFO - Scraping 3133/6851: https://www.refurbed.de/p/hp-elitedesk-800-g4-ws-edition/
2026-05-24 05:14:48,072 - INFO - Scraping 3134/6851: https://www.refurbed.de/p/hp-elitedesk-800-g4/
2026-05-24 05:14:49,648 - INFO - Scraping 3135/6851: https://www.refurbed.de/p/hp-elitedesk-800-g5-dm/
2026-05-24 05:14:51,510 - INFO - Scraping 3136/6851: https://www.refurbed.de/p/hp-elitedesk-800-g5-sff/
2026-05-24 05:14:53,020 - INFO - Scraping 3137/6851: https://www.refurbed.de/p/hp-elitedesk-800-g5-twr/
2026-05-24 05:14:54,514 - INFO - Scraping 3138/6851: https://www.refurbed.de/p/hp-elitedesk-800-g6-dm/
2026-05-24 05:14:56,067 - INFO - Scraping 3139/6851: https://www.refurbed.de/p/hp-elitedesk-800-g6-sff/
2026-05-24 05:14:57,790 - INFO - Scraping 3140/6851: https://www.refurbed.de/p/hp-elitedesk-800-g6-twr/
2026-05-24 05:14:59,509 - INFO - Scraping 3141/6851: https://www.refurbed.de/p/hp-elitedesk-800-g8-twr/
2026-05-24 05:15:00,880 - INFO - Scraping 3142/6851: https://www.refurbed.de/p/hp-elitedesk-800-g9-sff/
2026-05-24 05:15:02,256 - INFO - Scraping 3143/6851: https://www.refurbed.de/p/hp-elitedesk-805-g6-mini/
2026-05-24 05:15:03,791 - INFO - Scraping 3144/6851: https://www.refurbed.de/p/hp-elitedesk-805-g6-sff/
2026-05-24 05:15:05,421 - INFO - Scraping 3145/6851: https://www.refurbed.de/p/hp-elitedesk-8300-sff/
2026-05-24 05:15:05,789 - ERROR - Error fetching https://www.refurbed.de/p/hp-elitedesk-8300-sff/: 404 Client Error: Not Found for url: https://www.refurbed.de/p/hp-elitedesk-8300-sff/
2026-05-24 05:15:06,791 - INFO - Scraping 3146/6851: https://www.refurbed.de/p/hp-elitedisplay-e201/
2026-05-24 05:15:08,328 - INFO - Scraping 3147/6851: https://www.refurbed.de/p/hp-elitedisplay-e221-21-5/
2026-05-24 05:15:09,683 - INFO - Scraping 3148/6851: https://www.refurbed.de/p/hp-elitedisplay-e221c-21-5/
2026-05-24 05:15:11,175 - INFO - Scraping 3149/6851: https://www.refurbed.de/p/hp-elitedisplay-e222-21-5/
2026-05-24 05:15:12,711 - INFO - Scraping 3150/6851: https://www.refurbed.de/p/hp-elitedisplay-e223-21/
2026-05-24 05:15:14,241 - INFO - Scraping 3151/6851: https://www.refurbed.de/p/hp-elitedisplay-e231/
2026-05-24 05:15:15,738 - INFO - Scraping 3152/6851: https://www.refurbed.de/p/hp-elitedisplay-e231i-23/
2026-05-24 05:15:17,135 - INFO - Scraping 3153/6851: https://www.refurbed.de/p/hp-elitedisplay-e232/
2026-05-24 05:15:18,686 - INFO - Scraping 3154/6851: https://www.refurbed.de/p/hp-elitedisplay-e233/
2026-05-24 05:15:20,290 - INFO - Scraping 3155/6851: https://www.refurbed.de/p/hp-elitedisplay-e240/
2026-05-24 05:15:21,882 - INFO - Scraping 3156/6851: https://www.refurbed.de/p/hp-elitedisplay-e240c/
2026-05-24 05:15:23,244 - INFO - Scraping 3157/6851: https://www.refurbed.de/p/hp-elitedisplay-e241i/
2026-05-24 05:15:24,760 - INFO - Scraping 3158/6851: https://www.refurbed.de/p/hp-elitedisplay-e242/
2026-05-24 05:15:26,317 - INFO - Scraping 3159/6851: https://www.refurbed.de/p/hp-elitedisplay-e243/
2026-05-24 05:15:27,908 - INFO - Scraping 3160/6851: https://www.refurbed.de/p/hp-elitedisplay-e243d/
2026-05-24 05:15:29,305 - INFO - Scraping 3161/6851: https://www.refurbed.de/p/hp-elitedisplay-e243i/
2026-05-24 05:15:30,832 - INFO - Scraping 3162/6851: https://www.refurbed.de/p/hp-elitedisplay-e243m-23-8/
2026-05-24 05:15:32,339 - INFO - Scraping 3163/6851: https://www.refurbed.de/p/hp-elitedisplay-e24d-g4/
2026-05-24 05:15:33,759 - INFO - Scraping 3164/6851: https://www.refurbed.de/p/hp-elitedisplay-e271i/
2026-05-24 05:15:35,424 - INFO - Scraping 3165/6851: https://www.refurbed.de/p/hp-elitedisplay-e272q/
2026-05-24 05:15:36,978 - INFO - Scraping 3166/6851: https://www.refurbed.de/p/hp-elitedisplay-e273-27/
2026-05-24 05:15:38,504 - INFO - Scraping 3167/6851: https://www.refurbed.de/p/hp-elitedisplay-e273d-27/
2026-05-24 05:15:39,871 - INFO - Scraping 3168/6851: https://www.refurbed.de/p/hp-elitedisplay-e273q-27/
2026-05-24 05:15:41,252 - INFO - Scraping 3169/6851: https://www.refurbed.de/p/hp-elitedisplay-s140u-14/
2026-05-24 05:15:42,678 - INFO - Scraping 3170/6851: https://www.refurbed.de/p/hp-elitedisplay-s340c/
2026-05-24 05:15:44,098 - INFO - Scraping 3171/6851: https://www.refurbed.de/p/hp-elitedisplaye-e242/
2026-05-24 05:15:45,690 - INFO - Scraping 3172/6851: https://www.refurbed.de/p/hp-eliteone-800-g2/
2026-05-24 05:15:45,929 - ERROR - Error fetching https://www.refurbed.de/p/hp-eliteone-800-g2/: 404 Client Error: Not Found for url: https://www.refurbed.de/p/hp-eliteone-800-g2/
2026-05-24 05:15:46,932 - INFO - Scraping 3173/6851: https://www.refurbed.de/p/hp-eliteone-800-g3/
2026-05-24 05:15:47,239 - ERROR - Error fetching https://www.refurbed.de/p/hp-eliteone-800-g3/: 404 Client Error: Not Found for url: https://www.refurbed.de/p/hp-eliteone-800-g3/
2026-05-24 05:15:48,241 - INFO - Scraping 3174/6851: https://www.refurbed.de/p/hp-eliteone-800-g4/
2026-05-24 05:15:49,750 - INFO - Scraping 3175/6851: https://www.refurbed.de/p/hp-eliteone-800-g5/
2026-05-24 05:15:51,215 - INFO - Scraping 3176/6851: https://www.refurbed.de/p/hp-eliteone-800-g6/
2026-05-24 05:15:52,787 - INFO - Scraping 3177/6851: https://www.refurbed.de/p/hp-eliteone-840-g9/
2026-05-24 05:15:54,170 - INFO - Scraping 3178/6851: https://www.refurbed.de/p/hp-eliteone-870-g9-27/
2026-05-24 05:15:55,542 - INFO - Scraping 3179/6851: https://www.refurbed.de/p/hp-elitepad-900-g1-tablet/
2026-05-24 05:15:55,793 - ERROR - Error fetching https://www.refurbed.de/p/hp-elitepad-900-g1-tablet/: 404 Client Error: Not Found for url: https://www.refurbed.de/p/hp-elitepad-900-g1-tablet/
2026-05-24 05:15:56,796 - INFO - Scraping 3180/6851: https://www.refurbed.de/p/hp-elitepad-dock-station-c0m84aa/
2026-05-24 05:15:58,183 - INFO - Scraping 3181/6851: https://www.refurbed.de/p/hp-elitepad-productivity-jacket/
2026-05-24 05:15:59,552 - INFO - Scraping 3182/6851: https://www.refurbed.de/p/hp-engage-flex-pro-c/
2026-05-24 05:16:00,990 - INFO - Scraping 3183/6851: https://www.refurbed.de/p/hp-env-x360-2in1-fh0000nb-7730u/
2026-05-24 05:16:01,369 - ERROR - Error fetching https://www.refurbed.de/p/hp-env-x360-2in1-fh0000nb-7730u/: 404 Client Error: Not Found for url: https://www.refurbed.de/p/hp-env-x360-2in1-fh0000nb-7730u/
2026-05-24 05:16:02,371 - INFO - Scraping 3184/6851: https://www.refurbed.de/p/hp-env-x360-2in1-fh0007nf-7530u/
2026-05-24 05:16:03,802 - INFO - Scraping 3185/6851: https://www.refurbed.de/p/hp-env-x360-2in1-fh0155ng-7530u/
2026-05-24 05:16:05,239 - INFO - Scraping 3186/6851: https://www.refurbed.de/p/hp-envy-13-ab038nf-i7-7500u/
2026-05-24 05:16:05,481 - ERROR - Error fetching https://www.refurbed.de/p/hp-envy-13-ab038nf-i7-7500u/: 404 Client Error: Not Found for url: https://www.refurbed.de/p/hp-envy-13-ab038nf-i7-7500u/
2026-05-24 05:16:06,484 - INFO - Scraping 3187/6851: https://www.refurbed.de/p/hp-envy-13-ah0004ns-i7-8550u/
2026-05-24 05:16:07,890 - INFO - Scraping 3188/6851: https://www.refurbed.de/p/hp-envy-13-aq1003nf-10510u-13-3/
2026-05-24 05:16:09,354 - INFO - Scraping 3189/6851: https://www.refurbed.de/p/hp-envy-13-aq1015n-10510u-13-3/
2026-05-24 05:16:10,753 - INFO - Scraping 3190/6851: https://www.refurbed.de/p/hp-envy-13-ba-1165g7/
2026-05-24 05:16:12,121 - INFO - Scraping 3191/6851: https://www.refurbed.de/p/hp-envy-13-ba-i5-10210u/
2026-05-24 05:16:12,398 - ERROR - Error fetching https://www.refurbed.de/p/hp-envy-13-ba-i5-10210u/: 404 Client Error: Not Found for url: https://www.refurbed.de/p/hp-envy-13-ba-i5-10210u/
2026-05-24 05:16:13,400 - INFO - Scraping 3192/6851: https://www.refurbed.de/p/hp-envy-13-ba-i5-1135g7/
2026-05-24 05:16:14,793 - INFO - Scraping 3193/6851: https://www.refurbed.de/p/hp-envy-13-d022nf-i5-6200u/
2026-05-24 05:16:15,026 - ERROR - Error fetching https://www.refurbed.de/p/hp-envy-13-d022nf-i5-6200u/: 404 Client Error: Not Found for url: https://www.refurbed.de/p/hp-envy-13-d022nf-i5-6200u/
2026-05-24 05:16:16,029 - INFO - Scraping 3194/6851: https://www.refurbed.de/p/hp-envy-13aq0011nf-i7-8565u/
2026-05-24 05:16:17,427 - INFO - Scraping 3195/6851: https://www.refurbed.de/p/hp-envy-14-eb-1165g7/
2026-05-24 05:16:19,027 - INFO - Scraping 3196/6851: https://www.refurbed.de/p/hp-envy-14-eb-i7-11390h/
2026-05-24 05:16:20,558 - INFO - Scraping 3197/6851: https://www.refurbed.de/p/hp-envy-14-eb0100nd-i5-1135g7/
2026-05-24 05:16:20,826 - ERROR - Error fetching https://www.refurbed.de/p/hp-envy-14-eb0100nd-i5-1135g7/: 404 Client Error: Not Found for url: https://www.refurbed.de/p/hp-envy-14-eb0100nd-i5-1135g7/
2026-05-24 05:16:21,829 - INFO - Scraping 3198/6851: https://www.refurbed.de/p/hp-envy-15-ep1077ng-11800h/
2026-05-24 05:16:23,435 - INFO - Scraping 3199/6851: https://www.refurbed.de/p/hp-envy-15-ep1790ng-11900h/
2026-05-24 05:16:24,893 - INFO - Scraping 3200/6851: https://www.refurbed.de/p/hp-envy-15-i7-4702mq/
2026-05-24 05:16:25,191 - ERROR - Error fetching https://www.refurbed.de/p/hp-envy-15-i7-4702mq/: 404 Client Error: Not Found for url: https://www.refurbed.de/p/hp-envy-15-i7-4702mq/
2026-05-24 05:16:26,193 - INFO - Scraping 3201/6851: https://www.refurbed.de/p/hp-envy-16-h-12700h-16/
2026-05-24 05:16:27,580 - INFO - Scraping 3202/6851: https://www.refurbed.de/p/hp-envy-16-h0097ng-12700h-16/
2026-05-24 05:16:29,043 - INFO - Scraping 3203/6851: https://www.refurbed.de/p/hp-envy-16-h1000nf-13900h-16/
2026-05-24 05:16:30,461 - INFO - Scraping 3204/6851: https://www.refurbed.de/p/hp-envy-17-cg-i7-1165g7-17-3/
2026-05-24 05:16:31,839 - INFO - Scraping 3205/6851: https://www.refurbed.de/p/hp-envy-17-ch-1165g7-17-3/
2026-05-24 05:16:33,251 - INFO - Scraping 3206/6851: https://www.refurbed.de/p/hp-envy-17-cr-1255u-17-3/
2026-05-24 05:16:34,808 - INFO - Scraping 3207/6851: https://www.refurbed.de/p/hp-envy-17-cr-i7-1260p/
2026-05-24 05:16:36,280 - INFO - Scraping 3208/6851: https://www.refurbed.de/p/hp-envy-17-cw-i5-13500h/
2026-05-24 05:16:37,649 - INFO - Scraping 3209/6851: https://www.refurbed.de/p/hp-envy-17-cw-i7-13700h/
2026-05-24 05:16:39,046 - INFO - Scraping 3210/6851: https://www.refurbed.de/p/hp-envy-17-cw0003-i7-1355u/
2026-05-24 05:16:40,442 - INFO - Scraping 3211/6851: https://www.refurbed.de/p/hp-envy-17-da-core-ultra-5-125h/
2026-05-24 05:16:41,804 - INFO - Scraping 3212/6851: https://www.refurbed.de/p/hp-envy-17-da-core-ultra-7-155h/
2026-05-24 05:16:43,438 - INFO - Scraping 3213/6851: https://www.refurbed.de/p/hp-envy-17-da-core-ultra-7-155u/
2026-05-24 05:16:44,933 - INFO - Scraping 3214/6851: https://www.refurbed.de/p/hp-envy-17m-ce-i7-10510u/
2026-05-24 05:16:46,346 - INFO - Scraping 3215/6851: https://www.refurbed.de/p/hp-envy-17m-cg-i7-1165g7/
2026-05-24 05:16:47,766 - INFO - Scraping 3216/6851: https://www.refurbed.de/p/hp-envy-27-cp0001nc-all-in-one/
2026-05-24 05:16:49,308 - INFO - Scraping 3217/6851: https://www.refurbed.de/p/hp-envy-27-cp0001ns-all-in-one/
2026-05-24 05:16:50,718 - INFO - Scraping 3218/6851: https://www.refurbed.de/p/hp-envy-34-c0520nd-all-in-one/
2026-05-24 05:16:52,111 - INFO - Scraping 3219/6851: https://www.refurbed.de/p/hp-envy-34-c1000nc-34/
2026-05-24 05:16:53,495 - INFO - Scraping 3220/6851: https://www.refurbed.de/p/hp-envy-phoenix-860-004nf/
2026-05-24 05:16:53,747 - ERROR - Error fetching https://www.refurbed.de/p/hp-envy-phoenix-860-004nf/: 404 Client Error: Not Found for url: https://www.refurbed.de/p/hp-envy-phoenix-860-004nf/
2026-05-24 05:16:54,749 - INFO - Scraping 3221/6851: https://www.refurbed.de/p/hp-envy-pro-6420e-all-in-one/
2026-05-24 05:16:56,150 - INFO - Scraping 3222/6851: https://www.refurbed.de/p/hp-envy-te01-2701ng/
2026-05-24 05:16:57,699 - INFO - Scraping 3223/6851: https://www.refurbed.de/p/hp-envy-te02-0001na/
2026-05-24 05:16:59,140 - INFO - Scraping 3224/6851: https://www.refurbed.de/p/hp-envy-te02-0002na/
2026-05-24 05:17:00,516 - INFO - Scraping 3225/6851: https://www.refurbed.de/p/hp-envy-te02-0013ns/
2026-05-24 05:17:02,025 - INFO - Scraping 3226/6851: https://www.refurbed.de/p/hp-envy-te02-0670nd/
2026-05-24 05:17:03,626 - INFO - Scraping 3227/6851: https://www.refurbed.de/p/hp-envy-x360-13-ag0005ng-5500u/
2026-05-24 05:17:03,966 - ERROR - Error fetching https://www.refurbed.de/p/hp-envy-x360-13-ag0005ng-5500u/: 404 Client Error: Not Found for url: https://www.refurbed.de/p/hp-envy-x360-13-ag0005ng-5500u/
2026-05-24 05:17:04,968 - INFO - Scraping 3228/6851: https://www.refurbed.de/p/hp-envy-x360-13-ag0500nd/
2026-05-24 05:17:05,197 - ERROR - Error fetching https://www.refurbed.de/p/hp-envy-x360-13-ag0500nd/: 404 Client Error: Not Found for url: https://www.refurbed.de/p/hp-envy-x360-13-ag0500nd/
2026-05-24 05:17:06,200 - INFO - Scraping 3229/6851: https://www.refurbed.de/p/hp-envy-x360-13-ay0001ns-4500u/
2026-05-24 05:17:07,641 - INFO - Scraping 3230/6851: https://www.refurbed.de/p/hp-envy-x360-13-ay0257ng-5-4500u/
2026-05-24 05:17:09,071 - INFO - Scraping 3231/6851: https://www.refurbed.de/p/hp-envy-x360-13-ay1776ng-5800u/
2026-05-24 05:17:10,474 - INFO - Scraping 3232/6851: https://www.refurbed.de/p/hp-envy-x360-13-ay1902ng-5600u/
2026-05-24 05:17:11,939 - INFO - Scraping 3233/6851: https://www.refurbed.de/p/hp-envy-x360-13-bd-1135g7/
2026-05-24 05:17:13,383 - INFO - Scraping 3234/6851: https://www.refurbed.de/p/hp-envy-x360-13-bf0778ng-1250u/
2026-05-24 05:17:14,735 - INFO - Scraping 3235/6851: https://www.refurbed.de/p/hp-envy-x360-14-fa-r7-8840hs/
2026-05-24 05:17:16,307 - INFO - Scraping 3236/6851: https://www.refurbed.de/p/hp-envy-x360-14-fc-u5-125u/
2026-05-24 05:17:17,720 - INFO - Scraping 3237/6851: https://www.refurbed.de/p/hp-envy-x360-14-fc-u7-155u/
2026-05-24 05:17:17,992 - ERROR - Error fetching https://www.refurbed.de/p/hp-envy-x360-14-fc-u7-155u/: 404 Client Error: Not Found for url: https://www.refurbed.de/p/hp-envy-x360-14-fc-u7-155u/
2026-05-24 05:17:18,995 - INFO - Scraping 3238/6851: https://www.refurbed.de/p/hp-envy-x360-15-dr1-i5-10210u/
2026-05-24 05:17:20,513 - INFO - Scraping 3239/6851: https://www.refurbed.de/p/hp-envy-x360-15-dr1006ng-10510u/
2026-05-24 05:17:21,887 - INFO - Scraping 3240/6851: https://www.refurbed.de/p/hp-envy-x360-15-ed0278ng-1065g7/
2026-05-24 05:17:23,391 - INFO - Scraping 3241/6851: https://www.refurbed.de/p/hp-envy-x360-15-ed0900ng-10510u/
2026-05-24 05:17:24,792 - INFO - Scraping 3242/6851: https://www.refurbed.de/p/hp-envy-x360-15-ee0265ng-4700u/
2026-05-24 05:17:26,210 - INFO - Scraping 3243/6851: https://www.refurbed.de/p/hp-envy-x360-15-es0757ng-1135g7/
2026-05-24 05:17:27,590 - INFO - Scraping 3244/6851: https://www.refurbed.de/p/hp-envy-x360-15-es0775ng-1165g7/
2026-05-24 05:17:29,189 - INFO - Scraping 3245/6851: https://www.refurbed.de/p/hp-envy-x360-15-es1902ng-1195g7/
2026-05-24 05:17:30,634 - INFO - Scraping 3246/6851: https://www.refurbed.de/p/hp-envy-x360-15-eu0002-5500u/
2026-05-24 05:17:32,014 - INFO - Scraping 3247/6851: https://www.refurbed.de/p/hp-envy-x360-15-eu0755ng-5500u/
2026-05-24 05:17:33,408 - INFO - Scraping 3248/6851: https://www.refurbed.de/p/hp-envy-x360-15-eu0880ng-5500u/
2026-05-24 05:17:34,808 - INFO - Scraping 3249/6851: https://www.refurbed.de/p/hp-envy-x360-15-eu0997-5700u/
2026-05-24 05:17:36,202 - INFO - Scraping 3250/6851: https://www.refurbed.de/p/hp-envy-x360-15-ew0504na-1240p/
2026-05-24 05:17:37,662 - INFO - Scraping 3251/6851: https://www.refurbed.de/p/hp-envy-x360-15-ew0753ng-1240p/
2026-05-24 05:17:39,105 - INFO - Scraping 3252/6851: https://www.refurbed.de/p/hp-envy-x360-15-ew0753ng-1260p/
2026-05-24 05:17:40,553 - INFO - Scraping 3253/6851: https://www.refurbed.de/p/hp-envy-x360-15-ey0155ng-5625u/
2026-05-24 05:17:41,961 - INFO - Scraping 3254/6851: https://www.refurbed.de/p/hp-envy-x360-15-ey0647nz-5825u/
2026-05-24 05:17:43,435 - INFO - Scraping 3255/6851: https://www.refurbed.de/p/hp-envy-x360-15-ey0753ng-5625u/
2026-05-24 05:17:44,914 - INFO - Scraping 3256/6851: https://www.refurbed.de/p/hp-envy-x360-15-ey0777ng-5825u/
2026-05-24 05:17:46,311 - INFO - Scraping 3257/6851: https://www.refurbed.de/p/hp-envy-x360-15-fe-i7-1355u/
2026-05-24 05:17:47,690 - INFO - Scraping 3258/6851: https://www.refurbed.de/p/hp-envy-x360-15-i5-1335u/
2026-05-24 05:17:49,122 - INFO - Scraping 3259/6851: https://www.refurbed.de/p/hp-envy-x360-15-i5-7730u/
2026-05-24 05:17:50,574 - INFO - Scraping 3260/6851: https://www.refurbed.de/p/hp-envy-x360-15ee1083cl-5700u/
2026-05-24 05:17:52,059 - INFO - Scraping 3261/6851: https://www.refurbed.de/p/hp-envy-x360-15m-cn0011dx/
2026-05-24 05:17:52,302 - ERROR - Error fetching https://www.refurbed.de/p/hp-envy-x360-15m-cn0011dx/: 404 Client Error: Not Found for url: https://www.refurbed.de/p/hp-envy-x360-15m-cn0011dx/
2026-05-24 05:17:53,305 - INFO - Scraping 3262/6851: https://www.refurbed.de/p/hp-envy-x360-16-ac-u5-125u/
2026-05-24 05:17:54,757 - INFO - Scraping 3263/6851: https://www.refurbed.de/p/hp-envy-x360-16-ac-u7-155u/
2026-05-24 05:17:56,275 - INFO - Scraping 3264/6851: https://www.refurbed.de/p/hp-envy-x360-16-ad-r-5-8640hs/
2026-05-24 05:17:57,680 - INFO - Scraping 3265/6851: https://www.refurbed.de/p/hp-envy-x360-16-ad-r-7-8840hs/
2026-05-24 05:17:59,134 - INFO - Scraping 3266/6851: https://www.refurbed.de/p/hp-envy-x360-2-in-1-13-bf00017ne/
2026-05-24 05:18:00,486 - INFO - Scraping 3267/6851: https://www.refurbed.de/p/hp-envy-x360-2-in-1-13-bf0756ng/
2026-05-24 05:18:01,900 - INFO - Scraping 3268/6851: https://www.refurbed.de/p/hp-envy-x360-2-in-1-14-fc-7-155u/
2026-05-24 05:18:03,284 - INFO - Scraping 3269/6851: https://www.refurbed.de/p/hp-envy-x360-2-in-1-15-fh-7730u/
2026-05-24 05:18:04,671 - INFO - Scraping 3270/6851: https://www.refurbed.de/p/hp-envy-x360-2-in-1-15-fh0755ng/
2026-05-24 05:18:06,174 - INFO - Scraping 3271/6851: https://www.refurbed.de/p/hp-envy-x360-2-in-1-15-fh0775ng/
2026-05-24 05:18:07,569 - INFO - Scraping 3272/6851: https://www.refurbed.de/p/hp-envy-x360-2-in-1-16-ac-7-155u/
2026-05-24 05:18:09,168 - INFO - Scraping 3273/6851: https://www.refurbed.de/p/hp-healthcare-edt-hc271p-27/
2026-05-24 05:18:10,548 - INFO - Scraping 3274/6851: https://www.refurbed.de/p/hp-hstnn-da16/
2026-05-24 05:18:12,009 - INFO - Scraping 3275/6851: https://www.refurbed.de/p/hp-hstnn-i10x/
2026-05-24 05:18:13,405 - INFO - Scraping 3276/6851: https://www.refurbed.de/p/hp-hstnn-i11x/
2026-05-24 05:18:14,870 - INFO - Scraping 3277/6851: https://www.refurbed.de/p/hp-hstnn-i16x/
2026-05-24 05:18:16,345 - INFO - Scraping 3278/6851: https://www.refurbed.de/p/hp-hstnn-ix10/
2026-05-24 05:18:17,828 - INFO - Scraping 3279/6851: https://www.refurbed.de/p/hp-hyperx-alloy-core-rgb/
2026-05-24 05:18:19,598 - INFO - Scraping 3280/6851: https://www.refurbed.de/p/hp-hyperx-alloy-origins/
2026-05-24 05:18:21,277 - INFO - Scraping 3281/6851: https://www.refurbed.de/p/hp-hyperx-pulsefire-core/
2026-05-24 05:18:23,356 - INFO - Scraping 3282/6851: https://www.refurbed.de/p/hp-hyperx-pulsefire-raid/
2026-05-24 05:18:25,164 - INFO - Scraping 3283/6851: https://www.refurbed.de/p/hp-hyperx-quadcast/
2026-05-24 05:18:26,749 - INFO - Scraping 3284/6851: https://www.refurbed.de/p/hp-ku-0316/
2026-05-24 05:18:28,380 - INFO - Scraping 3285/6851: https://www.refurbed.de/p/hp-l1908w-19/
2026-05-24 05:18:29,921 - INFO - Scraping 3286/6851: https://www.refurbed.de/p/hp-l2245w-22/
2026-05-24 05:18:31,386 - INFO - Scraping 3287/6851: https://www.refurbed.de/p/hp-l2245wg/
2026-05-24 05:18:32,922 - INFO - Scraping 3288/6851: https://www.refurbed.de/p/hp-l2275w-22/
2026-05-24 05:18:34,304 - INFO - Scraping 3289/6851: https://www.refurbed.de/p/hp-l2445w-24/
2026-05-24 05:18:35,724 - INFO - Scraping 3290/6851: https://www.refurbed.de/p/hp-l41423-003/
2026-05-24 05:18:37,257 - INFO - Scraping 3291/6851: https://www.refurbed.de/p/hp-la1905wg-19/
2026-05-24 05:18:38,635 - INFO - Scraping 3292/6851: https://www.refurbed.de/p/hp-la1956x-19/
2026-05-24 05:18:40,199 - INFO - Scraping 3293/6851: https://www.refurbed.de/p/hp-la2206x-21/
2026-05-24 05:18:41,548 - INFO - Scraping 3294/6851: https://www.refurbed.de/p/hp-la2306x/
2026-05-24 05:18:43,033 - INFO - Scraping 3295/6851: https://www.refurbed.de/p/hp-laser-107w/
2026-05-24 05:18:44,500 - INFO - Scraping 3296/6851: https://www.refurbed.de/p/hp-laserjet-4200dtn/
2026-05-24 05:18:45,981 - INFO - Scraping 3297/6851: https://www.refurbed.de/p/hp-laserjet-4250dtn/
2026-05-24 05:18:47,393 - INFO - Scraping 3298/6851: https://www.refurbed.de/p/hp-laserjet-color-pro-400-m452nw/
2026-05-24 05:18:48,768 - INFO - Scraping 3299/6851: https://www.refurbed.de/p/hp-laserjet-enterprise-600-m602n/
2026-05-24 05:18:50,327 - INFO - Scraping 3300/6851: https://www.refurbed.de/p/hp-laserjet-enterprise-m430f-mfp/
2026-05-24 05:18:51,833 - INFO - Scraping 3301/6851: https://www.refurbed.de/p/hp-laserjet-enterprise-m506dn/
2026-05-24 05:18:53,191 - INFO - Scraping 3302/6851: https://www.refurbed.de/p/hp-laserjet-enterprise-m506xm/
2026-05-24 05:18:54,592 - INFO - Scraping 3303/6851: https://www.refurbed.de/p/hp-laserjet-enterprise-m507dn/
2026-05-24 05:18:56,158 - INFO - Scraping 3304/6851: https://www.refurbed.de/p/hp-laserjet-enterprise-m605dn/
2026-05-24 05:18:57,575 - INFO - Scraping 3305/6851: https://www.refurbed.de/p/hp-laserjet-enterprise-m605dnm/
2026-05-24 05:18:59,040 - INFO - Scraping 3306/6851: https://www.refurbed.de/p/hp-laserjet-enterprise-m608dn/
2026-05-24 05:19:00,411 - INFO - Scraping 3307/6851: https://www.refurbed.de/p/hp-laserjet-enterprise-m630dn/
2026-05-24 05:19:01,964 - INFO - Scraping 3308/6851: https://www.refurbed.de/p/hp-laserjet-ep-500-color-m551dn/
2026-05-24 05:19:03,371 - INFO - Scraping 3309/6851: https://www.refurbed.de/p/hp-laserjet-m209dw/
2026-05-24 05:19:04,801 - INFO - Scraping 3310/6851: https://www.refurbed.de/p/hp-laserjet-m3027-mfp-multifunkt/
2026-05-24 05:19:06,229 - INFO - Scraping 3311/6851: https://www.refurbed.de/p/hp-laserjet-m506xm/
2026-05-24 05:19:07,603 - INFO - Scraping 3312/6851: https://www.refurbed.de/p/hp-laserjet-managed-e50145dn/
2026-05-24 05:19:08,988 - INFO - Scraping 3313/6851: https://www.refurbed.de/p/hp-laserjet-managed-e60055dn/
2026-05-24 05:19:10,459 - INFO - Scraping 3314/6851: https://www.refurbed.de/p/hp-laserjet-managed-e60155dn/
2026-05-24 05:19:11,903 - INFO - Scraping 3315/6851: https://www.refurbed.de/p/hp-laserjet-managed-mfp-e72530z/
2026-05-24 05:19:13,400 - INFO - Scraping 3316/6851: https://www.refurbed.de/p/hp-laserjet-mfp-432fdn/
2026-05-24 05:19:14,757 - INFO - Scraping 3317/6851: https://www.refurbed.de/p/hp-laserjet-mfp-m234sdw/
2026-05-24 05:19:16,230 - INFO - Scraping 3318/6851: https://www.refurbed.de/p/hp-laserjet-p1505-laserdrucker/
2026-05-24 05:19:17,618 - INFO - Scraping 3319/6851: https://www.refurbed.de/p/hp-laserjet-p2015dn/
2026-05-24 05:19:19,003 - INFO - Scraping 3320/6851: https://www.refurbed.de/p/hp-laserjet-p2035/
2026-05-24 05:19:20,490 - INFO - Scraping 3321/6851: https://www.refurbed.de/p/hp-laserjet-p2055d/
2026-05-24 05:19:21,938 - INFO - Scraping 3322/6851: https://www.refurbed.de/p/hp-laserjet-p2055dn/
2026-05-24 05:19:23,290 - INFO - Scraping 3323/6851: https://www.refurbed.de/p/hp-laserjet-p3015/
2026-05-24 05:19:24,675 - INFO - Scraping 3324/6851: https://www.refurbed.de/p/hp-laserjet-p3015dn/
2026-05-24 05:19:26,034 - INFO - Scraping 3325/6851: https://www.refurbed.de/p/hp-laserjet-p4015x/
2026-05-24 05:19:27,556 - INFO - Scraping 3326/6851: https://www.refurbed.de/p/hp-laserjet-pro-100-mfp-m130fn/
2026-05-24 05:19:28,918 - INFO - Scraping 3327/6851: https://www.refurbed.de/p/hp-laserjet-pro-100-mfp-m130fw/
2026-05-24 05:19:30,320 - INFO - Scraping 3328/6851: https://www.refurbed.de/p/hp-laserjet-pro-200-m201n/
2026-05-24 05:19:31,673 - INFO - Scraping 3329/6851: https://www.refurbed.de/p/hp-laserjet-pro-200-m251n/
2026-05-24 05:19:33,048 - INFO - Scraping 3330/6851: https://www.refurbed.de/p/hp-laserjet-pro-200-m251nw-farbl/
2026-05-24 05:19:34,428 - INFO - Scraping 3331/6851: https://www.refurbed.de/p/hp-laserjet-pro-400-color-m451dn/
2026-05-24 05:19:35,857 - INFO - Scraping 3332/6851: https://www.refurbed.de/p/hp-laserjet-pro-400-color-mfp-m4/
2026-05-24 05:19:37,241 - INFO - Scraping 3333/6851: https://www.refurbed.de/p/hp-laserjet-pro-400-m401d/
2026-05-24 05:19:38,640 - INFO - Scraping 3334/6851: https://www.refurbed.de/p/hp-laserjet-pro-400-m401dn/
2026-05-24 05:19:40,013 - INFO - Scraping 3335/6851: https://www.refurbed.de/p/hp-laserjet-pro-400-m401dne/
2026-05-24 05:19:41,399 - INFO - Scraping 3336/6851: https://www.refurbed.de/p/hp-laserjet-pro-400-m402dn/
2026-05-24 05:19:42,827 - INFO - Scraping 3337/6851: https://www.refurbed.de/p/hp-laserjet-pro-400-mfp-m425dn/
2026-05-24 05:19:44,221 - INFO - Scraping 3338/6851: https://www.refurbed.de/p/hp-laserjet-pro-400-mfp-m426m/
2026-05-24 05:19:45,573 - INFO - Scraping 3339/6851: https://www.refurbed.de/p/hp-laserjet-pro-400-mfp-m428fdn/
2026-05-24 05:19:46,938 - INFO - Scraping 3340/6851: https://www.refurbed.de/p/hp-laserjet-pro-501dn/
2026-05-24 05:19:48,291 - INFO - Scraping 3341/6851: https://www.refurbed.de/p/hp-laserjet-pro-m110w/
2026-05-24 05:19:49,730 - INFO - Scraping 3342/6851: https://www.refurbed.de/p/hp-laserjet-pro-m110we/
2026-05-24 05:19:51,110 - INFO - Scraping 3343/6851: https://www.refurbed.de/p/hp-laserjet-pro-m203dw/
2026-05-24 05:19:52,526 - INFO - Scraping 3344/6851: https://www.refurbed.de/p/hp-laserjet-pro-m402m/
2026-05-24 05:19:53,963 - INFO - Scraping 3345/6851: https://www.refurbed.de/p/hp-laserjet-pro-m404dn/
2026-05-24 05:19:55,454 - INFO - Scraping 3346/6851: https://www.refurbed.de/p/hp-laserjet-pro-m404dw/
2026-05-24 05:19:56,901 - INFO - Scraping 3347/6851: https://www.refurbed.de/p/hp-laserjet-pro-mfp-m127fw/
2026-05-24 05:19:58,267 - INFO - Scraping 3348/6851: https://www.refurbed.de/p/hp-laserjet-pro-mfp-m140w/
2026-05-24 05:19:59,672 - INFO - Scraping 3349/6851: https://www.refurbed.de/p/hp-laserjet-pro-mfp-m148dw/
2026-05-24 05:20:01,049 - INFO - Scraping 3350/6851: https://www.refurbed.de/p/hp-laserjet-pro-mfp-m227fdw/
2026-05-24 05:20:02,465 - INFO - Scraping 3351/6851: https://www.refurbed.de/p/hp-laserjet-pro-mfp-m28a/
2026-05-24 05:20:03,889 - INFO - Scraping 3352/6851: https://www.refurbed.de/p/hp-laserjet-pro-mfp-m426fdn/
2026-05-24 05:20:05,303 - INFO - Scraping 3353/6851: https://www.refurbed.de/p/hp-laserjet-pro-mfp-m426fdw/
2026-05-24 05:20:06,721 - INFO - Scraping 3354/6851: https://www.refurbed.de/p/hp-le1711-17/
2026-05-24 05:20:08,094 - INFO - Scraping 3355/6851: https://www.refurbed.de/p/hp-le1901w-19/
2026-05-24 05:20:09,496 - INFO - Scraping 3356/6851: https://www.refurbed.de/p/hp-le2002x-20/
2026-05-24 05:20:10,873 - INFO - Scraping 3357/6851: https://www.refurbed.de/p/hp-le2201w-22/
2026-05-24 05:20:12,305 - INFO - Scraping 3358/6851: https://www.refurbed.de/p/hp-le2202x-21-5/
2026-05-24 05:20:13,807 - INFO - Scraping 3359/6851: https://www.refurbed.de/p/hp-lifestyle-tpc-p001k/
2026-05-24 05:20:15,218 - INFO - Scraping 3360/6851: https://www.refurbed.de/p/hp-lj-enterprise-600-m601dn/
2026-05-24 05:20:16,572 - INFO - Scraping 3361/6851: https://www.refurbed.de/p/hp-lj-enterprise-flow-mfp-m830z/
2026-05-24 05:20:17,961 - INFO - Scraping 3362/6851: https://www.refurbed.de/p/hp-lj-enterprise-mfp-m528dn/
2026-05-24 05:20:19,367 - INFO - Scraping 3363/6851: https://www.refurbed.de/p/hp-lj-pro-400-color-mfp-m475dw/
2026-05-24 05:20:20,738 - INFO - Scraping 3364/6851: https://www.refurbed.de/p/hp-lp2065-20-1/
2026-05-24 05:20:22,114 - INFO - Scraping 3365/6851: https://www.refurbed.de/p/hp-lp2275w/
2026-05-24 05:20:23,570 - INFO - Scraping 3366/6851: https://www.refurbed.de/p/hp-lp2465-24/
2026-05-24 05:20:24,932 - INFO - Scraping 3367/6851: https://www.refurbed.de/p/hp-lp2475w-24/
2026-05-24 05:20:26,392 - INFO - Scraping 3368/6851: https://www.refurbed.de/p/hp-lp3065-30/
2026-05-24 05:20:27,760 - INFO - Scraping 3369/6851: https://www.refurbed.de/p/hp-m22f-21-5/
2026-05-24 05:20:29,122 - INFO - Scraping 3370/6851: https://www.refurbed.de/p/hp-m24fd-23-8/
2026-05-24 05:20:30,480 - INFO - Scraping 3371/6851: https://www.refurbed.de/p/hp-m24fw-23-8/
2026-05-24 05:20:31,830 - INFO - Scraping 3372/6851: https://www.refurbed.de/p/hp-m24fwa-23-8/
2026-05-24 05:20:33,242 - INFO - Scraping 3373/6851: https://www.refurbed.de/p/hp-m27m-27/
2026-05-24 05:20:34,648 - INFO - Scraping 3374/6851: https://www.refurbed.de/p/hp-m34d/
2026-05-24 05:20:36,033 - INFO - Scraping 3375/6851: https://www.refurbed.de/p/hp-mt21-mobile-thin-client-3867u/
2026-05-24 05:20:37,416 - INFO - Scraping 3376/6851: https://www.refurbed.de/p/hp-mt42-pro-a8-8600b-14/
2026-05-24 05:20:37,667 - ERROR - Error fetching https://www.refurbed.de/p/hp-mt42-pro-a8-8600b-14/: 404 Client Error: Not Found for url: https://www.refurbed.de/p/hp-mt42-pro-a8-8600b-14/
2026-05-24 05:20:38,670 - INFO - Scraping 3377/6851: https://www.refurbed.de/p/hp-mt43-pro-a8-9600b-14/
2026-05-24 05:20:38,898 - ERROR - Error fetching https://www.refurbed.de/p/hp-mt43-pro-a8-9600b-14/: 404 Client Error: Not Found for url: https://www.refurbed.de/p/hp-mt43-pro-a8-9600b-14/
2026-05-24 05:20:39,900 - INFO - Scraping 3378/6851: https://www.refurbed.de/p/hp-mt45-mobile-ryzen-3-pro-3300u/
2026-05-24 05:20:41,253 - INFO - Scraping 3379/6851: https://www.refurbed.de/p/hp-officejet-200-mobile/
2026-05-24 05:20:42,733 - INFO - Scraping 3380/6851: https://www.refurbed.de/p/hp-officejet-6950-all-in-one/
2026-05-24 05:20:44,118 - INFO - Scraping 3381/6851: https://www.refurbed.de/p/hp-officejet-pro-6500a/
2026-05-24 05:20:45,476 - INFO - Scraping 3382/6851: https://www.refurbed.de/p/hp-officejet-pro-6960/
2026-05-24 05:20:46,927 - INFO - Scraping 3383/6851: https://www.refurbed.de/p/hp-officejet-pro-6970/
2026-05-24 05:20:48,307 - INFO - Scraping 3384/6851: https://www.refurbed.de/p/hp-officejet-pro-7720/
2026-05-24 05:20:49,727 - INFO - Scraping 3385/6851: https://www.refurbed.de/p/hp-officejet-pro-8024/
2026-05-24 05:20:51,120 - INFO - Scraping 3386/6851: https://www.refurbed.de/p/hp-officejet-pro-8710/
2026-05-24 05:20:52,540 - INFO - Scraping 3387/6851: https://www.refurbed.de/p/hp-officejet-pro-9010e/
2026-05-24 05:20:54,074 - INFO - Scraping 3388/6851: https://www.refurbed.de/p/hp-officejet-pro-x451dw/
2026-05-24 05:20:55,484 - INFO - Scraping 3389/6851: https://www.refurbed.de/p/hp-oj-6700-premium-e-all-in-one/
2026-05-24 05:20:56,926 - INFO - Scraping 3390/6851: https://www.refurbed.de/p/hp-oj-pro-8730-e-all-in-one/
2026-05-24 05:20:58,270 - INFO - Scraping 3391/6851: https://www.refurbed.de/p/hp-om-transc-14-fb0131nf-9-185h/
2026-05-24 05:20:59,625 - INFO - Scraping 3392/6851: https://www.refurbed.de/p/hp-omen-14-fb0004ns-ultra-7-155h/
2026-05-24 05:21:01,220 - INFO - Scraping 3393/6851: https://www.refurbed.de/p/hp-omen-14-fb0174ng-ultra-7-155h/
2026-05-24 05:21:02,583 - INFO - Scraping 3394/6851: https://www.refurbed.de/p/hp-omen-14-fb0774ng-ultra-7-155h/
2026-05-24 05:21:04,020 - INFO - Scraping 3395/6851: https://www.refurbed.de/p/hp-omen-15-ce083ng-i5-7300hq/
2026-05-24 05:21:04,260 - ERROR - Error fetching https://www.refurbed.de/p/hp-omen-15-ce083ng-i5-7300hq/: 404 Client Error: Not Found for url: https://www.refurbed.de/p/hp-omen-15-ce083ng-i5-7300hq/
2026-05-24 05:21:05,262 - INFO - Scraping 3396/6851: https://www.refurbed.de/p/hp-omen-15-dc0002ng-i7-8750h/
2026-05-24 05:21:06,628 - INFO - Scraping 3397/6851: https://www.refurbed.de/p/hp-omen-15-dc0005ng-8750h-15-6/
2026-05-24 05:21:08,019 - INFO - Scraping 3398/6851: https://www.refurbed.de/p/hp-omen-15-dh1086ng-i7-10750h/
2026-05-24 05:21:09,605 - INFO - Scraping 3399/6851: https://www.refurbed.de/p/hp-omen-15-ek-10870h-15-6/
2026-05-24 05:21:10,975 - INFO - Scraping 3400/6851: https://www.refurbed.de/p/hp-omen-15-ek0277ng-i7-10750h/
2026-05-24 05:21:12,407 - INFO - Scraping 3401/6851: https://www.refurbed.de/p/hp-omen-15-r7-5800h-15-6/
2026-05-24 05:21:13,860 - INFO - Scraping 3402/6851: https://www.refurbed.de/p/hp-omen-15-ryzen-7-4800h/
2026-05-24 05:21:15,288 - INFO - Scraping 3403/6851: https://www.refurbed.de/p/hp-omen-16-b0151nf-11800h/
2026-05-24 05:21:16,713 - INFO - Scraping 3404/6851: https://www.refurbed.de/p/hp-omen-16-b0778ng-11800h/
2026-05-24 05:21:18,065 - INFO - Scraping 3405/6851: https://www.refurbed.de/p/hp-omen-16-b1010ns-i7-12700h/
2026-05-24 05:21:19,461 - INFO - Scraping 3406/6851: https://www.refurbed.de/p/hp-omen-16-b1777ng-12700h/
2026-05-24 05:21:20,851 - INFO - Scraping 3407/6851: https://www.refurbed.de/p/hp-omen-16-k0773ng-i7-12700h/
2026-05-24 05:21:22,235 - INFO - Scraping 3408/6851: https://www.refurbed.de/p/hp-omen-16-n0280nd-ryzen-7-6800/
2026-05-24 05:21:23,806 - INFO - Scraping 3409/6851: https://www.refurbed.de/p/hp-omen-16-wd0001nv-i7-13620h/
2026-05-24 05:21:25,175 - INFO - Scraping 3410/6851: https://www.refurbed.de/p/hp-omen-16-wd0002nt-i5-13420h/
2026-05-24 05:21:26,588 - INFO - Scraping 3411/6851: https://www.refurbed.de/p/hp-omen-16-wd0039nf-i5-13420h/
2026-05-24 05:21:27,976 - INFO - Scraping 3412/6851: https://www.refurbed.de/p/hp-omen-16-wd0045nf-i7-13620h/
2026-05-24 05:21:29,357 - INFO - Scraping 3413/6851: https://www.refurbed.de/p/hp-omen-16-wd0353ng-i5-13420h/
2026-05-24 05:21:30,919 - INFO - Scraping 3414/6851: https://www.refurbed.de/p/hp-omen-16-wf0003nl-i9-13900hx/
2026-05-24 05:21:32,324 - INFO - Scraping 3415/6851: https://www.refurbed.de/p/hp-omen-16-wf0118nf-i7-13700hx/
2026-05-24 05:21:33,766 - INFO - Scraping 3416/6851: https://www.refurbed.de/p/hp-omen-16-wf0774ng-i7-13700hx/
2026-05-24 05:21:35,138 - INFO - Scraping 3417/6851: https://www.refurbed.de/p/hp-omen-16-wf1-i9-14900hx-16-1/
2026-05-24 05:21:36,676 - INFO - Scraping 3418/6851: https://www.refurbed.de/p/hp-omen-16-wf1001na-14700hx/
2026-05-24 05:21:38,051 - INFO - Scraping 3419/6851: https://www.refurbed.de/p/hp-omen-16-wf1001nl-i7-14700hx/
2026-05-24 05:21:39,630 - INFO - Scraping 3420/6851: https://www.refurbed.de/p/hp-omen-16-wf1002nl-i7-14700hx/
2026-05-24 05:21:41,108 - INFO - Scraping 3421/6851: https://www.refurbed.de/p/hp-omen-16-wf1008nl-i7-14700hx/
2026-05-24 05:21:42,482 - INFO - Scraping 3422/6851: https://www.refurbed.de/p/hp-omen-16-xd0000ns-7840hs/
2026-05-24 05:21:43,836 - INFO - Scraping 3423/6851: https://www.refurbed.de/p/hp-omen-16-xd0029nf-7-7840hs/
2026-05-24 05:21:45,225 - INFO - Scraping 3424/6851: https://www.refurbed.de/p/hp-omen-16-xf0005-7840hs/
2026-05-24 05:21:46,739 - INFO - Scraping 3425/6851: https://www.refurbed.de/p/hp-omen-17-an087ng-i7-7700hq/
2026-05-24 05:21:46,980 - ERROR - Error fetching https://www.refurbed.de/p/hp-omen-17-an087ng-i7-7700hq/: 404 Client Error: Not Found for url: https://www.refurbed.de/p/hp-omen-17-an087ng-i7-7700hq/
2026-05-24 05:21:47,982 - INFO - Scraping 3426/6851: https://www.refurbed.de/p/hp-omen-17-cb1075ng-i7-10750h/
2026-05-24 05:21:49,389 - INFO - Scraping 3427/6851: https://www.refurbed.de/p/hp-omen-17-ck0376ng-i7-11800h/
2026-05-24 05:21:50,754 - INFO - Scraping 3428/6851: https://www.refurbed.de/p/hp-omen-17-cm2005nl-13700hx/
2026-05-24 05:21:52,116 - INFO - Scraping 3429/6851: https://www.refurbed.de/p/hp-omen-17-db-r7-8845hs-17-3/
2026-05-24 05:21:53,630 - INFO - Scraping 3430/6851: https://www.refurbed.de/p/hp-omen-17-db0007na-r7-8845hs/
2026-05-24 05:21:55,025 - INFO - Scraping 3431/6851: https://www.refurbed.de/p/hp-omen-17-db0051ng-8645hs/
2026-05-24 05:21:56,512 - INFO - Scraping 3432/6851: https://www.refurbed.de/p/hp-omen-24/
2026-05-24 05:21:57,885 - INFO - Scraping 3433/6851: https://www.refurbed.de/p/hp-omen-25l-gt11/
2026-05-24 05:21:59,279 - INFO - Scraping 3434/6851: https://www.refurbed.de/p/hp-omen-25l-gt12/
2026-05-24 05:22:00,685 - INFO - Scraping 3435/6851: https://www.refurbed.de/p/hp-omen-25l-gt14/
2026-05-24 05:22:02,012 - INFO - Scraping 3436/6851: https://www.refurbed.de/p/hp-omen-25l-gt15/
2026-05-24 05:22:03,454 - INFO - Scraping 3437/6851: https://www.refurbed.de/p/hp-omen-27-2023/
2026-05-24 05:22:04,831 - INFO - Scraping 3438/6851: https://www.refurbed.de/p/hp-omen-27k/
2026-05-24 05:22:06,337 - INFO - Scraping 3439/6851: https://www.refurbed.de/p/hp-omen-27q/
2026-05-24 05:22:07,751 - INFO - Scraping 3440/6851: https://www.refurbed.de/p/hp-omen-27qs/
2026-05-24 05:22:09,134 - INFO - Scraping 3441/6851: https://www.refurbed.de/p/hp-omen-30l-gt13/
2026-05-24 05:22:10,579 - INFO - Scraping 3442/6851: https://www.refurbed.de/p/hp-omen-32c/
2026-05-24 05:22:11,971 - INFO - Scraping 3443/6851: https://www.refurbed.de/p/hp-omen-32q/
2026-05-24 05:22:13,374 - INFO - Scraping 3444/6851: https://www.refurbed.de/p/hp-omen-40l-gt21/
2026-05-24 05:22:14,811 - INFO - Scraping 3445/6851: https://www.refurbed.de/p/hp-omen-45l-gt22/
2026-05-24 05:22:16,183 - INFO - Scraping 3446/6851: https://www.refurbed.de/p/hp-omen-800/
2026-05-24 05:22:17,580 - INFO - Scraping 3447/6851: https://www.refurbed.de/p/hp-omen-i7-ck2940nz-i9-13900hx/
2026-05-24 05:22:18,961 - INFO - Scraping 3448/6851: https://www.refurbed.de/p/hp-omen-i7-ck2989nz-i9-13900hx/
2026-05-24 05:22:20,334 - INFO - Scraping 3449/6851: https://www.refurbed.de/p/hp-omen-i79750h/
2026-05-24 05:22:21,782 - INFO - Scraping 3450/6851: https://www.refurbed.de/p/hp-omen-transcend-14-fb0696ng/
2026-05-24 05:22:23,200 - INFO - Scraping 3451/6851: https://www.refurbed.de/p/hp-omen-transcend-14-fb0796ng/
2026-05-24 05:22:24,637 - INFO - Scraping 3452/6851: https://www.refurbed.de/p/hp-omen-transcend-16-u-14700hx/
2026-05-24 05:22:26,018 - INFO - Scraping 3453/6851: https://www.refurbed.de/p/hp-omen-transcend-16-u0590nd-i9/
2026-05-24 05:22:27,379 - INFO - Scraping 3454/6851: https://www.refurbed.de/p/hp-omen-transcend-16-u0795ng-i9/
2026-05-24 05:22:28,866 - INFO - Scraping 3455/6851: https://www.refurbed.de/p/hp-omen-transcend-16-u1002ns-i7/
2026-05-24 05:22:30,307 - INFO - Scraping 3456/6851: https://www.refurbed.de/p/hp-omen-ts-16-u0005nb-13700hx-16/
2026-05-24 05:22:31,688 - INFO - Scraping 3457/6851: https://www.refurbed.de/p/hp-omen17-ck0780ng-i9-1190h/
2026-05-24 05:22:33,110 - INFO - Scraping 3458/6851: https://www.refurbed.de/p/hp-omen17-i7-10750h/
2026-05-24 05:22:34,491 - INFO - Scraping 3459/6851: https://www.refurbed.de/p/hp-omen17-i78750h/
2026-05-24 05:22:35,910 - INFO - Scraping 3460/6851: https://www.refurbed.de/p/hp-omen1717-ck0274ng-i7-11800h/
2026-05-24 05:22:37,455 - INFO - Scraping 3461/6851: https://www.refurbed.de/p/hp-p21b-g4-20-7/
2026-05-24 05:22:38,831 - INFO - Scraping 3462/6851: https://www.refurbed.de/p/hp-p22-g4/
2026-05-24 05:22:40,179 - INFO - Scraping 3463/6851: https://www.refurbed.de/p/hp-p221/
2026-05-24 05:22:41,707 - INFO - Scraping 3464/6851: https://www.refurbed.de/p/hp-p224-21-5/
2026-05-24 05:22:43,108 - INFO - Scraping 3465/6851: https://www.refurbed.de/p/hp-p22h-g5/
2026-05-24 05:22:44,591 - INFO - Scraping 3466/6851: https://www.refurbed.de/p/hp-p24-g4-23-8/
2026-05-24 05:22:45,972 - INFO - Scraping 3467/6851: https://www.refurbed.de/p/hp-p24h-g5-23-8/
2026-05-24 05:22:47,385 - INFO - Scraping 3468/6851: https://www.refurbed.de/p/hp-p24v-g4-23-8/
2026-05-24 05:22:48,981 - INFO - Scraping 3469/6851: https://www.refurbed.de/p/hp-p24v-g5-23-8/
2026-05-24 05:22:50,363 - INFO - Scraping 3470/6851: https://www.refurbed.de/p/hp-p32u-g5-31-5/
2026-05-24 05:22:51,778 - INFO - Scraping 3471/6851: https://www.refurbed.de/p/hp-p34hc-34/
2026-05-24 05:22:53,381 - INFO - Scraping 3472/6851: https://www.refurbed.de/p/hp-pa-1900-08r1/
2026-05-24 05:22:55,060 - INFO - Scraping 3473/6851: https://www.refurbed.de/p/hp-pa-x360-2in1-14-ek2537nz-120u/
2026-05-24 05:22:56,667 - INFO - Scraping 3474/6851: https://www.refurbed.de/p/hp-pagewide-color-mfp-e58650dn/
2026-05-24 05:22:58,707 - INFO - Scraping 3475/6851: https://www.refurbed.de/p/hp-pagewide-color-mfp-e77650dn/
2026-05-24 05:23:00,605 - INFO - Scraping 3476/6851: https://www.refurbed.de/p/hp-pagewide-enterprise-556dn/
2026-05-24 05:23:02,239 - INFO - Scraping 3477/6851: https://www.refurbed.de/p/hp-pagewide-managed-p57750dw/
2026-05-24 05:23:03,751 - INFO - Scraping 3478/6851: https://www.refurbed.de/p/hp-pagewide-managed-p77740z/
2026-05-24 05:23:05,161 - INFO - Scraping 3479/6851: https://www.refurbed.de/p/hp-pagewide-managed-p77760z/
2026-05-24 05:23:06,515 - INFO - Scraping 3480/6851: https://www.refurbed.de/p/hp-pagewide-managed-p77940dn/
2026-05-24 05:23:07,993 - INFO - Scraping 3481/6851: https://www.refurbed.de/p/hp-pagewide-pro-477dw/
2026-05-24 05:23:09,444 - INFO - Scraping 3482/6851: https://www.refurbed.de/p/hp-pav-14-ce3010ng-1035g1/
2026-05-24 05:23:10,922 - INFO - Scraping 3483/6851: https://www.refurbed.de/p/hp-pav-14-ce3501na-1035g1/
2026-05-24 05:23:12,328 - INFO - Scraping 3484/6851: https://www.refurbed.de/p/hp-pav-15-15-eg3019ns-i7-1355u/
2026-05-24 05:23:13,777 - INFO - Scraping 3485/6851: https://www.refurbed.de/p/hp-pav-15-15-eg3025ns-i7-1360p/
2026-05-24 05:23:15,208 - INFO - Scraping 3486/6851: https://www.refurbed.de/p/hp-pav-15-eg0165st-1135g7/
2026-05-24 05:23:16,605 - INFO - Scraping 3487/6851: https://www.refurbed.de/p/hp-pav-15-eg0256ng-1135g7/
2026-05-24 05:23:17,986 - INFO - Scraping 3488/6851: https://www.refurbed.de/p/hp-pav-15-eg2045nf-i5-1235u/
2026-05-24 05:23:19,491 - INFO - Scraping 3489/6851: https://www.refurbed.de/p/hp-pav-15-eg3001nf-i7-1360p/
2026-05-24 05:23:20,945 - INFO - Scraping 3490/6851: https://www.refurbed.de/p/hp-pav-15-eh3013nl-7730u/
2026-05-24 05:23:22,374 - INFO - Scraping 3491/6851: https://www.refurbed.de/p/hp-pav-15-eh3029nf-7730u/
2026-05-24 05:23:23,783 - INFO - Scraping 3492/6851: https://www.refurbed.de/p/hp-pav-x360-15-1125g4-15/
2026-05-24 05:23:25,171 - INFO - Scraping 3493/6851: https://www.refurbed.de/p/hp-pav-x360-15-1135g7/
2026-05-24 05:23:26,607 - INFO - Scraping 3494/6851: https://www.refurbed.de/p/hp-pav-x360-15-er-pentium-7505/
2026-05-24 05:23:28,015 - INFO - Scraping 3495/6851: https://www.refurbed.de/p/hp-pav-x360-15-er0055ng-1135g7/
2026-05-24 05:23:29,535 - INFO - Scraping 3496/6851: https://www.refurbed.de/p/hp-pav-x360-15-i5-1135g7/
2026-05-24 05:23:30,980 - INFO - Scraping 3497/6851: https://www.refurbed.de/p/hp-pav-x360-15-i5-1235u/
2026-05-24 05:23:32,404 - INFO - Scraping 3498/6851: https://www.refurbed.de/p/hp-pav-x360-15-i7-1165g7-15/
2026-05-24 05:23:33,808 - INFO - Scraping 3499/6851: https://www.refurbed.de/p/hp-pav-x360-2-i-1-14-ek-1235u/
2026-05-24 05:23:35,254 - INFO - Scraping 3500/6851: https://www.refurbed.de/p/hp-pav-x360-2-i-1-14-ek-1335u/
2026-05-24 05:23:36,667 - INFO - Scraping 3501/6851: https://www.refurbed.de/p/hp-pav-x360-convert-14-dw-1035g1/
2026-05-24 05:23:38,066 - INFO - Scraping 3502/6851: https://www.refurbed.de/p/hp-pav-x360-convert-14-dw-1115g4/
2026-05-24 05:23:39,455 - INFO - Scraping 3503/6851: https://www.refurbed.de/p/hp-pav-x360-convert-14-dw-1135g7/
2026-05-24 05:23:40,875 - INFO - Scraping 3504/6851: https://www.refurbed.de/p/hp-pav-x360-convert-14-dy-1125g4/
2026-05-24 05:23:42,258 - INFO - Scraping 3505/6851: https://www.refurbed.de/p/hp-pav-x360-convert-14-dy-1135g7/
2026-05-24 05:23:43,689 - INFO - Scraping 3506/6851: https://www.refurbed.de/p/hp-pav-x360-convert-14-dy-1155g7/
2026-05-24 05:23:45,152 - INFO - Scraping 3507/6851: https://www.refurbed.de/p/hp-pav-x360-convert-14-dy-1165g7/
2026-05-24 05:23:46,530 - INFO - Scraping 3508/6851: https://www.refurbed.de/p/hp-pav-x360-convert-14-dy-7505/
2026-05-24 05:23:47,900 - INFO - Scraping 3509/6851: https://www.refurbed.de/p/hp-pav-x360-convert-14-ek-1215u/
2026-05-24 05:23:49,276 - INFO - Scraping 3510/6851: https://www.refurbed.de/p/hp-pav-x360-convert-14-ek-1255u/
2026-05-24 05:23:50,708 - INFO - Scraping 3511/6851: https://www.refurbed.de/p/hp-pav-x360-convert-14-ek-1355u/
2026-05-24 05:23:52,083 - INFO - Scraping 3512/6851: https://www.refurbed.de/p/hp-pav15-eg0053cl-i5-1135g7/
2026-05-24 05:23:52,346 - ERROR - Error fetching https://www.refurbed.de/p/hp-pav15-eg0053cl-i5-1135g7/: 404 Client Error: Not Found for url: https://www.refurbed.de/p/hp-pav15-eg0053cl-i5-1135g7/
2026-05-24 05:23:53,349 - INFO - Scraping 3513/6851: https://www.refurbed.de/p/hp-pav15-eg0070wm-i7-1165g7/
2026-05-24 05:23:54,782 - INFO - Scraping 3514/6851: https://www.refurbed.de/p/hp-pavilion-13-bb0275ng-1135g7/
2026-05-24 05:23:56,211 - INFO - Scraping 3515/6851: https://www.refurbed.de/p/hp-pavilion-13-bb0730ng-1115g4/
2026-05-24 05:23:57,556 - INFO - Scraping 3516/6851: https://www.refurbed.de/p/hp-pavilion-13-bb0750ng-1135g7/
2026-05-24 05:23:59,013 - INFO - Scraping 3517/6851: https://www.refurbed.de/p/hp-pavilion-13-i5-8265u/
2026-05-24 05:24:00,448 - INFO - Scraping 3518/6851: https://www.refurbed.de/p/hp-pavilion-14-bf102ng-i5-8250u/
2026-05-24 05:24:01,857 - INFO - Scraping 3519/6851: https://www.refurbed.de/p/hp-pavilion-14-ce0040nf-i5-8250u/
2026-05-24 05:24:03,253 - INFO - Scraping 3520/6851: https://www.refurbed.de/p/hp-pavilion-14-ce2010-8265u-14/
2026-05-24 05:24:04,649 - INFO - Scraping 3521/6851: https://www.refurbed.de/p/hp-pavilion-14-ce2064st-8265u-14/
2026-05-24 05:24:06,168 - INFO - Scraping 3522/6851: https://www.refurbed.de/p/hp-pavilion-14-ce3075-1065g7-14/
2026-05-24 05:24:07,582 - INFO - Scraping 3523/6851: https://www.refurbed.de/p/hp-pavilion-14-dv0052ng-1135g7/
2026-05-24 05:24:09,043 - INFO - Scraping 3524/6851: https://www.refurbed.de/p/hp-pavilion-14-dv0176ng-7505-14/
2026-05-24 05:24:10,405 - INFO - Scraping 3525/6851: https://www.refurbed.de/p/hp-pavilion-14-dv0733ng-1125g4/
2026-05-24 05:24:11,844 - INFO - Scraping 3526/6851: https://www.refurbed.de/p/hp-pavilion-14-dv0736ng-1125g4/
2026-05-24 05:24:13,245 - INFO - Scraping 3527/6851: https://www.refurbed.de/p/hp-pavilion-14-dv1756ng-1155g7/
2026-05-24 05:24:14,623 - INFO - Scraping 3528/6851: https://www.refurbed.de/p/hp-pavilion-14-ec0076ng-5700u/
2026-05-24 05:24:16,063 - INFO - Scraping 3529/6851: https://www.refurbed.de/p/hp-pavilion-14-ec0735ng-5300u/
2026-05-24 05:24:17,425 - INFO - Scraping 3530/6851: https://www.refurbed.de/p/hp-pavilion-14-ec0755ng-5-5500u/
2026-05-24 05:24:18,798 - INFO - Scraping 3531/6851: https://www.refurbed.de/p/hp-pavilion-14-eh1037nf-1340p/
2026-05-24 05:24:20,324 - INFO - Scraping 3532/6851: https://www.refurbed.de/p/hp-pavilion-15-cc1xx-i7-8550u/
2026-05-24 05:24:20,547 - ERROR - Error fetching https://www.refurbed.de/p/hp-pavilion-15-cc1xx-i7-8550u/: 404 Client Error: Not Found for url: https://www.refurbed.de/p/hp-pavilion-15-cc1xx-i7-8550u/
2026-05-24 05:24:21,549 - INFO - Scraping 3533/6851: https://www.refurbed.de/p/hp-pavilion-15-cc511nf-7500u-15/
2026-05-24 05:24:21,792 - ERROR - Error fetching https://www.refurbed.de/p/hp-pavilion-15-cc511nf-7500u-15/: 404 Client Error: Not Found for url: https://www.refurbed.de/p/hp-pavilion-15-cc511nf-7500u-15/
2026-05-24 05:24:22,794 - INFO - Scraping 3534/6851: https://www.refurbed.de/p/hp-pavilion-15-cc6xx-i5-8250u/
2026-05-24 05:24:23,028 - ERROR - Error fetching https://www.refurbed.de/p/hp-pavilion-15-cc6xx-i5-8250u/: 404 Client Error: Not Found for url: https://www.refurbed.de/p/hp-pavilion-15-cc6xx-i5-8250u/
2026-05-24 05:24:24,030 - INFO - Scraping 3535/6851: https://www.refurbed.de/p/hp-pavilion-15-cc6xx-i7-8550u/
2026-05-24 05:24:25,434 - INFO - Scraping 3536/6851: https://www.refurbed.de/p/hp-pavilion-15-cs0051cl-i5-8250u/
2026-05-24 05:24:25,698 - ERROR - Error fetching https://www.refurbed.de/p/hp-pavilion-15-cs0051cl-i5-8250u/: 404 Client Error: Not Found for url: https://www.refurbed.de/p/hp-pavilion-15-cs0051cl-i5-8250u/
2026-05-24 05:24:26,701 - INFO - Scraping 3537/6851: https://www.refurbed.de/p/hp-pavilion-15-cs1067nr-8565u-15/
2026-05-24 05:24:28,069 - INFO - Scraping 3538/6851: https://www.refurbed.de/p/hp-pavilion-15-cs2079nr-i5-8265u/
2026-05-24 05:24:28,292 - ERROR - Error fetching https://www.refurbed.de/p/hp-pavilion-15-cs2079nr-i5-8265u/: 404 Client Error: Not Found for url: https://www.refurbed.de/p/hp-pavilion-15-cs2079nr-i5-8265u/
2026-05-24 05:24:29,294 - INFO - Scraping 3539/6851: https://www.refurbed.de/p/hp-pavilion-15-cw1903ng-3700u-15/
2026-05-24 05:24:30,685 - INFO - Scraping 3540/6851: https://www.refurbed.de/p/hp-pavilion-15-cx0047nf-8300h-15/
2026-05-24 05:24:32,144 - INFO - Scraping 3541/6851: https://www.refurbed.de/p/hp-pavilion-15-da1034la/
2026-05-24 05:24:33,509 - INFO - Scraping 3542/6851: https://www.refurbed.de/p/hp-pavilion-15-dk2001nc-i5-15-6/
2026-05-24 05:24:34,882 - INFO - Scraping 3543/6851: https://www.refurbed.de/p/hp-pavilion-15-ec1177ng/
2026-05-24 05:24:36,279 - INFO - Scraping 3544/6851: https://www.refurbed.de/p/hp-pavilion-15-eg01053cl/
2026-05-24 05:24:36,504 - ERROR - Error fetching https://www.refurbed.de/p/hp-pavilion-15-eg01053cl/: 404 Client Error: Not Found for url: https://www.refurbed.de/p/hp-pavilion-15-eg01053cl/
2026-05-24 05:24:37,506 - INFO - Scraping 3545/6851: https://www.refurbed.de/p/hp-pavilion-15-eg0177ng/
2026-05-24 05:24:38,963 - INFO - Scraping 3546/6851: https://www.refurbed.de/p/hp-pavilion-15-eg0735ng-15-6/
2026-05-24 05:24:40,416 - INFO - Scraping 3547/6851: https://www.refurbed.de/p/hp-pavilion-15-eg0776ng/
2026-05-24 05:24:41,787 - INFO - Scraping 3548/6851: https://www.refurbed.de/p/hp-pavilion-15-eh1254ng/
2026-05-24 05:24:43,140 - INFO - Scraping 3549/6851: https://www.refurbed.de/p/hp-pavilion-15-eh1355ng/
2026-05-24 05:24:44,552 - INFO - Scraping 3550/6851: https://www.refurbed.de/p/hp-pavilion-15-eh1732ng-15-6/
2026-05-24 05:24:45,963 - INFO - Scraping 3551/6851: https://www.refurbed.de/p/hp-pavilion-15-eh1734ng/
2026-05-24 05:24:47,373 - INFO - Scraping 3552/6851: https://www.refurbed.de/p/hp-pavilion-15-eh1757ng/
2026-05-24 05:24:48,755 - INFO - Scraping 3553/6851: https://www.refurbed.de/p/hp-pavilion-15-eh1775ng-15-6/
2026-05-24 05:24:50,181 - INFO - Scraping 3554/6851: https://www.refurbed.de/p/hp-pavilion-15-eh2153ng-5625u/
2026-05-24 05:24:51,601 - INFO - Scraping 3555/6851: https://www.refurbed.de/p/hp-pavilion-15-i3-1005g1/
2026-05-24 05:24:52,974 - INFO - Scraping 3556/6851: https://www.refurbed.de/p/hp-pavilion-15-p253nf-i3-5010u/
2026-05-24 05:24:53,200 - ERROR - Error fetching https://www.refurbed.de/p/hp-pavilion-15-p253nf-i3-5010u/: 404 Client Error: Not Found for url: https://www.refurbed.de/p/hp-pavilion-15-p253nf-i3-5010u/
2026-05-24 05:24:54,202 - INFO - Scraping 3557/6851: https://www.refurbed.de/p/hp-pavilion-15t-eg000-1165g7/
2026-05-24 05:24:55,671 - INFO - Scraping 3558/6851: https://www.refurbed.de/p/hp-pavilion-15t-eg100-1195g7/
2026-05-24 05:24:57,080 - INFO - Scraping 3559/6851: https://www.refurbed.de/p/hp-pavilion-17-by4062-1135g7/
2026-05-24 05:24:58,459 - INFO - Scraping 3560/6851: https://www.refurbed.de/p/hp-pavilion-17-cd1232ng-10300h/
2026-05-24 05:24:59,842 - INFO - Scraping 3561/6851: https://www.refurbed.de/p/hp-pavilion-17-cd1515ng-10750h/
2026-05-24 05:25:01,221 - INFO - Scraping 3562/6851: https://www.refurbed.de/p/hp-pavilion-17-cn0205ng-n4020/
2026-05-24 05:25:02,634 - INFO - Scraping 3563/6851: https://www.refurbed.de/p/hp-pavilion-17-cn0575nf-n4120/
2026-05-24 05:25:04,044 - INFO - Scraping 3564/6851: https://www.refurbed.de/p/hp-pavilion-510-p000/
2026-05-24 05:25:04,296 - ERROR - Error fetching https://www.refurbed.de/p/hp-pavilion-510-p000/: 404 Client Error: Not Found for url: https://www.refurbed.de/p/hp-pavilion-510-p000/
2026-05-24 05:25:05,298 - INFO - Scraping 3565/6851: https://www.refurbed.de/p/hp-pavilion-550-174ng/
2026-05-24 05:25:05,541 - ERROR - Error fetching https://www.refurbed.de/p/hp-pavilion-550-174ng/: 404 Client Error: Not Found for url: https://www.refurbed.de/p/hp-pavilion-550-174ng/
2026-05-24 05:25:06,543 - INFO - Scraping 3566/6851: https://www.refurbed.de/p/hp-pavilion-570/
2026-05-24 05:25:06,810 - ERROR - Error fetching https://www.refurbed.de/p/hp-pavilion-570/: 404 Client Error: Not Found for url: https://www.refurbed.de/p/hp-pavilion-570/
2026-05-24 05:25:07,812 - INFO - Scraping 3567/6851: https://www.refurbed.de/p/hp-pavilion-590/
2026-05-24 05:25:09,191 - INFO - Scraping 3568/6851: https://www.refurbed.de/p/hp-pavilion-aero-13-r7-5825u/
2026-05-24 05:25:10,571 - INFO - Scraping 3569/6851: https://www.refurbed.de/p/hp-pavilion-aero-13/
2026-05-24 05:25:11,990 - INFO - Scraping 3570/6851: https://www.refurbed.de/p/hp-pavilion-gaming-15-4800h/
2026-05-24 05:25:13,395 - INFO - Scraping 3571/6851: https://www.refurbed.de/p/hp-pavilion-gaming-15-dk1233ng/
2026-05-24 05:25:14,793 - INFO - Scraping 3572/6851: https://www.refurbed.de/p/hp-pavilion-gaming-15-dk1265ng/
2026-05-24 05:25:16,192 - INFO - Scraping 3573/6851: https://www.refurbed.de/p/hp-pavilion-gaming-15-ec2265ng/
2026-05-24 05:25:17,594 - INFO - Scraping 3574/6851: https://www.refurbed.de/p/hp-pavilion-gaming-15-ec2601nc/
2026-05-24 05:25:18,987 - INFO - Scraping 3575/6851: https://www.refurbed.de/p/hp-pavilion-gaming-15-i5-10300h/
2026-05-24 05:25:20,475 - INFO - Scraping 3576/6851: https://www.refurbed.de/p/hp-pavilion-gaming-15-i5-9300h/
2026-05-24 05:25:21,852 - INFO - Scraping 3577/6851: https://www.refurbed.de/p/hp-pavilion-gaming-15-i7-9750h/
2026-05-24 05:25:23,284 - INFO - Scraping 3578/6851: https://www.refurbed.de/p/hp-pavilion-gaming-16-10300h/
2026-05-24 05:25:24,672 - INFO - Scraping 3579/6851: https://www.refurbed.de/p/hp-pavilion-gaming-17-10300h/
2026-05-24 05:25:26,073 - INFO - Scraping 3580/6851: https://www.refurbed.de/p/hp-pavilion-gaming-17-i7-10750h/
2026-05-24 05:25:27,509 - INFO - Scraping 3581/6851: https://www.refurbed.de/p/hp-pavilion-gaming-desktop-tg01/
2026-05-24 05:25:28,890 - INFO - Scraping 3582/6851: https://www.refurbed.de/p/hp-pavilion-gaming-tp01-2707ng/
2026-05-24 05:25:30,292 - INFO - Scraping 3583/6851: https://www.refurbed.de/p/hp-pavilion-laptop-15-eg3414ng/
2026-05-24 05:25:31,669 - INFO - Scraping 3584/6851: https://www.refurbed.de/p/hp-pavilion-laptop-15-eh1019nl/
2026-05-24 05:25:33,071 - INFO - Scraping 3585/6851: https://www.refurbed.de/p/hp-pavilion-plus-14-ew-7-155h/
2026-05-24 05:25:34,562 - INFO - Scraping 3586/6851: https://www.refurbed.de/p/hp-pavilion-tg01/
2026-05-24 05:25:35,933 - INFO - Scraping 3587/6851: https://www.refurbed.de/p/hp-pavilion-tp01/
2026-05-24 05:25:37,295 - INFO - Scraping 3588/6851: https://www.refurbed.de/p/hp-pavilion-w2207-22/
2026-05-24 05:25:38,684 - INFO - Scraping 3589/6851: https://www.refurbed.de/p/hp-pavilion-wave-600-a003nf/
2026-05-24 05:25:38,909 - ERROR - Error fetching https://www.refurbed.de/p/hp-pavilion-wave-600-a003nf/: 404 Client Error: Not Found for url: https://www.refurbed.de/p/hp-pavilion-wave-600-a003nf/
2026-05-24 05:25:39,911 - INFO - Scraping 3590/6851: https://www.refurbed.de/p/hp-pavilion-x360-14m-cd0003dx/
2026-05-24 05:25:41,452 - INFO - Scraping 3591/6851: https://www.refurbed.de/p/hp-pavilion-x360-14m-cd0006dx-i3/
2026-05-24 05:25:42,882 - INFO - Scraping 3592/6851: https://www.refurbed.de/p/hp-pavilion-x360-15-dq-10210u/
2026-05-24 05:25:44,272 - INFO - Scraping 3593/6851: https://www.refurbed.de/p/hp-pavillon-x360-1065g7/
2026-05-24 05:25:45,627 - INFO - Scraping 3594/6851: https://www.refurbed.de/p/hp-pavillon-x360-1135g7/
2026-05-24 05:25:47,028 - INFO - Scraping 3595/6851: https://www.refurbed.de/p/hp-pd215w/
2026-05-24 05:25:48,418 - INFO - Scraping 3596/6851: https://www.refurbed.de/p/hp-ppp012d-s/
2026-05-24 05:25:49,893 - INFO - Scraping 3597/6851: https://www.refurbed.de/p/hp-pr1101u/
2026-05-24 05:25:51,325 - INFO - Scraping 3598/6851: https://www.refurbed.de/p/hp-presence-mini-conferencing-pc/
2026-05-24 05:25:52,805 - INFO - Scraping 3599/6851: https://www.refurbed.de/p/hp-pro-mini-400-g9/
2026-05-24 05:25:54,420 - INFO - Scraping 3600/6851: https://www.refurbed.de/p/hp-pro-sff-290-g9/
2026-05-24 05:25:55,850 - INFO - Scraping 3601/6851: https://www.refurbed.de/p/hp-pro-sff-400-g9/
2026-05-24 05:25:57,393 - INFO - Scraping 3602/6851: https://www.refurbed.de/p/hp-pro-tower-290-g9/
2026-05-24 05:25:58,732 - INFO - Scraping 3603/6851: https://www.refurbed.de/p/hp-pro-tower-400-g9/
2026-05-24 05:26:00,117 - INFO - Scraping 3604/6851: https://www.refurbed.de/p/hp-pro-x2-612-g1-4202y/
2026-05-24 05:26:00,339 - ERROR - Error fetching https://www.refurbed.de/p/hp-pro-x2-612-g1-4202y/: 404 Client Error: Not Found for url: https://www.refurbed.de/p/hp-pro-x2-612-g1-4202y/
2026-05-24 05:26:01,341 - INFO - Scraping 3605/6851: https://www.refurbed.de/p/hp-pro-x2-612-g2-7y30/
2026-05-24 05:26:01,617 - ERROR - Error fetching https://www.refurbed.de/p/hp-pro-x2-612-g2-7y30/: 404 Client Error: Not Found for url: https://www.refurbed.de/p/hp-pro-x2-612-g2-7y30/
2026-05-24 05:26:02,619 - INFO - Scraping 3606/6851: https://www.refurbed.de/p/hp-pro-x2-612-g2-7y54/
2026-05-24 05:26:02,875 - ERROR - Error fetching https://www.refurbed.de/p/hp-pro-x2-612-g2-7y54/: 404 Client Error: Not Found for url: https://www.refurbed.de/p/hp-pro-x2-612-g2-7y54/
2026-05-24 05:26:03,878 - INFO - Scraping 3607/6851: https://www.refurbed.de/p/hp-pro-x2-612-g2-7y57/
2026-05-24 05:26:04,132 - ERROR - Error fetching https://www.refurbed.de/p/hp-pro-x2-612-g2-7y57/: 404 Client Error: Not Found for url: https://www.refurbed.de/p/hp-pro-x2-612-g2-7y57/
2026-05-24 05:26:05,134 - INFO - Scraping 3608/6851: https://www.refurbed.de/p/hp-pro-x2-612-g2-i7-7y75/
2026-05-24 05:26:05,366 - ERROR - Error fetching https://www.refurbed.de/p/hp-pro-x2-612-g2-i7-7y75/: 404 Client Error: Not Found for url: https://www.refurbed.de/p/hp-pro-x2-612-g2-i7-7y75/
2026-05-24 05:26:06,368 - INFO - Scraping 3609/6851: https://www.refurbed.de/p/hp-pro-x360-435-g10-3-7330u/
2026-05-24 05:26:07,775 - INFO - Scraping 3610/6851: https://www.refurbed.de/p/hp-pro-x360-435-g10-5-7530u-/
2026-05-24 05:26:09,237 - INFO - Scraping 3611/6851: https://www.refurbed.de/p/hp-pro-x360-435-g10-7-7730u/
2026-05-24 05:26:10,759 - INFO - Scraping 3612/6851: https://www.refurbed.de/p/hp-pro-x360-fortis-11-g11-n100/
2026-05-24 05:26:12,301 - INFO - Scraping 3613/6851: https://www.refurbed.de/p/hp-pro-x360-fortis-11-g11-n200/
2026-05-24 05:26:13,680 - INFO - Scraping 3614/6851: https://www.refurbed.de/p/hp-pro-x360-fortis-11-g9-n6000/
2026-05-24 05:26:15,073 - INFO - Scraping 3615/6851: https://www.refurbed.de/p/hp-probook-11-ee-g1-5005u/
2026-05-24 05:26:15,308 - ERROR - Error fetching https://www.refurbed.de/p/hp-probook-11-ee-g1-5005u/: 404 Client Error: Not Found for url: https://www.refurbed.de/p/hp-probook-11-ee-g1-5005u/
2026-05-24 05:26:16,310 - INFO - Scraping 3616/6851: https://www.refurbed.de/p/hp-probook-430-g1-celeron-2955u/
2026-05-24 05:26:16,544 - ERROR - Error fetching https://www.refurbed.de/p/hp-probook-430-g1-celeron-2955u/: 404 Client Error: Not Found for url: https://www.refurbed.de/p/hp-probook-430-g1-celeron-2955u/
2026-05-24 05:26:17,546 - INFO - Scraping 3617/6851: https://www.refurbed.de/p/hp-probook-430-g1-i5-4200u/
2026-05-24 05:26:17,774 - ERROR - Error fetching https://www.refurbed.de/p/hp-probook-430-g1-i5-4200u/: 404 Client Error: Not Found for url: https://www.refurbed.de/p/hp-probook-430-g1-i5-4200u/
2026-05-24 05:26:18,777 - INFO - Scraping 3618/6851: https://www.refurbed.de/p/hp-probook-430-g1-i5-4300u/
2026-05-24 05:26:19,008 - ERROR - Error fetching https://www.refurbed.de/p/hp-probook-430-g1-i5-4300u/: 404 Client Error: Not Found for url: https://www.refurbed.de/p/hp-probook-430-g1-i5-4300u/
2026-05-24 05:26:20,011 - INFO - Scraping 3619/6851: https://www.refurbed.de/p/hp-probook-430-g2-4210u/
2026-05-24 05:26:20,247 - ERROR - Error fetching https://www.refurbed.de/p/hp-probook-430-g2-4210u/: 404 Client Error: Not Found for url: https://www.refurbed.de/p/hp-probook-430-g2-4210u/
2026-05-24 05:26:21,249 - INFO - Scraping 3620/6851: https://www.refurbed.de/p/hp-probook-430-g2-4310u/
2026-05-24 05:26:21,507 - ERROR - Error fetching https://www.refurbed.de/p/hp-probook-430-g2-4310u/: 404 Client Error: Not Found for url: https://www.refurbed.de/p/hp-probook-430-g2-4310u/
2026-05-24 05:26:22,509 - INFO - Scraping 3621/6851: https://www.refurbed.de/p/hp-probook-430-g2-5200u/
2026-05-24 05:26:22,869 - ERROR - Error fetching https://www.refurbed.de/p/hp-probook-430-g2-5200u/: 404 Client Error: Not Found for url: https://www.refurbed.de/p/hp-probook-430-g2-5200u/
2026-05-24 05:26:23,871 - INFO - Scraping 3622/6851: https://www.refurbed.de/p/hp-probook-430-g2-i3-4030u/
2026-05-24 05:26:24,135 - ERROR - Error fetching https://www.refurbed.de/p/hp-probook-430-g2-i3-4030u/: 404 Client Error: Not Found for url: https://www.refurbed.de/p/hp-probook-430-g2-i3-4030u/
2026-05-24 05:26:25,137 - INFO - Scraping 3623/6851: https://www.refurbed.de/p/hp-probook-430-g2-i3-5010u/
2026-05-24 05:26:25,376 - ERROR - Error fetching https://www.refurbed.de/p/hp-probook-430-g2-i3-5010u/: 404 Client Error: Not Found for url: https://www.refurbed.de/p/hp-probook-430-g2-i3-5010u/
2026-05-24 05:26:26,379 - INFO - Scraping 3624/6851: https://www.refurbed.de/p/hp-probook-430-g3-4405u/
2026-05-24 05:26:26,609 - ERROR - Error fetching https://www.refurbed.de/p/hp-probook-430-g3-4405u/: 404 Client Error: Not Found for url: https://www.refurbed.de/p/hp-probook-430-g3-4405u/
2026-05-24 05:26:27,611 - INFO - Scraping 3625/6851: https://www.refurbed.de/p/hp-probook-430-g3-i3-6100u/
2026-05-24 05:26:27,834 - ERROR - Error fetching https://www.refurbed.de/p/hp-probook-430-g3-i3-6100u/: 404 Client Error: Not Found for url: https://www.refurbed.de/p/hp-probook-430-g3-i3-6100u/
2026-05-24 05:26:28,837 - INFO - Scraping 3626/6851: https://www.refurbed.de/p/hp-probook-430-g3-i5-6200u/
2026-05-24 05:26:29,065 - ERROR - Error fetching https://www.refurbed.de/p/hp-probook-430-g3-i5-6200u/: 404 Client Error: Not Found for url: https://www.refurbed.de/p/hp-probook-430-g3-i5-6200u/
2026-05-24 05:26:30,068 - INFO - Scraping 3627/6851: https://www.refurbed.de/p/hp-probook-430-g4-i3-7100u/
2026-05-24 05:26:30,320 - ERROR - Error fetching https://www.refurbed.de/p/hp-probook-430-g4-i3-7100u/: 404 Client Error: Not Found for url: https://www.refurbed.de/p/hp-probook-430-g4-i3-7100u/
2026-05-24 05:26:31,322 - INFO - Scraping 3628/6851: https://www.refurbed.de/p/hp-probook-430-g4-i5-7200u/
2026-05-24 05:26:31,602 - ERROR - Error fetching https://www.refurbed.de/p/hp-probook-430-g4-i5-7200u/: 404 Client Error: Not Found for url: https://www.refurbed.de/p/hp-probook-430-g4-i5-7200u/
2026-05-24 05:26:32,604 - INFO - Scraping 3629/6851: https://www.refurbed.de/p/hp-probook-430-g4-pentium-4415u/
2026-05-24 05:26:32,863 - ERROR - Error fetching https://www.refurbed.de/p/hp-probook-430-g4-pentium-4415u/: 404 Client Error: Not Found for url: https://www.refurbed.de/p/hp-probook-430-g4-pentium-4415u/
2026-05-24 05:26:33,865 - INFO - Scraping 3630/6851: https://www.refurbed.de/p/hp-probook-430-g5-8130u/
2026-05-24 05:26:35,297 - INFO - Scraping 3631/6851: https://www.refurbed.de/p/hp-probook-430-g5-8250u/
2026-05-24 05:26:36,960 - INFO - Scraping 3632/6851: https://www.refurbed.de/p/hp-probook-430-g5-celeron-3865u/
2026-05-24 05:26:37,195 - ERROR - Error fetching https://www.refurbed.de/p/hp-probook-430-g5-celeron-3865u/: 404 Client Error: Not Found for url: https://www.refurbed.de/p/hp-probook-430-g5-celeron-3865u/
2026-05-24 05:26:38,198 - INFO - Scraping 3633/6851: https://www.refurbed.de/p/hp-probook-430-g5-i3-7100u/
2026-05-24 05:26:38,456 - ERROR - Error fetching https://www.refurbed.de/p/hp-probook-430-g5-i3-7100u/: 404 Client Error: Not Found for url: https://www.refurbed.de/p/hp-probook-430-g5-i3-7100u/
2026-05-24 05:26:39,458 - INFO - Scraping 3634/6851: https://www.refurbed.de/p/hp-probook-430-g6-8145u/
2026-05-24 05:26:40,935 - INFO - Scraping 3635/6851: https://www.refurbed.de/p/hp-probook-430-g6-8265u/
2026-05-24 05:26:42,321 - INFO - Scraping 3636/6851: https://www.refurbed.de/p/hp-probook-430-g6-8565u/
2026-05-24 05:26:43,874 - INFO - Scraping 3637/6851: https://www.refurbed.de/p/hp-probook-430-g7-i3-10110u/
2026-05-24 05:26:45,247 - INFO - Scraping 3638/6851: https://www.refurbed.de/p/hp-probook-430-g7-i5-10210u/
2026-05-24 05:26:46,611 - INFO - Scraping 3639/6851: https://www.refurbed.de/p/hp-probook-430-g8-i3-1115g4/
2026-05-24 05:26:48,157 - INFO - Scraping 3640/6851: https://www.refurbed.de/p/hp-probook-430-g8-i5-1135g7/
2026-05-24 05:26:49,676 - INFO - Scraping 3641/6851: https://www.refurbed.de/p/hp-probook-430-g8-i7-1165g7/
2026-05-24 05:26:51,248 - INFO - Scraping 3642/6851: https://www.refurbed.de/p/hp-probook-440-g10-1335u-14/
2026-05-24 05:26:52,649 - INFO - Scraping 3643/6851: https://www.refurbed.de/p/hp-probook-440-g10-1355u-14/
2026-05-24 05:26:54,138 - INFO - Scraping 3644/6851: https://www.refurbed.de/p/hp-probook-440-g10-i5-1334u-14/
2026-05-24 05:26:55,515 - INFO - Scraping 3645/6851: https://www.refurbed.de/p/hp-probook-440-g11-ultra-7-155u/
2026-05-24 05:26:57,108 - INFO - Scraping 3646/6851: https://www.refurbed.de/p/hp-probook-440-g3-6200u/
2026-05-24 05:26:57,370 - ERROR - Error fetching https://www.refurbed.de/p/hp-probook-440-g3-6200u/: 404 Client Error: Not Found for url: https://www.refurbed.de/p/hp-probook-440-g3-6200u/
2026-05-24 05:26:58,372 - INFO - Scraping 3647/6851: https://www.refurbed.de/p/hp-probook-440-g4-4415u/
2026-05-24 05:26:58,606 - ERROR - Error fetching https://www.refurbed.de/p/hp-probook-440-g4-4415u/: 404 Client Error: Not Found for url: https://www.refurbed.de/p/hp-probook-440-g4-4415u/
2026-05-24 05:26:59,609 - INFO - Scraping 3648/6851: https://www.refurbed.de/p/hp-probook-440-g4-i3-7100u/
2026-05-24 05:26:59,834 - ERROR - Error fetching https://www.refurbed.de/p/hp-probook-440-g4-i3-7100u/: 404 Client Error: Not Found for url: https://www.refurbed.de/p/hp-probook-440-g4-i3-7100u/
2026-05-24 05:27:00,836 - INFO - Scraping 3649/6851: https://www.refurbed.de/p/hp-probook-440-g4-i5-7200u/
2026-05-24 05:27:01,059 - ERROR - Error fetching https://www.refurbed.de/p/hp-probook-440-g4-i5-7200u/: 404 Client Error: Not Found for url: https://www.refurbed.de/p/hp-probook-440-g4-i5-7200u/
2026-05-24 05:27:02,061 - INFO - Scraping 3650/6851: https://www.refurbed.de/p/hp-probook-440-g5-i3-7100u/
2026-05-24 05:27:02,320 - ERROR - Error fetching https://www.refurbed.de/p/hp-probook-440-g5-i3-7100u/: 404 Client Error: Not Found for url: https://www.refurbed.de/p/hp-probook-440-g5-i3-7100u/
2026-05-24 05:27:03,322 - INFO - Scraping 3651/6851: https://www.refurbed.de/p/hp-probook-440-g5-i3-8130u/
2026-05-24 05:27:04,872 - INFO - Scraping 3652/6851: https://www.refurbed.de/p/hp-probook-440-g5-i5-8250u/
2026-05-24 05:27:06,286 - INFO - Scraping 3653/6851: https://www.refurbed.de/p/hp-probook-440-g5-i7-8550u/
2026-05-24 05:27:07,818 - INFO - Scraping 3654/6851: https://www.refurbed.de/p/hp-probook-440-g6-8145u-14/
2026-05-24 05:27:09,366 - INFO - Scraping 3655/6851: https://www.refurbed.de/p/hp-probook-440-g6-i5-8265u/
2026-05-24 05:27:10,970 - INFO - Scraping 3656/6851: https://www.refurbed.de/p/hp-probook-440-g6-i7-8565u/
2026-05-24 05:27:12,405 - INFO - Scraping 3657/6851: https://www.refurbed.de/p/hp-probook-440-g7-i3-10110u/
2026-05-24 05:27:13,830 - INFO - Scraping 3658/6851: https://www.refurbed.de/p/hp-probook-440-g7-i5-10210u/
2026-05-24 05:27:15,391 - INFO - Scraping 3659/6851: https://www.refurbed.de/p/hp-probook-440-g7-i5-10310u/
2026-05-24 05:27:16,937 - INFO - Scraping 3660/6851: https://www.refurbed.de/p/hp-probook-440-g7-i7-10510u/
2026-05-24 05:27:18,336 - INFO - Scraping 3661/6851: https://www.refurbed.de/p/hp-probook-440-g8-1135g7/
2026-05-24 05:27:19,849 - INFO - Scraping 3662/6851: https://www.refurbed.de/p/hp-probook-440-g8-i3-1115g4-14/
2026-05-24 05:27:21,394 - INFO - Scraping 3663/6851: https://www.refurbed.de/p/hp-probook-440-g8-i7-1165g7/
2026-05-24 05:27:22,852 - INFO - Scraping 3664/6851: https://www.refurbed.de/p/hp-probook-440-g9-i3-1215u/
2026-05-24 05:27:24,394 - INFO - Scraping 3665/6851: https://www.refurbed.de/p/hp-probook-440-g9-i5-1235u/
2026-05-24 05:27:25,923 - INFO - Scraping 3666/6851: https://www.refurbed.de/p/hp-probook-440-g9-i7-1255u/
2026-05-24 05:27:27,330 - INFO - Scraping 3667/6851: https://www.refurbed.de/p/hp-probook-445-g10-ryzen-5-7530u/
2026-05-24 05:27:28,793 - INFO - Scraping 3668/6851: https://www.refurbed.de/p/hp-probook-445-g11-ryzen-5-7535u/
2026-05-24 05:27:30,716 - INFO - Scraping 3669/6851: https://www.refurbed.de/p/hp-probook-445-g7-ryzen-5-4500u/
2026-05-24 05:27:32,521 - INFO - Scraping 3670/6851: https://www.refurbed.de/p/hp-probook-445-g8-3-5400u-14/
2026-05-24 05:27:34,973 - INFO - Scraping 3671/6851: https://www.refurbed.de/p/hp-probook-445-g8-5-5600u-14/
2026-05-24 05:27:36,806 - INFO - Scraping 3672/6851: https://www.refurbed.de/p/hp-probook-445-g8-r7-5800u-14/
2026-05-24 05:27:38,450 - INFO - Scraping 3673/6851: https://www.refurbed.de/p/hp-probook-445-g9-r5-5625u-14/
2026-05-24 05:27:40,286 - INFO - Scraping 3674/6851: https://www.refurbed.de/p/hp-probook-450-g1-i3-4000m/
2026-05-24 05:27:40,519 - ERROR - Error fetching https://www.refurbed.de/p/hp-probook-450-g1-i3-4000m/: 404 Client Error: Not Found for url: https://www.refurbed.de/p/hp-probook-450-g1-i3-4000m/
2026-05-24 05:27:41,521 - INFO - Scraping 3675/6851: https://www.refurbed.de/p/hp-probook-450-g1-i5-4200m/
2026-05-24 05:27:41,779 - ERROR - Error fetching https://www.refurbed.de/p/hp-probook-450-g1-i5-4200m/: 404 Client Error: Not Found for url: https://www.refurbed.de/p/hp-probook-450-g1-i5-4200m/
2026-05-24 05:27:42,781 - INFO - Scraping 3676/6851: https://www.refurbed.de/p/hp-probook-450-g10-i5-1334u/
2026-05-24 05:27:44,172 - INFO - Scraping 3677/6851: https://www.refurbed.de/p/hp-probook-450-g10-i5-1335u/
2026-05-24 05:27:45,569 - INFO - Scraping 3678/6851: https://www.refurbed.de/p/hp-probook-450-g10-i7-1355u/
2026-05-24 05:27:47,130 - INFO - Scraping 3679/6851: https://www.refurbed.de/p/hp-probook-450-g2-2957u/
2026-05-24 05:27:47,372 - ERROR - Error fetching https://www.refurbed.de/p/hp-probook-450-g2-2957u/: 404 Client Error: Not Found for url: https://www.refurbed.de/p/hp-probook-450-g2-2957u/
2026-05-24 05:27:48,375 - INFO - Scraping 3680/6851: https://www.refurbed.de/p/hp-probook-450-g2-i3-4030u-15-6/
2026-05-24 05:27:48,603 - ERROR - Error fetching https://www.refurbed.de/p/hp-probook-450-g2-i3-4030u-15-6/: 404 Client Error: Not Found for url: https://www.refurbed.de/p/hp-probook-450-g2-i3-4030u-15-6/
2026-05-24 05:27:49,605 - INFO - Scraping 3681/6851: https://www.refurbed.de/p/hp-probook-450-g2-i5-4200u/
2026-05-24 05:27:49,831 - ERROR - Error fetching https://www.refurbed.de/p/hp-probook-450-g2-i5-4200u/: 404 Client Error: Not Found for url: https://www.refurbed.de/p/hp-probook-450-g2-i5-4200u/
2026-05-24 05:27:50,833 - INFO - Scraping 3682/6851: https://www.refurbed.de/p/hp-probook-450-g2-i5-4210u/
2026-05-24 05:27:51,059 - ERROR - Error fetching https://www.refurbed.de/p/hp-probook-450-g2-i5-4210u/: 404 Client Error: Not Found for url: https://www.refurbed.de/p/hp-probook-450-g2-i5-4210u/
2026-05-24 05:27:52,061 - INFO - Scraping 3683/6851: https://www.refurbed.de/p/hp-probook-450-g2-i5-5200u/
2026-05-24 05:27:52,314 - ERROR - Error fetching https://www.refurbed.de/p/hp-probook-450-g2-i5-5200u/: 404 Client Error: Not Found for url: https://www.refurbed.de/p/hp-probook-450-g2-i5-5200u/
2026-05-24 05:27:53,316 - INFO - Scraping 3684/6851: https://www.refurbed.de/p/hp-probook-450-g2-i7-4510u/
2026-05-24 05:27:53,577 - ERROR - Error fetching https://www.refurbed.de/p/hp-probook-450-g2-i7-4510u/: 404 Client Error: Not Found for url: https://www.refurbed.de/p/hp-probook-450-g2-i7-4510u/
2026-05-24 05:27:54,579 - INFO - Scraping 3685/6851: https://www.refurbed.de/p/hp-probook-450-g3-i3-6100u/
2026-05-24 05:27:54,818 - ERROR - Error fetching https://www.refurbed.de/p/hp-probook-450-g3-i3-6100u/: 404 Client Error: Not Found for url: https://www.refurbed.de/p/hp-probook-450-g3-i3-6100u/
2026-05-24 05:27:55,821 - INFO - Scraping 3686/6851: https://www.refurbed.de/p/hp-probook-450-g3-i5-6200u/
2026-05-24 05:27:56,053 - ERROR - Error fetching https://www.refurbed.de/p/hp-probook-450-g3-i5-6200u/: 404 Client Error: Not Found for url: https://www.refurbed.de/p/hp-probook-450-g3-i5-6200u/
2026-05-24 05:27:57,056 - INFO - Scraping 3687/6851: https://www.refurbed.de/p/hp-probook-450-g4-i3-7100u-15-6/
2026-05-24 05:27:57,293 - ERROR - Error fetching https://www.refurbed.de/p/hp-probook-450-g4-i3-7100u-15-6/: 404 Client Error: Not Found for url: https://www.refurbed.de/p/hp-probook-450-g4-i3-7100u-15-6/
2026-05-24 05:27:58,295 - INFO - Scraping 3688/6851: https://www.refurbed.de/p/hp-probook-450-g4-i5-7200u-15-6/
2026-05-24 05:27:58,539 - ERROR - Error fetching https://www.refurbed.de/p/hp-probook-450-g4-i5-7200u-15-6/: 404 Client Error: Not Found for url: https://www.refurbed.de/p/hp-probook-450-g4-i5-7200u-15-6/
2026-05-24 05:27:59,542 - INFO - Scraping 3689/6851: https://www.refurbed.de/p/hp-probook-450-g4-i7-7600u-15-6/
2026-05-24 05:27:59,836 - ERROR - Error fetching https://www.refurbed.de/p/hp-probook-450-g4-i7-7600u-15-6/: 404 Client Error: Not Found for url: https://www.refurbed.de/p/hp-probook-450-g4-i7-7600u-15-6/
2026-05-24 05:28:00,838 - INFO - Scraping 3690/6851: https://www.refurbed.de/p/hp-probook-450-g5-8550u-15-6/
2026-05-24 05:28:02,341 - INFO - Scraping 3691/6851: https://www.refurbed.de/p/hp-probook-450-g5-i3-8130u-15-6/
2026-05-24 05:28:03,760 - INFO - Scraping 3692/6851: https://www.refurbed.de/p/hp-probook-450-g5-i5-8250u-15-6/
2026-05-24 05:28:05,548 - INFO - Scraping 3693/6851: https://www.refurbed.de/p/hp-probook-450-g6-i3-8145u/
2026-05-24 05:28:07,085 - INFO - Scraping 3694/6851: https://www.refurbed.de/p/hp-probook-450-g6-i5-8265u-15-6/
2026-05-24 05:28:08,701 - INFO - Scraping 3695/6851: https://www.refurbed.de/p/hp-probook-450-g7-i5-10210u-15-6/
2026-05-24 05:28:10,226 - INFO - Scraping 3696/6851: https://www.refurbed.de/p/hp-probook-450-g7-i7-10510u-15-6/
2026-05-24 05:28:11,859 - INFO - Scraping 3697/6851: https://www.refurbed.de/p/hp-probook-450-g7-i7-8550u-15-6/
2026-05-24 05:28:13,222 - INFO - Scraping 3698/6851: https://www.refurbed.de/p/hp-probook-450-g8-i3-1115g4/
2026-05-24 05:28:14,953 - INFO - Scraping 3699/6851: https://www.refurbed.de/p/hp-probook-450-g8-i5-1135g7-15-6/
2026-05-24 05:28:16,522 - INFO - Scraping 3700/6851: https://www.refurbed.de/p/hp-probook-450-g8-i7-1165g7-15-6/
2026-05-24 05:28:18,051 - INFO - Scraping 3701/6851: https://www.refurbed.de/p/hp-probook-450-g9-1215u-15-6/
2026-05-24 05:28:19,425 - INFO - Scraping 3702/6851: https://www.refurbed.de/p/hp-probook-450-g9-1235u-15-6/
2026-05-24 05:28:20,999 - INFO - Scraping 3703/6851: https://www.refurbed.de/p/hp-probook-450-g9-1255u-15-6/
2026-05-24 05:28:22,561 - INFO - Scraping 3704/6851: https://www.refurbed.de/p/hp-probook-455-g10-ryzen-3-7330u/
2026-05-24 05:28:23,974 - INFO - Scraping 3705/6851: https://www.refurbed.de/p/hp-probook-455-g10-ryzen-5-7530u/
2026-05-24 05:28:25,345 - INFO - Scraping 3706/6851: https://www.refurbed.de/p/hp-probook-455-g10-ryzen-7-7730u/
2026-05-24 05:28:26,850 - INFO - Scraping 3707/6851: https://www.refurbed.de/p/hp-probook-455-g7-ryzen-5-4500u/
2026-05-24 05:28:28,353 - INFO - Scraping 3708/6851: https://www.refurbed.de/p/hp-probook-455-g8-3-5400u-15-6/
2026-05-24 05:28:29,779 - INFO - Scraping 3709/6851: https://www.refurbed.de/p/hp-probook-455-g8-5-5600u-15-6/
2026-05-24 05:28:31,165 - INFO - Scraping 3710/6851: https://www.refurbed.de/p/hp-probook-455-g8-ryzen-7-5800u/
2026-05-24 05:28:32,599 - INFO - Scraping 3711/6851: https://www.refurbed.de/p/hp-probook-455-g9-r7-5825u-15-6/
2026-05-24 05:28:34,072 - INFO - Scraping 3712/6851: https://www.refurbed.de/p/hp-probook-455-g9-ryzen-5-5625u/
2026-05-24 05:28:35,589 - INFO - Scraping 3713/6851: https://www.refurbed.de/p/hp-probook-460-g11-5-125h/
2026-05-24 05:28:37,069 - INFO - Scraping 3714/6851: https://www.refurbed.de/p/hp-probook-460-g11-5-125u/
2026-05-24 05:28:38,448 - INFO - Scraping 3715/6851: https://www.refurbed.de/p/hp-probook-460-g11-7-155h/
2026-05-24 05:28:39,824 - INFO - Scraping 3716/6851: https://www.refurbed.de/p/hp-probook-460-g11-7-155u/
2026-05-24 05:28:41,491 - INFO - Scraping 3717/6851: https://www.refurbed.de/p/hp-probook-465-g11-r5-7535u-16/
2026-05-24 05:28:42,928 - INFO - Scraping 3718/6851: https://www.refurbed.de/p/hp-probook-465-g11-r7-7735u-16/
2026-05-24 05:28:44,324 - INFO - Scraping 3719/6851: https://www.refurbed.de/p/hp-probook-470-g2-5500u-17-3/
2026-05-24 05:28:44,552 - ERROR - Error fetching https://www.refurbed.de/p/hp-probook-470-g2-5500u-17-3/: 404 Client Error: Not Found for url: https://www.refurbed.de/p/hp-probook-470-g2-5500u-17-3/
2026-05-24 05:28:45,555 - INFO - Scraping 3720/6851: https://www.refurbed.de/p/hp-probook-470-g2-i5-4210u/
2026-05-24 05:28:45,811 - ERROR - Error fetching https://www.refurbed.de/p/hp-probook-470-g2-i5-4210u/: 404 Client Error: Not Found for url: https://www.refurbed.de/p/hp-probook-470-g2-i5-4210u/
2026-05-24 05:28:46,813 - INFO - Scraping 3721/6851: https://www.refurbed.de/p/hp-probook-470-g2-i5-5200u/
2026-05-24 05:28:47,060 - ERROR - Error fetching https://www.refurbed.de/p/hp-probook-470-g2-i5-5200u/: 404 Client Error: Not Found for url: https://www.refurbed.de/p/hp-probook-470-g2-i5-5200u/
2026-05-24 05:28:48,062 - INFO - Scraping 3722/6851: https://www.refurbed.de/p/hp-probook-470-g2-i7-4510u/
2026-05-24 05:28:48,340 - ERROR - Error fetching https://www.refurbed.de/p/hp-probook-470-g2-i7-4510u/: 404 Client Error: Not Found for url: https://www.refurbed.de/p/hp-probook-470-g2-i7-4510u/
2026-05-24 05:28:49,343 - INFO - Scraping 3723/6851: https://www.refurbed.de/p/hp-probook-470-g3-i3-6100u-17-3/
2026-05-24 05:28:49,596 - ERROR - Error fetching https://www.refurbed.de/p/hp-probook-470-g3-i3-6100u-17-3/: 404 Client Error: Not Found for url: https://www.refurbed.de/p/hp-probook-470-g3-i3-6100u-17-3/
2026-05-24 05:28:50,599 - INFO - Scraping 3724/6851: https://www.refurbed.de/p/hp-probook-470-g3-i5-6200u-17-3/
2026-05-24 05:28:50,832 - ERROR - Error fetching https://www.refurbed.de/p/hp-probook-470-g3-i5-6200u-17-3/: 404 Client Error: Not Found for url: https://www.refurbed.de/p/hp-probook-470-g3-i5-6200u-17-3/
2026-05-24 05:28:51,834 - INFO - Scraping 3725/6851: https://www.refurbed.de/p/hp-probook-470-g3-i7-6500u/
2026-05-24 05:28:52,108 - ERROR - Error fetching https://www.refurbed.de/p/hp-probook-470-g3-i7-6500u/: 404 Client Error: Not Found for url: https://www.refurbed.de/p/hp-probook-470-g3-i7-6500u/
2026-05-24 05:28:53,110 - INFO - Scraping 3726/6851: https://www.refurbed.de/p/hp-probook-470-g4-i5-7200u-17-3/
2026-05-24 05:28:53,405 - ERROR - Error fetching https://www.refurbed.de/p/hp-probook-470-g4-i5-7200u-17-3/: 404 Client Error: Not Found for url: https://www.refurbed.de/p/hp-probook-470-g4-i5-7200u-17-3/
2026-05-24 05:28:54,407 - INFO - Scraping 3727/6851: https://www.refurbed.de/p/hp-probook-470-g4-i7-7500u-17-3/
2026-05-24 05:28:54,643 - ERROR - Error fetching https://www.refurbed.de/p/hp-probook-470-g4-i7-7500u-17-3/: 404 Client Error: Not Found for url: https://www.refurbed.de/p/hp-probook-470-g4-i7-7500u-17-3/
2026-05-24 05:28:55,645 - INFO - Scraping 3728/6851: https://www.refurbed.de/p/hp-probook-470-g5-8250u/
2026-05-24 05:28:57,025 - INFO - Scraping 3729/6851: https://www.refurbed.de/p/hp-probook-470-g5-i78550u/
2026-05-24 05:28:58,407 - INFO - Scraping 3730/6851: https://www.refurbed.de/p/hp-probook-470-g7-i5-10310u/
2026-05-24 05:28:59,860 - INFO - Scraping 3731/6851: https://www.refurbed.de/p/hp-probook-470-g7-i7-10510u/
2026-05-24 05:29:01,238 - INFO - Scraping 3732/6851: https://www.refurbed.de/p/hp-probook-470-g8-i5-1135g7/
2026-05-24 05:29:02,619 - INFO - Scraping 3733/6851: https://www.refurbed.de/p/hp-probook-470-g8-i7-1165g7/
2026-05-24 05:29:03,969 - INFO - Scraping 3734/6851: https://www.refurbed.de/p/hp-probook-630-g8-i5-1135g7/
2026-05-24 05:29:05,343 - INFO - Scraping 3735/6851: https://www.refurbed.de/p/hp-probook-635-aero-g8-5800u/
2026-05-24 05:29:06,814 - INFO - Scraping 3736/6851: https://www.refurbed.de/p/hp-probook-640-g1-13-14/
2026-05-24 05:29:07,049 - ERROR - Error fetching https://www.refurbed.de/p/hp-probook-640-g1-13-14/: 404 Client Error: Not Found for url: https://www.refurbed.de/p/hp-probook-640-g1-13-14/
2026-05-24 05:29:08,052 - INFO - Scraping 3737/6851: https://www.refurbed.de/p/hp-probook-640-g1-4200m/
2026-05-24 05:29:08,289 - ERROR - Error fetching https://www.refurbed.de/p/hp-probook-640-g1-4200m/: 404 Client Error: Not Found for url: https://www.refurbed.de/p/hp-probook-640-g1-4200m/
2026-05-24 05:29:09,291 - INFO - Scraping 3738/6851: https://www.refurbed.de/p/hp-probook-640-g1-i5-4210m/
2026-05-24 05:29:09,521 - ERROR - Error fetching https://www.refurbed.de/p/hp-probook-640-g1-i5-4210m/: 404 Client Error: Not Found for url: https://www.refurbed.de/p/hp-probook-640-g1-i5-4210m/
2026-05-24 05:29:10,524 - INFO - Scraping 3739/6851: https://www.refurbed.de/p/hp-probook-640-g1-i5-4300m/
2026-05-24 05:29:10,920 - ERROR - Error fetching https://www.refurbed.de/p/hp-probook-640-g1-i5-4300m/: 404 Client Error: Not Found for url: https://www.refurbed.de/p/hp-probook-640-g1-i5-4300m/
2026-05-24 05:29:11,923 - INFO - Scraping 3740/6851: https://www.refurbed.de/p/hp-probook-640-g1-i5-4310m/
2026-05-24 05:29:12,157 - ERROR - Error fetching https://www.refurbed.de/p/hp-probook-640-g1-i5-4310m/: 404 Client Error: Not Found for url: https://www.refurbed.de/p/hp-probook-640-g1-i5-4310m/
2026-05-24 05:29:13,160 - INFO - Scraping 3741/6851: https://www.refurbed.de/p/hp-probook-640-g2-i3-6100u-14/
2026-05-24 05:29:13,413 - ERROR - Error fetching https://www.refurbed.de/p/hp-probook-640-g2-i3-6100u-14/: 404 Client Error: Not Found for url: https://www.refurbed.de/p/hp-probook-640-g2-i3-6100u-14/
2026-05-24 05:29:14,416 - INFO - Scraping 3742/6851: https://www.refurbed.de/p/hp-probook-640-g2-i5-14/
2026-05-24 05:29:14,669 - ERROR - Error fetching https://www.refurbed.de/p/hp-probook-640-g2-i5-14/: 404 Client Error: Not Found for url: https://www.refurbed.de/p/hp-probook-640-g2-i5-14/
2026-05-24 05:29:15,671 - INFO - Scraping 3743/6851: https://www.refurbed.de/p/hp-probook-640-g2-i5-6200u-14/
2026-05-24 05:29:15,924 - ERROR - Error fetching https://www.refurbed.de/p/hp-probook-640-g2-i5-6200u-14/: 404 Client Error: Not Found for url: https://www.refurbed.de/p/hp-probook-640-g2-i5-6200u-14/
2026-05-24 05:29:16,927 - INFO - Scraping 3744/6851: https://www.refurbed.de/p/hp-probook-640-g2-i5-6300u-14/
2026-05-24 05:29:17,338 - ERROR - Error fetching https://www.refurbed.de/p/hp-probook-640-g2-i5-6300u-14/: 404 Client Error: Not Found for url: https://www.refurbed.de/p/hp-probook-640-g2-i5-6300u-14/
2026-05-24 05:29:18,341 - INFO - Scraping 3745/6851: https://www.refurbed.de/p/hp-probook-640-g2-i7-6600u-14/
2026-05-24 05:29:18,594 - ERROR - Error fetching https://www.refurbed.de/p/hp-probook-640-g2-i7-6600u-14/: 404 Client Error: Not Found for url: https://www.refurbed.de/p/hp-probook-640-g2-i7-6600u-14/
2026-05-24 05:29:19,596 - INFO - Scraping 3746/6851: https://www.refurbed.de/p/hp-probook-640-g3-7100u/
2026-05-24 05:29:19,967 - ERROR - Error fetching https://www.refurbed.de/p/hp-probook-640-g3-7100u/: 404 Client Error: Not Found for url: https://www.refurbed.de/p/hp-probook-640-g3-7100u/
2026-05-24 05:29:20,970 - INFO - Scraping 3747/6851: https://www.refurbed.de/p/hp-probook-640-g3-7200u/
2026-05-24 05:29:21,197 - ERROR - Error fetching https://www.refurbed.de/p/hp-probook-640-g3-7200u/: 404 Client Error: Not Found for url: https://www.refurbed.de/p/hp-probook-640-g3-7200u/
2026-05-24 05:29:22,199 - INFO - Scraping 3748/6851: https://www.refurbed.de/p/hp-probook-640-g3-7300u/
2026-05-24 05:29:22,431 - ERROR - Error fetching https://www.refurbed.de/p/hp-probook-640-g3-7300u/: 404 Client Error: Not Found for url: https://www.refurbed.de/p/hp-probook-640-g3-7300u/
2026-05-24 05:29:23,433 - INFO - Scraping 3749/6851: https://www.refurbed.de/p/hp-probook-640-g4-8250u/
2026-05-24 05:29:24,979 - INFO - Scraping 3750/6851: https://www.refurbed.de/p/hp-probook-640-g4-8350u/
2026-05-24 05:29:26,514 - INFO - Scraping 3751/6851: https://www.refurbed.de/p/hp-probook-640-g4-8365u/
2026-05-24 05:29:27,921 - INFO - Scraping 3752/6851: https://www.refurbed.de/p/hp-probook-640-g4-i5-7200u/
2026-05-24 05:29:28,155 - ERROR - Error fetching https://www.refurbed.de/p/hp-probook-640-g4-i5-7200u/: 404 Client Error: Not Found for url: https://www.refurbed.de/p/hp-probook-640-g4-i5-7200u/
2026-05-24 05:29:29,158 - INFO - Scraping 3753/6851: https://www.refurbed.de/p/hp-probook-640-g4-i5-7300u/
2026-05-24 05:29:29,555 - ERROR - Error fetching https://www.refurbed.de/p/hp-probook-640-g4-i5-7300u/: 404 Client Error: Not Found for url: https://www.refurbed.de/p/hp-probook-640-g4-i5-7300u/
2026-05-24 05:29:30,557 - INFO - Scraping 3754/6851: https://www.refurbed.de/p/hp-probook-640-g5-8145u-14/
2026-05-24 05:29:32,028 - INFO - Scraping 3755/6851: https://www.refurbed.de/p/hp-probook-640-g5-8265u-14/
2026-05-24 05:29:33,595 - INFO - Scraping 3756/6851: https://www.refurbed.de/p/hp-probook-640-g5-8365u-14/
2026-05-24 05:29:35,144 - INFO - Scraping 3757/6851: https://www.refurbed.de/p/hp-probook-640-g8-i5-1135g7-14/
2026-05-24 05:29:36,720 - INFO - Scraping 3758/6851: https://www.refurbed.de/p/hp-probook-640-g8-i5-1145g7/
2026-05-24 05:29:38,413 - INFO - Scraping 3759/6851: https://www.refurbed.de/p/hp-probook-640-g8-i7-1165g7-14/
2026-05-24 05:29:39,817 - INFO - Scraping 3760/6851: https://www.refurbed.de/p/hp-probook-640-g9-i5-1235u-14/
2026-05-24 05:29:41,286 - INFO - Scraping 3761/6851: https://www.refurbed.de/p/hp-probook-645-g1-amd-a6-2-7-ghz/
2026-05-24 05:29:41,702 - ERROR - Error fetching https://www.refurbed.de/p/hp-probook-645-g1-amd-a6-2-7-ghz/: 404 Client Error: Not Found for url: https://www.refurbed.de/p/hp-probook-645-g1-amd-a6-2-7-ghz/
2026-05-24 05:29:42,704 - INFO - Scraping 3762/6851: https://www.refurbed.de/p/hp-probook-645-g1-amd-a6-5350m/
2026-05-24 05:29:42,949 - ERROR - Error fetching https://www.refurbed.de/p/hp-probook-645-g1-amd-a6-5350m/: 404 Client Error: Not Found for url: https://www.refurbed.de/p/hp-probook-645-g1-amd-a6-5350m/
2026-05-24 05:29:43,952 - INFO - Scraping 3763/6851: https://www.refurbed.de/p/hp-probook-645-g1-amd-a8-5550m/
2026-05-24 05:29:44,218 - ERROR - Error fetching https://www.refurbed.de/p/hp-probook-645-g1-amd-a8-5550m/: 404 Client Error: Not Found for url: https://www.refurbed.de/p/hp-probook-645-g1-amd-a8-5550m/
2026-05-24 05:29:45,220 - INFO - Scraping 3764/6851: https://www.refurbed.de/p/hp-probook-645-g2-pro-a6-8500/
2026-05-24 05:29:45,448 - ERROR - Error fetching https://www.refurbed.de/p/hp-probook-645-g2-pro-a6-8500/: 404 Client Error: Not Found for url: https://www.refurbed.de/p/hp-probook-645-g2-pro-a6-8500/
2026-05-24 05:29:46,451 - INFO - Scraping 3765/6851: https://www.refurbed.de/p/hp-probook-645-g2-pro-a8-8600b/
2026-05-24 05:29:46,704 - ERROR - Error fetching https://www.refurbed.de/p/hp-probook-645-g2-pro-a8-8600b/: 404 Client Error: Not Found for url: https://www.refurbed.de/p/hp-probook-645-g2-pro-a8-8600b/
2026-05-24 05:29:47,706 - INFO - Scraping 3766/6851: https://www.refurbed.de/p/hp-probook-645-g3-pro-a6-8530b/
2026-05-24 05:29:47,941 - ERROR - Error fetching https://www.refurbed.de/p/hp-probook-645-g3-pro-a6-8530b/: 404 Client Error: Not Found for url: https://www.refurbed.de/p/hp-probook-645-g3-pro-a6-8530b/
2026-05-24 05:29:48,944 - INFO - Scraping 3767/6851: https://www.refurbed.de/p/hp-probook-645-g4-ryzen-3-pro230/
2026-05-24 05:29:49,201 - ERROR - Error fetching https://www.refurbed.de/p/hp-probook-645-g4-ryzen-3-pro230/: 404 Client Error: Not Found for url: https://www.refurbed.de/p/hp-probook-645-g4-ryzen-3-pro230/
2026-05-24 05:29:50,203 - INFO - Scraping 3768/6851: https://www.refurbed.de/p/hp-probook-645-g4-ryzen-5-pro250/
2026-05-24 05:29:51,764 - INFO - Scraping 3769/6851: https://www.refurbed.de/p/hp-probook-645-g4-ryzen-7-pro/
2026-05-24 05:29:52,043 - ERROR - Error fetching https://www.refurbed.de/p/hp-probook-645-g4-ryzen-7-pro/: 404 Client Error: Not Found for url: https://www.refurbed.de/p/hp-probook-645-g4-ryzen-7-pro/
2026-05-24 05:29:53,045 - INFO - Scraping 3770/6851: https://www.refurbed.de/p/hp-probook-650-g1-4300m/
2026-05-24 05:29:53,301 - ERROR - Error fetching https://www.refurbed.de/p/hp-probook-650-g1-4300m/: 404 Client Error: Not Found for url: https://www.refurbed.de/p/hp-probook-650-g1-4300m/
2026-05-24 05:29:54,303 - INFO - Scraping 3771/6851: https://www.refurbed.de/p/hp-probook-650-g1-celeron-2950m/
2026-05-24 05:29:54,549 - ERROR - Error fetching https://www.refurbed.de/p/hp-probook-650-g1-celeron-2950m/: 404 Client Error: Not Found for url: https://www.refurbed.de/p/hp-probook-650-g1-celeron-2950m/
2026-05-24 05:29:55,552 - INFO - Scraping 3772/6851: https://www.refurbed.de/p/hp-probook-650-g1-i3-4000m-15-6/
2026-05-24 05:29:55,803 - ERROR - Error fetching https://www.refurbed.de/p/hp-probook-650-g1-i3-4000m-15-6/: 404 Client Error: Not Found for url: https://www.refurbed.de/p/hp-probook-650-g1-i3-4000m-15-6/
2026-05-24 05:29:56,806 - INFO - Scraping 3773/6851: https://www.refurbed.de/p/hp-probook-650-g1-i5-4210m/
2026-05-24 05:29:57,046 - ERROR - Error fetching https://www.refurbed.de/p/hp-probook-650-g1-i5-4210m/: 404 Client Error: Not Found for url: https://www.refurbed.de/p/hp-probook-650-g1-i5-4210m/
2026-05-24 05:29:58,048 - INFO - Scraping 3774/6851: https://www.refurbed.de/p/hp-probook-650-g1-i5-4310m-15-6/
2026-05-24 05:29:58,273 - ERROR - Error fetching https://www.refurbed.de/p/hp-probook-650-g1-i5-4310m-15-6/: 404 Client Error: Not Found for url: https://www.refurbed.de/p/hp-probook-650-g1-i5-4310m-15-6/
2026-05-24 05:29:59,275 - INFO - Scraping 3775/6851: https://www.refurbed.de/p/hp-probook-650-g1-i7-4600u/
2026-05-24 05:29:59,519 - ERROR - Error fetching https://www.refurbed.de/p/hp-probook-650-g1-i7-4600u/: 404 Client Error: Not Found for url: https://www.refurbed.de/p/hp-probook-650-g1-i7-4600u/
2026-05-24 05:30:00,522 - INFO - Scraping 3776/6851: https://www.refurbed.de/p/hp-probook-650-g1-i7-4610m-15-6/
2026-05-24 05:30:00,781 - ERROR - Error fetching https://www.refurbed.de/p/hp-probook-650-g1-i7-4610m-15-6/: 404 Client Error: Not Found for url: https://www.refurbed.de/p/hp-probook-650-g1-i7-4610m-15-6/
2026-05-24 05:30:01,784 - INFO - Scraping 3777/6851: https://www.refurbed.de/p/hp-probook-650-g1-i7-4702mq/
2026-05-24 05:30:02,014 - ERROR - Error fetching https://www.refurbed.de/p/hp-probook-650-g1-i7-4702mq/: 404 Client Error: Not Found for url: https://www.refurbed.de/p/hp-probook-650-g1-i7-4702mq/
2026-05-24 05:30:03,017 - INFO - Scraping 3778/6851: https://www.refurbed.de/p/hp-probook-650-g2-6100u/
2026-05-24 05:30:03,274 - ERROR - Error fetching https://www.refurbed.de/p/hp-probook-650-g2-6100u/: 404 Client Error: Not Found for url: https://www.refurbed.de/p/hp-probook-650-g2-6100u/
2026-05-24 05:30:04,276 - INFO - Scraping 3779/6851: https://www.refurbed.de/p/hp-probook-650-g2-6200u/
2026-05-24 05:30:04,505 - ERROR - Error fetching https://www.refurbed.de/p/hp-probook-650-g2-6200u/: 404 Client Error: Not Found for url: https://www.refurbed.de/p/hp-probook-650-g2-6200u/
2026-05-24 05:30:05,507 - INFO - Scraping 3780/6851: https://www.refurbed.de/p/hp-probook-650-g2-6300u/
2026-05-24 05:30:05,756 - ERROR - Error fetching https://www.refurbed.de/p/hp-probook-650-g2-6300u/: 404 Client Error: Not Found for url: https://www.refurbed.de/p/hp-probook-650-g2-6300u/
2026-05-24 05:30:06,759 - INFO - Scraping 3781/6851: https://www.refurbed.de/p/hp-probook-650-g2-6440hq/
2026-05-24 05:30:06,981 - ERROR - Error fetching https://www.refurbed.de/p/hp-probook-650-g2-6440hq/: 404 Client Error: Not Found for url: https://www.refurbed.de/p/hp-probook-650-g2-6440hq/
2026-05-24 05:30:07,982 - INFO - Scraping 3782/6851: https://www.refurbed.de/p/hp-probook-650-g2-6600u-15-6/
2026-05-24 05:30:08,231 - ERROR - Error fetching https://www.refurbed.de/p/hp-probook-650-g2-6600u-15-6/: 404 Client Error: Not Found for url: https://www.refurbed.de/p/hp-probook-650-g2-6600u-15-6/
2026-05-24 05:30:09,233 - INFO - Scraping 3783/6851: https://www.refurbed.de/p/hp-probook-650-g3-i5-7200u-15-6/
2026-05-24 05:30:09,458 - ERROR - Error fetching https://www.refurbed.de/p/hp-probook-650-g3-i5-7200u-15-6/: 404 Client Error: Not Found for url: https://www.refurbed.de/p/hp-probook-650-g3-i5-7200u-15-6/
2026-05-24 05:30:10,461 - INFO - Scraping 3784/6851: https://www.refurbed.de/p/hp-probook-650-g3-i5-7300u/
2026-05-24 05:30:10,723 - ERROR - Error fetching https://www.refurbed.de/p/hp-probook-650-g3-i5-7300u/: 404 Client Error: Not Found for url: https://www.refurbed.de/p/hp-probook-650-g3-i5-7300u/
2026-05-24 05:30:11,725 - INFO - Scraping 3785/6851: https://www.refurbed.de/p/hp-probook-650-g3-i7-7600u/
2026-05-24 05:30:11,964 - ERROR - Error fetching https://www.refurbed.de/p/hp-probook-650-g3-i7-7600u/: 404 Client Error: Not Found for url: https://www.refurbed.de/p/hp-probook-650-g3-i7-7600u/
2026-05-24 05:30:12,966 - INFO - Scraping 3786/6851: https://www.refurbed.de/p/hp-probook-650-g3-i7-7820hq/
2026-05-24 05:30:14,636 - INFO - Scraping 3787/6851: https://www.refurbed.de/p/hp-probook-650-g4-8250u/
2026-05-24 05:30:16,274 - INFO - Scraping 3788/6851: https://www.refurbed.de/p/hp-probook-650-g4-8350u/
2026-05-24 05:30:17,802 - INFO - Scraping 3789/6851: https://www.refurbed.de/p/hp-probook-650-g4-i3-8130u/
2026-05-24 05:30:19,209 - INFO - Scraping 3790/6851: https://www.refurbed.de/p/hp-probook-650-g4-i5-7200u/
2026-05-24 05:30:19,454 - ERROR - Error fetching https://www.refurbed.de/p/hp-probook-650-g4-i5-7200u/: 404 Client Error: Not Found for url: https://www.refurbed.de/p/hp-probook-650-g4-i5-7200u/
2026-05-24 05:30:20,456 - INFO - Scraping 3791/6851: https://www.refurbed.de/p/hp-probook-650-g4-i5-7300u/
2026-05-24 05:30:20,693 - ERROR - Error fetching https://www.refurbed.de/p/hp-probook-650-g4-i5-7300u/: 404 Client Error: Not Found for url: https://www.refurbed.de/p/hp-probook-650-g4-i5-7300u/
2026-05-24 05:30:21,696 - INFO - Scraping 3792/6851: https://www.refurbed.de/p/hp-probook-650-g4-i7-8550u/
2026-05-24 05:30:23,137 - INFO - Scraping 3793/6851: https://www.refurbed.de/p/hp-probook-650-g4-i7-8650u/
2026-05-24 05:30:24,561 - INFO - Scraping 3794/6851: https://www.refurbed.de/p/hp-probook-650-g5-i3-8145u-15-6/
2026-05-24 05:30:26,002 - INFO - Scraping 3795/6851: https://www.refurbed.de/p/hp-probook-650-g5-i5-8265u-15-6/
2026-05-24 05:30:27,409 - INFO - Scraping 3796/6851: https://www.refurbed.de/p/hp-probook-650-g5-i5-8365u-15-6/
2026-05-24 05:30:29,012 - INFO - Scraping 3797/6851: https://www.refurbed.de/p/hp-probook-650-g5-i7-8665u-15-6/
2026-05-24 05:30:30,390 - INFO - Scraping 3798/6851: https://www.refurbed.de/p/hp-probook-650-g8-1115g4/
2026-05-24 05:30:31,844 - INFO - Scraping 3799/6851: https://www.refurbed.de/p/hp-probook-650-g8-1135g7/
2026-05-24 05:30:33,504 - INFO - Scraping 3800/6851: https://www.refurbed.de/p/hp-probook-650-g8-i5-1145g7/
2026-05-24 05:30:35,100 - INFO - Scraping 3801/6851: https://www.refurbed.de/p/hp-probook-650-g8-i7-1165g7/
2026-05-24 05:30:36,640 - INFO - Scraping 3802/6851: https://www.refurbed.de/p/hp-probook-650-g9-i7-1255u/
2026-05-24 05:30:38,020 - INFO - Scraping 3803/6851: https://www.refurbed.de/p/hp-probook-655-g1-a10-4600m/
2026-05-24 05:30:38,274 - ERROR - Error fetching https://www.refurbed.de/p/hp-probook-655-g1-a10-4600m/: 404 Client Error: Not Found for url: https://www.refurbed.de/p/hp-probook-655-g1-a10-4600m/
2026-05-24 05:30:39,277 - INFO - Scraping 3804/6851: https://www.refurbed.de/p/hp-probook-655-g1-a10-5750m/
2026-05-24 05:30:39,500 - ERROR - Error fetching https://www.refurbed.de/p/hp-probook-655-g1-a10-5750m/: 404 Client Error: Not Found for url: https://www.refurbed.de/p/hp-probook-655-g1-a10-5750m/
2026-05-24 05:30:40,503 - INFO - Scraping 3805/6851: https://www.refurbed.de/p/hp-probook-655-g2-pro-a10-8700b/
2026-05-24 05:30:40,752 - ERROR - Error fetching https://www.refurbed.de/p/hp-probook-655-g2-pro-a10-8700b/: 404 Client Error: Not Found for url: https://www.refurbed.de/p/hp-probook-655-g2-pro-a10-8700b/
2026-05-24 05:30:41,754 - INFO - Scraping 3806/6851: https://www.refurbed.de/p/hp-probook-655-g3-pro-a8-9600b/
2026-05-24 05:30:41,981 - ERROR - Error fetching https://www.refurbed.de/p/hp-probook-655-g3-pro-a8-9600b/: 404 Client Error: Not Found for url: https://www.refurbed.de/p/hp-probook-655-g3-pro-a8-9600b/
2026-05-24 05:30:42,983 - INFO - Scraping 3807/6851: https://www.refurbed.de/p/hp-probook-6570b-i5-3360m-15/
2026-05-24 05:30:43,688 - ERROR - Error fetching https://www.refurbed.de/p/hp-probook-6570b-i5-3360m-15/: 404 Client Error: Not Found for url: https://www.refurbed.de/p/hp-probook-6570b-i5-3360m-15/
2026-05-24 05:30:44,691 - INFO - Scraping 3808/6851: https://www.refurbed.de/p/hp-probook-850-g3-i7-6600u/
2026-05-24 05:30:45,263 - ERROR - Error fetching https://www.refurbed.de/p/hp-probook-850-g3-i7-6600u/: 404 Client Error: Not Found for url: https://www.refurbed.de/p/hp-probook-850-g3-i7-6600u/
2026-05-24 05:30:46,265 - INFO - Scraping 3809/6851: https://www.refurbed.de/p/hp-probook-fortis-14-g10-n4500/
2026-05-24 05:30:48,491 - INFO - Scraping 3810/6851: https://www.refurbed.de/p/hp-probook-x360-11-g3-n4100/
2026-05-24 05:30:50,621 - INFO - Scraping 3811/6851: https://www.refurbed.de/p/hp-probook-x360-11-g3-n5000/
2026-05-24 05:30:52,185 - INFO - Scraping 3812/6851: https://www.refurbed.de/p/hp-probook-x360-11-g4-8100y-11-6/
2026-05-24 05:30:53,708 - INFO - Scraping 3813/6851: https://www.refurbed.de/p/hp-probook-x360-11-g5-ee-n4100/
2026-05-24 05:30:55,473 - INFO - Scraping 3814/6851: https://www.refurbed.de/p/hp-probook-x360-435-g7-5-4500u/
2026-05-24 05:30:56,877 - INFO - Scraping 3815/6851: https://www.refurbed.de/p/hp-probook-x360-435-g7-7-4700u/
2026-05-24 05:30:58,263 - INFO - Scraping 3816/6851: https://www.refurbed.de/p/hp-probook-x360-435-g8-5-5600u/
2026-05-24 05:30:59,848 - INFO - Scraping 3817/6851: https://www.refurbed.de/p/hp-probook-x360-435-g8-7-5800u/
2026-05-24 05:31:01,348 - INFO - Scraping 3818/6851: https://www.refurbed.de/p/hp-probook-x360-435-g9-5-5625u/
2026-05-24 05:31:02,723 - INFO - Scraping 3819/6851: https://www.refurbed.de/p/hp-probook-x360-435-g9-7-5825u/
2026-05-24 05:31:04,165 - INFO - Scraping 3820/6851: https://www.refurbed.de/p/hp-probook-x360-440-g1-8130u/
2026-05-24 05:31:05,804 - INFO - Scraping 3821/6851: https://www.refurbed.de/p/hp-probook-x360-440-g1-8250u/
2026-05-24 05:31:07,198 - INFO - Scraping 3822/6851: https://www.refurbed.de/p/hp-probook-x360-440-g1-i5-8400/
2026-05-24 05:31:08,637 - INFO - Scraping 3823/6851: https://www.refurbed.de/p/hp-probook-x360-440-g1-i7-8550u/
2026-05-24 05:31:09,989 - INFO - Scraping 3824/6851: https://www.refurbed.de/p/hp-probook-x360-g1-celeron-n3350/
2026-05-24 05:31:10,225 - ERROR - Error fetching https://www.refurbed.de/p/hp-probook-x360-g1-celeron-n3350/: 404 Client Error: Not Found for url: https://www.refurbed.de/p/hp-probook-x360-g1-celeron-n3350/
2026-05-24 05:31:11,228 - INFO - Scraping 3825/6851: https://www.refurbed.de/p/hp-probook-x360-g1-n4200/
2026-05-24 05:31:11,452 - ERROR - Error fetching https://www.refurbed.de/p/hp-probook-x360-g1-n4200/: 404 Client Error: Not Found for url: https://www.refurbed.de/p/hp-probook-x360-g1-n4200/
2026-05-24 05:31:12,455 - INFO - Scraping 3826/6851: https://www.refurbed.de/p/hp-probook650-g1-i5-4200m/
2026-05-24 05:31:12,742 - ERROR - Error fetching https://www.refurbed.de/p/hp-probook650-g1-i5-4200m/: 404 Client Error: Not Found for url: https://www.refurbed.de/p/hp-probook650-g1-i5-4200m/
2026-05-24 05:31:13,745 - INFO - Scraping 3827/6851: https://www.refurbed.de/p/hp-procurve-switch-2610-48-pwr/
2026-05-24 05:31:15,173 - INFO - Scraping 3828/6851: https://www.refurbed.de/p/hp-procurve-switch-2610-48/
2026-05-24 05:31:16,635 - INFO - Scraping 3829/6851: https://www.refurbed.de/p/hp-prodesk-400-g1-dm-i3/
2026-05-24 05:31:16,899 - ERROR - Error fetching https://www.refurbed.de/p/hp-prodesk-400-g1-dm-i3/: 404 Client Error: Not Found for url: https://www.refurbed.de/p/hp-prodesk-400-g1-dm-i3/
2026-05-24 05:31:17,901 - INFO - Scraping 3830/6851: https://www.refurbed.de/p/hp-prodesk-400-g1-mt/
2026-05-24 05:31:18,128 - ERROR - Error fetching https://www.refurbed.de/p/hp-prodesk-400-g1-mt/: 404 Client Error: Not Found for url: https://www.refurbed.de/p/hp-prodesk-400-g1-mt/
2026-05-24 05:31:19,130 - INFO - Scraping 3831/6851: https://www.refurbed.de/p/hp-prodesk-400-g1-sff/
2026-05-24 05:31:19,385 - ERROR - Error fetching https://www.refurbed.de/p/hp-prodesk-400-g1-sff/: 404 Client Error: Not Found for url: https://www.refurbed.de/p/hp-prodesk-400-g1-sff/
2026-05-24 05:31:20,387 - INFO - Scraping 3832/6851: https://www.refurbed.de/p/hp-prodesk-400-g2-dm-i5/
2026-05-24 05:31:21,766 - INFO - Scraping 3833/6851: https://www.refurbed.de/p/hp-prodesk-400-g2-mt/
2026-05-24 05:31:21,994 - ERROR - Error fetching https://www.refurbed.de/p/hp-prodesk-400-g2-mt/: 404 Client Error: Not Found for url: https://www.refurbed.de/p/hp-prodesk-400-g2-mt/
2026-05-24 05:31:22,997 - INFO - Scraping 3834/6851: https://www.refurbed.de/p/hp-prodesk-400-g3-6-gen/
2026-05-24 05:31:23,270 - ERROR - Error fetching https://www.refurbed.de/p/hp-prodesk-400-g3-6-gen/: 404 Client Error: Not Found for url: https://www.refurbed.de/p/hp-prodesk-400-g3-6-gen/
2026-05-24 05:31:24,273 - INFO - Scraping 3835/6851: https://www.refurbed.de/p/hp-prodesk-400-g3-dm/
2026-05-24 05:31:24,500 - ERROR - Error fetching https://www.refurbed.de/p/hp-prodesk-400-g3-dm/: 404 Client Error: Not Found for url: https://www.refurbed.de/p/hp-prodesk-400-g3-dm/
2026-05-24 05:31:25,502 - INFO - Scraping 3836/6851: https://www.refurbed.de/p/hp-prodesk-400-g3-mt/
2026-05-24 05:31:25,741 - ERROR - Error fetching https://www.refurbed.de/p/hp-prodesk-400-g3-mt/: 404 Client Error: Not Found for url: https://www.refurbed.de/p/hp-prodesk-400-g3-mt/
2026-05-24 05:31:26,744 - INFO - Scraping 3837/6851: https://www.refurbed.de/p/hp-prodesk-400-g4-dm/
2026-05-24 05:31:28,257 - INFO - Scraping 3838/6851: https://www.refurbed.de/p/hp-prodesk-400-g4-mt/
2026-05-24 05:31:28,481 - ERROR - Error fetching https://www.refurbed.de/p/hp-prodesk-400-g4-mt/: 404 Client Error: Not Found for url: https://www.refurbed.de/p/hp-prodesk-400-g4-mt/
2026-05-24 05:31:29,483 - INFO - Scraping 3839/6851: https://www.refurbed.de/p/hp-prodesk-400-g4-sff/
2026-05-24 05:31:29,708 - ERROR - Error fetching https://www.refurbed.de/p/hp-prodesk-400-g4-sff/: 404 Client Error: Not Found for url: https://www.refurbed.de/p/hp-prodesk-400-g4-sff/
2026-05-24 05:31:30,710 - INFO - Scraping 3840/6851: https://www.refurbed.de/p/hp-prodesk-400-g5-dm/
2026-05-24 05:31:32,073 - INFO - Scraping 3841/6851: https://www.refurbed.de/p/hp-prodesk-400-g5-mt/
2026-05-24 05:31:33,594 - INFO - Scraping 3842/6851: https://www.refurbed.de/p/hp-prodesk-400-g5-sff/
2026-05-24 05:31:35,171 - INFO - Scraping 3843/6851: https://www.refurbed.de/p/hp-prodesk-400-g6-dm/
2026-05-24 05:31:36,523 - INFO - Scraping 3844/6851: https://www.refurbed.de/p/hp-prodesk-400-g6-mt/
2026-05-24 05:31:37,888 - INFO - Scraping 3845/6851: https://www.refurbed.de/p/hp-prodesk-400-g6-sff/
2026-05-24 05:31:39,416 - INFO - Scraping 3846/6851: https://www.refurbed.de/p/hp-prodesk-400-g7-mt/
2026-05-24 05:31:40,874 - INFO - Scraping 3847/6851: https://www.refurbed.de/p/hp-prodesk-400-g7-sff/
2026-05-24 05:31:42,441 - INFO - Scraping 3848/6851: https://www.refurbed.de/p/hp-prodesk-405-g4-dm/
2026-05-24 05:31:42,668 - ERROR - Error fetching https://www.refurbed.de/p/hp-prodesk-405-g4-dm/: 404 Client Error: Not Found for url: https://www.refurbed.de/p/hp-prodesk-405-g4-dm/
2026-05-24 05:31:43,670 - INFO - Scraping 3849/6851: https://www.refurbed.de/p/hp-prodesk-405-g4-sff/
2026-05-24 05:31:43,913 - ERROR - Error fetching https://www.refurbed.de/p/hp-prodesk-405-g4-sff/: 404 Client Error: Not Found for url: https://www.refurbed.de/p/hp-prodesk-405-g4-sff/
2026-05-24 05:31:44,916 - INFO - Scraping 3850/6851: https://www.refurbed.de/p/hp-prodesk-405-g8-dm/
2026-05-24 05:31:46,440 - INFO - Scraping 3851/6851: https://www.refurbed.de/p/hp-prodesk-490-g2-mt/
2026-05-24 05:31:46,687 - ERROR - Error fetching https://www.refurbed.de/p/hp-prodesk-490-g2-mt/: 404 Client Error: Not Found for url: https://www.refurbed.de/p/hp-prodesk-490-g2-mt/
2026-05-24 05:31:47,689 - INFO - Scraping 3852/6851: https://www.refurbed.de/p/hp-prodesk-490-g3-mt/
2026-05-24 05:31:47,929 - ERROR - Error fetching https://www.refurbed.de/p/hp-prodesk-490-g3-mt/: 404 Client Error: Not Found for url: https://www.refurbed.de/p/hp-prodesk-490-g3-mt/
2026-05-24 05:31:48,932 - INFO - Scraping 3853/6851: https://www.refurbed.de/p/hp-prodesk-600-g1-dm-i3/
2026-05-24 05:31:49,157 - ERROR - Error fetching https://www.refurbed.de/p/hp-prodesk-600-g1-dm-i3/: 404 Client Error: Not Found for url: https://www.refurbed.de/p/hp-prodesk-600-g1-dm-i3/
2026-05-24 05:31:50,160 - INFO - Scraping 3854/6851: https://www.refurbed.de/p/hp-prodesk-600-g1-sff/
2026-05-24 05:31:50,533 - ERROR - Error fetching https://www.refurbed.de/p/hp-prodesk-600-g1-sff/: 404 Client Error: Not Found for url: https://www.refurbed.de/p/hp-prodesk-600-g1-sff/
2026-05-24 05:31:51,535 - INFO - Scraping 3855/6851: https://www.refurbed.de/p/hp-prodesk-600-g1-twr-g3220/
2026-05-24 05:31:51,769 - ERROR - Error fetching https://www.refurbed.de/p/hp-prodesk-600-g1-twr-g3220/: 404 Client Error: Not Found for url: https://www.refurbed.de/p/hp-prodesk-600-g1-twr-g3220/
2026-05-24 05:31:52,771 - INFO - Scraping 3856/6851: https://www.refurbed.de/p/hp-prodesk-600-g2-mt/
2026-05-24 05:31:52,996 - ERROR - Error fetching https://www.refurbed.de/p/hp-prodesk-600-g2-mt/: 404 Client Error: Not Found for url: https://www.refurbed.de/p/hp-prodesk-600-g2-mt/
2026-05-24 05:31:53,998 - INFO - Scraping 3857/6851: https://www.refurbed.de/p/hp-prodesk-600-g2-sff/
2026-05-24 05:31:54,223 - ERROR - Error fetching https://www.refurbed.de/p/hp-prodesk-600-g2-sff/: 404 Client Error: Not Found for url: https://www.refurbed.de/p/hp-prodesk-600-g2-sff/
2026-05-24 05:31:55,226 - INFO - Scraping 3858/6851: https://www.refurbed.de/p/hp-prodesk-600-g2-usff/
2026-05-24 05:31:55,453 - ERROR - Error fetching https://www.refurbed.de/p/hp-prodesk-600-g2-usff/: 404 Client Error: Not Found for url: https://www.refurbed.de/p/hp-prodesk-600-g2-usff/
2026-05-24 05:31:56,456 - INFO - Scraping 3859/6851: https://www.refurbed.de/p/hp-prodesk-600-g3-dm/
2026-05-24 05:31:56,691 - ERROR - Error fetching https://www.refurbed.de/p/hp-prodesk-600-g3-dm/: 404 Client Error: Not Found for url: https://www.refurbed.de/p/hp-prodesk-600-g3-dm/
2026-05-24 05:31:57,693 - INFO - Scraping 3860/6851: https://www.refurbed.de/p/hp-prodesk-600-g3-mt/
2026-05-24 05:31:57,926 - ERROR - Error fetching https://www.refurbed.de/p/hp-prodesk-600-g3-mt/: 404 Client Error: Not Found for url: https://www.refurbed.de/p/hp-prodesk-600-g3-mt/
2026-05-24 05:31:58,929 - INFO - Scraping 3861/6851: https://www.refurbed.de/p/hp-prodesk-600-g3-sff/
2026-05-24 05:31:59,155 - ERROR - Error fetching https://www.refurbed.de/p/hp-prodesk-600-g3-sff/: 404 Client Error: Not Found for url: https://www.refurbed.de/p/hp-prodesk-600-g3-sff/
2026-05-24 05:32:00,158 - INFO - Scraping 3862/6851: https://www.refurbed.de/p/hp-prodesk-600-g4-dm-intel-8th-g/
2026-05-24 05:32:01,649 - INFO - Scraping 3863/6851: https://www.refurbed.de/p/hp-prodesk-600-g4-mt/
2026-05-24 05:32:03,196 - INFO - Scraping 3864/6851: https://www.refurbed.de/p/hp-prodesk-600-g4-sff/
2026-05-24 05:32:04,525 - INFO - Scraping 3865/6851: https://www.refurbed.de/p/hp-prodesk-600-g5-dm-intel-9th-g/
2026-05-24 05:32:06,055 - INFO - Scraping 3866/6851: https://www.refurbed.de/p/hp-prodesk-600-g5-mt/
2026-05-24 05:32:07,788 - INFO - Scraping 3867/6851: https://www.refurbed.de/p/hp-prodesk-600-g5-sff/
2026-05-24 05:32:09,516 - INFO - Scraping 3868/6851: https://www.refurbed.de/p/hp-prodesk-600-g6-dm/
2026-05-24 05:32:11,076 - INFO - Scraping 3869/6851: https://www.refurbed.de/p/hp-prodesk-600-g6-mt/
2026-05-24 05:32:12,821 - INFO - Scraping 3870/6851: https://www.refurbed.de/p/hp-prodesk-600-g6-sff/
2026-05-24 05:32:14,370 - INFO - Scraping 3871/6851: https://www.refurbed.de/p/hp-prodesk-800-g2-sff/
2026-05-24 05:32:14,602 - ERROR - Error fetching https://www.refurbed.de/p/hp-prodesk-800-g2-sff/: 404 Client Error: Not Found for url: https://www.refurbed.de/p/hp-prodesk-800-g2-sff/
2026-05-24 05:32:15,605 - INFO - Scraping 3872/6851: https://www.refurbed.de/p/hp-prodisplay-p201-10/
2026-05-24 05:32:17,405 - INFO - Scraping 3873/6851: https://www.refurbed.de/p/hp-prodisplay-p222va/
2026-05-24 05:32:18,992 - INFO - Scraping 3874/6851: https://www.refurbed.de/p/hp-proone-240-g9-aio/
2026-05-24 05:32:20,522 - INFO - Scraping 3875/6851: https://www.refurbed.de/p/hp-proone-400-g2-aio/
2026-05-24 05:32:20,757 - ERROR - Error fetching https://www.refurbed.de/p/hp-proone-400-g2-aio/: 404 Client Error: Not Found for url: https://www.refurbed.de/p/hp-proone-400-g2-aio/
2026-05-24 05:32:21,759 - INFO - Scraping 3876/6851: https://www.refurbed.de/p/hp-proone-440-g4-aio-23-8/
2026-05-24 05:32:23,176 - INFO - Scraping 3877/6851: https://www.refurbed.de/p/hp-proone-440-g6-aio-23-8/
2026-05-24 05:32:24,532 - INFO - Scraping 3878/6851: https://www.refurbed.de/p/hp-proone-440-g9-aio/
2026-05-24 05:32:25,987 - INFO - Scraping 3879/6851: https://www.refurbed.de/p/hp-proone-600-g1-aio-21-5/
2026-05-24 05:32:26,260 - ERROR - Error fetching https://www.refurbed.de/p/hp-proone-600-g1-aio-21-5/: 404 Client Error: Not Found for url: https://www.refurbed.de/p/hp-proone-600-g1-aio-21-5/
2026-05-24 05:32:27,262 - INFO - Scraping 3880/6851: https://www.refurbed.de/p/hp-proone-600-g3-aio-21-5/
2026-05-24 05:32:27,521 - ERROR - Error fetching https://www.refurbed.de/p/hp-proone-600-g3-aio-21-5/: 404 Client Error: Not Found for url: https://www.refurbed.de/p/hp-proone-600-g3-aio-21-5/
2026-05-24 05:32:28,524 - INFO - Scraping 3881/6851: https://www.refurbed.de/p/hp-proone-600-g4-aio-21-5/
2026-05-24 05:32:29,956 - INFO - Scraping 3882/6851: https://www.refurbed.de/p/hp-proone-600-g5-aio-21-5/
2026-05-24 05:32:31,330 - INFO - Scraping 3883/6851: https://www.refurbed.de/p/hp-proone-600-g6-aio/
2026-05-24 05:32:32,808 - INFO - Scraping 3884/6851: https://www.refurbed.de/p/hp-pv-x360-14-dy0055ng-i5-1135g7/
2026-05-24 05:32:34,219 - INFO - Scraping 3885/6851: https://www.refurbed.de/p/hp-pw-enterprise-color-mfp-586dn/
2026-05-24 05:32:35,593 - INFO - Scraping 3886/6851: https://www.refurbed.de/p/hp-qy777aa/
2026-05-24 05:32:37,088 - INFO - Scraping 3887/6851: https://www.refurbed.de/p/hp-rechargeable-active-pen-g3/
2026-05-24 05:32:38,511 - INFO - Scraping 3888/6851: https://www.refurbed.de/p/hp-s2331a-23/
2026-05-24 05:32:39,869 - INFO - Scraping 3889/6851: https://www.refurbed.de/p/hp-scanjet-pro-2000-s2/
2026-05-24 05:32:41,270 - INFO - Scraping 3890/6851: https://www.refurbed.de/p/hp-scanjet-pro-2500-f1/
2026-05-24 05:32:42,818 - INFO - Scraping 3891/6851: https://www.refurbed.de/p/hp-scanjet-pro-3000-s4/
2026-05-24 05:32:44,244 - INFO - Scraping 3892/6851: https://www.refurbed.de/p/hp-series-5-524sw-23-8/
2026-05-24 05:32:45,634 - INFO - Scraping 3893/6851: https://www.refurbed.de/p/hp-shareboard-2tx38aa/
2026-05-24 05:32:47,060 - INFO - Scraping 3894/6851: https://www.refurbed.de/p/hp-sk-2120/
2026-05-24 05:32:48,504 - INFO - Scraping 3895/6851: https://www.refurbed.de/p/hp-sk-2280/
2026-05-24 05:32:49,896 - INFO - Scraping 3896/6851: https://www.refurbed.de/p/hp-slimline-260-a109nf/
2026-05-24 05:32:50,151 - ERROR - Error fetching https://www.refurbed.de/p/hp-slimline-260-a109nf/: 404 Client Error: Not Found for url: https://www.refurbed.de/p/hp-slimline-260-a109nf/
2026-05-24 05:32:51,153 - INFO - Scraping 3897/6851: https://www.refurbed.de/p/hp-spec-x360-conver-13-ap-1165g7/
2026-05-24 05:32:52,549 - INFO - Scraping 3898/6851: https://www.refurbed.de/p/hp-spec-x360-conver-13-aw-1065g7/
2026-05-24 05:32:53,994 - INFO - Scraping 3899/6851: https://www.refurbed.de/p/hp-spectre-pro-x360-g2-i5-6200u/
2026-05-24 05:32:54,225 - ERROR - Error fetching https://www.refurbed.de/p/hp-spectre-pro-x360-g2-i5-6200u/: 404 Client Error: Not Found for url: https://www.refurbed.de/p/hp-spectre-pro-x360-g2-i5-6200u/
2026-05-24 05:32:55,227 - INFO - Scraping 3900/6851: https://www.refurbed.de/p/hp-spectre-pro-x360-g2-i5-6300u/
2026-05-24 05:32:55,453 - ERROR - Error fetching https://www.refurbed.de/p/hp-spectre-pro-x360-g2-i5-6300u/: 404 Client Error: Not Found for url: https://www.refurbed.de/p/hp-spectre-pro-x360-g2-i5-6300u/
2026-05-24 05:32:56,455 - INFO - Scraping 3901/6851: https://www.refurbed.de/p/hp-spectre-pro-x360-g2/
2026-05-24 05:32:56,731 - ERROR - Error fetching https://www.refurbed.de/p/hp-spectre-pro-x360-g2/: 404 Client Error: Not Found for url: https://www.refurbed.de/p/hp-spectre-pro-x360-g2/
2026-05-24 05:32:57,734 - INFO - Scraping 3902/6851: https://www.refurbed.de/p/hp-spectre-x360-2-1-14-ef-1255u/
2026-05-24 05:32:59,197 - INFO - Scraping 3903/6851: https://www.refurbed.de/p/hp-spectre-x360-2-1-14-ef-1335u/
2026-05-24 05:33:00,594 - INFO - Scraping 3904/6851: https://www.refurbed.de/p/hp-spectre-x360-2-1-14-eu-155h/
2026-05-24 05:33:02,053 - INFO - Scraping 3905/6851: https://www.refurbed.de/p/hp-spectre-x360-2-1-16-f-11390h/
2026-05-24 05:33:03,480 - INFO - Scraping 3906/6851: https://www.refurbed.de/p/hp-spectre-x360-2-1-16-f-1260p/
2026-05-24 05:33:04,867 - INFO - Scraping 3907/6851: https://www.refurbed.de/p/hp-spectre-x360-2-1-16-f-1360p/
2026-05-24 05:33:06,295 - INFO - Scraping 3908/6851: https://www.refurbed.de/p/hp-spectre-x360-2-1-16-f-13700h/
2026-05-24 05:33:07,641 - INFO - Scraping 3909/6851: https://www.refurbed.de/p/hp-spectre-x360-2-1-16t-i7-1360p/
2026-05-24 05:33:09,199 - INFO - Scraping 3910/6851: https://www.refurbed.de/p/hp-spectre-x360-2in1-16-aa0-155h/
2026-05-24 05:33:10,879 - INFO - Scraping 3911/6851: https://www.refurbed.de/p/hp-spectre-x360-convertible-65g7/
2026-05-24 05:33:12,304 - INFO - Scraping 3912/6851: https://www.refurbed.de/p/hp-spectre-x360-g1-i5-5200u/
2026-05-24 05:33:12,548 - ERROR - Error fetching https://www.refurbed.de/p/hp-spectre-x360-g1-i5-5200u/: 404 Client Error: Not Found for url: https://www.refurbed.de/p/hp-spectre-x360-g1-i5-5200u/
2026-05-24 05:33:13,550 - INFO - Scraping 3913/6851: https://www.refurbed.de/p/hp-sprocket-2in1/
2026-05-24 05:33:14,962 - INFO - Scraping 3914/6851: https://www.refurbed.de/p/hp-sprocket/
2026-05-24 05:33:16,363 - INFO - Scraping 3915/6851: https://www.refurbed.de/p/hp-sprout-pro-g1/
2026-05-24 05:33:16,738 - ERROR - Error fetching https://www.refurbed.de/p/hp-sprout-pro-g1/: 404 Client Error: Not Found for url: https://www.refurbed.de/p/hp-sprout-pro-g1/
2026-05-24 05:33:17,740 - INFO - Scraping 3916/6851: https://www.refurbed.de/p/hp-stream-11-ak0026na-n4120/
2026-05-24 05:33:19,176 - INFO - Scraping 3917/6851: https://www.refurbed.de/p/hp-stream-11-ak0720ng-n4020/
2026-05-24 05:33:20,702 - INFO - Scraping 3918/6851: https://www.refurbed.de/p/hp-stream-11-pro-g2-n3050/
2026-05-24 05:33:20,975 - ERROR - Error fetching https://www.refurbed.de/p/hp-stream-11-pro-g2-n3050/: 404 Client Error: Not Found for url: https://www.refurbed.de/p/hp-stream-11-pro-g2-n3050/
2026-05-24 05:33:21,978 - INFO - Scraping 3919/6851: https://www.refurbed.de/p/hp-stream-11-pro-g3-n3060/
2026-05-24 05:33:22,214 - ERROR - Error fetching https://www.refurbed.de/p/hp-stream-11-pro-g3-n3060/: 404 Client Error: Not Found for url: https://www.refurbed.de/p/hp-stream-11-pro-g3-n3060/
2026-05-24 05:33:23,216 - INFO - Scraping 3920/6851: https://www.refurbed.de/p/hp-stream-11-pro-g4-n3350/
2026-05-24 05:33:23,448 - ERROR - Error fetching https://www.refurbed.de/p/hp-stream-11-pro-g4-n3350/: 404 Client Error: Not Found for url: https://www.refurbed.de/p/hp-stream-11-pro-g4-n3350/
2026-05-24 05:33:24,450 - INFO - Scraping 3921/6851: https://www.refurbed.de/p/hp-stream-11-pro-g5-n4000/
2026-05-24 05:33:25,912 - INFO - Scraping 3922/6851: https://www.refurbed.de/p/hp-tablet-11-be0014na-n6000/
2026-05-24 05:33:27,431 - INFO - Scraping 3923/6851: https://www.refurbed.de/p/hp-thin-client-y3u71aa/
2026-05-24 05:33:28,859 - INFO - Scraping 3924/6851: https://www.refurbed.de/p/hp-thunderbolt-dock-g2/
2026-05-24 05:33:30,350 - INFO - Scraping 3925/6851: https://www.refurbed.de/p/hp-thunderbolt-dock-g4/
2026-05-24 05:33:31,784 - INFO - Scraping 3926/6851: https://www.refurbed.de/p/hp-tpn-aa03/
2026-05-24 05:33:33,390 - INFO - Scraping 3927/6851: https://www.refurbed.de/p/hp-tpn-da09/
2026-05-24 05:33:34,815 - INFO - Scraping 3928/6851: https://www.refurbed.de/p/hp-tpn-da25/
2026-05-24 05:33:36,294 - INFO - Scraping 3929/6851: https://www.refurbed.de/p/hp-u32-31-5/
2026-05-24 05:33:37,713 - INFO - Scraping 3930/6851: https://www.refurbed.de/p/hp-ultraslim-dock-2013-d9y19av/
2026-05-24 05:33:39,148 - INFO - Scraping 3931/6851: https://www.refurbed.de/p/hp-ultraslim-dock-2013-d9y32aa/
2026-05-24 05:33:40,679 - INFO - Scraping 3932/6851: https://www.refurbed.de/p/hp-universal-usb-c-multiport-hub/
2026-05-24 05:33:42,053 - INFO - Scraping 3933/6851: https://www.refurbed.de/p/hp-usb-c-a-universal-dock-g2/
2026-05-24 05:33:43,739 - INFO - Scraping 3934/6851: https://www.refurbed.de/p/hp-usb-c-dock-g2/
2026-05-24 05:33:45,234 - INFO - Scraping 3935/6851: https://www.refurbed.de/p/hp-usb-c-dock-g3/
2026-05-24 05:33:46,663 - INFO - Scraping 3936/6851: https://www.refurbed.de/p/hp-usb-c-dock-g4/
2026-05-24 05:33:48,207 - INFO - Scraping 3937/6851: https://www.refurbed.de/p/hp-usb-c-dock-g5/
2026-05-24 05:33:49,726 - INFO - Scraping 3938/6851: https://www.refurbed.de/p/hp-usb-c-travel-hub/
2026-05-24 05:33:51,223 - INFO - Scraping 3939/6851: https://www.refurbed.de/p/hp-usb-c-universal-dock-1mk33aa/
2026-05-24 05:33:52,713 - INFO - Scraping 3940/6851: https://www.refurbed.de/p/hp-usb-travel-dock/
2026-05-24 05:33:54,142 - INFO - Scraping 3941/6851: https://www.refurbed.de/p/hp-vg-16-s0018ns-r-7-7840hs/
2026-05-24 05:33:55,516 - INFO - Scraping 3942/6851: https://www.refurbed.de/p/hp-victrus-16-d0039ua-11400h/
2026-05-24 05:33:57,044 - INFO - Scraping 3943/6851: https://www.refurbed.de/p/hp-victrus-16-d0754ng-11400h/
2026-05-24 05:33:58,465 - INFO - Scraping 3944/6851: https://www.refurbed.de/p/hp-victrus-16-e0754ng-5600h/
2026-05-24 05:33:59,896 - INFO - Scraping 3945/6851: https://www.refurbed.de/p/hp-victrus-16-e0802ng-5600h/
2026-05-24 05:34:01,289 - INFO - Scraping 3946/6851: https://www.refurbed.de/p/hp-victrus-16-e0900ng-5600h/
2026-05-24 05:34:02,660 - INFO - Scraping 3947/6851: https://www.refurbed.de/p/hp-victrus-16-e0914ng-5600h/
2026-05-24 05:34:04,077 - INFO - Scraping 3948/6851: https://www.refurbed.de/p/hp-victus-15-fa-12450h-15-6/
2026-05-24 05:34:05,609 - INFO - Scraping 3949/6851: https://www.refurbed.de/p/hp-victus-15-fa-i5-13500h-15-6/
2026-05-24 05:34:07,117 - INFO - Scraping 3950/6851: https://www.refurbed.de/p/hp-victus-15-fa0008nx-i5-12450h/
2026-05-24 05:34:08,579 - INFO - Scraping 3951/6851: https://www.refurbed.de/p/hp-victus-15-fa0093ne-12450h/
2026-05-24 05:34:10,037 - INFO - Scraping 3952/6851: https://www.refurbed.de/p/hp-victus-15-fa0631nc-i5-12450h/
2026-05-24 05:34:11,578 - INFO - Scraping 3953/6851: https://www.refurbed.de/p/hp-victus-15-fa0755ng-i5-12500h/
2026-05-24 05:34:13,078 - INFO - Scraping 3954/6851: https://www.refurbed.de/p/hp-victus-15-fa0999nw-12450h/
2026-05-24 05:34:14,512 - INFO - Scraping 3955/6851: https://www.refurbed.de/p/hp-victus-15-fa1067nt-13420h/
2026-05-24 05:34:16,371 - INFO - Scraping 3956/6851: https://www.refurbed.de/p/hp-victus-15-fa15020nd-i5-12500/
2026-05-24 05:34:18,088 - INFO - Scraping 3957/6851: https://www.refurbed.de/p/hp-victus-15-fa1656ng-13420h/
2026-05-24 05:34:20,340 - INFO - Scraping 3958/6851: https://www.refurbed.de/p/hp-victus-15-fb-r-5-5600h-15-6/
2026-05-24 05:34:22,028 - INFO - Scraping 3959/6851: https://www.refurbed.de/p/hp-victus-15-fb0354ng-r5-5600h/
2026-05-24 05:34:23,783 - INFO - Scraping 3960/6851: https://www.refurbed.de/p/hp-victus-15-fb0354ng-r7-5800h/
2026-05-24 05:34:25,350 - INFO - Scraping 3961/6851: https://www.refurbed.de/p/hp-victus-15l-gaming-tg02/
2026-05-24 05:34:26,894 - INFO - Scraping 3962/6851: https://www.refurbed.de/p/hp-victus-16-d0802ng-11400h/
2026-05-24 05:34:28,271 - INFO - Scraping 3963/6851: https://www.refurbed.de/p/hp-victus-16-d1045nt-i5-12500h/
2026-05-24 05:34:29,720 - INFO - Scraping 3964/6851: https://www.refurbed.de/p/hp-victus-16-e0096ur-7-5800h/
2026-05-24 05:34:31,079 - INFO - Scraping 3965/6851: https://www.refurbed.de/p/hp-victus-16-e0801ng-11400h-16/
2026-05-24 05:34:32,461 - INFO - Scraping 3966/6851: https://www.refurbed.de/p/hp-victus-16-r0008nx-13700h/
2026-05-24 05:34:33,904 - INFO - Scraping 3967/6851: https://www.refurbed.de/p/hp-victus-16-r0175ng-13700h/
2026-05-24 05:34:35,311 - INFO - Scraping 3968/6851: https://www.refurbed.de/p/hp-victus-16-r1001nt-14700hx/
2026-05-24 05:34:36,777 - INFO - Scraping 3969/6851: https://www.refurbed.de/p/hp-victus-16-r1038nt-14700hx/
2026-05-24 05:34:38,154 - INFO - Scraping 3970/6851: https://www.refurbed.de/p/hp-victus-16-s-r-5-7640hs-16-1/
2026-05-24 05:34:39,532 - INFO - Scraping 3971/6851: https://www.refurbed.de/p/hp-victus-16-s0001nv-r-5-7640hs/
2026-05-24 05:34:40,932 - INFO - Scraping 3972/6851: https://www.refurbed.de/p/hp-victus-16-s1-r7-8840h-16-1/
2026-05-24 05:34:42,322 - INFO - Scraping 3973/6851: https://www.refurbed.de/p/hp-victus-gaming-16-r-14700hx/
2026-05-24 05:34:43,785 - INFO - Scraping 3974/6851: https://www.refurbed.de/p/hp-victus-gaming-16-r-i5-13500h/
2026-05-24 05:34:45,171 - INFO - Scraping 3975/6851: https://www.refurbed.de/p/hp-victus-gaming-16-r-i7-13700h/
2026-05-24 05:34:46,523 - INFO - Scraping 3976/6851: https://www.refurbed.de/p/hp-w1972a-18-5/
2026-05-24 05:34:47,902 - INFO - Scraping 3977/6851: https://www.refurbed.de/p/hp-wireless-link-5/
2026-05-24 05:34:49,378 - INFO - Scraping 3978/6851: https://www.refurbed.de/p/hp-wireless-set-t6l04aa/
2026-05-24 05:34:50,754 - INFO - Scraping 3979/6851: https://www.refurbed.de/p/hp-workstation-z400/
2026-05-24 05:34:50,990 - ERROR - Error fetching https://www.refurbed.de/p/hp-workstation-z400/: 404 Client Error: Not Found for url: https://www.refurbed.de/p/hp-workstation-z400/
2026-05-24 05:34:51,992 - INFO - Scraping 3980/6851: https://www.refurbed.de/p/hp-workstation-z6-g4/
2026-05-24 05:34:53,532 - INFO - Scraping 3981/6851: https://www.refurbed.de/p/hp-workstation-z6-g5/
2026-05-24 05:34:55,071 - INFO - Scraping 3982/6851: https://www.refurbed.de/p/hp-workstation-z8-g4/
2026-05-24 05:34:56,599 - INFO - Scraping 3983/6851: https://www.refurbed.de/p/hp-x2-10-p003ng/
2026-05-24 05:34:56,826 - ERROR - Error fetching https://www.refurbed.de/p/hp-x2-10-p003ng/: 404 Client Error: Not Found for url: https://www.refurbed.de/p/hp-x2-10-p003ng/
2026-05-24 05:34:57,828 - INFO - Scraping 3984/6851: https://www.refurbed.de/p/hp-x24ih-23-8/
2026-05-24 05:34:59,249 - INFO - Scraping 3985/6851: https://www.refurbed.de/p/hp-x34-34/
2026-05-24 05:35:00,612 - INFO - Scraping 3986/6851: https://www.refurbed.de/p/hp-x360-1040-g11-7-155h/
2026-05-24 05:35:02,146 - INFO - Scraping 3987/6851: https://www.refurbed.de/p/hp-x360-15-er0077ng-i7-1165g7/
2026-05-24 05:35:03,557 - INFO - Scraping 3988/6851: https://www.refurbed.de/p/hp-x360-310-g2-n3700/
2026-05-24 05:35:03,847 - ERROR - Error fetching https://www.refurbed.de/p/hp-x360-310-g2-n3700/: 404 Client Error: Not Found for url: https://www.refurbed.de/p/hp-x360-310-g2-n3700/
2026-05-24 05:35:04,850 - INFO - Scraping 3989/6851: https://www.refurbed.de/p/hp-z-display-z22n/
2026-05-24 05:35:06,241 - INFO - Scraping 3990/6851: https://www.refurbed.de/p/hp-z-display-z231/
2026-05-24 05:35:07,668 - INFO - Scraping 3991/6851: https://www.refurbed.de/p/hp-z-display-z23i/
2026-05-24 05:35:09,262 - INFO - Scraping 3992/6851: https://www.refurbed.de/p/hp-z-display-zr2440w/
2026-05-24 05:35:10,755 - INFO - Scraping 3993/6851: https://www.refurbed.de/p/hp-z1-entry-tower-g5/
2026-05-24 05:35:12,509 - INFO - Scraping 3994/6851: https://www.refurbed.de/p/hp-z1-entry-tower-g6/
2026-05-24 05:35:13,955 - INFO - Scraping 3995/6851: https://www.refurbed.de/p/hp-z1-g8/
2026-05-24 05:35:14,181 - ERROR - Error fetching https://www.refurbed.de/p/hp-z1-g8/: 404 Client Error: Not Found for url: https://www.refurbed.de/p/hp-z1-g8/
2026-05-24 05:35:15,183 - INFO - Scraping 3996/6851: https://www.refurbed.de/p/hp-z1-g9-tower-workstation/
2026-05-24 05:35:15,435 - ERROR - Error fetching https://www.refurbed.de/p/hp-z1-g9-tower-workstation/: 404 Client Error: Not Found for url: https://www.refurbed.de/p/hp-z1-g9-tower-workstation/
2026-05-24 05:35:16,437 - INFO - Scraping 3997/6851: https://www.refurbed.de/p/hp-z2-g5/
2026-05-24 05:35:18,037 - INFO - Scraping 3998/6851: https://www.refurbed.de/p/hp-z2-mini-g3/
2026-05-24 05:35:18,281 - ERROR - Error fetching https://www.refurbed.de/p/hp-z2-mini-g3/: 404 Client Error: Not Found for url: https://www.refurbed.de/p/hp-z2-mini-g3/
2026-05-24 05:35:19,283 - INFO - Scraping 3999/6851: https://www.refurbed.de/p/hp-z2-mini-g4/
2026-05-24 05:35:20,944 - INFO - Scraping 4000/6851: https://www.refurbed.de/p/hp-z2-mini-g5/
2026-05-24 05:35:22,356 - INFO - Scraping 4001/6851: https://www.refurbed.de/p/hp-z2-mini-g9/
2026-05-24 05:35:23,782 - INFO - Scraping 4002/6851: https://www.refurbed.de/p/hp-z2-sff-g4-workstation/
2026-05-24 05:35:25,307 - INFO - Scraping 4003/6851: https://www.refurbed.de/p/hp-z2-sff-g5-workstation/
2026-05-24 05:35:26,828 - INFO - Scraping 4004/6851: https://www.refurbed.de/p/hp-z2-sff-g9-workstation/
2026-05-24 05:35:27,054 - ERROR - Error fetching https://www.refurbed.de/p/hp-z2-sff-g9-workstation/: 404 Client Error: Not Found for url: https://www.refurbed.de/p/hp-z2-sff-g9-workstation/
2026-05-24 05:35:28,056 - INFO - Scraping 4005/6851: https://www.refurbed.de/p/hp-z2-tower-g4/
2026-05-24 05:35:29,660 - INFO - Scraping 4006/6851: https://www.refurbed.de/p/hp-z2-tower-g5/
2026-05-24 05:35:31,424 - INFO - Scraping 4007/6851: https://www.refurbed.de/p/hp-z2-tower-g9-workstation/
2026-05-24 05:35:32,845 - INFO - Scraping 4008/6851: https://www.refurbed.de/p/hp-z210-cmt-workstation-intel-co/
2026-05-24 05:35:33,228 - ERROR - Error fetching https://www.refurbed.de/p/hp-z210-cmt-workstation-intel-co/: 404 Client Error: Not Found for url: https://www.refurbed.de/p/hp-z210-cmt-workstation-intel-co/
2026-05-24 05:35:34,231 - INFO - Scraping 4009/6851: https://www.refurbed.de/p/hp-z210-workstation-xeon-e3/
2026-05-24 05:35:34,630 - ERROR - Error fetching https://www.refurbed.de/p/hp-z210-workstation-xeon-e3/: 404 Client Error: Not Found for url: https://www.refurbed.de/p/hp-z210-workstation-xeon-e3/
2026-05-24 05:35:35,632 - INFO - Scraping 4010/6851: https://www.refurbed.de/p/hp-z220-workstation-xeon-e3/
2026-05-24 05:35:36,064 - ERROR - Error fetching https://www.refurbed.de/p/hp-z220-workstation-xeon-e3/: 404 Client Error: Not Found for url: https://www.refurbed.de/p/hp-z220-workstation-xeon-e3/
2026-05-24 05:35:37,066 - INFO - Scraping 4011/6851: https://www.refurbed.de/p/hp-z22i/
2026-05-24 05:35:38,629 - INFO - Scraping 4012/6851: https://www.refurbed.de/p/hp-z22n-21-5/
2026-05-24 05:35:40,138 - INFO - Scraping 4013/6851: https://www.refurbed.de/p/hp-z22n-g2-21-5/
2026-05-24 05:35:41,550 - INFO - Scraping 4014/6851: https://www.refurbed.de/p/hp-z230-mt-workstation-i7-4790-n/
2026-05-24 05:35:41,799 - ERROR - Error fetching https://www.refurbed.de/p/hp-z230-mt-workstation-i7-4790-n/: 404 Client Error: Not Found for url: https://www.refurbed.de/p/hp-z230-mt-workstation-i7-4790-n/
2026-05-24 05:35:42,802 - INFO - Scraping 4015/6851: https://www.refurbed.de/p/hp-z230-mt-workstation/
2026-05-24 05:35:43,085 - ERROR - Error fetching https://www.refurbed.de/p/hp-z230-mt-workstation/: 404 Client Error: Not Found for url: https://www.refurbed.de/p/hp-z230-mt-workstation/
2026-05-24 05:35:44,088 - INFO - Scraping 4016/6851: https://www.refurbed.de/p/hp-z230-sff-workstation-intel-co/
2026-05-24 05:35:44,319 - ERROR - Error fetching https://www.refurbed.de/p/hp-z230-sff-workstation-intel-co/: 404 Client Error: Not Found for url: https://www.refurbed.de/p/hp-z230-sff-workstation-intel-co/
2026-05-24 05:35:45,322 - INFO - Scraping 4017/6851: https://www.refurbed.de/p/hp-z230-sff-workstation/
2026-05-24 05:35:45,565 - ERROR - Error fetching https://www.refurbed.de/p/hp-z230-sff-workstation/: 404 Client Error: Not Found for url: https://www.refurbed.de/p/hp-z230-sff-workstation/
2026-05-24 05:35:46,567 - INFO - Scraping 4018/6851: https://www.refurbed.de/p/hp-z23n-23/
2026-05-24 05:35:48,063 - INFO - Scraping 4019/6851: https://www.refurbed.de/p/hp-z23n-g2-23/
2026-05-24 05:35:49,630 - INFO - Scraping 4020/6851: https://www.refurbed.de/p/hp-z240-cmt-workstation-intel-co/
2026-05-24 05:35:50,008 - ERROR - Error fetching https://www.refurbed.de/p/hp-z240-cmt-workstation-intel-co/: 404 Client Error: Not Found for url: https://www.refurbed.de/p/hp-z240-cmt-workstation-intel-co/
2026-05-24 05:35:51,010 - INFO - Scraping 4021/6851: https://www.refurbed.de/p/hp-z240-sff-6000er/
2026-05-24 05:35:51,253 - ERROR - Error fetching https://www.refurbed.de/p/hp-z240-sff-6000er/: 404 Client Error: Not Found for url: https://www.refurbed.de/p/hp-z240-sff-6000er/
2026-05-24 05:35:52,255 - INFO - Scraping 4022/6851: https://www.refurbed.de/p/hp-z24f-g3/
2026-05-24 05:35:53,744 - INFO - Scraping 4023/6851: https://www.refurbed.de/p/hp-z24i-g2/
2026-05-24 05:35:55,226 - INFO - Scraping 4024/6851: https://www.refurbed.de/p/hp-z24i/
2026-05-24 05:35:56,719 - INFO - Scraping 4025/6851: https://www.refurbed.de/p/hp-z24m-g3/
2026-05-24 05:35:58,112 - INFO - Scraping 4026/6851: https://www.refurbed.de/p/hp-z24n-g2/
2026-05-24 05:35:59,663 - INFO - Scraping 4027/6851: https://www.refurbed.de/p/hp-z24n-g3/
2026-05-24 05:36:01,160 - INFO - Scraping 4028/6851: https://www.refurbed.de/p/hp-z24n/
2026-05-24 05:36:02,924 - INFO - Scraping 4029/6851: https://www.refurbed.de/p/hp-z24nf-g2/
2026-05-24 05:36:04,341 - INFO - Scraping 4030/6851: https://www.refurbed.de/p/hp-z24u-g3/
2026-05-24 05:36:05,713 - INFO - Scraping 4031/6851: https://www.refurbed.de/p/hp-z25xs-g3-25/
2026-05-24 05:36:07,246 - INFO - Scraping 4032/6851: https://www.refurbed.de/p/hp-z27-27/
2026-05-24 05:36:08,779 - INFO - Scraping 4033/6851: https://www.refurbed.de/p/hp-z27i-27/
2026-05-24 05:36:10,314 - INFO - Scraping 4034/6851: https://www.refurbed.de/p/hp-z27k-g3/
2026-05-24 05:36:11,738 - INFO - Scraping 4035/6851: https://www.refurbed.de/p/hp-z27n-27/
2026-05-24 05:36:13,090 - INFO - Scraping 4036/6851: https://www.refurbed.de/p/hp-z27n-g2-27/
2026-05-24 05:36:14,618 - INFO - Scraping 4037/6851: https://www.refurbed.de/p/hp-z27q-g3/
2026-05-24 05:36:16,116 - INFO - Scraping 4038/6851: https://www.refurbed.de/p/hp-z27u-g3-27/
2026-05-24 05:36:17,573 - INFO - Scraping 4039/6851: https://www.refurbed.de/p/hp-z27xs-g3/
2026-05-24 05:36:19,136 - INFO - Scraping 4040/6851: https://www.refurbed.de/p/hp-z30i-30/
2026-05-24 05:36:20,649 - INFO - Scraping 4041/6851: https://www.refurbed.de/p/hp-z32-31-5/
2026-05-24 05:36:22,055 - INFO - Scraping 4042/6851: https://www.refurbed.de/p/hp-z38c-37-5/
2026-05-24 05:36:23,578 - INFO - Scraping 4043/6851: https://www.refurbed.de/p/hp-z4-g4/
2026-05-24 05:36:25,313 - INFO - Scraping 4044/6851: https://www.refurbed.de/p/hp-z40c-g3/
2026-05-24 05:36:26,681 - INFO - Scraping 4045/6851: https://www.refurbed.de/p/hp-z420-workstation-e5-1650v2-nv/
2026-05-24 05:36:27,559 - ERROR - Error fetching https://www.refurbed.de/p/hp-z420-workstation-e5-1650v2-nv/: 404 Client Error: Not Found for url: https://www.refurbed.de/p/hp-z420-workstation-e5-1650v2-nv/
2026-05-24 05:36:28,562 - INFO - Scraping 4046/6851: https://www.refurbed.de/p/hp-z420-workstation-e5-2630l-nvi/
2026-05-24 05:36:29,084 - ERROR - Error fetching https://www.refurbed.de/p/hp-z420-workstation-e5-2630l-nvi/: 404 Client Error: Not Found for url: https://www.refurbed.de/p/hp-z420-workstation-e5-2630l-nvi/
2026-05-24 05:36:30,086 - INFO - Scraping 4047/6851: https://www.refurbed.de/p/hp-z420-workstation-xeon-e5/
2026-05-24 05:36:30,910 - ERROR - Error fetching https://www.refurbed.de/p/hp-z420-workstation-xeon-e5/: 404 Client Error: Not Found for url: https://www.refurbed.de/p/hp-z420-workstation-xeon-e5/
2026-05-24 05:36:31,913 - INFO - Scraping 4048/6851: https://www.refurbed.de/p/hp-z43/
2026-05-24 05:36:33,632 - INFO - Scraping 4049/6851: https://www.refurbed.de/p/hp-z440-workstation-e5-1650-v3-n/
2026-05-24 05:36:34,140 - ERROR - Error fetching https://www.refurbed.de/p/hp-z440-workstation-e5-1650-v3-n/: 404 Client Error: Not Found for url: https://www.refurbed.de/p/hp-z440-workstation-e5-1650-v3-n/
2026-05-24 05:36:35,142 - INFO - Scraping 4050/6851: https://www.refurbed.de/p/hp-z440-workstation-intel-xeon-e/
2026-05-24 05:36:35,518 - ERROR - Error fetching https://www.refurbed.de/p/hp-z440-workstation-intel-xeon-e/: 404 Client Error: Not Found for url: https://www.refurbed.de/p/hp-z440-workstation-intel-xeon-e/
2026-05-24 05:36:36,521 - INFO - Scraping 4051/6851: https://www.refurbed.de/p/hp-z600-workstation-2-x-xeon-e55/
2026-05-24 05:36:37,000 - ERROR - Error fetching https://www.refurbed.de/p/hp-z600-workstation-2-x-xeon-e55/: 404 Client Error: Not Found for url: https://www.refurbed.de/p/hp-z600-workstation-2-x-xeon-e55/
2026-05-24 05:36:38,002 - INFO - Scraping 4052/6851: https://www.refurbed.de/p/hp-z620-workstation-xeon-e5/
2026-05-24 05:36:38,282 - ERROR - Error fetching https://www.refurbed.de/p/hp-z620-workstation-xeon-e5/: 404 Client Error: Not Found for url: https://www.refurbed.de/p/hp-z620-workstation-xeon-e5/
2026-05-24 05:36:39,283 - INFO - Scraping 4053/6851: https://www.refurbed.de/p/hp-z640-workstation-xeon-e5/
2026-05-24 05:36:39,511 - ERROR - Error fetching https://www.refurbed.de/p/hp-z640-workstation-xeon-e5/: 404 Client Error: Not Found for url: https://www.refurbed.de/p/hp-z640-workstation-xeon-e5/
2026-05-24 05:36:40,514 - INFO - Scraping 4054/6851: https://www.refurbed.de/p/hp-z800-workstation/
2026-05-24 05:36:40,737 - ERROR - Error fetching https://www.refurbed.de/p/hp-z800-workstation/: 404 Client Error: Not Found for url: https://www.refurbed.de/p/hp-z800-workstation/
2026-05-24 05:36:41,739 - INFO - Scraping 4055/6851: https://www.refurbed.de/p/hp-z820-2x-e5-2640/
2026-05-24 05:36:42,144 - ERROR - Error fetching https://www.refurbed.de/p/hp-z820-2x-e5-2640/: 404 Client Error: Not Found for url: https://www.refurbed.de/p/hp-z820-2x-e5-2640/
2026-05-24 05:36:43,147 - INFO - Scraping 4056/6851: https://www.refurbed.de/p/hp-z820-workstation-xeon-e5/
2026-05-24 05:36:43,385 - ERROR - Error fetching https://www.refurbed.de/p/hp-z820-workstation-xeon-e5/: 404 Client Error: Not Found for url: https://www.refurbed.de/p/hp-z820-workstation-xeon-e5/
2026-05-24 05:36:44,388 - INFO - Scraping 4057/6851: https://www.refurbed.de/p/hp-z840-workstation-xeon-e5/
2026-05-24 05:36:44,668 - ERROR - Error fetching https://www.refurbed.de/p/hp-z840-workstation-xeon-e5/: 404 Client Error: Not Found for url: https://www.refurbed.de/p/hp-z840-workstation-xeon-e5/
2026-05-24 05:36:45,670 - INFO - Scraping 4058/6851: https://www.refurbed.de/p/hp-zbk-15-g5-xeon-e-2186m-15-6/
2026-05-24 05:36:47,039 - INFO - Scraping 4059/6851: https://www.refurbed.de/p/hp-zbk-15g4-7300hq/
2026-05-24 05:36:47,277 - ERROR - Error fetching https://www.refurbed.de/p/hp-zbk-15g4-7300hq/: 404 Client Error: Not Found for url: https://www.refurbed.de/p/hp-zbk-15g4-7300hq/
2026-05-24 05:36:48,279 - INFO - Scraping 4060/6851: https://www.refurbed.de/p/hp-zbk-15g4-7440hq/
2026-05-24 05:36:48,546 - ERROR - Error fetching https://www.refurbed.de/p/hp-zbk-15g4-7440hq/: 404 Client Error: Not Found for url: https://www.refurbed.de/p/hp-zbk-15g4-7440hq/
2026-05-24 05:36:49,548 - INFO - Scraping 4061/6851: https://www.refurbed.de/p/hp-zbk-15g4-7700hq/
2026-05-24 05:36:49,777 - ERROR - Error fetching https://www.refurbed.de/p/hp-zbk-15g4-7700hq/: 404 Client Error: Not Found for url: https://www.refurbed.de/p/hp-zbk-15g4-7700hq/
2026-05-24 05:36:50,779 - INFO - Scraping 4062/6851: https://www.refurbed.de/p/hp-zbk-15g4-7820hq/
2026-05-24 05:36:52,160 - INFO - Scraping 4063/6851: https://www.refurbed.de/p/hp-zbk-15g5-8850h-15/
2026-05-24 05:36:53,729 - INFO - Scraping 4064/6851: https://www.refurbed.de/p/hp-zbk-15g5-xeon-e-2176m/
2026-05-24 05:36:55,061 - INFO - Scraping 4065/6851: https://www.refurbed.de/p/hp-zbook-14-firefly-g7-10610u/
2026-05-24 05:36:56,586 - INFO - Scraping 4066/6851: https://www.refurbed.de/p/hp-zbook-14-firefly-g7-i5-10210u/
2026-05-24 05:36:58,302 - INFO - Scraping 4067/6851: https://www.refurbed.de/p/hp-zbook-14-firefly-g7-i5-10310u/
2026-05-24 05:36:59,781 - INFO - Scraping 4068/6851: https://www.refurbed.de/p/hp-zbook-14-firefly-g7-i5-1135g7/
2026-05-24 05:37:01,231 - INFO - Scraping 4069/6851: https://www.refurbed.de/p/hp-zbook-14-firefly-g8-1185g7-14/
2026-05-24 05:37:02,815 - INFO - Scraping 4070/6851: https://www.refurbed.de/p/hp-zbook-14-firefly-g8-i5-1135g7/
2026-05-24 05:37:04,288 - INFO - Scraping 4071/6851: https://www.refurbed.de/p/hp-zbook-14-firefly-g8-i5-1145g7/
2026-05-24 05:37:05,673 - INFO - Scraping 4072/6851: https://www.refurbed.de/p/hp-zbook-14-firefly-g9-i5-1235u/
2026-05-24 05:37:07,164 - INFO - Scraping 4073/6851: https://www.refurbed.de/p/hp-zbook-14-firefly-g9-i7-1260p/
2026-05-24 05:37:08,699 - INFO - Scraping 4074/6851: https://www.refurbed.de/p/hp-zbook-14-firefly-i7-1165g7-14/
2026-05-24 05:37:10,176 - INFO - Scraping 4075/6851: https://www.refurbed.de/p/hp-zbook-14-g1-4600u/
2026-05-24 05:37:10,405 - ERROR - Error fetching https://www.refurbed.de/p/hp-zbook-14-g1-4600u/: 404 Client Error: Not Found for url: https://www.refurbed.de/p/hp-zbook-14-g1-4600u/
2026-05-24 05:37:11,407 - INFO - Scraping 4076/6851: https://www.refurbed.de/p/hp-zbook-14-g2-5600u/
2026-05-24 05:37:11,646 - ERROR - Error fetching https://www.refurbed.de/p/hp-zbook-14-g2-5600u/: 404 Client Error: Not Found for url: https://www.refurbed.de/p/hp-zbook-14-g2-5600u/
2026-05-24 05:37:12,648 - INFO - Scraping 4077/6851: https://www.refurbed.de/p/hp-zbook-14-g2-i7-5500u/
2026-05-24 05:37:12,900 - ERROR - Error fetching https://www.refurbed.de/p/hp-zbook-14-g2-i7-5500u/: 404 Client Error: Not Found for url: https://www.refurbed.de/p/hp-zbook-14-g2-i7-5500u/
2026-05-24 05:37:13,902 - INFO - Scraping 4078/6851: https://www.refurbed.de/p/hp-zbook-14-u-g5-i5-7200u-14/
2026-05-24 05:37:14,142 - ERROR - Error fetching https://www.refurbed.de/p/hp-zbook-14-u-g5-i5-7200u-14/: 404 Client Error: Not Found for url: https://www.refurbed.de/p/hp-zbook-14-u-g5-i5-7200u-14/
2026-05-24 05:37:15,144 - INFO - Scraping 4079/6851: https://www.refurbed.de/p/hp-zbook-14-u-g5-i5-7300u-14/
2026-05-24 05:37:15,442 - ERROR - Error fetching https://www.refurbed.de/p/hp-zbook-14-u-g5-i5-7300u-14/: 404 Client Error: Not Found for url: https://www.refurbed.de/p/hp-zbook-14-u-g5-i5-7300u-14/
2026-05-24 05:37:16,444 - INFO - Scraping 4080/6851: https://www.refurbed.de/p/hp-zbook-14-u-g5-i5-8350u-14/
2026-05-24 05:37:17,938 - INFO - Scraping 4081/6851: https://www.refurbed.de/p/hp-zbook-14-u-g5-i7-8550u-14/
2026-05-24 05:37:19,463 - INFO - Scraping 4082/6851: https://www.refurbed.de/p/hp-zbook-14-u-g5-i7-8650u-14/
2026-05-24 05:37:21,104 - INFO - Scraping 4083/6851: https://www.refurbed.de/p/hp-zbook-14u-g4-i7-7500u-14/
2026-05-24 05:37:21,344 - ERROR - Error fetching https://www.refurbed.de/p/hp-zbook-14u-g4-i7-7500u-14/: 404 Client Error: Not Found for url: https://www.refurbed.de/p/hp-zbook-14u-g4-i7-7500u-14/
2026-05-24 05:37:22,347 - INFO - Scraping 4084/6851: https://www.refurbed.de/p/hp-zbook-14u-g6-i7-8565u-14/
2026-05-24 05:37:23,727 - INFO - Scraping 4085/6851: https://www.refurbed.de/p/hp-zbook-14u-g6-i7-8665u-14/
2026-05-24 05:37:25,135 - INFO - Scraping 4086/6851: https://www.refurbed.de/p/hp-zbook-15-firefly-g8-1185g7-15/
2026-05-24 05:37:26,735 - INFO - Scraping 4087/6851: https://www.refurbed.de/p/hp-zbook-15-g2-i5-4340m/
2026-05-24 05:37:26,962 - ERROR - Error fetching https://www.refurbed.de/p/hp-zbook-15-g2-i5-4340m/: 404 Client Error: Not Found for url: https://www.refurbed.de/p/hp-zbook-15-g2-i5-4340m/
2026-05-24 05:37:27,964 - INFO - Scraping 4088/6851: https://www.refurbed.de/p/hp-zbook-15-g2-i7-4700mq-15-6/
2026-05-24 05:37:28,190 - ERROR - Error fetching https://www.refurbed.de/p/hp-zbook-15-g2-i7-4700mq-15-6/: 404 Client Error: Not Found for url: https://www.refurbed.de/p/hp-zbook-15-g2-i7-4700mq-15-6/
2026-05-24 05:37:29,192 - INFO - Scraping 4089/6851: https://www.refurbed.de/p/hp-zbook-15-g2-i7-4710mq-15-6/
2026-05-24 05:37:29,430 - ERROR - Error fetching https://www.refurbed.de/p/hp-zbook-15-g2-i7-4710mq-15-6/: 404 Client Error: Not Found for url: https://www.refurbed.de/p/hp-zbook-15-g2-i7-4710mq-15-6/
2026-05-24 05:37:30,432 - INFO - Scraping 4090/6851: https://www.refurbed.de/p/hp-zbook-15-g2-i7-4800mq-15-6/
2026-05-24 05:37:30,657 - ERROR - Error fetching https://www.refurbed.de/p/hp-zbook-15-g2-i7-4800mq-15-6/: 404 Client Error: Not Found for url: https://www.refurbed.de/p/hp-zbook-15-g2-i7-4800mq-15-6/
2026-05-24 05:37:31,659 - INFO - Scraping 4091/6851: https://www.refurbed.de/p/hp-zbook-15-g2-i7-4810mq-15-6/
2026-05-24 05:37:31,916 - ERROR - Error fetching https://www.refurbed.de/p/hp-zbook-15-g2-i7-4810mq-15-6/: 404 Client Error: Not Found for url: https://www.refurbed.de/p/hp-zbook-15-g2-i7-4810mq-15-6/
2026-05-24 05:37:32,918 - INFO - Scraping 4092/6851: https://www.refurbed.de/p/hp-zbook-15-g3-6440hq/
2026-05-24 05:37:33,216 - ERROR - Error fetching https://www.refurbed.de/p/hp-zbook-15-g3-6440hq/: 404 Client Error: Not Found for url: https://www.refurbed.de/p/hp-zbook-15-g3-6440hq/
2026-05-24 05:37:34,219 - INFO - Scraping 4093/6851: https://www.refurbed.de/p/hp-zbook-15-g3-6700hq/
2026-05-24 05:37:34,469 - ERROR - Error fetching https://www.refurbed.de/p/hp-zbook-15-g3-6700hq/: 404 Client Error: Not Found for url: https://www.refurbed.de/p/hp-zbook-15-g3-6700hq/
2026-05-24 05:37:35,471 - INFO - Scraping 4094/6851: https://www.refurbed.de/p/hp-zbook-15-g3-i7-6820hq-15-6/
2026-05-24 05:37:35,698 - ERROR - Error fetching https://www.refurbed.de/p/hp-zbook-15-g3-i7-6820hq-15-6/: 404 Client Error: Not Found for url: https://www.refurbed.de/p/hp-zbook-15-g3-i7-6820hq-15-6/
2026-05-24 05:37:36,700 - INFO - Scraping 4095/6851: https://www.refurbed.de/p/hp-zbook-15-g4-xeon-e3-1535m-v6/
2026-05-24 05:37:36,931 - ERROR - Error fetching https://www.refurbed.de/p/hp-zbook-15-g4-xeon-e3-1535m-v6/: 404 Client Error: Not Found for url: https://www.refurbed.de/p/hp-zbook-15-g4-xeon-e3-1535m-v6/
2026-05-24 05:37:37,933 - INFO - Scraping 4096/6851: https://www.refurbed.de/p/hp-zbook-15-g5-8750h-15-6/
2026-05-24 05:37:39,617 - INFO - Scraping 4097/6851: https://www.refurbed.de/p/hp-zbook-15-g5-i9-8950hk/
2026-05-24 05:37:41,172 - INFO - Scraping 4098/6851: https://www.refurbed.de/p/hp-zbook-15-g6-9880h-15-6/
2026-05-24 05:37:42,726 - INFO - Scraping 4099/6851: https://www.refurbed.de/p/hp-zbook-15-g6-i5-9400h-15-6/
2026-05-24 05:37:44,119 - INFO - Scraping 4100/6851: https://www.refurbed.de/p/hp-zbook-15-g6-i7-9750h/
2026-05-24 05:37:45,628 - INFO - Scraping 4101/6851: https://www.refurbed.de/p/hp-zbook-15-g6-i7-9850h/
2026-05-24 05:37:47,287 - INFO - Scraping 4102/6851: https://www.refurbed.de/p/hp-zbook-15-g6-xeon-e-2286m/
2026-05-24 05:37:48,703 - INFO - Scraping 4103/6851: https://www.refurbed.de/p/hp-zbook-15-g8-fury-i7-11800h-15/
2026-05-24 05:37:50,236 - INFO - Scraping 4104/6851: https://www.refurbed.de/p/hp-zbook-15-i7-15-6/
2026-05-24 05:37:50,460 - ERROR - Error fetching https://www.refurbed.de/p/hp-zbook-15-i7-15-6/: 404 Client Error: Not Found for url: https://www.refurbed.de/p/hp-zbook-15-i7-15-6/
2026-05-24 05:37:51,462 - INFO - Scraping 4105/6851: https://www.refurbed.de/p/hp-zbook-15-i7-4600m-156/
2026-05-24 05:37:51,696 - ERROR - Error fetching https://www.refurbed.de/p/hp-zbook-15-i7-4600m-156/: 404 Client Error: Not Found for url: https://www.refurbed.de/p/hp-zbook-15-i7-4600m-156/
2026-05-24 05:37:52,699 - INFO - Scraping 4106/6851: https://www.refurbed.de/p/hp-zbook-15-i7-4700mq-156/
2026-05-24 05:37:52,950 - ERROR - Error fetching https://www.refurbed.de/p/hp-zbook-15-i7-4700mq-156/: 404 Client Error: Not Found for url: https://www.refurbed.de/p/hp-zbook-15-i7-4700mq-156/
2026-05-24 05:37:53,952 - INFO - Scraping 4107/6851: https://www.refurbed.de/p/hp-zbook-15-i7-4700mq/
2026-05-24 05:37:54,199 - ERROR - Error fetching https://www.refurbed.de/p/hp-zbook-15-i7-4700mq/: 404 Client Error: Not Found for url: https://www.refurbed.de/p/hp-zbook-15-i7-4700mq/
2026-05-24 05:37:55,202 - INFO - Scraping 4108/6851: https://www.refurbed.de/p/hp-zbook-15-i7-4900mq/
2026-05-24 05:37:55,590 - ERROR - Error fetching https://www.refurbed.de/p/hp-zbook-15-i7-4900mq/: 404 Client Error: Not Found for url: https://www.refurbed.de/p/hp-zbook-15-i7-4900mq/
2026-05-24 05:37:56,592 - INFO - Scraping 4109/6851: https://www.refurbed.de/p/hp-zbook-15u-g2-i7-5600u/
2026-05-24 05:37:56,819 - ERROR - Error fetching https://www.refurbed.de/p/hp-zbook-15u-g2-i7-5600u/: 404 Client Error: Not Found for url: https://www.refurbed.de/p/hp-zbook-15u-g2-i7-5600u/
2026-05-24 05:37:57,821 - INFO - Scraping 4110/6851: https://www.refurbed.de/p/hp-zbook-15u-g3-i7-6500u/
2026-05-24 05:37:58,051 - ERROR - Error fetching https://www.refurbed.de/p/hp-zbook-15u-g3-i7-6500u/: 404 Client Error: Not Found for url: https://www.refurbed.de/p/hp-zbook-15u-g3-i7-6500u/
2026-05-24 05:37:59,054 - INFO - Scraping 4111/6851: https://www.refurbed.de/p/hp-zbook-15u-g3-i7-6600u/
2026-05-24 05:37:59,304 - ERROR - Error fetching https://www.refurbed.de/p/hp-zbook-15u-g3-i7-6600u/: 404 Client Error: Not Found for url: https://www.refurbed.de/p/hp-zbook-15u-g3-i7-6600u/
2026-05-24 05:38:00,307 - INFO - Scraping 4112/6851: https://www.refurbed.de/p/hp-zbook-15u-g3-i7-7500u/
2026-05-24 05:38:00,536 - ERROR - Error fetching https://www.refurbed.de/p/hp-zbook-15u-g3-i7-7500u/: 404 Client Error: Not Found for url: https://www.refurbed.de/p/hp-zbook-15u-g3-i7-7500u/
2026-05-24 05:38:01,539 - INFO - Scraping 4113/6851: https://www.refurbed.de/p/hp-zbook-15u-g4-7500u/
2026-05-24 05:38:01,917 - ERROR - Error fetching https://www.refurbed.de/p/hp-zbook-15u-g4-7500u/: 404 Client Error: Not Found for url: https://www.refurbed.de/p/hp-zbook-15u-g4-7500u/
2026-05-24 05:38:02,919 - INFO - Scraping 4114/6851: https://www.refurbed.de/p/hp-zbook-15u-g5-8550u-15-6/
2026-05-24 05:38:04,286 - INFO - Scraping 4115/6851: https://www.refurbed.de/p/hp-zbook-15u-g5-8650u-15-6/
2026-05-24 05:38:05,725 - INFO - Scraping 4116/6851: https://www.refurbed.de/p/hp-zbook-15u-g6-8565u-15-6/
2026-05-24 05:38:07,106 - INFO - Scraping 4117/6851: https://www.refurbed.de/p/hp-zbook-15u-g6-i7-8665u/
2026-05-24 05:38:08,485 - INFO - Scraping 4118/6851: https://www.refurbed.de/p/hp-zbook-15v-g5-8850h-15-6/
2026-05-24 05:38:10,100 - INFO - Scraping 4119/6851: https://www.refurbed.de/p/hp-zbook-15v-g5-9750h/
2026-05-24 05:38:11,600 - INFO - Scraping 4120/6851: https://www.refurbed.de/p/hp-zbook-15v-g5-i5-8300h/
2026-05-24 05:38:13,058 - INFO - Scraping 4121/6851: https://www.refurbed.de/p/hp-zbook-17-3-g1-i7-4600m/
2026-05-24 05:38:13,297 - ERROR - Error fetching https://www.refurbed.de/p/hp-zbook-17-3-g1-i7-4600m/: 404 Client Error: Not Found for url: https://www.refurbed.de/p/hp-zbook-17-3-g1-i7-4600m/
2026-05-24 05:38:14,299 - INFO - Scraping 4122/6851: https://www.refurbed.de/p/hp-zbook-17-fury-i9-11900h-17/
2026-05-24 05:38:15,720 - INFO - Scraping 4123/6851: https://www.refurbed.de/p/hp-zbook-17-g1-i7-4800mq/
2026-05-24 05:38:15,975 - ERROR - Error fetching https://www.refurbed.de/p/hp-zbook-17-g1-i7-4800mq/: 404 Client Error: Not Found for url: https://www.refurbed.de/p/hp-zbook-17-g1-i7-4800mq/
2026-05-24 05:38:16,977 - INFO - Scraping 4124/6851: https://www.refurbed.de/p/hp-zbook-17-g1-i7-4900mq/
2026-05-24 05:38:17,205 - ERROR - Error fetching https://www.refurbed.de/p/hp-zbook-17-g1-i7-4900mq/: 404 Client Error: Not Found for url: https://www.refurbed.de/p/hp-zbook-17-g1-i7-4900mq/
2026-05-24 05:38:18,208 - INFO - Scraping 4125/6851: https://www.refurbed.de/p/hp-zbook-17-g2-i5-4340m-17/
2026-05-24 05:38:18,473 - ERROR - Error fetching https://www.refurbed.de/p/hp-zbook-17-g2-i5-4340m-17/: 404 Client Error: Not Found for url: https://www.refurbed.de/p/hp-zbook-17-g2-i5-4340m-17/
2026-05-24 05:38:19,475 - INFO - Scraping 4126/6851: https://www.refurbed.de/p/hp-zbook-17-g2-i7-4700mq/
2026-05-24 05:38:19,755 - ERROR - Error fetching https://www.refurbed.de/p/hp-zbook-17-g2-i7-4700mq/: 404 Client Error: Not Found for url: https://www.refurbed.de/p/hp-zbook-17-g2-i7-4700mq/
2026-05-24 05:38:20,757 - INFO - Scraping 4127/6851: https://www.refurbed.de/p/hp-zbook-17-g3-1535m-v5/
2026-05-24 05:38:21,007 - ERROR - Error fetching https://www.refurbed.de/p/hp-zbook-17-g3-1535m-v5/: 404 Client Error: Not Found for url: https://www.refurbed.de/p/hp-zbook-17-g3-1535m-v5/
2026-05-24 05:38:22,009 - INFO - Scraping 4128/6851: https://www.refurbed.de/p/hp-zbook-17-g3-6440hq/
2026-05-24 05:38:22,252 - ERROR - Error fetching https://www.refurbed.de/p/hp-zbook-17-g3-6440hq/: 404 Client Error: Not Found for url: https://www.refurbed.de/p/hp-zbook-17-g3-6440hq/
2026-05-24 05:38:23,254 - INFO - Scraping 4129/6851: https://www.refurbed.de/p/hp-zbook-17-g3-6700hq/
2026-05-24 05:38:23,508 - ERROR - Error fetching https://www.refurbed.de/p/hp-zbook-17-g3-6700hq/: 404 Client Error: Not Found for url: https://www.refurbed.de/p/hp-zbook-17-g3-6700hq/
2026-05-24 05:38:24,510 - INFO - Scraping 4130/6851: https://www.refurbed.de/p/hp-zbook-17-g3-6820hq/
2026-05-24 05:38:24,740 - ERROR - Error fetching https://www.refurbed.de/p/hp-zbook-17-g3-6820hq/: 404 Client Error: Not Found for url: https://www.refurbed.de/p/hp-zbook-17-g3-6820hq/
2026-05-24 05:38:25,743 - INFO - Scraping 4131/6851: https://www.refurbed.de/p/hp-zbook-17-g3-7820hq/
2026-05-24 05:38:27,119 - INFO - Scraping 4132/6851: https://www.refurbed.de/p/hp-zbook-17-g4-7820hq/
2026-05-24 05:38:29,191 - INFO - Scraping 4133/6851: https://www.refurbed.de/p/hp-zbook-17-g4-i7-7700hq/
2026-05-24 05:38:29,613 - ERROR - Error fetching https://www.refurbed.de/p/hp-zbook-17-g4-i7-7700hq/: 404 Client Error: Not Found for url: https://www.refurbed.de/p/hp-zbook-17-g4-i7-7700hq/
2026-05-24 05:38:30,615 - INFO - Scraping 4134/6851: https://www.refurbed.de/p/hp-zbook-17-g4-xeon-e3-1535m-v6/
2026-05-24 05:38:31,448 - ERROR - Error fetching https://www.refurbed.de/p/hp-zbook-17-g4-xeon-e3-1535m-v6/: 404 Client Error: Not Found for url: https://www.refurbed.de/p/hp-zbook-17-g4-xeon-e3-1535m-v6/
2026-05-24 05:38:32,451 - INFO - Scraping 4135/6851: https://www.refurbed.de/p/hp-zbook-17-g5-8750h-17/
2026-05-24 05:38:34,657 - INFO - Scraping 4136/6851: https://www.refurbed.de/p/hp-zbook-17-g5-8850h-17/
2026-05-24 05:38:36,364 - INFO - Scraping 4137/6851: https://www.refurbed.de/p/hp-zbook-17-g5-8950hk-17/
2026-05-24 05:38:37,928 - INFO - Scraping 4138/6851: https://www.refurbed.de/p/hp-zbook-17-g5-e-2176m-17/
2026-05-24 05:38:39,453 - INFO - Scraping 4139/6851: https://www.refurbed.de/p/hp-zbook-17-g5-e-2186m-17-3/
2026-05-24 05:38:40,846 - INFO - Scraping 4140/6851: https://www.refurbed.de/p/hp-zbook-17-g5-i5-8400h-17/
2026-05-24 05:38:42,311 - INFO - Scraping 4141/6851: https://www.refurbed.de/p/hp-zbook-17-g6-i5-9400h/
2026-05-24 05:38:43,703 - INFO - Scraping 4142/6851: https://www.refurbed.de/p/hp-zbook-17-g6-i7-9750h/
2026-05-24 05:38:45,235 - INFO - Scraping 4143/6851: https://www.refurbed.de/p/hp-zbook-17-g6-i7-9850h/
2026-05-24 05:38:46,766 - INFO - Scraping 4144/6851: https://www.refurbed.de/p/hp-zbook-17-g6-i9-9880h/
2026-05-24 05:38:48,168 - INFO - Scraping 4145/6851: https://www.refurbed.de/p/hp-zbook-17-g6-xeon-e-2286m/
2026-05-24 05:38:49,740 - INFO - Scraping 4146/6851: https://www.refurbed.de/p/hp-zbook-17-i5-17/
2026-05-24 05:38:49,963 - ERROR - Error fetching https://www.refurbed.de/p/hp-zbook-17-i5-17/: 404 Client Error: Not Found for url: https://www.refurbed.de/p/hp-zbook-17-i5-17/
2026-05-24 05:38:50,965 - INFO - Scraping 4147/6851: https://www.refurbed.de/p/hp-zbook-17-i7-17-3/
2026-05-24 05:38:51,213 - ERROR - Error fetching https://www.refurbed.de/p/hp-zbook-17-i7-17-3/: 404 Client Error: Not Found for url: https://www.refurbed.de/p/hp-zbook-17-i7-17-3/
2026-05-24 05:38:52,215 - INFO - Scraping 4148/6851: https://www.refurbed.de/p/hp-zbook-17-i7-17/
2026-05-24 05:38:52,472 - ERROR - Error fetching https://www.refurbed.de/p/hp-zbook-17-i7-17/: 404 Client Error: Not Found for url: https://www.refurbed.de/p/hp-zbook-17-i7-17/
2026-05-24 05:38:53,474 - INFO - Scraping 4149/6851: https://www.refurbed.de/p/hp-zbook-create-g7-10850h-15-6/
2026-05-24 05:38:54,854 - INFO - Scraping 4150/6851: https://www.refurbed.de/p/hp-zbook-ff-14-g10a-r7pro-7840hs/
2026-05-24 05:38:56,306 - INFO - Scraping 4151/6851: https://www.refurbed.de/p/hp-zbook-ff-14-g10a-r9p-7940hs/
2026-05-24 05:38:57,695 - INFO - Scraping 4152/6851: https://www.refurbed.de/p/hp-zbook-firefly-14-g10-1355u/
2026-05-24 05:38:59,254 - INFO - Scraping 4153/6851: https://www.refurbed.de/p/hp-zbook-firefly-14-g10-1365u/
2026-05-24 05:39:00,650 - INFO - Scraping 4154/6851: https://www.refurbed.de/p/hp-zbook-firefly-14-g10-a-5-7640/
2026-05-24 05:39:02,061 - INFO - Scraping 4155/6851: https://www.refurbed.de/p/hp-zbook-firefly-14-g10-i7-1360p/
2026-05-24 05:39:03,553 - INFO - Scraping 4156/6851: https://www.refurbed.de/p/hp-zbook-firefly-14-g10-i7-1370p/
2026-05-24 05:39:05,018 - INFO - Scraping 4157/6851: https://www.refurbed.de/p/hp-zbook-firefly-14-g11-7-155h/
2026-05-24 05:39:06,464 - INFO - Scraping 4158/6851: https://www.refurbed.de/p/hp-zbook-firefly-14-g11-7-165h/
2026-05-24 05:39:07,870 - INFO - Scraping 4159/6851: https://www.refurbed.de/p/hp-zbook-firefly-14-g9-i7-1265u/
2026-05-24 05:39:09,376 - INFO - Scraping 4160/6851: https://www.refurbed.de/p/hp-zbook-firefly-15-g7-i5-10210u/
2026-05-24 05:39:10,865 - INFO - Scraping 4161/6851: https://www.refurbed.de/p/hp-zbook-firefly-15-g7-i7-10510u/
2026-05-24 05:39:12,486 - INFO - Scraping 4162/6851: https://www.refurbed.de/p/hp-zbook-firefly-15-g7-i7-10810u/
2026-05-24 05:39:14,057 - INFO - Scraping 4163/6851: https://www.refurbed.de/p/hp-zbook-firefly-15-g8-1165g7/
2026-05-24 05:39:15,613 - INFO - Scraping 4164/6851: https://www.refurbed.de/p/hp-zbook-firefly-16-g10-1355u/
2026-05-24 05:39:17,020 - INFO - Scraping 4165/6851: https://www.refurbed.de/p/hp-zbook-firefly-16-g10-1360p/
2026-05-24 05:39:18,401 - INFO - Scraping 4166/6851: https://www.refurbed.de/p/hp-zbook-firefly-16-g11-7-155h/
2026-05-24 05:39:20,083 - INFO - Scraping 4167/6851: https://www.refurbed.de/p/hp-zbook-firefly-16-g9-1255u-16/
2026-05-24 05:39:21,635 - INFO - Scraping 4168/6851: https://www.refurbed.de/p/hp-zbook-firefly-16-g9-i7-1265u/
2026-05-24 05:39:23,168 - INFO - Scraping 4169/6851: https://www.refurbed.de/p/hp-zbook-firefly-16-g9-i7-1280p/
2026-05-24 05:39:24,567 - INFO - Scraping 4170/6851: https://www.refurbed.de/p/hp-zbook-fury-15-g7-10850h-15-6/
2026-05-24 05:39:26,262 - INFO - Scraping 4171/6851: https://www.refurbed.de/p/hp-zbook-fury-15-g7-10885h-15-6/
2026-05-24 05:39:27,644 - INFO - Scraping 4172/6851: https://www.refurbed.de/p/hp-zbook-fury-15-g7-10885m-15-6/
2026-05-24 05:39:29,086 - INFO - Scraping 4173/6851: https://www.refurbed.de/p/hp-zbook-fury-15-g7-i5-10400h/
2026-05-24 05:39:30,460 - INFO - Scraping 4174/6851: https://www.refurbed.de/p/hp-zbook-fury-15-g7-i7-10750h/
2026-05-24 05:39:31,996 - INFO - Scraping 4175/6851: https://www.refurbed.de/p/hp-zbook-fury-15-g8-11850h-15-6/
2026-05-24 05:39:33,654 - INFO - Scraping 4176/6851: https://www.refurbed.de/p/hp-zbook-fury-15-g8-11950h-15-6/
2026-05-24 05:39:35,216 - INFO - Scraping 4177/6851: https://www.refurbed.de/p/hp-zbook-fury-15-g8-w-11955m/
2026-05-24 05:39:36,722 - INFO - Scraping 4178/6851: https://www.refurbed.de/p/hp-zbook-fury-16-g10-13850hx-16/
2026-05-24 05:39:38,174 - INFO - Scraping 4179/6851: https://www.refurbed.de/p/hp-zbook-fury-16-g10-13950hx-16/
2026-05-24 05:39:39,728 - INFO - Scraping 4180/6851: https://www.refurbed.de/p/hp-zbook-fury-16-g11-13850hx-16/
2026-05-24 05:39:41,151 - INFO - Scraping 4181/6851: https://www.refurbed.de/p/hp-zbook-fury-16-g9-12800hx-16/
2026-05-24 05:39:42,687 - INFO - Scraping 4182/6851: https://www.refurbed.de/p/hp-zbook-fury-16-g9-12850hx-16/
2026-05-24 05:39:44,204 - INFO - Scraping 4183/6851: https://www.refurbed.de/p/hp-zbook-fury-16-g9-12950hx-16/
2026-05-24 05:39:45,666 - INFO - Scraping 4184/6851: https://www.refurbed.de/p/hp-zbook-fury-16-g9-i9-12900hx/
2026-05-24 05:39:47,272 - INFO - Scraping 4185/6851: https://www.refurbed.de/p/hp-zbook-fury-17-g7-i7-10750h-17/
2026-05-24 05:39:48,848 - INFO - Scraping 4186/6851: https://www.refurbed.de/p/hp-zbook-fury-17-g7-i7-10850h-17/
2026-05-24 05:39:50,443 - INFO - Scraping 4187/6851: https://www.refurbed.de/p/hp-zbook-fury-17-g7-i9-10885h-17/
2026-05-24 05:39:52,057 - INFO - Scraping 4188/6851: https://www.refurbed.de/p/hp-zbook-fury-17-g7-w-10885m-17/
2026-05-24 05:39:53,614 - INFO - Scraping 4189/6851: https://www.refurbed.de/p/hp-zbook-fury-17-g8-11500h-17-3/
2026-05-24 05:39:55,227 - INFO - Scraping 4190/6851: https://www.refurbed.de/p/hp-zbook-fury-17-g8-11800h-17-3/
2026-05-24 05:39:56,732 - INFO - Scraping 4191/6851: https://www.refurbed.de/p/hp-zbook-fury-17-g8-11850h-17-3/
2026-05-24 05:39:58,387 - INFO - Scraping 4192/6851: https://www.refurbed.de/p/hp-zbook-fury-17-g8-w-11955m/
2026-05-24 05:39:59,766 - INFO - Scraping 4193/6851: https://www.refurbed.de/p/hp-zbook-g11-core-ultra-7-155h/
2026-05-24 05:40:01,183 - INFO - Scraping 4194/6851: https://www.refurbed.de/p/hp-zbook-g2-17-i7-4910mq-17/
2026-05-24 05:40:01,414 - ERROR - Error fetching https://www.refurbed.de/p/hp-zbook-g2-17-i7-4910mq-17/: 404 Client Error: Not Found for url: https://www.refurbed.de/p/hp-zbook-g2-17-i7-4910mq-17/
2026-05-24 05:40:02,416 - INFO - Scraping 4195/6851: https://www.refurbed.de/p/hp-zbook-g3-1505m-v5/
2026-05-24 05:40:02,673 - ERROR - Error fetching https://www.refurbed.de/p/hp-zbook-g3-1505m-v5/: 404 Client Error: Not Found for url: https://www.refurbed.de/p/hp-zbook-g3-1505m-v5/
2026-05-24 05:40:03,675 - INFO - Scraping 4196/6851: https://www.refurbed.de/p/hp-zbook-power-g10-13700h-15-6/
2026-05-24 05:40:05,049 - INFO - Scraping 4197/6851: https://www.refurbed.de/p/hp-zbook-power-g10-13900h-15-6/
2026-05-24 05:40:06,478 - INFO - Scraping 4198/6851: https://www.refurbed.de/p/hp-zbook-power-g10-i7-13800h/
2026-05-24 05:40:08,232 - INFO - Scraping 4199/6851: https://www.refurbed.de/p/hp-zbook-power-g10-r-7-7840hs/
2026-05-24 05:40:10,412 - INFO - Scraping 4200/6851: https://www.refurbed.de/p/hp-zbook-power-g10-r9-7940hs/
2026-05-24 05:40:13,001 - INFO - Scraping 4201/6851: https://www.refurbed.de/p/hp-zbook-power-g10-r9-pro-7940hs/
2026-05-24 05:40:14,755 - INFO - Scraping 4202/6851: https://www.refurbed.de/p/hp-zbook-power-g11-ryzen-7-8845/
2026-05-24 05:40:16,434 - INFO - Scraping 4203/6851: https://www.refurbed.de/p/hp-zbook-power-g7-i7-10750h-15-6/
2026-05-24 05:40:18,053 - INFO - Scraping 4204/6851: https://www.refurbed.de/p/hp-zbook-power-g7-i9-10885h-15-6/
2026-05-24 05:40:19,562 - INFO - Scraping 4205/6851: https://www.refurbed.de/p/hp-zbook-power-g8-11400h-15-6/
2026-05-24 05:40:20,952 - INFO - Scraping 4206/6851: https://www.refurbed.de/p/hp-zbook-power-g8-11800h-15-6/
2026-05-24 05:40:22,506 - INFO - Scraping 4207/6851: https://www.refurbed.de/p/hp-zbook-power-g8-11900h-15-6/
2026-05-24 05:40:24,074 - INFO - Scraping 4208/6851: https://www.refurbed.de/p/hp-zbook-power-g8-11950h-15-6/
2026-05-24 05:40:25,565 - INFO - Scraping 4209/6851: https://www.refurbed.de/p/hp-zbook-power-g9-12700h-15-6/
2026-05-24 05:40:26,959 - INFO - Scraping 4210/6851: https://www.refurbed.de/p/hp-zbook-power-g9-12800hx-15-6/
2026-05-24 05:40:28,339 - INFO - Scraping 4211/6851: https://www.refurbed.de/p/hp-zbook-studio-16-g10-13700h-16/
2026-05-24 05:40:29,708 - INFO - Scraping 4212/6851: https://www.refurbed.de/p/hp-zbook-studio-16-g10-13800h-16/
2026-05-24 05:40:31,147 - INFO - Scraping 4213/6851: https://www.refurbed.de/p/hp-zbook-studio-16-g10-13900h-16/
2026-05-24 05:40:32,523 - INFO - Scraping 4214/6851: https://www.refurbed.de/p/hp-zbook-studio-16-g9-12700h-16/
2026-05-24 05:40:33,914 - INFO - Scraping 4215/6851: https://www.refurbed.de/p/hp-zbook-studio-16-g9-i9-12900h/
2026-05-24 05:40:35,319 - INFO - Scraping 4216/6851: https://www.refurbed.de/p/hp-zbook-studio-g3-i7-6820hq-15/
2026-05-24 05:40:35,562 - ERROR - Error fetching https://www.refurbed.de/p/hp-zbook-studio-g3-i7-6820hq-15/: 404 Client Error: Not Found for url: https://www.refurbed.de/p/hp-zbook-studio-g3-i7-6820hq-15/
2026-05-24 05:40:36,564 - INFO - Scraping 4217/6851: https://www.refurbed.de/p/hp-zbook-studio-g3-xeon-1545mv5/
2026-05-24 05:40:36,806 - ERROR - Error fetching https://www.refurbed.de/p/hp-zbook-studio-g3-xeon-1545mv5/: 404 Client Error: Not Found for url: https://www.refurbed.de/p/hp-zbook-studio-g3-xeon-1545mv5/
2026-05-24 05:40:37,809 - INFO - Scraping 4218/6851: https://www.refurbed.de/p/hp-zbook-studio-g4-7700hq-15-6/
2026-05-24 05:40:38,043 - ERROR - Error fetching https://www.refurbed.de/p/hp-zbook-studio-g4-7700hq-15-6/: 404 Client Error: Not Found for url: https://www.refurbed.de/p/hp-zbook-studio-g4-7700hq-15-6/
2026-05-24 05:40:39,045 - INFO - Scraping 4219/6851: https://www.refurbed.de/p/hp-zbook-studio-g4-xeon-e31505m/
2026-05-24 05:40:39,286 - ERROR - Error fetching https://www.refurbed.de/p/hp-zbook-studio-g4-xeon-e31505m/: 404 Client Error: Not Found for url: https://www.refurbed.de/p/hp-zbook-studio-g4-xeon-e31505m/
2026-05-24 05:40:40,289 - INFO - Scraping 4220/6851: https://www.refurbed.de/p/hp-zbook-studio-g5-8850h/
2026-05-24 05:40:41,885 - INFO - Scraping 4221/6851: https://www.refurbed.de/p/hp-zbook-studio-g5-9850h/
2026-05-24 05:40:43,425 - INFO - Scraping 4222/6851: https://www.refurbed.de/p/hp-zbook-studio-g5-e-2176m/
2026-05-24 05:40:44,801 - INFO - Scraping 4223/6851: https://www.refurbed.de/p/hp-zbook-studio-g5-i7-8750h/
2026-05-24 05:40:46,373 - INFO - Scraping 4224/6851: https://www.refurbed.de/p/hp-zbook-studio-g5-i7-9750h/
2026-05-24 05:40:47,945 - INFO - Scraping 4225/6851: https://www.refurbed.de/p/hp-zbook-studio-g7-10750h/
2026-05-24 05:40:49,708 - INFO - Scraping 4226/6851: https://www.refurbed.de/p/hp-zbook-studio-g7-10850h/
2026-05-24 05:40:51,303 - INFO - Scraping 4227/6851: https://www.refurbed.de/p/hp-zbook-studio-g7-10885h-15-6/
2026-05-24 05:40:52,824 - INFO - Scraping 4228/6851: https://www.refurbed.de/p/hp-zbook-studio-g8-11800h-15-6/
2026-05-24 05:40:54,385 - INFO - Scraping 4229/6851: https://www.refurbed.de/p/hp-zbook-studio-g8-11850h/
2026-05-24 05:40:55,891 - INFO - Scraping 4230/6851: https://www.refurbed.de/p/hp-zbook-studio-g8-11900h-15-6/
2026-05-24 05:40:57,269 - INFO - Scraping 4231/6851: https://www.refurbed.de/p/hp-zbook-studio-g8-i9-11950h/
2026-05-24 05:40:58,984 - INFO - Scraping 4232/6851: https://www.refurbed.de/p/hp-zbook-x2-g4-i7-8550u-14/
2026-05-24 05:41:00,441 - INFO - Scraping 4233/6851: https://www.refurbed.de/p/hp-zbook-x360-g5-i7-8850h/
2026-05-24 05:41:02,026 - INFO - Scraping 4234/6851: https://www.refurbed.de/p/hp-zr2240w-21-5/
2026-05-24 05:41:03,391 - INFO - Scraping 4235/6851: https://www.refurbed.de/p/hp-zr22w/
2026-05-24 05:41:04,760 - INFO - Scraping 4236/6851: https://www.refurbed.de/p/hp-zr2330w-23/
2026-05-24 05:41:06,153 - INFO - Scraping 4237/6851: https://www.refurbed.de/p/hp-zr24w/
2026-05-24 05:41:07,898 - INFO - Scraping 4238/6851: https://www.refurbed.de/p/hp-zr30w-30/
2026-05-24 05:41:09,306 - INFO - Scraping 4239/6851: https://www.refurbed.de/p/hpspectrex360-13-ae008no/
2026-05-24 05:41:10,707 - INFO - Scraping 4240/6851: https://www.refurbed.de/p/huami-amazfit-gtr/
2026-05-24 05:41:12,100 - INFO - Scraping 4241/6851: https://www.refurbed.de/p/huami-amazfit-pace/
2026-05-24 05:41:13,490 - INFO - Scraping 4242/6851: https://www.refurbed.de/p/huami-amazfit-t-rex/
2026-05-24 05:41:14,919 - INFO - Scraping 4243/6851: https://www.refurbed.de/p/huawei-display-ad80hw/
2026-05-24 05:41:16,278 - INFO - Scraping 4244/6851: https://www.refurbed.de/p/huawei-mate-10-lite/
2026-05-24 05:41:17,678 - INFO - Scraping 4245/6851: https://www.refurbed.de/p/huawei-mate-10-porsche-design/
2026-05-24 05:41:19,495 - INFO - Scraping 4246/6851: https://www.refurbed.de/p/huawei-mate-10-pro/
2026-05-24 05:41:21,087 - INFO - Scraping 4247/6851: https://www.refurbed.de/p/huawei-mate-10/
2026-05-24 05:41:22,668 - INFO - Scraping 4248/6851: https://www.refurbed.de/p/huawei-mate-20-lite/
2026-05-24 05:41:24,085 - INFO - Scraping 4249/6851: https://www.refurbed.de/p/huawei-mate-20-pro/
2026-05-24 05:41:25,571 - INFO - Scraping 4250/6851: https://www.refurbed.de/p/huawei-mate-20-x-5g/
2026-05-24 05:41:27,091 - INFO - Scraping 4251/6851: https://www.refurbed.de/p/huawei-mate-20-x/
2026-05-24 05:41:28,482 - INFO - Scraping 4252/6851: https://www.refurbed.de/p/huawei-mate-20/
2026-05-24 05:41:30,047 - INFO - Scraping 4253/6851: https://www.refurbed.de/p/huawei-mate-30-pro-5g/
2026-05-24 05:41:31,510 - INFO - Scraping 4254/6851: https://www.refurbed.de/p/huawei-mate-30-pro/
2026-05-24 05:41:33,090 - INFO - Scraping 4255/6851: https://www.refurbed.de/p/huawei-mate-40-pro/
2026-05-24 05:41:34,623 - INFO - Scraping 4256/6851: https://www.refurbed.de/p/huawei-mate-50-pro/
2026-05-24 05:41:36,407 - INFO - Scraping 4257/6851: https://www.refurbed.de/p/huawei-mate-50-rs-porsche-design/
2026-05-24 05:41:37,774 - INFO - Scraping 4258/6851: https://www.refurbed.de/p/huawei-mate-8/
2026-05-24 05:41:39,181 - INFO - Scraping 4259/6851: https://www.refurbed.de/p/huawei-mate-9-pro/
2026-05-24 05:41:40,596 - INFO - Scraping 4260/6851: https://www.refurbed.de/p/huawei-mate-9/
2026-05-24 05:41:42,166 - INFO - Scraping 4261/6851: https://www.refurbed.de/p/huawei-mate-rs-porsche-design/
2026-05-24 05:41:43,541 - INFO - Scraping 4262/6851: https://www.refurbed.de/p/huawei-mate-s/
2026-05-24 05:41:44,931 - INFO - Scraping 4263/6851: https://www.refurbed.de/p/huawei-mate-x3/
2026-05-24 05:41:46,742 - INFO - Scraping 4264/6851: https://www.refurbed.de/p/huawei-mate-xs-2/
2026-05-24 05:41:48,135 - INFO - Scraping 4265/6851: https://www.refurbed.de/p/huawei-mate-xs/
2026-05-24 05:41:49,599 - INFO - Scraping 4266/6851: https://www.refurbed.de/p/huawei-matebook-13-2020-10210u/
2026-05-24 05:41:50,999 - INFO - Scraping 4267/6851: https://www.refurbed.de/p/huawei-matebook-13-i7-8565u-13/
2026-05-24 05:41:52,413 - INFO - Scraping 4268/6851: https://www.refurbed.de/p/huawei-matebook-14-2024-5-125h/
2026-05-24 05:41:53,817 - INFO - Scraping 4269/6851: https://www.refurbed.de/p/huawei-matebook-14-21-1155g7/
2026-05-24 05:41:55,192 - INFO - Scraping 4270/6851: https://www.refurbed.de/p/huawei-matebook-14-21-5-5500u/
2026-05-24 05:41:56,598 - INFO - Scraping 4271/6851: https://www.refurbed.de/p/huawei-matebook-14s-11370h/
2026-05-24 05:41:58,153 - INFO - Scraping 4272/6851: https://www.refurbed.de/p/huawei-matebook-16-r-7-5800h-16/
2026-05-24 05:41:59,513 - INFO - Scraping 4273/6851: https://www.refurbed.de/p/huawei-matebook-16s-i7-12700h-16/
2026-05-24 05:42:01,121 - INFO - Scraping 4274/6851: https://www.refurbed.de/p/huawei-matebook-16s-i9-13900h/
2026-05-24 05:42:02,746 - INFO - Scraping 4275/6851: https://www.refurbed.de/p/huawei-matebook-d-14-22-1155g7/
2026-05-24 05:42:05,100 - INFO - Scraping 4276/6851: https://www.refurbed.de/p/huawei-matebook-d14-i5-10210u/
2026-05-24 05:42:07,059 - INFO - Scraping 4277/6851: https://www.refurbed.de/p/huawei-matebook-d14-r5-2500u/
2026-05-24 05:42:07,543 - ERROR - Error fetching https://www.refurbed.de/p/huawei-matebook-d14-r5-2500u/: 404 Client Error: Not Found for url: https://www.refurbed.de/p/huawei-matebook-d14-r5-2500u/
2026-05-24 05:42:08,545 - INFO - Scraping 4278/6851: https://www.refurbed.de/p/huawei-matebook-d14-r5-3500u/
2026-05-24 05:42:10,068 - INFO - Scraping 4279/6851: https://www.refurbed.de/p/huawei-matebook-d15-i3-10110u/
2026-05-24 05:42:11,515 - INFO - Scraping 4280/6851: https://www.refurbed.de/p/huawei-matebook-d15-r5-3500u/
2026-05-24 05:42:12,942 - INFO - Scraping 4281/6851: https://www.refurbed.de/p/huawei-matebook-d15-r5-5500u/
2026-05-24 05:42:14,329 - INFO - Scraping 4282/6851: https://www.refurbed.de/p/huawei-matebook-d15-r7-3700u/
2026-05-24 05:42:15,703 - INFO - Scraping 4283/6851: https://www.refurbed.de/p/huawei-matebook-d16-24-12450h/
2026-05-24 05:42:17,239 - INFO - Scraping 4284/6851: https://www.refurbed.de/p/huawei-matebook-d16-i5-12450h/
2026-05-24 05:42:18,607 - INFO - Scraping 4285/6851: https://www.refurbed.de/p/huawei-matebook-d16-r5-4600h/
2026-05-24 05:42:20,057 - INFO - Scraping 4286/6851: https://www.refurbed.de/p/huawei-matebook-d16-r5-4600u/
2026-05-24 05:42:21,469 - INFO - Scraping 4287/6851: https://www.refurbed.de/p/huawei-matebook-e-i3-1110g4-12-6/
2026-05-24 05:42:22,828 - INFO - Scraping 4288/6851: https://www.refurbed.de/p/huawei-matebook-r7-4800h/
2026-05-24 05:42:24,193 - INFO - Scraping 4289/6851: https://www.refurbed.de/p/huawei-matebook-x-7500u-13/
2026-05-24 05:42:24,424 - ERROR - Error fetching https://www.refurbed.de/p/huawei-matebook-x-7500u-13/: 404 Client Error: Not Found for url: https://www.refurbed.de/p/huawei-matebook-x-7500u-13/
2026-05-24 05:42:25,427 - INFO - Scraping 4290/6851: https://www.refurbed.de/p/huawei-matebook-x-pro-1165g7/
2026-05-24 05:42:26,799 - INFO - Scraping 4291/6851: https://www.refurbed.de/p/huawei-matebook-x-pro-2020-i7/
2026-05-24 05:42:28,247 - INFO - Scraping 4292/6851: https://www.refurbed.de/p/huawei-matebook-x-pro-2022/
2026-05-24 05:42:29,645 - INFO - Scraping 4293/6851: https://www.refurbed.de/p/huawei-matebook-x-pro-7500u/
2026-05-24 05:42:29,898 - ERROR - Error fetching https://www.refurbed.de/p/huawei-matebook-x-pro-7500u/: 404 Client Error: Not Found for url: https://www.refurbed.de/p/huawei-matebook-x-pro-7500u/
2026-05-24 05:42:30,901 - INFO - Scraping 4294/6851: https://www.refurbed.de/p/huawei-matebook-x-pro-8550u/
2026-05-24 05:42:32,250 - INFO - Scraping 4295/6851: https://www.refurbed.de/p/huawei-matepad-11-10-95/
2026-05-24 05:42:33,655 - INFO - Scraping 4296/6851: https://www.refurbed.de/p/huawei-matepad-11-5/
2026-05-24 05:42:35,045 - INFO - Scraping 4297/6851: https://www.refurbed.de/p/huawei-matepad-pro-10-8/
2026-05-24 05:42:36,624 - INFO - Scraping 4298/6851: https://www.refurbed.de/p/huawei-matepad-se-10-4/
2026-05-24 05:42:37,984 - INFO - Scraping 4299/6851: https://www.refurbed.de/p/huawei-matepad-t10/
2026-05-24 05:42:39,443 - INFO - Scraping 4300/6851: https://www.refurbed.de/p/huawei-matepad-t10s/
2026-05-24 05:42:40,979 - INFO - Scraping 4301/6851: https://www.refurbed.de/p/huawei-matepad-t3/
2026-05-24 05:42:42,433 - INFO - Scraping 4302/6851: https://www.refurbed.de/p/huawei-mediapad-m1/
2026-05-24 05:42:43,873 - INFO - Scraping 4303/6851: https://www.refurbed.de/p/huawei-mediapad-m2-10/
2026-05-24 05:42:45,249 - INFO - Scraping 4304/6851: https://www.refurbed.de/p/huawei-mediapad-m3-8-4/
2026-05-24 05:42:46,598 - INFO - Scraping 4305/6851: https://www.refurbed.de/p/huawei-mediapad-m3-lite-10-10/
2026-05-24 05:42:48,104 - INFO - Scraping 4306/6851: https://www.refurbed.de/p/huawei-mediapad-m5-10-lite/
2026-05-24 05:42:49,687 - INFO - Scraping 4307/6851: https://www.refurbed.de/p/huawei-mediapad-m5-10-pro/
2026-05-24 05:42:51,093 - INFO - Scraping 4308/6851: https://www.refurbed.de/p/huawei-mediapad-m5-10/
2026-05-24 05:42:52,511 - INFO - Scraping 4309/6851: https://www.refurbed.de/p/huawei-mediapad-m5-8-4/
2026-05-24 05:42:53,968 - INFO - Scraping 4310/6851: https://www.refurbed.de/p/huawei-mediapad-m5-8-lite/
2026-05-24 05:42:55,321 - INFO - Scraping 4311/6851: https://www.refurbed.de/p/huawei-mediapad-t1-10-0-lte/
2026-05-24 05:42:56,933 - INFO - Scraping 4312/6851: https://www.refurbed.de/p/huawei-mediapad-t1-7-0-tablet-pc/
2026-05-24 05:42:58,329 - INFO - Scraping 4313/6851: https://www.refurbed.de/p/huawei-mediapad-t1-8-3g/
2026-05-24 05:42:59,712 - INFO - Scraping 4314/6851: https://www.refurbed.de/p/huawei-mediapad-t3-10-0/
2026-05-24 05:43:01,259 - INFO - Scraping 4315/6851: https://www.refurbed.de/p/huawei-mediapad-t3-7-0/
2026-05-24 05:43:02,618 - INFO - Scraping 4316/6851: https://www.refurbed.de/p/huawei-mediapad-t3-8-0/
2026-05-24 05:43:04,198 - INFO - Scraping 4317/6851: https://www.refurbed.de/p/huawei-mediapad-t5-10-10-1/
2026-05-24 05:43:05,795 - INFO - Scraping 4318/6851: https://www.refurbed.de/p/huawei-p-smart-2019/
2026-05-24 05:43:07,396 - INFO - Scraping 4319/6851: https://www.refurbed.de/p/huawei-p-smart-2020/
2026-05-24 05:43:08,983 - INFO - Scraping 4320/6851: https://www.refurbed.de/p/huawei-p-smart-2021/
2026-05-24 05:43:10,552 - INFO - Scraping 4321/6851: https://www.refurbed.de/p/huawei-p-smart-plus-18/
2026-05-24 05:43:11,951 - INFO - Scraping 4322/6851: https://www.refurbed.de/p/huawei-p-smart-plus-2019/
2026-05-24 05:43:13,317 - INFO - Scraping 4323/6851: https://www.refurbed.de/p/huawei-p-smart-pro/
2026-05-24 05:43:14,676 - INFO - Scraping 4324/6851: https://www.refurbed.de/p/huawei-p-smart-s/
2026-05-24 05:43:16,143 - INFO - Scraping 4325/6851: https://www.refurbed.de/p/huawei-p-smart-z/
2026-05-24 05:43:17,708 - INFO - Scraping 4326/6851: https://www.refurbed.de/p/huawei-p-smart/
2026-05-24 05:43:19,250 - INFO - Scraping 4327/6851: https://www.refurbed.de/p/huawei-p10-lite/
2026-05-24 05:43:20,886 - INFO - Scraping 4328/6851: https://www.refurbed.de/p/huawei-p10-plus/
2026-05-24 05:43:22,457 - INFO - Scraping 4329/6851: https://www.refurbed.de/p/huawei-p10/
2026-05-24 05:43:24,050 - INFO - Scraping 4330/6851: https://www.refurbed.de/p/huawei-p20-lite/
2026-05-24 05:43:25,662 - INFO - Scraping 4331/6851: https://www.refurbed.de/p/huawei-p20-pro/
2026-05-24 05:43:27,271 - INFO - Scraping 4332/6851: https://www.refurbed.de/p/huawei-p20/
2026-05-24 05:43:29,006 - INFO - Scraping 4333/6851: https://www.refurbed.de/p/huawei-p30-lite-new-ed/
2026-05-24 05:43:30,637 - INFO - Scraping 4334/6851: https://www.refurbed.de/p/huawei-p30-pro-ne/
2026-05-24 05:43:32,057 - INFO - Scraping 4335/6851: https://www.refurbed.de/p/huawei-p30-pro/
2026-05-24 05:43:33,658 - INFO - Scraping 4336/6851: https://www.refurbed.de/p/huawei-p30/
2026-05-24 05:43:35,285 - INFO - Scraping 4337/6851: https://www.refurbed.de/p/huawei-p30lite/
2026-05-24 05:43:36,919 - INFO - Scraping 4338/6851: https://www.refurbed.de/p/huawei-p40-lite-5g/
2026-05-24 05:43:38,331 - INFO - Scraping 4339/6851: https://www.refurbed.de/p/huawei-p40-lite-e/
2026-05-24 05:43:39,941 - INFO - Scraping 4340/6851: https://www.refurbed.de/p/huawei-p40-lite/
2026-05-24 05:43:41,543 - INFO - Scraping 4341/6851: https://www.refurbed.de/p/huawei-p40-pro-4g/
2026-05-24 05:43:43,016 - INFO - Scraping 4342/6851: https://www.refurbed.de/p/huawei-p40-pro-plus/
2026-05-24 05:43:45,004 - INFO - Scraping 4343/6851: https://www.refurbed.de/p/huawei-p40-pro/
2026-05-24 05:43:46,975 - INFO - Scraping 4344/6851: https://www.refurbed.de/p/huawei-p40/
2026-05-24 05:43:49,377 - INFO - Scraping 4345/6851: https://www.refurbed.de/p/huawei-p50-pro/
2026-05-24 05:43:51,252 - INFO - Scraping 4346/6851: https://www.refurbed.de/p/huawei-p60-pro/
2026-05-24 05:43:52,989 - INFO - Scraping 4347/6851: https://www.refurbed.de/p/huawei-p8-lite-2017/
2026-05-24 05:43:54,787 - INFO - Scraping 4348/6851: https://www.refurbed.de/p/huawei-p8-lite/
2026-05-24 05:43:56,523 - INFO - Scraping 4349/6851: https://www.refurbed.de/p/huawei-p8/
2026-05-24 05:43:58,066 - INFO - Scraping 4350/6851: https://www.refurbed.de/p/huawei-p9-lite-mini/
2026-05-24 05:43:59,478 - INFO - Scraping 4351/6851: https://www.refurbed.de/p/huawei-p9-lite/
2026-05-24 05:44:01,183 - INFO - Scraping 4352/6851: https://www.refurbed.de/p/huawei-p9-plus/
2026-05-24 05:44:02,564 - INFO - Scraping 4353/6851: https://www.refurbed.de/p/huawei-p9/
2026-05-24 05:44:04,132 - INFO - Scraping 4354/6851: https://www.refurbed.de/p/huawei-pocket-p50/
2026-05-24 05:44:05,548 - INFO - Scraping 4355/6851: https://www.refurbed.de/p/huawei-pura-70-ultra/
2026-05-24 05:44:06,981 - INFO - Scraping 4356/6851: https://www.refurbed.de/p/huawei-pura-70/
2026-05-24 05:44:08,612 - INFO - Scraping 4357/6851: https://www.refurbed.de/p/huawei-smart-mag-keyb-matepadpro/
2026-05-24 05:44:09,999 - INFO - Scraping 4358/6851: https://www.refurbed.de/p/ipad-10-10-9-2022/
2026-05-24 05:44:11,574 - INFO - Scraping 4359/6851: https://www.refurbed.de/p/ipad-11-10-9-2025/
2026-05-24 05:44:12,965 - INFO - Scraping 4360/6851: https://www.refurbed.de/p/ipad-6-2018/
2026-05-24 05:44:14,475 - INFO - Scraping 4361/6851: https://www.refurbed.de/p/ipad-7-10-2/
2026-05-24 05:44:16,018 - INFO - Scraping 4362/6851: https://www.refurbed.de/p/ipad-8-10-2/
2026-05-24 05:44:17,637 - INFO - Scraping 4363/6851: https://www.refurbed.de/p/ipad-9-2021/
2026-05-24 05:44:18,991 - INFO - Scraping 4364/6851: https://www.refurbed.de/p/ipad-air-1/
2026-05-24 05:44:20,561 - INFO - Scraping 4365/6851: https://www.refurbed.de/p/ipad-air-2/
2026-05-24 05:44:22,154 - INFO - Scraping 4366/6851: https://www.refurbed.de/p/ipad-air-3/
2026-05-24 05:44:23,992 - INFO - Scraping 4367/6851: https://www.refurbed.de/p/ipad-air-4/
2026-05-24 05:44:25,561 - INFO - Scraping 4368/6851: https://www.refurbed.de/p/ipad-air-5/
2026-05-24 05:44:26,949 - INFO - Scraping 4369/6851: https://www.refurbed.de/p/ipad-air-6-2024-11/
2026-05-24 05:44:28,473 - INFO - Scraping 4370/6851: https://www.refurbed.de/p/ipad-air-6-2024-13/
2026-05-24 05:44:29,898 - INFO - Scraping 4371/6851: https://www.refurbed.de/p/ipad-air-7-2025-11/
2026-05-24 05:44:31,264 - INFO - Scraping 4372/6851: https://www.refurbed.de/p/ipad-air-7-2025-13/
2026-05-24 05:44:32,616 - INFO - Scraping 4373/6851: https://www.refurbed.de/p/ipad-mini-2/
2026-05-24 05:44:34,147 - INFO - Scraping 4374/6851: https://www.refurbed.de/p/ipad-mini-3/
2026-05-24 05:44:35,683 - INFO - Scraping 4375/6851: https://www.refurbed.de/p/ipad-mini-4/
2026-05-24 05:44:37,167 - INFO - Scraping 4376/6851: https://www.refurbed.de/p/ipad-mini-5/
2026-05-24 05:44:38,715 - INFO - Scraping 4377/6851: https://www.refurbed.de/p/ipad-mini-6/
2026-05-24 05:44:40,218 - INFO - Scraping 4378/6851: https://www.refurbed.de/p/ipad-mini-7/
2026-05-24 05:44:41,856 - INFO - Scraping 4379/6851: https://www.refurbed.de/p/ipad-pro-10-5/
2026-05-24 05:44:43,368 - INFO - Scraping 4380/6851: https://www.refurbed.de/p/ipad-pro-11-0-2018/
2026-05-24 05:44:44,960 - INFO - Scraping 4381/6851: https://www.refurbed.de/p/ipad-pro-11-0-2020/
2026-05-24 05:44:46,615 - INFO - Scraping 4382/6851: https://www.refurbed.de/p/ipad-pro-11-0-2021/
2026-05-24 05:44:48,203 - INFO - Scraping 4383/6851: https://www.refurbed.de/p/ipad-pro-12-9-2017/
2026-05-24 05:44:49,777 - INFO - Scraping 4384/6851: https://www.refurbed.de/p/ipad-pro-12-9-2018/
2026-05-24 05:44:51,275 - INFO - Scraping 4385/6851: https://www.refurbed.de/p/ipad-pro-12-9-2020/
2026-05-24 05:44:52,805 - INFO - Scraping 4386/6851: https://www.refurbed.de/p/ipad-pro-12-9/
2026-05-24 05:44:54,372 - INFO - Scraping 4387/6851: https://www.refurbed.de/p/ipad-pro-4-11-2022/
2026-05-24 05:44:55,913 - INFO - Scraping 4388/6851: https://www.refurbed.de/p/ipad-pro-5-12-9-2021/
2026-05-24 05:44:57,288 - INFO - Scraping 4389/6851: https://www.refurbed.de/p/ipad-pro-5-2024-11/
2026-05-24 05:44:58,634 - INFO - Scraping 4390/6851: https://www.refurbed.de/p/ipad-pro-6-12-9-2022/
2026-05-24 05:45:00,227 - INFO - Scraping 4391/6851: https://www.refurbed.de/p/ipad-pro-7-2024-13/
2026-05-24 05:45:01,591 - INFO - Scraping 4392/6851: https://www.refurbed.de/p/ipad-pro-9-7/
2026-05-24 05:45:03,117 - INFO - Scraping 4393/6851: https://www.refurbed.de/p/iphone-11-pro-max/
2026-05-24 05:45:04,750 - INFO - Scraping 4394/6851: https://www.refurbed.de/p/iphone-11-pro/
2026-05-24 05:45:06,193 - INFO - Scraping 4395/6851: https://www.refurbed.de/p/iphone-11/
2026-05-24 05:45:07,665 - INFO - Scraping 4396/6851: https://www.refurbed.de/p/iphone-12-mini/
2026-05-24 05:45:09,160 - INFO - Scraping 4397/6851: https://www.refurbed.de/p/iphone-12-pro-max/
2026-05-24 05:45:10,545 - INFO - Scraping 4398/6851: https://www.refurbed.de/p/iphone-12-pro/
2026-05-24 05:45:12,043 - INFO - Scraping 4399/6851: https://www.refurbed.de/p/iphone-12/
2026-05-24 05:45:13,494 - INFO - Scraping 4400/6851: https://www.refurbed.de/p/iphone-13-mini/
2026-05-24 05:45:14,924 - INFO - Scraping 4401/6851: https://www.refurbed.de/p/iphone-13-pro-max/
2026-05-24 05:45:16,422 - INFO - Scraping 4402/6851: https://www.refurbed.de/p/iphone-13-pro/
2026-05-24 05:45:18,091 - INFO - Scraping 4403/6851: https://www.refurbed.de/p/iphone-13/
2026-05-24 05:45:19,508 - INFO - Scraping 4404/6851: https://www.refurbed.de/p/iphone-14-plus/
2026-05-24 05:45:21,094 - INFO - Scraping 4405/6851: https://www.refurbed.de/p/iphone-14-pro-max/
2026-05-24 05:45:22,581 - INFO - Scraping 4406/6851: https://www.refurbed.de/p/iphone-14-pro/
2026-05-24 05:45:24,021 - INFO - Scraping 4407/6851: https://www.refurbed.de/p/iphone-14/
2026-05-24 05:45:25,497 - INFO - Scraping 4408/6851: https://www.refurbed.de/p/iphone-15-plus/
2026-05-24 05:45:27,158 - INFO - Scraping 4409/6851: https://www.refurbed.de/p/iphone-15-pro-max/
2026-05-24 05:45:28,576 - INFO - Scraping 4410/6851: https://www.refurbed.de/p/iphone-15-pro/
2026-05-24 05:45:29,998 - INFO - Scraping 4411/6851: https://www.refurbed.de/p/iphone-15/
2026-05-24 05:45:31,475 - INFO - Scraping 4412/6851: https://www.refurbed.de/p/iphone-16-plus/
2026-05-24 05:45:33,243 - INFO - Scraping 4413/6851: https://www.refurbed.de/p/iphone-16-pro-max/
2026-05-24 05:45:34,644 - INFO - Scraping 4414/6851: https://www.refurbed.de/p/iphone-16-pro/
2026-05-24 05:45:36,093 - INFO - Scraping 4415/6851: https://www.refurbed.de/p/iphone-16/
2026-05-24 05:45:37,504 - INFO - Scraping 4416/6851: https://www.refurbed.de/p/iphone-16e/
2026-05-24 05:45:38,986 - INFO - Scraping 4417/6851: https://www.refurbed.de/p/iphone-6s-plus/
2026-05-24 05:45:40,403 - INFO - Scraping 4418/6851: https://www.refurbed.de/p/iphone-6s/
2026-05-24 05:45:41,911 - INFO - Scraping 4419/6851: https://www.refurbed.de/p/iphone-7-plus/
2026-05-24 05:45:43,545 - INFO - Scraping 4420/6851: https://www.refurbed.de/p/iphone-7/
2026-05-24 05:45:45,174 - INFO - Scraping 4421/6851: https://www.refurbed.de/p/iphone-se-2020/
2026-05-24 05:45:46,591 - INFO - Scraping 4422/6851: https://www.refurbed.de/p/iphone-se-2022/
2026-05-24 05:45:48,253 - INFO - Scraping 4423/6851: https://www.refurbed.de/p/iphone-se/
2026-05-24 05:45:49,672 - INFO - Scraping 4424/6851: https://www.refurbed.de/p/iphone-x/
2026-05-24 05:45:51,078 - INFO - Scraping 4425/6851: https://www.refurbed.de/p/iphone-xr/
2026-05-24 05:45:52,649 - INFO - Scraping 4426/6851: https://www.refurbed.de/p/iphone-xs-max/
2026-05-24 05:45:54,325 - INFO - Scraping 4427/6851: https://www.refurbed.de/p/iphone-xs/
2026-05-24 05:45:55,891 - INFO - Scraping 4428/6851: https://www.refurbed.de/p/kaercher-k-5-premi-pwr-ctrl-home/
2026-05-24 05:45:57,315 - INFO - Scraping 4429/6851: https://www.refurbed.de/p/krups-hp-5031-prep-cook/
2026-05-24 05:45:58,699 - INFO - Scraping 4430/6851: https://www.refurbed.de/p/laptop-sleeve/
2026-05-24 05:46:00,200 - INFO - Scraping 4431/6851: https://www.refurbed.de/p/lenovo--chromebook-11e-n3150/
2026-05-24 05:46:01,594 - INFO - Scraping 4432/6851: https://www.refurbed.de/p/lenovo-10e-chromebook-tablet/
2026-05-24 05:46:02,989 - INFO - Scraping 4433/6851: https://www.refurbed.de/p/lenovo-chromebook-100e-n4020/
2026-05-24 05:46:04,402 - INFO - Scraping 4434/6851: https://www.refurbed.de/p/lenovo-chromebook-100e-n4500/
2026-05-24 05:46:05,898 - INFO - Scraping 4435/6851: https://www.refurbed.de/p/lenovo-chromebook-300e-mt8173c/
2026-05-24 05:46:07,443 - INFO - Scraping 4436/6851: https://www.refurbed.de/p/lenovo-chromebook-300e-n4000/
2026-05-24 05:46:09,010 - INFO - Scraping 4437/6851: https://www.refurbed.de/p/lenovo-chromebook-300e-n4100/
2026-05-24 05:46:10,367 - INFO - Scraping 4438/6851: https://www.refurbed.de/p/lenovo-chromebook-500e-g2-n4120/
2026-05-24 05:46:11,872 - INFO - Scraping 4439/6851: https://www.refurbed.de/p/lenovo-ideapad-110-15isk-6200u/
2026-05-24 05:46:12,097 - ERROR - Error fetching https://www.refurbed.de/p/lenovo-ideapad-110-15isk-6200u/: 404 Client Error: Not Found for url: https://www.refurbed.de/p/lenovo-ideapad-110-15isk-6200u/
2026-05-24 05:46:13,099 - INFO - Scraping 4440/6851: https://www.refurbed.de/p/lenovo-ideapad-3-15aba7-5625u/
2026-05-24 05:46:14,504 - INFO - Scraping 4441/6851: https://www.refurbed.de/p/lenovo-ideapad-3-15ada05-3700u/
2026-05-24 05:46:19,410 - ERROR - Error fetching https://www.refurbed.de/p/lenovo-ideapad-3-15ada05-3700u/: 404 Client Error: Not Found for url: https://www.refurbed.de/p/lenovo-ideapad-3-15ada05-3700u/
2026-05-24 05:46:20,413 - INFO - Scraping 4442/6851: https://www.refurbed.de/p/lenovo-ideapad-3-15iil05-1005g1/
2026-05-24 05:46:21,807 - INFO - Scraping 4443/6851: https://www.refurbed.de/p/lenovo-ideapad-3-15iml05-6405u/
2026-05-24 05:46:23,801 - INFO - Scraping 4444/6851: https://www.refurbed.de/p/lenovo-ideapad-3-15iml05-n4020/
2026-05-24 05:46:25,192 - INFO - Scraping 4445/6851: https://www.refurbed.de/p/lenovo-ideapad-3-15itl05-1115g4/
2026-05-24 05:46:26,587 - INFO - Scraping 4446/6851: https://www.refurbed.de/p/lenovo-ideapad-3-17itl6-1115g4/
2026-05-24 05:46:28,011 - INFO - Scraping 4447/6851: https://www.refurbed.de/p/lenovo-ideapad-3-6305/
2026-05-24 05:46:29,463 - INFO - Scraping 4448/6851: https://www.refurbed.de/p/lenovo-ideapad-3-8505/
2026-05-24 05:46:30,833 - INFO - Scraping 4449/6851: https://www.refurbed.de/p/lenovo-ideapad-320-15ikb-i5-7200/
2026-05-24 05:46:31,071 - ERROR - Error fetching https://www.refurbed.de/p/lenovo-ideapad-320-15ikb-i5-7200/: 404 Client Error: Not Found for url: https://www.refurbed.de/p/lenovo-ideapad-320-15ikb-i5-7200/
2026-05-24 05:46:32,074 - INFO - Scraping 4450/6851: https://www.refurbed.de/p/lenovo-ideapad-320-15ikb-i5-8250/
2026-05-24 05:46:33,496 - INFO - Scraping 4451/6851: https://www.refurbed.de/p/lenovo-ideapad-320-17abr-a12-972/
2026-05-24 05:46:33,757 - ERROR - Error fetching https://www.refurbed.de/p/lenovo-ideapad-320-17abr-a12-972/: 404 Client Error: Not Found for url: https://www.refurbed.de/p/lenovo-ideapad-320-17abr-a12-972/
2026-05-24 05:46:34,760 - INFO - Scraping 4452/6851: https://www.refurbed.de/p/lenovo-ideapad-320-a9-9420/
2026-05-24 05:46:35,011 - ERROR - Error fetching https://www.refurbed.de/p/lenovo-ideapad-320-a9-9420/: 404 Client Error: Not Found for url: https://www.refurbed.de/p/lenovo-ideapad-320-a9-9420/
2026-05-24 05:46:36,013 - INFO - Scraping 4453/6851: https://www.refurbed.de/p/lenovo-ideapad-320s-13ikb-i5-825/
2026-05-24 05:46:37,388 - INFO - Scraping 4454/6851: https://www.refurbed.de/p/lenovo-ideapad-330s-14ikb-8130/
2026-05-24 05:46:38,811 - INFO - Scraping 4455/6851: https://www.refurbed.de/p/lenovo-ideapad-4g-lte-sc8180x/
2026-05-24 05:46:39,035 - ERROR - Error fetching https://www.refurbed.de/p/lenovo-ideapad-4g-lte-sc8180x/: 404 Client Error: Not Found for url: https://www.refurbed.de/p/lenovo-ideapad-4g-lte-sc8180x/
2026-05-24 05:46:40,037 - INFO - Scraping 4456/6851: https://www.refurbed.de/p/lenovo-ideapad-5-14alc05-5500u/
2026-05-24 05:46:41,402 - INFO - Scraping 4457/6851: https://www.refurbed.de/p/lenovo-ideapad-5-cb-14itl6/
2026-05-24 05:46:42,777 - INFO - Scraping 4458/6851: https://www.refurbed.de/p/lenovo-ideapad-5-pro-1165g7-14/
2026-05-24 05:46:44,190 - INFO - Scraping 4459/6851: https://www.refurbed.de/p/lenovo-ideapad-5-pro-5800h/
2026-05-24 05:46:45,599 - INFO - Scraping 4460/6851: https://www.refurbed.de/p/lenovo-ideapad-5-pro-r7-5800u-14/
2026-05-24 05:46:47,036 - INFO - Scraping 4461/6851: https://www.refurbed.de/p/lenovo-ideapad-520s-14ikb-i5-720/
2026-05-24 05:46:47,305 - ERROR - Error fetching https://www.refurbed.de/p/lenovo-ideapad-520s-14ikb-i5-720/: 404 Client Error: Not Found for url: https://www.refurbed.de/p/lenovo-ideapad-520s-14ikb-i5-720/
2026-05-24 05:46:48,307 - INFO - Scraping 4462/6851: https://www.refurbed.de/p/lenovo-ideapad-5g-8cx/
2026-05-24 05:46:49,655 - INFO - Scraping 4463/6851: https://www.refurbed.de/p/lenovo-ideapad-5g-sc8180xp/
2026-05-24 05:46:49,912 - ERROR - Error fetching https://www.refurbed.de/p/lenovo-ideapad-5g-sc8180xp/: 404 Client Error: Not Found for url: https://www.refurbed.de/p/lenovo-ideapad-5g-sc8180xp/
2026-05-24 05:46:50,914 - INFO - Scraping 4464/6851: https://www.refurbed.de/p/lenovo-ideapad-710s-13isk-i7-656/
2026-05-24 05:46:51,165 - ERROR - Error fetching https://www.refurbed.de/p/lenovo-ideapad-710s-13isk-i7-656/: 404 Client Error: Not Found for url: https://www.refurbed.de/p/lenovo-ideapad-710s-13isk-i7-656/
2026-05-24 05:46:52,167 - INFO - Scraping 4465/6851: https://www.refurbed.de/p/lenovo-ideapad-c340-14api-ryz32u/
2026-05-24 05:46:53,536 - INFO - Scraping 4466/6851: https://www.refurbed.de/p/lenovo-ideapad-flex-15-4200u/
2026-05-24 05:46:53,793 - ERROR - Error fetching https://www.refurbed.de/p/lenovo-ideapad-flex-15-4200u/: 404 Client Error: Not Found for url: https://www.refurbed.de/p/lenovo-ideapad-flex-15-4200u/
2026-05-24 05:46:54,795 - INFO - Scraping 4467/6851: https://www.refurbed.de/p/lenovo-ideapad-flex-3-4300u/
2026-05-24 05:46:56,220 - INFO - Scraping 4468/6851: https://www.refurbed.de/p/lenovo-ideapad-flex-5-14alc05/
2026-05-24 05:46:57,620 - INFO - Scraping 4469/6851: https://www.refurbed.de/p/lenovo-ideapad-flex-5-14alc07/
2026-05-24 05:46:59,249 - INFO - Scraping 4470/6851: https://www.refurbed.de/p/lenovo-ideapad-flex-5-14itl05/
2026-05-24 05:47:00,603 - INFO - Scraping 4471/6851: https://www.refurbed.de/p/lenovo-ideapad-flex-5-5500u/
2026-05-24 05:47:02,177 - INFO - Scraping 4472/6851: https://www.refurbed.de/p/lenovo-ideapad-flex-5-ryzen-14/
2026-05-24 05:47:03,548 - INFO - Scraping 4473/6851: https://www.refurbed.de/p/lenovo-ideapad-miix-320-10icr/
2026-05-24 05:47:03,787 - ERROR - Error fetching https://www.refurbed.de/p/lenovo-ideapad-miix-320-10icr/: 404 Client Error: Not Found for url: https://www.refurbed.de/p/lenovo-ideapad-miix-320-10icr/
2026-05-24 05:47:04,789 - INFO - Scraping 4474/6851: https://www.refurbed.de/p/lenovo-ideapad-miix-510-12ikb-6u/
2026-05-24 05:47:05,193 - ERROR - Error fetching https://www.refurbed.de/p/lenovo-ideapad-miix-510-12ikb-6u/: 404 Client Error: Not Found for url: https://www.refurbed.de/p/lenovo-ideapad-miix-510-12ikb-6u/
2026-05-24 05:47:06,195 - INFO - Scraping 4475/6851: https://www.refurbed.de/p/lenovo-ideapad-miix-510-12ikb/
2026-05-24 05:47:06,430 - ERROR - Error fetching https://www.refurbed.de/p/lenovo-ideapad-miix-510-12ikb/: 404 Client Error: Not Found for url: https://www.refurbed.de/p/lenovo-ideapad-miix-510-12ikb/
2026-05-24 05:47:07,432 - INFO - Scraping 4476/6851: https://www.refurbed.de/p/lenovo-ideapad-miix-510-12isk/
2026-05-24 05:47:07,676 - ERROR - Error fetching https://www.refurbed.de/p/lenovo-ideapad-miix-510-12isk/: 404 Client Error: Not Found for url: https://www.refurbed.de/p/lenovo-ideapad-miix-510-12isk/
2026-05-24 05:47:08,678 - INFO - Scraping 4477/6851: https://www.refurbed.de/p/lenovo-ideapad-miix-520-12ikb/
2026-05-24 05:47:10,055 - INFO - Scraping 4478/6851: https://www.refurbed.de/p/lenovo-ideapad-miix-520-8350u-/
2026-05-24 05:47:10,299 - ERROR - Error fetching https://www.refurbed.de/p/lenovo-ideapad-miix-520-8350u-/: 404 Client Error: Not Found for url: https://www.refurbed.de/p/lenovo-ideapad-miix-520-8350u-/
2026-05-24 05:47:11,302 - INFO - Scraping 4479/6851: https://www.refurbed.de/p/lenovo-ideapad-s130-14igm-n5000-/
2026-05-24 05:47:12,849 - INFO - Scraping 4480/6851: https://www.refurbed.de/p/lenovo-ideapad-s340-14iwl-5405u/
2026-05-24 05:47:14,239 - INFO - Scraping 4481/6851: https://www.refurbed.de/p/lenovo-ideapad-s340-14iwl-8265u/
2026-05-24 05:47:15,651 - INFO - Scraping 4482/6851: https://www.refurbed.de/p/lenovo-ideapad-s340-15iwl-8265u/
2026-05-24 05:47:17,046 - INFO - Scraping 4483/6851: https://www.refurbed.de/p/lenovo-ideapad-v110-15-6006u/
2026-05-24 05:47:17,275 - ERROR - Error fetching https://www.refurbed.de/p/lenovo-ideapad-v110-15-6006u/: 404 Client Error: Not Found for url: https://www.refurbed.de/p/lenovo-ideapad-v110-15-6006u/
2026-05-24 05:47:18,277 - INFO - Scraping 4484/6851: https://www.refurbed.de/p/lenovo-ideapad-v110-15-7200u/
2026-05-24 05:47:18,509 - ERROR - Error fetching https://www.refurbed.de/p/lenovo-ideapad-v110-15-7200u/: 404 Client Error: Not Found for url: https://www.refurbed.de/p/lenovo-ideapad-v110-15-7200u/
2026-05-24 05:47:19,511 - INFO - Scraping 4485/6851: https://www.refurbed.de/p/lenovo-ideapad-v110-17-7200u/
2026-05-24 05:47:19,743 - ERROR - Error fetching https://www.refurbed.de/p/lenovo-ideapad-v110-17-7200u/: 404 Client Error: Not Found for url: https://www.refurbed.de/p/lenovo-ideapad-v110-17-7200u/
2026-05-24 05:47:20,746 - INFO - Scraping 4486/6851: https://www.refurbed.de/p/lenovo-ideapad-y91017isk-i7/
2026-05-24 05:47:20,974 - ERROR - Error fetching https://www.refurbed.de/p/lenovo-ideapad-y91017isk-i7/: 404 Client Error: Not Found for url: https://www.refurbed.de/p/lenovo-ideapad-y91017isk-i7/
2026-05-24 05:47:21,977 - INFO - Scraping 4487/6851: https://www.refurbed.de/p/lenovo-legion-5-15ach6a-5-5600h/
2026-05-24 05:47:23,344 - INFO - Scraping 4488/6851: https://www.refurbed.de/p/lenovo-legion-5-15ach6h-5-5600h/
2026-05-24 05:47:24,786 - INFO - Scraping 4489/6851: https://www.refurbed.de/p/lenovo-legion-5-15ith6h-12700h/
2026-05-24 05:47:26,204 - INFO - Scraping 4490/6851: https://www.refurbed.de/p/lenovo-legion-5-17ach6-5800h/
2026-05-24 05:47:27,566 - INFO - Scraping 4491/6851: https://www.refurbed.de/p/lenovo-legion-5-17ith6h-11400h/
2026-05-24 05:47:28,936 - INFO - Scraping 4492/6851: https://www.refurbed.de/p/lenovo-legion-5-i5-10300h/
2026-05-24 05:47:30,293 - INFO - Scraping 4493/6851: https://www.refurbed.de/p/lenovo-legion-5-pro-16ach6h-5800/
2026-05-24 05:47:31,723 - INFO - Scraping 4494/6851: https://www.refurbed.de/p/lenovo-legion-5-pro-i7-11800h/
2026-05-24 05:47:33,149 - INFO - Scraping 4495/6851: https://www.refurbed.de/p/lenovo-legion-go-8apu1-ryzen-z1/
2026-05-24 05:47:34,528 - INFO - Scraping 4496/6851: https://www.refurbed.de/p/lenovo-legion-t5-26iob6/
2026-05-24 05:47:35,886 - INFO - Scraping 4497/6851: https://www.refurbed.de/p/lenovo-legion-t5-26irb8/
2026-05-24 05:47:37,965 - INFO - Scraping 4498/6851: https://www.refurbed.de/p/lenovo-legion-y32p-30/
2026-05-24 05:47:39,817 - INFO - Scraping 4499/6851: https://www.refurbed.de/p/lenovo-legion-y530-15ich-8750/
2026-05-24 05:47:42,169 - INFO - Scraping 4500/6851: https://www.refurbed.de/p/lenovo-legion-y540-15irh-9300hf/
2026-05-24 05:47:43,882 - INFO - Scraping 4501/6851: https://www.refurbed.de/p/lenovo-legion-y540-17irh-9300h/
2026-05-24 05:47:45,501 - INFO - Scraping 4502/6851: https://www.refurbed.de/p/lenovo-legion-y720-15ikb-i5-7300/
2026-05-24 05:47:46,013 - ERROR - Error fetching https://www.refurbed.de/p/lenovo-legion-y720-15ikb-i5-7300/: 404 Client Error: Not Found for url: https://www.refurbed.de/p/lenovo-legion-y720-15ikb-i5-7300/
2026-05-24 05:47:47,016 - INFO - Scraping 4503/6851: https://www.refurbed.de/p/lenovo-legion-y740-15ichg-8750h/
2026-05-24 05:47:48,557 - INFO - Scraping 4504/6851: https://www.refurbed.de/p/lenovo-matepad-10-4/
2026-05-24 05:47:49,965 - INFO - Scraping 4505/6851: https://www.refurbed.de/p/lenovo-matepad-2022-10-4/
2026-05-24 05:47:51,475 - INFO - Scraping 4506/6851: https://www.refurbed.de/p/lenovo-n23-yoga-chrmbk-a53/
2026-05-24 05:47:52,911 - INFO - Scraping 4507/6851: https://www.refurbed.de/p/lenovo-n23-yoga-chrmbk-mt8173c/
2026-05-24 05:47:54,288 - INFO - Scraping 4508/6851: https://www.refurbed.de/p/lenovo-smart-tab-m10-g2/
2026-05-24 05:47:55,747 - INFO - Scraping 4509/6851: https://www.refurbed.de/p/lenovo-smart-tab-m10-gen2/
2026-05-24 05:47:57,241 - INFO - Scraping 4510/6851: https://www.refurbed.de/p/lenovo-smart-tab-m10-plus/
2026-05-24 05:47:58,619 - INFO - Scraping 4511/6851: https://www.refurbed.de/p/lenovo-smart-tab-m10/
2026-05-24 05:48:00,008 - INFO - Scraping 4512/6851: https://www.refurbed.de/p/lenovo-smart-tab-m8-google/
2026-05-24 05:48:01,394 - INFO - Scraping 4513/6851: https://www.refurbed.de/p/lenovo-smart-tab-p10/
2026-05-24 05:48:02,940 - INFO - Scraping 4514/6851: https://www.refurbed.de/p/lenovo-smart-tab-yt-x705l/
2026-05-24 05:48:04,321 - INFO - Scraping 4515/6851: https://www.refurbed.de/p/lenovo-tab-10-tb-x103f/
2026-05-24 05:48:05,689 - INFO - Scraping 4516/6851: https://www.refurbed.de/p/lenovo-tab-4-8/
2026-05-24 05:48:07,063 - INFO - Scraping 4517/6851: https://www.refurbed.de/p/lenovo-tab-e7-tb-7104f/
2026-05-24 05:48:08,433 - INFO - Scraping 4518/6851: https://www.refurbed.de/p/lenovo-tab-m10-5g-tb360zu/
2026-05-24 05:48:09,893 - INFO - Scraping 4519/6851: https://www.refurbed.de/p/lenovo-tab-m10-hd-tb-x306x/
2026-05-24 05:48:11,256 - INFO - Scraping 4520/6851: https://www.refurbed.de/p/lenovo-tab-m10-plus-gen3-10-6/
2026-05-24 05:48:12,669 - INFO - Scraping 4521/6851: https://www.refurbed.de/p/lenovo-tab-m10-plus-gen3-wifi/
2026-05-24 05:48:14,078 - INFO - Scraping 4522/6851: https://www.refurbed.de/p/lenovo-tab-m10-plus-tb-x606f/
2026-05-24 05:48:15,614 - INFO - Scraping 4523/6851: https://www.refurbed.de/p/lenovo-tab-m10-plus-tb-x606x/
2026-05-24 05:48:17,063 - INFO - Scraping 4524/6851: https://www.refurbed.de/p/lenovo-tab-m10-tb-x505f/
2026-05-24 05:48:18,439 - INFO - Scraping 4525/6851: https://www.refurbed.de/p/lenovo-tab-m10-tb-x505l/
2026-05-24 05:48:20,008 - INFO - Scraping 4526/6851: https://www.refurbed.de/p/lenovo-tab-m10-tb-x605f/
2026-05-24 05:48:21,430 - INFO - Scraping 4527/6851: https://www.refurbed.de/p/lenovo-tab-m10-tb-x605l-10-1/
2026-05-24 05:48:22,814 - INFO - Scraping 4528/6851: https://www.refurbed.de/p/lenovo-tab-m10-tb328fu/
2026-05-24 05:48:24,308 - INFO - Scraping 4529/6851: https://www.refurbed.de/p/lenovo-tab-m10-tb328xu/
2026-05-24 05:48:25,674 - INFO - Scraping 4530/6851: https://www.refurbed.de/p/lenovo-tab-m11-tb330fu/
2026-05-24 05:48:27,220 - INFO - Scraping 4531/6851: https://www.refurbed.de/p/lenovo-tab-m7-g2/
2026-05-24 05:48:28,570 - INFO - Scraping 4532/6851: https://www.refurbed.de/p/lenovo-tab-m8-fhd/
2026-05-24 05:48:30,007 - INFO - Scraping 4533/6851: https://www.refurbed.de/p/lenovo-tab-m8-g3/
2026-05-24 05:48:31,571 - INFO - Scraping 4534/6851: https://www.refurbed.de/p/lenovo-tab-m8-g4/
2026-05-24 05:48:32,922 - INFO - Scraping 4535/6851: https://www.refurbed.de/p/lenovo-tab-m8-hd/
2026-05-24 05:48:34,297 - INFO - Scraping 4536/6851: https://www.refurbed.de/p/lenovo-tab-m8/
2026-05-24 05:48:35,639 - INFO - Scraping 4537/6851: https://www.refurbed.de/p/lenovo-tab-p11-11/
2026-05-24 05:48:37,076 - INFO - Scraping 4538/6851: https://www.refurbed.de/p/lenovo-tab-p11-5g-11/
2026-05-24 05:48:38,446 - INFO - Scraping 4539/6851: https://www.refurbed.de/p/lenovo-tab-p11-g2-tb350xu/
2026-05-24 05:48:39,813 - INFO - Scraping 4540/6851: https://www.refurbed.de/p/lenovo-tab-p11-g2/
2026-05-24 05:48:41,256 - INFO - Scraping 4541/6851: https://www.refurbed.de/p/lenovo-tab-p11-plus/
2026-05-24 05:48:42,603 - INFO - Scraping 4542/6851: https://www.refurbed.de/p/lenovo-tab-p11-pro-g2-tb132fu/
2026-05-24 05:48:44,252 - INFO - Scraping 4543/6851: https://www.refurbed.de/p/lenovo-tab-p12-pro-12/
2026-05-24 05:48:45,644 - INFO - Scraping 4544/6851: https://www.refurbed.de/p/lenovo-tab-p12/
2026-05-24 05:48:47,031 - INFO - Scraping 4545/6851: https://www.refurbed.de/p/lenovo-tab-tb311xu/
2026-05-24 05:48:48,400 - INFO - Scraping 4546/6851: https://www.refurbed.de/p/lenovo-tab2-a10-30l/
2026-05-24 05:48:49,782 - INFO - Scraping 4547/6851: https://www.refurbed.de/p/lenovo-tab3-8/
2026-05-24 05:48:51,231 - INFO - Scraping 4548/6851: https://www.refurbed.de/p/lenovo-tablet-10-n4100/
2026-05-24 05:48:51,607 - ERROR - Error fetching https://www.refurbed.de/p/lenovo-tablet-10-n4100/: 404 Client Error: Not Found for url: https://www.refurbed.de/p/lenovo-tablet-10-n4100/
2026-05-24 05:48:52,609 - INFO - Scraping 4549/6851: https://www.refurbed.de/p/lenovo-thinkbook-14s-yoga1135g7/
2026-05-24 05:48:54,092 - INFO - Scraping 4550/6851: https://www.refurbed.de/p/lenovo-thinkbook-14s-yoga1165g7/
2026-05-24 05:48:55,491 - INFO - Scraping 4551/6851: https://www.refurbed.de/p/lenovo-thinkpad-10-gen2/
2026-05-24 05:48:55,735 - ERROR - Error fetching https://www.refurbed.de/p/lenovo-thinkpad-10-gen2/: 404 Client Error: Not Found for url: https://www.refurbed.de/p/lenovo-thinkpad-10-gen2/
2026-05-24 05:48:56,738 - INFO - Scraping 4552/6851: https://www.refurbed.de/p/lenovo-thinkpad-10/
2026-05-24 05:48:56,967 - ERROR - Error fetching https://www.refurbed.de/p/lenovo-thinkpad-10/: 404 Client Error: Not Found for url: https://www.refurbed.de/p/lenovo-thinkpad-10/
2026-05-24 05:48:57,970 - INFO - Scraping 4553/6851: https://www.refurbed.de/p/lenovo-thinkpad-13-g2-7100u/
2026-05-24 05:48:58,229 - ERROR - Error fetching https://www.refurbed.de/p/lenovo-thinkpad-13-g2-7100u/: 404 Client Error: Not Found for url: https://www.refurbed.de/p/lenovo-thinkpad-13-g2-7100u/
2026-05-24 05:48:59,231 - INFO - Scraping 4554/6851: https://www.refurbed.de/p/lenovo-thinkpad-13-g2-i5-7200/
2026-05-24 05:48:59,470 - ERROR - Error fetching https://www.refurbed.de/p/lenovo-thinkpad-13-g2-i5-7200/: 404 Client Error: Not Found for url: https://www.refurbed.de/p/lenovo-thinkpad-13-g2-i5-7200/
2026-05-24 05:49:00,472 - INFO - Scraping 4555/6851: https://www.refurbed.de/p/lenovo-thinkpad-13-g2-i5-7300/
2026-05-24 05:49:00,722 - ERROR - Error fetching https://www.refurbed.de/p/lenovo-thinkpad-13-g2-i5-7300/: 404 Client Error: Not Found for url: https://www.refurbed.de/p/lenovo-thinkpad-13-g2-i5-7300/
2026-05-24 05:49:01,724 - INFO - Scraping 4556/6851: https://www.refurbed.de/p/lenovo-thinkpad-13-i5-6200u/
2026-05-24 05:49:01,956 - ERROR - Error fetching https://www.refurbed.de/p/lenovo-thinkpad-13-i5-6200u/: 404 Client Error: Not Found for url: https://www.refurbed.de/p/lenovo-thinkpad-13-i5-6200u/
2026-05-24 05:49:02,958 - INFO - Scraping 4557/6851: https://www.refurbed.de/p/lenovo-thinkpad-370-i5-7200u/
2026-05-24 05:49:03,186 - ERROR - Error fetching https://www.refurbed.de/p/lenovo-thinkpad-370-i5-7200u/: 404 Client Error: Not Found for url: https://www.refurbed.de/p/lenovo-thinkpad-370-i5-7200u/
2026-05-24 05:49:04,189 - INFO - Scraping 4558/6851: https://www.refurbed.de/p/lenovo-thinkpad-a275-8800b/
2026-05-24 05:49:04,415 - ERROR - Error fetching https://www.refurbed.de/p/lenovo-thinkpad-a275-8800b/: 404 Client Error: Not Found for url: https://www.refurbed.de/p/lenovo-thinkpad-a275-8800b/
2026-05-24 05:49:05,418 - INFO - Scraping 4559/6851: https://www.refurbed.de/p/lenovo-thinkpad-a275-8830b/
2026-05-24 05:49:05,724 - ERROR - Error fetching https://www.refurbed.de/p/lenovo-thinkpad-a275-8830b/: 404 Client Error: Not Found for url: https://www.refurbed.de/p/lenovo-thinkpad-a275-8830b/
2026-05-24 05:49:06,726 - INFO - Scraping 4560/6851: https://www.refurbed.de/p/lenovo-thinkpad-a275-9700b/
2026-05-24 05:49:06,998 - ERROR - Error fetching https://www.refurbed.de/p/lenovo-thinkpad-a275-9700b/: 404 Client Error: Not Found for url: https://www.refurbed.de/p/lenovo-thinkpad-a275-9700b/
2026-05-24 05:49:08,000 - INFO - Scraping 4561/6851: https://www.refurbed.de/p/lenovo-thinkpad-a285-3-pro-2300u/
2026-05-24 05:49:08,241 - ERROR - Error fetching https://www.refurbed.de/p/lenovo-thinkpad-a285-3-pro-2300u/: 404 Client Error: Not Found for url: https://www.refurbed.de/p/lenovo-thinkpad-a285-3-pro-2300u/
2026-05-24 05:49:09,243 - INFO - Scraping 4562/6851: https://www.refurbed.de/p/lenovo-thinkpad-a285-5-pro-2500u/
2026-05-24 05:49:09,484 - ERROR - Error fetching https://www.refurbed.de/p/lenovo-thinkpad-a285-5-pro-2500u/: 404 Client Error: Not Found for url: https://www.refurbed.de/p/lenovo-thinkpad-a285-5-pro-2500u/
2026-05-24 05:49:10,487 - INFO - Scraping 4563/6851: https://www.refurbed.de/p/lenovo-thinkpad-a475-9800b/
2026-05-24 05:49:10,714 - ERROR - Error fetching https://www.refurbed.de/p/lenovo-thinkpad-a475-9800b/: 404 Client Error: Not Found for url: https://www.refurbed.de/p/lenovo-thinkpad-a475-9800b/
2026-05-24 05:49:11,716 - INFO - Scraping 4564/6851: https://www.refurbed.de/p/lenovo-thinkpad-a485-3pro-2300u/
2026-05-24 05:49:11,943 - ERROR - Error fetching https://www.refurbed.de/p/lenovo-thinkpad-a485-3pro-2300u/: 404 Client Error: Not Found for url: https://www.refurbed.de/p/lenovo-thinkpad-a485-3pro-2300u/
2026-05-24 05:49:12,945 - INFO - Scraping 4565/6851: https://www.refurbed.de/p/lenovo-thinkpad-a485-5-pro-2500u/
2026-05-24 05:49:13,172 - ERROR - Error fetching https://www.refurbed.de/p/lenovo-thinkpad-a485-5-pro-2500u/: 404 Client Error: Not Found for url: https://www.refurbed.de/p/lenovo-thinkpad-a485-5-pro-2500u/
2026-05-24 05:49:14,175 - INFO - Scraping 4566/6851: https://www.refurbed.de/p/lenovo-thinkpad-a485-7-pro-2700u/
2026-05-24 05:49:14,570 - ERROR - Error fetching https://www.refurbed.de/p/lenovo-thinkpad-a485-7-pro-2700u/: 404 Client Error: Not Found for url: https://www.refurbed.de/p/lenovo-thinkpad-a485-7-pro-2700u/
2026-05-24 05:49:15,573 - INFO - Scraping 4567/6851: https://www.refurbed.de/p/lenovo-thinkpad-dock-40a5/
2026-05-24 05:49:17,006 - INFO - Scraping 4568/6851: https://www.refurbed.de/p/lenovo-thinkpad-e14-g2-1115g4/
2026-05-24 05:49:18,512 - INFO - Scraping 4569/6851: https://www.refurbed.de/p/lenovo-thinkpad-e14-g2-4500u/
2026-05-24 05:49:19,942 - INFO - Scraping 4570/6851: https://www.refurbed.de/p/lenovo-thinkpad-e14-g2-4650u/
2026-05-24 05:49:21,384 - INFO - Scraping 4571/6851: https://www.refurbed.de/p/lenovo-thinkpad-e14-g2-i5-1135g7/
2026-05-24 05:49:22,899 - INFO - Scraping 4572/6851: https://www.refurbed.de/p/lenovo-thinkpad-e14-g2-i7-1165g7/
2026-05-24 05:49:24,271 - INFO - Scraping 4573/6851: https://www.refurbed.de/p/lenovo-thinkpad-e14-g3-3-5300u/
2026-05-24 05:49:25,701 - INFO - Scraping 4574/6851: https://www.refurbed.de/p/lenovo-thinkpad-e14-g3-5-5500u/
2026-05-24 05:49:27,242 - INFO - Scraping 4575/6851: https://www.refurbed.de/p/lenovo-thinkpad-e14-g3-75700u/
2026-05-24 05:49:28,785 - INFO - Scraping 4576/6851: https://www.refurbed.de/p/lenovo-thinkpad-e14-g4-5-5625u/
2026-05-24 05:49:30,262 - INFO - Scraping 4577/6851: https://www.refurbed.de/p/lenovo-thinkpad-e14-g4-i5-1235u/
2026-05-24 05:49:31,766 - INFO - Scraping 4578/6851: https://www.refurbed.de/p/lenovo-thinkpad-e14-g5-3-7330u/
2026-05-24 05:49:33,184 - INFO - Scraping 4579/6851: https://www.refurbed.de/p/lenovo-thinkpad-e14-i3-10110u/
2026-05-24 05:49:34,695 - INFO - Scraping 4580/6851: https://www.refurbed.de/p/lenovo-thinkpad-e14-i5-10210u/
2026-05-24 05:49:36,216 - INFO - Scraping 4581/6851: https://www.refurbed.de/p/lenovo-thinkpad-e14-i7-10510u/
2026-05-24 05:49:37,571 - INFO - Scraping 4582/6851: https://www.refurbed.de/p/lenovo-thinkpad-e15-10210u/
2026-05-24 05:49:39,166 - INFO - Scraping 4583/6851: https://www.refurbed.de/p/lenovo-thinkpad-e15-g2-1135g7/
2026-05-24 05:49:40,551 - INFO - Scraping 4584/6851: https://www.refurbed.de/p/lenovo-thinkpad-e15-g2-1165g7/
2026-05-24 05:49:41,926 - INFO - Scraping 4585/6851: https://www.refurbed.de/p/lenovo-thinkpad-e15-g2-54500u/
2026-05-24 05:49:43,349 - INFO - Scraping 4586/6851: https://www.refurbed.de/p/lenovo-thinkpad-e15-g3-5-5500u/
2026-05-24 05:49:44,870 - INFO - Scraping 4587/6851: https://www.refurbed.de/p/lenovo-thinkpad-e15-g3-7-5700u/
2026-05-24 05:49:46,284 - INFO - Scraping 4588/6851: https://www.refurbed.de/p/lenovo-thinkpad-e15-g4-i5-1235/
2026-05-24 05:49:47,837 - INFO - Scraping 4589/6851: https://www.refurbed.de/p/lenovo-thinkpad-e15-g4-i7-1255u/
2026-05-24 05:49:49,210 - INFO - Scraping 4590/6851: https://www.refurbed.de/p/lenovo-thinkpad-e15-i7-10510u/
2026-05-24 05:49:50,702 - INFO - Scraping 4591/6851: https://www.refurbed.de/p/lenovo-thinkpad-e460-i5-6200u/
2026-05-24 05:49:50,933 - ERROR - Error fetching https://www.refurbed.de/p/lenovo-thinkpad-e460-i5-6200u/: 404 Client Error: Not Found for url: https://www.refurbed.de/p/lenovo-thinkpad-e460-i5-6200u/
2026-05-24 05:49:51,936 - INFO - Scraping 4592/6851: https://www.refurbed.de/p/lenovo-thinkpad-e470-i3-7100u/
2026-05-24 05:49:52,284 - ERROR - Error fetching https://www.refurbed.de/p/lenovo-thinkpad-e470-i3-7100u/: 404 Client Error: Not Found for url: https://www.refurbed.de/p/lenovo-thinkpad-e470-i3-7100u/
2026-05-24 05:49:53,286 - INFO - Scraping 4593/6851: https://www.refurbed.de/p/lenovo-thinkpad-e480-i5-8250u-14/
2026-05-24 05:49:54,714 - INFO - Scraping 4594/6851: https://www.refurbed.de/p/lenovo-thinkpad-e480-i78550u-14/
2026-05-24 05:49:54,936 - ERROR - Error fetching https://www.refurbed.de/p/lenovo-thinkpad-e480-i78550u-14/: 404 Client Error: Not Found for url: https://www.refurbed.de/p/lenovo-thinkpad-e480-i78550u-14/
2026-05-24 05:49:55,939 - INFO - Scraping 4595/6851: https://www.refurbed.de/p/lenovo-thinkpad-e490-8145u-14/
2026-05-24 05:49:57,357 - INFO - Scraping 4596/6851: https://www.refurbed.de/p/lenovo-thinkpad-e490-8365u-14/
2026-05-24 05:49:58,875 - INFO - Scraping 4597/6851: https://www.refurbed.de/p/lenovo-thinkpad-e490-i58265u-14/
2026-05-24 05:50:00,411 - INFO - Scraping 4598/6851: https://www.refurbed.de/p/lenovo-thinkpad-e560-i5-15/
2026-05-24 05:50:00,637 - ERROR - Error fetching https://www.refurbed.de/p/lenovo-thinkpad-e560-i5-15/: 404 Client Error: Not Found for url: https://www.refurbed.de/p/lenovo-thinkpad-e560-i5-15/
2026-05-24 05:50:01,639 - INFO - Scraping 4599/6851: https://www.refurbed.de/p/lenovo-thinkpad-e570-i5-7200u/
2026-05-24 05:50:02,025 - ERROR - Error fetching https://www.refurbed.de/p/lenovo-thinkpad-e570-i5-7200u/: 404 Client Error: Not Found for url: https://www.refurbed.de/p/lenovo-thinkpad-e570-i5-7200u/
2026-05-24 05:50:03,028 - INFO - Scraping 4600/6851: https://www.refurbed.de/p/lenovo-thinkpad-e590-8565u-15-6/
2026-05-24 05:50:04,478 - INFO - Scraping 4601/6851: https://www.refurbed.de/p/lenovo-thinkpad-helix-2-m-5y71/
2026-05-24 05:50:04,710 - ERROR - Error fetching https://www.refurbed.de/p/lenovo-thinkpad-helix-2-m-5y71/: 404 Client Error: Not Found for url: https://www.refurbed.de/p/lenovo-thinkpad-helix-2-m-5y71/
2026-05-24 05:50:05,712 - INFO - Scraping 4602/6851: https://www.refurbed.de/p/lenovo-thinkpad-l13-10210u/
2026-05-24 05:50:07,273 - INFO - Scraping 4603/6851: https://www.refurbed.de/p/lenovo-thinkpad-l13-10310u-13-3/
2026-05-24 05:50:08,761 - INFO - Scraping 4604/6851: https://www.refurbed.de/p/lenovo-thinkpad-l13-4-1335u/
2026-05-24 05:50:10,138 - INFO - Scraping 4605/6851: https://www.refurbed.de/p/lenovo-thinkpad-l13-g1-10210u/
2026-05-24 05:50:11,840 - INFO - Scraping 4606/6851: https://www.refurbed.de/p/lenovo-thinkpad-l13-g1-10310u-13/
2026-05-24 05:50:13,321 - INFO - Scraping 4607/6851: https://www.refurbed.de/p/lenovo-thinkpad-l13-g1-i3-10110u/
2026-05-24 05:50:14,727 - INFO - Scraping 4608/6851: https://www.refurbed.de/p/lenovo-thinkpad-l13-g1-i5-10310u/
2026-05-24 05:50:16,293 - INFO - Scraping 4609/6851: https://www.refurbed.de/p/lenovo-thinkpad-l13-g1-i7-10510u/
2026-05-24 05:50:17,919 - INFO - Scraping 4610/6851: https://www.refurbed.de/p/lenovo-thinkpad-l13-g2-1115g4/
2026-05-24 05:50:19,526 - INFO - Scraping 4611/6851: https://www.refurbed.de/p/lenovo-thinkpad-l13-g2-1145g7/
2026-05-24 05:50:21,068 - INFO - Scraping 4612/6851: https://www.refurbed.de/p/lenovo-thinkpad-l13-g2-1165g7/
2026-05-24 05:50:22,582 - INFO - Scraping 4613/6851: https://www.refurbed.de/p/lenovo-thinkpad-l13-g2-i5-1135g7/
2026-05-24 05:50:24,126 - INFO - Scraping 4614/6851: https://www.refurbed.de/p/lenovo-thinkpad-l13-g4-7730u-/
2026-05-24 05:50:25,607 - INFO - Scraping 4615/6851: https://www.refurbed.de/p/lenovo-thinkpad-l13-i7-10510u/
2026-05-24 05:50:27,168 - INFO - Scraping 4616/6851: https://www.refurbed.de/p/lenovo-thinkpad-l13-yoga-10210u/
2026-05-24 05:50:28,946 - INFO - Scraping 4617/6851: https://www.refurbed.de/p/lenovo-thinkpad-l13-yoga-1135g7/
2026-05-24 05:50:30,631 - INFO - Scraping 4618/6851: https://www.refurbed.de/p/lenovo-thinkpad-l13-yoga-4-1335u/
2026-05-24 05:50:32,124 - INFO - Scraping 4619/6851: https://www.refurbed.de/p/lenovo-thinkpad-l13-yoga-5850u/
2026-05-24 05:50:33,590 - INFO - Scraping 4620/6851: https://www.refurbed.de/p/lenovo-thinkpad-l13-yoga-i7-1165/
2026-05-24 05:50:35,134 - INFO - Scraping 4621/6851: https://www.refurbed.de/p/lenovo-thinkpad-l14-g1-10210u-14/
2026-05-24 05:50:36,680 - INFO - Scraping 4622/6851: https://www.refurbed.de/p/lenovo-thinkpad-l14-g1-6405u/
2026-05-24 05:50:38,269 - INFO - Scraping 4623/6851: https://www.refurbed.de/p/lenovo-thinkpad-l14-g1-i3-10110u/
2026-05-24 05:50:39,869 - INFO - Scraping 4624/6851: https://www.refurbed.de/p/lenovo-thinkpad-l14-g1-i5-10310u/
2026-05-24 05:50:41,393 - INFO - Scraping 4625/6851: https://www.refurbed.de/p/lenovo-thinkpad-l14-g1-i7-10510u/
2026-05-24 05:50:42,895 - INFO - Scraping 4626/6851: https://www.refurbed.de/p/lenovo-thinkpad-l14-g1-i7-10610u/
2026-05-24 05:50:44,486 - INFO - Scraping 4627/6851: https://www.refurbed.de/p/lenovo-thinkpad-l14-g1-r5-4500u/
2026-05-24 05:50:46,030 - INFO - Scraping 4628/6851: https://www.refurbed.de/p/lenovo-thinkpad-l14-g1-ryzen5-14/
2026-05-24 05:50:47,594 - INFO - Scraping 4629/6851: https://www.refurbed.de/p/lenovo-thinkpad-l14-g2-1135g7-14/
2026-05-24 05:50:49,259 - INFO - Scraping 4630/6851: https://www.refurbed.de/p/lenovo-thinkpad-l14-g2-1145g7-14/
2026-05-24 05:50:50,783 - INFO - Scraping 4631/6851: https://www.refurbed.de/p/lenovo-thinkpad-l14-g2-i7-1165g7/
2026-05-24 05:50:52,383 - INFO - Scraping 4632/6851: https://www.refurbed.de/p/lenovo-thinkpad-l14-g2-r3-pro/
2026-05-24 05:50:53,801 - INFO - Scraping 4633/6851: https://www.refurbed.de/p/lenovo-thinkpad-l14-g2-r5-5600u/
2026-05-24 05:50:55,225 - INFO - Scraping 4634/6851: https://www.refurbed.de/p/lenovo-thinkpad-l14-g2-r5-5650u/
2026-05-24 05:50:56,737 - INFO - Scraping 4635/6851: https://www.refurbed.de/p/lenovo-thinkpad-l14-g2-r7-5850u/
2026-05-24 05:50:58,166 - INFO - Scraping 4636/6851: https://www.refurbed.de/p/lenovo-thinkpad-l14-g3-5675u/
2026-05-24 05:50:59,906 - INFO - Scraping 4637/6851: https://www.refurbed.de/p/lenovo-thinkpad-l14-g3-5875u/
2026-05-24 05:51:01,305 - INFO - Scraping 4638/6851: https://www.refurbed.de/p/lenovo-thinkpad-l14-g3-i5-1235u/
2026-05-24 05:51:02,818 - INFO - Scraping 4639/6851: https://www.refurbed.de/p/lenovo-thinkpad-l14-g3-i5-1245u/
2026-05-24 05:51:04,395 - INFO - Scraping 4640/6851: https://www.refurbed.de/p/lenovo-thinkpad-l14-g3-i7-1255u/
2026-05-24 05:51:05,772 - INFO - Scraping 4641/6851: https://www.refurbed.de/p/lenovo-thinkpad-l14-g3-i7-1265u/
2026-05-24 05:51:07,196 - INFO - Scraping 4642/6851: https://www.refurbed.de/p/lenovo-thinkpad-l14-g4-7530u/
2026-05-24 05:51:08,744 - INFO - Scraping 4643/6851: https://www.refurbed.de/p/lenovo-thinkpad-l14-g4-7730u/
2026-05-24 05:51:10,116 - INFO - Scraping 4644/6851: https://www.refurbed.de/p/lenovo-thinkpad-l14-g4-i5-1335u/
2026-05-24 05:51:11,721 - INFO - Scraping 4645/6851: https://www.refurbed.de/p/lenovo-thinkpad-l14-g4-i7-1355u/
2026-05-24 05:51:13,089 - INFO - Scraping 4646/6851: https://www.refurbed.de/p/lenovo-thinkpad-l15-g1-i3-10110u/
2026-05-24 05:51:14,633 - INFO - Scraping 4647/6851: https://www.refurbed.de/p/lenovo-thinkpad-l15-g1-i5-10210u/
2026-05-24 05:51:16,110 - INFO - Scraping 4648/6851: https://www.refurbed.de/p/lenovo-thinkpad-l15-g1-i5-10310u/
2026-05-24 05:51:17,743 - INFO - Scraping 4649/6851: https://www.refurbed.de/p/lenovo-thinkpad-l15-g1-i7-10510u/
2026-05-24 05:51:19,281 - INFO - Scraping 4650/6851: https://www.refurbed.de/p/lenovo-thinkpad-l15-g2-1135g7/
2026-05-24 05:51:20,790 - INFO - Scraping 4651/6851: https://www.refurbed.de/p/lenovo-thinkpad-l15-g2-1145g7/
2026-05-24 05:51:22,466 - INFO - Scraping 4652/6851: https://www.refurbed.de/p/lenovo-thinkpad-l15-g2-1165g7/
2026-05-24 05:51:24,104 - INFO - Scraping 4653/6851: https://www.refurbed.de/p/lenovo-thinkpad-l15-g2-pro-5650u/
2026-05-24 05:51:25,623 - INFO - Scraping 4654/6851: https://www.refurbed.de/p/lenovo-thinkpad-l15-g2-pro-5850u/
2026-05-24 05:51:27,049 - INFO - Scraping 4655/6851: https://www.refurbed.de/p/lenovo-thinkpad-l15-g3-i5-1235u/
2026-05-24 05:51:28,420 - INFO - Scraping 4656/6851: https://www.refurbed.de/p/lenovo-thinkpad-l15-g3-r5-5675u/
2026-05-24 05:51:29,948 - INFO - Scraping 4657/6851: https://www.refurbed.de/p/lenovo-thinkpad-l15-g3-ryzen-7/
2026-05-24 05:51:31,465 - INFO - Scraping 4658/6851: https://www.refurbed.de/p/lenovo-thinkpad-l15-g4-7730u/
2026-05-24 05:51:32,846 - INFO - Scraping 4659/6851: https://www.refurbed.de/p/lenovo-thinkpad-l15-g4-i5-1335u/
2026-05-24 05:51:34,555 - INFO - Scraping 4660/6851: https://www.refurbed.de/p/lenovo-thinkpad-l16-g1-u-5-135u/
2026-05-24 05:51:35,919 - INFO - Scraping 4661/6851: https://www.refurbed.de/p/lenovo-thinkpad-l380-i3-8130u-13/
2026-05-24 05:51:37,367 - INFO - Scraping 4662/6851: https://www.refurbed.de/p/lenovo-thinkpad-l380-i5-8250u-13/
2026-05-24 05:51:38,921 - INFO - Scraping 4663/6851: https://www.refurbed.de/p/lenovo-thinkpad-l380-i5-8350u-13/
2026-05-24 05:51:40,659 - INFO - Scraping 4664/6851: https://www.refurbed.de/p/lenovo-thinkpad-l380-yoga-8130u/
2026-05-24 05:51:42,392 - INFO - Scraping 4665/6851: https://www.refurbed.de/p/lenovo-thinkpad-l380-yoga-8250/
2026-05-24 05:51:44,978 - INFO - Scraping 4666/6851: https://www.refurbed.de/p/lenovo-thinkpad-l380-yoga-8550u/
2026-05-24 05:51:46,810 - INFO - Scraping 4667/6851: https://www.refurbed.de/p/lenovo-thinkpad-l390-8145u-13/
2026-05-24 05:51:48,615 - INFO - Scraping 4668/6851: https://www.refurbed.de/p/lenovo-thinkpad-l390-i-5-8365u/
2026-05-24 05:51:50,221 - INFO - Scraping 4669/6851: https://www.refurbed.de/p/lenovo-thinkpad-l390-i5-8265u-13/
2026-05-24 05:51:51,712 - INFO - Scraping 4670/6851: https://www.refurbed.de/p/lenovo-thinkpad-l390-i5-8565u-13/
2026-05-24 05:51:53,262 - INFO - Scraping 4671/6851: https://www.refurbed.de/p/lenovo-thinkpad-l390-yoga-8265u/
2026-05-24 05:51:54,771 - INFO - Scraping 4672/6851: https://www.refurbed.de/p/lenovo-thinkpad-l390-yoga-8365u/
2026-05-24 05:51:56,354 - INFO - Scraping 4673/6851: https://www.refurbed.de/p/lenovo-thinkpad-l390-yoga-8565u/
2026-05-24 05:51:57,879 - INFO - Scraping 4674/6851: https://www.refurbed.de/p/lenovo-thinkpad-l440-i3-4000m-14/
2026-05-24 05:51:58,105 - ERROR - Error fetching https://www.refurbed.de/p/lenovo-thinkpad-l440-i3-4000m-14/: 404 Client Error: Not Found for url: https://www.refurbed.de/p/lenovo-thinkpad-l440-i3-4000m-14/
2026-05-24 05:51:59,107 - INFO - Scraping 4675/6851: https://www.refurbed.de/p/lenovo-thinkpad-l440-i5-4100m/
2026-05-24 05:51:59,345 - ERROR - Error fetching https://www.refurbed.de/p/lenovo-thinkpad-l440-i5-4100m/: 404 Client Error: Not Found for url: https://www.refurbed.de/p/lenovo-thinkpad-l440-i5-4100m/
2026-05-24 05:52:00,347 - INFO - Scraping 4676/6851: https://www.refurbed.de/p/lenovo-thinkpad-l440-i5-4200m-14/
2026-05-24 05:52:00,572 - ERROR - Error fetching https://www.refurbed.de/p/lenovo-thinkpad-l440-i5-4200m-14/: 404 Client Error: Not Found for url: https://www.refurbed.de/p/lenovo-thinkpad-l440-i5-4200m-14/
2026-05-24 05:52:01,575 - INFO - Scraping 4677/6851: https://www.refurbed.de/p/lenovo-thinkpad-l440-i5-4300m/
2026-05-24 05:52:01,831 - ERROR - Error fetching https://www.refurbed.de/p/lenovo-thinkpad-l440-i5-4300m/: 404 Client Error: Not Found for url: https://www.refurbed.de/p/lenovo-thinkpad-l440-i5-4300m/
2026-05-24 05:52:02,834 - INFO - Scraping 4678/6851: https://www.refurbed.de/p/lenovo-thinkpad-l440-i5-4300u-14/
2026-05-24 05:52:03,251 - ERROR - Error fetching https://www.refurbed.de/p/lenovo-thinkpad-l440-i5-4300u-14/: 404 Client Error: Not Found for url: https://www.refurbed.de/p/lenovo-thinkpad-l440-i5-4300u-14/
2026-05-24 05:52:04,253 - INFO - Scraping 4679/6851: https://www.refurbed.de/p/lenovo-thinkpad-l450-i3-5005u-14/
2026-05-24 05:52:04,491 - ERROR - Error fetching https://www.refurbed.de/p/lenovo-thinkpad-l450-i3-5005u-14/: 404 Client Error: Not Found for url: https://www.refurbed.de/p/lenovo-thinkpad-l450-i3-5005u-14/
2026-05-24 05:52:05,494 - INFO - Scraping 4680/6851: https://www.refurbed.de/p/lenovo-thinkpad-l450-i5-4300u-14/
2026-05-24 05:52:05,745 - ERROR - Error fetching https://www.refurbed.de/p/lenovo-thinkpad-l450-i5-4300u-14/: 404 Client Error: Not Found for url: https://www.refurbed.de/p/lenovo-thinkpad-l450-i5-4300u-14/
2026-05-24 05:52:06,747 - INFO - Scraping 4681/6851: https://www.refurbed.de/p/lenovo-thinkpad-l450-i5-5200u-14/
2026-05-24 05:52:07,023 - ERROR - Error fetching https://www.refurbed.de/p/lenovo-thinkpad-l450-i5-5200u-14/: 404 Client Error: Not Found for url: https://www.refurbed.de/p/lenovo-thinkpad-l450-i5-5200u-14/
2026-05-24 05:52:08,026 - INFO - Scraping 4682/6851: https://www.refurbed.de/p/lenovo-thinkpad-l450-i5-5300u-14/
2026-05-24 05:52:08,273 - ERROR - Error fetching https://www.refurbed.de/p/lenovo-thinkpad-l450-i5-5300u-14/: 404 Client Error: Not Found for url: https://www.refurbed.de/p/lenovo-thinkpad-l450-i5-5300u-14/
2026-05-24 05:52:09,276 - INFO - Scraping 4683/6851: https://www.refurbed.de/p/lenovo-thinkpad-l460-4405u/
2026-05-24 05:52:09,504 - ERROR - Error fetching https://www.refurbed.de/p/lenovo-thinkpad-l460-4405u/: 404 Client Error: Not Found for url: https://www.refurbed.de/p/lenovo-thinkpad-l460-4405u/
2026-05-24 05:52:10,506 - INFO - Scraping 4684/6851: https://www.refurbed.de/p/lenovo-thinkpad-l460-6200u/
2026-05-24 05:52:10,795 - ERROR - Error fetching https://www.refurbed.de/p/lenovo-thinkpad-l460-6200u/: 404 Client Error: Not Found for url: https://www.refurbed.de/p/lenovo-thinkpad-l460-6200u/
2026-05-24 05:52:11,797 - INFO - Scraping 4685/6851: https://www.refurbed.de/p/lenovo-thinkpad-l460-6300u/
2026-05-24 05:52:12,071 - ERROR - Error fetching https://www.refurbed.de/p/lenovo-thinkpad-l460-6300u/: 404 Client Error: Not Found for url: https://www.refurbed.de/p/lenovo-thinkpad-l460-6300u/
2026-05-24 05:52:13,073 - INFO - Scraping 4686/6851: https://www.refurbed.de/p/lenovo-thinkpad-l460-i3-6100u/
2026-05-24 05:52:13,334 - ERROR - Error fetching https://www.refurbed.de/p/lenovo-thinkpad-l460-i3-6100u/: 404 Client Error: Not Found for url: https://www.refurbed.de/p/lenovo-thinkpad-l460-i3-6100u/
2026-05-24 05:52:14,337 - INFO - Scraping 4687/6851: https://www.refurbed.de/p/lenovo-thinkpad-l470-3955u-14/
2026-05-24 05:52:14,583 - ERROR - Error fetching https://www.refurbed.de/p/lenovo-thinkpad-l470-3955u-14/: 404 Client Error: Not Found for url: https://www.refurbed.de/p/lenovo-thinkpad-l470-3955u-14/
2026-05-24 05:52:15,585 - INFO - Scraping 4688/6851: https://www.refurbed.de/p/lenovo-thinkpad-l470-7500u-14/
2026-05-24 05:52:15,826 - ERROR - Error fetching https://www.refurbed.de/p/lenovo-thinkpad-l470-7500u-14/: 404 Client Error: Not Found for url: https://www.refurbed.de/p/lenovo-thinkpad-l470-7500u-14/
2026-05-24 05:52:16,829 - INFO - Scraping 4689/6851: https://www.refurbed.de/p/lenovo-thinkpad-l470-i3-6100u/
2026-05-24 05:52:17,054 - ERROR - Error fetching https://www.refurbed.de/p/lenovo-thinkpad-l470-i3-6100u/: 404 Client Error: Not Found for url: https://www.refurbed.de/p/lenovo-thinkpad-l470-i3-6100u/
2026-05-24 05:52:18,056 - INFO - Scraping 4690/6851: https://www.refurbed.de/p/lenovo-thinkpad-l470-i5-6200u-14/
2026-05-24 05:52:18,363 - ERROR - Error fetching https://www.refurbed.de/p/lenovo-thinkpad-l470-i5-6200u-14/: 404 Client Error: Not Found for url: https://www.refurbed.de/p/lenovo-thinkpad-l470-i5-6200u-14/
2026-05-24 05:52:19,366 - INFO - Scraping 4691/6851: https://www.refurbed.de/p/lenovo-thinkpad-l470-i5-6300u-14/
2026-05-24 05:52:19,672 - ERROR - Error fetching https://www.refurbed.de/p/lenovo-thinkpad-l470-i5-6300u-14/: 404 Client Error: Not Found for url: https://www.refurbed.de/p/lenovo-thinkpad-l470-i5-6300u-14/
2026-05-24 05:52:20,674 - INFO - Scraping 4692/6851: https://www.refurbed.de/p/lenovo-thinkpad-l470-i5-7200u-14/
2026-05-24 05:52:20,949 - ERROR - Error fetching https://www.refurbed.de/p/lenovo-thinkpad-l470-i5-7200u-14/: 404 Client Error: Not Found for url: https://www.refurbed.de/p/lenovo-thinkpad-l470-i5-7200u-14/
2026-05-24 05:52:21,951 - INFO - Scraping 4693/6851: https://www.refurbed.de/p/lenovo-thinkpad-l470-i5-7300u-14/
2026-05-24 05:52:22,190 - ERROR - Error fetching https://www.refurbed.de/p/lenovo-thinkpad-l470-i5-7300u-14/: 404 Client Error: Not Found for url: https://www.refurbed.de/p/lenovo-thinkpad-l470-i5-7300u-14/
2026-05-24 05:52:23,193 - INFO - Scraping 4694/6851: https://www.refurbed.de/p/lenovo-thinkpad-l480-7020u-14/
2026-05-24 05:52:23,437 - ERROR - Error fetching https://www.refurbed.de/p/lenovo-thinkpad-l480-7020u-14/: 404 Client Error: Not Found for url: https://www.refurbed.de/p/lenovo-thinkpad-l480-7020u-14/
2026-05-24 05:52:24,440 - INFO - Scraping 4695/6851: https://www.refurbed.de/p/lenovo-thinkpad-l480-8130u-14/
2026-05-24 05:52:25,889 - INFO - Scraping 4696/6851: https://www.refurbed.de/p/lenovo-thinkpad-l480-8250u-14/
2026-05-24 05:52:27,416 - INFO - Scraping 4697/6851: https://www.refurbed.de/p/lenovo-thinkpad-l480-8350u-14/
2026-05-24 05:52:28,944 - INFO - Scraping 4698/6851: https://www.refurbed.de/p/lenovo-thinkpad-l480-8550u-14/
2026-05-24 05:52:30,500 - INFO - Scraping 4699/6851: https://www.refurbed.de/p/lenovo-thinkpad-l480-c-3965u/
2026-05-24 05:52:30,738 - ERROR - Error fetching https://www.refurbed.de/p/lenovo-thinkpad-l480-c-3965u/: 404 Client Error: Not Found for url: https://www.refurbed.de/p/lenovo-thinkpad-l480-c-3965u/
2026-05-24 05:52:31,741 - INFO - Scraping 4700/6851: https://www.refurbed.de/p/lenovo-thinkpad-l480-i5-7300u/
2026-05-24 05:52:31,982 - ERROR - Error fetching https://www.refurbed.de/p/lenovo-thinkpad-l480-i5-7300u/: 404 Client Error: Not Found for url: https://www.refurbed.de/p/lenovo-thinkpad-l480-i5-7300u/
2026-05-24 05:52:32,984 - INFO - Scraping 4701/6851: https://www.refurbed.de/p/lenovo-thinkpad-l490-4305u-14/
2026-05-24 05:52:34,441 - INFO - Scraping 4702/6851: https://www.refurbed.de/p/lenovo-thinkpad-l490-8145u-14/
2026-05-24 05:52:35,833 - INFO - Scraping 4703/6851: https://www.refurbed.de/p/lenovo-thinkpad-l490-8365u-14/
2026-05-24 05:52:37,343 - INFO - Scraping 4704/6851: https://www.refurbed.de/p/lenovo-thinkpad-l490-8565u-14/
2026-05-24 05:52:38,767 - INFO - Scraping 4705/6851: https://www.refurbed.de/p/lenovo-thinkpad-l490-i5-8250u/
2026-05-24 05:52:40,307 - INFO - Scraping 4706/6851: https://www.refurbed.de/p/lenovo-thinkpad-l490-i5-8265u/
2026-05-24 05:52:41,898 - INFO - Scraping 4707/6851: https://www.refurbed.de/p/lenovo-thinkpad-l540-i5-4300m-15/
2026-05-24 05:52:42,145 - ERROR - Error fetching https://www.refurbed.de/p/lenovo-thinkpad-l540-i5-4300m-15/: 404 Client Error: Not Found for url: https://www.refurbed.de/p/lenovo-thinkpad-l540-i5-4300m-15/
2026-05-24 05:52:43,148 - INFO - Scraping 4708/6851: https://www.refurbed.de/p/lenovo-thinkpad-l540-i7-4600m-15/
2026-05-24 05:52:43,405 - ERROR - Error fetching https://www.refurbed.de/p/lenovo-thinkpad-l540-i7-4600m-15/: 404 Client Error: Not Found for url: https://www.refurbed.de/p/lenovo-thinkpad-l540-i7-4600m-15/
2026-05-24 05:52:44,406 - INFO - Scraping 4709/6851: https://www.refurbed.de/p/lenovo-thinkpad-l560-3855u/
2026-05-24 05:52:44,652 - ERROR - Error fetching https://www.refurbed.de/p/lenovo-thinkpad-l560-3855u/: 404 Client Error: Not Found for url: https://www.refurbed.de/p/lenovo-thinkpad-l560-3855u/
2026-05-24 05:52:45,655 - INFO - Scraping 4710/6851: https://www.refurbed.de/p/lenovo-thinkpad-l560-i3-6100u-15/
2026-05-24 05:52:45,907 - ERROR - Error fetching https://www.refurbed.de/p/lenovo-thinkpad-l560-i3-6100u-15/: 404 Client Error: Not Found for url: https://www.refurbed.de/p/lenovo-thinkpad-l560-i3-6100u-15/
2026-05-24 05:52:46,910 - INFO - Scraping 4711/6851: https://www.refurbed.de/p/lenovo-thinkpad-l560-i5-6200u-15/
2026-05-24 05:52:47,139 - ERROR - Error fetching https://www.refurbed.de/p/lenovo-thinkpad-l560-i5-6200u-15/: 404 Client Error: Not Found for url: https://www.refurbed.de/p/lenovo-thinkpad-l560-i5-6200u-15/
2026-05-24 05:52:48,142 - INFO - Scraping 4712/6851: https://www.refurbed.de/p/lenovo-thinkpad-l560-i5-6300u-15/
2026-05-24 05:52:48,575 - ERROR - Error fetching https://www.refurbed.de/p/lenovo-thinkpad-l560-i5-6300u-15/: 404 Client Error: Not Found for url: https://www.refurbed.de/p/lenovo-thinkpad-l560-i5-6300u-15/
2026-05-24 05:52:49,577 - INFO - Scraping 4713/6851: https://www.refurbed.de/p/lenovo-thinkpad-l560-i7-15-6/
2026-05-24 05:52:49,810 - ERROR - Error fetching https://www.refurbed.de/p/lenovo-thinkpad-l560-i7-15-6/: 404 Client Error: Not Found for url: https://www.refurbed.de/p/lenovo-thinkpad-l560-i7-15-6/
2026-05-24 05:52:50,812 - INFO - Scraping 4714/6851: https://www.refurbed.de/p/lenovo-thinkpad-l570-3965u/
2026-05-24 05:52:51,037 - ERROR - Error fetching https://www.refurbed.de/p/lenovo-thinkpad-l570-3965u/: 404 Client Error: Not Found for url: https://www.refurbed.de/p/lenovo-thinkpad-l570-3965u/
2026-05-24 05:52:52,040 - INFO - Scraping 4715/6851: https://www.refurbed.de/p/lenovo-thinkpad-l570-7100u-15-6/
2026-05-24 05:52:52,273 - ERROR - Error fetching https://www.refurbed.de/p/lenovo-thinkpad-l570-7100u-15-6/: 404 Client Error: Not Found for url: https://www.refurbed.de/p/lenovo-thinkpad-l570-7100u-15-6/
2026-05-24 05:52:53,276 - INFO - Scraping 4716/6851: https://www.refurbed.de/p/lenovo-thinkpad-l570-7200u-15-6/
2026-05-24 05:52:53,512 - ERROR - Error fetching https://www.refurbed.de/p/lenovo-thinkpad-l570-7200u-15-6/: 404 Client Error: Not Found for url: https://www.refurbed.de/p/lenovo-thinkpad-l570-7200u-15-6/
2026-05-24 05:52:54,514 - INFO - Scraping 4717/6851: https://www.refurbed.de/p/lenovo-thinkpad-l570-7500u-15-6/
2026-05-24 05:52:54,850 - ERROR - Error fetching https://www.refurbed.de/p/lenovo-thinkpad-l570-7500u-15-6/: 404 Client Error: Not Found for url: https://www.refurbed.de/p/lenovo-thinkpad-l570-7500u-15-6/
2026-05-24 05:52:55,852 - INFO - Scraping 4718/6851: https://www.refurbed.de/p/lenovo-thinkpad-l570-i5-6200u-15/
2026-05-24 05:52:56,101 - ERROR - Error fetching https://www.refurbed.de/p/lenovo-thinkpad-l570-i5-6200u-15/: 404 Client Error: Not Found for url: https://www.refurbed.de/p/lenovo-thinkpad-l570-i5-6200u-15/
2026-05-24 05:52:57,104 - INFO - Scraping 4719/6851: https://www.refurbed.de/p/lenovo-thinkpad-l570-i5-6300u-15/
2026-05-24 05:52:57,380 - ERROR - Error fetching https://www.refurbed.de/p/lenovo-thinkpad-l570-i5-6300u-15/: 404 Client Error: Not Found for url: https://www.refurbed.de/p/lenovo-thinkpad-l570-i5-6300u-15/
2026-05-24 05:52:58,382 - INFO - Scraping 4720/6851: https://www.refurbed.de/p/lenovo-thinkpad-l570-i5-7300u-15/
2026-05-24 05:52:58,611 - ERROR - Error fetching https://www.refurbed.de/p/lenovo-thinkpad-l570-i5-7300u-15/: 404 Client Error: Not Found for url: https://www.refurbed.de/p/lenovo-thinkpad-l570-i5-7300u-15/
2026-05-24 05:52:59,614 - INFO - Scraping 4721/6851: https://www.refurbed.de/p/lenovo-thinkpad-l570-i7-7600u/
2026-05-24 05:52:59,919 - ERROR - Error fetching https://www.refurbed.de/p/lenovo-thinkpad-l570-i7-7600u/: 404 Client Error: Not Found for url: https://www.refurbed.de/p/lenovo-thinkpad-l570-i7-7600u/
2026-05-24 05:53:00,921 - INFO - Scraping 4722/6851: https://www.refurbed.de/p/lenovo-thinkpad-l580-7200u-15-6/
2026-05-24 05:53:01,166 - ERROR - Error fetching https://www.refurbed.de/p/lenovo-thinkpad-l580-7200u-15-6/: 404 Client Error: Not Found for url: https://www.refurbed.de/p/lenovo-thinkpad-l580-7200u-15-6/
2026-05-24 05:53:02,168 - INFO - Scraping 4723/6851: https://www.refurbed.de/p/lenovo-thinkpad-l580-8250u/
2026-05-24 05:53:03,730 - INFO - Scraping 4724/6851: https://www.refurbed.de/p/lenovo-thinkpad-l580-8350u/
2026-05-24 05:53:05,262 - INFO - Scraping 4725/6851: https://www.refurbed.de/p/lenovo-thinkpad-l580-i3-8130u/
2026-05-24 05:53:06,835 - INFO - Scraping 4726/6851: https://www.refurbed.de/p/lenovo-thinkpad-l580-i5-7300u/
2026-05-24 05:53:07,216 - ERROR - Error fetching https://www.refurbed.de/p/lenovo-thinkpad-l580-i5-7300u/: 404 Client Error: Not Found for url: https://www.refurbed.de/p/lenovo-thinkpad-l580-i5-7300u/
2026-05-24 05:53:08,219 - INFO - Scraping 4727/6851: https://www.refurbed.de/p/lenovo-thinkpad-l580-i7-8550u/
2026-05-24 05:53:09,631 - INFO - Scraping 4728/6851: https://www.refurbed.de/p/lenovo-thinkpad-p-g4-i7-11800h/
2026-05-24 05:53:11,169 - INFO - Scraping 4729/6851: https://www.refurbed.de/p/lenovo-thinkpad-p-g4-i7-11850h/
2026-05-24 05:53:12,992 - INFO - Scraping 4730/6851: https://www.refurbed.de/p/lenovo-thinkpad-p-g5-i7-12800h/
2026-05-24 05:53:14,844 - INFO - Scraping 4731/6851: https://www.refurbed.de/p/lenovo-thinkpad-p-g5-i9-12900h/
2026-05-24 05:53:16,234 - INFO - Scraping 4732/6851: https://www.refurbed.de/p/lenovo-thinkpad-p1-e-2176m/
2026-05-24 05:53:17,605 - INFO - Scraping 4733/6851: https://www.refurbed.de/p/lenovo-thinkpad-p1-g3-i7-10875h/
2026-05-24 05:53:19,158 - INFO - Scraping 4734/6851: https://www.refurbed.de/p/lenovo-thinkpad-p1-i7-8750h-15/
2026-05-24 05:53:20,586 - INFO - Scraping 4735/6851: https://www.refurbed.de/p/lenovo-thinkpad-p14s-g1-10210u/
2026-05-24 05:53:22,207 - INFO - Scraping 4736/6851: https://www.refurbed.de/p/lenovo-thinkpad-p14s-g1-10510u/
2026-05-24 05:53:23,774 - INFO - Scraping 4737/6851: https://www.refurbed.de/p/lenovo-thinkpad-p14s-g1-i7-9850h/
2026-05-24 05:53:25,439 - INFO - Scraping 4738/6851: https://www.refurbed.de/p/lenovo-thinkpad-p14s-g1-ryzen-7/
2026-05-24 05:53:26,843 - INFO - Scraping 4739/6851: https://www.refurbed.de/p/lenovo-thinkpad-p14s-g2-1165g7/
2026-05-24 05:53:28,435 - INFO - Scraping 4740/6851: https://www.refurbed.de/p/lenovo-thinkpad-p14s-g2-5850u/
2026-05-24 05:53:29,799 - INFO - Scraping 4741/6851: https://www.refurbed.de/p/lenovo-thinkpad-p14s-g2-i5-1145/
2026-05-24 05:53:31,157 - INFO - Scraping 4742/6851: https://www.refurbed.de/p/lenovo-thinkpad-p15-g1-10750h/
2026-05-24 05:53:32,963 - INFO - Scraping 4743/6851: https://www.refurbed.de/p/lenovo-thinkpad-p15-g1-10850h/
2026-05-24 05:53:34,587 - INFO - Scraping 4744/6851: https://www.refurbed.de/p/lenovo-thinkpad-p15-g1-i7-10875h/
2026-05-24 05:53:36,074 - INFO - Scraping 4745/6851: https://www.refurbed.de/p/lenovo-thinkpad-p15-g1-i9-10885h/
2026-05-24 05:53:37,591 - INFO - Scraping 4746/6851: https://www.refurbed.de/p/lenovo-thinkpad-p15-g2-i7-11800h/
2026-05-24 05:53:39,164 - INFO - Scraping 4747/6851: https://www.refurbed.de/p/lenovo-thinkpad-p15-g2-i7-11850h/
2026-05-24 05:53:40,686 - INFO - Scraping 4748/6851: https://www.refurbed.de/p/lenovo-thinkpad-p15-g2-i9-11950h/
2026-05-24 05:53:42,230 - INFO - Scraping 4749/6851: https://www.refurbed.de/p/lenovo-thinkpad-p15s-g1-10510u/
2026-05-24 05:53:43,786 - INFO - Scraping 4750/6851: https://www.refurbed.de/p/lenovo-thinkpad-p15s-g2-1165g7/
2026-05-24 05:53:45,451 - INFO - Scraping 4751/6851: https://www.refurbed.de/p/lenovo-thinkpad-p15v-g1-i7/
2026-05-24 05:53:46,996 - INFO - Scraping 4752/6851: https://www.refurbed.de/p/lenovo-thinkpad-p16-12950hx/
2026-05-24 05:53:48,356 - INFO - Scraping 4753/6851: https://www.refurbed.de/p/lenovo-thinkpad-p16v-i9-13900h/
2026-05-24 05:53:49,752 - INFO - Scraping 4754/6851: https://www.refurbed.de/p/lenovo-thinkpad-p17-12850hx/
2026-05-24 05:53:51,335 - INFO - Scraping 4755/6851: https://www.refurbed.de/p/lenovo-thinkpad-p17-g1-10750h/
2026-05-24 05:53:52,741 - INFO - Scraping 4756/6851: https://www.refurbed.de/p/lenovo-thinkpad-p17-g1-10850h/
2026-05-24 05:53:54,113 - INFO - Scraping 4757/6851: https://www.refurbed.de/p/lenovo-thinkpad-p17-g1-10885h/
2026-05-24 05:53:55,774 - INFO - Scraping 4758/6851: https://www.refurbed.de/p/lenovo-thinkpad-p17-g1-10885m/
2026-05-24 05:53:57,324 - INFO - Scraping 4759/6851: https://www.refurbed.de/p/lenovo-thinkpad-p17-g1-w-10855m/
2026-05-24 05:53:58,764 - INFO - Scraping 4760/6851: https://www.refurbed.de/p/lenovo-thinkpad-p17-g2-11500h/
2026-05-24 05:54:00,176 - INFO - Scraping 4761/6851: https://www.refurbed.de/p/lenovo-thinkpad-p50-e3-1505m-15/
2026-05-24 05:54:00,415 - ERROR - Error fetching https://www.refurbed.de/p/lenovo-thinkpad-p50-e3-1505m-15/: 404 Client Error: Not Found for url: https://www.refurbed.de/p/lenovo-thinkpad-p50-e3-1505m-15/
2026-05-24 05:54:01,417 - INFO - Scraping 4762/6851: https://www.refurbed.de/p/lenovo-thinkpad-p50-i7-6700hq-15/
2026-05-24 05:54:01,645 - ERROR - Error fetching https://www.refurbed.de/p/lenovo-thinkpad-p50-i7-6700hq-15/: 404 Client Error: Not Found for url: https://www.refurbed.de/p/lenovo-thinkpad-p50-i7-6700hq-15/
2026-05-24 05:54:02,648 - INFO - Scraping 4763/6851: https://www.refurbed.de/p/lenovo-thinkpad-p50-i7-6820hq-15/
2026-05-24 05:54:02,872 - ERROR - Error fetching https://www.refurbed.de/p/lenovo-thinkpad-p50-i7-6820hq-15/: 404 Client Error: Not Found for url: https://www.refurbed.de/p/lenovo-thinkpad-p50-i7-6820hq-15/
2026-05-24 05:54:03,874 - INFO - Scraping 4764/6851: https://www.refurbed.de/p/lenovo-thinkpad-p50s-i7-6500u/
2026-05-24 05:54:04,115 - ERROR - Error fetching https://www.refurbed.de/p/lenovo-thinkpad-p50s-i7-6500u/: 404 Client Error: Not Found for url: https://www.refurbed.de/p/lenovo-thinkpad-p50s-i7-6500u/
2026-05-24 05:54:05,118 - INFO - Scraping 4765/6851: https://www.refurbed.de/p/lenovo-thinkpad-p50s-i7-6600u/
2026-05-24 05:54:05,359 - ERROR - Error fetching https://www.refurbed.de/p/lenovo-thinkpad-p50s-i7-6600u/: 404 Client Error: Not Found for url: https://www.refurbed.de/p/lenovo-thinkpad-p50s-i7-6600u/
2026-05-24 05:54:06,361 - INFO - Scraping 4766/6851: https://www.refurbed.de/p/lenovo-thinkpad-p51-7700hq-15-6/
2026-05-24 05:54:06,611 - ERROR - Error fetching https://www.refurbed.de/p/lenovo-thinkpad-p51-7700hq-15-6/: 404 Client Error: Not Found for url: https://www.refurbed.de/p/lenovo-thinkpad-p51-7700hq-15-6/
2026-05-24 05:54:07,613 - INFO - Scraping 4767/6851: https://www.refurbed.de/p/lenovo-thinkpad-p51-i7-6820hq-15/
2026-05-24 05:54:07,852 - ERROR - Error fetching https://www.refurbed.de/p/lenovo-thinkpad-p51-i7-6820hq-15/: 404 Client Error: Not Found for url: https://www.refurbed.de/p/lenovo-thinkpad-p51-i7-6820hq-15/
2026-05-24 05:54:08,854 - INFO - Scraping 4768/6851: https://www.refurbed.de/p/lenovo-thinkpad-p51-i7-7820hq-15/
2026-05-24 05:54:10,624 - INFO - Scraping 4769/6851: https://www.refurbed.de/p/lenovo-thinkpad-p51s-i7-6500-15/
2026-05-24 05:54:10,986 - ERROR - Error fetching https://www.refurbed.de/p/lenovo-thinkpad-p51s-i7-6500-15/: 404 Client Error: Not Found for url: https://www.refurbed.de/p/lenovo-thinkpad-p51s-i7-6500-15/
2026-05-24 05:54:11,988 - INFO - Scraping 4770/6851: https://www.refurbed.de/p/lenovo-thinkpad-p51s-i7-7500u-15/
2026-05-24 05:54:12,217 - ERROR - Error fetching https://www.refurbed.de/p/lenovo-thinkpad-p51s-i7-7500u-15/: 404 Client Error: Not Found for url: https://www.refurbed.de/p/lenovo-thinkpad-p51s-i7-7500u-15/
2026-05-24 05:54:13,219 - INFO - Scraping 4771/6851: https://www.refurbed.de/p/lenovo-thinkpad-p51s-i7-7600u-15/
2026-05-24 05:54:13,452 - ERROR - Error fetching https://www.refurbed.de/p/lenovo-thinkpad-p51s-i7-7600u-15/: 404 Client Error: Not Found for url: https://www.refurbed.de/p/lenovo-thinkpad-p51s-i7-7600u-15/
2026-05-24 05:54:14,454 - INFO - Scraping 4772/6851: https://www.refurbed.de/p/lenovo-thinkpad-p52-e-2176m/
2026-05-24 05:54:16,177 - INFO - Scraping 4773/6851: https://www.refurbed.de/p/lenovo-thinkpad-p52-i7-8550u/
2026-05-24 05:54:17,768 - INFO - Scraping 4774/6851: https://www.refurbed.de/p/lenovo-thinkpad-p52-i7-8750h/
2026-05-24 05:54:19,273 - INFO - Scraping 4775/6851: https://www.refurbed.de/p/lenovo-thinkpad-p52-i7-8850h/
2026-05-24 05:54:20,854 - INFO - Scraping 4776/6851: https://www.refurbed.de/p/lenovo-thinkpad-p52s-i5-8250u-15/
2026-05-24 05:54:22,282 - INFO - Scraping 4777/6851: https://www.refurbed.de/p/lenovo-thinkpad-p52s-i7-8550u/
2026-05-24 05:54:23,977 - INFO - Scraping 4778/6851: https://www.refurbed.de/p/lenovo-thinkpad-p52s-i7-8650u-15/
2026-05-24 05:54:25,646 - INFO - Scraping 4779/6851: https://www.refurbed.de/p/lenovo-thinkpad-p53s-8565u-15-6/
2026-05-24 05:54:27,196 - INFO - Scraping 4780/6851: https://www.refurbed.de/p/lenovo-thinkpad-p71-1505m-v6-17/
2026-05-24 05:54:28,692 - INFO - Scraping 4781/6851: https://www.refurbed.de/p/lenovo-thinkpad-p71-1535m-17/
2026-05-24 05:54:28,934 - ERROR - Error fetching https://www.refurbed.de/p/lenovo-thinkpad-p71-1535m-17/: 404 Client Error: Not Found for url: https://www.refurbed.de/p/lenovo-thinkpad-p71-1535m-17/
2026-05-24 05:54:29,937 - INFO - Scraping 4782/6851: https://www.refurbed.de/p/lenovo-thinkpad-p71-7700hq-17-3/
2026-05-24 05:54:30,189 - ERROR - Error fetching https://www.refurbed.de/p/lenovo-thinkpad-p71-7700hq-17-3/: 404 Client Error: Not Found for url: https://www.refurbed.de/p/lenovo-thinkpad-p71-7700hq-17-3/
2026-05-24 05:54:31,191 - INFO - Scraping 4783/6851: https://www.refurbed.de/p/lenovo-thinkpad-p71-i7-7820hq/
2026-05-24 05:54:32,679 - INFO - Scraping 4784/6851: https://www.refurbed.de/p/lenovo-thinkpad-pro-40ah-dock/
2026-05-24 05:54:34,125 - INFO - Scraping 4785/6851: https://www.refurbed.de/p/lenovo-thinkpad-s540-i5-15-6/
2026-05-24 05:54:34,357 - ERROR - Error fetching https://www.refurbed.de/p/lenovo-thinkpad-s540-i5-15-6/: 404 Client Error: Not Found for url: https://www.refurbed.de/p/lenovo-thinkpad-s540-i5-15-6/
2026-05-24 05:54:35,360 - INFO - Scraping 4786/6851: https://www.refurbed.de/p/lenovo-thinkpad-t14-10310u/
2026-05-24 05:54:36,805 - INFO - Scraping 4787/6851: https://www.refurbed.de/p/lenovo-thinkpad-t14-g1-10610u/
2026-05-24 05:54:38,366 - INFO - Scraping 4788/6851: https://www.refurbed.de/p/lenovo-thinkpad-t14-g1-4650u/
2026-05-24 05:54:40,007 - INFO - Scraping 4789/6851: https://www.refurbed.de/p/lenovo-thinkpad-t14-g1-4750u/
2026-05-24 05:54:41,584 - INFO - Scraping 4790/6851: https://www.refurbed.de/p/lenovo-thinkpad-t14-g1-i5-10210u/
2026-05-24 05:54:43,148 - INFO - Scraping 4791/6851: https://www.refurbed.de/p/lenovo-thinkpad-t14-g1-i5-10310u/
2026-05-24 05:54:44,753 - INFO - Scraping 4792/6851: https://www.refurbed.de/p/lenovo-thinkpad-t14-g1-i7-10510u/
2026-05-24 05:54:46,453 - INFO - Scraping 4793/6851: https://www.refurbed.de/p/lenovo-thinkpad-t14-g2-1135g7/
2026-05-24 05:54:48,115 - INFO - Scraping 4794/6851: https://www.refurbed.de/p/lenovo-thinkpad-t14-g2-1145g7/
2026-05-24 05:54:49,860 - INFO - Scraping 4795/6851: https://www.refurbed.de/p/lenovo-thinkpad-t14-g2-i5-1235u/
2026-05-24 05:54:50,083 - ERROR - Error fetching https://www.refurbed.de/p/lenovo-thinkpad-t14-g2-i5-1235u/: 404 Client Error: Not Found for url: https://www.refurbed.de/p/lenovo-thinkpad-t14-g2-i5-1235u/
2026-05-24 05:54:51,086 - INFO - Scraping 4796/6851: https://www.refurbed.de/p/lenovo-thinkpad-t14-g2-i7-1165g7/
2026-05-24 05:54:52,815 - INFO - Scraping 4797/6851: https://www.refurbed.de/p/lenovo-thinkpad-t14-g2-i7-1185g7/
2026-05-24 05:54:54,522 - INFO - Scraping 4798/6851: https://www.refurbed.de/p/lenovo-thinkpad-t14-g2-r5-5650u/
2026-05-24 05:54:55,949 - INFO - Scraping 4799/6851: https://www.refurbed.de/p/lenovo-thinkpad-t14-g2-r7-5850u/
2026-05-24 05:54:57,349 - INFO - Scraping 4800/6851: https://www.refurbed.de/p/lenovo-thinkpad-t14-g3-i5-1235u/
2026-05-24 05:54:59,078 - INFO - Scraping 4801/6851: https://www.refurbed.de/p/lenovo-thinkpad-t14-g3-i5-1245u/
2026-05-24 05:55:00,620 - INFO - Scraping 4802/6851: https://www.refurbed.de/p/lenovo-thinkpad-t14-g3-i5-1250p/
2026-05-24 05:55:02,235 - INFO - Scraping 4803/6851: https://www.refurbed.de/p/lenovo-thinkpad-t14-g3-i7-1255u/
2026-05-24 05:55:03,636 - INFO - Scraping 4804/6851: https://www.refurbed.de/p/lenovo-thinkpad-t14-g3-i7-1265u/
2026-05-24 05:55:05,309 - INFO - Scraping 4805/6851: https://www.refurbed.de/p/lenovo-thinkpad-t14-g3-i7-1270p/
2026-05-24 05:55:06,677 - INFO - Scraping 4806/6851: https://www.refurbed.de/p/lenovo-thinkpad-t14-g3-ryzen-5/
2026-05-24 05:55:08,203 - INFO - Scraping 4807/6851: https://www.refurbed.de/p/lenovo-thinkpad-t14-g3-ryzen-7/
2026-05-24 05:55:09,574 - INFO - Scraping 4808/6851: https://www.refurbed.de/p/lenovo-thinkpad-t14-g4-7-7840u/
2026-05-24 05:55:11,008 - INFO - Scraping 4809/6851: https://www.refurbed.de/p/lenovo-thinkpad-t14-g4-i5-1335u/
2026-05-24 05:55:12,568 - INFO - Scraping 4810/6851: https://www.refurbed.de/p/lenovo-thinkpad-t14-g4-i5-1345u/
2026-05-24 05:55:14,163 - INFO - Scraping 4811/6851: https://www.refurbed.de/p/lenovo-thinkpad-t14-g4-i7-1365u/
2026-05-24 05:55:15,536 - INFO - Scraping 4812/6851: https://www.refurbed.de/p/lenovo-thinkpad-t14-g4-pro-7540u/
2026-05-24 05:55:16,954 - INFO - Scraping 4813/6851: https://www.refurbed.de/p/lenovo-thinkpad-t14-i5-10210u/
2026-05-24 05:55:18,570 - INFO - Scraping 4814/6851: https://www.refurbed.de/p/lenovo-thinkpad-t14-i7-10510u/
2026-05-24 05:55:20,096 - INFO - Scraping 4815/6851: https://www.refurbed.de/p/lenovo-thinkpad-t14-r5-pro-4650u/
2026-05-24 05:55:21,526 - INFO - Scraping 4816/6851: https://www.refurbed.de/p/lenovo-thinkpad-t14-ryzen-4750u/
2026-05-24 05:55:22,932 - INFO - Scraping 4817/6851: https://www.refurbed.de/p/lenovo-thinkpad-t14s-g1-10210u/
2026-05-24 05:55:24,596 - INFO - Scraping 4818/6851: https://www.refurbed.de/p/lenovo-thinkpad-t14s-g1-10310u/
2026-05-24 05:55:26,144 - INFO - Scraping 4819/6851: https://www.refurbed.de/p/lenovo-thinkpad-t14s-g1-10510u/
2026-05-24 05:55:27,750 - INFO - Scraping 4820/6851: https://www.refurbed.de/p/lenovo-thinkpad-t14s-g1-10610u/
2026-05-24 05:55:29,309 - INFO - Scraping 4821/6851: https://www.refurbed.de/p/lenovo-thinkpad-t14s-g1-4650u/
2026-05-24 05:55:30,918 - INFO - Scraping 4822/6851: https://www.refurbed.de/p/lenovo-thinkpad-t14s-g1-4750u/
2026-05-24 05:55:32,485 - INFO - Scraping 4823/6851: https://www.refurbed.de/p/lenovo-thinkpad-t14s-g2-1135g7/
2026-05-24 05:55:34,224 - INFO - Scraping 4824/6851: https://www.refurbed.de/p/lenovo-thinkpad-t14s-g2-1145g7/
2026-05-24 05:55:35,971 - INFO - Scraping 4825/6851: https://www.refurbed.de/p/lenovo-thinkpad-t14s-g2-1165g7/
2026-05-24 05:55:37,698 - INFO - Scraping 4826/6851: https://www.refurbed.de/p/lenovo-thinkpad-t14s-g2-1185g7/
2026-05-24 05:55:39,290 - INFO - Scraping 4827/6851: https://www.refurbed.de/p/lenovo-thinkpad-t14s-g2-5650u-14/
2026-05-24 05:55:39,529 - ERROR - Error fetching https://www.refurbed.de/p/lenovo-thinkpad-t14s-g2-5650u-14/: 404 Client Error: Not Found for url: https://www.refurbed.de/p/lenovo-thinkpad-t14s-g2-5650u-14/
2026-05-24 05:55:40,531 - INFO - Scraping 4828/6851: https://www.refurbed.de/p/lenovo-thinkpad-t14s-g2-5650u/
2026-05-24 05:55:42,056 - INFO - Scraping 4829/6851: https://www.refurbed.de/p/lenovo-thinkpad-t14s-g2-r7-pro/
2026-05-24 05:55:43,645 - INFO - Scraping 4830/6851: https://www.refurbed.de/p/lenovo-thinkpad-t14s-g3-1260p/
2026-05-24 05:55:45,300 - INFO - Scraping 4831/6851: https://www.refurbed.de/p/lenovo-thinkpad-t14s-g3-i5-1235u/
2026-05-24 05:55:46,841 - INFO - Scraping 4832/6851: https://www.refurbed.de/p/lenovo-thinkpad-t14s-g3-i5-1240p/
2026-05-24 05:55:48,460 - INFO - Scraping 4833/6851: https://www.refurbed.de/p/lenovo-thinkpad-t14s-g3-i5-1245u/
2026-05-24 05:55:50,131 - INFO - Scraping 4834/6851: https://www.refurbed.de/p/lenovo-thinkpad-t14s-g3-i7-1255u/
2026-05-24 05:55:52,304 - INFO - Scraping 4835/6851: https://www.refurbed.de/p/lenovo-thinkpad-t14s-g3-i7-1265u/
2026-05-24 05:55:54,054 - INFO - Scraping 4836/6851: https://www.refurbed.de/p/lenovo-thinkpad-t14s-g3-i7-1270p/
2026-05-24 05:55:56,564 - INFO - Scraping 4837/6851: https://www.refurbed.de/p/lenovo-thinkpad-t14s-g4-i5-1355u/
2026-05-24 05:55:58,399 - INFO - Scraping 4838/6851: https://www.refurbed.de/p/lenovo-thinkpad-t14s-g4-i7-1355u/
2026-05-24 05:55:59,966 - INFO - Scraping 4839/6851: https://www.refurbed.de/p/lenovo-thinkpad-t15-g1-10210u/
2026-05-24 05:56:01,637 - INFO - Scraping 4840/6851: https://www.refurbed.de/p/lenovo-thinkpad-t15-g1-10310u/
2026-05-24 05:56:03,318 - INFO - Scraping 4841/6851: https://www.refurbed.de/p/lenovo-thinkpad-t15-g1-10510u/
2026-05-24 05:56:04,911 - INFO - Scraping 4842/6851: https://www.refurbed.de/p/lenovo-thinkpad-t15-g1-10610u/
2026-05-24 05:56:06,489 - INFO - Scraping 4843/6851: https://www.refurbed.de/p/lenovo-thinkpad-t15-g2-1185g7/
2026-05-24 05:56:08,076 - INFO - Scraping 4844/6851: https://www.refurbed.de/p/lenovo-thinkpad-t15g-i7-10750h/
2026-05-24 05:56:09,641 - INFO - Scraping 4845/6851: https://www.refurbed.de/p/lenovo-thinkpad-t15g-i9-10885h/
2026-05-24 05:56:11,053 - INFO - Scraping 4846/6851: https://www.refurbed.de/p/lenovo-thinkpad-t15p-10750h/
2026-05-24 05:56:12,705 - INFO - Scraping 4847/6851: https://www.refurbed.de/p/lenovo-thinkpad-t15p-g2-10750h/
2026-05-24 05:56:14,352 - INFO - Scraping 4848/6851: https://www.refurbed.de/p/lenovo-thinkpad-t15p-g2-1135g7/
2026-05-24 05:56:15,883 - INFO - Scraping 4849/6851: https://www.refurbed.de/p/lenovo-thinkpad-t15p-g2-11400h/
2026-05-24 05:56:17,283 - INFO - Scraping 4850/6851: https://www.refurbed.de/p/lenovo-thinkpad-t15p-g2-1145g7/
2026-05-24 05:56:18,883 - INFO - Scraping 4851/6851: https://www.refurbed.de/p/lenovo-thinkpad-t15p-g2-1165g7/
2026-05-24 05:56:20,587 - INFO - Scraping 4852/6851: https://www.refurbed.de/p/lenovo-thinkpad-t16-g1-6650u-/
2026-05-24 05:56:21,962 - INFO - Scraping 4853/6851: https://www.refurbed.de/p/lenovo-thinkpad-t16-g1-i5-1235u/
2026-05-24 05:56:23,617 - INFO - Scraping 4854/6851: https://www.refurbed.de/p/lenovo-thinkpad-t16-g1-i5-1245u/
2026-05-24 05:56:25,177 - INFO - Scraping 4855/6851: https://www.refurbed.de/p/lenovo-thinkpad-t16-g1-i7-1260p/
2026-05-24 05:56:26,590 - INFO - Scraping 4856/6851: https://www.refurbed.de/p/lenovo-thinkpad-t16-g2-i5-1335u/
2026-05-24 05:56:27,987 - INFO - Scraping 4857/6851: https://www.refurbed.de/p/lenovo-thinkpad-t16-g2-i7-1355u/
2026-05-24 05:56:29,577 - INFO - Scraping 4858/6851: https://www.refurbed.de/p/lenovo-thinkpad-t440-4210u-14/
2026-05-24 05:56:29,970 - ERROR - Error fetching https://www.refurbed.de/p/lenovo-thinkpad-t440-4210u-14/: 404 Client Error: Not Found for url: https://www.refurbed.de/p/lenovo-thinkpad-t440-4210u-14/
2026-05-24 05:56:30,973 - INFO - Scraping 4859/6851: https://www.refurbed.de/p/lenovo-thinkpad-t440-i3-4010u/
2026-05-24 05:56:31,220 - ERROR - Error fetching https://www.refurbed.de/p/lenovo-thinkpad-t440-i3-4010u/: 404 Client Error: Not Found for url: https://www.refurbed.de/p/lenovo-thinkpad-t440-i3-4010u/
2026-05-24 05:56:32,222 - INFO - Scraping 4860/6851: https://www.refurbed.de/p/lenovo-thinkpad-t440-i5-4200u-14/
2026-05-24 05:56:32,476 - ERROR - Error fetching https://www.refurbed.de/p/lenovo-thinkpad-t440-i5-4200u-14/: 404 Client Error: Not Found for url: https://www.refurbed.de/p/lenovo-thinkpad-t440-i5-4200u-14/
2026-05-24 05:56:33,478 - INFO - Scraping 4861/6851: https://www.refurbed.de/p/lenovo-thinkpad-t440-i5-4200u/
2026-05-24 05:56:33,711 - ERROR - Error fetching https://www.refurbed.de/p/lenovo-thinkpad-t440-i5-4200u/: 404 Client Error: Not Found for url: https://www.refurbed.de/p/lenovo-thinkpad-t440-i5-4200u/
2026-05-24 05:56:34,714 - INFO - Scraping 4862/6851: https://www.refurbed.de/p/lenovo-thinkpad-t440-i5-4300m-14/
2026-05-24 05:56:34,952 - ERROR - Error fetching https://www.refurbed.de/p/lenovo-thinkpad-t440-i5-4300m-14/: 404 Client Error: Not Found for url: https://www.refurbed.de/p/lenovo-thinkpad-t440-i5-4300m-14/
2026-05-24 05:56:35,954 - INFO - Scraping 4863/6851: https://www.refurbed.de/p/lenovo-thinkpad-t440-i5-4300u-14/
2026-05-24 05:56:36,206 - ERROR - Error fetching https://www.refurbed.de/p/lenovo-thinkpad-t440-i5-4300u-14/: 404 Client Error: Not Found for url: https://www.refurbed.de/p/lenovo-thinkpad-t440-i5-4300u-14/
2026-05-24 05:56:37,208 - INFO - Scraping 4864/6851: https://www.refurbed.de/p/lenovo-thinkpad-t440-i7-4600u-14/
2026-05-24 05:56:37,457 - ERROR - Error fetching https://www.refurbed.de/p/lenovo-thinkpad-t440-i7-4600u-14/: 404 Client Error: Not Found for url: https://www.refurbed.de/p/lenovo-thinkpad-t440-i7-4600u-14/
2026-05-24 05:56:38,460 - INFO - Scraping 4865/6851: https://www.refurbed.de/p/lenovo-thinkpad-t440p-i5-4300m-1/
2026-05-24 05:56:38,691 - ERROR - Error fetching https://www.refurbed.de/p/lenovo-thinkpad-t440p-i5-4300m-1/: 404 Client Error: Not Found for url: https://www.refurbed.de/p/lenovo-thinkpad-t440p-i5-4300m-1/
2026-05-24 05:56:39,693 - INFO - Scraping 4866/6851: https://www.refurbed.de/p/lenovo-thinkpad-t440p-i7-4710mq-/
2026-05-24 05:56:39,925 - ERROR - Error fetching https://www.refurbed.de/p/lenovo-thinkpad-t440p-i7-4710mq-/: 404 Client Error: Not Found for url: https://www.refurbed.de/p/lenovo-thinkpad-t440p-i7-4710mq-/
2026-05-24 05:56:40,927 - INFO - Scraping 4867/6851: https://www.refurbed.de/p/lenovo-thinkpad-t440p-intel-i5-4/
2026-05-24 05:56:41,192 - ERROR - Error fetching https://www.refurbed.de/p/lenovo-thinkpad-t440p-intel-i5-4/: 404 Client Error: Not Found for url: https://www.refurbed.de/p/lenovo-thinkpad-t440p-intel-i5-4/
2026-05-24 05:56:42,195 - INFO - Scraping 4868/6851: https://www.refurbed.de/p/lenovo-thinkpad-t440s-i5-4200u-1/
2026-05-24 05:56:42,459 - ERROR - Error fetching https://www.refurbed.de/p/lenovo-thinkpad-t440s-i5-4200u-1/: 404 Client Error: Not Found for url: https://www.refurbed.de/p/lenovo-thinkpad-t440s-i5-4200u-1/
2026-05-24 05:56:43,462 - INFO - Scraping 4869/6851: https://www.refurbed.de/p/lenovo-thinkpad-t440s-i5-4300-14/
2026-05-24 05:56:43,705 - ERROR - Error fetching https://www.refurbed.de/p/lenovo-thinkpad-t440s-i5-4300-14/: 404 Client Error: Not Found for url: https://www.refurbed.de/p/lenovo-thinkpad-t440s-i5-4300-14/
2026-05-24 05:56:44,708 - INFO - Scraping 4870/6851: https://www.refurbed.de/p/lenovo-thinkpad-t440s-i5-4300u-1/
2026-05-24 05:56:45,097 - ERROR - Error fetching https://www.refurbed.de/p/lenovo-thinkpad-t440s-i5-4300u-1/: 404 Client Error: Not Found for url: https://www.refurbed.de/p/lenovo-thinkpad-t440s-i5-4300u-1/
2026-05-24 05:56:46,099 - INFO - Scraping 4871/6851: https://www.refurbed.de/p/lenovo-thinkpad-t440s-i7-4600u-1/
2026-05-24 05:56:46,340 - ERROR - Error fetching https://www.refurbed.de/p/lenovo-thinkpad-t440s-i7-4600u-1/: 404 Client Error: Not Found for url: https://www.refurbed.de/p/lenovo-thinkpad-t440s-i7-4600u-1/
2026-05-24 05:56:47,342 - INFO - Scraping 4872/6851: https://www.refurbed.de/p/lenovo-thinkpad-t440s-touch-i5-4/
2026-05-24 05:56:47,582 - ERROR - Error fetching https://www.refurbed.de/p/lenovo-thinkpad-t440s-touch-i5-4/: 404 Client Error: Not Found for url: https://www.refurbed.de/p/lenovo-thinkpad-t440s-touch-i5-4/
2026-05-24 05:56:48,584 - INFO - Scraping 4873/6851: https://www.refurbed.de/p/lenovo-thinkpad-t450-i3-5010u/
2026-05-24 05:56:48,831 - ERROR - Error fetching https://www.refurbed.de/p/lenovo-thinkpad-t450-i3-5010u/: 404 Client Error: Not Found for url: https://www.refurbed.de/p/lenovo-thinkpad-t450-i3-5010u/
2026-05-24 05:56:49,834 - INFO - Scraping 4874/6851: https://www.refurbed.de/p/lenovo-thinkpad-t450-i5-14/
2026-05-24 05:56:50,097 - ERROR - Error fetching https://www.refurbed.de/p/lenovo-thinkpad-t450-i5-14/: 404 Client Error: Not Found for url: https://www.refurbed.de/p/lenovo-thinkpad-t450-i5-14/
2026-05-24 05:56:51,099 - INFO - Scraping 4875/6851: https://www.refurbed.de/p/lenovo-thinkpad-t450-i5-5200u-14/
2026-05-24 05:56:51,348 - ERROR - Error fetching https://www.refurbed.de/p/lenovo-thinkpad-t450-i5-5200u-14/: 404 Client Error: Not Found for url: https://www.refurbed.de/p/lenovo-thinkpad-t450-i5-5200u-14/
2026-05-24 05:56:52,350 - INFO - Scraping 4876/6851: https://www.refurbed.de/p/lenovo-thinkpad-t450-i54300-14/
2026-05-24 05:56:52,589 - ERROR - Error fetching https://www.refurbed.de/p/lenovo-thinkpad-t450-i54300-14/: 404 Client Error: Not Found for url: https://www.refurbed.de/p/lenovo-thinkpad-t450-i54300-14/
2026-05-24 05:56:53,591 - INFO - Scraping 4877/6851: https://www.refurbed.de/p/lenovo-thinkpad-t450-i7-5600u-14/
2026-05-24 05:56:53,823 - ERROR - Error fetching https://www.refurbed.de/p/lenovo-thinkpad-t450-i7-5600u-14/: 404 Client Error: Not Found for url: https://www.refurbed.de/p/lenovo-thinkpad-t450-i7-5600u-14/
2026-05-24 05:56:54,826 - INFO - Scraping 4878/6851: https://www.refurbed.de/p/lenovo-thinkpad-t450s-5200u/
2026-05-24 05:56:55,078 - ERROR - Error fetching https://www.refurbed.de/p/lenovo-thinkpad-t450s-5200u/: 404 Client Error: Not Found for url: https://www.refurbed.de/p/lenovo-thinkpad-t450s-5200u/
2026-05-24 05:56:56,080 - INFO - Scraping 4879/6851: https://www.refurbed.de/p/lenovo-thinkpad-t450s-5600u/
2026-05-24 05:56:56,322 - ERROR - Error fetching https://www.refurbed.de/p/lenovo-thinkpad-t450s-5600u/: 404 Client Error: Not Found for url: https://www.refurbed.de/p/lenovo-thinkpad-t450s-5600u/
2026-05-24 05:56:57,325 - INFO - Scraping 4880/6851: https://www.refurbed.de/p/lenovo-thinkpad-t450s-i5-14/
2026-05-24 05:56:57,574 - ERROR - Error fetching https://www.refurbed.de/p/lenovo-thinkpad-t450s-i5-14/: 404 Client Error: Not Found for url: https://www.refurbed.de/p/lenovo-thinkpad-t450s-i5-14/
2026-05-24 05:56:58,576 - INFO - Scraping 4881/6851: https://www.refurbed.de/p/lenovo-thinkpad-t450s-i7-14/
2026-05-24 05:56:58,815 - ERROR - Error fetching https://www.refurbed.de/p/lenovo-thinkpad-t450s-i7-14/: 404 Client Error: Not Found for url: https://www.refurbed.de/p/lenovo-thinkpad-t450s-i7-14/
2026-05-24 05:56:59,817 - INFO - Scraping 4882/6851: https://www.refurbed.de/p/lenovo-thinkpad-t460-i3-6100u-14/
2026-05-24 05:57:00,047 - ERROR - Error fetching https://www.refurbed.de/p/lenovo-thinkpad-t460-i3-6100u-14/: 404 Client Error: Not Found for url: https://www.refurbed.de/p/lenovo-thinkpad-t460-i3-6100u-14/
2026-05-24 05:57:01,050 - INFO - Scraping 4883/6851: https://www.refurbed.de/p/lenovo-thinkpad-t460-i5-6200-14/
2026-05-24 05:57:01,295 - ERROR - Error fetching https://www.refurbed.de/p/lenovo-thinkpad-t460-i5-6200-14/: 404 Client Error: Not Found for url: https://www.refurbed.de/p/lenovo-thinkpad-t460-i5-6200-14/
2026-05-24 05:57:02,297 - INFO - Scraping 4884/6851: https://www.refurbed.de/p/lenovo-thinkpad-t460-i5-6300u-14/
2026-05-24 05:57:02,546 - ERROR - Error fetching https://www.refurbed.de/p/lenovo-thinkpad-t460-i5-6300u-14/: 404 Client Error: Not Found for url: https://www.refurbed.de/p/lenovo-thinkpad-t460-i5-6300u-14/
2026-05-24 05:57:03,549 - INFO - Scraping 4885/6851: https://www.refurbed.de/p/lenovo-thinkpad-t460-i7-6600u-14/
2026-05-24 05:57:03,970 - ERROR - Error fetching https://www.refurbed.de/p/lenovo-thinkpad-t460-i7-6600u-14/: 404 Client Error: Not Found for url: https://www.refurbed.de/p/lenovo-thinkpad-t460-i7-6600u-14/
2026-05-24 05:57:04,972 - INFO - Scraping 4886/6851: https://www.refurbed.de/p/lenovo-thinkpad-t460p-6440hq/
2026-05-24 05:57:05,210 - ERROR - Error fetching https://www.refurbed.de/p/lenovo-thinkpad-t460p-6440hq/: 404 Client Error: Not Found for url: https://www.refurbed.de/p/lenovo-thinkpad-t460p-6440hq/
2026-05-24 05:57:06,213 - INFO - Scraping 4887/6851: https://www.refurbed.de/p/lenovo-thinkpad-t460p-6820hq/
2026-05-24 05:57:06,461 - ERROR - Error fetching https://www.refurbed.de/p/lenovo-thinkpad-t460p-6820hq/: 404 Client Error: Not Found for url: https://www.refurbed.de/p/lenovo-thinkpad-t460p-6820hq/
2026-05-24 05:57:07,463 - INFO - Scraping 4888/6851: https://www.refurbed.de/p/lenovo-thinkpad-t460p-i5-6300hq/
2026-05-24 05:57:07,701 - ERROR - Error fetching https://www.refurbed.de/p/lenovo-thinkpad-t460p-i5-6300hq/: 404 Client Error: Not Found for url: https://www.refurbed.de/p/lenovo-thinkpad-t460p-i5-6300hq/
2026-05-24 05:57:08,704 - INFO - Scraping 4889/6851: https://www.refurbed.de/p/lenovo-thinkpad-t460p-i5-6440hq-/
2026-05-24 05:57:08,947 - ERROR - Error fetching https://www.refurbed.de/p/lenovo-thinkpad-t460p-i5-6440hq-/: 404 Client Error: Not Found for url: https://www.refurbed.de/p/lenovo-thinkpad-t460p-i5-6440hq-/
2026-05-24 05:57:09,949 - INFO - Scraping 4890/6851: https://www.refurbed.de/p/lenovo-thinkpad-t460p-i7-6820hq/
2026-05-24 05:57:10,179 - ERROR - Error fetching https://www.refurbed.de/p/lenovo-thinkpad-t460p-i7-6820hq/: 404 Client Error: Not Found for url: https://www.refurbed.de/p/lenovo-thinkpad-t460p-i7-6820hq/
2026-05-24 05:57:11,181 - INFO - Scraping 4891/6851: https://www.refurbed.de/p/lenovo-thinkpad-t460s-i5-6200u/
2026-05-24 05:57:11,470 - ERROR - Error fetching https://www.refurbed.de/p/lenovo-thinkpad-t460s-i5-6200u/: 404 Client Error: Not Found for url: https://www.refurbed.de/p/lenovo-thinkpad-t460s-i5-6200u/
2026-05-24 05:57:12,472 - INFO - Scraping 4892/6851: https://www.refurbed.de/p/lenovo-thinkpad-t460s-i7-6600u-1/
2026-05-24 05:57:12,729 - ERROR - Error fetching https://www.refurbed.de/p/lenovo-thinkpad-t460s-i7-6600u-1/: 404 Client Error: Not Found for url: https://www.refurbed.de/p/lenovo-thinkpad-t460s-i7-6600u-1/
2026-05-24 05:57:13,731 - INFO - Scraping 4893/6851: https://www.refurbed.de/p/lenovo-thinkpad-t460s-intel-core/
2026-05-24 05:57:13,971 - ERROR - Error fetching https://www.refurbed.de/p/lenovo-thinkpad-t460s-intel-core/: 404 Client Error: Not Found for url: https://www.refurbed.de/p/lenovo-thinkpad-t460s-intel-core/
2026-05-24 05:57:14,973 - INFO - Scraping 4894/6851: https://www.refurbed.de/p/lenovo-thinkpad-t470-6200u/
2026-05-24 05:57:15,235 - ERROR - Error fetching https://www.refurbed.de/p/lenovo-thinkpad-t470-6200u/: 404 Client Error: Not Found for url: https://www.refurbed.de/p/lenovo-thinkpad-t470-6200u/
2026-05-24 05:57:16,238 - INFO - Scraping 4895/6851: https://www.refurbed.de/p/lenovo-thinkpad-t470-6600u/
2026-05-24 05:57:16,469 - ERROR - Error fetching https://www.refurbed.de/p/lenovo-thinkpad-t470-6600u/: 404 Client Error: Not Found for url: https://www.refurbed.de/p/lenovo-thinkpad-t470-6600u/
2026-05-24 05:57:17,472 - INFO - Scraping 4896/6851: https://www.refurbed.de/p/lenovo-thinkpad-t470-7200u/
2026-05-24 05:57:17,715 - ERROR - Error fetching https://www.refurbed.de/p/lenovo-thinkpad-t470-7200u/: 404 Client Error: Not Found for url: https://www.refurbed.de/p/lenovo-thinkpad-t470-7200u/
2026-05-24 05:57:18,717 - INFO - Scraping 4897/6851: https://www.refurbed.de/p/lenovo-thinkpad-t470-7500u-14/
2026-05-24 05:57:18,958 - ERROR - Error fetching https://www.refurbed.de/p/lenovo-thinkpad-t470-7500u-14/: 404 Client Error: Not Found for url: https://www.refurbed.de/p/lenovo-thinkpad-t470-7500u-14/
2026-05-24 05:57:19,960 - INFO - Scraping 4898/6851: https://www.refurbed.de/p/lenovo-thinkpad-t470-7600u/
2026-05-24 05:57:20,215 - ERROR - Error fetching https://www.refurbed.de/p/lenovo-thinkpad-t470-7600u/: 404 Client Error: Not Found for url: https://www.refurbed.de/p/lenovo-thinkpad-t470-7600u/
2026-05-24 05:57:21,217 - INFO - Scraping 4899/6851: https://www.refurbed.de/p/lenovo-thinkpad-t470-i3-7100u/
2026-05-24 05:57:21,457 - ERROR - Error fetching https://www.refurbed.de/p/lenovo-thinkpad-t470-i3-7100u/: 404 Client Error: Not Found for url: https://www.refurbed.de/p/lenovo-thinkpad-t470-i3-7100u/
2026-05-24 05:57:22,460 - INFO - Scraping 4900/6851: https://www.refurbed.de/p/lenovo-thinkpad-t470-i5-6300u-14/
2026-05-24 05:57:22,706 - ERROR - Error fetching https://www.refurbed.de/p/lenovo-thinkpad-t470-i5-6300u-14/: 404 Client Error: Not Found for url: https://www.refurbed.de/p/lenovo-thinkpad-t470-i5-6300u-14/
2026-05-24 05:57:23,709 - INFO - Scraping 4901/6851: https://www.refurbed.de/p/lenovo-thinkpad-t470-i5-7300u-14/
2026-05-24 05:57:23,940 - ERROR - Error fetching https://www.refurbed.de/p/lenovo-thinkpad-t470-i5-7300u-14/: 404 Client Error: Not Found for url: https://www.refurbed.de/p/lenovo-thinkpad-t470-i5-7300u-14/
2026-05-24 05:57:24,942 - INFO - Scraping 4902/6851: https://www.refurbed.de/p/lenovo-thinkpad-t470p-7700hq-14/
2026-05-24 05:57:25,242 - ERROR - Error fetching https://www.refurbed.de/p/lenovo-thinkpad-t470p-7700hq-14/: 404 Client Error: Not Found for url: https://www.refurbed.de/p/lenovo-thinkpad-t470p-7700hq-14/
2026-05-24 05:57:26,245 - INFO - Scraping 4903/6851: https://www.refurbed.de/p/lenovo-thinkpad-t470p-7820hq/
2026-05-24 05:57:27,625 - INFO - Scraping 4904/6851: https://www.refurbed.de/p/lenovo-thinkpad-t470p-i5-7300hq/
2026-05-24 05:57:27,898 - ERROR - Error fetching https://www.refurbed.de/p/lenovo-thinkpad-t470p-i5-7300hq/: 404 Client Error: Not Found for url: https://www.refurbed.de/p/lenovo-thinkpad-t470p-i5-7300hq/
2026-05-24 05:57:28,900 - INFO - Scraping 4905/6851: https://www.refurbed.de/p/lenovo-thinkpad-t470p-i5-7440hq/
2026-05-24 05:57:29,134 - ERROR - Error fetching https://www.refurbed.de/p/lenovo-thinkpad-t470p-i5-7440hq/: 404 Client Error: Not Found for url: https://www.refurbed.de/p/lenovo-thinkpad-t470p-i5-7440hq/
2026-05-24 05:57:30,136 - INFO - Scraping 4906/6851: https://www.refurbed.de/p/lenovo-thinkpad-t470p-i7-7700/
2026-05-24 05:57:30,369 - ERROR - Error fetching https://www.refurbed.de/p/lenovo-thinkpad-t470p-i7-7700/: 404 Client Error: Not Found for url: https://www.refurbed.de/p/lenovo-thinkpad-t470p-i7-7700/
2026-05-24 05:57:31,372 - INFO - Scraping 4907/6851: https://www.refurbed.de/p/lenovo-thinkpad-t470s-14-i5-6300/
2026-05-24 05:57:31,759 - ERROR - Error fetching https://www.refurbed.de/p/lenovo-thinkpad-t470s-14-i5-6300/: 404 Client Error: Not Found for url: https://www.refurbed.de/p/lenovo-thinkpad-t470s-14-i5-6300/
2026-05-24 05:57:32,761 - INFO - Scraping 4908/6851: https://www.refurbed.de/p/lenovo-thinkpad-t470s-14-i5-7200/
2026-05-24 05:57:32,999 - ERROR - Error fetching https://www.refurbed.de/p/lenovo-thinkpad-t470s-14-i5-7200/: 404 Client Error: Not Found for url: https://www.refurbed.de/p/lenovo-thinkpad-t470s-14-i5-7200/
2026-05-24 05:57:34,002 - INFO - Scraping 4909/6851: https://www.refurbed.de/p/lenovo-thinkpad-t470s-14-i5-7300/
2026-05-24 05:57:34,235 - ERROR - Error fetching https://www.refurbed.de/p/lenovo-thinkpad-t470s-14-i5-7300/: 404 Client Error: Not Found for url: https://www.refurbed.de/p/lenovo-thinkpad-t470s-14-i5-7300/
2026-05-24 05:57:35,237 - INFO - Scraping 4910/6851: https://www.refurbed.de/p/lenovo-thinkpad-t470s-14-i7-7500/
2026-05-24 05:57:35,517 - ERROR - Error fetching https://www.refurbed.de/p/lenovo-thinkpad-t470s-14-i7-7500/: 404 Client Error: Not Found for url: https://www.refurbed.de/p/lenovo-thinkpad-t470s-14-i7-7500/
2026-05-24 05:57:36,520 - INFO - Scraping 4911/6851: https://www.refurbed.de/p/lenovo-thinkpad-t470s-14-i7-7600/
2026-05-24 05:57:36,745 - ERROR - Error fetching https://www.refurbed.de/p/lenovo-thinkpad-t470s-14-i7-7600/: 404 Client Error: Not Found for url: https://www.refurbed.de/p/lenovo-thinkpad-t470s-14-i7-7600/
2026-05-24 05:57:37,747 - INFO - Scraping 4912/6851: https://www.refurbed.de/p/lenovo-thinkpad-t470s-6200u-14/
2026-05-24 05:57:37,974 - ERROR - Error fetching https://www.refurbed.de/p/lenovo-thinkpad-t470s-6200u-14/: 404 Client Error: Not Found for url: https://www.refurbed.de/p/lenovo-thinkpad-t470s-6200u-14/
2026-05-24 05:57:38,976 - INFO - Scraping 4913/6851: https://www.refurbed.de/p/lenovo-thinkpad-t480-8650u/
2026-05-24 05:57:40,593 - INFO - Scraping 4914/6851: https://www.refurbed.de/p/lenovo-thinkpad-t480s-i5-8365u/
2026-05-24 05:57:42,148 - INFO - Scraping 4915/6851: https://www.refurbed.de/p/lenovo-thinkpad-t490s-8550u/
2026-05-24 05:57:43,952 - INFO - Scraping 4916/6851: https://www.refurbed.de/p/lenovo-thinkpad-t490s-8665u/
2026-05-24 05:57:45,583 - INFO - Scraping 4917/6851: https://www.refurbed.de/p/lenovo-thinkpad-t540p-4810mq/
2026-05-24 05:57:45,815 - ERROR - Error fetching https://www.refurbed.de/p/lenovo-thinkpad-t540p-4810mq/: 404 Client Error: Not Found for url: https://www.refurbed.de/p/lenovo-thinkpad-t540p-4810mq/
2026-05-24 05:57:46,817 - INFO - Scraping 4918/6851: https://www.refurbed.de/p/lenovo-thinkpad-t540p-i3-4000m/
2026-05-24 05:57:47,072 - ERROR - Error fetching https://www.refurbed.de/p/lenovo-thinkpad-t540p-i3-4000m/: 404 Client Error: Not Found for url: https://www.refurbed.de/p/lenovo-thinkpad-t540p-i3-4000m/
2026-05-24 05:57:48,074 - INFO - Scraping 4919/6851: https://www.refurbed.de/p/lenovo-thinkpad-t540p-i5-4200m/
2026-05-24 05:57:48,315 - ERROR - Error fetching https://www.refurbed.de/p/lenovo-thinkpad-t540p-i5-4200m/: 404 Client Error: Not Found for url: https://www.refurbed.de/p/lenovo-thinkpad-t540p-i5-4200m/
2026-05-24 05:57:49,317 - INFO - Scraping 4920/6851: https://www.refurbed.de/p/lenovo-thinkpad-t540p-i5-4210m/
2026-05-24 05:57:49,575 - ERROR - Error fetching https://www.refurbed.de/p/lenovo-thinkpad-t540p-i5-4210m/: 404 Client Error: Not Found for url: https://www.refurbed.de/p/lenovo-thinkpad-t540p-i5-4210m/
2026-05-24 05:57:50,577 - INFO - Scraping 4921/6851: https://www.refurbed.de/p/lenovo-thinkpad-t540p-i5-4300m-1/
2026-05-24 05:57:50,819 - ERROR - Error fetching https://www.refurbed.de/p/lenovo-thinkpad-t540p-i5-4300m-1/: 404 Client Error: Not Found for url: https://www.refurbed.de/p/lenovo-thinkpad-t540p-i5-4300m-1/
2026-05-24 05:57:51,821 - INFO - Scraping 4922/6851: https://www.refurbed.de/p/lenovo-thinkpad-t540p-i7-4600m-1/
2026-05-24 05:57:52,048 - ERROR - Error fetching https://www.refurbed.de/p/lenovo-thinkpad-t540p-i7-4600m-1/: 404 Client Error: Not Found for url: https://www.refurbed.de/p/lenovo-thinkpad-t540p-i7-4600m-1/
2026-05-24 05:57:53,050 - INFO - Scraping 4923/6851: https://www.refurbed.de/p/lenovo-thinkpad-t540p-i7-4700mq/
2026-05-24 05:57:53,286 - ERROR - Error fetching https://www.refurbed.de/p/lenovo-thinkpad-t540p-i7-4700mq/: 404 Client Error: Not Found for url: https://www.refurbed.de/p/lenovo-thinkpad-t540p-i7-4700mq/
2026-05-24 05:57:54,288 - INFO - Scraping 4924/6851: https://www.refurbed.de/p/lenovo-thinkpad-t540p-i7-4800mq-/
2026-05-24 05:57:54,517 - ERROR - Error fetching https://www.refurbed.de/p/lenovo-thinkpad-t540p-i7-4800mq-/: 404 Client Error: Not Found for url: https://www.refurbed.de/p/lenovo-thinkpad-t540p-i7-4800mq-/
2026-05-24 05:57:55,520 - INFO - Scraping 4925/6851: https://www.refurbed.de/p/lenovo-thinkpad-t550-i5-5200u-15/
2026-05-24 05:57:55,763 - ERROR - Error fetching https://www.refurbed.de/p/lenovo-thinkpad-t550-i5-5200u-15/: 404 Client Error: Not Found for url: https://www.refurbed.de/p/lenovo-thinkpad-t550-i5-5200u-15/
2026-05-24 05:57:56,765 - INFO - Scraping 4926/6851: https://www.refurbed.de/p/lenovo-thinkpad-t550-i7-5600u-15/
2026-05-24 05:57:56,998 - ERROR - Error fetching https://www.refurbed.de/p/lenovo-thinkpad-t550-i7-5600u-15/: 404 Client Error: Not Found for url: https://www.refurbed.de/p/lenovo-thinkpad-t550-i7-5600u-15/
2026-05-24 05:57:58,000 - INFO - Scraping 4927/6851: https://www.refurbed.de/p/lenovo-thinkpad-t560-i5-6300u-15/
2026-05-24 05:57:58,222 - ERROR - Error fetching https://www.refurbed.de/p/lenovo-thinkpad-t560-i5-6300u-15/: 404 Client Error: Not Found for url: https://www.refurbed.de/p/lenovo-thinkpad-t560-i5-6300u-15/
2026-05-24 05:57:59,224 - INFO - Scraping 4928/6851: https://www.refurbed.de/p/lenovo-thinkpad-t570-i5-6200u-15/
2026-05-24 05:57:59,451 - ERROR - Error fetching https://www.refurbed.de/p/lenovo-thinkpad-t570-i5-6200u-15/: 404 Client Error: Not Found for url: https://www.refurbed.de/p/lenovo-thinkpad-t570-i5-6200u-15/
2026-05-24 05:58:00,454 - INFO - Scraping 4929/6851: https://www.refurbed.de/p/lenovo-thinkpad-t570-i5-6300u-15/
2026-05-24 05:58:00,678 - ERROR - Error fetching https://www.refurbed.de/p/lenovo-thinkpad-t570-i5-6300u-15/: 404 Client Error: Not Found for url: https://www.refurbed.de/p/lenovo-thinkpad-t570-i5-6300u-15/
2026-05-24 05:58:01,681 - INFO - Scraping 4930/6851: https://www.refurbed.de/p/lenovo-thinkpad-t570-i5-7200u/
2026-05-24 05:58:01,922 - ERROR - Error fetching https://www.refurbed.de/p/lenovo-thinkpad-t570-i5-7200u/: 404 Client Error: Not Found for url: https://www.refurbed.de/p/lenovo-thinkpad-t570-i5-7200u/
2026-05-24 05:58:02,924 - INFO - Scraping 4931/6851: https://www.refurbed.de/p/lenovo-thinkpad-t570-i5-7300u/
2026-05-24 05:58:03,186 - ERROR - Error fetching https://www.refurbed.de/p/lenovo-thinkpad-t570-i5-7300u/: 404 Client Error: Not Found for url: https://www.refurbed.de/p/lenovo-thinkpad-t570-i5-7300u/
2026-05-24 05:58:04,188 - INFO - Scraping 4932/6851: https://www.refurbed.de/p/lenovo-thinkpad-t570-i7-6000u-15/
2026-05-24 05:58:04,453 - ERROR - Error fetching https://www.refurbed.de/p/lenovo-thinkpad-t570-i7-6000u-15/: 404 Client Error: Not Found for url: https://www.refurbed.de/p/lenovo-thinkpad-t570-i7-6000u-15/
2026-05-24 05:58:05,455 - INFO - Scraping 4933/6851: https://www.refurbed.de/p/lenovo-thinkpad-t570-i7-6600u-15/
2026-05-24 05:58:05,838 - ERROR - Error fetching https://www.refurbed.de/p/lenovo-thinkpad-t570-i7-6600u-15/: 404 Client Error: Not Found for url: https://www.refurbed.de/p/lenovo-thinkpad-t570-i7-6600u-15/
2026-05-24 05:58:06,840 - INFO - Scraping 4934/6851: https://www.refurbed.de/p/lenovo-thinkpad-t570-i7-7500/
2026-05-24 05:58:07,080 - ERROR - Error fetching https://www.refurbed.de/p/lenovo-thinkpad-t570-i7-7500/: 404 Client Error: Not Found for url: https://www.refurbed.de/p/lenovo-thinkpad-t570-i7-7500/
2026-05-24 05:58:08,082 - INFO - Scraping 4935/6851: https://www.refurbed.de/p/lenovo-thinkpad-tablet-dock/
2026-05-24 05:58:09,464 - INFO - Scraping 4936/6851: https://www.refurbed.de/p/lenovo-thinkpad-tb3-dock/
2026-05-24 05:58:10,916 - INFO - Scraping 4937/6851: https://www.refurbed.de/p/lenovo-thinkpad-tb3-gen2-dock/
2026-05-24 05:58:12,540 - INFO - Scraping 4938/6851: https://www.refurbed.de/p/lenovo-thinkpad-tb3-ws-gen2-dock/
2026-05-24 05:58:13,911 - INFO - Scraping 4939/6851: https://www.refurbed.de/p/lenovo-thinkpad-thunderbolt-3/
2026-05-24 05:58:15,397 - INFO - Scraping 4940/6851: https://www.refurbed.de/p/lenovo-thinkpad-universal-dock/
2026-05-24 05:58:16,885 - INFO - Scraping 4941/6851: https://www.refurbed.de/p/lenovo-thinkpad-usb-c-dock-40b5/
2026-05-24 05:58:18,242 - INFO - Scraping 4942/6851: https://www.refurbed.de/p/lenovo-thinkpad-usb-c-usb-a-40af/
2026-05-24 05:58:19,757 - INFO - Scraping 4943/6851: https://www.refurbed.de/p/lenovo-thinkpad-w540-i7-4600-15/
2026-05-24 05:58:19,991 - ERROR - Error fetching https://www.refurbed.de/p/lenovo-thinkpad-w540-i7-4600-15/: 404 Client Error: Not Found for url: https://www.refurbed.de/p/lenovo-thinkpad-w540-i7-4600-15/
2026-05-24 05:58:20,994 - INFO - Scraping 4944/6851: https://www.refurbed.de/p/lenovo-thinkpad-w540-i7-4700mq-1/
2026-05-24 05:58:21,352 - ERROR - Error fetching https://www.refurbed.de/p/lenovo-thinkpad-w540-i7-4700mq-1/: 404 Client Error: Not Found for url: https://www.refurbed.de/p/lenovo-thinkpad-w540-i7-4700mq-1/
2026-05-24 05:58:22,355 - INFO - Scraping 4945/6851: https://www.refurbed.de/p/lenovo-thinkpad-w540-i7-4710mq-1/
2026-05-24 05:58:22,581 - ERROR - Error fetching https://www.refurbed.de/p/lenovo-thinkpad-w540-i7-4710mq-1/: 404 Client Error: Not Found for url: https://www.refurbed.de/p/lenovo-thinkpad-w540-i7-4710mq-1/
2026-05-24 05:58:23,584 - INFO - Scraping 4946/6851: https://www.refurbed.de/p/lenovo-thinkpad-w540-i7-4800mq-1/
2026-05-24 05:58:23,871 - ERROR - Error fetching https://www.refurbed.de/p/lenovo-thinkpad-w540-i7-4800mq-1/: 404 Client Error: Not Found for url: https://www.refurbed.de/p/lenovo-thinkpad-w540-i7-4800mq-1/
2026-05-24 05:58:24,874 - INFO - Scraping 4947/6851: https://www.refurbed.de/p/lenovo-thinkpad-w540-i7-4810mq-1/
2026-05-24 05:58:25,129 - ERROR - Error fetching https://www.refurbed.de/p/lenovo-thinkpad-w540-i7-4810mq-1/: 404 Client Error: Not Found for url: https://www.refurbed.de/p/lenovo-thinkpad-w540-i7-4810mq-1/
2026-05-24 05:58:26,131 - INFO - Scraping 4948/6851: https://www.refurbed.de/p/lenovo-thinkpad-w540-i7-4900mq/
2026-05-24 05:58:26,363 - ERROR - Error fetching https://www.refurbed.de/p/lenovo-thinkpad-w540-i7-4900mq/: 404 Client Error: Not Found for url: https://www.refurbed.de/p/lenovo-thinkpad-w540-i7-4900mq/
2026-05-24 05:58:27,366 - INFO - Scraping 4949/6851: https://www.refurbed.de/p/lenovo-thinkpad-w540/
2026-05-24 05:58:27,615 - ERROR - Error fetching https://www.refurbed.de/p/lenovo-thinkpad-w540/: 404 Client Error: Not Found for url: https://www.refurbed.de/p/lenovo-thinkpad-w540/
2026-05-24 05:58:28,617 - INFO - Scraping 4950/6851: https://www.refurbed.de/p/lenovo-thinkpad-w541-i5-4340m/
2026-05-24 05:58:28,860 - ERROR - Error fetching https://www.refurbed.de/p/lenovo-thinkpad-w541-i5-4340m/: 404 Client Error: Not Found for url: https://www.refurbed.de/p/lenovo-thinkpad-w541-i5-4340m/
2026-05-24 05:58:29,862 - INFO - Scraping 4951/6851: https://www.refurbed.de/p/lenovo-thinkpad-w541-i7-4810mq-1/
2026-05-24 05:58:30,110 - ERROR - Error fetching https://www.refurbed.de/p/lenovo-thinkpad-w541-i7-4810mq-1/: 404 Client Error: Not Found for url: https://www.refurbed.de/p/lenovo-thinkpad-w541-i7-4810mq-1/
2026-05-24 05:58:31,112 - INFO - Scraping 4952/6851: https://www.refurbed.de/p/lenovo-thinkpad-w550s-i7-5500u/
2026-05-24 05:58:31,349 - ERROR - Error fetching https://www.refurbed.de/p/lenovo-thinkpad-w550s-i7-5500u/: 404 Client Error: Not Found for url: https://www.refurbed.de/p/lenovo-thinkpad-w550s-i7-5500u/
2026-05-24 05:58:32,351 - INFO - Scraping 4953/6851: https://www.refurbed.de/p/lenovo-thinkpad-x1-ext-g3-10750h/
2026-05-24 05:58:33,868 - INFO - Scraping 4954/6851: https://www.refurbed.de/p/lenovo-thinkpad-x1-ext-g3-10885h/
2026-05-24 05:58:35,322 - INFO - Scraping 4955/6851: https://www.refurbed.de/p/lenovo-thinkpad-x1-extreme-8400h/
2026-05-24 05:58:36,690 - INFO - Scraping 4956/6851: https://www.refurbed.de/p/lenovo-thinkpad-x1-extreme-9300h/
2026-05-24 05:58:38,179 - INFO - Scraping 4957/6851: https://www.refurbed.de/p/lenovo-thinkpad-x1-extreme-g4-i7/
2026-05-24 05:58:39,707 - INFO - Scraping 4958/6851: https://www.refurbed.de/p/lenovo-thinkpad-x1-fold-g1-l16g7/
2026-05-24 05:58:41,162 - INFO - Scraping 4959/6851: https://www.refurbed.de/p/lenovo-thinkpad-x1-tablet-g2/
2026-05-24 05:58:41,390 - ERROR - Error fetching https://www.refurbed.de/p/lenovo-thinkpad-x1-tablet-g2/: 404 Client Error: Not Found for url: https://www.refurbed.de/p/lenovo-thinkpad-x1-tablet-g2/
2026-05-24 05:58:42,393 - INFO - Scraping 4960/6851: https://www.refurbed.de/p/lenovo-thinkpad-x1-tablet/
2026-05-24 05:58:42,620 - ERROR - Error fetching https://www.refurbed.de/p/lenovo-thinkpad-x1-tablet/: 404 Client Error: Not Found for url: https://www.refurbed.de/p/lenovo-thinkpad-x1-tablet/
2026-05-24 05:58:43,622 - INFO - Scraping 4961/6851: https://www.refurbed.de/p/lenovo-thinkpad-x1-yoga-g1-6500u/
2026-05-24 05:58:43,865 - ERROR - Error fetching https://www.refurbed.de/p/lenovo-thinkpad-x1-yoga-g1-6500u/: 404 Client Error: Not Found for url: https://www.refurbed.de/p/lenovo-thinkpad-x1-yoga-g1-6500u/
2026-05-24 05:58:44,867 - INFO - Scraping 4962/6851: https://www.refurbed.de/p/lenovo-thinkpad-x13-10210u/
2026-05-24 05:58:46,411 - INFO - Scraping 4963/6851: https://www.refurbed.de/p/lenovo-thinkpad-x13-10310u/
2026-05-24 05:58:47,910 - INFO - Scraping 4964/6851: https://www.refurbed.de/p/lenovo-thinkpad-x13-g1-10210u/
2026-05-24 05:58:49,461 - INFO - Scraping 4965/6851: https://www.refurbed.de/p/lenovo-thinkpad-x13-g1-10310u/
2026-05-24 05:58:51,205 - INFO - Scraping 4966/6851: https://www.refurbed.de/p/lenovo-thinkpad-x13-g1-10510u/
2026-05-24 05:58:52,725 - INFO - Scraping 4967/6851: https://www.refurbed.de/p/lenovo-thinkpad-x13-g1-10610u/
2026-05-24 05:58:54,263 - INFO - Scraping 4968/6851: https://www.refurbed.de/p/lenovo-thinkpad-x13-g1-4450u/
2026-05-24 05:58:55,999 - INFO - Scraping 4969/6851: https://www.refurbed.de/p/lenovo-thinkpad-x13-g1-4650u/
2026-05-24 05:58:57,600 - INFO - Scraping 4970/6851: https://www.refurbed.de/p/lenovo-thinkpad-x13-g4-1345u/
2026-05-24 05:58:59,126 - INFO - Scraping 4971/6851: https://www.refurbed.de/p/lenovo-thinkpad-x13-r5-pro-4650u/
2026-05-24 05:59:00,625 - INFO - Scraping 4972/6851: https://www.refurbed.de/p/lenovo-thinkpad-x13-r7-pro-4750u/
2026-05-24 05:59:02,179 - INFO - Scraping 4973/6851: https://www.refurbed.de/p/lenovo-thinkpad-x13-yoga-10210u/
2026-05-24 05:59:03,869 - INFO - Scraping 4974/6851: https://www.refurbed.de/p/lenovo-thinkpad-x13-yoga-10310u/
2026-05-24 05:59:05,389 - INFO - Scraping 4975/6851: https://www.refurbed.de/p/lenovo-thinkpad-x13-yoga-10510u/
2026-05-24 05:59:07,086 - INFO - Scraping 4976/6851: https://www.refurbed.de/p/lenovo-thinkpad-x13-yoga-10610u/
2026-05-24 05:59:08,605 - INFO - Scraping 4977/6851: https://www.refurbed.de/p/lenovo-thinkpad-x131e-1007u/
2026-05-24 05:59:08,883 - ERROR - Error fetching https://www.refurbed.de/p/lenovo-thinkpad-x131e-1007u/: 404 Client Error: Not Found for url: https://www.refurbed.de/p/lenovo-thinkpad-x131e-1007u/
2026-05-24 05:59:09,885 - INFO - Scraping 4978/6851: https://www.refurbed.de/p/lenovo-thinkpad-x13s-g1-s-8cx-g3/
2026-05-24 05:59:11,353 - INFO - Scraping 4979/6851: https://www.refurbed.de/p/lenovo-thinkpad-x240-i3-4010u-12/
2026-05-24 05:59:11,610 - ERROR - Error fetching https://www.refurbed.de/p/lenovo-thinkpad-x240-i3-4010u-12/: 404 Client Error: Not Found for url: https://www.refurbed.de/p/lenovo-thinkpad-x240-i3-4010u-12/
2026-05-24 05:59:12,612 - INFO - Scraping 4980/6851: https://www.refurbed.de/p/lenovo-thinkpad-x240-i5-3320m-12/
2026-05-24 05:59:12,890 - ERROR - Error fetching https://www.refurbed.de/p/lenovo-thinkpad-x240-i5-3320m-12/: 404 Client Error: Not Found for url: https://www.refurbed.de/p/lenovo-thinkpad-x240-i5-3320m-12/
2026-05-24 05:59:13,892 - INFO - Scraping 4981/6851: https://www.refurbed.de/p/lenovo-thinkpad-x240-i5-4210u-12/
2026-05-24 05:59:14,145 - ERROR - Error fetching https://www.refurbed.de/p/lenovo-thinkpad-x240-i5-4210u-12/: 404 Client Error: Not Found for url: https://www.refurbed.de/p/lenovo-thinkpad-x240-i5-4210u-12/
2026-05-24 05:59:15,147 - INFO - Scraping 4982/6851: https://www.refurbed.de/p/lenovo-thinkpad-x240/
2026-05-24 05:59:15,377 - ERROR - Error fetching https://www.refurbed.de/p/lenovo-thinkpad-x240/: 404 Client Error: Not Found for url: https://www.refurbed.de/p/lenovo-thinkpad-x240/
2026-05-24 05:59:16,379 - INFO - Scraping 4983/6851: https://www.refurbed.de/p/lenovo-thinkpad-x250-5300u/
2026-05-24 05:59:16,621 - ERROR - Error fetching https://www.refurbed.de/p/lenovo-thinkpad-x250-5300u/: 404 Client Error: Not Found for url: https://www.refurbed.de/p/lenovo-thinkpad-x250-5300u/
2026-05-24 05:59:17,625 - INFO - Scraping 4984/6851: https://www.refurbed.de/p/lenovo-thinkpad-x250-i3-4030u-12/
2026-05-24 05:59:17,854 - ERROR - Error fetching https://www.refurbed.de/p/lenovo-thinkpad-x250-i3-4030u-12/: 404 Client Error: Not Found for url: https://www.refurbed.de/p/lenovo-thinkpad-x250-i3-4030u-12/
2026-05-24 05:59:18,857 - INFO - Scraping 4985/6851: https://www.refurbed.de/p/lenovo-thinkpad-x250-i3-5010u-12/
2026-05-24 05:59:19,117 - ERROR - Error fetching https://www.refurbed.de/p/lenovo-thinkpad-x250-i3-5010u-12/: 404 Client Error: Not Found for url: https://www.refurbed.de/p/lenovo-thinkpad-x250-i3-5010u-12/
2026-05-24 05:59:20,120 - INFO - Scraping 4986/6851: https://www.refurbed.de/p/lenovo-thinkpad-x250-i5-12-5/
2026-05-24 05:59:20,357 - ERROR - Error fetching https://www.refurbed.de/p/lenovo-thinkpad-x250-i5-12-5/: 404 Client Error: Not Found for url: https://www.refurbed.de/p/lenovo-thinkpad-x250-i5-12-5/
2026-05-24 05:59:21,360 - INFO - Scraping 4987/6851: https://www.refurbed.de/p/lenovo-thinkpad-x250-i5-4300m-12/
2026-05-24 05:59:21,592 - ERROR - Error fetching https://www.refurbed.de/p/lenovo-thinkpad-x250-i5-4300m-12/: 404 Client Error: Not Found for url: https://www.refurbed.de/p/lenovo-thinkpad-x250-i5-4300m-12/
2026-05-24 05:59:22,595 - INFO - Scraping 4988/6851: https://www.refurbed.de/p/lenovo-thinkpad-x250-i5-5200m-12/
2026-05-24 05:59:22,872 - ERROR - Error fetching https://www.refurbed.de/p/lenovo-thinkpad-x250-i5-5200m-12/: 404 Client Error: Not Found for url: https://www.refurbed.de/p/lenovo-thinkpad-x250-i5-5200m-12/
2026-05-24 05:59:23,875 - INFO - Scraping 4989/6851: https://www.refurbed.de/p/lenovo-thinkpad-x250-i7-4600u/
2026-05-24 05:59:24,119 - ERROR - Error fetching https://www.refurbed.de/p/lenovo-thinkpad-x250-i7-4600u/: 404 Client Error: Not Found for url: https://www.refurbed.de/p/lenovo-thinkpad-x250-i7-4600u/
2026-05-24 05:59:25,121 - INFO - Scraping 4990/6851: https://www.refurbed.de/p/lenovo-thinkpad-x260-6600u/
2026-05-24 05:59:25,509 - ERROR - Error fetching https://www.refurbed.de/p/lenovo-thinkpad-x260-6600u/: 404 Client Error: Not Found for url: https://www.refurbed.de/p/lenovo-thinkpad-x260-6600u/
2026-05-24 05:59:26,511 - INFO - Scraping 4991/6851: https://www.refurbed.de/p/lenovo-thinkpad-x270-6200u/
2026-05-24 05:59:26,758 - ERROR - Error fetching https://www.refurbed.de/p/lenovo-thinkpad-x270-6200u/: 404 Client Error: Not Found for url: https://www.refurbed.de/p/lenovo-thinkpad-x270-6200u/
2026-05-24 05:59:27,760 - INFO - Scraping 4992/6851: https://www.refurbed.de/p/lenovo-thinkpad-x270-6600u/
2026-05-24 05:59:28,009 - ERROR - Error fetching https://www.refurbed.de/p/lenovo-thinkpad-x270-6600u/: 404 Client Error: Not Found for url: https://www.refurbed.de/p/lenovo-thinkpad-x270-6600u/
2026-05-24 05:59:29,012 - INFO - Scraping 4993/6851: https://www.refurbed.de/p/lenovo-thinkpad-x270-7100/
2026-05-24 05:59:29,271 - ERROR - Error fetching https://www.refurbed.de/p/lenovo-thinkpad-x270-7100/: 404 Client Error: Not Found for url: https://www.refurbed.de/p/lenovo-thinkpad-x270-7100/
2026-05-24 05:59:30,273 - INFO - Scraping 4994/6851: https://www.refurbed.de/p/lenovo-thinkpad-x270-7100u/
2026-05-24 05:59:30,508 - ERROR - Error fetching https://www.refurbed.de/p/lenovo-thinkpad-x270-7100u/: 404 Client Error: Not Found for url: https://www.refurbed.de/p/lenovo-thinkpad-x270-7100u/
2026-05-24 05:59:31,510 - INFO - Scraping 4995/6851: https://www.refurbed.de/p/lenovo-thinkpad-x270-7200u/
2026-05-24 05:59:31,893 - ERROR - Error fetching https://www.refurbed.de/p/lenovo-thinkpad-x270-7200u/: 404 Client Error: Not Found for url: https://www.refurbed.de/p/lenovo-thinkpad-x270-7200u/
2026-05-24 05:59:32,895 - INFO - Scraping 4996/6851: https://www.refurbed.de/p/lenovo-thinkpad-x270-7300u/
2026-05-24 05:59:33,193 - ERROR - Error fetching https://www.refurbed.de/p/lenovo-thinkpad-x270-7300u/: 404 Client Error: Not Found for url: https://www.refurbed.de/p/lenovo-thinkpad-x270-7300u/
2026-05-24 05:59:34,196 - INFO - Scraping 4997/6851: https://www.refurbed.de/p/lenovo-thinkpad-x270-7500u/
2026-05-24 05:59:34,436 - ERROR - Error fetching https://www.refurbed.de/p/lenovo-thinkpad-x270-7500u/: 404 Client Error: Not Found for url: https://www.refurbed.de/p/lenovo-thinkpad-x270-7500u/
2026-05-24 05:59:35,438 - INFO - Scraping 4998/6851: https://www.refurbed.de/p/lenovo-thinkpad-x270-7600u/
2026-05-24 05:59:35,667 - ERROR - Error fetching https://www.refurbed.de/p/lenovo-thinkpad-x270-7600u/: 404 Client Error: Not Found for url: https://www.refurbed.de/p/lenovo-thinkpad-x270-7600u/
2026-05-24 05:59:36,668 - INFO - Scraping 4999/6851: https://www.refurbed.de/p/lenovo-thinkpad-x270-i3-6100u/
2026-05-24 05:59:37,074 - ERROR - Error fetching https://www.refurbed.de/p/lenovo-thinkpad-x270-i3-6100u/: 404 Client Error: Not Found for url: https://www.refurbed.de/p/lenovo-thinkpad-x270-i3-6100u/
2026-05-24 05:59:38,077 - INFO - Scraping 5000/6851: https://www.refurbed.de/p/lenovo-thinkpad-x270-i5-6300u-12/
2026-05-24 05:59:38,315 - ERROR - Error fetching https://www.refurbed.de/p/lenovo-thinkpad-x270-i5-6300u-12/: 404 Client Error: Not Found for url: https://www.refurbed.de/p/lenovo-thinkpad-x270-i5-6300u-12/
2026-05-24 05:59:39,317 - INFO - Scraping 5001/6851: https://www.refurbed.de/p/lenovo-thinkpad-x280-i3-8130u/
2026-05-24 05:59:40,737 - INFO - Scraping 5002/6851: https://www.refurbed.de/p/lenovo-thinkpad-x280-i5-7200u/
2026-05-24 05:59:40,989 - ERROR - Error fetching https://www.refurbed.de/p/lenovo-thinkpad-x280-i5-7200u/: 404 Client Error: Not Found for url: https://www.refurbed.de/p/lenovo-thinkpad-x280-i5-7200u/
2026-05-24 05:59:41,991 - INFO - Scraping 5003/6851: https://www.refurbed.de/p/lenovo-thinkpad-x280-i5-7300u/
2026-05-24 05:59:42,230 - ERROR - Error fetching https://www.refurbed.de/p/lenovo-thinkpad-x280-i5-7300u/: 404 Client Error: Not Found for url: https://www.refurbed.de/p/lenovo-thinkpad-x280-i5-7300u/
2026-05-24 05:59:43,232 - INFO - Scraping 5004/6851: https://www.refurbed.de/p/lenovo-thinkpad-x280-i5-8250u/
2026-05-24 05:59:44,799 - INFO - Scraping 5005/6851: https://www.refurbed.de/p/lenovo-thinkpad-x280-i5-8350u/
2026-05-24 05:59:46,349 - INFO - Scraping 5006/6851: https://www.refurbed.de/p/lenovo-thinkpad-x280-i7-8550u/
2026-05-24 05:59:47,982 - INFO - Scraping 5007/6851: https://www.refurbed.de/p/lenovo-thinkpad-x280-i7-8650u/
2026-05-24 05:59:49,354 - INFO - Scraping 5008/6851: https://www.refurbed.de/p/lenovo-thinkpad-x390-8565u-13-3/
2026-05-24 05:59:50,866 - INFO - Scraping 5009/6851: https://www.refurbed.de/p/lenovo-thinkpad-x395-pro-3300u/
2026-05-24 05:59:51,089 - ERROR - Error fetching https://www.refurbed.de/p/lenovo-thinkpad-x395-pro-3300u/: 404 Client Error: Not Found for url: https://www.refurbed.de/p/lenovo-thinkpad-x395-pro-3300u/
2026-05-24 05:59:52,092 - INFO - Scraping 5010/6851: https://www.refurbed.de/p/lenovo-thinkpad-x395-ryzen-5-pro/
2026-05-24 05:59:53,484 - INFO - Scraping 5011/6851: https://www.refurbed.de/p/lenovo-thinkpad-x4-ultrabase/
2026-05-24 05:59:54,850 - INFO - Scraping 5012/6851: https://www.refurbed.de/p/lenovo-thinkpad-yoga-11e-g4-i3/
2026-05-24 05:59:55,103 - ERROR - Error fetching https://www.refurbed.de/p/lenovo-thinkpad-yoga-11e-g4-i3/: 404 Client Error: Not Found for url: https://www.refurbed.de/p/lenovo-thinkpad-yoga-11e-g4-i3/
2026-05-24 05:59:56,105 - INFO - Scraping 5013/6851: https://www.refurbed.de/p/lenovo-thinkpad-yoga-11e-g5-n41/
2026-05-24 05:59:57,548 - INFO - Scraping 5014/6851: https://www.refurbed.de/p/lenovo-thinkpad-yoga-11e-m-5y10c/
2026-05-24 05:59:57,803 - ERROR - Error fetching https://www.refurbed.de/p/lenovo-thinkpad-yoga-11e-m-5y10c/: 404 Client Error: Not Found for url: https://www.refurbed.de/p/lenovo-thinkpad-yoga-11e-m-5y10c/
2026-05-24 05:59:58,805 - INFO - Scraping 5015/6851: https://www.refurbed.de/p/lenovo-thinkpad-yoga-11e-n2930/
2026-05-24 05:59:59,052 - ERROR - Error fetching https://www.refurbed.de/p/lenovo-thinkpad-yoga-11e-n2930/: 404 Client Error: Not Found for url: https://www.refurbed.de/p/lenovo-thinkpad-yoga-11e-n2930/
2026-05-24 06:00:00,054 - INFO - Scraping 5016/6851: https://www.refurbed.de/p/lenovo-thinkpad-yoga-11e-n3150/
2026-05-24 06:00:01,435 - INFO - Scraping 5017/6851: https://www.refurbed.de/p/lenovo-thinkpad-yoga-11e-n3160/
2026-05-24 06:00:01,679 - ERROR - Error fetching https://www.refurbed.de/p/lenovo-thinkpad-yoga-11e-n3160/: 404 Client Error: Not Found for url: https://www.refurbed.de/p/lenovo-thinkpad-yoga-11e-n3160/
2026-05-24 06:00:02,681 - INFO - Scraping 5018/6851: https://www.refurbed.de/p/lenovo-thinkpad-yoga-12-5300u/
2026-05-24 06:00:02,915 - ERROR - Error fetching https://www.refurbed.de/p/lenovo-thinkpad-yoga-12-5300u/: 404 Client Error: Not Found for url: https://www.refurbed.de/p/lenovo-thinkpad-yoga-12-5300u/
2026-05-24 06:00:03,918 - INFO - Scraping 5019/6851: https://www.refurbed.de/p/lenovo-thinkpad-yoga-12-i7-5500u/
2026-05-24 06:00:04,156 - ERROR - Error fetching https://www.refurbed.de/p/lenovo-thinkpad-yoga-12-i7-5500u/: 404 Client Error: Not Found for url: https://www.refurbed.de/p/lenovo-thinkpad-yoga-12-i7-5500u/
2026-05-24 06:00:05,159 - INFO - Scraping 5020/6851: https://www.refurbed.de/p/lenovo-thinkpad-yoga-260-6300u/
2026-05-24 06:00:05,402 - ERROR - Error fetching https://www.refurbed.de/p/lenovo-thinkpad-yoga-260-6300u/: 404 Client Error: Not Found for url: https://www.refurbed.de/p/lenovo-thinkpad-yoga-260-6300u/
2026-05-24 06:00:06,405 - INFO - Scraping 5021/6851: https://www.refurbed.de/p/lenovo-thinkpad-yoga-260-6600u/
2026-05-24 06:00:06,650 - ERROR - Error fetching https://www.refurbed.de/p/lenovo-thinkpad-yoga-260-6600u/: 404 Client Error: Not Found for url: https://www.refurbed.de/p/lenovo-thinkpad-yoga-260-6600u/
2026-05-24 06:00:07,653 - INFO - Scraping 5022/6851: https://www.refurbed.de/p/lenovo-thinkpad-yoga-370-i5-7300/
2026-05-24 06:00:07,888 - ERROR - Error fetching https://www.refurbed.de/p/lenovo-thinkpad-yoga-370-i5-7300/: 404 Client Error: Not Found for url: https://www.refurbed.de/p/lenovo-thinkpad-yoga-370-i5-7300/
2026-05-24 06:00:08,890 - INFO - Scraping 5023/6851: https://www.refurbed.de/p/lenovo-thinkpad-yoga-370-i7500u/
2026-05-24 06:00:09,179 - ERROR - Error fetching https://www.refurbed.de/p/lenovo-thinkpad-yoga-370-i7500u/: 404 Client Error: Not Found for url: https://www.refurbed.de/p/lenovo-thinkpad-yoga-370-i7500u/
2026-05-24 06:00:10,181 - INFO - Scraping 5024/6851: https://www.refurbed.de/p/lenovo-thinkpad-yoga-370-i7600u/
2026-05-24 06:00:10,414 - ERROR - Error fetching https://www.refurbed.de/p/lenovo-thinkpad-yoga-370-i7600u/: 404 Client Error: Not Found for url: https://www.refurbed.de/p/lenovo-thinkpad-yoga-370-i7600u/
2026-05-24 06:00:11,416 - INFO - Scraping 5025/6851: https://www.refurbed.de/p/lenovo-thinkpad-yoga-460-6300u/
2026-05-24 06:00:11,684 - ERROR - Error fetching https://www.refurbed.de/p/lenovo-thinkpad-yoga-460-6300u/: 404 Client Error: Not Found for url: https://www.refurbed.de/p/lenovo-thinkpad-yoga-460-6300u/
2026-05-24 06:00:12,687 - INFO - Scraping 5026/6851: https://www.refurbed.de/p/lenovo-thinkpad-yoga-460-6500u/
2026-05-24 06:00:12,946 - ERROR - Error fetching https://www.refurbed.de/p/lenovo-thinkpad-yoga-460-6500u/: 404 Client Error: Not Found for url: https://www.refurbed.de/p/lenovo-thinkpad-yoga-460-6500u/
2026-05-24 06:00:13,949 - INFO - Scraping 5027/6851: https://www.refurbed.de/p/lenovo-thinkpad-yoga-5200u/
2026-05-24 06:00:14,858 - ERROR - Error fetching https://www.refurbed.de/p/lenovo-thinkpad-yoga-5200u/: 404 Client Error: Not Found for url: https://www.refurbed.de/p/lenovo-thinkpad-yoga-5200u/
2026-05-24 06:00:15,860 - INFO - Scraping 5028/6851: https://www.refurbed.de/p/lenovo-tp-c13-yoga-g1-r-5-3500c/
2026-05-24 06:00:17,528 - INFO - Scraping 5029/6851: https://www.refurbed.de/p/lenovo-tp-x1-tablet-g2-7y57/
2026-05-24 06:00:18,544 - ERROR - Error fetching https://www.refurbed.de/p/lenovo-tp-x1-tablet-g2-7y57/: 404 Client Error: Not Found for url: https://www.refurbed.de/p/lenovo-tp-x1-tablet-g2-7y57/
2026-05-24 06:00:19,546 - INFO - Scraping 5030/6851: https://www.refurbed.de/p/lenovo-tp-x1-tablet-g2-i7-7y75/
2026-05-24 06:00:19,993 - ERROR - Error fetching https://www.refurbed.de/p/lenovo-tp-x1-tablet-g2-i7-7y75/: 404 Client Error: Not Found for url: https://www.refurbed.de/p/lenovo-tp-x1-tablet-g2-i7-7y75/
2026-05-24 06:00:20,996 - INFO - Scraping 5031/6851: https://www.refurbed.de/p/lenovo-tp-x1-tablet-g3-i5-8250u/
2026-05-24 06:00:22,836 - INFO - Scraping 5032/6851: https://www.refurbed.de/p/lenovo-tp-x1-tablet-g3-i5-8350u/
2026-05-24 06:00:24,538 - INFO - Scraping 5033/6851: https://www.refurbed.de/p/lenovo-tp-x1-tablet-g3-i7-8550u/
2026-05-24 06:00:26,157 - INFO - Scraping 5034/6851: https://www.refurbed.de/p/lenovo-tp-x1-tablet-g3-i7-8650u/
2026-05-24 06:00:27,580 - INFO - Scraping 5035/6851: https://www.refurbed.de/p/lenovo-tp-x1-yoga-g1-6200u/
2026-05-24 06:00:27,858 - ERROR - Error fetching https://www.refurbed.de/p/lenovo-tp-x1-yoga-g1-6200u/: 404 Client Error: Not Found for url: https://www.refurbed.de/p/lenovo-tp-x1-yoga-g1-6200u/
2026-05-24 06:00:28,861 - INFO - Scraping 5036/6851: https://www.refurbed.de/p/lenovo-tp-x1-yoga-g1-6300u/
2026-05-24 06:00:29,094 - ERROR - Error fetching https://www.refurbed.de/p/lenovo-tp-x1-yoga-g1-6300u/: 404 Client Error: Not Found for url: https://www.refurbed.de/p/lenovo-tp-x1-yoga-g1-6300u/
2026-05-24 06:00:30,096 - INFO - Scraping 5037/6851: https://www.refurbed.de/p/lenovo-tp-x1-yoga-g1-6600u/
2026-05-24 06:00:30,343 - ERROR - Error fetching https://www.refurbed.de/p/lenovo-tp-x1-yoga-g1-6600u/: 404 Client Error: Not Found for url: https://www.refurbed.de/p/lenovo-tp-x1-yoga-g1-6600u/
2026-05-24 06:00:31,345 - INFO - Scraping 5038/6851: https://www.refurbed.de/p/lenovo-tp-x1-yoga-g1-7600u/
2026-05-24 06:00:31,603 - ERROR - Error fetching https://www.refurbed.de/p/lenovo-tp-x1-yoga-g1-7600u/: 404 Client Error: Not Found for url: https://www.refurbed.de/p/lenovo-tp-x1-yoga-g1-7600u/
2026-05-24 06:00:32,605 - INFO - Scraping 5039/6851: https://www.refurbed.de/p/lenovo-tp-x1-yoga-g1-i5-1130g7/
2026-05-24 06:00:34,271 - INFO - Scraping 5040/6851: https://www.refurbed.de/p/lenovo-tp-x1-yoga-g1-i7-1160g7/
2026-05-24 06:00:35,659 - INFO - Scraping 5041/6851: https://www.refurbed.de/p/lenovo-tp-x1-yoga-g2-7200u/
2026-05-24 06:00:35,902 - ERROR - Error fetching https://www.refurbed.de/p/lenovo-tp-x1-yoga-g2-7200u/: 404 Client Error: Not Found for url: https://www.refurbed.de/p/lenovo-tp-x1-yoga-g2-7200u/
2026-05-24 06:00:36,904 - INFO - Scraping 5042/6851: https://www.refurbed.de/p/lenovo-tp-x1-yoga-g2-7300u/
2026-05-24 06:00:37,337 - ERROR - Error fetching https://www.refurbed.de/p/lenovo-tp-x1-yoga-g2-7300u/: 404 Client Error: Not Found for url: https://www.refurbed.de/p/lenovo-tp-x1-yoga-g2-7300u/
2026-05-24 06:00:38,339 - INFO - Scraping 5043/6851: https://www.refurbed.de/p/lenovo-tp-x1-yoga-g2-7500u/
2026-05-24 06:00:38,595 - ERROR - Error fetching https://www.refurbed.de/p/lenovo-tp-x1-yoga-g2-7500u/: 404 Client Error: Not Found for url: https://www.refurbed.de/p/lenovo-tp-x1-yoga-g2-7500u/
2026-05-24 06:00:39,598 - INFO - Scraping 5044/6851: https://www.refurbed.de/p/lenovo-tp-x1-yoga-g2-7600u/
2026-05-24 06:00:39,824 - ERROR - Error fetching https://www.refurbed.de/p/lenovo-tp-x1-yoga-g2-7600u/: 404 Client Error: Not Found for url: https://www.refurbed.de/p/lenovo-tp-x1-yoga-g2-7600u/
2026-05-24 06:00:40,826 - INFO - Scraping 5045/6851: https://www.refurbed.de/p/lenovo-tp-x1-yoga-g3-8250u/
2026-05-24 06:00:42,546 - INFO - Scraping 5046/6851: https://www.refurbed.de/p/lenovo-tp-x1-yoga-g3-8350u/
2026-05-24 06:00:44,105 - INFO - Scraping 5047/6851: https://www.refurbed.de/p/lenovo-tp-x1-yoga-g3-8550u/
2026-05-24 06:00:45,910 - INFO - Scraping 5048/6851: https://www.refurbed.de/p/lenovo-tp-x1-yoga-g3-8650u/
2026-05-24 06:00:47,462 - INFO - Scraping 5049/6851: https://www.refurbed.de/p/lenovo-tp-x1-yoga-g4-10210u/
2026-05-24 06:00:48,934 - INFO - Scraping 5050/6851: https://www.refurbed.de/p/lenovo-tp-x1-yoga-g4-8265u/
2026-05-24 06:00:50,459 - INFO - Scraping 5051/6851: https://www.refurbed.de/p/lenovo-tp-x1-yoga-g4-8365u/
2026-05-24 06:00:52,020 - INFO - Scraping 5052/6851: https://www.refurbed.de/p/lenovo-tp-x1-yoga-g4-8565u/
2026-05-24 06:00:53,612 - INFO - Scraping 5053/6851: https://www.refurbed.de/p/lenovo-tp-x1-yoga-g4-8665u/
2026-05-24 06:00:55,219 - INFO - Scraping 5054/6851: https://www.refurbed.de/p/lenovo-tp-x1-yoga-g4-i5-6300u/
2026-05-24 06:00:55,451 - ERROR - Error fetching https://www.refurbed.de/p/lenovo-tp-x1-yoga-g4-i5-6300u/: 404 Client Error: Not Found for url: https://www.refurbed.de/p/lenovo-tp-x1-yoga-g4-i5-6300u/
2026-05-24 06:00:56,454 - INFO - Scraping 5055/6851: https://www.refurbed.de/p/lenovo-tp-x1-yoga-g5-10210u/
2026-05-24 06:00:58,007 - INFO - Scraping 5056/6851: https://www.refurbed.de/p/lenovo-tp-x1-yoga-g5-10310u/
2026-05-24 06:00:59,531 - INFO - Scraping 5057/6851: https://www.refurbed.de/p/lenovo-tp-x1-yoga-g5-10510u-14/
2026-05-24 06:01:01,116 - INFO - Scraping 5058/6851: https://www.refurbed.de/p/lenovo-tp-x1-yoga-g5-6300u/
2026-05-24 06:01:01,463 - ERROR - Error fetching https://www.refurbed.de/p/lenovo-tp-x1-yoga-g5-6300u/: 404 Client Error: Not Found for url: https://www.refurbed.de/p/lenovo-tp-x1-yoga-g5-6300u/
2026-05-24 06:01:02,465 - INFO - Scraping 5059/6851: https://www.refurbed.de/p/lenovo-tp-x1-yoga-g5-7500u/
2026-05-24 06:01:02,696 - ERROR - Error fetching https://www.refurbed.de/p/lenovo-tp-x1-yoga-g5-7500u/: 404 Client Error: Not Found for url: https://www.refurbed.de/p/lenovo-tp-x1-yoga-g5-7500u/
2026-05-24 06:01:03,699 - INFO - Scraping 5060/6851: https://www.refurbed.de/p/lenovo-tp-x1-yoga-g5-i7-10610u/
2026-05-24 06:01:05,345 - INFO - Scraping 5061/6851: https://www.refurbed.de/p/lenovo-tp-x1-yoga-g6-8350u/
2026-05-24 06:01:07,151 - INFO - Scraping 5062/6851: https://www.refurbed.de/p/lenovo-tp-x1-yoga-g6-8650u/
2026-05-24 06:01:08,592 - INFO - Scraping 5063/6851: https://www.refurbed.de/p/lenovo-tp-x1-yoga-g6-i5-1135g7/
2026-05-24 06:01:10,198 - INFO - Scraping 5064/6851: https://www.refurbed.de/p/lenovo-tp-x1-yoga-g6-i5-1145g7/
2026-05-24 06:01:11,894 - INFO - Scraping 5065/6851: https://www.refurbed.de/p/lenovo-tp-x1-yoga-g6-i7-1165g7/
2026-05-24 06:01:13,543 - INFO - Scraping 5066/6851: https://www.refurbed.de/p/lenovo-tp-x1-yoga-g6-i7-1185g7/
2026-05-24 06:01:15,028 - INFO - Scraping 5067/6851: https://www.refurbed.de/p/lenovo-tp-x1-yoga-g7-8365u/
2026-05-24 06:01:16,410 - INFO - Scraping 5068/6851: https://www.refurbed.de/p/lenovo-tp-x1-yoga-g7-i5-1235u/
2026-05-24 06:01:18,043 - INFO - Scraping 5069/6851: https://www.refurbed.de/p/lenovo-tp-x1-yoga-g7-i5-1245u/
2026-05-24 06:01:19,643 - INFO - Scraping 5070/6851: https://www.refurbed.de/p/lenovo-tp-x1-yoga-g7-i7-1255u/
2026-05-24 06:01:21,192 - INFO - Scraping 5071/6851: https://www.refurbed.de/p/lenovo-tp-x1-yoga-g7-i7-1260p/
2026-05-24 06:01:22,644 - INFO - Scraping 5072/6851: https://www.refurbed.de/p/lenovo-tp-x1-yoga-g7-i7-1265u/
2026-05-24 06:01:24,313 - INFO - Scraping 5073/6851: https://www.refurbed.de/p/lenovo-tp-x1-yoga-g7-i7-1270p/
2026-05-24 06:01:25,878 - INFO - Scraping 5074/6851: https://www.refurbed.de/p/lenovo-tp-x1-yoga-g7-i7-1280p/
2026-05-24 06:01:27,281 - INFO - Scraping 5075/6851: https://www.refurbed.de/p/lenovo-tp-x1-yoga-g8-i5-1345u/
2026-05-24 06:01:29,047 - INFO - Scraping 5076/6851: https://www.refurbed.de/p/lenovo-tp-x1-yoga-g8-i7-1365u/
2026-05-24 06:01:30,590 - INFO - Scraping 5077/6851: https://www.refurbed.de/p/lenovo-tp-yoga-11e-g4-7200u-11-6/
2026-05-24 06:01:30,830 - ERROR - Error fetching https://www.refurbed.de/p/lenovo-tp-yoga-11e-g4-7200u-11-6/: 404 Client Error: Not Found for url: https://www.refurbed.de/p/lenovo-tp-yoga-11e-g4-7200u-11-6/
2026-05-24 06:01:31,832 - INFO - Scraping 5078/6851: https://www.refurbed.de/p/lenovo-tp-yoga-i7-5500u/
2026-05-24 06:01:32,062 - ERROR - Error fetching https://www.refurbed.de/p/lenovo-tp-yoga-i7-5500u/: 404 Client Error: Not Found for url: https://www.refurbed.de/p/lenovo-tp-yoga-i7-5500u/
2026-05-24 06:01:33,065 - INFO - Scraping 5079/6851: https://www.refurbed.de/p/lenovo-tp-yoga-x380-8250u/
2026-05-24 06:01:34,774 - INFO - Scraping 5080/6851: https://www.refurbed.de/p/lenovo-tp-yoga-x380-8350u/
2026-05-24 06:01:36,332 - INFO - Scraping 5081/6851: https://www.refurbed.de/p/lenovo-tp-yoga-x380-8650u-13-3/
2026-05-24 06:01:37,861 - INFO - Scraping 5082/6851: https://www.refurbed.de/p/lenovo-tp-yoga-x380-i7-8550u/
2026-05-24 06:01:39,527 - INFO - Scraping 5083/6851: https://www.refurbed.de/p/lenovo-tp-yoga-x390-8365u/
2026-05-24 06:01:41,092 - INFO - Scraping 5084/6851: https://www.refurbed.de/p/lenovo-tp-yoga-x390-8565u/
2026-05-24 06:01:42,635 - INFO - Scraping 5085/6851: https://www.refurbed.de/p/lenovo-tp-yoga-x390-8665u-13-3/
2026-05-24 06:01:44,216 - INFO - Scraping 5086/6851: https://www.refurbed.de/p/lenovo-tp-yoga-x390-i5-8265u/
2026-05-24 06:01:45,804 - INFO - Scraping 5087/6851: https://www.refurbed.de/p/lenovo-tp-yoga-x390-i5-8350u/
2026-05-24 06:01:47,214 - INFO - Scraping 5088/6851: https://www.refurbed.de/p/lenovo-x1-yoga-g4-i7-8650u-14/
2026-05-24 06:01:48,937 - INFO - Scraping 5089/6851: https://www.refurbed.de/p/lenovo-x13-yoga-g2-1135g7/
2026-05-24 06:01:50,719 - INFO - Scraping 5090/6851: https://www.refurbed.de/p/lenovo-x13-yoga-g2-i5-1145g7/
2026-05-24 06:01:52,449 - INFO - Scraping 5091/6851: https://www.refurbed.de/p/lenovo-x13-yoga-g2-i7-1165g7/
2026-05-24 06:01:53,912 - INFO - Scraping 5092/6851: https://www.refurbed.de/p/lenovo-x13-yoga-g3-5-pro-6650u/
2026-05-24 06:01:55,441 - INFO - Scraping 5093/6851: https://www.refurbed.de/p/lenovo-x13-yoga-g3-i5-1245u/
2026-05-24 06:01:56,961 - INFO - Scraping 5094/6851: https://www.refurbed.de/p/lenovo-x13-yoga-g3-i7-1255u/
2026-05-24 06:01:58,419 - INFO - Scraping 5095/6851: https://www.refurbed.de/p/lenovo-x13-yoga-g4-i5-1345u/
2026-05-24 06:01:59,988 - INFO - Scraping 5096/6851: https://www.refurbed.de/p/lenovo-yoga-510-14ikb-i3-7100u/
2026-05-24 06:02:00,242 - ERROR - Error fetching https://www.refurbed.de/p/lenovo-yoga-510-14ikb-i3-7100u/: 404 Client Error: Not Found for url: https://www.refurbed.de/p/lenovo-yoga-510-14ikb-i3-7100u/
2026-05-24 06:02:01,245 - INFO - Scraping 5097/6851: https://www.refurbed.de/p/lenovo-yoga-520-14ikb-7100u/
2026-05-24 06:02:01,485 - ERROR - Error fetching https://www.refurbed.de/p/lenovo-yoga-520-14ikb-7100u/: 404 Client Error: Not Found for url: https://www.refurbed.de/p/lenovo-yoga-520-14ikb-7100u/
2026-05-24 06:02:02,487 - INFO - Scraping 5098/6851: https://www.refurbed.de/p/lenovo-yoga-520-14ikb-i3-7130u/
2026-05-24 06:02:02,728 - ERROR - Error fetching https://www.refurbed.de/p/lenovo-yoga-520-14ikb-i3-7130u/: 404 Client Error: Not Found for url: https://www.refurbed.de/p/lenovo-yoga-520-14ikb-i3-7130u/
2026-05-24 06:02:03,730 - INFO - Scraping 5099/6851: https://www.refurbed.de/p/lenovo-yoga-530-14ikb-i5-8250u/
2026-05-24 06:02:05,153 - INFO - Scraping 5100/6851: https://www.refurbed.de/p/lenovo-yoga-530-2200u/
2026-05-24 06:02:05,446 - ERROR - Error fetching https://www.refurbed.de/p/lenovo-yoga-530-2200u/: 404 Client Error: Not Found for url: https://www.refurbed.de/p/lenovo-yoga-530-2200u/
2026-05-24 06:02:06,448 - INFO - Scraping 5101/6851: https://www.refurbed.de/p/lenovo-yoga-5g-8cx/
2026-05-24 06:02:07,846 - INFO - Scraping 5102/6851: https://www.refurbed.de/p/lenovo-yoga-6-55500u/
2026-05-24 06:02:09,222 - INFO - Scraping 5103/6851: https://www.refurbed.de/p/lenovo-yoga-7-14arb7-r7-6800u/
2026-05-24 06:02:10,644 - INFO - Scraping 5104/6851: https://www.refurbed.de/p/lenovo-yoga-7-14ial7-i7-1260p/
2026-05-24 06:02:12,077 - INFO - Scraping 5105/6851: https://www.refurbed.de/p/lenovo-yoga-7-15itl5-1135g7-15-6/
2026-05-24 06:02:13,443 - INFO - Scraping 5106/6851: https://www.refurbed.de/p/lenovo-yoga-7-15itl5-1165g7-15-6/
2026-05-24 06:02:14,844 - INFO - Scraping 5107/6851: https://www.refurbed.de/p/lenovo-yoga-720-13ikb-i5-7200u-1/
2026-05-24 06:02:15,081 - ERROR - Error fetching https://www.refurbed.de/p/lenovo-yoga-720-13ikb-i5-7200u-1/: 404 Client Error: Not Found for url: https://www.refurbed.de/p/lenovo-yoga-720-13ikb-i5-7200u-1/
2026-05-24 06:02:16,084 - INFO - Scraping 5108/6851: https://www.refurbed.de/p/lenovo-yoga-720-13ikb-i7-7500u-1/
2026-05-24 06:02:16,327 - ERROR - Error fetching https://www.refurbed.de/p/lenovo-yoga-720-13ikb-i7-7500u-1/: 404 Client Error: Not Found for url: https://www.refurbed.de/p/lenovo-yoga-720-13ikb-i7-7500u-1/
2026-05-24 06:02:17,330 - INFO - Scraping 5109/6851: https://www.refurbed.de/p/lenovo-yoga-730-15iwl-8565u/
2026-05-24 06:02:18,731 - INFO - Scraping 5110/6851: https://www.refurbed.de/p/lenovo-yoga-9-14itl5-1185g7/
2026-05-24 06:02:20,262 - INFO - Scraping 5111/6851: https://www.refurbed.de/p/lenovo-yoga-910-13ikb-i7-7500u/
2026-05-24 06:02:20,503 - ERROR - Error fetching https://www.refurbed.de/p/lenovo-yoga-910-13ikb-i7-7500u/: 404 Client Error: Not Found for url: https://www.refurbed.de/p/lenovo-yoga-910-13ikb-i7-7500u/
2026-05-24 06:02:21,505 - INFO - Scraping 5112/6851: https://www.refurbed.de/p/lenovo-yoga-920-13ikb-i7-8550u/
2026-05-24 06:02:22,940 - INFO - Scraping 5113/6851: https://www.refurbed.de/p/lenovo-yoga-c640-13iml-10210u/
2026-05-24 06:02:24,304 - INFO - Scraping 5114/6851: https://www.refurbed.de/p/lenovo-yoga-c940-14iil-i7-1065g7/
2026-05-24 06:02:25,689 - INFO - Scraping 5115/6851: https://www.refurbed.de/p/lenovo-yoga-slim-6-i7-1260p/
2026-05-24 06:02:27,095 - INFO - Scraping 5116/6851: https://www.refurbed.de/p/lenovo-yoga-slim-7-14apu8-7640s/
2026-05-24 06:02:28,534 - INFO - Scraping 5117/6851: https://www.refurbed.de/p/lenovo-yoga-slim-7-i5-1135/
2026-05-24 06:02:30,009 - INFO - Scraping 5118/6851: https://www.refurbed.de/p/lenovo-yoga-slim-7-pro-7-5800h/
2026-05-24 06:02:31,511 - INFO - Scraping 5119/6851: https://www.refurbed.de/p/lenovo-yoga-slim-7-ryzen-5-4600/
2026-05-24 06:02:32,865 - INFO - Scraping 5120/6851: https://www.refurbed.de/p/lenovo-yoga-slim-9-1165g7/
2026-05-24 06:02:34,271 - INFO - Scraping 5121/6851: https://www.refurbed.de/p/lenovo-yoga-smart-tab/
2026-05-24 06:02:35,724 - INFO - Scraping 5122/6851: https://www.refurbed.de/p/lenovo-yoga-tab-13-yt-k606f/
2026-05-24 06:02:37,125 - INFO - Scraping 5123/6851: https://www.refurbed.de/p/lenovo-yoga-tab-2-pro/
2026-05-24 06:02:38,503 - INFO - Scraping 5124/6851: https://www.refurbed.de/p/lenovo-yoga-tab-3-plus-10/
2026-05-24 06:02:39,930 - INFO - Scraping 5125/6851: https://www.refurbed.de/p/lenovo-yoga-tab2-10/
2026-05-24 06:02:41,309 - INFO - Scraping 5126/6851: https://www.refurbed.de/p/lenovo-yoga-tab3-10/
2026-05-24 06:02:42,674 - INFO - Scraping 5127/6851: https://www.refurbed.de/p/lg-22bk55wy-w/
2026-05-24 06:02:44,175 - INFO - Scraping 5128/6851: https://www.refurbed.de/p/lg-22eb23py-w-22/
2026-05-24 06:02:45,525 - INFO - Scraping 5129/6851: https://www.refurbed.de/p/lg-22mb35pu/
2026-05-24 06:02:46,932 - INFO - Scraping 5130/6851: https://www.refurbed.de/p/lg-22mb65pm-b/
2026-05-24 06:02:48,477 - INFO - Scraping 5131/6851: https://www.refurbed.de/p/lg-22mb65pm-w-22/
2026-05-24 06:02:49,849 - INFO - Scraping 5132/6851: https://www.refurbed.de/p/lg-22mb65py-b-22/
2026-05-24 06:02:51,301 - INFO - Scraping 5133/6851: https://www.refurbed.de/p/lg-23mb35pm-b/
2026-05-24 06:02:52,838 - INFO - Scraping 5134/6851: https://www.refurbed.de/p/lg-23mb35py-b/
2026-05-24 06:02:54,223 - INFO - Scraping 5135/6851: https://www.refurbed.de/p/lg-24bk450h-b/
2026-05-24 06:02:55,700 - INFO - Scraping 5136/6851: https://www.refurbed.de/p/lg-24bk550y-b-23-8/
2026-05-24 06:02:57,231 - INFO - Scraping 5137/6851: https://www.refurbed.de/p/lg-24bk550y-i-23-8/
2026-05-24 06:02:58,639 - INFO - Scraping 5138/6851: https://www.refurbed.de/p/lg-24bk550y-w-23-8/
2026-05-24 06:03:00,164 - INFO - Scraping 5139/6851: https://www.refurbed.de/p/lg-24bk750y-b/
2026-05-24 06:03:01,573 - INFO - Scraping 5140/6851: https://www.refurbed.de/p/lg-24eb23/
2026-05-24 06:03:03,116 - INFO - Scraping 5141/6851: https://www.refurbed.de/p/lg-24eb23pm-w/
2026-05-24 06:03:04,614 - INFO - Scraping 5142/6851: https://www.refurbed.de/p/lg-24mb35ph-b/
2026-05-24 06:03:05,973 - INFO - Scraping 5143/6851: https://www.refurbed.de/p/lg-24mb35pm/
2026-05-24 06:03:07,496 - INFO - Scraping 5144/6851: https://www.refurbed.de/p/lg-24mb35py-b-23-8/
2026-05-24 06:03:08,866 - INFO - Scraping 5145/6851: https://www.refurbed.de/p/lg-24mb37pm/
2026-05-24 06:03:10,462 - INFO - Scraping 5146/6851: https://www.refurbed.de/p/lg-24mb56hq-b-23-8/
2026-05-24 06:03:11,891 - INFO - Scraping 5147/6851: https://www.refurbed.de/p/lg-24mb56hq-t-23-8/
2026-05-24 06:03:13,241 - INFO - Scraping 5148/6851: https://www.refurbed.de/p/lg-24mb65pm-b-24/
2026-05-24 06:03:14,778 - INFO - Scraping 5149/6851: https://www.refurbed.de/p/lg-24mb65pm-i-24/
2026-05-24 06:03:16,359 - INFO - Scraping 5150/6851: https://www.refurbed.de/p/lg-24mb65py/
2026-05-24 06:03:17,905 - INFO - Scraping 5151/6851: https://www.refurbed.de/p/lg-24mk430h-b/
2026-05-24 06:03:19,352 - INFO - Scraping 5152/6851: https://www.refurbed.de/p/lg-24mp400-b-23-8/
2026-05-24 06:03:20,791 - INFO - Scraping 5153/6851: https://www.refurbed.de/p/lg-24mp60g-b-23-8/
2026-05-24 06:03:22,230 - INFO - Scraping 5154/6851: https://www.refurbed.de/p/lg-27bk550y-w-27/
2026-05-24 06:03:23,749 - INFO - Scraping 5155/6851: https://www.refurbed.de/p/lg-27mb65py-b/
2026-05-24 06:03:25,458 - INFO - Scraping 5156/6851: https://www.refurbed.de/p/lg-27mb65py-w-27/
2026-05-24 06:03:26,866 - INFO - Scraping 5157/6851: https://www.refurbed.de/p/lg-27mp59g-p/
2026-05-24 06:03:28,359 - INFO - Scraping 5158/6851: https://www.refurbed.de/p/lg-27uk670-27/
2026-05-24 06:03:29,773 - INFO - Scraping 5159/6851: https://www.refurbed.de/p/lg-27ul500-w/
2026-05-24 06:03:31,150 - INFO - Scraping 5160/6851: https://www.refurbed.de/p/lg-27ul850-w-27/
2026-05-24 06:03:32,530 - INFO - Scraping 5161/6851: https://www.refurbed.de/p/lg-27up850-w-27/
2026-05-24 06:03:34,084 - INFO - Scraping 5162/6851: https://www.refurbed.de/p/lg-32ud99-w-31-5/
2026-05-24 06:03:35,517 - INFO - Scraping 5163/6851: https://www.refurbed.de/p/lg-34ub67-b-34/
2026-05-24 06:03:36,894 - INFO - Scraping 5164/6851: https://www.refurbed.de/p/lg-34uc88-b-34/
2026-05-24 06:03:38,272 - INFO - Scraping 5165/6851: https://www.refurbed.de/p/lg-34uc97-s-34/
2026-05-24 06:03:39,631 - INFO - Scraping 5166/6851: https://www.refurbed.de/p/lg-34um69g-b-34/
2026-05-24 06:03:41,095 - INFO - Scraping 5167/6851: https://www.refurbed.de/p/lg-43uq75009lf/
2026-05-24 06:03:42,517 - INFO - Scraping 5168/6851: https://www.refurbed.de/p/lg-43ur74006lb/
2026-05-24 06:03:43,912 - INFO - Scraping 5169/6851: https://www.refurbed.de/p/lg-49ub830v-49/
2026-05-24 06:03:45,396 - INFO - Scraping 5170/6851: https://www.refurbed.de/p/lg-50uq75009lf/
2026-05-24 06:03:46,767 - INFO - Scraping 5171/6851: https://www.refurbed.de/p/lg-55ea9709/
2026-05-24 06:03:48,225 - INFO - Scraping 5172/6851: https://www.refurbed.de/p/lg-55nano759pa/
2026-05-24 06:03:49,607 - INFO - Scraping 5173/6851: https://www.refurbed.de/p/lg-55nano867na-55/
2026-05-24 06:03:51,003 - INFO - Scraping 5174/6851: https://www.refurbed.de/p/lg-65uk6470plc-55/
2026-05-24 06:03:52,381 - INFO - Scraping 5175/6851: https://www.refurbed.de/p/lg-75nano999na-75/
2026-05-24 06:03:53,739 - INFO - Scraping 5176/6851: https://www.refurbed.de/p/lg-75up80009la-75/
2026-05-24 06:03:55,184 - INFO - Scraping 5177/6851: https://www.refurbed.de/p/lg-cinebeam-hu915qe/
2026-05-24 06:03:56,684 - INFO - Scraping 5178/6851: https://www.refurbed.de/p/lg-cinebeam-led-full-hd-hf60lsr/
2026-05-24 06:03:58,075 - INFO - Scraping 5179/6851: https://www.refurbed.de/p/lg-cinebeam-q/
2026-05-24 06:03:59,474 - INFO - Scraping 5180/6851: https://www.refurbed.de/p/lg-db325txs/
2026-05-24 06:04:00,912 - INFO - Scraping 5181/6851: https://www.refurbed.de/p/lg-db365txs/
2026-05-24 06:04:02,360 - INFO - Scraping 5182/6851: https://www.refurbed.de/p/lg-ds60tr-soundbar/
2026-05-24 06:04:03,738 - INFO - Scraping 5183/6851: https://www.refurbed.de/p/lg-ds80qy-soundbar/
2026-05-24 06:04:05,145 - INFO - Scraping 5184/6851: https://www.refurbed.de/p/lg-ds80tr-soundbar/
2026-05-24 06:04:06,680 - INFO - Scraping 5185/6851: https://www.refurbed.de/p/lg-ds95qr-soundbar/
2026-05-24 06:04:08,276 - INFO - Scraping 5186/6851: https://www.refurbed.de/p/lg-ds95tr-soundbar/
2026-05-24 06:04:09,733 - INFO - Scraping 5187/6851: https://www.refurbed.de/p/lg-dsg10ty-soundbar/
2026-05-24 06:04:11,289 - INFO - Scraping 5188/6851: https://www.refurbed.de/p/lg-f4r3010nswb/
2026-05-24 06:04:12,711 - INFO - Scraping 5189/6851: https://www.refurbed.de/p/lg-f4r3011nswb/
2026-05-24 06:04:14,084 - INFO - Scraping 5190/6851: https://www.refurbed.de/p/lg-f4r3710nsww/
2026-05-24 06:04:15,442 - INFO - Scraping 5191/6851: https://www.refurbed.de/p/lg-f4r5011tsww/
2026-05-24 06:04:16,887 - INFO - Scraping 5192/6851: https://www.refurbed.de/p/lg-f4r9009tpwc/
2026-05-24 06:04:18,577 - INFO - Scraping 5193/6851: https://www.refurbed.de/p/lg-f4wm309sae/
2026-05-24 06:04:20,034 - INFO - Scraping 5194/6851: https://www.refurbed.de/p/lg-f4wv309s4e/
2026-05-24 06:04:21,460 - INFO - Scraping 5195/6851: https://www.refurbed.de/p/lg-flatron-23mb35ph-b-23/
2026-05-24 06:04:23,156 - INFO - Scraping 5196/6851: https://www.refurbed.de/p/lg-flatron-24eb23pm-b-24/
2026-05-24 06:04:24,751 - INFO - Scraping 5197/6851: https://www.refurbed.de/p/lg-flatron-24mb65pm-24/
2026-05-24 06:04:26,492 - INFO - Scraping 5198/6851: https://www.refurbed.de/p/lg-flatron-e2210pm-sn-22/
2026-05-24 06:04:27,903 - INFO - Scraping 5199/6851: https://www.refurbed.de/p/lg-flatron-e2411pu-bn/
2026-05-24 06:04:29,276 - INFO - Scraping 5200/6851: https://www.refurbed.de/p/lg-flatron-e2422py-bn/
2026-05-24 06:04:30,714 - INFO - Scraping 5201/6851: https://www.refurbed.de/p/lg-flatron-ips231p-23/
2026-05-24 06:04:32,085 - INFO - Scraping 5202/6851: https://www.refurbed.de/p/lg-flatron-ips234v-23/
2026-05-24 06:04:33,591 - INFO - Scraping 5203/6851: https://www.refurbed.de/p/lg-flatron-l1942s-bf/
2026-05-24 06:04:34,981 - INFO - Scraping 5204/6851: https://www.refurbed.de/p/lg-flatron-l226wtq-sf-22/
2026-05-24 06:04:36,409 - INFO - Scraping 5205/6851: https://www.refurbed.de/p/lg-flatron-w2242pm-22/
2026-05-24 06:04:37,804 - INFO - Scraping 5206/6851: https://www.refurbed.de/p/lg-flatron-w2442pa-bf-24/
2026-05-24 06:04:39,196 - INFO - Scraping 5207/6851: https://www.refurbed.de/p/lg-flatronw2442pe-sf-24/
2026-05-24 06:04:40,637 - INFO - Scraping 5208/6851: https://www.refurbed.de/p/lg-gbb62pzjmn/
2026-05-24 06:04:41,997 - INFO - Scraping 5209/6851: https://www.refurbed.de/p/lg-gbb72nsvcn1/
2026-05-24 06:04:43,390 - INFO - Scraping 5210/6851: https://www.refurbed.de/p/lg-gbb72pzugn-apzqeur/
2026-05-24 06:04:44,824 - INFO - Scraping 5211/6851: https://www.refurbed.de/p/lg-gbp62pznbc/
2026-05-24 06:04:46,242 - INFO - Scraping 5212/6851: https://www.refurbed.de/p/lg-gmj916nshv-side-by-side/
2026-05-24 06:04:48,345 - INFO - Scraping 5213/6851: https://www.refurbed.de/p/lg-gram-14-1035g7/
2026-05-24 06:04:50,154 - INFO - Scraping 5214/6851: https://www.refurbed.de/p/lg-gram-16-i7-1165g7-2021/
2026-05-24 06:04:52,057 - INFO - Scraping 5215/6851: https://www.refurbed.de/p/lg-gram-16-view/
2026-05-24 06:04:53,971 - INFO - Scraping 5216/6851: https://www.refurbed.de/p/lg-gram-17-2021-1135g7/
2026-05-24 06:04:54,537 - ERROR - Error fetching https://www.refurbed.de/p/lg-gram-17-2021-1135g7/: 404 Client Error: Not Found for url: https://www.refurbed.de/p/lg-gram-17-2021-1135g7/
2026-05-24 06:04:55,540 - INFO - Scraping 5217/6851: https://www.refurbed.de/p/lg-gram-17-2023-5-125h/
2026-05-24 06:04:56,972 - INFO - Scraping 5218/6851: https://www.refurbed.de/p/lg-gram-17-2023-i7-1360p/
2026-05-24 06:04:58,430 - INFO - Scraping 5219/6851: https://www.refurbed.de/p/lg-gram-17-2024-core-ultra-7/
2026-05-24 06:04:59,762 - INFO - Scraping 5220/6851: https://www.refurbed.de/p/lg-gram-pro-16-2-in-1-7-155h/
2026-05-24 06:05:01,101 - INFO - Scraping 5221/6851: https://www.refurbed.de/p/lg-gram-pro-16-2024-7-155h/
2026-05-24 06:05:02,445 - INFO - Scraping 5222/6851: https://www.refurbed.de/p/lg-gram-pro-17-2024-7-155h/
2026-05-24 06:05:03,824 - INFO - Scraping 5223/6851: https://www.refurbed.de/p/lg-gram-style-16-2023-i7-1360/
2026-05-24 06:05:05,303 - INFO - Scraping 5224/6851: https://www.refurbed.de/p/lg-gram-superslim-i7-1360p/
2026-05-24 06:05:06,756 - INFO - Scraping 5225/6851: https://www.refurbed.de/p/lg-gsl461icez-side-by-side/
2026-05-24 06:05:08,161 - INFO - Scraping 5226/6851: https://www.refurbed.de/p/lg-hbs-900/
2026-05-24 06:05:09,587 - INFO - Scraping 5227/6851: https://www.refurbed.de/p/lg-mh6565cpb/
2026-05-24 06:05:11,001 - INFO - Scraping 5228/6851: https://www.refurbed.de/p/lg-ms2042d/
2026-05-24 06:05:12,620 - INFO - Scraping 5229/6851: https://www.refurbed.de/p/lg-ms2595cis/
2026-05-24 06:05:14,019 - INFO - Scraping 5230/6851: https://www.refurbed.de/p/lg-nano86-55/
2026-05-24 06:05:15,400 - INFO - Scraping 5231/6851: https://www.refurbed.de/p/lg-oled55b23la/
2026-05-24 06:05:16,803 - INFO - Scraping 5232/6851: https://www.refurbed.de/p/lg-qp5-soundbar/
2026-05-24 06:05:18,336 - INFO - Scraping 5233/6851: https://www.refurbed.de/p/lg-sc9s-soundbar/
2026-05-24 06:05:19,789 - INFO - Scraping 5234/6851: https://www.refurbed.de/p/lg-signature-oled77w7v/
2026-05-24 06:05:21,176 - INFO - Scraping 5235/6851: https://www.refurbed.de/p/lg-sk5-soundbar/
2026-05-24 06:05:22,711 - INFO - Scraping 5236/6851: https://www.refurbed.de/p/lg-sn8yg-soundbar/
2026-05-24 06:05:24,143 - INFO - Scraping 5237/6851: https://www.refurbed.de/p/lg-sp7-soundbar/
2026-05-24 06:05:25,564 - INFO - Scraping 5238/6851: https://www.refurbed.de/p/lg-sp9ya-soundbar/
2026-05-24 06:05:26,992 - INFO - Scraping 5239/6851: https://www.refurbed.de/p/lg-styler-s3rerb/
2026-05-24 06:05:28,434 - INFO - Scraping 5240/6851: https://www.refurbed.de/p/lg-thinq-wk7/
2026-05-24 06:05:29,840 - INFO - Scraping 5241/6851: https://www.refurbed.de/p/lg-tone-free-dt90q/
2026-05-24 06:05:31,344 - INFO - Scraping 5242/6851: https://www.refurbed.de/p/lg-tone-free-fit/
2026-05-24 06:05:32,706 - INFO - Scraping 5243/6851: https://www.refurbed.de/p/lg-tone-free-fp9/
2026-05-24 06:05:34,138 - INFO - Scraping 5244/6851: https://www.refurbed.de/p/lg-tone-free-fp9w/
2026-05-24 06:05:35,564 - INFO - Scraping 5245/6851: https://www.refurbed.de/p/lg-tone-free-hbs-f110/
2026-05-24 06:05:36,975 - INFO - Scraping 5246/6851: https://www.refurbed.de/p/lg-tone-free-t90s/
2026-05-24 06:05:38,380 - INFO - Scraping 5247/6851: https://www.refurbed.de/p/lg-tone-infinim/
2026-05-24 06:05:39,739 - INFO - Scraping 5248/6851: https://www.refurbed.de/p/lg-tone-pro-hbs-780/
2026-05-24 06:05:41,148 - INFO - Scraping 5249/6851: https://www.refurbed.de/p/lg-tone-ultra-hbs-800/
2026-05-24 06:05:42,512 - INFO - Scraping 5250/6851: https://www.refurbed.de/p/lg-ultrawide-34bn670-b/
2026-05-24 06:05:43,897 - INFO - Scraping 5251/6851: https://www.refurbed.de/p/lg-ultrawide-34wl85c-b/
2026-05-24 06:05:45,276 - INFO - Scraping 5252/6851: https://www.refurbed.de/p/lg-ultrawide-34wn780-b-34/
2026-05-24 06:05:46,593 - INFO - Scraping 5253/6851: https://www.refurbed.de/p/lg-ultrawide-34wn80c-b/
2026-05-24 06:05:47,971 - INFO - Scraping 5254/6851: https://www.refurbed.de/p/lg-ultrawide-38bq85c-w/
2026-05-24 06:05:49,344 - INFO - Scraping 5255/6851: https://www.refurbed.de/p/lg-ultrawide-38wk95c-w/
2026-05-24 06:05:50,736 - INFO - Scraping 5256/6851: https://www.refurbed.de/p/lg-ultrawide-49wl95c-w/
2026-05-24 06:05:52,145 - INFO - Scraping 5257/6851: https://www.refurbed.de/p/lg-up970/
2026-05-24 06:05:53,545 - INFO - Scraping 5258/6851: https://www.refurbed.de/p/lg-w2242pk-22/
2026-05-24 06:05:55,121 - INFO - Scraping 5259/6851: https://www.refurbed.de/p/lg-w2242t-df-22/
2026-05-24 06:05:56,517 - INFO - Scraping 5260/6851: https://www.refurbed.de/p/lg-xboom-go-dxgq5/
2026-05-24 06:05:57,891 - INFO - Scraping 5261/6851: https://www.refurbed.de/p/lg-xboom-go-dxgq7/
2026-05-24 06:05:59,327 - INFO - Scraping 5262/6851: https://www.refurbed.de/p/lg-xboom-go-xg9/
2026-05-24 06:06:00,749 - INFO - Scraping 5263/6851: https://www.refurbed.de/p/lg-xboom-ol100/
2026-05-24 06:06:02,137 - INFO - Scraping 5264/6851: https://www.refurbed.de/p/lg-xboom-rn5/
2026-05-24 06:06:03,629 - INFO - Scraping 5265/6851: https://www.refurbed.de/p/lg-xboom-xl7s/
2026-05-24 06:06:05,045 - INFO - Scraping 5266/6851: https://www.refurbed.de/p/lnv-ideapad-miix-700-12isk-m7/
2026-05-24 06:06:05,283 - ERROR - Error fetching https://www.refurbed.de/p/lnv-ideapad-miix-700-12isk-m7/: 404 Client Error: Not Found for url: https://www.refurbed.de/p/lnv-ideapad-miix-700-12isk-m7/
2026-05-24 06:06:06,286 - INFO - Scraping 5267/6851: https://www.refurbed.de/p/lnv-ideapad-miix-700-12isk/
2026-05-24 06:06:06,530 - ERROR - Error fetching https://www.refurbed.de/p/lnv-ideapad-miix-700-12isk/: 404 Client Error: Not Found for url: https://www.refurbed.de/p/lnv-ideapad-miix-700-12isk/
2026-05-24 06:06:07,533 - INFO - Scraping 5268/6851: https://www.refurbed.de/p/logitech-combo-touch-ipad-11/
2026-05-24 06:06:09,044 - INFO - Scraping 5269/6851: https://www.refurbed.de/p/logitech-combo-touch-ipad-12-9/
2026-05-24 06:06:10,413 - INFO - Scraping 5270/6851: https://www.refurbed.de/p/logitech-combo-touch-ipad-13/
2026-05-24 06:06:11,773 - INFO - Scraping 5271/6851: https://www.refurbed.de/p/logitech-combo-touch-ipad-air-11/
2026-05-24 06:06:13,214 - INFO - Scraping 5272/6851: https://www.refurbed.de/p/logitech-combo-touch-ipad-air-13/
2026-05-24 06:06:14,638 - INFO - Scraping 5273/6851: https://www.refurbed.de/p/logitech-combo-touch-ipad-air-4/
2026-05-24 06:06:16,081 - INFO - Scraping 5274/6851: https://www.refurbed.de/p/logitech-ultrathin-galaxy-tab-3/
2026-05-24 06:06:17,446 - INFO - Scraping 5275/6851: https://www.refurbed.de/p/logitech-ultrathin-ipad-air/
2026-05-24 06:06:18,823 - INFO - Scraping 5276/6851: https://www.refurbed.de/p/macbook-air-2014-11-i7/
2026-05-24 06:06:20,355 - INFO - Scraping 5277/6851: https://www.refurbed.de/p/macbook-pro-2019-133-tb/
2026-05-24 06:06:21,758 - INFO - Scraping 5278/6851: https://www.refurbed.de/p/macbook-pro-2019-154-tb/
2026-05-24 06:06:23,323 - INFO - Scraping 5279/6851: https://www.refurbed.de/p/magewll-capture-hdmi-plus/
2026-05-24 06:06:24,683 - INFO - Scraping 5280/6851: https://www.refurbed.de/p/marshall-monitor-ii-a-n-c/
2026-05-24 06:06:26,136 - INFO - Scraping 5281/6851: https://www.refurbed.de/p/medion-lifetab-e6912-7/
2026-05-24 06:06:27,664 - INFO - Scraping 5282/6851: https://www.refurbed.de/p/microsoft-display-dock-hd-500/
2026-05-24 06:06:29,173 - INFO - Scraping 5283/6851: https://www.refurbed.de/p/microsoft-surface-book-1/
2026-05-24 06:06:29,396 - ERROR - Error fetching https://www.refurbed.de/p/microsoft-surface-book-1/: 404 Client Error: Not Found for url: https://www.refurbed.de/p/microsoft-surface-book-1/
2026-05-24 06:06:30,398 - INFO - Scraping 5284/6851: https://www.refurbed.de/p/microsoft-surface-book-2-13/
2026-05-24 06:06:31,979 - INFO - Scraping 5285/6851: https://www.refurbed.de/p/microsoft-surface-book-2-15/
2026-05-24 06:06:33,531 - INFO - Scraping 5286/6851: https://www.refurbed.de/p/microsoft-surface-book-3-13-5/
2026-05-24 06:06:35,121 - INFO - Scraping 5287/6851: https://www.refurbed.de/p/microsoft-surface-book-3-15/
2026-05-24 06:06:36,643 - INFO - Scraping 5288/6851: https://www.refurbed.de/p/microsoft-surface-go-10/
2026-05-24 06:06:36,876 - ERROR - Error fetching https://www.refurbed.de/p/microsoft-surface-go-10/: 404 Client Error: Not Found for url: https://www.refurbed.de/p/microsoft-surface-go-10/
2026-05-24 06:06:37,878 - INFO - Scraping 5289/6851: https://www.refurbed.de/p/microsoft-surface-go-2-10-5/
2026-05-24 06:06:38,115 - ERROR - Error fetching https://www.refurbed.de/p/microsoft-surface-go-2-10-5/: 404 Client Error: Not Found for url: https://www.refurbed.de/p/microsoft-surface-go-2-10-5/
2026-05-24 06:06:39,116 - INFO - Scraping 5290/6851: https://www.refurbed.de/p/microsoft-surface-go-2-4425y/
2026-05-24 06:06:40,631 - INFO - Scraping 5291/6851: https://www.refurbed.de/p/microsoft-surface-go-2-i5-1135g7/
2026-05-24 06:06:42,171 - INFO - Scraping 5292/6851: https://www.refurbed.de/p/microsoft-surface-go-2-m3-8100y/
2026-05-24 06:06:43,822 - INFO - Scraping 5293/6851: https://www.refurbed.de/p/microsoft-surface-go-2-type-cov/
2026-05-24 06:06:45,177 - INFO - Scraping 5294/6851: https://www.refurbed.de/p/microsoft-surface-go-3-6500y/
2026-05-24 06:06:46,729 - INFO - Scraping 5295/6851: https://www.refurbed.de/p/microsoft-surface-go-3-i3-10100y/
2026-05-24 06:06:48,240 - INFO - Scraping 5296/6851: https://www.refurbed.de/p/microsoft-surface-go-3-i5-1235u/
2026-05-24 06:06:49,842 - INFO - Scraping 5297/6851: https://www.refurbed.de/p/microsoft-surface-go-i51035g1/
2026-05-24 06:06:51,376 - INFO - Scraping 5298/6851: https://www.refurbed.de/p/microsoft-surface-go-sig-keyb/
2026-05-24 06:06:52,878 - INFO - Scraping 5299/6851: https://www.refurbed.de/p/microsoft-surface-go-type-cov/
2026-05-24 06:06:54,366 - INFO - Scraping 5300/6851: https://www.refurbed.de/p/microsoft-surface-laptop-57200u/
2026-05-24 06:06:54,606 - ERROR - Error fetching https://www.refurbed.de/p/microsoft-surface-laptop-57200u/: 404 Client Error: Not Found for url: https://www.refurbed.de/p/microsoft-surface-laptop-57200u/
2026-05-24 06:06:55,608 - INFO - Scraping 5301/6851: https://www.refurbed.de/p/microsoft-surface-laptop-7300u/
2026-05-24 06:06:55,856 - ERROR - Error fetching https://www.refurbed.de/p/microsoft-surface-laptop-7300u/: 404 Client Error: Not Found for url: https://www.refurbed.de/p/microsoft-surface-laptop-7300u/
2026-05-24 06:06:56,859 - INFO - Scraping 5302/6851: https://www.refurbed.de/p/microsoft-surface-laptop-7660u/
2026-05-24 06:06:57,100 - ERROR - Error fetching https://www.refurbed.de/p/microsoft-surface-laptop-7660u/: 404 Client Error: Not Found for url: https://www.refurbed.de/p/microsoft-surface-laptop-7660u/
2026-05-24 06:06:58,102 - INFO - Scraping 5303/6851: https://www.refurbed.de/p/microsoft-surface-laptop-8350u/
2026-05-24 06:06:59,718 - INFO - Scraping 5304/6851: https://www.refurbed.de/p/microsoft-surface-laptop-m37y30/
2026-05-24 06:06:59,957 - ERROR - Error fetching https://www.refurbed.de/p/microsoft-surface-laptop-m37y30/: 404 Client Error: Not Found for url: https://www.refurbed.de/p/microsoft-surface-laptop-m37y30/
2026-05-24 06:07:00,959 - INFO - Scraping 5305/6851: https://www.refurbed.de/p/microsoft-surface-pro-1-i53317u/
2026-05-24 06:07:01,218 - ERROR - Error fetching https://www.refurbed.de/p/microsoft-surface-pro-1-i53317u/: 404 Client Error: Not Found for url: https://www.refurbed.de/p/microsoft-surface-pro-1-i53317u/
2026-05-24 06:07:02,220 - INFO - Scraping 5306/6851: https://www.refurbed.de/p/microsoft-surface-pro-10-5-135u/
2026-05-24 06:07:03,637 - INFO - Scraping 5307/6851: https://www.refurbed.de/p/microsoft-surface-pro-10-7-165u/
2026-05-24 06:07:05,023 - INFO - Scraping 5308/6851: https://www.refurbed.de/p/microsoft-surface-pro-1664-dock/
2026-05-24 06:07:06,522 - INFO - Scraping 5309/6851: https://www.refurbed.de/p/microsoft-surface-pro-2-i5-4200u/
2026-05-24 06:07:06,759 - ERROR - Error fetching https://www.refurbed.de/p/microsoft-surface-pro-2-i5-4200u/: 404 Client Error: Not Found for url: https://www.refurbed.de/p/microsoft-surface-pro-2-i5-4200u/
2026-05-24 06:07:07,761 - INFO - Scraping 5310/6851: https://www.refurbed.de/p/microsoft-surface-pro-2-i5-4300u/
2026-05-24 06:07:07,992 - ERROR - Error fetching https://www.refurbed.de/p/microsoft-surface-pro-2-i5-4300u/: 404 Client Error: Not Found for url: https://www.refurbed.de/p/microsoft-surface-pro-2-i5-4300u/
2026-05-24 06:07:08,994 - INFO - Scraping 5311/6851: https://www.refurbed.de/p/microsoft-surface-pro-2017-i5-73/
2026-05-24 06:07:09,225 - ERROR - Error fetching https://www.refurbed.de/p/microsoft-surface-pro-2017-i5-73/: 404 Client Error: Not Found for url: https://www.refurbed.de/p/microsoft-surface-pro-2017-i5-73/
2026-05-24 06:07:10,228 - INFO - Scraping 5312/6851: https://www.refurbed.de/p/microsoft-surface-pro-2017-i7-12/
2026-05-24 06:07:10,469 - ERROR - Error fetching https://www.refurbed.de/p/microsoft-surface-pro-2017-i7-12/: 404 Client Error: Not Found for url: https://www.refurbed.de/p/microsoft-surface-pro-2017-i7-12/
2026-05-24 06:07:11,471 - INFO - Scraping 5313/6851: https://www.refurbed.de/p/microsoft-surface-pro-2017-m3-7y/
2026-05-24 06:07:11,720 - ERROR - Error fetching https://www.refurbed.de/p/microsoft-surface-pro-2017-m3-7y/: 404 Client Error: Not Found for url: https://www.refurbed.de/p/microsoft-surface-pro-2017-m3-7y/
2026-05-24 06:07:12,722 - INFO - Scraping 5314/6851: https://www.refurbed.de/p/microsoft-surface-pro-3-12/
2026-05-24 06:07:12,958 - ERROR - Error fetching https://www.refurbed.de/p/microsoft-surface-pro-3-12/: 404 Client Error: Not Found for url: https://www.refurbed.de/p/microsoft-surface-pro-3-12/
2026-05-24 06:07:13,960 - INFO - Scraping 5315/6851: https://www.refurbed.de/p/microsoft-surface-pro-3-dock-fur/
2026-05-24 06:07:15,550 - INFO - Scraping 5316/6851: https://www.refurbed.de/p/microsoft-surface-pro-3-dock/
2026-05-24 06:07:16,984 - INFO - Scraping 5317/6851: https://www.refurbed.de/p/microsoft-surface-pro-3-mit-touc/
2026-05-24 06:07:17,213 - ERROR - Error fetching https://www.refurbed.de/p/microsoft-surface-pro-3-mit-touc/: 404 Client Error: Not Found for url: https://www.refurbed.de/p/microsoft-surface-pro-3-mit-touc/
2026-05-24 06:07:18,216 - INFO - Scraping 5318/6851: https://www.refurbed.de/p/microsoft-surface-pro-4-i5-6300u/
2026-05-24 06:07:18,459 - ERROR - Error fetching https://www.refurbed.de/p/microsoft-surface-pro-4-i5-6300u/: 404 Client Error: Not Found for url: https://www.refurbed.de/p/microsoft-surface-pro-4-i5-6300u/
2026-05-24 06:07:19,462 - INFO - Scraping 5319/6851: https://www.refurbed.de/p/microsoft-surface-pro-4-i7-12-3/
2026-05-24 06:07:19,834 - ERROR - Error fetching https://www.refurbed.de/p/microsoft-surface-pro-4-i7-12-3/: 404 Client Error: Not Found for url: https://www.refurbed.de/p/microsoft-surface-pro-4-i7-12-3/
2026-05-24 06:07:20,836 - INFO - Scraping 5320/6851: https://www.refurbed.de/p/microsoft-surface-pro-4-i7-13-5/
2026-05-24 06:07:22,486 - INFO - Scraping 5321/6851: https://www.refurbed.de/p/microsoft-surface-pro-4-m3-6y30-/
2026-05-24 06:07:22,738 - ERROR - Error fetching https://www.refurbed.de/p/microsoft-surface-pro-4-m3-6y30-/: 404 Client Error: Not Found for url: https://www.refurbed.de/p/microsoft-surface-pro-4-m3-6y30-/
2026-05-24 06:07:23,740 - INFO - Scraping 5322/6851: https://www.refurbed.de/p/microsoft-surface-pro-4-type-cov/
2026-05-24 06:07:25,175 - INFO - Scraping 5323/6851: https://www.refurbed.de/p/microsoft-surface-pro-6-7300u/
2026-05-24 06:07:25,407 - ERROR - Error fetching https://www.refurbed.de/p/microsoft-surface-pro-6-7300u/: 404 Client Error: Not Found for url: https://www.refurbed.de/p/microsoft-surface-pro-6-7300u/
2026-05-24 06:07:26,410 - INFO - Scraping 5324/6851: https://www.refurbed.de/p/microsoft-surface-pro-6-8250u/
2026-05-24 06:07:27,804 - INFO - Scraping 5325/6851: https://www.refurbed.de/p/microsoft-surface-pro-6-8350u/
2026-05-24 06:07:29,428 - INFO - Scraping 5326/6851: https://www.refurbed.de/p/microsoft-surface-pro-6-8650u/
2026-05-24 06:07:31,005 - INFO - Scraping 5327/6851: https://www.refurbed.de/p/microsoft-surface-pro-7-1005g1/
2026-05-24 06:07:32,537 - INFO - Scraping 5328/6851: https://www.refurbed.de/p/microsoft-surface-pro-7-1035g4/
2026-05-24 06:07:34,161 - INFO - Scraping 5329/6851: https://www.refurbed.de/p/microsoft-surface-pro-7-1065g7/
2026-05-24 06:07:35,699 - INFO - Scraping 5330/6851: https://www.refurbed.de/p/microsoft-surface-pro-7-plus-i5/
2026-05-24 06:07:35,922 - ERROR - Error fetching https://www.refurbed.de/p/microsoft-surface-pro-7-plus-i5/: 404 Client Error: Not Found for url: https://www.refurbed.de/p/microsoft-surface-pro-7-plus-i5/
2026-05-24 06:07:36,925 - INFO - Scraping 5331/6851: https://www.refurbed.de/p/microsoft-surface-pro-7-plus-i7/
2026-05-24 06:07:38,570 - INFO - Scraping 5332/6851: https://www.refurbed.de/p/microsoft-surface-pro-7-plus/
2026-05-24 06:07:40,265 - INFO - Scraping 5333/6851: https://www.refurbed.de/p/microsoft-surface-pro-8-1115g4/
2026-05-24 06:07:41,866 - INFO - Scraping 5334/6851: https://www.refurbed.de/p/microsoft-surface-pro-8-1135g7/
2026-05-24 06:07:43,624 - INFO - Scraping 5335/6851: https://www.refurbed.de/p/microsoft-surface-pro-8-1145g7/
2026-05-24 06:07:45,366 - INFO - Scraping 5336/6851: https://www.refurbed.de/p/microsoft-surface-pro-8-1185g7/
2026-05-24 06:07:46,893 - INFO - Scraping 5337/6851: https://www.refurbed.de/p/microsoft-surface-pro-9-1235u/
2026-05-24 06:07:48,430 - INFO - Scraping 5338/6851: https://www.refurbed.de/p/microsoft-surface-pro-9-i5-1245u/
2026-05-24 06:07:49,992 - INFO - Scraping 5339/6851: https://www.refurbed.de/p/microsoft-surface-pro-9-i7-1255u/
2026-05-24 06:07:51,437 - INFO - Scraping 5340/6851: https://www.refurbed.de/p/microsoft-surface-pro-9-i7-1265u/
2026-05-24 06:07:53,122 - INFO - Scraping 5341/6851: https://www.refurbed.de/p/microsoft-surface-pro-9-sq3/
2026-05-24 06:07:54,722 - INFO - Scraping 5342/6851: https://www.refurbed.de/p/microsoft-surface-pro-sig-keyb/
2026-05-24 06:07:56,156 - INFO - Scraping 5343/6851: https://www.refurbed.de/p/microsoft-surface-pro-x-sig-keyb/
2026-05-24 06:07:57,627 - INFO - Scraping 5344/6851: https://www.refurbed.de/p/microsoft-surface-pro-x-sq1/
2026-05-24 06:07:59,259 - INFO - Scraping 5345/6851: https://www.refurbed.de/p/microsoft-surface-pro-x-sq2-13/
2026-05-24 06:08:01,153 - INFO - Scraping 5346/6851: https://www.refurbed.de/p/microsoft-surface-pro-x-type-cov/
2026-05-24 06:08:03,900 - INFO - Scraping 5347/6851: https://www.refurbed.de/p/motorola-defy-2021/
2026-05-24 06:08:05,940 - INFO - Scraping 5348/6851: https://www.refurbed.de/p/motorola-defy-satellite-link/
2026-05-24 06:08:07,599 - INFO - Scraping 5349/6851: https://www.refurbed.de/p/motorola-edge-20-fusion/
2026-05-24 06:08:09,317 - INFO - Scraping 5350/6851: https://www.refurbed.de/p/motorola-edge-20-lite/
2026-05-24 06:08:11,219 - INFO - Scraping 5351/6851: https://www.refurbed.de/p/motorola-edge-20-pro/
2026-05-24 06:08:12,795 - INFO - Scraping 5352/6851: https://www.refurbed.de/p/motorola-edge-20/
2026-05-24 06:08:14,211 - INFO - Scraping 5353/6851: https://www.refurbed.de/p/motorola-edge-30-fusion/
2026-05-24 06:08:15,832 - INFO - Scraping 5354/6851: https://www.refurbed.de/p/motorola-edge-30-neo/
2026-05-24 06:08:17,589 - INFO - Scraping 5355/6851: https://www.refurbed.de/p/motorola-edge-30-pro-5g/
2026-05-24 06:08:19,327 - INFO - Scraping 5356/6851: https://www.refurbed.de/p/motorola-edge-30-ultra/
2026-05-24 06:08:20,768 - INFO - Scraping 5357/6851: https://www.refurbed.de/p/motorola-edge-30/
2026-05-24 06:08:22,592 - INFO - Scraping 5358/6851: https://www.refurbed.de/p/motorola-edge-40-neo/
2026-05-24 06:08:24,240 - INFO - Scraping 5359/6851: https://www.refurbed.de/p/motorola-edge-40-pro/
2026-05-24 06:08:25,861 - INFO - Scraping 5360/6851: https://www.refurbed.de/p/motorola-edge-40/
2026-05-24 06:08:27,396 - INFO - Scraping 5361/6851: https://www.refurbed.de/p/motorola-edge-50-fusion/
2026-05-24 06:08:29,073 - INFO - Scraping 5362/6851: https://www.refurbed.de/p/motorola-edge-50-neo/
2026-05-24 06:08:30,752 - INFO - Scraping 5363/6851: https://www.refurbed.de/p/motorola-edge-50-pro/
2026-05-24 06:08:32,306 - INFO - Scraping 5364/6851: https://www.refurbed.de/p/motorola-edge-50-ultra/
2026-05-24 06:08:33,896 - INFO - Scraping 5365/6851: https://www.refurbed.de/p/motorola-edge-5g/
2026-05-24 06:08:35,336 - INFO - Scraping 5366/6851: https://www.refurbed.de/p/motorola-edge-plus/
2026-05-24 06:08:36,725 - INFO - Scraping 5367/6851: https://www.refurbed.de/p/motorola-escape-500-anc/
2026-05-24 06:08:38,104 - INFO - Scraping 5368/6851: https://www.refurbed.de/p/motorola-moto-360-1nd-gen/
2026-05-24 06:08:39,519 - INFO - Scraping 5369/6851: https://www.refurbed.de/p/motorola-moto-360-2nd-gen/
2026-05-24 06:08:40,892 - INFO - Scraping 5370/6851: https://www.refurbed.de/p/motorola-moto-c/
2026-05-24 06:08:42,291 - INFO - Scraping 5371/6851: https://www.refurbed.de/p/motorola-moto-e13/
2026-05-24 06:08:43,858 - INFO - Scraping 5372/6851: https://www.refurbed.de/p/motorola-moto-e20/
2026-05-24 06:08:45,275 - INFO - Scraping 5373/6851: https://www.refurbed.de/p/motorola-moto-e22/
2026-05-24 06:08:46,667 - INFO - Scraping 5374/6851: https://www.refurbed.de/p/motorola-moto-e22i/
2026-05-24 06:08:48,120 - INFO - Scraping 5375/6851: https://www.refurbed.de/p/motorola-moto-e3/
2026-05-24 06:08:49,486 - INFO - Scraping 5376/6851: https://www.refurbed.de/p/motorola-moto-e30/
2026-05-24 06:08:50,907 - INFO - Scraping 5377/6851: https://www.refurbed.de/p/motorola-moto-e32/
2026-05-24 06:08:52,476 - INFO - Scraping 5378/6851: https://www.refurbed.de/p/motorola-moto-e32s/
2026-05-24 06:08:53,867 - INFO - Scraping 5379/6851: https://www.refurbed.de/p/motorola-moto-e4-plus/
2026-05-24 06:08:55,317 - INFO - Scraping 5380/6851: https://www.refurbed.de/p/motorola-moto-e4/
2026-05-24 06:08:56,679 - INFO - Scraping 5381/6851: https://www.refurbed.de/p/motorola-moto-e40/
2026-05-24 06:08:58,232 - INFO - Scraping 5382/6851: https://www.refurbed.de/p/motorola-moto-e5-plus/
2026-05-24 06:08:59,617 - INFO - Scraping 5383/6851: https://www.refurbed.de/p/motorola-moto-e5/
2026-05-24 06:09:01,102 - INFO - Scraping 5384/6851: https://www.refurbed.de/p/motorola-moto-e6-play/
2026-05-24 06:09:02,489 - INFO - Scraping 5385/6851: https://www.refurbed.de/p/motorola-moto-e6-plus/
2026-05-24 06:09:03,932 - INFO - Scraping 5386/6851: https://www.refurbed.de/p/motorola-moto-e6s/
2026-05-24 06:09:05,330 - INFO - Scraping 5387/6851: https://www.refurbed.de/p/motorola-moto-e7-p/
2026-05-24 06:09:06,908 - INFO - Scraping 5388/6851: https://www.refurbed.de/p/motorola-moto-e7/
2026-05-24 06:09:08,337 - INFO - Scraping 5389/6851: https://www.refurbed.de/p/motorola-moto-e7i-power/
2026-05-24 06:09:09,785 - INFO - Scraping 5390/6851: https://www.refurbed.de/p/motorola-moto-ei/
2026-05-24 06:09:11,218 - INFO - Scraping 5391/6851: https://www.refurbed.de/p/motorola-moto-g-2-gen/
2026-05-24 06:09:12,633 - INFO - Scraping 5392/6851: https://www.refurbed.de/p/motorola-moto-g-3rd-gen/
2026-05-24 06:09:13,998 - INFO - Scraping 5393/6851: https://www.refurbed.de/p/motorola-moto-g-5g-plus/
2026-05-24 06:09:15,698 - INFO - Scraping 5394/6851: https://www.refurbed.de/p/motorola-moto-g-5g/
2026-05-24 06:09:17,182 - INFO - Scraping 5395/6851: https://www.refurbed.de/p/motorola-moto-g-pro/
2026-05-24 06:09:18,563 - INFO - Scraping 5396/6851: https://www.refurbed.de/p/motorola-moto-g/
2026-05-24 06:09:20,099 - INFO - Scraping 5397/6851: https://www.refurbed.de/p/motorola-moto-g10/
2026-05-24 06:09:21,731 - INFO - Scraping 5398/6851: https://www.refurbed.de/p/motorola-moto-g100/
2026-05-24 06:09:23,247 - INFO - Scraping 5399/6851: https://www.refurbed.de/p/motorola-moto-g13/
2026-05-24 06:09:24,637 - INFO - Scraping 5400/6851: https://www.refurbed.de/p/motorola-moto-g14/
2026-05-24 06:09:26,211 - INFO - Scraping 5401/6851: https://www.refurbed.de/p/motorola-moto-g20/
2026-05-24 06:09:27,728 - INFO - Scraping 5402/6851: https://www.refurbed.de/p/motorola-moto-g200-5g/
2026-05-24 06:09:29,164 - INFO - Scraping 5403/6851: https://www.refurbed.de/p/motorola-moto-g22/
2026-05-24 06:09:30,701 - INFO - Scraping 5404/6851: https://www.refurbed.de/p/motorola-moto-g23/
2026-05-24 06:09:32,335 - INFO - Scraping 5405/6851: https://www.refurbed.de/p/motorola-moto-g3/
2026-05-24 06:09:33,987 - INFO - Scraping 5406/6851: https://www.refurbed.de/p/motorola-moto-g30/
2026-05-24 06:09:35,524 - INFO - Scraping 5407/6851: https://www.refurbed.de/p/motorola-moto-g31/
2026-05-24 06:09:37,032 - INFO - Scraping 5408/6851: https://www.refurbed.de/p/motorola-moto-g32/
2026-05-24 06:09:38,669 - INFO - Scraping 5409/6851: https://www.refurbed.de/p/motorola-moto-g34/
2026-05-24 06:09:40,256 - INFO - Scraping 5410/6851: https://www.refurbed.de/p/motorola-moto-g35-5g/
2026-05-24 06:09:41,824 - INFO - Scraping 5411/6851: https://www.refurbed.de/p/motorola-moto-g4-play/
2026-05-24 06:09:43,218 - INFO - Scraping 5412/6851: https://www.refurbed.de/p/motorola-moto-g4-plus/
2026-05-24 06:09:44,648 - INFO - Scraping 5413/6851: https://www.refurbed.de/p/motorola-moto-g4/
2026-05-24 06:09:46,038 - INFO - Scraping 5414/6851: https://www.refurbed.de/p/motorola-moto-g404/
2026-05-24 06:09:47,642 - INFO - Scraping 5415/6851: https://www.refurbed.de/p/motorola-moto-g41/
2026-05-24 06:09:49,001 - INFO - Scraping 5416/6851: https://www.refurbed.de/p/motorola-moto-g42/
2026-05-24 06:09:50,693 - INFO - Scraping 5417/6851: https://www.refurbed.de/p/motorola-moto-g5-plus/
2026-05-24 06:09:52,158 - INFO - Scraping 5418/6851: https://www.refurbed.de/p/motorola-moto-g5/
2026-05-24 06:09:53,717 - INFO - Scraping 5419/6851: https://www.refurbed.de/p/motorola-moto-g50/
2026-05-24 06:09:55,122 - INFO - Scraping 5420/6851: https://www.refurbed.de/p/motorola-moto-g51/
2026-05-24 06:09:56,580 - INFO - Scraping 5421/6851: https://www.refurbed.de/p/motorola-moto-g52/
2026-05-24 06:09:58,164 - INFO - Scraping 5422/6851: https://www.refurbed.de/p/motorola-moto-g53-5g/
2026-05-24 06:09:59,822 - INFO - Scraping 5423/6851: https://www.refurbed.de/p/motorola-moto-g54-5g/
2026-05-24 06:10:01,396 - INFO - Scraping 5424/6851: https://www.refurbed.de/p/motorola-moto-g55-5g/
2026-05-24 06:10:03,000 - INFO - Scraping 5425/6851: https://www.refurbed.de/p/motorola-moto-g5s-plus/
2026-05-24 06:10:04,406 - INFO - Scraping 5426/6851: https://www.refurbed.de/p/motorola-moto-g5s/
2026-05-24 06:10:05,801 - INFO - Scraping 5427/6851: https://www.refurbed.de/p/motorola-moto-g6-nfc/
2026-05-24 06:10:07,184 - INFO - Scraping 5428/6851: https://www.refurbed.de/p/motorola-moto-g6-plus/
2026-05-24 06:10:08,668 - INFO - Scraping 5429/6851: https://www.refurbed.de/p/motorola-moto-g60/
2026-05-24 06:10:10,172 - INFO - Scraping 5430/6851: https://www.refurbed.de/p/motorola-moto-g60s/
2026-05-24 06:10:11,763 - INFO - Scraping 5431/6851: https://www.refurbed.de/p/motorola-moto-g62-5g/
2026-05-24 06:10:13,385 - INFO - Scraping 5432/6851: https://www.refurbed.de/p/motorola-moto-g7-play/
2026-05-24 06:10:14,819 - INFO - Scraping 5433/6851: https://www.refurbed.de/p/motorola-moto-g7-plus/
2026-05-24 06:10:16,261 - INFO - Scraping 5434/6851: https://www.refurbed.de/p/motorola-moto-g7-power/
2026-05-24 06:10:17,667 - INFO - Scraping 5435/6851: https://www.refurbed.de/p/motorola-moto-g7/
2026-05-24 06:10:19,089 - INFO - Scraping 5436/6851: https://www.refurbed.de/p/motorola-moto-g71-5g/
2026-05-24 06:10:20,489 - INFO - Scraping 5437/6851: https://www.refurbed.de/p/motorola-moto-g72/
2026-05-24 06:10:21,938 - INFO - Scraping 5438/6851: https://www.refurbed.de/p/motorola-moto-g73/
2026-05-24 06:10:23,394 - INFO - Scraping 5439/6851: https://www.refurbed.de/p/motorola-moto-g75-5g/
2026-05-24 06:10:24,961 - INFO - Scraping 5440/6851: https://www.refurbed.de/p/motorola-moto-g8-plus/
2026-05-24 06:10:26,413 - INFO - Scraping 5441/6851: https://www.refurbed.de/p/motorola-moto-g8-power-lite/
2026-05-24 06:10:27,781 - INFO - Scraping 5442/6851: https://www.refurbed.de/p/motorola-moto-g8-power/
2026-05-24 06:10:29,231 - INFO - Scraping 5443/6851: https://www.refurbed.de/p/motorola-moto-g8/
2026-05-24 06:10:30,635 - INFO - Scraping 5444/6851: https://www.refurbed.de/p/motorola-moto-g82/
2026-05-24 06:10:32,071 - INFO - Scraping 5445/6851: https://www.refurbed.de/p/motorola-moto-g84-5g/
2026-05-24 06:10:33,646 - INFO - Scraping 5446/6851: https://www.refurbed.de/p/motorola-moto-g85-5g/
2026-05-24 06:10:35,015 - INFO - Scraping 5447/6851: https://www.refurbed.de/p/motorola-moto-g9-play/
2026-05-24 06:10:36,492 - INFO - Scraping 5448/6851: https://www.refurbed.de/p/motorola-moto-g9-plus/
2026-05-24 06:10:38,095 - INFO - Scraping 5449/6851: https://www.refurbed.de/p/motorola-moto-g9-power/
2026-05-24 06:10:39,821 - INFO - Scraping 5450/6851: https://www.refurbed.de/p/motorola-moto-x-force/
2026-05-24 06:10:41,274 - INFO - Scraping 5451/6851: https://www.refurbed.de/p/motorola-moto-x-play/
2026-05-24 06:10:42,687 - INFO - Scraping 5452/6851: https://www.refurbed.de/p/motorola-moto-x-style/
2026-05-24 06:10:44,098 - INFO - Scraping 5453/6851: https://www.refurbed.de/p/motorola-moto-x4/
2026-05-24 06:10:45,428 - INFO - Scraping 5454/6851: https://www.refurbed.de/p/motorola-moto-z-play/
2026-05-24 06:10:46,889 - INFO - Scraping 5455/6851: https://www.refurbed.de/p/motorola-moto-z/
2026-05-24 06:10:48,295 - INFO - Scraping 5456/6851: https://www.refurbed.de/p/motorola-moto-z2-play/
2026-05-24 06:10:49,695 - INFO - Scraping 5457/6851: https://www.refurbed.de/p/motorola-nexus-6/
2026-05-24 06:10:51,104 - INFO - Scraping 5458/6851: https://www.refurbed.de/p/motorola-one-action/
2026-05-24 06:10:52,721 - INFO - Scraping 5459/6851: https://www.refurbed.de/p/motorola-one-hyper/
2026-05-24 06:10:54,571 - INFO - Scraping 5460/6851: https://www.refurbed.de/p/motorola-one-macro/
2026-05-24 06:10:55,958 - INFO - Scraping 5461/6851: https://www.refurbed.de/p/motorola-one-vision/
2026-05-24 06:10:57,504 - INFO - Scraping 5462/6851: https://www.refurbed.de/p/motorola-one-zoom/
2026-05-24 06:10:58,966 - INFO - Scraping 5463/6851: https://www.refurbed.de/p/motorola-one/
2026-05-24 06:11:00,554 - INFO - Scraping 5464/6851: https://www.refurbed.de/p/motorola-pulse-escape-plus/
2026-05-24 06:11:02,000 - INFO - Scraping 5465/6851: https://www.refurbed.de/p/motorola-pulse-escape/
2026-05-24 06:11:03,414 - INFO - Scraping 5466/6851: https://www.refurbed.de/p/motorola-razr-2019/
2026-05-24 06:11:04,839 - INFO - Scraping 5467/6851: https://www.refurbed.de/p/motorola-razr-2022/
2026-05-24 06:11:06,407 - INFO - Scraping 5468/6851: https://www.refurbed.de/p/motorola-razr-40-ultra/
2026-05-24 06:11:08,089 - INFO - Scraping 5469/6851: https://www.refurbed.de/p/motorola-razr-40/
2026-05-24 06:11:09,528 - INFO - Scraping 5470/6851: https://www.refurbed.de/p/motorola-razr-50-ultra/
2026-05-24 06:11:11,012 - INFO - Scraping 5471/6851: https://www.refurbed.de/p/motorola-razr-5g/
2026-05-24 06:11:12,407 - INFO - Scraping 5472/6851: https://www.refurbed.de/p/motorola-thinkphone/
2026-05-24 06:11:13,769 - INFO - Scraping 5473/6851: https://www.refurbed.de/p/motorola-zebra-symbol-tc55/
2026-05-24 06:11:15,382 - INFO - Scraping 5474/6851: https://www.refurbed.de/p/ms-surface-laptop-3-1035g7-135/
2026-05-24 06:11:16,811 - INFO - Scraping 5475/6851: https://www.refurbed.de/p/ms-surface-laptop-3-1065g7/
2026-05-24 06:11:18,398 - INFO - Scraping 5476/6851: https://www.refurbed.de/p/ms-surface-laptop-3-r7-3780u/
2026-05-24 06:11:19,853 - INFO - Scraping 5477/6851: https://www.refurbed.de/p/ms-surface-laptop-4-1135g7-13/
2026-05-24 06:11:21,374 - INFO - Scraping 5478/6851: https://www.refurbed.de/p/ms-surface-laptop-4-1145g7-13/
2026-05-24 06:11:22,948 - INFO - Scraping 5479/6851: https://www.refurbed.de/p/ms-surface-laptop-4-1185g7-13/
2026-05-24 06:11:24,386 - INFO - Scraping 5480/6851: https://www.refurbed.de/p/ms-surface-laptop-4-1185g7-15/
2026-05-24 06:11:25,981 - INFO - Scraping 5481/6851: https://www.refurbed.de/p/ms-surface-laptop-4-3580u-13/
2026-05-24 06:11:27,403 - INFO - Scraping 5482/6851: https://www.refurbed.de/p/ms-surface-laptop-4-3780u-15/
2026-05-24 06:11:28,894 - INFO - Scraping 5483/6851: https://www.refurbed.de/p/ms-surface-laptop-4-4680u-13/
2026-05-24 06:11:30,401 - INFO - Scraping 5484/6851: https://www.refurbed.de/p/ms-surface-laptop-4-4980u-13-5/
2026-05-24 06:11:31,775 - INFO - Scraping 5485/6851: https://www.refurbed.de/p/ms-surface-laptop-4-7-4980u/
2026-05-24 06:11:33,148 - INFO - Scraping 5486/6851: https://www.refurbed.de/p/ms-surface-laptop-studio-11300h/
2026-05-24 06:11:35,111 - INFO - Scraping 5487/6851: https://www.refurbed.de/p/ms-surface-laptop-studio-11370h/
2026-05-24 06:11:37,070 - INFO - Scraping 5488/6851: https://www.refurbed.de/p/msi-gf-rtx-3060-ti-gami-x-8g-lhr/
2026-05-24 06:11:39,234 - INFO - Scraping 5489/6851: https://www.refurbed.de/p/msi-gf-rtx4070ti-gami-x-slim-12g/
2026-05-24 06:11:40,980 - INFO - Scraping 5490/6851: https://www.refurbed.de/p/mw-basiclife-laptop-sleeve/
2026-05-24 06:11:42,712 - INFO - Scraping 5491/6851: https://www.refurbed.de/p/nec-multisync-ea232wmi-23/
2026-05-24 06:11:44,230 - INFO - Scraping 5492/6851: https://www.refurbed.de/p/nec-multisync-ea245wmi-2-wh/
2026-05-24 06:11:45,684 - INFO - Scraping 5493/6851: https://www.refurbed.de/p/nec-multisync-ea275wmi-27/
2026-05-24 06:11:47,022 - INFO - Scraping 5494/6851: https://www.refurbed.de/p/nec-multisync-ea294wmi-29/
2026-05-24 06:11:48,342 - INFO - Scraping 5495/6851: https://www.refurbed.de/p/ney-multisync-ea231wmi-bk/
2026-05-24 06:11:49,673 - INFO - Scraping 5496/6851: https://www.refurbed.de/p/ney-multisync-ea273wmi-27/
2026-05-24 06:11:51,056 - INFO - Scraping 5497/6851: https://www.refurbed.de/p/nokia-1-3/
2026-05-24 06:11:52,465 - INFO - Scraping 5498/6851: https://www.refurbed.de/p/nokia-1-4/
2026-05-24 06:11:54,049 - INFO - Scraping 5499/6851: https://www.refurbed.de/p/nokia-1-plus/
2026-05-24 06:11:55,404 - INFO - Scraping 5500/6851: https://www.refurbed.de/p/nokia-1/
2026-05-24 06:11:56,972 - INFO - Scraping 5501/6851: https://www.refurbed.de/p/nokia-105-2017/
2026-05-24 06:11:58,413 - INFO - Scraping 5502/6851: https://www.refurbed.de/p/nokia-105-2019/
2026-05-24 06:11:59,803 - INFO - Scraping 5503/6851: https://www.refurbed.de/p/nokia-105-4g-2021/
2026-05-24 06:12:01,169 - INFO - Scraping 5504/6851: https://www.refurbed.de/p/nokia-105-4g-2023/
2026-05-24 06:12:02,567 - INFO - Scraping 5505/6851: https://www.refurbed.de/p/nokia-106/
2026-05-24 06:12:03,972 - INFO - Scraping 5506/6851: https://www.refurbed.de/p/nokia-108/
2026-05-24 06:12:05,554 - INFO - Scraping 5507/6851: https://www.refurbed.de/p/nokia-110-2019/
2026-05-24 06:12:06,930 - INFO - Scraping 5508/6851: https://www.refurbed.de/p/nokia-110-4g-2023/
2026-05-24 06:12:08,295 - INFO - Scraping 5509/6851: https://www.refurbed.de/p/nokia-110-4g/
2026-05-24 06:12:09,652 - INFO - Scraping 5510/6851: https://www.refurbed.de/p/nokia-130-2017/
2026-05-24 06:12:11,001 - INFO - Scraping 5511/6851: https://www.refurbed.de/p/nokia-150-2020/
2026-05-24 06:12:12,415 - INFO - Scraping 5512/6851: https://www.refurbed.de/p/nokia-2-1/
2026-05-24 06:12:13,890 - INFO - Scraping 5513/6851: https://www.refurbed.de/p/nokia-2-3/
2026-05-24 06:12:15,290 - INFO - Scraping 5514/6851: https://www.refurbed.de/p/nokia-2-4/
2026-05-24 06:12:16,865 - INFO - Scraping 5515/6851: https://www.refurbed.de/p/nokia-2/
2026-05-24 06:12:18,232 - INFO - Scraping 5516/6851: https://www.refurbed.de/p/nokia-215-4g/
2026-05-24 06:12:19,633 - INFO - Scraping 5517/6851: https://www.refurbed.de/p/nokia-216/
2026-05-24 06:12:21,022 - INFO - Scraping 5518/6851: https://www.refurbed.de/p/nokia-22/
2026-05-24 06:12:22,429 - INFO - Scraping 5519/6851: https://www.refurbed.de/p/nokia-225-smartphone/
2026-05-24 06:12:23,794 - INFO - Scraping 5520/6851: https://www.refurbed.de/p/nokia-225/
2026-05-24 06:12:25,167 - INFO - Scraping 5521/6851: https://www.refurbed.de/p/nokia-230/
2026-05-24 06:12:26,603 - INFO - Scraping 5522/6851: https://www.refurbed.de/p/nokia-235-4g-2024/
2026-05-24 06:12:28,004 - INFO - Scraping 5523/6851: https://www.refurbed.de/p/nokia-2660-flip/
2026-05-24 06:12:29,376 - INFO - Scraping 5524/6851: https://www.refurbed.de/p/nokia-2720-flip/
2026-05-24 06:12:30,925 - INFO - Scraping 5525/6851: https://www.refurbed.de/p/nokia-3-1-plus/
2026-05-24 06:12:32,317 - INFO - Scraping 5526/6851: https://www.refurbed.de/p/nokia-3-1/
2026-05-24 06:12:33,917 - INFO - Scraping 5527/6851: https://www.refurbed.de/p/nokia-3-2/
2026-05-24 06:12:35,441 - INFO - Scraping 5528/6851: https://www.refurbed.de/p/nokia-3-4/
2026-05-24 06:12:37,015 - INFO - Scraping 5529/6851: https://www.refurbed.de/p/nokia-3/
2026-05-24 06:12:38,430 - INFO - Scraping 5530/6851: https://www.refurbed.de/p/nokia-301/
2026-05-24 06:12:39,843 - INFO - Scraping 5531/6851: https://www.refurbed.de/p/nokia-3210-2024/
2026-05-24 06:12:41,218 - INFO - Scraping 5532/6851: https://www.refurbed.de/p/nokia-3310-2017/
2026-05-24 06:12:42,611 - INFO - Scraping 5533/6851: https://www.refurbed.de/p/nokia-4-2/
2026-05-24 06:12:44,212 - INFO - Scraping 5534/6851: https://www.refurbed.de/p/nokia-5-1-plus/
2026-05-24 06:12:45,649 - INFO - Scraping 5535/6851: https://www.refurbed.de/p/nokia-5-1/
2026-05-24 06:12:47,125 - INFO - Scraping 5536/6851: https://www.refurbed.de/p/nokia-5-3/
2026-05-24 06:12:48,652 - INFO - Scraping 5537/6851: https://www.refurbed.de/p/nokia-5-4/
2026-05-24 06:12:50,183 - INFO - Scraping 5538/6851: https://www.refurbed.de/p/nokia-5/
2026-05-24 06:12:51,680 - INFO - Scraping 5539/6851: https://www.refurbed.de/p/nokia-515/
2026-05-24 06:12:53,090 - INFO - Scraping 5540/6851: https://www.refurbed.de/p/nokia-5710-xpressaudio/
2026-05-24 06:12:54,448 - INFO - Scraping 5541/6851: https://www.refurbed.de/p/nokia-6-1-plus/
2026-05-24 06:12:55,817 - INFO - Scraping 5542/6851: https://www.refurbed.de/p/nokia-6-1/
2026-05-24 06:12:57,456 - INFO - Scraping 5543/6851: https://www.refurbed.de/p/nokia-6-2/
2026-05-24 06:12:59,107 - INFO - Scraping 5544/6851: https://www.refurbed.de/p/nokia-6/
2026-05-24 06:13:00,508 - INFO - Scraping 5545/6851: https://www.refurbed.de/p/nokia-6300-4g/
2026-05-24 06:13:01,908 - INFO - Scraping 5546/6851: https://www.refurbed.de/p/nokia-6310-2021/
2026-05-24 06:13:03,282 - INFO - Scraping 5547/6851: https://www.refurbed.de/p/nokia-7-1/
2026-05-24 06:13:04,759 - INFO - Scraping 5548/6851: https://www.refurbed.de/p/nokia-7-2/
2026-05-24 06:13:06,387 - INFO - Scraping 5549/6851: https://www.refurbed.de/p/nokia-7-plus/
2026-05-24 06:13:07,768 - INFO - Scraping 5550/6851: https://www.refurbed.de/p/nokia-8-1/
2026-05-24 06:13:09,591 - INFO - Scraping 5551/6851: https://www.refurbed.de/p/nokia-8-3-5g/
2026-05-24 06:13:11,020 - INFO - Scraping 5552/6851: https://www.refurbed.de/p/nokia-8-single-sim/
2026-05-24 06:13:12,628 - INFO - Scraping 5553/6851: https://www.refurbed.de/p/nokia-8-sirocco/
2026-05-24 06:13:14,015 - INFO - Scraping 5554/6851: https://www.refurbed.de/p/nokia-800-tough/
2026-05-24 06:13:15,393 - INFO - Scraping 5555/6851: https://www.refurbed.de/p/nokia-8000-4g/
2026-05-24 06:13:16,894 - INFO - Scraping 5556/6851: https://www.refurbed.de/p/nokia-8110-4g/
2026-05-24 06:13:18,288 - INFO - Scraping 5557/6851: https://www.refurbed.de/p/nokia-8210-2022/
2026-05-24 06:13:19,674 - INFO - Scraping 5558/6851: https://www.refurbed.de/p/nokia-9-pureview/
2026-05-24 06:13:21,165 - INFO - Scraping 5559/6851: https://www.refurbed.de/p/nokia-c01plus/
2026-05-24 06:13:22,619 - INFO - Scraping 5560/6851: https://www.refurbed.de/p/nokia-c02/
2026-05-24 06:13:24,068 - INFO - Scraping 5561/6851: https://www.refurbed.de/p/nokia-c2-2nd-edition/
2026-05-24 06:13:25,433 - INFO - Scraping 5562/6851: https://www.refurbed.de/p/nokia-c20/
2026-05-24 06:13:26,796 - INFO - Scraping 5563/6851: https://www.refurbed.de/p/nokia-c21-plus/
2026-05-24 06:13:28,189 - INFO - Scraping 5564/6851: https://www.refurbed.de/p/nokia-c22/
2026-05-24 06:13:29,700 - INFO - Scraping 5565/6851: https://www.refurbed.de/p/nokia-c30/
2026-05-24 06:13:31,166 - INFO - Scraping 5566/6851: https://www.refurbed.de/p/nokia-c32/
2026-05-24 06:13:32,562 - INFO - Scraping 5567/6851: https://www.refurbed.de/p/nokia-dc-16/
2026-05-24 06:13:33,950 - INFO - Scraping 5568/6851: https://www.refurbed.de/p/nokia-fastmile-5g/
2026-05-24 06:13:35,323 - INFO - Scraping 5569/6851: https://www.refurbed.de/p/nokia-g10/
2026-05-24 06:13:36,818 - INFO - Scraping 5570/6851: https://www.refurbed.de/p/nokia-g11-plus/
2026-05-24 06:13:38,423 - INFO - Scraping 5571/6851: https://www.refurbed.de/p/nokia-g11/
2026-05-24 06:13:39,801 - INFO - Scraping 5572/6851: https://www.refurbed.de/p/nokia-g20/
2026-05-24 06:13:41,166 - INFO - Scraping 5573/6851: https://www.refurbed.de/p/nokia-g21/
2026-05-24 06:13:42,788 - INFO - Scraping 5574/6851: https://www.refurbed.de/p/nokia-g22/
2026-05-24 06:13:44,404 - INFO - Scraping 5575/6851: https://www.refurbed.de/p/nokia-g42/
2026-05-24 06:13:46,043 - INFO - Scraping 5576/6851: https://www.refurbed.de/p/nokia-g50-5g/
2026-05-24 06:13:48,210 - INFO - Scraping 5577/6851: https://www.refurbed.de/p/nokia-g60-5g/
2026-05-24 06:13:50,235 - INFO - Scraping 5578/6851: https://www.refurbed.de/p/nokia-hne24gv210-24/
2026-05-24 06:13:52,113 - INFO - Scraping 5579/6851: https://www.refurbed.de/p/nokia-lumia-1020/
2026-05-24 06:13:52,410 - ERROR - Error fetching https://www.refurbed.de/p/nokia-lumia-1020/: 404 Client Error: Not Found for url: https://www.refurbed.de/p/nokia-lumia-1020/
2026-05-24 06:13:53,413 - INFO - Scraping 5580/6851: https://www.refurbed.de/p/nokia-lumia-1320/
2026-05-24 06:13:53,828 - ERROR - Error fetching https://www.refurbed.de/p/nokia-lumia-1320/: 404 Client Error: Not Found for url: https://www.refurbed.de/p/nokia-lumia-1320/
2026-05-24 06:13:54,831 - INFO - Scraping 5581/6851: https://www.refurbed.de/p/nokia-lumia-620/
2026-05-24 06:13:56,333 - INFO - Scraping 5582/6851: https://www.refurbed.de/p/nokia-lumia-635/
2026-05-24 06:13:57,697 - INFO - Scraping 5583/6851: https://www.refurbed.de/p/nokia-lumia-735/
2026-05-24 06:13:57,932 - ERROR - Error fetching https://www.refurbed.de/p/nokia-lumia-735/: 404 Client Error: Not Found for url: https://www.refurbed.de/p/nokia-lumia-735/
2026-05-24 06:13:58,934 - INFO - Scraping 5584/6851: https://www.refurbed.de/p/nokia-lumia-830/
2026-05-24 06:13:59,179 - ERROR - Error fetching https://www.refurbed.de/p/nokia-lumia-830/: 404 Client Error: Not Found for url: https://www.refurbed.de/p/nokia-lumia-830/
2026-05-24 06:14:00,181 - INFO - Scraping 5585/6851: https://www.refurbed.de/p/nokia-lumia-920/
2026-05-24 06:14:00,403 - ERROR - Error fetching https://www.refurbed.de/p/nokia-lumia-920/: 404 Client Error: Not Found for url: https://www.refurbed.de/p/nokia-lumia-920/
2026-05-24 06:14:01,406 - INFO - Scraping 5586/6851: https://www.refurbed.de/p/nokia-lumia-925/
2026-05-24 06:14:01,630 - ERROR - Error fetching https://www.refurbed.de/p/nokia-lumia-925/: 404 Client Error: Not Found for url: https://www.refurbed.de/p/nokia-lumia-925/
2026-05-24 06:14:02,633 - INFO - Scraping 5587/6851: https://www.refurbed.de/p/nokia-lumia-930/
2026-05-24 06:14:02,880 - ERROR - Error fetching https://www.refurbed.de/p/nokia-lumia-930/: 404 Client Error: Not Found for url: https://www.refurbed.de/p/nokia-lumia-930/
2026-05-24 06:14:03,882 - INFO - Scraping 5588/6851: https://www.refurbed.de/p/nokia-qnr43gv215-43/
2026-05-24 06:14:05,288 - INFO - Scraping 5589/6851: https://www.refurbed.de/p/nokia-steel/
2026-05-24 06:14:06,607 - INFO - Scraping 5590/6851: https://www.refurbed.de/p/nokia-t10/
2026-05-24 06:14:08,097 - INFO - Scraping 5591/6851: https://www.refurbed.de/p/nokia-t20/
2026-05-24 06:14:09,678 - INFO - Scraping 5592/6851: https://www.refurbed.de/p/nokia-t21/
2026-05-24 06:14:11,236 - INFO - Scraping 5593/6851: https://www.refurbed.de/p/nokia-x10/
2026-05-24 06:14:12,615 - INFO - Scraping 5594/6851: https://www.refurbed.de/p/nokia-x20/
2026-05-24 06:14:14,044 - INFO - Scraping 5595/6851: https://www.refurbed.de/p/nokia-x30-5g/
2026-05-24 06:14:15,456 - INFO - Scraping 5596/6851: https://www.refurbed.de/p/nokia-xr20/
2026-05-24 06:14:16,984 - INFO - Scraping 5597/6851: https://www.refurbed.de/p/nokia-xr21/
2026-05-24 06:14:18,559 - INFO - Scraping 5598/6851: https://www.refurbed.de/p/oneplus-10-pro/
2026-05-24 06:14:20,218 - INFO - Scraping 5599/6851: https://www.refurbed.de/p/oneplus-10-t/
2026-05-24 06:14:21,780 - INFO - Scraping 5600/6851: https://www.refurbed.de/p/oneplus-11/
2026-05-24 06:14:23,169 - INFO - Scraping 5601/6851: https://www.refurbed.de/p/oneplus-12/
2026-05-24 06:14:24,617 - INFO - Scraping 5602/6851: https://www.refurbed.de/p/oneplus-12r/
2026-05-24 06:14:26,153 - INFO - Scraping 5603/6851: https://www.refurbed.de/p/oneplus-13/
2026-05-24 06:14:27,525 - INFO - Scraping 5604/6851: https://www.refurbed.de/p/oneplus-2/
2026-05-24 06:14:28,929 - INFO - Scraping 5605/6851: https://www.refurbed.de/p/oneplus-3/
2026-05-24 06:14:30,532 - INFO - Scraping 5606/6851: https://www.refurbed.de/p/oneplus-3t/
2026-05-24 06:14:31,920 - INFO - Scraping 5607/6851: https://www.refurbed.de/p/oneplus-5/
2026-05-24 06:14:33,486 - INFO - Scraping 5608/6851: https://www.refurbed.de/p/oneplus-5t/
2026-05-24 06:14:35,049 - INFO - Scraping 5609/6851: https://www.refurbed.de/p/oneplus-6/
2026-05-24 06:14:36,469 - INFO - Scraping 5610/6851: https://www.refurbed.de/p/oneplus-6t-mclaren/
2026-05-24 06:14:37,842 - INFO - Scraping 5611/6851: https://www.refurbed.de/p/oneplus-6t/
2026-05-24 06:14:39,232 - INFO - Scraping 5612/6851: https://www.refurbed.de/p/oneplus-7-pro/
2026-05-24 06:14:40,783 - INFO - Scraping 5613/6851: https://www.refurbed.de/p/oneplus-7/
2026-05-24 06:14:42,395 - INFO - Scraping 5614/6851: https://www.refurbed.de/p/oneplus-7t-pro-mclaren/
2026-05-24 06:14:43,755 - INFO - Scraping 5615/6851: https://www.refurbed.de/p/oneplus-7t-pro/
2026-05-24 06:14:45,153 - INFO - Scraping 5616/6851: https://www.refurbed.de/p/oneplus-7t/
2026-05-24 06:14:46,884 - INFO - Scraping 5617/6851: https://www.refurbed.de/p/oneplus-8-pro/
2026-05-24 06:14:48,472 - INFO - Scraping 5618/6851: https://www.refurbed.de/p/oneplus-8/
2026-05-24 06:14:50,106 - INFO - Scraping 5619/6851: https://www.refurbed.de/p/oneplus-8t/
2026-05-24 06:14:51,731 - INFO - Scraping 5620/6851: https://www.refurbed.de/p/oneplus-9-pro/
2026-05-24 06:14:53,312 - INFO - Scraping 5621/6851: https://www.refurbed.de/p/oneplus-9/
2026-05-24 06:14:55,070 - INFO - Scraping 5622/6851: https://www.refurbed.de/p/oneplus-buds-pro-2/
2026-05-24 06:14:56,406 - INFO - Scraping 5623/6851: https://www.refurbed.de/p/oneplus-buds-pro/
2026-05-24 06:14:57,814 - INFO - Scraping 5624/6851: https://www.refurbed.de/p/oneplus-buds-z2/
2026-05-24 06:14:59,312 - INFO - Scraping 5625/6851: https://www.refurbed.de/p/oneplus-buds/
2026-05-24 06:15:00,663 - INFO - Scraping 5626/6851: https://www.refurbed.de/p/oneplus-bullets-wireless-z/
2026-05-24 06:15:01,987 - INFO - Scraping 5627/6851: https://www.refurbed.de/p/oneplus-nord-2-5g/
2026-05-24 06:15:03,614 - INFO - Scraping 5628/6851: https://www.refurbed.de/p/oneplus-nord-2-pac-man-edition/
2026-05-24 06:15:05,091 - INFO - Scraping 5629/6851: https://www.refurbed.de/p/oneplus-nord-2t-5g/
2026-05-24 06:15:06,708 - INFO - Scraping 5630/6851: https://www.refurbed.de/p/oneplus-nord-3-5g/
2026-05-24 06:15:08,264 - INFO - Scraping 5631/6851: https://www.refurbed.de/p/oneplus-nord-4/
2026-05-24 06:15:09,710 - INFO - Scraping 5632/6851: https://www.refurbed.de/p/oneplus-nord-ce-2-lite/
2026-05-24 06:15:11,280 - INFO - Scraping 5633/6851: https://www.refurbed.de/p/oneplus-nord-ce-2/
2026-05-24 06:15:12,827 - INFO - Scraping 5634/6851: https://www.refurbed.de/p/oneplus-nord-ce-3-lite/
2026-05-24 06:15:14,560 - INFO - Scraping 5635/6851: https://www.refurbed.de/p/oneplus-nord-ce-4-lite-5g/
2026-05-24 06:15:16,171 - INFO - Scraping 5636/6851: https://www.refurbed.de/p/oneplus-nord-ce/
2026-05-24 06:15:17,729 - INFO - Scraping 5637/6851: https://www.refurbed.de/p/oneplus-nord-n10-5g/
2026-05-24 06:15:19,093 - INFO - Scraping 5638/6851: https://www.refurbed.de/p/oneplus-nord-n100/
2026-05-24 06:15:20,713 - INFO - Scraping 5639/6851: https://www.refurbed.de/p/oneplus-nord/
2026-05-24 06:15:22,540 - INFO - Scraping 5640/6851: https://www.refurbed.de/p/oneplus-one/
2026-05-24 06:15:23,923 - INFO - Scraping 5641/6851: https://www.refurbed.de/p/oneplus-open/
2026-05-24 06:15:25,562 - INFO - Scraping 5642/6851: https://www.refurbed.de/p/oneplus-pad-11-6/
2026-05-24 06:15:26,944 - INFO - Scraping 5643/6851: https://www.refurbed.de/p/oneplus-pad-2-12-1/
2026-05-24 06:15:28,508 - INFO - Scraping 5644/6851: https://www.refurbed.de/p/oneplus-x/
2026-05-24 06:15:30,231 - INFO - Scraping 5645/6851: https://www.refurbed.de/p/oppo-a15/
2026-05-24 06:15:32,422 - INFO - Scraping 5646/6851: https://www.refurbed.de/p/oppo-a16/
2026-05-24 06:15:34,559 - INFO - Scraping 5647/6851: https://www.refurbed.de/p/oppo-a16s/
2026-05-24 06:15:36,427 - INFO - Scraping 5648/6851: https://www.refurbed.de/p/oppo-a17/
2026-05-24 06:15:38,392 - INFO - Scraping 5649/6851: https://www.refurbed.de/p/oppo-a3/
2026-05-24 06:15:39,882 - INFO - Scraping 5650/6851: https://www.refurbed.de/p/oppo-a31/
2026-05-24 06:15:41,310 - INFO - Scraping 5651/6851: https://www.refurbed.de/p/oppo-a38/
2026-05-24 06:15:42,681 - INFO - Scraping 5652/6851: https://www.refurbed.de/p/oppo-a5-2020/
2026-05-24 06:15:44,073 - INFO - Scraping 5653/6851: https://www.refurbed.de/p/oppo-a52/
2026-05-24 06:15:45,509 - INFO - Scraping 5654/6851: https://www.refurbed.de/p/oppo-a53/
2026-05-24 06:15:47,036 - INFO - Scraping 5655/6851: https://www.refurbed.de/p/oppo-a53s/
2026-05-24 06:15:48,586 - INFO - Scraping 5656/6851: https://www.refurbed.de/p/oppo-a54-5g/
2026-05-24 06:15:50,224 - INFO - Scraping 5657/6851: https://www.refurbed.de/p/oppo-a54-s/
2026-05-24 06:15:51,843 - INFO - Scraping 5658/6851: https://www.refurbed.de/p/oppo-a57/
2026-05-24 06:15:53,368 - INFO - Scraping 5659/6851: https://www.refurbed.de/p/oppo-a57s/
2026-05-24 06:15:54,957 - INFO - Scraping 5660/6851: https://www.refurbed.de/p/oppo-a58-4g/
2026-05-24 06:15:56,504 - INFO - Scraping 5661/6851: https://www.refurbed.de/p/oppo-a60-5g/
2026-05-24 06:15:57,921 - INFO - Scraping 5662/6851: https://www.refurbed.de/p/oppo-a72/
2026-05-24 06:15:59,301 - INFO - Scraping 5663/6851: https://www.refurbed.de/p/oppo-a73-5g/
2026-05-24 06:16:00,767 - INFO - Scraping 5664/6851: https://www.refurbed.de/p/oppo-a74-5g/
2026-05-24 06:16:02,318 - INFO - Scraping 5665/6851: https://www.refurbed.de/p/oppo-a74/
2026-05-24 06:16:03,740 - INFO - Scraping 5666/6851: https://www.refurbed.de/p/oppo-a76/
2026-05-24 06:16:05,104 - INFO - Scraping 5667/6851: https://www.refurbed.de/p/oppo-a77/
2026-05-24 06:16:06,672 - INFO - Scraping 5668/6851: https://www.refurbed.de/p/oppo-a78-5g/
2026-05-24 06:16:08,258 - INFO - Scraping 5669/6851: https://www.refurbed.de/p/oppo-a79-5g/
2026-05-24 06:16:09,647 - INFO - Scraping 5670/6851: https://www.refurbed.de/p/oppo-a80/
2026-05-24 06:16:11,211 - INFO - Scraping 5671/6851: https://www.refurbed.de/p/oppo-a9/
2026-05-24 06:16:12,856 - INFO - Scraping 5672/6851: https://www.refurbed.de/p/oppo-a91/
2026-05-24 06:16:14,458 - INFO - Scraping 5673/6851: https://www.refurbed.de/p/oppo-a94-5g/
2026-05-24 06:16:16,077 - INFO - Scraping 5674/6851: https://www.refurbed.de/p/oppo-a96/
2026-05-24 06:16:17,772 - INFO - Scraping 5675/6851: https://www.refurbed.de/p/oppo-a98-5g/
2026-05-24 06:16:19,427 - INFO - Scraping 5676/6851: https://www.refurbed.de/p/oppo-ax7/
2026-05-24 06:16:20,989 - INFO - Scraping 5677/6851: https://www.refurbed.de/p/oppo-enco-air2-pro/
2026-05-24 06:16:22,363 - INFO - Scraping 5678/6851: https://www.refurbed.de/p/oppo-enco-free/
2026-05-24 06:16:23,715 - INFO - Scraping 5679/6851: https://www.refurbed.de/p/oppo-enco-w12/
2026-05-24 06:16:25,052 - INFO - Scraping 5680/6851: https://www.refurbed.de/p/oppo-enco-w31/
2026-05-24 06:16:26,410 - INFO - Scraping 5681/6851: https://www.refurbed.de/p/oppo-enco-w51/
2026-05-24 06:16:27,734 - INFO - Scraping 5682/6851: https://www.refurbed.de/p/oppo-enco-x/
2026-05-24 06:16:29,143 - INFO - Scraping 5683/6851: https://www.refurbed.de/p/oppo-f19/
2026-05-24 06:16:30,707 - INFO - Scraping 5684/6851: https://www.refurbed.de/p/oppo-f9/
2026-05-24 06:16:32,072 - INFO - Scraping 5685/6851: https://www.refurbed.de/p/oppo-find-n2-flip/
2026-05-24 06:16:33,478 - INFO - Scraping 5686/6851: https://www.refurbed.de/p/oppo-find-x2-5g/
2026-05-24 06:16:34,913 - INFO - Scraping 5687/6851: https://www.refurbed.de/p/oppo-find-x2-lite/
2026-05-24 06:16:36,456 - INFO - Scraping 5688/6851: https://www.refurbed.de/p/oppo-find-x2-neo-5g/
2026-05-24 06:16:38,048 - INFO - Scraping 5689/6851: https://www.refurbed.de/p/oppo-find-x2-pro/
2026-05-24 06:16:39,605 - INFO - Scraping 5690/6851: https://www.refurbed.de/p/oppo-find-x3-lite/
2026-05-24 06:16:41,188 - INFO - Scraping 5691/6851: https://www.refurbed.de/p/oppo-find-x3-neo/
2026-05-24 06:16:42,599 - INFO - Scraping 5692/6851: https://www.refurbed.de/p/oppo-find-x3-pro/
2026-05-24 06:16:44,423 - INFO - Scraping 5693/6851: https://www.refurbed.de/p/oppo-find-x5-lite/
2026-05-24 06:16:45,991 - INFO - Scraping 5694/6851: https://www.refurbed.de/p/oppo-find-x5-pro/
2026-05-24 06:16:48,412 - INFO - Scraping 5695/6851: https://www.refurbed.de/p/oppo-find-x5/
2026-05-24 06:16:50,545 - INFO - Scraping 5696/6851: https://www.refurbed.de/p/oppo-find-x8-pro/
2026-05-24 06:16:52,115 - INFO - Scraping 5697/6851: https://www.refurbed.de/p/oppo-r15-pro/
2026-05-24 06:16:53,658 - INFO - Scraping 5698/6851: https://www.refurbed.de/p/oppo-reno-10-5g/
2026-05-24 06:16:55,369 - INFO - Scraping 5699/6851: https://www.refurbed.de/p/oppo-reno-10-pro-5g/
2026-05-24 06:16:56,952 - INFO - Scraping 5700/6851: https://www.refurbed.de/p/oppo-reno-10-pro-plus-5g/
2026-05-24 06:16:58,393 - INFO - Scraping 5701/6851: https://www.refurbed.de/p/oppo-reno-10x-zoom/
2026-05-24 06:16:59,852 - INFO - Scraping 5702/6851: https://www.refurbed.de/p/oppo-reno-11-f-5g/
2026-05-24 06:17:01,420 - INFO - Scraping 5703/6851: https://www.refurbed.de/p/oppo-reno-12-f-5g/
2026-05-24 06:17:02,866 - INFO - Scraping 5704/6851: https://www.refurbed.de/p/oppo-reno-12-fs-5g/
2026-05-24 06:17:04,242 - INFO - Scraping 5705/6851: https://www.refurbed.de/p/oppo-reno-12-pro-5g/
2026-05-24 06:17:05,701 - INFO - Scraping 5706/6851: https://www.refurbed.de/p/oppo-reno-12/
2026-05-24 06:17:07,092 - INFO - Scraping 5707/6851: https://www.refurbed.de/p/oppo-reno-2-z/
2026-05-24 06:17:08,522 - INFO - Scraping 5708/6851: https://www.refurbed.de/p/oppo-reno-2/
2026-05-24 06:17:10,225 - INFO - Scraping 5709/6851: https://www.refurbed.de/p/oppo-reno-3-pro-5g/
2026-05-24 06:17:11,656 - INFO - Scraping 5710/6851: https://www.refurbed.de/p/oppo-reno-4-5g/
2026-05-24 06:17:13,217 - INFO - Scraping 5711/6851: https://www.refurbed.de/p/oppo-reno-4-pro-5g/
2026-05-24 06:17:14,859 - INFO - Scraping 5712/6851: https://www.refurbed.de/p/oppo-reno-5-pro-5g/
2026-05-24 06:17:16,295 - INFO - Scraping 5713/6851: https://www.refurbed.de/p/oppo-reno-5g/
2026-05-24 06:17:17,708 - INFO - Scraping 5714/6851: https://www.refurbed.de/p/oppo-reno-6-5g/
2026-05-24 06:17:19,249 - INFO - Scraping 5715/6851: https://www.refurbed.de/p/oppo-reno-6-pro-5g/
2026-05-24 06:17:20,792 - INFO - Scraping 5716/6851: https://www.refurbed.de/p/oppo-reno-7-5g/
2026-05-24 06:17:22,183 - INFO - Scraping 5717/6851: https://www.refurbed.de/p/oppo-reno-7-lite-5g/
2026-05-24 06:17:23,551 - INFO - Scraping 5718/6851: https://www.refurbed.de/p/oppo-reno-7/
2026-05-24 06:17:25,280 - INFO - Scraping 5719/6851: https://www.refurbed.de/p/oppo-reno-8-5g/
2026-05-24 06:17:26,757 - INFO - Scraping 5720/6851: https://www.refurbed.de/p/oppo-reno-8-lite-5g/
2026-05-24 06:17:28,342 - INFO - Scraping 5721/6851: https://www.refurbed.de/p/oppo-reno-8-pro-5g/
2026-05-24 06:17:29,926 - INFO - Scraping 5722/6851: https://www.refurbed.de/p/oppo-reno-z-4-5g/
2026-05-24 06:17:31,533 - INFO - Scraping 5723/6851: https://www.refurbed.de/p/oppo-reno-z-5-5g/
2026-05-24 06:17:32,951 - INFO - Scraping 5724/6851: https://www.refurbed.de/p/oppo-reno-z/
2026-05-24 06:17:34,577 - INFO - Scraping 5725/6851: https://www.refurbed.de/p/oppo-reno/
2026-05-24 06:17:36,109 - INFO - Scraping 5726/6851: https://www.refurbed.de/p/oppo-reno5-5g/
2026-05-24 06:17:37,566 - INFO - Scraping 5727/6851: https://www.refurbed.de/p/oppo-rx17-neo/
2026-05-24 06:17:38,935 - INFO - Scraping 5728/6851: https://www.refurbed.de/p/oppo-rx17-pro/
2026-05-24 06:17:40,537 - INFO - Scraping 5729/6851: https://www.refurbed.de/p/os-caldorad-humi-13-99298/
2026-05-24 06:17:41,905 - INFO - Scraping 5730/6851: https://www.refurbed.de/p/os-caldorad-humi-9-99263/
2026-05-24 06:17:43,401 - INFO - Scraping 5731/6851: https://www.refurbed.de/p/panasonic-lumi-s-20-60mm-3-5-5-6/
2026-05-24 06:17:44,795 - INFO - Scraping 5732/6851: https://www.refurbed.de/p/panzerglass-google-pixel/
2026-05-24 06:17:46,270 - INFO - Scraping 5733/6851: https://www.refurbed.de/p/panzerglass-ipad-bndl-transparen/
2026-05-24 06:17:47,718 - INFO - Scraping 5734/6851: https://www.refurbed.de/p/panzerglass-ipad/
2026-05-24 06:17:49,154 - INFO - Scraping 5735/6851: https://www.refurbed.de/p/panzerglass-iphone-6-6s-7-8-stan/
2026-05-24 06:17:50,590 - INFO - Scraping 5736/6851: https://www.refurbed.de/p/panzerglass-iphone-recycled/
2026-05-24 06:17:52,183 - INFO - Scraping 5737/6851: https://www.refurbed.de/p/panzerglass-motorola/
2026-05-24 06:17:53,677 - INFO - Scraping 5738/6851: https://www.refurbed.de/p/panzerglass-nokia/
2026-05-24 06:17:55,103 - INFO - Scraping 5739/6851: https://www.refurbed.de/p/panzerglass-oneplus/
2026-05-24 06:17:56,561 - INFO - Scraping 5740/6851: https://www.refurbed.de/p/panzerglass-oppo/
2026-05-24 06:17:57,984 - INFO - Scraping 5741/6851: https://www.refurbed.de/p/panzerglass-realme/
2026-05-24 06:17:59,482 - INFO - Scraping 5742/6851: https://www.refurbed.de/p/panzerglass-samsung-tablet/
2026-05-24 06:18:00,964 - INFO - Scraping 5743/6851: https://www.refurbed.de/p/panzerglass-tab-bndl-transparent/
2026-05-24 06:18:02,441 - INFO - Scraping 5744/6851: https://www.refurbed.de/p/pg-privacy-screen-iphone-15/
2026-05-24 06:18:03,928 - INFO - Scraping 5745/6851: https://www.refurbed.de/p/pg-privacy-screen-macbook/
2026-05-24 06:18:05,485 - INFO - Scraping 5746/6851: https://www.refurbed.de/p/philips-voice-tracer-dvt2050/
2026-05-24 06:18:06,898 - INFO - Scraping 5747/6851: https://www.refurbed.de/p/realme-11-pro-5g/
2026-05-24 06:18:08,504 - INFO - Scraping 5748/6851: https://www.refurbed.de/p/realme-12-pro-5g/
2026-05-24 06:18:08,732 - ERROR - Error fetching https://www.refurbed.de/p/realme-12-pro-5g/: 404 Client Error: Not Found for url: https://www.refurbed.de/p/realme-12-pro-5g/
2026-05-24 06:18:09,735 - INFO - Scraping 5749/6851: https://www.refurbed.de/p/realme-12-pro-plus-5g/
2026-05-24 06:18:11,262 - INFO - Scraping 5750/6851: https://www.refurbed.de/p/realme-5-pro/
2026-05-24 06:18:12,641 - INFO - Scraping 5751/6851: https://www.refurbed.de/p/realme-5/
2026-05-24 06:18:14,014 - INFO - Scraping 5752/6851: https://www.refurbed.de/p/realme-5i/
2026-05-24 06:18:15,525 - INFO - Scraping 5753/6851: https://www.refurbed.de/p/realme-6-pro/
2026-05-24 06:18:17,103 - INFO - Scraping 5754/6851: https://www.refurbed.de/p/realme-6/
2026-05-24 06:18:18,641 - INFO - Scraping 5755/6851: https://www.refurbed.de/p/realme-6i/
2026-05-24 06:18:20,036 - INFO - Scraping 5756/6851: https://www.refurbed.de/p/realme-6s/
2026-05-24 06:18:21,513 - INFO - Scraping 5757/6851: https://www.refurbed.de/p/realme-7-5g/
2026-05-24 06:18:23,007 - INFO - Scraping 5758/6851: https://www.refurbed.de/p/realme-7-pro/
2026-05-24 06:18:24,573 - INFO - Scraping 5759/6851: https://www.refurbed.de/p/realme-7/
2026-05-24 06:18:25,931 - INFO - Scraping 5760/6851: https://www.refurbed.de/p/realme-7i-global/
2026-05-24 06:18:27,553 - INFO - Scraping 5761/6851: https://www.refurbed.de/p/realme-8-5g/
2026-05-24 06:18:29,192 - INFO - Scraping 5762/6851: https://www.refurbed.de/p/realme-8-pro/
2026-05-24 06:18:31,081 - INFO - Scraping 5763/6851: https://www.refurbed.de/p/realme-8/
2026-05-24 06:18:33,304 - INFO - Scraping 5764/6851: https://www.refurbed.de/p/realme-8i/
2026-05-24 06:18:35,165 - INFO - Scraping 5765/6851: https://www.refurbed.de/p/realme-9-5g/
2026-05-24 06:18:36,679 - INFO - Scraping 5766/6851: https://www.refurbed.de/p/realme-9-pro-5g/
2026-05-24 06:18:38,402 - INFO - Scraping 5767/6851: https://www.refurbed.de/p/realme-9-pro-plus-5g/
2026-05-24 06:18:39,798 - INFO - Scraping 5768/6851: https://www.refurbed.de/p/realme-9-pro-plus/
2026-05-24 06:18:41,316 - INFO - Scraping 5769/6851: https://www.refurbed.de/p/realme-9/
2026-05-24 06:18:42,665 - INFO - Scraping 5770/6851: https://www.refurbed.de/p/realme-9i/
2026-05-24 06:18:44,116 - INFO - Scraping 5771/6851: https://www.refurbed.de/p/realme-buds-air-3/
2026-05-24 06:18:45,447 - INFO - Scraping 5772/6851: https://www.refurbed.de/p/realme-c11-2021/
2026-05-24 06:18:46,929 - INFO - Scraping 5773/6851: https://www.refurbed.de/p/realme-c11/
2026-05-24 06:18:48,329 - INFO - Scraping 5774/6851: https://www.refurbed.de/p/realme-c21/
2026-05-24 06:18:49,704 - INFO - Scraping 5775/6851: https://www.refurbed.de/p/realme-c3/
2026-05-24 06:18:51,133 - INFO - Scraping 5776/6851: https://www.refurbed.de/p/realme-c31/
2026-05-24 06:18:52,663 - INFO - Scraping 5777/6851: https://www.refurbed.de/p/realme-gt-2-pro/
2026-05-24 06:18:54,026 - INFO - Scraping 5778/6851: https://www.refurbed.de/p/realme-gt-3/
2026-05-24 06:18:55,506 - INFO - Scraping 5779/6851: https://www.refurbed.de/p/realme-gt-5g-master/
2026-05-24 06:18:57,252 - INFO - Scraping 5780/6851: https://www.refurbed.de/p/realme-gt-5g/
2026-05-24 06:18:58,861 - INFO - Scraping 5781/6851: https://www.refurbed.de/p/realme-gt-neo-2/
2026-05-24 06:19:00,232 - INFO - Scraping 5782/6851: https://www.refurbed.de/p/realme-gt-neo-3-150w/
2026-05-24 06:19:01,766 - INFO - Scraping 5783/6851: https://www.refurbed.de/p/realme-gt-neo-3-80w/
2026-05-24 06:19:03,301 - INFO - Scraping 5784/6851: https://www.refurbed.de/p/realme-gt-neo-3t/
2026-05-24 06:19:04,739 - INFO - Scraping 5785/6851: https://www.refurbed.de/p/realme-narzo-30-5g/
2026-05-24 06:19:06,157 - INFO - Scraping 5786/6851: https://www.refurbed.de/p/realme-narzo-30a/
2026-05-24 06:19:07,538 - INFO - Scraping 5787/6851: https://www.refurbed.de/p/realme-narzo-50-5g/
2026-05-24 06:19:08,938 - INFO - Scraping 5788/6851: https://www.refurbed.de/p/realme-narzo-50/
2026-05-24 06:19:10,334 - INFO - Scraping 5789/6851: https://www.refurbed.de/p/realme-narzo-50a-prime/
2026-05-24 06:19:11,903 - INFO - Scraping 5790/6851: https://www.refurbed.de/p/realme-pad-mini-8-7/
2026-05-24 06:19:13,291 - INFO - Scraping 5791/6851: https://www.refurbed.de/p/realme-pro3/
2026-05-24 06:19:14,715 - INFO - Scraping 5792/6851: https://www.refurbed.de/p/realme-x2-pro/
2026-05-24 06:19:16,086 - INFO - Scraping 5793/6851: https://www.refurbed.de/p/realme-x2/
2026-05-24 06:19:17,516 - INFO - Scraping 5794/6851: https://www.refurbed.de/p/realme-x3-super-zoom/
2026-05-24 06:19:18,964 - INFO - Scraping 5795/6851: https://www.refurbed.de/p/realme-x50-5g/
2026-05-24 06:19:20,550 - INFO - Scraping 5796/6851: https://www.refurbed.de/p/realme-x50-pro-5g/
2026-05-24 06:19:22,064 - INFO - Scraping 5797/6851: https://www.refurbed.de/p/realme-xt/
2026-05-24 06:19:23,423 - INFO - Scraping 5798/6851: https://www.refurbed.de/p/samsung--book3-pro-1340p360-16/
2026-05-24 06:19:24,807 - INFO - Scraping 5799/6851: https://www.refurbed.de/p/samsung-2233bw/
2026-05-24 06:19:26,225 - INFO - Scraping 5800/6851: https://www.refurbed.de/p/samsung-2443bw/
2026-05-24 06:19:27,579 - INFO - Scraping 5801/6851: https://www.refurbed.de/p/samsung-4k-lsp9t-triple-laser/
2026-05-24 06:19:29,173 - INFO - Scraping 5802/6851: https://www.refurbed.de/p/samsung-a040r033l/
2026-05-24 06:19:30,544 - INFO - Scraping 5803/6851: https://www.refurbed.de/p/samsung-activity-tracker-ei-an90/
2026-05-24 06:19:31,889 - INFO - Scraping 5804/6851: https://www.refurbed.de/p/samsung-akg-s30/
2026-05-24 06:19:33,344 - INFO - Scraping 5805/6851: https://www.refurbed.de/p/samsung-akg-y100-wireless/
2026-05-24 06:19:34,656 - INFO - Scraping 5806/6851: https://www.refurbed.de/p/samsung-b2100/
2026-05-24 06:19:36,017 - INFO - Scraping 5807/6851: https://www.refurbed.de/p/samsung-b2240mw/
2026-05-24 06:19:37,333 - INFO - Scraping 5808/6851: https://www.refurbed.de/p/samsung-b2710/
2026-05-24 06:19:38,957 - INFO - Scraping 5809/6851: https://www.refurbed.de/p/samsung-bespo-jetbot-combo-steam/
2026-05-24 06:19:40,295 - INFO - Scraping 5810/6851: https://www.refurbed.de/p/samsung-bespoke-jet-pet/
2026-05-24 06:19:41,745 - INFO - Scraping 5811/6851: https://www.refurbed.de/p/samsung-book-flex-10210u/
2026-05-24 06:19:43,132 - INFO - Scraping 5812/6851: https://www.refurbed.de/p/samsung-book-flex-i7-10510u/
2026-05-24 06:19:44,560 - INFO - Scraping 5813/6851: https://www.refurbed.de/p/samsung-book2-15-i3-1215u/
2026-05-24 06:19:46,021 - INFO - Scraping 5814/6851: https://www.refurbed.de/p/samsung-book2-15-i5-1235u/
2026-05-24 06:19:47,520 - INFO - Scraping 5815/6851: https://www.refurbed.de/p/samsung-book2-15-i7-1255u/
2026-05-24 06:19:49,242 - INFO - Scraping 5816/6851: https://www.refurbed.de/p/samsung-book2-pro-15-i5-1235u/
2026-05-24 06:19:50,638 - INFO - Scraping 5817/6851: https://www.refurbed.de/p/samsung-book2-pro-15-i7-1260p/
2026-05-24 06:19:52,244 - INFO - Scraping 5818/6851: https://www.refurbed.de/p/samsung-book2-pro-360-1240p/
2026-05-24 06:19:53,613 - INFO - Scraping 5819/6851: https://www.refurbed.de/p/samsung-book2-pro-360-13-1240p/
2026-05-24 06:19:55,300 - INFO - Scraping 5820/6851: https://www.refurbed.de/p/samsung-book2-pro-360-13-1260p/
2026-05-24 06:19:57,008 - INFO - Scraping 5821/6851: https://www.refurbed.de/p/samsung-book3-15-i3-1315u/
2026-05-24 06:19:59,139 - INFO - Scraping 5822/6851: https://www.refurbed.de/p/samsung-book3-15-i5-1335u/
2026-05-24 06:20:01,019 - INFO - Scraping 5823/6851: https://www.refurbed.de/p/samsung-bs-jetbot-combo-ai-steam/
2026-05-24 06:20:02,725 - INFO - Scraping 5824/6851: https://www.refurbed.de/p/samsung-c27f396fhu-27/
2026-05-24 06:20:04,387 - INFO - Scraping 5825/6851: https://www.refurbed.de/p/samsung-c27f591/
2026-05-24 06:20:06,025 - INFO - Scraping 5826/6851: https://www.refurbed.de/p/samsung-c49hg90/
2026-05-24 06:20:07,343 - INFO - Scraping 5827/6851: https://www.refurbed.de/p/samsung-ch890-2017-34/
2026-05-24 06:20:08,816 - INFO - Scraping 5828/6851: https://www.refurbed.de/p/samsung-chromebook-2-360-n4500/
2026-05-24 06:20:10,396 - INFO - Scraping 5829/6851: https://www.refurbed.de/p/samsung-chromebook-go-n4500/
2026-05-24 06:20:11,822 - INFO - Scraping 5830/6851: https://www.refurbed.de/p/samsung-crystal-uhd-ue43cu7172u/
2026-05-24 06:20:13,278 - INFO - Scraping 5831/6851: https://www.refurbed.de/p/samsung-crystal-uhd-ue50cu7172u/
2026-05-24 06:20:14,729 - INFO - Scraping 5832/6851: https://www.refurbed.de/p/samsung-dm48e-48/
2026-05-24 06:20:16,164 - INFO - Scraping 5833/6851: https://www.refurbed.de/p/samsung-dm55e-55/
2026-05-24 06:20:17,519 - INFO - Scraping 5834/6851: https://www.refurbed.de/p/samsung-ef-dx710-bkcvr-kbrd-slim/
2026-05-24 06:20:19,112 - INFO - Scraping 5835/6851: https://www.refurbed.de/p/samsung-ef-dx810-bkcvr-kbrd-slim/
2026-05-24 06:20:20,482 - INFO - Scraping 5836/6851: https://www.refurbed.de/p/samsung-ef-dx925-bkcvr-kbrd/
2026-05-24 06:20:21,838 - INFO - Scraping 5837/6851: https://www.refurbed.de/p/samsung-essen-monitor-s3-s31c-24/
2026-05-24 06:20:23,244 - INFO - Scraping 5838/6851: https://www.refurbed.de/p/samsung-essen-monitor-s3-s36c-27/
2026-05-24 06:20:24,593 - INFO - Scraping 5839/6851: https://www.refurbed.de/p/samsung-f37t-24/
2026-05-24 06:20:25,905 - INFO - Scraping 5840/6851: https://www.refurbed.de/p/samsung-flip-2-wm65r/
2026-05-24 06:20:27,383 - INFO - Scraping 5841/6851: https://www.refurbed.de/p/samsung-flip-pro-wm75b/
2026-05-24 06:20:28,701 - INFO - Scraping 5842/6851: https://www.refurbed.de/p/samsung-flip-pro-wm85b/
2026-05-24 06:20:30,078 - INFO - Scraping 5843/6851: https://www.refurbed.de/p/samsung-flip-wa65c/
2026-05-24 06:20:31,407 - INFO - Scraping 5844/6851: https://www.refurbed.de/p/samsung-frame-gq55ls03b/
2026-05-24 06:20:32,760 - INFO - Scraping 5845/6851: https://www.refurbed.de/p/samsung-freestyle-2g-sp-lff3clax/
2026-05-24 06:20:34,189 - INFO - Scraping 5846/6851: https://www.refurbed.de/p/samsung-freestyle-lsp3/
2026-05-24 06:20:35,563 - INFO - Scraping 5847/6851: https://www.refurbed.de/p/samsung-g-b4-edge-xelitex1e80100/
2026-05-24 06:20:37,239 - INFO - Scraping 5848/6851: https://www.refurbed.de/p/samsung-g-b4-edge-xelitex1e84100/
2026-05-24 06:20:38,770 - INFO - Scraping 5849/6851: https://www.refurbed.de/p/samsung-g-book2-pro-360-15-1260p/
2026-05-24 06:20:40,153 - INFO - Scraping 5850/6851: https://www.refurbed.de/p/samsung-g-book4-edge-x1p-42-100/
2026-05-24 06:20:41,530 - INFO - Scraping 5851/6851: https://www.refurbed.de/p/samsung-galaxy-a01/
2026-05-24 06:20:42,935 - INFO - Scraping 5852/6851: https://www.refurbed.de/p/samsung-galaxy-a02s/
2026-05-24 06:20:44,628 - INFO - Scraping 5853/6851: https://www.refurbed.de/p/samsung-galaxy-a03/
2026-05-24 06:20:46,292 - INFO - Scraping 5854/6851: https://www.refurbed.de/p/samsung-galaxy-a03s/
2026-05-24 06:20:47,943 - INFO - Scraping 5855/6851: https://www.refurbed.de/p/samsung-galaxy-a04/
2026-05-24 06:20:49,379 - INFO - Scraping 5856/6851: https://www.refurbed.de/p/samsung-galaxy-a04s/
2026-05-24 06:20:51,031 - INFO - Scraping 5857/6851: https://www.refurbed.de/p/samsung-galaxy-a05/
2026-05-24 06:20:52,517 - INFO - Scraping 5858/6851: https://www.refurbed.de/p/samsung-galaxy-a05s/
2026-05-24 06:20:54,185 - INFO - Scraping 5859/6851: https://www.refurbed.de/p/samsung-galaxy-a06/
2026-05-24 06:20:55,620 - INFO - Scraping 5860/6851: https://www.refurbed.de/p/samsung-galaxy-a10/
2026-05-24 06:20:57,156 - INFO - Scraping 5861/6851: https://www.refurbed.de/p/samsung-galaxy-a10s/
2026-05-24 06:20:58,720 - INFO - Scraping 5862/6851: https://www.refurbed.de/p/samsung-galaxy-a11/
2026-05-24 06:21:00,391 - INFO - Scraping 5863/6851: https://www.refurbed.de/p/samsung-galaxy-a12-nacho/
2026-05-24 06:21:01,805 - INFO - Scraping 5864/6851: https://www.refurbed.de/p/samsung-galaxy-a12/
2026-05-24 06:21:03,341 - INFO - Scraping 5865/6851: https://www.refurbed.de/p/samsung-galaxy-a13-5g/
2026-05-24 06:21:04,928 - INFO - Scraping 5866/6851: https://www.refurbed.de/p/samsung-galaxy-a13/
2026-05-24 06:21:06,484 - INFO - Scraping 5867/6851: https://www.refurbed.de/p/samsung-galaxy-a14-5g/
2026-05-24 06:21:08,257 - INFO - Scraping 5868/6851: https://www.refurbed.de/p/samsung-galaxy-a14/
2026-05-24 06:21:09,965 - INFO - Scraping 5869/6851: https://www.refurbed.de/p/samsung-galaxy-a15-5g/
2026-05-24 06:21:11,347 - INFO - Scraping 5870/6851: https://www.refurbed.de/p/samsung-galaxy-a15/
2026-05-24 06:21:12,771 - INFO - Scraping 5871/6851: https://www.refurbed.de/p/samsung-galaxy-a16-5g/
2026-05-24 06:21:14,621 - INFO - Scraping 5872/6851: https://www.refurbed.de/p/samsung-galaxy-a16/
2026-05-24 06:21:16,172 - INFO - Scraping 5873/6851: https://www.refurbed.de/p/samsung-galaxy-a20/
2026-05-24 06:21:17,778 - INFO - Scraping 5874/6851: https://www.refurbed.de/p/samsung-galaxy-a20e/
2026-05-24 06:21:19,336 - INFO - Scraping 5875/6851: https://www.refurbed.de/p/samsung-galaxy-a20s/
2026-05-24 06:21:20,970 - INFO - Scraping 5876/6851: https://www.refurbed.de/p/samsung-galaxy-a21s/
2026-05-24 06:21:22,560 - INFO - Scraping 5877/6851: https://www.refurbed.de/p/samsung-galaxy-a22-5g/
2026-05-24 06:21:24,207 - INFO - Scraping 5878/6851: https://www.refurbed.de/p/samsung-galaxy-a22/
2026-05-24 06:21:25,844 - INFO - Scraping 5879/6851: https://www.refurbed.de/p/samsung-galaxy-a22s-5g/
2026-05-24 06:21:27,195 - INFO - Scraping 5880/6851: https://www.refurbed.de/p/samsung-galaxy-a23-5g/
2026-05-24 06:21:28,750 - INFO - Scraping 5881/6851: https://www.refurbed.de/p/samsung-galaxy-a23/
2026-05-24 06:21:30,187 - INFO - Scraping 5882/6851: https://www.refurbed.de/p/samsung-galaxy-a24/
2026-05-24 06:21:31,565 - INFO - Scraping 5883/6851: https://www.refurbed.de/p/samsung-galaxy-a25-5g/
2026-05-24 06:21:33,094 - INFO - Scraping 5884/6851: https://www.refurbed.de/p/samsung-galaxy-a26-5g/
2026-05-24 06:21:34,502 - INFO - Scraping 5885/6851: https://www.refurbed.de/p/samsung-galaxy-a3-2014-a300f/
2026-05-24 06:21:35,967 - INFO - Scraping 5886/6851: https://www.refurbed.de/p/samsung-galaxy-a3-2017-a320f/
2026-05-24 06:21:37,514 - INFO - Scraping 5887/6851: https://www.refurbed.de/p/samsung-galaxy-a3-a310f/
2026-05-24 06:21:38,917 - INFO - Scraping 5888/6851: https://www.refurbed.de/p/samsung-galaxy-a30/
2026-05-24 06:21:40,325 - INFO - Scraping 5889/6851: https://www.refurbed.de/p/samsung-galaxy-a30s/
2026-05-24 06:21:41,953 - INFO - Scraping 5890/6851: https://www.refurbed.de/p/samsung-galaxy-a31/
2026-05-24 06:21:43,475 - INFO - Scraping 5891/6851: https://www.refurbed.de/p/samsung-galaxy-a32-5g/
2026-05-24 06:21:45,039 - INFO - Scraping 5892/6851: https://www.refurbed.de/p/samsung-galaxy-a32-eed/
2026-05-24 06:21:46,393 - INFO - Scraping 5893/6851: https://www.refurbed.de/p/samsung-galaxy-a32/
2026-05-24 06:21:47,903 - INFO - Scraping 5894/6851: https://www.refurbed.de/p/samsung-galaxy-a33-5g/
2026-05-24 06:21:49,292 - INFO - Scraping 5895/6851: https://www.refurbed.de/p/samsung-galaxy-a34/
2026-05-24 06:21:50,721 - INFO - Scraping 5896/6851: https://www.refurbed.de/p/samsung-galaxy-a35-5g/
2026-05-24 06:21:52,343 - INFO - Scraping 5897/6851: https://www.refurbed.de/p/samsung-galaxy-a36-5g/
2026-05-24 06:21:53,923 - INFO - Scraping 5898/6851: https://www.refurbed.de/p/samsung-galaxy-a40/
2026-05-24 06:21:55,492 - INFO - Scraping 5899/6851: https://www.refurbed.de/p/samsung-galaxy-a41/
2026-05-24 06:21:57,068 - INFO - Scraping 5900/6851: https://www.refurbed.de/p/samsung-galaxy-a42-5g/
2026-05-24 06:21:58,631 - INFO - Scraping 5901/6851: https://www.refurbed.de/p/samsung-galaxy-a5-2016/
2026-05-24 06:22:00,167 - INFO - Scraping 5902/6851: https://www.refurbed.de/p/samsung-galaxy-a5-2017/
2026-05-24 06:22:01,591 - INFO - Scraping 5903/6851: https://www.refurbed.de/p/samsung-galaxy-a5-a500f-2014/
2026-05-24 06:22:02,971 - INFO - Scraping 5904/6851: https://www.refurbed.de/p/samsung-galaxy-a50/
2026-05-24 06:22:04,583 - INFO - Scraping 5905/6851: https://www.refurbed.de/p/samsung-galaxy-a50s-eu/
2026-05-24 06:22:06,027 - INFO - Scraping 5906/6851: https://www.refurbed.de/p/samsung-galaxy-a51-5g/
2026-05-24 06:22:07,727 - INFO - Scraping 5907/6851: https://www.refurbed.de/p/samsung-galaxy-a51/
2026-05-24 06:22:09,356 - INFO - Scraping 5908/6851: https://www.refurbed.de/p/samsung-galaxy-a52-5g/
2026-05-24 06:22:10,960 - INFO - Scraping 5909/6851: https://www.refurbed.de/p/samsung-galaxy-a52/
2026-05-24 06:22:12,422 - INFO - Scraping 5910/6851: https://www.refurbed.de/p/samsung-galaxy-a52s-5g/
2026-05-24 06:22:13,988 - INFO - Scraping 5911/6851: https://www.refurbed.de/p/samsung-galaxy-a53-5g/
2026-05-24 06:22:15,414 - INFO - Scraping 5912/6851: https://www.refurbed.de/p/samsung-galaxy-a54-5g/
2026-05-24 06:22:17,047 - INFO - Scraping 5913/6851: https://www.refurbed.de/p/samsung-galaxy-a55-5g/
2026-05-24 06:22:18,686 - INFO - Scraping 5914/6851: https://www.refurbed.de/p/samsung-galaxy-a56-5g/
2026-05-24 06:22:20,070 - INFO - Scraping 5915/6851: https://www.refurbed.de/p/samsung-galaxy-a6-2018-duos/
2026-05-24 06:22:21,478 - INFO - Scraping 5916/6851: https://www.refurbed.de/p/samsung-galaxy-a6-2018/
2026-05-24 06:22:23,176 - INFO - Scraping 5917/6851: https://www.refurbed.de/p/samsung-galaxy-a6plus-2018/
2026-05-24 06:22:24,744 - INFO - Scraping 5918/6851: https://www.refurbed.de/p/samsung-galaxy-a7-duos-2018-a750/
2026-05-24 06:22:26,309 - INFO - Scraping 5919/6851: https://www.refurbed.de/p/samsung-galaxy-a70/
2026-05-24 06:22:27,904 - INFO - Scraping 5920/6851: https://www.refurbed.de/p/samsung-galaxy-a71-5g-980/
2026-05-24 06:22:29,288 - INFO - Scraping 5921/6851: https://www.refurbed.de/p/samsung-galaxy-a71/
2026-05-24 06:22:31,068 - INFO - Scraping 5922/6851: https://www.refurbed.de/p/samsung-galaxy-a72/
2026-05-24 06:22:32,501 - INFO - Scraping 5923/6851: https://www.refurbed.de/p/samsung-galaxy-a73-5g/
2026-05-24 06:22:33,935 - INFO - Scraping 5924/6851: https://www.refurbed.de/p/samsung-galaxy-a8-2018-duos/
2026-05-24 06:22:35,567 - INFO - Scraping 5925/6851: https://www.refurbed.de/p/samsung-galaxy-a8-2018/
2026-05-24 06:22:37,120 - INFO - Scraping 5926/6851: https://www.refurbed.de/p/samsung-galaxy-a8-plus-2018/
2026-05-24 06:22:38,652 - INFO - Scraping 5927/6851: https://www.refurbed.de/p/samsung-galaxy-a80/
2026-05-24 06:22:40,043 - INFO - Scraping 5928/6851: https://www.refurbed.de/p/samsung-galaxy-a9-2018/
2026-05-24 06:22:41,663 - INFO - Scraping 5929/6851: https://www.refurbed.de/p/samsung-galaxy-ace-style/
2026-05-24 06:22:43,084 - INFO - Scraping 5930/6851: https://www.refurbed.de/p/samsung-galaxy-alpha/
2026-05-24 06:22:44,506 - INFO - Scraping 5931/6851: https://www.refurbed.de/p/samsung-galaxy-b3-pro-i7-1360p/
2026-05-24 06:22:45,907 - INFO - Scraping 5932/6851: https://www.refurbed.de/p/samsung-galaxy-book-1135g7/
2026-05-24 06:22:47,344 - INFO - Scraping 5933/6851: https://www.refurbed.de/p/samsung-galaxy-book2-go/
2026-05-24 06:22:48,919 - INFO - Scraping 5934/6851: https://www.refurbed.de/p/samsung-galaxy-book3-360-13-3/
2026-05-24 06:22:50,318 - INFO - Scraping 5935/6851: https://www.refurbed.de/p/samsung-galaxy-book3-360-i5-15/
2026-05-24 06:22:51,784 - INFO - Scraping 5936/6851: https://www.refurbed.de/p/samsung-galaxy-book3-360-i5/
2026-05-24 06:22:53,373 - INFO - Scraping 5937/6851: https://www.refurbed.de/p/samsung-galaxy-book3-i7-1355u/
2026-05-24 06:22:54,747 - INFO - Scraping 5938/6851: https://www.refurbed.de/p/samsung-galaxy-book3-pro-360-16/
2026-05-24 06:22:56,298 - INFO - Scraping 5939/6851: https://www.refurbed.de/p/samsung-galaxy-book3-ultra-16/
2026-05-24 06:22:57,829 - INFO - Scraping 5940/6851: https://www.refurbed.de/p/samsung-galaxy-book4-3-100u/
2026-05-24 06:22:59,868 - INFO - Scraping 5941/6851: https://www.refurbed.de/p/samsung-galaxy-book4-360-5-120u/
2026-05-24 06:23:01,756 - INFO - Scraping 5942/6851: https://www.refurbed.de/p/samsung-galaxy-book4-360-7-150u/
2026-05-24 06:23:03,844 - INFO - Scraping 5943/6851: https://www.refurbed.de/p/samsung-galaxy-book4-5-120u/
2026-05-24 06:23:05,495 - INFO - Scraping 5944/6851: https://www.refurbed.de/p/samsung-galaxy-book4-7-150u/
2026-05-24 06:23:07,127 - INFO - Scraping 5945/6851: https://www.refurbed.de/p/samsung-galaxy-book4-i5-1335u/
2026-05-24 06:23:08,682 - INFO - Scraping 5946/6851: https://www.refurbed.de/p/samsung-galaxy-book4-i7-1355u/
2026-05-24 06:23:10,198 - INFO - Scraping 5947/6851: https://www.refurbed.de/p/samsung-galaxy-book4-pro-14-155h/
2026-05-24 06:23:11,592 - INFO - Scraping 5948/6851: https://www.refurbed.de/p/samsung-galaxy-book4-pro-16-125h/
2026-05-24 06:23:12,958 - INFO - Scraping 5949/6851: https://www.refurbed.de/p/samsung-galaxy-book4-pro-16-155h/
2026-05-24 06:23:14,421 - INFO - Scraping 5950/6851: https://www.refurbed.de/p/samsung-galaxy-book4-ultra-155h/
2026-05-24 06:23:15,830 - INFO - Scraping 5951/6851: https://www.refurbed.de/p/samsung-galaxy-book4-ultra-185h/
2026-05-24 06:23:17,265 - INFO - Scraping 5952/6851: https://www.refurbed.de/p/samsung-galaxy-book4pro-360-125h/
2026-05-24 06:23:18,723 - INFO - Scraping 5953/6851: https://www.refurbed.de/p/samsung-galaxy-book4pro-360-155h/
2026-05-24 06:23:20,260 - INFO - Scraping 5954/6851: https://www.refurbed.de/p/samsung-galaxy-book4pro360-elite/
2026-05-24 06:23:21,694 - INFO - Scraping 5955/6851: https://www.refurbed.de/p/samsung-galaxy-book5-360-5-226v/
2026-05-24 06:23:23,251 - INFO - Scraping 5956/6851: https://www.refurbed.de/p/samsung-galaxy-buds-fe/
2026-05-24 06:23:24,581 - INFO - Scraping 5957/6851: https://www.refurbed.de/p/samsung-galaxy-buds-live/
2026-05-24 06:23:25,903 - INFO - Scraping 5958/6851: https://www.refurbed.de/p/samsung-galaxy-buds-plus/
2026-05-24 06:23:27,453 - INFO - Scraping 5959/6851: https://www.refurbed.de/p/samsung-galaxy-buds/
2026-05-24 06:23:28,783 - INFO - Scraping 5960/6851: https://www.refurbed.de/p/samsung-galaxy-core-prime/
2026-05-24 06:23:30,244 - INFO - Scraping 5961/6851: https://www.refurbed.de/p/samsung-galaxy-fit-e/
2026-05-24 06:23:31,602 - INFO - Scraping 5962/6851: https://www.refurbed.de/p/samsung-galaxy-fit/
2026-05-24 06:23:32,918 - INFO - Scraping 5963/6851: https://www.refurbed.de/p/samsung-galaxy-fit2/
2026-05-24 06:23:34,302 - INFO - Scraping 5964/6851: https://www.refurbed.de/p/samsung-galaxy-fit3/
2026-05-24 06:23:35,651 - INFO - Scraping 5965/6851: https://www.refurbed.de/p/samsung-galaxy-fold/
2026-05-24 06:23:37,068 - INFO - Scraping 5966/6851: https://www.refurbed.de/p/samsung-galaxy-grand-prime-value/
2026-05-24 06:23:38,530 - INFO - Scraping 5967/6851: https://www.refurbed.de/p/samsung-galaxy-grand-prime/
2026-05-24 06:23:39,943 - INFO - Scraping 5968/6851: https://www.refurbed.de/p/samsung-galaxy-j1-j100h/
2026-05-24 06:23:41,426 - INFO - Scraping 5969/6851: https://www.refurbed.de/p/samsung-galaxy-j2-core-2018/
2026-05-24 06:23:42,821 - INFO - Scraping 5970/6851: https://www.refurbed.de/p/samsung-galaxy-j3-2016/
2026-05-24 06:23:44,496 - INFO - Scraping 5971/6851: https://www.refurbed.de/p/samsung-galaxy-j3-2017/
2026-05-24 06:23:45,907 - INFO - Scraping 5972/6851: https://www.refurbed.de/p/samsung-galaxy-j4/
2026-05-24 06:23:47,318 - INFO - Scraping 5973/6851: https://www.refurbed.de/p/samsung-galaxy-j5-2015/
2026-05-24 06:23:48,806 - INFO - Scraping 5974/6851: https://www.refurbed.de/p/samsung-galaxy-j5-2016/
2026-05-24 06:23:50,240 - INFO - Scraping 5975/6851: https://www.refurbed.de/p/samsung-galaxy-j5-2017/
2026-05-24 06:23:51,812 - INFO - Scraping 5976/6851: https://www.refurbed.de/p/samsung-galaxy-j5-pro/
2026-05-24 06:23:53,186 - INFO - Scraping 5977/6851: https://www.refurbed.de/p/samsung-galaxy-j6/
2026-05-24 06:23:54,853 - INFO - Scraping 5978/6851: https://www.refurbed.de/p/samsung-galaxy-j6plus/
2026-05-24 06:23:56,257 - INFO - Scraping 5979/6851: https://www.refurbed.de/p/samsung-galaxy-j7-2016/
2026-05-24 06:23:57,770 - INFO - Scraping 5980/6851: https://www.refurbed.de/p/samsung-galaxy-j7-2017/
2026-05-24 06:23:59,162 - INFO - Scraping 5981/6851: https://www.refurbed.de/p/samsung-galaxy-j7-pro/
2026-05-24 06:24:00,739 - INFO - Scraping 5982/6851: https://www.refurbed.de/p/samsung-galaxy-j7-v-2018/
2026-05-24 06:24:02,251 - INFO - Scraping 5983/6851: https://www.refurbed.de/p/samsung-galaxy-j8-2018/
2026-05-24 06:24:03,676 - INFO - Scraping 5984/6851: https://www.refurbed.de/p/samsung-galaxy-m10/
2026-05-24 06:24:05,068 - INFO - Scraping 5985/6851: https://www.refurbed.de/p/samsung-galaxy-m11/
2026-05-24 06:24:06,803 - INFO - Scraping 5986/6851: https://www.refurbed.de/p/samsung-galaxy-m12/
2026-05-24 06:24:08,424 - INFO - Scraping 5987/6851: https://www.refurbed.de/p/samsung-galaxy-m13/
2026-05-24 06:24:10,134 - INFO - Scraping 5988/6851: https://www.refurbed.de/p/samsung-galaxy-m20/
2026-05-24 06:24:11,816 - INFO - Scraping 5989/6851: https://www.refurbed.de/p/samsung-galaxy-m21-2021/
2026-05-24 06:24:13,368 - INFO - Scraping 5990/6851: https://www.refurbed.de/p/samsung-galaxy-m21/
2026-05-24 06:24:14,934 - INFO - Scraping 5991/6851: https://www.refurbed.de/p/samsung-galaxy-m22/
2026-05-24 06:24:16,464 - INFO - Scraping 5992/6851: https://www.refurbed.de/p/samsung-galaxy-m23-5g/
2026-05-24 06:24:18,083 - INFO - Scraping 5993/6851: https://www.refurbed.de/p/samsung-galaxy-m30/
2026-05-24 06:24:19,686 - INFO - Scraping 5994/6851: https://www.refurbed.de/p/samsung-galaxy-m30s/
2026-05-24 06:24:21,302 - INFO - Scraping 5995/6851: https://www.refurbed.de/p/samsung-galaxy-m31/
2026-05-24 06:24:22,941 - INFO - Scraping 5996/6851: https://www.refurbed.de/p/samsung-galaxy-m31s/
2026-05-24 06:24:24,569 - INFO - Scraping 5997/6851: https://www.refurbed.de/p/samsung-galaxy-m32/
2026-05-24 06:24:26,124 - INFO - Scraping 5998/6851: https://www.refurbed.de/p/samsung-galaxy-m33-5g/
2026-05-24 06:24:27,915 - INFO - Scraping 5999/6851: https://www.refurbed.de/p/samsung-galaxy-m34-5g/
2026-05-24 06:24:29,431 - INFO - Scraping 6000/6851: https://www.refurbed.de/p/samsung-galaxy-m51/
2026-05-24 06:24:31,076 - INFO - Scraping 6001/6851: https://www.refurbed.de/p/samsung-galaxy-m52-5g/
2026-05-24 06:24:32,704 - INFO - Scraping 6002/6851: https://www.refurbed.de/p/samsung-galaxy-m53/
2026-05-24 06:24:34,336 - INFO - Scraping 6003/6851: https://www.refurbed.de/p/samsung-galaxy-mega-6-3/
2026-05-24 06:24:35,743 - INFO - Scraping 6004/6851: https://www.refurbed.de/p/samsung-galaxy-note-10-1-2014/
2026-05-24 06:24:37,309 - INFO - Scraping 6005/6851: https://www.refurbed.de/p/samsung-galaxy-note-10-lite/
2026-05-24 06:24:38,845 - INFO - Scraping 6006/6851: https://www.refurbed.de/p/samsung-galaxy-note-10/
2026-05-24 06:24:40,982 - INFO - Scraping 6007/6851: https://www.refurbed.de/p/samsung-galaxy-note-101-n8010/
2026-05-24 06:24:42,865 - INFO - Scraping 6008/6851: https://www.refurbed.de/p/samsung-galaxy-note-101-n8020/
2026-05-24 06:24:44,853 - INFO - Scraping 6009/6851: https://www.refurbed.de/p/samsung-galaxy-note-10plus/
2026-05-24 06:24:46,888 - INFO - Scraping 6010/6851: https://www.refurbed.de/p/samsung-galaxy-note-20/
2026-05-24 06:24:48,929 - INFO - Scraping 6011/6851: https://www.refurbed.de/p/samsung-galaxy-note-3/
2026-05-24 06:24:50,526 - INFO - Scraping 6012/6851: https://www.refurbed.de/p/samsung-galaxy-note-4/
2026-05-24 06:24:51,943 - INFO - Scraping 6013/6851: https://www.refurbed.de/p/samsung-galaxy-note-8/
2026-05-24 06:24:53,489 - INFO - Scraping 6014/6851: https://www.refurbed.de/p/samsung-galaxy-note-9-duos/
2026-05-24 06:24:55,272 - INFO - Scraping 6015/6851: https://www.refurbed.de/p/samsung-galaxy-note-9/
2026-05-24 06:24:56,720 - INFO - Scraping 6016/6851: https://www.refurbed.de/p/samsung-galaxy-note-edge-2014-n9/
2026-05-24 06:24:58,173 - INFO - Scraping 6017/6851: https://www.refurbed.de/p/samsung-galaxy-note-pro-12-2/
2026-05-24 06:24:59,685 - INFO - Scraping 6018/6851: https://www.refurbed.de/p/samsung-galaxy-ring/
2026-05-24 06:25:01,313 - INFO - Scraping 6019/6851: https://www.refurbed.de/p/samsung-galaxy-s10-5g/
2026-05-24 06:25:02,723 - INFO - Scraping 6020/6851: https://www.refurbed.de/p/samsung-galaxy-s10-lite/
2026-05-24 06:25:04,380 - INFO - Scraping 6021/6851: https://www.refurbed.de/p/samsung-galaxy-s10-plus/
2026-05-24 06:25:05,789 - INFO - Scraping 6022/6851: https://www.refurbed.de/p/samsung-galaxy-s10/
2026-05-24 06:25:07,492 - INFO - Scraping 6023/6851: https://www.refurbed.de/p/samsung-galaxy-s10e/
2026-05-24 06:25:09,197 - INFO - Scraping 6024/6851: https://www.refurbed.de/p/samsung-galaxy-s20-5g/
2026-05-24 06:25:10,645 - INFO - Scraping 6025/6851: https://www.refurbed.de/p/samsung-galaxy-s20-fe-5g/
2026-05-24 06:25:12,374 - INFO - Scraping 6026/6851: https://www.refurbed.de/p/samsung-galaxy-s20-fe/
2026-05-24 06:25:13,763 - INFO - Scraping 6027/6851: https://www.refurbed.de/p/samsung-galaxy-s20-ultra/
2026-05-24 06:25:15,139 - INFO - Scraping 6028/6851: https://www.refurbed.de/p/samsung-galaxy-s20/
2026-05-24 06:25:16,789 - INFO - Scraping 6029/6851: https://www.refurbed.de/p/samsung-galaxy-s20plus/
2026-05-24 06:25:18,346 - INFO - Scraping 6030/6851: https://www.refurbed.de/p/samsung-galaxy-s21-5g-enterprise/
2026-05-24 06:25:19,740 - INFO - Scraping 6031/6851: https://www.refurbed.de/p/samsung-galaxy-s21-5g/
2026-05-24 06:25:21,172 - INFO - Scraping 6032/6851: https://www.refurbed.de/p/samsung-galaxy-s21-fe-5g/
2026-05-24 06:25:22,669 - INFO - Scraping 6033/6851: https://www.refurbed.de/p/samsung-galaxy-s21-plus-5g/
2026-05-24 06:25:24,068 - INFO - Scraping 6034/6851: https://www.refurbed.de/p/samsung-galaxy-s21-ultra-5g/
2026-05-24 06:25:25,489 - INFO - Scraping 6035/6851: https://www.refurbed.de/p/samsung-galaxy-s22-plus-5g/
2026-05-24 06:25:27,237 - INFO - Scraping 6036/6851: https://www.refurbed.de/p/samsung-galaxy-s22-ultra-5g/
2026-05-24 06:25:28,668 - INFO - Scraping 6037/6851: https://www.refurbed.de/p/samsung-galaxy-s22/
2026-05-24 06:25:30,084 - INFO - Scraping 6038/6851: https://www.refurbed.de/p/samsung-galaxy-s23-fe/
2026-05-24 06:25:31,555 - INFO - Scraping 6039/6851: https://www.refurbed.de/p/samsung-galaxy-s23-plus/
2026-05-24 06:25:33,102 - INFO - Scraping 6040/6851: https://www.refurbed.de/p/samsung-galaxy-s23-ultra/
2026-05-24 06:25:34,498 - INFO - Scraping 6041/6851: https://www.refurbed.de/p/samsung-galaxy-s23/
2026-05-24 06:25:35,947 - INFO - Scraping 6042/6851: https://www.refurbed.de/p/samsung-galaxy-s24-fe/
2026-05-24 06:25:37,543 - INFO - Scraping 6043/6851: https://www.refurbed.de/p/samsung-galaxy-s24-plus/
2026-05-24 06:25:39,017 - INFO - Scraping 6044/6851: https://www.refurbed.de/p/samsung-galaxy-s24-ultra/
2026-05-24 06:25:40,509 - INFO - Scraping 6045/6851: https://www.refurbed.de/p/samsung-galaxy-s24/
2026-05-24 06:25:41,906 - INFO - Scraping 6046/6851: https://www.refurbed.de/p/samsung-galaxy-s25-edge/
2026-05-24 06:25:43,513 - INFO - Scraping 6047/6851: https://www.refurbed.de/p/samsung-galaxy-s25-plus/
2026-05-24 06:25:45,182 - INFO - Scraping 6048/6851: https://www.refurbed.de/p/samsung-galaxy-s25-ultra/
2026-05-24 06:25:46,601 - INFO - Scraping 6049/6851: https://www.refurbed.de/p/samsung-galaxy-s25/
2026-05-24 06:25:47,991 - INFO - Scraping 6050/6851: https://www.refurbed.de/p/samsung-galaxy-s3-mini/
2026-05-24 06:25:49,585 - INFO - Scraping 6051/6851: https://www.refurbed.de/p/samsung-galaxy-s3/
2026-05-24 06:25:51,262 - INFO - Scraping 6052/6851: https://www.refurbed.de/p/samsung-galaxy-s4-active-i9295/
2026-05-24 06:25:52,830 - INFO - Scraping 6053/6851: https://www.refurbed.de/p/samsung-galaxy-s4-i9500/
2026-05-24 06:25:55,114 - INFO - Scraping 6054/6851: https://www.refurbed.de/p/samsung-galaxy-s4-i9505/
2026-05-24 06:25:56,714 - INFO - Scraping 6055/6851: https://www.refurbed.de/p/samsung-galaxy-s4-mini-i9195/
2026-05-24 06:25:58,385 - INFO - Scraping 6056/6851: https://www.refurbed.de/p/samsung-galaxy-s4-mini-i9195i/
2026-05-24 06:25:59,891 - INFO - Scraping 6057/6851: https://www.refurbed.de/p/samsung-galaxy-s5-active/
2026-05-24 06:26:01,412 - INFO - Scraping 6058/6851: https://www.refurbed.de/p/samsung-galaxy-s5-mini/
2026-05-24 06:26:02,825 - INFO - Scraping 6059/6851: https://www.refurbed.de/p/samsung-galaxy-s5-neo/
2026-05-24 06:26:04,389 - INFO - Scraping 6060/6851: https://www.refurbed.de/p/samsung-galaxy-s5-plus/
2026-05-24 06:26:05,827 - INFO - Scraping 6061/6851: https://www.refurbed.de/p/samsung-galaxy-s5/
2026-05-24 06:26:07,258 - INFO - Scraping 6062/6851: https://www.refurbed.de/p/samsung-galaxy-s6-active/
2026-05-24 06:26:08,688 - INFO - Scraping 6063/6851: https://www.refurbed.de/p/samsung-galaxy-s6-edge-plus/
2026-05-24 06:26:10,104 - INFO - Scraping 6064/6851: https://www.refurbed.de/p/samsung-galaxy-s6-edge/
2026-05-24 06:26:11,484 - INFO - Scraping 6065/6851: https://www.refurbed.de/p/samsung-galaxy-s6/
2026-05-24 06:26:12,922 - INFO - Scraping 6066/6851: https://www.refurbed.de/p/samsung-galaxy-s7-active/
2026-05-24 06:26:14,357 - INFO - Scraping 6067/6851: https://www.refurbed.de/p/samsung-galaxy-s7-edge-olympic-g/
2026-05-24 06:26:15,844 - INFO - Scraping 6068/6851: https://www.refurbed.de/p/samsung-galaxy-s7-edge/
2026-05-24 06:26:17,429 - INFO - Scraping 6069/6851: https://www.refurbed.de/p/samsung-galaxy-s7/
2026-05-24 06:26:18,871 - INFO - Scraping 6070/6851: https://www.refurbed.de/p/samsung-galaxy-s8-plus/
2026-05-24 06:26:20,746 - INFO - Scraping 6071/6851: https://www.refurbed.de/p/samsung-galaxy-s8/
2026-05-24 06:26:22,125 - INFO - Scraping 6072/6851: https://www.refurbed.de/p/samsung-galaxy-s9-duos/
2026-05-24 06:26:23,826 - INFO - Scraping 6073/6851: https://www.refurbed.de/p/samsung-galaxy-s9-plus-duos/
2026-05-24 06:26:25,444 - INFO - Scraping 6074/6851: https://www.refurbed.de/p/samsung-galaxy-s9-plus/
2026-05-24 06:26:27,000 - INFO - Scraping 6075/6851: https://www.refurbed.de/p/samsung-galaxy-s9/
2026-05-24 06:26:28,890 - INFO - Scraping 6076/6851: https://www.refurbed.de/p/samsung-galaxy-smarttag/
2026-05-24 06:26:30,272 - INFO - Scraping 6077/6851: https://www.refurbed.de/p/samsung-galaxy-tab-3-lite-7/
2026-05-24 06:26:31,704 - INFO - Scraping 6078/6851: https://www.refurbed.de/p/samsung-galaxy-tab-3/
2026-05-24 06:26:33,120 - INFO - Scraping 6079/6851: https://www.refurbed.de/p/samsung-galaxy-tab-4-10-1/
2026-05-24 06:26:34,723 - INFO - Scraping 6080/6851: https://www.refurbed.de/p/samsung-galaxy-tab-4-7-0-t230-7/
2026-05-24 06:26:36,127 - INFO - Scraping 6081/6851: https://www.refurbed.de/p/samsung-galaxy-tab-4-70-t230-lte/
2026-05-24 06:26:37,555 - INFO - Scraping 6082/6851: https://www.refurbed.de/p/samsung-galaxy-tab-a-10-1-p580/
2026-05-24 06:26:39,176 - INFO - Scraping 6083/6851: https://www.refurbed.de/p/samsung-galaxy-tab-a-10-1-t580-1/
2026-05-24 06:26:40,560 - INFO - Scraping 6084/6851: https://www.refurbed.de/p/samsung-galaxy-tab-a-10-1-t585/
2026-05-24 06:26:42,242 - INFO - Scraping 6085/6851: https://www.refurbed.de/p/samsung-galaxy-tab-a-10-5/
2026-05-24 06:26:43,676 - INFO - Scraping 6086/6851: https://www.refurbed.de/p/samsung-galaxy-tab-a-7-0-t280-20/
2026-05-24 06:26:45,389 - INFO - Scraping 6087/6851: https://www.refurbed.de/p/samsung-galaxy-tab-a-7-0-t285-4g/
2026-05-24 06:26:46,769 - INFO - Scraping 6088/6851: https://www.refurbed.de/p/samsung-galaxy-tab-a-8-4/
2026-05-24 06:26:48,242 - INFO - Scraping 6089/6851: https://www.refurbed.de/p/samsung-galaxy-tab-a-9-7/
2026-05-24 06:26:49,780 - INFO - Scraping 6090/6851: https://www.refurbed.de/p/samsung-galaxy-tab-a-t585/
2026-05-24 06:26:51,319 - INFO - Scraping 6091/6851: https://www.refurbed.de/p/samsung-galaxy-tab-a7-lite-t220/
2026-05-24 06:26:52,875 - INFO - Scraping 6092/6851: https://www.refurbed.de/p/samsung-galaxy-tab-a7-lite-t225/
2026-05-24 06:26:54,505 - INFO - Scraping 6093/6851: https://www.refurbed.de/p/samsung-galaxy-tab-a7/
2026-05-24 06:26:56,117 - INFO - Scraping 6094/6851: https://www.refurbed.de/p/samsung-galaxy-tab-a9-plus-x210/
2026-05-24 06:26:57,863 - INFO - Scraping 6095/6851: https://www.refurbed.de/p/samsung-galaxy-tab-a9-plus-x216/
2026-05-24 06:26:59,543 - INFO - Scraping 6096/6851: https://www.refurbed.de/p/samsung-galaxy-tab-a9-x110/
2026-05-24 06:27:02,008 - INFO - Scraping 6097/6851: https://www.refurbed.de/p/samsung-galaxy-tab-a9-x115/
2026-05-24 06:27:04,762 - INFO - Scraping 6098/6851: https://www.refurbed.de/p/samsung-galaxy-tab-active-3/
2026-05-24 06:27:06,596 - INFO - Scraping 6099/6851: https://www.refurbed.de/p/samsung-galaxy-tab-active-pro/
2026-05-24 06:27:08,385 - INFO - Scraping 6100/6851: https://www.refurbed.de/p/samsung-galaxy-tab-active/
2026-05-24 06:27:09,959 - INFO - Scraping 6101/6851: https://www.refurbed.de/p/samsung-galaxy-tab-active2-8/
2026-05-24 06:27:11,731 - INFO - Scraping 6102/6851: https://www.refurbed.de/p/samsung-galaxy-tab-active4-pro/
2026-05-24 06:27:13,415 - INFO - Scraping 6103/6851: https://www.refurbed.de/p/samsung-galaxy-tab-active5-x300n/
2026-05-24 06:27:14,919 - INFO - Scraping 6104/6851: https://www.refurbed.de/p/samsung-galaxy-tab-active5-x306b/
2026-05-24 06:27:16,293 - INFO - Scraping 6105/6851: https://www.refurbed.de/p/samsung-galaxy-tab-e-t377/
2026-05-24 06:27:17,679 - INFO - Scraping 6106/6851: https://www.refurbed.de/p/samsung-galaxy-tab-e-t561/
2026-05-24 06:27:19,071 - INFO - Scraping 6107/6851: https://www.refurbed.de/p/samsung-galaxy-tab-pro-10-1/
2026-05-24 06:27:20,540 - INFO - Scraping 6108/6851: https://www.refurbed.de/p/samsung-galaxy-tab-pro-12-2/
2026-05-24 06:27:22,004 - INFO - Scraping 6109/6851: https://www.refurbed.de/p/samsung-galaxy-tab-pro-8-4-2014/
2026-05-24 06:27:23,458 - INFO - Scraping 6110/6851: https://www.refurbed.de/p/samsung-galaxy-tab-pro-t525/
2026-05-24 06:27:24,881 - INFO - Scraping 6111/6851: https://www.refurbed.de/p/samsung-galaxy-tab-s-10-5/
2026-05-24 06:27:26,273 - INFO - Scraping 6112/6851: https://www.refurbed.de/p/samsung-galaxy-tab-s-8-4/
2026-05-24 06:27:27,722 - INFO - Scraping 6113/6851: https://www.refurbed.de/p/samsung-galaxy-tab-s10-fe-x520/
2026-05-24 06:27:29,224 - INFO - Scraping 6114/6851: https://www.refurbed.de/p/samsung-galaxy-tab-s10-fe-x526/
2026-05-24 06:27:30,616 - INFO - Scraping 6115/6851: https://www.refurbed.de/p/samsung-galaxy-tab-s10-x920/
2026-05-24 06:27:32,225 - INFO - Scraping 6116/6851: https://www.refurbed.de/p/samsung-galaxy-tab-s10-x926/
2026-05-24 06:27:33,923 - INFO - Scraping 6117/6851: https://www.refurbed.de/p/samsung-galaxy-tab-s10p-x820/
2026-05-24 06:27:35,308 - INFO - Scraping 6118/6851: https://www.refurbed.de/p/samsung-galaxy-tab-s10p-x826/
2026-05-24 06:27:36,654 - INFO - Scraping 6119/6851: https://www.refurbed.de/p/samsung-galaxy-tab-s2-9-7/
2026-05-24 06:27:38,160 - INFO - Scraping 6120/6851: https://www.refurbed.de/p/samsung-galaxy-tab-s3/
2026-05-24 06:27:39,715 - INFO - Scraping 6121/6851: https://www.refurbed.de/p/samsung-galaxy-tab-s4-10-5/
2026-05-24 06:27:41,271 - INFO - Scraping 6122/6851: https://www.refurbed.de/p/samsung-galaxy-tab-s5e-10-5/
2026-05-24 06:27:42,624 - INFO - Scraping 6123/6851: https://www.refurbed.de/p/samsung-galaxy-tab-s6-10-5/
2026-05-24 06:27:43,971 - INFO - Scraping 6124/6851: https://www.refurbed.de/p/samsung-galaxy-tab-s6-lite-10-4/
2026-05-24 06:27:45,491 - INFO - Scraping 6125/6851: https://www.refurbed.de/p/samsung-galaxy-tab-s6-lite-2022/
2026-05-24 06:27:47,094 - INFO - Scraping 6126/6851: https://www.refurbed.de/p/samsung-galaxy-tab-s8-plus/
2026-05-24 06:27:48,444 - INFO - Scraping 6127/6851: https://www.refurbed.de/p/samsung-galaxy-tab-s8-ultra/
2026-05-24 06:27:50,024 - INFO - Scraping 6128/6851: https://www.refurbed.de/p/samsung-galaxy-tab-s8/
2026-05-24 06:27:51,702 - INFO - Scraping 6129/6851: https://www.refurbed.de/p/samsung-galaxy-tab-s9-fe-p-x610/
2026-05-24 06:27:53,267 - INFO - Scraping 6130/6851: https://www.refurbed.de/p/samsung-galaxy-tab-s9-fe-p-x616/
2026-05-24 06:27:54,842 - INFO - Scraping 6131/6851: https://www.refurbed.de/p/samsung-galaxy-tab-s9-fe-x510/
2026-05-24 06:27:56,680 - INFO - Scraping 6132/6851: https://www.refurbed.de/p/samsung-galaxy-tab-s9-fe-x516/
2026-05-24 06:27:58,237 - INFO - Scraping 6133/6851: https://www.refurbed.de/p/samsung-galaxy-tab-s9-ultra/
2026-05-24 06:27:59,690 - INFO - Scraping 6134/6851: https://www.refurbed.de/p/samsung-galaxy-tab-s9-x710/
2026-05-24 06:28:01,275 - INFO - Scraping 6135/6851: https://www.refurbed.de/p/samsung-galaxy-tab-s9-x716/
2026-05-24 06:28:02,919 - INFO - Scraping 6136/6851: https://www.refurbed.de/p/samsung-galaxy-tab-s9plus/
2026-05-24 06:28:04,434 - INFO - Scraping 6137/6851: https://www.refurbed.de/p/samsung-galaxy-tabpro-8-4-t320/
2026-05-24 06:28:05,936 - INFO - Scraping 6138/6851: https://www.refurbed.de/p/samsung-galaxy-tabpro-s/
2026-05-24 06:28:06,174 - ERROR - Error fetching https://www.refurbed.de/p/samsung-galaxy-tabpro-s/: 404 Client Error: Not Found for url: https://www.refurbed.de/p/samsung-galaxy-tabpro-s/
2026-05-24 06:28:07,176 - INFO - Scraping 6139/6851: https://www.refurbed.de/p/samsung-galaxy-tabs7-plus-t976b/
2026-05-24 06:28:08,592 - INFO - Scraping 6140/6851: https://www.refurbed.de/p/samsung-galaxy-trend-2-lite/
2026-05-24 06:28:10,019 - INFO - Scraping 6141/6851: https://www.refurbed.de/p/samsung-galaxy-trend-lite/
2026-05-24 06:28:11,427 - INFO - Scraping 6142/6851: https://www.refurbed.de/p/samsung-galaxy-view-18-4/
2026-05-24 06:28:12,864 - INFO - Scraping 6143/6851: https://www.refurbed.de/p/samsung-galaxy-z-flip-3-5g/
2026-05-24 06:28:14,570 - INFO - Scraping 6144/6851: https://www.refurbed.de/p/samsung-galaxy-z-flip-3-bespoke/
2026-05-24 06:28:15,917 - INFO - Scraping 6145/6851: https://www.refurbed.de/p/samsung-galaxy-z-flip-5/
2026-05-24 06:28:17,347 - INFO - Scraping 6146/6851: https://www.refurbed.de/p/samsung-galaxy-z-flip-6/
2026-05-24 06:28:18,848 - INFO - Scraping 6147/6851: https://www.refurbed.de/p/samsung-galaxy-z-fold-3-5g/
2026-05-24 06:28:20,412 - INFO - Scraping 6148/6851: https://www.refurbed.de/p/samsung-galaxy-z-fold-4/
2026-05-24 06:28:22,139 - INFO - Scraping 6149/6851: https://www.refurbed.de/p/samsung-galaxy-z-fold-5/
2026-05-24 06:28:24,085 - INFO - Scraping 6150/6851: https://www.refurbed.de/p/samsung-galaxy-z-fold-6/
2026-05-24 06:28:26,705 - INFO - Scraping 6151/6851: https://www.refurbed.de/p/samsung-gb2-pro-13-i5-1240p-13-3/
2026-05-24 06:28:28,533 - INFO - Scraping 6152/6851: https://www.refurbed.de/p/samsung-gb2-pro-13-i7-1260p-13-3/
2026-05-24 06:28:30,184 - INFO - Scraping 6153/6851: https://www.refurbed.de/p/samsung-gb3-ultra-16-i9-13900h/
2026-05-24 06:28:31,855 - INFO - Scraping 6154/6851: https://www.refurbed.de/p/samsung-gb4-edge-x1e-80-100-16/
2026-05-24 06:28:33,265 - INFO - Scraping 6155/6851: https://www.refurbed.de/p/samsung-glx-tab-a-8-2017/
2026-05-24 06:28:34,635 - INFO - Scraping 6156/6851: https://www.refurbed.de/p/samsung-glx-tab-a-8-2018/
2026-05-24 06:28:36,040 - INFO - Scraping 6157/6851: https://www.refurbed.de/p/samsung-glx-tab-a-8-2019/
2026-05-24 06:28:37,571 - INFO - Scraping 6158/6851: https://www.refurbed.de/p/samsung-glx-tab-a8-x200-205/
2026-05-24 06:28:39,011 - INFO - Scraping 6159/6851: https://www.refurbed.de/p/samsung-glxy-12-7200u/
2026-05-24 06:28:39,234 - ERROR - Error fetching https://www.refurbed.de/p/samsung-glxy-12-7200u/: 404 Client Error: Not Found for url: https://www.refurbed.de/p/samsung-glxy-12-7200u/
2026-05-24 06:28:40,237 - INFO - Scraping 6160/6851: https://www.refurbed.de/p/samsung-glxy-bk5-pro-360-7-256v/
2026-05-24 06:28:41,705 - INFO - Scraping 6161/6851: https://www.refurbed.de/p/samsung-glxy-book-flex-1035g4/
2026-05-24 06:28:43,126 - INFO - Scraping 6162/6851: https://www.refurbed.de/p/samsung-glxy-book-flex-i7-1065g7/
2026-05-24 06:28:44,551 - INFO - Scraping 6163/6851: https://www.refurbed.de/p/samsung-glxy-book-flex2-5g-i7/
2026-05-24 06:28:45,939 - INFO - Scraping 6164/6851: https://www.refurbed.de/p/samsung-glxy-book-flex2-5g/
2026-05-24 06:28:47,387 - INFO - Scraping 6165/6851: https://www.refurbed.de/p/samsung-glxy-book-flex2-alpha/
2026-05-24 06:28:47,661 - ERROR - Error fetching https://www.refurbed.de/p/samsung-glxy-book-flex2-alpha/: 404 Client Error: Not Found for url: https://www.refurbed.de/p/samsung-glxy-book-flex2-alpha/
2026-05-24 06:28:48,663 - INFO - Scraping 6166/6851: https://www.refurbed.de/p/samsung-glxy-book-go-sd7c/
2026-05-24 06:28:50,060 - INFO - Scraping 6167/6851: https://www.refurbed.de/p/samsung-glxy-book-pro-1135g7-15/
2026-05-24 06:28:51,560 - INFO - Scraping 6168/6851: https://www.refurbed.de/p/samsung-glxy-book-pro-1135g7/
2026-05-24 06:28:53,028 - INFO - Scraping 6169/6851: https://www.refurbed.de/p/samsung-glxy-book-pro-1165g7-15/
2026-05-24 06:28:54,406 - INFO - Scraping 6170/6851: https://www.refurbed.de/p/samsung-glxy-book-pro-360-1135g7/
2026-05-24 06:28:55,862 - INFO - Scraping 6171/6851: https://www.refurbed.de/p/samsung-glxy-book-pro-360-1165g7/
2026-05-24 06:28:57,214 - INFO - Scraping 6172/6851: https://www.refurbed.de/p/samsung-glxy-book-pro-360-15-i7/
2026-05-24 06:28:58,598 - INFO - Scraping 6173/6851: https://www.refurbed.de/p/samsung-glxy-book-pro-i7-1160g7/
2026-05-24 06:28:59,955 - INFO - Scraping 6174/6851: https://www.refurbed.de/p/samsung-glxy-book-s-w767-8cx/
2026-05-24 06:29:01,520 - INFO - Scraping 6175/6851: https://www.refurbed.de/p/samsung-glxy-buds-pro/
2026-05-24 06:29:02,967 - INFO - Scraping 6176/6851: https://www.refurbed.de/p/samsung-glxy-buds2-pro/
2026-05-24 06:29:04,363 - INFO - Scraping 6177/6851: https://www.refurbed.de/p/samsung-glxy-buds2/
2026-05-24 06:29:05,761 - INFO - Scraping 6178/6851: https://www.refurbed.de/p/samsung-glxy-buds3-pro/
2026-05-24 06:29:07,162 - INFO - Scraping 6179/6851: https://www.refurbed.de/p/samsung-glxy-buds3/
2026-05-24 06:29:08,595 - INFO - Scraping 6180/6851: https://www.refurbed.de/p/samsung-glxy-i3115g4/
2026-05-24 06:29:10,061 - INFO - Scraping 6181/6851: https://www.refurbed.de/p/samsung-glxy-i71165g7/
2026-05-24 06:29:11,536 - INFO - Scraping 6182/6851: https://www.refurbed.de/p/samsung-glxy-j4/
2026-05-24 06:29:12,924 - INFO - Scraping 6183/6851: https://www.refurbed.de/p/samsung-glxy-klappklapp/
2026-05-24 06:29:14,342 - INFO - Scraping 6184/6851: https://www.refurbed.de/p/samsung-glxy-note-20-ultra/
2026-05-24 06:29:15,953 - INFO - Scraping 6185/6851: https://www.refurbed.de/p/samsung-glxy-t-s6-lite-p625-2024/
2026-05-24 06:29:17,348 - INFO - Scraping 6186/6851: https://www.refurbed.de/p/samsung-glxy-tab-2-10-1-p5100/
2026-05-24 06:29:18,760 - INFO - Scraping 6187/6851: https://www.refurbed.de/p/samsung-glxy-tab-4-80/
2026-05-24 06:29:20,290 - INFO - Scraping 6188/6851: https://www.refurbed.de/p/samsung-glxy-tab-a-10-t510t515/
2026-05-24 06:29:21,709 - INFO - Scraping 6189/6851: https://www.refurbed.de/p/samsung-glxy-tab-a6-7/
2026-05-24 06:29:23,090 - INFO - Scraping 6190/6851: https://www.refurbed.de/p/samsung-glxy-tab-e-9-6/
2026-05-24 06:29:24,470 - INFO - Scraping 6191/6851: https://www.refurbed.de/p/samsung-glxy-tab-s10-feplus-x626/
2026-05-24 06:29:25,973 - INFO - Scraping 6192/6851: https://www.refurbed.de/p/samsung-glxy-tab-s2-8-t713/
2026-05-24 06:29:27,708 - INFO - Scraping 6193/6851: https://www.refurbed.de/p/samsung-glxy-tab-s7-fe-5g/
2026-05-24 06:29:29,296 - INFO - Scraping 6194/6851: https://www.refurbed.de/p/samsung-glxy-tab-s7-fe/
2026-05-24 06:29:30,807 - INFO - Scraping 6195/6851: https://www.refurbed.de/p/samsung-glxy-tab-s7-plus-t970/
2026-05-24 06:29:32,437 - INFO - Scraping 6196/6851: https://www.refurbed.de/p/samsung-glxy-tab-s7-plus-t976/
2026-05-24 06:29:33,981 - INFO - Scraping 6197/6851: https://www.refurbed.de/p/samsung-glxy-tab-s7/
2026-05-24 06:29:35,550 - INFO - Scraping 6198/6851: https://www.refurbed.de/p/samsung-glxy-z-flip-3-5g/
2026-05-24 06:29:37,098 - INFO - Scraping 6199/6851: https://www.refurbed.de/p/samsung-glxy-z-flip-4-5g/
2026-05-24 06:29:38,660 - INFO - Scraping 6200/6851: https://www.refurbed.de/p/samsung-glxy-z-flip-4-bespoke/
2026-05-24 06:29:40,329 - INFO - Scraping 6201/6851: https://www.refurbed.de/p/samsung-glxy-z-flip-4g/
2026-05-24 06:29:41,872 - INFO - Scraping 6202/6851: https://www.refurbed.de/p/samsung-glxy-z-flip-5g/
2026-05-24 06:29:43,437 - INFO - Scraping 6203/6851: https://www.refurbed.de/p/samsung-glxy-z-flip4-5g/
2026-05-24 06:29:44,998 - INFO - Scraping 6204/6851: https://www.refurbed.de/p/samsung-glxy-z-fold-2-5g/
2026-05-24 06:29:46,689 - INFO - Scraping 6205/6851: https://www.refurbed.de/p/samsung-gq-55q70b-55/
2026-05-24 06:29:48,551 - INFO - Scraping 6206/6851: https://www.refurbed.de/p/samsung-gq43qn90c/
2026-05-24 06:29:50,821 - INFO - Scraping 6207/6851: https://www.refurbed.de/p/samsung-gq43qn90d/
2026-05-24 06:29:52,840 - INFO - Scraping 6208/6851: https://www.refurbed.de/p/samsung-gq49q80t-49/
2026-05-24 06:29:54,395 - INFO - Scraping 6209/6851: https://www.refurbed.de/p/samsung-gq50q60d/
2026-05-24 06:29:55,948 - INFO - Scraping 6210/6851: https://www.refurbed.de/p/samsung-gq50q80d/
2026-05-24 06:29:57,535 - INFO - Scraping 6211/6851: https://www.refurbed.de/p/samsung-gq50qe1d/
2026-05-24 06:29:58,896 - INFO - Scraping 6212/6851: https://www.refurbed.de/p/samsung-gq50qn90c/
2026-05-24 06:30:00,280 - INFO - Scraping 6213/6851: https://www.refurbed.de/p/samsung-gq50qn90d/
2026-05-24 06:30:01,742 - INFO - Scraping 6214/6851: https://www.refurbed.de/p/samsung-gq50qn94c/
2026-05-24 06:30:03,186 - INFO - Scraping 6215/6851: https://www.refurbed.de/p/samsung-gq55ls03t-55/
2026-05-24 06:30:04,726 - INFO - Scraping 6216/6851: https://www.refurbed.de/p/samsung-gq55q60d/
2026-05-24 06:30:06,223 - INFO - Scraping 6217/6851: https://www.refurbed.de/p/samsung-gq55q72b/
2026-05-24 06:30:07,607 - INFO - Scraping 6218/6851: https://www.refurbed.de/p/samsung-gq55q80c/
2026-05-24 06:30:09,014 - INFO - Scraping 6219/6851: https://www.refurbed.de/p/samsung-gq55qe1d/
2026-05-24 06:30:10,492 - INFO - Scraping 6220/6851: https://www.refurbed.de/p/samsung-gq55qn700c/
2026-05-24 06:30:11,882 - INFO - Scraping 6221/6851: https://www.refurbed.de/p/samsung-gq55qn90d/
2026-05-24 06:30:13,239 - INFO - Scraping 6222/6851: https://www.refurbed.de/p/samsung-gq55qn92b/
2026-05-24 06:30:14,601 - INFO - Scraping 6223/6851: https://www.refurbed.de/p/samsung-gq55qn95a/
2026-05-24 06:30:15,973 - INFO - Scraping 6224/6851: https://www.refurbed.de/p/samsung-gq55qn95b/
2026-05-24 06:30:17,388 - INFO - Scraping 6225/6851: https://www.refurbed.de/p/samsung-gq55qnx1d/
2026-05-24 06:30:18,841 - INFO - Scraping 6226/6851: https://www.refurbed.de/p/samsung-gq55s85d/
2026-05-24 06:30:20,184 - INFO - Scraping 6227/6851: https://www.refurbed.de/p/samsung-gq55s90c/
2026-05-24 06:30:21,617 - INFO - Scraping 6228/6851: https://www.refurbed.de/p/samsung-gq55s90d/
2026-05-24 06:30:23,014 - INFO - Scraping 6229/6851: https://www.refurbed.de/p/samsung-gq55s93c/
2026-05-24 06:30:24,507 - INFO - Scraping 6230/6851: https://www.refurbed.de/p/samsung-gq55s94d/
2026-05-24 06:30:25,992 - INFO - Scraping 6231/6851: https://www.refurbed.de/p/samsung-gq55s95c/
2026-05-24 06:30:27,338 - INFO - Scraping 6232/6851: https://www.refurbed.de/p/samsung-gq55s95d/
2026-05-24 06:30:28,785 - INFO - Scraping 6233/6851: https://www.refurbed.de/p/samsung-gq65q72d/
2026-05-24 06:30:30,176 - INFO - Scraping 6234/6851: https://www.refurbed.de/p/samsung-gq65qe1d/
2026-05-24 06:30:31,564 - INFO - Scraping 6235/6851: https://www.refurbed.de/p/samsung-gq65qn700c/
2026-05-24 06:30:32,974 - INFO - Scraping 6236/6851: https://www.refurbed.de/p/samsung-gq65qn800c/
2026-05-24 06:30:34,355 - INFO - Scraping 6237/6851: https://www.refurbed.de/p/samsung-gq65qn85a-65/
2026-05-24 06:30:35,727 - INFO - Scraping 6238/6851: https://www.refurbed.de/p/samsung-gq65qn85d/
2026-05-24 06:30:37,159 - INFO - Scraping 6239/6851: https://www.refurbed.de/p/samsung-gq65qn95c/
2026-05-24 06:30:38,774 - INFO - Scraping 6240/6851: https://www.refurbed.de/p/samsung-gq65qnx1d/
2026-05-24 06:30:40,316 - INFO - Scraping 6241/6851: https://www.refurbed.de/p/samsung-gq65s90d/
2026-05-24 06:30:41,700 - INFO - Scraping 6242/6851: https://www.refurbed.de/p/samsung-gq65s95c/
2026-05-24 06:30:43,108 - INFO - Scraping 6243/6851: https://www.refurbed.de/p/samsung-gq65s95d/
2026-05-24 06:30:44,482 - INFO - Scraping 6244/6851: https://www.refurbed.de/p/samsung-gq75q60d/
2026-05-24 06:30:45,877 - INFO - Scraping 6245/6851: https://www.refurbed.de/p/samsung-gq75q64c/
2026-05-24 06:30:47,299 - INFO - Scraping 6246/6851: https://www.refurbed.de/p/samsung-gq75q73d/
2026-05-24 06:30:48,675 - INFO - Scraping 6247/6851: https://www.refurbed.de/p/samsung-gq75qe1d/
2026-05-24 06:30:50,069 - INFO - Scraping 6248/6851: https://www.refurbed.de/p/samsung-gq75qn800c/
2026-05-24 06:30:51,483 - INFO - Scraping 6249/6851: https://www.refurbed.de/p/samsung-gq75qn85c/
2026-05-24 06:30:52,873 - INFO - Scraping 6250/6851: https://www.refurbed.de/p/samsung-gq75qn95/
2026-05-24 06:30:54,341 - INFO - Scraping 6251/6851: https://www.refurbed.de/p/samsung-gq75qn95c/
2026-05-24 06:30:55,808 - INFO - Scraping 6252/6851: https://www.refurbed.de/p/samsung-gq77s94d/
2026-05-24 06:30:57,162 - INFO - Scraping 6253/6851: https://www.refurbed.de/p/samsung-gq77s95c/
2026-05-24 06:30:58,531 - INFO - Scraping 6254/6851: https://www.refurbed.de/p/samsung-gq77s95d/
2026-05-24 06:30:59,920 - INFO - Scraping 6255/6851: https://www.refurbed.de/p/samsung-gq85q70d/
2026-05-24 06:31:01,316 - INFO - Scraping 6256/6851: https://www.refurbed.de/p/samsung-gq85qn900a/
2026-05-24 06:31:02,790 - INFO - Scraping 6257/6851: https://www.refurbed.de/p/samsung-gq85qn95b/
2026-05-24 06:31:04,221 - INFO - Scraping 6258/6851: https://www.refurbed.de/p/samsung-gq98q80c-98/
2026-05-24 06:31:05,688 - INFO - Scraping 6259/6851: https://www.refurbed.de/p/samsung-gq98qn90a/
2026-05-24 06:31:07,102 - INFO - Scraping 6260/6851: https://www.refurbed.de/p/samsung-gu43cu8579/
2026-05-24 06:31:08,485 - INFO - Scraping 6261/6851: https://www.refurbed.de/p/samsung-gu43du7170/
2026-05-24 06:31:09,925 - INFO - Scraping 6262/6851: https://www.refurbed.de/p/samsung-gu43du7179/
2026-05-24 06:31:11,334 - INFO - Scraping 6263/6851: https://www.refurbed.de/p/samsung-gu43tu6979/
2026-05-24 06:31:12,746 - INFO - Scraping 6264/6851: https://www.refurbed.de/p/samsung-gu50du7179/
2026-05-24 06:31:14,141 - INFO - Scraping 6265/6851: https://www.refurbed.de/p/samsung-gu55cu8079/
2026-05-24 06:31:15,519 - INFO - Scraping 6266/6851: https://www.refurbed.de/p/samsung-gu55du7170/
2026-05-24 06:31:16,946 - INFO - Scraping 6267/6851: https://www.refurbed.de/p/samsung-gu55du7179/
2026-05-24 06:31:18,393 - INFO - Scraping 6268/6851: https://www.refurbed.de/p/samsung-gu55du8079/
2026-05-24 06:31:19,750 - INFO - Scraping 6269/6851: https://www.refurbed.de/p/samsung-gu60au7199-60/
2026-05-24 06:31:21,188 - INFO - Scraping 6270/6851: https://www.refurbed.de/p/samsung-gu60du7179/
2026-05-24 06:31:22,584 - INFO - Scraping 6271/6851: https://www.refurbed.de/p/samsung-gu65bu8079/
2026-05-24 06:31:23,987 - INFO - Scraping 6272/6851: https://www.refurbed.de/p/samsung-gu75au7199-75/
2026-05-24 06:31:25,383 - INFO - Scraping 6273/6851: https://www.refurbed.de/p/samsung-hg32cf800/
2026-05-24 06:31:26,754 - INFO - Scraping 6274/6851: https://www.refurbed.de/p/samsung-hg32ej690we/
2026-05-24 06:31:28,120 - INFO - Scraping 6275/6851: https://www.refurbed.de/p/samsung-hg32t5300-32/
2026-05-24 06:31:29,502 - INFO - Scraping 6276/6851: https://www.refurbed.de/p/samsung-hg43au800/
2026-05-24 06:31:30,918 - INFO - Scraping 6277/6851: https://www.refurbed.de/p/samsung-hg43bu800/
2026-05-24 06:31:32,336 - INFO - Scraping 6278/6851: https://www.refurbed.de/p/samsung-hg43ef690db/
2026-05-24 06:31:33,706 - INFO - Scraping 6279/6851: https://www.refurbed.de/p/samsung-hg50au800/
2026-05-24 06:31:35,111 - INFO - Scraping 6280/6851: https://www.refurbed.de/p/samsung-hg55bu800-55/
2026-05-24 06:31:36,500 - INFO - Scraping 6281/6851: https://www.refurbed.de/p/samsung-hrm-ur55-28/
2026-05-24 06:31:37,957 - INFO - Scraping 6282/6851: https://www.refurbed.de/p/samsung-hw-b450-soundbar/
2026-05-24 06:31:39,374 - INFO - Scraping 6283/6851: https://www.refurbed.de/p/samsung-hw-b540-soundbar/
2026-05-24 06:31:40,932 - INFO - Scraping 6284/6851: https://www.refurbed.de/p/samsung-hw-b550-soundbar/
2026-05-24 06:31:42,333 - INFO - Scraping 6285/6851: https://www.refurbed.de/p/samsung-hw-b560-soundbar/
2026-05-24 06:31:43,709 - INFO - Scraping 6286/6851: https://www.refurbed.de/p/samsung-hw-c410g-soundbar/
2026-05-24 06:31:45,078 - INFO - Scraping 6287/6851: https://www.refurbed.de/p/samsung-hw-c440g-soundbar/
2026-05-24 06:31:46,521 - INFO - Scraping 6288/6851: https://www.refurbed.de/p/samsung-hw-q600a-soundbar/
2026-05-24 06:31:47,906 - INFO - Scraping 6289/6851: https://www.refurbed.de/p/samsung-hw-q600c-soundbar/
2026-05-24 06:31:49,275 - INFO - Scraping 6290/6851: https://www.refurbed.de/p/samsung-hw-q610gc-soundbar/
2026-05-24 06:31:50,842 - INFO - Scraping 6291/6851: https://www.refurbed.de/p/samsung-hw-q710gc-soundbar/
2026-05-24 06:31:52,239 - INFO - Scraping 6292/6851: https://www.refurbed.de/p/samsung-hw-q800a-soundbar/
2026-05-24 06:31:53,645 - INFO - Scraping 6293/6851: https://www.refurbed.de/p/samsung-hw-q800c-soundbar/
2026-05-24 06:31:55,002 - INFO - Scraping 6294/6851: https://www.refurbed.de/p/samsung-hw-q935gc-soundbar/
2026-05-24 06:31:56,434 - INFO - Scraping 6295/6851: https://www.refurbed.de/p/samsung-hw-q935gd-soundbar/
2026-05-24 06:31:57,807 - INFO - Scraping 6296/6851: https://www.refurbed.de/p/samsung-hw-q950t-soundbar/
2026-05-24 06:31:59,178 - INFO - Scraping 6297/6851: https://www.refurbed.de/p/samsung-hw-q990b-soundbar/
2026-05-24 06:32:00,588 - INFO - Scraping 6298/6851: https://www.refurbed.de/p/samsung-hw-q990c-soundbar/
2026-05-24 06:32:01,939 - INFO - Scraping 6299/6851: https://www.refurbed.de/p/samsung-hw-q995gc-soundbar/
2026-05-24 06:32:03,317 - INFO - Scraping 6300/6851: https://www.refurbed.de/p/samsung-hw-s50b-soundbar/
2026-05-24 06:32:04,708 - INFO - Scraping 6301/6851: https://www.refurbed.de/p/samsung-hw-s56b-soundbar/
2026-05-24 06:32:06,084 - INFO - Scraping 6302/6851: https://www.refurbed.de/p/samsung-hw-s60a-soundbar/
2026-05-24 06:32:07,585 - INFO - Scraping 6303/6851: https://www.refurbed.de/p/samsung-hw-s60b-soundbar/
2026-05-24 06:32:08,966 - INFO - Scraping 6304/6851: https://www.refurbed.de/p/samsung-hw-s60t-4-0-soundbar/
2026-05-24 06:32:10,461 - INFO - Scraping 6305/6851: https://www.refurbed.de/p/samsung-hw-s61a-soundbar/
2026-05-24 06:32:11,825 - INFO - Scraping 6306/6851: https://www.refurbed.de/p/samsung-hw-s66b-soundbar/
2026-05-24 06:32:13,180 - INFO - Scraping 6307/6851: https://www.refurbed.de/p/samsung-hw-s67b-soundbar/
2026-05-24 06:32:14,588 - INFO - Scraping 6308/6851: https://www.refurbed.de/p/samsung-hw-s800b-soundbar/
2026-05-24 06:32:15,977 - INFO - Scraping 6309/6851: https://www.refurbed.de/p/samsung-hw-s801b-soundbar/
2026-05-24 06:32:17,355 - INFO - Scraping 6310/6851: https://www.refurbed.de/p/samsung-hw-s810b-soundbar/
2026-05-24 06:32:18,708 - INFO - Scraping 6311/6851: https://www.refurbed.de/p/samsung-hw-s810gd-soundbar/
2026-05-24 06:32:20,138 - INFO - Scraping 6312/6851: https://www.refurbed.de/p/samsung-hw-s811b-soundbar/
2026-05-24 06:32:21,612 - INFO - Scraping 6313/6851: https://www.refurbed.de/p/samsung-hw-t400-soundbar/
2026-05-24 06:32:22,998 - INFO - Scraping 6314/6851: https://www.refurbed.de/p/samsung-i9301i-galaxy-s3-neo/
2026-05-24 06:32:24,470 - INFO - Scraping 6315/6851: https://www.refurbed.de/p/samsung-jet-60-pet/
2026-05-24 06:32:25,858 - INFO - Scraping 6316/6851: https://www.refurbed.de/p/samsung-jet-70-complete/
2026-05-24 06:32:27,322 - INFO - Scraping 6317/6851: https://www.refurbed.de/p/samsung-jet-70-pet/
2026-05-24 06:32:28,864 - INFO - Scraping 6318/6851: https://www.refurbed.de/p/samsung-jet-70-turbo/
2026-05-24 06:32:30,345 - INFO - Scraping 6319/6851: https://www.refurbed.de/p/samsung-jet-75-complete/
2026-05-24 06:32:31,789 - INFO - Scraping 6320/6851: https://www.refurbed.de/p/samsung-jet-75-pet/
2026-05-24 06:32:33,209 - INFO - Scraping 6321/6851: https://www.refurbed.de/p/samsung-jet-75e-complete/
2026-05-24 06:32:34,590 - INFO - Scraping 6322/6851: https://www.refurbed.de/p/samsung-jet-75e-petpro/
2026-05-24 06:32:36,014 - INFO - Scraping 6323/6851: https://www.refurbed.de/p/samsung-jet-85-petpro/
2026-05-24 06:32:37,466 - INFO - Scraping 6324/6851: https://www.refurbed.de/p/samsung-jet-85-wet-clean/
2026-05-24 06:32:38,844 - INFO - Scraping 6325/6851: https://www.refurbed.de/p/samsung-jet-95-akku-plus-petpro/
2026-05-24 06:32:40,222 - INFO - Scraping 6326/6851: https://www.refurbed.de/p/samsung-jet-95-complete-clean/
2026-05-24 06:32:41,570 - INFO - Scraping 6327/6851: https://www.refurbed.de/p/samsung-jet-95-premium/
2026-05-24 06:32:43,035 - INFO - Scraping 6328/6851: https://www.refurbed.de/p/samsung-jet-bot-plus/
2026-05-24 06:32:44,417 - INFO - Scraping 6329/6851: https://www.refurbed.de/p/samsung-jet85-completeclean-plus/
2026-05-24 06:32:45,810 - INFO - Scraping 6330/6851: https://www.refurbed.de/p/samsung-lc27r500fhuxen/
2026-05-24 06:32:47,224 - INFO - Scraping 6331/6851: https://www.refurbed.de/p/samsung-mc28m6035cs/
2026-05-24 06:32:48,573 - INFO - Scraping 6332/6851: https://www.refurbed.de/p/samsung-mc32j7055ct/
2026-05-24 06:32:49,950 - INFO - Scraping 6333/6851: https://www.refurbed.de/p/samsung-mc35r8088lc/
2026-05-24 06:32:51,393 - INFO - Scraping 6334/6851: https://www.refurbed.de/p/samsung-mg22m8254ak/
2026-05-24 06:32:52,790 - INFO - Scraping 6335/6851: https://www.refurbed.de/p/samsung-mg23b3515ak/
2026-05-24 06:32:54,174 - INFO - Scraping 6336/6851: https://www.refurbed.de/p/samsung-mg23dg4524age1/
2026-05-24 06:32:55,615 - INFO - Scraping 6337/6851: https://www.refurbed.de/p/samsung-mg23dg4524cge1/
2026-05-24 06:32:57,074 - INFO - Scraping 6338/6851: https://www.refurbed.de/p/samsung-mg23k3515aw/
2026-05-24 06:32:58,541 - INFO - Scraping 6339/6851: https://www.refurbed.de/p/samsung-mg23k3614aw/
2026-05-24 06:32:59,922 - INFO - Scraping 6340/6851: https://www.refurbed.de/p/samsung-mg23t5018gc/
2026-05-24 06:33:01,282 - INFO - Scraping 6341/6851: https://www.refurbed.de/p/samsung-mg23t5018ge/
2026-05-24 06:33:03,304 - INFO - Scraping 6342/6851: https://www.refurbed.de/p/samsung-mg30t5018ak/
2026-05-24 06:33:04,829 - INFO - Scraping 6343/6851: https://www.refurbed.de/p/samsung-ml-3310nd/
2026-05-24 06:33:06,946 - INFO - Scraping 6344/6851: https://www.refurbed.de/p/samsung-ml-5010nd/
2026-05-24 06:33:08,805 - INFO - Scraping 6345/6851: https://www.refurbed.de/p/samsung-ms20a3010al/
2026-05-24 06:33:10,510 - INFO - Scraping 6346/6851: https://www.refurbed.de/p/samsung-ms22m8074at/
2026-05-24 06:33:12,032 - INFO - Scraping 6347/6851: https://www.refurbed.de/p/samsung-ms23b3515as/
2026-05-24 06:33:13,572 - INFO - Scraping 6348/6851: https://www.refurbed.de/p/samsung-multiport-adap-ee-p5400/
2026-05-24 06:33:15,004 - INFO - Scraping 6349/6851: https://www.refurbed.de/p/samsung-multixpress-p77760z/
2026-05-24 06:33:16,389 - INFO - Scraping 6350/6851: https://www.refurbed.de/p/samsung-multixpress-scx-8123na/
2026-05-24 06:33:17,804 - INFO - Scraping 6351/6851: https://www.refurbed.de/p/samsung-multixpress-sl-k4350lx/
2026-05-24 06:33:19,172 - INFO - Scraping 6352/6851: https://www.refurbed.de/p/samsung-multixpress-sl-k7500lx/
2026-05-24 06:33:20,588 - INFO - Scraping 6353/6851: https://www.refurbed.de/p/samsung-multixpress-sl-x4250lx/
2026-05-24 06:33:22,257 - INFO - Scraping 6354/6851: https://www.refurbed.de/p/samsung-multixpress-sl-x7500lx/
2026-05-24 06:33:23,647 - INFO - Scraping 6355/6851: https://www.refurbed.de/p/samsung-multixpress-x4300lx/
2026-05-24 06:33:25,179 - INFO - Scraping 6356/6851: https://www.refurbed.de/p/samsung-multixpress-x7600lx/
2026-05-24 06:33:26,561 - INFO - Scraping 6357/6851: https://www.refurbed.de/p/samsung-music-frame-ls60d/
2026-05-24 06:33:27,986 - INFO - Scraping 6358/6851: https://www.refurbed.de/p/samsung-nk24n9804vb/
2026-05-24 06:33:29,450 - INFO - Scraping 6359/6851: https://www.refurbed.de/p/samsung-notebook-plus2-6305-15-6/
2026-05-24 06:33:30,887 - INFO - Scraping 6360/6851: https://www.refurbed.de/p/samsung-nz64k7757bk/
2026-05-24 06:33:32,409 - INFO - Scraping 6361/6851: https://www.refurbed.de/p/samsung-nz84t7nc6rk/
2026-05-24 06:33:33,952 - INFO - Scraping 6362/6851: https://www.refurbed.de/p/samsung-nz84t9747vk/
2026-05-24 06:33:35,307 - INFO - Scraping 6363/6851: https://www.refurbed.de/p/samsung-odyssey-g3-g32a-24/
2026-05-24 06:33:36,830 - INFO - Scraping 6364/6851: https://www.refurbed.de/p/samsung-odyssey-g3-g32a-27/
2026-05-24 06:33:38,235 - INFO - Scraping 6365/6851: https://www.refurbed.de/p/samsung-odyssey-g3-g32a-31-5/
2026-05-24 06:33:39,607 - INFO - Scraping 6366/6851: https://www.refurbed.de/p/samsung-odyssey-g3-g3a-2021-27/
2026-05-24 06:33:41,233 - INFO - Scraping 6367/6851: https://www.refurbed.de/p/samsung-odyssey-g5-g50a-2023/
2026-05-24 06:33:42,817 - INFO - Scraping 6368/6851: https://www.refurbed.de/p/samsung-odyssey-g5-g50d-2024-32/
2026-05-24 06:33:44,403 - INFO - Scraping 6369/6851: https://www.refurbed.de/p/samsung-odyssey-g5-g50d-2024/
2026-05-24 06:33:45,833 - INFO - Scraping 6370/6851: https://www.refurbed.de/p/samsung-odyssey-g5-g55a-2023-27/
2026-05-24 06:33:47,208 - INFO - Scraping 6371/6851: https://www.refurbed.de/p/samsung-odyssey-g5-g55c-2024-27/
2026-05-24 06:33:48,554 - INFO - Scraping 6372/6851: https://www.refurbed.de/p/samsung-odyssey-g5-g55t-2022/
2026-05-24 06:33:49,916 - INFO - Scraping 6373/6851: https://www.refurbed.de/p/samsung-odyssey-g5-g55t-31-5/
2026-05-24 06:33:51,352 - INFO - Scraping 6374/6851: https://www.refurbed.de/p/samsung-odyssey-g7-g70b-32/
2026-05-24 06:33:52,796 - INFO - Scraping 6375/6851: https://www.refurbed.de/p/samsung-odyssey-g9-g95c/
2026-05-24 06:33:54,219 - INFO - Scraping 6376/6851: https://www.refurbed.de/p/samsung-odyssey-g9-g95t-2021/
2026-05-24 06:33:55,621 - INFO - Scraping 6377/6851: https://www.refurbed.de/p/samsung-odyssey-g9-g95t/
2026-05-24 06:33:56,972 - INFO - Scraping 6378/6851: https://www.refurbed.de/p/samsung-odyssey-n-g7-g75nb-2023/
2026-05-24 06:33:58,564 - INFO - Scraping 6379/6851: https://www.refurbed.de/p/samsung-odyssey-n-g7-g75nb/
2026-05-24 06:34:00,014 - INFO - Scraping 6380/6851: https://www.refurbed.de/p/samsung-odyssey-neo-g6-g65b/
2026-05-24 06:34:01,522 - INFO - Scraping 6381/6851: https://www.refurbed.de/p/samsung-odyssey-neo-g9-g95na/
2026-05-24 06:34:02,894 - INFO - Scraping 6382/6851: https://www.refurbed.de/p/samsung-odyssey-neo-g9-g95nc/
2026-05-24 06:34:04,485 - INFO - Scraping 6383/6851: https://www.refurbed.de/p/samsung-odyssey-oled-g9-g93sc/
2026-05-24 06:34:06,039 - INFO - Scraping 6384/6851: https://www.refurbed.de/p/samsung-odyssey-oled-g9-g95sc/
2026-05-24 06:34:07,519 - INFO - Scraping 6385/6851: https://www.refurbed.de/p/samsung-odysseyg5-g55c-2024-31-5/
2026-05-24 06:34:08,887 - INFO - Scraping 6386/6851: https://www.refurbed.de/p/samsung-oh55f/
2026-05-24 06:34:10,294 - INFO - Scraping 6387/6851: https://www.refurbed.de/p/samsung-om46n/
2026-05-24 06:34:11,689 - INFO - Scraping 6388/6851: https://www.refurbed.de/p/samsung-om75r/
2026-05-24 06:34:13,190 - INFO - Scraping 6389/6851: https://www.refurbed.de/p/samsung-pl170/
2026-05-24 06:34:14,609 - INFO - Scraping 6390/6851: https://www.refurbed.de/p/samsung-portable-ssd-t5/
2026-05-24 06:34:15,965 - INFO - Scraping 6391/6851: https://www.refurbed.de/p/samsung-premiere-4k-lsp7t-laser/
2026-05-24 06:34:17,527 - INFO - Scraping 6392/6851: https://www.refurbed.de/p/samsung-proxpress-m3820nd-xeg/
2026-05-24 06:34:18,924 - INFO - Scraping 6393/6851: https://www.refurbed.de/p/samsung-proxpress-m4020nd/
2026-05-24 06:34:20,329 - INFO - Scraping 6394/6851: https://www.refurbed.de/p/samsung-qb65c-65/
2026-05-24 06:34:21,766 - INFO - Scraping 6395/6851: https://www.refurbed.de/p/samsung-qb75r/
2026-05-24 06:34:23,160 - INFO - Scraping 6396/6851: https://www.refurbed.de/p/samsung-qh55r-54-6/
2026-05-24 06:34:24,730 - INFO - Scraping 6397/6851: https://www.refurbed.de/p/samsung-qled-qe43q60c-43/
2026-05-24 06:34:26,130 - INFO - Scraping 6398/6851: https://www.refurbed.de/p/samsung-qled-qe50q60c-50/
2026-05-24 06:34:27,616 - INFO - Scraping 6399/6851: https://www.refurbed.de/p/samsung-qm43n/
2026-05-24 06:34:29,044 - INFO - Scraping 6400/6851: https://www.refurbed.de/p/samsung-qm43r-t/
2026-05-24 06:34:30,453 - INFO - Scraping 6401/6851: https://www.refurbed.de/p/samsung-qm43r/
2026-05-24 06:34:31,866 - INFO - Scraping 6402/6851: https://www.refurbed.de/p/samsung-qm49n/
2026-05-24 06:34:33,282 - INFO - Scraping 6403/6851: https://www.refurbed.de/p/samsung-qm65n/
2026-05-24 06:34:34,663 - INFO - Scraping 6404/6851: https://www.refurbed.de/p/samsung-qm85f/
2026-05-24 06:34:36,087 - INFO - Scraping 6405/6851: https://www.refurbed.de/p/samsung-s-pen-fold-edition/
2026-05-24 06:34:37,479 - INFO - Scraping 6406/6851: https://www.refurbed.de/p/samsung-s-pen/
2026-05-24 06:34:38,940 - INFO - Scraping 6407/6851: https://www.refurbed.de/p/samsung-s22c200b/
2026-05-24 06:34:40,333 - INFO - Scraping 6408/6851: https://www.refurbed.de/p/samsung-s22c350h/
2026-05-24 06:34:41,686 - INFO - Scraping 6409/6851: https://www.refurbed.de/p/samsung-s22c450bw/
2026-05-24 06:34:43,117 - INFO - Scraping 6410/6851: https://www.refurbed.de/p/samsung-s22c450m/
2026-05-24 06:34:44,500 - INFO - Scraping 6411/6851: https://www.refurbed.de/p/samsung-s22c450mw/
2026-05-24 06:34:45,881 - INFO - Scraping 6412/6851: https://www.refurbed.de/p/samsung-s22d300hy-21-5/
2026-05-24 06:34:47,417 - INFO - Scraping 6413/6851: https://www.refurbed.de/p/samsung-s22e450bw/
2026-05-24 06:34:48,974 - INFO - Scraping 6414/6851: https://www.refurbed.de/p/samsung-s22e450f/
2026-05-24 06:34:50,381 - INFO - Scraping 6415/6851: https://www.refurbed.de/p/samsung-s22e450mw-22/
2026-05-24 06:34:51,750 - INFO - Scraping 6416/6851: https://www.refurbed.de/p/samsung-s22e45kmw-22/
2026-05-24 06:34:53,320 - INFO - Scraping 6417/6851: https://www.refurbed.de/p/samsung-s22f350fhd/
2026-05-24 06:34:55,319 - INFO - Scraping 6418/6851: https://www.refurbed.de/p/samsung-s23c650d/
2026-05-24 06:34:56,955 - INFO - Scraping 6419/6851: https://www.refurbed.de/p/samsung-s24a650d-24/
2026-05-24 06:34:59,215 - INFO - Scraping 6420/6851: https://www.refurbed.de/p/samsung-s24c450bl/
2026-05-24 06:35:01,009 - INFO - Scraping 6421/6851: https://www.refurbed.de/p/samsung-s24c450bw/
2026-05-24 06:35:02,818 - INFO - Scraping 6422/6851: https://www.refurbed.de/p/samsung-s24c450m-24/
2026-05-24 06:35:04,432 - INFO - Scraping 6423/6851: https://www.refurbed.de/p/samsung-s24c650bw/
2026-05-24 06:35:06,124 - INFO - Scraping 6424/6851: https://www.refurbed.de/p/samsung-s24c650dw-24/
2026-05-24 06:35:07,643 - INFO - Scraping 6425/6851: https://www.refurbed.de/p/samsung-s24d330h-24/
2026-05-24 06:35:09,047 - INFO - Scraping 6426/6851: https://www.refurbed.de/p/samsung-s24d390hl-23-6/
2026-05-24 06:35:10,499 - INFO - Scraping 6427/6851: https://www.refurbed.de/p/samsung-s24e450/
2026-05-24 06:35:12,316 - INFO - Scraping 6428/6851: https://www.refurbed.de/p/samsung-s24e450b/
2026-05-24 06:35:13,691 - INFO - Scraping 6429/6851: https://www.refurbed.de/p/samsung-s24e450bl/
2026-05-24 06:35:15,139 - INFO - Scraping 6430/6851: https://www.refurbed.de/p/samsung-s24e450d-24/
2026-05-24 06:35:16,526 - INFO - Scraping 6431/6851: https://www.refurbed.de/p/samsung-s24e650bw-24/
2026-05-24 06:35:18,056 - INFO - Scraping 6432/6851: https://www.refurbed.de/p/samsung-s24e650dw-24/
2026-05-24 06:35:19,463 - INFO - Scraping 6433/6851: https://www.refurbed.de/p/samsung-s24e650pl-23-6/
2026-05-24 06:35:21,009 - INFO - Scraping 6434/6851: https://www.refurbed.de/p/samsung-s24e650xw-24/
2026-05-24 06:35:22,576 - INFO - Scraping 6435/6851: https://www.refurbed.de/p/samsung-s24e65uxw/
2026-05-24 06:35:23,979 - INFO - Scraping 6436/6851: https://www.refurbed.de/p/samsung-s24f350fhd-24/
2026-05-24 06:35:25,341 - INFO - Scraping 6437/6851: https://www.refurbed.de/p/samsung-s24r650-23-8/
2026-05-24 06:35:26,718 - INFO - Scraping 6438/6851: https://www.refurbed.de/p/samsung-s24r652fdu-24/
2026-05-24 06:35:28,127 - INFO - Scraping 6439/6851: https://www.refurbed.de/p/samsung-s27a650d-27/
2026-05-24 06:35:29,666 - INFO - Scraping 6440/6851: https://www.refurbed.de/p/samsung-s27c650d/
2026-05-24 06:35:31,041 - INFO - Scraping 6441/6851: https://www.refurbed.de/p/samsung-s27d850t/
2026-05-24 06:35:32,543 - INFO - Scraping 6442/6851: https://www.refurbed.de/p/samsung-s27e450b/
2026-05-24 06:35:33,924 - INFO - Scraping 6443/6851: https://www.refurbed.de/p/samsung-s27e650c/
2026-05-24 06:35:35,304 - INFO - Scraping 6444/6851: https://www.refurbed.de/p/samsung-s27f350fhu/
2026-05-24 06:35:36,756 - INFO - Scraping 6445/6851: https://www.refurbed.de/p/samsung-s29e790cn/
2026-05-24 06:35:38,110 - INFO - Scraping 6446/6851: https://www.refurbed.de/p/samsung-s33a-22/
2026-05-24 06:35:39,482 - INFO - Scraping 6447/6851: https://www.refurbed.de/p/samsung-s39c-27/
2026-05-24 06:35:40,871 - INFO - Scraping 6448/6851: https://www.refurbed.de/p/samsung-s5611/
2026-05-24 06:35:42,235 - INFO - Scraping 6449/6851: https://www.refurbed.de/p/samsung-s95ua-2021-49/
2026-05-24 06:35:43,712 - INFO - Scraping 6450/6851: https://www.refurbed.de/p/samsung-s95uc-2024/
2026-05-24 06:35:45,103 - INFO - Scraping 6451/6851: https://www.refurbed.de/p/samsung-sa850-24/
2026-05-24 06:35:46,641 - INFO - Scraping 6452/6851: https://www.refurbed.de/p/samsung-sa850-27/
2026-05-24 06:35:48,013 - INFO - Scraping 6453/6851: https://www.refurbed.de/p/samsung-sb420-24/
2026-05-24 06:35:49,679 - INFO - Scraping 6454/6851: https://www.refurbed.de/p/samsung-sc300-21-5/
2026-05-24 06:35:51,091 - INFO - Scraping 6455/6851: https://www.refurbed.de/p/samsung-sc450-24/
2026-05-24 06:35:52,603 - INFO - Scraping 6456/6851: https://www.refurbed.de/p/samsung-sd300-21-5/
2026-05-24 06:35:53,980 - INFO - Scraping 6457/6851: https://www.refurbed.de/p/samsung-se450-27/
2026-05-24 06:35:55,362 - INFO - Scraping 6458/6851: https://www.refurbed.de/p/samsung-se650-24/
2026-05-24 06:35:56,735 - INFO - Scraping 6459/6851: https://www.refurbed.de/p/samsung-sm-m5-m50d-2024-32/
2026-05-24 06:35:58,213 - INFO - Scraping 6460/6851: https://www.refurbed.de/p/samsung-sm-m7-m70b-32-2022/
2026-05-24 06:35:59,672 - INFO - Scraping 6461/6851: https://www.refurbed.de/p/samsung-sm-m7-m70b-32-2023/
2026-05-24 06:36:01,042 - INFO - Scraping 6462/6851: https://www.refurbed.de/p/samsung-sm-m7-m70d-32-2024/
2026-05-24 06:36:02,429 - INFO - Scraping 6463/6851: https://www.refurbed.de/p/samsung-sm-t825-galaxy-tab-s3-lt/
2026-05-24 06:36:03,814 - INFO - Scraping 6464/6851: https://www.refurbed.de/p/samsung-smart-mntr-m5-m50c-31-5/
2026-05-24 06:36:05,248 - INFO - Scraping 6465/6851: https://www.refurbed.de/p/samsung-smart-monitor-m5-m50b-32/
2026-05-24 06:36:06,630 - INFO - Scraping 6466/6851: https://www.refurbed.de/p/samsung-smart-monitor-m5-m50c/
2026-05-24 06:36:08,886 - INFO - Scraping 6467/6851: https://www.refurbed.de/p/samsung-smart-monitor-m8-m80b-32/
2026-05-24 06:36:10,561 - INFO - Scraping 6468/6851: https://www.refurbed.de/p/samsung-sound-tower-mx-st40b/
2026-05-24 06:36:12,733 - INFO - Scraping 6469/6851: https://www.refurbed.de/p/samsung-sound-tower-mx-st50b/
2026-05-24 06:36:14,561 - INFO - Scraping 6470/6851: https://www.refurbed.de/p/samsung-sound-tower-mx-t50/
2026-05-24 06:36:16,254 - INFO - Scraping 6471/6851: https://www.refurbed.de/p/samsung-sr1fm7030wb/
2026-05-24 06:36:17,753 - INFO - Scraping 6472/6851: https://www.refurbed.de/p/samsung-swa-9200s/
2026-05-24 06:36:19,251 - INFO - Scraping 6473/6851: https://www.refurbed.de/p/samsung-swa-9500s/
2026-05-24 06:36:20,757 - INFO - Scraping 6474/6851: https://www.refurbed.de/p/samsung-syncmaster-2043bw-20/
2026-05-24 06:36:22,173 - INFO - Scraping 6475/6851: https://www.refurbed.de/p/samsung-syncmaster-215tw/
2026-05-24 06:36:23,581 - INFO - Scraping 6476/6851: https://www.refurbed.de/p/samsung-syncmaster-2243bw/
2026-05-24 06:36:24,936 - INFO - Scraping 6477/6851: https://www.refurbed.de/p/samsung-syncmaster-2243qw/
2026-05-24 06:36:26,443 - INFO - Scraping 6478/6851: https://www.refurbed.de/p/samsung-syncmaster-2243wm/
2026-05-24 06:36:27,912 - INFO - Scraping 6479/6851: https://www.refurbed.de/p/samsung-syncmaster-2253bw/
2026-05-24 06:36:29,312 - INFO - Scraping 6480/6851: https://www.refurbed.de/p/samsung-syncmaster-225bw/
2026-05-24 06:36:30,718 - INFO - Scraping 6481/6851: https://www.refurbed.de/p/samsung-syncmaster-226bw/
2026-05-24 06:36:32,083 - INFO - Scraping 6482/6851: https://www.refurbed.de/p/samsung-syncmaster-2443dw/
2026-05-24 06:36:33,445 - INFO - Scraping 6483/6851: https://www.refurbed.de/p/samsung-syncmaster-2494hm/
2026-05-24 06:36:34,784 - INFO - Scraping 6484/6851: https://www.refurbed.de/p/samsung-syncmaster-2494hs/
2026-05-24 06:36:36,287 - INFO - Scraping 6485/6851: https://www.refurbed.de/p/samsung-syncmaster-b2240w/
2026-05-24 06:36:37,711 - INFO - Scraping 6486/6851: https://www.refurbed.de/p/samsung-syncmaster-b2440l/
2026-05-24 06:36:39,085 - INFO - Scraping 6487/6851: https://www.refurbed.de/p/samsung-syncmaster-b2440m/
2026-05-24 06:36:40,435 - INFO - Scraping 6488/6851: https://www.refurbed.de/p/samsung-syncmaster-b2440mh/
2026-05-24 06:36:41,795 - INFO - Scraping 6489/6851: https://www.refurbed.de/p/samsung-syncmaster-bx2231/
2026-05-24 06:36:43,150 - INFO - Scraping 6490/6851: https://www.refurbed.de/p/samsung-syncmaster-bx2240/
2026-05-24 06:36:44,550 - INFO - Scraping 6491/6851: https://www.refurbed.de/p/samsung-syncmaster-bx2240w/
2026-05-24 06:36:45,919 - INFO - Scraping 6492/6851: https://www.refurbed.de/p/samsung-syncmaster-bx2340/
2026-05-24 06:36:47,268 - INFO - Scraping 6493/6851: https://www.refurbed.de/p/samsung-syncmaster-bx2440w/
2026-05-24 06:36:48,642 - INFO - Scraping 6494/6851: https://www.refurbed.de/p/samsung-syncmaster-ex2220/
2026-05-24 06:36:50,025 - INFO - Scraping 6495/6851: https://www.refurbed.de/p/samsung-syncmaster-f2380/
2026-05-24 06:36:51,581 - INFO - Scraping 6496/6851: https://www.refurbed.de/p/samsung-syncmaster-p2250/
2026-05-24 06:36:53,002 - INFO - Scraping 6497/6851: https://www.refurbed.de/p/samsung-syncmaster-s22a450bw-22/
2026-05-24 06:36:54,424 - INFO - Scraping 6498/6851: https://www.refurbed.de/p/samsung-syncmaster-s22a450mw-22/
2026-05-24 06:36:55,903 - INFO - Scraping 6499/6851: https://www.refurbed.de/p/samsung-syncmaster-s22b420bw-22/
2026-05-24 06:36:57,291 - INFO - Scraping 6500/6851: https://www.refurbed.de/p/samsung-syncmaster-s24a450bw/
2026-05-24 06:36:58,879 - INFO - Scraping 6501/6851: https://www.refurbed.de/p/samsung-syncmaster-s24a450mw/
2026-05-24 06:37:00,416 - INFO - Scraping 6502/6851: https://www.refurbed.de/p/samsung-syncmaster-s24a650s/
2026-05-24 06:37:01,840 - INFO - Scraping 6503/6851: https://www.refurbed.de/p/samsung-syncmaster-t240/
2026-05-24 06:37:03,199 - INFO - Scraping 6504/6851: https://www.refurbed.de/p/samsung-t35f-2020-27/
2026-05-24 06:37:04,777 - INFO - Scraping 6505/6851: https://www.refurbed.de/p/samsung-t45f-2021-22/
2026-05-24 06:37:06,417 - INFO - Scraping 6506/6851: https://www.refurbed.de/p/samsung-t45f-24/
2026-05-24 06:37:07,762 - INFO - Scraping 6507/6851: https://www.refurbed.de/p/samsung-t45f-27/
2026-05-24 06:37:09,158 - INFO - Scraping 6508/6851: https://www.refurbed.de/p/samsung-tab-pro-101-t520/
2026-05-24 06:37:10,525 - INFO - Scraping 6509/6851: https://www.refurbed.de/p/samsung-the-frame-2022-gq43ls03b/
2026-05-24 06:37:11,910 - INFO - Scraping 6510/6851: https://www.refurbed.de/p/samsung-the-frame-2022-qe55ls03b/
2026-05-24 06:37:13,753 - INFO - Scraping 6511/6851: https://www.refurbed.de/p/samsung-the-frame-2024-gq55ls03d/
2026-05-24 06:37:15,425 - INFO - Scraping 6512/6851: https://www.refurbed.de/p/samsung-the-frame-2024-gq65ls03d/
2026-05-24 06:37:18,003 - INFO - Scraping 6513/6851: https://www.refurbed.de/p/samsung-the-frame-2024-gq75ls03d/
2026-05-24 06:37:19,747 - INFO - Scraping 6514/6851: https://www.refurbed.de/p/samsung-the-frame-gq55ls03bgu/
2026-05-24 06:37:21,356 - INFO - Scraping 6515/6851: https://www.refurbed.de/p/samsung-the-frame-gq65ls03bgu/
2026-05-24 06:37:23,006 - INFO - Scraping 6516/6851: https://www.refurbed.de/p/samsung-the-serif-gq50ls01da/
2026-05-24 06:37:24,733 - INFO - Scraping 6517/6851: https://www.refurbed.de/p/samsung-u32h850umu/
2026-05-24 06:37:26,390 - INFO - Scraping 6518/6851: https://www.refurbed.de/p/samsung-ue55h8080sq-55/
2026-05-24 06:37:27,881 - INFO - Scraping 6519/6851: https://www.refurbed.de/p/samsung-ue65au7192-65/
2026-05-24 06:37:29,273 - INFO - Scraping 6520/6851: https://www.refurbed.de/p/samsung-ue75au7192-75/
2026-05-24 06:37:30,644 - INFO - Scraping 6521/6851: https://www.refurbed.de/p/samsung-ue75au8002/
2026-05-24 06:37:32,105 - INFO - Scraping 6522/6851: https://www.refurbed.de/p/samsung-ue82s9waq-82/
2026-05-24 06:37:33,496 - INFO - Scraping 6523/6851: https://www.refurbed.de/p/samsung-um55h-e/
2026-05-24 06:37:34,879 - INFO - Scraping 6524/6851: https://www.refurbed.de/p/samsung-vf-s7-s70a-2023-26-9/
2026-05-24 06:37:36,267 - INFO - Scraping 6525/6851: https://www.refurbed.de/p/samsung-vf-s8-s27a800nmp-2022/
2026-05-24 06:37:37,651 - INFO - Scraping 6526/6851: https://www.refurbed.de/p/samsung-vf-s8-s27a800ujp-2023/
2026-05-24 06:37:39,250 - INFO - Scraping 6527/6851: https://www.refurbed.de/p/samsung-viewfinity-s6-s60ua/
2026-05-24 06:37:40,653 - INFO - Scraping 6528/6851: https://www.refurbed.de/p/samsung-viewfinity-s6-s65tc-34/
2026-05-24 06:37:42,007 - INFO - Scraping 6529/6851: https://www.refurbed.de/p/samsung-viewfinity-s6-s65ua-34/
2026-05-24 06:37:43,449 - INFO - Scraping 6530/6851: https://www.refurbed.de/p/samsung-viewfinity-s6-s65uc-34/
2026-05-24 06:37:44,802 - INFO - Scraping 6531/6851: https://www.refurbed.de/p/samsung-viewfinity-s6-s65vc-34/
2026-05-24 06:37:46,300 - INFO - Scraping 6532/6851: https://www.refurbed.de/p/samsung-viewfinity-s7-s70a-2023/
2026-05-24 06:37:47,688 - INFO - Scraping 6533/6851: https://www.refurbed.de/p/samsung-viewfinity-s7-s70d-2024/
2026-05-24 06:37:49,054 - INFO - Scraping 6534/6851: https://www.refurbed.de/p/samsung-viewfinity-s8-s27b800tgu/
2026-05-24 06:37:50,502 - INFO - Scraping 6535/6851: https://www.refurbed.de/p/samsung-viewfinity-s8-s32b800pxu/
2026-05-24 06:37:52,298 - INFO - Scraping 6536/6851: https://www.refurbed.de/p/samsung-viewfinity-s8-s80ud-2024/
2026-05-24 06:37:53,705 - INFO - Scraping 6537/6851: https://www.refurbed.de/p/samsung-viewfinity-s9-s27c902pau/
2026-05-24 06:37:55,117 - INFO - Scraping 6538/6851: https://www.refurbed.de/p/samsung-vm55b-u/
2026-05-24 06:37:56,521 - INFO - Scraping 6539/6851: https://www.refurbed.de/p/samsung-vr8500-jet-bot-plus/
2026-05-24 06:37:57,934 - INFO - Scraping 6540/6851: https://www.refurbed.de/p/samsung-vr9000-powerbot-essentia/
2026-05-24 06:37:59,336 - INFO - Scraping 6541/6851: https://www.refurbed.de/p/samsung-vr9500-jet-bot-ai-plus/
2026-05-24 06:38:00,708 - INFO - Scraping 6542/6851: https://www.refurbed.de/p/samsung-vs20b95b73b-bes-jet-plus/
2026-05-24 06:38:02,163 - INFO - Scraping 6543/6851: https://www.refurbed.de/p/sony-experia-1-v/
2026-05-24 06:38:03,799 - INFO - Scraping 6544/6851: https://www.refurbed.de/p/sony-experia-1-vi/
2026-05-24 06:38:05,326 - INFO - Scraping 6545/6851: https://www.refurbed.de/p/sony-experia-10-2/
2026-05-24 06:38:06,943 - INFO - Scraping 6546/6851: https://www.refurbed.de/p/sony-experia-10-3/
2026-05-24 06:38:08,483 - INFO - Scraping 6547/6851: https://www.refurbed.de/p/sony-experia-10-4/
2026-05-24 06:38:10,004 - INFO - Scraping 6548/6851: https://www.refurbed.de/p/sony-experia-10-5/
2026-05-24 06:38:11,662 - INFO - Scraping 6549/6851: https://www.refurbed.de/p/sony-experia-10-vi/
2026-05-24 06:38:13,138 - INFO - Scraping 6550/6851: https://www.refurbed.de/p/sony-xperia-1-2/
2026-05-24 06:38:14,556 - INFO - Scraping 6551/6851: https://www.refurbed.de/p/sony-xperia-1-3/
2026-05-24 06:38:15,952 - INFO - Scraping 6552/6851: https://www.refurbed.de/p/sony-xperia-1-4/
2026-05-24 06:38:17,601 - INFO - Scraping 6553/6851: https://www.refurbed.de/p/sony-xperia-1/
2026-05-24 06:38:19,218 - INFO - Scraping 6554/6851: https://www.refurbed.de/p/sony-xperia-10-plus/
2026-05-24 06:38:20,784 - INFO - Scraping 6555/6851: https://www.refurbed.de/p/sony-xperia-10/
2026-05-24 06:38:22,276 - INFO - Scraping 6556/6851: https://www.refurbed.de/p/sony-xperia-5-3/
2026-05-24 06:38:23,951 - INFO - Scraping 6557/6851: https://www.refurbed.de/p/sony-xperia-5-ii/
2026-05-24 06:38:25,351 - INFO - Scraping 6558/6851: https://www.refurbed.de/p/sony-xperia-5-iv/
2026-05-24 06:38:26,892 - INFO - Scraping 6559/6851: https://www.refurbed.de/p/sony-xperia-5-v/
2026-05-24 06:38:28,894 - INFO - Scraping 6560/6851: https://www.refurbed.de/p/sony-xperia-5/
2026-05-24 06:38:31,343 - INFO - Scraping 6561/6851: https://www.refurbed.de/p/sony-xperia-c5-ultra-dual/
2026-05-24 06:38:33,417 - INFO - Scraping 6562/6851: https://www.refurbed.de/p/sony-xperia-e1/
2026-05-24 06:38:34,937 - INFO - Scraping 6563/6851: https://www.refurbed.de/p/sony-xperia-e3-d2203/
2026-05-24 06:38:36,803 - INFO - Scraping 6564/6851: https://www.refurbed.de/p/sony-xperia-e4/
2026-05-24 06:38:38,332 - INFO - Scraping 6565/6851: https://www.refurbed.de/p/sony-xperia-e4g/
2026-05-24 06:38:39,720 - INFO - Scraping 6566/6851: https://www.refurbed.de/p/sony-xperia-e5-f3311/
2026-05-24 06:38:41,107 - INFO - Scraping 6567/6851: https://www.refurbed.de/p/sony-xperia-l1/
2026-05-24 06:38:42,516 - INFO - Scraping 6568/6851: https://www.refurbed.de/p/sony-xperia-l2/
2026-05-24 06:38:43,931 - INFO - Scraping 6569/6851: https://www.refurbed.de/p/sony-xperia-l3/
2026-05-24 06:38:45,310 - INFO - Scraping 6570/6851: https://www.refurbed.de/p/sony-xperia-l4/
2026-05-24 06:38:46,725 - INFO - Scraping 6571/6851: https://www.refurbed.de/p/sony-xperia-m/
2026-05-24 06:38:48,091 - INFO - Scraping 6572/6851: https://www.refurbed.de/p/sony-xperia-m2/
2026-05-24 06:38:49,496 - INFO - Scraping 6573/6851: https://www.refurbed.de/p/sony-xperia-m4-aqua/
2026-05-24 06:38:51,086 - INFO - Scraping 6574/6851: https://www.refurbed.de/p/sony-xperia-m5/
2026-05-24 06:38:52,496 - INFO - Scraping 6575/6851: https://www.refurbed.de/p/sony-xperia-pro-i/
2026-05-24 06:38:53,888 - INFO - Scraping 6576/6851: https://www.refurbed.de/p/sony-xperia-pro/
2026-05-24 06:38:55,278 - INFO - Scraping 6577/6851: https://www.refurbed.de/p/sony-xperia-t-lt30p/
2026-05-24 06:38:56,664 - INFO - Scraping 6578/6851: https://www.refurbed.de/p/sony-xperia-t3/
2026-05-24 06:38:58,144 - INFO - Scraping 6579/6851: https://www.refurbed.de/p/sony-xperia-x-compact/
2026-05-24 06:38:59,525 - INFO - Scraping 6580/6851: https://www.refurbed.de/p/sony-xperia-x-performance/
2026-05-24 06:39:00,972 - INFO - Scraping 6581/6851: https://www.refurbed.de/p/sony-xperia-x/
2026-05-24 06:39:02,355 - INFO - Scraping 6582/6851: https://www.refurbed.de/p/sony-xperia-xa-ultra/
2026-05-24 06:39:03,718 - INFO - Scraping 6583/6851: https://www.refurbed.de/p/sony-xperia-xa/
2026-05-24 06:39:05,150 - INFO - Scraping 6584/6851: https://www.refurbed.de/p/sony-xperia-xa1-plus/
2026-05-24 06:39:06,537 - INFO - Scraping 6585/6851: https://www.refurbed.de/p/sony-xperia-xa1-ultra/
2026-05-24 06:39:07,933 - INFO - Scraping 6586/6851: https://www.refurbed.de/p/sony-xperia-xa1/
2026-05-24 06:39:09,298 - INFO - Scraping 6587/6851: https://www.refurbed.de/p/sony-xperia-xa2-plus/
2026-05-24 06:39:10,693 - INFO - Scraping 6588/6851: https://www.refurbed.de/p/sony-xperia-xa2-ultra/
2026-05-24 06:39:12,146 - INFO - Scraping 6589/6851: https://www.refurbed.de/p/sony-xperia-xa2/
2026-05-24 06:39:13,518 - INFO - Scraping 6590/6851: https://www.refurbed.de/p/sony-xperia-xz/
2026-05-24 06:39:14,919 - INFO - Scraping 6591/6851: https://www.refurbed.de/p/sony-xperia-xz1-compact/
2026-05-24 06:39:16,471 - INFO - Scraping 6592/6851: https://www.refurbed.de/p/sony-xperia-xz1/
2026-05-24 06:39:18,243 - INFO - Scraping 6593/6851: https://www.refurbed.de/p/sony-xperia-xz2-compact/
2026-05-24 06:39:19,609 - INFO - Scraping 6594/6851: https://www.refurbed.de/p/sony-xperia-xz2-premium/
2026-05-24 06:39:20,961 - INFO - Scraping 6595/6851: https://www.refurbed.de/p/sony-xperia-xz2/
2026-05-24 06:39:22,422 - INFO - Scraping 6596/6851: https://www.refurbed.de/p/sony-xperia-xz3/
2026-05-24 06:39:23,824 - INFO - Scraping 6597/6851: https://www.refurbed.de/p/sony-xperia-xzs/
2026-05-24 06:39:25,298 - INFO - Scraping 6598/6851: https://www.refurbed.de/p/sony-xperia-z-premium/
2026-05-24 06:39:26,677 - INFO - Scraping 6599/6851: https://www.refurbed.de/p/sony-xperia-z-ultra/
2026-05-24 06:39:28,072 - INFO - Scraping 6600/6851: https://www.refurbed.de/p/sony-xperia-z/
2026-05-24 06:39:29,548 - INFO - Scraping 6601/6851: https://www.refurbed.de/p/sony-xperia-z1-compact/
2026-05-24 06:39:30,927 - INFO - Scraping 6602/6851: https://www.refurbed.de/p/sony-xperia-z1/
2026-05-24 06:39:32,421 - INFO - Scraping 6603/6851: https://www.refurbed.de/p/sony-xperia-z2-d6503/
2026-05-24 06:39:33,983 - INFO - Scraping 6604/6851: https://www.refurbed.de/p/sony-xperia-z2-sgp521/
2026-05-24 06:39:35,459 - INFO - Scraping 6605/6851: https://www.refurbed.de/p/sony-xperia-z3-compact-tab/
2026-05-24 06:39:36,862 - INFO - Scraping 6606/6851: https://www.refurbed.de/p/sony-xperia-z3-compact/
2026-05-24 06:39:38,279 - INFO - Scraping 6607/6851: https://www.refurbed.de/p/sony-xperia-z3-plus/
2026-05-24 06:39:39,755 - INFO - Scraping 6608/6851: https://www.refurbed.de/p/sony-xperia-z3/
2026-05-24 06:39:41,120 - INFO - Scraping 6609/6851: https://www.refurbed.de/p/sony-xperia-z4/
2026-05-24 06:39:42,608 - INFO - Scraping 6610/6851: https://www.refurbed.de/p/sony-xperia-z5-compact/
2026-05-24 06:39:43,972 - INFO - Scraping 6611/6851: https://www.refurbed.de/p/sony-xperia-z5-e6653/
2026-05-24 06:39:45,369 - INFO - Scraping 6612/6851: https://www.refurbed.de/p/sony-xperia-z5-premium/
2026-05-24 06:39:46,818 - INFO - Scraping 6613/6851: https://www.refurbed.de/p/surface-pro-7-plus-i3-1115g4/
2026-05-24 06:39:48,176 - INFO - Scraping 6614/6851: https://www.refurbed.de/p/tcl-tab-10-hd/
2026-05-24 06:39:49,566 - INFO - Scraping 6615/6851: https://www.refurbed.de/p/tcl-tab-10-s/
2026-05-24 06:39:51,013 - INFO - Scraping 6616/6851: https://www.refurbed.de/p/tcl-tab-8/
2026-05-24 06:39:52,506 - INFO - Scraping 6617/6851: https://www.refurbed.de/p/telekom-t-tablet/
2026-05-24 06:39:53,916 - INFO - Scraping 6618/6851: https://www.refurbed.de/p/thinkpad-onelink-pro/
2026-05-24 06:39:55,307 - INFO - Scraping 6619/6851: https://www.refurbed.de/p/tracer-drifter/
2026-05-24 06:39:56,675 - INFO - Scraping 6620/6851: https://www.refurbed.de/p/tracer-roadster/
2026-05-24 06:39:58,316 - INFO - Scraping 6621/6851: https://www.refurbed.de/p/tracer-sierra/
2026-05-24 06:39:59,792 - INFO - Scraping 6622/6851: https://www.refurbed.de/p/trekstor-surftab-breeze-9-6-quad/
2026-05-24 06:40:01,175 - INFO - Scraping 6623/6851: https://www.refurbed.de/p/trekstor-surftab-duo-w1/
2026-05-24 06:40:03,168 - INFO - Scraping 6624/6851: https://www.refurbed.de/p/viewsonic-m1/
2026-05-24 06:40:04,915 - INFO - Scraping 6625/6851: https://www.refurbed.de/p/viewsonic-m2/
2026-05-24 06:40:07,469 - INFO - Scraping 6626/6851: https://www.refurbed.de/p/viewsonic-va2046a-led-20/
2026-05-24 06:40:09,352 - INFO - Scraping 6627/6851: https://www.refurbed.de/p/viewsonic-va2465sh/
2026-05-24 06:40:10,988 - INFO - Scraping 6628/6851: https://www.refurbed.de/p/viewsonic-va2719-sh/
2026-05-24 06:40:12,579 - INFO - Scraping 6629/6851: https://www.refurbed.de/p/viewsonic-vb-cam-001/
2026-05-24 06:40:14,063 - INFO - Scraping 6630/6851: https://www.refurbed.de/p/viewsonic-vx2718-2kpc-mhd/
2026-05-24 06:40:15,455 - INFO - Scraping 6631/6851: https://www.refurbed.de/p/vivo-v20-se/
2026-05-24 06:40:16,838 - INFO - Scraping 6632/6851: https://www.refurbed.de/p/vivo-v21-5g/
2026-05-24 06:40:18,462 - INFO - Scraping 6633/6851: https://www.refurbed.de/p/vivo-v23-5g/
2026-05-24 06:40:20,057 - INFO - Scraping 6634/6851: https://www.refurbed.de/p/vivo-v29-5g/
2026-05-24 06:40:21,587 - INFO - Scraping 6635/6851: https://www.refurbed.de/p/vivo-v29-lite-5g/
2026-05-24 06:40:23,136 - INFO - Scraping 6636/6851: https://www.refurbed.de/p/vivo-v40-5g/
2026-05-24 06:40:24,592 - INFO - Scraping 6637/6851: https://www.refurbed.de/p/vivo-v40-se-5g/
2026-05-24 06:40:25,952 - INFO - Scraping 6638/6851: https://www.refurbed.de/p/vivo-x51-5g/
2026-05-24 06:40:27,335 - INFO - Scraping 6639/6851: https://www.refurbed.de/p/vivo-x60-pro/
2026-05-24 06:40:28,701 - INFO - Scraping 6640/6851: https://www.refurbed.de/p/vivo-x80-lite/
2026-05-24 06:40:30,239 - INFO - Scraping 6641/6851: https://www.refurbed.de/p/vivo-x80-pro/
2026-05-24 06:40:31,850 - INFO - Scraping 6642/6851: https://www.refurbed.de/p/vivo-x90-pro/
2026-05-24 06:40:33,377 - INFO - Scraping 6643/6851: https://www.refurbed.de/p/vivo-y01/
2026-05-24 06:40:34,762 - INFO - Scraping 6644/6851: https://www.refurbed.de/p/vivo-y17s/
2026-05-24 06:40:36,327 - INFO - Scraping 6645/6851: https://www.refurbed.de/p/vivo-y20s/
2026-05-24 06:40:37,785 - INFO - Scraping 6646/6851: https://www.refurbed.de/p/vivo-y21/
2026-05-24 06:40:39,300 - INFO - Scraping 6647/6851: https://www.refurbed.de/p/vivo-y21s/
2026-05-24 06:40:40,858 - INFO - Scraping 6648/6851: https://www.refurbed.de/p/vivo-y22s/
2026-05-24 06:40:42,350 - INFO - Scraping 6649/6851: https://www.refurbed.de/p/vivo-y33s/
2026-05-24 06:40:44,007 - INFO - Scraping 6650/6851: https://www.refurbed.de/p/vivo-y35/
2026-05-24 06:40:45,412 - INFO - Scraping 6651/6851: https://www.refurbed.de/p/vivo-y52-5g/
2026-05-24 06:40:46,946 - INFO - Scraping 6652/6851: https://www.refurbed.de/p/vivo-y70/
2026-05-24 06:40:48,334 - INFO - Scraping 6653/6851: https://www.refurbed.de/p/vivo-y72-5g/
2026-05-24 06:40:49,929 - INFO - Scraping 6654/6851: https://www.refurbed.de/p/vivo-y76-5g/
2026-05-24 06:40:51,420 - INFO - Scraping 6655/6851: https://www.refurbed.de/p/vodafone-smart-tab-n8/
2026-05-24 06:40:52,802 - INFO - Scraping 6656/6851: https://www.refurbed.de/p/vodafone-tab-prime-7/
2026-05-24 06:40:54,167 - INFO - Scraping 6657/6851: https://www.refurbed.de/p/wilfa-kw-4-gram-stal/
2026-05-24 06:40:55,691 - INFO - Scraping 6658/6851: https://www.refurbed.de/p/xgimi-halo-plus/
2026-05-24 06:40:57,089 - INFO - Scraping 6659/6851: https://www.refurbed.de/p/xgimi-halo/
2026-05-24 06:40:58,535 - INFO - Scraping 6660/6851: https://www.refurbed.de/p/xgimi-horizon-pro-4k/
2026-05-24 06:40:59,889 - INFO - Scraping 6661/6851: https://www.refurbed.de/p/xiaomi-11t-5g/
2026-05-24 06:41:01,472 - INFO - Scraping 6662/6851: https://www.refurbed.de/p/xiaomi-11t-pro/
2026-05-24 06:41:03,032 - INFO - Scraping 6663/6851: https://www.refurbed.de/p/xiaomi-12-lite-5g/
2026-05-24 06:41:04,701 - INFO - Scraping 6664/6851: https://www.refurbed.de/p/xiaomi-12-pro/
2026-05-24 06:41:06,284 - INFO - Scraping 6665/6851: https://www.refurbed.de/p/xiaomi-12/
2026-05-24 06:41:07,842 - INFO - Scraping 6666/6851: https://www.refurbed.de/p/xiaomi-12s-ultra/
2026-05-24 06:41:09,561 - INFO - Scraping 6667/6851: https://www.refurbed.de/p/xiaomi-12t-pro/
2026-05-24 06:41:11,050 - INFO - Scraping 6668/6851: https://www.refurbed.de/p/xiaomi-12t/
2026-05-24 06:41:12,857 - INFO - Scraping 6669/6851: https://www.refurbed.de/p/xiaomi-12x/
2026-05-24 06:41:14,453 - INFO - Scraping 6670/6851: https://www.refurbed.de/p/xiaomi-13-lite-5g/
2026-05-24 06:41:16,019 - INFO - Scraping 6671/6851: https://www.refurbed.de/p/xiaomi-13-pro/
2026-05-24 06:41:17,723 - INFO - Scraping 6672/6851: https://www.refurbed.de/p/xiaomi-13-ultra/
2026-05-24 06:41:19,353 - INFO - Scraping 6673/6851: https://www.refurbed.de/p/xiaomi-13/
2026-05-24 06:41:20,867 - INFO - Scraping 6674/6851: https://www.refurbed.de/p/xiaomi-13t-pro/
2026-05-24 06:41:22,452 - INFO - Scraping 6675/6851: https://www.refurbed.de/p/xiaomi-13t/
2026-05-24 06:41:24,065 - INFO - Scraping 6676/6851: https://www.refurbed.de/p/xiaomi-14-ultra-photography-kit/
2026-05-24 06:41:25,441 - INFO - Scraping 6677/6851: https://www.refurbed.de/p/xiaomi-14-ultra/
2026-05-24 06:41:27,010 - INFO - Scraping 6678/6851: https://www.refurbed.de/p/xiaomi-14/
2026-05-24 06:41:28,423 - INFO - Scraping 6679/6851: https://www.refurbed.de/p/xiaomi-14t-pro/
2026-05-24 06:41:29,861 - INFO - Scraping 6680/6851: https://www.refurbed.de/p/xiaomi-14t/
2026-05-24 06:41:31,539 - INFO - Scraping 6681/6851: https://www.refurbed.de/p/xiaomi-15-ultra/
2026-05-24 06:41:33,195 - INFO - Scraping 6682/6851: https://www.refurbed.de/p/xiaomi-15/
2026-05-24 06:41:34,625 - INFO - Scraping 6683/6851: https://www.refurbed.de/p/xiaomi-air-fryer/
2026-05-24 06:41:36,005 - INFO - Scraping 6684/6851: https://www.refurbed.de/p/xiaomi-black-shark-5-pro/
2026-05-24 06:41:37,571 - INFO - Scraping 6685/6851: https://www.refurbed.de/p/xiaomi-black-shark/
2026-05-24 06:41:38,944 - INFO - Scraping 6686/6851: https://www.refurbed.de/p/xiaomi-buds-3/
2026-05-24 06:41:40,459 - INFO - Scraping 6687/6851: https://www.refurbed.de/p/xiaomi-mi-10-lite/
2026-05-24 06:41:41,990 - INFO - Scraping 6688/6851: https://www.refurbed.de/p/xiaomi-mi-10-pro/
2026-05-24 06:41:43,728 - INFO - Scraping 6689/6851: https://www.refurbed.de/p/xiaomi-mi-10/
2026-05-24 06:41:45,151 - INFO - Scraping 6690/6851: https://www.refurbed.de/p/xiaomi-mi-10t-5g/
2026-05-24 06:41:46,796 - INFO - Scraping 6691/6851: https://www.refurbed.de/p/xiaomi-mi-10t-lite-5g/
2026-05-24 06:41:48,420 - INFO - Scraping 6692/6851: https://www.refurbed.de/p/xiaomi-mi-10t-pro-5g/
2026-05-24 06:41:50,009 - INFO - Scraping 6693/6851: https://www.refurbed.de/p/xiaomi-mi-11-5g/
2026-05-24 06:41:51,638 - INFO - Scraping 6694/6851: https://www.refurbed.de/p/xiaomi-mi-11-lite-5g-ne/
2026-05-24 06:41:53,208 - INFO - Scraping 6695/6851: https://www.refurbed.de/p/xiaomi-mi-11-lite-5g/
2026-05-24 06:41:54,732 - INFO - Scraping 6696/6851: https://www.refurbed.de/p/xiaomi-mi-11-lite/
2026-05-24 06:41:56,340 - INFO - Scraping 6697/6851: https://www.refurbed.de/p/xiaomi-mi-11-ultra/
2026-05-24 06:41:57,913 - INFO - Scraping 6698/6851: https://www.refurbed.de/p/xiaomi-mi-11i/
2026-05-24 06:41:59,474 - INFO - Scraping 6699/6851: https://www.refurbed.de/p/xiaomi-mi-6/
2026-05-24 06:42:00,884 - INFO - Scraping 6700/6851: https://www.refurbed.de/p/xiaomi-mi-8-lite/
2026-05-24 06:42:02,237 - INFO - Scraping 6701/6851: https://www.refurbed.de/p/xiaomi-mi-8-pro/
2026-05-24 06:42:03,663 - INFO - Scraping 6702/6851: https://www.refurbed.de/p/xiaomi-mi-8/
2026-05-24 06:42:05,045 - INFO - Scraping 6703/6851: https://www.refurbed.de/p/xiaomi-mi-9-lite/
2026-05-24 06:42:06,678 - INFO - Scraping 6704/6851: https://www.refurbed.de/p/xiaomi-mi-9-se/
2026-05-24 06:42:08,214 - INFO - Scraping 6705/6851: https://www.refurbed.de/p/xiaomi-mi-9/
2026-05-24 06:42:09,857 - INFO - Scraping 6706/6851: https://www.refurbed.de/p/xiaomi-mi-9t-pro/
2026-05-24 06:42:11,399 - INFO - Scraping 6707/6851: https://www.refurbed.de/p/xiaomi-mi-9t/
2026-05-24 06:42:13,321 - INFO - Scraping 6708/6851: https://www.refurbed.de/p/xiaomi-mi-a1/
2026-05-24 06:42:14,678 - INFO - Scraping 6709/6851: https://www.refurbed.de/p/xiaomi-mi-a2-lite/
2026-05-24 06:42:16,234 - INFO - Scraping 6710/6851: https://www.refurbed.de/p/xiaomi-mi-a2/
2026-05-24 06:42:17,854 - INFO - Scraping 6711/6851: https://www.refurbed.de/p/xiaomi-mi-a3/
2026-05-24 06:42:19,375 - INFO - Scraping 6712/6851: https://www.refurbed.de/p/xiaomi-mi-air-purifier-3h/
2026-05-24 06:42:20,764 - INFO - Scraping 6713/6851: https://www.refurbed.de/p/xiaomi-mi-bedside-lamp-2/
2026-05-24 06:42:22,131 - INFO - Scraping 6714/6851: https://www.refurbed.de/p/xiaomi-mi-box-s/
2026-05-24 06:42:23,528 - INFO - Scraping 6715/6851: https://www.refurbed.de/p/xiaomi-mi-cc9-pro/
2026-05-24 06:42:24,885 - INFO - Scraping 6716/6851: https://www.refurbed.de/p/xiaomi-mi-curved-gaming-monitor/
2026-05-24 06:42:26,254 - INFO - Scraping 6717/6851: https://www.refurbed.de/p/xiaomi-mi-desk-lamp-1s/
2026-05-24 06:42:27,616 - INFO - Scraping 6718/6851: https://www.refurbed.de/p/xiaomi-mi-desktop-monitor-27/
2026-05-24 06:42:29,023 - INFO - Scraping 6719/6851: https://www.refurbed.de/p/xiaomi-mi-laser-projector/
2026-05-24 06:42:30,404 - INFO - Scraping 6720/6851: https://www.refurbed.de/p/xiaomi-mi-max-3/
2026-05-24 06:42:31,914 - INFO - Scraping 6721/6851: https://www.refurbed.de/p/xiaomi-mi-mix-2/
2026-05-24 06:42:33,323 - INFO - Scraping 6722/6851: https://www.refurbed.de/p/xiaomi-mi-mix-2s/
2026-05-24 06:42:34,804 - INFO - Scraping 6723/6851: https://www.refurbed.de/p/xiaomi-mi-mix-3/
2026-05-24 06:42:36,239 - INFO - Scraping 6724/6851: https://www.refurbed.de/p/xiaomi-mi-note-10-lite/
2026-05-24 06:42:37,897 - INFO - Scraping 6725/6851: https://www.refurbed.de/p/xiaomi-mi-note-10-pro/
2026-05-24 06:42:39,481 - INFO - Scraping 6726/6851: https://www.refurbed.de/p/xiaomi-mi-note-10/
2026-05-24 06:42:41,079 - INFO - Scraping 6727/6851: https://www.refurbed.de/p/xiaomi-mi-robot-mop-2-lite/
2026-05-24 06:42:42,481 - INFO - Scraping 6728/6851: https://www.refurbed.de/p/xiaomi-mi-robot-mop-2-ultra/
2026-05-24 06:42:43,891 - INFO - Scraping 6729/6851: https://www.refurbed.de/p/xiaomi-mi-robot-mop-2s/
2026-05-24 06:42:45,248 - INFO - Scraping 6730/6851: https://www.refurbed.de/p/xiaomi-mi-robot-mop-essential/
2026-05-24 06:42:46,639 - INFO - Scraping 6731/6851: https://www.refurbed.de/p/xiaomi-mi-smart-clock/
2026-05-24 06:42:48,004 - INFO - Scraping 6732/6851: https://www.refurbed.de/p/xiaomi-mi-smart-home-hub/
2026-05-24 06:42:49,402 - INFO - Scraping 6733/6851: https://www.refurbed.de/p/xiaomi-mi-smart-pro-pyv4009gl/
2026-05-24 06:42:50,825 - INFO - Scraping 6734/6851: https://www.refurbed.de/p/xiaomi-mi-smart-projector-2-pro/
2026-05-24 06:42:52,277 - INFO - Scraping 6735/6851: https://www.refurbed.de/p/xiaomi-mi-true-earphones-2/
2026-05-24 06:42:53,738 - INFO - Scraping 6736/6851: https://www.refurbed.de/p/xiaomi-mi-tv-4s-65/
2026-05-24 06:42:55,097 - INFO - Scraping 6737/6851: https://www.refurbed.de/p/xiaomi-mi-tv-p1-50/
2026-05-24 06:42:56,523 - INFO - Scraping 6738/6851: https://www.refurbed.de/p/xiaomi-mi-tv-stick/
2026-05-24 06:42:57,995 - INFO - Scraping 6739/6851: https://www.refurbed.de/p/xiaomi-mijia-mini-4k/
2026-05-24 06:42:59,368 - INFO - Scraping 6740/6851: https://www.refurbed.de/p/xiaomi-pad-5/
2026-05-24 06:43:00,930 - INFO - Scraping 6741/6851: https://www.refurbed.de/p/xiaomi-pad-6/
2026-05-24 06:43:02,487 - INFO - Scraping 6742/6851: https://www.refurbed.de/p/xiaomi-pad-6s-pro/
2026-05-24 06:43:03,893 - INFO - Scraping 6743/6851: https://www.refurbed.de/p/xiaomi-poco-c40/
2026-05-24 06:43:05,363 - INFO - Scraping 6744/6851: https://www.refurbed.de/p/xiaomi-poco-f2-pro/
2026-05-24 06:43:06,916 - INFO - Scraping 6745/6851: https://www.refurbed.de/p/xiaomi-poco-f3/
2026-05-24 06:43:08,487 - INFO - Scraping 6746/6851: https://www.refurbed.de/p/xiaomi-poco-f4-gt/
2026-05-24 06:43:10,062 - INFO - Scraping 6747/6851: https://www.refurbed.de/p/xiaomi-poco-f4/
2026-05-24 06:43:11,626 - INFO - Scraping 6748/6851: https://www.refurbed.de/p/xiaomi-poco-f5-pro/
2026-05-24 06:43:13,204 - INFO - Scraping 6749/6851: https://www.refurbed.de/p/xiaomi-poco-f5/
2026-05-24 06:43:14,862 - INFO - Scraping 6750/6851: https://www.refurbed.de/p/xiaomi-poco-m3-pro-5g/
2026-05-24 06:43:16,497 - INFO - Scraping 6751/6851: https://www.refurbed.de/p/xiaomi-poco-m3/
2026-05-24 06:43:17,893 - INFO - Scraping 6752/6851: https://www.refurbed.de/p/xiaomi-poco-m4-5g/
2026-05-24 06:43:19,403 - INFO - Scraping 6753/6851: https://www.refurbed.de/p/xiaomi-poco-m4-pro-5g/
2026-05-24 06:43:20,996 - INFO - Scraping 6754/6851: https://www.refurbed.de/p/xiaomi-poco-m4-pro/
2026-05-24 06:43:22,599 - INFO - Scraping 6755/6851: https://www.refurbed.de/p/xiaomi-poco-m5/
2026-05-24 06:43:24,134 - INFO - Scraping 6756/6851: https://www.refurbed.de/p/xiaomi-poco-m5s/
2026-05-24 06:43:25,569 - INFO - Scraping 6757/6851: https://www.refurbed.de/p/xiaomi-poco-m6-pro/
2026-05-24 06:43:27,292 - INFO - Scraping 6758/6851: https://www.refurbed.de/p/xiaomi-poco-x3-gt/
2026-05-24 06:43:28,841 - INFO - Scraping 6759/6851: https://www.refurbed.de/p/xiaomi-poco-x3-pro/
2026-05-24 06:43:30,485 - INFO - Scraping 6760/6851: https://www.refurbed.de/p/xiaomi-poco-x3/
2026-05-24 06:43:31,964 - INFO - Scraping 6761/6851: https://www.refurbed.de/p/xiaomi-poco-x4-gt/
2026-05-24 06:43:33,696 - INFO - Scraping 6762/6851: https://www.refurbed.de/p/xiaomi-poco-x4-pro-5g/
2026-05-24 06:43:35,206 - INFO - Scraping 6763/6851: https://www.refurbed.de/p/xiaomi-poco-x5-5g/
2026-05-24 06:43:36,827 - INFO - Scraping 6764/6851: https://www.refurbed.de/p/xiaomi-poco-x5-pro-5g/
2026-05-24 06:43:38,452 - INFO - Scraping 6765/6851: https://www.refurbed.de/p/xiaomi-poco-x6-pro/
2026-05-24 06:43:40,224 - INFO - Scraping 6766/6851: https://www.refurbed.de/p/xiaomi-poco-x7-pro/
2026-05-24 06:43:43,054 - INFO - Scraping 6767/6851: https://www.refurbed.de/p/xiaomi-pocophone-f1/
2026-05-24 06:43:45,250 - INFO - Scraping 6768/6851: https://www.refurbed.de/p/xiaomi-redmi-10-2022/
2026-05-24 06:43:46,953 - INFO - Scraping 6769/6851: https://www.refurbed.de/p/xiaomi-redmi-10-5g/
2026-05-24 06:43:48,454 - INFO - Scraping 6770/6851: https://www.refurbed.de/p/xiaomi-redmi-10/
2026-05-24 06:43:50,040 - INFO - Scraping 6771/6851: https://www.refurbed.de/p/xiaomi-redmi-10a/
2026-05-24 06:43:51,638 - INFO - Scraping 6772/6851: https://www.refurbed.de/p/xiaomi-redmi-12-c/
2026-05-24 06:43:53,187 - INFO - Scraping 6773/6851: https://www.refurbed.de/p/xiaomi-redmi-12/
2026-05-24 06:43:54,772 - INFO - Scraping 6774/6851: https://www.refurbed.de/p/xiaomi-redmi-13-c-5g/
2026-05-24 06:43:56,244 - INFO - Scraping 6775/6851: https://www.refurbed.de/p/xiaomi-redmi-13-c/
2026-05-24 06:43:57,778 - INFO - Scraping 6776/6851: https://www.refurbed.de/p/xiaomi-redmi-14-c/
2026-05-24 06:43:59,311 - INFO - Scraping 6777/6851: https://www.refurbed.de/p/xiaomi-redmi-4a/
2026-05-24 06:44:00,737 - INFO - Scraping 6778/6851: https://www.refurbed.de/p/xiaomi-redmi-4x/
2026-05-24 06:44:02,420 - INFO - Scraping 6779/6851: https://www.refurbed.de/p/xiaomi-redmi-5/
2026-05-24 06:44:03,906 - INFO - Scraping 6780/6851: https://www.refurbed.de/p/xiaomi-redmi-5a/
2026-05-24 06:44:05,286 - INFO - Scraping 6781/6851: https://www.refurbed.de/p/xiaomi-redmi-6/
2026-05-24 06:44:06,703 - INFO - Scraping 6782/6851: https://www.refurbed.de/p/xiaomi-redmi-6a/
2026-05-24 06:44:08,328 - INFO - Scraping 6783/6851: https://www.refurbed.de/p/xiaomi-redmi-7/
2026-05-24 06:44:09,791 - INFO - Scraping 6784/6851: https://www.refurbed.de/p/xiaomi-redmi-7a/
2026-05-24 06:44:11,304 - INFO - Scraping 6785/6851: https://www.refurbed.de/p/xiaomi-redmi-8/
2026-05-24 06:44:12,879 - INFO - Scraping 6786/6851: https://www.refurbed.de/p/xiaomi-redmi-8a/
2026-05-24 06:44:14,272 - INFO - Scraping 6787/6851: https://www.refurbed.de/p/xiaomi-redmi-9/
2026-05-24 06:44:15,946 - INFO - Scraping 6788/6851: https://www.refurbed.de/p/xiaomi-redmi-9a/
2026-05-24 06:44:17,593 - INFO - Scraping 6789/6851: https://www.refurbed.de/p/xiaomi-redmi-9at/
2026-05-24 06:44:18,989 - INFO - Scraping 6790/6851: https://www.refurbed.de/p/xiaomi-redmi-9c/
2026-05-24 06:44:20,629 - INFO - Scraping 6791/6851: https://www.refurbed.de/p/xiaomi-redmi-9t/
2026-05-24 06:44:22,266 - INFO - Scraping 6792/6851: https://www.refurbed.de/p/xiaomi-redmi-a2/
2026-05-24 06:44:23,648 - INFO - Scraping 6793/6851: https://www.refurbed.de/p/xiaomi-redmi-a3/
2026-05-24 06:44:25,058 - INFO - Scraping 6794/6851: https://www.refurbed.de/p/xiaomi-redmi-airdots-2/
2026-05-24 06:44:26,462 - INFO - Scraping 6795/6851: https://www.refurbed.de/p/xiaomi-redmi-buds-3-lite/
2026-05-24 06:44:27,878 - INFO - Scraping 6796/6851: https://www.refurbed.de/p/xiaomi-redmi-buds-3/
2026-05-24 06:44:29,266 - INFO - Scraping 6797/6851: https://www.refurbed.de/p/xiaomi-redmi-buds-4-pro/
2026-05-24 06:44:30,689 - INFO - Scraping 6798/6851: https://www.refurbed.de/p/xiaomi-redmi-buds-5-pro/
2026-05-24 06:44:32,054 - INFO - Scraping 6799/6851: https://www.refurbed.de/p/xiaomi-redmi-go/
2026-05-24 06:44:33,433 - INFO - Scraping 6800/6851: https://www.refurbed.de/p/xiaomi-redmi-note-10-5g/
2026-05-24 06:44:35,015 - INFO - Scraping 6801/6851: https://www.refurbed.de/p/xiaomi-redmi-note-10-c/
2026-05-24 06:44:36,585 - INFO - Scraping 6802/6851: https://www.refurbed.de/p/xiaomi-redmi-note-10-pro/
2026-05-24 06:44:38,116 - INFO - Scraping 6803/6851: https://www.refurbed.de/p/xiaomi-redmi-note-10-s/
2026-05-24 06:44:39,778 - INFO - Scraping 6804/6851: https://www.refurbed.de/p/xiaomi-redmi-note-10/
2026-05-24 06:44:41,326 - INFO - Scraping 6805/6851: https://www.refurbed.de/p/xiaomi-redmi-note-10a/
2026-05-24 06:44:42,742 - INFO - Scraping 6806/6851: https://www.refurbed.de/p/xiaomi-redmi-note-11-pro-5g/
2026-05-24 06:44:44,167 - INFO - Scraping 6807/6851: https://www.refurbed.de/p/xiaomi-redmi-note-11-pro-plus-5g/
2026-05-24 06:44:45,770 - INFO - Scraping 6808/6851: https://www.refurbed.de/p/xiaomi-redmi-note-11-pro/
2026-05-24 06:44:47,340 - INFO - Scraping 6809/6851: https://www.refurbed.de/p/xiaomi-redmi-note-11/
2026-05-24 06:44:48,924 - INFO - Scraping 6810/6851: https://www.refurbed.de/p/xiaomi-redmi-note-11s-5g/
2026-05-24 06:44:50,700 - INFO - Scraping 6811/6851: https://www.refurbed.de/p/xiaomi-redmi-note-11s/
2026-05-24 06:44:52,527 - INFO - Scraping 6812/6851: https://www.refurbed.de/p/xiaomi-redmi-note-12-5g/
2026-05-24 06:44:54,171 - INFO - Scraping 6813/6851: https://www.refurbed.de/p/xiaomi-redmi-note-12-pro-4g/
2026-05-24 06:44:55,706 - INFO - Scraping 6814/6851: https://www.refurbed.de/p/xiaomi-redmi-note-12-pro-plus-5g/
2026-05-24 06:44:57,251 - INFO - Scraping 6815/6851: https://www.refurbed.de/p/xiaomi-redmi-note-12-pro/
2026-05-24 06:44:58,821 - INFO - Scraping 6816/6851: https://www.refurbed.de/p/xiaomi-redmi-note-12/
2026-05-24 06:45:00,721 - INFO - Scraping 6817/6851: https://www.refurbed.de/p/xiaomi-redmi-note-12s/
2026-05-24 06:45:02,270 - INFO - Scraping 6818/6851: https://www.refurbed.de/p/xiaomi-redmi-note-13-5g/
2026-05-24 06:45:03,919 - INFO - Scraping 6819/6851: https://www.refurbed.de/p/xiaomi-redmi-note-13-pro-5g/
2026-05-24 06:45:05,560 - INFO - Scraping 6820/6851: https://www.refurbed.de/p/xiaomi-redmi-note-13-pro-plus-5g/
2026-05-24 06:45:07,089 - INFO - Scraping 6821/6851: https://www.refurbed.de/p/xiaomi-redmi-note-13-pro/
2026-05-24 06:45:08,663 - INFO - Scraping 6822/6851: https://www.refurbed.de/p/xiaomi-redmi-note-13/
2026-05-24 06:45:10,319 - INFO - Scraping 6823/6851: https://www.refurbed.de/p/xiaomi-redmi-note-14-5g/
2026-05-24 06:45:11,871 - INFO - Scraping 6824/6851: https://www.refurbed.de/p/xiaomi-redmi-note-14-pro-5g/
2026-05-24 06:45:13,451 - INFO - Scraping 6825/6851: https://www.refurbed.de/p/xiaomi-redmi-note-14-pro-plus-5g/
2026-05-24 06:45:15,082 - INFO - Scraping 6826/6851: https://www.refurbed.de/p/xiaomi-redmi-note-14-pro/
2026-05-24 06:45:16,840 - INFO - Scraping 6827/6851: https://www.refurbed.de/p/xiaomi-redmi-note-14/
2026-05-24 06:45:18,454 - INFO - Scraping 6828/6851: https://www.refurbed.de/p/xiaomi-redmi-note-3/
2026-05-24 06:45:19,978 - INFO - Scraping 6829/6851: https://www.refurbed.de/p/xiaomi-redmi-note-4/
2026-05-24 06:45:21,366 - INFO - Scraping 6830/6851: https://www.refurbed.de/p/xiaomi-redmi-note-5/
2026-05-24 06:45:22,779 - INFO - Scraping 6831/6851: https://www.refurbed.de/p/xiaomi-redmi-note-5a/
2026-05-24 06:45:24,378 - INFO - Scraping 6832/6851: https://www.refurbed.de/p/xiaomi-redmi-note-6-pro/
2026-05-24 06:45:25,810 - INFO - Scraping 6833/6851: https://www.refurbed.de/p/xiaomi-redmi-note-7/
2026-05-24 06:45:27,529 - INFO - Scraping 6834/6851: https://www.refurbed.de/p/xiaomi-redmi-note-8-pro/
2026-05-24 06:45:28,948 - INFO - Scraping 6835/6851: https://www.refurbed.de/p/xiaomi-redmi-note-8/
2026-05-24 06:45:30,505 - INFO - Scraping 6836/6851: https://www.refurbed.de/p/xiaomi-redmi-note-8t/
2026-05-24 06:45:32,128 - INFO - Scraping 6837/6851: https://www.refurbed.de/p/xiaomi-redmi-note-9-pro/
2026-05-24 06:45:33,764 - INFO - Scraping 6838/6851: https://www.refurbed.de/p/xiaomi-redmi-note-9/
2026-05-24 06:45:35,324 - INFO - Scraping 6839/6851: https://www.refurbed.de/p/xiaomi-redmi-note-9s/
2026-05-24 06:45:36,936 - INFO - Scraping 6840/6851: https://www.refurbed.de/p/xiaomi-redmi-note-9t/
2026-05-24 06:45:38,298 - INFO - Scraping 6841/6851: https://www.refurbed.de/p/xiaomi-redmi-pad-pro/
2026-05-24 06:45:39,746 - INFO - Scraping 6842/6851: https://www.refurbed.de/p/xiaomi-redmi-pad-se-8-7/
2026-05-24 06:45:41,155 - INFO - Scraping 6843/6851: https://www.refurbed.de/p/xiaomi-redmi-pad-se/
2026-05-24 06:45:42,514 - INFO - Scraping 6844/6851: https://www.refurbed.de/p/xiaomi-redmi-pad/
2026-05-24 06:45:43,948 - INFO - Scraping 6845/6851: https://www.refurbed.de/p/xiaomi-redmi-s2/
2026-05-24 06:45:45,306 - INFO - Scraping 6846/6851: https://www.refurbed.de/p/xiaomi-robot-vacuum-s12/
2026-05-24 06:45:46,751 - INFO - Scraping 6847/6851: https://www.refurbed.de/p/xiaomi-soundbar-3-1/
2026-05-24 06:45:48,125 - INFO - Scraping 6848/6851: https://www.refurbed.de/p/xiaomi-vacuum-g10/
2026-05-24 06:45:49,565 - INFO - Scraping 6849/6851: https://www.refurbed.de/p/xiaomi-vacuum-g9/
2026-05-24 06:45:50,945 - INFO - Scraping 6850/6851: https://www.refurbed.de/p/xiaomi-vacuum-mini/
2026-05-24 06:45:52,372 - INFO - Scraping 6851/6851: https://www.refurbed.de/p/xperia-1-v/
2026-05-24 06:45:54,173 - INFO - Scraping completed. Saved 5733 products in /home/runner/work/M3-scraper/M3-scraper/github/Scraped/Refurbed_260524.json and /home/runner/work/M3-scraper/M3-scraper/docs/Refurbed_260524.json
