2025-09-28 01:49:19,204 - INFO - Scraping 1/6851: https://www.refurbed.de/p/acer-315-n4000-15-6/
2025-09-28 01:49:21,059 - INFO - Scraping 2/6851: https://www.refurbed.de/p/acer-315-n4500-15-6/
2025-09-28 01:49:22,844 - INFO - Scraping 3/6851: https://www.refurbed.de/p/acer-a-3-spin-a3sp14-31pt-3-n100/
2025-09-28 01:49:24,558 - INFO - Scraping 4/6851: https://www.refurbed.de/p/acer-a-3-spin-a3sp14-31pt-3-n305/
2025-09-28 01:49:26,501 - INFO - Scraping 5/6851: https://www.refurbed.de/p/acer-a-5-spin-a5sp14-51mtn-1335u/
2025-09-28 01:49:28,494 - INFO - Scraping 6/6851: https://www.refurbed.de/p/acer-a-5-spin-a5sp14-51mtn-i7-14/
2025-09-28 01:49:30,513 - INFO - Scraping 7/6851: https://www.refurbed.de/p/acer-a-spin-14-i5-1335u/
2025-09-28 01:49:32,056 - INFO - Scraping 8/6851: https://www.refurbed.de/p/acer-ahr162/
2025-09-28 01:49:33,837 - INFO - Scraping 9/6851: https://www.refurbed.de/p/acer-ahw910/
2025-09-28 01:49:35,770 - INFO - Scraping 10/6851: https://www.refurbed.de/p/acer-asa630-active-stylus-pen/
2025-09-28 01:49:37,483 - INFO - Scraping 11/6851: https://www.refurbed.de/p/acer-aspire-1-14-pentium-silver-/
2025-09-28 01:49:39,279 - INFO - Scraping 12/6851: https://www.refurbed.de/p/acer-aspire-1-a114-61-s2jg/
2025-09-28 01:49:40,791 - INFO - Scraping 13/6851: https://www.refurbed.de/p/acer-aspire-1-a114-61-s2rf-7c/
2025-09-28 01:49:42,444 - INFO - Scraping 14/6851: https://www.refurbed.de/p/acer-aspire-1-a115-32-n4500/
2025-09-28 01:49:44,307 - INFO - Scraping 15/6851: https://www.refurbed.de/p/acer-aspire-1-nc-a114-61-s0g8-14/
2025-09-28 01:49:45,830 - INFO - Scraping 16/6851: https://www.refurbed.de/p/acer-aspire-3-a314-22-3250u/
2025-09-28 01:49:47,466 - INFO - Scraping 17/6851: https://www.refurbed.de/p/acer-aspire-3-a314-32-n4000/
2025-09-28 01:49:49,105 - INFO - Scraping 18/6851: https://www.refurbed.de/p/acer-aspire-3-a315-21-a9-9420e/
2025-09-28 01:49:49,469 - ERROR - Error fetching https://www.refurbed.de/p/acer-aspire-3-a315-21-a9-9420e/: 404 Client Error: Not Found for url: https://www.refurbed.de/p/acer-aspire-3-a315-21-a9-9420e/
2025-09-28 01:49:50,471 - INFO - Scraping 19/6851: https://www.refurbed.de/p/acer-aspire-3-a315-21-a9-9425/
2025-09-28 01:49:51,926 - INFO - Scraping 20/6851: https://www.refurbed.de/p/acer-aspire-3-a315-23-3250u/
2025-09-28 01:49:53,606 - INFO - Scraping 21/6851: https://www.refurbed.de/p/acer-aspire-3-a315-24p-7520u/
2025-09-28 01:49:55,061 - INFO - Scraping 22/6851: https://www.refurbed.de/p/acer-aspire-3-a315-29-i5-1235u/
2025-09-28 01:49:56,685 - INFO - Scraping 23/6851: https://www.refurbed.de/p/acer-aspire-3-a315-35-n5100/
2025-09-28 01:49:58,266 - INFO - Scraping 24/6851: https://www.refurbed.de/p/acer-aspire-3-a315-35-p45c/
2025-09-28 01:49:59,749 - INFO - Scraping 25/6851: https://www.refurbed.de/p/acer-aspire-3-a315-510p-n100/
2025-09-28 01:50:01,447 - INFO - Scraping 26/6851: https://www.refurbed.de/p/acer-aspire-3-a315-54-8265u/
2025-09-28 01:50:03,524 - INFO - Scraping 27/6851: https://www.refurbed.de/p/acer-aspire-3-a315-55g-10210u/
2025-09-28 01:50:05,062 - INFO - Scraping 28/6851: https://www.refurbed.de/p/acer-aspire-3-a315-58-1135g7/
2025-09-28 01:50:06,642 - INFO - Scraping 29/6851: https://www.refurbed.de/p/acer-aspire-3-a315-58-1165g7/
2025-09-28 01:50:08,315 - INFO - Scraping 30/6851: https://www.refurbed.de/p/acer-aspire-3-a315-58-i3-1115g4/
2025-09-28 01:50:09,765 - INFO - Scraping 31/6851: https://www.refurbed.de/p/acer-aspire-3-a315-59-1235u-15-6/
2025-09-28 01:50:11,402 - INFO - Scraping 32/6851: https://www.refurbed.de/p/acer-aspire-3-a317-33-p5ff/
2025-09-28 01:50:12,854 - INFO - Scraping 33/6851: https://www.refurbed.de/p/acer-aspire-3-a317-52-1035g1/
2025-09-28 01:50:14,856 - INFO - Scraping 34/6851: https://www.refurbed.de/p/acer-aspire-3-a317-54-1235u-17-3/
2025-09-28 01:50:16,590 - INFO - Scraping 35/6851: https://www.refurbed.de/p/acer-aspire-3-a4-9120e-14/
2025-09-28 01:50:17,087 - ERROR - Error fetching https://www.refurbed.de/p/acer-aspire-3-a4-9120e-14/: 404 Client Error: Not Found for url: https://www.refurbed.de/p/acer-aspire-3-a4-9120e-14/
2025-09-28 01:50:18,089 - INFO - Scraping 36/6851: https://www.refurbed.de/p/acer-aspire-5-a514-54-i3-1115g4/
2025-09-28 01:50:19,695 - INFO - Scraping 37/6851: https://www.refurbed.de/p/acer-aspire-5-a514-54-i5-1135g7/
2025-09-28 01:50:21,219 - INFO - Scraping 38/6851: https://www.refurbed.de/p/acer-aspire-5-a514-55-1255u-14/
2025-09-28 01:50:22,684 - INFO - Scraping 39/6851: https://www.refurbed.de/p/acer-aspire-5-a514-55-i5-1235u/
2025-09-28 01:50:25,043 - INFO - Scraping 40/6851: https://www.refurbed.de/p/acer-aspire-5-a514-57-i7-1255u/
2025-09-28 01:50:26,412 - INFO - Scraping 41/6851: https://www.refurbed.de/p/acer-aspire-5-a514-57g-7-1260p/
2025-09-28 01:50:27,946 - INFO - Scraping 42/6851: https://www.refurbed.de/p/acer-aspire-5-a515-1005g1/
2025-09-28 01:50:29,540 - INFO - Scraping 43/6851: https://www.refurbed.de/p/acer-aspire-5-a515-1065g7/
2025-09-28 01:50:31,058 - INFO - Scraping 44/6851: https://www.refurbed.de/p/acer-aspire-5-a515-44-r5-4500u/
2025-09-28 01:50:32,667 - INFO - Scraping 45/6851: https://www.refurbed.de/p/acer-aspire-5-a515-44-r7-4700u/
2025-09-28 01:50:34,165 - INFO - Scraping 46/6851: https://www.refurbed.de/p/acer-aspire-5-a515-45g-r5-5500u/
2025-09-28 01:50:35,720 - INFO - Scraping 47/6851: https://www.refurbed.de/p/acer-aspire-5-a515-45g-r7-5700u/
2025-09-28 01:50:37,450 - INFO - Scraping 48/6851: https://www.refurbed.de/p/acer-aspire-5-a515-45r-r7-5700u/
2025-09-28 01:50:39,053 - INFO - Scraping 49/6851: https://www.refurbed.de/p/acer-aspire-5-a515-45r-r7-5825u/
2025-09-28 01:50:40,945 - INFO - Scraping 50/6851: https://www.refurbed.de/p/acer-aspire-5-a515-48m-r5-7530u/
2025-09-28 01:50:42,505 - INFO - Scraping 51/6851: https://www.refurbed.de/p/acer-aspire-5-a515-56-1135g7-15/
2025-09-28 01:50:43,979 - INFO - Scraping 52/6851: https://www.refurbed.de/p/acer-aspire-5-a515-56-1165g7-15/
2025-09-28 01:50:45,662 - INFO - Scraping 53/6851: https://www.refurbed.de/p/acer-aspire-5-a515-57g-i5-1235u/
2025-09-28 01:50:47,193 - INFO - Scraping 54/6851: https://www.refurbed.de/p/acer-aspire-5-a515-58m-i5-1335u/
2025-09-28 01:50:48,842 - INFO - Scraping 55/6851: https://www.refurbed.de/p/acer-aspire-5-a515-r5-5500u/
2025-09-28 01:50:50,372 - INFO - Scraping 56/6851: https://www.refurbed.de/p/acer-aspire-5-a517-52g-i5-1135g7/
2025-09-28 01:50:51,911 - INFO - Scraping 57/6851: https://www.refurbed.de/p/acer-aspire-5-a517-52g1165g7-17/
2025-09-28 01:50:53,348 - INFO - Scraping 58/6851: https://www.refurbed.de/p/acer-aspire-5-a517-53-i5-1235u/
2025-09-28 01:50:55,186 - INFO - Scraping 59/6851: https://www.refurbed.de/p/acer-aspire-5-a517-53-i5-12450h/
2025-09-28 01:50:56,946 - INFO - Scraping 60/6851: https://www.refurbed.de/p/acer-aspire-5-a517-53g-1240p-17/
2025-09-28 01:50:58,471 - INFO - Scraping 61/6851: https://www.refurbed.de/p/acer-aspire-5-a517-53g-i7-1255u/
2025-09-28 01:51:00,167 - INFO - Scraping 62/6851: https://www.refurbed.de/p/acer-aspire-5-a517-58m-i3-1315u/
2025-09-28 01:51:01,599 - INFO - Scraping 63/6851: https://www.refurbed.de/p/acer-aspire-5-i5-10210u/
2025-09-28 01:51:03,070 - INFO - Scraping 64/6851: https://www.refurbed.de/p/acer-aspire-5-i5-8265u/
2025-09-28 01:51:04,916 - INFO - Scraping 65/6851: https://www.refurbed.de/p/acer-aspire-5a515-55-i5-1035g1/
2025-09-28 01:51:06,525 - INFO - Scraping 66/6851: https://www.refurbed.de/p/acer-aspire-7-a715-42g-r7-5700u/
2025-09-28 01:51:08,281 - INFO - Scraping 67/6851: https://www.refurbed.de/p/acer-aspire-7-a715-43g-r5-5625u/
2025-09-28 01:51:09,808 - INFO - Scraping 68/6851: https://www.refurbed.de/p/acer-aspire-7-a715-51g-1260p/
2025-09-28 01:51:11,257 - INFO - Scraping 69/6851: https://www.refurbed.de/p/acer-aspire-7-a715-51g-i5-1240p/
2025-09-28 01:51:12,740 - INFO - Scraping 70/6851: https://www.refurbed.de/p/acer-aspire-c22-820-j5005/
2025-09-28 01:51:14,865 - INFO - Scraping 71/6851: https://www.refurbed.de/p/acer-aspire-e1-572-4200u-12/
2025-09-28 01:51:15,381 - ERROR - Error fetching https://www.refurbed.de/p/acer-aspire-e1-572-4200u-12/: 404 Client Error: Not Found for url: https://www.refurbed.de/p/acer-aspire-e1-572-4200u-12/
2025-09-28 01:51:16,383 - INFO - Scraping 72/6851: https://www.refurbed.de/p/acer-aspire-e15-e5-574g-6500u/
2025-09-28 01:51:16,706 - ERROR - Error fetching https://www.refurbed.de/p/acer-aspire-e15-e5-574g-6500u/: 404 Client Error: Not Found for url: https://www.refurbed.de/p/acer-aspire-e15-e5-574g-6500u/
2025-09-28 01:51:17,708 - INFO - Scraping 73/6851: https://www.refurbed.de/p/acer-aspire-e15-e5-575g-7200u/
2025-09-28 01:51:18,036 - ERROR - Error fetching https://www.refurbed.de/p/acer-aspire-e15-e5-575g-7200u/: 404 Client Error: Not Found for url: https://www.refurbed.de/p/acer-aspire-e15-e5-575g-7200u/
2025-09-28 01:51:19,038 - INFO - Scraping 74/6851: https://www.refurbed.de/p/acer-aspire-e15-e5576-i3-6006u/
2025-09-28 01:51:20,555 - INFO - Scraping 75/6851: https://www.refurbed.de/p/acer-aspire-e5-576g-i5-8250u/
2025-09-28 01:51:20,851 - ERROR - Error fetching https://www.refurbed.de/p/acer-aspire-e5-576g-i5-8250u/: 404 Client Error: Not Found for url: https://www.refurbed.de/p/acer-aspire-e5-576g-i5-8250u/
2025-09-28 01:51:21,853 - INFO - Scraping 76/6851: https://www.refurbed.de/p/acer-aspire-es-15-a8-7410/
2025-09-28 01:51:22,232 - ERROR - Error fetching https://www.refurbed.de/p/acer-aspire-es-15-a8-7410/: 404 Client Error: Not Found for url: https://www.refurbed.de/p/acer-aspire-es-15-a8-7410/
2025-09-28 01:51:23,234 - INFO - Scraping 77/6851: https://www.refurbed.de/p/acer-aspire-es-15-e1-7010/
2025-09-28 01:51:23,538 - ERROR - Error fetching https://www.refurbed.de/p/acer-aspire-es-15-e1-7010/: 404 Client Error: Not Found for url: https://www.refurbed.de/p/acer-aspire-es-15-e1-7010/
2025-09-28 01:51:24,540 - INFO - Scraping 78/6851: https://www.refurbed.de/p/acer-aspire-es1-a8-7410-15-6/
2025-09-28 01:51:24,884 - ERROR - Error fetching https://www.refurbed.de/p/acer-aspire-es1-a8-7410-15-6/: 404 Client Error: Not Found for url: https://www.refurbed.de/p/acer-aspire-es1-a8-7410-15-6/
2025-09-28 01:51:25,886 - INFO - Scraping 79/6851: https://www.refurbed.de/p/acer-aspire-es1-n3700-15-6/
2025-09-28 01:51:26,168 - ERROR - Error fetching https://www.refurbed.de/p/acer-aspire-es1-n3700-15-6/: 404 Client Error: Not Found for url: https://www.refurbed.de/p/acer-aspire-es1-n3700-15-6/
2025-09-28 01:51:27,170 - INFO - Scraping 80/6851: https://www.refurbed.de/p/acer-aspire-f15-f5-573g-7200u-15/
2025-09-28 01:51:27,546 - ERROR - Error fetching https://www.refurbed.de/p/acer-aspire-f15-f5-573g-7200u-15/: 404 Client Error: Not Found for url: https://www.refurbed.de/p/acer-aspire-f15-f5-573g-7200u-15/
2025-09-28 01:51:28,548 - INFO - Scraping 81/6851: https://www.refurbed.de/p/acer-aspire-tc-886/
2025-09-28 01:51:28,898 - ERROR - Error fetching https://www.refurbed.de/p/acer-aspire-tc-886/: 404 Client Error: Not Found for url: https://www.refurbed.de/p/acer-aspire-tc-886/
2025-09-28 01:51:29,900 - INFO - Scraping 82/6851: https://www.refurbed.de/p/acer-aspire-tc-895/
2025-09-28 01:51:30,486 - ERROR - Error fetching https://www.refurbed.de/p/acer-aspire-tc-895/: 404 Client Error: Not Found for url: https://www.refurbed.de/p/acer-aspire-tc-895/
2025-09-28 01:51:31,487 - INFO - Scraping 83/6851: https://www.refurbed.de/p/acer-aspire-v15-nitro-13620h/
2025-09-28 01:51:33,270 - INFO - Scraping 84/6851: https://www.refurbed.de/p/acer-aspire-v15-nitro-6200u-15-6/
2025-09-28 01:51:33,699 - ERROR - Error fetching https://www.refurbed.de/p/acer-aspire-v15-nitro-6200u-15-6/: 404 Client Error: Not Found for url: https://www.refurbed.de/p/acer-aspire-v15-nitro-6200u-15-6/
2025-09-28 01:51:34,701 - INFO - Scraping 85/6851: https://www.refurbed.de/p/acer-aspire-v17-nitro-6700hq-17/
2025-09-28 01:51:35,081 - ERROR - Error fetching https://www.refurbed.de/p/acer-aspire-v17-nitro-6700hq-17/: 404 Client Error: Not Found for url: https://www.refurbed.de/p/acer-aspire-v17-nitro-6700hq-17/
2025-09-28 01:51:36,083 - INFO - Scraping 86/6851: https://www.refurbed.de/p/acer-aspire-v5-591g-6300hq-15-6/
2025-09-28 01:51:36,363 - ERROR - Error fetching https://www.refurbed.de/p/acer-aspire-v5-591g-6300hq-15-6/: 404 Client Error: Not Found for url: https://www.refurbed.de/p/acer-aspire-v5-591g-6300hq-15-6/
2025-09-28 01:51:37,365 - INFO - Scraping 87/6851: https://www.refurbed.de/p/acer-aspire-vero-av14-51-1235u/
2025-09-28 01:51:39,336 - INFO - Scraping 88/6851: https://www.refurbed.de/p/acer-aspire-vero-av14-52p-1335u/
2025-09-28 01:51:40,891 - INFO - Scraping 89/6851: https://www.refurbed.de/p/acer-aspire-vero-av15-51-1155g7/
2025-09-28 01:51:42,361 - INFO - Scraping 90/6851: https://www.refurbed.de/p/acer-aspire-vero-av15-51-1195g7/
2025-09-28 01:51:43,865 - INFO - Scraping 91/6851: https://www.refurbed.de/p/acer-aspire-vero-av15-52-1235u/
2025-09-28 01:51:45,542 - INFO - Scraping 92/6851: https://www.refurbed.de/p/acer-aspire-vero-av15-53p-1335u/
2025-09-28 01:51:47,178 - INFO - Scraping 93/6851: https://www.refurbed.de/p/acer-aspire-xc-605/
2025-09-28 01:51:47,531 - ERROR - Error fetching https://www.refurbed.de/p/acer-aspire-xc-605/: 404 Client Error: Not Found for url: https://www.refurbed.de/p/acer-aspire-xc-605/
2025-09-28 01:51:48,532 - INFO - Scraping 94/6851: https://www.refurbed.de/p/acer-b223w-22/
2025-09-28 01:51:50,191 - INFO - Scraping 95/6851: https://www.refurbed.de/p/acer-b223wl/
2025-09-28 01:51:51,748 - INFO - Scraping 96/6851: https://www.refurbed.de/p/acer-b243hl-24/
2025-09-28 01:51:53,343 - INFO - Scraping 97/6851: https://www.refurbed.de/p/acer-b246hl-24/
2025-09-28 01:51:54,989 - INFO - Scraping 98/6851: https://www.refurbed.de/p/acer-b246hyl-23-8/
2025-09-28 01:51:56,593 - INFO - Scraping 99/6851: https://www.refurbed.de/p/acer-b246wl-24/
2025-09-28 01:51:58,303 - INFO - Scraping 100/6851: https://www.refurbed.de/p/acer-b246wlymdprx-24/
2025-09-28 01:51:59,983 - INFO - Scraping 101/6851: https://www.refurbed.de/p/acer-b247wbmiprzx/
2025-09-28 01:52:01,595 - INFO - Scraping 102/6851: https://www.refurbed.de/p/acer-b247ybmiprzx/
2025-09-28 01:52:03,290 - INFO - Scraping 103/6851: https://www.refurbed.de/p/acer-b273h-27/
2025-09-28 01:52:04,776 - INFO - Scraping 104/6851: https://www.refurbed.de/p/acer-b276hl-27/
2025-09-28 01:52:06,390 - INFO - Scraping 105/6851: https://www.refurbed.de/p/acer-be24eqsk-23/
2025-09-28 01:52:07,945 - INFO - Scraping 106/6851: https://www.refurbed.de/p/acer-be270u/
2025-09-28 01:52:09,596 - INFO - Scraping 107/6851: https://www.refurbed.de/p/acer-business-b3-b243hlloymdr/
2025-09-28 01:52:11,310 - INFO - Scraping 108/6851: https://www.refurbed.de/p/acer-business-b6-b226wlwmdpr/
2025-09-28 01:52:12,789 - INFO - Scraping 109/6851: https://www.refurbed.de/p/acer-business-b6-b226wlymdr/
2025-09-28 01:52:14,212 - INFO - Scraping 110/6851: https://www.refurbed.de/p/acer-business-b6-b246hlymdr/
2025-09-28 01:52:15,849 - INFO - Scraping 111/6851: https://www.refurbed.de/p/acer-business-b6-b246hylbwmipr/
2025-09-28 01:52:17,360 - INFO - Scraping 112/6851: https://www.refurbed.de/p/acer-business-b6-b276hul-27/
2025-09-28 01:52:18,933 - INFO - Scraping 113/6851: https://www.refurbed.de/p/acer-business-vero-b7-b247yd/
2025-09-28 01:52:20,488 - INFO - Scraping 114/6851: https://www.refurbed.de/p/acer-business-vero-b7-b277u/
2025-09-28 01:52:22,099 - INFO - Scraping 115/6851: https://www.refurbed.de/p/acer-cb-14-cb3-431-n3060-14/
2025-09-28 01:52:23,968 - INFO - Scraping 116/6851: https://www.refurbed.de/p/acer-cb-14-cb3-431-n3160-14/
2025-09-28 01:52:25,603 - INFO - Scraping 117/6851: https://www.refurbed.de/p/acer-cb-15-n3160-15-6/
2025-09-28 01:52:27,033 - INFO - Scraping 118/6851: https://www.refurbed.de/p/acer-cb-514-cb514-1ht-n3350-14/
2025-09-28 01:52:28,667 - INFO - Scraping 119/6851: https://www.refurbed.de/p/acer-cb-514-cb514-1ht-n4200-14/
2025-09-28 01:52:30,373 - INFO - Scraping 120/6851: https://www.refurbed.de/p/acer-cb-514-cb514-1w-1115g4-14/
2025-09-28 01:52:32,021 - INFO - Scraping 121/6851: https://www.refurbed.de/p/acer-cb-514-cb514-1w-1135g7-14/
2025-09-28 01:52:33,480 - INFO - Scraping 122/6851: https://www.refurbed.de/p/acer-cb-514-cb514-2ht-mt8192-14/
2025-09-28 01:52:35,326 - INFO - Scraping 123/6851: https://www.refurbed.de/p/acer-cb-515-cb515-2ht-39n3-i3/
2025-09-28 01:52:36,843 - INFO - Scraping 124/6851: https://www.refurbed.de/p/acer-cb-516-ge-cbg516-1h-1240p/
2025-09-28 01:52:38,283 - INFO - Scraping 125/6851: https://www.refurbed.de/p/acer-cb-c738t-c27b-n3160-11-6/
2025-09-28 01:52:39,988 - INFO - Scraping 126/6851: https://www.refurbed.de/p/acer-cb-spin-13-i3-8130u/
2025-09-28 01:52:41,617 - INFO - Scraping 127/6851: https://www.refurbed.de/p/acer-cb-spin-13-i5-1135g7/
2025-09-28 01:52:43,215 - INFO - Scraping 128/6851: https://www.refurbed.de/p/acer-cb-spin-13-i5-8250u/
2025-09-28 01:52:44,820 - INFO - Scraping 129/6851: https://www.refurbed.de/p/acer-cb-spin-13-i5-8350u/
2025-09-28 01:52:46,348 - INFO - Scraping 130/6851: https://www.refurbed.de/p/acer-cb-spin-13-i7-8650u/
2025-09-28 01:52:47,997 - INFO - Scraping 131/6851: https://www.refurbed.de/p/acer-cb-spin-13-pent-gold-4415u/
2025-09-28 01:52:49,476 - INFO - Scraping 132/6851: https://www.refurbed.de/p/acer-cb-spin-311-cp311-3h-mt8183/
2025-09-28 01:52:51,093 - INFO - Scraping 133/6851: https://www.refurbed.de/p/acer-cb-spin-314-cp314-1hn-n4500/
2025-09-28 01:52:52,677 - INFO - Scraping 134/6851: https://www.refurbed.de/p/acer-cb-spin-314-cp314-1hn-n5100/
2025-09-28 01:52:54,288 - INFO - Scraping 135/6851: https://www.refurbed.de/p/acer-cb-spin-513-cp513-1h-7c/
2025-09-28 01:52:55,884 - INFO - Scraping 136/6851: https://www.refurbed.de/p/acer-cb-spin-513-cp513-1hl-s00a/
2025-09-28 01:52:57,534 - INFO - Scraping 137/6851: https://www.refurbed.de/p/acer-cb-spin-513-r841lt-7c-13/
2025-09-28 01:52:59,051 - INFO - Scraping 138/6851: https://www.refurbed.de/p/acer-cb-spin-514-3050c-14/
2025-09-28 01:53:00,743 - INFO - Scraping 139/6851: https://www.refurbed.de/p/acer-cb-spin-514-cp514-3hh-5625c/
2025-09-28 01:53:02,193 - INFO - Scraping 140/6851: https://www.refurbed.de/p/acer-cb-spin-514-ryzen-5-3500c/
2025-09-28 01:53:03,789 - INFO - Scraping 141/6851: https://www.refurbed.de/p/acer-cb1-cb241hybmdpr/
2025-09-28 01:53:05,353 - INFO - Scraping 142/6851: https://www.refurbed.de/p/acer-cb1-cb241hybmdprz/
2025-09-28 01:53:07,055 - INFO - Scraping 143/6851: https://www.refurbed.de/p/acer-cb241h-24/
2025-09-28 01:53:08,723 - INFO - Scraping 144/6851: https://www.refurbed.de/p/acer-cb241hy-28/
2025-09-28 01:53:10,541 - INFO - Scraping 145/6851: https://www.refurbed.de/p/acer-cb315-3h-c2af-n4020-15-6/
2025-09-28 01:53:12,222 - INFO - Scraping 146/6851: https://www.refurbed.de/p/acer-cb315-3ht-c47q-n4100/
2025-09-28 01:53:13,725 - INFO - Scraping 147/6851: https://www.refurbed.de/p/acer-cb315-3ht-c8ag-n4120-15-6/
2025-09-28 01:53:15,147 - INFO - Scraping 148/6851: https://www.refurbed.de/p/acer-cb315-3ht-n4000-15-6/
2025-09-28 01:53:16,640 - INFO - Scraping 149/6851: https://www.refurbed.de/p/acer-cb315-3ht-n4120-15-6/
2025-09-28 01:53:18,294 - INFO - Scraping 150/6851: https://www.refurbed.de/p/acer-cb315-3ht-p297-n5000-15-6/
2025-09-28 01:53:19,956 - INFO - Scraping 151/6851: https://www.refurbed.de/p/acer-cb317-1h-n5100-17-3/
2025-09-28 01:53:21,406 - INFO - Scraping 152/6851: https://www.refurbed.de/p/acer-cb317-1h-n6000-17-3/
2025-09-28 01:53:22,849 - INFO - Scraping 153/6851: https://www.refurbed.de/p/acer-cb317-1ht-n6000-17-3/
2025-09-28 01:53:24,389 - INFO - Scraping 154/6851: https://www.refurbed.de/p/acer-chrome-combo-set-aak970/
2025-09-28 01:53:25,879 - INFO - Scraping 155/6851: https://www.refurbed.de/p/acer-chromebase-ca24i2-23-8/
2025-09-28 01:53:27,533 - INFO - Scraping 156/6851: https://www.refurbed.de/p/acer-chromebook-11-c732lt-n3450/
2025-09-28 01:53:29,196 - INFO - Scraping 157/6851: https://www.refurbed.de/p/acer-chromebook-11-n7-c731-n3060/
2025-09-28 01:53:30,897 - INFO - Scraping 158/6851: https://www.refurbed.de/p/acer-chromebook-15-n4120/
2025-09-28 01:53:32,733 - INFO - Scraping 159/6851: https://www.refurbed.de/p/acer-chromebook-15-n5030/
2025-09-28 01:53:34,215 - INFO - Scraping 160/6851: https://www.refurbed.de/p/acer-chromebook-314-n4020/
2025-09-28 01:53:35,648 - INFO - Scraping 161/6851: https://www.refurbed.de/p/acer-chromebook-314-n4100-14/
2025-09-28 01:53:37,192 - INFO - Scraping 162/6851: https://www.refurbed.de/p/acer-chromebook-314-n4120/
2025-09-28 01:53:38,788 - INFO - Scraping 163/6851: https://www.refurbed.de/p/acer-chromebook-314-n5030/
2025-09-28 01:53:40,397 - INFO - Scraping 164/6851: https://www.refurbed.de/p/acer-chromebook-314-n6000-14/
2025-09-28 01:53:41,854 - INFO - Scraping 165/6851: https://www.refurbed.de/p/acer-chromebook-315-n5030/
2025-09-28 01:53:43,462 - INFO - Scraping 166/6851: https://www.refurbed.de/p/acer-chromebook-511-n4120-11-6/
2025-09-28 01:53:45,097 - INFO - Scraping 167/6851: https://www.refurbed.de/p/acer-chromebook-514-1115g4/
2025-09-28 01:53:46,578 - INFO - Scraping 168/6851: https://www.refurbed.de/p/acer-chromebook-514-n4200/
2025-09-28 01:53:48,180 - INFO - Scraping 169/6851: https://www.refurbed.de/p/acer-chromebook-514-pentium7505/
2025-09-28 01:53:49,740 - INFO - Scraping 170/6851: https://www.refurbed.de/p/acer-chromebook-515-1115g4-15-6/
2025-09-28 01:53:51,197 - INFO - Scraping 171/6851: https://www.refurbed.de/p/acer-chromebook-515-i5-1135g7-15/
2025-09-28 01:53:52,719 - INFO - Scraping 172/6851: https://www.refurbed.de/p/acer-chromebook-713-i3-10110u-13/
2025-09-28 01:53:54,525 - INFO - Scraping 173/6851: https://www.refurbed.de/p/acer-chromebook-713-i3-1115g4/
2025-09-28 01:53:56,023 - INFO - Scraping 174/6851: https://www.refurbed.de/p/acer-chromebook-713-i5-10210u-13/
2025-09-28 01:53:57,481 - INFO - Scraping 175/6851: https://www.refurbed.de/p/acer-chromebook-713-i5-1135g7/
2025-09-28 01:53:58,973 - INFO - Scraping 176/6851: https://www.refurbed.de/p/acer-chromebook-713-i5-8250u/
2025-09-28 01:54:00,485 - INFO - Scraping 177/6851: https://www.refurbed.de/p/acer-chromebook-713-i7-10510u/
2025-09-28 01:54:01,934 - INFO - Scraping 178/6851: https://www.refurbed.de/p/acer-chromebook-713-i7-1165g7/
2025-09-28 01:54:03,347 - INFO - Scraping 179/6851: https://www.refurbed.de/p/acer-chromebook-714-4417u/
2025-09-28 01:54:05,025 - INFO - Scraping 180/6851: https://www.refurbed.de/p/acer-chromebook-714-i3-8130u/
2025-09-28 01:54:06,565 - INFO - Scraping 181/6851: https://www.refurbed.de/p/acer-chromebook-714-i5-1235u/
2025-09-28 01:54:08,025 - INFO - Scraping 182/6851: https://www.refurbed.de/p/acer-chromebook-714-i5-1335u/
2025-09-28 01:54:09,476 - INFO - Scraping 183/6851: https://www.refurbed.de/p/acer-chromebook-714-i5-8250u/
2025-09-28 01:54:10,974 - INFO - Scraping 184/6851: https://www.refurbed.de/p/acer-chromebook-715-8250u/
2025-09-28 01:54:12,632 - INFO - Scraping 185/6851: https://www.refurbed.de/p/acer-chromebook-715-i3-8130u/
2025-09-28 01:54:14,191 - INFO - Scraping 186/6851: https://www.refurbed.de/p/acer-chromebook-715-i5-8350u/
2025-09-28 01:54:15,612 - INFO - Scraping 187/6851: https://www.refurbed.de/p/acer-chromebook-c720-2955u/
2025-09-28 01:54:15,949 - ERROR - Error fetching https://www.refurbed.de/p/acer-chromebook-c720-2955u/: 404 Client Error: Not Found for url: https://www.refurbed.de/p/acer-chromebook-c720-2955u/
2025-09-28 01:54:16,950 - INFO - Scraping 188/6851: https://www.refurbed.de/p/acer-chromebook-cb514-1wt-57ym/
2025-09-28 01:54:18,503 - INFO - Scraping 189/6851: https://www.refurbed.de/p/acer-chromebook-cb514-n4200/
2025-09-28 01:54:20,042 - INFO - Scraping 190/6851: https://www.refurbed.de/p/acer-chromebook-plus-514-i3-n305/
2025-09-28 01:54:21,555 - INFO - Scraping 191/6851: https://www.refurbed.de/p/acer-chromebook-r13-mt8173c/
2025-09-28 01:54:23,150 - INFO - Scraping 192/6851: https://www.refurbed.de/p/acer-chromebook-spin-11-n3350/
2025-09-28 01:54:24,634 - INFO - Scraping 193/6851: https://www.refurbed.de/p/acer-chromebook-spin-11-n3450/
2025-09-28 01:54:26,163 - INFO - Scraping 194/6851: https://www.refurbed.de/p/acer-chromebook-spin-15-n4200/
2025-09-28 01:54:27,572 - INFO - Scraping 195/6851: https://www.refurbed.de/p/acer-chromebook-spin-714-1260p/
2025-09-28 01:54:29,077 - INFO - Scraping 196/6851: https://www.refurbed.de/p/acer-chromebook-vero-514-1215u/
2025-09-28 01:54:30,622 - INFO - Scraping 197/6851: https://www.refurbed.de/p/acer-chromebook-vero-514-1235u/
2025-09-28 01:54:32,224 - INFO - Scraping 198/6851: https://www.refurbed.de/p/acer-chromebook-vero-514-1255u/
2025-09-28 01:54:33,748 - INFO - Scraping 199/6851: https://www.refurbed.de/p/acer-chromebox-cxi3/
2025-09-28 01:54:35,354 - INFO - Scraping 200/6851: https://www.refurbed.de/p/acer-chromebox-cxi4/
2025-09-28 01:54:36,950 - INFO - Scraping 201/6851: https://www.refurbed.de/p/acer-combo-100-gp-acc11/
2025-09-28 01:54:38,542 - INFO - Scraping 202/6851: https://www.refurbed.de/p/acer-concept-3-pro-10750h/
2025-09-28 01:54:40,038 - INFO - Scraping 203/6851: https://www.refurbed.de/p/acer-conceptd-3-cc314-73g-11800h/
2025-09-28 01:54:41,547 - INFO - Scraping 204/6851: https://www.refurbed.de/p/acer-conceptd-3-pro-cn314-73p/
2025-09-28 01:54:43,057 - INFO - Scraping 205/6851: https://www.refurbed.de/p/acer-conceptd-3-pro-cn315-10750h/
2025-09-28 01:54:44,672 - INFO - Scraping 206/6851: https://www.refurbed.de/p/acer-conceptd-3-pro-cn316-73p-i7/
2025-09-28 01:54:46,165 - INFO - Scraping 207/6851: https://www.refurbed.de/p/acer-conceptd-5-pro-cn516-72p-i7/
2025-09-28 01:54:47,656 - INFO - Scraping 208/6851: https://www.refurbed.de/p/acer-conceptd-7-cn715-71-9750h/
2025-09-28 01:54:49,178 - INFO - Scraping 209/6851: https://www.refurbed.de/p/acer-conceptd-combo-set/
2025-09-28 01:54:50,784 - INFO - Scraping 210/6851: https://www.refurbed.de/p/acer-conceptd-ezel-7-xeon-w10885/
2025-09-28 01:54:52,448 - INFO - Scraping 211/6851: https://www.refurbed.de/p/acer-conceptd-ezel-pro-10875h/
2025-09-28 01:54:54,070 - INFO - Scraping 212/6851: https://www.refurbed.de/p/acer-conceptd-ezel-pro-w-10885m/
2025-09-28 01:54:55,593 - INFO - Scraping 213/6851: https://www.refurbed.de/p/acer-connect-m5-5g/
2025-09-28 01:54:57,270 - INFO - Scraping 214/6851: https://www.refurbed.de/p/acer-ed0-ed270upbiipx/
2025-09-28 01:54:58,711 - INFO - Scraping 215/6851: https://www.refurbed.de/p/acer-ed6-ed246ybix/
2025-09-28 01:55:00,097 - INFO - Scraping 216/6851: https://www.refurbed.de/p/acer-enduro-connect-m3-5g/
2025-09-28 01:55:01,847 - INFO - Scraping 217/6851: https://www.refurbed.de/p/acer-extensa-15-ex215-51-10210u/
2025-09-28 01:55:03,500 - INFO - Scraping 218/6851: https://www.refurbed.de/p/acer-extensa-15-ex215-54-1135g7/
2025-09-28 01:55:04,946 - INFO - Scraping 219/6851: https://www.refurbed.de/p/acer-gen1-usb-type-c-dock/
2025-09-28 01:55:06,477 - INFO - Scraping 220/6851: https://www.refurbed.de/p/acer-h6518sti/
2025-09-28 01:55:07,982 - INFO - Scraping 221/6851: https://www.refurbed.de/p/acer-h6800bda/
2025-09-28 01:55:09,772 - INFO - Scraping 222/6851: https://www.refurbed.de/p/acer-halo-smart/
2025-09-28 01:55:11,260 - INFO - Scraping 223/6851: https://www.refurbed.de/p/acer-iconia-b1-711/
2025-09-28 01:55:12,695 - INFO - Scraping 224/6851: https://www.refurbed.de/p/acer-iconia-one-10/
2025-09-28 01:55:14,445 - INFO - Scraping 225/6851: https://www.refurbed.de/p/acer-iconia-tab-p10/
2025-09-28 01:55:15,822 - INFO - Scraping 226/6851: https://www.refurbed.de/p/acer-ka0-ka270habid/
2025-09-28 01:55:17,315 - INFO - Scraping 227/6851: https://www.refurbed.de/p/acer-ka1-ka221qbid-21-5/
2025-09-28 01:55:18,754 - INFO - Scraping 228/6851: https://www.refurbed.de/p/acer-ka2-ka242yebi-23-8/
2025-09-28 01:55:20,296 - INFO - Scraping 229/6851: https://www.refurbed.de/p/acer-ka2-ka272bi-27/
2025-09-28 01:55:21,737 - INFO - Scraping 230/6851: https://www.refurbed.de/p/acer-ka220hqbid-21-5/
2025-09-28 01:55:23,465 - INFO - Scraping 231/6851: https://www.refurbed.de/p/acer-kg1-kg241ysbiip-23-8/
2025-09-28 01:55:25,190 - INFO - Scraping 232/6851: https://www.refurbed.de/p/acer-liquid-z4/
2025-09-28 01:55:27,102 - INFO - Scraping 233/6851: https://www.refurbed.de/p/acer-liquid-z410/
2025-09-28 01:55:28,563 - INFO - Scraping 234/6851: https://www.refurbed.de/p/acer-nitro-16-r-9-8945hs-16/
2025-09-28 01:55:30,166 - INFO - Scraping 235/6851: https://www.refurbed.de/p/acer-nitro-17-an17-51-i7-13700h/
2025-09-28 01:55:31,673 - INFO - Scraping 236/6851: https://www.refurbed.de/p/acer-nitro-5-an515-44-r7-4800h/
2025-09-28 01:55:33,112 - INFO - Scraping 237/6851: https://www.refurbed.de/p/acer-nitro-5-an515-45-r5-5600h/
2025-09-28 01:55:34,560 - INFO - Scraping 238/6851: https://www.refurbed.de/p/acer-nitro-5-an515-45-r7-5800hx/
2025-09-28 01:55:36,152 - INFO - Scraping 239/6851: https://www.refurbed.de/p/acer-nitro-5-an515-45-r9-5900hx/
2025-09-28 01:55:37,530 - INFO - Scraping 240/6851: https://www.refurbed.de/p/acer-nitro-5-an515-46-r7-6800h/
2025-09-28 01:55:39,102 - INFO - Scraping 241/6851: https://www.refurbed.de/p/acer-nitro-5-an515-46-r9-6900hx/
2025-09-28 01:55:40,674 - INFO - Scraping 242/6851: https://www.refurbed.de/p/acer-nitro-5-an515-54-9300h-15/
2025-09-28 01:55:42,195 - INFO - Scraping 243/6851: https://www.refurbed.de/p/acer-nitro-5-an515-54-9750h-15/
2025-09-28 01:55:43,670 - INFO - Scraping 244/6851: https://www.refurbed.de/p/acer-nitro-5-an515-57-i7-11800h/
2025-09-28 01:55:45,382 - INFO - Scraping 245/6851: https://www.refurbed.de/p/acer-nitro-5-an515-58-70s9-i7/
2025-09-28 01:55:47,088 - INFO - Scraping 246/6851: https://www.refurbed.de/p/acer-nitro-5-an515-58-i7-12700h/
2025-09-28 01:55:48,630 - INFO - Scraping 247/6851: https://www.refurbed.de/p/acer-nitro-5-an517-41-r5-5600h/
2025-09-28 01:55:50,305 - INFO - Scraping 248/6851: https://www.refurbed.de/p/acer-nitro-5-an517-41-r7-5800h/
2025-09-28 01:55:51,887 - INFO - Scraping 249/6851: https://www.refurbed.de/p/acer-nitro-5-an517-41-r80q-15-6/
2025-09-28 01:55:53,411 - INFO - Scraping 250/6851: https://www.refurbed.de/p/acer-nitro-5-an517-41-r9-5900hx/
2025-09-28 01:55:54,942 - INFO - Scraping 251/6851: https://www.refurbed.de/p/acer-nitro-5-an517-42-r7-6800h/
2025-09-28 01:55:56,630 - INFO - Scraping 252/6851: https://www.refurbed.de/p/acer-nitro-5-an517-42-r9-6900hx/
2025-09-28 01:55:58,319 - INFO - Scraping 253/6851: https://www.refurbed.de/p/acer-nitro-5-an517-52-10300h/
2025-09-28 01:56:00,162 - INFO - Scraping 254/6851: https://www.refurbed.de/p/acer-nitro-5-an517-52-78c3-10750/
2025-09-28 01:56:01,610 - INFO - Scraping 255/6851: https://www.refurbed.de/p/acer-nitro-5-an517-55-728m-i7/
2025-09-28 01:56:03,209 - INFO - Scraping 256/6851: https://www.refurbed.de/p/acer-nitro-5-an517-55-72u5-i7/
2025-09-28 01:56:04,829 - INFO - Scraping 257/6851: https://www.refurbed.de/p/acer-nitro-5-an517-55-72u5/
2025-09-28 01:56:06,253 - INFO - Scraping 258/6851: https://www.refurbed.de/p/acer-nitro-5-an517-55-7656/
2025-09-28 01:56:07,809 - INFO - Scraping 259/6851: https://www.refurbed.de/p/acer-nitro-5-an517-55-78-12700h/
2025-09-28 01:56:09,516 - INFO - Scraping 260/6851: https://www.refurbed.de/p/acer-nitro-5-i5-10300h/
2025-09-28 01:56:11,204 - INFO - Scraping 261/6851: https://www.refurbed.de/p/acer-nitro-5-n517-54-11400h-17-3/
2025-09-28 01:56:12,646 - INFO - Scraping 262/6851: https://www.refurbed.de/p/acer-nitro-5-n517-54-11800h-17-3/
2025-09-28 01:56:14,138 - INFO - Scraping 263/6851: https://www.refurbed.de/p/acer-nitro-5-n517-54-70dk-11800h/
2025-09-28 01:56:15,649 - INFO - Scraping 264/6851: https://www.refurbed.de/p/acer-nitro-5-n517-54-79f6-11800h/
2025-09-28 01:56:17,067 - INFO - Scraping 265/6851: https://www.refurbed.de/p/acer-nitro-headset/
2025-09-28 01:56:18,559 - INFO - Scraping 266/6851: https://www.refurbed.de/p/acer-nitro-qg1-qg241ybii-23-8/
2025-09-28 01:56:20,020 - INFO - Scraping 267/6851: https://www.refurbed.de/p/acer-nitro-radeon-rx-7800xtoc16g/
2025-09-28 01:56:21,582 - INFO - Scraping 268/6851: https://www.refurbed.de/p/acer-nitro-tkl-gaming/
2025-09-28 01:56:23,186 - INFO - Scraping 269/6851: https://www.refurbed.de/p/acer-nitro-v15-anv-13900h15-51/
2025-09-28 01:56:24,697 - INFO - Scraping 270/6851: https://www.refurbed.de/p/acer-nitro-vg0-vg270upbmiipx/
2025-09-28 01:56:26,257 - INFO - Scraping 271/6851: https://www.refurbed.de/p/acer-nitro-xv2-xv242ypbmiipr/
2025-09-28 01:56:27,789 - INFO - Scraping 272/6851: https://www.refurbed.de/p/acer-nitro-xv2-xv252qfbmiiprx/
2025-09-28 01:56:29,260 - INFO - Scraping 273/6851: https://www.refurbed.de/p/acer-notebook-stand-5-in-1-dock/
2025-09-28 01:56:30,820 - INFO - Scraping 274/6851: https://www.refurbed.de/p/acer-ov-t690-headset/
2025-09-28 01:56:32,598 - INFO - Scraping 275/6851: https://www.refurbed.de/p/acer-p-h-neo-16-phn16-71-13700hx/
2025-09-28 01:56:34,158 - INFO - Scraping 276/6851: https://www.refurbed.de/p/acer-pd123p/
2025-09-28 01:56:35,629 - INFO - Scraping 277/6851: https://www.refurbed.de/p/acer-pre-tr-500-pt516-51s-11800h/
2025-09-28 01:56:37,162 - INFO - Scraping 278/6851: https://www.refurbed.de/p/acer-pre-tr-500-pt516-51s-11900h/
2025-09-28 01:56:38,765 - INFO - Scraping 279/6851: https://www.refurbed.de/p/acer-pre-tr-500-pt516-52s-12700h/
2025-09-28 01:56:40,308 - INFO - Scraping 280/6851: https://www.refurbed.de/p/acer-pre-tr-500-pt516-52s-12900h/
2025-09-28 01:56:41,846 - INFO - Scraping 281/6851: https://www.refurbed.de/p/acer-pre-tri-17x-ptx1771-13900hx/
2025-09-28 01:56:43,402 - INFO - Scraping 282/6851: https://www.refurbed.de/p/acer-pre-tri-500-pt515-52-10750h/
2025-09-28 01:56:44,875 - INFO - Scraping 283/6851: https://www.refurbed.de/p/acer-pred-helio-300-ph315-10750h/
2025-09-28 01:56:46,319 - INFO - Scraping 284/6851: https://www.refurbed.de/p/acer-pred-helio-300-ph315-11800h/
2025-09-28 01:56:47,856 - INFO - Scraping 285/6851: https://www.refurbed.de/p/acer-pred-helio-300-ph315-12700h/
2025-09-28 01:56:49,382 - INFO - Scraping 286/6851: https://www.refurbed.de/p/acer-pred-helios-16-ph16-71-i7/
2025-09-28 01:56:50,837 - INFO - Scraping 287/6851: https://www.refurbed.de/p/acer-pred-helios-16-ph16-71-i9/
2025-09-28 01:56:52,297 - INFO - Scraping 288/6851: https://www.refurbed.de/p/acer-pred-helios-18-ph18-71-i7/
2025-09-28 01:56:53,855 - INFO - Scraping 289/6851: https://www.refurbed.de/p/acer-pred-helios-18-ph18-71-i9/
2025-09-28 01:56:55,330 - INFO - Scraping 290/6851: https://www.refurbed.de/p/acer-pred-helios-300-p-12700h/
2025-09-28 01:56:57,053 - INFO - Scraping 291/6851: https://www.refurbed.de/p/acer-pred-helios-300-ph317-11800/
2025-09-28 01:56:58,604 - INFO - Scraping 292/6851: https://www.refurbed.de/p/acer-pred-helios-300-ph317-9750h/
2025-09-28 01:57:00,042 - INFO - Scraping 293/6851: https://www.refurbed.de/p/acer-predator-aethon-300/
2025-09-28 01:57:01,532 - INFO - Scraping 294/6851: https://www.refurbed.de/p/acer-predator-aethon-500/
2025-09-28 01:57:03,056 - INFO - Scraping 295/6851: https://www.refurbed.de/p/acer-predator-cestus-350/
2025-09-28 01:57:04,495 - INFO - Scraping 296/6851: https://www.refurbed.de/p/acer-predator-connect-w6-axe7800/
2025-09-28 01:57:06,349 - INFO - Scraping 297/6851: https://www.refurbed.de/p/acer-predator-connect-x5-5g-cpe/
2025-09-28 01:57:08,217 - INFO - Scraping 298/6851: https://www.refurbed.de/p/acer-predator-g3-710/
2025-09-28 01:57:09,731 - INFO - Scraping 299/6851: https://www.refurbed.de/p/acer-predator-galea-311/
2025-09-28 01:57:11,327 - INFO - Scraping 300/6851: https://www.refurbed.de/p/acer-predator-helios-300-10870h/
2025-09-28 01:57:12,802 - INFO - Scraping 301/6851: https://www.refurbed.de/p/acer-predator-helios-300-7-8750h/
2025-09-28 01:57:14,401 - INFO - Scraping 302/6851: https://www.refurbed.de/p/acer-predator-helios-300-9300h/
2025-09-28 01:57:15,890 - INFO - Scraping 303/6851: https://www.refurbed.de/p/acer-predator-helios-500-11980hk/
2025-09-28 01:57:17,467 - INFO - Scraping 304/6851: https://www.refurbed.de/p/acer-predator-helios-500-8750h/
2025-09-28 01:57:18,934 - INFO - Scraping 305/6851: https://www.refurbed.de/p/acer-predator-orion-3000-po3-630/
2025-09-28 01:57:19,352 - ERROR - Error fetching https://www.refurbed.de/p/acer-predator-orion-3000-po3-630/: 404 Client Error: Not Found for url: https://www.refurbed.de/p/acer-predator-orion-3000-po3-630/
2025-09-28 01:57:20,355 - INFO - Scraping 306/6851: https://www.refurbed.de/p/acer-predator-orion-3000-po3-640/
2025-09-28 01:57:21,811 - INFO - Scraping 307/6851: https://www.refurbed.de/p/acer-predator-orion-5000-po5-640/
2025-09-28 01:57:23,482 - INFO - Scraping 308/6851: https://www.refurbed.de/p/acer-predator-x27-um-hx0ee-009/
2025-09-28 01:57:25,185 - INFO - Scraping 309/6851: https://www.refurbed.de/p/acer-predator-x28/
2025-09-28 01:57:26,752 - INFO - Scraping 310/6851: https://www.refurbed.de/p/acer-predator-xb3-xb253qg/
2025-09-28 01:57:28,618 - INFO - Scraping 311/6851: https://www.refurbed.de/p/acer-predator-xb3-xb273ukf/
2025-09-28 01:57:30,218 - INFO - Scraping 312/6851: https://www.refurbed.de/p/acer-spin-1-n5100/
2025-09-28 01:57:31,917 - INFO - Scraping 313/6851: https://www.refurbed.de/p/acer-spin-1-sp111-n5030-11-6/
2025-09-28 01:57:33,860 - INFO - Scraping 314/6851: https://www.refurbed.de/p/acer-spin-1-sp114-31n-n6000-14/
2025-09-28 01:57:35,526 - INFO - Scraping 315/6851: https://www.refurbed.de/p/acer-spin-3-sp313-51n-1135g7-13/
2025-09-28 01:57:37,061 - INFO - Scraping 316/6851: https://www.refurbed.de/p/acer-spin-3-sp313-51n-165g7-13-3/
2025-09-28 01:57:38,727 - INFO - Scraping 317/6851: https://www.refurbed.de/p/acer-spin-3-sp314-21-3250u/
2025-09-28 01:57:40,478 - INFO - Scraping 318/6851: https://www.refurbed.de/p/acer-spin-3-sp314-54n-1005g1-14/
2025-09-28 01:57:41,943 - INFO - Scraping 319/6851: https://www.refurbed.de/p/acer-spin-3-sp314-54n-1035g1-14/
2025-09-28 01:57:43,387 - INFO - Scraping 320/6851: https://www.refurbed.de/p/acer-spin-3-sp314-54n-1035g4-14/
2025-09-28 01:57:44,874 - INFO - Scraping 321/6851: https://www.refurbed.de/p/acer-spin-3-sp314-54n-1035g7-14/
2025-09-28 01:57:45,250 - ERROR - Error fetching https://www.refurbed.de/p/acer-spin-3-sp314-54n-1035g7-14/: 404 Client Error: Not Found for url: https://www.refurbed.de/p/acer-spin-3-sp314-54n-1035g7-14/
2025-09-28 01:57:46,252 - INFO - Scraping 322/6851: https://www.refurbed.de/p/acer-spin-5-sp513-52n-8250u-13-3/
2025-09-28 01:57:47,802 - INFO - Scraping 323/6851: https://www.refurbed.de/p/acer-spin-5-sp513-53n-8265u-13-3/
2025-09-28 01:57:49,290 - INFO - Scraping 324/6851: https://www.refurbed.de/p/acer-spin-5-sp513-54n-i7-1065g7/
2025-09-28 01:57:50,832 - INFO - Scraping 325/6851: https://www.refurbed.de/p/acer-spin-5-sp513-55n-i5-1135g7/
2025-09-28 01:57:52,306 - INFO - Scraping 326/6851: https://www.refurbed.de/p/acer-spin-5-sp513-55n-i7-1165g7/
2025-09-28 01:57:53,746 - INFO - Scraping 327/6851: https://www.refurbed.de/p/acer-spin-5-sp514-51n-1260p-14/
2025-09-28 01:57:55,195 - INFO - Scraping 328/6851: https://www.refurbed.de/p/acer-spin-7-5g-sp714-64na-8cx/
2025-09-28 01:57:56,682 - INFO - Scraping 329/6851: https://www.refurbed.de/p/acer-swift-1-sf114-33-p4rv-n5030/
2025-09-28 01:57:58,200 - INFO - Scraping 330/6851: https://www.refurbed.de/p/acer-swift-1-sf114-33-p5j8-n5030/
2025-09-28 01:57:59,907 - INFO - Scraping 331/6851: https://www.refurbed.de/p/acer-swift-1-sf114-33-p8z8-n5030/
2025-09-28 01:58:01,434 - INFO - Scraping 332/6851: https://www.refurbed.de/p/acer-swift-1-sf114-34-n4500-14/
2025-09-28 01:58:03,014 - INFO - Scraping 333/6851: https://www.refurbed.de/p/acer-swift-1-sf114-34-n5000-14/
2025-09-28 01:58:04,575 - INFO - Scraping 334/6851: https://www.refurbed.de/p/acer-swift-1-sf114-34-n6000-14/
2025-09-28 01:58:06,348 - INFO - Scraping 335/6851: https://www.refurbed.de/p/acer-swift-14-sf14-71t-13700h-14/
2025-09-28 01:58:07,915 - INFO - Scraping 336/6851: https://www.refurbed.de/p/acer-swift-3-sf313-52-1065g7/
2025-09-28 01:58:09,513 - INFO - Scraping 337/6851: https://www.refurbed.de/p/acer-swift-3-sf313-53-1135g7/
2025-09-28 01:58:11,020 - INFO - Scraping 338/6851: https://www.refurbed.de/p/acer-swift-3-sf313-53-1165g7/
2025-09-28 01:58:12,543 - INFO - Scraping 339/6851: https://www.refurbed.de/p/acer-swift-3-sf314-42-3-4300u-14/
2025-09-28 01:58:12,847 - ERROR - Error fetching https://www.refurbed.de/p/acer-swift-3-sf314-42-3-4300u-14/: 404 Client Error: Not Found for url: https://www.refurbed.de/p/acer-swift-3-sf314-42-3-4300u-14/
2025-09-28 01:58:13,849 - INFO - Scraping 340/6851: https://www.refurbed.de/p/acer-swift-3-sf314-42-5-4500u-14/
2025-09-28 01:58:15,630 - INFO - Scraping 341/6851: https://www.refurbed.de/p/acer-swift-3-sf314-42-7-4700u-14/
2025-09-28 01:58:17,117 - INFO - Scraping 342/6851: https://www.refurbed.de/p/acer-swift-3-sf314-43-3-5300u-14/
2025-09-28 01:58:18,627 - INFO - Scraping 343/6851: https://www.refurbed.de/p/acer-swift-3-sf314-43-5-500u-14/
2025-09-28 01:58:20,245 - INFO - Scraping 344/6851: https://www.refurbed.de/p/acer-swift-3-sf314-51-1135g7-14/
2025-09-28 01:58:22,150 - INFO - Scraping 345/6851: https://www.refurbed.de/p/acer-swift-3-sf314-51-1165g7-14/
2025-09-28 01:58:23,867 - INFO - Scraping 346/6851: https://www.refurbed.de/p/acer-swift-3-sf314-51-i3-1115g4/
2025-09-28 01:58:25,304 - INFO - Scraping 347/6851: https://www.refurbed.de/p/acer-swift-3-sf314-511-1115g4-14/
2025-09-28 01:58:26,786 - INFO - Scraping 348/6851: https://www.refurbed.de/p/acer-swift-3-sf314-511-1165g7-14/
2025-09-28 01:58:28,271 - INFO - Scraping 349/6851: https://www.refurbed.de/p/acer-swift-3-sf314-511-51vq-14/
2025-09-28 01:58:29,939 - INFO - Scraping 350/6851: https://www.refurbed.de/p/acer-swift-3-sf314-511-i5-1135g7/
2025-09-28 01:58:31,374 - INFO - Scraping 351/6851: https://www.refurbed.de/p/acer-swift-3-sf314-512-1240p-14/
2025-09-28 01:58:32,823 - INFO - Scraping 352/6851: https://www.refurbed.de/p/acer-swift-3-sf314-58g-i5-10210u/
2025-09-28 01:58:34,301 - INFO - Scraping 353/6851: https://www.refurbed.de/p/acer-swift-3-sf314-59-1135g7-14/
2025-09-28 01:58:35,732 - INFO - Scraping 354/6851: https://www.refurbed.de/p/acer-swift-3-sf314-71-i5-12450h/
2025-09-28 01:58:37,259 - INFO - Scraping 355/6851: https://www.refurbed.de/p/acer-swift-3-sf314-71-i5-12500h/
2025-09-28 01:58:38,780 - INFO - Scraping 356/6851: https://www.refurbed.de/p/acer-swift-3-sf314-71-i7-12700h/
2025-09-28 01:58:40,594 - INFO - Scraping 357/6851: https://www.refurbed.de/p/acer-swift-3-sf315-52-i5-8250u/
2025-09-28 01:58:42,020 - INFO - Scraping 358/6851: https://www.refurbed.de/p/acer-swift-3-sf316-51-11300h-16/
2025-09-28 01:58:43,557 - INFO - Scraping 359/6851: https://www.refurbed.de/p/acer-swift-3-sf316-51-11370h/
2025-09-28 01:58:45,050 - INFO - Scraping 360/6851: https://www.refurbed.de/p/acer-swift-3x-sf314-510g-1135g7/
2025-09-28 01:58:46,466 - INFO - Scraping 361/6851: https://www.refurbed.de/p/acer-swift-3x-sf314-510g-1165g7/
2025-09-28 01:58:48,028 - INFO - Scraping 362/6851: https://www.refurbed.de/p/acer-swift-5-sf514-54-1035g1-14/
2025-09-28 01:58:49,763 - INFO - Scraping 363/6851: https://www.refurbed.de/p/acer-swift-5-sf514-54gt-1065g7/
2025-09-28 01:58:51,315 - INFO - Scraping 364/6851: https://www.refurbed.de/p/acer-swift-5-sf514-55-1135g7/
2025-09-28 01:58:52,756 - INFO - Scraping 365/6851: https://www.refurbed.de/p/acer-swift-5-sf514-55-1165g7/
2025-09-28 01:58:54,452 - INFO - Scraping 366/6851: https://www.refurbed.de/p/acer-swift-5-sf514-56t-7173-i7/
2025-09-28 01:58:56,048 - INFO - Scraping 367/6851: https://www.refurbed.de/p/acer-swift-edge-sfa16-41-5600u/
2025-09-28 01:58:57,593 - INFO - Scraping 368/6851: https://www.refurbed.de/p/acer-swift-edge-sfa16-41-6600u/
2025-09-28 01:58:59,053 - INFO - Scraping 369/6851: https://www.refurbed.de/p/acer-swift-edge-sfa16-41-6850u/
2025-09-28 01:59:00,635 - INFO - Scraping 370/6851: https://www.refurbed.de/p/acer-swift-edge-sfa16-41-7-6800u/
2025-09-28 01:59:02,169 - INFO - Scraping 371/6851: https://www.refurbed.de/p/acer-swift-edge-sfe16-42-7-7735u/
2025-09-28 01:59:03,952 - INFO - Scraping 372/6851: https://www.refurbed.de/p/acer-swift-edge-sfe16-43-7-7840u/
2025-09-28 01:59:05,512 - INFO - Scraping 373/6851: https://www.refurbed.de/p/acer-swift-go-i7-13700h-14/
2025-09-28 01:59:07,229 - INFO - Scraping 374/6851: https://www.refurbed.de/p/acer-swift-go-sfg14-71-13500h-14/
2025-09-28 01:59:08,788 - INFO - Scraping 375/6851: https://www.refurbed.de/p/acer-swift-go-sfg16-71-13500h/
2025-09-28 01:59:10,399 - INFO - Scraping 376/6851: https://www.refurbed.de/p/acer-swift-go-sfg16-71-13700h/
2025-09-28 01:59:12,085 - INFO - Scraping 377/6851: https://www.refurbed.de/p/acer-swift-go-sfg16-71-i5-1335u/
2025-09-28 01:59:13,743 - INFO - Scraping 378/6851: https://www.refurbed.de/p/acer-swift-sf714-52t-76mr-8500y/
2025-09-28 01:59:15,293 - INFO - Scraping 379/6851: https://www.refurbed.de/p/acer-swift-sf714-52t-i7-8500y/
2025-09-28 01:59:16,789 - INFO - Scraping 380/6851: https://www.refurbed.de/p/acer-swift-x-sfx14-41g-5-5500u/
2025-09-28 01:59:18,457 - INFO - Scraping 381/6851: https://www.refurbed.de/p/acer-swift-x-sfx14-41g-5-5600u/
2025-09-28 01:59:19,899 - INFO - Scraping 382/6851: https://www.refurbed.de/p/acer-swift-x-sfx14-41g-7-5700u/
2025-09-28 01:59:21,502 - INFO - Scraping 383/6851: https://www.refurbed.de/p/acer-swift-x-sfx14-41g-7-5800u/
2025-09-28 01:59:23,064 - INFO - Scraping 384/6851: https://www.refurbed.de/p/acer-swift-x-sfx14-51g-i5-1240p/
2025-09-28 01:59:24,671 - INFO - Scraping 385/6851: https://www.refurbed.de/p/acer-swift-x-sfx14-71g-i5-13500h/
2025-09-28 01:59:26,116 - INFO - Scraping 386/6851: https://www.refurbed.de/p/acer-swift-x-sfx14-71g-i7-13700h/
2025-09-28 01:59:27,664 - INFO - Scraping 387/6851: https://www.refurbed.de/p/acer-swift-x-sfx16-52g-1260p-16/
2025-09-28 01:59:29,242 - INFO - Scraping 388/6851: https://www.refurbed.de/p/acer-swift-x-sfx16-61g-r7-7840hs/
2025-09-28 01:59:31,098 - INFO - Scraping 389/6851: https://www.refurbed.de/p/acer-swift-x-sfx16-61g-r9-7940hs/
2025-09-28 01:59:32,768 - INFO - Scraping 390/6851: https://www.refurbed.de/p/acer-swift-x-sfx16-i7-11390h/
2025-09-28 01:59:34,306 - INFO - Scraping 391/6851: https://www.refurbed.de/p/acer-switch-5-i3-7130u-12/
2025-09-28 01:59:34,671 - ERROR - Error fetching https://www.refurbed.de/p/acer-switch-5-i3-7130u-12/: 404 Client Error: Not Found for url: https://www.refurbed.de/p/acer-switch-5-i3-7130u-12/
2025-09-28 01:59:35,673 - INFO - Scraping 392/6851: https://www.refurbed.de/p/acer-switch-5-i5-7200u-12/
2025-09-28 01:59:35,966 - ERROR - Error fetching https://www.refurbed.de/p/acer-switch-5-i5-7200u-12/: 404 Client Error: Not Found for url: https://www.refurbed.de/p/acer-switch-5-i5-7200u-12/
2025-09-28 01:59:36,968 - INFO - Scraping 393/6851: https://www.refurbed.de/p/acer-switch-5-i7-7500u-12/
2025-09-28 01:59:37,386 - ERROR - Error fetching https://www.refurbed.de/p/acer-switch-5-i7-7500u-12/: 404 Client Error: Not Found for url: https://www.refurbed.de/p/acer-switch-5-i7-7500u-12/
2025-09-28 01:59:38,388 - INFO - Scraping 394/6851: https://www.refurbed.de/p/acer-switch-alpha-12-i3-6100u-12/
2025-09-28 01:59:38,751 - ERROR - Error fetching https://www.refurbed.de/p/acer-switch-alpha-12-i3-6100u-12/: 404 Client Error: Not Found for url: https://www.refurbed.de/p/acer-switch-alpha-12-i3-6100u-12/
2025-09-28 01:59:39,752 - INFO - Scraping 395/6851: https://www.refurbed.de/p/acer-t1-t231hbmidh/
2025-09-28 01:59:41,161 - INFO - Scraping 396/6851: https://www.refurbed.de/p/acer-tm-p2-tmp214-52-10110u-14/
2025-09-28 01:59:42,627 - INFO - Scraping 397/6851: https://www.refurbed.de/p/acer-tm-p2-tmp214-52-10210u-14/
2025-09-28 01:59:44,075 - INFO - Scraping 398/6851: https://www.refurbed.de/p/acer-tm-p2-tmp214-53-1115g4-14/
2025-09-28 01:59:45,670 - INFO - Scraping 399/6851: https://www.refurbed.de/p/acer-tm-p2-tmp214-53-1135g7-14/
2025-09-28 01:59:45,961 - ERROR - Error fetching https://www.refurbed.de/p/acer-tm-p2-tmp214-53-1135g7-14/: 404 Client Error: Not Found for url: https://www.refurbed.de/p/acer-tm-p2-tmp214-53-1135g7-14/
2025-09-28 01:59:46,963 - INFO - Scraping 400/6851: https://www.refurbed.de/p/acer-tm-p2-tmp215-53-1165g7/
2025-09-28 01:59:48,399 - INFO - Scraping 401/6851: https://www.refurbed.de/p/acer-tm-p2-tmx314-51-mg-514q/
2025-09-28 01:59:49,925 - INFO - Scraping 402/6851: https://www.refurbed.de/p/acer-tm-p4-spin-14-tmp414rn-53/
2025-09-28 01:59:51,627 - INFO - Scraping 403/6851: https://www.refurbed.de/p/acer-tm-p4-tmp414-51-1135g7-14/
2025-09-28 01:59:53,199 - INFO - Scraping 404/6851: https://www.refurbed.de/p/acer-tm-spin-p4-i7-1165g7/
2025-09-28 01:59:54,946 - INFO - Scraping 405/6851: https://www.refurbed.de/p/acer-tmp215-52-725d-10510u/
2025-09-28 01:59:56,403 - INFO - Scraping 406/6851: https://www.refurbed.de/p/acer-tmp215-53-78ar-i7-1165g7/
2025-09-28 01:59:57,914 - INFO - Scraping 407/6851: https://www.refurbed.de/p/acer-tmp215-53-i5-1135g7/
2025-09-28 01:59:59,403 - INFO - Scraping 408/6851: https://www.refurbed.de/p/acer-tmp215-54-i5-1235u/
2025-09-28 02:00:00,842 - INFO - Scraping 409/6851: https://www.refurbed.de/p/acer-tmp215-54-i7-1255u/
2025-09-28 02:00:02,357 - INFO - Scraping 410/6851: https://www.refurbed.de/p/acer-travel-b3-spin-11-tmb311rn/
2025-09-28 02:00:04,106 - INFO - Scraping 411/6851: https://www.refurbed.de/p/acer-usb-type-c-do-lc-dck11-001/
2025-09-28 02:00:05,558 - INFO - Scraping 412/6851: https://www.refurbed.de/p/acer-value-v3-v223w/
2025-09-28 02:00:07,840 - INFO - Scraping 413/6851: https://www.refurbed.de/p/acer-value-v3-v233hl/
2025-09-28 02:00:09,428 - INFO - Scraping 414/6851: https://www.refurbed.de/p/acer-value-v7-v247ybip/
2025-09-28 02:00:11,173 - INFO - Scraping 415/6851: https://www.refurbed.de/p/acer-veriton-m2610/
2025-09-28 02:00:11,646 - ERROR - Error fetching https://www.refurbed.de/p/acer-veriton-m2610/: 404 Client Error: Not Found for url: https://www.refurbed.de/p/acer-veriton-m2610/
2025-09-28 02:00:12,649 - INFO - Scraping 416/6851: https://www.refurbed.de/p/acer-veriton-m4630g/
2025-09-28 02:00:12,925 - ERROR - Error fetching https://www.refurbed.de/p/acer-veriton-m4630g/: 404 Client Error: Not Found for url: https://www.refurbed.de/p/acer-veriton-m4630g/
2025-09-28 02:00:13,927 - INFO - Scraping 417/6851: https://www.refurbed.de/p/acer-veriton-m4640g/
2025-09-28 02:00:14,391 - ERROR - Error fetching https://www.refurbed.de/p/acer-veriton-m4640g/: 404 Client Error: Not Found for url: https://www.refurbed.de/p/acer-veriton-m4640g/
2025-09-28 02:00:15,393 - INFO - Scraping 418/6851: https://www.refurbed.de/p/acer-veriton-m6650g/
2025-09-28 02:00:15,712 - ERROR - Error fetching https://www.refurbed.de/p/acer-veriton-m6650g/: 404 Client Error: Not Found for url: https://www.refurbed.de/p/acer-veriton-m6650g/
2025-09-28 02:00:16,714 - INFO - Scraping 419/6851: https://www.refurbed.de/p/acer-veriton-n4640g/
2025-09-28 02:00:17,036 - ERROR - Error fetching https://www.refurbed.de/p/acer-veriton-n4640g/: 404 Client Error: Not Found for url: https://www.refurbed.de/p/acer-veriton-n4640g/
2025-09-28 02:00:18,038 - INFO - Scraping 420/6851: https://www.refurbed.de/p/acer-veriton-x4630g/
2025-09-28 02:00:18,542 - ERROR - Error fetching https://www.refurbed.de/p/acer-veriton-x4630g/: 404 Client Error: Not Found for url: https://www.refurbed.de/p/acer-veriton-x4630g/
2025-09-28 02:00:19,544 - INFO - Scraping 421/6851: https://www.refurbed.de/p/acer-veriton-x4640g-intl6th/
2025-09-28 02:00:19,833 - ERROR - Error fetching https://www.refurbed.de/p/acer-veriton-x4640g-intl6th/: 404 Client Error: Not Found for url: https://www.refurbed.de/p/acer-veriton-x4640g-intl6th/
2025-09-28 02:00:20,835 - INFO - Scraping 422/6851: https://www.refurbed.de/p/acer-veriton-x6630g/
2025-09-28 02:00:21,233 - ERROR - Error fetching https://www.refurbed.de/p/acer-veriton-x6630g/: 404 Client Error: Not Found for url: https://www.refurbed.de/p/acer-veriton-x6630g/
2025-09-28 02:00:22,235 - INFO - Scraping 423/6851: https://www.refurbed.de/p/acer-vero-v7-v227qe3biv/
2025-09-28 02:00:23,699 - INFO - Scraping 424/6851: https://www.refurbed.de/p/acer-x5-x514-i5-8265u-14/
2025-09-28 02:00:24,170 - ERROR - Error fetching https://www.refurbed.de/p/acer-x5-x514-i5-8265u-14/: 404 Client Error: Not Found for url: https://www.refurbed.de/p/acer-x5-x514-i5-8265u-14/
2025-09-28 02:00:25,171 - INFO - Scraping 425/6851: https://www.refurbed.de/p/acerpredator-connect-d5-5g/
2025-09-28 02:00:26,760 - INFO - Scraping 426/6851: https://www.refurbed.de/p/apple-ipad-2017/
2025-09-28 02:00:28,146 - INFO - Scraping 427/6851: https://www.refurbed.de/p/apple-iphone-8-plus/
2025-09-28 02:00:30,158 - INFO - Scraping 428/6851: https://www.refurbed.de/p/apple-iphone-8/
2025-09-28 02:00:32,096 - INFO - Scraping 429/6851: https://www.refurbed.de/p/apple-macbook-2015-intel-core-m-/
2025-09-28 02:00:33,786 - INFO - Scraping 430/6851: https://www.refurbed.de/p/apple-macbook-2016-intel-core-m3/
2025-09-28 02:00:35,498 - INFO - Scraping 431/6851: https://www.refurbed.de/p/apple-macbook-2017-intel-core-12/
2025-09-28 02:00:37,537 - INFO - Scraping 432/6851: https://www.refurbed.de/p/apple-macbook-air-2013-i5-13-3-4/
2025-09-28 02:00:39,177 - INFO - Scraping 433/6851: https://www.refurbed.de/p/apple-macbook-air-2013-i7-4650u/
2025-09-28 02:00:40,901 - INFO - Scraping 434/6851: https://www.refurbed.de/p/apple-macbook-air-2014-i5-11-6/
2025-09-28 02:00:42,514 - INFO - Scraping 435/6851: https://www.refurbed.de/p/apple-macbook-air-2014-i5-13-4gb/
2025-09-28 02:00:44,038 - INFO - Scraping 436/6851: https://www.refurbed.de/p/apple-macbook-air-2014-i7-13-3/
2025-09-28 02:00:45,765 - INFO - Scraping 437/6851: https://www.refurbed.de/p/apple-macbook-air-2015-11-6/
2025-09-28 02:00:47,261 - INFO - Scraping 438/6851: https://www.refurbed.de/p/apple-macbook-air-2015-i5-13-3/
2025-09-28 02:00:48,911 - INFO - Scraping 439/6851: https://www.refurbed.de/p/apple-macbook-air-2017-i-13-3/
2025-09-28 02:00:50,828 - INFO - Scraping 440/6851: https://www.refurbed.de/p/apple-macbook-air-2018-i5-13-3/
2025-09-28 02:00:52,421 - INFO - Scraping 441/6851: https://www.refurbed.de/p/apple-macbook-air-2019-i5-13-3/
2025-09-28 02:00:54,200 - INFO - Scraping 442/6851: https://www.refurbed.de/p/apple-macbook-air-2020/
2025-09-28 02:00:56,140 - INFO - Scraping 443/6851: https://www.refurbed.de/p/apple-macbook-air-i5-11-6/
2025-09-28 02:00:57,707 - INFO - Scraping 444/6851: https://www.refurbed.de/p/apple-macbook-air-i7-11-6/
2025-09-28 02:00:59,424 - INFO - Scraping 445/6851: https://www.refurbed.de/p/apple-macbook-air-m1-2020/
2025-09-28 02:01:00,891 - INFO - Scraping 446/6851: https://www.refurbed.de/p/apple-macbook-air-m2-2022/
2025-09-28 02:01:02,438 - INFO - Scraping 447/6851: https://www.refurbed.de/p/apple-macbook-air-m2-2023-15/
2025-09-28 02:01:04,311 - INFO - Scraping 448/6851: https://www.refurbed.de/p/apple-macbook-air-m3-2024-15/
2025-09-28 02:01:06,382 - INFO - Scraping 449/6851: https://www.refurbed.de/p/apple-macbook-air-m3-2024/
2025-09-28 02:01:08,304 - INFO - Scraping 450/6851: https://www.refurbed.de/p/apple-macbook-air-m4-2025-15/
2025-09-28 02:01:10,090 - INFO - Scraping 451/6851: https://www.refurbed.de/p/apple-macbook-air-m4-2025/
2025-09-28 02:01:11,683 - INFO - Scraping 452/6851: https://www.refurbed.de/p/apple-macbook-pro-2013-i5-13-3/
2025-09-28 02:01:13,826 - INFO - Scraping 453/6851: https://www.refurbed.de/p/apple-macbook-pro-2014-13-3/
2025-09-28 02:01:15,780 - INFO - Scraping 454/6851: https://www.refurbed.de/p/apple-macbook-pro-2014-15-4/
2025-09-28 02:01:17,406 - INFO - Scraping 455/6851: https://www.refurbed.de/p/apple-macbook-pro-2015-13-3/
2025-09-28 02:01:19,332 - INFO - Scraping 456/6851: https://www.refurbed.de/p/apple-macbook-pro-2016-13-3/
2025-09-28 02:01:20,999 - INFO - Scraping 457/6851: https://www.refurbed.de/p/apple-macbook-pro-2016-i5-13-3/
2025-09-28 02:01:22,683 - INFO - Scraping 458/6851: https://www.refurbed.de/p/apple-macbook-pro-2016-i7-15-4/
2025-09-28 02:01:24,296 - INFO - Scraping 459/6851: https://www.refurbed.de/p/apple-macbook-pro-2017-13-3-touc/
2025-09-28 02:01:26,019 - INFO - Scraping 460/6851: https://www.refurbed.de/p/apple-macbook-pro-2017-15-4-touc/
2025-09-28 02:01:27,730 - INFO - Scraping 461/6851: https://www.refurbed.de/p/apple-macbook-pro-2017-i5-13/
2025-09-28 02:01:29,559 - INFO - Scraping 462/6851: https://www.refurbed.de/p/apple-macbook-pro-2018-13-3-touc/
2025-09-28 02:01:31,553 - INFO - Scraping 463/6851: https://www.refurbed.de/p/apple-macbook-pro-2018-15-4-touc/
2025-09-28 02:01:33,321 - INFO - Scraping 464/6851: https://www.refurbed.de/p/apple-macbook-pro-2019-16/
2025-09-28 02:01:35,212 - INFO - Scraping 465/6851: https://www.refurbed.de/p/apple-macbook-pro-2020-133-tb/
2025-09-28 02:01:36,894 - INFO - Scraping 466/6851: https://www.refurbed.de/p/apple-macbook-pro-2020-m1/
2025-09-28 02:01:38,541 - INFO - Scraping 467/6851: https://www.refurbed.de/p/apple-macbook-pro-2021-m1-14/
2025-09-28 02:01:40,441 - INFO - Scraping 468/6851: https://www.refurbed.de/p/apple-macbook-pro-2021-m1-16-2/
2025-09-28 02:01:42,191 - INFO - Scraping 469/6851: https://www.refurbed.de/p/apple-macbook-pro-2022-m2-13-tb/
2025-09-28 02:01:43,622 - INFO - Scraping 470/6851: https://www.refurbed.de/p/apple-macbook-pro-2023-m2-14/
2025-09-28 02:01:45,734 - INFO - Scraping 471/6851: https://www.refurbed.de/p/apple-macbook-pro-2023-m2-16-2/
2025-09-28 02:01:47,513 - INFO - Scraping 472/6851: https://www.refurbed.de/p/apple-macbook-pro-2023-m3-14/
2025-09-28 02:01:48,961 - INFO - Scraping 473/6851: https://www.refurbed.de/p/apple-macbook-pro-2023-m3-16-2/
2025-09-28 02:01:50,398 - INFO - Scraping 474/6851: https://www.refurbed.de/p/apple-macbook-pro-2024-m4-14/
2025-09-28 02:01:52,015 - INFO - Scraping 475/6851: https://www.refurbed.de/p/apple-macbook-pro-2024-m4-16/
2025-09-28 02:01:53,590 - INFO - Scraping 476/6851: https://www.refurbed.de/p/apple-macbook-pro-i7-15-4/
2025-09-28 02:01:55,577 - INFO - Scraping 477/6851: https://www.refurbed.de/p/apple-macbook-pro-late2013-15-4/
2025-09-28 02:01:57,412 - INFO - Scraping 478/6851: https://www.refurbed.de/p/apple-macbook-retina-2015-12/
2025-09-28 02:01:59,006 - INFO - Scraping 479/6851: https://www.refurbed.de/p/apple-magic-kbrd-11-ipad-air-m2/
2025-09-28 02:02:00,492 - INFO - Scraping 480/6851: https://www.refurbed.de/p/apple-pro-display-xdr-32/
2025-09-28 02:02:01,916 - INFO - Scraping 481/6851: https://www.refurbed.de/p/apple-studio-display-27/
2025-09-28 02:02:03,554 - INFO - Scraping 482/6851: https://www.refurbed.de/p/apple-thunderbolt-display-27/
2025-09-28 02:02:05,165 - INFO - Scraping 483/6851: https://www.refurbed.de/p/asus-chromebook-c204ma-n4000/
2025-09-28 02:02:06,668 - INFO - Scraping 484/6851: https://www.refurbed.de/p/asus-chromebook-c204ma-n4020/
2025-09-28 02:02:08,116 - INFO - Scraping 485/6851: https://www.refurbed.de/p/asus-chromebook-c403-n335-14/
2025-09-28 02:02:09,557 - INFO - Scraping 486/6851: https://www.refurbed.de/p/asus-chromebook-c423ma-n4020/
2025-09-28 02:02:11,282 - INFO - Scraping 487/6851: https://www.refurbed.de/p/asus-chromebook-c423na-3350/
2025-09-28 02:02:12,919 - INFO - Scraping 488/6851: https://www.refurbed.de/p/asus-chromebook-c523-n3350/
2025-09-28 02:02:14,453 - INFO - Scraping 489/6851: https://www.refurbed.de/p/asus-chromebook-c523-n4200/
2025-09-28 02:02:16,047 - INFO - Scraping 490/6851: https://www.refurbed.de/p/asus-chromebook-c523na-n3350/
2025-09-28 02:02:17,534 - INFO - Scraping 491/6851: https://www.refurbed.de/p/asus-chromebook-cm14/
2025-09-28 02:02:19,061 - INFO - Scraping 492/6851: https://www.refurbed.de/p/asus-chromebook-cx1400cna-3350/
2025-09-28 02:02:20,728 - INFO - Scraping 493/6851: https://www.refurbed.de/p/asus-chromebook-cx1500cna-3350/
2025-09-28 02:02:22,634 - INFO - Scraping 494/6851: https://www.refurbed.de/p/asus-chromebook-cx1700-n4500/
2025-09-28 02:02:24,196 - INFO - Scraping 495/6851: https://www.refurbed.de/p/asus-chromebook-cx5400fma-110g4/
2025-09-28 02:02:25,908 - INFO - Scraping 496/6851: https://www.refurbed.de/p/asus-chromebook-cx9-cea-1135g7/
2025-09-28 02:02:27,405 - INFO - Scraping 497/6851: https://www.refurbed.de/p/asus-chromebook-flip-cx3400fma/
2025-09-28 02:02:28,878 - INFO - Scraping 498/6851: https://www.refurbed.de/p/asus-chromebook-flip-cx5500fea/
2025-09-28 02:02:30,459 - INFO - Scraping 499/6851: https://www.refurbed.de/p/asus-chromebook-flip-cx5601fba/
2025-09-28 02:02:31,988 - INFO - Scraping 500/6851: https://www.refurbed.de/p/asus-chromebook-plus-cx3402cba/
2025-09-28 02:02:33,553 - INFO - Scraping 501/6851: https://www.refurbed.de/p/asus-chromebook-z1400cn-n3350/
2025-09-28 02:02:35,222 - INFO - Scraping 502/6851: https://www.refurbed.de/p/asus-tuf-gami-f15-fx506hf-11400h/
2025-09-28 02:02:36,725 - INFO - Scraping 503/6851: https://www.refurbed.de/p/asus-tuf-gami-f17-fx707zm-12700h/
2025-09-28 02:02:38,419 - INFO - Scraping 504/6851: https://www.refurbed.de/p/asus-vivobook-12-e210ma-n4020/
2025-09-28 02:02:39,920 - INFO - Scraping 505/6851: https://www.refurbed.de/p/asus-vivobook-14-5-5500u/
2025-09-28 02:02:41,359 - INFO - Scraping 506/6851: https://www.refurbed.de/p/asus-vivobook-14-f1400ea-1135g7/
2025-09-28 02:02:43,163 - INFO - Scraping 507/6851: https://www.refurbed.de/p/asus-vivobook-14-f1400ea-1165g7/
2025-09-28 02:02:44,860 - INFO - Scraping 508/6851: https://www.refurbed.de/p/asus-vivobook-14-f1402za-1235u/
2025-09-28 02:02:46,588 - INFO - Scraping 509/6851: https://www.refurbed.de/p/asus-vivobook-14-f1404va-i7-1355/
2025-09-28 02:02:48,167 - INFO - Scraping 510/6851: https://www.refurbed.de/p/asus-vivobook-14-f415ea-1115g4/
2025-09-28 02:02:49,621 - INFO - Scraping 511/6851: https://www.refurbed.de/p/asus-vivobook-14-f415ea-1135g7/
2025-09-28 02:02:51,110 - INFO - Scraping 512/6851: https://www.refurbed.de/p/asus-vivobook-14-f415ea-1165g7/
2025-09-28 02:02:52,611 - INFO - Scraping 513/6851: https://www.refurbed.de/p/asus-vivobook-14-k413ea-1115g4/
2025-09-28 02:02:54,190 - INFO - Scraping 514/6851: https://www.refurbed.de/p/asus-vivobook-14-k413ep-1165g7/
2025-09-28 02:02:55,677 - INFO - Scraping 515/6851: https://www.refurbed.de/p/asus-vivobook-14-m413-r5-5500u/
2025-09-28 02:02:57,289 - INFO - Scraping 516/6851: https://www.refurbed.de/p/asus-vivobook-14-m415da-r5-3500u/
2025-09-28 02:02:58,801 - INFO - Scraping 517/6851: https://www.refurbed.de/p/asus-vivobook-14-r465ja-1005g1/
2025-09-28 02:03:00,270 - INFO - Scraping 518/6851: https://www.refurbed.de/p/asus-vivobook-14-s413ea-1135g7/
2025-09-28 02:03:01,880 - INFO - Scraping 519/6851: https://www.refurbed.de/p/asus-vivobook-14-x1400ep-1135g7/
2025-09-28 02:03:03,515 - INFO - Scraping 520/6851: https://www.refurbed.de/p/asus-vivobook-14-x413-i5-1135g7/
2025-09-28 02:03:04,990 - INFO - Scraping 521/6851: https://www.refurbed.de/p/asus-vivobook-14-x413-i7-1065g7/
2025-09-28 02:03:06,550 - INFO - Scraping 522/6851: https://www.refurbed.de/p/asus-vivobook-14-x415ea-1115g4/
2025-09-28 02:03:08,068 - INFO - Scraping 523/6851: https://www.refurbed.de/p/asus-vivobook-14-x415ea-1135g7/
2025-09-28 02:03:10,038 - INFO - Scraping 524/6851: https://www.refurbed.de/p/asus-vivobook-14-x415ea-i7/
2025-09-28 02:03:11,581 - INFO - Scraping 525/6851: https://www.refurbed.de/p/asus-vivobook-14-x415ep-1135g7/
2025-09-28 02:03:13,151 - INFO - Scraping 526/6851: https://www.refurbed.de/p/asus-vivobook-14-x415ep-i7/
2025-09-28 02:03:14,665 - INFO - Scraping 527/6851: https://www.refurbed.de/p/asus-vivobook-14-x415fa-10110u/
2025-09-28 02:03:16,416 - INFO - Scraping 528/6851: https://www.refurbed.de/p/asus-vivobook-14-x415ja-1005g1/
2025-09-28 02:03:18,078 - INFO - Scraping 529/6851: https://www.refurbed.de/p/asus-vivobook-14-x415ja-1035g1/
2025-09-28 02:03:19,656 - INFO - Scraping 530/6851: https://www.refurbed.de/p/asus-vivobook-14-x415ka-n4500/
2025-09-28 02:03:21,115 - INFO - Scraping 531/6851: https://www.refurbed.de/p/asus-vivobook-14-x420fa-i5-8265u/
2025-09-28 02:03:22,690 - INFO - Scraping 532/6851: https://www.refurbed.de/p/asus-vivobook-15-a516ea-1115g4/
2025-09-28 02:03:24,092 - INFO - Scraping 533/6851: https://www.refurbed.de/p/asus-vivobook-15-f1502za-1235u/
2025-09-28 02:03:25,978 - INFO - Scraping 534/6851: https://www.refurbed.de/p/asus-vivobook-15-f1502za-i7/
2025-09-28 02:03:27,545 - INFO - Scraping 535/6851: https://www.refurbed.de/p/asus-vivobook-15-f1504va-1335u/
2025-09-28 02:03:28,978 - INFO - Scraping 536/6851: https://www.refurbed.de/p/asus-vivobook-15-f1504za-1215u/
2025-09-28 02:03:30,869 - INFO - Scraping 537/6851: https://www.refurbed.de/p/asus-vivobook-15-f1504za-1235u/
2025-09-28 02:03:32,415 - INFO - Scraping 538/6851: https://www.refurbed.de/p/asus-vivobook-15-f1504za-i7/
2025-09-28 02:03:34,055 - INFO - Scraping 539/6851: https://www.refurbed.de/p/asus-vivobook-15-f510ua-i5-8250u/
2025-09-28 02:03:35,554 - INFO - Scraping 540/6851: https://www.refurbed.de/p/asus-vivobook-15-f515jp-1035g1/
2025-09-28 02:03:37,013 - INFO - Scraping 541/6851: https://www.refurbed.de/p/asus-vivobook-15-k513ea-1165g7/
2025-09-28 02:03:38,657 - INFO - Scraping 542/6851: https://www.refurbed.de/p/asus-vivobook-15-m1502ia-4600h/
2025-09-28 02:03:40,096 - INFO - Scraping 543/6851: https://www.refurbed.de/p/asus-vivobook-15-m515ua-r5-5500u/
2025-09-28 02:03:41,600 - INFO - Scraping 544/6851: https://www.refurbed.de/p/asus-vivobook-15-m515ua-r7-5700u/
2025-09-28 02:03:43,153 - INFO - Scraping 545/6851: https://www.refurbed.de/p/asus-vivobook-15-r565ea-1165g7/
2025-09-28 02:03:44,672 - INFO - Scraping 546/6851: https://www.refurbed.de/p/asus-vivobook-15-x1502-1215u/
2025-09-28 02:03:46,191 - INFO - Scraping 547/6851: https://www.refurbed.de/p/asus-vivobook-15-x1502za-i3/
2025-09-28 02:03:47,833 - INFO - Scraping 548/6851: https://www.refurbed.de/p/asus-vivobook-15-x1502za-i5/
2025-09-28 02:03:49,363 - INFO - Scraping 549/6851: https://www.refurbed.de/p/asus-vivobook-15-x1502za-i7/
2025-09-28 02:03:50,871 - INFO - Scraping 550/6851: https://www.refurbed.de/p/asus-vivobook-15-x515-1005g1/
2025-09-28 02:03:52,296 - INFO - Scraping 551/6851: https://www.refurbed.de/p/asus-vivobook-15-x515-10110u/
2025-09-28 02:03:54,077 - INFO - Scraping 552/6851: https://www.refurbed.de/p/asus-vivobook-15-x515-1035g1/
2025-09-28 02:03:55,712 - INFO - Scraping 553/6851: https://www.refurbed.de/p/asus-vivobook-15-x515-1065g7/
2025-09-28 02:03:57,850 - INFO - Scraping 554/6851: https://www.refurbed.de/p/asus-vivobook-15-x515-1115g4/
2025-09-28 02:03:59,341 - INFO - Scraping 555/6851: https://www.refurbed.de/p/asus-vivobook-15-x515-1135g7/
2025-09-28 02:04:00,824 - INFO - Scraping 556/6851: https://www.refurbed.de/p/asus-vivobook-15-x515-1165g7/
2025-09-28 02:04:02,313 - INFO - Scraping 557/6851: https://www.refurbed.de/p/asus-vivobook-15-x515-3250u/
2025-09-28 02:04:03,783 - INFO - Scraping 558/6851: https://www.refurbed.de/p/asus-vivobook-15-x515-7505/
2025-09-28 02:04:05,271 - INFO - Scraping 559/6851: https://www.refurbed.de/p/asus-vivobook-15-x515-n4020/
2025-09-28 02:04:06,778 - INFO - Scraping 560/6851: https://www.refurbed.de/p/asus-vivobook-15-x515-n4500/
2025-09-28 02:04:08,445 - INFO - Scraping 561/6851: https://www.refurbed.de/p/asus-vivobook-15-x515-n5030/
2025-09-28 02:04:09,952 - INFO - Scraping 562/6851: https://www.refurbed.de/p/asus-vivobook-15-x515ea-1115g4/
2025-09-28 02:04:11,400 - INFO - Scraping 563/6851: https://www.refurbed.de/p/asus-vivobook-15-x515ja-1005g1/
2025-09-28 02:04:12,858 - INFO - Scraping 564/6851: https://www.refurbed.de/p/asus-vivobook-15-x515ja-1035g1/
2025-09-28 02:04:13,124 - ERROR - Error fetching https://www.refurbed.de/p/asus-vivobook-15-x515ja-1035g1/: 404 Client Error: Not Found for url: https://www.refurbed.de/p/asus-vivobook-15-x515ja-1035g1/
2025-09-28 02:04:14,126 - INFO - Scraping 565/6851: https://www.refurbed.de/p/asus-vivobook-15-x515jp-1065g7/
2025-09-28 02:04:15,578 - INFO - Scraping 566/6851: https://www.refurbed.de/p/asus-vivobook-15-x515ma-n4020/
2025-09-28 02:04:17,180 - INFO - Scraping 567/6851: https://www.refurbed.de/p/asus-vivobook-15-x540-e2-6110/
2025-09-28 02:04:17,524 - ERROR - Error fetching https://www.refurbed.de/p/asus-vivobook-15-x540-e2-6110/: 404 Client Error: Not Found for url: https://www.refurbed.de/p/asus-vivobook-15-x540-e2-6110/
2025-09-28 02:04:18,526 - INFO - Scraping 568/6851: https://www.refurbed.de/p/asus-vivobook-15-x540-n3350/
2025-09-28 02:04:19,215 - ERROR - Error fetching https://www.refurbed.de/p/asus-vivobook-15-x540-n3350/: 404 Client Error: Not Found for url: https://www.refurbed.de/p/asus-vivobook-15-x540-n3350/
2025-09-28 02:04:20,218 - INFO - Scraping 569/6851: https://www.refurbed.de/p/asus-vivobook-15-x571-10870h/
2025-09-28 02:04:21,641 - INFO - Scraping 570/6851: https://www.refurbed.de/p/asus-vivobook-15-x571gt-9750h/
2025-09-28 02:04:23,077 - INFO - Scraping 571/6851: https://www.refurbed.de/p/asus-vivobook-15x-m1503-5600h/
2025-09-28 02:04:24,565 - INFO - Scraping 572/6851: https://www.refurbed.de/p/asus-vivobook-15x-oled-5-4600h/
2025-09-28 02:04:26,062 - INFO - Scraping 573/6851: https://www.refurbed.de/p/asus-vivobook-15x-oled-i5-12500h/
2025-09-28 02:04:27,566 - INFO - Scraping 574/6851: https://www.refurbed.de/p/asus-vivobook-15x-oled-i5-1340p/
2025-09-28 02:04:28,988 - INFO - Scraping 575/6851: https://www.refurbed.de/p/asus-vivobook-15x-oled-i7-12700h/
2025-09-28 02:04:30,616 - INFO - Scraping 576/6851: https://www.refurbed.de/p/asus-vivobook-15x-oled-i7-1360p/
2025-09-28 02:04:32,159 - INFO - Scraping 577/6851: https://www.refurbed.de/p/asus-vivobook-15x-oled-x1503za/
2025-09-28 02:04:33,812 - INFO - Scraping 578/6851: https://www.refurbed.de/p/asus-vivobook-16-x1605-1235u/
2025-09-28 02:04:35,464 - INFO - Scraping 579/6851: https://www.refurbed.de/p/asus-vivobook-16-x1605-1255u/
2025-09-28 02:04:37,041 - INFO - Scraping 580/6851: https://www.refurbed.de/p/asus-vivobook-16-x1605-13500h/
2025-09-28 02:04:38,572 - INFO - Scraping 581/6851: https://www.refurbed.de/p/asus-vivobook-16-x1605-r7-5825u/
2025-09-28 02:04:40,110 - INFO - Scraping 582/6851: https://www.refurbed.de/p/asus-vivobook-16-x1605pa-11370h/
2025-09-28 02:04:41,608 - INFO - Scraping 583/6851: https://www.refurbed.de/p/asus-vivobook-16-x1605va-1335u/
2025-09-28 02:04:43,171 - INFO - Scraping 584/6851: https://www.refurbed.de/p/asus-vivobook-16-x1605va-13700h/
2025-09-28 02:04:44,825 - INFO - Scraping 585/6851: https://www.refurbed.de/p/asus-vivobook-16-x1605va-13900h/
2025-09-28 02:04:46,556 - INFO - Scraping 586/6851: https://www.refurbed.de/p/asus-vivobook-16-x1605va-i7-1355/
2025-09-28 02:04:48,121 - INFO - Scraping 587/6851: https://www.refurbed.de/p/asus-vivobook-16x-f1603za-12700h/
2025-09-28 02:04:49,752 - INFO - Scraping 588/6851: https://www.refurbed.de/p/asus-vivobook-16x-f1605pa-11300h/
2025-09-28 02:04:51,670 - INFO - Scraping 589/6851: https://www.refurbed.de/p/asus-vivobook-16x-f1605pa-11370h/
2025-09-28 02:04:53,091 - INFO - Scraping 590/6851: https://www.refurbed.de/p/asus-vivobook-16x-m1603-5-5600h/
2025-09-28 02:04:54,672 - INFO - Scraping 591/6851: https://www.refurbed.de/p/asus-vivobook-16x-oled-5600h/
2025-09-28 02:04:56,307 - INFO - Scraping 592/6851: https://www.refurbed.de/p/asus-vivobook-16x-oled-k3605vc/
2025-09-28 02:04:57,833 - INFO - Scraping 593/6851: https://www.refurbed.de/p/asus-vivobook-16x-oled-k3605zc/
2025-09-28 02:04:59,246 - INFO - Scraping 594/6851: https://www.refurbed.de/p/asus-vivobook-16x-oled-k3605zf/
2025-09-28 02:05:00,715 - INFO - Scraping 595/6851: https://www.refurbed.de/p/asus-vivobook-17-f1704va-1335u/
2025-09-28 02:05:02,339 - INFO - Scraping 596/6851: https://www.refurbed.de/p/asus-vivobook-17-s712da-au334t/
2025-09-28 02:05:03,858 - INFO - Scraping 597/6851: https://www.refurbed.de/p/asus-vivobook-17-s712ea-i31115g4/
2025-09-28 02:05:05,373 - INFO - Scraping 598/6851: https://www.refurbed.de/p/asus-vivobook-17-s712fa-8265u/
2025-09-28 02:05:06,871 - INFO - Scraping 599/6851: https://www.refurbed.de/p/asus-vivobook-17-s712ja-1005g1/
2025-09-28 02:05:08,419 - INFO - Scraping 600/6851: https://www.refurbed.de/p/asus-vivobook-17-x1704va-1355u/
2025-09-28 02:05:10,127 - INFO - Scraping 601/6851: https://www.refurbed.de/p/asus-vivobook-17-x1704za-1235u/
2025-09-28 02:05:11,695 - INFO - Scraping 602/6851: https://www.refurbed.de/p/asus-vivobook-17-x705ma-n4020/
2025-09-28 02:05:13,414 - INFO - Scraping 603/6851: https://www.refurbed.de/p/asus-vivobook-17-x712ea-1165g7/
2025-09-28 02:05:14,927 - INFO - Scraping 604/6851: https://www.refurbed.de/p/asus-vivobook-17f1704va-i7-1355u/
2025-09-28 02:05:16,412 - INFO - Scraping 605/6851: https://www.refurbed.de/p/asus-vivobook-a516ka-n4500/
2025-09-28 02:05:17,944 - INFO - Scraping 606/6851: https://www.refurbed.de/p/asus-vivobook-d515da-3-3250u/
2025-09-28 02:05:19,577 - INFO - Scraping 607/6851: https://www.refurbed.de/p/asus-vivobook-go-14-e410ma-n4020/
2025-09-28 02:05:21,130 - INFO - Scraping 608/6851: https://www.refurbed.de/p/asus-vivobook-go-14-flip-n4500/
2025-09-28 02:05:22,670 - INFO - Scraping 609/6851: https://www.refurbed.de/p/asus-vivobook-go-14-flip-n6000/
2025-09-28 02:05:24,153 - INFO - Scraping 610/6851: https://www.refurbed.de/p/asus-vivobook-go-15-e510-n4020/
2025-09-28 02:05:25,769 - INFO - Scraping 611/6851: https://www.refurbed.de/p/asus-vivobook-go-15-e510-n4500/
2025-09-28 02:05:27,315 - INFO - Scraping 612/6851: https://www.refurbed.de/p/asus-vivobook-go-15-oled-i3-n305/
2025-09-28 02:05:28,915 - INFO - Scraping 613/6851: https://www.refurbed.de/p/asus-vivobook-go-15-oled-n100/
2025-09-28 02:05:30,496 - INFO - Scraping 614/6851: https://www.refurbed.de/p/asus-vivobook-m515da-r3-3250u/
2025-09-28 02:05:32,185 - INFO - Scraping 615/6851: https://www.refurbed.de/p/asus-vivobook-m515da-r5-3500u/
2025-09-28 02:05:33,755 - INFO - Scraping 616/6851: https://www.refurbed.de/p/asus-vivobook-oled-15-i7-1165g7/
2025-09-28 02:05:35,277 - INFO - Scraping 617/6851: https://www.refurbed.de/p/asus-vivobook-oled-15-k513ea/
2025-09-28 02:05:36,693 - INFO - Scraping 618/6851: https://www.refurbed.de/p/asus-vivobook-pro-14-oled-11300h/
2025-09-28 02:05:38,352 - INFO - Scraping 619/6851: https://www.refurbed.de/p/asus-vivobook-pro-14-oled-5600h/
2025-09-28 02:05:39,916 - INFO - Scraping 620/6851: https://www.refurbed.de/p/asus-vivobook-pro-15-n580gd-8750/
2025-09-28 02:05:41,711 - INFO - Scraping 621/6851: https://www.refurbed.de/p/asus-vivobook-s-14-flip-1335u/
2025-09-28 02:05:43,479 - INFO - Scraping 622/6851: https://www.refurbed.de/p/asus-vivobook-s-14-flip-13500h/
2025-09-28 02:05:44,839 - INFO - Scraping 623/6851: https://www.refurbed.de/p/asus-vivobook-s-14-flip-13700h/
2025-09-28 02:05:46,308 - INFO - Scraping 624/6851: https://www.refurbed.de/p/asus-vivobook-s-14-k3402za-i5/
2025-09-28 02:05:47,855 - INFO - Scraping 625/6851: https://www.refurbed.de/p/asus-vivobook-s14-m433-5-4500u/
2025-09-28 02:05:49,382 - INFO - Scraping 626/6851: https://www.refurbed.de/p/asus-vivobook-s14-oled-m3402qa/
2025-09-28 02:05:51,212 - INFO - Scraping 627/6851: https://www.refurbed.de/p/asus-vivobook-s15-k3502-12700h/
2025-09-28 02:05:52,719 - INFO - Scraping 628/6851: https://www.refurbed.de/p/asus-vivobook-s15-s530-8265u-15/
2025-09-28 02:05:54,225 - INFO - Scraping 629/6851: https://www.refurbed.de/p/asus-vivobook-s17-f712ja-1065g7/
2025-09-28 02:05:55,674 - INFO - Scraping 630/6851: https://www.refurbed.de/p/asus-vivobook-s17-s732ea-1135g7/
2025-09-28 02:05:57,175 - INFO - Scraping 631/6851: https://www.refurbed.de/p/asus-vivobook-s17-s732ja-1005g1/
2025-09-28 02:05:58,705 - INFO - Scraping 632/6851: https://www.refurbed.de/p/asus-vivobook-s17-s732ja-1115g4/
2025-09-28 02:06:00,113 - INFO - Scraping 633/6851: https://www.refurbed.de/p/asus-vivobook-x415jab-i7-1065g7/
2025-09-28 02:06:01,589 - INFO - Scraping 634/6851: https://www.refurbed.de/p/asus-vivobook-x415jp-i7-1065g7/
2025-09-28 02:06:03,101 - INFO - Scraping 635/6851: https://www.refurbed.de/p/asus-vivobook-x515ka-n4500/
2025-09-28 02:06:04,653 - INFO - Scraping 636/6851: https://www.refurbed.de/p/asus-vivobook-x515ka-n6000/
2025-09-28 02:06:06,324 - INFO - Scraping 637/6851: https://www.refurbed.de/p/asus-vivobook-x543ma-n4020/
2025-09-28 02:06:07,867 - INFO - Scraping 638/6851: https://www.refurbed.de/p/asus-vivobooks-14-k3402za-i7-127/
2025-09-28 02:06:09,540 - INFO - Scraping 639/6851: https://www.refurbed.de/p/asus-vivobooks-14-oled-k3402za/
2025-09-28 02:06:11,013 - INFO - Scraping 640/6851: https://www.refurbed.de/p/asus-zenbook-13-led-um325sa/
2025-09-28 02:06:12,452 - INFO - Scraping 641/6851: https://www.refurbed.de/p/asus-zenbook-14-i5/
2025-09-28 02:06:14,044 - INFO - Scraping 642/6851: https://www.refurbed.de/p/asus-zenbook-14-um425qa-5800h/
2025-09-28 02:06:15,745 - INFO - Scraping 643/6851: https://www.refurbed.de/p/asus-zenbook-14-um425qa-5900hx/
2025-09-28 02:06:17,527 - INFO - Scraping 644/6851: https://www.refurbed.de/p/asus-zenbook-14-um425qa-9-5900hx/
2025-09-28 02:06:18,993 - INFO - Scraping 645/6851: https://www.refurbed.de/p/asus-zenbook-14-um425qa/
2025-09-28 02:06:20,486 - INFO - Scraping 646/6851: https://www.refurbed.de/p/asus-zenbook-14-um425ua-ki189t/
2025-09-28 02:06:21,949 - INFO - Scraping 647/6851: https://www.refurbed.de/p/asus-zenbook-14-um425uaz-ki016/
2025-09-28 02:06:23,741 - INFO - Scraping 648/6851: https://www.refurbed.de/p/asus-zenbook-14-um425uaz-ki203t/
2025-09-28 02:06:25,178 - INFO - Scraping 649/6851: https://www.refurbed.de/p/asus-zenbook-14-ux410u-i7-8550u/
2025-09-28 02:06:25,504 - ERROR - Error fetching https://www.refurbed.de/p/asus-zenbook-14-ux410u-i7-8550u/: 404 Client Error: Not Found for url: https://www.refurbed.de/p/asus-zenbook-14-ux410u-i7-8550u/
2025-09-28 02:06:26,506 - INFO - Scraping 650/6851: https://www.refurbed.de/p/asus-zenbook-14-ux425ea-1135g7/
2025-09-28 02:06:28,114 - INFO - Scraping 651/6851: https://www.refurbed.de/p/asus-zenbook-14-ux425ea-1165g7/
2025-09-28 02:06:29,540 - INFO - Scraping 652/6851: https://www.refurbed.de/p/asus-zenbook-14-ux425ia-4700u/
2025-09-28 02:06:31,125 - INFO - Scraping 653/6851: https://www.refurbed.de/p/asus-zenbook-14-ux425ja-1035g1/
2025-09-28 02:06:32,721 - INFO - Scraping 654/6851: https://www.refurbed.de/p/asus-zenbook-14-ux425qa-5800h/
2025-09-28 02:06:34,351 - INFO - Scraping 655/6851: https://www.refurbed.de/p/asus-zenbook-14-ux434fac-a5091t/
2025-09-28 02:06:35,835 - INFO - Scraping 656/6851: https://www.refurbed.de/p/asus-zenbook-14-ux435eg-1165g7/
2025-09-28 02:06:37,256 - INFO - Scraping 657/6851: https://www.refurbed.de/p/asus-zenbook-14/
2025-09-28 02:06:38,861 - INFO - Scraping 658/6851: https://www.refurbed.de/p/asus-zenbook-14x-oled-5600h/
2025-09-28 02:06:40,298 - INFO - Scraping 659/6851: https://www.refurbed.de/p/asus-zenbook-14x-oled-un5401qa/
2025-09-28 02:06:41,776 - INFO - Scraping 660/6851: https://www.refurbed.de/p/asus-zenbook-15-ux534ft-a8145t/
2025-09-28 02:06:43,239 - INFO - Scraping 661/6851: https://www.refurbed.de/p/asus-zenbook-17-fold-oled-ux9702/
2025-09-28 02:06:44,831 - INFO - Scraping 662/6851: https://www.refurbed.de/p/asus-zenbook-duo-ux481fl-bm044t/
2025-09-28 02:06:46,319 - INFO - Scraping 663/6851: https://www.refurbed.de/p/asus-zenbook-flip-13-1035g4/
2025-09-28 02:06:47,904 - INFO - Scraping 664/6851: https://www.refurbed.de/p/asus-zenbook-flip-13-i7-1165g7/
2025-09-28 02:06:49,707 - INFO - Scraping 665/6851: https://www.refurbed.de/p/asus-zenbook-flip-15-7-4700u/
2025-09-28 02:06:51,240 - INFO - Scraping 666/6851: https://www.refurbed.de/p/asus-zenbook-flip-ux360uak-7500u/
2025-09-28 02:06:51,543 - ERROR - Error fetching https://www.refurbed.de/p/asus-zenbook-flip-ux360uak-7500u/: 404 Client Error: Not Found for url: https://www.refurbed.de/p/asus-zenbook-flip-ux360uak-7500u/
2025-09-28 02:06:52,545 - INFO - Scraping 667/6851: https://www.refurbed.de/p/asus-zenbook-flip14-10210u/
2025-09-28 02:06:53,976 - INFO - Scraping 668/6851: https://www.refurbed.de/p/asus-zenbook-flip14-i7-10510u/
2025-09-28 02:06:55,499 - INFO - Scraping 669/6851: https://www.refurbed.de/p/asus-zenbook-flip14-oled-12500h/
2025-09-28 02:06:56,918 - INFO - Scraping 670/6851: https://www.refurbed.de/p/asus-zenbook-flip14-oled-12700h/
2025-09-28 02:06:58,447 - INFO - Scraping 671/6851: https://www.refurbed.de/p/asus-zenbook-flip14x-oled-1260p/
2025-09-28 02:06:59,953 - INFO - Scraping 672/6851: https://www.refurbed.de/p/asus-zenbook-pro-14-ux450/
2025-09-28 02:07:01,455 - INFO - Scraping 673/6851: https://www.refurbed.de/p/asus-zenbook-pro-14-ux480fd/
2025-09-28 02:07:01,737 - ERROR - Error fetching https://www.refurbed.de/p/asus-zenbook-pro-14-ux480fd/: 404 Client Error: Not Found for url: https://www.refurbed.de/p/asus-zenbook-pro-14-ux480fd/
2025-09-28 02:07:02,739 - INFO - Scraping 674/6851: https://www.refurbed.de/p/asus-zenbook-pro-15-flip-oled-i7/
2025-09-28 02:07:04,267 - INFO - Scraping 675/6851: https://www.refurbed.de/p/asus-zenbook-pro-15-oled-5900hx/
2025-09-28 02:07:06,065 - INFO - Scraping 676/6851: https://www.refurbed.de/p/asus-zenbook-pro-17-9-6900hx/
2025-09-28 02:07:07,641 - INFO - Scraping 677/6851: https://www.refurbed.de/p/asus-zenbook-pro-duo-15-12900h/
2025-09-28 02:07:09,081 - INFO - Scraping 678/6851: https://www.refurbed.de/p/asus-zenbook-pro-duo-15-ux582hs/
2025-09-28 02:07:10,580 - INFO - Scraping 679/6851: https://www.refurbed.de/p/asus-zenbook-pro-duo-15-ux582zm/
2025-09-28 02:07:12,273 - INFO - Scraping 680/6851: https://www.refurbed.de/p/asus-zenbook-pro-duo-ux581gv/
2025-09-28 02:07:13,821 - INFO - Scraping 681/6851: https://www.refurbed.de/p/asus-zenbook-s-13-flip-1135g7/
2025-09-28 02:07:15,366 - INFO - Scraping 682/6851: https://www.refurbed.de/p/asus-zenbook-s-13-flip-1260p/
2025-09-28 02:07:16,975 - INFO - Scraping 683/6851: https://www.refurbed.de/p/asus-zenbook-s-13-oled-6800u/
2025-09-28 02:07:18,506 - INFO - Scraping 684/6851: https://www.refurbed.de/p/asus-zenbook-s-13-oled-ux5304va/
2025-09-28 02:07:20,239 - INFO - Scraping 685/6851: https://www.refurbed.de/p/asus-zenbook-s-16-oled-9hx370/
2025-09-28 02:07:21,716 - INFO - Scraping 686/6851: https://www.refurbed.de/p/asus-zenbook-ux301la-4200u-13-3/
2025-09-28 02:07:21,975 - ERROR - Error fetching https://www.refurbed.de/p/asus-zenbook-ux301la-4200u-13-3/: 404 Client Error: Not Found for url: https://www.refurbed.de/p/asus-zenbook-ux301la-4200u-13-3/
2025-09-28 02:07:22,977 - INFO - Scraping 687/6851: https://www.refurbed.de/p/asus-zenbook-ux430ua-8250u-14/
2025-09-28 02:07:24,611 - INFO - Scraping 688/6851: https://www.refurbed.de/p/beko-bbim13500xpsw/
2025-09-28 02:07:26,192 - INFO - Scraping 689/6851: https://www.refurbed.de/p/beko-hdmi-32400-dtx/
2025-09-28 02:07:27,759 - INFO - Scraping 690/6851: https://www.refurbed.de/p/benq-bl2201pt/
2025-09-28 02:07:29,217 - INFO - Scraping 691/6851: https://www.refurbed.de/p/benq-bl2405ht-24/
2025-09-28 02:07:30,749 - INFO - Scraping 692/6851: https://www.refurbed.de/p/benq-bl2410pt/
2025-09-28 02:07:32,304 - INFO - Scraping 693/6851: https://www.refurbed.de/p/benq-bl2420z/
2025-09-28 02:07:33,710 - INFO - Scraping 694/6851: https://www.refurbed.de/p/benq-g2251tm/
2025-09-28 02:07:35,192 - INFO - Scraping 695/6851: https://www.refurbed.de/p/benq-gl2450/
2025-09-28 02:07:36,979 - INFO - Scraping 696/6851: https://www.refurbed.de/p/benq-gl2450e/
2025-09-28 02:07:38,646 - INFO - Scraping 697/6851: https://www.refurbed.de/p/benq-gl2460/
2025-09-28 02:07:40,154 - INFO - Scraping 698/6851: https://www.refurbed.de/p/benq-gl2760h/
2025-09-28 02:07:41,671 - INFO - Scraping 699/6851: https://www.refurbed.de/p/benq-gw2780t/
2025-09-28 02:07:43,160 - INFO - Scraping 700/6851: https://www.refurbed.de/p/benq-th685i/
2025-09-28 02:07:44,680 - INFO - Scraping 701/6851: https://www.refurbed.de/p/benq-w1210st/
2025-09-28 02:07:46,373 - INFO - Scraping 702/6851: https://www.refurbed.de/p/benq-w2000/
2025-09-28 02:07:47,805 - INFO - Scraping 703/6851: https://www.refurbed.de/p/benq-w2700i/
2025-09-28 02:07:49,411 - INFO - Scraping 704/6851: https://www.refurbed.de/p/benq-zowie-xl2411p-24/
2025-09-28 02:07:50,964 - INFO - Scraping 705/6851: https://www.refurbed.de/p/bundle-laptop-ch-65w-ca-100w/
2025-09-28 02:07:52,523 - INFO - Scraping 706/6851: https://www.refurbed.de/p/d-link-av1000-dhp-w611av/
2025-09-28 02:07:54,169 - INFO - Scraping 707/6851: https://www.refurbed.de/p/d-link-dhp-601av-1000hd-kit/
2025-09-28 02:07:55,761 - INFO - Scraping 708/6851: https://www.refurbed.de/p/d-link-dhp-p601av-1000-hd/
2025-09-28 02:07:57,203 - INFO - Scraping 709/6851: https://www.refurbed.de/p/d-link-pl-av-500-hd-dhp-p509av-e/
2025-09-28 02:07:58,627 - INFO - Scraping 710/6851: https://www.refurbed.de/p/dell-07wj8n-kit/
2025-09-28 02:08:00,113 - INFO - Scraping 711/6851: https://www.refurbed.de/p/dell-0f4xhp/
2025-09-28 02:08:02,056 - INFO - Scraping 712/6851: https://www.refurbed.de/p/dell-0fpc2y/
2025-09-28 02:08:04,395 - INFO - Scraping 713/6851: https://www.refurbed.de/p/dell-0mv2mm/
2025-09-28 02:08:05,755 - INFO - Scraping 714/6851: https://www.refurbed.de/p/dell-0n243x-type-a5-rack-rail/
2025-09-28 02:08:07,389 - INFO - Scraping 715/6851: https://www.refurbed.de/p/dell-0rxnt1/
2025-09-28 02:08:08,840 - INFO - Scraping 716/6851: https://www.refurbed.de/p/dell-0yd9w8/
2025-09-28 02:08:10,445 - INFO - Scraping 717/6851: https://www.refurbed.de/p/dell-1u-kit-n4000-n2000/
2025-09-28 02:08:11,843 - INFO - Scraping 718/6851: https://www.refurbed.de/p/dell-2009wt-20/
2025-09-28 02:08:13,256 - INFO - Scraping 719/6851: https://www.refurbed.de/p/dell-2u-ready-sliding-rail-kit/
2025-09-28 02:08:14,700 - INFO - Scraping 720/6851: https://www.refurbed.de/p/dell-3-5-inch-2-5-inch-hdd-caddy/
2025-09-28 02:08:16,277 - INFO - Scraping 721/6851: https://www.refurbed.de/p/dell-3008wfp/
2025-09-28 02:08:17,839 - INFO - Scraping 722/6851: https://www.refurbed.de/p/dell-450-abfs/
2025-09-28 02:08:19,355 - INFO - Scraping 723/6851: https://www.refurbed.de/p/dell-450-ahrg/
2025-09-28 02:08:20,775 - INFO - Scraping 724/6851: https://www.refurbed.de/p/dell-450-bbny/
2025-09-28 02:08:22,220 - INFO - Scraping 725/6851: https://www.refurbed.de/p/dell-6ryj9-dc-power-supply/
2025-09-28 02:08:23,642 - INFO - Scraping 726/6851: https://www.refurbed.de/p/dell-7030-rug-extrem-1240u-nocam/
2025-09-28 02:08:25,397 - INFO - Scraping 727/6851: https://www.refurbed.de/p/dell-7320-2-in-1-i7-1165g/
2025-09-28 02:08:26,976 - INFO - Scraping 728/6851: https://www.refurbed.de/p/dell-7320-2-in-1-i7-1185g7/
2025-09-28 02:08:28,627 - INFO - Scraping 729/6851: https://www.refurbed.de/p/dell-7330-2-in-1-i5-1245u/
2025-09-28 02:08:28,933 - ERROR - Error fetching https://www.refurbed.de/p/dell-7330-2-in-1-i5-1245u/: 404 Client Error: Not Found for url: https://www.refurbed.de/p/dell-7330-2-in-1-i5-1245u/
2025-09-28 02:08:29,935 - INFO - Scraping 730/6851: https://www.refurbed.de/p/dell-7420-2-in-1-i5-1145g7/
2025-09-28 02:08:31,442 - INFO - Scraping 731/6851: https://www.refurbed.de/p/dell-7420-2-in-1-i7-1165g7/
2025-09-28 02:08:32,895 - INFO - Scraping 732/6851: https://www.refurbed.de/p/dell-7420-2-in-1-i7-1185g7/
2025-09-28 02:08:34,693 - INFO - Scraping 733/6851: https://www.refurbed.de/p/dell-9txk7/
2025-09-28 02:08:36,148 - INFO - Scraping 734/6851: https://www.refurbed.de/p/dell-advanced-laser-projector/
2025-09-28 02:08:37,569 - INFO - Scraping 735/6851: https://www.refurbed.de/p/dell-alienwa-area-51m-r2-10900k/
2025-09-28 02:08:39,052 - INFO - Scraping 736/6851: https://www.refurbed.de/p/dell-alienware-15-r4-8750h-15-6/
2025-09-28 02:08:40,489 - INFO - Scraping 737/6851: https://www.refurbed.de/p/dell-alienware-17-r4-7700hq-17-3/
2025-09-28 02:08:40,913 - ERROR - Error fetching https://www.refurbed.de/p/dell-alienware-17-r4-7700hq-17-3/: 404 Client Error: Not Found for url: https://www.refurbed.de/p/dell-alienware-17-r4-7700hq-17-3/
2025-09-28 02:08:41,915 - INFO - Scraping 738/6851: https://www.refurbed.de/p/dell-alienware-17-r4-7820hk-17-3/
2025-09-28 02:08:42,204 - ERROR - Error fetching https://www.refurbed.de/p/dell-alienware-17-r4-7820hk-17-3/: 404 Client Error: Not Found for url: https://www.refurbed.de/p/dell-alienware-17-r4-7820hk-17-3/
2025-09-28 02:08:43,206 - INFO - Scraping 739/6851: https://www.refurbed.de/p/dell-alienware-aurora-r10/
2025-09-28 02:08:44,771 - INFO - Scraping 740/6851: https://www.refurbed.de/p/dell-alienware-aurora-r13/
2025-09-28 02:08:46,366 - INFO - Scraping 741/6851: https://www.refurbed.de/p/dell-alienware-aurora-r8/
2025-09-28 02:08:47,783 - INFO - Scraping 742/6851: https://www.refurbed.de/p/dell-alienware-aw2518h-24-5/
2025-09-28 02:08:49,251 - INFO - Scraping 743/6851: https://www.refurbed.de/p/dell-alienware-aw2518hf-24-5/
2025-09-28 02:08:50,751 - INFO - Scraping 744/6851: https://www.refurbed.de/p/dell-alienware-aw2521hfa-24-5/
2025-09-28 02:08:52,425 - INFO - Scraping 745/6851: https://www.refurbed.de/p/dell-alienware-aw2521hfla-24-5/
2025-09-28 02:08:53,982 - INFO - Scraping 746/6851: https://www.refurbed.de/p/dell-alienware-aw2523hf/
2025-09-28 02:08:55,448 - INFO - Scraping 747/6851: https://www.refurbed.de/p/dell-alienware-aw2524hf/
2025-09-28 02:08:56,936 - INFO - Scraping 748/6851: https://www.refurbed.de/p/dell-alienware-aw2720hfa-27/
2025-09-28 02:08:58,509 - INFO - Scraping 749/6851: https://www.refurbed.de/p/dell-alienware-aw2721d/
2025-09-28 02:09:00,124 - INFO - Scraping 750/6851: https://www.refurbed.de/p/dell-alienware-aw2723df/
2025-09-28 02:09:01,673 - INFO - Scraping 751/6851: https://www.refurbed.de/p/dell-alienware-aw2724dm/
2025-09-28 02:09:03,295 - INFO - Scraping 752/6851: https://www.refurbed.de/p/dell-alienware-aw2724hf/
2025-09-28 02:09:04,910 - INFO - Scraping 753/6851: https://www.refurbed.de/p/dell-alienware-aw2725df/
2025-09-28 02:09:06,499 - INFO - Scraping 754/6851: https://www.refurbed.de/p/dell-alienware-aw2725qf-27/
2025-09-28 02:09:08,387 - INFO - Scraping 755/6851: https://www.refurbed.de/p/dell-alienware-aw3225qf-31-6/
2025-09-28 02:09:10,077 - INFO - Scraping 756/6851: https://www.refurbed.de/p/dell-alienware-aw3420dw-34/
2025-09-28 02:09:11,635 - INFO - Scraping 757/6851: https://www.refurbed.de/p/dell-alienware-aw3423dw-34-18/
2025-09-28 02:09:13,617 - INFO - Scraping 758/6851: https://www.refurbed.de/p/dell-alienware-aw3423dwf-34-18/
2025-09-28 02:09:15,298 - INFO - Scraping 759/6851: https://www.refurbed.de/p/dell-alienware-aw3821dw/
2025-09-28 02:09:16,844 - INFO - Scraping 760/6851: https://www.refurbed.de/p/dell-alienware-aw768-pro/
2025-09-28 02:09:18,551 - INFO - Scraping 761/6851: https://www.refurbed.de/p/dell-alienware-m15-r1-8750h-15-6/
2025-09-28 02:09:20,205 - INFO - Scraping 762/6851: https://www.refurbed.de/p/dell-alienware-m15-r2-i7-6700hq/
2025-09-28 02:09:20,622 - ERROR - Error fetching https://www.refurbed.de/p/dell-alienware-m15-r2-i7-6700hq/: 404 Client Error: Not Found for url: https://www.refurbed.de/p/dell-alienware-m15-r2-i7-6700hq/
2025-09-28 02:09:21,625 - INFO - Scraping 763/6851: https://www.refurbed.de/p/dell-alienware-m15-r2-i7-9750h/
2025-09-28 02:09:23,225 - INFO - Scraping 764/6851: https://www.refurbed.de/p/dell-alienware-m15-r5-7-5800h/
2025-09-28 02:09:24,576 - INFO - Scraping 765/6851: https://www.refurbed.de/p/dell-alienware-m15-r5-9-5900hx/
2025-09-28 02:09:26,106 - INFO - Scraping 766/6851: https://www.refurbed.de/p/dell-alienware-m15-r6-i5-11400h/
2025-09-28 02:09:27,598 - INFO - Scraping 767/6851: https://www.refurbed.de/p/dell-alienware-m15-r7-i7-12700h/
2025-09-28 02:09:29,028 - INFO - Scraping 768/6851: https://www.refurbed.de/p/dell-alienware-m17-r3-70870h/
2025-09-28 02:09:30,521 - INFO - Scraping 769/6851: https://www.refurbed.de/p/dell-alienware-m17-r4-10870h/
2025-09-28 02:09:32,253 - INFO - Scraping 770/6851: https://www.refurbed.de/p/dell-alienware-m18-r1-i9-13900hx/
2025-09-28 02:09:33,827 - INFO - Scraping 771/6851: https://www.refurbed.de/p/dell-alienware-x14-r1-i7-12700h/
2025-09-28 02:09:35,629 - INFO - Scraping 772/6851: https://www.refurbed.de/p/dell-alienware-x17-r2-12900hk/
2025-09-28 02:09:37,136 - INFO - Scraping 773/6851: https://www.refurbed.de/p/dell-alienware-x51-r3/
2025-09-28 02:09:37,449 - ERROR - Error fetching https://www.refurbed.de/p/dell-alienware-x51-r3/: 404 Client Error: Not Found for url: https://www.refurbed.de/p/dell-alienware-x51-r3/
2025-09-28 02:09:38,451 - INFO - Scraping 774/6851: https://www.refurbed.de/p/dell-c2422he-23-8/
2025-09-28 02:09:40,324 - INFO - Scraping 775/6851: https://www.refurbed.de/p/dell-c2423h-23-8/
2025-09-28 02:09:42,159 - INFO - Scraping 776/6851: https://www.refurbed.de/p/dell-c2722de-27/
2025-09-28 02:09:44,138 - INFO - Scraping 777/6851: https://www.refurbed.de/p/dell-c2723h-27/
2025-09-28 02:09:45,694 - INFO - Scraping 778/6851: https://www.refurbed.de/p/dell-c3422we-34/
2025-09-28 02:09:47,387 - INFO - Scraping 779/6851: https://www.refurbed.de/p/dell-c5518qt-55/
2025-09-28 02:09:49,160 - INFO - Scraping 780/6851: https://www.refurbed.de/p/dell-c5519q/
2025-09-28 02:09:50,709 - INFO - Scraping 781/6851: https://www.refurbed.de/p/dell-c5522qt-54-6/
2025-09-28 02:09:53,111 - INFO - Scraping 782/6851: https://www.refurbed.de/p/dell-c6522qt/
2025-09-28 02:09:54,648 - INFO - Scraping 783/6851: https://www.refurbed.de/p/dell-c7017t/
2025-09-28 02:09:56,157 - INFO - Scraping 784/6851: https://www.refurbed.de/p/dell-c7520qt/
2025-09-28 02:09:57,732 - INFO - Scraping 785/6851: https://www.refurbed.de/p/dell-c8618qt-86/
2025-09-28 02:09:59,293 - INFO - Scraping 786/6851: https://www.refurbed.de/p/dell-c8621qt/
2025-09-28 02:10:00,784 - INFO - Scraping 787/6851: https://www.refurbed.de/p/dell-canvas-27/
2025-09-28 02:10:02,356 - INFO - Scraping 788/6851: https://www.refurbed.de/p/dell-cb-3110-2-in-1-n4500/
2025-09-28 02:10:03,875 - INFO - Scraping 789/6851: https://www.refurbed.de/p/dell-cb-3110-2-in-1-n5100/
2025-09-28 02:10:05,549 - INFO - Scraping 790/6851: https://www.refurbed.de/p/dell-chromebook-11-3120-n2840/
2025-09-28 02:10:07,180 - INFO - Scraping 791/6851: https://www.refurbed.de/p/dell-chromebook-11-3180-n3060/
2025-09-28 02:10:08,889 - INFO - Scraping 792/6851: https://www.refurbed.de/p/dell-chromebook-11-3189-n3060/
2025-09-28 02:10:10,386 - INFO - Scraping 793/6851: https://www.refurbed.de/p/dell-chromebook-3100-n4020/
2025-09-28 02:10:12,577 - INFO - Scraping 794/6851: https://www.refurbed.de/p/dell-da200/
2025-09-28 02:10:14,096 - INFO - Scraping 795/6851: https://www.refurbed.de/p/dell-da65ns3-00/
2025-09-28 02:10:15,567 - INFO - Scraping 796/6851: https://www.refurbed.de/p/dell-dock-3000/
2025-09-28 02:10:17,203 - INFO - Scraping 797/6851: https://www.refurbed.de/p/dell-dock-d1000/
2025-09-28 02:10:19,368 - INFO - Scraping 798/6851: https://www.refurbed.de/p/dell-dock-d3100/
2025-09-28 02:10:20,888 - INFO - Scraping 799/6851: https://www.refurbed.de/p/dell-dock-d6000/
2025-09-28 02:10:22,344 - INFO - Scraping 800/6851: https://www.refurbed.de/p/dell-dock-d6000s/
2025-09-28 02:10:23,827 - INFO - Scraping 801/6851: https://www.refurbed.de/p/dell-dock-wd15/
2025-09-28 02:10:25,387 - INFO - Scraping 802/6851: https://www.refurbed.de/p/dell-dock-wd19/
2025-09-28 02:10:26,849 - INFO - Scraping 803/6851: https://www.refurbed.de/p/dell-dock-wd19s/
2025-09-28 02:10:28,581 - INFO - Scraping 804/6851: https://www.refurbed.de/p/dell-e-port-pr03x-dock/
2025-09-28 02:10:30,228 - INFO - Scraping 805/6851: https://www.refurbed.de/p/dell-e1715s-17/
2025-09-28 02:10:31,818 - INFO - Scraping 806/6851: https://www.refurbed.de/p/dell-e1908wfp-19/
2025-09-28 02:10:33,468 - INFO - Scraping 807/6851: https://www.refurbed.de/p/dell-e1912h-18-5/
2025-09-28 02:10:34,895 - INFO - Scraping 808/6851: https://www.refurbed.de/p/dell-e1916h-18-5/
2025-09-28 02:10:36,374 - INFO - Scraping 809/6851: https://www.refurbed.de/p/dell-e1916hv-18-5/
2025-09-28 02:10:38,098 - INFO - Scraping 810/6851: https://www.refurbed.de/p/dell-e1920h-18-5/
2025-09-28 02:10:39,561 - INFO - Scraping 811/6851: https://www.refurbed.de/p/dell-e2014h/
2025-09-28 02:10:41,035 - INFO - Scraping 812/6851: https://www.refurbed.de/p/dell-e2016h-19-5/
2025-09-28 02:10:42,552 - INFO - Scraping 813/6851: https://www.refurbed.de/p/dell-e2016hv-19-5/
2025-09-28 02:10:44,175 - INFO - Scraping 814/6851: https://www.refurbed.de/p/dell-e2020h-19-5/
2025-09-28 02:10:45,802 - INFO - Scraping 815/6851: https://www.refurbed.de/p/dell-e2211h-21/
2025-09-28 02:10:47,583 - INFO - Scraping 816/6851: https://www.refurbed.de/p/dell-e2214h-21/
2025-09-28 02:10:49,141 - INFO - Scraping 817/6851: https://www.refurbed.de/p/dell-e2216h-21/
2025-09-28 02:10:50,855 - INFO - Scraping 818/6851: https://www.refurbed.de/p/dell-e2216hv-21/
2025-09-28 02:10:52,496 - INFO - Scraping 819/6851: https://www.refurbed.de/p/dell-e2218hn/
2025-09-28 02:10:54,036 - INFO - Scraping 820/6851: https://www.refurbed.de/p/dell-e2221hn-21-5/
2025-09-28 02:10:55,845 - INFO - Scraping 821/6851: https://www.refurbed.de/p/dell-e2222h-21-5/
2025-09-28 02:10:57,519 - INFO - Scraping 822/6851: https://www.refurbed.de/p/dell-e2222hs-21-5/
2025-09-28 02:10:59,079 - INFO - Scraping 823/6851: https://www.refurbed.de/p/dell-e2223hn-21-5/
2025-09-28 02:11:00,664 - INFO - Scraping 824/6851: https://www.refurbed.de/p/dell-e2223hv-21-5/
2025-09-28 02:11:02,175 - INFO - Scraping 825/6851: https://www.refurbed.de/p/dell-e2311h-23/
2025-09-28 02:11:04,121 - INFO - Scraping 826/6851: https://www.refurbed.de/p/dell-e2316h-23/
2025-09-28 02:11:05,587 - INFO - Scraping 827/6851: https://www.refurbed.de/p/dell-e2318h/
2025-09-28 02:11:07,325 - INFO - Scraping 828/6851: https://www.refurbed.de/p/dell-e2414h-24/
2025-09-28 02:11:08,929 - INFO - Scraping 829/6851: https://www.refurbed.de/p/dell-e2416h-24/
2025-09-28 02:11:10,503 - INFO - Scraping 830/6851: https://www.refurbed.de/p/dell-e2417h-23-8/
2025-09-28 02:11:12,193 - INFO - Scraping 831/6851: https://www.refurbed.de/p/dell-e2420h/
2025-09-28 02:11:13,706 - INFO - Scraping 832/6851: https://www.refurbed.de/p/dell-e2420hs-23-8/
2025-09-28 02:11:15,596 - INFO - Scraping 833/6851: https://www.refurbed.de/p/dell-e2422h/
2025-09-28 02:11:17,317 - INFO - Scraping 834/6851: https://www.refurbed.de/p/dell-e2422hn-23-8/
2025-09-28 02:11:19,021 - INFO - Scraping 835/6851: https://www.refurbed.de/p/dell-e2422hs/
2025-09-28 02:11:20,564 - INFO - Scraping 836/6851: https://www.refurbed.de/p/dell-e2423h-23-8/
2025-09-28 02:11:22,362 - INFO - Scraping 837/6851: https://www.refurbed.de/p/dell-e2423hn-23-8/
2025-09-28 02:11:23,731 - INFO - Scraping 838/6851: https://www.refurbed.de/p/dell-e2424hs/
2025-09-28 02:11:25,362 - INFO - Scraping 839/6851: https://www.refurbed.de/p/dell-e2425h/
2025-09-28 02:11:27,131 - INFO - Scraping 840/6851: https://www.refurbed.de/p/dell-e2720hs/
2025-09-28 02:11:28,627 - INFO - Scraping 841/6851: https://www.refurbed.de/p/dell-e2722h-27/
2025-09-28 02:11:30,198 - INFO - Scraping 842/6851: https://www.refurbed.de/p/dell-e2722hs/
2025-09-28 02:11:31,819 - INFO - Scraping 843/6851: https://www.refurbed.de/p/dell-e2723h-27/
2025-09-28 02:11:33,409 - INFO - Scraping 844/6851: https://www.refurbed.de/p/dell-e2723hn-27/
2025-09-28 02:11:35,527 - INFO - Scraping 845/6851: https://www.refurbed.de/p/dell-e2724hs-27/
2025-09-28 02:11:37,521 - INFO - Scraping 846/6851: https://www.refurbed.de/p/dell-e2725h/
2025-09-28 02:11:39,092 - INFO - Scraping 847/6851: https://www.refurbed.de/p/dell-g15-5510-i7-10870h/
2025-09-28 02:11:40,519 - INFO - Scraping 848/6851: https://www.refurbed.de/p/dell-g15-5511-i7-11800h/
2025-09-28 02:11:41,960 - INFO - Scraping 849/6851: https://www.refurbed.de/p/dell-g15-5515-r7-5800h-15-6/
2025-09-28 02:11:43,557 - INFO - Scraping 850/6851: https://www.refurbed.de/p/dell-g16-7630-i7-13650hx/
2025-09-28 02:11:45,060 - INFO - Scraping 851/6851: https://www.refurbed.de/p/dell-g16-7630-i9-13900hx/
2025-09-28 02:11:46,623 - INFO - Scraping 852/6851: https://www.refurbed.de/p/dell-g2410-24/
2025-09-28 02:11:48,092 - INFO - Scraping 853/6851: https://www.refurbed.de/p/dell-g2422hs-23-8/
2025-09-28 02:11:49,670 - INFO - Scraping 854/6851: https://www.refurbed.de/p/dell-g2524h-24-5/
2025-09-28 02:11:51,132 - INFO - Scraping 855/6851: https://www.refurbed.de/p/dell-g2722hs-27/
2025-09-28 02:11:52,815 - INFO - Scraping 856/6851: https://www.refurbed.de/p/dell-g2723h-27/
2025-09-28 02:11:54,235 - INFO - Scraping 857/6851: https://www.refurbed.de/p/dell-g2723hn-27/
2025-09-28 02:11:55,720 - INFO - Scraping 858/6851: https://www.refurbed.de/p/dell-g2724d-27/
2025-09-28 02:11:57,219 - INFO - Scraping 859/6851: https://www.refurbed.de/p/dell-g2725d-27/
2025-09-28 02:11:58,629 - INFO - Scraping 860/6851: https://www.refurbed.de/p/dell-g3-15-3500-10750h/
2025-09-28 02:12:00,024 - INFO - Scraping 861/6851: https://www.refurbed.de/p/dell-g3-15-3579-i5-8300h-15-6/
2025-09-28 02:12:01,599 - INFO - Scraping 862/6851: https://www.refurbed.de/p/dell-g3-15-3590-9750h-15-6/
2025-09-28 02:12:03,230 - INFO - Scraping 863/6851: https://www.refurbed.de/p/dell-g3-15-3590-i5-9300h-15-6/
2025-09-28 02:12:04,670 - INFO - Scraping 864/6851: https://www.refurbed.de/p/dell-g3223d-31-5/
2025-09-28 02:12:06,220 - INFO - Scraping 865/6851: https://www.refurbed.de/p/dell-g3223q-32/
2025-09-28 02:12:07,777 - INFO - Scraping 866/6851: https://www.refurbed.de/p/dell-g5-15-i5-8300h/
2025-09-28 02:12:09,387 - INFO - Scraping 867/6851: https://www.refurbed.de/p/dell-g5-15-se-5505-5-4600h/
2025-09-28 02:12:11,003 - INFO - Scraping 868/6851: https://www.refurbed.de/p/dell-ha45nm131/
2025-09-28 02:12:12,626 - INFO - Scraping 869/6851: https://www.refurbed.de/p/dell-inspi-13-7306-2-in-1-1135g7/
2025-09-28 02:12:14,075 - INFO - Scraping 870/6851: https://www.refurbed.de/p/dell-inspi-13-7306-2-in-1-1165g7/
2025-09-28 02:12:15,543 - INFO - Scraping 871/6851: https://www.refurbed.de/p/dell-inspi-13-7378-i7-7500u/
2025-09-28 02:12:15,816 - ERROR - Error fetching https://www.refurbed.de/p/dell-inspi-13-7378-i7-7500u/: 404 Client Error: Not Found for url: https://www.refurbed.de/p/dell-inspi-13-7378-i7-7500u/
2025-09-28 02:12:16,818 - INFO - Scraping 872/6851: https://www.refurbed.de/p/dell-inspi-13-7386-2-in-1-8565u/
2025-09-28 02:12:18,266 - INFO - Scraping 873/6851: https://www.refurbed.de/p/dell-inspi-13-7391-2-in-1-10510u/
2025-09-28 02:12:19,717 - INFO - Scraping 874/6851: https://www.refurbed.de/p/dell-inspi-13-7391-i5-10210u/
2025-09-28 02:12:21,152 - INFO - Scraping 875/6851: https://www.refurbed.de/p/dell-inspi-7320-1165g7/
2025-09-28 02:12:22,794 - INFO - Scraping 876/6851: https://www.refurbed.de/p/dell-inspir-15-5579-2-in-1-8250u/
2025-09-28 02:12:24,315 - INFO - Scraping 877/6851: https://www.refurbed.de/p/dell-inspir-16-7620-2-in-1-1260p/
2025-09-28 02:12:25,848 - INFO - Scraping 878/6851: https://www.refurbed.de/p/dell-inspirion-14-5400-i7-1065g7/
2025-09-28 02:12:27,267 - INFO - Scraping 879/6851: https://www.refurbed.de/p/dell-inspirion-14-5400/
2025-09-28 02:12:28,810 - INFO - Scraping 880/6851: https://www.refurbed.de/p/dell-inspirion-14-5410-i5-11320h/
2025-09-28 02:12:30,327 - INFO - Scraping 881/6851: https://www.refurbed.de/p/dell-inspirion-14-5410-i5-1155g7/
2025-09-28 02:12:31,801 - INFO - Scraping 882/6851: https://www.refurbed.de/p/dell-inspirion-14-5410-i7-1195g7/
2025-09-28 02:12:33,609 - INFO - Scraping 883/6851: https://www.refurbed.de/p/dell-inspirion-14-7420-i7-1255u/
2025-09-28 02:12:35,215 - INFO - Scraping 884/6851: https://www.refurbed.de/p/dell-inspirion-17-5749-i3-5005u/
2025-09-28 02:12:35,819 - ERROR - Error fetching https://www.refurbed.de/p/dell-inspirion-17-5749-i3-5005u/: 404 Client Error: Not Found for url: https://www.refurbed.de/p/dell-inspirion-17-5749-i3-5005u/
2025-09-28 02:12:36,821 - INFO - Scraping 885/6851: https://www.refurbed.de/p/dell-inspirion-17-5758-i3-5015u/
2025-09-28 02:12:37,471 - ERROR - Error fetching https://www.refurbed.de/p/dell-inspirion-17-5758-i3-5015u/: 404 Client Error: Not Found for url: https://www.refurbed.de/p/dell-inspirion-17-5758-i3-5015u/
2025-09-28 02:12:38,473 - INFO - Scraping 886/6851: https://www.refurbed.de/p/dell-inspirion-17-7791-i7-10510u/
2025-09-28 02:12:39,955 - INFO - Scraping 887/6851: https://www.refurbed.de/p/dell-inspiro-16-plus-7620-12700h/
2025-09-28 02:12:41,665 - INFO - Scraping 888/6851: https://www.refurbed.de/p/dell-inspiron-13-5301-i5-1135g7/
2025-09-28 02:12:43,201 - INFO - Scraping 889/6851: https://www.refurbed.de/p/dell-inspiron-13-5310-i5-11300h/
2025-09-28 02:12:44,803 - INFO - Scraping 890/6851: https://www.refurbed.de/p/dell-inspiron-13-5378-i5-7200u/
2025-09-28 02:12:45,093 - ERROR - Error fetching https://www.refurbed.de/p/dell-inspiron-13-5378-i5-7200u/: 404 Client Error: Not Found for url: https://www.refurbed.de/p/dell-inspiron-13-5378-i5-7200u/
2025-09-28 02:12:46,095 - INFO - Scraping 891/6851: https://www.refurbed.de/p/dell-inspiron-13-5378-i5-8250u/
2025-09-28 02:12:47,559 - INFO - Scraping 892/6851: https://www.refurbed.de/p/dell-inspiron-13-5391-i5-10210u/
2025-09-28 02:12:48,993 - INFO - Scraping 893/6851: https://www.refurbed.de/p/dell-inspiron-13-7353-6500u-13/
2025-09-28 02:12:49,300 - ERROR - Error fetching https://www.refurbed.de/p/dell-inspiron-13-7353-6500u-13/: 404 Client Error: Not Found for url: https://www.refurbed.de/p/dell-inspiron-13-7353-6500u-13/
2025-09-28 02:12:50,302 - INFO - Scraping 894/6851: https://www.refurbed.de/p/dell-inspiron-13-7373-i5-8250u/
2025-09-28 02:12:51,837 - INFO - Scraping 895/6851: https://www.refurbed.de/p/dell-inspiron-14-5402-1135g7-14/
2025-09-28 02:12:53,300 - INFO - Scraping 896/6851: https://www.refurbed.de/p/dell-inspiron-14-5406/
2025-09-28 02:12:54,847 - INFO - Scraping 897/6851: https://www.refurbed.de/p/dell-inspiron-14-5410-i5-1135g7/
2025-09-28 02:12:55,228 - ERROR - Error fetching https://www.refurbed.de/p/dell-inspiron-14-5410-i5-1135g7/: 404 Client Error: Not Found for url: https://www.refurbed.de/p/dell-inspiron-14-5410-i5-1135g7/
2025-09-28 02:12:56,229 - INFO - Scraping 898/6851: https://www.refurbed.de/p/dell-inspiron-15-3000-i5-1035g1/
2025-09-28 02:12:57,801 - INFO - Scraping 899/6851: https://www.refurbed.de/p/dell-inspiron-15-3501-i3-1115g4/
2025-09-28 02:12:59,370 - INFO - Scraping 900/6851: https://www.refurbed.de/p/dell-inspiron-15-3501-i5-1035g1/
2025-09-28 02:13:00,982 - INFO - Scraping 901/6851: https://www.refurbed.de/p/dell-inspiron-15-3505-5300u/
2025-09-28 02:13:03,159 - INFO - Scraping 902/6851: https://www.refurbed.de/p/dell-inspiron-15-3511-i3-1115g4/
2025-09-28 02:13:04,656 - INFO - Scraping 903/6851: https://www.refurbed.de/p/dell-inspiron-15-3511-i5-1035g1/
2025-09-28 02:13:06,643 - INFO - Scraping 904/6851: https://www.refurbed.de/p/dell-inspiron-15-3520-i3-1215u/
2025-09-28 02:13:08,348 - INFO - Scraping 905/6851: https://www.refurbed.de/p/dell-inspiron-15-3520-i7-1255u/
2025-09-28 02:13:09,924 - INFO - Scraping 906/6851: https://www.refurbed.de/p/dell-inspiron-15-3567-7200u-15-6/
2025-09-28 02:13:10,198 - ERROR - Error fetching https://www.refurbed.de/p/dell-inspiron-15-3567-7200u-15-6/: 404 Client Error: Not Found for url: https://www.refurbed.de/p/dell-inspiron-15-3567-7200u-15-6/
2025-09-28 02:13:11,200 - INFO - Scraping 907/6851: https://www.refurbed.de/p/dell-inspiron-15-3567-i3-6006u/
2025-09-28 02:13:11,573 - ERROR - Error fetching https://www.refurbed.de/p/dell-inspiron-15-3567-i3-6006u/: 404 Client Error: Not Found for url: https://www.refurbed.de/p/dell-inspiron-15-3567-i3-6006u/
2025-09-28 02:13:12,575 - INFO - Scraping 908/6851: https://www.refurbed.de/p/dell-inspiron-15-3576-i5-8250u/
2025-09-28 02:13:14,133 - INFO - Scraping 909/6851: https://www.refurbed.de/p/dell-inspiron-15-3580-8145u-15-6/
2025-09-28 02:13:15,631 - INFO - Scraping 910/6851: https://www.refurbed.de/p/dell-inspiron-15-3580-8165u-15-6/
2025-09-28 02:13:15,956 - ERROR - Error fetching https://www.refurbed.de/p/dell-inspiron-15-3580-8165u-15-6/: 404 Client Error: Not Found for url: https://www.refurbed.de/p/dell-inspiron-15-3580-8165u-15-6/
2025-09-28 02:13:16,958 - INFO - Scraping 911/6851: https://www.refurbed.de/p/dell-inspiron-15-3583-i3-8145u/
2025-09-28 02:13:18,387 - INFO - Scraping 912/6851: https://www.refurbed.de/p/dell-inspiron-15-3583-i5-8265u/
2025-09-28 02:13:19,823 - INFO - Scraping 913/6851: https://www.refurbed.de/p/dell-inspiron-15-3590-i5-10210u/
2025-09-28 02:13:20,118 - ERROR - Error fetching https://www.refurbed.de/p/dell-inspiron-15-3590-i5-10210u/: 404 Client Error: Not Found for url: https://www.refurbed.de/p/dell-inspiron-15-3590-i5-10210u/
2025-09-28 02:13:21,120 - INFO - Scraping 914/6851: https://www.refurbed.de/p/dell-inspiron-15-3593-i5-1035g1/
2025-09-28 02:13:22,929 - INFO - Scraping 915/6851: https://www.refurbed.de/p/dell-inspiron-15-3593-i7-1065g7/
2025-09-28 02:13:24,716 - INFO - Scraping 916/6851: https://www.refurbed.de/p/dell-inspiron-15-5505-4500u/
2025-09-28 02:13:26,149 - INFO - Scraping 917/6851: https://www.refurbed.de/p/dell-inspiron-15-5548-i5-5200u/
2025-09-28 02:13:26,881 - ERROR - Error fetching https://www.refurbed.de/p/dell-inspiron-15-5548-i5-5200u/: 404 Client Error: Not Found for url: https://www.refurbed.de/p/dell-inspiron-15-5548-i5-5200u/
2025-09-28 02:13:27,884 - INFO - Scraping 918/6851: https://www.refurbed.de/p/dell-inspiron-15-5559-6200u-15-6/
2025-09-28 02:13:28,393 - ERROR - Error fetching https://www.refurbed.de/p/dell-inspiron-15-5559-6200u-15-6/: 404 Client Error: Not Found for url: https://www.refurbed.de/p/dell-inspiron-15-5559-6200u-15-6/
2025-09-28 02:13:29,395 - INFO - Scraping 919/6851: https://www.refurbed.de/p/dell-inspiron-15-5565-fx-9800p/
2025-09-28 02:13:29,752 - ERROR - Error fetching https://www.refurbed.de/p/dell-inspiron-15-5565-fx-9800p/: 404 Client Error: Not Found for url: https://www.refurbed.de/p/dell-inspiron-15-5565-fx-9800p/
2025-09-28 02:13:30,754 - INFO - Scraping 920/6851: https://www.refurbed.de/p/dell-inspiron-15-5567-7200u-15-6/
2025-09-28 02:13:31,035 - ERROR - Error fetching https://www.refurbed.de/p/dell-inspiron-15-5567-7200u-15-6/: 404 Client Error: Not Found for url: https://www.refurbed.de/p/dell-inspiron-15-5567-7200u-15-6/
2025-09-28 02:13:32,037 - INFO - Scraping 921/6851: https://www.refurbed.de/p/dell-inspiron-15-5567-7500u-15-6/
2025-09-28 02:13:32,357 - ERROR - Error fetching https://www.refurbed.de/p/dell-inspiron-15-5567-7500u-15-6/: 404 Client Error: Not Found for url: https://www.refurbed.de/p/dell-inspiron-15-5567-7500u-15-6/
2025-09-28 02:13:33,359 - INFO - Scraping 922/6851: https://www.refurbed.de/p/dell-inspiron-15-5568-i7-8550u/
2025-09-28 02:13:34,860 - INFO - Scraping 923/6851: https://www.refurbed.de/p/dell-inspiron-15-5570-8250u/
2025-09-28 02:13:36,519 - INFO - Scraping 924/6851: https://www.refurbed.de/p/dell-inspiron-15-5570-i7-8550u/
2025-09-28 02:13:37,991 - INFO - Scraping 925/6851: https://www.refurbed.de/p/dell-inspiron-15-5578-7200u/
2025-09-28 02:13:38,305 - ERROR - Error fetching https://www.refurbed.de/p/dell-inspiron-15-5578-7200u/: 404 Client Error: Not Found for url: https://www.refurbed.de/p/dell-inspiron-15-5578-7200u/
2025-09-28 02:13:39,307 - INFO - Scraping 926/6851: https://www.refurbed.de/p/dell-inspiron-15-5584-i7-8565u/
2025-09-28 02:13:41,089 - INFO - Scraping 927/6851: https://www.refurbed.de/p/dell-inspiron-15-5590-i5-10210u/
2025-09-28 02:13:42,554 - INFO - Scraping 928/6851: https://www.refurbed.de/p/dell-inspiron-15-5591-2-in-1/
2025-09-28 02:13:44,098 - INFO - Scraping 929/6851: https://www.refurbed.de/p/dell-inspiron-15-5593-i5-1035g1/
2025-09-28 02:13:45,533 - INFO - Scraping 930/6851: https://www.refurbed.de/p/dell-inspiron-15-7501-i5-10300h/
2025-09-28 02:13:47,827 - INFO - Scraping 931/6851: https://www.refurbed.de/p/dell-inspiron-15-7506-i5-1135g7/
2025-09-28 02:13:49,274 - INFO - Scraping 932/6851: https://www.refurbed.de/p/dell-inspiron-15-7548-i5-5200u/
2025-09-28 02:13:49,637 - ERROR - Error fetching https://www.refurbed.de/p/dell-inspiron-15-7548-i5-5200u/: 404 Client Error: Not Found for url: https://www.refurbed.de/p/dell-inspiron-15-7548-i5-5200u/
2025-09-28 02:13:50,639 - INFO - Scraping 933/6851: https://www.refurbed.de/p/dell-inspiron-15-7569-i7-8550u/
2025-09-28 02:13:52,099 - INFO - Scraping 934/6851: https://www.refurbed.de/p/dell-inspiron-15-7570-8550u-15-6/
2025-09-28 02:13:53,565 - INFO - Scraping 935/6851: https://www.refurbed.de/p/dell-inspiron-15-7570-i5-8250u/
2025-09-28 02:13:55,120 - INFO - Scraping 936/6851: https://www.refurbed.de/p/dell-inspiron-15-7579-7500u-15-6/
2025-09-28 02:13:55,445 - ERROR - Error fetching https://www.refurbed.de/p/dell-inspiron-15-7579-7500u-15-6/: 404 Client Error: Not Found for url: https://www.refurbed.de/p/dell-inspiron-15-7579-7500u-15-6/
2025-09-28 02:13:56,447 - INFO - Scraping 937/6851: https://www.refurbed.de/p/dell-inspiron-15-7586-i7-8565u/
2025-09-28 02:13:57,949 - INFO - Scraping 938/6851: https://www.refurbed.de/p/dell-inspiron-15-7590-i5-9300h/
2025-09-28 02:13:59,507 - INFO - Scraping 939/6851: https://www.refurbed.de/p/dell-inspiron-15-7590-i7-9750h/
2025-09-28 02:14:00,933 - INFO - Scraping 940/6851: https://www.refurbed.de/p/dell-inspiron-15-7591-2-1-10210u/
2025-09-28 02:14:02,441 - INFO - Scraping 941/6851: https://www.refurbed.de/p/dell-inspiron-15-7591-i7-10510u/
2025-09-28 02:14:04,119 - INFO - Scraping 942/6851: https://www.refurbed.de/p/dell-inspiron-16-5620-i7-1255u/
2025-09-28 02:14:05,716 - INFO - Scraping 943/6851: https://www.refurbed.de/p/dell-inspiron-16-plus-7610/
2025-09-28 02:14:07,450 - INFO - Scraping 944/6851: https://www.refurbed.de/p/dell-inspiron-17-7773-i5-8250u/
2025-09-28 02:14:09,288 - INFO - Scraping 945/6851: https://www.refurbed.de/p/dell-inspiron-17-7773-i7-8550u/
2025-09-28 02:14:10,790 - INFO - Scraping 946/6851: https://www.refurbed.de/p/dell-inspiron-3780-i7-8565u/
2025-09-28 02:14:11,553 - ERROR - Error fetching https://www.refurbed.de/p/dell-inspiron-3780-i7-8565u/: 404 Client Error: Not Found for url: https://www.refurbed.de/p/dell-inspiron-3780-i7-8565u/
2025-09-28 02:14:12,555 - INFO - Scraping 947/6851: https://www.refurbed.de/p/dell-inspiron-3780-i7-8665u/
2025-09-28 02:14:12,840 - ERROR - Error fetching https://www.refurbed.de/p/dell-inspiron-3780-i7-8665u/: 404 Client Error: Not Found for url: https://www.refurbed.de/p/dell-inspiron-3780-i7-8665u/
2025-09-28 02:14:13,842 - INFO - Scraping 948/6851: https://www.refurbed.de/p/dell-inspiron-3793-i3-1005g1/
2025-09-28 02:14:15,417 - INFO - Scraping 949/6851: https://www.refurbed.de/p/dell-inspiron-3793-i5-1035g1/
2025-09-28 02:14:17,019 - INFO - Scraping 950/6851: https://www.refurbed.de/p/dell-inspiron-5379-i7-8550u/
2025-09-28 02:14:18,508 - INFO - Scraping 951/6851: https://www.refurbed.de/p/dell-inspiron-5480-8265u-14/
2025-09-28 02:14:19,932 - INFO - Scraping 952/6851: https://www.refurbed.de/p/dell-inspiron-5482-8265u-14/
2025-09-28 02:14:20,196 - ERROR - Error fetching https://www.refurbed.de/p/dell-inspiron-5482-8265u-14/: 404 Client Error: Not Found for url: https://www.refurbed.de/p/dell-inspiron-5482-8265u-14/
2025-09-28 02:14:21,197 - INFO - Scraping 953/6851: https://www.refurbed.de/p/dell-inspiron-5490-10210u/
2025-09-28 02:14:21,803 - ERROR - Error fetching https://www.refurbed.de/p/dell-inspiron-5490-10210u/: 404 Client Error: Not Found for url: https://www.refurbed.de/p/dell-inspiron-5490-10210u/
2025-09-28 02:14:22,805 - INFO - Scraping 954/6851: https://www.refurbed.de/p/dell-inspiron-5490-10510u-14/
2025-09-28 02:14:24,225 - INFO - Scraping 955/6851: https://www.refurbed.de/p/dell-inspiron-5490-8050u/
2025-09-28 02:14:25,671 - INFO - Scraping 956/6851: https://www.refurbed.de/p/dell-inspiron-5491-10110u-14/
2025-09-28 02:14:27,223 - INFO - Scraping 957/6851: https://www.refurbed.de/p/dell-inspiron-5491-2in1-i5/
2025-09-28 02:14:27,486 - ERROR - Error fetching https://www.refurbed.de/p/dell-inspiron-5491-2in1-i5/: 404 Client Error: Not Found for url: https://www.refurbed.de/p/dell-inspiron-5491-2in1-i5/
2025-09-28 02:14:28,488 - INFO - Scraping 958/6851: https://www.refurbed.de/p/dell-inspiron-5491-i5-10210u/
2025-09-28 02:14:30,000 - INFO - Scraping 959/6851: https://www.refurbed.de/p/dell-inspiron-5493-1035g1/
2025-09-28 02:14:31,666 - INFO - Scraping 960/6851: https://www.refurbed.de/p/dell-inspiron-5580-8265u-156/
2025-09-28 02:14:33,234 - INFO - Scraping 961/6851: https://www.refurbed.de/p/dell-inspiron-5770-8250u/
2025-09-28 02:14:34,702 - INFO - Scraping 962/6851: https://www.refurbed.de/p/dell-inspiron-5770-8550u/
2025-09-28 02:14:36,223 - INFO - Scraping 963/6851: https://www.refurbed.de/p/dell-inspiron-7380-i5-8265u-13/
2025-09-28 02:14:36,543 - ERROR - Error fetching https://www.refurbed.de/p/dell-inspiron-7380-i5-8265u-13/: 404 Client Error: Not Found for url: https://www.refurbed.de/p/dell-inspiron-7380-i5-8265u-13/
2025-09-28 02:14:37,545 - INFO - Scraping 964/6851: https://www.refurbed.de/p/dell-inspiron-7380-i7-7660u-13/
2025-09-28 02:14:37,968 - ERROR - Error fetching https://www.refurbed.de/p/dell-inspiron-7380-i7-7660u-13/: 404 Client Error: Not Found for url: https://www.refurbed.de/p/dell-inspiron-7380-i7-7660u-13/
2025-09-28 02:14:38,970 - INFO - Scraping 965/6851: https://www.refurbed.de/p/dell-inspiron-7380-i7-8565u-13/
2025-09-28 02:14:40,406 - INFO - Scraping 966/6851: https://www.refurbed.de/p/dell-inspiron-7506-2in1-1165g7/
2025-09-28 02:14:41,925 - INFO - Scraping 967/6851: https://www.refurbed.de/p/dell-inspiron-7573-i5-8250u/
2025-09-28 02:14:43,509 - INFO - Scraping 968/6851: https://www.refurbed.de/p/dell-inspiron-7573-i7-8550u/
2025-09-28 02:14:45,425 - INFO - Scraping 969/6851: https://www.refurbed.de/p/dell-k10a/
2025-09-28 02:14:46,942 - INFO - Scraping 970/6851: https://www.refurbed.de/p/dell-k17a-wd15/
2025-09-28 02:14:48,444 - INFO - Scraping 971/6851: https://www.refurbed.de/p/dell-kb212-b/
2025-09-28 02:14:50,005 - INFO - Scraping 972/6851: https://www.refurbed.de/p/dell-kb216/
2025-09-28 02:14:51,490 - INFO - Scraping 973/6851: https://www.refurbed.de/p/dell-km713/
2025-09-28 02:14:52,909 - INFO - Scraping 974/6851: https://www.refurbed.de/p/dell-la180pm180/
2025-09-28 02:14:54,552 - INFO - Scraping 975/6851: https://www.refurbed.de/p/dell-la65ne1/
2025-09-28 02:14:56,040 - INFO - Scraping 976/6851: https://www.refurbed.de/p/dell-la90pm130/
2025-09-28 02:14:57,494 - INFO - Scraping 977/6851: https://www.refurbed.de/p/dell-la90ps0-00/
2025-09-28 02:14:59,142 - INFO - Scraping 978/6851: https://www.refurbed.de/p/dell-lat-5424-rugged-i3-7130u/
2025-09-28 02:14:59,508 - ERROR - Error fetching https://www.refurbed.de/p/dell-lat-5424-rugged-i3-7130u/: 404 Client Error: Not Found for url: https://www.refurbed.de/p/dell-lat-5424-rugged-i3-7130u/
2025-09-28 02:15:00,510 - INFO - Scraping 979/6851: https://www.refurbed.de/p/dell-lat-5424-rugged-i5-8350u/
2025-09-28 02:15:02,110 - INFO - Scraping 980/6851: https://www.refurbed.de/p/dell-lat-5424-rugged-i7-8650u/
2025-09-28 02:15:03,778 - INFO - Scraping 981/6851: https://www.refurbed.de/p/dell-lat-7030-rugg-extrem-1240u/
2025-09-28 02:15:05,708 - INFO - Scraping 982/6851: https://www.refurbed.de/p/dell-lat-7030-rugg-extrem-1260u/
2025-09-28 02:15:07,398 - INFO - Scraping 983/6851: https://www.refurbed.de/p/dell-lat-7230-rugg-extrem-1210u/
2025-09-28 02:15:09,161 - INFO - Scraping 984/6851: https://www.refurbed.de/p/dell-lat-7230-rugg-extrem-1240u/
2025-09-28 02:15:10,989 - INFO - Scraping 985/6851: https://www.refurbed.de/p/dell-lat-7230-rugg-extrem-1260u/
2025-09-28 02:15:12,462 - INFO - Scraping 986/6851: https://www.refurbed.de/p/dell-lat-7424-rugg-extreme-8650u/
2025-09-28 02:15:13,906 - INFO - Scraping 987/6851: https://www.refurbed.de/p/dell-lat-7424-rugged-extreme/
2025-09-28 02:15:15,412 - INFO - Scraping 988/6851: https://www.refurbed.de/p/dell-lati-5591-156-i5-8300h/
2025-09-28 02:15:16,934 - INFO - Scraping 989/6851: https://www.refurbed.de/p/dell-lati-5591-156-i5-8400h/
2025-09-28 02:15:18,652 - INFO - Scraping 990/6851: https://www.refurbed.de/p/dell-lati-5591-156-i7-8550h/
2025-09-28 02:15:18,934 - ERROR - Error fetching https://www.refurbed.de/p/dell-lati-5591-156-i7-8550h/: 404 Client Error: Not Found for url: https://www.refurbed.de/p/dell-lati-5591-156-i7-8550h/
2025-09-28 02:15:19,937 - INFO - Scraping 991/6851: https://www.refurbed.de/p/dell-lati-5591-156-i7-8850h/
2025-09-28 02:15:21,515 - INFO - Scraping 992/6851: https://www.refurbed.de/p/dell-latitude-11-3150-n3540/
2025-09-28 02:15:21,914 - ERROR - Error fetching https://www.refurbed.de/p/dell-latitude-11-3150-n3540/: 404 Client Error: Not Found for url: https://www.refurbed.de/p/dell-latitude-11-3150-n3540/
2025-09-28 02:15:22,916 - INFO - Scraping 993/6851: https://www.refurbed.de/p/dell-latitude-11-5175-tablet/
2025-09-28 02:15:23,159 - ERROR - Error fetching https://www.refurbed.de/p/dell-latitude-11-5175-tablet/: 404 Client Error: Not Found for url: https://www.refurbed.de/p/dell-latitude-11-5175-tablet/
2025-09-28 02:15:24,161 - INFO - Scraping 994/6851: https://www.refurbed.de/p/dell-latitude-12-rugged-extreme-/
2025-09-28 02:15:24,471 - ERROR - Error fetching https://www.refurbed.de/p/dell-latitude-12-rugged-extreme-/: 404 Client Error: Not Found for url: https://www.refurbed.de/p/dell-latitude-12-rugged-extreme-/
2025-09-28 02:15:25,474 - INFO - Scraping 995/6851: https://www.refurbed.de/p/dell-latitude-12-rugged-i5-4210u/
2025-09-28 02:15:25,994 - ERROR - Error fetching https://www.refurbed.de/p/dell-latitude-12-rugged-i5-4210u/: 404 Client Error: Not Found for url: https://www.refurbed.de/p/dell-latitude-12-rugged-i5-4210u/
2025-09-28 02:15:26,996 - INFO - Scraping 996/6851: https://www.refurbed.de/p/dell-latitude-13-3-8350u/
2025-09-28 02:15:28,764 - INFO - Scraping 997/6851: https://www.refurbed.de/p/dell-latitude-13-3340-4200u/
2025-09-28 02:15:29,391 - ERROR - Error fetching https://www.refurbed.de/p/dell-latitude-13-3340-4200u/: 404 Client Error: Not Found for url: https://www.refurbed.de/p/dell-latitude-13-3340-4200u/
2025-09-28 02:15:30,394 - INFO - Scraping 998/6851: https://www.refurbed.de/p/dell-latitude-13-3340-4210u/
2025-09-28 02:15:30,709 - ERROR - Error fetching https://www.refurbed.de/p/dell-latitude-13-3340-4210u/: 404 Client Error: Not Found for url: https://www.refurbed.de/p/dell-latitude-13-3340-4210u/
2025-09-28 02:15:31,711 - INFO - Scraping 999/6851: https://www.refurbed.de/p/dell-latitude-13-3340-i3-4005u/
2025-09-28 02:15:32,300 - ERROR - Error fetching https://www.refurbed.de/p/dell-latitude-13-3340-i3-4005u/: 404 Client Error: Not Found for url: https://www.refurbed.de/p/dell-latitude-13-3340-i3-4005u/
2025-09-28 02:15:33,303 - INFO - Scraping 1000/6851: https://www.refurbed.de/p/dell-latitude-13-3340-i3-4010u/
2025-09-28 02:15:33,877 - ERROR - Error fetching https://www.refurbed.de/p/dell-latitude-13-3340-i3-4010u/: 404 Client Error: Not Found for url: https://www.refurbed.de/p/dell-latitude-13-3340-i3-4010u/
2025-09-28 02:15:34,879 - INFO - Scraping 1001/6851: https://www.refurbed.de/p/dell-latitude-13-3380-4415u/
2025-09-28 02:15:35,264 - ERROR - Error fetching https://www.refurbed.de/p/dell-latitude-13-3380-4415u/: 404 Client Error: Not Found for url: https://www.refurbed.de/p/dell-latitude-13-3380-4415u/
2025-09-28 02:15:36,266 - INFO - Scraping 1002/6851: https://www.refurbed.de/p/dell-latitude-13-3380-i3-6006u/
2025-09-28 02:15:36,761 - ERROR - Error fetching https://www.refurbed.de/p/dell-latitude-13-3380-i3-6006u/: 404 Client Error: Not Found for url: https://www.refurbed.de/p/dell-latitude-13-3380-i3-6006u/
2025-09-28 02:15:37,763 - INFO - Scraping 1003/6851: https://www.refurbed.de/p/dell-latitude-13-3380-i5-7200u/
2025-09-28 02:15:38,326 - ERROR - Error fetching https://www.refurbed.de/p/dell-latitude-13-3380-i5-7200u/: 404 Client Error: Not Found for url: https://www.refurbed.de/p/dell-latitude-13-3380-i5-7200u/
2025-09-28 02:15:39,328 - INFO - Scraping 1004/6851: https://www.refurbed.de/p/dell-latitude-13-3380-i5-8250u/
2025-09-28 02:15:40,903 - INFO - Scraping 1005/6851: https://www.refurbed.de/p/dell-latitude-13-3580-i5-7200u/
2025-09-28 02:15:41,270 - ERROR - Error fetching https://www.refurbed.de/p/dell-latitude-13-3580-i5-7200u/: 404 Client Error: Not Found for url: https://www.refurbed.de/p/dell-latitude-13-3580-i5-7200u/
2025-09-28 02:15:42,272 - INFO - Scraping 1006/6851: https://www.refurbed.de/p/dell-latitude-13-7370-m7-6y75-13/
2025-09-28 02:15:42,574 - ERROR - Error fetching https://www.refurbed.de/p/dell-latitude-13-7370-m7-6y75-13/: 404 Client Error: Not Found for url: https://www.refurbed.de/p/dell-latitude-13-7370-m7-6y75-13/
2025-09-28 02:15:43,576 - INFO - Scraping 1007/6851: https://www.refurbed.de/p/dell-latitude-13-i3-8130u/
2025-09-28 02:15:45,120 - INFO - Scraping 1008/6851: https://www.refurbed.de/p/dell-latitude-14-3410-10210u/
2025-09-28 02:15:47,016 - INFO - Scraping 1009/6851: https://www.refurbed.de/p/dell-latitude-14-3410-10310u/
2025-09-28 02:15:48,612 - INFO - Scraping 1010/6851: https://www.refurbed.de/p/dell-latitude-14-3410-i3-10110u/
2025-09-28 02:15:50,257 - INFO - Scraping 1011/6851: https://www.refurbed.de/p/dell-latitude-14-3410-i7-10510u/
2025-09-28 02:15:51,799 - INFO - Scraping 1012/6851: https://www.refurbed.de/p/dell-latitude-14-3490-8250u/
2025-09-28 02:15:53,389 - INFO - Scraping 1013/6851: https://www.refurbed.de/p/dell-latitude-14-3490-8350u/
2025-09-28 02:15:54,855 - INFO - Scraping 1014/6851: https://www.refurbed.de/p/dell-latitude-14-3490-i5-7200u/
2025-09-28 02:15:55,221 - ERROR - Error fetching https://www.refurbed.de/p/dell-latitude-14-3490-i5-7200u/: 404 Client Error: Not Found for url: https://www.refurbed.de/p/dell-latitude-14-3490-i5-7200u/
2025-09-28 02:15:56,223 - INFO - Scraping 1015/6851: https://www.refurbed.de/p/dell-latitude-14-5495-2500u/
2025-09-28 02:15:56,496 - ERROR - Error fetching https://www.refurbed.de/p/dell-latitude-14-5495-2500u/: 404 Client Error: Not Found for url: https://www.refurbed.de/p/dell-latitude-14-5495-2500u/
2025-09-28 02:15:57,498 - INFO - Scraping 1016/6851: https://www.refurbed.de/p/dell-latitude-14-9410-2-1-10310u/
2025-09-28 02:15:59,039 - INFO - Scraping 1017/6851: https://www.refurbed.de/p/dell-latitude-14-9410-2-1-10610u/
2025-09-28 02:16:00,602 - INFO - Scraping 1018/6851: https://www.refurbed.de/p/dell-latitude-14-9420-i5-1145g7/
2025-09-28 02:16:02,142 - INFO - Scraping 1019/6851: https://www.refurbed.de/p/dell-latitude-14-9420-i7-1185g7/
2025-09-28 02:16:03,797 - INFO - Scraping 1020/6851: https://www.refurbed.de/p/dell-latitude-14-extreme5-6300u/
2025-09-28 02:16:04,257 - ERROR - Error fetching https://www.refurbed.de/p/dell-latitude-14-extreme5-6300u/: 404 Client Error: Not Found for url: https://www.refurbed.de/p/dell-latitude-14-extreme5-6300u/
2025-09-28 02:16:05,259 - INFO - Scraping 1021/6851: https://www.refurbed.de/p/dell-latitude-14-rggd5414-6600u/
2025-09-28 02:16:05,527 - ERROR - Error fetching https://www.refurbed.de/p/dell-latitude-14-rggd5414-6600u/: 404 Client Error: Not Found for url: https://www.refurbed.de/p/dell-latitude-14-rggd5414-6600u/
2025-09-28 02:16:06,529 - INFO - Scraping 1022/6851: https://www.refurbed.de/p/dell-latitude-14-rggd5414/
2025-09-28 02:16:06,801 - ERROR - Error fetching https://www.refurbed.de/p/dell-latitude-14-rggd5414/: 404 Client Error: Not Found for url: https://www.refurbed.de/p/dell-latitude-14-rggd5414/
2025-09-28 02:16:07,803 - INFO - Scraping 1023/6851: https://www.refurbed.de/p/dell-latitude-14-rugged-extreme-/
2025-09-28 02:16:08,178 - ERROR - Error fetching https://www.refurbed.de/p/dell-latitude-14-rugged-extreme-/: 404 Client Error: Not Found for url: https://www.refurbed.de/p/dell-latitude-14-rugged-extreme-/
2025-09-28 02:16:09,180 - INFO - Scraping 1024/6851: https://www.refurbed.de/p/dell-latitude-14-rugged-i5-6300u/
2025-09-28 02:16:09,578 - ERROR - Error fetching https://www.refurbed.de/p/dell-latitude-14-rugged-i5-6300u/: 404 Client Error: Not Found for url: https://www.refurbed.de/p/dell-latitude-14-rugged-i5-6300u/
2025-09-28 02:16:10,580 - INFO - Scraping 1025/6851: https://www.refurbed.de/p/dell-latitude-14-rugged-i5-8350u/
2025-09-28 02:16:12,057 - INFO - Scraping 1026/6851: https://www.refurbed.de/p/dell-latitude-14-rugged-i7-4650u/
2025-09-28 02:16:12,505 - ERROR - Error fetching https://www.refurbed.de/p/dell-latitude-14-rugged-i7-4650u/: 404 Client Error: Not Found for url: https://www.refurbed.de/p/dell-latitude-14-rugged-i7-4650u/
2025-09-28 02:16:13,507 - INFO - Scraping 1027/6851: https://www.refurbed.de/p/dell-latitude-14-rugged7414-6600/
2025-09-28 02:16:13,774 - ERROR - Error fetching https://www.refurbed.de/p/dell-latitude-14-rugged7414-6600/: 404 Client Error: Not Found for url: https://www.refurbed.de/p/dell-latitude-14-rugged7414-6600/
2025-09-28 02:16:14,777 - INFO - Scraping 1028/6851: https://www.refurbed.de/p/dell-latitude-15-3570-i3-6100u/
2025-09-28 02:16:15,445 - ERROR - Error fetching https://www.refurbed.de/p/dell-latitude-15-3570-i3-6100u/: 404 Client Error: Not Found for url: https://www.refurbed.de/p/dell-latitude-15-3570-i3-6100u/
2025-09-28 02:16:16,447 - INFO - Scraping 1029/6851: https://www.refurbed.de/p/dell-latitude-15-3570-i5-6200u/
2025-09-28 02:16:16,776 - ERROR - Error fetching https://www.refurbed.de/p/dell-latitude-15-3570-i5-6200u/: 404 Client Error: Not Found for url: https://www.refurbed.de/p/dell-latitude-15-3570-i5-6200u/
2025-09-28 02:16:17,778 - INFO - Scraping 1030/6851: https://www.refurbed.de/p/dell-latitude-15-3580-i3-6006u/
2025-09-28 02:16:18,275 - ERROR - Error fetching https://www.refurbed.de/p/dell-latitude-15-3580-i3-6006u/: 404 Client Error: Not Found for url: https://www.refurbed.de/p/dell-latitude-15-3580-i3-6006u/
2025-09-28 02:16:19,278 - INFO - Scraping 1031/6851: https://www.refurbed.de/p/dell-latitude-15-3580-i3-7100u/
2025-09-28 02:16:19,593 - ERROR - Error fetching https://www.refurbed.de/p/dell-latitude-15-3580-i3-7100u/: 404 Client Error: Not Found for url: https://www.refurbed.de/p/dell-latitude-15-3580-i3-7100u/
2025-09-28 02:16:20,595 - INFO - Scraping 1032/6851: https://www.refurbed.de/p/dell-latitude-15-3580-i5-7200u-1/
2025-09-28 02:16:21,056 - ERROR - Error fetching https://www.refurbed.de/p/dell-latitude-15-3580-i5-7200u-1/: 404 Client Error: Not Found for url: https://www.refurbed.de/p/dell-latitude-15-3580-i5-7200u-1/
2025-09-28 02:16:22,058 - INFO - Scraping 1033/6851: https://www.refurbed.de/p/dell-latitude-15-5500-8265u-15-6/
2025-09-28 02:16:23,638 - INFO - Scraping 1034/6851: https://www.refurbed.de/p/dell-latitude-15-5500-8365u-15-6/
2025-09-28 02:16:25,116 - INFO - Scraping 1035/6851: https://www.refurbed.de/p/dell-latitude-15-5500-8665u-15-6/
2025-09-28 02:16:26,826 - INFO - Scraping 1036/6851: https://www.refurbed.de/p/dell-latitude-15-5510-i3-10110u/
2025-09-28 02:16:28,303 - INFO - Scraping 1037/6851: https://www.refurbed.de/p/dell-latitude-15-5510-i5-10210u/
2025-09-28 02:16:29,989 - INFO - Scraping 1038/6851: https://www.refurbed.de/p/dell-latitude-15-5510-i5-10310u/
2025-09-28 02:16:31,862 - INFO - Scraping 1039/6851: https://www.refurbed.de/p/dell-latitude-15-5510-i7-10610u/
2025-09-28 02:16:33,475 - INFO - Scraping 1040/6851: https://www.refurbed.de/p/dell-latitude-15-5510-i7-10810u/
2025-09-28 02:16:35,175 - INFO - Scraping 1041/6851: https://www.refurbed.de/p/dell-latitude-15-5511-10300h/
2025-09-28 02:16:36,629 - INFO - Scraping 1042/6851: https://www.refurbed.de/p/dell-latitude-15-5511-10400h/
2025-09-28 02:16:38,193 - INFO - Scraping 1043/6851: https://www.refurbed.de/p/dell-latitude-15-5511-10850h/
2025-09-28 02:16:39,895 - INFO - Scraping 1044/6851: https://www.refurbed.de/p/dell-latitude-15-5550-5-125u/
2025-09-28 02:16:41,543 - INFO - Scraping 1045/6851: https://www.refurbed.de/p/dell-latitude-15-9510-i5-10310u/
2025-09-28 02:16:43,107 - INFO - Scraping 1046/6851: https://www.refurbed.de/p/dell-latitude-15-9510-i7-10710u/
2025-09-28 02:16:44,663 - INFO - Scraping 1047/6851: https://www.refurbed.de/p/dell-latitude-15-9510-i7-10810u/
2025-09-28 02:16:46,616 - INFO - Scraping 1048/6851: https://www.refurbed.de/p/dell-latitude-15-9520-i7-1185g7/
2025-09-28 02:16:48,321 - INFO - Scraping 1049/6851: https://www.refurbed.de/p/dell-latitude-15-e5540-4030u/
2025-09-28 02:16:48,824 - ERROR - Error fetching https://www.refurbed.de/p/dell-latitude-15-e5540-4030u/: 404 Client Error: Not Found for url: https://www.refurbed.de/p/dell-latitude-15-e5540-4030u/
2025-09-28 02:16:49,826 - INFO - Scraping 1050/6851: https://www.refurbed.de/p/dell-latitude-15-e5540-4200u/
2025-09-28 02:16:50,196 - ERROR - Error fetching https://www.refurbed.de/p/dell-latitude-15-e5540-4200u/: 404 Client Error: Not Found for url: https://www.refurbed.de/p/dell-latitude-15-e5540-4200u/
2025-09-28 02:16:51,198 - INFO - Scraping 1051/6851: https://www.refurbed.de/p/dell-latitude-15-e5540-4210u/
2025-09-28 02:16:51,520 - ERROR - Error fetching https://www.refurbed.de/p/dell-latitude-15-e5540-4210u/: 404 Client Error: Not Found for url: https://www.refurbed.de/p/dell-latitude-15-e5540-4210u/
2025-09-28 02:16:52,523 - INFO - Scraping 1052/6851: https://www.refurbed.de/p/dell-latitude-15-e5540-4600u/
2025-09-28 02:16:52,811 - ERROR - Error fetching https://www.refurbed.de/p/dell-latitude-15-e5540-4600u/: 404 Client Error: Not Found for url: https://www.refurbed.de/p/dell-latitude-15-e5540-4600u/
2025-09-28 02:16:53,813 - INFO - Scraping 1053/6851: https://www.refurbed.de/p/dell-latitude-15-e5540-i3-4010u/
2025-09-28 02:16:54,078 - ERROR - Error fetching https://www.refurbed.de/p/dell-latitude-15-e5540-i3-4010u/: 404 Client Error: Not Found for url: https://www.refurbed.de/p/dell-latitude-15-e5540-i3-4010u/
2025-09-28 02:16:55,080 - INFO - Scraping 1054/6851: https://www.refurbed.de/p/dell-latitude-15-e5540-i5-4310u/
2025-09-28 02:16:55,409 - ERROR - Error fetching https://www.refurbed.de/p/dell-latitude-15-e5540-i5-4310u/: 404 Client Error: Not Found for url: https://www.refurbed.de/p/dell-latitude-15-e5540-i5-4310u/
2025-09-28 02:16:56,411 - INFO - Scraping 1055/6851: https://www.refurbed.de/p/dell-latitude-15-e5550-i7-5600u-/
2025-09-28 02:16:56,654 - ERROR - Error fetching https://www.refurbed.de/p/dell-latitude-15-e5550-i7-5600u-/: 404 Client Error: Not Found for url: https://www.refurbed.de/p/dell-latitude-15-e5550-i7-5600u-/
2025-09-28 02:16:57,656 - INFO - Scraping 1056/6851: https://www.refurbed.de/p/dell-latitude-2-in-1-53200-1135g/
2025-09-28 02:16:59,182 - INFO - Scraping 1057/6851: https://www.refurbed.de/p/dell-latitude-2-in-1-53200-114g7/
2025-09-28 02:17:00,748 - INFO - Scraping 1058/6851: https://www.refurbed.de/p/dell-latitude-3120-2-in-1-n6000/
2025-09-28 02:17:02,325 - INFO - Scraping 1059/6851: https://www.refurbed.de/p/dell-latitude-3120-n6000-11/
2025-09-28 02:17:03,889 - INFO - Scraping 1060/6851: https://www.refurbed.de/p/dell-latitude-3180-n4200-11-6/
2025-09-28 02:17:04,245 - ERROR - Error fetching https://www.refurbed.de/p/dell-latitude-3180-n4200-11-6/: 404 Client Error: Not Found for url: https://www.refurbed.de/p/dell-latitude-3180-n4200-11-6/
2025-09-28 02:17:05,247 - INFO - Scraping 1061/6851: https://www.refurbed.de/p/dell-latitude-3189-n4200-11/
2025-09-28 02:17:05,684 - ERROR - Error fetching https://www.refurbed.de/p/dell-latitude-3189-n4200-11/: 404 Client Error: Not Found for url: https://www.refurbed.de/p/dell-latitude-3189-n4200-11/
2025-09-28 02:17:06,686 - INFO - Scraping 1062/6851: https://www.refurbed.de/p/dell-latitude-3190-5030-11/
2025-09-28 02:17:08,213 - INFO - Scraping 1063/6851: https://www.refurbed.de/p/dell-latitude-3190-n5000/
2025-09-28 02:17:08,520 - ERROR - Error fetching https://www.refurbed.de/p/dell-latitude-3190-n5000/: 404 Client Error: Not Found for url: https://www.refurbed.de/p/dell-latitude-3190-n5000/
2025-09-28 02:17:09,522 - INFO - Scraping 1064/6851: https://www.refurbed.de/p/dell-latitude-3190-n5030/
2025-09-28 02:17:10,955 - INFO - Scraping 1065/6851: https://www.refurbed.de/p/dell-latitude-3300-i3-7020u/
2025-09-28 02:17:11,253 - ERROR - Error fetching https://www.refurbed.de/p/dell-latitude-3300-i3-7020u/: 404 Client Error: Not Found for url: https://www.refurbed.de/p/dell-latitude-3300-i3-7020u/
2025-09-28 02:17:12,256 - INFO - Scraping 1066/6851: https://www.refurbed.de/p/dell-latitude-3300-i5-8250u/
2025-09-28 02:17:13,769 - INFO - Scraping 1067/6851: https://www.refurbed.de/p/dell-latitude-3301-8265u/
2025-09-28 02:17:15,207 - INFO - Scraping 1068/6851: https://www.refurbed.de/p/dell-latitude-3301-i5-8365u/
2025-09-28 02:17:15,799 - ERROR - Error fetching https://www.refurbed.de/p/dell-latitude-3301-i5-8365u/: 404 Client Error: Not Found for url: https://www.refurbed.de/p/dell-latitude-3301-i5-8365u/
2025-09-28 02:17:16,801 - INFO - Scraping 1069/6851: https://www.refurbed.de/p/dell-latitude-3310-2-in-1-8145u/
2025-09-28 02:17:18,231 - INFO - Scraping 1070/6851: https://www.refurbed.de/p/dell-latitude-3310-2-in-1-8265u/
2025-09-28 02:17:19,778 - INFO - Scraping 1071/6851: https://www.refurbed.de/p/dell-latitude-3310-4205u/
2025-09-28 02:17:21,310 - INFO - Scraping 1072/6851: https://www.refurbed.de/p/dell-latitude-3310-8145u/
2025-09-28 02:17:23,736 - INFO - Scraping 1073/6851: https://www.refurbed.de/p/dell-latitude-3310-8265u/
2025-09-28 02:17:25,349 - INFO - Scraping 1074/6851: https://www.refurbed.de/p/dell-latitude-3320-i5-1145g7/
2025-09-28 02:17:26,976 - INFO - Scraping 1075/6851: https://www.refurbed.de/p/dell-latitude-3330-2-in-1-1125g4/
2025-09-28 02:17:28,549 - INFO - Scraping 1076/6851: https://www.refurbed.de/p/dell-latitude-3340-2-in-1-1315u/
2025-09-28 02:17:30,069 - INFO - Scraping 1077/6851: https://www.refurbed.de/p/dell-latitude-3340-i3-1315u/
2025-09-28 02:17:31,613 - INFO - Scraping 1078/6851: https://www.refurbed.de/p/dell-latitude-3340-i5-1335u/
2025-09-28 02:17:33,252 - INFO - Scraping 1079/6851: https://www.refurbed.de/p/dell-latitude-3350-3825u/
2025-09-28 02:17:33,670 - ERROR - Error fetching https://www.refurbed.de/p/dell-latitude-3350-3825u/: 404 Client Error: Not Found for url: https://www.refurbed.de/p/dell-latitude-3350-3825u/
2025-09-28 02:17:34,673 - INFO - Scraping 1080/6851: https://www.refurbed.de/p/dell-latitude-3350-i3-5005u/
2025-09-28 02:17:35,193 - ERROR - Error fetching https://www.refurbed.de/p/dell-latitude-3350-i3-5005u/: 404 Client Error: Not Found for url: https://www.refurbed.de/p/dell-latitude-3350-i3-5005u/
2025-09-28 02:17:36,195 - INFO - Scraping 1081/6851: https://www.refurbed.de/p/dell-latitude-3350-i5-5200u/
2025-09-28 02:17:36,603 - ERROR - Error fetching https://www.refurbed.de/p/dell-latitude-3350-i5-5200u/: 404 Client Error: Not Found for url: https://www.refurbed.de/p/dell-latitude-3350-i5-5200u/
2025-09-28 02:17:37,605 - INFO - Scraping 1082/6851: https://www.refurbed.de/p/dell-latitude-3390-8250u/
2025-09-28 02:17:39,308 - INFO - Scraping 1083/6851: https://www.refurbed.de/p/dell-latitude-3390-8350u/
2025-09-28 02:17:41,045 - INFO - Scraping 1084/6851: https://www.refurbed.de/p/dell-latitude-3400-8145u/
2025-09-28 02:17:42,622 - INFO - Scraping 1085/6851: https://www.refurbed.de/p/dell-latitude-3400-8265u/
2025-09-28 02:17:44,449 - INFO - Scraping 1086/6851: https://www.refurbed.de/p/dell-latitude-3420-1135g7-14/
2025-09-28 02:17:46,043 - INFO - Scraping 1087/6851: https://www.refurbed.de/p/dell-latitude-3420-i5-1145g7/
2025-09-28 02:17:47,749 - INFO - Scraping 1088/6851: https://www.refurbed.de/p/dell-latitude-3420-i7-1165g7/
2025-09-28 02:17:49,180 - INFO - Scraping 1089/6851: https://www.refurbed.de/p/dell-latitude-3440-i3-1315u/
2025-09-28 02:17:50,679 - INFO - Scraping 1090/6851: https://www.refurbed.de/p/dell-latitude-3440-i5-1335u/
2025-09-28 02:17:52,281 - INFO - Scraping 1091/6851: https://www.refurbed.de/p/dell-latitude-3450-i3-4005u/
2025-09-28 02:17:52,570 - ERROR - Error fetching https://www.refurbed.de/p/dell-latitude-3450-i3-4005u/: 404 Client Error: Not Found for url: https://www.refurbed.de/p/dell-latitude-3450-i3-4005u/
2025-09-28 02:17:53,572 - INFO - Scraping 1092/6851: https://www.refurbed.de/p/dell-latitude-3450-i5-1335u-15/
2025-09-28 02:17:55,542 - INFO - Scraping 1093/6851: https://www.refurbed.de/p/dell-latitude-3460-i5-5200u/
2025-09-28 02:17:57,014 - INFO - Scraping 1094/6851: https://www.refurbed.de/p/dell-latitude-3490-i3-6006u/
2025-09-28 02:17:57,285 - ERROR - Error fetching https://www.refurbed.de/p/dell-latitude-3490-i3-6006u/: 404 Client Error: Not Found for url: https://www.refurbed.de/p/dell-latitude-3490-i3-6006u/
2025-09-28 02:17:58,287 - INFO - Scraping 1095/6851: https://www.refurbed.de/p/dell-latitude-3500-8265u/
2025-09-28 02:18:00,036 - INFO - Scraping 1096/6851: https://www.refurbed.de/p/dell-latitude-3500-i5-8365u/
2025-09-28 02:18:01,723 - INFO - Scraping 1097/6851: https://www.refurbed.de/p/dell-latitude-3510-10110u-15-6/
2025-09-28 02:18:03,439 - INFO - Scraping 1098/6851: https://www.refurbed.de/p/dell-latitude-3510-10310u-15-6/
2025-09-28 02:18:05,221 - INFO - Scraping 1099/6851: https://www.refurbed.de/p/dell-latitude-3510-i5-10210u/
2025-09-28 02:18:07,187 - INFO - Scraping 1100/6851: https://www.refurbed.de/p/dell-latitude-3510-i7-10510u/
2025-09-28 02:18:09,087 - INFO - Scraping 1101/6851: https://www.refurbed.de/p/dell-latitude-3520-i3-1115g4/
2025-09-28 02:18:10,636 - INFO - Scraping 1102/6851: https://www.refurbed.de/p/dell-latitude-3520-i3-1125g4/
2025-09-28 02:18:12,184 - INFO - Scraping 1103/6851: https://www.refurbed.de/p/dell-latitude-3520-i5-1135g7/
2025-09-28 02:18:13,779 - INFO - Scraping 1104/6851: https://www.refurbed.de/p/dell-latitude-3540-i3-1315u-15/
2025-09-28 02:18:15,354 - INFO - Scraping 1105/6851: https://www.refurbed.de/p/dell-latitude-3550-i5-1335u/
2025-09-28 02:18:17,007 - INFO - Scraping 1106/6851: https://www.refurbed.de/p/dell-latitude-3590-8130u/
2025-09-28 02:18:18,550 - INFO - Scraping 1107/6851: https://www.refurbed.de/p/dell-latitude-3590-8550u/
2025-09-28 02:18:20,133 - INFO - Scraping 1108/6851: https://www.refurbed.de/p/dell-latitude-5280-7200u/
2025-09-28 02:18:20,471 - ERROR - Error fetching https://www.refurbed.de/p/dell-latitude-5280-7200u/: 404 Client Error: Not Found for url: https://www.refurbed.de/p/dell-latitude-5280-7200u/
2025-09-28 02:18:21,474 - INFO - Scraping 1109/6851: https://www.refurbed.de/p/dell-latitude-5280-7300u/
2025-09-28 02:18:21,776 - ERROR - Error fetching https://www.refurbed.de/p/dell-latitude-5280-7300u/: 404 Client Error: Not Found for url: https://www.refurbed.de/p/dell-latitude-5280-7300u/
2025-09-28 02:18:22,778 - INFO - Scraping 1110/6851: https://www.refurbed.de/p/dell-latitude-5285-21-7200u/
2025-09-28 02:18:23,047 - ERROR - Error fetching https://www.refurbed.de/p/dell-latitude-5285-21-7200u/: 404 Client Error: Not Found for url: https://www.refurbed.de/p/dell-latitude-5285-21-7200u/
2025-09-28 02:18:24,049 - INFO - Scraping 1111/6851: https://www.refurbed.de/p/dell-latitude-5285-21-7300u/
2025-09-28 02:18:24,327 - ERROR - Error fetching https://www.refurbed.de/p/dell-latitude-5285-21-7300u/: 404 Client Error: Not Found for url: https://www.refurbed.de/p/dell-latitude-5285-21-7300u/
2025-09-28 02:18:25,329 - INFO - Scraping 1112/6851: https://www.refurbed.de/p/dell-latitude-5285-21-7600u/
2025-09-28 02:18:25,605 - ERROR - Error fetching https://www.refurbed.de/p/dell-latitude-5285-21-7600u/: 404 Client Error: Not Found for url: https://www.refurbed.de/p/dell-latitude-5285-21-7600u/
2025-09-28 02:18:26,607 - INFO - Scraping 1113/6851: https://www.refurbed.de/p/dell-latitude-5289-7300u/
2025-09-28 02:18:26,899 - ERROR - Error fetching https://www.refurbed.de/p/dell-latitude-5289-7300u/: 404 Client Error: Not Found for url: https://www.refurbed.de/p/dell-latitude-5289-7300u/
2025-09-28 02:18:27,901 - INFO - Scraping 1114/6851: https://www.refurbed.de/p/dell-latitude-5289-7600u/
2025-09-28 02:18:28,222 - ERROR - Error fetching https://www.refurbed.de/p/dell-latitude-5289-7600u/: 404 Client Error: Not Found for url: https://www.refurbed.de/p/dell-latitude-5289-7600u/
2025-09-28 02:18:29,225 - INFO - Scraping 1115/6851: https://www.refurbed.de/p/dell-latitude-5290-21-8250u/
2025-09-28 02:18:30,780 - INFO - Scraping 1116/6851: https://www.refurbed.de/p/dell-latitude-5290-21-8350u/
2025-09-28 02:18:32,557 - INFO - Scraping 1117/6851: https://www.refurbed.de/p/dell-latitude-5290-21-8650u/
2025-09-28 02:18:34,066 - INFO - Scraping 1118/6851: https://www.refurbed.de/p/dell-latitude-5290-8250u/
2025-09-28 02:18:35,636 - INFO - Scraping 1119/6851: https://www.refurbed.de/p/dell-latitude-5290-8350u/
2025-09-28 02:18:37,128 - INFO - Scraping 1120/6851: https://www.refurbed.de/p/dell-latitude-5290-i5-7300u/
2025-09-28 02:18:37,464 - ERROR - Error fetching https://www.refurbed.de/p/dell-latitude-5290-i5-7300u/: 404 Client Error: Not Found for url: https://www.refurbed.de/p/dell-latitude-5290-i5-7300u/
2025-09-28 02:18:38,466 - INFO - Scraping 1121/6851: https://www.refurbed.de/p/dell-latitude-5300-2-in-1-8145u/
2025-09-28 02:18:39,998 - INFO - Scraping 1122/6851: https://www.refurbed.de/p/dell-latitude-5300-2-in-1-8265u/
2025-09-28 02:18:41,600 - INFO - Scraping 1123/6851: https://www.refurbed.de/p/dell-latitude-5300-2-in-1-8365u/
2025-09-28 02:18:43,364 - INFO - Scraping 1124/6851: https://www.refurbed.de/p/dell-latitude-5300-2-in-1-8665u/
2025-09-28 02:18:44,973 - INFO - Scraping 1125/6851: https://www.refurbed.de/p/dell-latitude-5300-8265u-13-3/
2025-09-28 02:18:46,727 - INFO - Scraping 1126/6851: https://www.refurbed.de/p/dell-latitude-5300-8365u-13-3/
2025-09-28 02:18:48,364 - INFO - Scraping 1127/6851: https://www.refurbed.de/p/dell-latitude-5300-8665u-13-3/
2025-09-28 02:18:49,857 - INFO - Scraping 1128/6851: https://www.refurbed.de/p/dell-latitude-5310-10210u-13-3/
2025-09-28 02:18:51,336 - INFO - Scraping 1129/6851: https://www.refurbed.de/p/dell-latitude-5310-10310u/
2025-09-28 02:18:53,340 - INFO - Scraping 1130/6851: https://www.refurbed.de/p/dell-latitude-5310-2-in-1-10110u/
2025-09-28 02:18:54,778 - INFO - Scraping 1131/6851: https://www.refurbed.de/p/dell-latitude-5310-2-in-1-10210u/
2025-09-28 02:18:56,620 - INFO - Scraping 1132/6851: https://www.refurbed.de/p/dell-latitude-5310-2-in-1-10310u/
2025-09-28 02:18:58,475 - INFO - Scraping 1133/6851: https://www.refurbed.de/p/dell-latitude-5310-2-in-1-10610u/
2025-09-28 02:18:59,983 - INFO - Scraping 1134/6851: https://www.refurbed.de/p/dell-latitude-5310-i7-10610u/
2025-09-28 02:19:01,513 - INFO - Scraping 1135/6851: https://www.refurbed.de/p/dell-latitude-5310-i7-10810u/
2025-09-28 02:19:01,999 - ERROR - Error fetching https://www.refurbed.de/p/dell-latitude-5310-i7-10810u/: 404 Client Error: Not Found for url: https://www.refurbed.de/p/dell-latitude-5310-i7-10810u/
2025-09-28 02:19:03,001 - INFO - Scraping 1136/6851: https://www.refurbed.de/p/dell-latitude-5320-i7-1185g7/
2025-09-28 02:19:04,522 - INFO - Scraping 1137/6851: https://www.refurbed.de/p/dell-latitude-53200-114g7/
2025-09-28 02:19:06,180 - INFO - Scraping 1138/6851: https://www.refurbed.de/p/dell-latitude-53200-i5-1135g7/
2025-09-28 02:19:07,781 - INFO - Scraping 1139/6851: https://www.refurbed.de/p/dell-latitude-5330-i5-1235u/
2025-09-28 02:19:09,269 - INFO - Scraping 1140/6851: https://www.refurbed.de/p/dell-latitude-5330-i5-1245u/
2025-09-28 02:19:10,942 - INFO - Scraping 1141/6851: https://www.refurbed.de/p/dell-latitude-5340-i5-1335u/
2025-09-28 02:19:12,719 - INFO - Scraping 1142/6851: https://www.refurbed.de/p/dell-latitude-5400-8250u/
2025-09-28 02:19:14,341 - INFO - Scraping 1143/6851: https://www.refurbed.de/p/dell-latitude-5400-8265u/
2025-09-28 02:19:15,978 - INFO - Scraping 1144/6851: https://www.refurbed.de/p/dell-latitude-5400-8350u/
2025-09-28 02:19:17,525 - INFO - Scraping 1145/6851: https://www.refurbed.de/p/dell-latitude-5400-8365u-th/
2025-09-28 02:19:19,466 - INFO - Scraping 1146/6851: https://www.refurbed.de/p/dell-latitude-5400-8365u/
2025-09-28 02:19:21,042 - INFO - Scraping 1147/6851: https://www.refurbed.de/p/dell-latitude-5400-8665u/
2025-09-28 02:19:22,584 - INFO - Scraping 1148/6851: https://www.refurbed.de/p/dell-latitude-5400-i5-8265u-th/
2025-09-28 02:19:24,354 - INFO - Scraping 1149/6851: https://www.refurbed.de/p/dell-latitude-5401-9300h-14/
2025-09-28 02:19:26,128 - INFO - Scraping 1150/6851: https://www.refurbed.de/p/dell-latitude-5401-9400h-14/
2025-09-28 02:19:27,720 - INFO - Scraping 1151/6851: https://www.refurbed.de/p/dell-latitude-5401-i7-9850h-14/
2025-09-28 02:19:29,222 - INFO - Scraping 1152/6851: https://www.refurbed.de/p/dell-latitude-5410-10310u/
2025-09-28 02:19:31,187 - INFO - Scraping 1153/6851: https://www.refurbed.de/p/dell-latitude-5410-i5-10210u/
2025-09-28 02:19:32,803 - INFO - Scraping 1154/6851: https://www.refurbed.de/p/dell-latitude-5410-i5-8365u/
2025-09-28 02:19:34,388 - INFO - Scraping 1155/6851: https://www.refurbed.de/p/dell-latitude-5410-i7-10610u/
2025-09-28 02:19:36,075 - INFO - Scraping 1156/6851: https://www.refurbed.de/p/dell-latitude-5410-i7-10810u/
2025-09-28 02:19:37,697 - INFO - Scraping 1157/6851: https://www.refurbed.de/p/dell-latitude-5411-10300h-14/
2025-09-28 02:19:39,284 - INFO - Scraping 1158/6851: https://www.refurbed.de/p/dell-latitude-5411-i5-10400h/
2025-09-28 02:19:40,849 - INFO - Scraping 1159/6851: https://www.refurbed.de/p/dell-latitude-5411-i7-10850h-14/
2025-09-28 02:19:42,412 - INFO - Scraping 1160/6851: https://www.refurbed.de/p/dell-latitude-5420-1125g4/
2025-09-28 02:19:43,984 - INFO - Scraping 1161/6851: https://www.refurbed.de/p/dell-latitude-5420-i5-10310u/
2025-09-28 02:19:45,680 - INFO - Scraping 1162/6851: https://www.refurbed.de/p/dell-latitude-5420-i5-1135g7/
2025-09-28 02:19:47,316 - INFO - Scraping 1163/6851: https://www.refurbed.de/p/dell-latitude-5420-i5-1145g7/
2025-09-28 02:19:48,775 - INFO - Scraping 1164/6851: https://www.refurbed.de/p/dell-latitude-5420-i7-1185g7/
2025-09-28 02:19:50,385 - INFO - Scraping 1165/6851: https://www.refurbed.de/p/dell-latitude-5421-i5-11500h/
2025-09-28 02:19:50,684 - ERROR - Error fetching https://www.refurbed.de/p/dell-latitude-5421-i5-11500h/: 404 Client Error: Not Found for url: https://www.refurbed.de/p/dell-latitude-5421-i5-11500h/
2025-09-28 02:19:51,686 - INFO - Scraping 1166/6851: https://www.refurbed.de/p/dell-latitude-5421-i7-11850h/
2025-09-28 02:19:53,253 - INFO - Scraping 1167/6851: https://www.refurbed.de/p/dell-latitude-5430-i5-1235u/
2025-09-28 02:19:54,789 - INFO - Scraping 1168/6851: https://www.refurbed.de/p/dell-latitude-5430-i5-1245u/
2025-09-28 02:19:56,426 - INFO - Scraping 1169/6851: https://www.refurbed.de/p/dell-latitude-5430-i7-1255u/
2025-09-28 02:19:57,906 - INFO - Scraping 1170/6851: https://www.refurbed.de/p/dell-latitude-5430-i7-1265u/
2025-09-28 02:19:59,442 - INFO - Scraping 1171/6851: https://www.refurbed.de/p/dell-latitude-5430rugged-1135g7/
2025-09-28 02:20:00,901 - INFO - Scraping 1172/6851: https://www.refurbed.de/p/dell-latitude-5430rugged-1145g7/
2025-09-28 02:20:02,360 - INFO - Scraping 1173/6851: https://www.refurbed.de/p/dell-latitude-5430rugged-1185g7/
2025-09-28 02:20:03,880 - INFO - Scraping 1174/6851: https://www.refurbed.de/p/dell-latitude-5431-i5-1250p/
2025-09-28 02:20:05,600 - INFO - Scraping 1175/6851: https://www.refurbed.de/p/dell-latitude-5440-15-6-1335u/
2025-09-28 02:20:07,322 - INFO - Scraping 1176/6851: https://www.refurbed.de/p/dell-latitude-5440-i5-1235u/
2025-09-28 02:20:08,995 - INFO - Scraping 1177/6851: https://www.refurbed.de/p/dell-latitude-5440-i5-1335u/
2025-09-28 02:20:10,386 - INFO - Scraping 1178/6851: https://www.refurbed.de/p/dell-latitude-5440-i5-1345u/
2025-09-28 02:20:11,810 - INFO - Scraping 1179/6851: https://www.refurbed.de/p/dell-latitude-5440-i7-1355u/
2025-09-28 02:20:13,275 - INFO - Scraping 1180/6851: https://www.refurbed.de/p/dell-latitude-5440-i7-1365u/
2025-09-28 02:20:15,195 - INFO - Scraping 1181/6851: https://www.refurbed.de/p/dell-latitude-5450-core-5-125u/
2025-09-28 02:20:17,241 - INFO - Scraping 1182/6851: https://www.refurbed.de/p/dell-latitude-5450-core-5-135/
2025-09-28 02:20:18,848 - INFO - Scraping 1183/6851: https://www.refurbed.de/p/dell-latitude-5450-core-7-165u/
2025-09-28 02:20:20,400 - INFO - Scraping 1184/6851: https://www.refurbed.de/p/dell-latitude-5480-6200u/
2025-09-28 02:20:20,750 - ERROR - Error fetching https://www.refurbed.de/p/dell-latitude-5480-6200u/: 404 Client Error: Not Found for url: https://www.refurbed.de/p/dell-latitude-5480-6200u/
2025-09-28 02:20:21,752 - INFO - Scraping 1185/6851: https://www.refurbed.de/p/dell-latitude-5480-6300hq-14/
2025-09-28 02:20:22,175 - ERROR - Error fetching https://www.refurbed.de/p/dell-latitude-5480-6300hq-14/: 404 Client Error: Not Found for url: https://www.refurbed.de/p/dell-latitude-5480-6300hq-14/
2025-09-28 02:20:23,178 - INFO - Scraping 1186/6851: https://www.refurbed.de/p/dell-latitude-5480-6300u/
2025-09-28 02:20:23,541 - ERROR - Error fetching https://www.refurbed.de/p/dell-latitude-5480-6300u/: 404 Client Error: Not Found for url: https://www.refurbed.de/p/dell-latitude-5480-6300u/
2025-09-28 02:20:24,543 - INFO - Scraping 1187/6851: https://www.refurbed.de/p/dell-latitude-5480-6440hq/
2025-09-28 02:20:24,842 - ERROR - Error fetching https://www.refurbed.de/p/dell-latitude-5480-6440hq/: 404 Client Error: Not Found for url: https://www.refurbed.de/p/dell-latitude-5480-6440hq/
2025-09-28 02:20:25,844 - INFO - Scraping 1188/6851: https://www.refurbed.de/p/dell-latitude-5480-7100u-14/
2025-09-28 02:20:26,175 - ERROR - Error fetching https://www.refurbed.de/p/dell-latitude-5480-7100u-14/: 404 Client Error: Not Found for url: https://www.refurbed.de/p/dell-latitude-5480-7100u-14/
2025-09-28 02:20:27,177 - INFO - Scraping 1189/6851: https://www.refurbed.de/p/dell-latitude-5480-7200u/
2025-09-28 02:20:27,796 - ERROR - Error fetching https://www.refurbed.de/p/dell-latitude-5480-7200u/: 404 Client Error: Not Found for url: https://www.refurbed.de/p/dell-latitude-5480-7200u/
2025-09-28 02:20:28,798 - INFO - Scraping 1190/6851: https://www.refurbed.de/p/dell-latitude-5480-7300u/
2025-09-28 02:20:29,332 - ERROR - Error fetching https://www.refurbed.de/p/dell-latitude-5480-7300u/: 404 Client Error: Not Found for url: https://www.refurbed.de/p/dell-latitude-5480-7300u/
2025-09-28 02:20:30,334 - INFO - Scraping 1191/6851: https://www.refurbed.de/p/dell-latitude-5480-7440hq/
2025-09-28 02:20:30,751 - ERROR - Error fetching https://www.refurbed.de/p/dell-latitude-5480-7440hq/: 404 Client Error: Not Found for url: https://www.refurbed.de/p/dell-latitude-5480-7440hq/
2025-09-28 02:20:31,753 - INFO - Scraping 1192/6851: https://www.refurbed.de/p/dell-latitude-5480-7600u/
2025-09-28 02:20:32,128 - ERROR - Error fetching https://www.refurbed.de/p/dell-latitude-5480-7600u/: 404 Client Error: Not Found for url: https://www.refurbed.de/p/dell-latitude-5480-7600u/
2025-09-28 02:20:33,130 - INFO - Scraping 1193/6851: https://www.refurbed.de/p/dell-latitude-5480-7820hq/
2025-09-28 02:20:34,663 - INFO - Scraping 1194/6851: https://www.refurbed.de/p/dell-latitude-5480-i5-7300hq/
2025-09-28 02:20:35,022 - ERROR - Error fetching https://www.refurbed.de/p/dell-latitude-5480-i5-7300hq/: 404 Client Error: Not Found for url: https://www.refurbed.de/p/dell-latitude-5480-i5-7300hq/
2025-09-28 02:20:36,024 - INFO - Scraping 1195/6851: https://www.refurbed.de/p/dell-latitude-5480-i7-6600u/
2025-09-28 02:20:36,342 - ERROR - Error fetching https://www.refurbed.de/p/dell-latitude-5480-i7-6600u/: 404 Client Error: Not Found for url: https://www.refurbed.de/p/dell-latitude-5480-i7-6600u/
2025-09-28 02:20:37,344 - INFO - Scraping 1196/6851: https://www.refurbed.de/p/dell-latitude-5490-8250u/
2025-09-28 02:20:38,920 - INFO - Scraping 1197/6851: https://www.refurbed.de/p/dell-latitude-5490-8650u/
2025-09-28 02:20:40,636 - INFO - Scraping 1198/6851: https://www.refurbed.de/p/dell-latitude-5490-i3-8130u-14/
2025-09-28 02:20:42,141 - INFO - Scraping 1199/6851: https://www.refurbed.de/p/dell-latitude-5490-i7-8850h/
2025-09-28 02:20:43,547 - INFO - Scraping 1200/6851: https://www.refurbed.de/p/dell-latitude-5491-8300h/
2025-09-28 02:20:45,239 - INFO - Scraping 1201/6851: https://www.refurbed.de/p/dell-latitude-5491-8400h/
2025-09-28 02:20:46,790 - INFO - Scraping 1202/6851: https://www.refurbed.de/p/dell-latitude-5491-i7-8850h/
2025-09-28 02:20:48,366 - INFO - Scraping 1203/6851: https://www.refurbed.de/p/dell-latitude-5501-9400h-15-6/
2025-09-28 02:20:49,931 - INFO - Scraping 1204/6851: https://www.refurbed.de/p/dell-latitude-5501-i7-9850h-15/
2025-09-28 02:20:51,504 - INFO - Scraping 1205/6851: https://www.refurbed.de/p/dell-latitude-5520-1135g7/
2025-09-28 02:20:53,046 - INFO - Scraping 1206/6851: https://www.refurbed.de/p/dell-latitude-5520-1145g7-15-6/
2025-09-28 02:20:54,655 - INFO - Scraping 1207/6851: https://www.refurbed.de/p/dell-latitude-5520-i7-1165g7/
2025-09-28 02:20:56,194 - INFO - Scraping 1208/6851: https://www.refurbed.de/p/dell-latitude-5520-i7-1185g7-15/
2025-09-28 02:20:57,739 - INFO - Scraping 1209/6851: https://www.refurbed.de/p/dell-latitude-5521-i5-11500h/
2025-09-28 02:20:59,286 - INFO - Scraping 1210/6851: https://www.refurbed.de/p/dell-latitude-5521-i7-11850h/
2025-09-28 02:21:01,069 - INFO - Scraping 1211/6851: https://www.refurbed.de/p/dell-latitude-5530-i5-1235u/
2025-09-28 02:21:02,989 - INFO - Scraping 1212/6851: https://www.refurbed.de/p/dell-latitude-5530-i5-1245u/
2025-09-28 02:21:04,491 - INFO - Scraping 1213/6851: https://www.refurbed.de/p/dell-latitude-5530-i7-1255u/
2025-09-28 02:21:06,160 - INFO - Scraping 1214/6851: https://www.refurbed.de/p/dell-latitude-5530-i7-1265u/
2025-09-28 02:21:07,708 - INFO - Scraping 1215/6851: https://www.refurbed.de/p/dell-latitude-5530-i7-1270p/
2025-09-28 02:21:09,272 - INFO - Scraping 1216/6851: https://www.refurbed.de/p/dell-latitude-5531-i5-12600h/
2025-09-28 02:21:10,792 - INFO - Scraping 1217/6851: https://www.refurbed.de/p/dell-latitude-5540-i5-1345u/
2025-09-28 02:21:12,575 - INFO - Scraping 1218/6851: https://www.refurbed.de/p/dell-latitude-5540-i5-1350p/
2025-09-28 02:21:13,991 - INFO - Scraping 1219/6851: https://www.refurbed.de/p/dell-latitude-5540-i7-1365u/
2025-09-28 02:21:15,730 - INFO - Scraping 1220/6851: https://www.refurbed.de/p/dell-latitude-5580-6440hq/
2025-09-28 02:21:15,992 - ERROR - Error fetching https://www.refurbed.de/p/dell-latitude-5580-6440hq/: 404 Client Error: Not Found for url: https://www.refurbed.de/p/dell-latitude-5580-6440hq/
2025-09-28 02:21:16,994 - INFO - Scraping 1221/6851: https://www.refurbed.de/p/dell-latitude-5580-7300u/
2025-09-28 02:21:17,312 - ERROR - Error fetching https://www.refurbed.de/p/dell-latitude-5580-7300u/: 404 Client Error: Not Found for url: https://www.refurbed.de/p/dell-latitude-5580-7300u/
2025-09-28 02:21:18,315 - INFO - Scraping 1222/6851: https://www.refurbed.de/p/dell-latitude-5580-7820hq/
2025-09-28 02:21:20,050 - INFO - Scraping 1223/6851: https://www.refurbed.de/p/dell-latitude-5580-i5-6200u-15-/
2025-09-28 02:21:20,341 - ERROR - Error fetching https://www.refurbed.de/p/dell-latitude-5580-i5-6200u-15-/: 404 Client Error: Not Found for url: https://www.refurbed.de/p/dell-latitude-5580-i5-6200u-15-/
2025-09-28 02:21:21,343 - INFO - Scraping 1224/6851: https://www.refurbed.de/p/dell-latitude-5580-i5-6300u-15-6/
2025-09-28 02:21:21,682 - ERROR - Error fetching https://www.refurbed.de/p/dell-latitude-5580-i5-6300u-15-6/: 404 Client Error: Not Found for url: https://www.refurbed.de/p/dell-latitude-5580-i5-6300u-15-6/
2025-09-28 02:21:22,684 - INFO - Scraping 1225/6851: https://www.refurbed.de/p/dell-latitude-5580-i5-7200u-156/
2025-09-28 02:21:23,042 - ERROR - Error fetching https://www.refurbed.de/p/dell-latitude-5580-i5-7200u-156/: 404 Client Error: Not Found for url: https://www.refurbed.de/p/dell-latitude-5580-i5-7200u-156/
2025-09-28 02:21:24,044 - INFO - Scraping 1226/6851: https://www.refurbed.de/p/dell-latitude-5580-i5-7440hq/
2025-09-28 02:21:24,304 - ERROR - Error fetching https://www.refurbed.de/p/dell-latitude-5580-i5-7440hq/: 404 Client Error: Not Found for url: https://www.refurbed.de/p/dell-latitude-5580-i5-7440hq/
2025-09-28 02:21:25,306 - INFO - Scraping 1227/6851: https://www.refurbed.de/p/dell-latitude-5580-i7-7600u-156/
2025-09-28 02:21:25,768 - ERROR - Error fetching https://www.refurbed.de/p/dell-latitude-5580-i7-7600u-156/: 404 Client Error: Not Found for url: https://www.refurbed.de/p/dell-latitude-5580-i7-7600u-156/
2025-09-28 02:21:26,770 - INFO - Scraping 1228/6851: https://www.refurbed.de/p/dell-latitude-5590-7200u/
2025-09-28 02:21:27,072 - ERROR - Error fetching https://www.refurbed.de/p/dell-latitude-5590-7200u/: 404 Client Error: Not Found for url: https://www.refurbed.de/p/dell-latitude-5590-7200u/
2025-09-28 02:21:28,074 - INFO - Scraping 1229/6851: https://www.refurbed.de/p/dell-latitude-5590-7300u/
2025-09-28 02:21:28,543 - ERROR - Error fetching https://www.refurbed.de/p/dell-latitude-5590-7300u/: 404 Client Error: Not Found for url: https://www.refurbed.de/p/dell-latitude-5590-7300u/
2025-09-28 02:21:29,545 - INFO - Scraping 1230/6851: https://www.refurbed.de/p/dell-latitude-5590-8550u/
2025-09-28 02:21:31,010 - INFO - Scraping 1231/6851: https://www.refurbed.de/p/dell-latitude-5590-8650u/
2025-09-28 02:21:32,812 - INFO - Scraping 1232/6851: https://www.refurbed.de/p/dell-latitude-5590-i3-7100u/
2025-09-28 02:21:33,125 - ERROR - Error fetching https://www.refurbed.de/p/dell-latitude-5590-i3-7100u/: 404 Client Error: Not Found for url: https://www.refurbed.de/p/dell-latitude-5590-i3-7100u/
2025-09-28 02:21:34,127 - INFO - Scraping 1233/6851: https://www.refurbed.de/p/dell-latitude-5590-i5-8250u/
2025-09-28 02:21:35,644 - INFO - Scraping 1234/6851: https://www.refurbed.de/p/dell-latitude-5590-i5-8350u/
2025-09-28 02:21:37,084 - INFO - Scraping 1235/6851: https://www.refurbed.de/p/dell-latitude-7200-2-in-1/
2025-09-28 02:21:38,634 - INFO - Scraping 1236/6851: https://www.refurbed.de/p/dell-latitude-7210-10210u/
2025-09-28 02:21:38,916 - ERROR - Error fetching https://www.refurbed.de/p/dell-latitude-7210-10210u/: 404 Client Error: Not Found for url: https://www.refurbed.de/p/dell-latitude-7210-10210u/
2025-09-28 02:21:39,919 - INFO - Scraping 1237/6851: https://www.refurbed.de/p/dell-latitude-7210-10310u/
2025-09-28 02:21:41,295 - INFO - Scraping 1238/6851: https://www.refurbed.de/p/dell-latitude-7210-10610u/
2025-09-28 02:21:41,642 - ERROR - Error fetching https://www.refurbed.de/p/dell-latitude-7210-10610u/: 404 Client Error: Not Found for url: https://www.refurbed.de/p/dell-latitude-7210-10610u/
2025-09-28 02:21:42,644 - INFO - Scraping 1239/6851: https://www.refurbed.de/p/dell-latitude-7210-10810u/
2025-09-28 02:21:44,222 - INFO - Scraping 1240/6851: https://www.refurbed.de/p/dell-latitude-7210-i3-10110u/
2025-09-28 02:21:44,661 - ERROR - Error fetching https://www.refurbed.de/p/dell-latitude-7210-i3-10110u/: 404 Client Error: Not Found for url: https://www.refurbed.de/p/dell-latitude-7210-i3-10110u/
2025-09-28 02:21:45,663 - INFO - Scraping 1241/6851: https://www.refurbed.de/p/dell-latitude-7212-rgg-i3-7100u/
2025-09-28 02:21:46,238 - ERROR - Error fetching https://www.refurbed.de/p/dell-latitude-7212-rgg-i3-7100u/: 404 Client Error: Not Found for url: https://www.refurbed.de/p/dell-latitude-7212-rgg-i3-7100u/
2025-09-28 02:21:47,240 - INFO - Scraping 1242/6851: https://www.refurbed.de/p/dell-latitude-7212-rgg-i5-6300u/
2025-09-28 02:21:47,730 - ERROR - Error fetching https://www.refurbed.de/p/dell-latitude-7212-rgg-i5-6300u/: 404 Client Error: Not Found for url: https://www.refurbed.de/p/dell-latitude-7212-rgg-i5-6300u/
2025-09-28 02:21:48,732 - INFO - Scraping 1243/6851: https://www.refurbed.de/p/dell-latitude-7212-rgg-i5-7300u/
2025-09-28 02:21:49,265 - ERROR - Error fetching https://www.refurbed.de/p/dell-latitude-7212-rgg-i5-7300u/: 404 Client Error: Not Found for url: https://www.refurbed.de/p/dell-latitude-7212-rgg-i5-7300u/
2025-09-28 02:21:50,267 - INFO - Scraping 1244/6851: https://www.refurbed.de/p/dell-latitude-7212-rgg-i5-8350u/
2025-09-28 02:21:51,994 - INFO - Scraping 1245/6851: https://www.refurbed.de/p/dell-latitude-7212-rgg-i7-8650u/
2025-09-28 02:21:53,692 - INFO - Scraping 1246/6851: https://www.refurbed.de/p/dell-latitude-7212-rgg-i7-8665u/
2025-09-28 02:21:55,160 - INFO - Scraping 1247/6851: https://www.refurbed.de/p/dell-latitude-7220-rgg--i7-8665u/
2025-09-28 02:21:56,731 - INFO - Scraping 1248/6851: https://www.refurbed.de/p/dell-latitude-7220-rgg-i3-8145u/
2025-09-28 02:21:58,344 - INFO - Scraping 1249/6851: https://www.refurbed.de/p/dell-latitude-7220-rgg-xtr-8365u/
2025-09-28 02:21:59,933 - INFO - Scraping 1250/6851: https://www.refurbed.de/p/dell-latitude-7275-m5-6y57/
2025-09-28 02:22:00,391 - ERROR - Error fetching https://www.refurbed.de/p/dell-latitude-7275-m5-6y57/: 404 Client Error: Not Found for url: https://www.refurbed.de/p/dell-latitude-7275-m5-6y57/
2025-09-28 02:22:01,393 - INFO - Scraping 1251/6851: https://www.refurbed.de/p/dell-latitude-7275-m7-6y57/
2025-09-28 02:22:01,791 - ERROR - Error fetching https://www.refurbed.de/p/dell-latitude-7275-m7-6y57/: 404 Client Error: Not Found for url: https://www.refurbed.de/p/dell-latitude-7275-m7-6y57/
2025-09-28 02:22:02,793 - INFO - Scraping 1252/6851: https://www.refurbed.de/p/dell-latitude-7280-i5-6200u-12-5/
2025-09-28 02:22:03,124 - ERROR - Error fetching https://www.refurbed.de/p/dell-latitude-7280-i5-6200u-12-5/: 404 Client Error: Not Found for url: https://www.refurbed.de/p/dell-latitude-7280-i5-6200u-12-5/
2025-09-28 02:22:04,126 - INFO - Scraping 1253/6851: https://www.refurbed.de/p/dell-latitude-7280-i5-6300u-12-5/
2025-09-28 02:22:04,517 - ERROR - Error fetching https://www.refurbed.de/p/dell-latitude-7280-i5-6300u-12-5/: 404 Client Error: Not Found for url: https://www.refurbed.de/p/dell-latitude-7280-i5-6300u-12-5/
2025-09-28 02:22:05,519 - INFO - Scraping 1254/6851: https://www.refurbed.de/p/dell-latitude-7280-i5-6600u-12-5/
2025-09-28 02:22:05,847 - ERROR - Error fetching https://www.refurbed.de/p/dell-latitude-7280-i5-6600u-12-5/: 404 Client Error: Not Found for url: https://www.refurbed.de/p/dell-latitude-7280-i5-6600u-12-5/
2025-09-28 02:22:06,849 - INFO - Scraping 1255/6851: https://www.refurbed.de/p/dell-latitude-7280-i5-7200u-12-5/
2025-09-28 02:22:07,158 - ERROR - Error fetching https://www.refurbed.de/p/dell-latitude-7280-i5-7200u-12-5/: 404 Client Error: Not Found for url: https://www.refurbed.de/p/dell-latitude-7280-i5-7200u-12-5/
2025-09-28 02:22:08,161 - INFO - Scraping 1256/6851: https://www.refurbed.de/p/dell-latitude-7280-i5-7300u/
2025-09-28 02:22:08,589 - ERROR - Error fetching https://www.refurbed.de/p/dell-latitude-7280-i5-7300u/: 404 Client Error: Not Found for url: https://www.refurbed.de/p/dell-latitude-7280-i5-7300u/
2025-09-28 02:22:09,591 - INFO - Scraping 1257/6851: https://www.refurbed.de/p/dell-latitude-7280-i7-7600u-12-5/
2025-09-28 02:22:09,889 - ERROR - Error fetching https://www.refurbed.de/p/dell-latitude-7280-i7-7600u-12-5/: 404 Client Error: Not Found for url: https://www.refurbed.de/p/dell-latitude-7280-i7-7600u-12-5/
2025-09-28 02:22:10,892 - INFO - Scraping 1258/6851: https://www.refurbed.de/p/dell-latitude-7285-7y57/
2025-09-28 02:22:11,178 - ERROR - Error fetching https://www.refurbed.de/p/dell-latitude-7285-7y57/: 404 Client Error: Not Found for url: https://www.refurbed.de/p/dell-latitude-7285-7y57/
2025-09-28 02:22:12,181 - INFO - Scraping 1259/6851: https://www.refurbed.de/p/dell-latitude-7285-i7-7y75/
2025-09-28 02:22:12,465 - ERROR - Error fetching https://www.refurbed.de/p/dell-latitude-7285-i7-7y75/: 404 Client Error: Not Found for url: https://www.refurbed.de/p/dell-latitude-7285-i7-7y75/
2025-09-28 02:22:13,467 - INFO - Scraping 1260/6851: https://www.refurbed.de/p/dell-latitude-7290-i5-8350u/
2025-09-28 02:22:14,864 - INFO - Scraping 1261/6851: https://www.refurbed.de/p/dell-latitude-7290-i7-8650u/
2025-09-28 02:22:16,493 - INFO - Scraping 1262/6851: https://www.refurbed.de/p/dell-latitude-7300-8665u-13-3/
2025-09-28 02:22:18,360 - INFO - Scraping 1263/6851: https://www.refurbed.de/p/dell-latitude-7300-i5-8265u-13-3/
2025-09-28 02:22:20,111 - INFO - Scraping 1264/6851: https://www.refurbed.de/p/dell-latitude-7300-i5-8350u-13-3/
2025-09-28 02:22:21,938 - INFO - Scraping 1265/6851: https://www.refurbed.de/p/dell-latitude-7300-i5-8365u-13-3/
2025-09-28 02:22:23,868 - INFO - Scraping 1266/6851: https://www.refurbed.de/p/dell-latitude-7310-10610u-13-3/
2025-09-28 02:22:25,524 - INFO - Scraping 1267/6851: https://www.refurbed.de/p/dell-latitude-7310-2-in-1-10310u/
2025-09-28 02:22:27,232 - INFO - Scraping 1268/6851: https://www.refurbed.de/p/dell-latitude-7310-2-in-1-10610u/
2025-09-28 02:22:28,898 - INFO - Scraping 1269/6851: https://www.refurbed.de/p/dell-latitude-7310-i5-10310u/
2025-09-28 02:22:30,484 - INFO - Scraping 1270/6851: https://www.refurbed.de/p/dell-latitude-7310-i7-10710u/
2025-09-28 02:22:32,148 - INFO - Scraping 1271/6851: https://www.refurbed.de/p/dell-latitude-7320-114g7/
2025-09-28 02:22:33,761 - INFO - Scraping 1272/6851: https://www.refurbed.de/p/dell-latitude-7320-i5-1135g7/
2025-09-28 02:22:35,175 - INFO - Scraping 1273/6851: https://www.refurbed.de/p/dell-latitude-7320-i7-1185g7/
2025-09-28 02:22:36,710 - INFO - Scraping 1274/6851: https://www.refurbed.de/p/dell-latitude-7330-i5-1245u-13-3/
2025-09-28 02:22:38,520 - INFO - Scraping 1275/6851: https://www.refurbed.de/p/dell-latitude-7330-i7-1265u-13-3/
2025-09-28 02:22:40,018 - INFO - Scraping 1276/6851: https://www.refurbed.de/p/dell-latitude-7340-i5-1345u/
2025-09-28 02:22:41,454 - INFO - Scraping 1277/6851: https://www.refurbed.de/p/dell-latitude-7340-i7-1365u/
2025-09-28 02:22:42,876 - INFO - Scraping 1278/6851: https://www.refurbed.de/p/dell-latitude-7350-my71/
2025-09-28 02:22:43,196 - ERROR - Error fetching https://www.refurbed.de/p/dell-latitude-7350-my71/: 404 Client Error: Not Found for url: https://www.refurbed.de/p/dell-latitude-7350-my71/
2025-09-28 02:22:44,198 - INFO - Scraping 1279/6851: https://www.refurbed.de/p/dell-latitude-7380-7300u/
2025-09-28 02:22:44,485 - ERROR - Error fetching https://www.refurbed.de/p/dell-latitude-7380-7300u/: 404 Client Error: Not Found for url: https://www.refurbed.de/p/dell-latitude-7380-7300u/
2025-09-28 02:22:45,487 - INFO - Scraping 1280/6851: https://www.refurbed.de/p/dell-latitude-7380-i7-7600u-13/
2025-09-28 02:22:45,943 - ERROR - Error fetching https://www.refurbed.de/p/dell-latitude-7380-i7-7600u-13/: 404 Client Error: Not Found for url: https://www.refurbed.de/p/dell-latitude-7380-i7-7600u-13/
2025-09-28 02:22:46,946 - INFO - Scraping 1281/6851: https://www.refurbed.de/p/dell-latitude-7389-2-1-i5-7300u/
2025-09-28 02:22:47,297 - ERROR - Error fetching https://www.refurbed.de/p/dell-latitude-7389-2-1-i5-7300u/: 404 Client Error: Not Found for url: https://www.refurbed.de/p/dell-latitude-7389-2-1-i5-7300u/
2025-09-28 02:22:48,299 - INFO - Scraping 1282/6851: https://www.refurbed.de/p/dell-latitude-7390-2-1-i5-8250u/
2025-09-28 02:22:49,886 - INFO - Scraping 1283/6851: https://www.refurbed.de/p/dell-latitude-7390-2-1-i5-8350u/
2025-09-28 02:22:51,799 - INFO - Scraping 1284/6851: https://www.refurbed.de/p/dell-latitude-7390-2-1-i7-8650u/
2025-09-28 02:22:53,238 - INFO - Scraping 1285/6851: https://www.refurbed.de/p/dell-latitude-7390-2-in-1-8350u/
2025-09-28 02:22:54,806 - INFO - Scraping 1286/6851: https://www.refurbed.de/p/dell-latitude-7390-2-in-1-8650u/
2025-09-28 02:22:56,385 - INFO - Scraping 1287/6851: https://www.refurbed.de/p/dell-latitude-7390-i5-7300u-13-3/
2025-09-28 02:22:56,630 - ERROR - Error fetching https://www.refurbed.de/p/dell-latitude-7390-i5-7300u-13-3/: 404 Client Error: Not Found for url: https://www.refurbed.de/p/dell-latitude-7390-i5-7300u-13-3/
2025-09-28 02:22:57,632 - INFO - Scraping 1288/6851: https://www.refurbed.de/p/dell-latitude-7390-i5-8250u/
2025-09-28 02:22:59,208 - INFO - Scraping 1289/6851: https://www.refurbed.de/p/dell-latitude-7390-i7-8650u/
2025-09-28 02:23:00,865 - INFO - Scraping 1290/6851: https://www.refurbed.de/p/dell-latitude-7400-2-in-1-8265u/
2025-09-28 02:23:02,313 - INFO - Scraping 1291/6851: https://www.refurbed.de/p/dell-latitude-7400-2-in-1-8365u/
2025-09-28 02:23:03,955 - INFO - Scraping 1292/6851: https://www.refurbed.de/p/dell-latitude-7400-2-in-1-8665u/
2025-09-28 02:23:05,420 - INFO - Scraping 1293/6851: https://www.refurbed.de/p/dell-latitude-7400-8265u-14/
2025-09-28 02:23:07,170 - INFO - Scraping 1294/6851: https://www.refurbed.de/p/dell-latitude-7400-8365u/
2025-09-28 02:23:08,832 - INFO - Scraping 1295/6851: https://www.refurbed.de/p/dell-latitude-7400-8665u/
2025-09-28 02:23:10,606 - INFO - Scraping 1296/6851: https://www.refurbed.de/p/dell-latitude-7410-2-1-i5-10310u/
2025-09-28 02:23:12,133 - INFO - Scraping 1297/6851: https://www.refurbed.de/p/dell-latitude-7410-2-1-i7-10610u/
2025-09-28 02:23:13,675 - INFO - Scraping 1298/6851: https://www.refurbed.de/p/dell-latitude-7410-2-1-i7-10810u/
2025-09-28 02:23:15,129 - INFO - Scraping 1299/6851: https://www.refurbed.de/p/dell-latitude-7410-i5-10210u/
2025-09-28 02:23:16,841 - INFO - Scraping 1300/6851: https://www.refurbed.de/p/dell-latitude-7410-i5-10310u/
2025-09-28 02:23:18,540 - INFO - Scraping 1301/6851: https://www.refurbed.de/p/dell-latitude-7410-i7-10610u/
2025-09-28 02:23:20,250 - INFO - Scraping 1302/6851: https://www.refurbed.de/p/dell-latitude-7410-i7-10810u/
2025-09-28 02:23:22,109 - INFO - Scraping 1303/6851: https://www.refurbed.de/p/dell-latitude-7420-1135g7-14/
2025-09-28 02:23:23,825 - INFO - Scraping 1304/6851: https://www.refurbed.de/p/dell-latitude-7420-i5-1145g7/
2025-09-28 02:23:25,670 - INFO - Scraping 1305/6851: https://www.refurbed.de/p/dell-latitude-7420-i7-1165g7/
2025-09-28 02:23:27,278 - INFO - Scraping 1306/6851: https://www.refurbed.de/p/dell-latitude-7420-i7-1185g7/
2025-09-28 02:23:28,970 - INFO - Scraping 1307/6851: https://www.refurbed.de/p/dell-latitude-7430-i5-1245u-14/
2025-09-28 02:23:30,650 - INFO - Scraping 1308/6851: https://www.refurbed.de/p/dell-latitude-7430-i7-1255u-14/
2025-09-28 02:23:32,279 - INFO - Scraping 1309/6851: https://www.refurbed.de/p/dell-latitude-7430-i7-1265u/
2025-09-28 02:23:33,865 - INFO - Scraping 1310/6851: https://www.refurbed.de/p/dell-latitude-7430-i7-1270p-14/
2025-09-28 02:23:35,484 - INFO - Scraping 1311/6851: https://www.refurbed.de/p/dell-latitude-7440-i5-1335u/
2025-09-28 02:23:37,015 - INFO - Scraping 1312/6851: https://www.refurbed.de/p/dell-latitude-7440-i7-1365u/
2025-09-28 02:23:38,556 - INFO - Scraping 1313/6851: https://www.refurbed.de/p/dell-latitude-7480-6600u/
2025-09-28 02:23:38,883 - ERROR - Error fetching https://www.refurbed.de/p/dell-latitude-7480-6600u/: 404 Client Error: Not Found for url: https://www.refurbed.de/p/dell-latitude-7480-6600u/
2025-09-28 02:23:39,885 - INFO - Scraping 1314/6851: https://www.refurbed.de/p/dell-latitude-7480-7300u/
2025-09-28 02:23:40,304 - ERROR - Error fetching https://www.refurbed.de/p/dell-latitude-7480-7300u/: 404 Client Error: Not Found for url: https://www.refurbed.de/p/dell-latitude-7480-7300u/
2025-09-28 02:23:41,306 - INFO - Scraping 1315/6851: https://www.refurbed.de/p/dell-latitude-7480-7600u/
2025-09-28 02:23:41,587 - ERROR - Error fetching https://www.refurbed.de/p/dell-latitude-7480-7600u/: 404 Client Error: Not Found for url: https://www.refurbed.de/p/dell-latitude-7480-7600u/
2025-09-28 02:23:42,590 - INFO - Scraping 1316/6851: https://www.refurbed.de/p/dell-latitude-7480-i5-6200u-14/
2025-09-28 02:23:42,975 - ERROR - Error fetching https://www.refurbed.de/p/dell-latitude-7480-i5-6200u-14/: 404 Client Error: Not Found for url: https://www.refurbed.de/p/dell-latitude-7480-i5-6200u-14/
2025-09-28 02:23:43,977 - INFO - Scraping 1317/6851: https://www.refurbed.de/p/dell-latitude-7480-i5-6300u-14/
2025-09-28 02:23:44,289 - ERROR - Error fetching https://www.refurbed.de/p/dell-latitude-7480-i5-6300u-14/: 404 Client Error: Not Found for url: https://www.refurbed.de/p/dell-latitude-7480-i5-6300u-14/
2025-09-28 02:23:45,291 - INFO - Scraping 1318/6851: https://www.refurbed.de/p/dell-latitude-7480-i5-6360u-14/
2025-09-28 02:23:45,576 - ERROR - Error fetching https://www.refurbed.de/p/dell-latitude-7480-i5-6360u-14/: 404 Client Error: Not Found for url: https://www.refurbed.de/p/dell-latitude-7480-i5-6360u-14/
2025-09-28 02:23:46,579 - INFO - Scraping 1319/6851: https://www.refurbed.de/p/dell-latitude-7480-i5-7200u-14/
2025-09-28 02:23:46,990 - ERROR - Error fetching https://www.refurbed.de/p/dell-latitude-7480-i5-7200u-14/: 404 Client Error: Not Found for url: https://www.refurbed.de/p/dell-latitude-7480-i5-7200u-14/
2025-09-28 02:23:47,992 - INFO - Scraping 1320/6851: https://www.refurbed.de/p/dell-latitude-7480-i7-6650u-14/
2025-09-28 02:23:48,271 - ERROR - Error fetching https://www.refurbed.de/p/dell-latitude-7480-i7-6650u-14/: 404 Client Error: Not Found for url: https://www.refurbed.de/p/dell-latitude-7480-i7-6650u-14/
2025-09-28 02:23:49,274 - INFO - Scraping 1321/6851: https://www.refurbed.de/p/dell-latitude-7480-i7-7500u/
2025-09-28 02:23:49,633 - ERROR - Error fetching https://www.refurbed.de/p/dell-latitude-7480-i7-7500u/: 404 Client Error: Not Found for url: https://www.refurbed.de/p/dell-latitude-7480-i7-7500u/
2025-09-28 02:23:50,635 - INFO - Scraping 1322/6851: https://www.refurbed.de/p/dell-latitude-7490-7300u/
2025-09-28 02:23:51,057 - ERROR - Error fetching https://www.refurbed.de/p/dell-latitude-7490-7300u/: 404 Client Error: Not Found for url: https://www.refurbed.de/p/dell-latitude-7490-7300u/
2025-09-28 02:23:52,060 - INFO - Scraping 1323/6851: https://www.refurbed.de/p/dell-latitude-7490-7600u-14/
2025-09-28 02:23:52,347 - ERROR - Error fetching https://www.refurbed.de/p/dell-latitude-7490-7600u-14/: 404 Client Error: Not Found for url: https://www.refurbed.de/p/dell-latitude-7490-7600u-14/
2025-09-28 02:23:53,349 - INFO - Scraping 1324/6851: https://www.refurbed.de/p/dell-latitude-7490-8250u/
2025-09-28 02:23:54,946 - INFO - Scraping 1325/6851: https://www.refurbed.de/p/dell-latitude-7490-8650u/
2025-09-28 02:23:56,510 - INFO - Scraping 1326/6851: https://www.refurbed.de/p/dell-latitude-7490-8665/
2025-09-28 02:23:56,813 - ERROR - Error fetching https://www.refurbed.de/p/dell-latitude-7490-8665/: 404 Client Error: Not Found for url: https://www.refurbed.de/p/dell-latitude-7490-8665/
2025-09-28 02:23:57,815 - INFO - Scraping 1327/6851: https://www.refurbed.de/p/dell-latitude-7490-i5-8350u-14/
2025-09-28 02:23:59,870 - INFO - Scraping 1328/6851: https://www.refurbed.de/p/dell-latitude-7490-i7-8565u/
2025-09-28 02:24:01,447 - INFO - Scraping 1329/6851: https://www.refurbed.de/p/dell-latitude-7520-alu-i7-1185g7/
2025-09-28 02:24:03,012 - INFO - Scraping 1330/6851: https://www.refurbed.de/p/dell-latitude-7520-car-i7-1185g7/
2025-09-28 02:24:04,643 - INFO - Scraping 1331/6851: https://www.refurbed.de/p/dell-latitude-7520-i7-1165g7/
2025-09-28 02:24:06,265 - INFO - Scraping 1332/6851: https://www.refurbed.de/p/dell-latitude-7530-i5-1250p/
2025-09-28 02:24:07,916 - INFO - Scraping 1333/6851: https://www.refurbed.de/p/dell-latitude-7530-i7-8750h/
2025-09-28 02:24:09,925 - INFO - Scraping 1334/6851: https://www.refurbed.de/p/dell-latitude-7530-i9-8950hk/
2025-09-28 02:24:11,381 - INFO - Scraping 1335/6851: https://www.refurbed.de/p/dell-latitude-7640-i5-1345u/
2025-09-28 02:24:12,839 - INFO - Scraping 1336/6851: https://www.refurbed.de/p/dell-latitude-9430-2-in-1-1245u/
2025-09-28 02:24:14,599 - INFO - Scraping 1337/6851: https://www.refurbed.de/p/dell-latitude-9430-2-in-1-1265u/
2025-09-28 02:24:15,030 - ERROR - Error fetching https://www.refurbed.de/p/dell-latitude-9430-2-in-1-1265u/: 404 Client Error: Not Found for url: https://www.refurbed.de/p/dell-latitude-9430-2-in-1-1265u/
2025-09-28 02:24:16,032 - INFO - Scraping 1338/6851: https://www.refurbed.de/p/dell-latitude-9430-i7-1265u/
2025-09-28 02:24:17,782 - INFO - Scraping 1339/6851: https://www.refurbed.de/p/dell-latitude-9520-2in1-1185g7/
2025-09-28 02:24:19,235 - INFO - Scraping 1340/6851: https://www.refurbed.de/p/dell-latitude-detach-7320-1130g7/
2025-09-28 02:24:20,992 - INFO - Scraping 1341/6851: https://www.refurbed.de/p/dell-latitude-detach-7320-1140g7/
2025-09-28 02:24:23,043 - INFO - Scraping 1342/6851: https://www.refurbed.de/p/dell-latitude-detach-7320-1180g7/
2025-09-28 02:24:24,579 - INFO - Scraping 1343/6851: https://www.refurbed.de/p/dell-latitude-e5250-i5-5300u-12-/
2025-09-28 02:24:24,853 - ERROR - Error fetching https://www.refurbed.de/p/dell-latitude-e5250-i5-5300u-12-/: 404 Client Error: Not Found for url: https://www.refurbed.de/p/dell-latitude-e5250-i5-5300u-12-/
2025-09-28 02:24:25,856 - INFO - Scraping 1344/6851: https://www.refurbed.de/p/dell-latitude-e5270-i5-6200u-12-/
2025-09-28 02:24:26,209 - ERROR - Error fetching https://www.refurbed.de/p/dell-latitude-e5270-i5-6200u-12-/: 404 Client Error: Not Found for url: https://www.refurbed.de/p/dell-latitude-e5270-i5-6200u-12-/
2025-09-28 02:24:27,212 - INFO - Scraping 1345/6851: https://www.refurbed.de/p/dell-latitude-e5270-i5-6300u-12-/
2025-09-28 02:24:27,592 - ERROR - Error fetching https://www.refurbed.de/p/dell-latitude-e5270-i5-6300u-12-/: 404 Client Error: Not Found for url: https://www.refurbed.de/p/dell-latitude-e5270-i5-6300u-12-/
2025-09-28 02:24:28,594 - INFO - Scraping 1346/6851: https://www.refurbed.de/p/dell-latitude-e5270-i7-6600u-12/
2025-09-28 02:24:28,900 - ERROR - Error fetching https://www.refurbed.de/p/dell-latitude-e5270-i7-6600u-12/: 404 Client Error: Not Found for url: https://www.refurbed.de/p/dell-latitude-e5270-i7-6600u-12/
2025-09-28 02:24:29,902 - INFO - Scraping 1347/6851: https://www.refurbed.de/p/dell-latitude-e5440-i3-4010u-14/
2025-09-28 02:24:30,352 - ERROR - Error fetching https://www.refurbed.de/p/dell-latitude-e5440-i3-4010u-14/: 404 Client Error: Not Found for url: https://www.refurbed.de/p/dell-latitude-e5440-i3-4010u-14/
2025-09-28 02:24:31,354 - INFO - Scraping 1348/6851: https://www.refurbed.de/p/dell-latitude-e5440-i5-4200u-14/
2025-09-28 02:24:31,649 - ERROR - Error fetching https://www.refurbed.de/p/dell-latitude-e5440-i5-4200u-14/: 404 Client Error: Not Found for url: https://www.refurbed.de/p/dell-latitude-e5440-i5-4200u-14/
2025-09-28 02:24:32,651 - INFO - Scraping 1349/6851: https://www.refurbed.de/p/dell-latitude-e5440-i5-4300m-14/
2025-09-28 02:24:32,951 - ERROR - Error fetching https://www.refurbed.de/p/dell-latitude-e5440-i5-4300m-14/: 404 Client Error: Not Found for url: https://www.refurbed.de/p/dell-latitude-e5440-i5-4300m-14/
2025-09-28 02:24:33,953 - INFO - Scraping 1350/6851: https://www.refurbed.de/p/dell-latitude-e5440-i5-4300u-14/
2025-09-28 02:24:34,292 - ERROR - Error fetching https://www.refurbed.de/p/dell-latitude-e5440-i5-4300u-14/: 404 Client Error: Not Found for url: https://www.refurbed.de/p/dell-latitude-e5440-i5-4300u-14/
2025-09-28 02:24:35,294 - INFO - Scraping 1351/6851: https://www.refurbed.de/p/dell-latitude-e5440-i5-4310u-14/
2025-09-28 02:24:35,706 - ERROR - Error fetching https://www.refurbed.de/p/dell-latitude-e5440-i5-4310u-14/: 404 Client Error: Not Found for url: https://www.refurbed.de/p/dell-latitude-e5440-i5-4310u-14/
2025-09-28 02:24:36,708 - INFO - Scraping 1352/6851: https://www.refurbed.de/p/dell-latitude-e5440-i5-4600u/
2025-09-28 02:24:36,979 - ERROR - Error fetching https://www.refurbed.de/p/dell-latitude-e5440-i5-4600u/: 404 Client Error: Not Found for url: https://www.refurbed.de/p/dell-latitude-e5440-i5-4600u/
2025-09-28 02:24:37,981 - INFO - Scraping 1353/6851: https://www.refurbed.de/p/dell-latitude-e5450-i3-5010u-14/
2025-09-28 02:24:38,315 - ERROR - Error fetching https://www.refurbed.de/p/dell-latitude-e5450-i3-5010u-14/: 404 Client Error: Not Found for url: https://www.refurbed.de/p/dell-latitude-e5450-i3-5010u-14/
2025-09-28 02:24:39,318 - INFO - Scraping 1354/6851: https://www.refurbed.de/p/dell-latitude-e5450-i5-4310u-14/
2025-09-28 02:24:44,111 - ERROR - Error fetching https://www.refurbed.de/p/dell-latitude-e5450-i5-4310u-14/: 404 Client Error: Not Found for url: https://www.refurbed.de/p/dell-latitude-e5450-i5-4310u-14/
2025-09-28 02:24:45,113 - INFO - Scraping 1355/6851: https://www.refurbed.de/p/dell-latitude-e5450-i5-5200u-14/
2025-09-28 02:24:45,444 - ERROR - Error fetching https://www.refurbed.de/p/dell-latitude-e5450-i5-5200u-14/: 404 Client Error: Not Found for url: https://www.refurbed.de/p/dell-latitude-e5450-i5-5200u-14/
2025-09-28 02:24:46,446 - INFO - Scraping 1356/6851: https://www.refurbed.de/p/dell-latitude-e5450-i5-5300u-14/
2025-09-28 02:24:46,736 - ERROR - Error fetching https://www.refurbed.de/p/dell-latitude-e5450-i5-5300u-14/: 404 Client Error: Not Found for url: https://www.refurbed.de/p/dell-latitude-e5450-i5-5300u-14/
2025-09-28 02:24:47,738 - INFO - Scraping 1357/6851: https://www.refurbed.de/p/dell-latitude-e5450-i7-5600u-14/
2025-09-28 02:24:48,022 - ERROR - Error fetching https://www.refurbed.de/p/dell-latitude-e5450-i7-5600u-14/: 404 Client Error: Not Found for url: https://www.refurbed.de/p/dell-latitude-e5450-i7-5600u-14/
2025-09-28 02:24:49,025 - INFO - Scraping 1358/6851: https://www.refurbed.de/p/dell-latitude-e5470-6100u/
2025-09-28 02:24:49,360 - ERROR - Error fetching https://www.refurbed.de/p/dell-latitude-e5470-6100u/: 404 Client Error: Not Found for url: https://www.refurbed.de/p/dell-latitude-e5470-6100u/
2025-09-28 02:24:50,362 - INFO - Scraping 1359/6851: https://www.refurbed.de/p/dell-latitude-e5470-6300hq/
2025-09-28 02:24:50,660 - ERROR - Error fetching https://www.refurbed.de/p/dell-latitude-e5470-6300hq/: 404 Client Error: Not Found for url: https://www.refurbed.de/p/dell-latitude-e5470-6300hq/
2025-09-28 02:24:51,661 - INFO - Scraping 1360/6851: https://www.refurbed.de/p/dell-latitude-e5470-6440hq/
2025-09-28 02:24:51,952 - ERROR - Error fetching https://www.refurbed.de/p/dell-latitude-e5470-6440hq/: 404 Client Error: Not Found for url: https://www.refurbed.de/p/dell-latitude-e5470-6440hq/
2025-09-28 02:24:52,954 - INFO - Scraping 1361/6851: https://www.refurbed.de/p/dell-latitude-e5470-6820hq/
2025-09-28 02:24:53,241 - ERROR - Error fetching https://www.refurbed.de/p/dell-latitude-e5470-6820hq/: 404 Client Error: Not Found for url: https://www.refurbed.de/p/dell-latitude-e5470-6820hq/
2025-09-28 02:24:54,243 - INFO - Scraping 1362/6851: https://www.refurbed.de/p/dell-latitude-e5470-i5-6200u/
2025-09-28 02:24:54,648 - ERROR - Error fetching https://www.refurbed.de/p/dell-latitude-e5470-i5-6200u/: 404 Client Error: Not Found for url: https://www.refurbed.de/p/dell-latitude-e5470-i5-6200u/
2025-09-28 02:24:55,650 - INFO - Scraping 1363/6851: https://www.refurbed.de/p/dell-latitude-e5470-i5-6300u-14/
2025-09-28 02:25:00,812 - ERROR - Error fetching https://www.refurbed.de/p/dell-latitude-e5470-i5-6300u-14/: 404 Client Error: Not Found for url: https://www.refurbed.de/p/dell-latitude-e5470-i5-6300u-14/
2025-09-28 02:25:01,814 - INFO - Scraping 1364/6851: https://www.refurbed.de/p/dell-latitude-e5470-i7-6600u/
2025-09-28 02:25:02,126 - ERROR - Error fetching https://www.refurbed.de/p/dell-latitude-e5470-i7-6600u/: 404 Client Error: Not Found for url: https://www.refurbed.de/p/dell-latitude-e5470-i7-6600u/
2025-09-28 02:25:03,128 - INFO - Scraping 1365/6851: https://www.refurbed.de/p/dell-latitude-e5480-i5-6300u-14/
2025-09-28 02:25:03,623 - ERROR - Error fetching https://www.refurbed.de/p/dell-latitude-e5480-i5-6300u-14/: 404 Client Error: Not Found for url: https://www.refurbed.de/p/dell-latitude-e5480-i5-6300u-14/
2025-09-28 02:25:04,625 - INFO - Scraping 1366/6851: https://www.refurbed.de/p/dell-latitude-e5480-i5-7300u-14/
2025-09-28 02:25:05,231 - ERROR - Error fetching https://www.refurbed.de/p/dell-latitude-e5480-i5-7300u-14/: 404 Client Error: Not Found for url: https://www.refurbed.de/p/dell-latitude-e5480-i5-7300u-14/
2025-09-28 02:25:06,233 - INFO - Scraping 1367/6851: https://www.refurbed.de/p/dell-latitude-e5480-i5-7440hq-14/
2025-09-28 02:25:06,572 - ERROR - Error fetching https://www.refurbed.de/p/dell-latitude-e5480-i5-7440hq-14/: 404 Client Error: Not Found for url: https://www.refurbed.de/p/dell-latitude-e5480-i5-7440hq-14/
2025-09-28 02:25:07,574 - INFO - Scraping 1368/6851: https://www.refurbed.de/p/dell-latitude-e5490-i5-7300u/
2025-09-28 02:25:07,894 - ERROR - Error fetching https://www.refurbed.de/p/dell-latitude-e5490-i5-7300u/: 404 Client Error: Not Found for url: https://www.refurbed.de/p/dell-latitude-e5490-i5-7300u/
2025-09-28 02:25:08,897 - INFO - Scraping 1369/6851: https://www.refurbed.de/p/dell-latitude-e5490-i5-8350u/
2025-09-28 02:25:10,635 - INFO - Scraping 1370/6851: https://www.refurbed.de/p/dell-latitude-e5550-i3-5010u-15/
2025-09-28 02:25:11,056 - ERROR - Error fetching https://www.refurbed.de/p/dell-latitude-e5550-i3-5010u-15/: 404 Client Error: Not Found for url: https://www.refurbed.de/p/dell-latitude-e5550-i3-5010u-15/
2025-09-28 02:25:12,058 - INFO - Scraping 1371/6851: https://www.refurbed.de/p/dell-latitude-e5550-i5-5200u-15-/
2025-09-28 02:25:12,470 - ERROR - Error fetching https://www.refurbed.de/p/dell-latitude-e5550-i5-5200u-15-/: 404 Client Error: Not Found for url: https://www.refurbed.de/p/dell-latitude-e5550-i5-5200u-15-/
2025-09-28 02:25:13,472 - INFO - Scraping 1372/6851: https://www.refurbed.de/p/dell-latitude-e5550-i5-5300u-15-/
2025-09-28 02:25:13,797 - ERROR - Error fetching https://www.refurbed.de/p/dell-latitude-e5550-i5-5300u-15-/: 404 Client Error: Not Found for url: https://www.refurbed.de/p/dell-latitude-e5550-i5-5300u-15-/
2025-09-28 02:25:14,799 - INFO - Scraping 1373/6851: https://www.refurbed.de/p/dell-latitude-e5570-6300u/
2025-09-28 02:25:15,112 - ERROR - Error fetching https://www.refurbed.de/p/dell-latitude-e5570-6300u/: 404 Client Error: Not Found for url: https://www.refurbed.de/p/dell-latitude-e5570-6300u/
2025-09-28 02:25:16,114 - INFO - Scraping 1374/6851: https://www.refurbed.de/p/dell-latitude-e5570-6640hq/
2025-09-28 02:25:16,418 - ERROR - Error fetching https://www.refurbed.de/p/dell-latitude-e5570-6640hq/: 404 Client Error: Not Found for url: https://www.refurbed.de/p/dell-latitude-e5570-6640hq/
2025-09-28 02:25:17,421 - INFO - Scraping 1375/6851: https://www.refurbed.de/p/dell-latitude-e5570-i3-6100u/
2025-09-28 02:25:17,841 - ERROR - Error fetching https://www.refurbed.de/p/dell-latitude-e5570-i3-6100u/: 404 Client Error: Not Found for url: https://www.refurbed.de/p/dell-latitude-e5570-i3-6100u/
2025-09-28 02:25:18,843 - INFO - Scraping 1376/6851: https://www.refurbed.de/p/dell-latitude-e5570-i5-6200u/
2025-09-28 02:25:19,151 - ERROR - Error fetching https://www.refurbed.de/p/dell-latitude-e5570-i5-6200u/: 404 Client Error: Not Found for url: https://www.refurbed.de/p/dell-latitude-e5570-i5-6200u/
2025-09-28 02:25:20,153 - INFO - Scraping 1377/6851: https://www.refurbed.de/p/dell-latitude-e5570-i5-6300hq/
2025-09-28 02:25:20,665 - ERROR - Error fetching https://www.refurbed.de/p/dell-latitude-e5570-i5-6300hq/: 404 Client Error: Not Found for url: https://www.refurbed.de/p/dell-latitude-e5570-i5-6300hq/
2025-09-28 02:25:21,668 - INFO - Scraping 1378/6851: https://www.refurbed.de/p/dell-latitude-e5570-i5-6300u-15-/
2025-09-28 02:25:22,076 - ERROR - Error fetching https://www.refurbed.de/p/dell-latitude-e5570-i5-6300u-15-/: 404 Client Error: Not Found for url: https://www.refurbed.de/p/dell-latitude-e5570-i5-6300u-15-/
2025-09-28 02:25:23,078 - INFO - Scraping 1379/6851: https://www.refurbed.de/p/dell-latitude-e5570-i7-6600u/
2025-09-28 02:25:23,395 - ERROR - Error fetching https://www.refurbed.de/p/dell-latitude-e5570-i7-6600u/: 404 Client Error: Not Found for url: https://www.refurbed.de/p/dell-latitude-e5570-i7-6600u/
2025-09-28 02:25:24,397 - INFO - Scraping 1380/6851: https://www.refurbed.de/p/dell-latitude-e6440-4600m/
2025-09-28 02:25:24,837 - ERROR - Error fetching https://www.refurbed.de/p/dell-latitude-e6440-4600m/: 404 Client Error: Not Found for url: https://www.refurbed.de/p/dell-latitude-e6440-4600m/
2025-09-28 02:25:25,839 - INFO - Scraping 1381/6851: https://www.refurbed.de/p/dell-latitude-e6440-i5-14/
2025-09-28 02:25:26,206 - ERROR - Error fetching https://www.refurbed.de/p/dell-latitude-e6440-i5-14/: 404 Client Error: Not Found for url: https://www.refurbed.de/p/dell-latitude-e6440-i5-14/
2025-09-28 02:25:27,208 - INFO - Scraping 1382/6851: https://www.refurbed.de/p/dell-latitude-e6440-i5-4210m-14/
2025-09-28 02:25:27,843 - ERROR - Error fetching https://www.refurbed.de/p/dell-latitude-e6440-i5-4210m-14/: 404 Client Error: Not Found for url: https://www.refurbed.de/p/dell-latitude-e6440-i5-4210m-14/
2025-09-28 02:25:28,845 - INFO - Scraping 1383/6851: https://www.refurbed.de/p/dell-latitude-e6440-i5-4310m-14/
2025-09-28 02:25:29,305 - ERROR - Error fetching https://www.refurbed.de/p/dell-latitude-e6440-i5-4310m-14/: 404 Client Error: Not Found for url: https://www.refurbed.de/p/dell-latitude-e6440-i5-4310m-14/
2025-09-28 02:25:30,307 - INFO - Scraping 1384/6851: https://www.refurbed.de/p/dell-latitude-e6440-i7-4610m-14/
2025-09-28 02:25:30,701 - ERROR - Error fetching https://www.refurbed.de/p/dell-latitude-e6440-i7-4610m-14/: 404 Client Error: Not Found for url: https://www.refurbed.de/p/dell-latitude-e6440-i7-4610m-14/
2025-09-28 02:25:31,704 - INFO - Scraping 1385/6851: https://www.refurbed.de/p/dell-latitude-e6540-i5-15-6/
2025-09-28 02:25:32,115 - ERROR - Error fetching https://www.refurbed.de/p/dell-latitude-e6540-i5-15-6/: 404 Client Error: Not Found for url: https://www.refurbed.de/p/dell-latitude-e6540-i5-15-6/
2025-09-28 02:25:33,118 - INFO - Scraping 1386/6851: https://www.refurbed.de/p/dell-latitude-e6540-i5-4200m-15-/
2025-09-28 02:25:33,390 - ERROR - Error fetching https://www.refurbed.de/p/dell-latitude-e6540-i5-4200m-15-/: 404 Client Error: Not Found for url: https://www.refurbed.de/p/dell-latitude-e6540-i5-4200m-15-/
2025-09-28 02:25:34,392 - INFO - Scraping 1387/6851: https://www.refurbed.de/p/dell-latitude-e6540-i7-4310m-15-/
2025-09-28 02:25:34,886 - ERROR - Error fetching https://www.refurbed.de/p/dell-latitude-e6540-i7-4310m-15-/: 404 Client Error: Not Found for url: https://www.refurbed.de/p/dell-latitude-e6540-i7-4310m-15-/
2025-09-28 02:25:35,888 - INFO - Scraping 1388/6851: https://www.refurbed.de/p/dell-latitude-e6540-i7-4600m-15/
2025-09-28 02:25:36,519 - ERROR - Error fetching https://www.refurbed.de/p/dell-latitude-e6540-i7-4600m-15/: 404 Client Error: Not Found for url: https://www.refurbed.de/p/dell-latitude-e6540-i7-4600m-15/
2025-09-28 02:25:37,521 - INFO - Scraping 1389/6851: https://www.refurbed.de/p/dell-latitude-e6540-i7-4610m-15-/
2025-09-28 02:25:38,092 - ERROR - Error fetching https://www.refurbed.de/p/dell-latitude-e6540-i7-4610m-15-/: 404 Client Error: Not Found for url: https://www.refurbed.de/p/dell-latitude-e6540-i7-4610m-15-/
2025-09-28 02:25:39,095 - INFO - Scraping 1390/6851: https://www.refurbed.de/p/dell-latitude-e6540-i7-4800m-15/
2025-09-28 02:25:39,404 - ERROR - Error fetching https://www.refurbed.de/p/dell-latitude-e6540-i7-4800m-15/: 404 Client Error: Not Found for url: https://www.refurbed.de/p/dell-latitude-e6540-i7-4800m-15/
2025-09-28 02:25:40,406 - INFO - Scraping 1391/6851: https://www.refurbed.de/p/dell-latitude-e6540-i7-4810mq-15/
2025-09-28 02:25:41,136 - ERROR - Error fetching https://www.refurbed.de/p/dell-latitude-e6540-i7-4810mq-15/: 404 Client Error: Not Found for url: https://www.refurbed.de/p/dell-latitude-e6540-i7-4810mq-15/
2025-09-28 02:25:42,138 - INFO - Scraping 1392/6851: https://www.refurbed.de/p/dell-latitude-e7240-i5-14/
2025-09-28 02:25:42,466 - ERROR - Error fetching https://www.refurbed.de/p/dell-latitude-e7240-i5-14/: 404 Client Error: Not Found for url: https://www.refurbed.de/p/dell-latitude-e7240-i5-14/
2025-09-28 02:25:43,468 - INFO - Scraping 1393/6851: https://www.refurbed.de/p/dell-latitude-e7240-i7-4310u/
2025-09-28 02:25:44,009 - ERROR - Error fetching https://www.refurbed.de/p/dell-latitude-e7240-i7-4310u/: 404 Client Error: Not Found for url: https://www.refurbed.de/p/dell-latitude-e7240-i7-4310u/
2025-09-28 02:25:45,011 - INFO - Scraping 1394/6851: https://www.refurbed.de/p/dell-latitude-e7240-i7-4600u-12-/
2025-09-28 02:25:45,729 - ERROR - Error fetching https://www.refurbed.de/p/dell-latitude-e7240-i7-4600u-12-/: 404 Client Error: Not Found for url: https://www.refurbed.de/p/dell-latitude-e7240-i7-4600u-12-/
2025-09-28 02:25:46,731 - INFO - Scraping 1395/6851: https://www.refurbed.de/p/dell-latitude-e7240-touch-i7-460/
2025-09-28 02:25:47,203 - ERROR - Error fetching https://www.refurbed.de/p/dell-latitude-e7240-touch-i7-460/: 404 Client Error: Not Found for url: https://www.refurbed.de/p/dell-latitude-e7240-touch-i7-460/
2025-09-28 02:25:48,206 - INFO - Scraping 1396/6851: https://www.refurbed.de/p/dell-latitude-e7250-i3-5010u/
2025-09-28 02:25:48,841 - ERROR - Error fetching https://www.refurbed.de/p/dell-latitude-e7250-i3-5010u/: 404 Client Error: Not Found for url: https://www.refurbed.de/p/dell-latitude-e7250-i3-5010u/
2025-09-28 02:25:49,843 - INFO - Scraping 1397/6851: https://www.refurbed.de/p/dell-latitude-e7250-i5-5200u-12-/
2025-09-28 02:25:50,358 - ERROR - Error fetching https://www.refurbed.de/p/dell-latitude-e7250-i5-5200u-12-/: 404 Client Error: Not Found for url: https://www.refurbed.de/p/dell-latitude-e7250-i5-5200u-12-/
2025-09-28 02:25:51,361 - INFO - Scraping 1398/6851: https://www.refurbed.de/p/dell-latitude-e7250-i5-5300u-12-/
2025-09-28 02:25:51,630 - ERROR - Error fetching https://www.refurbed.de/p/dell-latitude-e7250-i5-5300u-12-/: 404 Client Error: Not Found for url: https://www.refurbed.de/p/dell-latitude-e7250-i5-5300u-12-/
2025-09-28 02:25:52,632 - INFO - Scraping 1399/6851: https://www.refurbed.de/p/dell-latitude-e7250-i7-5300u-12-/
2025-09-28 02:25:53,035 - ERROR - Error fetching https://www.refurbed.de/p/dell-latitude-e7250-i7-5300u-12-/: 404 Client Error: Not Found for url: https://www.refurbed.de/p/dell-latitude-e7250-i7-5300u-12-/
2025-09-28 02:25:54,038 - INFO - Scraping 1400/6851: https://www.refurbed.de/p/dell-latitude-e7250-i7-5600u-12-/
2025-09-28 02:25:54,276 - ERROR - Error fetching https://www.refurbed.de/p/dell-latitude-e7250-i7-5600u-12-/: 404 Client Error: Not Found for url: https://www.refurbed.de/p/dell-latitude-e7250-i7-5600u-12-/
2025-09-28 02:25:55,278 - INFO - Scraping 1401/6851: https://www.refurbed.de/p/dell-latitude-e7250-touch-i5-530/
2025-09-28 02:25:55,593 - ERROR - Error fetching https://www.refurbed.de/p/dell-latitude-e7250-touch-i5-530/: 404 Client Error: Not Found for url: https://www.refurbed.de/p/dell-latitude-e7250-touch-i5-530/
2025-09-28 02:25:56,595 - INFO - Scraping 1402/6851: https://www.refurbed.de/p/dell-latitude-e7270-i5-6200u-12/
2025-09-28 02:25:56,901 - ERROR - Error fetching https://www.refurbed.de/p/dell-latitude-e7270-i5-6200u-12/: 404 Client Error: Not Found for url: https://www.refurbed.de/p/dell-latitude-e7270-i5-6200u-12/
2025-09-28 02:25:57,903 - INFO - Scraping 1403/6851: https://www.refurbed.de/p/dell-latitude-e7270-i5-6300u-12-/
2025-09-28 02:25:58,178 - ERROR - Error fetching https://www.refurbed.de/p/dell-latitude-e7270-i5-6300u-12-/: 404 Client Error: Not Found for url: https://www.refurbed.de/p/dell-latitude-e7270-i5-6300u-12-/
2025-09-28 02:25:59,180 - INFO - Scraping 1404/6851: https://www.refurbed.de/p/dell-latitude-e7270-i7-6600u-12-/
2025-09-28 02:25:59,527 - ERROR - Error fetching https://www.refurbed.de/p/dell-latitude-e7270-i7-6600u-12-/: 404 Client Error: Not Found for url: https://www.refurbed.de/p/dell-latitude-e7270-i7-6600u-12-/
2025-09-28 02:26:00,529 - INFO - Scraping 1405/6851: https://www.refurbed.de/p/dell-latitude-e7280-i5-6300u-12/
2025-09-28 02:26:00,844 - ERROR - Error fetching https://www.refurbed.de/p/dell-latitude-e7280-i5-6300u-12/: 404 Client Error: Not Found for url: https://www.refurbed.de/p/dell-latitude-e7280-i5-6300u-12/
2025-09-28 02:26:01,846 - INFO - Scraping 1406/6851: https://www.refurbed.de/p/dell-latitude-e7280-i7-6600u-12-/
2025-09-28 02:26:02,326 - ERROR - Error fetching https://www.refurbed.de/p/dell-latitude-e7280-i7-6600u-12-/: 404 Client Error: Not Found for url: https://www.refurbed.de/p/dell-latitude-e7280-i7-6600u-12-/
2025-09-28 02:26:03,328 - INFO - Scraping 1407/6851: https://www.refurbed.de/p/dell-latitude-e7350-2-in-1-m5y10/
2025-09-28 02:26:03,713 - ERROR - Error fetching https://www.refurbed.de/p/dell-latitude-e7350-2-in-1-m5y10/: 404 Client Error: Not Found for url: https://www.refurbed.de/p/dell-latitude-e7350-2-in-1-m5y10/
2025-09-28 02:26:04,715 - INFO - Scraping 1408/6851: https://www.refurbed.de/p/dell-latitude-e7440-i7-14/
2025-09-28 02:26:05,271 - ERROR - Error fetching https://www.refurbed.de/p/dell-latitude-e7440-i7-14/: 404 Client Error: Not Found for url: https://www.refurbed.de/p/dell-latitude-e7440-i7-14/
2025-09-28 02:26:06,273 - INFO - Scraping 1409/6851: https://www.refurbed.de/p/dell-latitude-e7440/
2025-09-28 02:26:06,626 - ERROR - Error fetching https://www.refurbed.de/p/dell-latitude-e7440/: 404 Client Error: Not Found for url: https://www.refurbed.de/p/dell-latitude-e7440/
2025-09-28 02:26:07,628 - INFO - Scraping 1410/6851: https://www.refurbed.de/p/dell-latitude-e7450-i7-5600u-14/
2025-09-28 02:26:08,032 - ERROR - Error fetching https://www.refurbed.de/p/dell-latitude-e7450-i7-5600u-14/: 404 Client Error: Not Found for url: https://www.refurbed.de/p/dell-latitude-e7450-i7-5600u-14/
2025-09-28 02:26:09,034 - INFO - Scraping 1411/6851: https://www.refurbed.de/p/dell-latitude-e7450-touch-i7-560/
2025-09-28 02:26:09,392 - ERROR - Error fetching https://www.refurbed.de/p/dell-latitude-e7450-touch-i7-560/: 404 Client Error: Not Found for url: https://www.refurbed.de/p/dell-latitude-e7450-touch-i7-560/
2025-09-28 02:26:10,394 - INFO - Scraping 1412/6851: https://www.refurbed.de/p/dell-latitude-e7450-ultrabook-52/
2025-09-28 02:26:11,149 - ERROR - Error fetching https://www.refurbed.de/p/dell-latitude-e7450-ultrabook-52/: 404 Client Error: Not Found for url: https://www.refurbed.de/p/dell-latitude-e7450-ultrabook-52/
2025-09-28 02:26:12,151 - INFO - Scraping 1413/6851: https://www.refurbed.de/p/dell-latitude-e7450-ultrabook-56/
2025-09-28 02:26:12,788 - ERROR - Error fetching https://www.refurbed.de/p/dell-latitude-e7450-ultrabook-56/: 404 Client Error: Not Found for url: https://www.refurbed.de/p/dell-latitude-e7450-ultrabook-56/
2025-09-28 02:26:13,790 - INFO - Scraping 1414/6851: https://www.refurbed.de/p/dell-latitude-e7450-ultrabook-i5/
2025-09-28 02:26:14,192 - ERROR - Error fetching https://www.refurbed.de/p/dell-latitude-e7450-ultrabook-i5/: 404 Client Error: Not Found for url: https://www.refurbed.de/p/dell-latitude-e7450-ultrabook-i5/
2025-09-28 02:26:15,195 - INFO - Scraping 1415/6851: https://www.refurbed.de/p/dell-latitude-e7470-i5-6200u/
2025-09-28 02:26:15,497 - ERROR - Error fetching https://www.refurbed.de/p/dell-latitude-e7470-i5-6200u/: 404 Client Error: Not Found for url: https://www.refurbed.de/p/dell-latitude-e7470-i5-6200u/
2025-09-28 02:26:16,500 - INFO - Scraping 1416/6851: https://www.refurbed.de/p/dell-latitude-e7470-i5-630/
2025-09-28 02:26:16,791 - ERROR - Error fetching https://www.refurbed.de/p/dell-latitude-e7470-i5-630/: 404 Client Error: Not Found for url: https://www.refurbed.de/p/dell-latitude-e7470-i5-630/
2025-09-28 02:26:17,793 - INFO - Scraping 1417/6851: https://www.refurbed.de/p/dell-latitude-e7470-i5-6300u-14/
2025-09-28 02:26:18,150 - ERROR - Error fetching https://www.refurbed.de/p/dell-latitude-e7470-i5-6300u-14/: 404 Client Error: Not Found for url: https://www.refurbed.de/p/dell-latitude-e7470-i5-6300u-14/
2025-09-28 02:26:19,152 - INFO - Scraping 1418/6851: https://www.refurbed.de/p/dell-latitude-e7470-i7-6500u/
2025-09-28 02:26:19,576 - ERROR - Error fetching https://www.refurbed.de/p/dell-latitude-e7470-i7-6500u/: 404 Client Error: Not Found for url: https://www.refurbed.de/p/dell-latitude-e7470-i7-6500u/
2025-09-28 02:26:20,578 - INFO - Scraping 1419/6851: https://www.refurbed.de/p/dell-latitude-e7470-i7-6600u-14/
2025-09-28 02:26:20,925 - ERROR - Error fetching https://www.refurbed.de/p/dell-latitude-e7470-i7-6600u-14/: 404 Client Error: Not Found for url: https://www.refurbed.de/p/dell-latitude-e7470-i7-6600u-14/
2025-09-28 02:26:21,927 - INFO - Scraping 1420/6851: https://www.refurbed.de/p/dell-latitude-e7480-7300u/
2025-09-28 02:26:22,194 - ERROR - Error fetching https://www.refurbed.de/p/dell-latitude-e7480-7300u/: 404 Client Error: Not Found for url: https://www.refurbed.de/p/dell-latitude-e7480-7300u/
2025-09-28 02:26:23,196 - INFO - Scraping 1421/6851: https://www.refurbed.de/p/dell-latitude-e7480-i5-6300u-14/
2025-09-28 02:26:23,593 - ERROR - Error fetching https://www.refurbed.de/p/dell-latitude-e7480-i5-6300u-14/: 404 Client Error: Not Found for url: https://www.refurbed.de/p/dell-latitude-e7480-i5-6300u-14/
2025-09-28 02:26:24,595 - INFO - Scraping 1422/6851: https://www.refurbed.de/p/dell-latitude-e7480-i5-7200u-14/
2025-09-28 02:26:24,929 - ERROR - Error fetching https://www.refurbed.de/p/dell-latitude-e7480-i5-7200u-14/: 404 Client Error: Not Found for url: https://www.refurbed.de/p/dell-latitude-e7480-i5-7200u-14/
2025-09-28 02:26:25,931 - INFO - Scraping 1423/6851: https://www.refurbed.de/p/dell-latitude-e7480-i7-6600u-14/
2025-09-28 02:26:26,228 - ERROR - Error fetching https://www.refurbed.de/p/dell-latitude-e7480-i7-6600u-14/: 404 Client Error: Not Found for url: https://www.refurbed.de/p/dell-latitude-e7480-i7-6600u-14/
2025-09-28 02:26:27,230 - INFO - Scraping 1424/6851: https://www.refurbed.de/p/dell-latitude-e7480-i7-7600u-14/
2025-09-28 02:26:27,560 - ERROR - Error fetching https://www.refurbed.de/p/dell-latitude-e7480-i7-7600u-14/: 404 Client Error: Not Found for url: https://www.refurbed.de/p/dell-latitude-e7480-i7-7600u-14/
2025-09-28 02:26:28,562 - INFO - Scraping 1425/6851: https://www.refurbed.de/p/dell-latitude-e7490-8250u-14/
2025-09-28 02:26:30,115 - INFO - Scraping 1426/6851: https://www.refurbed.de/p/dell-latitude-e7490-i5-7300u-14/
2025-09-28 02:26:30,725 - ERROR - Error fetching https://www.refurbed.de/p/dell-latitude-e7490-i5-7300u-14/: 404 Client Error: Not Found for url: https://www.refurbed.de/p/dell-latitude-e7490-i5-7300u-14/
2025-09-28 02:26:31,727 - INFO - Scraping 1427/6851: https://www.refurbed.de/p/dell-latitude-e7490-i7-8650u-14/
2025-09-28 02:26:33,359 - INFO - Scraping 1428/6851: https://www.refurbed.de/p/dell-latitude-i5-4200u-14/
2025-09-28 02:26:33,753 - ERROR - Error fetching https://www.refurbed.de/p/dell-latitude-i5-4200u-14/: 404 Client Error: Not Found for url: https://www.refurbed.de/p/dell-latitude-i5-4200u-14/
2025-09-28 02:26:34,756 - INFO - Scraping 1429/6851: https://www.refurbed.de/p/dell-latitude-i5-4300u-14/
2025-09-28 02:26:35,507 - ERROR - Error fetching https://www.refurbed.de/p/dell-latitude-i5-4300u-14/: 404 Client Error: Not Found for url: https://www.refurbed.de/p/dell-latitude-i5-4300u-14/
2025-09-28 02:26:36,509 - INFO - Scraping 1430/6851: https://www.refurbed.de/p/dell-latitude-rugg-12-7202-5y10c/
2025-09-28 02:26:36,813 - ERROR - Error fetching https://www.refurbed.de/p/dell-latitude-rugg-12-7202-5y10c/: 404 Client Error: Not Found for url: https://www.refurbed.de/p/dell-latitude-rugg-12-7202-5y10c/
2025-09-28 02:26:37,815 - INFO - Scraping 1431/6851: https://www.refurbed.de/p/dell-latitude-rugged-12-6300u/
2025-09-28 02:26:38,163 - ERROR - Error fetching https://www.refurbed.de/p/dell-latitude-rugged-12-6300u/: 404 Client Error: Not Found for url: https://www.refurbed.de/p/dell-latitude-rugged-12-6300u/
2025-09-28 02:26:39,165 - INFO - Scraping 1432/6851: https://www.refurbed.de/p/dell-latitude-rugged-12-7202/
2025-09-28 02:26:39,607 - ERROR - Error fetching https://www.refurbed.de/p/dell-latitude-rugged-12-7202/: 404 Client Error: Not Found for url: https://www.refurbed.de/p/dell-latitude-rugged-12-7202/
2025-09-28 02:26:40,609 - INFO - Scraping 1433/6851: https://www.refurbed.de/p/dell-latitude-rugged-5420-8350u/
2025-09-28 02:26:42,385 - INFO - Scraping 1434/6851: https://www.refurbed.de/p/dell-latitude-rugged-5420-8650u/
2025-09-28 02:26:43,841 - INFO - Scraping 1435/6851: https://www.refurbed.de/p/dell-ltd-rugged-14-4310u/
2025-09-28 02:26:44,189 - ERROR - Error fetching https://www.refurbed.de/p/dell-ltd-rugged-14-4310u/: 404 Client Error: Not Found for url: https://www.refurbed.de/p/dell-ltd-rugged-14-4310u/
2025-09-28 02:26:45,191 - INFO - Scraping 1436/6851: https://www.refurbed.de/p/dell-mfs18-all-in-one-stand/
2025-09-28 02:26:46,622 - INFO - Scraping 1437/6851: https://www.refurbed.de/p/dell-mk15-mounting-kit/
2025-09-28 02:26:48,144 - INFO - Scraping 1438/6851: https://www.refurbed.de/p/dell-ms111/
2025-09-28 02:26:49,730 - INFO - Scraping 1439/6851: https://www.refurbed.de/p/dell-ms116/
2025-09-28 02:26:51,234 - INFO - Scraping 1440/6851: https://www.refurbed.de/p/dell-msa20-single-monitor-arm/
2025-09-28 02:26:52,703 - INFO - Scraping 1441/6851: https://www.refurbed.de/p/dell-op-3060-micro-p2417h-aio/
2025-09-28 02:26:54,602 - INFO - Scraping 1442/6851: https://www.refurbed.de/p/dell-op-3060-micro-u2417h-aio/
2025-09-28 02:26:54,929 - ERROR - Error fetching https://www.refurbed.de/p/dell-op-3060-micro-u2417h-aio/: 404 Client Error: Not Found for url: https://www.refurbed.de/p/dell-op-3060-micro-u2417h-aio/
2025-09-28 02:26:55,932 - INFO - Scraping 1443/6851: https://www.refurbed.de/p/dell-op-5040-mt-6th/
2025-09-28 02:26:56,347 - ERROR - Error fetching https://www.refurbed.de/p/dell-op-5040-mt-6th/: 404 Client Error: Not Found for url: https://www.refurbed.de/p/dell-op-5040-mt-6th/
2025-09-28 02:26:57,350 - INFO - Scraping 1444/6851: https://www.refurbed.de/p/dell-op-5040-sff-6th/
2025-09-28 02:26:57,664 - ERROR - Error fetching https://www.refurbed.de/p/dell-op-5040-sff-6th/: 404 Client Error: Not Found for url: https://www.refurbed.de/p/dell-op-5040-sff-6th/
2025-09-28 02:26:58,667 - INFO - Scraping 1445/6851: https://www.refurbed.de/p/dell-optiplex-3000-micro-mff/
2025-09-28 02:27:00,253 - INFO - Scraping 1446/6851: https://www.refurbed.de/p/dell-optiplex-3000-mt/
2025-09-28 02:27:01,721 - INFO - Scraping 1447/6851: https://www.refurbed.de/p/dell-optiplex-3000-sff/
2025-09-28 02:27:03,286 - INFO - Scraping 1448/6851: https://www.refurbed.de/p/dell-optiplex-3000-thin-client/
2025-09-28 02:27:04,856 - INFO - Scraping 1449/6851: https://www.refurbed.de/p/dell-optiplex-3020-business-pc/
2025-09-28 02:27:05,164 - ERROR - Error fetching https://www.refurbed.de/p/dell-optiplex-3020-business-pc/: 404 Client Error: Not Found for url: https://www.refurbed.de/p/dell-optiplex-3020-business-pc/
2025-09-28 02:27:06,166 - INFO - Scraping 1450/6851: https://www.refurbed.de/p/dell-optiplex-3020-micro/
2025-09-28 02:27:06,499 - ERROR - Error fetching https://www.refurbed.de/p/dell-optiplex-3020-micro/: 404 Client Error: Not Found for url: https://www.refurbed.de/p/dell-optiplex-3020-micro/
2025-09-28 02:27:07,502 - INFO - Scraping 1451/6851: https://www.refurbed.de/p/dell-optiplex-3020-mt/
2025-09-28 02:27:07,889 - ERROR - Error fetching https://www.refurbed.de/p/dell-optiplex-3020-mt/: 404 Client Error: Not Found for url: https://www.refurbed.de/p/dell-optiplex-3020-mt/
2025-09-28 02:27:08,891 - INFO - Scraping 1452/6851: https://www.refurbed.de/p/dell-optiplex-3020m-micro/
2025-09-28 02:27:09,254 - ERROR - Error fetching https://www.refurbed.de/p/dell-optiplex-3020m-micro/: 404 Client Error: Not Found for url: https://www.refurbed.de/p/dell-optiplex-3020m-micro/
2025-09-28 02:27:10,256 - INFO - Scraping 1453/6851: https://www.refurbed.de/p/dell-optiplex-3030-aio-4-gen-20/
2025-09-28 02:27:10,553 - ERROR - Error fetching https://www.refurbed.de/p/dell-optiplex-3030-aio-4-gen-20/: 404 Client Error: Not Found for url: https://www.refurbed.de/p/dell-optiplex-3030-aio-4-gen-20/
2025-09-28 02:27:11,555 - INFO - Scraping 1454/6851: https://www.refurbed.de/p/dell-optiplex-3040-mt/
2025-09-28 02:27:11,818 - ERROR - Error fetching https://www.refurbed.de/p/dell-optiplex-3040-mt/: 404 Client Error: Not Found for url: https://www.refurbed.de/p/dell-optiplex-3040-mt/
2025-09-28 02:27:12,820 - INFO - Scraping 1455/6851: https://www.refurbed.de/p/dell-optiplex-3040-sff/
2025-09-28 02:27:13,138 - ERROR - Error fetching https://www.refurbed.de/p/dell-optiplex-3040-sff/: 404 Client Error: Not Found for url: https://www.refurbed.de/p/dell-optiplex-3040-sff/
2025-09-28 02:27:14,140 - INFO - Scraping 1456/6851: https://www.refurbed.de/p/dell-optiplex-3040micro-i6th/
2025-09-28 02:27:14,431 - ERROR - Error fetching https://www.refurbed.de/p/dell-optiplex-3040micro-i6th/: 404 Client Error: Not Found for url: https://www.refurbed.de/p/dell-optiplex-3040micro-i6th/
2025-09-28 02:27:15,434 - INFO - Scraping 1457/6851: https://www.refurbed.de/p/dell-optiplex-3050-aio/
2025-09-28 02:27:15,701 - ERROR - Error fetching https://www.refurbed.de/p/dell-optiplex-3050-aio/: 404 Client Error: Not Found for url: https://www.refurbed.de/p/dell-optiplex-3050-aio/
2025-09-28 02:27:16,703 - INFO - Scraping 1458/6851: https://www.refurbed.de/p/dell-optiplex-3050-mt/
2025-09-28 02:27:16,988 - ERROR - Error fetching https://www.refurbed.de/p/dell-optiplex-3050-mt/: 404 Client Error: Not Found for url: https://www.refurbed.de/p/dell-optiplex-3050-mt/
2025-09-28 02:27:17,991 - INFO - Scraping 1459/6851: https://www.refurbed.de/p/dell-optiplex-3050-sff/
2025-09-28 02:27:18,290 - ERROR - Error fetching https://www.refurbed.de/p/dell-optiplex-3050-sff/: 404 Client Error: Not Found for url: https://www.refurbed.de/p/dell-optiplex-3050-sff/
2025-09-28 02:27:19,292 - INFO - Scraping 1460/6851: https://www.refurbed.de/p/dell-optiplex-3050micro-i6th/
2025-09-28 02:27:19,662 - ERROR - Error fetching https://www.refurbed.de/p/dell-optiplex-3050micro-i6th/: 404 Client Error: Not Found for url: https://www.refurbed.de/p/dell-optiplex-3050micro-i6th/
2025-09-28 02:27:20,664 - INFO - Scraping 1461/6851: https://www.refurbed.de/p/dell-optiplex-3050micro-i7th/
2025-09-28 02:27:20,931 - ERROR - Error fetching https://www.refurbed.de/p/dell-optiplex-3050micro-i7th/: 404 Client Error: Not Found for url: https://www.refurbed.de/p/dell-optiplex-3050micro-i7th/
2025-09-28 02:27:21,933 - INFO - Scraping 1462/6851: https://www.refurbed.de/p/dell-optiplex-3060-mt/
2025-09-28 02:27:23,747 - INFO - Scraping 1463/6851: https://www.refurbed.de/p/dell-optiplex-3060-sff/
2025-09-28 02:27:25,387 - INFO - Scraping 1464/6851: https://www.refurbed.de/p/dell-optiplex-3060micro-i8th/
2025-09-28 02:27:27,063 - INFO - Scraping 1465/6851: https://www.refurbed.de/p/dell-optiplex-3070-mff/
2025-09-28 02:27:28,685 - INFO - Scraping 1466/6851: https://www.refurbed.de/p/dell-optiplex-3070-micro/
2025-09-28 02:27:30,281 - INFO - Scraping 1467/6851: https://www.refurbed.de/p/dell-optiplex-3070-mt/
2025-09-28 02:27:31,840 - INFO - Scraping 1468/6851: https://www.refurbed.de/p/dell-optiplex-3070-sff/
2025-09-28 02:27:33,513 - INFO - Scraping 1469/6851: https://www.refurbed.de/p/dell-optiplex-3080-micro/
2025-09-28 02:27:35,109 - INFO - Scraping 1470/6851: https://www.refurbed.de/p/dell-optiplex-3080-sff/
2025-09-28 02:27:36,794 - INFO - Scraping 1471/6851: https://www.refurbed.de/p/dell-optiplex-3090-micro/
2025-09-28 02:27:38,179 - INFO - Scraping 1472/6851: https://www.refurbed.de/p/dell-optiplex-3090-sff/
2025-09-28 02:27:39,714 - INFO - Scraping 1473/6851: https://www.refurbed.de/p/dell-optiplex-3240-aio-21-5/
2025-09-28 02:27:39,986 - ERROR - Error fetching https://www.refurbed.de/p/dell-optiplex-3240-aio-21-5/: 404 Client Error: Not Found for url: https://www.refurbed.de/p/dell-optiplex-3240-aio-21-5/
2025-09-28 02:27:40,988 - INFO - Scraping 1474/6851: https://www.refurbed.de/p/dell-optiplex-3280-aio-21-5/
2025-09-28 02:27:42,545 - INFO - Scraping 1475/6851: https://www.refurbed.de/p/dell-optiplex-390-dt/
2025-09-28 02:27:42,932 - ERROR - Error fetching https://www.refurbed.de/p/dell-optiplex-390-dt/: 404 Client Error: Not Found for url: https://www.refurbed.de/p/dell-optiplex-390-dt/
2025-09-28 02:27:43,934 - INFO - Scraping 1476/6851: https://www.refurbed.de/p/dell-optiplex-390-mt/
2025-09-28 02:27:44,464 - ERROR - Error fetching https://www.refurbed.de/p/dell-optiplex-390-mt/: 404 Client Error: Not Found for url: https://www.refurbed.de/p/dell-optiplex-390-mt/
2025-09-28 02:27:45,466 - INFO - Scraping 1477/6851: https://www.refurbed.de/p/dell-optiplex-390-sff/
2025-09-28 02:27:45,811 - ERROR - Error fetching https://www.refurbed.de/p/dell-optiplex-390-sff/: 404 Client Error: Not Found for url: https://www.refurbed.de/p/dell-optiplex-390-sff/
2025-09-28 02:27:46,813 - INFO - Scraping 1478/6851: https://www.refurbed.de/p/dell-optiplex-5000-mff/
2025-09-28 02:27:48,460 - INFO - Scraping 1479/6851: https://www.refurbed.de/p/dell-optiplex-5050-micro/
2025-09-28 02:27:48,961 - ERROR - Error fetching https://www.refurbed.de/p/dell-optiplex-5050-micro/: 404 Client Error: Not Found for url: https://www.refurbed.de/p/dell-optiplex-5050-micro/
2025-09-28 02:27:49,963 - INFO - Scraping 1480/6851: https://www.refurbed.de/p/dell-optiplex-5050-mt/
2025-09-28 02:27:50,299 - ERROR - Error fetching https://www.refurbed.de/p/dell-optiplex-5050-mt/: 404 Client Error: Not Found for url: https://www.refurbed.de/p/dell-optiplex-5050-mt/
2025-09-28 02:27:51,302 - INFO - Scraping 1481/6851: https://www.refurbed.de/p/dell-optiplex-5050-sff/
2025-09-28 02:27:51,629 - ERROR - Error fetching https://www.refurbed.de/p/dell-optiplex-5050-sff/: 404 Client Error: Not Found for url: https://www.refurbed.de/p/dell-optiplex-5050-sff/
2025-09-28 02:27:52,631 - INFO - Scraping 1482/6851: https://www.refurbed.de/p/dell-optiplex-5060-micro/
2025-09-28 02:27:54,205 - INFO - Scraping 1483/6851: https://www.refurbed.de/p/dell-optiplex-5070-micro/
2025-09-28 02:27:55,860 - INFO - Scraping 1484/6851: https://www.refurbed.de/p/dell-optiplex-5070-mt/
2025-09-28 02:27:57,753 - INFO - Scraping 1485/6851: https://www.refurbed.de/p/dell-optiplex-5070/
2025-09-28 02:27:59,144 - INFO - Scraping 1486/6851: https://www.refurbed.de/p/dell-optiplex-5080-micro/
2025-09-28 02:28:00,724 - INFO - Scraping 1487/6851: https://www.refurbed.de/p/dell-optiplex-5080-sff/
2025-09-28 02:28:02,356 - INFO - Scraping 1488/6851: https://www.refurbed.de/p/dell-optiplex-5090-micro/
2025-09-28 02:28:04,329 - INFO - Scraping 1489/6851: https://www.refurbed.de/p/dell-optiplex-5090-sff/
2025-09-28 02:28:06,071 - INFO - Scraping 1490/6851: https://www.refurbed.de/p/dell-optiplex-5250-aio-22/
2025-09-28 02:28:06,452 - ERROR - Error fetching https://www.refurbed.de/p/dell-optiplex-5250-aio-22/: 404 Client Error: Not Found for url: https://www.refurbed.de/p/dell-optiplex-5250-aio-22/
2025-09-28 02:28:07,454 - INFO - Scraping 1491/6851: https://www.refurbed.de/p/dell-optiplex-5270-aio/
2025-09-28 02:28:09,025 - INFO - Scraping 1492/6851: https://www.refurbed.de/p/dell-optiplex-5490-aio-pc/
2025-09-28 02:28:10,612 - INFO - Scraping 1493/6851: https://www.refurbed.de/p/dell-optiplex-7000-mff/
2025-09-28 02:28:12,065 - INFO - Scraping 1494/6851: https://www.refurbed.de/p/dell-optiplex-7000-tower/
2025-09-28 02:28:12,353 - ERROR - Error fetching https://www.refurbed.de/p/dell-optiplex-7000-tower/: 404 Client Error: Not Found for url: https://www.refurbed.de/p/dell-optiplex-7000-tower/
2025-09-28 02:28:13,355 - INFO - Scraping 1495/6851: https://www.refurbed.de/p/dell-optiplex-7010-plus-micro/
2025-09-28 02:28:14,993 - INFO - Scraping 1496/6851: https://www.refurbed.de/p/dell-optiplex-7020-mt/
2025-09-28 02:28:15,415 - ERROR - Error fetching https://www.refurbed.de/p/dell-optiplex-7020-mt/: 404 Client Error: Not Found for url: https://www.refurbed.de/p/dell-optiplex-7020-mt/
2025-09-28 02:28:16,418 - INFO - Scraping 1497/6851: https://www.refurbed.de/p/dell-optiplex-7020-sff/
2025-09-28 02:28:16,814 - ERROR - Error fetching https://www.refurbed.de/p/dell-optiplex-7020-sff/: 404 Client Error: Not Found for url: https://www.refurbed.de/p/dell-optiplex-7020-sff/
2025-09-28 02:28:17,817 - INFO - Scraping 1498/6851: https://www.refurbed.de/p/dell-optiplex-7040-mt/
2025-09-28 02:28:18,169 - ERROR - Error fetching https://www.refurbed.de/p/dell-optiplex-7040-mt/: 404 Client Error: Not Found for url: https://www.refurbed.de/p/dell-optiplex-7040-mt/
2025-09-28 02:28:19,171 - INFO - Scraping 1499/6851: https://www.refurbed.de/p/dell-optiplex-7040-sff/
2025-09-28 02:28:19,458 - ERROR - Error fetching https://www.refurbed.de/p/dell-optiplex-7040-sff/: 404 Client Error: Not Found for url: https://www.refurbed.de/p/dell-optiplex-7040-sff/
2025-09-28 02:28:20,460 - INFO - Scraping 1500/6851: https://www.refurbed.de/p/dell-optiplex-7050-micro/
2025-09-28 02:28:22,125 - INFO - Scraping 1501/6851: https://www.refurbed.de/p/dell-optiplex-7050-mt/
2025-09-28 02:28:22,465 - ERROR - Error fetching https://www.refurbed.de/p/dell-optiplex-7050-mt/: 404 Client Error: Not Found for url: https://www.refurbed.de/p/dell-optiplex-7050-mt/
2025-09-28 02:28:23,467 - INFO - Scraping 1502/6851: https://www.refurbed.de/p/dell-optiplex-7050-sff/
2025-09-28 02:28:23,768 - ERROR - Error fetching https://www.refurbed.de/p/dell-optiplex-7050-sff/: 404 Client Error: Not Found for url: https://www.refurbed.de/p/dell-optiplex-7050-sff/
2025-09-28 02:28:24,770 - INFO - Scraping 1503/6851: https://www.refurbed.de/p/dell-optiplex-7060-micro/
2025-09-28 02:28:26,492 - INFO - Scraping 1504/6851: https://www.refurbed.de/p/dell-optiplex-7060-mt/
2025-09-28 02:28:28,065 - INFO - Scraping 1505/6851: https://www.refurbed.de/p/dell-optiplex-7060-sff/
2025-09-28 02:28:29,566 - INFO - Scraping 1506/6851: https://www.refurbed.de/p/dell-optiplex-7070-muff-8th/
2025-09-28 02:28:31,170 - INFO - Scraping 1507/6851: https://www.refurbed.de/p/dell-optiplex-7070-muff-9th/
2025-09-28 02:28:32,655 - INFO - Scraping 1508/6851: https://www.refurbed.de/p/dell-optiplex-7070-sff/
2025-09-28 02:28:34,189 - INFO - Scraping 1509/6851: https://www.refurbed.de/p/dell-optiplex-7070-tower/
2025-09-28 02:28:35,839 - INFO - Scraping 1510/6851: https://www.refurbed.de/p/dell-optiplex-7070-ultra-uff/
2025-09-28 02:28:37,391 - INFO - Scraping 1511/6851: https://www.refurbed.de/p/dell-optiplex-7080-micro/
2025-09-28 02:28:39,126 - INFO - Scraping 1512/6851: https://www.refurbed.de/p/dell-optiplex-7080-mt/
2025-09-28 02:28:39,424 - ERROR - Error fetching https://www.refurbed.de/p/dell-optiplex-7080-mt/: 404 Client Error: Not Found for url: https://www.refurbed.de/p/dell-optiplex-7080-mt/
2025-09-28 02:28:40,427 - INFO - Scraping 1513/6851: https://www.refurbed.de/p/dell-optiplex-7080-sff/
2025-09-28 02:28:41,933 - INFO - Scraping 1514/6851: https://www.refurbed.de/p/dell-optiplex-7090-micro/
2025-09-28 02:28:43,486 - INFO - Scraping 1515/6851: https://www.refurbed.de/p/dell-optiplex-7090-sff/
2025-09-28 02:28:45,114 - INFO - Scraping 1516/6851: https://www.refurbed.de/p/dell-optiplex-7400-all-in-one/
2025-09-28 02:28:46,566 - INFO - Scraping 1517/6851: https://www.refurbed.de/p/dell-optiplex-7440-aio-pc-i5-650/
2025-09-28 02:28:46,955 - ERROR - Error fetching https://www.refurbed.de/p/dell-optiplex-7440-aio-pc-i5-650/: 404 Client Error: Not Found for url: https://www.refurbed.de/p/dell-optiplex-7440-aio-pc-i5-650/
2025-09-28 02:28:47,957 - INFO - Scraping 1518/6851: https://www.refurbed.de/p/dell-optiplex-7450-aio/
2025-09-28 02:28:48,300 - ERROR - Error fetching https://www.refurbed.de/p/dell-optiplex-7450-aio/: 404 Client Error: Not Found for url: https://www.refurbed.de/p/dell-optiplex-7450-aio/
2025-09-28 02:28:49,302 - INFO - Scraping 1519/6851: https://www.refurbed.de/p/dell-optiplex-7460-aio/
2025-09-28 02:28:50,866 - INFO - Scraping 1520/6851: https://www.refurbed.de/p/dell-optiplex-7470-aio-23-8/
2025-09-28 02:28:52,295 - INFO - Scraping 1521/6851: https://www.refurbed.de/p/dell-optiplex-7480-aio-23-8/
2025-09-28 02:28:53,874 - INFO - Scraping 1522/6851: https://www.refurbed.de/p/dell-optiplex-7760-all-in-one/
2025-09-28 02:28:55,322 - INFO - Scraping 1523/6851: https://www.refurbed.de/p/dell-optiplex-9020-aio/
2025-09-28 02:28:55,726 - ERROR - Error fetching https://www.refurbed.de/p/dell-optiplex-9020-aio/: 404 Client Error: Not Found for url: https://www.refurbed.de/p/dell-optiplex-9020-aio/
2025-09-28 02:28:56,728 - INFO - Scraping 1524/6851: https://www.refurbed.de/p/dell-optiplex-9020-micro/
2025-09-28 02:28:57,093 - ERROR - Error fetching https://www.refurbed.de/p/dell-optiplex-9020-micro/: 404 Client Error: Not Found for url: https://www.refurbed.de/p/dell-optiplex-9020-micro/
2025-09-28 02:28:58,095 - INFO - Scraping 1525/6851: https://www.refurbed.de/p/dell-optiplex-9020-mt-intel-core/
2025-09-28 02:28:59,458 - INFO - Scraping 1526/6851: https://www.refurbed.de/p/dell-optiplex-9020-sff/
2025-09-28 02:28:59,745 - ERROR - Error fetching https://www.refurbed.de/p/dell-optiplex-9020-sff/: 404 Client Error: Not Found for url: https://www.refurbed.de/p/dell-optiplex-9020-sff/
2025-09-28 02:29:00,747 - INFO - Scraping 1527/6851: https://www.refurbed.de/p/dell-optiplex-9020-usff-intel-co/
2025-09-28 02:29:01,101 - ERROR - Error fetching https://www.refurbed.de/p/dell-optiplex-9020-usff-intel-co/: 404 Client Error: Not Found for url: https://www.refurbed.de/p/dell-optiplex-9020-usff-intel-co/
2025-09-28 02:29:02,103 - INFO - Scraping 1528/6851: https://www.refurbed.de/p/dell-optiplex-9020m-usff-i5/
2025-09-28 02:29:02,384 - ERROR - Error fetching https://www.refurbed.de/p/dell-optiplex-9020m-usff-i5/: 404 Client Error: Not Found for url: https://www.refurbed.de/p/dell-optiplex-9020m-usff-i5/
2025-09-28 02:29:03,386 - INFO - Scraping 1529/6851: https://www.refurbed.de/p/dell-optiplex-9030-aio-23/
2025-09-28 02:29:03,678 - ERROR - Error fetching https://www.refurbed.de/p/dell-optiplex-9030-aio-23/: 404 Client Error: Not Found for url: https://www.refurbed.de/p/dell-optiplex-9030-aio-23/
2025-09-28 02:29:04,681 - INFO - Scraping 1530/6851: https://www.refurbed.de/p/dell-optiplex-xe2-mt/
2025-09-28 02:29:05,261 - ERROR - Error fetching https://www.refurbed.de/p/dell-optiplex-xe2-mt/: 404 Client Error: Not Found for url: https://www.refurbed.de/p/dell-optiplex-xe2-mt/
2025-09-28 02:29:06,263 - INFO - Scraping 1531/6851: https://www.refurbed.de/p/dell-optiplex-xe2-sff/
2025-09-28 02:29:07,529 - ERROR - Error fetching https://www.refurbed.de/p/dell-optiplex-xe2-sff/: 404 Client Error: Not Found for url: https://www.refurbed.de/p/dell-optiplex-xe2-sff/
2025-09-28 02:29:08,531 - INFO - Scraping 1532/6851: https://www.refurbed.de/p/dell-optiplex-xe3/
2025-09-28 02:29:10,064 - INFO - Scraping 1533/6851: https://www.refurbed.de/p/dell-optipley-7040-micro-usff/
2025-09-28 02:29:10,350 - ERROR - Error fetching https://www.refurbed.de/p/dell-optipley-7040-micro-usff/: 404 Client Error: Not Found for url: https://www.refurbed.de/p/dell-optipley-7040-micro-usff/
2025-09-28 02:29:11,352 - INFO - Scraping 1534/6851: https://www.refurbed.de/p/dell-optiplez-5060-mt/
2025-09-28 02:29:12,789 - INFO - Scraping 1535/6851: https://www.refurbed.de/p/dell-optiplez-5060-sff/
2025-09-28 02:29:14,560 - INFO - Scraping 1536/6851: https://www.refurbed.de/p/dell-p1424h/
2025-09-28 02:29:15,985 - INFO - Scraping 1537/6851: https://www.refurbed.de/p/dell-p1911b-19/
2025-09-28 02:29:17,547 - INFO - Scraping 1538/6851: https://www.refurbed.de/p/dell-p1913-19/
2025-09-28 02:29:19,092 - INFO - Scraping 1539/6851: https://www.refurbed.de/p/dell-p1914s-19/
2025-09-28 02:29:20,532 - INFO - Scraping 1540/6851: https://www.refurbed.de/p/dell-p1917s-19/
2025-09-28 02:29:22,130 - INFO - Scraping 1541/6851: https://www.refurbed.de/p/dell-p2011h-20/
2025-09-28 02:29:23,935 - INFO - Scraping 1542/6851: https://www.refurbed.de/p/dell-p2012h-20/
2025-09-28 02:29:25,723 - INFO - Scraping 1543/6851: https://www.refurbed.de/p/dell-p2014h/
2025-09-28 02:29:27,429 - INFO - Scraping 1544/6851: https://www.refurbed.de/p/dell-p2016-19-5/
2025-09-28 02:29:28,867 - INFO - Scraping 1545/6851: https://www.refurbed.de/p/dell-p2210t-22/
2025-09-28 02:29:30,727 - INFO - Scraping 1546/6851: https://www.refurbed.de/p/dell-p2212h-21-5/
2025-09-28 02:29:32,558 - INFO - Scraping 1547/6851: https://www.refurbed.de/p/dell-p2213-22/
2025-09-28 02:29:34,133 - INFO - Scraping 1548/6851: https://www.refurbed.de/p/dell-p2214h-monitor/
2025-09-28 02:29:36,143 - INFO - Scraping 1549/6851: https://www.refurbed.de/p/dell-p2217-22/
2025-09-28 02:29:37,897 - INFO - Scraping 1550/6851: https://www.refurbed.de/p/dell-p2217c-22/
2025-09-28 02:29:39,436 - INFO - Scraping 1551/6851: https://www.refurbed.de/p/dell-p2217h-21/
2025-09-28 02:29:41,132 - INFO - Scraping 1552/6851: https://www.refurbed.de/p/dell-p2217hc-monitor/
2025-09-28 02:29:42,816 - INFO - Scraping 1553/6851: https://www.refurbed.de/p/dell-p2217wh-22/
2025-09-28 02:29:44,340 - INFO - Scraping 1554/6851: https://www.refurbed.de/p/dell-p2219h-21/
2025-09-28 02:29:46,081 - INFO - Scraping 1555/6851: https://www.refurbed.de/p/dell-p2222h-21-5/
2025-09-28 02:29:47,451 - INFO - Scraping 1556/6851: https://www.refurbed.de/p/dell-p2223hc-21-5/
2025-09-28 02:29:49,045 - INFO - Scraping 1557/6851: https://www.refurbed.de/p/dell-p2311hb-23/
2025-09-28 02:29:50,654 - INFO - Scraping 1558/6851: https://www.refurbed.de/p/dell-p2312h/
2025-09-28 02:29:52,190 - INFO - Scraping 1559/6851: https://www.refurbed.de/p/dell-p2314h/
2025-09-28 02:29:53,813 - INFO - Scraping 1560/6851: https://www.refurbed.de/p/dell-p2314ht-23/
2025-09-28 02:29:55,375 - INFO - Scraping 1561/6851: https://www.refurbed.de/p/dell-p2317h-23/
2025-09-28 02:29:57,005 - INFO - Scraping 1562/6851: https://www.refurbed.de/p/dell-p2319h-23/
2025-09-28 02:29:58,759 - INFO - Scraping 1563/6851: https://www.refurbed.de/p/dell-p24118d-24/
2025-09-28 02:30:00,539 - INFO - Scraping 1564/6851: https://www.refurbed.de/p/dell-p2411h-24/
2025-09-28 02:30:02,119 - INFO - Scraping 1565/6851: https://www.refurbed.de/p/dell-p2412h-24/
2025-09-28 02:30:03,704 - INFO - Scraping 1566/6851: https://www.refurbed.de/p/dell-p2412hb-24/
2025-09-28 02:30:05,371 - INFO - Scraping 1567/6851: https://www.refurbed.de/p/dell-p2414h-24/
2025-09-28 02:30:06,877 - INFO - Scraping 1568/6851: https://www.refurbed.de/p/dell-p2414hb/
2025-09-28 02:30:08,516 - INFO - Scraping 1569/6851: https://www.refurbed.de/p/dell-p2415q/
2025-09-28 02:30:10,367 - INFO - Scraping 1570/6851: https://www.refurbed.de/p/dell-p2416d/
2025-09-28 02:30:11,931 - INFO - Scraping 1571/6851: https://www.refurbed.de/p/dell-p2417h/
2025-09-28 02:30:13,524 - INFO - Scraping 1572/6851: https://www.refurbed.de/p/dell-p2417hc-monitor/
2025-09-28 02:30:15,227 - INFO - Scraping 1573/6851: https://www.refurbed.de/p/dell-p2418hzm-23-8/
2025-09-28 02:30:16,632 - INFO - Scraping 1574/6851: https://www.refurbed.de/p/dell-p2419h-23-8/
2025-09-28 02:30:18,021 - INFO - Scraping 1575/6851: https://www.refurbed.de/p/dell-p2419hc-23/
2025-09-28 02:30:19,953 - INFO - Scraping 1576/6851: https://www.refurbed.de/p/dell-p2421-24-1/
2025-09-28 02:30:21,561 - INFO - Scraping 1577/6851: https://www.refurbed.de/p/dell-p2421d-23-8/
2025-09-28 02:30:23,030 - INFO - Scraping 1578/6851: https://www.refurbed.de/p/dell-p2421dc-23-8/
2025-09-28 02:30:24,879 - INFO - Scraping 1579/6851: https://www.refurbed.de/p/dell-p2422h-23-8/
2025-09-28 02:30:26,417 - INFO - Scraping 1580/6851: https://www.refurbed.de/p/dell-p2422he-23-8/
2025-09-28 02:30:27,798 - INFO - Scraping 1581/6851: https://www.refurbed.de/p/dell-p2423-24/
2025-09-28 02:30:29,393 - INFO - Scraping 1582/6851: https://www.refurbed.de/p/dell-p2423d-23-8/
2025-09-28 02:30:30,902 - INFO - Scraping 1583/6851: https://www.refurbed.de/p/dell-p2423de-23-8/
2025-09-28 02:30:32,515 - INFO - Scraping 1584/6851: https://www.refurbed.de/p/dell-p2424heb-23-8/
2025-09-28 02:30:34,398 - INFO - Scraping 1585/6851: https://www.refurbed.de/p/dell-p2424ht/
2025-09-28 02:30:36,092 - INFO - Scraping 1586/6851: https://www.refurbed.de/p/dell-p2425/
2025-09-28 02:30:37,826 - INFO - Scraping 1587/6851: https://www.refurbed.de/p/dell-p2425e/
2025-09-28 02:30:39,529 - INFO - Scraping 1588/6851: https://www.refurbed.de/p/dell-p2425h/
2025-09-28 02:30:41,097 - INFO - Scraping 1589/6851: https://www.refurbed.de/p/dell-p2425he/
2025-09-28 02:30:42,650 - INFO - Scraping 1590/6851: https://www.refurbed.de/p/dell-p2715q-27/
2025-09-28 02:30:44,132 - INFO - Scraping 1591/6851: https://www.refurbed.de/p/dell-p2717h-27/
2025-09-28 02:30:45,902 - INFO - Scraping 1592/6851: https://www.refurbed.de/p/dell-p2719h-27/
2025-09-28 02:30:47,483 - INFO - Scraping 1593/6851: https://www.refurbed.de/p/dell-p2719hc-27/
2025-09-28 02:30:49,225 - INFO - Scraping 1594/6851: https://www.refurbed.de/p/dell-p2720d-27/
2025-09-28 02:30:50,792 - INFO - Scraping 1595/6851: https://www.refurbed.de/p/dell-p2720dc-27/
2025-09-28 02:30:52,487 - INFO - Scraping 1596/6851: https://www.refurbed.de/p/dell-p2721q-27/
2025-09-28 02:30:54,052 - INFO - Scraping 1597/6851: https://www.refurbed.de/p/dell-p2722h-27/
2025-09-28 02:30:55,570 - INFO - Scraping 1598/6851: https://www.refurbed.de/p/dell-p2722he-27/
2025-09-28 02:30:56,991 - INFO - Scraping 1599/6851: https://www.refurbed.de/p/dell-p2723d-27/
2025-09-28 02:30:58,550 - INFO - Scraping 1600/6851: https://www.refurbed.de/p/dell-p2723de-27/
2025-09-28 02:31:00,153 - INFO - Scraping 1601/6851: https://www.refurbed.de/p/dell-p2723qe/
2025-09-28 02:31:01,700 - INFO - Scraping 1602/6851: https://www.refurbed.de/p/dell-p2724deb/
2025-09-28 02:31:03,332 - INFO - Scraping 1603/6851: https://www.refurbed.de/p/dell-p2725h/
2025-09-28 02:31:04,936 - INFO - Scraping 1604/6851: https://www.refurbed.de/p/dell-p2725he/
2025-09-28 02:31:06,600 - INFO - Scraping 1605/6851: https://www.refurbed.de/p/dell-p3221d-31-5/
2025-09-28 02:31:08,127 - INFO - Scraping 1606/6851: https://www.refurbed.de/p/dell-p3222qe/
2025-09-28 02:31:10,060 - INFO - Scraping 1607/6851: https://www.refurbed.de/p/dell-p3223de-31-5/
2025-09-28 02:31:11,641 - INFO - Scraping 1608/6851: https://www.refurbed.de/p/dell-p3223qe-31-5/
2025-09-28 02:31:13,146 - INFO - Scraping 1609/6851: https://www.refurbed.de/p/dell-p3418hw-34/
2025-09-28 02:31:14,515 - INFO - Scraping 1610/6851: https://www.refurbed.de/p/dell-p3421w-37/
2025-09-28 02:31:16,913 - INFO - Scraping 1611/6851: https://www.refurbed.de/p/dell-p3424web/
2025-09-28 02:31:18,318 - INFO - Scraping 1612/6851: https://www.refurbed.de/p/dell-p4317q-42-5/
2025-09-28 02:31:19,783 - INFO - Scraping 1613/6851: https://www.refurbed.de/p/dell-p5524q/
2025-09-28 02:31:21,535 - INFO - Scraping 1614/6851: https://www.refurbed.de/p/dell-p5524qt/
2025-09-28 02:31:23,004 - INFO - Scraping 1615/6851: https://www.refurbed.de/p/dell-p6524qt/
2025-09-28 02:31:24,833 - INFO - Scraping 1616/6851: https://www.refurbed.de/p/dell-p8624qt-85/
2025-09-28 02:31:26,362 - INFO - Scraping 1617/6851: https://www.refurbed.de/p/dell-pc90-bk/
2025-09-28 02:31:28,214 - INFO - Scraping 1618/6851: https://www.refurbed.de/p/dell-pcg-505-pcga-ac16v6/
2025-09-28 02:31:29,678 - INFO - Scraping 1619/6851: https://www.refurbed.de/p/dell-performance-dock-wd19dc/
2025-09-28 02:31:31,505 - INFO - Scraping 1620/6851: https://www.refurbed.de/p/dell-performance-dock-wd19dcs/
2025-09-28 02:31:33,221 - INFO - Scraping 1621/6851: https://www.refurbed.de/p/dell-pn7320a-active-pen/
2025-09-28 02:31:34,942 - INFO - Scraping 1622/6851: https://www.refurbed.de/p/dell-prec-m2800-i7-4800mq/
2025-09-28 02:31:35,463 - ERROR - Error fetching https://www.refurbed.de/p/dell-prec-m2800-i7-4800mq/: 404 Client Error: Not Found for url: https://www.refurbed.de/p/dell-prec-m2800-i7-4800mq/
2025-09-28 02:31:36,465 - INFO - Scraping 1623/6851: https://www.refurbed.de/p/dell-prec-m2800-i7-4810mq/
2025-09-28 02:31:36,823 - ERROR - Error fetching https://www.refurbed.de/p/dell-prec-m2800-i7-4810mq/: 404 Client Error: Not Found for url: https://www.refurbed.de/p/dell-prec-m2800-i7-4810mq/
2025-09-28 02:31:37,825 - INFO - Scraping 1624/6851: https://www.refurbed.de/p/dell-prec-m3800-i7-4702hq/
2025-09-28 02:31:38,127 - ERROR - Error fetching https://www.refurbed.de/p/dell-prec-m3800-i7-4702hq/: 404 Client Error: Not Found for url: https://www.refurbed.de/p/dell-prec-m3800-i7-4702hq/
2025-09-28 02:31:39,129 - INFO - Scraping 1625/6851: https://www.refurbed.de/p/dell-prec-m3800-i7-4712hq/
2025-09-28 02:31:39,476 - ERROR - Error fetching https://www.refurbed.de/p/dell-prec-m3800-i7-4712hq/: 404 Client Error: Not Found for url: https://www.refurbed.de/p/dell-prec-m3800-i7-4712hq/
2025-09-28 02:31:40,478 - INFO - Scraping 1626/6851: https://www.refurbed.de/p/dell-precision-15-3551-10400h/
2025-09-28 02:31:42,114 - INFO - Scraping 1627/6851: https://www.refurbed.de/p/dell-precision-15-3551-10850h/
2025-09-28 02:31:43,812 - INFO - Scraping 1628/6851: https://www.refurbed.de/p/dell-precision-15-3551-i5-10300h/
2025-09-28 02:31:45,726 - INFO - Scraping 1629/6851: https://www.refurbed.de/p/dell-precision-15-3551-i7-10750h/
2025-09-28 02:31:47,403 - INFO - Scraping 1630/6851: https://www.refurbed.de/p/dell-precision-15-3551-i9-10885h/
2025-09-28 02:31:48,978 - INFO - Scraping 1631/6851: https://www.refurbed.de/p/dell-precision-15-5510-e3-1505m/
2025-09-28 02:31:49,323 - ERROR - Error fetching https://www.refurbed.de/p/dell-precision-15-5510-e3-1505m/: 404 Client Error: Not Found for url: https://www.refurbed.de/p/dell-precision-15-5510-e3-1505m/
2025-09-28 02:31:50,326 - INFO - Scraping 1632/6851: https://www.refurbed.de/p/dell-precision-15-5510-i7-6820hq/
2025-09-28 02:31:50,601 - ERROR - Error fetching https://www.refurbed.de/p/dell-precision-15-5510-i7-6820hq/: 404 Client Error: Not Found for url: https://www.refurbed.de/p/dell-precision-15-5510-i7-6820hq/
2025-09-28 02:31:51,603 - INFO - Scraping 1633/6851: https://www.refurbed.de/p/dell-precision-3260-compact/
2025-09-28 02:31:53,129 - INFO - Scraping 1634/6851: https://www.refurbed.de/p/dell-precision-3420-sff/
2025-09-28 02:31:53,417 - ERROR - Error fetching https://www.refurbed.de/p/dell-precision-3420-sff/: 404 Client Error: Not Found for url: https://www.refurbed.de/p/dell-precision-3420-sff/
2025-09-28 02:31:54,420 - INFO - Scraping 1635/6851: https://www.refurbed.de/p/dell-precision-3430/
2025-09-28 02:31:56,212 - INFO - Scraping 1636/6851: https://www.refurbed.de/p/dell-precision-3431-workstation/
2025-09-28 02:31:57,839 - INFO - Scraping 1637/6851: https://www.refurbed.de/p/dell-precision-3440/
2025-09-28 02:31:59,336 - INFO - Scraping 1638/6851: https://www.refurbed.de/p/dell-precision-3470-1240p/
2025-09-28 02:32:00,885 - INFO - Scraping 1639/6851: https://www.refurbed.de/p/dell-precision-3470-1260p/
2025-09-28 02:32:02,357 - INFO - Scraping 1640/6851: https://www.refurbed.de/p/dell-precision-3510-i5-6300hq/
2025-09-28 02:32:02,658 - ERROR - Error fetching https://www.refurbed.de/p/dell-precision-3510-i5-6300hq/: 404 Client Error: Not Found for url: https://www.refurbed.de/p/dell-precision-3510-i5-6300hq/
2025-09-28 02:32:03,660 - INFO - Scraping 1641/6851: https://www.refurbed.de/p/dell-precision-3510-i5-6440hq/
2025-09-28 02:32:03,970 - ERROR - Error fetching https://www.refurbed.de/p/dell-precision-3510-i5-6440hq/: 404 Client Error: Not Found for url: https://www.refurbed.de/p/dell-precision-3510-i5-6440hq/
2025-09-28 02:32:04,972 - INFO - Scraping 1642/6851: https://www.refurbed.de/p/dell-precision-3510-i7-6700hq/
2025-09-28 02:32:05,232 - ERROR - Error fetching https://www.refurbed.de/p/dell-precision-3510-i7-6700hq/: 404 Client Error: Not Found for url: https://www.refurbed.de/p/dell-precision-3510-i7-6700hq/
2025-09-28 02:32:06,235 - INFO - Scraping 1643/6851: https://www.refurbed.de/p/dell-precision-3510-i7-6820hq/
2025-09-28 02:32:06,665 - ERROR - Error fetching https://www.refurbed.de/p/dell-precision-3510-i7-6820hq/: 404 Client Error: Not Found for url: https://www.refurbed.de/p/dell-precision-3510-i7-6820hq/
2025-09-28 02:32:07,667 - INFO - Scraping 1644/6851: https://www.refurbed.de/p/dell-precision-3530-8750h-15-6/
2025-09-28 02:32:09,117 - INFO - Scraping 1645/6851: https://www.refurbed.de/p/dell-precision-3530-8850h-15-6/
2025-09-28 02:32:10,647 - INFO - Scraping 1646/6851: https://www.refurbed.de/p/dell-precision-3530-i5-8300h/
2025-09-28 02:32:12,138 - INFO - Scraping 1647/6851: https://www.refurbed.de/p/dell-precision-3530-i5-8400h/
2025-09-28 02:32:12,477 - ERROR - Error fetching https://www.refurbed.de/p/dell-precision-3530-i5-8400h/: 404 Client Error: Not Found for url: https://www.refurbed.de/p/dell-precision-3530-i5-8400h/
2025-09-28 02:32:13,479 - INFO - Scraping 1648/6851: https://www.refurbed.de/p/dell-precision-3540-i5-8365u/
2025-09-28 02:32:15,017 - INFO - Scraping 1649/6851: https://www.refurbed.de/p/dell-precision-3540-i7-8565u/
2025-09-28 02:32:16,657 - INFO - Scraping 1650/6851: https://www.refurbed.de/p/dell-precision-3540-i7-8665u/
2025-09-28 02:32:18,299 - INFO - Scraping 1651/6851: https://www.refurbed.de/p/dell-precision-3541-i5-9300h-15/
2025-09-28 02:32:19,829 - INFO - Scraping 1652/6851: https://www.refurbed.de/p/dell-precision-3541-i5-9400h-15/
2025-09-28 02:32:21,433 - INFO - Scraping 1653/6851: https://www.refurbed.de/p/dell-precision-3541-i7-9850h-15/
2025-09-28 02:32:23,027 - INFO - Scraping 1654/6851: https://www.refurbed.de/p/dell-precision-3550-10310u-15-6/
2025-09-28 02:32:24,646 - INFO - Scraping 1655/6851: https://www.refurbed.de/p/dell-precision-3550-i5-10210u-15/
2025-09-28 02:32:26,318 - INFO - Scraping 1656/6851: https://www.refurbed.de/p/dell-precision-3550-i7-10610u/
2025-09-28 02:32:27,915 - INFO - Scraping 1657/6851: https://www.refurbed.de/p/dell-precision-3560-1135g7/
2025-09-28 02:32:29,755 - INFO - Scraping 1658/6851: https://www.refurbed.de/p/dell-precision-3560-1145g7/
2025-09-28 02:32:30,103 - ERROR - Error fetching https://www.refurbed.de/p/dell-precision-3560-1145g7/: 404 Client Error: Not Found for url: https://www.refurbed.de/p/dell-precision-3560-1145g7/
2025-09-28 02:32:31,105 - INFO - Scraping 1659/6851: https://www.refurbed.de/p/dell-precision-3560-1185g7/
2025-09-28 02:32:32,689 - INFO - Scraping 1660/6851: https://www.refurbed.de/p/dell-precision-3560-i7-1165g7/
2025-09-28 02:32:34,389 - INFO - Scraping 1661/6851: https://www.refurbed.de/p/dell-precision-3561-i5-11500h/
2025-09-28 02:32:35,926 - INFO - Scraping 1662/6851: https://www.refurbed.de/p/dell-precision-3561-i7-11800h/
2025-09-28 02:32:37,804 - INFO - Scraping 1663/6851: https://www.refurbed.de/p/dell-precision-3561-i7-11850h/
2025-09-28 02:32:39,357 - INFO - Scraping 1664/6851: https://www.refurbed.de/p/dell-precision-3561-i9-11950h/
2025-09-28 02:32:40,923 - INFO - Scraping 1665/6851: https://www.refurbed.de/p/dell-precision-3570-1265u-15-6/
2025-09-28 02:32:42,365 - INFO - Scraping 1666/6851: https://www.refurbed.de/p/dell-precision-3571-12500h/
2025-09-28 02:32:43,800 - INFO - Scraping 1667/6851: https://www.refurbed.de/p/dell-precision-3571-12700h/
2025-09-28 02:32:45,332 - INFO - Scraping 1668/6851: https://www.refurbed.de/p/dell-precision-3571-i7-12800h/
2025-09-28 02:32:46,887 - INFO - Scraping 1669/6851: https://www.refurbed.de/p/dell-precision-3581-13800h-16/
2025-09-28 02:32:48,417 - INFO - Scraping 1670/6851: https://www.refurbed.de/p/dell-precision-3591-5-135h/
2025-09-28 02:32:49,846 - INFO - Scraping 1671/6851: https://www.refurbed.de/p/dell-precision-3620-tower/
2025-09-28 02:32:50,114 - ERROR - Error fetching https://www.refurbed.de/p/dell-precision-3620-tower/: 404 Client Error: Not Found for url: https://www.refurbed.de/p/dell-precision-3620-tower/
2025-09-28 02:32:51,116 - INFO - Scraping 1672/6851: https://www.refurbed.de/p/dell-precision-3630-tower/
2025-09-28 02:32:52,619 - INFO - Scraping 1673/6851: https://www.refurbed.de/p/dell-precision-3640-tower/
2025-09-28 02:32:54,125 - INFO - Scraping 1674/6851: https://www.refurbed.de/p/dell-precision-3650-tower/
2025-09-28 02:32:55,695 - INFO - Scraping 1675/6851: https://www.refurbed.de/p/dell-precision-5520-6820hq/
2025-09-28 02:32:56,196 - ERROR - Error fetching https://www.refurbed.de/p/dell-precision-5520-6820hq/: 404 Client Error: Not Found for url: https://www.refurbed.de/p/dell-precision-5520-6820hq/
2025-09-28 02:32:57,198 - INFO - Scraping 1676/6851: https://www.refurbed.de/p/dell-precision-5520-7300hq/
2025-09-28 02:32:57,624 - ERROR - Error fetching https://www.refurbed.de/p/dell-precision-5520-7300hq/: 404 Client Error: Not Found for url: https://www.refurbed.de/p/dell-precision-5520-7300hq/
2025-09-28 02:32:58,626 - INFO - Scraping 1677/6851: https://www.refurbed.de/p/dell-precision-5520-7820hq/
2025-09-28 02:33:00,480 - INFO - Scraping 1678/6851: https://www.refurbed.de/p/dell-precision-5520-e3-1505m-v6/
2025-09-28 02:33:00,830 - ERROR - Error fetching https://www.refurbed.de/p/dell-precision-5520-e3-1505m-v6/: 404 Client Error: Not Found for url: https://www.refurbed.de/p/dell-precision-5520-e3-1505m-v6/
2025-09-28 02:33:01,832 - INFO - Scraping 1679/6851: https://www.refurbed.de/p/dell-precision-5520-e3-1505m/
2025-09-28 02:33:02,138 - ERROR - Error fetching https://www.refurbed.de/p/dell-precision-5520-e3-1505m/: 404 Client Error: Not Found for url: https://www.refurbed.de/p/dell-precision-5520-e3-1505m/
2025-09-28 02:33:03,141 - INFO - Scraping 1680/6851: https://www.refurbed.de/p/dell-precision-5520-i7-7700hq/
2025-09-28 02:33:03,466 - ERROR - Error fetching https://www.refurbed.de/p/dell-precision-5520-i7-7700hq/: 404 Client Error: Not Found for url: https://www.refurbed.de/p/dell-precision-5520-i7-7700hq/
2025-09-28 02:33:04,468 - INFO - Scraping 1681/6851: https://www.refurbed.de/p/dell-precision-5530-2in1-8305g/
2025-09-28 02:33:06,079 - INFO - Scraping 1682/6851: https://www.refurbed.de/p/dell-precision-5530-2in1-i78607g/
2025-09-28 02:33:07,913 - INFO - Scraping 1683/6851: https://www.refurbed.de/p/dell-precision-5530-2in1-i78850h/
2025-09-28 02:33:09,523 - INFO - Scraping 1684/6851: https://www.refurbed.de/p/dell-precision-5530-8300h/
2025-09-28 02:33:11,096 - INFO - Scraping 1685/6851: https://www.refurbed.de/p/dell-precision-5530-8400h/
2025-09-28 02:33:12,841 - INFO - Scraping 1686/6851: https://www.refurbed.de/p/dell-precision-5530-e-2176m/
2025-09-28 02:33:14,394 - INFO - Scraping 1687/6851: https://www.refurbed.de/p/dell-precision-5530-i7-8850h/
2025-09-28 02:33:16,177 - INFO - Scraping 1688/6851: https://www.refurbed.de/p/dell-precision-5530-i9-8950hk/
2025-09-28 02:33:17,716 - INFO - Scraping 1689/6851: https://www.refurbed.de/p/dell-precision-5530-xeon-e-2176m/
2025-09-28 02:33:19,352 - INFO - Scraping 1690/6851: https://www.refurbed.de/p/dell-precision-5540-9880h-15-6/
2025-09-28 02:33:21,215 - INFO - Scraping 1691/6851: https://www.refurbed.de/p/dell-precision-5540-9880hk/
2025-09-28 02:33:22,841 - INFO - Scraping 1692/6851: https://www.refurbed.de/p/dell-precision-5540-9980hk/
2025-09-28 02:33:24,537 - INFO - Scraping 1693/6851: https://www.refurbed.de/p/dell-precision-5540-e-2276m/
2025-09-28 02:33:26,116 - INFO - Scraping 1694/6851: https://www.refurbed.de/p/dell-precision-5540-i5-9400h/
2025-09-28 02:33:27,745 - INFO - Scraping 1695/6851: https://www.refurbed.de/p/dell-precision-5540-i7-9750h/
2025-09-28 02:33:29,374 - INFO - Scraping 1696/6851: https://www.refurbed.de/p/dell-precision-5540-i7-9850h/
2025-09-28 02:33:31,022 - INFO - Scraping 1697/6851: https://www.refurbed.de/p/dell-precision-5550-10850h/
2025-09-28 02:33:32,687 - INFO - Scraping 1698/6851: https://www.refurbed.de/p/dell-precision-5550-10885h/
2025-09-28 02:33:34,331 - INFO - Scraping 1699/6851: https://www.refurbed.de/p/dell-precision-5550-i7-10750h/
2025-09-28 02:33:35,869 - INFO - Scraping 1700/6851: https://www.refurbed.de/p/dell-precision-5550-i7-10875h/
2025-09-28 02:33:37,474 - INFO - Scraping 1701/6851: https://www.refurbed.de/p/dell-precision-5550-x-w-10855m/
2025-09-28 02:33:39,186 - INFO - Scraping 1702/6851: https://www.refurbed.de/p/dell-precision-5560-11800h/
2025-09-28 02:33:40,871 - INFO - Scraping 1703/6851: https://www.refurbed.de/p/dell-precision-5560-11850h/
2025-09-28 02:33:42,481 - INFO - Scraping 1704/6851: https://www.refurbed.de/p/dell-precision-5560-i5-11500h-15/
2025-09-28 02:33:44,138 - INFO - Scraping 1705/6851: https://www.refurbed.de/p/dell-precision-5560-i7-10850h/
2025-09-28 02:33:45,910 - INFO - Scraping 1706/6851: https://www.refurbed.de/p/dell-precision-5560-i9-11950h/
2025-09-28 02:33:47,613 - INFO - Scraping 1707/6851: https://www.refurbed.de/p/dell-precision-5570-i7-12700h/
2025-09-28 02:33:49,136 - INFO - Scraping 1708/6851: https://www.refurbed.de/p/dell-precision-5570-i7-12800h/
2025-09-28 02:33:51,456 - INFO - Scraping 1709/6851: https://www.refurbed.de/p/dell-precision-5570-i9-12900h/
2025-09-28 02:33:53,010 - INFO - Scraping 1710/6851: https://www.refurbed.de/p/dell-precision-5680-13800h-16/
2025-09-28 02:33:54,846 - INFO - Scraping 1711/6851: https://www.refurbed.de/p/dell-precision-5750-i5-10400h/
2025-09-28 02:33:56,310 - INFO - Scraping 1712/6851: https://www.refurbed.de/p/dell-precision-5750-i7-10875h/
2025-09-28 02:33:57,938 - INFO - Scraping 1713/6851: https://www.refurbed.de/p/dell-precision-5760-11850h/
2025-09-28 02:34:00,407 - INFO - Scraping 1714/6851: https://www.refurbed.de/p/dell-precision-5810-tower/
2025-09-28 02:34:00,845 - ERROR - Error fetching https://www.refurbed.de/p/dell-precision-5810-tower/: 404 Client Error: Not Found for url: https://www.refurbed.de/p/dell-precision-5810-tower/
2025-09-28 02:34:01,847 - INFO - Scraping 1715/6851: https://www.refurbed.de/p/dell-precision-5820-tower/
2025-09-28 02:34:03,413 - INFO - Scraping 1716/6851: https://www.refurbed.de/p/dell-precision-7510-e3-1505m-v5-/
2025-09-28 02:34:03,700 - ERROR - Error fetching https://www.refurbed.de/p/dell-precision-7510-e3-1505m-v5-/: 404 Client Error: Not Found for url: https://www.refurbed.de/p/dell-precision-7510-e3-1505m-v5-/
2025-09-28 02:34:04,702 - INFO - Scraping 1717/6851: https://www.refurbed.de/p/dell-precision-7510-e3-1535m-v5-/
2025-09-28 02:34:05,055 - ERROR - Error fetching https://www.refurbed.de/p/dell-precision-7510-e3-1535m-v5-/: 404 Client Error: Not Found for url: https://www.refurbed.de/p/dell-precision-7510-e3-1535m-v5-/
2025-09-28 02:34:06,057 - INFO - Scraping 1718/6851: https://www.refurbed.de/p/dell-precision-7510-i5-6300hq-15/
2025-09-28 02:34:06,318 - ERROR - Error fetching https://www.refurbed.de/p/dell-precision-7510-i5-6300hq-15/: 404 Client Error: Not Found for url: https://www.refurbed.de/p/dell-precision-7510-i5-6300hq-15/
2025-09-28 02:34:07,320 - INFO - Scraping 1719/6851: https://www.refurbed.de/p/dell-precision-7510-i7-6820hq-15/
2025-09-28 02:34:07,601 - ERROR - Error fetching https://www.refurbed.de/p/dell-precision-7510-i7-6820hq-15/: 404 Client Error: Not Found for url: https://www.refurbed.de/p/dell-precision-7510-i7-6820hq-15/
2025-09-28 02:34:08,603 - INFO - Scraping 1720/6851: https://www.refurbed.de/p/dell-precision-7510-i7-6920hq-15/
2025-09-28 02:34:08,911 - ERROR - Error fetching https://www.refurbed.de/p/dell-precision-7510-i7-6920hq-15/: 404 Client Error: Not Found for url: https://www.refurbed.de/p/dell-precision-7510-i7-6920hq-15/
2025-09-28 02:34:09,914 - INFO - Scraping 1721/6851: https://www.refurbed.de/p/dell-precision-7520-1505m-15-6/
2025-09-28 02:34:10,202 - ERROR - Error fetching https://www.refurbed.de/p/dell-precision-7520-1505m-15-6/: 404 Client Error: Not Found for url: https://www.refurbed.de/p/dell-precision-7520-1505m-15-6/
2025-09-28 02:34:11,205 - INFO - Scraping 1722/6851: https://www.refurbed.de/p/dell-precision-7520-1535m-v6/
2025-09-28 02:34:11,473 - ERROR - Error fetching https://www.refurbed.de/p/dell-precision-7520-1535m-v6/: 404 Client Error: Not Found for url: https://www.refurbed.de/p/dell-precision-7520-1535m-v6/
2025-09-28 02:34:12,476 - INFO - Scraping 1723/6851: https://www.refurbed.de/p/dell-precision-7520-1545m-15/
2025-09-28 02:34:12,789 - ERROR - Error fetching https://www.refurbed.de/p/dell-precision-7520-1545m-15/: 404 Client Error: Not Found for url: https://www.refurbed.de/p/dell-precision-7520-1545m-15/
2025-09-28 02:34:13,792 - INFO - Scraping 1724/6851: https://www.refurbed.de/p/dell-precision-7520-i5-7440hq-15/
2025-09-28 02:34:14,255 - ERROR - Error fetching https://www.refurbed.de/p/dell-precision-7520-i5-7440hq-15/: 404 Client Error: Not Found for url: https://www.refurbed.de/p/dell-precision-7520-i5-7440hq-15/
2025-09-28 02:34:15,257 - INFO - Scraping 1725/6851: https://www.refurbed.de/p/dell-precision-7520-i7-6820hq-15/
2025-09-28 02:34:15,535 - ERROR - Error fetching https://www.refurbed.de/p/dell-precision-7520-i7-6820hq-15/: 404 Client Error: Not Found for url: https://www.refurbed.de/p/dell-precision-7520-i7-6820hq-15/
2025-09-28 02:34:16,538 - INFO - Scraping 1726/6851: https://www.refurbed.de/p/dell-precision-7520-i7-6920hq-15/
2025-09-28 02:34:16,826 - ERROR - Error fetching https://www.refurbed.de/p/dell-precision-7520-i7-6920hq-15/: 404 Client Error: Not Found for url: https://www.refurbed.de/p/dell-precision-7520-i7-6920hq-15/
2025-09-28 02:34:17,828 - INFO - Scraping 1727/6851: https://www.refurbed.de/p/dell-precision-7520-i7-7700hq/
2025-09-28 02:34:18,167 - ERROR - Error fetching https://www.refurbed.de/p/dell-precision-7520-i7-7700hq/: 404 Client Error: Not Found for url: https://www.refurbed.de/p/dell-precision-7520-i7-7700hq/
2025-09-28 02:34:19,169 - INFO - Scraping 1728/6851: https://www.refurbed.de/p/dell-precision-7520-i7-7820hq-15/
2025-09-28 02:34:20,934 - INFO - Scraping 1729/6851: https://www.refurbed.de/p/dell-precision-7520-i7-7920hq-15/
2025-09-28 02:34:21,252 - ERROR - Error fetching https://www.refurbed.de/p/dell-precision-7520-i7-7920hq-15/: 404 Client Error: Not Found for url: https://www.refurbed.de/p/dell-precision-7520-i7-7920hq-15/
2025-09-28 02:34:22,254 - INFO - Scraping 1730/6851: https://www.refurbed.de/p/dell-precision-7530-i5-8400h/
2025-09-28 02:34:23,997 - INFO - Scraping 1731/6851: https://www.refurbed.de/p/dell-precision-7530-i7-8750h-15-/
2025-09-28 02:34:25,531 - INFO - Scraping 1732/6851: https://www.refurbed.de/p/dell-precision-7530-i7-8850h-15-/
2025-09-28 02:34:27,087 - INFO - Scraping 1733/6851: https://www.refurbed.de/p/dell-precision-7530-i9-8950hk/
2025-09-28 02:34:28,652 - INFO - Scraping 1734/6851: https://www.refurbed.de/p/dell-precision-7530-xeon-e-2176m/
2025-09-28 02:34:30,117 - INFO - Scraping 1735/6851: https://www.refurbed.de/p/dell-precision-7530-xeon-e2186m/
2025-09-28 02:34:31,638 - INFO - Scraping 1736/6851: https://www.refurbed.de/p/dell-precision-7540-9980hk/
2025-09-28 02:34:33,183 - INFO - Scraping 1737/6851: https://www.refurbed.de/p/dell-precision-7540-e-2276m/
2025-09-28 02:34:34,894 - INFO - Scraping 1738/6851: https://www.refurbed.de/p/dell-precision-7540-i5-9400h/
2025-09-28 02:34:36,478 - INFO - Scraping 1739/6851: https://www.refurbed.de/p/dell-precision-7540-i7-9750h-15-/
2025-09-28 02:34:38,127 - INFO - Scraping 1740/6851: https://www.refurbed.de/p/dell-precision-7540-i7-9850h-15-/
2025-09-28 02:34:39,820 - INFO - Scraping 1741/6851: https://www.refurbed.de/p/dell-precision-7540-i9-9880h/
2025-09-28 02:34:41,316 - INFO - Scraping 1742/6851: https://www.refurbed.de/p/dell-precision-7550-10750h/
2025-09-28 02:34:42,996 - INFO - Scraping 1743/6851: https://www.refurbed.de/p/dell-precision-7550-10850h/
2025-09-28 02:34:44,623 - INFO - Scraping 1744/6851: https://www.refurbed.de/p/dell-precision-7550-i5-10400h/
2025-09-28 02:34:46,829 - INFO - Scraping 1745/6851: https://www.refurbed.de/p/dell-precision-7550-i5-9400h/
2025-09-28 02:34:48,463 - INFO - Scraping 1746/6851: https://www.refurbed.de/p/dell-precision-7550-i7-10875h/
2025-09-28 02:34:50,451 - INFO - Scraping 1747/6851: https://www.refurbed.de/p/dell-precision-7550-i9-10885h/
2025-09-28 02:34:52,032 - INFO - Scraping 1748/6851: https://www.refurbed.de/p/dell-precision-7550-w-10855m/
2025-09-28 02:34:53,553 - INFO - Scraping 1749/6851: https://www.refurbed.de/p/dell-precision-7560-i7-10850h/
2025-09-28 02:34:55,278 - INFO - Scraping 1750/6851: https://www.refurbed.de/p/dell-precision-7560-i7-11800h/
2025-09-28 02:34:57,095 - INFO - Scraping 1751/6851: https://www.refurbed.de/p/dell-precision-7560-i7-11850h/
2025-09-28 02:34:58,995 - INFO - Scraping 1752/6851: https://www.refurbed.de/p/dell-precision-7560-i9-11950h/
2025-09-28 02:35:00,455 - INFO - Scraping 1753/6851: https://www.refurbed.de/p/dell-precision-7560-w-11855m/
2025-09-28 02:35:02,663 - INFO - Scraping 1754/6851: https://www.refurbed.de/p/dell-precision-7670-i7-12850hx/
2025-09-28 02:35:04,064 - INFO - Scraping 1755/6851: https://www.refurbed.de/p/dell-precision-7670-i9-12950hx/
2025-09-28 02:35:05,932 - INFO - Scraping 1756/6851: https://www.refurbed.de/p/dell-precision-7710-e3-1505m-v5/
2025-09-28 02:35:06,239 - ERROR - Error fetching https://www.refurbed.de/p/dell-precision-7710-e3-1505m-v5/: 404 Client Error: Not Found for url: https://www.refurbed.de/p/dell-precision-7710-e3-1505m-v5/
2025-09-28 02:35:07,241 - INFO - Scraping 1757/6851: https://www.refurbed.de/p/dell-precision-7710-e3-1535m-v5/
2025-09-28 02:35:07,573 - ERROR - Error fetching https://www.refurbed.de/p/dell-precision-7710-e3-1535m-v5/: 404 Client Error: Not Found for url: https://www.refurbed.de/p/dell-precision-7710-e3-1535m-v5/
2025-09-28 02:35:08,575 - INFO - Scraping 1758/6851: https://www.refurbed.de/p/dell-precision-7710-i5-6300hq/
2025-09-28 02:35:09,186 - ERROR - Error fetching https://www.refurbed.de/p/dell-precision-7710-i5-6300hq/: 404 Client Error: Not Found for url: https://www.refurbed.de/p/dell-precision-7710-i5-6300hq/
2025-09-28 02:35:10,189 - INFO - Scraping 1759/6851: https://www.refurbed.de/p/dell-precision-7710-i7-6820hq-17/
2025-09-28 02:35:10,468 - ERROR - Error fetching https://www.refurbed.de/p/dell-precision-7710-i7-6820hq-17/: 404 Client Error: Not Found for url: https://www.refurbed.de/p/dell-precision-7710-i7-6820hq-17/
2025-09-28 02:35:11,470 - INFO - Scraping 1760/6851: https://www.refurbed.de/p/dell-precision-7710-i7-6920hq-17/
2025-09-28 02:35:12,069 - ERROR - Error fetching https://www.refurbed.de/p/dell-precision-7710-i7-6920hq-17/: 404 Client Error: Not Found for url: https://www.refurbed.de/p/dell-precision-7710-i7-6920hq-17/
2025-09-28 02:35:13,072 - INFO - Scraping 1761/6851: https://www.refurbed.de/p/dell-precision-7720-6820hq/
2025-09-28 02:35:13,353 - ERROR - Error fetching https://www.refurbed.de/p/dell-precision-7720-6820hq/: 404 Client Error: Not Found for url: https://www.refurbed.de/p/dell-precision-7720-6820hq/
2025-09-28 02:35:14,355 - INFO - Scraping 1762/6851: https://www.refurbed.de/p/dell-precision-7720-6920hq/
2025-09-28 02:35:14,712 - ERROR - Error fetching https://www.refurbed.de/p/dell-precision-7720-6920hq/: 404 Client Error: Not Found for url: https://www.refurbed.de/p/dell-precision-7720-6920hq/
2025-09-28 02:35:15,714 - INFO - Scraping 1763/6851: https://www.refurbed.de/p/dell-precision-7720-7820hq/
2025-09-28 02:35:17,265 - INFO - Scraping 1764/6851: https://www.refurbed.de/p/dell-precision-7720-7920hq/
2025-09-28 02:35:17,671 - ERROR - Error fetching https://www.refurbed.de/p/dell-precision-7720-7920hq/: 404 Client Error: Not Found for url: https://www.refurbed.de/p/dell-precision-7720-7920hq/
2025-09-28 02:35:18,674 - INFO - Scraping 1765/6851: https://www.refurbed.de/p/dell-precision-7720-e3-1535m-v6/
2025-09-28 02:35:18,942 - ERROR - Error fetching https://www.refurbed.de/p/dell-precision-7720-e3-1535m-v6/: 404 Client Error: Not Found for url: https://www.refurbed.de/p/dell-precision-7720-e3-1535m-v6/
2025-09-28 02:35:19,944 - INFO - Scraping 1766/6851: https://www.refurbed.de/p/dell-precision-7720-i7-11850h/
2025-09-28 02:35:21,488 - INFO - Scraping 1767/6851: https://www.refurbed.de/p/dell-precision-7730-8400h/
2025-09-28 02:35:22,945 - INFO - Scraping 1768/6851: https://www.refurbed.de/p/dell-precision-7730-e-2186m/
2025-09-28 02:35:24,737 - INFO - Scraping 1769/6851: https://www.refurbed.de/p/dell-precision-7730-i7-8750h/
2025-09-28 02:35:26,470 - INFO - Scraping 1770/6851: https://www.refurbed.de/p/dell-precision-7730-i7-8850h/
2025-09-28 02:35:28,213 - INFO - Scraping 1771/6851: https://www.refurbed.de/p/dell-precision-7730-i9-8950hk/
2025-09-28 02:35:29,669 - INFO - Scraping 1772/6851: https://www.refurbed.de/p/dell-precision-7730-xeon-e-2176m/
2025-09-28 02:35:31,410 - INFO - Scraping 1773/6851: https://www.refurbed.de/p/dell-precision-7740-9980hk/
2025-09-28 02:35:32,947 - INFO - Scraping 1774/6851: https://www.refurbed.de/p/dell-precision-7740-i5-9400h/
2025-09-28 02:35:34,612 - INFO - Scraping 1775/6851: https://www.refurbed.de/p/dell-precision-7740-i7-9750h/
2025-09-28 02:35:36,212 - INFO - Scraping 1776/6851: https://www.refurbed.de/p/dell-precision-7740-i7-9850h/
2025-09-28 02:35:38,113 - INFO - Scraping 1777/6851: https://www.refurbed.de/p/dell-precision-7740-i9-9880h/
2025-09-28 02:35:39,965 - INFO - Scraping 1778/6851: https://www.refurbed.de/p/dell-precision-7740-x-e-2276m/
2025-09-28 02:35:41,539 - INFO - Scraping 1779/6851: https://www.refurbed.de/p/dell-precision-7740-x-e-2286m/
2025-09-28 02:35:43,186 - INFO - Scraping 1780/6851: https://www.refurbed.de/p/dell-precision-7750-10400h/
2025-09-28 02:35:45,165 - INFO - Scraping 1781/6851: https://www.refurbed.de/p/dell-precision-7750-10750h/
2025-09-28 02:35:46,785 - INFO - Scraping 1782/6851: https://www.refurbed.de/p/dell-precision-7750-10850h/
2025-09-28 02:35:48,462 - INFO - Scraping 1783/6851: https://www.refurbed.de/p/dell-precision-7750-10875h/
2025-09-28 02:35:50,033 - INFO - Scraping 1784/6851: https://www.refurbed.de/p/dell-precision-7750-10885h/
2025-09-28 02:35:51,900 - INFO - Scraping 1785/6851: https://www.refurbed.de/p/dell-precision-7750-w-10855m/
2025-09-28 02:35:53,326 - INFO - Scraping 1786/6851: https://www.refurbed.de/p/dell-precision-7760-11500h-17/
2025-09-28 02:35:55,059 - INFO - Scraping 1787/6851: https://www.refurbed.de/p/dell-precision-7760-11850h-17/
2025-09-28 02:35:56,876 - INFO - Scraping 1788/6851: https://www.refurbed.de/p/dell-precision-7760-i9-11950h/
2025-09-28 02:35:58,648 - INFO - Scraping 1789/6851: https://www.refurbed.de/p/dell-precision-7770-i7-12850hx/
2025-09-28 02:36:00,327 - INFO - Scraping 1790/6851: https://www.refurbed.de/p/dell-precision-7770-i9-12950hx/
2025-09-28 02:36:01,851 - INFO - Scraping 1791/6851: https://www.refurbed.de/p/dell-precision-7820-tower/
2025-09-28 02:36:03,792 - INFO - Scraping 1792/6851: https://www.refurbed.de/p/dell-precision-7920-tower/
2025-09-28 02:36:05,414 - INFO - Scraping 1793/6851: https://www.refurbed.de/p/dell-precision-m4800-i5-4310m-15/
2025-09-28 02:36:05,707 - ERROR - Error fetching https://www.refurbed.de/p/dell-precision-m4800-i5-4310m-15/: 404 Client Error: Not Found for url: https://www.refurbed.de/p/dell-precision-m4800-i5-4310m-15/
2025-09-28 02:36:06,709 - INFO - Scraping 1794/6851: https://www.refurbed.de/p/dell-precision-m4800-i7-4710mq/
2025-09-28 02:36:07,024 - ERROR - Error fetching https://www.refurbed.de/p/dell-precision-m4800-i7-4710mq/: 404 Client Error: Not Found for url: https://www.refurbed.de/p/dell-precision-m4800-i7-4710mq/
2025-09-28 02:36:08,025 - INFO - Scraping 1795/6851: https://www.refurbed.de/p/dell-precision-m4800-i7-4800mq-1/
2025-09-28 02:36:08,414 - ERROR - Error fetching https://www.refurbed.de/p/dell-precision-m4800-i7-4800mq-1/: 404 Client Error: Not Found for url: https://www.refurbed.de/p/dell-precision-m4800-i7-4800mq-1/
2025-09-28 02:36:09,415 - INFO - Scraping 1796/6851: https://www.refurbed.de/p/dell-precision-m4800-i7-4810mq-1/
2025-09-28 02:36:10,142 - ERROR - Error fetching https://www.refurbed.de/p/dell-precision-m4800-i7-4810mq-1/: 404 Client Error: Not Found for url: https://www.refurbed.de/p/dell-precision-m4800-i7-4810mq-1/
2025-09-28 02:36:11,145 - INFO - Scraping 1797/6851: https://www.refurbed.de/p/dell-precision-m4800-i7-4900mq/
2025-09-28 02:36:11,527 - ERROR - Error fetching https://www.refurbed.de/p/dell-precision-m4800-i7-4900mq/: 404 Client Error: Not Found for url: https://www.refurbed.de/p/dell-precision-m4800-i7-4900mq/
2025-09-28 02:36:12,529 - INFO - Scraping 1798/6851: https://www.refurbed.de/p/dell-precision-m4800-i7-4910mq/
2025-09-28 02:36:13,000 - ERROR - Error fetching https://www.refurbed.de/p/dell-precision-m4800-i7-4910mq/: 404 Client Error: Not Found for url: https://www.refurbed.de/p/dell-precision-m4800-i7-4910mq/
2025-09-28 02:36:14,002 - INFO - Scraping 1799/6851: https://www.refurbed.de/p/dell-precision-m6800-i7-4800mq/
2025-09-28 02:36:14,715 - ERROR - Error fetching https://www.refurbed.de/p/dell-precision-m6800-i7-4800mq/: 404 Client Error: Not Found for url: https://www.refurbed.de/p/dell-precision-m6800-i7-4800mq/
2025-09-28 02:36:15,718 - INFO - Scraping 1800/6851: https://www.refurbed.de/p/dell-precision-m6800-i7-4810mq-1/
2025-09-28 02:36:16,033 - ERROR - Error fetching https://www.refurbed.de/p/dell-precision-m6800-i7-4810mq-1/: 404 Client Error: Not Found for url: https://www.refurbed.de/p/dell-precision-m6800-i7-4810mq-1/
2025-09-28 02:36:17,035 - INFO - Scraping 1801/6851: https://www.refurbed.de/p/dell-precision-m6800-i7-4910mq/
2025-09-28 02:36:17,342 - ERROR - Error fetching https://www.refurbed.de/p/dell-precision-m6800-i7-4910mq/: 404 Client Error: Not Found for url: https://www.refurbed.de/p/dell-precision-m6800-i7-4910mq/
2025-09-28 02:36:18,345 - INFO - Scraping 1802/6851: https://www.refurbed.de/p/dell-precision-t1650-workstation/
2025-09-28 02:36:19,072 - ERROR - Error fetching https://www.refurbed.de/p/dell-precision-t1650-workstation/: 404 Client Error: Not Found for url: https://www.refurbed.de/p/dell-precision-t1650-workstation/
2025-09-28 02:36:20,074 - INFO - Scraping 1803/6851: https://www.refurbed.de/p/dell-precision-t1700-mt-workst/
2025-09-28 02:36:20,349 - ERROR - Error fetching https://www.refurbed.de/p/dell-precision-t1700-mt-workst/: 404 Client Error: Not Found for url: https://www.refurbed.de/p/dell-precision-t1700-mt-workst/
2025-09-28 02:36:21,351 - INFO - Scraping 1804/6851: https://www.refurbed.de/p/dell-precision-t3500-workstation/
2025-09-28 02:36:21,616 - ERROR - Error fetching https://www.refurbed.de/p/dell-precision-t3500-workstation/: 404 Client Error: Not Found for url: https://www.refurbed.de/p/dell-precision-t3500-workstation/
2025-09-28 02:36:22,618 - INFO - Scraping 1805/6851: https://www.refurbed.de/p/dell-precision-t3600-workstation/
2025-09-28 02:36:22,953 - ERROR - Error fetching https://www.refurbed.de/p/dell-precision-t3600-workstation/: 404 Client Error: Not Found for url: https://www.refurbed.de/p/dell-precision-t3600-workstation/
2025-09-28 02:36:23,955 - INFO - Scraping 1806/6851: https://www.refurbed.de/p/dell-precision-t3610-workstation/
2025-09-28 02:36:24,310 - ERROR - Error fetching https://www.refurbed.de/p/dell-precision-t3610-workstation/: 404 Client Error: Not Found for url: https://www.refurbed.de/p/dell-precision-t3610-workstation/
2025-09-28 02:36:25,312 - INFO - Scraping 1807/6851: https://www.refurbed.de/p/dell-precision-t5500-workstation/
2025-09-28 02:36:25,621 - ERROR - Error fetching https://www.refurbed.de/p/dell-precision-t5500-workstation/: 404 Client Error: Not Found for url: https://www.refurbed.de/p/dell-precision-t5500-workstation/
2025-09-28 02:36:26,623 - INFO - Scraping 1808/6851: https://www.refurbed.de/p/dell-precision-t5610-workstation/
2025-09-28 02:36:26,918 - ERROR - Error fetching https://www.refurbed.de/p/dell-precision-t5610-workstation/: 404 Client Error: Not Found for url: https://www.refurbed.de/p/dell-precision-t5610-workstation/
2025-09-28 02:36:27,920 - INFO - Scraping 1809/6851: https://www.refurbed.de/p/dell-precision-t5810-workstation/
2025-09-28 02:36:28,206 - ERROR - Error fetching https://www.refurbed.de/p/dell-precision-t5810-workstation/: 404 Client Error: Not Found for url: https://www.refurbed.de/p/dell-precision-t5810-workstation/
2025-09-28 02:36:29,208 - INFO - Scraping 1810/6851: https://www.refurbed.de/p/dell-precision-t7600-workstation/
2025-09-28 02:36:29,553 - ERROR - Error fetching https://www.refurbed.de/p/dell-precision-t7600-workstation/: 404 Client Error: Not Found for url: https://www.refurbed.de/p/dell-precision-t7600-workstation/
2025-09-28 02:36:30,555 - INFO - Scraping 1811/6851: https://www.refurbed.de/p/dell-precision-t7610-xeon-e5/
2025-09-28 02:36:30,847 - ERROR - Error fetching https://www.refurbed.de/p/dell-precision-t7610-xeon-e5/: 404 Client Error: Not Found for url: https://www.refurbed.de/p/dell-precision-t7610-xeon-e5/
2025-09-28 02:36:31,849 - INFO - Scraping 1812/6851: https://www.refurbed.de/p/dell-precision-t7810-workstation/
2025-09-28 02:36:32,155 - ERROR - Error fetching https://www.refurbed.de/p/dell-precision-t7810-workstation/: 404 Client Error: Not Found for url: https://www.refurbed.de/p/dell-precision-t7810-workstation/
2025-09-28 02:36:33,158 - INFO - Scraping 1813/6851: https://www.refurbed.de/p/dell-precision-t7820-workstation/
2025-09-28 02:36:34,717 - INFO - Scraping 1814/6851: https://www.refurbed.de/p/dell-precision-t7820/
2025-09-28 02:36:36,550 - INFO - Scraping 1815/6851: https://www.refurbed.de/p/dell-precision-t7910-workstation/
2025-09-28 02:36:36,890 - ERROR - Error fetching https://www.refurbed.de/p/dell-precision-t7910-workstation/: 404 Client Error: Not Found for url: https://www.refurbed.de/p/dell-precision-t7910-workstation/
2025-09-28 02:36:37,892 - INFO - Scraping 1816/6851: https://www.refurbed.de/p/dell-precision-tower-1600/
2025-09-28 02:36:38,226 - ERROR - Error fetching https://www.refurbed.de/p/dell-precision-tower-1600/: 404 Client Error: Not Found for url: https://www.refurbed.de/p/dell-precision-tower-1600/
2025-09-28 02:36:39,229 - INFO - Scraping 1817/6851: https://www.refurbed.de/p/dell-precisison-3520-6820hq/
2025-09-28 02:36:39,867 - ERROR - Error fetching https://www.refurbed.de/p/dell-precisison-3520-6820hq/: 404 Client Error: Not Found for url: https://www.refurbed.de/p/dell-precisison-3520-6820hq/
2025-09-28 02:36:40,869 - INFO - Scraping 1818/6851: https://www.refurbed.de/p/dell-precisison-3520-7700hq/
2025-09-28 02:36:41,288 - ERROR - Error fetching https://www.refurbed.de/p/dell-precisison-3520-7700hq/: 404 Client Error: Not Found for url: https://www.refurbed.de/p/dell-precisison-3520-7700hq/
2025-09-28 02:36:42,290 - INFO - Scraping 1819/6851: https://www.refurbed.de/p/dell-precisison-3520-7820hq/
2025-09-28 02:36:43,886 - INFO - Scraping 1820/6851: https://www.refurbed.de/p/dell-precisison-3520-i5-6440hq/
2025-09-28 02:36:44,386 - ERROR - Error fetching https://www.refurbed.de/p/dell-precisison-3520-i5-6440hq/: 404 Client Error: Not Found for url: https://www.refurbed.de/p/dell-precisison-3520-i5-6440hq/
2025-09-28 02:36:45,389 - INFO - Scraping 1821/6851: https://www.refurbed.de/p/dell-professional-p2213t/
2025-09-28 02:36:47,047 - INFO - Scraping 1822/6851: https://www.refurbed.de/p/dell-rf449/
2025-09-28 02:36:48,658 - INFO - Scraping 1823/6851: https://www.refurbed.de/p/dell-rugged-notebook-desk-dock/
2025-09-28 02:36:50,346 - INFO - Scraping 1824/6851: https://www.refurbed.de/p/dell-s2316h-23/
2025-09-28 02:36:52,666 - INFO - Scraping 1825/6851: https://www.refurbed.de/p/dell-s2319h-23/
2025-09-28 02:36:54,248 - INFO - Scraping 1826/6851: https://www.refurbed.de/p/dell-s2416h-23-8/
2025-09-28 02:36:55,679 - INFO - Scraping 1827/6851: https://www.refurbed.de/p/dell-s2417d23-8/
2025-09-28 02:36:57,167 - INFO - Scraping 1828/6851: https://www.refurbed.de/p/dell-s2419h-23-8/
2025-09-28 02:36:58,735 - INFO - Scraping 1829/6851: https://www.refurbed.de/p/dell-s2419hgf-24/
2025-09-28 02:37:00,224 - INFO - Scraping 1830/6851: https://www.refurbed.de/p/dell-s2421h-23-8/
2025-09-28 02:37:01,715 - INFO - Scraping 1831/6851: https://www.refurbed.de/p/dell-s2421hgf/
2025-09-28 02:37:03,337 - INFO - Scraping 1832/6851: https://www.refurbed.de/p/dell-s2421hn/
2025-09-28 02:37:04,934 - INFO - Scraping 1833/6851: https://www.refurbed.de/p/dell-s2421hs/
2025-09-28 02:37:06,436 - INFO - Scraping 1834/6851: https://www.refurbed.de/p/dell-s2421hsx-23-8/
2025-09-28 02:37:08,048 - INFO - Scraping 1835/6851: https://www.refurbed.de/p/dell-s2421nx/
2025-09-28 02:37:09,735 - INFO - Scraping 1836/6851: https://www.refurbed.de/p/dell-s2422hg-23-6/
2025-09-28 02:37:11,380 - INFO - Scraping 1837/6851: https://www.refurbed.de/p/dell-s2422hz-23-8/
2025-09-28 02:37:12,814 - INFO - Scraping 1838/6851: https://www.refurbed.de/p/dell-s2425h/
2025-09-28 02:37:14,253 - INFO - Scraping 1839/6851: https://www.refurbed.de/p/dell-s2425hs/
2025-09-28 02:37:16,103 - INFO - Scraping 1840/6851: https://www.refurbed.de/p/dell-s2440lb-24/
2025-09-28 02:37:17,769 - INFO - Scraping 1841/6851: https://www.refurbed.de/p/dell-s2522hg-24-5/
2025-09-28 02:37:19,362 - INFO - Scraping 1842/6851: https://www.refurbed.de/p/dell-s2716dg-27/
2025-09-28 02:37:20,849 - INFO - Scraping 1843/6851: https://www.refurbed.de/p/dell-s2719dgf-27/
2025-09-28 02:37:22,468 - INFO - Scraping 1844/6851: https://www.refurbed.de/p/dell-s2719h-27/
2025-09-28 02:37:24,443 - INFO - Scraping 1845/6851: https://www.refurbed.de/p/dell-s2719hs-27/
2025-09-28 02:37:26,205 - INFO - Scraping 1846/6851: https://www.refurbed.de/p/dell-s2721d-27/
2025-09-28 02:37:27,810 - INFO - Scraping 1847/6851: https://www.refurbed.de/p/dell-s2721dgfa-27/
2025-09-28 02:37:29,271 - INFO - Scraping 1848/6851: https://www.refurbed.de/p/dell-s2721ds-27/
2025-09-28 02:37:30,865 - INFO - Scraping 1849/6851: https://www.refurbed.de/p/dell-s2721h-27/
2025-09-28 02:37:32,450 - INFO - Scraping 1850/6851: https://www.refurbed.de/p/dell-s2721hgf-27/
2025-09-28 02:37:34,142 - INFO - Scraping 1851/6851: https://www.refurbed.de/p/dell-s2721hn-27/
2025-09-28 02:37:35,789 - INFO - Scraping 1852/6851: https://www.refurbed.de/p/dell-s2721hs-27/
2025-09-28 02:37:37,763 - INFO - Scraping 1853/6851: https://www.refurbed.de/p/dell-s2721hsx-27/
2025-09-28 02:37:39,319 - INFO - Scraping 1854/6851: https://www.refurbed.de/p/dell-s2721nx/
2025-09-28 02:37:40,680 - INFO - Scraping 1855/6851: https://www.refurbed.de/p/dell-s2721qs-27/
2025-09-28 02:37:42,164 - INFO - Scraping 1856/6851: https://www.refurbed.de/p/dell-s2721qsa/
2025-09-28 02:37:43,809 - INFO - Scraping 1857/6851: https://www.refurbed.de/p/dell-s2722dc-27/
2025-09-28 02:37:45,625 - INFO - Scraping 1858/6851: https://www.refurbed.de/p/dell-s2722dgm/
2025-09-28 02:37:47,272 - INFO - Scraping 1859/6851: https://www.refurbed.de/p/dell-s2722dz-27/
2025-09-28 02:37:49,156 - INFO - Scraping 1860/6851: https://www.refurbed.de/p/dell-s2722qc-27/
2025-09-28 02:37:50,961 - INFO - Scraping 1861/6851: https://www.refurbed.de/p/dell-s2723hc-27/
2025-09-28 02:37:52,531 - INFO - Scraping 1862/6851: https://www.refurbed.de/p/dell-s2725ds/
2025-09-28 02:37:54,093 - INFO - Scraping 1863/6851: https://www.refurbed.de/p/dell-s2725h/
2025-09-28 02:37:55,559 - INFO - Scraping 1864/6851: https://www.refurbed.de/p/dell-s2725hs/
2025-09-28 02:37:57,147 - INFO - Scraping 1865/6851: https://www.refurbed.de/p/dell-s3220dgf-31-5/
2025-09-28 02:37:58,667 - INFO - Scraping 1866/6851: https://www.refurbed.de/p/dell-s3221qs-31-5/
2025-09-28 02:38:00,088 - INFO - Scraping 1867/6851: https://www.refurbed.de/p/dell-s3221qsa-31-5/
2025-09-28 02:38:01,804 - INFO - Scraping 1868/6851: https://www.refurbed.de/p/dell-s3222dgm/
2025-09-28 02:38:03,254 - INFO - Scraping 1869/6851: https://www.refurbed.de/p/dell-s3422dw-34/
2025-09-28 02:38:04,791 - INFO - Scraping 1870/6851: https://www.refurbed.de/p/dell-s3422dwg-34/
2025-09-28 02:38:06,266 - INFO - Scraping 1871/6851: https://www.refurbed.de/p/dell-s3423dwc-34/
2025-09-28 02:38:07,716 - INFO - Scraping 1872/6851: https://www.refurbed.de/p/dell-se2216h/
2025-09-28 02:38:09,270 - INFO - Scraping 1873/6851: https://www.refurbed.de/p/dell-se2219h-21-5/
2025-09-28 02:38:10,889 - INFO - Scraping 1874/6851: https://www.refurbed.de/p/dell-se2222h-21-5/
2025-09-28 02:38:12,421 - INFO - Scraping 1875/6851: https://www.refurbed.de/p/dell-se2417hgx-23-6/
2025-09-28 02:38:13,957 - INFO - Scraping 1876/6851: https://www.refurbed.de/p/dell-se2419hr-23-8/
2025-09-28 02:38:15,424 - INFO - Scraping 1877/6851: https://www.refurbed.de/p/dell-se2422h-23-8/
2025-09-28 02:38:17,163 - INFO - Scraping 1878/6851: https://www.refurbed.de/p/dell-se2717h/
2025-09-28 02:38:18,615 - INFO - Scraping 1879/6851: https://www.refurbed.de/p/dell-se2719h-27/
2025-09-28 02:38:20,120 - INFO - Scraping 1880/6851: https://www.refurbed.de/p/dell-se2722h-27/
2025-09-28 02:38:21,565 - INFO - Scraping 1881/6851: https://www.refurbed.de/p/dell-se2723ds-27/
2025-09-28 02:38:23,015 - INFO - Scraping 1882/6851: https://www.refurbed.de/p/dell-se3223q-31-5/
2025-09-28 02:38:24,729 - INFO - Scraping 1883/6851: https://www.refurbed.de/p/dell-soundbar-ac511/
2025-09-28 02:38:26,275 - INFO - Scraping 1884/6851: https://www.refurbed.de/p/dell-sp2208wfp-22/
2025-09-28 02:38:27,698 - INFO - Scraping 1885/6851: https://www.refurbed.de/p/dell-stereo-soundbar-ac511m/
2025-09-28 02:38:29,289 - INFO - Scraping 1886/6851: https://www.refurbed.de/p/dell-studio-xps-8700/
2025-09-28 02:38:29,643 - ERROR - Error fetching https://www.refurbed.de/p/dell-studio-xps-8700/: 404 Client Error: Not Found for url: https://www.refurbed.de/p/dell-studio-xps-8700/
2025-09-28 02:38:30,645 - INFO - Scraping 1887/6851: https://www.refurbed.de/p/dell-sx2210t-21-5/
2025-09-28 02:38:32,156 - INFO - Scraping 1888/6851: https://www.refurbed.de/p/dell-t3500-tower-wrokstation/
2025-09-28 02:38:32,863 - ERROR - Error fetching https://www.refurbed.de/p/dell-t3500-tower-wrokstation/: 404 Client Error: Not Found for url: https://www.refurbed.de/p/dell-t3500-tower-wrokstation/
2025-09-28 02:38:33,865 - INFO - Scraping 1889/6851: https://www.refurbed.de/p/dell-thunderbolt-dock-tb16/
2025-09-28 02:38:35,409 - INFO - Scraping 1890/6851: https://www.refurbed.de/p/dell-thunderbolt-dock-tb18dc/
2025-09-28 02:38:37,021 - INFO - Scraping 1891/6851: https://www.refurbed.de/p/dell-thunderbolt-dock-wd19tb/
2025-09-28 02:38:38,771 - INFO - Scraping 1892/6851: https://www.refurbed.de/p/dell-thunderbolt-dock-wd19tbs/
2025-09-28 02:38:40,284 - INFO - Scraping 1893/6851: https://www.refurbed.de/p/dell-thunderbolt-dock-wd22tb4/
2025-09-28 02:38:41,791 - INFO - Scraping 1894/6851: https://www.refurbed.de/p/dell-u2211h-monitor/
2025-09-28 02:38:43,234 - INFO - Scraping 1895/6851: https://www.refurbed.de/p/dell-u2212hm-monitor/
2025-09-28 02:38:44,892 - INFO - Scraping 1896/6851: https://www.refurbed.de/p/dell-u2311h/
2025-09-28 02:38:46,475 - INFO - Scraping 1897/6851: https://www.refurbed.de/p/dell-u2412m/
2025-09-28 02:38:48,150 - INFO - Scraping 1898/6851: https://www.refurbed.de/p/dell-u2417h/
2025-09-28 02:38:49,660 - INFO - Scraping 1899/6851: https://www.refurbed.de/p/dell-ultrasharp-2007wfpb-20/
2025-09-28 02:38:51,607 - INFO - Scraping 1900/6851: https://www.refurbed.de/p/dell-ultrasharp-2208wfpt-22/
2025-09-28 02:38:53,172 - INFO - Scraping 1901/6851: https://www.refurbed.de/p/dell-ultrasharp-2209wa/
2025-09-28 02:38:54,689 - INFO - Scraping 1902/6851: https://www.refurbed.de/p/dell-ultrasharp-2405fpw/
2025-09-28 02:38:56,309 - INFO - Scraping 1903/6851: https://www.refurbed.de/p/dell-ultrasharp-2407wfp-hc/
2025-09-28 02:38:57,786 - INFO - Scraping 1904/6851: https://www.refurbed.de/p/dell-ultrasharp-2408wfp/
2025-09-28 02:38:59,678 - INFO - Scraping 1905/6851: https://www.refurbed.de/p/dell-ultrasharp-p2012ht-20/
2025-09-28 02:39:01,188 - INFO - Scraping 1906/6851: https://www.refurbed.de/p/dell-ultrasharp-p2210f-22/
2025-09-28 02:39:02,585 - INFO - Scraping 1907/6851: https://www.refurbed.de/p/dell-ultrasharp-p2210t-22/
2025-09-28 02:39:04,120 - INFO - Scraping 1908/6851: https://www.refurbed.de/p/dell-ultrasharp-p2418ht/
2025-09-28 02:39:05,541 - INFO - Scraping 1909/6851: https://www.refurbed.de/p/dell-ultrasharp-p3424we/
2025-09-28 02:39:07,091 - INFO - Scraping 1910/6851: https://www.refurbed.de/p/dell-ultrasharp-u2312hm-23/
2025-09-28 02:39:08,608 - INFO - Scraping 1911/6851: https://www.refurbed.de/p/dell-ultrasharp-u2312hm/
2025-09-28 02:39:10,386 - INFO - Scraping 1912/6851: https://www.refurbed.de/p/dell-ultrasharp-u2410f/
2025-09-28 02:39:12,027 - INFO - Scraping 1913/6851: https://www.refurbed.de/p/dell-ultrasharp-u2413f/
2025-09-28 02:39:13,651 - INFO - Scraping 1914/6851: https://www.refurbed.de/p/dell-ultrasharp-u2414h-24/
2025-09-28 02:39:15,465 - INFO - Scraping 1915/6851: https://www.refurbed.de/p/dell-ultrasharp-u2415/
2025-09-28 02:39:16,846 - INFO - Scraping 1916/6851: https://www.refurbed.de/p/dell-ultrasharp-u2415h-24/
2025-09-28 02:39:18,633 - INFO - Scraping 1917/6851: https://www.refurbed.de/p/dell-ultrasharp-u2419h/
2025-09-28 02:39:20,330 - INFO - Scraping 1918/6851: https://www.refurbed.de/p/dell-ultrasharp-u2419hc/
2025-09-28 02:39:21,696 - INFO - Scraping 1919/6851: https://www.refurbed.de/p/dell-ultrasharp-u2421e/
2025-09-28 02:39:23,390 - INFO - Scraping 1920/6851: https://www.refurbed.de/p/dell-ultrasharp-u2421he-23-8/
2025-09-28 02:39:24,844 - INFO - Scraping 1921/6851: https://www.refurbed.de/p/dell-ultrasharp-u2422h-23-8/
2025-09-28 02:39:26,632 - INFO - Scraping 1922/6851: https://www.refurbed.de/p/dell-ultrasharp-u2422he-23-8/
2025-09-28 02:39:28,004 - INFO - Scraping 1923/6851: https://www.refurbed.de/p/dell-ultrasharp-u2424h/
2025-09-28 02:39:29,422 - INFO - Scraping 1924/6851: https://www.refurbed.de/p/dell-ultrasharp-u2424he/
2025-09-28 02:39:30,817 - INFO - Scraping 1925/6851: https://www.refurbed.de/p/dell-ultrasharp-u2515h/
2025-09-28 02:39:32,372 - INFO - Scraping 1926/6851: https://www.refurbed.de/p/dell-ultrasharp-u2518d/
2025-09-28 02:39:33,887 - INFO - Scraping 1927/6851: https://www.refurbed.de/p/dell-ultrasharp-u2520d/
2025-09-28 02:39:35,520 - INFO - Scraping 1928/6851: https://www.refurbed.de/p/dell-ultrasharp-u2713h/
2025-09-28 02:39:37,446 - INFO - Scraping 1929/6851: https://www.refurbed.de/p/dell-ultrasharp-u2713hm/
2025-09-28 02:39:39,653 - INFO - Scraping 1930/6851: https://www.refurbed.de/p/dell-ultrasharp-u2715h-27/
2025-09-28 02:39:41,179 - INFO - Scraping 1931/6851: https://www.refurbed.de/p/dell-ultrasharp-u2717d-27/
2025-09-28 02:39:42,628 - INFO - Scraping 1932/6851: https://www.refurbed.de/p/dell-ultrasharp-u2718q/
2025-09-28 02:39:44,026 - INFO - Scraping 1933/6851: https://www.refurbed.de/p/dell-ultrasharp-u2719d/
2025-09-28 02:39:45,620 - INFO - Scraping 1934/6851: https://www.refurbed.de/p/dell-ultrasharp-u2719dc/
2025-09-28 02:39:47,128 - INFO - Scraping 1935/6851: https://www.refurbed.de/p/dell-ultrasharp-u2720q-u2719d/
2025-09-28 02:39:49,257 - INFO - Scraping 1936/6851: https://www.refurbed.de/p/dell-ultrasharp-u2721de/
2025-09-28 02:39:50,929 - INFO - Scraping 1937/6851: https://www.refurbed.de/p/dell-ultrasharp-u2722d-27/
2025-09-28 02:39:52,775 - INFO - Scraping 1938/6851: https://www.refurbed.de/p/dell-ultrasharp-u2722de/
2025-09-28 02:39:54,725 - INFO - Scraping 1939/6851: https://www.refurbed.de/p/dell-ultrasharp-u2723qe/
2025-09-28 02:39:56,357 - INFO - Scraping 1940/6851: https://www.refurbed.de/p/dell-ultrasharp-u2724d/
2025-09-28 02:39:57,963 - INFO - Scraping 1941/6851: https://www.refurbed.de/p/dell-ultrasharp-u2724de/
2025-09-28 02:39:59,909 - INFO - Scraping 1942/6851: https://www.refurbed.de/p/dell-ultrasharp-u2913wm/
2025-09-28 02:40:01,601 - INFO - Scraping 1943/6851: https://www.refurbed.de/p/dell-ultrasharp-u2917w/
2025-09-28 02:40:03,285 - INFO - Scraping 1944/6851: https://www.refurbed.de/p/dell-ultrasharp-u3011t-30/
2025-09-28 02:40:04,887 - INFO - Scraping 1945/6851: https://www.refurbed.de/p/dell-ultrasharp-u3014t-30/
2025-09-28 02:40:06,610 - INFO - Scraping 1946/6851: https://www.refurbed.de/p/dell-ultrasharp-u3023e/
2025-09-28 02:40:08,190 - INFO - Scraping 1947/6851: https://www.refurbed.de/p/dell-ultrasharp-u3219q-31-5/
2025-09-28 02:40:09,807 - INFO - Scraping 1948/6851: https://www.refurbed.de/p/dell-ultrasharp-u3223qe/
2025-09-28 02:40:11,315 - INFO - Scraping 1949/6851: https://www.refurbed.de/p/dell-ultrasharp-u3223qz-31-5/
2025-09-28 02:40:12,763 - INFO - Scraping 1950/6851: https://www.refurbed.de/p/dell-ultrasharp-u3224kba/
2025-09-28 02:40:14,622 - INFO - Scraping 1951/6851: https://www.refurbed.de/p/dell-ultrasharp-u3415w-34/
2025-09-28 02:40:16,211 - INFO - Scraping 1952/6851: https://www.refurbed.de/p/dell-ultrasharp-u3415wb/
2025-09-28 02:40:17,752 - INFO - Scraping 1953/6851: https://www.refurbed.de/p/dell-ultrasharp-u3417w/
2025-09-28 02:40:19,266 - INFO - Scraping 1954/6851: https://www.refurbed.de/p/dell-ultrasharp-u3419w/
2025-09-28 02:40:20,697 - INFO - Scraping 1955/6851: https://www.refurbed.de/p/dell-ultrasharp-u3421we-34-14/
2025-09-28 02:40:22,267 - INFO - Scraping 1956/6851: https://www.refurbed.de/p/dell-ultrasharp-u3423we-34-14/
2025-09-28 02:40:23,746 - INFO - Scraping 1957/6851: https://www.refurbed.de/p/dell-ultrasharp-u3425we-34-14/
2025-09-28 02:40:25,371 - INFO - Scraping 1958/6851: https://www.refurbed.de/p/dell-ultrasharp-u3818dw-37/
2025-09-28 02:40:27,147 - INFO - Scraping 1959/6851: https://www.refurbed.de/p/dell-ultrasharp-u3821dw-37/
2025-09-28 02:40:28,690 - INFO - Scraping 1960/6851: https://www.refurbed.de/p/dell-ultrasharp-u3824dw-37-5/
2025-09-28 02:40:30,546 - INFO - Scraping 1961/6851: https://www.refurbed.de/p/dell-ultrasharp-u4021qw-39/
2025-09-28 02:40:32,108 - INFO - Scraping 1962/6851: https://www.refurbed.de/p/dell-ultrasharp-u4025qw/
2025-09-28 02:40:33,663 - INFO - Scraping 1963/6851: https://www.refurbed.de/p/dell-ultrasharp-u4320q-42-5/
2025-09-28 02:40:35,379 - INFO - Scraping 1964/6851: https://www.refurbed.de/p/dell-ultrasharp-u4323qe/
2025-09-28 02:40:36,838 - INFO - Scraping 1965/6851: https://www.refurbed.de/p/dell-ultrasharp-u4919dw-49/
2025-09-28 02:40:38,459 - INFO - Scraping 1966/6851: https://www.refurbed.de/p/dell-ultrasharp-u4924dw/
2025-09-28 02:40:39,977 - INFO - Scraping 1967/6851: https://www.refurbed.de/p/dell-ultrasharp-up2516d/
2025-09-28 02:40:41,545 - INFO - Scraping 1968/6851: https://www.refurbed.de/p/dell-ultrasharp-up2520d/
2025-09-28 02:40:43,226 - INFO - Scraping 1969/6851: https://www.refurbed.de/p/dell-ultrasharp-up2716d/
2025-09-28 02:40:44,795 - INFO - Scraping 1970/6851: https://www.refurbed.de/p/dell-ultrasharp-up2718q/
2025-09-28 02:40:46,280 - INFO - Scraping 1971/6851: https://www.refurbed.de/p/dell-ultrasharp-up2720q/
2025-09-28 02:40:47,729 - INFO - Scraping 1972/6851: https://www.refurbed.de/p/dell-ultrasharp-up2720qa/
2025-09-28 02:40:49,307 - INFO - Scraping 1973/6851: https://www.refurbed.de/p/dell-ultrasharp-up3017/
2025-09-28 02:40:50,836 - INFO - Scraping 1974/6851: https://www.refurbed.de/p/dell-ultrasharp-up3216q/
2025-09-28 02:40:52,554 - INFO - Scraping 1975/6851: https://www.refurbed.de/p/dell-ultrasharp-up3218k/
2025-09-28 02:40:54,054 - INFO - Scraping 1976/6851: https://www.refurbed.de/p/dell-ultrasharp-up3221q-31-5/
2025-09-28 02:40:55,589 - INFO - Scraping 1977/6851: https://www.refurbed.de/p/dell-ultrathin-s2719dm/
2025-09-28 02:40:57,101 - INFO - Scraping 1978/6851: https://www.refurbed.de/p/dell-universal-dock-ud22/
2025-09-28 02:40:58,947 - INFO - Scraping 1979/6851: https://www.refurbed.de/p/dell-venue-11-pro-5130/
2025-09-28 02:40:59,222 - ERROR - Error fetching https://www.refurbed.de/p/dell-venue-11-pro-5130/: 404 Client Error: Not Found for url: https://www.refurbed.de/p/dell-venue-11-pro-5130/
2025-09-28 02:41:00,224 - INFO - Scraping 1980/6851: https://www.refurbed.de/p/dell-venue-11-pro/
2025-09-28 02:41:00,505 - ERROR - Error fetching https://www.refurbed.de/p/dell-venue-11-pro/: 404 Client Error: Not Found for url: https://www.refurbed.de/p/dell-venue-11-pro/
2025-09-28 02:41:01,507 - INFO - Scraping 1981/6851: https://www.refurbed.de/p/dell-vjch5/
2025-09-28 02:41:03,243 - INFO - Scraping 1982/6851: https://www.refurbed.de/p/dell-vostro-14-3400-1115g4-14/
2025-09-28 02:41:04,723 - INFO - Scraping 1983/6851: https://www.refurbed.de/p/dell-vostro-14-5468-i5-7200u-14/
2025-09-28 02:41:05,047 - ERROR - Error fetching https://www.refurbed.de/p/dell-vostro-14-5468-i5-7200u-14/: 404 Client Error: Not Found for url: https://www.refurbed.de/p/dell-vostro-14-5468-i5-7200u-14/
2025-09-28 02:41:06,049 - INFO - Scraping 1984/6851: https://www.refurbed.de/p/dell-vostro-15-3510-1035g1/
2025-09-28 02:41:07,601 - INFO - Scraping 1985/6851: https://www.refurbed.de/p/dell-vostro-15-3510-i5-1135g7/
2025-09-28 02:41:09,190 - INFO - Scraping 1986/6851: https://www.refurbed.de/p/dell-vostro-15-3515-r-5-3450u/
2025-09-28 02:41:10,751 - INFO - Scraping 1987/6851: https://www.refurbed.de/p/dell-vostro-15-3549-3205u/
2025-09-28 02:41:11,336 - ERROR - Error fetching https://www.refurbed.de/p/dell-vostro-15-3549-3205u/: 404 Client Error: Not Found for url: https://www.refurbed.de/p/dell-vostro-15-3549-3205u/
2025-09-28 02:41:12,338 - INFO - Scraping 1988/6851: https://www.refurbed.de/p/dell-vostro-15-3568-7200u/
2025-09-28 02:41:12,674 - ERROR - Error fetching https://www.refurbed.de/p/dell-vostro-15-3568-7200u/: 404 Client Error: Not Found for url: https://www.refurbed.de/p/dell-vostro-15-3568-7200u/
2025-09-28 02:41:13,676 - INFO - Scraping 1989/6851: https://www.refurbed.de/p/dell-vostro-15-3590-i5-10210u/
2025-09-28 02:41:15,182 - INFO - Scraping 1990/6851: https://www.refurbed.de/p/dell-vostro-15-5415-5-5500u/
2025-09-28 02:41:16,686 - INFO - Scraping 1991/6851: https://www.refurbed.de/p/dell-vostro-15-5501-i7-1065g7/
2025-09-28 02:41:18,253 - INFO - Scraping 1992/6851: https://www.refurbed.de/p/dell-vostro-15-5502-i5-1135g7/
2025-09-28 02:41:19,874 - INFO - Scraping 1993/6851: https://www.refurbed.de/p/dell-vostro-15-5510-i5-11320h/
2025-09-28 02:41:21,367 - INFO - Scraping 1994/6851: https://www.refurbed.de/p/dell-vostro-15-5515-5-5500u/
2025-09-28 02:41:22,815 - INFO - Scraping 1995/6851: https://www.refurbed.de/p/dell-vostro-15-5568-7200u/
2025-09-28 02:41:23,152 - ERROR - Error fetching https://www.refurbed.de/p/dell-vostro-15-5568-7200u/: 404 Client Error: Not Found for url: https://www.refurbed.de/p/dell-vostro-15-5568-7200u/
2025-09-28 02:41:24,154 - INFO - Scraping 1996/6851: https://www.refurbed.de/p/dell-vostro-15-5581-i5-8265u/
2025-09-28 02:41:25,525 - INFO - Scraping 1997/6851: https://www.refurbed.de/p/dell-vostro-15-5590-i5-10210u/
2025-09-28 02:41:26,938 - INFO - Scraping 1998/6851: https://www.refurbed.de/p/dell-vostro-3500-1165g7-15-6/
2025-09-28 02:41:28,605 - INFO - Scraping 1999/6851: https://www.refurbed.de/p/dell-vostro-3500-i5-1135g7/
2025-09-28 02:41:29,997 - INFO - Scraping 2000/6851: https://www.refurbed.de/p/dell-vostro-3591-i5-1035g1/
2025-09-28 02:41:31,487 - INFO - Scraping 2001/6851: https://www.refurbed.de/p/dell-vostro-3681-sff/
2025-09-28 02:41:32,956 - INFO - Scraping 2002/6851: https://www.refurbed.de/p/dell-vostro-3900/
2025-09-28 02:41:33,502 - ERROR - Error fetching https://www.refurbed.de/p/dell-vostro-3900/: 404 Client Error: Not Found for url: https://www.refurbed.de/p/dell-vostro-3900/
2025-09-28 02:41:34,504 - INFO - Scraping 2003/6851: https://www.refurbed.de/p/dell-vostro-5401-i5-1035g1-14/
2025-09-28 02:41:35,984 - INFO - Scraping 2004/6851: https://www.refurbed.de/p/dell-vostro-5402-i7-1165g7-14/
2025-09-28 02:41:37,796 - INFO - Scraping 2005/6851: https://www.refurbed.de/p/dell-vostro-5471-i5-8250u-14/
2025-09-28 02:41:39,637 - INFO - Scraping 2006/6851: https://www.refurbed.de/p/dell-vostro-5490-10510u-14/
2025-09-28 02:41:41,085 - INFO - Scraping 2007/6851: https://www.refurbed.de/p/dell-wireless-dock-d5000/
2025-09-28 02:41:42,582 - INFO - Scraping 2008/6851: https://www.refurbed.de/p/dell-wld15-452-bbus/
2025-09-28 02:41:44,063 - INFO - Scraping 2009/6851: https://www.refurbed.de/p/dell-wyse-5030-pcoip-zero-client/
2025-09-28 02:41:45,697 - INFO - Scraping 2010/6851: https://www.refurbed.de/p/dell-wyse-5070-thin-client/
2025-09-28 02:41:46,051 - ERROR - Error fetching https://www.refurbed.de/p/dell-wyse-5070-thin-client/: 404 Client Error: Not Found for url: https://www.refurbed.de/p/dell-wyse-5070-thin-client/
2025-09-28 02:41:47,053 - INFO - Scraping 2011/6851: https://www.refurbed.de/p/dell-wyse-5212-aio-thin-client/
2025-09-28 02:41:48,556 - INFO - Scraping 2012/6851: https://www.refurbed.de/p/dell-xps-11-9p33-4210y/
2025-09-28 02:41:48,886 - ERROR - Error fetching https://www.refurbed.de/p/dell-xps-11-9p33-4210y/: 404 Client Error: Not Found for url: https://www.refurbed.de/p/dell-xps-11-9p33-4210y/
2025-09-28 02:41:49,888 - INFO - Scraping 2013/6851: https://www.refurbed.de/p/dell-xps-13-2in1-9310-17-1165g7/
2025-09-28 02:41:51,557 - INFO - Scraping 2014/6851: https://www.refurbed.de/p/dell-xps-13-2in1-9365-17-7y75/
2025-09-28 02:41:51,860 - ERROR - Error fetching https://www.refurbed.de/p/dell-xps-13-2in1-9365-17-7y75/: 404 Client Error: Not Found for url: https://www.refurbed.de/p/dell-xps-13-2in1-9365-17-7y75/
2025-09-28 02:41:52,863 - INFO - Scraping 2015/6851: https://www.refurbed.de/p/dell-xps-13-2in1-9365-17-8500u/
2025-09-28 02:41:53,147 - ERROR - Error fetching https://www.refurbed.de/p/dell-xps-13-2in1-9365-17-8500u/: 404 Client Error: Not Found for url: https://www.refurbed.de/p/dell-xps-13-2in1-9365-17-8500u/
2025-09-28 02:41:54,149 - INFO - Scraping 2016/6851: https://www.refurbed.de/p/dell-xps-13-2in1-9365-i5-7y57/
2025-09-28 02:41:54,579 - ERROR - Error fetching https://www.refurbed.de/p/dell-xps-13-2in1-9365-i5-7y57/: 404 Client Error: Not Found for url: https://www.refurbed.de/p/dell-xps-13-2in1-9365-i5-7y57/
2025-09-28 02:41:55,581 - INFO - Scraping 2017/6851: https://www.refurbed.de/p/dell-xps-13-2in1-9365-i5-8200y/
2025-09-28 02:41:57,080 - INFO - Scraping 2018/6851: https://www.refurbed.de/p/dell-xps-13-2in1-9365-i7-8500y/
2025-09-28 02:41:58,735 - INFO - Scraping 2019/6851: https://www.refurbed.de/p/dell-xps-13-7390-10210u/
2025-09-28 02:42:00,383 - INFO - Scraping 2020/6851: https://www.refurbed.de/p/dell-xps-13-7390-10510u/
2025-09-28 02:42:01,993 - INFO - Scraping 2021/6851: https://www.refurbed.de/p/dell-xps-13-7390-1065g7/
2025-09-28 02:42:03,657 - INFO - Scraping 2022/6851: https://www.refurbed.de/p/dell-xps-13-7390-10710u/
2025-09-28 02:42:05,331 - INFO - Scraping 2023/6851: https://www.refurbed.de/p/dell-xps-13-7390-2-in-1-1035g1/
2025-09-28 02:42:06,773 - INFO - Scraping 2024/6851: https://www.refurbed.de/p/dell-xps-13-7390-2-in-1-10510u/
2025-09-28 02:42:08,501 - INFO - Scraping 2025/6851: https://www.refurbed.de/p/dell-xps-13-7390-2-in-1-8350u/
2025-09-28 02:42:09,938 - INFO - Scraping 2026/6851: https://www.refurbed.de/p/dell-xps-13-9300-1065g7-13-4/
2025-09-28 02:42:11,580 - INFO - Scraping 2027/6851: https://www.refurbed.de/p/dell-xps-13-9300-i5-1035g1/
2025-09-28 02:42:13,125 - INFO - Scraping 2028/6851: https://www.refurbed.de/p/dell-xps-13-9305-1135g7-13-3/
2025-09-28 02:42:14,676 - INFO - Scraping 2029/6851: https://www.refurbed.de/p/dell-xps-13-9305-i7-1165g7/
2025-09-28 02:42:16,465 - INFO - Scraping 2030/6851: https://www.refurbed.de/p/dell-xps-13-9310-2-in-1-1165g7/
2025-09-28 02:42:18,080 - INFO - Scraping 2031/6851: https://www.refurbed.de/p/dell-xps-13-9310-2-in-1-1185g7/
2025-09-28 02:42:19,565 - INFO - Scraping 2032/6851: https://www.refurbed.de/p/dell-xps-13-9310-2-in-1-1195g7/
2025-09-28 02:42:21,114 - INFO - Scraping 2033/6851: https://www.refurbed.de/p/dell-xps-13-9310-i5-1135g7-13-4/
2025-09-28 02:42:22,735 - INFO - Scraping 2034/6851: https://www.refurbed.de/p/dell-xps-13-9310-i7-1165g7-13-4/
2025-09-28 02:42:24,248 - INFO - Scraping 2035/6851: https://www.refurbed.de/p/dell-xps-13-9310-i7-1185g7-13-4/
2025-09-28 02:42:25,861 - INFO - Scraping 2036/6851: https://www.refurbed.de/p/dell-xps-13-9310-i7-1195g7-13-4/
2025-09-28 02:42:27,449 - INFO - Scraping 2037/6851: https://www.refurbed.de/p/dell-xps-13-9315-1230u/
2025-09-28 02:42:29,129 - INFO - Scraping 2038/6851: https://www.refurbed.de/p/dell-xps-13-9315-1250u-13-4/
2025-09-28 02:42:30,724 - INFO - Scraping 2039/6851: https://www.refurbed.de/p/dell-xps-13-9315-2-in-1-1230u/
2025-09-28 02:42:32,266 - INFO - Scraping 2040/6851: https://www.refurbed.de/p/dell-xps-13-9315-2-in-1-1250u/
2025-09-28 02:42:33,843 - INFO - Scraping 2041/6851: https://www.refurbed.de/p/dell-xps-13-9333-i5-4200u-13-3/
2025-09-28 02:42:34,141 - ERROR - Error fetching https://www.refurbed.de/p/dell-xps-13-9333-i5-4200u-13-3/: 404 Client Error: Not Found for url: https://www.refurbed.de/p/dell-xps-13-9333-i5-4200u-13-3/
2025-09-28 02:42:35,143 - INFO - Scraping 2042/6851: https://www.refurbed.de/p/dell-xps-13-9333-i5-6200u-13-3/
2025-09-28 02:42:35,664 - ERROR - Error fetching https://www.refurbed.de/p/dell-xps-13-9333-i5-6200u-13-3/: 404 Client Error: Not Found for url: https://www.refurbed.de/p/dell-xps-13-9333-i5-6200u-13-3/
2025-09-28 02:42:36,667 - INFO - Scraping 2043/6851: https://www.refurbed.de/p/dell-xps-13-9333-i7-4650u-13-3/
2025-09-28 02:42:37,037 - ERROR - Error fetching https://www.refurbed.de/p/dell-xps-13-9333-i7-4650u-13-3/: 404 Client Error: Not Found for url: https://www.refurbed.de/p/dell-xps-13-9333-i7-4650u-13-3/
2025-09-28 02:42:38,039 - INFO - Scraping 2044/6851: https://www.refurbed.de/p/dell-xps-13-9343-5200u/
2025-09-28 02:42:38,441 - ERROR - Error fetching https://www.refurbed.de/p/dell-xps-13-9343-5200u/: 404 Client Error: Not Found for url: https://www.refurbed.de/p/dell-xps-13-9343-5200u/
2025-09-28 02:42:39,443 - INFO - Scraping 2045/6851: https://www.refurbed.de/p/dell-xps-13-9350-i5-6200u-13-3/
2025-09-28 02:42:39,720 - ERROR - Error fetching https://www.refurbed.de/p/dell-xps-13-9350-i5-6200u-13-3/: 404 Client Error: Not Found for url: https://www.refurbed.de/p/dell-xps-13-9350-i5-6200u-13-3/
2025-09-28 02:42:40,722 - INFO - Scraping 2046/6851: https://www.refurbed.de/p/dell-xps-13-9350-i7-6500u/
2025-09-28 02:42:41,063 - ERROR - Error fetching https://www.refurbed.de/p/dell-xps-13-9350-i7-6500u/: 404 Client Error: Not Found for url: https://www.refurbed.de/p/dell-xps-13-9350-i7-6500u/
2025-09-28 02:42:42,065 - INFO - Scraping 2047/6851: https://www.refurbed.de/p/dell-xps-13-9350-i7-6560u-13-3/
2025-09-28 02:42:42,378 - ERROR - Error fetching https://www.refurbed.de/p/dell-xps-13-9350-i7-6560u-13-3/: 404 Client Error: Not Found for url: https://www.refurbed.de/p/dell-xps-13-9350-i7-6560u-13-3/
2025-09-28 02:42:43,381 - INFO - Scraping 2048/6851: https://www.refurbed.de/p/dell-xps-13-9360-7200u/
2025-09-28 02:42:43,662 - ERROR - Error fetching https://www.refurbed.de/p/dell-xps-13-9360-7200u/: 404 Client Error: Not Found for url: https://www.refurbed.de/p/dell-xps-13-9360-7200u/
2025-09-28 02:42:44,664 - INFO - Scraping 2049/6851: https://www.refurbed.de/p/dell-xps-13-9360-i5-8250u-13-3/
2025-09-28 02:42:46,301 - INFO - Scraping 2050/6851: https://www.refurbed.de/p/dell-xps-13-9360-i7-7500u/
2025-09-28 02:42:46,582 - ERROR - Error fetching https://www.refurbed.de/p/dell-xps-13-9360-i7-7500u/: 404 Client Error: Not Found for url: https://www.refurbed.de/p/dell-xps-13-9360-i7-7500u/
2025-09-28 02:42:47,584 - INFO - Scraping 2051/6851: https://www.refurbed.de/p/dell-xps-13-9360-i7-7560u-13-3/
2025-09-28 02:42:47,822 - ERROR - Error fetching https://www.refurbed.de/p/dell-xps-13-9360-i7-7560u-13-3/: 404 Client Error: Not Found for url: https://www.refurbed.de/p/dell-xps-13-9360-i7-7560u-13-3/
2025-09-28 02:42:48,825 - INFO - Scraping 2052/6851: https://www.refurbed.de/p/dell-xps-13-9360-i7-8550u-13-3/
2025-09-28 02:42:50,462 - INFO - Scraping 2053/6851: https://www.refurbed.de/p/dell-xps-13-9370-i5-8250u-13-3/
2025-09-28 02:42:52,099 - INFO - Scraping 2054/6851: https://www.refurbed.de/p/dell-xps-13-9370-i5-8350u-13-3/
2025-09-28 02:42:53,597 - INFO - Scraping 2055/6851: https://www.refurbed.de/p/dell-xps-13-9370-i7-8550u-13-3/
2025-09-28 02:42:55,324 - INFO - Scraping 2056/6851: https://www.refurbed.de/p/dell-xps-13-9370-i7-8650u-13-3/
2025-09-28 02:42:57,131 - INFO - Scraping 2057/6851: https://www.refurbed.de/p/dell-xps-13-9380-i5-8265u-13-3/
2025-09-28 02:42:58,697 - INFO - Scraping 2058/6851: https://www.refurbed.de/p/dell-xps-13-9380-i5-8365u-13-3/
2025-09-28 02:43:00,259 - INFO - Scraping 2059/6851: https://www.refurbed.de/p/dell-xps-13-9380-i7-10710u/
2025-09-28 02:43:01,645 - INFO - Scraping 2060/6851: https://www.refurbed.de/p/dell-xps-13-9380-i7-8565u/
2025-09-28 02:43:03,132 - INFO - Scraping 2061/6851: https://www.refurbed.de/p/dell-xps-13-9380-i7-8665u/
2025-09-28 02:43:04,760 - INFO - Scraping 2062/6851: https://www.refurbed.de/p/dell-xps-13-plus-9320-1240p/
2025-09-28 02:43:06,454 - INFO - Scraping 2063/6851: https://www.refurbed.de/p/dell-xps-13-plus-9320-1260p/
2025-09-28 02:43:08,095 - INFO - Scraping 2064/6851: https://www.refurbed.de/p/dell-xps-13-plus-9320-i7-1280p/
2025-09-28 02:43:09,903 - INFO - Scraping 2065/6851: https://www.refurbed.de/p/dell-xps-15-7590-i5-9300h-15/
2025-09-28 02:43:11,289 - INFO - Scraping 2066/6851: https://www.refurbed.de/p/dell-xps-15-7590-i7-9750h-15/
2025-09-28 02:43:12,872 - INFO - Scraping 2067/6851: https://www.refurbed.de/p/dell-xps-15-7590-i9-9980hk/
2025-09-28 02:43:14,387 - INFO - Scraping 2068/6851: https://www.refurbed.de/p/dell-xps-15-9500-10750h-15-6/
2025-09-28 02:43:15,892 - INFO - Scraping 2069/6851: https://www.refurbed.de/p/dell-xps-15-9500-i5-10300h/
2025-09-28 02:43:17,489 - INFO - Scraping 2070/6851: https://www.refurbed.de/p/dell-xps-15-9500-i7-10875h/
2025-09-28 02:43:19,247 - INFO - Scraping 2071/6851: https://www.refurbed.de/p/dell-xps-15-9500-i9-10885h/
2025-09-28 02:43:20,755 - INFO - Scraping 2072/6851: https://www.refurbed.de/p/dell-xps-15-9510-11900h-15-6/
2025-09-28 02:43:22,266 - INFO - Scraping 2073/6851: https://www.refurbed.de/p/dell-xps-15-9510-i7-11800h-15-6/
2025-09-28 02:43:23,834 - INFO - Scraping 2074/6851: https://www.refurbed.de/p/dell-xps-15-9520-12700h-15-6/
2025-09-28 02:43:25,587 - INFO - Scraping 2075/6851: https://www.refurbed.de/p/dell-xps-15-9530-13700h-15-6/
2025-09-28 02:43:27,163 - INFO - Scraping 2076/6851: https://www.refurbed.de/p/dell-xps-15-9550-i5-6300hq-15-6/
2025-09-28 02:43:27,682 - ERROR - Error fetching https://www.refurbed.de/p/dell-xps-15-9550-i5-6300hq-15-6/: 404 Client Error: Not Found for url: https://www.refurbed.de/p/dell-xps-15-9550-i5-6300hq-15-6/
2025-09-28 02:43:28,685 - INFO - Scraping 2077/6851: https://www.refurbed.de/p/dell-xps-15-9550-i7-6700hq-15-6/
2025-09-28 02:43:29,050 - ERROR - Error fetching https://www.refurbed.de/p/dell-xps-15-9550-i7-6700hq-15-6/: 404 Client Error: Not Found for url: https://www.refurbed.de/p/dell-xps-15-9550-i7-6700hq-15-6/
2025-09-28 02:43:30,052 - INFO - Scraping 2078/6851: https://www.refurbed.de/p/dell-xps-15-9560-15-6-i7-7700hq/
2025-09-28 02:43:30,377 - ERROR - Error fetching https://www.refurbed.de/p/dell-xps-15-9560-15-6-i7-7700hq/: 404 Client Error: Not Found for url: https://www.refurbed.de/p/dell-xps-15-9560-15-6-i7-7700hq/
2025-09-28 02:43:31,379 - INFO - Scraping 2079/6851: https://www.refurbed.de/p/dell-xps-15-9570-8300h-15-6/
2025-09-28 02:43:32,841 - INFO - Scraping 2080/6851: https://www.refurbed.de/p/dell-xps-15-9570-8750h-15-6/
2025-09-28 02:43:34,387 - INFO - Scraping 2081/6851: https://www.refurbed.de/p/dell-xps-15-9570-i9-8950hk/
2025-09-28 02:43:35,877 - INFO - Scraping 2082/6851: https://www.refurbed.de/p/dell-xps-15-9575-8305g/
2025-09-28 02:43:37,240 - INFO - Scraping 2083/6851: https://www.refurbed.de/p/dell-xps-15-9575-i7-8705g/
2025-09-28 02:43:38,670 - INFO - Scraping 2084/6851: https://www.refurbed.de/p/dell-xps-16-9640-7-155h-16-3/
2025-09-28 02:43:40,260 - INFO - Scraping 2085/6851: https://www.refurbed.de/p/dell-xps-17-9700-i5-10300h/
2025-09-28 02:43:41,755 - INFO - Scraping 2086/6851: https://www.refurbed.de/p/dell-xps-17-9700-i7-10875h/
2025-09-28 02:43:43,328 - INFO - Scraping 2087/6851: https://www.refurbed.de/p/dell-xps-17-9710-i7-11800h/
2025-09-28 02:43:44,802 - INFO - Scraping 2088/6851: https://www.refurbed.de/p/dell-xps-17-9710-i9-11900h/
2025-09-28 02:43:46,298 - INFO - Scraping 2089/6851: https://www.refurbed.de/p/dell-xps-17-9720-i7-12700h/
2025-09-28 02:43:47,922 - INFO - Scraping 2090/6851: https://www.refurbed.de/p/dell-xyt17/
2025-09-28 02:43:49,598 - INFO - Scraping 2091/6851: https://www.refurbed.de/p/delonghi-ecam-350-35-w-dinami-ew/
2025-09-28 02:43:51,337 - INFO - Scraping 2092/6851: https://www.refurbed.de/p/delonghi-ecam-350-55-b-dinami-ew/
2025-09-28 02:43:52,868 - INFO - Scraping 2093/6851: https://www.refurbed.de/p/delonghi-ecam-358-15-r-dinami-ew/
2025-09-28 02:43:54,419 - INFO - Scraping 2094/6851: https://www.refurbed.de/p/dyson-cyclone-v10-motorhead/
2025-09-28 02:43:55,893 - INFO - Scraping 2095/6851: https://www.refurbed.de/p/dyson-v11-motorhead/
2025-09-28 02:43:57,468 - INFO - Scraping 2096/6851: https://www.refurbed.de/p/dyson-v12-slim-motorhead/
2025-09-28 02:43:59,233 - INFO - Scraping 2097/6851: https://www.refurbed.de/p/dyson-v8-motorhead-282088/
2025-09-28 02:44:00,818 - INFO - Scraping 2098/6851: https://www.refurbed.de/p/ecowings-laptop-bag-eagle/
2025-09-28 02:44:02,330 - INFO - Scraping 2099/6851: https://www.refurbed.de/p/ecowings-laptop-bag-peacock/
2025-09-28 02:44:03,886 - INFO - Scraping 2100/6851: https://www.refurbed.de/p/elektra-bregenz-mi-65401-sx/
2025-09-28 02:44:05,405 - INFO - Scraping 2101/6851: https://www.refurbed.de/p/emporia-iomi-bluetooth/
2025-09-28 02:44:06,978 - INFO - Scraping 2102/6851: https://www.refurbed.de/p/emporia-tablet-10-1/
2025-09-28 02:44:08,528 - INFO - Scraping 2103/6851: https://www.refurbed.de/p/fujitsu-display-b22w-6-22/
2025-09-28 02:44:10,068 - INFO - Scraping 2104/6851: https://www.refurbed.de/p/fujitsu-display-b24-8-te-pro-23-/
2025-09-28 02:44:11,590 - INFO - Scraping 2105/6851: https://www.refurbed.de/p/fujitsu-display-b24-9-te-23/
2025-09-28 02:44:13,230 - INFO - Scraping 2106/6851: https://www.refurbed.de/p/fujitsu-display-b24w-5-24/
2025-09-28 02:44:14,890 - INFO - Scraping 2107/6851: https://www.refurbed.de/p/fujitsu-display-b24w-6-24/
2025-09-28 02:44:16,560 - INFO - Scraping 2108/6851: https://www.refurbed.de/p/fujitsu-display-b24w-7-led/
2025-09-28 02:44:18,402 - INFO - Scraping 2109/6851: https://www.refurbed.de/p/fujitsu-lb-t935-2-in-1-tab-5600u/
2025-09-28 02:44:18,880 - ERROR - Error fetching https://www.refurbed.de/p/fujitsu-lb-t935-2-in-1-tab-5600u/: 404 Client Error: Not Found for url: https://www.refurbed.de/p/fujitsu-lb-t935-2-in-1-tab-5600u/
2025-09-28 02:44:19,882 - INFO - Scraping 2110/6851: https://www.refurbed.de/p/fujitsu-lb-t936-2-in-1-tab-6300u/
2025-09-28 02:44:20,513 - ERROR - Error fetching https://www.refurbed.de/p/fujitsu-lb-t936-2-in-1-tab-6300u/: 404 Client Error: Not Found for url: https://www.refurbed.de/p/fujitsu-lb-t936-2-in-1-tab-6300u/
2025-09-28 02:44:21,515 - INFO - Scraping 2111/6851: https://www.refurbed.de/p/galaxy-tab-s6-lite-s-pen/
2025-09-28 02:44:23,316 - INFO - Scraping 2112/6851: https://www.refurbed.de/p/garmin-vivoactive-3-music/
2025-09-28 02:44:25,064 - INFO - Scraping 2113/6851: https://www.refurbed.de/p/garmin-vivoactive-3/
2025-09-28 02:44:26,591 - INFO - Scraping 2114/6851: https://www.refurbed.de/p/garmin-vivoactive-4/
2025-09-28 02:44:28,149 - INFO - Scraping 2115/6851: https://www.refurbed.de/p/garmin-vivoactive-4s/
2025-09-28 02:44:29,499 - INFO - Scraping 2116/6851: https://www.refurbed.de/p/garmin-vivoactive-hr/
2025-09-28 02:44:31,200 - INFO - Scraping 2117/6851: https://www.refurbed.de/p/garmin-vivofit-4/
2025-09-28 02:44:32,972 - INFO - Scraping 2118/6851: https://www.refurbed.de/p/garmin-vivofit-jr/
2025-09-28 02:44:34,526 - INFO - Scraping 2119/6851: https://www.refurbed.de/p/garmin-vivomove-3/
2025-09-28 02:44:36,028 - INFO - Scraping 2120/6851: https://www.refurbed.de/p/garmin-vivomove-3s/
2025-09-28 02:44:37,478 - INFO - Scraping 2121/6851: https://www.refurbed.de/p/garmin-vivomove-hr-sport/
2025-09-28 02:44:38,903 - INFO - Scraping 2122/6851: https://www.refurbed.de/p/garmin-vivomove-luxe/
2025-09-28 02:44:40,436 - INFO - Scraping 2123/6851: https://www.refurbed.de/p/garmin-vivomove-sport/
2025-09-28 02:44:41,906 - INFO - Scraping 2124/6851: https://www.refurbed.de/p/garmin-vivomove-style/
2025-09-28 02:44:43,675 - INFO - Scraping 2125/6851: https://www.refurbed.de/p/garmin-vivosmart-3/
2025-09-28 02:44:45,213 - INFO - Scraping 2126/6851: https://www.refurbed.de/p/garmin-vivosmart-4/
2025-09-28 02:44:46,673 - INFO - Scraping 2127/6851: https://www.refurbed.de/p/garmin-vivosmart-hr-fitness-trac/
2025-09-28 02:44:48,081 - INFO - Scraping 2128/6851: https://www.refurbed.de/p/google-pixel-2-xl/
2025-09-28 02:44:49,944 - INFO - Scraping 2129/6851: https://www.refurbed.de/p/google-pixel-2/
2025-09-28 02:44:51,893 - INFO - Scraping 2130/6851: https://www.refurbed.de/p/google-pixel-3-xl/
2025-09-28 02:44:53,481 - INFO - Scraping 2131/6851: https://www.refurbed.de/p/google-pixel-3/
2025-09-28 02:44:54,952 - INFO - Scraping 2132/6851: https://www.refurbed.de/p/google-pixel-3a-xl/
2025-09-28 02:44:56,458 - INFO - Scraping 2133/6851: https://www.refurbed.de/p/google-pixel-3a/
2025-09-28 02:44:58,329 - INFO - Scraping 2134/6851: https://www.refurbed.de/p/google-pixel-4-xl/
2025-09-28 02:45:00,316 - INFO - Scraping 2135/6851: https://www.refurbed.de/p/google-pixel-4/
2025-09-28 02:45:02,155 - INFO - Scraping 2136/6851: https://www.refurbed.de/p/google-pixel-4a-5g/
2025-09-28 02:45:03,872 - INFO - Scraping 2137/6851: https://www.refurbed.de/p/google-pixel-4a/
2025-09-28 02:45:05,672 - INFO - Scraping 2138/6851: https://www.refurbed.de/p/google-pixel-5/
2025-09-28 02:45:07,388 - INFO - Scraping 2139/6851: https://www.refurbed.de/p/google-pixel-6-pro/
2025-09-28 02:45:08,827 - INFO - Scraping 2140/6851: https://www.refurbed.de/p/google-pixel-6/
2025-09-28 02:45:10,606 - INFO - Scraping 2141/6851: https://www.refurbed.de/p/google-pixel-6a-5g/
2025-09-28 02:45:12,454 - INFO - Scraping 2142/6851: https://www.refurbed.de/p/google-pixel-7-pro/
2025-09-28 02:45:13,892 - INFO - Scraping 2143/6851: https://www.refurbed.de/p/google-pixel-7/
2025-09-28 02:45:15,598 - INFO - Scraping 2144/6851: https://www.refurbed.de/p/google-pixel-7a/
2025-09-28 02:45:17,034 - INFO - Scraping 2145/6851: https://www.refurbed.de/p/google-pixel-8-pro/
2025-09-28 02:45:18,573 - INFO - Scraping 2146/6851: https://www.refurbed.de/p/google-pixel-8/
2025-09-28 02:45:20,174 - INFO - Scraping 2147/6851: https://www.refurbed.de/p/google-pixel-8a/
2025-09-28 02:45:22,052 - INFO - Scraping 2148/6851: https://www.refurbed.de/p/google-pixel-9-pro-fold/
2025-09-28 02:45:23,720 - INFO - Scraping 2149/6851: https://www.refurbed.de/p/google-pixel-9-pro-xl/
2025-09-28 02:45:25,338 - INFO - Scraping 2150/6851: https://www.refurbed.de/p/google-pixel-9-pro/
2025-09-28 02:45:26,782 - INFO - Scraping 2151/6851: https://www.refurbed.de/p/google-pixel-9/
2025-09-28 02:45:28,273 - INFO - Scraping 2152/6851: https://www.refurbed.de/p/google-pixel-9a/
2025-09-28 02:45:29,908 - INFO - Scraping 2153/6851: https://www.refurbed.de/p/google-pixel-buds-a-series/
2025-09-28 02:45:31,347 - INFO - Scraping 2154/6851: https://www.refurbed.de/p/google-pixel-buds-pro-2/
2025-09-28 02:45:32,817 - INFO - Scraping 2155/6851: https://www.refurbed.de/p/google-pixel-buds-pro/
2025-09-28 02:45:34,318 - INFO - Scraping 2156/6851: https://www.refurbed.de/p/google-pixel-fold/
2025-09-28 02:45:36,693 - INFO - Scraping 2157/6851: https://www.refurbed.de/p/google-pixel-tablet-tensor-g2/
2025-09-28 02:45:38,331 - INFO - Scraping 2158/6851: https://www.refurbed.de/p/google-pixel-xl/
2025-09-28 02:45:39,811 - INFO - Scraping 2159/6851: https://www.refurbed.de/p/google-pixel/
2025-09-28 02:45:41,378 - INFO - Scraping 2160/6851: https://www.refurbed.de/p/google-pixelbook-go-i5-8200y/
2025-09-28 02:45:43,212 - INFO - Scraping 2161/6851: https://www.refurbed.de/p/google-pixelbook-i5-7y57/
2025-09-28 02:45:44,852 - INFO - Scraping 2162/6851: https://www.refurbed.de/p/holdit-panzerglass-ipad-bundle/
2025-09-28 02:45:46,381 - INFO - Scraping 2163/6851: https://www.refurbed.de/p/holdit-recycled-laptop-sleeve/
2025-09-28 02:45:47,828 - INFO - Scraping 2164/6851: https://www.refurbed.de/p/honor-10-lite/
2025-09-28 02:45:49,533 - INFO - Scraping 2165/6851: https://www.refurbed.de/p/honor-10/
2025-09-28 02:45:51,100 - INFO - Scraping 2166/6851: https://www.refurbed.de/p/honor-10x-lite/
2025-09-28 02:45:53,009 - INFO - Scraping 2167/6851: https://www.refurbed.de/p/honor-20-lite/
2025-09-28 02:45:54,878 - INFO - Scraping 2168/6851: https://www.refurbed.de/p/honor-20-pro/
2025-09-28 02:45:56,619 - INFO - Scraping 2169/6851: https://www.refurbed.de/p/honor-20/
2025-09-28 02:45:58,349 - INFO - Scraping 2170/6851: https://www.refurbed.de/p/honor-200-lite/
2025-09-28 02:46:00,114 - INFO - Scraping 2171/6851: https://www.refurbed.de/p/honor-200-pro/
2025-09-28 02:46:01,914 - INFO - Scraping 2172/6851: https://www.refurbed.de/p/honor-200-smart/
2025-09-28 02:46:04,209 - INFO - Scraping 2173/6851: https://www.refurbed.de/p/honor-200/
2025-09-28 02:46:05,788 - INFO - Scraping 2174/6851: https://www.refurbed.de/p/honor-20e/
2025-09-28 02:46:07,280 - INFO - Scraping 2175/6851: https://www.refurbed.de/p/honor-4x/
2025-09-28 02:46:08,667 - INFO - Scraping 2176/6851: https://www.refurbed.de/p/honor-50-lite/
2025-09-28 02:46:10,245 - INFO - Scraping 2177/6851: https://www.refurbed.de/p/honor-50/
2025-09-28 02:46:11,853 - INFO - Scraping 2178/6851: https://www.refurbed.de/p/honor-5c/
2025-09-28 02:46:13,320 - INFO - Scraping 2179/6851: https://www.refurbed.de/p/honor-5x/
2025-09-28 02:46:14,972 - INFO - Scraping 2180/6851: https://www.refurbed.de/p/honor-6/
2025-09-28 02:46:16,643 - INFO - Scraping 2181/6851: https://www.refurbed.de/p/honor-6a/
2025-09-28 02:46:18,139 - INFO - Scraping 2182/6851: https://www.refurbed.de/p/honor-6x/
2025-09-28 02:46:19,997 - INFO - Scraping 2183/6851: https://www.refurbed.de/p/honor-7-lite/
2025-09-28 02:46:21,487 - INFO - Scraping 2184/6851: https://www.refurbed.de/p/honor-7/
2025-09-28 02:46:23,092 - INFO - Scraping 2185/6851: https://www.refurbed.de/p/honor-70-lite/
2025-09-28 02:46:24,933 - INFO - Scraping 2186/6851: https://www.refurbed.de/p/honor-70/
2025-09-28 02:46:26,562 - INFO - Scraping 2187/6851: https://www.refurbed.de/p/honor-7s/
2025-09-28 02:46:28,124 - INFO - Scraping 2188/6851: https://www.refurbed.de/p/honor-7x/
2025-09-28 02:46:29,939 - INFO - Scraping 2189/6851: https://www.refurbed.de/p/honor-8-lite/
2025-09-28 02:46:31,569 - INFO - Scraping 2190/6851: https://www.refurbed.de/p/honor-8-premium/
2025-09-28 02:46:33,188 - INFO - Scraping 2191/6851: https://www.refurbed.de/p/honor-8-pro/
2025-09-28 02:46:34,972 - INFO - Scraping 2192/6851: https://www.refurbed.de/p/honor-8/
2025-09-28 02:46:36,639 - INFO - Scraping 2193/6851: https://www.refurbed.de/p/honor-8a-pro/
2025-09-28 02:46:38,408 - INFO - Scraping 2194/6851: https://www.refurbed.de/p/honor-8a/
2025-09-28 02:46:40,324 - INFO - Scraping 2195/6851: https://www.refurbed.de/p/honor-8s/
2025-09-28 02:46:41,834 - INFO - Scraping 2196/6851: https://www.refurbed.de/p/honor-8x/
2025-09-28 02:46:43,661 - INFO - Scraping 2197/6851: https://www.refurbed.de/p/honor-9-lite/
2025-09-28 02:46:45,472 - INFO - Scraping 2198/6851: https://www.refurbed.de/p/honor-9/
2025-09-28 02:46:47,039 - INFO - Scraping 2199/6851: https://www.refurbed.de/p/honor-90-lite/
2025-09-28 02:46:48,667 - INFO - Scraping 2200/6851: https://www.refurbed.de/p/honor-90-smart/
2025-09-28 02:46:50,353 - INFO - Scraping 2201/6851: https://www.refurbed.de/p/honor-90/
2025-09-28 02:46:52,091 - INFO - Scraping 2202/6851: https://www.refurbed.de/p/honor-9x-pro/
2025-09-28 02:46:53,774 - INFO - Scraping 2203/6851: https://www.refurbed.de/p/honor-9x/
2025-09-28 02:46:55,421 - INFO - Scraping 2204/6851: https://www.refurbed.de/p/honor-magic-4-lite-5g/
2025-09-28 02:46:57,629 - INFO - Scraping 2205/6851: https://www.refurbed.de/p/honor-magic-4-pro-5g/
2025-09-28 02:46:59,468 - INFO - Scraping 2206/6851: https://www.refurbed.de/p/honor-magic-5-lite-5g/
2025-09-28 02:47:01,049 - INFO - Scraping 2207/6851: https://www.refurbed.de/p/honor-magic-5-pro-5g/
2025-09-28 02:47:02,623 - INFO - Scraping 2208/6851: https://www.refurbed.de/p/honor-magic-6-lite-5g/
2025-09-28 02:47:04,399 - INFO - Scraping 2209/6851: https://www.refurbed.de/p/honor-magic-6-pro/
2025-09-28 02:47:05,975 - INFO - Scraping 2210/6851: https://www.refurbed.de/p/honor-magic-7-lite-5g/
2025-09-28 02:47:07,608 - INFO - Scraping 2211/6851: https://www.refurbed.de/p/honor-magic-7-pro/
2025-09-28 02:47:09,371 - INFO - Scraping 2212/6851: https://www.refurbed.de/p/honor-magic-v2/
2025-09-28 02:47:11,075 - INFO - Scraping 2213/6851: https://www.refurbed.de/p/honor-magic-v3/
2025-09-28 02:47:12,771 - INFO - Scraping 2214/6851: https://www.refurbed.de/p/honor-magic-vs/
2025-09-28 02:47:14,230 - INFO - Scraping 2215/6851: https://www.refurbed.de/p/honor-magicbook-14-2021-1135g7/
2025-09-28 02:47:15,890 - INFO - Scraping 2216/6851: https://www.refurbed.de/p/honor-magicbook-14-2021-1165g7/
2025-09-28 02:47:17,314 - INFO - Scraping 2217/6851: https://www.refurbed.de/p/honor-magicbook-14-2021-5500u/
2025-09-28 02:47:18,838 - INFO - Scraping 2218/6851: https://www.refurbed.de/p/honor-magicbook-14-5-3500u-14/
2025-09-28 02:47:20,345 - INFO - Scraping 2219/6851: https://www.refurbed.de/p/honor-magicbook-15-2020-4500u/
2025-09-28 02:47:22,170 - INFO - Scraping 2220/6851: https://www.refurbed.de/p/honor-magicbook-15-2020-5500u/
2025-09-28 02:47:24,107 - INFO - Scraping 2221/6851: https://www.refurbed.de/p/honor-magicbook-15-2021-1135g7/
2025-09-28 02:47:25,724 - INFO - Scraping 2222/6851: https://www.refurbed.de/p/honor-magicbook-16-2022-5600h/
2025-09-28 02:47:27,212 - INFO - Scraping 2223/6851: https://www.refurbed.de/p/honor-magicbook-pro-5-4600h-16/
2025-09-28 02:47:28,653 - INFO - Scraping 2224/6851: https://www.refurbed.de/p/honor-magicbook-x-14-10110u/
2025-09-28 02:47:30,116 - INFO - Scraping 2225/6851: https://www.refurbed.de/p/honor-magicbook-x-14-10210u/
2025-09-28 02:47:31,645 - INFO - Scraping 2226/6851: https://www.refurbed.de/p/honor-magicbook-x15-i3-10110u/
2025-09-28 02:47:33,576 - INFO - Scraping 2227/6851: https://www.refurbed.de/p/honor-nova-3/
2025-09-28 02:47:35,048 - INFO - Scraping 2228/6851: https://www.refurbed.de/p/honor-pad-8/
2025-09-28 02:47:36,765 - INFO - Scraping 2229/6851: https://www.refurbed.de/p/honor-pad-9-5g/
2025-09-28 02:47:38,162 - INFO - Scraping 2230/6851: https://www.refurbed.de/p/honor-pad-9-smart-bluetooth-kb/
2025-09-28 02:47:39,660 - INFO - Scraping 2231/6851: https://www.refurbed.de/p/honor-pad-9/
2025-09-28 02:47:41,427 - INFO - Scraping 2232/6851: https://www.refurbed.de/p/honor-pad-x8-4g/
2025-09-28 02:47:42,989 - INFO - Scraping 2233/6851: https://www.refurbed.de/p/honor-pad-x8/
2025-09-28 02:47:45,040 - INFO - Scraping 2234/6851: https://www.refurbed.de/p/honor-pad-x8a-4g/
2025-09-28 02:47:46,752 - INFO - Scraping 2235/6851: https://www.refurbed.de/p/honor-pad-x8a/
2025-09-28 02:47:48,199 - INFO - Scraping 2236/6851: https://www.refurbed.de/p/honor-pad-x9-lte/
2025-09-28 02:47:49,659 - INFO - Scraping 2237/6851: https://www.refurbed.de/p/honor-pad-x9/
2025-09-28 02:47:51,253 - INFO - Scraping 2238/6851: https://www.refurbed.de/p/honor-play/
2025-09-28 02:47:53,476 - INFO - Scraping 2239/6851: https://www.refurbed.de/p/honor-sport-am61r/
2025-09-28 02:47:54,929 - INFO - Scraping 2240/6851: https://www.refurbed.de/p/honor-supercharge-wireless-stand/
2025-09-28 02:47:56,469 - INFO - Scraping 2241/6851: https://www.refurbed.de/p/honor-supercharge/
2025-09-28 02:47:57,932 - INFO - Scraping 2242/6851: https://www.refurbed.de/p/honor-view-10/
2025-09-28 02:47:59,636 - INFO - Scraping 2243/6851: https://www.refurbed.de/p/honor-view-20/
2025-09-28 02:48:01,399 - INFO - Scraping 2244/6851: https://www.refurbed.de/p/honor-x6/
2025-09-28 02:48:03,339 - INFO - Scraping 2245/6851: https://www.refurbed.de/p/honor-x6a/
2025-09-28 02:48:05,133 - INFO - Scraping 2246/6851: https://www.refurbed.de/p/honor-x6b/
2025-09-28 02:48:06,752 - INFO - Scraping 2247/6851: https://www.refurbed.de/p/honor-x7/
2025-09-28 02:48:08,405 - INFO - Scraping 2248/6851: https://www.refurbed.de/p/honor-x7a/
2025-09-28 02:48:10,755 - INFO - Scraping 2249/6851: https://www.refurbed.de/p/honor-x8-5g/
2025-09-28 02:48:12,429 - INFO - Scraping 2250/6851: https://www.refurbed.de/p/honor-x8/
2025-09-28 02:48:14,192 - INFO - Scraping 2251/6851: https://www.refurbed.de/p/honor-x8a/
2025-09-28 02:48:15,606 - INFO - Scraping 2252/6851: https://www.refurbed.de/p/honor-x8b/
2025-09-28 02:48:17,195 - INFO - Scraping 2253/6851: https://www.refurbed.de/p/honor-x9-5g/
2025-09-28 02:48:18,679 - INFO - Scraping 2254/6851: https://www.refurbed.de/p/honor-x9a-5g/
2025-09-28 02:48:18,960 - ERROR - Error fetching https://www.refurbed.de/p/honor-x9a-5g/: 404 Client Error: Not Found for url: https://www.refurbed.de/p/honor-x9a-5g/
2025-09-28 02:48:19,962 - INFO - Scraping 2255/6851: https://www.refurbed.de/p/hori-horipad-controller-mario/
2025-09-28 02:48:21,797 - INFO - Scraping 2256/6851: https://www.refurbed.de/p/hp-1040-g11-core-ultra-7-155h/
2025-09-28 02:48:23,409 - INFO - Scraping 2257/6851: https://www.refurbed.de/p/hp-13-an0506sa-i5-8250u/
2025-09-28 02:48:23,860 - ERROR - Error fetching https://www.refurbed.de/p/hp-13-an0506sa-i5-8250u/: 404 Client Error: Not Found for url: https://www.refurbed.de/p/hp-13-an0506sa-i5-8250u/
2025-09-28 02:48:24,862 - INFO - Scraping 2258/6851: https://www.refurbed.de/p/hp-14-ac003nf-i3-4005u-14/
2025-09-28 02:48:25,224 - ERROR - Error fetching https://www.refurbed.de/p/hp-14-ac003nf-i3-4005u-14/: 404 Client Error: Not Found for url: https://www.refurbed.de/p/hp-14-ac003nf-i3-4005u-14/
2025-09-28 02:48:26,226 - INFO - Scraping 2259/6851: https://www.refurbed.de/p/hp-14-cf1599sa-i5-8265u/
2025-09-28 02:48:26,944 - ERROR - Error fetching https://www.refurbed.de/p/hp-14-cf1599sa-i5-8265u/: 404 Client Error: Not Found for url: https://www.refurbed.de/p/hp-14-cf1599sa-i5-8265u/
2025-09-28 02:48:27,946 - INFO - Scraping 2260/6851: https://www.refurbed.de/p/hp-14-cf2423no-i3-10110u/
2025-09-28 02:48:29,818 - INFO - Scraping 2261/6851: https://www.refurbed.de/p/hp-14-cf3001-1035g1/
2025-09-28 02:48:31,304 - INFO - Scraping 2262/6851: https://www.refurbed.de/p/hp-14-df0023cl-8130u-14/
2025-09-28 02:48:32,719 - INFO - Scraping 2263/6851: https://www.refurbed.de/p/hp-14-dk1730ng-3250u-14/
2025-09-28 02:48:34,246 - INFO - Scraping 2264/6851: https://www.refurbed.de/p/hp-14-dq1035cl-i5-1035g1/
2025-09-28 02:48:34,495 - ERROR - Error fetching https://www.refurbed.de/p/hp-14-dq1035cl-i5-1035g1/: 404 Client Error: Not Found for url: https://www.refurbed.de/p/hp-14-dq1035cl-i5-1035g1/
2025-09-28 02:48:35,497 - INFO - Scraping 2265/6851: https://www.refurbed.de/p/hp-14-dq1043cl-1005g1/
2025-09-28 02:48:36,987 - INFO - Scraping 2266/6851: https://www.refurbed.de/p/hp-14-ee-i3-1315u-14/
2025-09-28 02:48:38,542 - INFO - Scraping 2267/6851: https://www.refurbed.de/p/hp-14-ee-i5-1335u/
2025-09-28 02:48:40,045 - INFO - Scraping 2268/6851: https://www.refurbed.de/p/hp-14-em-ryzen-3-7320u-14/
2025-09-28 02:48:41,542 - INFO - Scraping 2269/6851: https://www.refurbed.de/p/hp-14-em0000nf-r-7-7730u/
2025-09-28 02:48:43,418 - INFO - Scraping 2270/6851: https://www.refurbed.de/p/hp-14-em0001ne-3-7320u-14/
2025-09-28 02:48:45,017 - INFO - Scraping 2271/6851: https://www.refurbed.de/p/hp-14-em0002ne-5-7520u-14/
2025-09-28 02:48:46,488 - INFO - Scraping 2272/6851: https://www.refurbed.de/p/hp-14-em0005na-r-7-7730u/
2025-09-28 02:48:47,867 - INFO - Scraping 2273/6851: https://www.refurbed.de/p/hp-14-em0014ne-ryzen-7-7730u-14/
2025-09-28 02:48:49,423 - INFO - Scraping 2274/6851: https://www.refurbed.de/p/hp-14-em0015na-ryzen-5-7520u/
2025-09-28 02:48:50,887 - INFO - Scraping 2275/6851: https://www.refurbed.de/p/hp-14-em0016na-ryzen-5-7520u/
2025-09-28 02:48:52,446 - INFO - Scraping 2276/6851: https://www.refurbed.de/p/hp-14-em0017ne-ryzen-5-7520u/
2025-09-28 02:48:54,224 - INFO - Scraping 2277/6851: https://www.refurbed.de/p/hp-14-em0032nf-ryzen-7-7730u/
2025-09-28 02:48:55,754 - INFO - Scraping 2278/6851: https://www.refurbed.de/p/hp-14-em0903ng-r5-7520u/
2025-09-28 02:48:57,507 - INFO - Scraping 2279/6851: https://www.refurbed.de/p/hp-14-ep-core-3-100u-14/
2025-09-28 02:48:59,278 - INFO - Scraping 2280/6851: https://www.refurbed.de/p/hp-14-ep-core-5-120u-14/
2025-09-28 02:49:00,648 - INFO - Scraping 2281/6851: https://www.refurbed.de/p/hp-14-ep-i3-n305-14/
2025-09-28 02:49:02,067 - INFO - Scraping 2282/6851: https://www.refurbed.de/p/hp-14-ep-n200-14/
2025-09-28 02:49:03,590 - INFO - Scraping 2283/6851: https://www.refurbed.de/p/hp-14-ep0036nf-i3-n305-14/
2025-09-28 02:49:05,145 - INFO - Scraping 2284/6851: https://www.refurbed.de/p/hp-14-fb0010na-core-9-185h/
2025-09-28 02:49:06,805 - INFO - Scraping 2285/6851: https://www.refurbed.de/p/hp-14s-dq-1215u-14/
2025-09-28 02:49:08,473 - INFO - Scraping 2286/6851: https://www.refurbed.de/p/hp-14s-dq-celeron-n4120-14/
2025-09-28 02:49:10,187 - INFO - Scraping 2287/6851: https://www.refurbed.de/p/hp-14s-dq-i5-1235u-14/
2025-09-28 02:49:11,724 - INFO - Scraping 2288/6851: https://www.refurbed.de/p/hp-14s-dq0008no-n4020-14/
2025-09-28 02:49:13,147 - INFO - Scraping 2289/6851: https://www.refurbed.de/p/hp-14s-dq0011na-n5030-14/
2025-09-28 02:49:14,677 - INFO - Scraping 2290/6851: https://www.refurbed.de/p/hp-14s-dq1004ns-i5-1035g1/
2025-09-28 02:49:16,414 - INFO - Scraping 2291/6851: https://www.refurbed.de/p/hp-14s-dq1021nf-i3-1005g1/
2025-09-28 02:49:18,034 - INFO - Scraping 2292/6851: https://www.refurbed.de/p/hp-14s-dq1xxx-i5-1035g1/
2025-09-28 02:49:19,653 - INFO - Scraping 2293/6851: https://www.refurbed.de/p/hp-14s-dq2002-1115g4-14/
2025-09-28 02:49:21,150 - INFO - Scraping 2294/6851: https://www.refurbed.de/p/hp-14s-dq2252ng-i5-1135g7/
2025-09-28 02:49:22,719 - INFO - Scraping 2295/6851: https://www.refurbed.de/p/hp-14s-dq2901ng-1115g4-14/
2025-09-28 02:49:24,596 - INFO - Scraping 2296/6851: https://www.refurbed.de/p/hp-14s-dq3505ng-n4500-14/
2025-09-28 02:49:26,255 - INFO - Scraping 2297/6851: https://www.refurbed.de/p/hp-14s-dq4010nf-i5-1155g7-14/
2025-09-28 02:49:27,744 - INFO - Scraping 2298/6851: https://www.refurbed.de/p/hp-14s-dq503-1215u-14/
2025-09-28 02:49:29,241 - INFO - Scraping 2299/6851: https://www.refurbed.de/p/hp-14s-dq5037nf-i3-1215u/
2025-09-28 02:49:30,913 - INFO - Scraping 2300/6851: https://www.refurbed.de/p/hp-14s-fq-ryzen-7-5700u-14/
2025-09-28 02:49:32,558 - INFO - Scraping 2301/6851: https://www.refurbed.de/p/hp-14s-fq0015nl-amd-3020e/
2025-09-28 02:49:34,174 - INFO - Scraping 2302/6851: https://www.refurbed.de/p/hp-14s-fq0732ng-3250u-14/
2025-09-28 02:49:35,661 - INFO - Scraping 2303/6851: https://www.refurbed.de/p/hp-14s-fq0918ng-3020e-14/
2025-09-28 02:49:37,446 - INFO - Scraping 2304/6851: https://www.refurbed.de/p/hp-14s-fq1012na-5300u-14/
2025-09-28 02:49:39,139 - INFO - Scraping 2305/6851: https://www.refurbed.de/p/hp-14s-fq1732ng-5300u-14/
2025-09-28 02:49:40,685 - INFO - Scraping 2306/6851: https://www.refurbed.de/p/hp-14s-fq1901ng-5500u-14/
2025-09-28 02:49:42,246 - INFO - Scraping 2307/6851: https://www.refurbed.de/p/hp-14s-i3-10110u/
2025-09-28 02:49:43,692 - INFO - Scraping 2308/6851: https://www.refurbed.de/p/hp-14z-em000-ryzen-7-7730u/
2025-09-28 02:49:45,266 - INFO - Scraping 2309/6851: https://www.refurbed.de/p/hp-15-ac017ns-5500u-15-6/
2025-09-28 02:49:45,846 - ERROR - Error fetching https://www.refurbed.de/p/hp-15-ac017ns-5500u-15-6/: 404 Client Error: Not Found for url: https://www.refurbed.de/p/hp-15-ac017ns-5500u-15-6/
2025-09-28 02:49:46,848 - INFO - Scraping 2310/6851: https://www.refurbed.de/p/hp-15-cs3104tx-i7-1065g7/
2025-09-28 02:49:48,435 - INFO - Scraping 2311/6851: https://www.refurbed.de/p/hp-15-da0014dx-i5-8250u-15-6/
2025-09-28 02:49:49,934 - INFO - Scraping 2312/6851: https://www.refurbed.de/p/hp-15-da0361ng-n4000-15-6/
2025-09-28 02:49:51,663 - INFO - Scraping 2313/6851: https://www.refurbed.de/p/hp-15-da3002-1035g1/
2025-09-28 02:49:53,510 - INFO - Scraping 2314/6851: https://www.refurbed.de/p/hp-15-dw0037wm-8145u-15-6/
2025-09-28 02:49:55,070 - INFO - Scraping 2315/6851: https://www.refurbed.de/p/hp-15-dw1001ng-i7-10510u/
2025-09-28 02:49:56,532 - INFO - Scraping 2316/6851: https://www.refurbed.de/p/hp-15-dw1033nq-n4020-15-6/
2025-09-28 02:49:57,947 - INFO - Scraping 2317/6851: https://www.refurbed.de/p/hp-15-dw1068nf-10110u-15-6/
2025-09-28 02:49:59,537 - INFO - Scraping 2318/6851: https://www.refurbed.de/p/hp-15-dw1077nf-10110u-15-6/
2025-09-28 02:50:00,986 - INFO - Scraping 2319/6851: https://www.refurbed.de/p/hp-15-dw1495nia-n4120-15-6/
2025-09-28 02:50:03,274 - INFO - Scraping 2320/6851: https://www.refurbed.de/p/hp-15-dw3003-1135g7/
2025-09-28 02:50:04,707 - INFO - Scraping 2321/6851: https://www.refurbed.de/p/hp-15-dw3005-i5-1135g7/
2025-09-28 02:50:06,767 - INFO - Scraping 2322/6851: https://www.refurbed.de/p/hp-15-dw3008-1165g7/
2025-09-28 02:50:08,363 - INFO - Scraping 2323/6851: https://www.refurbed.de/p/hp-15-dw3026ni-1165g7/
2025-09-28 02:50:18,487 - INFO - Scraping 2324/6851: https://www.refurbed.de/p/hp-15-dw3030ni-1125g4/
2025-09-28 02:50:20,009 - INFO - Scraping 2325/6851: https://www.refurbed.de/p/hp-15-dw3033dx-i3-1115g4-15-6/
2025-09-28 02:50:21,454 - INFO - Scraping 2326/6851: https://www.refurbed.de/p/hp-15-dw3043nm-1125g4/
2025-09-28 02:50:22,984 - INFO - Scraping 2327/6851: https://www.refurbed.de/p/hp-15-dw3072nx-1125g4/
2025-09-28 02:50:24,503 - INFO - Scraping 2328/6851: https://www.refurbed.de/p/hp-15-dw3233ng-i3-1115g4-15-6/
2025-09-28 02:50:26,287 - INFO - Scraping 2329/6851: https://www.refurbed.de/p/hp-15-dw3254ng-i5-1135g7/
2025-09-28 02:50:27,864 - INFO - Scraping 2330/6851: https://www.refurbed.de/p/hp-15-dw3516ng-pent-gold-7505/
2025-09-28 02:50:29,531 - INFO - Scraping 2331/6851: https://www.refurbed.de/p/hp-15-dw3757nz-1165g7-15-6/
2025-09-28 02:50:30,848 - INFO - Scraping 2332/6851: https://www.refurbed.de/p/hp-15-dw3777nz-1165g7-15-6/
2025-09-28 02:50:32,477 - INFO - Scraping 2333/6851: https://www.refurbed.de/p/hp-15-dy1043dx-1035g1-15-6/
2025-09-28 02:50:34,378 - INFO - Scraping 2334/6851: https://www.refurbed.de/p/hp-15-dy2073dx-i7-1165g7-15-6/
2025-09-28 02:50:34,833 - ERROR - Error fetching https://www.refurbed.de/p/hp-15-dy2073dx-i7-1165g7-15-6/: 404 Client Error: Not Found for url: https://www.refurbed.de/p/hp-15-dy2073dx-i7-1165g7-15-6/
2025-09-28 02:50:35,835 - INFO - Scraping 2335/6851: https://www.refurbed.de/p/hp-15-dy2075tg-i5-1135g7/
2025-09-28 02:50:37,555 - INFO - Scraping 2336/6851: https://www.refurbed.de/p/hp-15-dy2088ca-i5-1135g7/
2025-09-28 02:50:39,150 - INFO - Scraping 2337/6851: https://www.refurbed.de/p/hp-15-dy2093dx-i5-1135g7/
2025-09-28 02:50:40,646 - INFO - Scraping 2338/6851: https://www.refurbed.de/p/hp-15-dy2795wm-i5-1135g7/
2025-09-28 02:50:42,271 - INFO - Scraping 2339/6851: https://www.refurbed.de/p/hp-15-eg1053cl-i5-1155g7-/
2025-09-28 02:50:43,791 - INFO - Scraping 2340/6851: https://www.refurbed.de/p/hp-15-fc-athlon-gold-7220u/
2025-09-28 02:50:45,444 - INFO - Scraping 2341/6851: https://www.refurbed.de/p/hp-15-fc-ryzen-5-7520u-15-6/
2025-09-28 02:50:47,044 - INFO - Scraping 2342/6851: https://www.refurbed.de/p/hp-15-fc0000ni-r7-7730u-15-6/
2025-09-28 02:50:48,831 - INFO - Scraping 2343/6851: https://www.refurbed.de/p/hp-15-fc0001ns-ryzen-5-7520u/
2025-09-28 02:50:50,467 - INFO - Scraping 2344/6851: https://www.refurbed.de/p/hp-15-fc0005ne-ryzen-7-7730u/
2025-09-28 02:50:51,962 - INFO - Scraping 2345/6851: https://www.refurbed.de/p/hp-15-fc0043nl-ryzen-5-7520u/
2025-09-28 02:50:53,727 - INFO - Scraping 2346/6851: https://www.refurbed.de/p/hp-15-fc0047ne-r5-7520u-15-6/
2025-09-28 02:50:55,500 - INFO - Scraping 2347/6851: https://www.refurbed.de/p/hp-15-fc0049nl-ryzen-5-7520u/
2025-09-28 02:50:57,483 - INFO - Scraping 2348/6851: https://www.refurbed.de/p/hp-15-fc0050nl-ryzen-5-7520u/
2025-09-28 02:50:59,030 - INFO - Scraping 2349/6851: https://www.refurbed.de/p/hp-15-fc0555ng-ryzen-5-7520u/
2025-09-28 02:51:00,640 - INFO - Scraping 2350/6851: https://www.refurbed.de/p/hp-15-fc0777ng-r7-7730u-15-6/
2025-09-28 02:51:02,139 - INFO - Scraping 2351/6851: https://www.refurbed.de/p/hp-15-fc0906ng-r7-7730u-15-6/
2025-09-28 02:51:03,780 - INFO - Scraping 2352/6851: https://www.refurbed.de/p/hp-15-fd-core-5-120u-15-6/
2025-09-28 02:51:05,268 - INFO - Scraping 2353/6851: https://www.refurbed.de/p/hp-15-fd-i3-n305-15-6/
2025-09-28 02:51:06,751 - INFO - Scraping 2354/6851: https://www.refurbed.de/p/hp-15-fd-i5-1235u-15-6/
2025-09-28 02:51:08,532 - INFO - Scraping 2355/6851: https://www.refurbed.de/p/hp-15-fd-i7-1355u-15-6/
2025-09-28 02:51:09,976 - INFO - Scraping 2356/6851: https://www.refurbed.de/p/hp-15-fd-ultra-5-125h-15-6/
2025-09-28 02:51:11,728 - INFO - Scraping 2357/6851: https://www.refurbed.de/p/hp-15-fd0019ng-n200/
2025-09-28 02:51:13,454 - INFO - Scraping 2358/6851: https://www.refurbed.de/p/hp-15-fd0020nx-i5-1335u-15-6/
2025-09-28 02:51:14,979 - INFO - Scraping 2359/6851: https://www.refurbed.de/p/hp-15-fd0051ne-i5-1334u/
2025-09-28 02:51:16,505 - INFO - Scraping 2360/6851: https://www.refurbed.de/p/hp-15-fd0095ne-i5-1235u-15-6/
2025-09-28 02:51:18,085 - INFO - Scraping 2361/6851: https://www.refurbed.de/p/hp-15-fd0651nc-processor-n100/
2025-09-28 02:51:19,658 - INFO - Scraping 2362/6851: https://www.refurbed.de/p/hp-15-fd0837nc-processor-n100/
2025-09-28 02:51:21,169 - INFO - Scraping 2363/6851: https://www.refurbed.de/p/hp-15-fd1011ne-7-155h-15-6/
2025-09-28 02:51:22,828 - INFO - Scraping 2364/6851: https://www.refurbed.de/p/hp-15-p253nf-i3-5010u/
2025-09-28 02:51:23,432 - ERROR - Error fetching https://www.refurbed.de/p/hp-15-p253nf-i3-5010u/: 404 Client Error: Not Found for url: https://www.refurbed.de/p/hp-15-p253nf-i3-5010u/
2025-09-28 02:51:24,434 - INFO - Scraping 2365/6851: https://www.refurbed.de/p/hp-15s-eq-ryzen-7-5700u-15-6/
2025-09-28 02:51:26,183 - INFO - Scraping 2366/6851: https://www.refurbed.de/p/hp-15s-eq0300ng-r5-3500u-15-6/
2025-09-28 02:51:27,764 - INFO - Scraping 2367/6851: https://www.refurbed.de/p/hp-15s-eq1005nc-ryzen-3-3250-u/
2025-09-28 02:51:29,354 - INFO - Scraping 2368/6851: https://www.refurbed.de/p/hp-15s-eq2027ne-r5-5500u-15-6/
2025-09-28 02:51:30,879 - INFO - Scraping 2369/6851: https://www.refurbed.de/p/hp-15s-eq2065nf-r5-5500u-15-6/
2025-09-28 02:51:32,368 - INFO - Scraping 2370/6851: https://www.refurbed.de/p/hp-15s-eq2117nf-r7-5700u-15-6/
2025-09-28 02:51:33,942 - INFO - Scraping 2371/6851: https://www.refurbed.de/p/hp-15s-eq2276ng-ryzen-7-5700-u/
2025-09-28 02:51:35,422 - INFO - Scraping 2372/6851: https://www.refurbed.de/p/hp-15s-eq2661ng-r5-5500u-15-6/
2025-09-28 02:51:36,944 - INFO - Scraping 2373/6851: https://www.refurbed.de/p/hp-15s-eq2732ng-ryzen-5300u-15-6/
2025-09-28 02:51:38,461 - INFO - Scraping 2374/6851: https://www.refurbed.de/p/hp-15s-eq2779ng-ryzen-7-5700-u/
2025-09-28 02:51:39,875 - INFO - Scraping 2375/6851: https://www.refurbed.de/p/hp-15s-eq2800ng-r5-5500u-15-6/
2025-09-28 02:51:41,347 - INFO - Scraping 2376/6851: https://www.refurbed.de/p/hp-15s-eq2902ng-ryzen-5-5500-u/
2025-09-28 02:51:43,015 - INFO - Scraping 2377/6851: https://www.refurbed.de/p/hp-15s-eq2904ng-ryzen-5-5500-u/
2025-09-28 02:51:44,889 - INFO - Scraping 2378/6851: https://www.refurbed.de/p/hp-15s-eq2910ng-5500u/
2025-09-28 02:51:46,422 - INFO - Scraping 2379/6851: https://www.refurbed.de/p/hp-15s-eq3775ng-ryzen-7-5825u/
2025-09-28 02:51:47,954 - INFO - Scraping 2380/6851: https://www.refurbed.de/p/hp-15s-fq-n4120-15-6/
2025-09-28 02:51:49,434 - INFO - Scraping 2381/6851: https://www.refurbed.de/p/hp-15s-fq0004na-n5030/
2025-09-28 02:51:51,264 - INFO - Scraping 2382/6851: https://www.refurbed.de/p/hp-15s-fq0014nf-n4120-15-6/
2025-09-28 02:51:53,239 - INFO - Scraping 2383/6851: https://www.refurbed.de/p/hp-15s-fq0020nc-n4120-15-6/
2025-09-28 02:51:54,800 - INFO - Scraping 2384/6851: https://www.refurbed.de/p/hp-15s-fq0075nf-n4120/
2025-09-28 02:51:56,239 - INFO - Scraping 2385/6851: https://www.refurbed.de/p/hp-15s-fq0104nf-n4120/
2025-09-28 02:51:58,145 - INFO - Scraping 2386/6851: https://www.refurbed.de/p/hp-15s-fq0510ng-celeron-n4120/
2025-09-28 02:51:59,850 - INFO - Scraping 2387/6851: https://www.refurbed.de/p/hp-15s-fq1138ns-i3-1005g1-15/
2025-09-28 02:52:01,467 - INFO - Scraping 2388/6851: https://www.refurbed.de/p/hp-15s-fq2011nv-1115g4-15-6/
2025-09-28 02:52:03,072 - INFO - Scraping 2389/6851: https://www.refurbed.de/p/hp-15s-fq2015nl-i3-1115g4/
2025-09-28 02:52:04,904 - INFO - Scraping 2390/6851: https://www.refurbed.de/p/hp-15s-fq2015nl-i7-13700h/
2025-09-28 02:52:06,468 - INFO - Scraping 2391/6851: https://www.refurbed.de/p/hp-15s-fq2021nv-i7-1165g7/
2025-09-28 02:52:07,884 - INFO - Scraping 2392/6851: https://www.refurbed.de/p/hp-15s-fq2045na-pentium-7505/
2025-09-28 02:52:09,715 - INFO - Scraping 2393/6851: https://www.refurbed.de/p/hp-15s-fq2089nl-1115g4-15-6/
2025-09-28 02:52:11,525 - INFO - Scraping 2394/6851: https://www.refurbed.de/p/hp-15s-fq2094nl-1115g4-15-6/
2025-09-28 02:52:13,164 - INFO - Scraping 2395/6851: https://www.refurbed.de/p/hp-15s-fq2226ng-pentium-7505/
2025-09-28 02:52:14,909 - INFO - Scraping 2396/6851: https://www.refurbed.de/p/hp-15s-fq2734ng-i3-1115g4/
2025-09-28 02:52:16,671 - INFO - Scraping 2397/6851: https://www.refurbed.de/p/hp-15s-fq2776ng-i7-1165g7/
2025-09-28 02:52:18,131 - INFO - Scraping 2398/6851: https://www.refurbed.de/p/hp-15s-fq2822nd-i5-1135g7/
2025-09-28 02:52:20,084 - INFO - Scraping 2399/6851: https://www.refurbed.de/p/hp-15s-fq3002nb-pent-silver-n600/
2025-09-28 02:52:21,707 - INFO - Scraping 2400/6851: https://www.refurbed.de/p/hp-15s-fq3003nh-celeron-n4500/
2025-09-28 02:52:23,384 - INFO - Scraping 2401/6851: https://www.refurbed.de/p/hp-15s-fq3510ng-n6000/
2025-09-28 02:52:25,051 - INFO - Scraping 2402/6851: https://www.refurbed.de/p/hp-15s-fq3713ng-celeron-n4500/
2025-09-28 02:52:26,647 - INFO - Scraping 2403/6851: https://www.refurbed.de/p/hp-15s-fq4026nf-1155g7-15-6/
2025-09-28 02:52:28,032 - INFO - Scraping 2404/6851: https://www.refurbed.de/p/hp-15s-fq4802ng-1155g7-15-6/
2025-09-28 02:52:29,756 - INFO - Scraping 2405/6851: https://www.refurbed.de/p/hp-15s-fq5000nia-i3-1215u-15/
2025-09-28 02:52:31,279 - INFO - Scraping 2406/6851: https://www.refurbed.de/p/hp-15s-fq5023np-i7-1255u-15-6/
2025-09-28 02:52:33,129 - INFO - Scraping 2407/6851: https://www.refurbed.de/p/hp-15s-fq5735ng-i3-1215u-15/
2025-09-28 02:52:34,681 - INFO - Scraping 2408/6851: https://www.refurbed.de/p/hp-16-h1016nf-i7-13700h/
2025-09-28 02:52:36,527 - INFO - Scraping 2409/6851: https://www.refurbed.de/p/hp-16-r1007ne-i7-14650hx-16-1/
2025-09-28 02:52:38,284 - INFO - Scraping 2410/6851: https://www.refurbed.de/p/hp-16-r1010ne-i7-14650hx-16-1/
2025-09-28 02:52:39,799 - INFO - Scraping 2411/6851: https://www.refurbed.de/p/hp-16-r1012ne-i7-14650hx-16-1/
2025-09-28 02:52:41,812 - INFO - Scraping 2412/6851: https://www.refurbed.de/p/hp-16-r1013ne-i7-14650hx-16-1/
2025-09-28 02:52:43,452 - INFO - Scraping 2413/6851: https://www.refurbed.de/p/hp-16-r1044nt-i7-14700hx-16-1/
2025-09-28 02:52:45,001 - INFO - Scraping 2414/6851: https://www.refurbed.de/p/hp-16-r1052nt-i5-14500h-16-1/
2025-09-28 02:52:46,703 - INFO - Scraping 2415/6851: https://www.refurbed.de/p/hp-16-r1776ng-i7-14700hx-16-1/
2025-09-28 02:52:48,156 - INFO - Scraping 2416/6851: https://www.refurbed.de/p/hp-16-s1778ng-ryzen-r7-8845hs/
2025-09-28 02:52:49,889 - INFO - Scraping 2417/6851: https://www.refurbed.de/p/hp-16-xf0004nl-ryzen-9-7940hs/
2025-09-28 02:52:51,496 - INFO - Scraping 2418/6851: https://www.refurbed.de/p/hp-16-xf0061nf-ryzen-9-7940hs/
2025-09-28 02:52:53,079 - INFO - Scraping 2419/6851: https://www.refurbed.de/p/hp-163444-001/
2025-09-28 02:52:54,583 - INFO - Scraping 2420/6851: https://www.refurbed.de/p/hp-16s1777ng-ryzen-r7-8840hs/
2025-09-28 02:52:56,390 - INFO - Scraping 2421/6851: https://www.refurbed.de/p/hp-17-bs037ng-n3060/
2025-09-28 02:52:56,662 - ERROR - Error fetching https://www.refurbed.de/p/hp-17-bs037ng-n3060/: 404 Client Error: Not Found for url: https://www.refurbed.de/p/hp-17-bs037ng-n3060/
2025-09-28 02:52:57,664 - INFO - Scraping 2422/6851: https://www.refurbed.de/p/hp-17-by0045nf-i3-7020u-17-3/
2025-09-28 02:52:57,978 - ERROR - Error fetching https://www.refurbed.de/p/hp-17-by0045nf-i3-7020u-17-3/: 404 Client Error: Not Found for url: https://www.refurbed.de/p/hp-17-by0045nf-i3-7020u-17-3/
2025-09-28 02:52:58,980 - INFO - Scraping 2423/6851: https://www.refurbed.de/p/hp-17-by0221ng-4417u/
2025-09-28 02:53:01,003 - INFO - Scraping 2424/6851: https://www.refurbed.de/p/hp-17-by0228ng-n4000-17-3/
2025-09-28 02:53:02,630 - INFO - Scraping 2425/6851: https://www.refurbed.de/p/hp-17-by3065st-i5-1035g1/
2025-09-28 02:53:04,142 - INFO - Scraping 2426/6851: https://www.refurbed.de/p/hp-17-by3252ng-i5-1035g1/
2025-09-28 02:53:05,597 - INFO - Scraping 2427/6851: https://www.refurbed.de/p/hp-17-by3536ng-i3-1005g1-17-3/
2025-09-28 02:53:07,228 - INFO - Scraping 2428/6851: https://www.refurbed.de/p/hp-17-c0000-i3-1125g4/
2025-09-28 02:53:08,654 - INFO - Scraping 2429/6851: https://www.refurbed.de/p/hp-17-ca1244ng-ryzen-7-3700u/
2025-09-28 02:53:10,202 - INFO - Scraping 2430/6851: https://www.refurbed.de/p/hp-17-ca1405ng-r5-3500u/
2025-09-28 02:53:11,742 - INFO - Scraping 2431/6851: https://www.refurbed.de/p/hp-17-cd2075ng-11370h/
2025-09-28 02:53:13,496 - INFO - Scraping 2432/6851: https://www.refurbed.de/p/hp-17-cd2903ng-11370h/
2025-09-28 02:53:15,277 - INFO - Scraping 2433/6851: https://www.refurbed.de/p/hp-17-cn-core-5-120u17-3/
2025-09-28 02:53:17,033 - INFO - Scraping 2434/6851: https://www.refurbed.de/p/hp-17-cn-i5-1235u-17-3/
2025-09-28 02:53:18,787 - INFO - Scraping 2435/6851: https://www.refurbed.de/p/hp-17-cn-i5-1334u-17-3/
2025-09-28 02:53:20,326 - INFO - Scraping 2436/6851: https://www.refurbed.de/p/hp-17-cn-n4120-17-3/
2025-09-28 02:53:22,001 - INFO - Scraping 2437/6851: https://www.refurbed.de/p/hp-17-cn-pentium-silver-n5030/
2025-09-28 02:53:23,527 - INFO - Scraping 2438/6851: https://www.refurbed.de/p/hp-17-cn0008nf-n4120/
2025-09-28 02:53:25,042 - INFO - Scraping 2439/6851: https://www.refurbed.de/p/hp-17-cn0009nf-n4120-17-3/
2025-09-28 02:53:26,608 - INFO - Scraping 2440/6851: https://www.refurbed.de/p/hp-17-cn0041na-7505-17-3/
2025-09-28 02:53:28,109 - INFO - Scraping 2441/6851: https://www.refurbed.de/p/hp-17-cn0055ng-i5-1135g7-17-3/
2025-09-28 02:53:29,883 - INFO - Scraping 2442/6851: https://www.refurbed.de/p/hp-17-cn0104na-n5030-17-3/
2025-09-28 02:53:31,397 - INFO - Scraping 2443/6851: https://www.refurbed.de/p/hp-17-cn0131ng-n4120/
2025-09-28 02:53:33,023 - INFO - Scraping 2444/6851: https://www.refurbed.de/p/hp-17-cn0132ng-pentium-n5030/
2025-09-28 02:53:34,614 - INFO - Scraping 2445/6851: https://www.refurbed.de/p/hp-17-cn0178ng-i7-1165g7/
2025-09-28 02:53:36,834 - INFO - Scraping 2446/6851: https://www.refurbed.de/p/hp-17-cn0434ng-i3-1125g4/
2025-09-28 02:53:38,377 - INFO - Scraping 2447/6851: https://www.refurbed.de/p/hp-17-cn0623ng-n5030-17-3/
2025-09-28 02:53:40,001 - INFO - Scraping 2448/6851: https://www.refurbed.de/p/hp-17-cn0716ng-pentium-7505-17-3/
2025-09-28 02:53:41,520 - INFO - Scraping 2449/6851: https://www.refurbed.de/p/hp-17-cn0755ng-i5-1135g7-17-3/
2025-09-28 02:53:42,991 - INFO - Scraping 2450/6851: https://www.refurbed.de/p/hp-17-cn0756ng-i5-1135g7-17-3/
2025-09-28 02:53:44,534 - INFO - Scraping 2451/6851: https://www.refurbed.de/p/hp-17-cn0758ng-i5-1135g7-17-3/
2025-09-28 02:53:46,161 - INFO - Scraping 2452/6851: https://www.refurbed.de/p/hp-17-cn1354ng-1155g7-17-3/
2025-09-28 02:53:47,838 - INFO - Scraping 2453/6851: https://www.refurbed.de/p/hp-17-cn1xxx-i5-1155g7-17-3/
2025-09-28 02:53:49,159 - INFO - Scraping 2454/6851: https://www.refurbed.de/p/hp-17-cn2158ng-i5-1235u/
2025-09-28 02:53:50,794 - INFO - Scraping 2455/6851: https://www.refurbed.de/p/hp-17-cn3007nf-i3-n305-17-3/
2025-09-28 02:53:52,597 - INFO - Scraping 2456/6851: https://www.refurbed.de/p/hp-17-cn3757ng-i5-1334u-17-3/
2025-09-28 02:53:54,082 - INFO - Scraping 2457/6851: https://www.refurbed.de/p/hp-17-cp-r5-7520u-17-3/
2025-09-28 02:53:55,895 - INFO - Scraping 2458/6851: https://www.refurbed.de/p/hp-17-cp-ryzen-7-5700-u-17/
2025-09-28 02:53:56,336 - ERROR - Error fetching https://www.refurbed.de/p/hp-17-cp-ryzen-7-5700-u-17/: 404 Client Error: Not Found for url: https://www.refurbed.de/p/hp-17-cp-ryzen-7-5700-u-17/
2025-09-28 02:53:57,338 - INFO - Scraping 2459/6851: https://www.refurbed.de/p/hp-17-cp0001nc-ryzen-3-3250-u-17/
2025-09-28 02:53:58,984 - INFO - Scraping 2460/6851: https://www.refurbed.de/p/hp-17-cp0015na-ryzen-5-5500u/
2025-09-28 02:54:00,692 - INFO - Scraping 2461/6851: https://www.refurbed.de/p/hp-17-cp0077ng-ryzen-7-5700u/
2025-09-28 02:54:02,003 - INFO - Scraping 2462/6851: https://www.refurbed.de/p/hp-17-cp0153nf-ryzen-5-5500u/
2025-09-28 02:54:03,762 - INFO - Scraping 2463/6851: https://www.refurbed.de/p/hp-17-cp0153ng-ryzen-5-5500u/
2025-09-28 02:54:05,256 - INFO - Scraping 2464/6851: https://www.refurbed.de/p/hp-17-cp0274nf-amd-3020e-17-3/
2025-09-28 02:54:06,692 - INFO - Scraping 2465/6851: https://www.refurbed.de/p/hp-17-cp0284nf-r5-5500u-17-3/
2025-09-28 02:54:08,341 - INFO - Scraping 2466/6851: https://www.refurbed.de/p/hp-17-cp0308nf-r7-5700u-17-3/
2025-09-28 02:54:09,814 - INFO - Scraping 2467/6851: https://www.refurbed.de/p/hp-17-cp0648ng-ryzen-5-5500-u-17/
2025-09-28 02:54:11,409 - INFO - Scraping 2468/6851: https://www.refurbed.de/p/hp-17-cp0668ng-ryzen-7-5700u/
2025-09-28 02:54:13,315 - INFO - Scraping 2469/6851: https://www.refurbed.de/p/hp-17-cp0714ng-athlon-3150-u-17/
2025-09-28 02:54:14,865 - INFO - Scraping 2470/6851: https://www.refurbed.de/p/hp-17-cp0716ng-athlon-gold-3150u/
2025-09-28 02:54:16,577 - INFO - Scraping 2471/6851: https://www.refurbed.de/p/hp-17-cp0732ng-ryzen-3-5300-u-17/
2025-09-28 02:54:18,762 - INFO - Scraping 2472/6851: https://www.refurbed.de/p/hp-17-cp0755ng-ryzen-5-5500-u-17/
2025-09-28 02:54:20,216 - INFO - Scraping 2473/6851: https://www.refurbed.de/p/hp-17-cp0807ng-ryzen-3-5300-u-17/
2025-09-28 02:54:21,918 - INFO - Scraping 2474/6851: https://www.refurbed.de/p/hp-17-cp0901ng-ryzen-7-5700-u-17/
2025-09-28 02:54:23,619 - INFO - Scraping 2475/6851: https://www.refurbed.de/p/hp-17-cp1055ng-r5-5625u-17-3/
2025-09-28 02:54:25,280 - INFO - Scraping 2476/6851: https://www.refurbed.de/p/hp-17-cp1773ng-ryzen-7-5825u/
2025-09-28 02:54:26,744 - INFO - Scraping 2477/6851: https://www.refurbed.de/p/hp-17-cp2153ng/
2025-09-28 02:54:28,265 - INFO - Scraping 2478/6851: https://www.refurbed.de/p/hp-17-cp3000-r7-7730u-17-3/
2025-09-28 02:54:29,796 - INFO - Scraping 2479/6851: https://www.refurbed.de/p/hp-17-cp3002na-r7-7730u-17-3/
2025-09-28 02:54:31,730 - INFO - Scraping 2480/6851: https://www.refurbed.de/p/hp-17-cp3775ngr-7-7730u-17-3/
2025-09-28 02:54:33,403 - INFO - Scraping 2481/6851: https://www.refurbed.de/p/hp-17-x109nf-i5-7200u/
2025-09-28 02:54:33,784 - ERROR - Error fetching https://www.refurbed.de/p/hp-17-x109nf-i5-7200u/: 404 Client Error: Not Found for url: https://www.refurbed.de/p/hp-17-x109nf-i5-7200u/
2025-09-28 02:54:34,786 - INFO - Scraping 2482/6851: https://www.refurbed.de/p/hp-22-dd2006na-all-in-one/
2025-09-28 02:54:36,447 - INFO - Scraping 2483/6851: https://www.refurbed.de/p/hp-22-dg-all-in-one/
2025-09-28 02:54:37,936 - INFO - Scraping 2484/6851: https://www.refurbed.de/p/hp-22-dg0002nc-all-in-one/
2025-09-28 02:54:39,460 - INFO - Scraping 2485/6851: https://www.refurbed.de/p/hp-22m-21-5/
2025-09-28 02:54:40,896 - INFO - Scraping 2486/6851: https://www.refurbed.de/p/hp-230/
2025-09-28 02:54:42,389 - INFO - Scraping 2487/6851: https://www.refurbed.de/p/hp-24-ca0701ng-all-in-one/
2025-09-28 02:54:44,506 - INFO - Scraping 2488/6851: https://www.refurbed.de/p/hp-24-cb-all-in-one-23-8/
2025-09-28 02:54:46,338 - INFO - Scraping 2489/6851: https://www.refurbed.de/p/hp-24-cb0203ng-all-in-one/
2025-09-28 02:54:47,866 - INFO - Scraping 2490/6851: https://www.refurbed.de/p/hp-24-cr0002nx-all-in-one-23-8/
2025-09-28 02:54:49,383 - INFO - Scraping 2491/6851: https://www.refurbed.de/p/hp-24-cr0005nx-all-in-one-23-8/
2025-09-28 02:54:51,065 - INFO - Scraping 2492/6851: https://www.refurbed.de/p/hp-24-cr0008nx-all-in-one-23-8/
2025-09-28 02:54:52,631 - INFO - Scraping 2493/6851: https://www.refurbed.de/p/hp-24-cr0009nx-all-in-one/
2025-09-28 02:54:54,170 - INFO - Scraping 2494/6851: https://www.refurbed.de/p/hp-24-cr0024-all-in-one/
2025-09-28 02:54:55,721 - INFO - Scraping 2495/6851: https://www.refurbed.de/p/hp-24-cr0037na-all-in-one-23-8/
2025-09-28 02:54:57,352 - INFO - Scraping 2496/6851: https://www.refurbed.de/p/hp-24-cr0703ng-all-in-one-23-8/
2025-09-28 02:54:58,840 - INFO - Scraping 2497/6851: https://www.refurbed.de/p/hp-24-cr1007na-all-in-one-23-8/
2025-09-28 02:55:00,434 - INFO - Scraping 2498/6851: https://www.refurbed.de/p/hp-24-cr1007nb-all-in-one-23-8/
2025-09-28 02:55:02,008 - INFO - Scraping 2499/6851: https://www.refurbed.de/p/hp-240-g10-i5-1335u-14/
2025-09-28 02:55:03,845 - INFO - Scraping 2500/6851: https://www.refurbed.de/p/hp-240-g7-1005g1/
2025-09-28 02:55:05,334 - INFO - Scraping 2501/6851: https://www.refurbed.de/p/hp-240-g8-1035g-14/
2025-09-28 02:55:06,924 - INFO - Scraping 2502/6851: https://www.refurbed.de/p/hp-240-g8-1115g4/
2025-09-28 02:55:08,590 - INFO - Scraping 2503/6851: https://www.refurbed.de/p/hp-240-g8-1135g7/
2025-09-28 02:55:10,087 - INFO - Scraping 2504/6851: https://www.refurbed.de/p/hp-240-g8-i7-1065g7/
2025-09-28 02:55:11,659 - INFO - Scraping 2505/6851: https://www.refurbed.de/p/hp-240-g8-i7-1165g7/
2025-09-28 02:55:13,197 - INFO - Scraping 2506/6851: https://www.refurbed.de/p/hp-240-g9-1235u-14/
2025-09-28 02:55:14,629 - INFO - Scraping 2507/6851: https://www.refurbed.de/p/hp-245-g9-ryzen-5-5625u/
2025-09-28 02:55:16,177 - INFO - Scraping 2508/6851: https://www.refurbed.de/p/hp-250-g10-i3-1315u-15-6/
2025-09-28 02:55:18,205 - INFO - Scraping 2509/6851: https://www.refurbed.de/p/hp-250-g10-i3-n305-15-6/
2025-09-28 02:55:19,737 - INFO - Scraping 2510/6851: https://www.refurbed.de/p/hp-250-g10-i5-1334u-15-6/
2025-09-28 02:55:21,304 - INFO - Scraping 2511/6851: https://www.refurbed.de/p/hp-250-g10-i5-1335u-15-6/
2025-09-28 02:55:22,646 - INFO - Scraping 2512/6851: https://www.refurbed.de/p/hp-250-g10-i7-1355u-15-6/
2025-09-28 02:55:24,310 - INFO - Scraping 2513/6851: https://www.refurbed.de/p/hp-250-g10-n100-15-6/
2025-09-28 02:55:25,824 - INFO - Scraping 2514/6851: https://www.refurbed.de/p/hp-250-g10-ryzen-5-7530u/
2025-09-28 02:55:27,365 - INFO - Scraping 2515/6851: https://www.refurbed.de/p/hp-250-g4-5005u/
2025-09-28 02:55:27,853 - ERROR - Error fetching https://www.refurbed.de/p/hp-250-g4-5005u/: 404 Client Error: Not Found for url: https://www.refurbed.de/p/hp-250-g4-5005u/
2025-09-28 02:55:28,855 - INFO - Scraping 2516/6851: https://www.refurbed.de/p/hp-250-g5-i3-5005u-15-6/
2025-09-28 02:55:29,206 - ERROR - Error fetching https://www.refurbed.de/p/hp-250-g5-i3-5005u-15-6/: 404 Client Error: Not Found for url: https://www.refurbed.de/p/hp-250-g5-i3-5005u-15-6/
2025-09-28 02:55:30,208 - INFO - Scraping 2517/6851: https://www.refurbed.de/p/hp-250-g5-i5-6200u-15-6/
2025-09-28 02:55:30,500 - ERROR - Error fetching https://www.refurbed.de/p/hp-250-g5-i5-6200u-15-6/: 404 Client Error: Not Found for url: https://www.refurbed.de/p/hp-250-g5-i5-6200u-15-6/
2025-09-28 02:55:31,502 - INFO - Scraping 2518/6851: https://www.refurbed.de/p/hp-250-g6-n4000/
2025-09-28 02:55:33,182 - INFO - Scraping 2519/6851: https://www.refurbed.de/p/hp-250-g7-1035g1/
2025-09-28 02:55:34,659 - INFO - Scraping 2520/6851: https://www.refurbed.de/p/hp-250-g7-i3-1005g1-15-6/
2025-09-28 02:55:36,160 - INFO - Scraping 2521/6851: https://www.refurbed.de/p/hp-250-g7-i5-8265u/
2025-09-28 02:55:37,622 - INFO - Scraping 2522/6851: https://www.refurbed.de/p/hp-250-g7-i7-1065g7-15-6/
2025-09-28 02:55:39,058 - INFO - Scraping 2523/6851: https://www.refurbed.de/p/hp-250-g7-n4000/
2025-09-28 02:55:40,548 - INFO - Scraping 2524/6851: https://www.refurbed.de/p/hp-250-g7-n5030/
2025-09-28 02:55:42,173 - INFO - Scraping 2525/6851: https://www.refurbed.de/p/hp-250-g8-i3-1005g1/
2025-09-28 02:55:43,627 - INFO - Scraping 2526/6851: https://www.refurbed.de/p/hp-250-g8-i3-1115g4/
2025-09-28 02:55:45,143 - INFO - Scraping 2527/6851: https://www.refurbed.de/p/hp-250-g8-i5-1035g1/
2025-09-28 02:55:46,544 - INFO - Scraping 2528/6851: https://www.refurbed.de/p/hp-250-g8-i5-1135g7/
2025-09-28 02:55:48,183 - INFO - Scraping 2529/6851: https://www.refurbed.de/p/hp-250-g8-i7-1065g7/
2025-09-28 02:55:49,607 - INFO - Scraping 2530/6851: https://www.refurbed.de/p/hp-250-g8-i7-1165g7-15/
2025-09-28 02:55:51,066 - INFO - Scraping 2531/6851: https://www.refurbed.de/p/hp-250-g8-n4020/
2025-09-28 02:55:52,644 - INFO - Scraping 2532/6851: https://www.refurbed.de/p/hp-250-g9-celeron-n4500-15-6/
2025-09-28 02:55:54,187 - INFO - Scraping 2533/6851: https://www.refurbed.de/p/hp-250-g9-i3-1215u/
2025-09-28 02:55:55,844 - INFO - Scraping 2534/6851: https://www.refurbed.de/p/hp-250-g9-i5-1235u-15-6/
2025-09-28 02:55:57,376 - INFO - Scraping 2535/6851: https://www.refurbed.de/p/hp-250-g9-i7-1255u-15-6/
2025-09-28 02:55:58,843 - INFO - Scraping 2536/6851: https://www.refurbed.de/p/hp-250-g9-n6000-15-6/
2025-09-28 02:56:00,424 - INFO - Scraping 2537/6851: https://www.refurbed.de/p/hp-250r-g9-i3-1315u-15-6/
2025-09-28 02:56:01,859 - INFO - Scraping 2538/6851: https://www.refurbed.de/p/hp-250r-g9-i5-1335u-15-6/
2025-09-28 02:56:03,383 - INFO - Scraping 2539/6851: https://www.refurbed.de/p/hp-255-g10-athlon-silver-7120u/
2025-09-28 02:56:04,906 - INFO - Scraping 2540/6851: https://www.refurbed.de/p/hp-255-g10-r5-7520u-15-6/
2025-09-28 02:56:06,386 - INFO - Scraping 2541/6851: https://www.refurbed.de/p/hp-255-g10-r5-7530u-15-6/
2025-09-28 02:56:08,211 - INFO - Scraping 2542/6851: https://www.refurbed.de/p/hp-255-g10-ryzen-3-7320u/
2025-09-28 02:56:09,676 - INFO - Scraping 2543/6851: https://www.refurbed.de/p/hp-255-g10-ryzen-3-7330u-15-6/
2025-09-28 02:56:11,204 - INFO - Scraping 2544/6851: https://www.refurbed.de/p/hp-255-g10-ryzen-7-7730u15-6/
2025-09-28 02:56:12,636 - INFO - Scraping 2545/6851: https://www.refurbed.de/p/hp-255-g6-e2-9000e-15-6/
2025-09-28 02:56:12,928 - ERROR - Error fetching https://www.refurbed.de/p/hp-255-g6-e2-9000e-15-6/: 404 Client Error: Not Found for url: https://www.refurbed.de/p/hp-255-g6-e2-9000e-15-6/
2025-09-28 02:56:13,930 - INFO - Scraping 2546/6851: https://www.refurbed.de/p/hp-255-g7-3050u/
2025-09-28 02:56:15,352 - INFO - Scraping 2547/6851: https://www.refurbed.de/p/hp-255-g7-ryzen-3-2200u/
2025-09-28 02:56:15,685 - ERROR - Error fetching https://www.refurbed.de/p/hp-255-g7-ryzen-3-2200u/: 404 Client Error: Not Found for url: https://www.refurbed.de/p/hp-255-g7-ryzen-3-2200u/
2025-09-28 02:56:16,687 - INFO - Scraping 2548/6851: https://www.refurbed.de/p/hp-255-g7-ryzen-5-2500u/
2025-09-28 02:56:17,209 - ERROR - Error fetching https://www.refurbed.de/p/hp-255-g7-ryzen-5-2500u/: 404 Client Error: Not Found for url: https://www.refurbed.de/p/hp-255-g7-ryzen-5-2500u/
2025-09-28 02:56:18,211 - INFO - Scraping 2549/6851: https://www.refurbed.de/p/hp-255-g8-amd-3020e/
2025-09-28 02:56:19,990 - INFO - Scraping 2550/6851: https://www.refurbed.de/p/hp-255-g8-amd-athlon-3050u-15/
2025-09-28 02:56:21,484 - INFO - Scraping 2551/6851: https://www.refurbed.de/p/hp-255-g8-amd-athlon-3150u-15/
2025-09-28 02:56:23,061 - INFO - Scraping 2552/6851: https://www.refurbed.de/p/hp-255-g8-ryze-3-3250u-15-6/
2025-09-28 02:56:24,885 - INFO - Scraping 2553/6851: https://www.refurbed.de/p/hp-255-g8-ryzen-4-5300u-15/
2025-09-28 02:56:26,372 - INFO - Scraping 2554/6851: https://www.refurbed.de/p/hp-255-g8-ryzen-5-3500u-15/
2025-09-28 02:56:27,895 - INFO - Scraping 2555/6851: https://www.refurbed.de/p/hp-255-g8-ryzen-5-5500u-15/
2025-09-28 02:56:29,460 - INFO - Scraping 2556/6851: https://www.refurbed.de/p/hp-255-g8-ryzen-7-5700u-15-6/
2025-09-28 02:56:31,182 - INFO - Scraping 2557/6851: https://www.refurbed.de/p/hp-255-g9-athlon-gold-3150u/
2025-09-28 02:56:32,873 - INFO - Scraping 2558/6851: https://www.refurbed.de/p/hp-255-g9-ryzen-3-3250u/
2025-09-28 02:56:34,388 - INFO - Scraping 2559/6851: https://www.refurbed.de/p/hp-255-g9-ryzen-3-5425u/
2025-09-28 02:56:36,420 - INFO - Scraping 2560/6851: https://www.refurbed.de/p/hp-255-g9-ryzen-5-5625u/
2025-09-28 02:56:38,075 - INFO - Scraping 2561/6851: https://www.refurbed.de/p/hp-255-g9-ryzen-7-5825u/
2025-09-28 02:56:39,499 - INFO - Scraping 2562/6851: https://www.refurbed.de/p/hp-260-g3-dm/
2025-09-28 02:56:39,767 - ERROR - Error fetching https://www.refurbed.de/p/hp-260-g3-dm/: 404 Client Error: Not Found for url: https://www.refurbed.de/p/hp-260-g3-dm/
2025-09-28 02:56:40,769 - INFO - Scraping 2563/6851: https://www.refurbed.de/p/hp-260-g4-dm/
2025-09-28 02:56:42,277 - INFO - Scraping 2564/6851: https://www.refurbed.de/p/hp-27-ca0701ng-all-in-one/
2025-09-28 02:56:43,799 - INFO - Scraping 2565/6851: https://www.refurbed.de/p/hp-27-ca1005ng-all-in-one/
2025-09-28 02:56:45,296 - INFO - Scraping 2566/6851: https://www.refurbed.de/p/hp-27-ca1700ng-all-in-one/
2025-09-28 02:56:47,013 - INFO - Scraping 2567/6851: https://www.refurbed.de/p/hp-27-cb0700ng-all-in-one/
2025-09-28 02:56:48,547 - INFO - Scraping 2568/6851: https://www.refurbed.de/p/hp-27-cr-0042na-all-in-one/
2025-09-28 02:56:49,971 - INFO - Scraping 2569/6851: https://www.refurbed.de/p/hp-27-cr-all-in-one-27/
2025-09-28 02:56:51,503 - INFO - Scraping 2570/6851: https://www.refurbed.de/p/hp-27-cr0001nc-all-in-one-27/
2025-09-28 02:56:53,037 - INFO - Scraping 2571/6851: https://www.refurbed.de/p/hp-27-cr0007ng-all-in-one-27/
2025-09-28 02:56:54,964 - INFO - Scraping 2572/6851: https://www.refurbed.de/p/hp-27-cr0701ng-all-in-one-27/
2025-09-28 02:56:56,534 - INFO - Scraping 2573/6851: https://www.refurbed.de/p/hp-27-dp0059ur-all-in-one/
2025-09-28 02:56:57,924 - INFO - Scraping 2574/6851: https://www.refurbed.de/p/hp-27-dp0106ng-all-in-one/
2025-09-28 02:56:59,420 - INFO - Scraping 2575/6851: https://www.refurbed.de/p/hp-27-dp1022na-all-in-one/
2025-09-28 02:57:00,879 - INFO - Scraping 2576/6851: https://www.refurbed.de/p/hp-27fw-27/
2025-09-28 02:57:02,245 - INFO - Scraping 2577/6851: https://www.refurbed.de/p/hp-280-g1-mt/
2025-09-28 02:57:02,714 - ERROR - Error fetching https://www.refurbed.de/p/hp-280-g1-mt/: 404 Client Error: Not Found for url: https://www.refurbed.de/p/hp-280-g1-mt/
2025-09-28 02:57:03,716 - INFO - Scraping 2578/6851: https://www.refurbed.de/p/hp-280-g2-mt/
2025-09-28 02:57:03,991 - ERROR - Error fetching https://www.refurbed.de/p/hp-280-g2-mt/: 404 Client Error: Not Found for url: https://www.refurbed.de/p/hp-280-g2-mt/
2025-09-28 02:57:04,993 - INFO - Scraping 2579/6851: https://www.refurbed.de/p/hp-290-g1-sff/
2025-09-28 02:57:05,466 - ERROR - Error fetching https://www.refurbed.de/p/hp-290-g1-sff/: 404 Client Error: Not Found for url: https://www.refurbed.de/p/hp-290-g1-sff/
2025-09-28 02:57:06,468 - INFO - Scraping 2580/6851: https://www.refurbed.de/p/hp-290-g2-mt/
2025-09-28 02:57:07,977 - INFO - Scraping 2581/6851: https://www.refurbed.de/p/hp-290-g3-mt/
2025-09-28 02:57:08,392 - ERROR - Error fetching https://www.refurbed.de/p/hp-290-g3-mt/: 404 Client Error: Not Found for url: https://www.refurbed.de/p/hp-290-g3-mt/
2025-09-28 02:57:09,394 - INFO - Scraping 2582/6851: https://www.refurbed.de/p/hp-290-g4-mt/
2025-09-28 02:57:10,946 - INFO - Scraping 2583/6851: https://www.refurbed.de/p/hp-3005pr-usb-3-0-port-repl-dock/
2025-09-28 02:57:12,501 - INFO - Scraping 2584/6851: https://www.refurbed.de/p/hp-320k/
2025-09-28 02:57:14,214 - INFO - Scraping 2585/6851: https://www.refurbed.de/p/hp-330/
2025-09-28 02:57:16,187 - INFO - Scraping 2586/6851: https://www.refurbed.de/p/hp-340s-g7-1035g1/
2025-09-28 02:57:17,693 - INFO - Scraping 2587/6851: https://www.refurbed.de/p/hp-340s-g7-1065g7/
2025-09-28 02:57:19,179 - INFO - Scraping 2588/6851: https://www.refurbed.de/p/hp-394900-001/
2025-09-28 02:57:20,775 - INFO - Scraping 2589/6851: https://www.refurbed.de/p/hp-460-a080na/
2025-09-28 02:57:21,085 - ERROR - Error fetching https://www.refurbed.de/p/hp-460-a080na/: 404 Client Error: Not Found for url: https://www.refurbed.de/p/hp-460-a080na/
2025-09-28 02:57:22,087 - INFO - Scraping 2590/6851: https://www.refurbed.de/p/hp-460-p035na/
2025-09-28 02:57:22,392 - ERROR - Error fetching https://www.refurbed.de/p/hp-460-p035na/: 404 Client Error: Not Found for url: https://www.refurbed.de/p/hp-460-p035na/
2025-09-28 02:57:23,394 - INFO - Scraping 2591/6851: https://www.refurbed.de/p/hp-463953-001/
2025-09-28 02:57:25,114 - INFO - Scraping 2592/6851: https://www.refurbed.de/p/hp-470-g10-i5-1335u/
2025-09-28 02:57:26,786 - INFO - Scraping 2593/6851: https://www.refurbed.de/p/hp-470-g10-i7-1355u-17-3/
2025-09-28 02:57:28,200 - INFO - Scraping 2594/6851: https://www.refurbed.de/p/hp-470-g7-i5-10210u-17/
2025-09-28 02:57:29,759 - INFO - Scraping 2595/6851: https://www.refurbed.de/p/hp-470-g8-i5-1135g7-17/
2025-09-28 02:57:31,507 - INFO - Scraping 2596/6851: https://www.refurbed.de/p/hp-470-g8-i7-1165g7-17/
2025-09-28 02:57:33,051 - INFO - Scraping 2597/6851: https://www.refurbed.de/p/hp-470-g9-i3-1215u/
2025-09-28 02:57:34,498 - INFO - Scraping 2598/6851: https://www.refurbed.de/p/hp-470-g9-i7-1255u-17/
2025-09-28 02:57:36,026 - INFO - Scraping 2599/6851: https://www.refurbed.de/p/hp-645-g11-ryzen-7-7735u-14/
2025-09-28 02:57:37,749 - INFO - Scraping 2600/6851: https://www.refurbed.de/p/hp-672647-002/
2025-09-28 02:57:39,276 - INFO - Scraping 2601/6851: https://www.refurbed.de/p/hp-672647-063/
2025-09-28 02:57:41,142 - INFO - Scraping 2602/6851: https://www.refurbed.de/p/hp-693707-001/
2025-09-28 02:57:42,648 - INFO - Scraping 2603/6851: https://www.refurbed.de/p/hp-693711-001/
2025-09-28 02:57:44,142 - INFO - Scraping 2604/6851: https://www.refurbed.de/p/hp-741727-001/
2025-09-28 02:57:45,898 - INFO - Scraping 2605/6851: https://www.refurbed.de/p/hp-756413-003/
2025-09-28 02:57:47,495 - INFO - Scraping 2606/6851: https://www.refurbed.de/p/hp-902990-003/
2025-09-28 02:57:49,002 - INFO - Scraping 2607/6851: https://www.refurbed.de/p/hp-active-pen-app-launch/
2025-09-28 02:57:50,472 - INFO - Scraping 2608/6851: https://www.refurbed.de/p/hp-active-pen/
2025-09-28 02:57:51,889 - INFO - Scraping 2609/6851: https://www.refurbed.de/p/hp-all-in-one-27-d0033nf/
2025-09-28 02:57:53,359 - INFO - Scraping 2610/6851: https://www.refurbed.de/p/hp-chromebook-11-g5-n3060/
2025-09-28 02:57:54,810 - INFO - Scraping 2611/6851: https://www.refurbed.de/p/hp-chromebook-11-g6-n3350/
2025-09-28 02:57:56,444 - INFO - Scraping 2612/6851: https://www.refurbed.de/p/hp-chromebook-11-g7-ee-n4000/
2025-09-28 02:57:57,955 - INFO - Scraping 2613/6851: https://www.refurbed.de/p/hp-chromebook-11-g8-ee-n4020/
2025-09-28 02:57:59,481 - INFO - Scraping 2614/6851: https://www.refurbed.de/p/hp-chromebook-11-g8-ee-n4120/
2025-09-28 02:58:01,010 - INFO - Scraping 2615/6851: https://www.refurbed.de/p/hp-chromebook-11-g9-sd-7c/
2025-09-28 02:58:02,496 - INFO - Scraping 2616/6851: https://www.refurbed.de/p/hp-chromebook-14-g1-2955u/
2025-09-28 02:58:03,959 - INFO - Scraping 2617/6851: https://www.refurbed.de/p/hp-chromebook-14-g4-n2940/
2025-09-28 02:58:05,522 - INFO - Scraping 2618/6851: https://www.refurbed.de/p/hp-chromebook-14a-g5-a4-9120c-14/
2025-09-28 02:58:07,190 - INFO - Scraping 2619/6851: https://www.refurbed.de/p/hp-chromebook-14a-n4020-14/
2025-09-28 02:58:08,715 - INFO - Scraping 2620/6851: https://www.refurbed.de/p/hp-chromebook-14a-n5030-14/
2025-09-28 02:58:10,134 - INFO - Scraping 2621/6851: https://www.refurbed.de/p/hp-chromebook-14b-na0700nd/
2025-09-28 02:58:11,600 - INFO - Scraping 2622/6851: https://www.refurbed.de/p/hp-chromebook-15a-nb0000ns-i3-n3/
2025-09-28 02:58:13,273 - INFO - Scraping 2623/6851: https://www.refurbed.de/p/hp-chromebook-c640-10310u/
2025-09-28 02:58:14,727 - INFO - Scraping 2624/6851: https://www.refurbed.de/p/hp-chromebook-x360-11-g3-ee-4020/
2025-09-28 02:58:16,159 - INFO - Scraping 2625/6851: https://www.refurbed.de/p/hp-chromebook-x360-14-g1-8350u/
2025-09-28 02:58:18,070 - INFO - Scraping 2626/6851: https://www.refurbed.de/p/hp-chromebook-x360-14-g1-8650u/
2025-09-28 02:58:19,781 - INFO - Scraping 2627/6851: https://www.refurbed.de/p/hp-chromebook-x360-14b-n6000/
2025-09-28 02:58:21,301 - INFO - Scraping 2628/6851: https://www.refurbed.de/p/hp-chromebook-x360-14c-ca0700nd/
2025-09-28 02:58:23,059 - INFO - Scraping 2629/6851: https://www.refurbed.de/p/hp-col-lj-ep-mgd-mfp-m880zm-plus/
2025-09-28 02:58:24,785 - INFO - Scraping 2630/6851: https://www.refurbed.de/p/hp-colo-lj-enterprise-mfp-m680dn/
2025-09-28 02:58:26,341 - INFO - Scraping 2631/6851: https://www.refurbed.de/p/hp-color-laserjet-cm1415fnw/
2025-09-28 02:58:27,998 - INFO - Scraping 2632/6851: https://www.refurbed.de/p/hp-color-laserjet-cp2025n-farbla/
2025-09-28 02:58:29,582 - INFO - Scraping 2633/6851: https://www.refurbed.de/p/hp-color-laserjet-e55040dw/
2025-09-28 02:58:31,943 - INFO - Scraping 2634/6851: https://www.refurbed.de/p/hp-color-laserjet-entprs-m553/
2025-09-28 02:58:33,669 - INFO - Scraping 2635/6851: https://www.refurbed.de/p/hp-color-laserjet-m553xm/
2025-09-28 02:58:35,220 - INFO - Scraping 2636/6851: https://www.refurbed.de/p/hp-color-laserjet-m577f-mfp/
2025-09-28 02:58:36,849 - INFO - Scraping 2637/6851: https://www.refurbed.de/p/hp-color-laserjet-managed-e87640/
2025-09-28 02:58:38,408 - INFO - Scraping 2638/6851: https://www.refurbed.de/p/hp-color-laserjet-managed-e87650/
2025-09-28 02:58:39,894 - INFO - Scraping 2639/6851: https://www.refurbed.de/p/hp-color-laserjet-managed-e87660/
2025-09-28 02:58:41,734 - INFO - Scraping 2640/6851: https://www.refurbed.de/p/hp-color-laserjet-pro-m252dw/
2025-09-28 02:58:43,305 - INFO - Scraping 2641/6851: https://www.refurbed.de/p/hp-color-laserjet-pro-m452dn/
2025-09-28 02:58:44,948 - INFO - Scraping 2642/6851: https://www.refurbed.de/p/hp-color-laserjet-pro-m454dn/
2025-09-28 02:58:46,394 - INFO - Scraping 2643/6851: https://www.refurbed.de/p/hp-color-laserjet-pro-mfp-m176n-/
2025-09-28 02:58:47,972 - INFO - Scraping 2644/6851: https://www.refurbed.de/p/hp-color-laserjet-pro-mfp-m183fw/
2025-09-28 02:58:49,452 - INFO - Scraping 2645/6851: https://www.refurbed.de/p/hp-color-laserjet-pro-mfp-m476dw/
2025-09-28 02:58:51,292 - INFO - Scraping 2646/6851: https://www.refurbed.de/p/hp-color-lj-enterpris-mfp-m577cm/
2025-09-28 02:58:53,249 - INFO - Scraping 2647/6851: https://www.refurbed.de/p/hp-color-lj-enterprise-m552dn/
2025-09-28 02:58:54,692 - INFO - Scraping 2648/6851: https://www.refurbed.de/p/hp-color-lj-enterprise-m555dn/
2025-09-28 02:58:56,241 - INFO - Scraping 2649/6851: https://www.refurbed.de/p/hp-color-lj-managed-mfp-e57540/
2025-09-28 02:58:57,905 - INFO - Scraping 2650/6851: https://www.refurbed.de/p/hp-color-lj-managed-mfp-e77825/
2025-09-28 02:58:59,320 - INFO - Scraping 2651/6851: https://www.refurbed.de/p/hp-color-lj-managed-mfp-e77830dn/
2025-09-28 02:59:00,939 - INFO - Scraping 2652/6851: https://www.refurbed.de/p/hp-color-lj-managed-mfp-e78330dn/
2025-09-28 02:59:02,570 - INFO - Scraping 2653/6851: https://www.refurbed.de/p/hp-color-lj-pro-mfp-m281fdw/
2025-09-28 02:59:04,198 - INFO - Scraping 2654/6851: https://www.refurbed.de/p/hp-color-lj-pro-mfp-m283fdw/
2025-09-28 02:59:06,136 - INFO - Scraping 2655/6851: https://www.refurbed.de/p/hp-color-lj-pro-mfp-m477fdn/
2025-09-28 02:59:07,964 - INFO - Scraping 2656/6851: https://www.refurbed.de/p/hp-color-lj-pro-mfp-m477fdw/
2025-09-28 02:59:09,484 - INFO - Scraping 2657/6851: https://www.refurbed.de/p/hp-color-lj-pro-mfp-m479fdn/
2025-09-28 02:59:10,946 - INFO - Scraping 2658/6851: https://www.refurbed.de/p/hp-color-lj-pro-mfp-m479fdw/
2025-09-28 02:59:12,511 - INFO - Scraping 2659/6851: https://www.refurbed.de/p/hp-compaq-elite-8200-usdt/
2025-09-28 02:59:13,123 - ERROR - Error fetching https://www.refurbed.de/p/hp-compaq-elite-8200-usdt/: 404 Client Error: Not Found for url: https://www.refurbed.de/p/hp-compaq-elite-8200-usdt/
2025-09-28 02:59:14,125 - INFO - Scraping 2660/6851: https://www.refurbed.de/p/hp-compaq-la-2205wg/
2025-09-28 02:59:15,600 - INFO - Scraping 2661/6851: https://www.refurbed.de/p/hp-compaq-la2006x/
2025-09-28 02:59:17,114 - INFO - Scraping 2662/6851: https://www.refurbed.de/p/hp-compaq-la2205wg/
2025-09-28 02:59:18,630 - INFO - Scraping 2663/6851: https://www.refurbed.de/p/hp-compaq-la2405wg/
2025-09-28 02:59:20,247 - INFO - Scraping 2664/6851: https://www.refurbed.de/p/hp-compaq-la2405x/
2025-09-28 02:59:21,807 - INFO - Scraping 2665/6851: https://www.refurbed.de/p/hp-desktop-m01-mt/
2025-09-28 02:59:23,408 - INFO - Scraping 2666/6851: https://www.refurbed.de/p/hp-dragonfly-g3-folio-1255u/
2025-09-28 02:59:25,046 - INFO - Scraping 2667/6851: https://www.refurbed.de/p/hp-dragonfly-g3-folio-i5-1245u/
2025-09-28 02:59:26,632 - INFO - Scraping 2668/6851: https://www.refurbed.de/p/hp-dreamcolor-z27x-27/
2025-09-28 02:59:28,246 - INFO - Scraping 2669/6851: https://www.refurbed.de/p/hp-e22-g4/
2025-09-28 02:59:29,707 - INFO - Scraping 2670/6851: https://www.refurbed.de/p/hp-e23-g4-23/
2025-09-28 02:59:31,522 - INFO - Scraping 2671/6851: https://www.refurbed.de/p/hp-e24-g4-24/
2025-09-28 02:59:33,140 - INFO - Scraping 2672/6851: https://www.refurbed.de/p/hp-e24-g5-23-8/
2025-09-28 02:59:34,638 - INFO - Scraping 2673/6851: https://www.refurbed.de/p/hp-e24i-g4/
2025-09-28 02:59:36,445 - INFO - Scraping 2674/6851: https://www.refurbed.de/p/hp-e24m-g4-23-8/
2025-09-28 02:59:37,972 - INFO - Scraping 2675/6851: https://www.refurbed.de/p/hp-e24mv-g4-23-8/
2025-09-28 02:59:39,520 - INFO - Scraping 2676/6851: https://www.refurbed.de/p/hp-e24q-g4/
2025-09-28 02:59:40,977 - INFO - Scraping 2677/6851: https://www.refurbed.de/p/hp-e24q-g5-23-8/
2025-09-28 02:59:42,460 - INFO - Scraping 2678/6851: https://www.refurbed.de/p/hp-e24t-g5-23-8/
2025-09-28 02:59:44,096 - INFO - Scraping 2679/6851: https://www.refurbed.de/p/hp-e24u-g4-23-8/
2025-09-28 02:59:45,597 - INFO - Scraping 2680/6851: https://www.refurbed.de/p/hp-e24u-g5-23-8/
2025-09-28 02:59:47,125 - INFO - Scraping 2681/6851: https://www.refurbed.de/p/hp-e27-g4-27/
2025-09-28 02:59:48,879 - INFO - Scraping 2682/6851: https://www.refurbed.de/p/hp-e27d-g4-27/
2025-09-28 02:59:50,442 - INFO - Scraping 2683/6851: https://www.refurbed.de/p/hp-e27m-g4-27/
2025-09-28 02:59:51,891 - INFO - Scraping 2684/6851: https://www.refurbed.de/p/hp-e27q-g4-27/
2025-09-28 02:59:53,391 - INFO - Scraping 2685/6851: https://www.refurbed.de/p/hp-e27q-g5-27/
2025-09-28 02:59:55,064 - INFO - Scraping 2686/6851: https://www.refurbed.de/p/hp-e27u-g5-27/
2025-09-28 02:59:56,621 - INFO - Scraping 2687/6851: https://www.refurbed.de/p/hp-e32k-g5-31-5/
2025-09-28 02:59:58,272 - INFO - Scraping 2688/6851: https://www.refurbed.de/p/hp-e34m-g4-34/
2025-09-28 02:59:59,614 - INFO - Scraping 2689/6851: https://www.refurbed.de/p/hp-e45c-g5-dqhd-curved-44-5/
2025-09-28 03:00:01,073 - INFO - Scraping 2690/6851: https://www.refurbed.de/p/hp-eb--725-g3-a10-pro-8700b/
2025-09-28 03:00:01,378 - ERROR - Error fetching https://www.refurbed.de/p/hp-eb--725-g3-a10-pro-8700b/: 404 Client Error: Not Found for url: https://www.refurbed.de/p/hp-eb--725-g3-a10-pro-8700b/
2025-09-28 03:00:02,381 - INFO - Scraping 2691/6851: https://www.refurbed.de/p/hp-eb-630-g11-ultra-5-125u/
2025-09-28 03:00:03,875 - INFO - Scraping 2692/6851: https://www.refurbed.de/p/hp-eb-630-g11-ultra-5-135u/
2025-09-28 03:00:05,549 - INFO - Scraping 2693/6851: https://www.refurbed.de/p/hp-eb-645-g10-r5-pro-7530u/
2025-09-28 03:00:07,026 - INFO - Scraping 2694/6851: https://www.refurbed.de/p/hp-eb-645-g10-ryzen-7-7730u/
2025-09-28 03:00:08,618 - INFO - Scraping 2695/6851: https://www.refurbed.de/p/hp-eb-660-g11-ultra-5-135u/
2025-09-28 03:00:10,504 - INFO - Scraping 2696/6851: https://www.refurbed.de/p/hp-eb-660-g11-ultra-7-155u/
2025-09-28 03:00:20,974 - ERROR - Error fetching https://www.refurbed.de/p/hp-eb-660-g11-ultra-7-155u/: 500 Server Error: Internal Server Error for url: https://www.refurbed.de/p/hp-eb-660-g11-ultra-7-155u/
2025-09-28 03:00:21,977 - INFO - Scraping 2697/6851: https://www.refurbed.de/p/hp-eb-725-g3-a12-pro-8800b/
2025-09-28 03:00:22,273 - ERROR - Error fetching https://www.refurbed.de/p/hp-eb-725-g3-a12-pro-8800b/: 404 Client Error: Not Found for url: https://www.refurbed.de/p/hp-eb-725-g3-a12-pro-8800b/
2025-09-28 03:00:23,275 - INFO - Scraping 2698/6851: https://www.refurbed.de/p/hp-eb-830-g5-7200u/
2025-09-28 03:00:23,575 - ERROR - Error fetching https://www.refurbed.de/p/hp-eb-830-g5-7200u/: 404 Client Error: Not Found for url: https://www.refurbed.de/p/hp-eb-830-g5-7200u/
2025-09-28 03:00:24,577 - INFO - Scraping 2699/6851: https://www.refurbed.de/p/hp-eb-830-g5-7300u/
2025-09-28 03:00:24,875 - ERROR - Error fetching https://www.refurbed.de/p/hp-eb-830-g5-7300u/: 404 Client Error: Not Found for url: https://www.refurbed.de/p/hp-eb-830-g5-7300u/
2025-09-28 03:00:25,876 - INFO - Scraping 2700/6851: https://www.refurbed.de/p/hp-eb-830-g5-8250u/
2025-09-28 03:00:27,733 - INFO - Scraping 2701/6851: https://www.refurbed.de/p/hp-eb-830-g5-8350u/
2025-09-28 03:00:38,205 - ERROR - Error fetching https://www.refurbed.de/p/hp-eb-830-g5-8350u/: 500 Server Error: Internal Server Error for url: https://www.refurbed.de/p/hp-eb-830-g5-8350u/
2025-09-28 03:00:39,208 - INFO - Scraping 2702/6851: https://www.refurbed.de/p/hp-eb-830-g5-8550u/
2025-09-28 03:00:41,186 - INFO - Scraping 2703/6851: https://www.refurbed.de/p/hp-eb-830-g5-8650u/
2025-09-28 03:00:42,977 - INFO - Scraping 2704/6851: https://www.refurbed.de/p/hp-eb-830-g5-i5-7300u/
2025-09-28 03:00:43,269 - ERROR - Error fetching https://www.refurbed.de/p/hp-eb-830-g5-i5-7300u/: 404 Client Error: Not Found for url: https://www.refurbed.de/p/hp-eb-830-g5-i5-7300u/
2025-09-28 03:00:44,271 - INFO - Scraping 2705/6851: https://www.refurbed.de/p/hp-eb-830-g6-8365u/
2025-09-28 03:00:46,041 - INFO - Scraping 2706/6851: https://www.refurbed.de/p/hp-eb-830-g6-i7-8565u-13-3/
2025-09-28 03:00:47,611 - INFO - Scraping 2707/6851: https://www.refurbed.de/p/hp-eb-830-g6-i7-8665u-13-3/
2025-09-28 03:00:49,207 - INFO - Scraping 2708/6851: https://www.refurbed.de/p/hp-eb-830-g8-1135g7/
2025-09-28 03:00:50,815 - INFO - Scraping 2709/6851: https://www.refurbed.de/p/hp-eb-830-g8-1185g7-13-3/
2025-09-28 03:00:52,334 - INFO - Scraping 2710/6851: https://www.refurbed.de/p/hp-eb-830-g8-i7-1165g7/
2025-09-28 03:00:54,016 - INFO - Scraping 2711/6851: https://www.refurbed.de/p/hp-eb-835-g11-ryzen-5-8540u-13-3/
2025-09-28 03:00:55,691 - INFO - Scraping 2712/6851: https://www.refurbed.de/p/hp-eb-835-g11-ryzen-7-8840u-13-3/
2025-09-28 03:00:57,329 - INFO - Scraping 2713/6851: https://www.refurbed.de/p/hp-eb-835-g7-r5-pro-4450u-13-3/
2025-09-28 03:01:00,363 - INFO - Scraping 2714/6851: https://www.refurbed.de/p/hp-eb-835-g7-r5-pro-4650u-13-3/
2025-09-28 03:01:01,782 - INFO - Scraping 2715/6851: https://www.refurbed.de/p/hp-eb-835-g9-r5-pro-6650u/
2025-09-28 03:01:03,383 - INFO - Scraping 2716/6851: https://www.refurbed.de/p/hp-eb-845-g10-r5-pro-7545u/
2025-09-28 03:01:05,134 - INFO - Scraping 2717/6851: https://www.refurbed.de/p/hp-eb-845-g10-r7-pro-7840hs-14/
2025-09-28 03:01:06,826 - INFO - Scraping 2718/6851: https://www.refurbed.de/p/hp-eb-845-g11-ryzen-5-pro-8540u/
2025-09-28 03:01:08,354 - INFO - Scraping 2719/6851: https://www.refurbed.de/p/hp-eb-845-g11-ryzen-7-8840u-14/
2025-09-28 03:01:10,092 - INFO - Scraping 2720/6851: https://www.refurbed.de/p/hp-eb-865-g10-r-5-pro-7545u/
2025-09-28 03:01:11,933 - INFO - Scraping 2721/6851: https://www.refurbed.de/p/hp-eb-865-g11-r7-pro-8840hs-16/
2025-09-28 03:01:13,984 - INFO - Scraping 2722/6851: https://www.refurbed.de/p/hp-eb-865-g11-ryzen-7-8840u-16/
2025-09-28 03:01:15,491 - INFO - Scraping 2723/6851: https://www.refurbed.de/p/hp-eb-revolve-810-g2-i5-4300u/
2025-09-28 03:01:15,756 - ERROR - Error fetching https://www.refurbed.de/p/hp-eb-revolve-810-g2-i5-4300u/: 404 Client Error: Not Found for url: https://www.refurbed.de/p/hp-eb-revolve-810-g2-i5-4300u/
2025-09-28 03:01:16,758 - INFO - Scraping 2724/6851: https://www.refurbed.de/p/hp-eb-revolve-810-g3-5200u/
2025-09-28 03:01:17,377 - ERROR - Error fetching https://www.refurbed.de/p/hp-eb-revolve-810-g3-5200u/: 404 Client Error: Not Found for url: https://www.refurbed.de/p/hp-eb-revolve-810-g3-5200u/
2025-09-28 03:01:18,379 - INFO - Scraping 2725/6851: https://www.refurbed.de/p/hp-eb-revolve-810-g3-5300u/
2025-09-28 03:01:18,779 - ERROR - Error fetching https://www.refurbed.de/p/hp-eb-revolve-810-g3-5300u/: 404 Client Error: Not Found for url: https://www.refurbed.de/p/hp-eb-revolve-810-g3-5300u/
2025-09-28 03:01:19,781 - INFO - Scraping 2726/6851: https://www.refurbed.de/p/hp-eb-x360-1040-g10-i7-1355u/
2025-09-28 03:01:21,305 - INFO - Scraping 2727/6851: https://www.refurbed.de/p/hp-elite-830-x360-g10-i5-1355u/
2025-09-28 03:01:22,988 - INFO - Scraping 2728/6851: https://www.refurbed.de/p/hp-elite-830-x360-g10-i7-1355u/
2025-09-28 03:01:24,648 - INFO - Scraping 2729/6851: https://www.refurbed.de/p/hp-elite-830-x360-g11-7-155u/
2025-09-28 03:01:26,249 - INFO - Scraping 2730/6851: https://www.refurbed.de/p/hp-elite-830-x360-g9-i5-1245u/
2025-09-28 03:01:28,904 - INFO - Scraping 2731/6851: https://www.refurbed.de/p/hp-elite-830-x360-g9-i7-1255u/
2025-09-28 03:01:30,389 - INFO - Scraping 2732/6851: https://www.refurbed.de/p/hp-elite-c1030-chromebook-i3/
2025-09-28 03:01:31,933 - INFO - Scraping 2733/6851: https://www.refurbed.de/p/hp-elite-dragonfly-8265u-13-3/
2025-09-28 03:01:33,459 - INFO - Scraping 2734/6851: https://www.refurbed.de/p/hp-elite-dragonfly-8365u-13-3/
2025-09-28 03:01:33,736 - ERROR - Error fetching https://www.refurbed.de/p/hp-elite-dragonfly-8365u-13-3/: 404 Client Error: Not Found for url: https://www.refurbed.de/p/hp-elite-dragonfly-8365u-13-3/
2025-09-28 03:01:34,738 - INFO - Scraping 2735/6851: https://www.refurbed.de/p/hp-elite-dragonfly-g2-1135g7-13/
2025-09-28 03:01:36,824 - INFO - Scraping 2736/6851: https://www.refurbed.de/p/hp-elite-dragonfly-g2-i5-1145g7/
2025-09-28 03:01:38,447 - INFO - Scraping 2737/6851: https://www.refurbed.de/p/hp-elite-dragonfly-g2-i7-1165g7/
2025-09-28 03:01:40,429 - INFO - Scraping 2738/6851: https://www.refurbed.de/p/hp-elite-dragonfly-g2-i7-1185g7/
2025-09-28 03:01:42,190 - INFO - Scraping 2739/6851: https://www.refurbed.de/p/hp-elite-dragonfly-g3-1255u-13-5/
2025-09-28 03:01:44,119 - INFO - Scraping 2740/6851: https://www.refurbed.de/p/hp-elite-dragonfly-g3-i5-1235u/
2025-09-28 03:01:47,299 - INFO - Scraping 2741/6851: https://www.refurbed.de/p/hp-elite-dragonfly-g3-i7-1265u/
2025-09-28 03:01:48,947 - INFO - Scraping 2742/6851: https://www.refurbed.de/p/hp-elite-dragonfly-g4-i5-1335u/
2025-09-28 03:01:50,804 - INFO - Scraping 2743/6851: https://www.refurbed.de/p/hp-elite-dragonfly-g4-i5-1345u/
2025-09-28 03:01:52,689 - INFO - Scraping 2744/6851: https://www.refurbed.de/p/hp-elite-dragonfly-g4-i7-1355u/
2025-09-28 03:01:54,629 - INFO - Scraping 2745/6851: https://www.refurbed.de/p/hp-elite-dragonfly-g4-i7-1365u/
2025-09-28 03:01:56,235 - INFO - Scraping 2746/6851: https://www.refurbed.de/p/hp-elite-dragonfly-i7-8565u-13-3/
2025-09-28 03:01:57,892 - INFO - Scraping 2747/6851: https://www.refurbed.de/p/hp-elite-dragonfly-max-i7-1165g7/
2025-09-28 03:01:59,344 - INFO - Scraping 2748/6851: https://www.refurbed.de/p/hp-elite-mini-600-g9/
2025-09-28 03:02:00,840 - INFO - Scraping 2749/6851: https://www.refurbed.de/p/hp-elite-mini-800-g9/
2025-09-28 03:02:02,555 - INFO - Scraping 2750/6851: https://www.refurbed.de/p/hp-elite-sff-600-g9/
2025-09-28 03:02:04,837 - INFO - Scraping 2751/6851: https://www.refurbed.de/p/hp-elite-slice/
2025-09-28 03:02:05,183 - ERROR - Error fetching https://www.refurbed.de/p/hp-elite-slice/: 404 Client Error: Not Found for url: https://www.refurbed.de/p/hp-elite-slice/
2025-09-28 03:02:06,185 - INFO - Scraping 2752/6851: https://www.refurbed.de/p/hp-elite-x2-1012-g1-m5-6y54/
2025-09-28 03:02:06,548 - ERROR - Error fetching https://www.refurbed.de/p/hp-elite-x2-1012-g1-m5-6y54/: 404 Client Error: Not Found for url: https://www.refurbed.de/p/hp-elite-x2-1012-g1-m5-6y54/
2025-09-28 03:02:07,550 - INFO - Scraping 2753/6851: https://www.refurbed.de/p/hp-elite-x2-1012-g1-m5-6y57/
2025-09-28 03:02:07,820 - ERROR - Error fetching https://www.refurbed.de/p/hp-elite-x2-1012-g1-m5-6y57/: 404 Client Error: Not Found for url: https://www.refurbed.de/p/hp-elite-x2-1012-g1-m5-6y57/
2025-09-28 03:02:08,822 - INFO - Scraping 2754/6851: https://www.refurbed.de/p/hp-elite-x2-1012-g1-m7-6y75/
2025-09-28 03:02:09,165 - ERROR - Error fetching https://www.refurbed.de/p/hp-elite-x2-1012-g1-m7-6y75/: 404 Client Error: Not Found for url: https://www.refurbed.de/p/hp-elite-x2-1012-g1-m7-6y75/
2025-09-28 03:02:10,167 - INFO - Scraping 2755/6851: https://www.refurbed.de/p/hp-elite-x2-1012-g2-7200u/
2025-09-28 03:02:10,464 - ERROR - Error fetching https://www.refurbed.de/p/hp-elite-x2-1012-g2-7200u/: 404 Client Error: Not Found for url: https://www.refurbed.de/p/hp-elite-x2-1012-g2-7200u/
2025-09-28 03:02:11,466 - INFO - Scraping 2756/6851: https://www.refurbed.de/p/hp-elite-x2-1012-g2-7300u/
2025-09-28 03:02:11,912 - ERROR - Error fetching https://www.refurbed.de/p/hp-elite-x2-1012-g2-7300u/: 404 Client Error: Not Found for url: https://www.refurbed.de/p/hp-elite-x2-1012-g2-7300u/
2025-09-28 03:02:12,914 - INFO - Scraping 2757/6851: https://www.refurbed.de/p/hp-elite-x2-1012-g2-7500u/
2025-09-28 03:02:13,201 - ERROR - Error fetching https://www.refurbed.de/p/hp-elite-x2-1012-g2-7500u/: 404 Client Error: Not Found for url: https://www.refurbed.de/p/hp-elite-x2-1012-g2-7500u/
2025-09-28 03:02:14,204 - INFO - Scraping 2758/6851: https://www.refurbed.de/p/hp-elite-x2-1012-g2-7600u/
2025-09-28 03:02:14,985 - ERROR - Error fetching https://www.refurbed.de/p/hp-elite-x2-1012-g2-7600u/: 404 Client Error: Not Found for url: https://www.refurbed.de/p/hp-elite-x2-1012-g2-7600u/
2025-09-28 03:02:15,987 - INFO - Scraping 2759/6851: https://www.refurbed.de/p/hp-elite-x2-1012-g2-m5-6y57/
2025-09-28 03:02:16,286 - ERROR - Error fetching https://www.refurbed.de/p/hp-elite-x2-1012-g2-m5-6y57/: 404 Client Error: Not Found for url: https://www.refurbed.de/p/hp-elite-x2-1012-g2-m5-6y57/
2025-09-28 03:02:17,288 - INFO - Scraping 2760/6851: https://www.refurbed.de/p/hp-elite-x2-1013-g3-8250u/
2025-09-28 03:02:18,979 - INFO - Scraping 2761/6851: https://www.refurbed.de/p/hp-elite-x2-1013-g3-8350u/
2025-09-28 03:02:20,368 - INFO - Scraping 2762/6851: https://www.refurbed.de/p/hp-elite-x2-1013-g3-8650u/
2025-09-28 03:02:21,870 - INFO - Scraping 2763/6851: https://www.refurbed.de/p/hp-elite-x2-1013-g3-i3-8130u/
2025-09-28 03:02:22,132 - ERROR - Error fetching https://www.refurbed.de/p/hp-elite-x2-1013-g3-i3-8130u/: 404 Client Error: Not Found for url: https://www.refurbed.de/p/hp-elite-x2-1013-g3-i3-8130u/
2025-09-28 03:02:23,134 - INFO - Scraping 2764/6851: https://www.refurbed.de/p/hp-elite-x2-1013-g3-i7-8550u/
2025-09-28 03:02:24,678 - INFO - Scraping 2765/6851: https://www.refurbed.de/p/hp-elite-x2-210-g2-x5-z8350/
2025-09-28 03:02:25,065 - ERROR - Error fetching https://www.refurbed.de/p/hp-elite-x2-210-g2-x5-z8350/: 404 Client Error: Not Found for url: https://www.refurbed.de/p/hp-elite-x2-210-g2-x5-z8350/
2025-09-28 03:02:26,067 - INFO - Scraping 2766/6851: https://www.refurbed.de/p/hp-elite-x2-612-g2-i5-7y54/
2025-09-28 03:02:26,329 - ERROR - Error fetching https://www.refurbed.de/p/hp-elite-x2-612-g2-i5-7y54/: 404 Client Error: Not Found for url: https://www.refurbed.de/p/hp-elite-x2-612-g2-i5-7y54/
2025-09-28 03:02:27,331 - INFO - Scraping 2767/6851: https://www.refurbed.de/p/hp-elite-x2-612-g2-i5-7y57/
2025-09-28 03:02:27,615 - ERROR - Error fetching https://www.refurbed.de/p/hp-elite-x2-612-g2-i5-7y57/: 404 Client Error: Not Found for url: https://www.refurbed.de/p/hp-elite-x2-612-g2-i5-7y57/
2025-09-28 03:02:28,617 - INFO - Scraping 2768/6851: https://www.refurbed.de/p/hp-elite-x2-612-g2-m3-7y30/
2025-09-28 03:02:28,950 - ERROR - Error fetching https://www.refurbed.de/p/hp-elite-x2-612-g2-m3-7y30/: 404 Client Error: Not Found for url: https://www.refurbed.de/p/hp-elite-x2-612-g2-m3-7y30/
2025-09-28 03:02:29,952 - INFO - Scraping 2769/6851: https://www.refurbed.de/p/hp-elite-x2-612-g2-m5-6y54/
2025-09-28 03:02:30,235 - ERROR - Error fetching https://www.refurbed.de/p/hp-elite-x2-612-g2-m5-6y54/: 404 Client Error: Not Found for url: https://www.refurbed.de/p/hp-elite-x2-612-g2-m5-6y54/
2025-09-28 03:02:31,237 - INFO - Scraping 2770/6851: https://www.refurbed.de/p/hp-elite-x2-g4-8265u/
2025-09-28 03:02:32,820 - INFO - Scraping 2771/6851: https://www.refurbed.de/p/hp-elite-x2-g4-8365u/
2025-09-28 03:02:34,194 - INFO - Scraping 2772/6851: https://www.refurbed.de/p/hp-elite-x2-g4-8665u-13/
2025-09-28 03:02:35,829 - INFO - Scraping 2773/6851: https://www.refurbed.de/p/hp-elite-x2-g4-lte-8265u-13/
2025-09-28 03:02:36,241 - ERROR - Error fetching https://www.refurbed.de/p/hp-elite-x2-g4-lte-8265u-13/: 404 Client Error: Not Found for url: https://www.refurbed.de/p/hp-elite-x2-g4-lte-8265u-13/
2025-09-28 03:02:37,244 - INFO - Scraping 2774/6851: https://www.refurbed.de/p/hp-elite-x2-g8-1145g7/
2025-09-28 03:02:38,999 - INFO - Scraping 2775/6851: https://www.refurbed.de/p/hp-elite-x2-g8-i3-1125g4/
2025-09-28 03:02:40,919 - INFO - Scraping 2776/6851: https://www.refurbed.de/p/hp-elite-x2-g8-i5-1135g7/
2025-09-28 03:02:42,319 - INFO - Scraping 2777/6851: https://www.refurbed.de/p/hp-elite-x2-tpa-b01/
2025-09-28 03:02:43,785 - INFO - Scraping 2778/6851: https://www.refurbed.de/p/hp-elite-x3/
2025-09-28 03:02:44,060 - ERROR - Error fetching https://www.refurbed.de/p/hp-elite-x3/: 404 Client Error: Not Found for url: https://www.refurbed.de/p/hp-elite-x3/
2025-09-28 03:02:45,063 - INFO - Scraping 2779/6851: https://www.refurbed.de/p/hp-elite-x360-1040-g10-i5-1355u/
2025-09-28 03:02:46,875 - INFO - Scraping 2780/6851: https://www.refurbed.de/p/hp-elite-x360-1040-g10-i7-1355u/
2025-09-28 03:02:48,358 - INFO - Scraping 2781/6851: https://www.refurbed.de/p/hp-elite-x360-1040-g11-7-165h/
2025-09-28 03:02:49,866 - INFO - Scraping 2782/6851: https://www.refurbed.de/p/hp-elitebook-1030-g1-m5-6y54-13/
2025-09-28 03:02:50,106 - ERROR - Error fetching https://www.refurbed.de/p/hp-elitebook-1030-g1-m5-6y54-13/: 404 Client Error: Not Found for url: https://www.refurbed.de/p/hp-elitebook-1030-g1-m5-6y54-13/
2025-09-28 03:02:51,108 - INFO - Scraping 2783/6851: https://www.refurbed.de/p/hp-elitebook-1030-g1-m7-6y75-13/
2025-09-28 03:02:51,433 - ERROR - Error fetching https://www.refurbed.de/p/hp-elitebook-1030-g1-m7-6y75-13/: 404 Client Error: Not Found for url: https://www.refurbed.de/p/hp-elitebook-1030-g1-m7-6y75-13/
2025-09-28 03:02:52,436 - INFO - Scraping 2784/6851: https://www.refurbed.de/p/hp-elitebook-1040-g10-1360p-14/
2025-09-28 03:02:54,228 - INFO - Scraping 2785/6851: https://www.refurbed.de/p/hp-elitebook-1040-g10-1365u-14/
2025-09-28 03:02:55,812 - INFO - Scraping 2786/6851: https://www.refurbed.de/p/hp-elitebook-1040-g10-i5-1335u/
2025-09-28 03:02:57,269 - INFO - Scraping 2787/6851: https://www.refurbed.de/p/hp-elitebook-1040-g10-i7-1355u/
2025-09-28 03:02:59,035 - INFO - Scraping 2788/6851: https://www.refurbed.de/p/hp-elitebook-1040-g4-7300u-14/
2025-09-28 03:02:59,658 - ERROR - Error fetching https://www.refurbed.de/p/hp-elitebook-1040-g4-7300u-14/: 404 Client Error: Not Found for url: https://www.refurbed.de/p/hp-elitebook-1040-g4-7300u-14/
2025-09-28 03:03:00,661 - INFO - Scraping 2789/6851: https://www.refurbed.de/p/hp-elitebook-1040-g4-i5-7200u/
2025-09-28 03:03:00,984 - ERROR - Error fetching https://www.refurbed.de/p/hp-elitebook-1040-g4-i5-7200u/: 404 Client Error: Not Found for url: https://www.refurbed.de/p/hp-elitebook-1040-g4-i5-7200u/
2025-09-28 03:03:01,986 - INFO - Scraping 2790/6851: https://www.refurbed.de/p/hp-elitebook-1040-g4-i7-7820hq/
2025-09-28 03:03:03,475 - INFO - Scraping 2791/6851: https://www.refurbed.de/p/hp-elitebook-1040-g9-1255u/
2025-09-28 03:03:05,044 - INFO - Scraping 2792/6851: https://www.refurbed.de/p/hp-elitebook-1040-g9-i5-1235u/
2025-09-28 03:03:06,632 - INFO - Scraping 2793/6851: https://www.refurbed.de/p/hp-elitebook-1040-g9-i5-1245u/
2025-09-28 03:03:08,544 - INFO - Scraping 2794/6851: https://www.refurbed.de/p/hp-elitebook-1040-g9-i7-1265u/
2025-09-28 03:03:10,062 - INFO - Scraping 2795/6851: https://www.refurbed.de/p/hp-elitebook-1050-g1-8750h/
2025-09-28 03:03:11,615 - INFO - Scraping 2796/6851: https://www.refurbed.de/p/hp-elitebook-1050-g1-i7-8850h/
2025-09-28 03:03:13,237 - INFO - Scraping 2797/6851: https://www.refurbed.de/p/hp-elitebook-630-g10-1335u-13/
2025-09-28 03:03:14,671 - INFO - Scraping 2798/6851: https://www.refurbed.de/p/hp-elitebook-630-g10-i7-1355u/
2025-09-28 03:03:16,309 - INFO - Scraping 2799/6851: https://www.refurbed.de/p/hp-elitebook-630-g9-1235u-13-3/
2025-09-28 03:03:17,909 - INFO - Scraping 2800/6851: https://www.refurbed.de/p/hp-elitebook-630-g9-1245u-13-3/
2025-09-28 03:03:19,507 - INFO - Scraping 2801/6851: https://www.refurbed.de/p/hp-elitebook-630-g9-1255u-13-3/
2025-09-28 03:03:21,314 - INFO - Scraping 2802/6851: https://www.refurbed.de/p/hp-elitebook-630-g9-i3-1215u/
2025-09-28 03:03:22,909 - INFO - Scraping 2803/6851: https://www.refurbed.de/p/hp-elitebook-640-g10-1315u-14/
2025-09-28 03:03:24,470 - INFO - Scraping 2804/6851: https://www.refurbed.de/p/hp-elitebook-640-g10-1335u-14/
2025-09-28 03:03:26,075 - INFO - Scraping 2805/6851: https://www.refurbed.de/p/hp-elitebook-640-g10-1345u-14/
2025-09-28 03:03:27,763 - INFO - Scraping 2806/6851: https://www.refurbed.de/p/hp-elitebook-640-g10-i7-1355u/
2025-09-28 03:03:29,408 - INFO - Scraping 2807/6851: https://www.refurbed.de/p/hp-elitebook-640-g10-i7-1365u/
2025-09-28 03:03:30,765 - INFO - Scraping 2808/6851: https://www.refurbed.de/p/hp-elitebook-640-g11-5-135u/
2025-09-28 03:03:32,478 - INFO - Scraping 2809/6851: https://www.refurbed.de/p/hp-elitebook-640-g11-7-155u/
2025-09-28 03:03:34,090 - INFO - Scraping 2810/6851: https://www.refurbed.de/p/hp-elitebook-640-g9-1215u-14/
2025-09-28 03:03:35,656 - INFO - Scraping 2811/6851: https://www.refurbed.de/p/hp-elitebook-640-g9-i5-1235u-14/
2025-09-28 03:03:37,406 - INFO - Scraping 2812/6851: https://www.refurbed.de/p/hp-elitebook-640-g9-i5-1245u-14/
2025-09-28 03:03:38,840 - INFO - Scraping 2813/6851: https://www.refurbed.de/p/hp-elitebook-640-g9-i7-1255u-14/
2025-09-28 03:03:40,603 - INFO - Scraping 2814/6851: https://www.refurbed.de/p/hp-elitebook-645-g10-r5-7530u/
2025-09-28 03:03:42,095 - INFO - Scraping 2815/6851: https://www.refurbed.de/p/hp-elitebook-645-g9-5675u/
2025-09-28 03:03:43,689 - INFO - Scraping 2816/6851: https://www.refurbed.de/p/hp-elitebook-645-g9-7-pro-5875u/
2025-09-28 03:03:45,590 - INFO - Scraping 2817/6851: https://www.refurbed.de/p/hp-elitebook-650-g10-i5-1335u/
2025-09-28 03:03:47,243 - INFO - Scraping 2818/6851: https://www.refurbed.de/p/hp-elitebook-650-g10-i5-1345u/
2025-09-28 03:03:49,135 - INFO - Scraping 2819/6851: https://www.refurbed.de/p/hp-elitebook-650-g10-i7-1355u/
2025-09-28 03:03:50,698 - INFO - Scraping 2820/6851: https://www.refurbed.de/p/hp-elitebook-650-g10-i7-1370p/
2025-09-28 03:03:52,244 - INFO - Scraping 2821/6851: https://www.refurbed.de/p/hp-elitebook-650-g9-i3-1215u-14/
2025-09-28 03:03:53,862 - INFO - Scraping 2822/6851: https://www.refurbed.de/p/hp-elitebook-650-g9-i5-1235u-14/
2025-09-28 03:03:55,533 - INFO - Scraping 2823/6851: https://www.refurbed.de/p/hp-elitebook-650-g9-i5-1245u/
2025-09-28 03:03:57,033 - INFO - Scraping 2824/6851: https://www.refurbed.de/p/hp-elitebook-650-g9-i7-1255u/
2025-09-28 03:03:58,653 - INFO - Scraping 2825/6851: https://www.refurbed.de/p/hp-elitebook-655-g10-r5-7530u/
2025-09-28 03:04:00,401 - INFO - Scraping 2826/6851: https://www.refurbed.de/p/hp-elitebook-655-g10-r7-7730u/
2025-09-28 03:04:01,923 - INFO - Scraping 2827/6851: https://www.refurbed.de/p/hp-elitebook-655-g9-5-pro-5675u/
2025-09-28 03:04:03,610 - INFO - Scraping 2828/6851: https://www.refurbed.de/p/hp-elitebook-655-g9-5425u-15-6/
2025-09-28 03:04:05,353 - INFO - Scraping 2829/6851: https://www.refurbed.de/p/hp-elitebook-655-g9-5625u-15-6/
2025-09-28 03:04:06,943 - INFO - Scraping 2830/6851: https://www.refurbed.de/p/hp-elitebook-655-g9-7-pro-5875u/
2025-09-28 03:04:08,443 - INFO - Scraping 2831/6851: https://www.refurbed.de/p/hp-elitebook-665-g11-pro-7535u/
2025-09-28 03:04:09,843 - INFO - Scraping 2832/6851: https://www.refurbed.de/p/hp-elitebook-725-g2-a8-pro-7050b/
2025-09-28 03:04:10,126 - ERROR - Error fetching https://www.refurbed.de/p/hp-elitebook-725-g2-a8-pro-7050b/: 404 Client Error: Not Found for url: https://www.refurbed.de/p/hp-elitebook-725-g2-a8-pro-7050b/
2025-09-28 03:04:11,129 - INFO - Scraping 2833/6851: https://www.refurbed.de/p/hp-elitebook-725-g2-pro-7350b-12/
2025-09-28 03:04:11,387 - ERROR - Error fetching https://www.refurbed.de/p/hp-elitebook-725-g2-pro-7350b-12/: 404 Client Error: Not Found for url: https://www.refurbed.de/p/hp-elitebook-725-g2-pro-7350b-12/
2025-09-28 03:04:12,389 - INFO - Scraping 2834/6851: https://www.refurbed.de/p/hp-elitebook-725-g3-a8-pro-8600b/
2025-09-28 03:04:12,768 - ERROR - Error fetching https://www.refurbed.de/p/hp-elitebook-725-g3-a8-pro-8600b/: 404 Client Error: Not Found for url: https://www.refurbed.de/p/hp-elitebook-725-g3-a8-pro-8600b/
2025-09-28 03:04:13,771 - INFO - Scraping 2835/6851: https://www.refurbed.de/p/hp-elitebook-725-g4-a10-8730b/
2025-09-28 03:04:14,089 - ERROR - Error fetching https://www.refurbed.de/p/hp-elitebook-725-g4-a10-8730b/: 404 Client Error: Not Found for url: https://www.refurbed.de/p/hp-elitebook-725-g4-a10-8730b/
2025-09-28 03:04:15,091 - INFO - Scraping 2836/6851: https://www.refurbed.de/p/hp-elitebook-735-g5-2300u-13/
2025-09-28 03:04:15,450 - ERROR - Error fetching https://www.refurbed.de/p/hp-elitebook-735-g5-2300u-13/: 404 Client Error: Not Found for url: https://www.refurbed.de/p/hp-elitebook-735-g5-2300u-13/
2025-09-28 03:04:16,452 - INFO - Scraping 2837/6851: https://www.refurbed.de/p/hp-elitebook-735-g5-2500u-13/
2025-09-28 03:04:16,750 - ERROR - Error fetching https://www.refurbed.de/p/hp-elitebook-735-g5-2500u-13/: 404 Client Error: Not Found for url: https://www.refurbed.de/p/hp-elitebook-735-g5-2500u-13/
2025-09-28 03:04:17,752 - INFO - Scraping 2838/6851: https://www.refurbed.de/p/hp-elitebook-735-g6-5-3500u/
2025-09-28 03:04:19,277 - INFO - Scraping 2839/6851: https://www.refurbed.de/p/hp-elitebook-735-g6-5-pro-3500u/
2025-09-28 03:04:20,666 - INFO - Scraping 2840/6851: https://www.refurbed.de/p/hp-elitebook-745-g2-a6-pro-7050b/
2025-09-28 03:04:21,047 - ERROR - Error fetching https://www.refurbed.de/p/hp-elitebook-745-g2-a6-pro-7050b/: 404 Client Error: Not Found for url: https://www.refurbed.de/p/hp-elitebook-745-g2-a6-pro-7050b/
2025-09-28 03:04:22,050 - INFO - Scraping 2841/6851: https://www.refurbed.de/p/hp-elitebook-745-g2-a8-pro-7150b/
2025-09-28 03:04:22,399 - ERROR - Error fetching https://www.refurbed.de/p/hp-elitebook-745-g2-a8-pro-7150b/: 404 Client Error: Not Found for url: https://www.refurbed.de/p/hp-elitebook-745-g2-a8-pro-7150b/
2025-09-28 03:04:23,401 - INFO - Scraping 2842/6851: https://www.refurbed.de/p/hp-elitebook-745-g3-a10-8700b/
2025-09-28 03:04:24,096 - ERROR - Error fetching https://www.refurbed.de/p/hp-elitebook-745-g3-a10-8700b/: 404 Client Error: Not Found for url: https://www.refurbed.de/p/hp-elitebook-745-g3-a10-8700b/
2025-09-28 03:04:25,099 - INFO - Scraping 2843/6851: https://www.refurbed.de/p/hp-elitebook-745-g3-pro-a8-8600b/
2025-09-28 03:04:25,388 - ERROR - Error fetching https://www.refurbed.de/p/hp-elitebook-745-g3-pro-a8-8600b/: 404 Client Error: Not Found for url: https://www.refurbed.de/p/hp-elitebook-745-g3-pro-a8-8600b/
2025-09-28 03:04:26,391 - INFO - Scraping 2844/6851: https://www.refurbed.de/p/hp-elitebook-745-g4-a10-8730b/
2025-09-28 03:04:26,694 - ERROR - Error fetching https://www.refurbed.de/p/hp-elitebook-745-g4-a10-8730b/: 404 Client Error: Not Found for url: https://www.refurbed.de/p/hp-elitebook-745-g4-a10-8730b/
2025-09-28 03:04:27,696 - INFO - Scraping 2845/6851: https://www.refurbed.de/p/hp-elitebook-745-g4-pro-a8-8600b/
2025-09-28 03:04:27,984 - ERROR - Error fetching https://www.refurbed.de/p/hp-elitebook-745-g4-pro-a8-8600b/: 404 Client Error: Not Found for url: https://www.refurbed.de/p/hp-elitebook-745-g4-pro-a8-8600b/
2025-09-28 03:04:28,986 - INFO - Scraping 2846/6851: https://www.refurbed.de/p/hp-elitebook-745-g4-pro-a8-9600b/
2025-09-28 03:04:29,557 - ERROR - Error fetching https://www.refurbed.de/p/hp-elitebook-745-g4-pro-a8-9600b/: 404 Client Error: Not Found for url: https://www.refurbed.de/p/hp-elitebook-745-g4-pro-a8-9600b/
2025-09-28 03:04:30,560 - INFO - Scraping 2847/6851: https://www.refurbed.de/p/hp-elitebook-745-g5-5-2500u/
2025-09-28 03:04:30,873 - ERROR - Error fetching https://www.refurbed.de/p/hp-elitebook-745-g5-5-2500u/: 404 Client Error: Not Found for url: https://www.refurbed.de/p/hp-elitebook-745-g5-5-2500u/
2025-09-28 03:04:31,875 - INFO - Scraping 2848/6851: https://www.refurbed.de/p/hp-elitebook-745-g6-3-3300u/
2025-09-28 03:04:33,856 - INFO - Scraping 2849/6851: https://www.refurbed.de/p/hp-elitebook-745-g6-5-pro-3500u/
2025-09-28 03:04:35,587 - INFO - Scraping 2850/6851: https://www.refurbed.de/p/hp-elitebook-745-g6-7-pro-3700u/
2025-09-28 03:04:37,494 - INFO - Scraping 2851/6851: https://www.refurbed.de/p/hp-elitebook-755-5-pro-2500u/
2025-09-28 03:04:38,056 - ERROR - Error fetching https://www.refurbed.de/p/hp-elitebook-755-5-pro-2500u/: 404 Client Error: Not Found for url: https://www.refurbed.de/p/hp-elitebook-755-5-pro-2500u/
2025-09-28 03:04:39,058 - INFO - Scraping 2852/6851: https://www.refurbed.de/p/hp-elitebook-755-g4-a10-8730b/
2025-09-28 03:04:39,383 - ERROR - Error fetching https://www.refurbed.de/p/hp-elitebook-755-g4-a10-8730b/: 404 Client Error: Not Found for url: https://www.refurbed.de/p/hp-elitebook-755-g4-a10-8730b/
2025-09-28 03:04:40,386 - INFO - Scraping 2853/6851: https://www.refurbed.de/p/hp-elitebook-755-g5-r3-pro-2300u/
2025-09-28 03:04:40,918 - ERROR - Error fetching https://www.refurbed.de/p/hp-elitebook-755-g5-r3-pro-2300u/: 404 Client Error: Not Found for url: https://www.refurbed.de/p/hp-elitebook-755-g5-r3-pro-2300u/
2025-09-28 03:04:41,920 - INFO - Scraping 2854/6851: https://www.refurbed.de/p/hp-elitebook-755-g5-r7-pro-2700u/
2025-09-28 03:04:42,244 - ERROR - Error fetching https://www.refurbed.de/p/hp-elitebook-755-g5-r7-pro-2700u/: 404 Client Error: Not Found for url: https://www.refurbed.de/p/hp-elitebook-755-g5-r7-pro-2700u/
2025-09-28 03:04:43,246 - INFO - Scraping 2855/6851: https://www.refurbed.de/p/hp-elitebook-820-g1-i3-4010u-12-/
2025-09-28 03:04:43,556 - ERROR - Error fetching https://www.refurbed.de/p/hp-elitebook-820-g1-i3-4010u-12-/: 404 Client Error: Not Found for url: https://www.refurbed.de/p/hp-elitebook-820-g1-i3-4010u-12-/
2025-09-28 03:04:44,558 - INFO - Scraping 2856/6851: https://www.refurbed.de/p/hp-elitebook-820-g1-i5-4200u-12-/
2025-09-28 03:04:44,836 - ERROR - Error fetching https://www.refurbed.de/p/hp-elitebook-820-g1-i5-4200u-12-/: 404 Client Error: Not Found for url: https://www.refurbed.de/p/hp-elitebook-820-g1-i5-4200u-12-/
2025-09-28 03:04:45,838 - INFO - Scraping 2857/6851: https://www.refurbed.de/p/hp-elitebook-820-g1-i5-4300u-12-/
2025-09-28 03:04:46,161 - ERROR - Error fetching https://www.refurbed.de/p/hp-elitebook-820-g1-i5-4300u-12-/: 404 Client Error: Not Found for url: https://www.refurbed.de/p/hp-elitebook-820-g1-i5-4300u-12-/
2025-09-28 03:04:47,163 - INFO - Scraping 2858/6851: https://www.refurbed.de/p/hp-elitebook-820-g1-i5-4310u-12-/
2025-09-28 03:04:47,428 - ERROR - Error fetching https://www.refurbed.de/p/hp-elitebook-820-g1-i5-4310u-12-/: 404 Client Error: Not Found for url: https://www.refurbed.de/p/hp-elitebook-820-g1-i5-4310u-12-/
2025-09-28 03:04:48,429 - INFO - Scraping 2859/6851: https://www.refurbed.de/p/hp-elitebook-820-g1-i7-4600u-12-/
2025-09-28 03:04:49,055 - ERROR - Error fetching https://www.refurbed.de/p/hp-elitebook-820-g1-i7-4600u-12-/: 404 Client Error: Not Found for url: https://www.refurbed.de/p/hp-elitebook-820-g1-i7-4600u-12-/
2025-09-28 03:04:50,058 - INFO - Scraping 2860/6851: https://www.refurbed.de/p/hp-elitebook-820-g2-i3-5010u-12/
2025-09-28 03:04:50,324 - ERROR - Error fetching https://www.refurbed.de/p/hp-elitebook-820-g2-i3-5010u-12/: 404 Client Error: Not Found for url: https://www.refurbed.de/p/hp-elitebook-820-g2-i3-5010u-12/
2025-09-28 03:04:51,326 - INFO - Scraping 2861/6851: https://www.refurbed.de/p/hp-elitebook-820-g2-i5-5200u-12-/
2025-09-28 03:04:51,646 - ERROR - Error fetching https://www.refurbed.de/p/hp-elitebook-820-g2-i5-5200u-12-/: 404 Client Error: Not Found for url: https://www.refurbed.de/p/hp-elitebook-820-g2-i5-5200u-12-/
2025-09-28 03:04:52,648 - INFO - Scraping 2862/6851: https://www.refurbed.de/p/hp-elitebook-820-g2-i5-5300u-12-/
2025-09-28 03:04:52,907 - ERROR - Error fetching https://www.refurbed.de/p/hp-elitebook-820-g2-i5-5300u-12-/: 404 Client Error: Not Found for url: https://www.refurbed.de/p/hp-elitebook-820-g2-i5-5300u-12-/
2025-09-28 03:04:53,909 - INFO - Scraping 2863/6851: https://www.refurbed.de/p/hp-elitebook-820-g2-i7-5500u-12-/
2025-09-28 03:04:54,177 - ERROR - Error fetching https://www.refurbed.de/p/hp-elitebook-820-g2-i7-5500u-12-/: 404 Client Error: Not Found for url: https://www.refurbed.de/p/hp-elitebook-820-g2-i7-5500u-12-/
2025-09-28 03:04:55,179 - INFO - Scraping 2864/6851: https://www.refurbed.de/p/hp-elitebook-820-g2-i7-5600u-12-/
2025-09-28 03:04:55,627 - ERROR - Error fetching https://www.refurbed.de/p/hp-elitebook-820-g2-i7-5600u-12-/: 404 Client Error: Not Found for url: https://www.refurbed.de/p/hp-elitebook-820-g2-i7-5600u-12-/
2025-09-28 03:04:56,629 - INFO - Scraping 2865/6851: https://www.refurbed.de/p/hp-elitebook-820-g3-i5-6200u-12-/
2025-09-28 03:04:56,934 - ERROR - Error fetching https://www.refurbed.de/p/hp-elitebook-820-g3-i5-6200u-12-/: 404 Client Error: Not Found for url: https://www.refurbed.de/p/hp-elitebook-820-g3-i5-6200u-12-/
2025-09-28 03:04:57,936 - INFO - Scraping 2866/6851: https://www.refurbed.de/p/hp-elitebook-820-g3-i5-6300u-12-/
2025-09-28 03:04:58,242 - ERROR - Error fetching https://www.refurbed.de/p/hp-elitebook-820-g3-i5-6300u-12-/: 404 Client Error: Not Found for url: https://www.refurbed.de/p/hp-elitebook-820-g3-i5-6300u-12-/
2025-09-28 03:04:59,244 - INFO - Scraping 2867/6851: https://www.refurbed.de/p/hp-elitebook-820-g3-i7-6500u-12/
2025-09-28 03:04:59,453 - ERROR - Error fetching https://www.refurbed.de/p/hp-elitebook-820-g3-i7-6500u-12/: 404 Client Error: Not Found for url: https://www.refurbed.de/p/hp-elitebook-820-g3-i7-6500u-12/
2025-09-28 03:05:00,455 - INFO - Scraping 2868/6851: https://www.refurbed.de/p/hp-elitebook-820-g3-i7-6600u-12/
2025-09-28 03:05:01,106 - ERROR - Error fetching https://www.refurbed.de/p/hp-elitebook-820-g3-i7-6600u-12/: 404 Client Error: Not Found for url: https://www.refurbed.de/p/hp-elitebook-820-g3-i7-6600u-12/
2025-09-28 03:05:02,108 - INFO - Scraping 2869/6851: https://www.refurbed.de/p/hp-elitebook-820-g4-7200u/
2025-09-28 03:05:02,425 - ERROR - Error fetching https://www.refurbed.de/p/hp-elitebook-820-g4-7200u/: 404 Client Error: Not Found for url: https://www.refurbed.de/p/hp-elitebook-820-g4-7200u/
2025-09-28 03:05:03,427 - INFO - Scraping 2870/6851: https://www.refurbed.de/p/hp-elitebook-820-g4-7300u/
2025-09-28 03:05:03,723 - ERROR - Error fetching https://www.refurbed.de/p/hp-elitebook-820-g4-7300u/: 404 Client Error: Not Found for url: https://www.refurbed.de/p/hp-elitebook-820-g4-7300u/
2025-09-28 03:05:04,725 - INFO - Scraping 2871/6851: https://www.refurbed.de/p/hp-elitebook-820-g4-7500u/
2025-09-28 03:05:05,152 - ERROR - Error fetching https://www.refurbed.de/p/hp-elitebook-820-g4-7500u/: 404 Client Error: Not Found for url: https://www.refurbed.de/p/hp-elitebook-820-g4-7500u/
2025-09-28 03:05:06,154 - INFO - Scraping 2872/6851: https://www.refurbed.de/p/hp-elitebook-820-g4-i7-7500u/
2025-09-28 03:05:06,723 - ERROR - Error fetching https://www.refurbed.de/p/hp-elitebook-820-g4-i7-7500u/: 404 Client Error: Not Found for url: https://www.refurbed.de/p/hp-elitebook-820-g4-i7-7500u/
2025-09-28 03:05:07,725 - INFO - Scraping 2873/6851: https://www.refurbed.de/p/hp-elitebook-820/
2025-09-28 03:05:08,019 - ERROR - Error fetching https://www.refurbed.de/p/hp-elitebook-820/: 404 Client Error: Not Found for url: https://www.refurbed.de/p/hp-elitebook-820/
2025-09-28 03:05:09,020 - INFO - Scraping 2874/6851: https://www.refurbed.de/p/hp-elitebook-830-g10-1355u-13-3/
2025-09-28 03:05:10,996 - INFO - Scraping 2875/6851: https://www.refurbed.de/p/hp-elitebook-830-g10-i5-1335u/
2025-09-28 03:05:12,844 - INFO - Scraping 2876/6851: https://www.refurbed.de/p/hp-elitebook-830-g10-i7-1365u/
2025-09-28 03:05:14,290 - INFO - Scraping 2877/6851: https://www.refurbed.de/p/hp-elitebook-830-g11-5-135u/
2025-09-28 03:05:16,143 - INFO - Scraping 2878/6851: https://www.refurbed.de/p/hp-elitebook-830-g6-8265u-13-3/
2025-09-28 03:05:17,920 - INFO - Scraping 2879/6851: https://www.refurbed.de/p/hp-elitebook-830-g7-10210u-13-3/
2025-09-28 03:05:21,043 - INFO - Scraping 2880/6851: https://www.refurbed.de/p/hp-elitebook-830-g7-i5-10310u/
2025-09-28 03:05:23,004 - INFO - Scraping 2881/6851: https://www.refurbed.de/p/hp-elitebook-830-g7-i7-10610u/
2025-09-28 03:05:24,466 - INFO - Scraping 2882/6851: https://www.refurbed.de/p/hp-elitebook-830-g8-1145g7-13-3/
2025-09-28 03:05:26,077 - INFO - Scraping 2883/6851: https://www.refurbed.de/p/hp-elitebook-830-g9-1245u-13-3/
2025-09-28 03:05:27,647 - INFO - Scraping 2884/6851: https://www.refurbed.de/p/hp-elitebook-830-g9-1255u-13-3/
2025-09-28 03:05:29,213 - INFO - Scraping 2885/6851: https://www.refurbed.de/p/hp-elitebook-830-g9-i5-1235u-13/
2025-09-28 03:05:30,817 - INFO - Scraping 2886/6851: https://www.refurbed.de/p/hp-elitebook-830-g9-i7-1265u-13/
2025-09-28 03:05:32,342 - INFO - Scraping 2887/6851: https://www.refurbed.de/p/hp-elitebook-835-g10-5-7540u/
2025-09-28 03:05:33,899 - INFO - Scraping 2888/6851: https://www.refurbed.de/p/hp-elitebook-835-g10-5-pro-7540u/
2025-09-28 03:05:35,450 - INFO - Scraping 2889/6851: https://www.refurbed.de/p/hp-elitebook-835-g10-r5-7545u-13/
2025-09-28 03:05:36,989 - INFO - Scraping 2890/6851: https://www.refurbed.de/p/hp-elitebook-835-g8-pro-5450u/
2025-09-28 03:05:38,634 - INFO - Scraping 2891/6851: https://www.refurbed.de/p/hp-elitebook-835-g8-pro-5650u/
2025-09-28 03:05:40,323 - INFO - Scraping 2892/6851: https://www.refurbed.de/p/hp-elitebook-835-g8-pro-5850u/
2025-09-28 03:05:41,884 - INFO - Scraping 2893/6851: https://www.refurbed.de/p/hp-elitebook-835-g8-r-3-5400u/
2025-09-28 03:05:43,408 - INFO - Scraping 2894/6851: https://www.refurbed.de/p/hp-elitebook-840-g1-14-i5-4300u/
2025-09-28 03:05:43,715 - ERROR - Error fetching https://www.refurbed.de/p/hp-elitebook-840-g1-14-i5-4300u/: 404 Client Error: Not Found for url: https://www.refurbed.de/p/hp-elitebook-840-g1-14-i5-4300u/
2025-09-28 03:05:44,717 - INFO - Scraping 2895/6851: https://www.refurbed.de/p/hp-elitebook-840-g1-i3-4010u-14/
2025-09-28 03:05:45,178 - ERROR - Error fetching https://www.refurbed.de/p/hp-elitebook-840-g1-i3-4010u-14/: 404 Client Error: Not Found for url: https://www.refurbed.de/p/hp-elitebook-840-g1-i3-4010u-14/
2025-09-28 03:05:46,180 - INFO - Scraping 2896/6851: https://www.refurbed.de/p/hp-elitebook-840-g1-i5-14/
2025-09-28 03:05:46,579 - ERROR - Error fetching https://www.refurbed.de/p/hp-elitebook-840-g1-i5-14/: 404 Client Error: Not Found for url: https://www.refurbed.de/p/hp-elitebook-840-g1-i5-14/
2025-09-28 03:05:47,581 - INFO - Scraping 2897/6851: https://www.refurbed.de/p/hp-elitebook-840-g1-i5-4200u-14/
2025-09-28 03:05:48,061 - ERROR - Error fetching https://www.refurbed.de/p/hp-elitebook-840-g1-i5-4200u-14/: 404 Client Error: Not Found for url: https://www.refurbed.de/p/hp-elitebook-840-g1-i5-4200u-14/
2025-09-28 03:05:49,063 - INFO - Scraping 2898/6851: https://www.refurbed.de/p/hp-elitebook-840-g1-i5-4310u-14/
2025-09-28 03:05:49,348 - ERROR - Error fetching https://www.refurbed.de/p/hp-elitebook-840-g1-i5-4310u-14/: 404 Client Error: Not Found for url: https://www.refurbed.de/p/hp-elitebook-840-g1-i5-4310u-14/
2025-09-28 03:05:50,350 - INFO - Scraping 2899/6851: https://www.refurbed.de/p/hp-elitebook-840-g1-i5-5300u-14/
2025-09-28 03:05:50,824 - ERROR - Error fetching https://www.refurbed.de/p/hp-elitebook-840-g1-i5-5300u-14/: 404 Client Error: Not Found for url: https://www.refurbed.de/p/hp-elitebook-840-g1-i5-5300u-14/
2025-09-28 03:05:51,826 - INFO - Scraping 2900/6851: https://www.refurbed.de/p/hp-elitebook-840-g1-i7-14-touch/
2025-09-28 03:05:52,110 - ERROR - Error fetching https://www.refurbed.de/p/hp-elitebook-840-g1-i7-14-touch/: 404 Client Error: Not Found for url: https://www.refurbed.de/p/hp-elitebook-840-g1-i7-14-touch/
2025-09-28 03:05:53,112 - INFO - Scraping 2901/6851: https://www.refurbed.de/p/hp-elitebook-840-g1-i7-14/
2025-09-28 03:05:53,398 - ERROR - Error fetching https://www.refurbed.de/p/hp-elitebook-840-g1-i7-14/: 404 Client Error: Not Found for url: https://www.refurbed.de/p/hp-elitebook-840-g1-i7-14/
2025-09-28 03:05:54,400 - INFO - Scraping 2902/6851: https://www.refurbed.de/p/hp-elitebook-840-g10-5-7540u-14/
2025-09-28 03:05:55,994 - INFO - Scraping 2903/6851: https://www.refurbed.de/p/hp-elitebook-840-g10-i5-1335u/
2025-09-28 03:05:57,672 - INFO - Scraping 2904/6851: https://www.refurbed.de/p/hp-elitebook-840-g10-i5-1340p/
2025-09-28 03:05:59,151 - INFO - Scraping 2905/6851: https://www.refurbed.de/p/hp-elitebook-840-g10-i5-1345u/
2025-09-28 03:06:01,105 - INFO - Scraping 2906/6851: https://www.refurbed.de/p/hp-elitebook-840-g10-i5-1350p/
2025-09-28 03:06:02,669 - INFO - Scraping 2907/6851: https://www.refurbed.de/p/hp-elitebook-840-g10-i7-1355u/
2025-09-28 03:06:04,272 - INFO - Scraping 2908/6851: https://www.refurbed.de/p/hp-elitebook-840-g10-i7-1360p/
2025-09-28 03:06:05,725 - INFO - Scraping 2909/6851: https://www.refurbed.de/p/hp-elitebook-840-g10-i7-1365u/
2025-09-28 03:06:07,319 - INFO - Scraping 2910/6851: https://www.refurbed.de/p/hp-elitebook-840-g10-i7-1370p/
2025-09-28 03:06:08,858 - INFO - Scraping 2911/6851: https://www.refurbed.de/p/hp-elitebook-840-g11-5-135u/
2025-09-28 03:06:10,221 - INFO - Scraping 2912/6851: https://www.refurbed.de/p/hp-elitebook-840-g11-7-155u/
2025-09-28 03:06:11,660 - INFO - Scraping 2913/6851: https://www.refurbed.de/p/hp-elitebook-840-g2-i5-14/
2025-09-28 03:06:12,002 - ERROR - Error fetching https://www.refurbed.de/p/hp-elitebook-840-g2-i5-14/: 404 Client Error: Not Found for url: https://www.refurbed.de/p/hp-elitebook-840-g2-i5-14/
2025-09-28 03:06:13,004 - INFO - Scraping 2914/6851: https://www.refurbed.de/p/hp-elitebook-840-g2-i5-4300u-14/
2025-09-28 03:06:13,389 - ERROR - Error fetching https://www.refurbed.de/p/hp-elitebook-840-g2-i5-4300u-14/: 404 Client Error: Not Found for url: https://www.refurbed.de/p/hp-elitebook-840-g2-i5-4300u-14/
2025-09-28 03:06:14,391 - INFO - Scraping 2915/6851: https://www.refurbed.de/p/hp-elitebook-840-g2-i5-5200u-14/
2025-09-28 03:06:14,664 - ERROR - Error fetching https://www.refurbed.de/p/hp-elitebook-840-g2-i5-5200u-14/: 404 Client Error: Not Found for url: https://www.refurbed.de/p/hp-elitebook-840-g2-i5-5200u-14/
2025-09-28 03:06:15,666 - INFO - Scraping 2916/6851: https://www.refurbed.de/p/hp-elitebook-840-g2-i5-5300u-14-/
2025-09-28 03:06:16,013 - ERROR - Error fetching https://www.refurbed.de/p/hp-elitebook-840-g2-i5-5300u-14-/: 404 Client Error: Not Found for url: https://www.refurbed.de/p/hp-elitebook-840-g2-i5-5300u-14-/
2025-09-28 03:06:17,014 - INFO - Scraping 2917/6851: https://www.refurbed.de/p/hp-elitebook-840-g2-i7-5600u-14/
2025-09-28 03:06:17,488 - ERROR - Error fetching https://www.refurbed.de/p/hp-elitebook-840-g2-i7-5600u-14/: 404 Client Error: Not Found for url: https://www.refurbed.de/p/hp-elitebook-840-g2-i7-5600u-14/
2025-09-28 03:06:18,490 - INFO - Scraping 2918/6851: https://www.refurbed.de/p/hp-elitebook-840-g3-14-6100u/
2025-09-28 03:06:18,940 - ERROR - Error fetching https://www.refurbed.de/p/hp-elitebook-840-g3-14-6100u/: 404 Client Error: Not Found for url: https://www.refurbed.de/p/hp-elitebook-840-g3-14-6100u/
2025-09-28 03:06:19,942 - INFO - Scraping 2919/6851: https://www.refurbed.de/p/hp-elitebook-840-g3-14-6200u/
2025-09-28 03:06:20,468 - ERROR - Error fetching https://www.refurbed.de/p/hp-elitebook-840-g3-14-6200u/: 404 Client Error: Not Found for url: https://www.refurbed.de/p/hp-elitebook-840-g3-14-6200u/
2025-09-28 03:06:21,470 - INFO - Scraping 2920/6851: https://www.refurbed.de/p/hp-elitebook-840-g3-14-i5-6300u/
2025-09-28 03:06:21,831 - ERROR - Error fetching https://www.refurbed.de/p/hp-elitebook-840-g3-14-i5-6300u/: 404 Client Error: Not Found for url: https://www.refurbed.de/p/hp-elitebook-840-g3-14-i5-6300u/
2025-09-28 03:06:22,833 - INFO - Scraping 2921/6851: https://www.refurbed.de/p/hp-elitebook-840-g3-i7-6500u/
2025-09-28 03:06:23,103 - ERROR - Error fetching https://www.refurbed.de/p/hp-elitebook-840-g3-i7-6500u/: 404 Client Error: Not Found for url: https://www.refurbed.de/p/hp-elitebook-840-g3-i7-6500u/
2025-09-28 03:06:24,105 - INFO - Scraping 2922/6851: https://www.refurbed.de/p/hp-elitebook-840-g3-i7-6600u-14/
2025-09-28 03:06:24,405 - ERROR - Error fetching https://www.refurbed.de/p/hp-elitebook-840-g3-i7-6600u-14/: 404 Client Error: Not Found for url: https://www.refurbed.de/p/hp-elitebook-840-g3-i7-6600u-14/
2025-09-28 03:06:25,406 - INFO - Scraping 2923/6851: https://www.refurbed.de/p/hp-elitebook-840-g4-7200u/
2025-09-28 03:06:25,717 - ERROR - Error fetching https://www.refurbed.de/p/hp-elitebook-840-g4-7200u/: 404 Client Error: Not Found for url: https://www.refurbed.de/p/hp-elitebook-840-g4-7200u/
2025-09-28 03:06:26,719 - INFO - Scraping 2924/6851: https://www.refurbed.de/p/hp-elitebook-840-g4-i5-7300u/
2025-09-28 03:06:27,012 - ERROR - Error fetching https://www.refurbed.de/p/hp-elitebook-840-g4-i5-7300u/: 404 Client Error: Not Found for url: https://www.refurbed.de/p/hp-elitebook-840-g4-i5-7300u/
2025-09-28 03:06:28,014 - INFO - Scraping 2925/6851: https://www.refurbed.de/p/hp-elitebook-840-g4-i5-8250u-14/
2025-09-28 03:06:29,592 - INFO - Scraping 2926/6851: https://www.refurbed.de/p/hp-elitebook-840-g4-i5-8350u/
2025-09-28 03:06:31,065 - INFO - Scraping 2927/6851: https://www.refurbed.de/p/hp-elitebook-840-g4-i7-7500u/
2025-09-28 03:06:31,383 - ERROR - Error fetching https://www.refurbed.de/p/hp-elitebook-840-g4-i7-7500u/: 404 Client Error: Not Found for url: https://www.refurbed.de/p/hp-elitebook-840-g4-i7-7500u/
2025-09-28 03:06:32,385 - INFO - Scraping 2928/6851: https://www.refurbed.de/p/hp-elitebook-840-g4-i7-7600u/
2025-09-28 03:06:32,673 - ERROR - Error fetching https://www.refurbed.de/p/hp-elitebook-840-g4-i7-7600u/: 404 Client Error: Not Found for url: https://www.refurbed.de/p/hp-elitebook-840-g4-i7-7600u/
2025-09-28 03:06:33,676 - INFO - Scraping 2929/6851: https://www.refurbed.de/p/hp-elitebook-840-g5-7600u/
2025-09-28 03:06:33,986 - ERROR - Error fetching https://www.refurbed.de/p/hp-elitebook-840-g5-7600u/: 404 Client Error: Not Found for url: https://www.refurbed.de/p/hp-elitebook-840-g5-7600u/
2025-09-28 03:06:34,988 - INFO - Scraping 2930/6851: https://www.refurbed.de/p/hp-elitebook-840-g5-8350u/
2025-09-28 03:06:37,610 - INFO - Scraping 2931/6851: https://www.refurbed.de/p/hp-elitebook-840-g5-8650u/
2025-09-28 03:06:39,330 - INFO - Scraping 2932/6851: https://www.refurbed.de/p/hp-elitebook-840-g5-i5-7200u/
2025-09-28 03:06:39,693 - ERROR - Error fetching https://www.refurbed.de/p/hp-elitebook-840-g5-i5-7200u/: 404 Client Error: Not Found for url: https://www.refurbed.de/p/hp-elitebook-840-g5-i5-7200u/
2025-09-28 03:06:40,696 - INFO - Scraping 2933/6851: https://www.refurbed.de/p/hp-elitebook-840-g5-i5-7300u-14/
2025-09-28 03:06:41,485 - ERROR - Error fetching https://www.refurbed.de/p/hp-elitebook-840-g5-i5-7300u-14/: 404 Client Error: Not Found for url: https://www.refurbed.de/p/hp-elitebook-840-g5-i5-7300u-14/
2025-09-28 03:06:42,487 - INFO - Scraping 2934/6851: https://www.refurbed.de/p/hp-elitebook-840-g5-i5-8250u-14/
2025-09-28 03:06:43,954 - INFO - Scraping 2935/6851: https://www.refurbed.de/p/hp-elitebook-840-g5-i5-8265u/
2025-09-28 03:06:45,638 - INFO - Scraping 2936/6851: https://www.refurbed.de/p/hp-elitebook-840-g5-i7-8550u/
2025-09-28 03:06:47,257 - INFO - Scraping 2937/6851: https://www.refurbed.de/p/hp-elitebook-840-g6-i5-8265u/
2025-09-28 03:06:48,916 - INFO - Scraping 2938/6851: https://www.refurbed.de/p/hp-elitebook-840-g6-i5-8350u/
2025-09-28 03:06:50,969 - INFO - Scraping 2939/6851: https://www.refurbed.de/p/hp-elitebook-840-g6-i5-8365u/
2025-09-28 03:06:52,742 - INFO - Scraping 2940/6851: https://www.refurbed.de/p/hp-elitebook-840-g6-i7-8565u/
2025-09-28 03:06:54,324 - INFO - Scraping 2941/6851: https://www.refurbed.de/p/hp-elitebook-840-g6-i7-8665u/
2025-09-28 03:06:55,983 - INFO - Scraping 2942/6851: https://www.refurbed.de/p/hp-elitebook-840-g8-1145g7-14/
2025-09-28 03:06:58,131 - INFO - Scraping 2943/6851: https://www.refurbed.de/p/hp-elitebook-840-g8-i5-1135g7-14/
2025-09-28 03:07:00,129 - INFO - Scraping 2944/6851: https://www.refurbed.de/p/hp-elitebook-840-g8-i7-1165g7-14/
2025-09-28 03:07:01,796 - INFO - Scraping 2945/6851: https://www.refurbed.de/p/hp-elitebook-840-g8-i7-1185g7/
2025-09-28 03:07:03,655 - INFO - Scraping 2946/6851: https://www.refurbed.de/p/hp-elitebook-840-g9-1240p-16/
2025-09-28 03:07:05,239 - INFO - Scraping 2947/6851: https://www.refurbed.de/p/hp-elitebook-840-g9-1250p-16/
2025-09-28 03:07:06,712 - INFO - Scraping 2948/6851: https://www.refurbed.de/p/hp-elitebook-840-g9-i5-1235u/
2025-09-28 03:07:08,921 - INFO - Scraping 2949/6851: https://www.refurbed.de/p/hp-elitebook-840-g9-i5-1245u/
2025-09-28 03:07:11,075 - INFO - Scraping 2950/6851: https://www.refurbed.de/p/hp-elitebook-840-g9-i7-1255u/
2025-09-28 03:07:12,996 - INFO - Scraping 2951/6851: https://www.refurbed.de/p/hp-elitebook-840-g9-i7-1260p/
2025-09-28 03:07:14,532 - INFO - Scraping 2952/6851: https://www.refurbed.de/p/hp-elitebook-840/
2025-09-28 03:07:14,931 - ERROR - Error fetching https://www.refurbed.de/p/hp-elitebook-840/: 404 Client Error: Not Found for url: https://www.refurbed.de/p/hp-elitebook-840/
2025-09-28 03:07:15,934 - INFO - Scraping 2953/6851: https://www.refurbed.de/p/hp-elitebook-840r-g4-i5-8350u/
2025-09-28 03:07:17,635 - INFO - Scraping 2954/6851: https://www.refurbed.de/p/hp-elitebook-845-g10-5-7540u/
2025-09-28 03:07:19,120 - INFO - Scraping 2955/6851: https://www.refurbed.de/p/hp-elitebook-845-g10-7-7840u/
2025-09-28 03:07:20,647 - INFO - Scraping 2956/6851: https://www.refurbed.de/p/hp-elitebook-845-g7-4650u/
2025-09-28 03:07:22,351 - INFO - Scraping 2957/6851: https://www.refurbed.de/p/hp-elitebook-845-g7-4750u/
2025-09-28 03:07:23,708 - INFO - Scraping 2958/6851: https://www.refurbed.de/p/hp-elitebook-845-g7-r5-pro-4450u/
2025-09-28 03:07:25,759 - INFO - Scraping 2959/6851: https://www.refurbed.de/p/hp-elitebook-845-g8-5400u-14/
2025-09-28 03:07:27,375 - INFO - Scraping 2960/6851: https://www.refurbed.de/p/hp-elitebook-845-g8-5600u-14/
2025-09-28 03:07:29,088 - INFO - Scraping 2961/6851: https://www.refurbed.de/p/hp-elitebook-845-g8-pro-5650u-14/
2025-09-28 03:07:31,552 - INFO - Scraping 2962/6851: https://www.refurbed.de/p/hp-elitebook-845-g8-r7-pro-5850u/
2025-09-28 03:07:33,140 - INFO - Scraping 2963/6851: https://www.refurbed.de/p/hp-elitebook-845-g9-5-pro-6650u/
2025-09-28 03:07:34,772 - INFO - Scraping 2964/6851: https://www.refurbed.de/p/hp-elitebook-850-g1-4310u/
2025-09-28 03:07:35,044 - ERROR - Error fetching https://www.refurbed.de/p/hp-elitebook-850-g1-4310u/: 404 Client Error: Not Found for url: https://www.refurbed.de/p/hp-elitebook-850-g1-4310u/
2025-09-28 03:07:36,046 - INFO - Scraping 2965/6851: https://www.refurbed.de/p/hp-elitebook-850-g1-4600u/
2025-09-28 03:07:36,397 - ERROR - Error fetching https://www.refurbed.de/p/hp-elitebook-850-g1-4600u/: 404 Client Error: Not Found for url: https://www.refurbed.de/p/hp-elitebook-850-g1-4600u/
2025-09-28 03:07:37,400 - INFO - Scraping 2966/6851: https://www.refurbed.de/p/hp-elitebook-850-g1-i5-4200u-15-/
2025-09-28 03:07:37,822 - ERROR - Error fetching https://www.refurbed.de/p/hp-elitebook-850-g1-i5-4200u-15-/: 404 Client Error: Not Found for url: https://www.refurbed.de/p/hp-elitebook-850-g1-i5-4200u-15-/
2025-09-28 03:07:38,824 - INFO - Scraping 2967/6851: https://www.refurbed.de/p/hp-elitebook-850-g1-i5-4300u-15-/
2025-09-28 03:07:39,399 - ERROR - Error fetching https://www.refurbed.de/p/hp-elitebook-850-g1-i5-4300u-15-/: 404 Client Error: Not Found for url: https://www.refurbed.de/p/hp-elitebook-850-g1-i5-4300u-15-/
2025-09-28 03:07:40,402 - INFO - Scraping 2968/6851: https://www.refurbed.de/p/hp-elitebook-850-g1-i7-15-6/
2025-09-28 03:07:40,686 - ERROR - Error fetching https://www.refurbed.de/p/hp-elitebook-850-g1-i7-15-6/: 404 Client Error: Not Found for url: https://www.refurbed.de/p/hp-elitebook-850-g1-i7-15-6/
2025-09-28 03:07:41,688 - INFO - Scraping 2969/6851: https://www.refurbed.de/p/hp-elitebook-850-g2-i5-15-6/
2025-09-28 03:07:42,088 - ERROR - Error fetching https://www.refurbed.de/p/hp-elitebook-850-g2-i5-15-6/: 404 Client Error: Not Found for url: https://www.refurbed.de/p/hp-elitebook-850-g2-i5-15-6/
2025-09-28 03:07:43,090 - INFO - Scraping 2970/6851: https://www.refurbed.de/p/hp-elitebook-850-g2-i5-4570t/
2025-09-28 03:07:43,372 - ERROR - Error fetching https://www.refurbed.de/p/hp-elitebook-850-g2-i5-4570t/: 404 Client Error: Not Found for url: https://www.refurbed.de/p/hp-elitebook-850-g2-i5-4570t/
2025-09-28 03:07:44,374 - INFO - Scraping 2971/6851: https://www.refurbed.de/p/hp-elitebook-850-g2-i5-5300u-15-/
2025-09-28 03:07:44,766 - ERROR - Error fetching https://www.refurbed.de/p/hp-elitebook-850-g2-i5-5300u-15-/: 404 Client Error: Not Found for url: https://www.refurbed.de/p/hp-elitebook-850-g2-i5-5300u-15-/
2025-09-28 03:07:45,768 - INFO - Scraping 2972/6851: https://www.refurbed.de/p/hp-elitebook-850-g2-i7-5600u-15-/
2025-09-28 03:07:46,387 - ERROR - Error fetching https://www.refurbed.de/p/hp-elitebook-850-g2-i7-5600u-15-/: 404 Client Error: Not Found for url: https://www.refurbed.de/p/hp-elitebook-850-g2-i7-5600u-15-/
2025-09-28 03:07:47,389 - INFO - Scraping 2973/6851: https://www.refurbed.de/p/hp-elitebook-850-g3-6200u/
2025-09-28 03:07:47,659 - ERROR - Error fetching https://www.refurbed.de/p/hp-elitebook-850-g3-6200u/: 404 Client Error: Not Found for url: https://www.refurbed.de/p/hp-elitebook-850-g3-6200u/
2025-09-28 03:07:48,661 - INFO - Scraping 2974/6851: https://www.refurbed.de/p/hp-elitebook-850-g3-6300u/
2025-09-28 03:07:48,922 - ERROR - Error fetching https://www.refurbed.de/p/hp-elitebook-850-g3-6300u/: 404 Client Error: Not Found for url: https://www.refurbed.de/p/hp-elitebook-850-g3-6300u/
2025-09-28 03:07:49,924 - INFO - Scraping 2975/6851: https://www.refurbed.de/p/hp-elitebook-850-g3-i7-6500u-15/
2025-09-28 03:07:50,215 - ERROR - Error fetching https://www.refurbed.de/p/hp-elitebook-850-g3-i7-6500u-15/: 404 Client Error: Not Found for url: https://www.refurbed.de/p/hp-elitebook-850-g3-i7-6500u-15/
2025-09-28 03:07:51,217 - INFO - Scraping 2976/6851: https://www.refurbed.de/p/hp-elitebook-850-g3-i7-6600u-15/
2025-09-28 03:07:51,698 - ERROR - Error fetching https://www.refurbed.de/p/hp-elitebook-850-g3-i7-6600u-15/: 404 Client Error: Not Found for url: https://www.refurbed.de/p/hp-elitebook-850-g3-i7-6600u-15/
2025-09-28 03:07:52,700 - INFO - Scraping 2977/6851: https://www.refurbed.de/p/hp-elitebook-850-g4-7200u/
2025-09-28 03:07:53,000 - ERROR - Error fetching https://www.refurbed.de/p/hp-elitebook-850-g4-7200u/: 404 Client Error: Not Found for url: https://www.refurbed.de/p/hp-elitebook-850-g4-7200u/
2025-09-28 03:07:54,002 - INFO - Scraping 2978/6851: https://www.refurbed.de/p/hp-elitebook-850-g4-7300u/
2025-09-28 03:07:54,427 - ERROR - Error fetching https://www.refurbed.de/p/hp-elitebook-850-g4-7300u/: 404 Client Error: Not Found for url: https://www.refurbed.de/p/hp-elitebook-850-g4-7300u/
2025-09-28 03:07:55,429 - INFO - Scraping 2979/6851: https://www.refurbed.de/p/hp-elitebook-850-g4-7600u/
2025-09-28 03:07:56,049 - ERROR - Error fetching https://www.refurbed.de/p/hp-elitebook-850-g4-7600u/: 404 Client Error: Not Found for url: https://www.refurbed.de/p/hp-elitebook-850-g4-7600u/
2025-09-28 03:07:57,051 - INFO - Scraping 2980/6851: https://www.refurbed.de/p/hp-elitebook-850-g4-i7-7500u/
2025-09-28 03:07:57,394 - ERROR - Error fetching https://www.refurbed.de/p/hp-elitebook-850-g4-i7-7500u/: 404 Client Error: Not Found for url: https://www.refurbed.de/p/hp-elitebook-850-g4-i7-7500u/
2025-09-28 03:07:58,396 - INFO - Scraping 2981/6851: https://www.refurbed.de/p/hp-elitebook-850-g5-i5-7200u/
2025-09-28 03:07:58,763 - ERROR - Error fetching https://www.refurbed.de/p/hp-elitebook-850-g5-i5-7200u/: 404 Client Error: Not Found for url: https://www.refurbed.de/p/hp-elitebook-850-g5-i5-7200u/
2025-09-28 03:07:59,765 - INFO - Scraping 2982/6851: https://www.refurbed.de/p/hp-elitebook-850-g5-i5-7300u-156/
2025-09-28 03:08:00,085 - ERROR - Error fetching https://www.refurbed.de/p/hp-elitebook-850-g5-i5-7300u-156/: 404 Client Error: Not Found for url: https://www.refurbed.de/p/hp-elitebook-850-g5-i5-7300u-156/
2025-09-28 03:08:01,088 - INFO - Scraping 2983/6851: https://www.refurbed.de/p/hp-elitebook-850-g5-i5-8250u-156/
2025-09-28 03:08:02,711 - INFO - Scraping 2984/6851: https://www.refurbed.de/p/hp-elitebook-850-g5-i5-8350u-156/
2025-09-28 03:08:04,334 - INFO - Scraping 2985/6851: https://www.refurbed.de/p/hp-elitebook-850-g5-i7-7500u/
2025-09-28 03:08:04,643 - ERROR - Error fetching https://www.refurbed.de/p/hp-elitebook-850-g5-i7-7500u/: 404 Client Error: Not Found for url: https://www.refurbed.de/p/hp-elitebook-850-g5-i7-7500u/
2025-09-28 03:08:05,645 - INFO - Scraping 2986/6851: https://www.refurbed.de/p/hp-elitebook-850-g5-i7-8550u-156/
2025-09-28 03:08:07,516 - INFO - Scraping 2987/6851: https://www.refurbed.de/p/hp-elitebook-850-g5-i7-8650u-156/
2025-09-28 03:08:09,474 - INFO - Scraping 2988/6851: https://www.refurbed.de/p/hp-elitebook-850-g6-i5-8265u-15/
2025-09-28 03:08:11,223 - INFO - Scraping 2989/6851: https://www.refurbed.de/p/hp-elitebook-850-g6-i5-8350u/
2025-09-28 03:08:13,289 - INFO - Scraping 2990/6851: https://www.refurbed.de/p/hp-elitebook-850-g6-i5-83650u/
2025-09-28 03:08:15,027 - INFO - Scraping 2991/6851: https://www.refurbed.de/p/hp-elitebook-850-g6-i7-8565u/
2025-09-28 03:08:16,880 - INFO - Scraping 2992/6851: https://www.refurbed.de/p/hp-elitebook-850-g6-i7-8650u/
2025-09-28 03:08:18,759 - INFO - Scraping 2993/6851: https://www.refurbed.de/p/hp-elitebook-850-g6-i7-8665u/
2025-09-28 03:08:20,674 - INFO - Scraping 2994/6851: https://www.refurbed.de/p/hp-elitebook-850-g7-10210u/
2025-09-28 03:08:22,715 - INFO - Scraping 2995/6851: https://www.refurbed.de/p/hp-elitebook-850-g7-10510u-15-6/
2025-09-28 03:08:24,452 - INFO - Scraping 2996/6851: https://www.refurbed.de/p/hp-elitebook-850-g7-10610u-15-6/
2025-09-28 03:08:26,444 - INFO - Scraping 2997/6851: https://www.refurbed.de/p/hp-elitebook-850-g7-i5-10310u/
2025-09-28 03:08:27,977 - INFO - Scraping 2998/6851: https://www.refurbed.de/p/hp-elitebook-850-g8-1135g7/
2025-09-28 03:08:29,415 - INFO - Scraping 2999/6851: https://www.refurbed.de/p/hp-elitebook-850-g8-1145g7-15-6/
2025-09-28 03:08:31,123 - INFO - Scraping 3000/6851: https://www.refurbed.de/p/hp-elitebook-850-g8-1165g7-15-6/
2025-09-28 03:08:32,550 - INFO - Scraping 3001/6851: https://www.refurbed.de/p/hp-elitebook-850-g8-1185g7/
2025-09-28 03:08:34,127 - INFO - Scraping 3002/6851: https://www.refurbed.de/p/hp-elitebook-855-g7-r7-pro-4750u/
2025-09-28 03:08:35,584 - INFO - Scraping 3003/6851: https://www.refurbed.de/p/hp-elitebook-855-g7-ryzen-5-pro/
2025-09-28 03:08:37,180 - INFO - Scraping 3004/6851: https://www.refurbed.de/p/hp-elitebook-855-g8-ryzen-5650u/
2025-09-28 03:08:38,839 - INFO - Scraping 3005/6851: https://www.refurbed.de/p/hp-elitebook-855-g8-ryzen-7-pro/
2025-09-28 03:08:40,374 - INFO - Scraping 3006/6851: https://www.refurbed.de/p/hp-elitebook-860-g10-i5-1335u/
2025-09-28 03:08:42,001 - INFO - Scraping 3007/6851: https://www.refurbed.de/p/hp-elitebook-860-g10-i5-1345u/
2025-09-28 03:08:43,434 - INFO - Scraping 3008/6851: https://www.refurbed.de/p/hp-elitebook-860-g10-i7-1355u/
2025-09-28 03:08:44,795 - INFO - Scraping 3009/6851: https://www.refurbed.de/p/hp-elitebook-860-g10-i7-1360p/
2025-09-28 03:08:46,399 - INFO - Scraping 3010/6851: https://www.refurbed.de/p/hp-elitebook-860-g10-i7-1365u/
2025-09-28 03:08:47,875 - INFO - Scraping 3011/6851: https://www.refurbed.de/p/hp-elitebook-860-g11-5-125h/
2025-09-28 03:08:49,501 - INFO - Scraping 3012/6851: https://www.refurbed.de/p/hp-elitebook-860-g11-5-125u/
2025-09-28 03:08:51,265 - INFO - Scraping 3013/6851: https://www.refurbed.de/p/hp-elitebook-860-g11-7-155h/
2025-09-28 03:08:52,831 - INFO - Scraping 3014/6851: https://www.refurbed.de/p/hp-elitebook-860-g11-7-155u/
2025-09-28 03:08:54,606 - INFO - Scraping 3015/6851: https://www.refurbed.de/p/hp-elitebook-860-g9-1235u-16/
2025-09-28 03:08:56,364 - INFO - Scraping 3016/6851: https://www.refurbed.de/p/hp-elitebook-860-g9-i5-1245u/
2025-09-28 03:08:57,967 - INFO - Scraping 3017/6851: https://www.refurbed.de/p/hp-elitebook-860-g9-i7-1255u/
2025-09-28 03:08:59,666 - INFO - Scraping 3018/6851: https://www.refurbed.de/p/hp-elitebook-860-g9-i7-1260p/
2025-09-28 03:09:01,324 - INFO - Scraping 3019/6851: https://www.refurbed.de/p/hp-elitebook-860-g9-i7-1265u/
2025-09-28 03:09:02,780 - INFO - Scraping 3020/6851: https://www.refurbed.de/p/hp-elitebook-865-g10-r-5-7540u/
2025-09-28 03:09:04,350 - INFO - Scraping 3021/6851: https://www.refurbed.de/p/hp-elitebook-865-g9-5-6650u/
2025-09-28 03:09:05,891 - INFO - Scraping 3022/6851: https://www.refurbed.de/p/hp-elitebook-folio-1040-g1-4200u/
2025-09-28 03:09:06,232 - ERROR - Error fetching https://www.refurbed.de/p/hp-elitebook-folio-1040-g1-4200u/: 404 Client Error: Not Found for url: https://www.refurbed.de/p/hp-elitebook-folio-1040-g1-4200u/
2025-09-28 03:09:07,234 - INFO - Scraping 3023/6851: https://www.refurbed.de/p/hp-elitebook-folio-1040-g1-4300u/
2025-09-28 03:09:07,534 - ERROR - Error fetching https://www.refurbed.de/p/hp-elitebook-folio-1040-g1-4300u/: 404 Client Error: Not Found for url: https://www.refurbed.de/p/hp-elitebook-folio-1040-g1-4300u/
2025-09-28 03:09:08,537 - INFO - Scraping 3024/6851: https://www.refurbed.de/p/hp-elitebook-folio-1040-g1-4600u/
2025-09-28 03:09:08,864 - ERROR - Error fetching https://www.refurbed.de/p/hp-elitebook-folio-1040-g1-4600u/: 404 Client Error: Not Found for url: https://www.refurbed.de/p/hp-elitebook-folio-1040-g1-4600u/
2025-09-28 03:09:09,866 - INFO - Scraping 3025/6851: https://www.refurbed.de/p/hp-elitebook-folio-1040-g2-5200u/
2025-09-28 03:09:10,551 - ERROR - Error fetching https://www.refurbed.de/p/hp-elitebook-folio-1040-g2-5200u/: 404 Client Error: Not Found for url: https://www.refurbed.de/p/hp-elitebook-folio-1040-g2-5200u/
2025-09-28 03:09:11,554 - INFO - Scraping 3026/6851: https://www.refurbed.de/p/hp-elitebook-folio-1040-g2-5300u/
2025-09-28 03:09:12,069 - ERROR - Error fetching https://www.refurbed.de/p/hp-elitebook-folio-1040-g2-5300u/: 404 Client Error: Not Found for url: https://www.refurbed.de/p/hp-elitebook-folio-1040-g2-5300u/
2025-09-28 03:09:13,071 - INFO - Scraping 3027/6851: https://www.refurbed.de/p/hp-elitebook-folio-1040-g2-5600u/
2025-09-28 03:09:13,428 - ERROR - Error fetching https://www.refurbed.de/p/hp-elitebook-folio-1040-g2-5600u/: 404 Client Error: Not Found for url: https://www.refurbed.de/p/hp-elitebook-folio-1040-g2-5600u/
2025-09-28 03:09:14,430 - INFO - Scraping 3028/6851: https://www.refurbed.de/p/hp-elitebook-folio-1040-g3-6200u/
2025-09-28 03:09:14,785 - ERROR - Error fetching https://www.refurbed.de/p/hp-elitebook-folio-1040-g3-6200u/: 404 Client Error: Not Found for url: https://www.refurbed.de/p/hp-elitebook-folio-1040-g3-6200u/
2025-09-28 03:09:15,787 - INFO - Scraping 3029/6851: https://www.refurbed.de/p/hp-elitebook-folio-1040-g3-6300u/
2025-09-28 03:09:16,047 - ERROR - Error fetching https://www.refurbed.de/p/hp-elitebook-folio-1040-g3-6300u/: 404 Client Error: Not Found for url: https://www.refurbed.de/p/hp-elitebook-folio-1040-g3-6300u/
2025-09-28 03:09:17,050 - INFO - Scraping 3030/6851: https://www.refurbed.de/p/hp-elitebook-folio-1040-g3-6600u/
2025-09-28 03:09:17,412 - ERROR - Error fetching https://www.refurbed.de/p/hp-elitebook-folio-1040-g3-6600u/: 404 Client Error: Not Found for url: https://www.refurbed.de/p/hp-elitebook-folio-1040-g3-6600u/
2025-09-28 03:09:18,415 - INFO - Scraping 3031/6851: https://www.refurbed.de/p/hp-elitebook-folio-1040-g3-i7-65/
2025-09-28 03:09:19,009 - ERROR - Error fetching https://www.refurbed.de/p/hp-elitebook-folio-1040-g3-i7-65/: 404 Client Error: Not Found for url: https://www.refurbed.de/p/hp-elitebook-folio-1040-g3-i7-65/
2025-09-28 03:09:20,011 - INFO - Scraping 3032/6851: https://www.refurbed.de/p/hp-elitebook-folio-2-in-1-13-5/
2025-09-28 03:09:21,543 - INFO - Scraping 3033/6851: https://www.refurbed.de/p/hp-elitebook-folio-9480m-i5-4310/
2025-09-28 03:09:21,889 - ERROR - Error fetching https://www.refurbed.de/p/hp-elitebook-folio-9480m-i5-4310/: 404 Client Error: Not Found for url: https://www.refurbed.de/p/hp-elitebook-folio-9480m-i5-4310/
2025-09-28 03:09:22,891 - INFO - Scraping 3034/6851: https://www.refurbed.de/p/hp-elitebook-folio-g1-m7-6y75/
2025-09-28 03:09:23,217 - ERROR - Error fetching https://www.refurbed.de/p/hp-elitebook-folio-g1-m7-6y75/: 404 Client Error: Not Found for url: https://www.refurbed.de/p/hp-elitebook-folio-g1-m7-6y75/
2025-09-28 03:09:24,219 - INFO - Scraping 3035/6851: https://www.refurbed.de/p/hp-elitebook-g7-10510u/
2025-09-28 03:09:26,255 - INFO - Scraping 3036/6851: https://www.refurbed.de/p/hp-elitebook-g7-10610u/
2025-09-28 03:09:27,999 - INFO - Scraping 3037/6851: https://www.refurbed.de/p/hp-elitebook-g7-i5-10210u/
2025-09-28 03:09:29,675 - INFO - Scraping 3038/6851: https://www.refurbed.de/p/hp-elitebook-g7-i5-10310u/
2025-09-28 03:09:31,305 - INFO - Scraping 3039/6851: https://www.refurbed.de/p/hp-elitebook-x360-1020-g2-7300u/
2025-09-28 03:09:31,612 - ERROR - Error fetching https://www.refurbed.de/p/hp-elitebook-x360-1020-g2-7300u/: 404 Client Error: Not Found for url: https://www.refurbed.de/p/hp-elitebook-x360-1020-g2-7300u/
2025-09-28 03:09:32,614 - INFO - Scraping 3040/6851: https://www.refurbed.de/p/hp-elitebook-x360-1030-g2-7200u/
2025-09-28 03:09:33,263 - ERROR - Error fetching https://www.refurbed.de/p/hp-elitebook-x360-1030-g2-7200u/: 404 Client Error: Not Found for url: https://www.refurbed.de/p/hp-elitebook-x360-1030-g2-7200u/
2025-09-28 03:09:34,266 - INFO - Scraping 3041/6851: https://www.refurbed.de/p/hp-elitebook-x360-1030-g2-7300u/
2025-09-28 03:09:34,965 - ERROR - Error fetching https://www.refurbed.de/p/hp-elitebook-x360-1030-g2-7300u/: 404 Client Error: Not Found for url: https://www.refurbed.de/p/hp-elitebook-x360-1030-g2-7300u/
2025-09-28 03:09:35,967 - INFO - Scraping 3042/6851: https://www.refurbed.de/p/hp-elitebook-x360-1030-g2-7500u/
2025-09-28 03:09:36,403 - ERROR - Error fetching https://www.refurbed.de/p/hp-elitebook-x360-1030-g2-7500u/: 404 Client Error: Not Found for url: https://www.refurbed.de/p/hp-elitebook-x360-1030-g2-7500u/
2025-09-28 03:09:37,405 - INFO - Scraping 3043/6851: https://www.refurbed.de/p/hp-elitebook-x360-1030-g2-7600u/
2025-09-28 03:09:37,689 - ERROR - Error fetching https://www.refurbed.de/p/hp-elitebook-x360-1030-g2-7600u/: 404 Client Error: Not Found for url: https://www.refurbed.de/p/hp-elitebook-x360-1030-g2-7600u/
2025-09-28 03:09:38,691 - INFO - Scraping 3044/6851: https://www.refurbed.de/p/hp-elitebook-x360-1030-g3-7600u/
2025-09-28 03:09:38,987 - ERROR - Error fetching https://www.refurbed.de/p/hp-elitebook-x360-1030-g3-7600u/: 404 Client Error: Not Found for url: https://www.refurbed.de/p/hp-elitebook-x360-1030-g3-7600u/
2025-09-28 03:09:39,989 - INFO - Scraping 3045/6851: https://www.refurbed.de/p/hp-elitebook-x360-1030-g3-8250u/
2025-09-28 03:09:41,553 - INFO - Scraping 3046/6851: https://www.refurbed.de/p/hp-elitebook-x360-1030-g3-8350u/
2025-09-28 03:09:43,163 - INFO - Scraping 3047/6851: https://www.refurbed.de/p/hp-elitebook-x360-1030-g3-85550u/
2025-09-28 03:09:44,656 - INFO - Scraping 3048/6851: https://www.refurbed.de/p/hp-elitebook-x360-1030-g3-8650u/
2025-09-28 03:09:46,779 - INFO - Scraping 3049/6851: https://www.refurbed.de/p/hp-elitebook-x360-1030-g3-8850u/
2025-09-28 03:09:47,089 - ERROR - Error fetching https://www.refurbed.de/p/hp-elitebook-x360-1030-g3-8850u/: 404 Client Error: Not Found for url: https://www.refurbed.de/p/hp-elitebook-x360-1030-g3-8850u/
2025-09-28 03:09:48,091 - INFO - Scraping 3050/6851: https://www.refurbed.de/p/hp-elitebook-x360-1030-g4-8265u/
2025-09-28 03:09:49,592 - INFO - Scraping 3051/6851: https://www.refurbed.de/p/hp-elitebook-x360-1030-g4-8365u/
2025-09-28 03:09:51,307 - INFO - Scraping 3052/6851: https://www.refurbed.de/p/hp-elitebook-x360-1030-g7-10210u/
2025-09-28 03:09:52,900 - INFO - Scraping 3053/6851: https://www.refurbed.de/p/hp-elitebook-x360-1030-g7-10310u/
2025-09-28 03:09:54,473 - INFO - Scraping 3054/6851: https://www.refurbed.de/p/hp-elitebook-x360-1030-g7-10610u/
2025-09-28 03:09:56,047 - INFO - Scraping 3055/6851: https://www.refurbed.de/p/hp-elitebook-x360-1030-g7-10810u/
2025-09-28 03:09:57,578 - INFO - Scraping 3056/6851: https://www.refurbed.de/p/hp-elitebook-x360-1030-g8-1135g7/
2025-09-28 03:09:59,372 - INFO - Scraping 3057/6851: https://www.refurbed.de/p/hp-elitebook-x360-1030-g8-1145g7/
2025-09-28 03:10:00,958 - INFO - Scraping 3058/6851: https://www.refurbed.de/p/hp-elitebook-x360-1030-g8-1165g7/
2025-09-28 03:10:02,465 - INFO - Scraping 3059/6851: https://www.refurbed.de/p/hp-elitebook-x360-1030-g8-1185g7/
2025-09-28 03:10:04,130 - INFO - Scraping 3060/6851: https://www.refurbed.de/p/hp-elitebook-x360-1040-g10-1355u/
2025-09-28 03:10:05,669 - INFO - Scraping 3061/6851: https://www.refurbed.de/p/hp-elitebook-x360-1040-g5-8250u/
2025-09-28 03:10:07,370 - INFO - Scraping 3062/6851: https://www.refurbed.de/p/hp-elitebook-x360-1040-g5-8350u/
2025-09-28 03:10:09,001 - INFO - Scraping 3063/6851: https://www.refurbed.de/p/hp-elitebook-x360-1040-g5-8550u/
2025-09-28 03:10:10,772 - INFO - Scraping 3064/6851: https://www.refurbed.de/p/hp-elitebook-x360-1040-g6-8265u/
2025-09-28 03:10:12,439 - INFO - Scraping 3065/6851: https://www.refurbed.de/p/hp-elitebook-x360-1040-g6-8365u/
2025-09-28 03:10:14,081 - INFO - Scraping 3066/6851: https://www.refurbed.de/p/hp-elitebook-x360-1040-g6-8565u/
2025-09-28 03:10:15,961 - INFO - Scraping 3067/6851: https://www.refurbed.de/p/hp-elitebook-x360-1040-g6-8665u/
2025-09-28 03:10:17,527 - INFO - Scraping 3068/6851: https://www.refurbed.de/p/hp-elitebook-x360-1040-g7-10310u/
2025-09-28 03:10:20,309 - INFO - Scraping 3069/6851: https://www.refurbed.de/p/hp-elitebook-x360-1040-g7-10610u/
2025-09-28 03:10:21,979 - INFO - Scraping 3070/6851: https://www.refurbed.de/p/hp-elitebook-x360-1040-g7-10710u/
2025-09-28 03:10:23,601 - INFO - Scraping 3071/6851: https://www.refurbed.de/p/hp-elitebook-x360-1040-g8-1135g7/
2025-09-28 03:10:25,449 - INFO - Scraping 3072/6851: https://www.refurbed.de/p/hp-elitebook-x360-1040-g8-1146g7/
2025-09-28 03:10:27,165 - INFO - Scraping 3073/6851: https://www.refurbed.de/p/hp-elitebook-x360-1040-g8-1165g7/
2025-09-28 03:10:28,915 - INFO - Scraping 3074/6851: https://www.refurbed.de/p/hp-elitebook-x360-1040-g8-1185g7/
2025-09-28 03:10:31,030 - INFO - Scraping 3075/6851: https://www.refurbed.de/p/hp-elitebook-x360-1040-g9-1235u/
2025-09-28 03:10:33,009 - INFO - Scraping 3076/6851: https://www.refurbed.de/p/hp-elitebook-x360-1040-g9-1245u/
2025-09-28 03:10:34,620 - INFO - Scraping 3077/6851: https://www.refurbed.de/p/hp-elitebook-x360-1040-g9-1255u/
2025-09-28 03:10:36,089 - INFO - Scraping 3078/6851: https://www.refurbed.de/p/hp-elitebook-x360-1040-g9-1265u/
2025-09-28 03:10:37,847 - INFO - Scraping 3079/6851: https://www.refurbed.de/p/hp-elitebook-x360-830-g10-1335u/
2025-09-28 03:10:39,315 - INFO - Scraping 3080/6851: https://www.refurbed.de/p/hp-elitebook-x360-830-g10-1355u/
2025-09-28 03:10:41,208 - INFO - Scraping 3081/6851: https://www.refurbed.de/p/hp-elitebook-x360-830-g6-8265u/
2025-09-28 03:10:43,119 - INFO - Scraping 3082/6851: https://www.refurbed.de/p/hp-elitebook-x360-830-g6-8365u/
2025-09-28 03:10:44,783 - INFO - Scraping 3083/6851: https://www.refurbed.de/p/hp-elitebook-x360-830-g6-8565u/
2025-09-28 03:10:46,549 - INFO - Scraping 3084/6851: https://www.refurbed.de/p/hp-elitebook-x360-830-g7-101210u/
2025-09-28 03:10:48,901 - INFO - Scraping 3085/6851: https://www.refurbed.de/p/hp-elitebook-x360-830-g7-101710u/
2025-09-28 03:10:50,972 - INFO - Scraping 3086/6851: https://www.refurbed.de/p/hp-elitebook-x360-830-g7-10310u/
2025-09-28 03:10:52,978 - INFO - Scraping 3087/6851: https://www.refurbed.de/p/hp-elitebook-x360-830-g7-10510u/
2025-09-28 03:10:54,694 - INFO - Scraping 3088/6851: https://www.refurbed.de/p/hp-elitebook-x360-830-g8-1135g7/
2025-09-28 03:10:56,260 - INFO - Scraping 3089/6851: https://www.refurbed.de/p/hp-elitebook-x360-830-g8-1145g7/
2025-09-28 03:10:57,829 - INFO - Scraping 3090/6851: https://www.refurbed.de/p/hp-elitebook-x360-830-g8-1165g7/
2025-09-28 03:10:59,271 - INFO - Scraping 3091/6851: https://www.refurbed.de/p/hp-elitebook-x360-830-g8-1185g7/
2025-09-28 03:11:00,831 - INFO - Scraping 3092/6851: https://www.refurbed.de/p/hp-elitebook-x360-830-g9-1235u/
2025-09-28 03:11:02,504 - INFO - Scraping 3093/6851: https://www.refurbed.de/p/hp-elitebook-x360-830-g9-1245u/
2025-09-28 03:11:04,181 - INFO - Scraping 3094/6851: https://www.refurbed.de/p/hp-elitebook-x360-830-g9-1255u/
2025-09-28 03:11:05,678 - INFO - Scraping 3095/6851: https://www.refurbed.de/p/hp-elitebook-x360-g4-i7-8565u/
2025-09-28 03:11:07,122 - INFO - Scraping 3096/6851: https://www.refurbed.de/p/hp-elitebook-x360-g4-i7-8665u/
2025-09-28 03:11:08,734 - INFO - Scraping 3097/6851: https://www.refurbed.de/p/hp-elitedesk-600-g2-sff/
2025-09-28 03:11:09,020 - ERROR - Error fetching https://www.refurbed.de/p/hp-elitedesk-600-g2-sff/: 404 Client Error: Not Found for url: https://www.refurbed.de/p/hp-elitedesk-600-g2-sff/
2025-09-28 03:11:10,022 - INFO - Scraping 3098/6851: https://www.refurbed.de/p/hp-elitedesk-705-g1-dm/
2025-09-28 03:11:10,307 - ERROR - Error fetching https://www.refurbed.de/p/hp-elitedesk-705-g1-dm/: 404 Client Error: Not Found for url: https://www.refurbed.de/p/hp-elitedesk-705-g1-dm/
2025-09-28 03:11:11,309 - INFO - Scraping 3099/6851: https://www.refurbed.de/p/hp-elitedesk-705-g1-mt/
2025-09-28 03:11:11,664 - ERROR - Error fetching https://www.refurbed.de/p/hp-elitedesk-705-g1-mt/: 404 Client Error: Not Found for url: https://www.refurbed.de/p/hp-elitedesk-705-g1-mt/
2025-09-28 03:11:12,666 - INFO - Scraping 3100/6851: https://www.refurbed.de/p/hp-elitedesk-705-g1-sff-a10/
2025-09-28 03:11:13,010 - ERROR - Error fetching https://www.refurbed.de/p/hp-elitedesk-705-g1-sff-a10/: 404 Client Error: Not Found for url: https://www.refurbed.de/p/hp-elitedesk-705-g1-sff-a10/
2025-09-28 03:11:14,012 - INFO - Scraping 3101/6851: https://www.refurbed.de/p/hp-elitedesk-705-g2-dm/
2025-09-28 03:11:14,295 - ERROR - Error fetching https://www.refurbed.de/p/hp-elitedesk-705-g2-dm/: 404 Client Error: Not Found for url: https://www.refurbed.de/p/hp-elitedesk-705-g2-dm/
2025-09-28 03:11:15,297 - INFO - Scraping 3102/6851: https://www.refurbed.de/p/hp-elitedesk-705-g2-sff/
2025-09-28 03:11:15,959 - ERROR - Error fetching https://www.refurbed.de/p/hp-elitedesk-705-g2-sff/: 404 Client Error: Not Found for url: https://www.refurbed.de/p/hp-elitedesk-705-g2-sff/
2025-09-28 03:11:16,962 - INFO - Scraping 3103/6851: https://www.refurbed.de/p/hp-elitedesk-705-g3-dm-usff/
2025-09-28 03:11:17,374 - ERROR - Error fetching https://www.refurbed.de/p/hp-elitedesk-705-g3-dm-usff/: 404 Client Error: Not Found for url: https://www.refurbed.de/p/hp-elitedesk-705-g3-dm-usff/
2025-09-28 03:11:18,377 - INFO - Scraping 3104/6851: https://www.refurbed.de/p/hp-elitedesk-705-g3-mt/
2025-09-28 03:11:18,642 - ERROR - Error fetching https://www.refurbed.de/p/hp-elitedesk-705-g3-mt/: 404 Client Error: Not Found for url: https://www.refurbed.de/p/hp-elitedesk-705-g3-mt/
2025-09-28 03:11:19,645 - INFO - Scraping 3105/6851: https://www.refurbed.de/p/hp-elitedesk-705-g3-sff/
2025-09-28 03:11:20,133 - ERROR - Error fetching https://www.refurbed.de/p/hp-elitedesk-705-g3-sff/: 404 Client Error: Not Found for url: https://www.refurbed.de/p/hp-elitedesk-705-g3-sff/
2025-09-28 03:11:21,135 - INFO - Scraping 3106/6851: https://www.refurbed.de/p/hp-elitedesk-705-g3/
2025-09-28 03:11:21,346 - ERROR - Error fetching https://www.refurbed.de/p/hp-elitedesk-705-g3/: 404 Client Error: Not Found for url: https://www.refurbed.de/p/hp-elitedesk-705-g3/
2025-09-28 03:11:22,348 - INFO - Scraping 3107/6851: https://www.refurbed.de/p/hp-elitedesk-705-g4-dm/
2025-09-28 03:11:22,695 - ERROR - Error fetching https://www.refurbed.de/p/hp-elitedesk-705-g4-dm/: 404 Client Error: Not Found for url: https://www.refurbed.de/p/hp-elitedesk-705-g4-dm/
2025-09-28 03:11:23,697 - INFO - Scraping 3108/6851: https://www.refurbed.de/p/hp-elitedesk-705-g4-mt/
2025-09-28 03:11:24,477 - ERROR - Error fetching https://www.refurbed.de/p/hp-elitedesk-705-g4-mt/: 404 Client Error: Not Found for url: https://www.refurbed.de/p/hp-elitedesk-705-g4-mt/
2025-09-28 03:11:25,479 - INFO - Scraping 3109/6851: https://www.refurbed.de/p/hp-elitedesk-705-g4-sff/
2025-09-28 03:11:27,047 - INFO - Scraping 3110/6851: https://www.refurbed.de/p/hp-elitedesk-705-g4/
2025-09-28 03:11:27,833 - ERROR - Error fetching https://www.refurbed.de/p/hp-elitedesk-705-g4/: 404 Client Error: Not Found for url: https://www.refurbed.de/p/hp-elitedesk-705-g4/
2025-09-28 03:11:28,835 - INFO - Scraping 3111/6851: https://www.refurbed.de/p/hp-elitedesk-705-g5-mini/
2025-09-28 03:11:30,731 - INFO - Scraping 3112/6851: https://www.refurbed.de/p/hp-elitedesk-705-g5-sff/
2025-09-28 03:11:32,541 - INFO - Scraping 3113/6851: https://www.refurbed.de/p/hp-elitedesk-800-g1-dm-i5/
2025-09-28 03:11:32,818 - ERROR - Error fetching https://www.refurbed.de/p/hp-elitedesk-800-g1-dm-i5/: 404 Client Error: Not Found for url: https://www.refurbed.de/p/hp-elitedesk-800-g1-dm-i5/
2025-09-28 03:11:33,820 - INFO - Scraping 3114/6851: https://www.refurbed.de/p/hp-elitedesk-800-g1-intel/
2025-09-28 03:11:34,136 - ERROR - Error fetching https://www.refurbed.de/p/hp-elitedesk-800-g1-intel/: 404 Client Error: Not Found for url: https://www.refurbed.de/p/hp-elitedesk-800-g1-intel/
2025-09-28 03:11:35,138 - INFO - Scraping 3115/6851: https://www.refurbed.de/p/hp-elitedesk-800-g1-sff-i5-4590/
2025-09-28 03:11:35,400 - ERROR - Error fetching https://www.refurbed.de/p/hp-elitedesk-800-g1-sff-i5-4590/: 404 Client Error: Not Found for url: https://www.refurbed.de/p/hp-elitedesk-800-g1-sff-i5-4590/
2025-09-28 03:11:36,402 - INFO - Scraping 3116/6851: https://www.refurbed.de/p/hp-elitedesk-800-g1-sff-i7/
2025-09-28 03:11:36,836 - ERROR - Error fetching https://www.refurbed.de/p/hp-elitedesk-800-g1-sff-i7/: 404 Client Error: Not Found for url: https://www.refurbed.de/p/hp-elitedesk-800-g1-sff-i7/
2025-09-28 03:11:37,838 - INFO - Scraping 3117/6851: https://www.refurbed.de/p/hp-elitedesk-800-g1-sff/
2025-09-28 03:11:38,138 - ERROR - Error fetching https://www.refurbed.de/p/hp-elitedesk-800-g1-sff/: 404 Client Error: Not Found for url: https://www.refurbed.de/p/hp-elitedesk-800-g1-sff/
2025-09-28 03:11:39,141 - INFO - Scraping 3118/6851: https://www.refurbed.de/p/hp-elitedesk-800-g1-tower/
2025-09-28 03:11:39,410 - ERROR - Error fetching https://www.refurbed.de/p/hp-elitedesk-800-g1-tower/: 404 Client Error: Not Found for url: https://www.refurbed.de/p/hp-elitedesk-800-g1-tower/
2025-09-28 03:11:40,412 - INFO - Scraping 3119/6851: https://www.refurbed.de/p/hp-elitedesk-800-g1-twr-i3-4130/
2025-09-28 03:11:40,659 - ERROR - Error fetching https://www.refurbed.de/p/hp-elitedesk-800-g1-twr-i3-4130/: 404 Client Error: Not Found for url: https://www.refurbed.de/p/hp-elitedesk-800-g1-twr-i3-4130/
2025-09-28 03:11:41,661 - INFO - Scraping 3120/6851: https://www.refurbed.de/p/hp-elitedesk-800-g1-twr-i7-4790/
2025-09-28 03:11:42,023 - ERROR - Error fetching https://www.refurbed.de/p/hp-elitedesk-800-g1-twr-i7-4790/: 404 Client Error: Not Found for url: https://www.refurbed.de/p/hp-elitedesk-800-g1-twr-i7-4790/
2025-09-28 03:11:43,025 - INFO - Scraping 3121/6851: https://www.refurbed.de/p/hp-elitedesk-800-g1-usdt/
2025-09-28 03:11:43,296 - ERROR - Error fetching https://www.refurbed.de/p/hp-elitedesk-800-g1-usdt/: 404 Client Error: Not Found for url: https://www.refurbed.de/p/hp-elitedesk-800-g1-usdt/
2025-09-28 03:11:44,298 - INFO - Scraping 3122/6851: https://www.refurbed.de/p/hp-elitedesk-800-g2-dm-i5/
2025-09-28 03:11:44,770 - ERROR - Error fetching https://www.refurbed.de/p/hp-elitedesk-800-g2-dm-i5/: 404 Client Error: Not Found for url: https://www.refurbed.de/p/hp-elitedesk-800-g2-dm-i5/
2025-09-28 03:11:45,772 - INFO - Scraping 3123/6851: https://www.refurbed.de/p/hp-elitedesk-800-g2-sff-i7/
2025-09-28 03:11:46,326 - ERROR - Error fetching https://www.refurbed.de/p/hp-elitedesk-800-g2-sff-i7/: 404 Client Error: Not Found for url: https://www.refurbed.de/p/hp-elitedesk-800-g2-sff-i7/
2025-09-28 03:11:47,328 - INFO - Scraping 3124/6851: https://www.refurbed.de/p/hp-elitedesk-800-g2-sff/
2025-09-28 03:11:47,583 - ERROR - Error fetching https://www.refurbed.de/p/hp-elitedesk-800-g2-sff/: 404 Client Error: Not Found for url: https://www.refurbed.de/p/hp-elitedesk-800-g2-sff/
2025-09-28 03:11:48,585 - INFO - Scraping 3125/6851: https://www.refurbed.de/p/hp-elitedesk-800-g2-twr-i6th/
2025-09-28 03:11:49,400 - ERROR - Error fetching https://www.refurbed.de/p/hp-elitedesk-800-g2-twr-i6th/: 404 Client Error: Not Found for url: https://www.refurbed.de/p/hp-elitedesk-800-g2-twr-i6th/
2025-09-28 03:11:50,402 - INFO - Scraping 3126/6851: https://www.refurbed.de/p/hp-elitedesk-800-g2-usff-g4400t/
2025-09-28 03:11:50,680 - ERROR - Error fetching https://www.refurbed.de/p/hp-elitedesk-800-g2-usff-g4400t/: 404 Client Error: Not Found for url: https://www.refurbed.de/p/hp-elitedesk-800-g2-usff-g4400t/
2025-09-28 03:11:51,682 - INFO - Scraping 3127/6851: https://www.refurbed.de/p/hp-elitedesk-800-g2-usff-int6th/
2025-09-28 03:11:52,041 - ERROR - Error fetching https://www.refurbed.de/p/hp-elitedesk-800-g2-usff-int6th/: 404 Client Error: Not Found for url: https://www.refurbed.de/p/hp-elitedesk-800-g2-usff-int6th/
2025-09-28 03:11:53,043 - INFO - Scraping 3128/6851: https://www.refurbed.de/p/hp-elitedesk-800-g3-dm-intel-6th/
2025-09-28 03:11:53,294 - ERROR - Error fetching https://www.refurbed.de/p/hp-elitedesk-800-g3-dm-intel-6th/: 404 Client Error: Not Found for url: https://www.refurbed.de/p/hp-elitedesk-800-g3-dm-intel-6th/
2025-09-28 03:11:54,296 - INFO - Scraping 3129/6851: https://www.refurbed.de/p/hp-elitedesk-800-g3-sff-intel-6/
2025-09-28 03:11:54,748 - ERROR - Error fetching https://www.refurbed.de/p/hp-elitedesk-800-g3-sff-intel-6/: 404 Client Error: Not Found for url: https://www.refurbed.de/p/hp-elitedesk-800-g3-sff-intel-6/
2025-09-28 03:11:55,750 - INFO - Scraping 3130/6851: https://www.refurbed.de/p/hp-elitedesk-800-g3-twr/
2025-09-28 03:11:56,025 - ERROR - Error fetching https://www.refurbed.de/p/hp-elitedesk-800-g3-twr/: 404 Client Error: Not Found for url: https://www.refurbed.de/p/hp-elitedesk-800-g3-twr/
2025-09-28 03:11:57,027 - INFO - Scraping 3131/6851: https://www.refurbed.de/p/hp-elitedesk-800-g4-mt/
2025-09-28 03:11:58,626 - INFO - Scraping 3132/6851: https://www.refurbed.de/p/hp-elitedesk-800-g4-sff/
2025-09-28 03:12:00,220 - INFO - Scraping 3133/6851: https://www.refurbed.de/p/hp-elitedesk-800-g4-ws-edition/
2025-09-28 03:12:01,645 - INFO - Scraping 3134/6851: https://www.refurbed.de/p/hp-elitedesk-800-g4/
2025-09-28 03:12:03,280 - INFO - Scraping 3135/6851: https://www.refurbed.de/p/hp-elitedesk-800-g5-dm/
2025-09-28 03:12:04,816 - INFO - Scraping 3136/6851: https://www.refurbed.de/p/hp-elitedesk-800-g5-sff/
2025-09-28 03:12:06,519 - INFO - Scraping 3137/6851: https://www.refurbed.de/p/hp-elitedesk-800-g5-twr/
2025-09-28 03:12:08,449 - INFO - Scraping 3138/6851: https://www.refurbed.de/p/hp-elitedesk-800-g6-dm/
2025-09-28 03:12:10,014 - INFO - Scraping 3139/6851: https://www.refurbed.de/p/hp-elitedesk-800-g6-sff/
2025-09-28 03:12:11,628 - INFO - Scraping 3140/6851: https://www.refurbed.de/p/hp-elitedesk-800-g6-twr/
2025-09-28 03:12:13,318 - INFO - Scraping 3141/6851: https://www.refurbed.de/p/hp-elitedesk-800-g8-twr/
2025-09-28 03:12:14,794 - INFO - Scraping 3142/6851: https://www.refurbed.de/p/hp-elitedesk-800-g9-sff/
2025-09-28 03:12:16,209 - INFO - Scraping 3143/6851: https://www.refurbed.de/p/hp-elitedesk-805-g6-mini/
2025-09-28 03:12:17,825 - INFO - Scraping 3144/6851: https://www.refurbed.de/p/hp-elitedesk-805-g6-sff/
2025-09-28 03:12:19,514 - INFO - Scraping 3145/6851: https://www.refurbed.de/p/hp-elitedesk-8300-sff/
2025-09-28 03:12:19,889 - ERROR - Error fetching https://www.refurbed.de/p/hp-elitedesk-8300-sff/: 404 Client Error: Not Found for url: https://www.refurbed.de/p/hp-elitedesk-8300-sff/
2025-09-28 03:12:20,892 - INFO - Scraping 3146/6851: https://www.refurbed.de/p/hp-elitedisplay-e201/
2025-09-28 03:12:22,369 - INFO - Scraping 3147/6851: https://www.refurbed.de/p/hp-elitedisplay-e221-21-5/
2025-09-28 03:12:24,820 - INFO - Scraping 3148/6851: https://www.refurbed.de/p/hp-elitedisplay-e221c-21-5/
2025-09-28 03:12:26,380 - INFO - Scraping 3149/6851: https://www.refurbed.de/p/hp-elitedisplay-e222-21-5/
2025-09-28 03:12:28,287 - INFO - Scraping 3150/6851: https://www.refurbed.de/p/hp-elitedisplay-e223-21/
2025-09-28 03:12:29,818 - INFO - Scraping 3151/6851: https://www.refurbed.de/p/hp-elitedisplay-e231/
2025-09-28 03:12:31,448 - INFO - Scraping 3152/6851: https://www.refurbed.de/p/hp-elitedisplay-e231i-23/
2025-09-28 03:12:33,549 - INFO - Scraping 3153/6851: https://www.refurbed.de/p/hp-elitedisplay-e232/
2025-09-28 03:12:35,451 - INFO - Scraping 3154/6851: https://www.refurbed.de/p/hp-elitedisplay-e233/
2025-09-28 03:12:37,032 - INFO - Scraping 3155/6851: https://www.refurbed.de/p/hp-elitedisplay-e240/
2025-09-28 03:12:38,682 - INFO - Scraping 3156/6851: https://www.refurbed.de/p/hp-elitedisplay-e240c/
2025-09-28 03:12:40,452 - INFO - Scraping 3157/6851: https://www.refurbed.de/p/hp-elitedisplay-e241i/
2025-09-28 03:12:42,248 - INFO - Scraping 3158/6851: https://www.refurbed.de/p/hp-elitedisplay-e242/
2025-09-28 03:12:43,857 - INFO - Scraping 3159/6851: https://www.refurbed.de/p/hp-elitedisplay-e243/
2025-09-28 03:12:45,684 - INFO - Scraping 3160/6851: https://www.refurbed.de/p/hp-elitedisplay-e243d/
2025-09-28 03:12:47,592 - INFO - Scraping 3161/6851: https://www.refurbed.de/p/hp-elitedisplay-e243i/
2025-09-28 03:12:49,514 - INFO - Scraping 3162/6851: https://www.refurbed.de/p/hp-elitedisplay-e243m-23-8/
2025-09-28 03:12:51,318 - INFO - Scraping 3163/6851: https://www.refurbed.de/p/hp-elitedisplay-e24d-g4/
2025-09-28 03:12:52,858 - INFO - Scraping 3164/6851: https://www.refurbed.de/p/hp-elitedisplay-e271i/
2025-09-28 03:12:54,765 - INFO - Scraping 3165/6851: https://www.refurbed.de/p/hp-elitedisplay-e272q/
2025-09-28 03:12:57,684 - INFO - Scraping 3166/6851: https://www.refurbed.de/p/hp-elitedisplay-e273-27/
2025-09-28 03:12:59,503 - INFO - Scraping 3167/6851: https://www.refurbed.de/p/hp-elitedisplay-e273d-27/
2025-09-28 03:13:00,968 - INFO - Scraping 3168/6851: https://www.refurbed.de/p/hp-elitedisplay-e273q-27/
2025-09-28 03:13:02,884 - INFO - Scraping 3169/6851: https://www.refurbed.de/p/hp-elitedisplay-s140u-14/
2025-09-28 03:13:04,371 - INFO - Scraping 3170/6851: https://www.refurbed.de/p/hp-elitedisplay-s340c/
2025-09-28 03:13:05,930 - INFO - Scraping 3171/6851: https://www.refurbed.de/p/hp-elitedisplaye-e242/
2025-09-28 03:13:07,818 - INFO - Scraping 3172/6851: https://www.refurbed.de/p/hp-eliteone-800-g2/
2025-09-28 03:13:08,519 - ERROR - Error fetching https://www.refurbed.de/p/hp-eliteone-800-g2/: 404 Client Error: Not Found for url: https://www.refurbed.de/p/hp-eliteone-800-g2/
2025-09-28 03:13:09,522 - INFO - Scraping 3173/6851: https://www.refurbed.de/p/hp-eliteone-800-g3/
2025-09-28 03:13:09,809 - ERROR - Error fetching https://www.refurbed.de/p/hp-eliteone-800-g3/: 404 Client Error: Not Found for url: https://www.refurbed.de/p/hp-eliteone-800-g3/
2025-09-28 03:13:10,811 - INFO - Scraping 3174/6851: https://www.refurbed.de/p/hp-eliteone-800-g4/
2025-09-28 03:13:12,406 - INFO - Scraping 3175/6851: https://www.refurbed.de/p/hp-eliteone-800-g5/
2025-09-28 03:13:14,094 - INFO - Scraping 3176/6851: https://www.refurbed.de/p/hp-eliteone-800-g6/
2025-09-28 03:13:15,509 - INFO - Scraping 3177/6851: https://www.refurbed.de/p/hp-eliteone-840-g9/
2025-09-28 03:13:17,054 - INFO - Scraping 3178/6851: https://www.refurbed.de/p/hp-eliteone-870-g9-27/
2025-09-28 03:13:18,738 - INFO - Scraping 3179/6851: https://www.refurbed.de/p/hp-elitepad-900-g1-tablet/
2025-09-28 03:13:19,374 - ERROR - Error fetching https://www.refurbed.de/p/hp-elitepad-900-g1-tablet/: 404 Client Error: Not Found for url: https://www.refurbed.de/p/hp-elitepad-900-g1-tablet/
2025-09-28 03:13:20,377 - INFO - Scraping 3180/6851: https://www.refurbed.de/p/hp-elitepad-dock-station-c0m84aa/
2025-09-28 03:13:21,967 - INFO - Scraping 3181/6851: https://www.refurbed.de/p/hp-elitepad-productivity-jacket/
2025-09-28 03:13:23,596 - INFO - Scraping 3182/6851: https://www.refurbed.de/p/hp-engage-flex-pro-c/
2025-09-28 03:13:25,185 - INFO - Scraping 3183/6851: https://www.refurbed.de/p/hp-env-x360-2in1-fh0000nb-7730u/
2025-09-28 03:13:25,837 - ERROR - Error fetching https://www.refurbed.de/p/hp-env-x360-2in1-fh0000nb-7730u/: 404 Client Error: Not Found for url: https://www.refurbed.de/p/hp-env-x360-2in1-fh0000nb-7730u/
2025-09-28 03:13:26,839 - INFO - Scraping 3184/6851: https://www.refurbed.de/p/hp-env-x360-2in1-fh0007nf-7530u/
2025-09-28 03:13:28,766 - INFO - Scraping 3185/6851: https://www.refurbed.de/p/hp-env-x360-2in1-fh0155ng-7530u/
2025-09-28 03:13:30,328 - INFO - Scraping 3186/6851: https://www.refurbed.de/p/hp-envy-13-ab038nf-i7-7500u/
2025-09-28 03:13:31,172 - ERROR - Error fetching https://www.refurbed.de/p/hp-envy-13-ab038nf-i7-7500u/: 404 Client Error: Not Found for url: https://www.refurbed.de/p/hp-envy-13-ab038nf-i7-7500u/
2025-09-28 03:13:32,175 - INFO - Scraping 3187/6851: https://www.refurbed.de/p/hp-envy-13-ah0004ns-i7-8550u/
2025-09-28 03:13:33,956 - INFO - Scraping 3188/6851: https://www.refurbed.de/p/hp-envy-13-aq1003nf-10510u-13-3/
2025-09-28 03:13:35,498 - INFO - Scraping 3189/6851: https://www.refurbed.de/p/hp-envy-13-aq1015n-10510u-13-3/
2025-09-28 03:13:36,976 - INFO - Scraping 3190/6851: https://www.refurbed.de/p/hp-envy-13-ba-1165g7/
2025-09-28 03:13:38,470 - INFO - Scraping 3191/6851: https://www.refurbed.de/p/hp-envy-13-ba-i5-10210u/
2025-09-28 03:13:39,366 - ERROR - Error fetching https://www.refurbed.de/p/hp-envy-13-ba-i5-10210u/: 404 Client Error: Not Found for url: https://www.refurbed.de/p/hp-envy-13-ba-i5-10210u/
2025-09-28 03:13:40,368 - INFO - Scraping 3192/6851: https://www.refurbed.de/p/hp-envy-13-ba-i5-1135g7/
2025-09-28 03:13:42,309 - INFO - Scraping 3193/6851: https://www.refurbed.de/p/hp-envy-13-d022nf-i5-6200u/
2025-09-28 03:13:42,848 - ERROR - Error fetching https://www.refurbed.de/p/hp-envy-13-d022nf-i5-6200u/: 404 Client Error: Not Found for url: https://www.refurbed.de/p/hp-envy-13-d022nf-i5-6200u/
2025-09-28 03:13:43,850 - INFO - Scraping 3194/6851: https://www.refurbed.de/p/hp-envy-13aq0011nf-i7-8565u/
2025-09-28 03:13:45,304 - INFO - Scraping 3195/6851: https://www.refurbed.de/p/hp-envy-14-eb-1165g7/
2025-09-28 03:13:46,919 - INFO - Scraping 3196/6851: https://www.refurbed.de/p/hp-envy-14-eb-i7-11390h/
2025-09-28 03:13:48,532 - INFO - Scraping 3197/6851: https://www.refurbed.de/p/hp-envy-14-eb0100nd-i5-1135g7/
2025-09-28 03:13:48,795 - ERROR - Error fetching https://www.refurbed.de/p/hp-envy-14-eb0100nd-i5-1135g7/: 404 Client Error: Not Found for url: https://www.refurbed.de/p/hp-envy-14-eb0100nd-i5-1135g7/
2025-09-28 03:13:49,798 - INFO - Scraping 3198/6851: https://www.refurbed.de/p/hp-envy-15-ep1077ng-11800h/
2025-09-28 03:13:51,517 - INFO - Scraping 3199/6851: https://www.refurbed.de/p/hp-envy-15-ep1790ng-11900h/
2025-09-28 03:13:53,429 - INFO - Scraping 3200/6851: https://www.refurbed.de/p/hp-envy-15-i7-4702mq/
2025-09-28 03:13:54,068 - ERROR - Error fetching https://www.refurbed.de/p/hp-envy-15-i7-4702mq/: 404 Client Error: Not Found for url: https://www.refurbed.de/p/hp-envy-15-i7-4702mq/
2025-09-28 03:13:55,070 - INFO - Scraping 3201/6851: https://www.refurbed.de/p/hp-envy-16-h-12700h-16/
2025-09-28 03:13:56,524 - INFO - Scraping 3202/6851: https://www.refurbed.de/p/hp-envy-16-h0097ng-12700h-16/
2025-09-28 03:13:58,110 - INFO - Scraping 3203/6851: https://www.refurbed.de/p/hp-envy-16-h1000nf-13900h-16/
2025-09-28 03:13:59,606 - INFO - Scraping 3204/6851: https://www.refurbed.de/p/hp-envy-17-cg-i7-1165g7-17-3/
2025-09-28 03:14:01,055 - INFO - Scraping 3205/6851: https://www.refurbed.de/p/hp-envy-17-ch-1165g7-17-3/
2025-09-28 03:14:02,877 - INFO - Scraping 3206/6851: https://www.refurbed.de/p/hp-envy-17-cr-1255u-17-3/
2025-09-28 03:14:04,688 - INFO - Scraping 3207/6851: https://www.refurbed.de/p/hp-envy-17-cr-i7-1260p/
2025-09-28 03:14:06,622 - INFO - Scraping 3208/6851: https://www.refurbed.de/p/hp-envy-17-cw-i5-13500h/
2025-09-28 03:14:08,539 - INFO - Scraping 3209/6851: https://www.refurbed.de/p/hp-envy-17-cw-i7-13700h/
2025-09-28 03:14:10,271 - INFO - Scraping 3210/6851: https://www.refurbed.de/p/hp-envy-17-cw0003-i7-1355u/
2025-09-28 03:14:11,805 - INFO - Scraping 3211/6851: https://www.refurbed.de/p/hp-envy-17-da-core-ultra-5-125h/
2025-09-28 03:14:13,320 - INFO - Scraping 3212/6851: https://www.refurbed.de/p/hp-envy-17-da-core-ultra-7-155h/
2025-09-28 03:14:14,972 - INFO - Scraping 3213/6851: https://www.refurbed.de/p/hp-envy-17-da-core-ultra-7-155u/
2025-09-28 03:14:16,686 - INFO - Scraping 3214/6851: https://www.refurbed.de/p/hp-envy-17m-ce-i7-10510u/
2025-09-28 03:14:18,231 - INFO - Scraping 3215/6851: https://www.refurbed.de/p/hp-envy-17m-cg-i7-1165g7/
2025-09-28 03:14:19,886 - INFO - Scraping 3216/6851: https://www.refurbed.de/p/hp-envy-27-cp0001nc-all-in-one/
2025-09-28 03:14:21,446 - INFO - Scraping 3217/6851: https://www.refurbed.de/p/hp-envy-27-cp0001ns-all-in-one/
2025-09-28 03:14:22,899 - INFO - Scraping 3218/6851: https://www.refurbed.de/p/hp-envy-34-c0520nd-all-in-one/
2025-09-28 03:14:24,374 - INFO - Scraping 3219/6851: https://www.refurbed.de/p/hp-envy-34-c1000nc-34/
2025-09-28 03:14:26,098 - INFO - Scraping 3220/6851: https://www.refurbed.de/p/hp-envy-phoenix-860-004nf/
2025-09-28 03:14:26,447 - ERROR - Error fetching https://www.refurbed.de/p/hp-envy-phoenix-860-004nf/: 404 Client Error: Not Found for url: https://www.refurbed.de/p/hp-envy-phoenix-860-004nf/
2025-09-28 03:14:27,449 - INFO - Scraping 3221/6851: https://www.refurbed.de/p/hp-envy-pro-6420e-all-in-one/
2025-09-28 03:14:29,016 - INFO - Scraping 3222/6851: https://www.refurbed.de/p/hp-envy-te01-2701ng/
2025-09-28 03:14:30,832 - INFO - Scraping 3223/6851: https://www.refurbed.de/p/hp-envy-te02-0001na/
2025-09-28 03:14:32,626 - INFO - Scraping 3224/6851: https://www.refurbed.de/p/hp-envy-te02-0002na/
2025-09-28 03:14:34,209 - INFO - Scraping 3225/6851: https://www.refurbed.de/p/hp-envy-te02-0013ns/
2025-09-28 03:14:35,765 - INFO - Scraping 3226/6851: https://www.refurbed.de/p/hp-envy-te02-0670nd/
2025-09-28 03:14:37,414 - INFO - Scraping 3227/6851: https://www.refurbed.de/p/hp-envy-x360-13-ag0005ng-5500u/
2025-09-28 03:14:38,380 - ERROR - Error fetching https://www.refurbed.de/p/hp-envy-x360-13-ag0005ng-5500u/: 404 Client Error: Not Found for url: https://www.refurbed.de/p/hp-envy-x360-13-ag0005ng-5500u/
2025-09-28 03:14:39,382 - INFO - Scraping 3228/6851: https://www.refurbed.de/p/hp-envy-x360-13-ag0500nd/
2025-09-28 03:14:39,638 - ERROR - Error fetching https://www.refurbed.de/p/hp-envy-x360-13-ag0500nd/: 404 Client Error: Not Found for url: https://www.refurbed.de/p/hp-envy-x360-13-ag0500nd/
2025-09-28 03:14:40,640 - INFO - Scraping 3229/6851: https://www.refurbed.de/p/hp-envy-x360-13-ay0001ns-4500u/
2025-09-28 03:14:42,597 - INFO - Scraping 3230/6851: https://www.refurbed.de/p/hp-envy-x360-13-ay0257ng-5-4500u/
2025-09-28 03:14:44,610 - INFO - Scraping 3231/6851: https://www.refurbed.de/p/hp-envy-x360-13-ay1776ng-5800u/
2025-09-28 03:14:46,157 - INFO - Scraping 3232/6851: https://www.refurbed.de/p/hp-envy-x360-13-ay1902ng-5600u/
2025-09-28 03:14:47,703 - INFO - Scraping 3233/6851: https://www.refurbed.de/p/hp-envy-x360-13-bd-1135g7/
2025-09-28 03:14:49,262 - INFO - Scraping 3234/6851: https://www.refurbed.de/p/hp-envy-x360-13-bf0778ng-1250u/
2025-09-28 03:14:50,757 - INFO - Scraping 3235/6851: https://www.refurbed.de/p/hp-envy-x360-14-fa-r7-8840hs/
2025-09-28 03:14:52,857 - INFO - Scraping 3236/6851: https://www.refurbed.de/p/hp-envy-x360-14-fc-u5-125u/
2025-09-28 03:14:55,228 - INFO - Scraping 3237/6851: https://www.refurbed.de/p/hp-envy-x360-14-fc-u7-155u/
2025-09-28 03:14:56,701 - INFO - Scraping 3238/6851: https://www.refurbed.de/p/hp-envy-x360-15-dr1-i5-10210u/
2025-09-28 03:14:58,528 - INFO - Scraping 3239/6851: https://www.refurbed.de/p/hp-envy-x360-15-dr1006ng-10510u/
2025-09-28 03:15:00,301 - INFO - Scraping 3240/6851: https://www.refurbed.de/p/hp-envy-x360-15-ed0278ng-1065g7/
2025-09-28 03:15:01,721 - INFO - Scraping 3241/6851: https://www.refurbed.de/p/hp-envy-x360-15-ed0900ng-10510u/
2025-09-28 03:15:03,133 - INFO - Scraping 3242/6851: https://www.refurbed.de/p/hp-envy-x360-15-ee0265ng-4700u/
2025-09-28 03:15:05,190 - INFO - Scraping 3243/6851: https://www.refurbed.de/p/hp-envy-x360-15-es0757ng-1135g7/
2025-09-28 03:15:06,815 - INFO - Scraping 3244/6851: https://www.refurbed.de/p/hp-envy-x360-15-es0775ng-1165g7/
2025-09-28 03:15:08,273 - INFO - Scraping 3245/6851: https://www.refurbed.de/p/hp-envy-x360-15-es1902ng-1195g7/
2025-09-28 03:15:09,965 - INFO - Scraping 3246/6851: https://www.refurbed.de/p/hp-envy-x360-15-eu0002-5500u/
2025-09-28 03:15:12,031 - INFO - Scraping 3247/6851: https://www.refurbed.de/p/hp-envy-x360-15-eu0755ng-5500u/
2025-09-28 03:15:13,825 - INFO - Scraping 3248/6851: https://www.refurbed.de/p/hp-envy-x360-15-eu0880ng-5500u/
2025-09-28 03:15:15,472 - INFO - Scraping 3249/6851: https://www.refurbed.de/p/hp-envy-x360-15-eu0997-5700u/
2025-09-28 03:15:17,181 - INFO - Scraping 3250/6851: https://www.refurbed.de/p/hp-envy-x360-15-ew0504na-1240p/
2025-09-28 03:15:18,920 - INFO - Scraping 3251/6851: https://www.refurbed.de/p/hp-envy-x360-15-ew0753ng-1240p/
2025-09-28 03:15:20,521 - INFO - Scraping 3252/6851: https://www.refurbed.de/p/hp-envy-x360-15-ew0753ng-1260p/
2025-09-28 03:15:22,218 - INFO - Scraping 3253/6851: https://www.refurbed.de/p/hp-envy-x360-15-ey0155ng-5625u/
2025-09-28 03:15:23,742 - INFO - Scraping 3254/6851: https://www.refurbed.de/p/hp-envy-x360-15-ey0647nz-5825u/
2025-09-28 03:15:25,623 - INFO - Scraping 3255/6851: https://www.refurbed.de/p/hp-envy-x360-15-ey0753ng-5625u/
2025-09-28 03:15:27,198 - INFO - Scraping 3256/6851: https://www.refurbed.de/p/hp-envy-x360-15-ey0777ng-5825u/
2025-09-28 03:15:28,781 - INFO - Scraping 3257/6851: https://www.refurbed.de/p/hp-envy-x360-15-fe-i7-1355u/
2025-09-28 03:15:30,175 - INFO - Scraping 3258/6851: https://www.refurbed.de/p/hp-envy-x360-15-i5-1335u/
2025-09-28 03:15:31,794 - INFO - Scraping 3259/6851: https://www.refurbed.de/p/hp-envy-x360-15-i5-7730u/
2025-09-28 03:15:33,732 - INFO - Scraping 3260/6851: https://www.refurbed.de/p/hp-envy-x360-15ee1083cl-5700u/
2025-09-28 03:15:35,658 - INFO - Scraping 3261/6851: https://www.refurbed.de/p/hp-envy-x360-15m-cn0011dx/
2025-09-28 03:15:35,977 - ERROR - Error fetching https://www.refurbed.de/p/hp-envy-x360-15m-cn0011dx/: 404 Client Error: Not Found for url: https://www.refurbed.de/p/hp-envy-x360-15m-cn0011dx/
2025-09-28 03:15:36,979 - INFO - Scraping 3262/6851: https://www.refurbed.de/p/hp-envy-x360-16-ac-u5-125u/
2025-09-28 03:15:38,591 - INFO - Scraping 3263/6851: https://www.refurbed.de/p/hp-envy-x360-16-ac-u7-155u/
2025-09-28 03:15:40,547 - INFO - Scraping 3264/6851: https://www.refurbed.de/p/hp-envy-x360-16-ad-r-5-8640hs/
2025-09-28 03:15:42,113 - INFO - Scraping 3265/6851: https://www.refurbed.de/p/hp-envy-x360-16-ad-r-7-8840hs/
2025-09-28 03:15:43,648 - INFO - Scraping 3266/6851: https://www.refurbed.de/p/hp-envy-x360-2-in-1-13-bf00017ne/
2025-09-28 03:15:45,253 - INFO - Scraping 3267/6851: https://www.refurbed.de/p/hp-envy-x360-2-in-1-13-bf0756ng/
2025-09-28 03:15:46,728 - INFO - Scraping 3268/6851: https://www.refurbed.de/p/hp-envy-x360-2-in-1-14-fc-7-155u/
2025-09-28 03:15:48,269 - INFO - Scraping 3269/6851: https://www.refurbed.de/p/hp-envy-x360-2-in-1-15-fh-7730u/
2025-09-28 03:15:50,117 - INFO - Scraping 3270/6851: https://www.refurbed.de/p/hp-envy-x360-2-in-1-15-fh0755ng/
2025-09-28 03:15:51,566 - INFO - Scraping 3271/6851: https://www.refurbed.de/p/hp-envy-x360-2-in-1-15-fh0775ng/
2025-09-28 03:15:53,074 - INFO - Scraping 3272/6851: https://www.refurbed.de/p/hp-envy-x360-2-in-1-16-ac-7-155u/
2025-09-28 03:15:54,755 - INFO - Scraping 3273/6851: https://www.refurbed.de/p/hp-healthcare-edt-hc271p-27/
2025-09-28 03:15:56,155 - INFO - Scraping 3274/6851: https://www.refurbed.de/p/hp-hstnn-da16/
2025-09-28 03:15:57,719 - INFO - Scraping 3275/6851: https://www.refurbed.de/p/hp-hstnn-i10x/
2025-09-28 03:15:59,165 - INFO - Scraping 3276/6851: https://www.refurbed.de/p/hp-hstnn-i11x/
2025-09-28 03:16:01,355 - INFO - Scraping 3277/6851: https://www.refurbed.de/p/hp-hstnn-i16x/
2025-09-28 03:16:02,855 - INFO - Scraping 3278/6851: https://www.refurbed.de/p/hp-hstnn-ix10/
2025-09-28 03:16:04,309 - INFO - Scraping 3279/6851: https://www.refurbed.de/p/hp-hyperx-alloy-core-rgb/
2025-09-28 03:16:05,811 - INFO - Scraping 3280/6851: https://www.refurbed.de/p/hp-hyperx-alloy-origins/
2025-09-28 03:16:07,286 - INFO - Scraping 3281/6851: https://www.refurbed.de/p/hp-hyperx-pulsefire-core/
2025-09-28 03:16:08,711 - INFO - Scraping 3282/6851: https://www.refurbed.de/p/hp-hyperx-pulsefire-raid/
2025-09-28 03:16:10,115 - INFO - Scraping 3283/6851: https://www.refurbed.de/p/hp-hyperx-quadcast/
2025-09-28 03:16:11,725 - INFO - Scraping 3284/6851: https://www.refurbed.de/p/hp-ku-0316/
2025-09-28 03:16:13,227 - INFO - Scraping 3285/6851: https://www.refurbed.de/p/hp-l1908w-19/
2025-09-28 03:16:14,925 - INFO - Scraping 3286/6851: https://www.refurbed.de/p/hp-l2245w-22/
2025-09-28 03:16:16,495 - INFO - Scraping 3287/6851: https://www.refurbed.de/p/hp-l2245wg/
2025-09-28 03:16:18,194 - INFO - Scraping 3288/6851: https://www.refurbed.de/p/hp-l2275w-22/
2025-09-28 03:16:19,646 - INFO - Scraping 3289/6851: https://www.refurbed.de/p/hp-l2445w-24/
2025-09-28 03:16:21,553 - INFO - Scraping 3290/6851: https://www.refurbed.de/p/hp-l41423-003/
2025-09-28 03:16:23,008 - INFO - Scraping 3291/6851: https://www.refurbed.de/p/hp-la1905wg-19/
2025-09-28 03:16:24,456 - INFO - Scraping 3292/6851: https://www.refurbed.de/p/hp-la1956x-19/
2025-09-28 03:16:26,190 - INFO - Scraping 3293/6851: https://www.refurbed.de/p/hp-la2206x-21/
2025-09-28 03:16:28,237 - INFO - Scraping 3294/6851: https://www.refurbed.de/p/hp-la2306x/
2025-09-28 03:16:29,901 - INFO - Scraping 3295/6851: https://www.refurbed.de/p/hp-laser-107w/
2025-09-28 03:16:31,525 - INFO - Scraping 3296/6851: https://www.refurbed.de/p/hp-laserjet-4200dtn/
2025-09-28 03:16:33,104 - INFO - Scraping 3297/6851: https://www.refurbed.de/p/hp-laserjet-4250dtn/
2025-09-28 03:16:34,660 - INFO - Scraping 3298/6851: https://www.refurbed.de/p/hp-laserjet-color-pro-400-m452nw/
2025-09-28 03:16:36,492 - INFO - Scraping 3299/6851: https://www.refurbed.de/p/hp-laserjet-enterprise-600-m602n/
2025-09-28 03:16:37,975 - INFO - Scraping 3300/6851: https://www.refurbed.de/p/hp-laserjet-enterprise-m430f-mfp/
2025-09-28 03:16:39,823 - INFO - Scraping 3301/6851: https://www.refurbed.de/p/hp-laserjet-enterprise-m506dn/
2025-09-28 03:16:41,721 - INFO - Scraping 3302/6851: https://www.refurbed.de/p/hp-laserjet-enterprise-m506xm/
2025-09-28 03:16:43,327 - INFO - Scraping 3303/6851: https://www.refurbed.de/p/hp-laserjet-enterprise-m507dn/
2025-09-28 03:16:44,907 - INFO - Scraping 3304/6851: https://www.refurbed.de/p/hp-laserjet-enterprise-m605dn/
2025-09-28 03:16:46,645 - INFO - Scraping 3305/6851: https://www.refurbed.de/p/hp-laserjet-enterprise-m605dnm/
2025-09-28 03:16:48,131 - INFO - Scraping 3306/6851: https://www.refurbed.de/p/hp-laserjet-enterprise-m608dn/
2025-09-28 03:16:49,687 - INFO - Scraping 3307/6851: https://www.refurbed.de/p/hp-laserjet-enterprise-m630dn/
2025-09-28 03:16:51,179 - INFO - Scraping 3308/6851: https://www.refurbed.de/p/hp-laserjet-ep-500-color-m551dn/
2025-09-28 03:16:52,653 - INFO - Scraping 3309/6851: https://www.refurbed.de/p/hp-laserjet-m209dw/
2025-09-28 03:16:54,222 - INFO - Scraping 3310/6851: https://www.refurbed.de/p/hp-laserjet-m3027-mfp-multifunkt/
2025-09-28 03:16:55,688 - INFO - Scraping 3311/6851: https://www.refurbed.de/p/hp-laserjet-m506xm/
2025-09-28 03:16:57,472 - INFO - Scraping 3312/6851: https://www.refurbed.de/p/hp-laserjet-managed-e50145dn/
2025-09-28 03:16:58,937 - INFO - Scraping 3313/6851: https://www.refurbed.de/p/hp-laserjet-managed-e60055dn/
2025-09-28 03:17:00,652 - INFO - Scraping 3314/6851: https://www.refurbed.de/p/hp-laserjet-managed-e60155dn/
2025-09-28 03:17:02,315 - INFO - Scraping 3315/6851: https://www.refurbed.de/p/hp-laserjet-managed-mfp-e72530z/
2025-09-28 03:17:03,792 - INFO - Scraping 3316/6851: https://www.refurbed.de/p/hp-laserjet-mfp-432fdn/
2025-09-28 03:17:05,307 - INFO - Scraping 3317/6851: https://www.refurbed.de/p/hp-laserjet-mfp-m234sdw/
2025-09-28 03:17:06,693 - INFO - Scraping 3318/6851: https://www.refurbed.de/p/hp-laserjet-p1505-laserdrucker/
2025-09-28 03:17:08,407 - INFO - Scraping 3319/6851: https://www.refurbed.de/p/hp-laserjet-p2015dn/
2025-09-28 03:17:09,842 - INFO - Scraping 3320/6851: https://www.refurbed.de/p/hp-laserjet-p2035/
2025-09-28 03:17:11,435 - INFO - Scraping 3321/6851: https://www.refurbed.de/p/hp-laserjet-p2055d/
2025-09-28 03:17:12,873 - INFO - Scraping 3322/6851: https://www.refurbed.de/p/hp-laserjet-p2055dn/
2025-09-28 03:17:14,392 - INFO - Scraping 3323/6851: https://www.refurbed.de/p/hp-laserjet-p3015/
2025-09-28 03:17:15,987 - INFO - Scraping 3324/6851: https://www.refurbed.de/p/hp-laserjet-p3015dn/
2025-09-28 03:17:17,904 - INFO - Scraping 3325/6851: https://www.refurbed.de/p/hp-laserjet-p4015x/
2025-09-28 03:17:19,717 - INFO - Scraping 3326/6851: https://www.refurbed.de/p/hp-laserjet-pro-100-mfp-m130fn/
2025-09-28 03:17:21,328 - INFO - Scraping 3327/6851: https://www.refurbed.de/p/hp-laserjet-pro-100-mfp-m130fw/
2025-09-28 03:17:22,771 - INFO - Scraping 3328/6851: https://www.refurbed.de/p/hp-laserjet-pro-200-m201n/
2025-09-28 03:17:24,232 - INFO - Scraping 3329/6851: https://www.refurbed.de/p/hp-laserjet-pro-200-m251n/
2025-09-28 03:17:25,965 - INFO - Scraping 3330/6851: https://www.refurbed.de/p/hp-laserjet-pro-200-m251nw-farbl/
2025-09-28 03:17:27,668 - INFO - Scraping 3331/6851: https://www.refurbed.de/p/hp-laserjet-pro-400-color-m451dn/
2025-09-28 03:17:29,091 - INFO - Scraping 3332/6851: https://www.refurbed.de/p/hp-laserjet-pro-400-color-mfp-m4/
2025-09-28 03:17:30,498 - INFO - Scraping 3333/6851: https://www.refurbed.de/p/hp-laserjet-pro-400-m401d/
2025-09-28 03:17:32,056 - INFO - Scraping 3334/6851: https://www.refurbed.de/p/hp-laserjet-pro-400-m401dn/
2025-09-28 03:17:33,667 - INFO - Scraping 3335/6851: https://www.refurbed.de/p/hp-laserjet-pro-400-m401dne/
2025-09-28 03:17:35,076 - INFO - Scraping 3336/6851: https://www.refurbed.de/p/hp-laserjet-pro-400-m402dn/
2025-09-28 03:17:36,653 - INFO - Scraping 3337/6851: https://www.refurbed.de/p/hp-laserjet-pro-400-mfp-m425dn/
2025-09-28 03:17:38,279 - INFO - Scraping 3338/6851: https://www.refurbed.de/p/hp-laserjet-pro-400-mfp-m426m/
2025-09-28 03:17:39,845 - INFO - Scraping 3339/6851: https://www.refurbed.de/p/hp-laserjet-pro-400-mfp-m428fdn/
2025-09-28 03:17:41,267 - INFO - Scraping 3340/6851: https://www.refurbed.de/p/hp-laserjet-pro-501dn/
2025-09-28 03:17:42,746 - INFO - Scraping 3341/6851: https://www.refurbed.de/p/hp-laserjet-pro-m110w/
2025-09-28 03:17:44,380 - INFO - Scraping 3342/6851: https://www.refurbed.de/p/hp-laserjet-pro-m110we/
2025-09-28 03:17:45,996 - INFO - Scraping 3343/6851: https://www.refurbed.de/p/hp-laserjet-pro-m203dw/
2025-09-28 03:17:47,428 - INFO - Scraping 3344/6851: https://www.refurbed.de/p/hp-laserjet-pro-m402m/
2025-09-28 03:17:48,927 - INFO - Scraping 3345/6851: https://www.refurbed.de/p/hp-laserjet-pro-m404dn/
2025-09-28 03:17:50,694 - INFO - Scraping 3346/6851: https://www.refurbed.de/p/hp-laserjet-pro-m404dw/
2025-09-28 03:17:52,986 - INFO - Scraping 3347/6851: https://www.refurbed.de/p/hp-laserjet-pro-mfp-m127fw/
2025-09-28 03:17:54,587 - INFO - Scraping 3348/6851: https://www.refurbed.de/p/hp-laserjet-pro-mfp-m140w/
2025-09-28 03:17:56,033 - INFO - Scraping 3349/6851: https://www.refurbed.de/p/hp-laserjet-pro-mfp-m148dw/
2025-09-28 03:17:58,228 - INFO - Scraping 3350/6851: https://www.refurbed.de/p/hp-laserjet-pro-mfp-m227fdw/
2025-09-28 03:17:59,623 - INFO - Scraping 3351/6851: https://www.refurbed.de/p/hp-laserjet-pro-mfp-m28a/
2025-09-28 03:18:01,372 - INFO - Scraping 3352/6851: https://www.refurbed.de/p/hp-laserjet-pro-mfp-m426fdn/
2025-09-28 03:18:02,825 - INFO - Scraping 3353/6851: https://www.refurbed.de/p/hp-laserjet-pro-mfp-m426fdw/
2025-09-28 03:18:04,443 - INFO - Scraping 3354/6851: https://www.refurbed.de/p/hp-le1711-17/
2025-09-28 03:18:05,955 - INFO - Scraping 3355/6851: https://www.refurbed.de/p/hp-le1901w-19/
2025-09-28 03:18:07,957 - INFO - Scraping 3356/6851: https://www.refurbed.de/p/hp-le2002x-20/
2025-09-28 03:18:09,534 - INFO - Scraping 3357/6851: https://www.refurbed.de/p/hp-le2201w-22/
2025-09-28 03:18:11,084 - INFO - Scraping 3358/6851: https://www.refurbed.de/p/hp-le2202x-21-5/
2025-09-28 03:18:12,440 - INFO - Scraping 3359/6851: https://www.refurbed.de/p/hp-lifestyle-tpc-p001k/
2025-09-28 03:18:13,927 - INFO - Scraping 3360/6851: https://www.refurbed.de/p/hp-lj-enterprise-600-m601dn/
2025-09-28 03:18:15,436 - INFO - Scraping 3361/6851: https://www.refurbed.de/p/hp-lj-enterprise-flow-mfp-m830z/
2025-09-28 03:18:17,216 - INFO - Scraping 3362/6851: https://www.refurbed.de/p/hp-lj-enterprise-mfp-m528dn/
2025-09-28 03:18:19,096 - INFO - Scraping 3363/6851: https://www.refurbed.de/p/hp-lj-pro-400-color-mfp-m475dw/
2025-09-28 03:18:20,537 - INFO - Scraping 3364/6851: https://www.refurbed.de/p/hp-lp2065-20-1/
2025-09-28 03:18:22,296 - INFO - Scraping 3365/6851: https://www.refurbed.de/p/hp-lp2275w/
2025-09-28 03:18:23,883 - INFO - Scraping 3366/6851: https://www.refurbed.de/p/hp-lp2465-24/
2025-09-28 03:18:25,516 - INFO - Scraping 3367/6851: https://www.refurbed.de/p/hp-lp2475w-24/
2025-09-28 03:18:27,085 - INFO - Scraping 3368/6851: https://www.refurbed.de/p/hp-lp3065-30/
2025-09-28 03:18:28,538 - INFO - Scraping 3369/6851: https://www.refurbed.de/p/hp-m22f-21-5/
2025-09-28 03:18:30,014 - INFO - Scraping 3370/6851: https://www.refurbed.de/p/hp-m24fd-23-8/
2025-09-28 03:18:31,441 - INFO - Scraping 3371/6851: https://www.refurbed.de/p/hp-m24fw-23-8/
2025-09-28 03:18:33,004 - INFO - Scraping 3372/6851: https://www.refurbed.de/p/hp-m24fwa-23-8/
2025-09-28 03:18:34,998 - INFO - Scraping 3373/6851: https://www.refurbed.de/p/hp-m27m-27/
2025-09-28 03:18:36,483 - INFO - Scraping 3374/6851: https://www.refurbed.de/p/hp-m34d/
2025-09-28 03:18:38,087 - INFO - Scraping 3375/6851: https://www.refurbed.de/p/hp-mt21-mobile-thin-client-3867u/
2025-09-28 03:18:39,544 - INFO - Scraping 3376/6851: https://www.refurbed.de/p/hp-mt42-pro-a8-8600b-14/
2025-09-28 03:18:39,854 - ERROR - Error fetching https://www.refurbed.de/p/hp-mt42-pro-a8-8600b-14/: 404 Client Error: Not Found for url: https://www.refurbed.de/p/hp-mt42-pro-a8-8600b-14/
2025-09-28 03:18:40,856 - INFO - Scraping 3377/6851: https://www.refurbed.de/p/hp-mt43-pro-a8-9600b-14/
2025-09-28 03:18:41,141 - ERROR - Error fetching https://www.refurbed.de/p/hp-mt43-pro-a8-9600b-14/: 404 Client Error: Not Found for url: https://www.refurbed.de/p/hp-mt43-pro-a8-9600b-14/
2025-09-28 03:18:42,143 - INFO - Scraping 3378/6851: https://www.refurbed.de/p/hp-mt45-mobile-ryzen-3-pro-3300u/
2025-09-28 03:18:43,567 - INFO - Scraping 3379/6851: https://www.refurbed.de/p/hp-officejet-200-mobile/
2025-09-28 03:18:44,991 - INFO - Scraping 3380/6851: https://www.refurbed.de/p/hp-officejet-6950-all-in-one/
2025-09-28 03:18:46,495 - INFO - Scraping 3381/6851: https://www.refurbed.de/p/hp-officejet-pro-6500a/
2025-09-28 03:18:47,907 - INFO - Scraping 3382/6851: https://www.refurbed.de/p/hp-officejet-pro-6960/
2025-09-28 03:18:49,335 - INFO - Scraping 3383/6851: https://www.refurbed.de/p/hp-officejet-pro-6970/
2025-09-28 03:18:50,884 - INFO - Scraping 3384/6851: https://www.refurbed.de/p/hp-officejet-pro-7720/
2025-09-28 03:18:52,664 - INFO - Scraping 3385/6851: https://www.refurbed.de/p/hp-officejet-pro-8024/
2025-09-28 03:18:54,081 - INFO - Scraping 3386/6851: https://www.refurbed.de/p/hp-officejet-pro-8710/
2025-09-28 03:18:55,650 - INFO - Scraping 3387/6851: https://www.refurbed.de/p/hp-officejet-pro-9010e/
2025-09-28 03:18:57,136 - INFO - Scraping 3388/6851: https://www.refurbed.de/p/hp-officejet-pro-x451dw/
2025-09-28 03:18:58,705 - INFO - Scraping 3389/6851: https://www.refurbed.de/p/hp-oj-6700-premium-e-all-in-one/
2025-09-28 03:19:00,209 - INFO - Scraping 3390/6851: https://www.refurbed.de/p/hp-oj-pro-8730-e-all-in-one/
2025-09-28 03:19:01,678 - INFO - Scraping 3391/6851: https://www.refurbed.de/p/hp-om-transc-14-fb0131nf-9-185h/
2025-09-28 03:19:03,215 - INFO - Scraping 3392/6851: https://www.refurbed.de/p/hp-omen-14-fb0004ns-ultra-7-155h/
2025-09-28 03:19:04,758 - INFO - Scraping 3393/6851: https://www.refurbed.de/p/hp-omen-14-fb0174ng-ultra-7-155h/
2025-09-28 03:19:06,198 - INFO - Scraping 3394/6851: https://www.refurbed.de/p/hp-omen-14-fb0774ng-ultra-7-155h/
2025-09-28 03:19:07,675 - INFO - Scraping 3395/6851: https://www.refurbed.de/p/hp-omen-15-ce083ng-i5-7300hq/
2025-09-28 03:19:07,969 - ERROR - Error fetching https://www.refurbed.de/p/hp-omen-15-ce083ng-i5-7300hq/: 404 Client Error: Not Found for url: https://www.refurbed.de/p/hp-omen-15-ce083ng-i5-7300hq/
2025-09-28 03:19:08,971 - INFO - Scraping 3396/6851: https://www.refurbed.de/p/hp-omen-15-dc0002ng-i7-8750h/
2025-09-28 03:19:10,458 - INFO - Scraping 3397/6851: https://www.refurbed.de/p/hp-omen-15-dc0005ng-8750h-15-6/
2025-09-28 03:19:12,334 - INFO - Scraping 3398/6851: https://www.refurbed.de/p/hp-omen-15-dh1086ng-i7-10750h/
2025-09-28 03:19:13,927 - INFO - Scraping 3399/6851: https://www.refurbed.de/p/hp-omen-15-ek-10870h-15-6/
2025-09-28 03:19:15,380 - INFO - Scraping 3400/6851: https://www.refurbed.de/p/hp-omen-15-ek0277ng-i7-10750h/
2025-09-28 03:19:16,874 - INFO - Scraping 3401/6851: https://www.refurbed.de/p/hp-omen-15-r7-5800h-15-6/
2025-09-28 03:19:18,318 - INFO - Scraping 3402/6851: https://www.refurbed.de/p/hp-omen-15-ryzen-7-4800h/
2025-09-28 03:19:19,853 - INFO - Scraping 3403/6851: https://www.refurbed.de/p/hp-omen-16-b0151nf-11800h/
2025-09-28 03:19:21,387 - INFO - Scraping 3404/6851: https://www.refurbed.de/p/hp-omen-16-b0778ng-11800h/
2025-09-28 03:19:22,984 - INFO - Scraping 3405/6851: https://www.refurbed.de/p/hp-omen-16-b1010ns-i7-12700h/
2025-09-28 03:19:24,515 - INFO - Scraping 3406/6851: https://www.refurbed.de/p/hp-omen-16-b1777ng-12700h/
2025-09-28 03:19:26,073 - INFO - Scraping 3407/6851: https://www.refurbed.de/p/hp-omen-16-k0773ng-i7-12700h/
2025-09-28 03:19:27,564 - INFO - Scraping 3408/6851: https://www.refurbed.de/p/hp-omen-16-n0280nd-ryzen-7-6800/
2025-09-28 03:19:29,066 - INFO - Scraping 3409/6851: https://www.refurbed.de/p/hp-omen-16-wd0001nv-i7-13620h/
2025-09-28 03:19:30,686 - INFO - Scraping 3410/6851: https://www.refurbed.de/p/hp-omen-16-wd0002nt-i5-13420h/
2025-09-28 03:19:32,403 - INFO - Scraping 3411/6851: https://www.refurbed.de/p/hp-omen-16-wd0039nf-i5-13420h/
2025-09-28 03:19:33,896 - INFO - Scraping 3412/6851: https://www.refurbed.de/p/hp-omen-16-wd0045nf-i7-13620h/
2025-09-28 03:19:35,294 - INFO - Scraping 3413/6851: https://www.refurbed.de/p/hp-omen-16-wd0353ng-i5-13420h/
2025-09-28 03:19:36,797 - INFO - Scraping 3414/6851: https://www.refurbed.de/p/hp-omen-16-wf0003nl-i9-13900hx/
2025-09-28 03:19:38,360 - INFO - Scraping 3415/6851: https://www.refurbed.de/p/hp-omen-16-wf0118nf-i7-13700hx/
2025-09-28 03:19:39,922 - INFO - Scraping 3416/6851: https://www.refurbed.de/p/hp-omen-16-wf0774ng-i7-13700hx/
2025-09-28 03:19:41,485 - INFO - Scraping 3417/6851: https://www.refurbed.de/p/hp-omen-16-wf1-i9-14900hx-16-1/
2025-09-28 03:19:43,098 - INFO - Scraping 3418/6851: https://www.refurbed.de/p/hp-omen-16-wf1001na-14700hx/
2025-09-28 03:19:44,594 - INFO - Scraping 3419/6851: https://www.refurbed.de/p/hp-omen-16-wf1001nl-i7-14700hx/
2025-09-28 03:19:46,308 - INFO - Scraping 3420/6851: https://www.refurbed.de/p/hp-omen-16-wf1002nl-i7-14700hx/
2025-09-28 03:19:47,931 - INFO - Scraping 3421/6851: https://www.refurbed.de/p/hp-omen-16-wf1008nl-i7-14700hx/
2025-09-28 03:19:49,530 - INFO - Scraping 3422/6851: https://www.refurbed.de/p/hp-omen-16-xd0000ns-7840hs/
2025-09-28 03:19:51,122 - INFO - Scraping 3423/6851: https://www.refurbed.de/p/hp-omen-16-xd0029nf-7-7840hs/
2025-09-28 03:19:52,593 - INFO - Scraping 3424/6851: https://www.refurbed.de/p/hp-omen-16-xf0005-7840hs/
2025-09-28 03:19:54,194 - INFO - Scraping 3425/6851: https://www.refurbed.de/p/hp-omen-17-an087ng-i7-7700hq/
2025-09-28 03:19:54,448 - ERROR - Error fetching https://www.refurbed.de/p/hp-omen-17-an087ng-i7-7700hq/: 404 Client Error: Not Found for url: https://www.refurbed.de/p/hp-omen-17-an087ng-i7-7700hq/
2025-09-28 03:19:55,450 - INFO - Scraping 3426/6851: https://www.refurbed.de/p/hp-omen-17-cb1075ng-i7-10750h/
2025-09-28 03:19:57,030 - INFO - Scraping 3427/6851: https://www.refurbed.de/p/hp-omen-17-ck0376ng-i7-11800h/
2025-09-28 03:19:58,473 - INFO - Scraping 3428/6851: https://www.refurbed.de/p/hp-omen-17-cm2005nl-13700hx/
2025-09-28 03:19:59,908 - INFO - Scraping 3429/6851: https://www.refurbed.de/p/hp-omen-17-db-r7-8845hs-17-3/
2025-09-28 03:20:01,341 - INFO - Scraping 3430/6851: https://www.refurbed.de/p/hp-omen-17-db0007na-r7-8845hs/
2025-09-28 03:20:02,815 - INFO - Scraping 3431/6851: https://www.refurbed.de/p/hp-omen-17-db0051ng-8645hs/
2025-09-28 03:20:04,438 - INFO - Scraping 3432/6851: https://www.refurbed.de/p/hp-omen-24/
2025-09-28 03:20:06,081 - INFO - Scraping 3433/6851: https://www.refurbed.de/p/hp-omen-25l-gt11/
2025-09-28 03:20:07,780 - INFO - Scraping 3434/6851: https://www.refurbed.de/p/hp-omen-25l-gt12/
2025-09-28 03:20:09,343 - INFO - Scraping 3435/6851: https://www.refurbed.de/p/hp-omen-25l-gt14/
2025-09-28 03:20:11,139 - INFO - Scraping 3436/6851: https://www.refurbed.de/p/hp-omen-25l-gt15/
2025-09-28 03:20:12,952 - INFO - Scraping 3437/6851: https://www.refurbed.de/p/hp-omen-27-2023/
2025-09-28 03:20:14,482 - INFO - Scraping 3438/6851: https://www.refurbed.de/p/hp-omen-27k/
2025-09-28 03:20:16,352 - INFO - Scraping 3439/6851: https://www.refurbed.de/p/hp-omen-27q/
2025-09-28 03:20:17,826 - INFO - Scraping 3440/6851: https://www.refurbed.de/p/hp-omen-27qs/
2025-09-28 03:20:19,363 - INFO - Scraping 3441/6851: https://www.refurbed.de/p/hp-omen-30l-gt13/
2025-09-28 03:20:21,426 - INFO - Scraping 3442/6851: https://www.refurbed.de/p/hp-omen-32c/
2025-09-28 03:20:22,889 - INFO - Scraping 3443/6851: https://www.refurbed.de/p/hp-omen-32q/
2025-09-28 03:20:24,481 - INFO - Scraping 3444/6851: https://www.refurbed.de/p/hp-omen-40l-gt21/
2025-09-28 03:20:25,950 - INFO - Scraping 3445/6851: https://www.refurbed.de/p/hp-omen-45l-gt22/
2025-09-28 03:20:27,385 - INFO - Scraping 3446/6851: https://www.refurbed.de/p/hp-omen-800/
2025-09-28 03:20:29,043 - INFO - Scraping 3447/6851: https://www.refurbed.de/p/hp-omen-i7-ck2940nz-i9-13900hx/
2025-09-28 03:20:30,707 - INFO - Scraping 3448/6851: https://www.refurbed.de/p/hp-omen-i7-ck2989nz-i9-13900hx/
2025-09-28 03:20:32,244 - INFO - Scraping 3449/6851: https://www.refurbed.de/p/hp-omen-i79750h/
2025-09-28 03:20:33,929 - INFO - Scraping 3450/6851: https://www.refurbed.de/p/hp-omen-transcend-14-fb0696ng/
2025-09-28 03:20:35,459 - INFO - Scraping 3451/6851: https://www.refurbed.de/p/hp-omen-transcend-14-fb0796ng/
2025-09-28 03:20:37,032 - INFO - Scraping 3452/6851: https://www.refurbed.de/p/hp-omen-transcend-16-u-14700hx/
2025-09-28 03:20:38,488 - INFO - Scraping 3453/6851: https://www.refurbed.de/p/hp-omen-transcend-16-u0590nd-i9/
2025-09-28 03:20:40,125 - INFO - Scraping 3454/6851: https://www.refurbed.de/p/hp-omen-transcend-16-u0795ng-i9/
2025-09-28 03:20:41,569 - INFO - Scraping 3455/6851: https://www.refurbed.de/p/hp-omen-transcend-16-u1002ns-i7/
2025-09-28 03:20:43,187 - INFO - Scraping 3456/6851: https://www.refurbed.de/p/hp-omen-ts-16-u0005nb-13700hx-16/
2025-09-28 03:20:44,742 - INFO - Scraping 3457/6851: https://www.refurbed.de/p/hp-omen17-ck0780ng-i9-1190h/
2025-09-28 03:20:46,368 - INFO - Scraping 3458/6851: https://www.refurbed.de/p/hp-omen17-i7-10750h/
2025-09-28 03:20:48,158 - INFO - Scraping 3459/6851: https://www.refurbed.de/p/hp-omen17-i78750h/
2025-09-28 03:20:49,718 - INFO - Scraping 3460/6851: https://www.refurbed.de/p/hp-omen1717-ck0274ng-i7-11800h/
2025-09-28 03:20:51,276 - INFO - Scraping 3461/6851: https://www.refurbed.de/p/hp-p21b-g4-20-7/
2025-09-28 03:20:52,819 - INFO - Scraping 3462/6851: https://www.refurbed.de/p/hp-p22-g4/
2025-09-28 03:20:54,360 - INFO - Scraping 3463/6851: https://www.refurbed.de/p/hp-p221/
2025-09-28 03:20:55,883 - INFO - Scraping 3464/6851: https://www.refurbed.de/p/hp-p224-21-5/
2025-09-28 03:20:57,388 - INFO - Scraping 3465/6851: https://www.refurbed.de/p/hp-p22h-g5/
2025-09-28 03:20:58,918 - INFO - Scraping 3466/6851: https://www.refurbed.de/p/hp-p24-g4-23-8/
2025-09-28 03:21:00,543 - INFO - Scraping 3467/6851: https://www.refurbed.de/p/hp-p24h-g5-23-8/
2025-09-28 03:21:02,289 - INFO - Scraping 3468/6851: https://www.refurbed.de/p/hp-p24v-g4-23-8/
2025-09-28 03:21:03,849 - INFO - Scraping 3469/6851: https://www.refurbed.de/p/hp-p24v-g5-23-8/
2025-09-28 03:21:05,349 - INFO - Scraping 3470/6851: https://www.refurbed.de/p/hp-p32u-g5-31-5/
2025-09-28 03:21:06,934 - INFO - Scraping 3471/6851: https://www.refurbed.de/p/hp-p34hc-34/
2025-09-28 03:21:08,516 - INFO - Scraping 3472/6851: https://www.refurbed.de/p/hp-pa-1900-08r1/
2025-09-28 03:21:10,151 - INFO - Scraping 3473/6851: https://www.refurbed.de/p/hp-pa-x360-2in1-14-ek2537nz-120u/
2025-09-28 03:21:11,655 - INFO - Scraping 3474/6851: https://www.refurbed.de/p/hp-pagewide-color-mfp-e58650dn/
2025-09-28 03:21:13,086 - INFO - Scraping 3475/6851: https://www.refurbed.de/p/hp-pagewide-color-mfp-e77650dn/
2025-09-28 03:21:14,749 - INFO - Scraping 3476/6851: https://www.refurbed.de/p/hp-pagewide-enterprise-556dn/
2025-09-28 03:21:16,257 - INFO - Scraping 3477/6851: https://www.refurbed.de/p/hp-pagewide-managed-p57750dw/
2025-09-28 03:21:17,876 - INFO - Scraping 3478/6851: https://www.refurbed.de/p/hp-pagewide-managed-p77740z/
2025-09-28 03:21:19,297 - INFO - Scraping 3479/6851: https://www.refurbed.de/p/hp-pagewide-managed-p77760z/
2025-09-28 03:21:20,797 - INFO - Scraping 3480/6851: https://www.refurbed.de/p/hp-pagewide-managed-p77940dn/
2025-09-28 03:21:22,424 - INFO - Scraping 3481/6851: https://www.refurbed.de/p/hp-pagewide-pro-477dw/
2025-09-28 03:21:23,945 - INFO - Scraping 3482/6851: https://www.refurbed.de/p/hp-pav-14-ce3010ng-1035g1/
2025-09-28 03:21:25,329 - INFO - Scraping 3483/6851: https://www.refurbed.de/p/hp-pav-14-ce3501na-1035g1/
2025-09-28 03:21:26,766 - INFO - Scraping 3484/6851: https://www.refurbed.de/p/hp-pav-15-15-eg3019ns-i7-1355u/
2025-09-28 03:21:28,266 - INFO - Scraping 3485/6851: https://www.refurbed.de/p/hp-pav-15-15-eg3025ns-i7-1360p/
2025-09-28 03:21:29,793 - INFO - Scraping 3486/6851: https://www.refurbed.de/p/hp-pav-15-eg0165st-1135g7/
2025-09-28 03:21:31,438 - INFO - Scraping 3487/6851: https://www.refurbed.de/p/hp-pav-15-eg0256ng-1135g7/
2025-09-28 03:21:32,980 - INFO - Scraping 3488/6851: https://www.refurbed.de/p/hp-pav-15-eg2045nf-i5-1235u/
2025-09-28 03:21:34,409 - INFO - Scraping 3489/6851: https://www.refurbed.de/p/hp-pav-15-eg3001nf-i7-1360p/
2025-09-28 03:21:36,023 - INFO - Scraping 3490/6851: https://www.refurbed.de/p/hp-pav-15-eh3013nl-7730u/
2025-09-28 03:21:37,458 - INFO - Scraping 3491/6851: https://www.refurbed.de/p/hp-pav-15-eh3029nf-7730u/
2025-09-28 03:21:38,911 - INFO - Scraping 3492/6851: https://www.refurbed.de/p/hp-pav-x360-15-1125g4-15/
2025-09-28 03:21:40,340 - INFO - Scraping 3493/6851: https://www.refurbed.de/p/hp-pav-x360-15-1135g7/
2025-09-28 03:21:41,816 - INFO - Scraping 3494/6851: https://www.refurbed.de/p/hp-pav-x360-15-er-pentium-7505/
2025-09-28 03:21:43,589 - INFO - Scraping 3495/6851: https://www.refurbed.de/p/hp-pav-x360-15-er0055ng-1135g7/
2025-09-28 03:21:45,020 - INFO - Scraping 3496/6851: https://www.refurbed.de/p/hp-pav-x360-15-i5-1135g7/
2025-09-28 03:21:46,486 - INFO - Scraping 3497/6851: https://www.refurbed.de/p/hp-pav-x360-15-i5-1235u/
2025-09-28 03:21:47,898 - INFO - Scraping 3498/6851: https://www.refurbed.de/p/hp-pav-x360-15-i7-1165g7-15/
2025-09-28 03:21:49,640 - INFO - Scraping 3499/6851: https://www.refurbed.de/p/hp-pav-x360-2-i-1-14-ek-1235u/
2025-09-28 03:21:51,179 - INFO - Scraping 3500/6851: https://www.refurbed.de/p/hp-pav-x360-2-i-1-14-ek-1335u/
2025-09-28 03:21:52,803 - INFO - Scraping 3501/6851: https://www.refurbed.de/p/hp-pav-x360-convert-14-dw-1035g1/
2025-09-28 03:21:54,685 - INFO - Scraping 3502/6851: https://www.refurbed.de/p/hp-pav-x360-convert-14-dw-1115g4/
2025-09-28 03:21:56,100 - INFO - Scraping 3503/6851: https://www.refurbed.de/p/hp-pav-x360-convert-14-dw-1135g7/
2025-09-28 03:21:57,551 - INFO - Scraping 3504/6851: https://www.refurbed.de/p/hp-pav-x360-convert-14-dy-1125g4/
2025-09-28 03:21:59,027 - INFO - Scraping 3505/6851: https://www.refurbed.de/p/hp-pav-x360-convert-14-dy-1135g7/
2025-09-28 03:22:00,702 - INFO - Scraping 3506/6851: https://www.refurbed.de/p/hp-pav-x360-convert-14-dy-1155g7/
2025-09-28 03:22:02,200 - INFO - Scraping 3507/6851: https://www.refurbed.de/p/hp-pav-x360-convert-14-dy-1165g7/
2025-09-28 03:22:03,729 - INFO - Scraping 3508/6851: https://www.refurbed.de/p/hp-pav-x360-convert-14-dy-7505/
2025-09-28 03:22:05,226 - INFO - Scraping 3509/6851: https://www.refurbed.de/p/hp-pav-x360-convert-14-ek-1215u/
2025-09-28 03:22:06,950 - INFO - Scraping 3510/6851: https://www.refurbed.de/p/hp-pav-x360-convert-14-ek-1255u/
2025-09-28 03:22:08,361 - INFO - Scraping 3511/6851: https://www.refurbed.de/p/hp-pav-x360-convert-14-ek-1355u/
2025-09-28 03:22:09,875 - INFO - Scraping 3512/6851: https://www.refurbed.de/p/hp-pav15-eg0053cl-i5-1135g7/
2025-09-28 03:22:10,171 - ERROR - Error fetching https://www.refurbed.de/p/hp-pav15-eg0053cl-i5-1135g7/: 404 Client Error: Not Found for url: https://www.refurbed.de/p/hp-pav15-eg0053cl-i5-1135g7/
2025-09-28 03:22:11,173 - INFO - Scraping 3513/6851: https://www.refurbed.de/p/hp-pav15-eg0070wm-i7-1165g7/
2025-09-28 03:22:12,691 - INFO - Scraping 3514/6851: https://www.refurbed.de/p/hp-pavilion-13-bb0275ng-1135g7/
2025-09-28 03:22:14,474 - INFO - Scraping 3515/6851: https://www.refurbed.de/p/hp-pavilion-13-bb0730ng-1115g4/
2025-09-28 03:22:16,079 - INFO - Scraping 3516/6851: https://www.refurbed.de/p/hp-pavilion-13-bb0750ng-1135g7/
2025-09-28 03:22:17,544 - INFO - Scraping 3517/6851: https://www.refurbed.de/p/hp-pavilion-13-i5-8265u/
2025-09-28 03:22:18,981 - INFO - Scraping 3518/6851: https://www.refurbed.de/p/hp-pavilion-14-bf102ng-i5-8250u/
2025-09-28 03:22:20,416 - INFO - Scraping 3519/6851: https://www.refurbed.de/p/hp-pavilion-14-ce0040nf-i5-8250u/
2025-09-28 03:22:21,771 - INFO - Scraping 3520/6851: https://www.refurbed.de/p/hp-pavilion-14-ce2010-8265u-14/
2025-09-28 03:22:23,290 - INFO - Scraping 3521/6851: https://www.refurbed.de/p/hp-pavilion-14-ce2064st-8265u-14/
2025-09-28 03:22:25,491 - INFO - Scraping 3522/6851: https://www.refurbed.de/p/hp-pavilion-14-ce3075-1065g7-14/
2025-09-28 03:22:27,451 - INFO - Scraping 3523/6851: https://www.refurbed.de/p/hp-pavilion-14-dv0052ng-1135g7/
2025-09-28 03:22:29,397 - INFO - Scraping 3524/6851: https://www.refurbed.de/p/hp-pavilion-14-dv0176ng-7505-14/
2025-09-28 03:22:30,836 - INFO - Scraping 3525/6851: https://www.refurbed.de/p/hp-pavilion-14-dv0733ng-1125g4/
2025-09-28 03:22:32,427 - INFO - Scraping 3526/6851: https://www.refurbed.de/p/hp-pavilion-14-dv0736ng-1125g4/
2025-09-28 03:22:33,939 - INFO - Scraping 3527/6851: https://www.refurbed.de/p/hp-pavilion-14-dv1756ng-1155g7/
2025-09-28 03:22:35,552 - INFO - Scraping 3528/6851: https://www.refurbed.de/p/hp-pavilion-14-ec0076ng-5700u/
2025-09-28 03:22:37,193 - INFO - Scraping 3529/6851: https://www.refurbed.de/p/hp-pavilion-14-ec0735ng-5300u/
2025-09-28 03:22:38,651 - INFO - Scraping 3530/6851: https://www.refurbed.de/p/hp-pavilion-14-ec0755ng-5-5500u/
2025-09-28 03:22:40,261 - INFO - Scraping 3531/6851: https://www.refurbed.de/p/hp-pavilion-14-eh1037nf-1340p/
2025-09-28 03:22:42,103 - INFO - Scraping 3532/6851: https://www.refurbed.de/p/hp-pavilion-15-cc1xx-i7-8550u/
2025-09-28 03:22:42,439 - ERROR - Error fetching https://www.refurbed.de/p/hp-pavilion-15-cc1xx-i7-8550u/: 404 Client Error: Not Found for url: https://www.refurbed.de/p/hp-pavilion-15-cc1xx-i7-8550u/
2025-09-28 03:22:43,441 - INFO - Scraping 3533/6851: https://www.refurbed.de/p/hp-pavilion-15-cc511nf-7500u-15/
2025-09-28 03:22:44,076 - ERROR - Error fetching https://www.refurbed.de/p/hp-pavilion-15-cc511nf-7500u-15/: 404 Client Error: Not Found for url: https://www.refurbed.de/p/hp-pavilion-15-cc511nf-7500u-15/
2025-09-28 03:22:45,078 - INFO - Scraping 3534/6851: https://www.refurbed.de/p/hp-pavilion-15-cc6xx-i5-8250u/
2025-09-28 03:22:45,333 - ERROR - Error fetching https://www.refurbed.de/p/hp-pavilion-15-cc6xx-i5-8250u/: 404 Client Error: Not Found for url: https://www.refurbed.de/p/hp-pavilion-15-cc6xx-i5-8250u/
2025-09-28 03:22:46,335 - INFO - Scraping 3535/6851: https://www.refurbed.de/p/hp-pavilion-15-cc6xx-i7-8550u/
2025-09-28 03:22:47,988 - INFO - Scraping 3536/6851: https://www.refurbed.de/p/hp-pavilion-15-cs0051cl-i5-8250u/
2025-09-28 03:22:48,459 - ERROR - Error fetching https://www.refurbed.de/p/hp-pavilion-15-cs0051cl-i5-8250u/: 404 Client Error: Not Found for url: https://www.refurbed.de/p/hp-pavilion-15-cs0051cl-i5-8250u/
2025-09-28 03:22:49,461 - INFO - Scraping 3537/6851: https://www.refurbed.de/p/hp-pavilion-15-cs1067nr-8565u-15/
2025-09-28 03:22:51,119 - INFO - Scraping 3538/6851: https://www.refurbed.de/p/hp-pavilion-15-cs2079nr-i5-8265u/
2025-09-28 03:22:51,400 - ERROR - Error fetching https://www.refurbed.de/p/hp-pavilion-15-cs2079nr-i5-8265u/: 404 Client Error: Not Found for url: https://www.refurbed.de/p/hp-pavilion-15-cs2079nr-i5-8265u/
2025-09-28 03:22:52,402 - INFO - Scraping 3539/6851: https://www.refurbed.de/p/hp-pavilion-15-cw1903ng-3700u-15/
2025-09-28 03:22:53,853 - INFO - Scraping 3540/6851: https://www.refurbed.de/p/hp-pavilion-15-cx0047nf-8300h-15/
2025-09-28 03:22:55,368 - INFO - Scraping 3541/6851: https://www.refurbed.de/p/hp-pavilion-15-da1034la/
2025-09-28 03:22:56,837 - INFO - Scraping 3542/6851: https://www.refurbed.de/p/hp-pavilion-15-dk2001nc-i5-15-6/
2025-09-28 03:22:58,341 - INFO - Scraping 3543/6851: https://www.refurbed.de/p/hp-pavilion-15-ec1177ng/
2025-09-28 03:23:00,039 - INFO - Scraping 3544/6851: https://www.refurbed.de/p/hp-pavilion-15-eg01053cl/
2025-09-28 03:23:00,308 - ERROR - Error fetching https://www.refurbed.de/p/hp-pavilion-15-eg01053cl/: 404 Client Error: Not Found for url: https://www.refurbed.de/p/hp-pavilion-15-eg01053cl/
2025-09-28 03:23:01,311 - INFO - Scraping 3545/6851: https://www.refurbed.de/p/hp-pavilion-15-eg0177ng/
2025-09-28 03:23:02,780 - INFO - Scraping 3546/6851: https://www.refurbed.de/p/hp-pavilion-15-eg0735ng-15-6/
2025-09-28 03:23:04,375 - INFO - Scraping 3547/6851: https://www.refurbed.de/p/hp-pavilion-15-eg0776ng/
2025-09-28 03:23:05,947 - INFO - Scraping 3548/6851: https://www.refurbed.de/p/hp-pavilion-15-eh1254ng/
2025-09-28 03:23:07,900 - INFO - Scraping 3549/6851: https://www.refurbed.de/p/hp-pavilion-15-eh1355ng/
2025-09-28 03:23:09,341 - INFO - Scraping 3550/6851: https://www.refurbed.de/p/hp-pavilion-15-eh1732ng-15-6/
2025-09-28 03:23:10,949 - INFO - Scraping 3551/6851: https://www.refurbed.de/p/hp-pavilion-15-eh1734ng/
2025-09-28 03:23:12,503 - INFO - Scraping 3552/6851: https://www.refurbed.de/p/hp-pavilion-15-eh1757ng/
2025-09-28 03:23:13,966 - INFO - Scraping 3553/6851: https://www.refurbed.de/p/hp-pavilion-15-eh1775ng-15-6/
2025-09-28 03:23:15,626 - INFO - Scraping 3554/6851: https://www.refurbed.de/p/hp-pavilion-15-eh2153ng-5625u/
2025-09-28 03:23:17,270 - INFO - Scraping 3555/6851: https://www.refurbed.de/p/hp-pavilion-15-i3-1005g1/
2025-09-28 03:23:18,783 - INFO - Scraping 3556/6851: https://www.refurbed.de/p/hp-pavilion-15-p253nf-i3-5010u/
2025-09-28 03:23:19,132 - ERROR - Error fetching https://www.refurbed.de/p/hp-pavilion-15-p253nf-i3-5010u/: 404 Client Error: Not Found for url: https://www.refurbed.de/p/hp-pavilion-15-p253nf-i3-5010u/
2025-09-28 03:23:20,134 - INFO - Scraping 3557/6851: https://www.refurbed.de/p/hp-pavilion-15t-eg000-1165g7/
2025-09-28 03:23:21,652 - INFO - Scraping 3558/6851: https://www.refurbed.de/p/hp-pavilion-15t-eg100-1195g7/
2025-09-28 03:23:23,304 - INFO - Scraping 3559/6851: https://www.refurbed.de/p/hp-pavilion-17-by4062-1135g7/
2025-09-28 03:23:25,106 - INFO - Scraping 3560/6851: https://www.refurbed.de/p/hp-pavilion-17-cd1232ng-10300h/
2025-09-28 03:23:26,973 - INFO - Scraping 3561/6851: https://www.refurbed.de/p/hp-pavilion-17-cd1515ng-10750h/
2025-09-28 03:23:28,433 - INFO - Scraping 3562/6851: https://www.refurbed.de/p/hp-pavilion-17-cn0205ng-n4020/
2025-09-28 03:23:29,828 - INFO - Scraping 3563/6851: https://www.refurbed.de/p/hp-pavilion-17-cn0575nf-n4120/
2025-09-28 03:23:31,279 - INFO - Scraping 3564/6851: https://www.refurbed.de/p/hp-pavilion-510-p000/
2025-09-28 03:23:31,620 - ERROR - Error fetching https://www.refurbed.de/p/hp-pavilion-510-p000/: 404 Client Error: Not Found for url: https://www.refurbed.de/p/hp-pavilion-510-p000/
2025-09-28 03:23:32,622 - INFO - Scraping 3565/6851: https://www.refurbed.de/p/hp-pavilion-550-174ng/
2025-09-28 03:23:32,935 - ERROR - Error fetching https://www.refurbed.de/p/hp-pavilion-550-174ng/: 404 Client Error: Not Found for url: https://www.refurbed.de/p/hp-pavilion-550-174ng/
2025-09-28 03:23:33,937 - INFO - Scraping 3566/6851: https://www.refurbed.de/p/hp-pavilion-570/
2025-09-28 03:23:34,899 - ERROR - Error fetching https://www.refurbed.de/p/hp-pavilion-570/: 404 Client Error: Not Found for url: https://www.refurbed.de/p/hp-pavilion-570/
2025-09-28 03:23:35,902 - INFO - Scraping 3567/6851: https://www.refurbed.de/p/hp-pavilion-590/
2025-09-28 03:23:38,175 - INFO - Scraping 3568/6851: https://www.refurbed.de/p/hp-pavilion-aero-13-r7-5825u/
2025-09-28 03:23:39,821 - INFO - Scraping 3569/6851: https://www.refurbed.de/p/hp-pavilion-aero-13/
2025-09-28 03:23:41,277 - INFO - Scraping 3570/6851: https://www.refurbed.de/p/hp-pavilion-gaming-15-4800h/
2025-09-28 03:23:43,407 - INFO - Scraping 3571/6851: https://www.refurbed.de/p/hp-pavilion-gaming-15-dk1233ng/
2025-09-28 03:23:45,134 - INFO - Scraping 3572/6851: https://www.refurbed.de/p/hp-pavilion-gaming-15-dk1265ng/
2025-09-28 03:23:46,618 - INFO - Scraping 3573/6851: https://www.refurbed.de/p/hp-pavilion-gaming-15-ec2265ng/
2025-09-28 03:23:48,116 - INFO - Scraping 3574/6851: https://www.refurbed.de/p/hp-pavilion-gaming-15-ec2601nc/
2025-09-28 03:23:49,699 - INFO - Scraping 3575/6851: https://www.refurbed.de/p/hp-pavilion-gaming-15-i5-10300h/
2025-09-28 03:23:51,255 - INFO - Scraping 3576/6851: https://www.refurbed.de/p/hp-pavilion-gaming-15-i5-9300h/
2025-09-28 03:23:52,809 - INFO - Scraping 3577/6851: https://www.refurbed.de/p/hp-pavilion-gaming-15-i7-9750h/
2025-09-28 03:23:54,532 - INFO - Scraping 3578/6851: https://www.refurbed.de/p/hp-pavilion-gaming-16-10300h/
2025-09-28 03:23:56,001 - INFO - Scraping 3579/6851: https://www.refurbed.de/p/hp-pavilion-gaming-17-10300h/
2025-09-28 03:23:57,414 - INFO - Scraping 3580/6851: https://www.refurbed.de/p/hp-pavilion-gaming-17-i7-10750h/
2025-09-28 03:23:59,123 - INFO - Scraping 3581/6851: https://www.refurbed.de/p/hp-pavilion-gaming-desktop-tg01/
2025-09-28 03:24:00,558 - INFO - Scraping 3582/6851: https://www.refurbed.de/p/hp-pavilion-gaming-tp01-2707ng/
2025-09-28 03:24:01,989 - INFO - Scraping 3583/6851: https://www.refurbed.de/p/hp-pavilion-laptop-15-eg3414ng/
2025-09-28 03:24:03,311 - INFO - Scraping 3584/6851: https://www.refurbed.de/p/hp-pavilion-laptop-15-eh1019nl/
2025-09-28 03:24:04,793 - INFO - Scraping 3585/6851: https://www.refurbed.de/p/hp-pavilion-plus-14-ew-7-155h/
2025-09-28 03:24:06,457 - INFO - Scraping 3586/6851: https://www.refurbed.de/p/hp-pavilion-tg01/
2025-09-28 03:24:07,920 - INFO - Scraping 3587/6851: https://www.refurbed.de/p/hp-pavilion-tp01/
2025-09-28 03:24:09,412 - INFO - Scraping 3588/6851: https://www.refurbed.de/p/hp-pavilion-w2207-22/
2025-09-28 03:24:10,922 - INFO - Scraping 3589/6851: https://www.refurbed.de/p/hp-pavilion-wave-600-a003nf/
2025-09-28 03:24:11,216 - ERROR - Error fetching https://www.refurbed.de/p/hp-pavilion-wave-600-a003nf/: 404 Client Error: Not Found for url: https://www.refurbed.de/p/hp-pavilion-wave-600-a003nf/
2025-09-28 03:24:12,218 - INFO - Scraping 3590/6851: https://www.refurbed.de/p/hp-pavilion-x360-14m-cd0003dx/
2025-09-28 03:24:13,876 - INFO - Scraping 3591/6851: https://www.refurbed.de/p/hp-pavilion-x360-14m-cd0006dx-i3/
2025-09-28 03:24:15,419 - INFO - Scraping 3592/6851: https://www.refurbed.de/p/hp-pavilion-x360-15-dq-10210u/
2025-09-28 03:24:16,876 - INFO - Scraping 3593/6851: https://www.refurbed.de/p/hp-pavillon-x360-1065g7/
2025-09-28 03:24:18,336 - INFO - Scraping 3594/6851: https://www.refurbed.de/p/hp-pavillon-x360-1135g7/
2025-09-28 03:24:20,119 - INFO - Scraping 3595/6851: https://www.refurbed.de/p/hp-pd215w/
2025-09-28 03:24:21,719 - INFO - Scraping 3596/6851: https://www.refurbed.de/p/hp-ppp012d-s/
2025-09-28 03:24:23,143 - INFO - Scraping 3597/6851: https://www.refurbed.de/p/hp-pr1101u/
2025-09-28 03:24:24,551 - INFO - Scraping 3598/6851: https://www.refurbed.de/p/hp-presence-mini-conferencing-pc/
2025-09-28 03:24:26,094 - INFO - Scraping 3599/6851: https://www.refurbed.de/p/hp-pro-mini-400-g9/
2025-09-28 03:24:27,540 - INFO - Scraping 3600/6851: https://www.refurbed.de/p/hp-pro-sff-290-g9/
2025-09-28 03:24:29,131 - INFO - Scraping 3601/6851: https://www.refurbed.de/p/hp-pro-sff-400-g9/
2025-09-28 03:24:31,210 - INFO - Scraping 3602/6851: https://www.refurbed.de/p/hp-pro-tower-290-g9/
2025-09-28 03:24:32,615 - INFO - Scraping 3603/6851: https://www.refurbed.de/p/hp-pro-tower-400-g9/
2025-09-28 03:24:34,225 - INFO - Scraping 3604/6851: https://www.refurbed.de/p/hp-pro-x2-612-g1-4202y/
2025-09-28 03:24:34,552 - ERROR - Error fetching https://www.refurbed.de/p/hp-pro-x2-612-g1-4202y/: 404 Client Error: Not Found for url: https://www.refurbed.de/p/hp-pro-x2-612-g1-4202y/
2025-09-28 03:24:35,554 - INFO - Scraping 3605/6851: https://www.refurbed.de/p/hp-pro-x2-612-g2-7y30/
2025-09-28 03:24:36,051 - ERROR - Error fetching https://www.refurbed.de/p/hp-pro-x2-612-g2-7y30/: 404 Client Error: Not Found for url: https://www.refurbed.de/p/hp-pro-x2-612-g2-7y30/
2025-09-28 03:24:37,053 - INFO - Scraping 3606/6851: https://www.refurbed.de/p/hp-pro-x2-612-g2-7y54/
2025-09-28 03:24:37,333 - ERROR - Error fetching https://www.refurbed.de/p/hp-pro-x2-612-g2-7y54/: 404 Client Error: Not Found for url: https://www.refurbed.de/p/hp-pro-x2-612-g2-7y54/
2025-09-28 03:24:38,336 - INFO - Scraping 3607/6851: https://www.refurbed.de/p/hp-pro-x2-612-g2-7y57/
2025-09-28 03:24:38,620 - ERROR - Error fetching https://www.refurbed.de/p/hp-pro-x2-612-g2-7y57/: 404 Client Error: Not Found for url: https://www.refurbed.de/p/hp-pro-x2-612-g2-7y57/
2025-09-28 03:24:39,623 - INFO - Scraping 3608/6851: https://www.refurbed.de/p/hp-pro-x2-612-g2-i7-7y75/
2025-09-28 03:24:39,890 - ERROR - Error fetching https://www.refurbed.de/p/hp-pro-x2-612-g2-i7-7y75/: 404 Client Error: Not Found for url: https://www.refurbed.de/p/hp-pro-x2-612-g2-i7-7y75/
2025-09-28 03:24:40,893 - INFO - Scraping 3609/6851: https://www.refurbed.de/p/hp-pro-x360-435-g10-3-7330u/
2025-09-28 03:24:42,321 - INFO - Scraping 3610/6851: https://www.refurbed.de/p/hp-pro-x360-435-g10-5-7530u-/
2025-09-28 03:24:43,848 - INFO - Scraping 3611/6851: https://www.refurbed.de/p/hp-pro-x360-435-g10-7-7730u/
2025-09-28 03:24:45,256 - INFO - Scraping 3612/6851: https://www.refurbed.de/p/hp-pro-x360-fortis-11-g11-n100/
2025-09-28 03:24:46,757 - INFO - Scraping 3613/6851: https://www.refurbed.de/p/hp-pro-x360-fortis-11-g11-n200/
2025-09-28 03:24:48,370 - INFO - Scraping 3614/6851: https://www.refurbed.de/p/hp-pro-x360-fortis-11-g9-n6000/
2025-09-28 03:24:49,812 - INFO - Scraping 3615/6851: https://www.refurbed.de/p/hp-probook-11-ee-g1-5005u/
2025-09-28 03:24:54,773 - ERROR - Error fetching https://www.refurbed.de/p/hp-probook-11-ee-g1-5005u/: 404 Client Error: Not Found for url: https://www.refurbed.de/p/hp-probook-11-ee-g1-5005u/
2025-09-28 03:24:55,775 - INFO - Scraping 3616/6851: https://www.refurbed.de/p/hp-probook-430-g1-celeron-2955u/
2025-09-28 03:24:56,247 - ERROR - Error fetching https://www.refurbed.de/p/hp-probook-430-g1-celeron-2955u/: 404 Client Error: Not Found for url: https://www.refurbed.de/p/hp-probook-430-g1-celeron-2955u/
2025-09-28 03:24:57,249 - INFO - Scraping 3617/6851: https://www.refurbed.de/p/hp-probook-430-g1-i5-4200u/
2025-09-28 03:24:57,957 - ERROR - Error fetching https://www.refurbed.de/p/hp-probook-430-g1-i5-4200u/: 404 Client Error: Not Found for url: https://www.refurbed.de/p/hp-probook-430-g1-i5-4200u/
2025-09-28 03:24:58,959 - INFO - Scraping 3618/6851: https://www.refurbed.de/p/hp-probook-430-g1-i5-4300u/
2025-09-28 03:24:59,219 - ERROR - Error fetching https://www.refurbed.de/p/hp-probook-430-g1-i5-4300u/: 404 Client Error: Not Found for url: https://www.refurbed.de/p/hp-probook-430-g1-i5-4300u/
2025-09-28 03:25:00,221 - INFO - Scraping 3619/6851: https://www.refurbed.de/p/hp-probook-430-g2-4210u/
2025-09-28 03:25:00,530 - ERROR - Error fetching https://www.refurbed.de/p/hp-probook-430-g2-4210u/: 404 Client Error: Not Found for url: https://www.refurbed.de/p/hp-probook-430-g2-4210u/
2025-09-28 03:25:01,532 - INFO - Scraping 3620/6851: https://www.refurbed.de/p/hp-probook-430-g2-4310u/
2025-09-28 03:25:02,005 - ERROR - Error fetching https://www.refurbed.de/p/hp-probook-430-g2-4310u/: 404 Client Error: Not Found for url: https://www.refurbed.de/p/hp-probook-430-g2-4310u/
2025-09-28 03:25:03,007 - INFO - Scraping 3621/6851: https://www.refurbed.de/p/hp-probook-430-g2-5200u/
2025-09-28 03:25:03,316 - ERROR - Error fetching https://www.refurbed.de/p/hp-probook-430-g2-5200u/: 404 Client Error: Not Found for url: https://www.refurbed.de/p/hp-probook-430-g2-5200u/
2025-09-28 03:25:04,318 - INFO - Scraping 3622/6851: https://www.refurbed.de/p/hp-probook-430-g2-i3-4030u/
2025-09-28 03:25:04,571 - ERROR - Error fetching https://www.refurbed.de/p/hp-probook-430-g2-i3-4030u/: 404 Client Error: Not Found for url: https://www.refurbed.de/p/hp-probook-430-g2-i3-4030u/
2025-09-28 03:25:05,573 - INFO - Scraping 3623/6851: https://www.refurbed.de/p/hp-probook-430-g2-i3-5010u/
2025-09-28 03:25:05,831 - ERROR - Error fetching https://www.refurbed.de/p/hp-probook-430-g2-i3-5010u/: 404 Client Error: Not Found for url: https://www.refurbed.de/p/hp-probook-430-g2-i3-5010u/
2025-09-28 03:25:06,834 - INFO - Scraping 3624/6851: https://www.refurbed.de/p/hp-probook-430-g3-4405u/
2025-09-28 03:25:07,136 - ERROR - Error fetching https://www.refurbed.de/p/hp-probook-430-g3-4405u/: 404 Client Error: Not Found for url: https://www.refurbed.de/p/hp-probook-430-g3-4405u/
2025-09-28 03:25:08,138 - INFO - Scraping 3625/6851: https://www.refurbed.de/p/hp-probook-430-g3-i3-6100u/
2025-09-28 03:25:08,493 - ERROR - Error fetching https://www.refurbed.de/p/hp-probook-430-g3-i3-6100u/: 404 Client Error: Not Found for url: https://www.refurbed.de/p/hp-probook-430-g3-i3-6100u/
2025-09-28 03:25:09,495 - INFO - Scraping 3626/6851: https://www.refurbed.de/p/hp-probook-430-g3-i5-6200u/
2025-09-28 03:25:09,831 - ERROR - Error fetching https://www.refurbed.de/p/hp-probook-430-g3-i5-6200u/: 404 Client Error: Not Found for url: https://www.refurbed.de/p/hp-probook-430-g3-i5-6200u/
2025-09-28 03:25:10,833 - INFO - Scraping 3627/6851: https://www.refurbed.de/p/hp-probook-430-g4-i3-7100u/
2025-09-28 03:25:11,295 - ERROR - Error fetching https://www.refurbed.de/p/hp-probook-430-g4-i3-7100u/: 404 Client Error: Not Found for url: https://www.refurbed.de/p/hp-probook-430-g4-i3-7100u/
2025-09-28 03:25:12,297 - INFO - Scraping 3628/6851: https://www.refurbed.de/p/hp-probook-430-g4-i5-7200u/
2025-09-28 03:25:12,857 - ERROR - Error fetching https://www.refurbed.de/p/hp-probook-430-g4-i5-7200u/: 404 Client Error: Not Found for url: https://www.refurbed.de/p/hp-probook-430-g4-i5-7200u/
2025-09-28 03:25:13,859 - INFO - Scraping 3629/6851: https://www.refurbed.de/p/hp-probook-430-g4-pentium-4415u/
2025-09-28 03:25:14,239 - ERROR - Error fetching https://www.refurbed.de/p/hp-probook-430-g4-pentium-4415u/: 404 Client Error: Not Found for url: https://www.refurbed.de/p/hp-probook-430-g4-pentium-4415u/
2025-09-28 03:25:15,241 - INFO - Scraping 3630/6851: https://www.refurbed.de/p/hp-probook-430-g5-8130u/
2025-09-28 03:25:18,839 - INFO - Scraping 3631/6851: https://www.refurbed.de/p/hp-probook-430-g5-8250u/
2025-09-28 03:25:20,859 - INFO - Scraping 3632/6851: https://www.refurbed.de/p/hp-probook-430-g5-celeron-3865u/
2025-09-28 03:25:21,189 - ERROR - Error fetching https://www.refurbed.de/p/hp-probook-430-g5-celeron-3865u/: 404 Client Error: Not Found for url: https://www.refurbed.de/p/hp-probook-430-g5-celeron-3865u/
2025-09-28 03:25:22,191 - INFO - Scraping 3633/6851: https://www.refurbed.de/p/hp-probook-430-g5-i3-7100u/
2025-09-28 03:25:22,504 - ERROR - Error fetching https://www.refurbed.de/p/hp-probook-430-g5-i3-7100u/: 404 Client Error: Not Found for url: https://www.refurbed.de/p/hp-probook-430-g5-i3-7100u/
2025-09-28 03:25:23,506 - INFO - Scraping 3634/6851: https://www.refurbed.de/p/hp-probook-430-g6-8145u/
2025-09-28 03:25:25,244 - INFO - Scraping 3635/6851: https://www.refurbed.de/p/hp-probook-430-g6-8265u/
2025-09-28 03:25:27,542 - INFO - Scraping 3636/6851: https://www.refurbed.de/p/hp-probook-430-g6-8565u/
2025-09-28 03:25:29,987 - INFO - Scraping 3637/6851: https://www.refurbed.de/p/hp-probook-430-g7-i3-10110u/
2025-09-28 03:25:31,585 - INFO - Scraping 3638/6851: https://www.refurbed.de/p/hp-probook-430-g7-i5-10210u/
2025-09-28 03:25:33,352 - INFO - Scraping 3639/6851: https://www.refurbed.de/p/hp-probook-430-g8-i3-1115g4/
2025-09-28 03:25:35,067 - INFO - Scraping 3640/6851: https://www.refurbed.de/p/hp-probook-430-g8-i5-1135g7/
2025-09-28 03:25:36,673 - INFO - Scraping 3641/6851: https://www.refurbed.de/p/hp-probook-430-g8-i7-1165g7/
2025-09-28 03:25:38,288 - INFO - Scraping 3642/6851: https://www.refurbed.de/p/hp-probook-440-g10-1335u-14/
2025-09-28 03:25:39,725 - INFO - Scraping 3643/6851: https://www.refurbed.de/p/hp-probook-440-g10-1355u-14/
2025-09-28 03:25:41,461 - INFO - Scraping 3644/6851: https://www.refurbed.de/p/hp-probook-440-g10-i5-1334u-14/
2025-09-28 03:25:42,987 - INFO - Scraping 3645/6851: https://www.refurbed.de/p/hp-probook-440-g11-ultra-7-155u/
2025-09-28 03:25:44,679 - INFO - Scraping 3646/6851: https://www.refurbed.de/p/hp-probook-440-g3-6200u/
2025-09-28 03:25:45,047 - ERROR - Error fetching https://www.refurbed.de/p/hp-probook-440-g3-6200u/: 404 Client Error: Not Found for url: https://www.refurbed.de/p/hp-probook-440-g3-6200u/
2025-09-28 03:25:46,050 - INFO - Scraping 3647/6851: https://www.refurbed.de/p/hp-probook-440-g4-4415u/
2025-09-28 03:25:46,336 - ERROR - Error fetching https://www.refurbed.de/p/hp-probook-440-g4-4415u/: 404 Client Error: Not Found for url: https://www.refurbed.de/p/hp-probook-440-g4-4415u/
2025-09-28 03:25:47,338 - INFO - Scraping 3648/6851: https://www.refurbed.de/p/hp-probook-440-g4-i3-7100u/
2025-09-28 03:25:47,624 - ERROR - Error fetching https://www.refurbed.de/p/hp-probook-440-g4-i3-7100u/: 404 Client Error: Not Found for url: https://www.refurbed.de/p/hp-probook-440-g4-i3-7100u/
2025-09-28 03:25:48,626 - INFO - Scraping 3649/6851: https://www.refurbed.de/p/hp-probook-440-g4-i5-7200u/
2025-09-28 03:25:49,012 - ERROR - Error fetching https://www.refurbed.de/p/hp-probook-440-g4-i5-7200u/: 404 Client Error: Not Found for url: https://www.refurbed.de/p/hp-probook-440-g4-i5-7200u/
2025-09-28 03:25:50,014 - INFO - Scraping 3650/6851: https://www.refurbed.de/p/hp-probook-440-g5-i3-7100u/
2025-09-28 03:25:50,271 - ERROR - Error fetching https://www.refurbed.de/p/hp-probook-440-g5-i3-7100u/: 404 Client Error: Not Found for url: https://www.refurbed.de/p/hp-probook-440-g5-i3-7100u/
2025-09-28 03:25:51,273 - INFO - Scraping 3651/6851: https://www.refurbed.de/p/hp-probook-440-g5-i3-8130u/
2025-09-28 03:25:52,717 - INFO - Scraping 3652/6851: https://www.refurbed.de/p/hp-probook-440-g5-i5-8250u/
2025-09-28 03:25:54,342 - INFO - Scraping 3653/6851: https://www.refurbed.de/p/hp-probook-440-g5-i7-8550u/
2025-09-28 03:25:55,990 - INFO - Scraping 3654/6851: https://www.refurbed.de/p/hp-probook-440-g6-8145u-14/
2025-09-28 03:25:57,547 - INFO - Scraping 3655/6851: https://www.refurbed.de/p/hp-probook-440-g6-i5-8265u/
2025-09-28 03:25:59,135 - INFO - Scraping 3656/6851: https://www.refurbed.de/p/hp-probook-440-g6-i7-8565u/
2025-09-28 03:26:00,825 - INFO - Scraping 3657/6851: https://www.refurbed.de/p/hp-probook-440-g7-i3-10110u/
2025-09-28 03:26:02,427 - INFO - Scraping 3658/6851: https://www.refurbed.de/p/hp-probook-440-g7-i5-10210u/
2025-09-28 03:26:04,360 - INFO - Scraping 3659/6851: https://www.refurbed.de/p/hp-probook-440-g7-i5-10310u/
2025-09-28 03:26:05,919 - INFO - Scraping 3660/6851: https://www.refurbed.de/p/hp-probook-440-g7-i7-10510u/
2025-09-28 03:26:07,506 - INFO - Scraping 3661/6851: https://www.refurbed.de/p/hp-probook-440-g8-1135g7/
2025-09-28 03:26:09,173 - INFO - Scraping 3662/6851: https://www.refurbed.de/p/hp-probook-440-g8-i3-1115g4-14/
2025-09-28 03:26:11,032 - INFO - Scraping 3663/6851: https://www.refurbed.de/p/hp-probook-440-g8-i7-1165g7/
2025-09-28 03:26:12,789 - INFO - Scraping 3664/6851: https://www.refurbed.de/p/hp-probook-440-g9-i3-1215u/
2025-09-28 03:26:14,328 - INFO - Scraping 3665/6851: https://www.refurbed.de/p/hp-probook-440-g9-i5-1235u/
2025-09-28 03:26:15,941 - INFO - Scraping 3666/6851: https://www.refurbed.de/p/hp-probook-440-g9-i7-1255u/
2025-09-28 03:26:17,562 - INFO - Scraping 3667/6851: https://www.refurbed.de/p/hp-probook-445-g10-ryzen-5-7530u/
2025-09-28 03:26:19,060 - INFO - Scraping 3668/6851: https://www.refurbed.de/p/hp-probook-445-g11-ryzen-5-7535u/
2025-09-28 03:26:20,484 - INFO - Scraping 3669/6851: https://www.refurbed.de/p/hp-probook-445-g7-ryzen-5-4500u/
2025-09-28 03:26:22,171 - INFO - Scraping 3670/6851: https://www.refurbed.de/p/hp-probook-445-g8-3-5400u-14/
2025-09-28 03:26:23,738 - INFO - Scraping 3671/6851: https://www.refurbed.de/p/hp-probook-445-g8-5-5600u-14/
2025-09-28 03:26:25,464 - INFO - Scraping 3672/6851: https://www.refurbed.de/p/hp-probook-445-g8-r7-5800u-14/
2025-09-28 03:26:26,866 - INFO - Scraping 3673/6851: https://www.refurbed.de/p/hp-probook-445-g9-r5-5625u-14/
2025-09-28 03:26:28,471 - INFO - Scraping 3674/6851: https://www.refurbed.de/p/hp-probook-450-g1-i3-4000m/
2025-09-28 03:26:28,777 - ERROR - Error fetching https://www.refurbed.de/p/hp-probook-450-g1-i3-4000m/: 404 Client Error: Not Found for url: https://www.refurbed.de/p/hp-probook-450-g1-i3-4000m/
2025-09-28 03:26:29,779 - INFO - Scraping 3675/6851: https://www.refurbed.de/p/hp-probook-450-g1-i5-4200m/
2025-09-28 03:26:30,512 - ERROR - Error fetching https://www.refurbed.de/p/hp-probook-450-g1-i5-4200m/: 404 Client Error: Not Found for url: https://www.refurbed.de/p/hp-probook-450-g1-i5-4200m/
2025-09-28 03:26:31,515 - INFO - Scraping 3676/6851: https://www.refurbed.de/p/hp-probook-450-g10-i5-1334u/
2025-09-28 03:26:33,045 - INFO - Scraping 3677/6851: https://www.refurbed.de/p/hp-probook-450-g10-i5-1335u/
2025-09-28 03:26:34,470 - INFO - Scraping 3678/6851: https://www.refurbed.de/p/hp-probook-450-g10-i7-1355u/
2025-09-28 03:26:36,069 - INFO - Scraping 3679/6851: https://www.refurbed.de/p/hp-probook-450-g2-2957u/
2025-09-28 03:26:36,680 - ERROR - Error fetching https://www.refurbed.de/p/hp-probook-450-g2-2957u/: 404 Client Error: Not Found for url: https://www.refurbed.de/p/hp-probook-450-g2-2957u/
2025-09-28 03:26:37,682 - INFO - Scraping 3680/6851: https://www.refurbed.de/p/hp-probook-450-g2-i3-4030u-15-6/
2025-09-28 03:26:38,120 - ERROR - Error fetching https://www.refurbed.de/p/hp-probook-450-g2-i3-4030u-15-6/: 404 Client Error: Not Found for url: https://www.refurbed.de/p/hp-probook-450-g2-i3-4030u-15-6/
2025-09-28 03:26:39,122 - INFO - Scraping 3681/6851: https://www.refurbed.de/p/hp-probook-450-g2-i5-4200u/
2025-09-28 03:26:39,521 - ERROR - Error fetching https://www.refurbed.de/p/hp-probook-450-g2-i5-4200u/: 404 Client Error: Not Found for url: https://www.refurbed.de/p/hp-probook-450-g2-i5-4200u/
2025-09-28 03:26:40,523 - INFO - Scraping 3682/6851: https://www.refurbed.de/p/hp-probook-450-g2-i5-4210u/
2025-09-28 03:26:40,864 - ERROR - Error fetching https://www.refurbed.de/p/hp-probook-450-g2-i5-4210u/: 404 Client Error: Not Found for url: https://www.refurbed.de/p/hp-probook-450-g2-i5-4210u/
2025-09-28 03:26:41,866 - INFO - Scraping 3683/6851: https://www.refurbed.de/p/hp-probook-450-g2-i5-5200u/
2025-09-28 03:26:42,328 - ERROR - Error fetching https://www.refurbed.de/p/hp-probook-450-g2-i5-5200u/: 404 Client Error: Not Found for url: https://www.refurbed.de/p/hp-probook-450-g2-i5-5200u/
2025-09-28 03:26:43,330 - INFO - Scraping 3684/6851: https://www.refurbed.de/p/hp-probook-450-g2-i7-4510u/
2025-09-28 03:26:44,050 - ERROR - Error fetching https://www.refurbed.de/p/hp-probook-450-g2-i7-4510u/: 404 Client Error: Not Found for url: https://www.refurbed.de/p/hp-probook-450-g2-i7-4510u/
2025-09-28 03:26:45,052 - INFO - Scraping 3685/6851: https://www.refurbed.de/p/hp-probook-450-g3-i3-6100u/
2025-09-28 03:26:45,415 - ERROR - Error fetching https://www.refurbed.de/p/hp-probook-450-g3-i3-6100u/: 404 Client Error: Not Found for url: https://www.refurbed.de/p/hp-probook-450-g3-i3-6100u/
2025-09-28 03:26:46,417 - INFO - Scraping 3686/6851: https://www.refurbed.de/p/hp-probook-450-g3-i5-6200u/
2025-09-28 03:26:46,662 - ERROR - Error fetching https://www.refurbed.de/p/hp-probook-450-g3-i5-6200u/: 404 Client Error: Not Found for url: https://www.refurbed.de/p/hp-probook-450-g3-i5-6200u/
2025-09-28 03:26:47,663 - INFO - Scraping 3687/6851: https://www.refurbed.de/p/hp-probook-450-g4-i3-7100u-15-6/
2025-09-28 03:26:47,954 - ERROR - Error fetching https://www.refurbed.de/p/hp-probook-450-g4-i3-7100u-15-6/: 404 Client Error: Not Found for url: https://www.refurbed.de/p/hp-probook-450-g4-i3-7100u-15-6/
2025-09-28 03:26:48,956 - INFO - Scraping 3688/6851: https://www.refurbed.de/p/hp-probook-450-g4-i5-7200u-15-6/
2025-09-28 03:26:49,597 - ERROR - Error fetching https://www.refurbed.de/p/hp-probook-450-g4-i5-7200u-15-6/: 404 Client Error: Not Found for url: https://www.refurbed.de/p/hp-probook-450-g4-i5-7200u-15-6/
2025-09-28 03:26:50,599 - INFO - Scraping 3689/6851: https://www.refurbed.de/p/hp-probook-450-g4-i7-7600u-15-6/
2025-09-28 03:26:50,897 - ERROR - Error fetching https://www.refurbed.de/p/hp-probook-450-g4-i7-7600u-15-6/: 404 Client Error: Not Found for url: https://www.refurbed.de/p/hp-probook-450-g4-i7-7600u-15-6/
2025-09-28 03:26:51,899 - INFO - Scraping 3690/6851: https://www.refurbed.de/p/hp-probook-450-g5-8550u-15-6/
2025-09-28 03:26:53,390 - INFO - Scraping 3691/6851: https://www.refurbed.de/p/hp-probook-450-g5-i3-8130u-15-6/
2025-09-28 03:26:54,893 - INFO - Scraping 3692/6851: https://www.refurbed.de/p/hp-probook-450-g5-i5-8250u-15-6/
2025-09-28 03:26:56,547 - INFO - Scraping 3693/6851: https://www.refurbed.de/p/hp-probook-450-g6-i3-8145u/
2025-09-28 03:26:58,006 - INFO - Scraping 3694/6851: https://www.refurbed.de/p/hp-probook-450-g6-i5-8265u-15-6/
2025-09-28 03:26:59,933 - INFO - Scraping 3695/6851: https://www.refurbed.de/p/hp-probook-450-g7-i5-10210u-15-6/
2025-09-28 03:27:01,589 - INFO - Scraping 3696/6851: https://www.refurbed.de/p/hp-probook-450-g7-i7-10510u-15-6/
2025-09-28 03:27:03,246 - INFO - Scraping 3697/6851: https://www.refurbed.de/p/hp-probook-450-g7-i7-8550u-15-6/
2025-09-28 03:27:04,766 - INFO - Scraping 3698/6851: https://www.refurbed.de/p/hp-probook-450-g8-i3-1115g4/
2025-09-28 03:27:06,581 - INFO - Scraping 3699/6851: https://www.refurbed.de/p/hp-probook-450-g8-i5-1135g7-15-6/
2025-09-28 03:27:08,427 - INFO - Scraping 3700/6851: https://www.refurbed.de/p/hp-probook-450-g8-i7-1165g7-15-6/
2025-09-28 03:27:10,100 - INFO - Scraping 3701/6851: https://www.refurbed.de/p/hp-probook-450-g9-1215u-15-6/
2025-09-28 03:27:11,572 - INFO - Scraping 3702/6851: https://www.refurbed.de/p/hp-probook-450-g9-1235u-15-6/
2025-09-28 03:27:13,170 - INFO - Scraping 3703/6851: https://www.refurbed.de/p/hp-probook-450-g9-1255u-15-6/
2025-09-28 03:27:15,112 - INFO - Scraping 3704/6851: https://www.refurbed.de/p/hp-probook-455-g10-ryzen-3-7330u/
2025-09-28 03:27:16,571 - INFO - Scraping 3705/6851: https://www.refurbed.de/p/hp-probook-455-g10-ryzen-5-7530u/
2025-09-28 03:27:18,185 - INFO - Scraping 3706/6851: https://www.refurbed.de/p/hp-probook-455-g10-ryzen-7-7730u/
2025-09-28 03:27:19,716 - INFO - Scraping 3707/6851: https://www.refurbed.de/p/hp-probook-455-g7-ryzen-5-4500u/
2025-09-28 03:27:21,244 - INFO - Scraping 3708/6851: https://www.refurbed.de/p/hp-probook-455-g8-3-5400u-15-6/
2025-09-28 03:27:22,780 - INFO - Scraping 3709/6851: https://www.refurbed.de/p/hp-probook-455-g8-5-5600u-15-6/
2025-09-28 03:27:24,436 - INFO - Scraping 3710/6851: https://www.refurbed.de/p/hp-probook-455-g8-ryzen-7-5800u/
2025-09-28 03:27:25,925 - INFO - Scraping 3711/6851: https://www.refurbed.de/p/hp-probook-455-g9-r7-5825u-15-6/
2025-09-28 03:27:27,433 - INFO - Scraping 3712/6851: https://www.refurbed.de/p/hp-probook-455-g9-ryzen-5-5625u/
2025-09-28 03:27:28,827 - INFO - Scraping 3713/6851: https://www.refurbed.de/p/hp-probook-460-g11-5-125h/
2025-09-28 03:27:30,484 - INFO - Scraping 3714/6851: https://www.refurbed.de/p/hp-probook-460-g11-5-125u/
2025-09-28 03:27:31,862 - INFO - Scraping 3715/6851: https://www.refurbed.de/p/hp-probook-460-g11-7-155h/
2025-09-28 03:27:33,267 - INFO - Scraping 3716/6851: https://www.refurbed.de/p/hp-probook-460-g11-7-155u/
2025-09-28 03:27:34,759 - INFO - Scraping 3717/6851: https://www.refurbed.de/p/hp-probook-465-g11-r5-7535u-16/
2025-09-28 03:27:36,199 - INFO - Scraping 3718/6851: https://www.refurbed.de/p/hp-probook-465-g11-r7-7735u-16/
2025-09-28 03:27:38,294 - INFO - Scraping 3719/6851: https://www.refurbed.de/p/hp-probook-470-g2-5500u-17-3/
2025-09-28 03:27:38,619 - ERROR - Error fetching https://www.refurbed.de/p/hp-probook-470-g2-5500u-17-3/: 404 Client Error: Not Found for url: https://www.refurbed.de/p/hp-probook-470-g2-5500u-17-3/
2025-09-28 03:27:39,621 - INFO - Scraping 3720/6851: https://www.refurbed.de/p/hp-probook-470-g2-i5-4210u/
2025-09-28 03:27:40,275 - ERROR - Error fetching https://www.refurbed.de/p/hp-probook-470-g2-i5-4210u/: 404 Client Error: Not Found for url: https://www.refurbed.de/p/hp-probook-470-g2-i5-4210u/
2025-09-28 03:27:41,277 - INFO - Scraping 3721/6851: https://www.refurbed.de/p/hp-probook-470-g2-i5-5200u/
2025-09-28 03:27:41,900 - ERROR - Error fetching https://www.refurbed.de/p/hp-probook-470-g2-i5-5200u/: 404 Client Error: Not Found for url: https://www.refurbed.de/p/hp-probook-470-g2-i5-5200u/
2025-09-28 03:27:42,902 - INFO - Scraping 3722/6851: https://www.refurbed.de/p/hp-probook-470-g2-i7-4510u/
2025-09-28 03:27:43,416 - ERROR - Error fetching https://www.refurbed.de/p/hp-probook-470-g2-i7-4510u/: 404 Client Error: Not Found for url: https://www.refurbed.de/p/hp-probook-470-g2-i7-4510u/
2025-09-28 03:27:44,418 - INFO - Scraping 3723/6851: https://www.refurbed.de/p/hp-probook-470-g3-i3-6100u-17-3/
2025-09-28 03:27:44,735 - ERROR - Error fetching https://www.refurbed.de/p/hp-probook-470-g3-i3-6100u-17-3/: 404 Client Error: Not Found for url: https://www.refurbed.de/p/hp-probook-470-g3-i3-6100u-17-3/
2025-09-28 03:27:45,737 - INFO - Scraping 3724/6851: https://www.refurbed.de/p/hp-probook-470-g3-i5-6200u-17-3/
2025-09-28 03:27:46,056 - ERROR - Error fetching https://www.refurbed.de/p/hp-probook-470-g3-i5-6200u-17-3/: 404 Client Error: Not Found for url: https://www.refurbed.de/p/hp-probook-470-g3-i5-6200u-17-3/
2025-09-28 03:27:47,058 - INFO - Scraping 3725/6851: https://www.refurbed.de/p/hp-probook-470-g3-i7-6500u/
2025-09-28 03:27:47,375 - ERROR - Error fetching https://www.refurbed.de/p/hp-probook-470-g3-i7-6500u/: 404 Client Error: Not Found for url: https://www.refurbed.de/p/hp-probook-470-g3-i7-6500u/
2025-09-28 03:27:48,377 - INFO - Scraping 3726/6851: https://www.refurbed.de/p/hp-probook-470-g4-i5-7200u-17-3/
2025-09-28 03:27:48,659 - ERROR - Error fetching https://www.refurbed.de/p/hp-probook-470-g4-i5-7200u-17-3/: 404 Client Error: Not Found for url: https://www.refurbed.de/p/hp-probook-470-g4-i5-7200u-17-3/
2025-09-28 03:27:49,661 - INFO - Scraping 3727/6851: https://www.refurbed.de/p/hp-probook-470-g4-i7-7500u-17-3/
2025-09-28 03:27:50,010 - ERROR - Error fetching https://www.refurbed.de/p/hp-probook-470-g4-i7-7500u-17-3/: 404 Client Error: Not Found for url: https://www.refurbed.de/p/hp-probook-470-g4-i7-7500u-17-3/
2025-09-28 03:27:51,012 - INFO - Scraping 3728/6851: https://www.refurbed.de/p/hp-probook-470-g5-8250u/
2025-09-28 03:27:52,989 - INFO - Scraping 3729/6851: https://www.refurbed.de/p/hp-probook-470-g5-i78550u/
2025-09-28 03:27:54,560 - INFO - Scraping 3730/6851: https://www.refurbed.de/p/hp-probook-470-g7-i5-10310u/
2025-09-28 03:27:56,293 - INFO - Scraping 3731/6851: https://www.refurbed.de/p/hp-probook-470-g7-i7-10510u/
2025-09-28 03:27:57,803 - INFO - Scraping 3732/6851: https://www.refurbed.de/p/hp-probook-470-g8-i5-1135g7/
2025-09-28 03:27:59,580 - INFO - Scraping 3733/6851: https://www.refurbed.de/p/hp-probook-470-g8-i7-1165g7/
2025-09-28 03:28:01,144 - INFO - Scraping 3734/6851: https://www.refurbed.de/p/hp-probook-630-g8-i5-1135g7/
2025-09-28 03:28:02,510 - INFO - Scraping 3735/6851: https://www.refurbed.de/p/hp-probook-635-aero-g8-5800u/
2025-09-28 03:28:04,176 - INFO - Scraping 3736/6851: https://www.refurbed.de/p/hp-probook-640-g1-13-14/
2025-09-28 03:28:04,490 - ERROR - Error fetching https://www.refurbed.de/p/hp-probook-640-g1-13-14/: 404 Client Error: Not Found for url: https://www.refurbed.de/p/hp-probook-640-g1-13-14/
2025-09-28 03:28:05,493 - INFO - Scraping 3737/6851: https://www.refurbed.de/p/hp-probook-640-g1-4200m/
2025-09-28 03:28:05,892 - ERROR - Error fetching https://www.refurbed.de/p/hp-probook-640-g1-4200m/: 404 Client Error: Not Found for url: https://www.refurbed.de/p/hp-probook-640-g1-4200m/
2025-09-28 03:28:06,894 - INFO - Scraping 3738/6851: https://www.refurbed.de/p/hp-probook-640-g1-i5-4210m/
2025-09-28 03:28:07,327 - ERROR - Error fetching https://www.refurbed.de/p/hp-probook-640-g1-i5-4210m/: 404 Client Error: Not Found for url: https://www.refurbed.de/p/hp-probook-640-g1-i5-4210m/
2025-09-28 03:28:08,330 - INFO - Scraping 3739/6851: https://www.refurbed.de/p/hp-probook-640-g1-i5-4300m/
2025-09-28 03:28:08,592 - ERROR - Error fetching https://www.refurbed.de/p/hp-probook-640-g1-i5-4300m/: 404 Client Error: Not Found for url: https://www.refurbed.de/p/hp-probook-640-g1-i5-4300m/
2025-09-28 03:28:09,594 - INFO - Scraping 3740/6851: https://www.refurbed.de/p/hp-probook-640-g1-i5-4310m/
2025-09-28 03:28:09,829 - ERROR - Error fetching https://www.refurbed.de/p/hp-probook-640-g1-i5-4310m/: 404 Client Error: Not Found for url: https://www.refurbed.de/p/hp-probook-640-g1-i5-4310m/
2025-09-28 03:28:10,831 - INFO - Scraping 3741/6851: https://www.refurbed.de/p/hp-probook-640-g2-i3-6100u-14/
2025-09-28 03:28:11,334 - ERROR - Error fetching https://www.refurbed.de/p/hp-probook-640-g2-i3-6100u-14/: 404 Client Error: Not Found for url: https://www.refurbed.de/p/hp-probook-640-g2-i3-6100u-14/
2025-09-28 03:28:12,336 - INFO - Scraping 3742/6851: https://www.refurbed.de/p/hp-probook-640-g2-i5-14/
2025-09-28 03:28:12,600 - ERROR - Error fetching https://www.refurbed.de/p/hp-probook-640-g2-i5-14/: 404 Client Error: Not Found for url: https://www.refurbed.de/p/hp-probook-640-g2-i5-14/
2025-09-28 03:28:13,602 - INFO - Scraping 3743/6851: https://www.refurbed.de/p/hp-probook-640-g2-i5-6200u-14/
2025-09-28 03:28:13,906 - ERROR - Error fetching https://www.refurbed.de/p/hp-probook-640-g2-i5-6200u-14/: 404 Client Error: Not Found for url: https://www.refurbed.de/p/hp-probook-640-g2-i5-6200u-14/
2025-09-28 03:28:14,908 - INFO - Scraping 3744/6851: https://www.refurbed.de/p/hp-probook-640-g2-i5-6300u-14/
2025-09-28 03:28:15,190 - ERROR - Error fetching https://www.refurbed.de/p/hp-probook-640-g2-i5-6300u-14/: 404 Client Error: Not Found for url: https://www.refurbed.de/p/hp-probook-640-g2-i5-6300u-14/
2025-09-28 03:28:16,192 - INFO - Scraping 3745/6851: https://www.refurbed.de/p/hp-probook-640-g2-i7-6600u-14/
2025-09-28 03:28:16,507 - ERROR - Error fetching https://www.refurbed.de/p/hp-probook-640-g2-i7-6600u-14/: 404 Client Error: Not Found for url: https://www.refurbed.de/p/hp-probook-640-g2-i7-6600u-14/
2025-09-28 03:28:17,509 - INFO - Scraping 3746/6851: https://www.refurbed.de/p/hp-probook-640-g3-7100u/
2025-09-28 03:28:17,807 - ERROR - Error fetching https://www.refurbed.de/p/hp-probook-640-g3-7100u/: 404 Client Error: Not Found for url: https://www.refurbed.de/p/hp-probook-640-g3-7100u/
2025-09-28 03:28:18,809 - INFO - Scraping 3747/6851: https://www.refurbed.de/p/hp-probook-640-g3-7200u/
2025-09-28 03:28:19,104 - ERROR - Error fetching https://www.refurbed.de/p/hp-probook-640-g3-7200u/: 404 Client Error: Not Found for url: https://www.refurbed.de/p/hp-probook-640-g3-7200u/
2025-09-28 03:28:20,106 - INFO - Scraping 3748/6851: https://www.refurbed.de/p/hp-probook-640-g3-7300u/
2025-09-28 03:28:20,390 - ERROR - Error fetching https://www.refurbed.de/p/hp-probook-640-g3-7300u/: 404 Client Error: Not Found for url: https://www.refurbed.de/p/hp-probook-640-g3-7300u/
2025-09-28 03:28:21,392 - INFO - Scraping 3749/6851: https://www.refurbed.de/p/hp-probook-640-g4-8250u/
2025-09-28 03:28:23,246 - INFO - Scraping 3750/6851: https://www.refurbed.de/p/hp-probook-640-g4-8350u/
2025-09-28 03:28:24,902 - INFO - Scraping 3751/6851: https://www.refurbed.de/p/hp-probook-640-g4-8365u/
2025-09-28 03:28:26,512 - INFO - Scraping 3752/6851: https://www.refurbed.de/p/hp-probook-640-g4-i5-7200u/
2025-09-28 03:28:26,936 - ERROR - Error fetching https://www.refurbed.de/p/hp-probook-640-g4-i5-7200u/: 404 Client Error: Not Found for url: https://www.refurbed.de/p/hp-probook-640-g4-i5-7200u/
2025-09-28 03:28:27,938 - INFO - Scraping 3753/6851: https://www.refurbed.de/p/hp-probook-640-g4-i5-7300u/
2025-09-28 03:28:28,272 - ERROR - Error fetching https://www.refurbed.de/p/hp-probook-640-g4-i5-7300u/: 404 Client Error: Not Found for url: https://www.refurbed.de/p/hp-probook-640-g4-i5-7300u/
2025-09-28 03:28:29,274 - INFO - Scraping 3754/6851: https://www.refurbed.de/p/hp-probook-640-g5-8145u-14/
2025-09-28 03:28:30,927 - INFO - Scraping 3755/6851: https://www.refurbed.de/p/hp-probook-640-g5-8265u-14/
2025-09-28 03:28:32,605 - INFO - Scraping 3756/6851: https://www.refurbed.de/p/hp-probook-640-g5-8365u-14/
2025-09-28 03:28:34,302 - INFO - Scraping 3757/6851: https://www.refurbed.de/p/hp-probook-640-g8-i5-1135g7-14/
2025-09-28 03:28:35,954 - INFO - Scraping 3758/6851: https://www.refurbed.de/p/hp-probook-640-g8-i5-1145g7/
2025-09-28 03:28:37,611 - INFO - Scraping 3759/6851: https://www.refurbed.de/p/hp-probook-640-g8-i7-1165g7-14/
2025-09-28 03:28:39,064 - INFO - Scraping 3760/6851: https://www.refurbed.de/p/hp-probook-640-g9-i5-1235u-14/
2025-09-28 03:28:40,646 - INFO - Scraping 3761/6851: https://www.refurbed.de/p/hp-probook-645-g1-amd-a6-2-7-ghz/
2025-09-28 03:28:40,999 - ERROR - Error fetching https://www.refurbed.de/p/hp-probook-645-g1-amd-a6-2-7-ghz/: 404 Client Error: Not Found for url: https://www.refurbed.de/p/hp-probook-645-g1-amd-a6-2-7-ghz/
2025-09-28 03:28:42,001 - INFO - Scraping 3762/6851: https://www.refurbed.de/p/hp-probook-645-g1-amd-a6-5350m/
2025-09-28 03:28:42,287 - ERROR - Error fetching https://www.refurbed.de/p/hp-probook-645-g1-amd-a6-5350m/: 404 Client Error: Not Found for url: https://www.refurbed.de/p/hp-probook-645-g1-amd-a6-5350m/
2025-09-28 03:28:43,289 - INFO - Scraping 3763/6851: https://www.refurbed.de/p/hp-probook-645-g1-amd-a8-5550m/
2025-09-28 03:28:43,615 - ERROR - Error fetching https://www.refurbed.de/p/hp-probook-645-g1-amd-a8-5550m/: 404 Client Error: Not Found for url: https://www.refurbed.de/p/hp-probook-645-g1-amd-a8-5550m/
2025-09-28 03:28:44,617 - INFO - Scraping 3764/6851: https://www.refurbed.de/p/hp-probook-645-g2-pro-a6-8500/
2025-09-28 03:28:44,904 - ERROR - Error fetching https://www.refurbed.de/p/hp-probook-645-g2-pro-a6-8500/: 404 Client Error: Not Found for url: https://www.refurbed.de/p/hp-probook-645-g2-pro-a6-8500/
2025-09-28 03:28:45,905 - INFO - Scraping 3765/6851: https://www.refurbed.de/p/hp-probook-645-g2-pro-a8-8600b/
2025-09-28 03:28:46,254 - ERROR - Error fetching https://www.refurbed.de/p/hp-probook-645-g2-pro-a8-8600b/: 404 Client Error: Not Found for url: https://www.refurbed.de/p/hp-probook-645-g2-pro-a8-8600b/
2025-09-28 03:28:47,257 - INFO - Scraping 3766/6851: https://www.refurbed.de/p/hp-probook-645-g3-pro-a6-8530b/
2025-09-28 03:28:47,531 - ERROR - Error fetching https://www.refurbed.de/p/hp-probook-645-g3-pro-a6-8530b/: 404 Client Error: Not Found for url: https://www.refurbed.de/p/hp-probook-645-g3-pro-a6-8530b/
2025-09-28 03:28:48,533 - INFO - Scraping 3767/6851: https://www.refurbed.de/p/hp-probook-645-g4-ryzen-3-pro230/
2025-09-28 03:28:48,817 - ERROR - Error fetching https://www.refurbed.de/p/hp-probook-645-g4-ryzen-3-pro230/: 404 Client Error: Not Found for url: https://www.refurbed.de/p/hp-probook-645-g4-ryzen-3-pro230/
2025-09-28 03:28:49,819 - INFO - Scraping 3768/6851: https://www.refurbed.de/p/hp-probook-645-g4-ryzen-5-pro250/
2025-09-28 03:28:51,308 - INFO - Scraping 3769/6851: https://www.refurbed.de/p/hp-probook-645-g4-ryzen-7-pro/
2025-09-28 03:28:51,586 - ERROR - Error fetching https://www.refurbed.de/p/hp-probook-645-g4-ryzen-7-pro/: 404 Client Error: Not Found for url: https://www.refurbed.de/p/hp-probook-645-g4-ryzen-7-pro/
2025-09-28 03:28:52,588 - INFO - Scraping 3770/6851: https://www.refurbed.de/p/hp-probook-650-g1-4300m/
2025-09-28 03:28:52,879 - ERROR - Error fetching https://www.refurbed.de/p/hp-probook-650-g1-4300m/: 404 Client Error: Not Found for url: https://www.refurbed.de/p/hp-probook-650-g1-4300m/
2025-09-28 03:28:53,881 - INFO - Scraping 3771/6851: https://www.refurbed.de/p/hp-probook-650-g1-celeron-2950m/
2025-09-28 03:28:54,193 - ERROR - Error fetching https://www.refurbed.de/p/hp-probook-650-g1-celeron-2950m/: 404 Client Error: Not Found for url: https://www.refurbed.de/p/hp-probook-650-g1-celeron-2950m/
2025-09-28 03:28:55,195 - INFO - Scraping 3772/6851: https://www.refurbed.de/p/hp-probook-650-g1-i3-4000m-15-6/
2025-09-28 03:28:55,501 - ERROR - Error fetching https://www.refurbed.de/p/hp-probook-650-g1-i3-4000m-15-6/: 404 Client Error: Not Found for url: https://www.refurbed.de/p/hp-probook-650-g1-i3-4000m-15-6/
2025-09-28 03:28:56,503 - INFO - Scraping 3773/6851: https://www.refurbed.de/p/hp-probook-650-g1-i5-4210m/
2025-09-28 03:28:56,956 - ERROR - Error fetching https://www.refurbed.de/p/hp-probook-650-g1-i5-4210m/: 404 Client Error: Not Found for url: https://www.refurbed.de/p/hp-probook-650-g1-i5-4210m/
2025-09-28 03:28:57,958 - INFO - Scraping 3774/6851: https://www.refurbed.de/p/hp-probook-650-g1-i5-4310m-15-6/
2025-09-28 03:28:58,529 - ERROR - Error fetching https://www.refurbed.de/p/hp-probook-650-g1-i5-4310m-15-6/: 404 Client Error: Not Found for url: https://www.refurbed.de/p/hp-probook-650-g1-i5-4310m-15-6/
2025-09-28 03:28:59,531 - INFO - Scraping 3775/6851: https://www.refurbed.de/p/hp-probook-650-g1-i7-4600u/
2025-09-28 03:28:59,841 - ERROR - Error fetching https://www.refurbed.de/p/hp-probook-650-g1-i7-4600u/: 404 Client Error: Not Found for url: https://www.refurbed.de/p/hp-probook-650-g1-i7-4600u/
2025-09-28 03:29:00,843 - INFO - Scraping 3776/6851: https://www.refurbed.de/p/hp-probook-650-g1-i7-4610m-15-6/
2025-09-28 03:29:01,119 - ERROR - Error fetching https://www.refurbed.de/p/hp-probook-650-g1-i7-4610m-15-6/: 404 Client Error: Not Found for url: https://www.refurbed.de/p/hp-probook-650-g1-i7-4610m-15-6/
2025-09-28 03:29:02,121 - INFO - Scraping 3777/6851: https://www.refurbed.de/p/hp-probook-650-g1-i7-4702mq/
2025-09-28 03:29:02,390 - ERROR - Error fetching https://www.refurbed.de/p/hp-probook-650-g1-i7-4702mq/: 404 Client Error: Not Found for url: https://www.refurbed.de/p/hp-probook-650-g1-i7-4702mq/
2025-09-28 03:29:03,392 - INFO - Scraping 3778/6851: https://www.refurbed.de/p/hp-probook-650-g2-6100u/
2025-09-28 03:29:03,702 - ERROR - Error fetching https://www.refurbed.de/p/hp-probook-650-g2-6100u/: 404 Client Error: Not Found for url: https://www.refurbed.de/p/hp-probook-650-g2-6100u/
2025-09-28 03:29:04,704 - INFO - Scraping 3779/6851: https://www.refurbed.de/p/hp-probook-650-g2-6200u/
2025-09-28 03:29:05,089 - ERROR - Error fetching https://www.refurbed.de/p/hp-probook-650-g2-6200u/: 404 Client Error: Not Found for url: https://www.refurbed.de/p/hp-probook-650-g2-6200u/
2025-09-28 03:29:06,091 - INFO - Scraping 3780/6851: https://www.refurbed.de/p/hp-probook-650-g2-6300u/
2025-09-28 03:29:06,329 - ERROR - Error fetching https://www.refurbed.de/p/hp-probook-650-g2-6300u/: 404 Client Error: Not Found for url: https://www.refurbed.de/p/hp-probook-650-g2-6300u/
2025-09-28 03:29:07,331 - INFO - Scraping 3781/6851: https://www.refurbed.de/p/hp-probook-650-g2-6440hq/
2025-09-28 03:29:07,759 - ERROR - Error fetching https://www.refurbed.de/p/hp-probook-650-g2-6440hq/: 404 Client Error: Not Found for url: https://www.refurbed.de/p/hp-probook-650-g2-6440hq/
2025-09-28 03:29:08,761 - INFO - Scraping 3782/6851: https://www.refurbed.de/p/hp-probook-650-g2-6600u-15-6/
2025-09-28 03:29:09,035 - ERROR - Error fetching https://www.refurbed.de/p/hp-probook-650-g2-6600u-15-6/: 404 Client Error: Not Found for url: https://www.refurbed.de/p/hp-probook-650-g2-6600u-15-6/
2025-09-28 03:29:10,037 - INFO - Scraping 3783/6851: https://www.refurbed.de/p/hp-probook-650-g3-i5-7200u-15-6/
2025-09-28 03:29:10,385 - ERROR - Error fetching https://www.refurbed.de/p/hp-probook-650-g3-i5-7200u-15-6/: 404 Client Error: Not Found for url: https://www.refurbed.de/p/hp-probook-650-g3-i5-7200u-15-6/
2025-09-28 03:29:11,387 - INFO - Scraping 3784/6851: https://www.refurbed.de/p/hp-probook-650-g3-i5-7300u/
2025-09-28 03:29:11,708 - ERROR - Error fetching https://www.refurbed.de/p/hp-probook-650-g3-i5-7300u/: 404 Client Error: Not Found for url: https://www.refurbed.de/p/hp-probook-650-g3-i5-7300u/
2025-09-28 03:29:12,710 - INFO - Scraping 3785/6851: https://www.refurbed.de/p/hp-probook-650-g3-i7-7600u/
2025-09-28 03:29:13,009 - ERROR - Error fetching https://www.refurbed.de/p/hp-probook-650-g3-i7-7600u/: 404 Client Error: Not Found for url: https://www.refurbed.de/p/hp-probook-650-g3-i7-7600u/
2025-09-28 03:29:14,011 - INFO - Scraping 3786/6851: https://www.refurbed.de/p/hp-probook-650-g3-i7-7820hq/
2025-09-28 03:29:15,796 - INFO - Scraping 3787/6851: https://www.refurbed.de/p/hp-probook-650-g4-8250u/
2025-09-28 03:29:17,515 - INFO - Scraping 3788/6851: https://www.refurbed.de/p/hp-probook-650-g4-8350u/
2025-09-28 03:29:19,199 - INFO - Scraping 3789/6851: https://www.refurbed.de/p/hp-probook-650-g4-i3-8130u/
2025-09-28 03:29:20,822 - INFO - Scraping 3790/6851: https://www.refurbed.de/p/hp-probook-650-g4-i5-7200u/
2025-09-28 03:29:21,173 - ERROR - Error fetching https://www.refurbed.de/p/hp-probook-650-g4-i5-7200u/: 404 Client Error: Not Found for url: https://www.refurbed.de/p/hp-probook-650-g4-i5-7200u/
2025-09-28 03:29:22,175 - INFO - Scraping 3791/6851: https://www.refurbed.de/p/hp-probook-650-g4-i5-7300u/
2025-09-28 03:29:22,461 - ERROR - Error fetching https://www.refurbed.de/p/hp-probook-650-g4-i5-7300u/: 404 Client Error: Not Found for url: https://www.refurbed.de/p/hp-probook-650-g4-i5-7300u/
2025-09-28 03:29:23,463 - INFO - Scraping 3792/6851: https://www.refurbed.de/p/hp-probook-650-g4-i7-8550u/
2025-09-28 03:29:25,316 - INFO - Scraping 3793/6851: https://www.refurbed.de/p/hp-probook-650-g4-i7-8650u/
2025-09-28 03:29:26,884 - INFO - Scraping 3794/6851: https://www.refurbed.de/p/hp-probook-650-g5-i3-8145u-15-6/
2025-09-28 03:29:28,288 - INFO - Scraping 3795/6851: https://www.refurbed.de/p/hp-probook-650-g5-i5-8265u-15-6/
2025-09-28 03:29:30,186 - INFO - Scraping 3796/6851: https://www.refurbed.de/p/hp-probook-650-g5-i5-8365u-15-6/
2025-09-28 03:29:31,798 - INFO - Scraping 3797/6851: https://www.refurbed.de/p/hp-probook-650-g5-i7-8665u-15-6/
2025-09-28 03:29:33,452 - INFO - Scraping 3798/6851: https://www.refurbed.de/p/hp-probook-650-g8-1115g4/
2025-09-28 03:29:34,933 - INFO - Scraping 3799/6851: https://www.refurbed.de/p/hp-probook-650-g8-1135g7/
2025-09-28 03:29:36,662 - INFO - Scraping 3800/6851: https://www.refurbed.de/p/hp-probook-650-g8-i5-1145g7/
2025-09-28 03:29:38,254 - INFO - Scraping 3801/6851: https://www.refurbed.de/p/hp-probook-650-g8-i7-1165g7/
2025-09-28 03:29:39,843 - INFO - Scraping 3802/6851: https://www.refurbed.de/p/hp-probook-650-g9-i7-1255u/
2025-09-28 03:29:41,287 - INFO - Scraping 3803/6851: https://www.refurbed.de/p/hp-probook-655-g1-a10-4600m/
2025-09-28 03:29:41,616 - ERROR - Error fetching https://www.refurbed.de/p/hp-probook-655-g1-a10-4600m/: 404 Client Error: Not Found for url: https://www.refurbed.de/p/hp-probook-655-g1-a10-4600m/
2025-09-28 03:29:42,618 - INFO - Scraping 3804/6851: https://www.refurbed.de/p/hp-probook-655-g1-a10-5750m/
2025-09-28 03:29:43,107 - ERROR - Error fetching https://www.refurbed.de/p/hp-probook-655-g1-a10-5750m/: 404 Client Error: Not Found for url: https://www.refurbed.de/p/hp-probook-655-g1-a10-5750m/
2025-09-28 03:29:44,109 - INFO - Scraping 3805/6851: https://www.refurbed.de/p/hp-probook-655-g2-pro-a10-8700b/
2025-09-28 03:29:44,448 - ERROR - Error fetching https://www.refurbed.de/p/hp-probook-655-g2-pro-a10-8700b/: 404 Client Error: Not Found for url: https://www.refurbed.de/p/hp-probook-655-g2-pro-a10-8700b/
2025-09-28 03:29:45,450 - INFO - Scraping 3806/6851: https://www.refurbed.de/p/hp-probook-655-g3-pro-a8-9600b/
2025-09-28 03:29:45,731 - ERROR - Error fetching https://www.refurbed.de/p/hp-probook-655-g3-pro-a8-9600b/: 404 Client Error: Not Found for url: https://www.refurbed.de/p/hp-probook-655-g3-pro-a8-9600b/
2025-09-28 03:29:46,733 - INFO - Scraping 3807/6851: https://www.refurbed.de/p/hp-probook-6570b-i5-3360m-15/
2025-09-28 03:29:47,021 - ERROR - Error fetching https://www.refurbed.de/p/hp-probook-6570b-i5-3360m-15/: 404 Client Error: Not Found for url: https://www.refurbed.de/p/hp-probook-6570b-i5-3360m-15/
2025-09-28 03:29:48,023 - INFO - Scraping 3808/6851: https://www.refurbed.de/p/hp-probook-850-g3-i7-6600u/
2025-09-28 03:29:48,290 - ERROR - Error fetching https://www.refurbed.de/p/hp-probook-850-g3-i7-6600u/: 404 Client Error: Not Found for url: https://www.refurbed.de/p/hp-probook-850-g3-i7-6600u/
2025-09-28 03:29:49,292 - INFO - Scraping 3809/6851: https://www.refurbed.de/p/hp-probook-fortis-14-g10-n4500/
2025-09-28 03:29:50,811 - INFO - Scraping 3810/6851: https://www.refurbed.de/p/hp-probook-x360-11-g3-n4100/
2025-09-28 03:29:52,249 - INFO - Scraping 3811/6851: https://www.refurbed.de/p/hp-probook-x360-11-g3-n5000/
2025-09-28 03:29:53,758 - INFO - Scraping 3812/6851: https://www.refurbed.de/p/hp-probook-x360-11-g4-8100y-11-6/
2025-09-28 03:29:55,389 - INFO - Scraping 3813/6851: https://www.refurbed.de/p/hp-probook-x360-11-g5-ee-n4100/
2025-09-28 03:29:57,470 - INFO - Scraping 3814/6851: https://www.refurbed.de/p/hp-probook-x360-435-g7-5-4500u/
2025-09-28 03:29:58,938 - INFO - Scraping 3815/6851: https://www.refurbed.de/p/hp-probook-x360-435-g7-7-4700u/
2025-09-28 03:30:00,431 - INFO - Scraping 3816/6851: https://www.refurbed.de/p/hp-probook-x360-435-g8-5-5600u/
2025-09-28 03:30:02,368 - INFO - Scraping 3817/6851: https://www.refurbed.de/p/hp-probook-x360-435-g8-7-5800u/
2025-09-28 03:30:03,799 - INFO - Scraping 3818/6851: https://www.refurbed.de/p/hp-probook-x360-435-g9-5-5625u/
2025-09-28 03:30:05,590 - INFO - Scraping 3819/6851: https://www.refurbed.de/p/hp-probook-x360-435-g9-7-5825u/
2025-09-28 03:30:07,173 - INFO - Scraping 3820/6851: https://www.refurbed.de/p/hp-probook-x360-440-g1-8130u/
2025-09-28 03:30:08,534 - INFO - Scraping 3821/6851: https://www.refurbed.de/p/hp-probook-x360-440-g1-8250u/
2025-09-28 03:30:10,289 - INFO - Scraping 3822/6851: https://www.refurbed.de/p/hp-probook-x360-440-g1-i5-8400/
2025-09-28 03:30:11,752 - INFO - Scraping 3823/6851: https://www.refurbed.de/p/hp-probook-x360-440-g1-i7-8550u/
2025-09-28 03:30:13,664 - INFO - Scraping 3824/6851: https://www.refurbed.de/p/hp-probook-x360-g1-celeron-n3350/
2025-09-28 03:30:14,079 - ERROR - Error fetching https://www.refurbed.de/p/hp-probook-x360-g1-celeron-n3350/: 404 Client Error: Not Found for url: https://www.refurbed.de/p/hp-probook-x360-g1-celeron-n3350/
2025-09-28 03:30:15,081 - INFO - Scraping 3825/6851: https://www.refurbed.de/p/hp-probook-x360-g1-n4200/
2025-09-28 03:30:15,535 - ERROR - Error fetching https://www.refurbed.de/p/hp-probook-x360-g1-n4200/: 404 Client Error: Not Found for url: https://www.refurbed.de/p/hp-probook-x360-g1-n4200/
2025-09-28 03:30:16,538 - INFO - Scraping 3826/6851: https://www.refurbed.de/p/hp-probook650-g1-i5-4200m/
2025-09-28 03:30:16,880 - ERROR - Error fetching https://www.refurbed.de/p/hp-probook650-g1-i5-4200m/: 404 Client Error: Not Found for url: https://www.refurbed.de/p/hp-probook650-g1-i5-4200m/
2025-09-28 03:30:17,882 - INFO - Scraping 3827/6851: https://www.refurbed.de/p/hp-procurve-switch-2610-48-pwr/
2025-09-28 03:30:19,395 - INFO - Scraping 3828/6851: https://www.refurbed.de/p/hp-procurve-switch-2610-48/
2025-09-28 03:30:21,103 - INFO - Scraping 3829/6851: https://www.refurbed.de/p/hp-prodesk-400-g1-dm-i3/
2025-09-28 03:30:21,453 - ERROR - Error fetching https://www.refurbed.de/p/hp-prodesk-400-g1-dm-i3/: 404 Client Error: Not Found for url: https://www.refurbed.de/p/hp-prodesk-400-g1-dm-i3/
2025-09-28 03:30:22,455 - INFO - Scraping 3830/6851: https://www.refurbed.de/p/hp-prodesk-400-g1-mt/
2025-09-28 03:30:22,737 - ERROR - Error fetching https://www.refurbed.de/p/hp-prodesk-400-g1-mt/: 404 Client Error: Not Found for url: https://www.refurbed.de/p/hp-prodesk-400-g1-mt/
2025-09-28 03:30:23,739 - INFO - Scraping 3831/6851: https://www.refurbed.de/p/hp-prodesk-400-g1-sff/
2025-09-28 03:30:24,015 - ERROR - Error fetching https://www.refurbed.de/p/hp-prodesk-400-g1-sff/: 404 Client Error: Not Found for url: https://www.refurbed.de/p/hp-prodesk-400-g1-sff/
2025-09-28 03:30:25,017 - INFO - Scraping 3832/6851: https://www.refurbed.de/p/hp-prodesk-400-g2-dm-i5/
2025-09-28 03:30:26,472 - INFO - Scraping 3833/6851: https://www.refurbed.de/p/hp-prodesk-400-g2-mt/
2025-09-28 03:30:26,771 - ERROR - Error fetching https://www.refurbed.de/p/hp-prodesk-400-g2-mt/: 404 Client Error: Not Found for url: https://www.refurbed.de/p/hp-prodesk-400-g2-mt/
2025-09-28 03:30:27,773 - INFO - Scraping 3834/6851: https://www.refurbed.de/p/hp-prodesk-400-g3-6-gen/
2025-09-28 03:30:28,265 - ERROR - Error fetching https://www.refurbed.de/p/hp-prodesk-400-g3-6-gen/: 404 Client Error: Not Found for url: https://www.refurbed.de/p/hp-prodesk-400-g3-6-gen/
2025-09-28 03:30:29,267 - INFO - Scraping 3835/6851: https://www.refurbed.de/p/hp-prodesk-400-g3-dm/
2025-09-28 03:30:29,841 - ERROR - Error fetching https://www.refurbed.de/p/hp-prodesk-400-g3-dm/: 404 Client Error: Not Found for url: https://www.refurbed.de/p/hp-prodesk-400-g3-dm/
2025-09-28 03:30:30,843 - INFO - Scraping 3836/6851: https://www.refurbed.de/p/hp-prodesk-400-g3-mt/
2025-09-28 03:30:31,119 - ERROR - Error fetching https://www.refurbed.de/p/hp-prodesk-400-g3-mt/: 404 Client Error: Not Found for url: https://www.refurbed.de/p/hp-prodesk-400-g3-mt/
2025-09-28 03:30:32,121 - INFO - Scraping 3837/6851: https://www.refurbed.de/p/hp-prodesk-400-g4-dm/
2025-09-28 03:30:33,720 - INFO - Scraping 3838/6851: https://www.refurbed.de/p/hp-prodesk-400-g4-mt/
2025-09-28 03:30:33,999 - ERROR - Error fetching https://www.refurbed.de/p/hp-prodesk-400-g4-mt/: 404 Client Error: Not Found for url: https://www.refurbed.de/p/hp-prodesk-400-g4-mt/
2025-09-28 03:30:35,001 - INFO - Scraping 3839/6851: https://www.refurbed.de/p/hp-prodesk-400-g4-sff/
2025-09-28 03:30:35,299 - ERROR - Error fetching https://www.refurbed.de/p/hp-prodesk-400-g4-sff/: 404 Client Error: Not Found for url: https://www.refurbed.de/p/hp-prodesk-400-g4-sff/
2025-09-28 03:30:36,301 - INFO - Scraping 3840/6851: https://www.refurbed.de/p/hp-prodesk-400-g5-dm/
2025-09-28 03:30:37,896 - INFO - Scraping 3841/6851: https://www.refurbed.de/p/hp-prodesk-400-g5-mt/
2025-09-28 03:30:39,435 - INFO - Scraping 3842/6851: https://www.refurbed.de/p/hp-prodesk-400-g5-sff/
2025-09-28 03:30:41,173 - INFO - Scraping 3843/6851: https://www.refurbed.de/p/hp-prodesk-400-g6-dm/
2025-09-28 03:30:42,981 - INFO - Scraping 3844/6851: https://www.refurbed.de/p/hp-prodesk-400-g6-mt/
2025-09-28 03:30:44,450 - INFO - Scraping 3845/6851: https://www.refurbed.de/p/hp-prodesk-400-g6-sff/
2025-09-28 03:30:46,021 - INFO - Scraping 3846/6851: https://www.refurbed.de/p/hp-prodesk-400-g7-mt/
2025-09-28 03:30:47,544 - INFO - Scraping 3847/6851: https://www.refurbed.de/p/hp-prodesk-400-g7-sff/
2025-09-28 03:30:49,216 - INFO - Scraping 3848/6851: https://www.refurbed.de/p/hp-prodesk-405-g4-dm/
2025-09-28 03:30:49,832 - ERROR - Error fetching https://www.refurbed.de/p/hp-prodesk-405-g4-dm/: 404 Client Error: Not Found for url: https://www.refurbed.de/p/hp-prodesk-405-g4-dm/
2025-09-28 03:30:50,834 - INFO - Scraping 3849/6851: https://www.refurbed.de/p/hp-prodesk-405-g4-sff/
2025-09-28 03:30:51,142 - ERROR - Error fetching https://www.refurbed.de/p/hp-prodesk-405-g4-sff/: 404 Client Error: Not Found for url: https://www.refurbed.de/p/hp-prodesk-405-g4-sff/
2025-09-28 03:30:52,144 - INFO - Scraping 3850/6851: https://www.refurbed.de/p/hp-prodesk-405-g8-dm/
2025-09-28 03:30:53,548 - INFO - Scraping 3851/6851: https://www.refurbed.de/p/hp-prodesk-490-g2-mt/
2025-09-28 03:30:53,997 - ERROR - Error fetching https://www.refurbed.de/p/hp-prodesk-490-g2-mt/: 404 Client Error: Not Found for url: https://www.refurbed.de/p/hp-prodesk-490-g2-mt/
2025-09-28 03:30:55,000 - INFO - Scraping 3852/6851: https://www.refurbed.de/p/hp-prodesk-490-g3-mt/
2025-09-28 03:30:55,335 - ERROR - Error fetching https://www.refurbed.de/p/hp-prodesk-490-g3-mt/: 404 Client Error: Not Found for url: https://www.refurbed.de/p/hp-prodesk-490-g3-mt/
2025-09-28 03:30:56,337 - INFO - Scraping 3853/6851: https://www.refurbed.de/p/hp-prodesk-600-g1-dm-i3/
2025-09-28 03:30:56,872 - ERROR - Error fetching https://www.refurbed.de/p/hp-prodesk-600-g1-dm-i3/: 404 Client Error: Not Found for url: https://www.refurbed.de/p/hp-prodesk-600-g1-dm-i3/
2025-09-28 03:30:57,874 - INFO - Scraping 3854/6851: https://www.refurbed.de/p/hp-prodesk-600-g1-sff/
2025-09-28 03:30:58,148 - ERROR - Error fetching https://www.refurbed.de/p/hp-prodesk-600-g1-sff/: 404 Client Error: Not Found for url: https://www.refurbed.de/p/hp-prodesk-600-g1-sff/
2025-09-28 03:30:59,150 - INFO - Scraping 3855/6851: https://www.refurbed.de/p/hp-prodesk-600-g1-twr-g3220/
2025-09-28 03:30:59,428 - ERROR - Error fetching https://www.refurbed.de/p/hp-prodesk-600-g1-twr-g3220/: 404 Client Error: Not Found for url: https://www.refurbed.de/p/hp-prodesk-600-g1-twr-g3220/
2025-09-28 03:31:00,430 - INFO - Scraping 3856/6851: https://www.refurbed.de/p/hp-prodesk-600-g2-mt/
2025-09-28 03:31:00,718 - ERROR - Error fetching https://www.refurbed.de/p/hp-prodesk-600-g2-mt/: 404 Client Error: Not Found for url: https://www.refurbed.de/p/hp-prodesk-600-g2-mt/
2025-09-28 03:31:01,720 - INFO - Scraping 3857/6851: https://www.refurbed.de/p/hp-prodesk-600-g2-sff/
2025-09-28 03:31:02,016 - ERROR - Error fetching https://www.refurbed.de/p/hp-prodesk-600-g2-sff/: 404 Client Error: Not Found for url: https://www.refurbed.de/p/hp-prodesk-600-g2-sff/
2025-09-28 03:31:03,018 - INFO - Scraping 3858/6851: https://www.refurbed.de/p/hp-prodesk-600-g2-usff/
2025-09-28 03:31:03,552 - ERROR - Error fetching https://www.refurbed.de/p/hp-prodesk-600-g2-usff/: 404 Client Error: Not Found for url: https://www.refurbed.de/p/hp-prodesk-600-g2-usff/
2025-09-28 03:31:04,554 - INFO - Scraping 3859/6851: https://www.refurbed.de/p/hp-prodesk-600-g3-dm/
2025-09-28 03:31:05,217 - ERROR - Error fetching https://www.refurbed.de/p/hp-prodesk-600-g3-dm/: 404 Client Error: Not Found for url: https://www.refurbed.de/p/hp-prodesk-600-g3-dm/
2025-09-28 03:31:06,220 - INFO - Scraping 3860/6851: https://www.refurbed.de/p/hp-prodesk-600-g3-mt/
2025-09-28 03:31:06,475 - ERROR - Error fetching https://www.refurbed.de/p/hp-prodesk-600-g3-mt/: 404 Client Error: Not Found for url: https://www.refurbed.de/p/hp-prodesk-600-g3-mt/
2025-09-28 03:31:07,477 - INFO - Scraping 3861/6851: https://www.refurbed.de/p/hp-prodesk-600-g3-sff/
2025-09-28 03:31:07,864 - ERROR - Error fetching https://www.refurbed.de/p/hp-prodesk-600-g3-sff/: 404 Client Error: Not Found for url: https://www.refurbed.de/p/hp-prodesk-600-g3-sff/
2025-09-28 03:31:08,865 - INFO - Scraping 3862/6851: https://www.refurbed.de/p/hp-prodesk-600-g4-dm-intel-8th-g/
2025-09-28 03:31:10,500 - INFO - Scraping 3863/6851: https://www.refurbed.de/p/hp-prodesk-600-g4-mt/
2025-09-28 03:31:12,084 - INFO - Scraping 3864/6851: https://www.refurbed.de/p/hp-prodesk-600-g4-sff/
2025-09-28 03:31:13,817 - INFO - Scraping 3865/6851: https://www.refurbed.de/p/hp-prodesk-600-g5-dm-intel-9th-g/
2025-09-28 03:31:15,610 - INFO - Scraping 3866/6851: https://www.refurbed.de/p/hp-prodesk-600-g5-mt/
2025-09-28 03:31:17,233 - INFO - Scraping 3867/6851: https://www.refurbed.de/p/hp-prodesk-600-g5-sff/
2025-09-28 03:31:18,765 - INFO - Scraping 3868/6851: https://www.refurbed.de/p/hp-prodesk-600-g6-dm/
2025-09-28 03:31:20,339 - INFO - Scraping 3869/6851: https://www.refurbed.de/p/hp-prodesk-600-g6-mt/
2025-09-28 03:31:21,891 - INFO - Scraping 3870/6851: https://www.refurbed.de/p/hp-prodesk-600-g6-sff/
2025-09-28 03:31:23,458 - INFO - Scraping 3871/6851: https://www.refurbed.de/p/hp-prodesk-800-g2-sff/
2025-09-28 03:31:23,749 - ERROR - Error fetching https://www.refurbed.de/p/hp-prodesk-800-g2-sff/: 404 Client Error: Not Found for url: https://www.refurbed.de/p/hp-prodesk-800-g2-sff/
2025-09-28 03:31:24,751 - INFO - Scraping 3872/6851: https://www.refurbed.de/p/hp-prodisplay-p201-10/
2025-09-28 03:31:26,468 - INFO - Scraping 3873/6851: https://www.refurbed.de/p/hp-prodisplay-p222va/
2025-09-28 03:31:28,046 - INFO - Scraping 3874/6851: https://www.refurbed.de/p/hp-proone-240-g9-aio/
2025-09-28 03:31:29,466 - INFO - Scraping 3875/6851: https://www.refurbed.de/p/hp-proone-400-g2-aio/
2025-09-28 03:31:29,969 - ERROR - Error fetching https://www.refurbed.de/p/hp-proone-400-g2-aio/: 404 Client Error: Not Found for url: https://www.refurbed.de/p/hp-proone-400-g2-aio/
2025-09-28 03:31:30,971 - INFO - Scraping 3876/6851: https://www.refurbed.de/p/hp-proone-440-g4-aio-23-8/
2025-09-28 03:31:32,436 - INFO - Scraping 3877/6851: https://www.refurbed.de/p/hp-proone-440-g6-aio-23-8/
2025-09-28 03:31:34,003 - INFO - Scraping 3878/6851: https://www.refurbed.de/p/hp-proone-440-g9-aio/
2025-09-28 03:31:35,602 - INFO - Scraping 3879/6851: https://www.refurbed.de/p/hp-proone-600-g1-aio-21-5/
2025-09-28 03:31:35,924 - ERROR - Error fetching https://www.refurbed.de/p/hp-proone-600-g1-aio-21-5/: 404 Client Error: Not Found for url: https://www.refurbed.de/p/hp-proone-600-g1-aio-21-5/
2025-09-28 03:31:36,926 - INFO - Scraping 3880/6851: https://www.refurbed.de/p/hp-proone-600-g3-aio-21-5/
2025-09-28 03:31:37,235 - ERROR - Error fetching https://www.refurbed.de/p/hp-proone-600-g3-aio-21-5/: 404 Client Error: Not Found for url: https://www.refurbed.de/p/hp-proone-600-g3-aio-21-5/
2025-09-28 03:31:38,237 - INFO - Scraping 3881/6851: https://www.refurbed.de/p/hp-proone-600-g4-aio-21-5/
2025-09-28 03:31:39,801 - INFO - Scraping 3882/6851: https://www.refurbed.de/p/hp-proone-600-g5-aio-21-5/
2025-09-28 03:31:41,316 - INFO - Scraping 3883/6851: https://www.refurbed.de/p/hp-proone-600-g6-aio/
2025-09-28 03:31:42,891 - INFO - Scraping 3884/6851: https://www.refurbed.de/p/hp-pv-x360-14-dy0055ng-i5-1135g7/
2025-09-28 03:31:44,357 - INFO - Scraping 3885/6851: https://www.refurbed.de/p/hp-pw-enterprise-color-mfp-586dn/
2025-09-28 03:31:45,748 - INFO - Scraping 3886/6851: https://www.refurbed.de/p/hp-qy777aa/
2025-09-28 03:31:47,215 - INFO - Scraping 3887/6851: https://www.refurbed.de/p/hp-rechargeable-active-pen-g3/
2025-09-28 03:31:48,748 - INFO - Scraping 3888/6851: https://www.refurbed.de/p/hp-s2331a-23/
2025-09-28 03:31:50,387 - INFO - Scraping 3889/6851: https://www.refurbed.de/p/hp-scanjet-pro-2000-s2/
2025-09-28 03:31:52,098 - INFO - Scraping 3890/6851: https://www.refurbed.de/p/hp-scanjet-pro-2500-f1/
2025-09-28 03:31:53,512 - INFO - Scraping 3891/6851: https://www.refurbed.de/p/hp-scanjet-pro-3000-s4/
2025-09-28 03:31:55,046 - INFO - Scraping 3892/6851: https://www.refurbed.de/p/hp-series-5-524sw-23-8/
2025-09-28 03:31:56,457 - INFO - Scraping 3893/6851: https://www.refurbed.de/p/hp-shareboard-2tx38aa/
2025-09-28 03:31:57,871 - INFO - Scraping 3894/6851: https://www.refurbed.de/p/hp-sk-2120/
2025-09-28 03:31:59,390 - INFO - Scraping 3895/6851: https://www.refurbed.de/p/hp-sk-2280/
2025-09-28 03:32:01,004 - INFO - Scraping 3896/6851: https://www.refurbed.de/p/hp-slimline-260-a109nf/
2025-09-28 03:32:01,347 - ERROR - Error fetching https://www.refurbed.de/p/hp-slimline-260-a109nf/: 404 Client Error: Not Found for url: https://www.refurbed.de/p/hp-slimline-260-a109nf/
2025-09-28 03:32:02,349 - INFO - Scraping 3897/6851: https://www.refurbed.de/p/hp-spec-x360-conver-13-ap-1165g7/
2025-09-28 03:32:03,833 - INFO - Scraping 3898/6851: https://www.refurbed.de/p/hp-spec-x360-conver-13-aw-1065g7/
2025-09-28 03:32:05,267 - INFO - Scraping 3899/6851: https://www.refurbed.de/p/hp-spectre-pro-x360-g2-i5-6200u/
2025-09-28 03:32:05,547 - ERROR - Error fetching https://www.refurbed.de/p/hp-spectre-pro-x360-g2-i5-6200u/: 404 Client Error: Not Found for url: https://www.refurbed.de/p/hp-spectre-pro-x360-g2-i5-6200u/
2025-09-28 03:32:06,550 - INFO - Scraping 3900/6851: https://www.refurbed.de/p/hp-spectre-pro-x360-g2-i5-6300u/
2025-09-28 03:32:06,801 - ERROR - Error fetching https://www.refurbed.de/p/hp-spectre-pro-x360-g2-i5-6300u/: 404 Client Error: Not Found for url: https://www.refurbed.de/p/hp-spectre-pro-x360-g2-i5-6300u/
2025-09-28 03:32:07,803 - INFO - Scraping 3901/6851: https://www.refurbed.de/p/hp-spectre-pro-x360-g2/
2025-09-28 03:32:08,085 - ERROR - Error fetching https://www.refurbed.de/p/hp-spectre-pro-x360-g2/: 404 Client Error: Not Found for url: https://www.refurbed.de/p/hp-spectre-pro-x360-g2/
2025-09-28 03:32:09,087 - INFO - Scraping 3902/6851: https://www.refurbed.de/p/hp-spectre-x360-2-1-14-ef-1255u/
2025-09-28 03:32:10,773 - INFO - Scraping 3903/6851: https://www.refurbed.de/p/hp-spectre-x360-2-1-14-ef-1335u/
2025-09-28 03:32:12,306 - INFO - Scraping 3904/6851: https://www.refurbed.de/p/hp-spectre-x360-2-1-14-eu-155h/
2025-09-28 03:32:13,726 - INFO - Scraping 3905/6851: https://www.refurbed.de/p/hp-spectre-x360-2-1-16-f-11390h/
2025-09-28 03:32:15,361 - INFO - Scraping 3906/6851: https://www.refurbed.de/p/hp-spectre-x360-2-1-16-f-1260p/
2025-09-28 03:32:16,877 - INFO - Scraping 3907/6851: https://www.refurbed.de/p/hp-spectre-x360-2-1-16-f-1360p/
2025-09-28 03:32:18,350 - INFO - Scraping 3908/6851: https://www.refurbed.de/p/hp-spectre-x360-2-1-16-f-13700h/
2025-09-28 03:32:19,840 - INFO - Scraping 3909/6851: https://www.refurbed.de/p/hp-spectre-x360-2-1-16t-i7-1360p/
2025-09-28 03:32:21,316 - INFO - Scraping 3910/6851: https://www.refurbed.de/p/hp-spectre-x360-2in1-16-aa0-155h/
2025-09-28 03:32:22,948 - INFO - Scraping 3911/6851: https://www.refurbed.de/p/hp-spectre-x360-convertible-65g7/
2025-09-28 03:32:24,449 - INFO - Scraping 3912/6851: https://www.refurbed.de/p/hp-spectre-x360-g1-i5-5200u/
2025-09-28 03:32:24,714 - ERROR - Error fetching https://www.refurbed.de/p/hp-spectre-x360-g1-i5-5200u/: 404 Client Error: Not Found for url: https://www.refurbed.de/p/hp-spectre-x360-g1-i5-5200u/
2025-09-28 03:32:25,716 - INFO - Scraping 3913/6851: https://www.refurbed.de/p/hp-sprocket-2in1/
2025-09-28 03:32:27,140 - INFO - Scraping 3914/6851: https://www.refurbed.de/p/hp-sprocket/
2025-09-28 03:32:28,696 - INFO - Scraping 3915/6851: https://www.refurbed.de/p/hp-sprout-pro-g1/
2025-09-28 03:32:28,997 - ERROR - Error fetching https://www.refurbed.de/p/hp-sprout-pro-g1/: 404 Client Error: Not Found for url: https://www.refurbed.de/p/hp-sprout-pro-g1/
2025-09-28 03:32:30,000 - INFO - Scraping 3916/6851: https://www.refurbed.de/p/hp-stream-11-ak0026na-n4120/
2025-09-28 03:32:31,443 - INFO - Scraping 3917/6851: https://www.refurbed.de/p/hp-stream-11-ak0720ng-n4020/
2025-09-28 03:32:33,099 - INFO - Scraping 3918/6851: https://www.refurbed.de/p/hp-stream-11-pro-g2-n3050/
2025-09-28 03:32:33,401 - ERROR - Error fetching https://www.refurbed.de/p/hp-stream-11-pro-g2-n3050/: 404 Client Error: Not Found for url: https://www.refurbed.de/p/hp-stream-11-pro-g2-n3050/
2025-09-28 03:32:34,403 - INFO - Scraping 3919/6851: https://www.refurbed.de/p/hp-stream-11-pro-g3-n3060/
2025-09-28 03:32:34,718 - ERROR - Error fetching https://www.refurbed.de/p/hp-stream-11-pro-g3-n3060/: 404 Client Error: Not Found for url: https://www.refurbed.de/p/hp-stream-11-pro-g3-n3060/
2025-09-28 03:32:35,720 - INFO - Scraping 3920/6851: https://www.refurbed.de/p/hp-stream-11-pro-g4-n3350/
2025-09-28 03:32:36,006 - ERROR - Error fetching https://www.refurbed.de/p/hp-stream-11-pro-g4-n3350/: 404 Client Error: Not Found for url: https://www.refurbed.de/p/hp-stream-11-pro-g4-n3350/
2025-09-28 03:32:37,008 - INFO - Scraping 3921/6851: https://www.refurbed.de/p/hp-stream-11-pro-g5-n4000/
2025-09-28 03:32:38,516 - INFO - Scraping 3922/6851: https://www.refurbed.de/p/hp-tablet-11-be0014na-n6000/
2025-09-28 03:32:40,208 - INFO - Scraping 3923/6851: https://www.refurbed.de/p/hp-thin-client-y3u71aa/
2025-09-28 03:32:41,641 - INFO - Scraping 3924/6851: https://www.refurbed.de/p/hp-thunderbolt-dock-g2/
2025-09-28 03:32:43,148 - INFO - Scraping 3925/6851: https://www.refurbed.de/p/hp-thunderbolt-dock-g4/
2025-09-28 03:32:44,658 - INFO - Scraping 3926/6851: https://www.refurbed.de/p/hp-tpn-aa03/
2025-09-28 03:32:46,589 - INFO - Scraping 3927/6851: https://www.refurbed.de/p/hp-tpn-da09/
2025-09-28 03:32:48,298 - INFO - Scraping 3928/6851: https://www.refurbed.de/p/hp-tpn-da25/
2025-09-28 03:32:49,893 - INFO - Scraping 3929/6851: https://www.refurbed.de/p/hp-u32-31-5/
2025-09-28 03:32:51,353 - INFO - Scraping 3930/6851: https://www.refurbed.de/p/hp-ultraslim-dock-2013-d9y19av/
2025-09-28 03:32:52,845 - INFO - Scraping 3931/6851: https://www.refurbed.de/p/hp-ultraslim-dock-2013-d9y32aa/
2025-09-28 03:32:54,750 - INFO - Scraping 3932/6851: https://www.refurbed.de/p/hp-universal-usb-c-multiport-hub/
2025-09-28 03:32:56,703 - INFO - Scraping 3933/6851: https://www.refurbed.de/p/hp-usb-c-a-universal-dock-g2/
2025-09-28 03:32:58,253 - INFO - Scraping 3934/6851: https://www.refurbed.de/p/hp-usb-c-dock-g2/
2025-09-28 03:32:59,679 - INFO - Scraping 3935/6851: https://www.refurbed.de/p/hp-usb-c-dock-g3/
2025-09-28 03:33:01,175 - INFO - Scraping 3936/6851: https://www.refurbed.de/p/hp-usb-c-dock-g4/
2025-09-28 03:33:02,683 - INFO - Scraping 3937/6851: https://www.refurbed.de/p/hp-usb-c-dock-g5/
2025-09-28 03:33:04,193 - INFO - Scraping 3938/6851: https://www.refurbed.de/p/hp-usb-c-travel-hub/
2025-09-28 03:33:05,626 - INFO - Scraping 3939/6851: https://www.refurbed.de/p/hp-usb-c-universal-dock-1mk33aa/
2025-09-28 03:33:07,101 - INFO - Scraping 3940/6851: https://www.refurbed.de/p/hp-usb-travel-dock/
2025-09-28 03:33:08,699 - INFO - Scraping 3941/6851: https://www.refurbed.de/p/hp-vg-16-s0018ns-r-7-7840hs/
2025-09-28 03:33:10,140 - INFO - Scraping 3942/6851: https://www.refurbed.de/p/hp-victrus-16-d0039ua-11400h/
2025-09-28 03:33:11,750 - INFO - Scraping 3943/6851: https://www.refurbed.de/p/hp-victrus-16-d0754ng-11400h/
2025-09-28 03:33:13,275 - INFO - Scraping 3944/6851: https://www.refurbed.de/p/hp-victrus-16-e0754ng-5600h/
2025-09-28 03:33:14,674 - INFO - Scraping 3945/6851: https://www.refurbed.de/p/hp-victrus-16-e0802ng-5600h/
2025-09-28 03:33:16,174 - INFO - Scraping 3946/6851: https://www.refurbed.de/p/hp-victrus-16-e0900ng-5600h/
2025-09-28 03:33:17,628 - INFO - Scraping 3947/6851: https://www.refurbed.de/p/hp-victrus-16-e0914ng-5600h/
2025-09-28 03:33:19,253 - INFO - Scraping 3948/6851: https://www.refurbed.de/p/hp-victus-15-fa-12450h-15-6/
2025-09-28 03:33:20,873 - INFO - Scraping 3949/6851: https://www.refurbed.de/p/hp-victus-15-fa-i5-13500h-15-6/
2025-09-28 03:33:22,262 - INFO - Scraping 3950/6851: https://www.refurbed.de/p/hp-victus-15-fa0008nx-i5-12450h/
2025-09-28 03:33:23,784 - INFO - Scraping 3951/6851: https://www.refurbed.de/p/hp-victus-15-fa0093ne-12450h/
2025-09-28 03:33:25,347 - INFO - Scraping 3952/6851: https://www.refurbed.de/p/hp-victus-15-fa0631nc-i5-12450h/
2025-09-28 03:33:26,822 - INFO - Scraping 3953/6851: https://www.refurbed.de/p/hp-victus-15-fa0755ng-i5-12500h/
2025-09-28 03:33:28,254 - INFO - Scraping 3954/6851: https://www.refurbed.de/p/hp-victus-15-fa0999nw-12450h/
2025-09-28 03:33:29,638 - INFO - Scraping 3955/6851: https://www.refurbed.de/p/hp-victus-15-fa1067nt-13420h/
2025-09-28 03:33:31,073 - INFO - Scraping 3956/6851: https://www.refurbed.de/p/hp-victus-15-fa15020nd-i5-12500/
2025-09-28 03:33:32,516 - INFO - Scraping 3957/6851: https://www.refurbed.de/p/hp-victus-15-fa1656ng-13420h/
2025-09-28 03:33:34,022 - INFO - Scraping 3958/6851: https://www.refurbed.de/p/hp-victus-15-fb-r-5-5600h-15-6/
2025-09-28 03:33:35,497 - INFO - Scraping 3959/6851: https://www.refurbed.de/p/hp-victus-15-fb0354ng-r5-5600h/
2025-09-28 03:33:37,147 - INFO - Scraping 3960/6851: https://www.refurbed.de/p/hp-victus-15-fb0354ng-r7-5800h/
2025-09-28 03:33:38,638 - INFO - Scraping 3961/6851: https://www.refurbed.de/p/hp-victus-15l-gaming-tg02/
2025-09-28 03:33:40,147 - INFO - Scraping 3962/6851: https://www.refurbed.de/p/hp-victus-16-d0802ng-11400h/
2025-09-28 03:33:41,713 - INFO - Scraping 3963/6851: https://www.refurbed.de/p/hp-victus-16-d1045nt-i5-12500h/
2025-09-28 03:33:43,129 - INFO - Scraping 3964/6851: https://www.refurbed.de/p/hp-victus-16-e0096ur-7-5800h/
2025-09-28 03:33:44,545 - INFO - Scraping 3965/6851: https://www.refurbed.de/p/hp-victus-16-e0801ng-11400h-16/
2025-09-28 03:33:46,037 - INFO - Scraping 3966/6851: https://www.refurbed.de/p/hp-victus-16-r0008nx-13700h/
2025-09-28 03:33:47,747 - INFO - Scraping 3967/6851: https://www.refurbed.de/p/hp-victus-16-r0175ng-13700h/
2025-09-28 03:33:49,288 - INFO - Scraping 3968/6851: https://www.refurbed.de/p/hp-victus-16-r1001nt-14700hx/
2025-09-28 03:33:50,764 - INFO - Scraping 3969/6851: https://www.refurbed.de/p/hp-victus-16-r1038nt-14700hx/
2025-09-28 03:33:52,082 - INFO - Scraping 3970/6851: https://www.refurbed.de/p/hp-victus-16-s-r-5-7640hs-16-1/
2025-09-28 03:33:53,518 - INFO - Scraping 3971/6851: https://www.refurbed.de/p/hp-victus-16-s0001nv-r-5-7640hs/
2025-09-28 03:33:55,072 - INFO - Scraping 3972/6851: https://www.refurbed.de/p/hp-victus-16-s1-r7-8840h-16-1/
2025-09-28 03:33:56,555 - INFO - Scraping 3973/6851: https://www.refurbed.de/p/hp-victus-gaming-16-r-14700hx/
2025-09-28 03:33:58,128 - INFO - Scraping 3974/6851: https://www.refurbed.de/p/hp-victus-gaming-16-r-i5-13500h/
2025-09-28 03:33:59,522 - INFO - Scraping 3975/6851: https://www.refurbed.de/p/hp-victus-gaming-16-r-i7-13700h/
2025-09-28 03:34:01,081 - INFO - Scraping 3976/6851: https://www.refurbed.de/p/hp-w1972a-18-5/
2025-09-28 03:34:02,611 - INFO - Scraping 3977/6851: https://www.refurbed.de/p/hp-wireless-link-5/
2025-09-28 03:34:04,202 - INFO - Scraping 3978/6851: https://www.refurbed.de/p/hp-wireless-set-t6l04aa/
2025-09-28 03:34:05,719 - INFO - Scraping 3979/6851: https://www.refurbed.de/p/hp-workstation-z400/
2025-09-28 03:34:06,004 - ERROR - Error fetching https://www.refurbed.de/p/hp-workstation-z400/: 404 Client Error: Not Found for url: https://www.refurbed.de/p/hp-workstation-z400/
2025-09-28 03:34:07,006 - INFO - Scraping 3980/6851: https://www.refurbed.de/p/hp-workstation-z6-g4/
2025-09-28 03:34:08,544 - INFO - Scraping 3981/6851: https://www.refurbed.de/p/hp-workstation-z6-g5/
2025-09-28 03:34:09,999 - INFO - Scraping 3982/6851: https://www.refurbed.de/p/hp-workstation-z8-g4/
2025-09-28 03:34:11,437 - INFO - Scraping 3983/6851: https://www.refurbed.de/p/hp-x2-10-p003ng/
2025-09-28 03:34:11,790 - ERROR - Error fetching https://www.refurbed.de/p/hp-x2-10-p003ng/: 404 Client Error: Not Found for url: https://www.refurbed.de/p/hp-x2-10-p003ng/
2025-09-28 03:34:12,792 - INFO - Scraping 3984/6851: https://www.refurbed.de/p/hp-x24ih-23-8/
2025-09-28 03:34:14,411 - INFO - Scraping 3985/6851: https://www.refurbed.de/p/hp-x34-34/
2025-09-28 03:34:15,915 - INFO - Scraping 3986/6851: https://www.refurbed.de/p/hp-x360-1040-g11-7-155h/
2025-09-28 03:34:17,488 - INFO - Scraping 3987/6851: https://www.refurbed.de/p/hp-x360-15-er0077ng-i7-1165g7/
2025-09-28 03:34:19,072 - INFO - Scraping 3988/6851: https://www.refurbed.de/p/hp-x360-310-g2-n3700/
2025-09-28 03:34:19,348 - ERROR - Error fetching https://www.refurbed.de/p/hp-x360-310-g2-n3700/: 404 Client Error: Not Found for url: https://www.refurbed.de/p/hp-x360-310-g2-n3700/
2025-09-28 03:34:20,351 - INFO - Scraping 3989/6851: https://www.refurbed.de/p/hp-z-display-z22n/
2025-09-28 03:34:21,821 - INFO - Scraping 3990/6851: https://www.refurbed.de/p/hp-z-display-z231/
2025-09-28 03:34:23,276 - INFO - Scraping 3991/6851: https://www.refurbed.de/p/hp-z-display-z23i/
2025-09-28 03:34:24,911 - INFO - Scraping 3992/6851: https://www.refurbed.de/p/hp-z-display-zr2440w/
2025-09-28 03:34:26,432 - INFO - Scraping 3993/6851: https://www.refurbed.de/p/hp-z1-entry-tower-g5/
2025-09-28 03:34:28,129 - INFO - Scraping 3994/6851: https://www.refurbed.de/p/hp-z1-entry-tower-g6/
2025-09-28 03:34:29,975 - INFO - Scraping 3995/6851: https://www.refurbed.de/p/hp-z1-g8/
2025-09-28 03:34:30,308 - ERROR - Error fetching https://www.refurbed.de/p/hp-z1-g8/: 404 Client Error: Not Found for url: https://www.refurbed.de/p/hp-z1-g8/
2025-09-28 03:34:31,310 - INFO - Scraping 3996/6851: https://www.refurbed.de/p/hp-z1-g9-tower-workstation/
2025-09-28 03:34:31,591 - ERROR - Error fetching https://www.refurbed.de/p/hp-z1-g9-tower-workstation/: 404 Client Error: Not Found for url: https://www.refurbed.de/p/hp-z1-g9-tower-workstation/
2025-09-28 03:34:32,593 - INFO - Scraping 3997/6851: https://www.refurbed.de/p/hp-z2-g5/
2025-09-28 03:34:34,048 - INFO - Scraping 3998/6851: https://www.refurbed.de/p/hp-z2-mini-g3/
2025-09-28 03:34:34,328 - ERROR - Error fetching https://www.refurbed.de/p/hp-z2-mini-g3/: 404 Client Error: Not Found for url: https://www.refurbed.de/p/hp-z2-mini-g3/
2025-09-28 03:34:35,330 - INFO - Scraping 3999/6851: https://www.refurbed.de/p/hp-z2-mini-g4/
2025-09-28 03:34:37,015 - INFO - Scraping 4000/6851: https://www.refurbed.de/p/hp-z2-mini-g5/
2025-09-28 03:34:38,502 - INFO - Scraping 4001/6851: https://www.refurbed.de/p/hp-z2-mini-g9/
2025-09-28 03:34:40,004 - INFO - Scraping 4002/6851: https://www.refurbed.de/p/hp-z2-sff-g4-workstation/
2025-09-28 03:34:41,627 - INFO - Scraping 4003/6851: https://www.refurbed.de/p/hp-z2-sff-g5-workstation/
2025-09-28 03:34:43,155 - INFO - Scraping 4004/6851: https://www.refurbed.de/p/hp-z2-sff-g9-workstation/
2025-09-28 03:34:43,576 - ERROR - Error fetching https://www.refurbed.de/p/hp-z2-sff-g9-workstation/: 404 Client Error: Not Found for url: https://www.refurbed.de/p/hp-z2-sff-g9-workstation/
2025-09-28 03:34:44,578 - INFO - Scraping 4005/6851: https://www.refurbed.de/p/hp-z2-tower-g4/
2025-09-28 03:34:46,200 - INFO - Scraping 4006/6851: https://www.refurbed.de/p/hp-z2-tower-g5/
2025-09-28 03:34:47,598 - INFO - Scraping 4007/6851: https://www.refurbed.de/p/hp-z2-tower-g9-workstation/
2025-09-28 03:34:49,028 - INFO - Scraping 4008/6851: https://www.refurbed.de/p/hp-z210-cmt-workstation-intel-co/
2025-09-28 03:34:49,417 - ERROR - Error fetching https://www.refurbed.de/p/hp-z210-cmt-workstation-intel-co/: 404 Client Error: Not Found for url: https://www.refurbed.de/p/hp-z210-cmt-workstation-intel-co/
2025-09-28 03:34:50,419 - INFO - Scraping 4009/6851: https://www.refurbed.de/p/hp-z210-workstation-xeon-e3/
2025-09-28 03:34:50,796 - ERROR - Error fetching https://www.refurbed.de/p/hp-z210-workstation-xeon-e3/: 404 Client Error: Not Found for url: https://www.refurbed.de/p/hp-z210-workstation-xeon-e3/
2025-09-28 03:34:51,798 - INFO - Scraping 4010/6851: https://www.refurbed.de/p/hp-z220-workstation-xeon-e3/
2025-09-28 03:34:52,198 - ERROR - Error fetching https://www.refurbed.de/p/hp-z220-workstation-xeon-e3/: 404 Client Error: Not Found for url: https://www.refurbed.de/p/hp-z220-workstation-xeon-e3/
2025-09-28 03:34:53,200 - INFO - Scraping 4011/6851: https://www.refurbed.de/p/hp-z22i/
2025-09-28 03:34:54,757 - INFO - Scraping 4012/6851: https://www.refurbed.de/p/hp-z22n-21-5/
2025-09-28 03:34:56,262 - INFO - Scraping 4013/6851: https://www.refurbed.de/p/hp-z22n-g2-21-5/
2025-09-28 03:34:57,674 - INFO - Scraping 4014/6851: https://www.refurbed.de/p/hp-z230-mt-workstation-i7-4790-n/
2025-09-28 03:34:57,928 - ERROR - Error fetching https://www.refurbed.de/p/hp-z230-mt-workstation-i7-4790-n/: 404 Client Error: Not Found for url: https://www.refurbed.de/p/hp-z230-mt-workstation-i7-4790-n/
2025-09-28 03:34:58,930 - INFO - Scraping 4015/6851: https://www.refurbed.de/p/hp-z230-mt-workstation/
2025-09-28 03:34:59,331 - ERROR - Error fetching https://www.refurbed.de/p/hp-z230-mt-workstation/: 404 Client Error: Not Found for url: https://www.refurbed.de/p/hp-z230-mt-workstation/
2025-09-28 03:35:00,333 - INFO - Scraping 4016/6851: https://www.refurbed.de/p/hp-z230-sff-workstation-intel-co/
2025-09-28 03:35:00,692 - ERROR - Error fetching https://www.refurbed.de/p/hp-z230-sff-workstation-intel-co/: 404 Client Error: Not Found for url: https://www.refurbed.de/p/hp-z230-sff-workstation-intel-co/
2025-09-28 03:35:01,694 - INFO - Scraping 4017/6851: https://www.refurbed.de/p/hp-z230-sff-workstation/
2025-09-28 03:35:01,979 - ERROR - Error fetching https://www.refurbed.de/p/hp-z230-sff-workstation/: 404 Client Error: Not Found for url: https://www.refurbed.de/p/hp-z230-sff-workstation/
2025-09-28 03:35:02,981 - INFO - Scraping 4018/6851: https://www.refurbed.de/p/hp-z23n-23/
2025-09-28 03:35:04,447 - INFO - Scraping 4019/6851: https://www.refurbed.de/p/hp-z23n-g2-23/
2025-09-28 03:35:05,967 - INFO - Scraping 4020/6851: https://www.refurbed.de/p/hp-z240-cmt-workstation-intel-co/
2025-09-28 03:35:06,288 - ERROR - Error fetching https://www.refurbed.de/p/hp-z240-cmt-workstation-intel-co/: 404 Client Error: Not Found for url: https://www.refurbed.de/p/hp-z240-cmt-workstation-intel-co/
2025-09-28 03:35:07,290 - INFO - Scraping 4021/6851: https://www.refurbed.de/p/hp-z240-sff-6000er/
2025-09-28 03:35:07,589 - ERROR - Error fetching https://www.refurbed.de/p/hp-z240-sff-6000er/: 404 Client Error: Not Found for url: https://www.refurbed.de/p/hp-z240-sff-6000er/
2025-09-28 03:35:08,591 - INFO - Scraping 4022/6851: https://www.refurbed.de/p/hp-z24f-g3/
2025-09-28 03:35:10,187 - INFO - Scraping 4023/6851: https://www.refurbed.de/p/hp-z24i-g2/
2025-09-28 03:35:11,647 - INFO - Scraping 4024/6851: https://www.refurbed.de/p/hp-z24i/
2025-09-28 03:35:13,201 - INFO - Scraping 4025/6851: https://www.refurbed.de/p/hp-z24m-g3/
2025-09-28 03:35:14,675 - INFO - Scraping 4026/6851: https://www.refurbed.de/p/hp-z24n-g2/
2025-09-28 03:35:16,034 - INFO - Scraping 4027/6851: https://www.refurbed.de/p/hp-z24n-g3/
2025-09-28 03:35:17,611 - INFO - Scraping 4028/6851: https://www.refurbed.de/p/hp-z24n/
2025-09-28 03:35:19,178 - INFO - Scraping 4029/6851: https://www.refurbed.de/p/hp-z24nf-g2/
2025-09-28 03:35:20,726 - INFO - Scraping 4030/6851: https://www.refurbed.de/p/hp-z24u-g3/
2025-09-28 03:35:22,372 - INFO - Scraping 4031/6851: https://www.refurbed.de/p/hp-z25xs-g3-25/
2025-09-28 03:35:23,841 - INFO - Scraping 4032/6851: https://www.refurbed.de/p/hp-z27-27/
2025-09-28 03:35:25,276 - INFO - Scraping 4033/6851: https://www.refurbed.de/p/hp-z27i-27/
2025-09-28 03:35:26,890 - INFO - Scraping 4034/6851: https://www.refurbed.de/p/hp-z27k-g3/
2025-09-28 03:35:28,349 - INFO - Scraping 4035/6851: https://www.refurbed.de/p/hp-z27n-27/
2025-09-28 03:35:30,189 - INFO - Scraping 4036/6851: https://www.refurbed.de/p/hp-z27n-g2-27/
2025-09-28 03:35:31,773 - INFO - Scraping 4037/6851: https://www.refurbed.de/p/hp-z27q-g3/
2025-09-28 03:35:33,516 - INFO - Scraping 4038/6851: https://www.refurbed.de/p/hp-z27u-g3-27/
2025-09-28 03:35:35,034 - INFO - Scraping 4039/6851: https://www.refurbed.de/p/hp-z27xs-g3/
2025-09-28 03:35:36,639 - INFO - Scraping 4040/6851: https://www.refurbed.de/p/hp-z30i-30/
2025-09-28 03:35:38,066 - INFO - Scraping 4041/6851: https://www.refurbed.de/p/hp-z32-31-5/
2025-09-28 03:35:40,097 - INFO - Scraping 4042/6851: https://www.refurbed.de/p/hp-z38c-37-5/
2025-09-28 03:35:41,856 - INFO - Scraping 4043/6851: https://www.refurbed.de/p/hp-z4-g4/
2025-09-28 03:35:43,234 - INFO - Scraping 4044/6851: https://www.refurbed.de/p/hp-z40c-g3/
2025-09-28 03:36:14,693 - INFO - Scraping 4045/6851: https://www.refurbed.de/p/hp-z420-workstation-e5-1650v2-nv/
2025-09-28 03:36:15,027 - ERROR - Error fetching https://www.refurbed.de/p/hp-z420-workstation-e5-1650v2-nv/: 404 Client Error: Not Found for url: https://www.refurbed.de/p/hp-z420-workstation-e5-1650v2-nv/
2025-09-28 03:36:16,029 - INFO - Scraping 4046/6851: https://www.refurbed.de/p/hp-z420-workstation-e5-2630l-nvi/
2025-09-28 03:36:16,322 - ERROR - Error fetching https://www.refurbed.de/p/hp-z420-workstation-e5-2630l-nvi/: 404 Client Error: Not Found for url: https://www.refurbed.de/p/hp-z420-workstation-e5-2630l-nvi/
2025-09-28 03:36:17,325 - INFO - Scraping 4047/6851: https://www.refurbed.de/p/hp-z420-workstation-xeon-e5/
2025-09-28 03:36:18,979 - INFO - Scraping 4048/6851: https://www.refurbed.de/p/hp-z43/
2025-09-28 03:36:20,518 - INFO - Scraping 4049/6851: https://www.refurbed.de/p/hp-z440-workstation-e5-1650-v3-n/
2025-09-28 03:36:20,795 - ERROR - Error fetching https://www.refurbed.de/p/hp-z440-workstation-e5-1650-v3-n/: 404 Client Error: Not Found for url: https://www.refurbed.de/p/hp-z440-workstation-e5-1650-v3-n/
2025-09-28 03:36:21,797 - INFO - Scraping 4050/6851: https://www.refurbed.de/p/hp-z440-workstation-intel-xeon-e/
2025-09-28 03:36:22,111 - ERROR - Error fetching https://www.refurbed.de/p/hp-z440-workstation-intel-xeon-e/: 404 Client Error: Not Found for url: https://www.refurbed.de/p/hp-z440-workstation-intel-xeon-e/
2025-09-28 03:36:23,113 - INFO - Scraping 4051/6851: https://www.refurbed.de/p/hp-z600-workstation-2-x-xeon-e55/
2025-09-28 03:36:23,469 - ERROR - Error fetching https://www.refurbed.de/p/hp-z600-workstation-2-x-xeon-e55/: 404 Client Error: Not Found for url: https://www.refurbed.de/p/hp-z600-workstation-2-x-xeon-e55/
2025-09-28 03:36:24,471 - INFO - Scraping 4052/6851: https://www.refurbed.de/p/hp-z620-workstation-xeon-e5/
2025-09-28 03:36:25,105 - ERROR - Error fetching https://www.refurbed.de/p/hp-z620-workstation-xeon-e5/: 404 Client Error: Not Found for url: https://www.refurbed.de/p/hp-z620-workstation-xeon-e5/
2025-09-28 03:36:26,107 - INFO - Scraping 4053/6851: https://www.refurbed.de/p/hp-z640-workstation-xeon-e5/
2025-09-28 03:36:26,420 - ERROR - Error fetching https://www.refurbed.de/p/hp-z640-workstation-xeon-e5/: 404 Client Error: Not Found for url: https://www.refurbed.de/p/hp-z640-workstation-xeon-e5/
2025-09-28 03:36:27,422 - INFO - Scraping 4054/6851: https://www.refurbed.de/p/hp-z800-workstation/
2025-09-28 03:36:27,910 - ERROR - Error fetching https://www.refurbed.de/p/hp-z800-workstation/: 404 Client Error: Not Found for url: https://www.refurbed.de/p/hp-z800-workstation/
2025-09-28 03:36:28,912 - INFO - Scraping 4055/6851: https://www.refurbed.de/p/hp-z820-2x-e5-2640/
2025-09-28 03:36:29,196 - ERROR - Error fetching https://www.refurbed.de/p/hp-z820-2x-e5-2640/: 404 Client Error: Not Found for url: https://www.refurbed.de/p/hp-z820-2x-e5-2640/
2025-09-28 03:36:30,198 - INFO - Scraping 4056/6851: https://www.refurbed.de/p/hp-z820-workstation-xeon-e5/
2025-09-28 03:36:30,664 - ERROR - Error fetching https://www.refurbed.de/p/hp-z820-workstation-xeon-e5/: 404 Client Error: Not Found for url: https://www.refurbed.de/p/hp-z820-workstation-xeon-e5/
2025-09-28 03:36:31,666 - INFO - Scraping 4057/6851: https://www.refurbed.de/p/hp-z840-workstation-xeon-e5/
2025-09-28 03:36:31,944 - ERROR - Error fetching https://www.refurbed.de/p/hp-z840-workstation-xeon-e5/: 404 Client Error: Not Found for url: https://www.refurbed.de/p/hp-z840-workstation-xeon-e5/
2025-09-28 03:36:32,946 - INFO - Scraping 4058/6851: https://www.refurbed.de/p/hp-zbk-15-g5-xeon-e-2186m-15-6/
2025-09-28 03:36:34,631 - INFO - Scraping 4059/6851: https://www.refurbed.de/p/hp-zbk-15g4-7300hq/
2025-09-28 03:36:34,919 - ERROR - Error fetching https://www.refurbed.de/p/hp-zbk-15g4-7300hq/: 404 Client Error: Not Found for url: https://www.refurbed.de/p/hp-zbk-15g4-7300hq/
2025-09-28 03:36:35,921 - INFO - Scraping 4060/6851: https://www.refurbed.de/p/hp-zbk-15g4-7440hq/
2025-09-28 03:36:36,242 - ERROR - Error fetching https://www.refurbed.de/p/hp-zbk-15g4-7440hq/: 404 Client Error: Not Found for url: https://www.refurbed.de/p/hp-zbk-15g4-7440hq/
2025-09-28 03:36:37,244 - INFO - Scraping 4061/6851: https://www.refurbed.de/p/hp-zbk-15g4-7700hq/
2025-09-28 03:36:37,589 - ERROR - Error fetching https://www.refurbed.de/p/hp-zbk-15g4-7700hq/: 404 Client Error: Not Found for url: https://www.refurbed.de/p/hp-zbk-15g4-7700hq/
2025-09-28 03:36:38,591 - INFO - Scraping 4062/6851: https://www.refurbed.de/p/hp-zbk-15g4-7820hq/
2025-09-28 03:36:40,241 - INFO - Scraping 4063/6851: https://www.refurbed.de/p/hp-zbk-15g5-8850h-15/
2025-09-28 03:36:42,037 - INFO - Scraping 4064/6851: https://www.refurbed.de/p/hp-zbk-15g5-xeon-e-2176m/
2025-09-28 03:36:43,447 - INFO - Scraping 4065/6851: https://www.refurbed.de/p/hp-zbook-14-firefly-g7-10610u/
2025-09-28 03:36:45,040 - INFO - Scraping 4066/6851: https://www.refurbed.de/p/hp-zbook-14-firefly-g7-i5-10210u/
2025-09-28 03:36:46,657 - INFO - Scraping 4067/6851: https://www.refurbed.de/p/hp-zbook-14-firefly-g7-i5-10310u/
2025-09-28 03:36:48,159 - INFO - Scraping 4068/6851: https://www.refurbed.de/p/hp-zbook-14-firefly-g7-i5-1135g7/
2025-09-28 03:36:49,690 - INFO - Scraping 4069/6851: https://www.refurbed.de/p/hp-zbook-14-firefly-g8-1185g7-14/
2025-09-28 03:36:51,194 - INFO - Scraping 4070/6851: https://www.refurbed.de/p/hp-zbook-14-firefly-g8-i5-1135g7/
2025-09-28 03:36:52,756 - INFO - Scraping 4071/6851: https://www.refurbed.de/p/hp-zbook-14-firefly-g8-i5-1145g7/
2025-09-28 03:36:54,385 - INFO - Scraping 4072/6851: https://www.refurbed.de/p/hp-zbook-14-firefly-g9-i5-1235u/
2025-09-28 03:36:55,872 - INFO - Scraping 4073/6851: https://www.refurbed.de/p/hp-zbook-14-firefly-g9-i7-1260p/
2025-09-28 03:36:57,519 - INFO - Scraping 4074/6851: https://www.refurbed.de/p/hp-zbook-14-firefly-i7-1165g7-14/
2025-09-28 03:36:59,183 - INFO - Scraping 4075/6851: https://www.refurbed.de/p/hp-zbook-14-g1-4600u/
2025-09-28 03:36:59,513 - ERROR - Error fetching https://www.refurbed.de/p/hp-zbook-14-g1-4600u/: 404 Client Error: Not Found for url: https://www.refurbed.de/p/hp-zbook-14-g1-4600u/
2025-09-28 03:37:00,516 - INFO - Scraping 4076/6851: https://www.refurbed.de/p/hp-zbook-14-g2-5600u/
2025-09-28 03:37:00,805 - ERROR - Error fetching https://www.refurbed.de/p/hp-zbook-14-g2-5600u/: 404 Client Error: Not Found for url: https://www.refurbed.de/p/hp-zbook-14-g2-5600u/
2025-09-28 03:37:01,807 - INFO - Scraping 4077/6851: https://www.refurbed.de/p/hp-zbook-14-g2-i7-5500u/
2025-09-28 03:37:32,548 - ERROR - Error fetching https://www.refurbed.de/p/hp-zbook-14-g2-i7-5500u/: 404 Client Error: Not Found for url: https://www.refurbed.de/p/hp-zbook-14-g2-i7-5500u/
2025-09-28 03:37:33,551 - INFO - Scraping 4078/6851: https://www.refurbed.de/p/hp-zbook-14-u-g5-i5-7200u-14/
2025-09-28 03:37:33,839 - ERROR - Error fetching https://www.refurbed.de/p/hp-zbook-14-u-g5-i5-7200u-14/: 404 Client Error: Not Found for url: https://www.refurbed.de/p/hp-zbook-14-u-g5-i5-7200u-14/
2025-09-28 03:37:34,841 - INFO - Scraping 4079/6851: https://www.refurbed.de/p/hp-zbook-14-u-g5-i5-7300u-14/
2025-09-28 03:37:35,177 - ERROR - Error fetching https://www.refurbed.de/p/hp-zbook-14-u-g5-i5-7300u-14/: 404 Client Error: Not Found for url: https://www.refurbed.de/p/hp-zbook-14-u-g5-i5-7300u-14/
2025-09-28 03:37:36,179 - INFO - Scraping 4080/6851: https://www.refurbed.de/p/hp-zbook-14-u-g5-i5-8350u-14/
2025-09-28 03:37:37,965 - INFO - Scraping 4081/6851: https://www.refurbed.de/p/hp-zbook-14-u-g5-i7-8550u-14/
2025-09-28 03:37:39,498 - INFO - Scraping 4082/6851: https://www.refurbed.de/p/hp-zbook-14-u-g5-i7-8650u-14/
2025-09-28 03:37:41,242 - INFO - Scraping 4083/6851: https://www.refurbed.de/p/hp-zbook-14u-g4-i7-7500u-14/
2025-09-28 03:37:41,589 - ERROR - Error fetching https://www.refurbed.de/p/hp-zbook-14u-g4-i7-7500u-14/: 404 Client Error: Not Found for url: https://www.refurbed.de/p/hp-zbook-14u-g4-i7-7500u-14/
2025-09-28 03:37:42,592 - INFO - Scraping 4084/6851: https://www.refurbed.de/p/hp-zbook-14u-g6-i7-8565u-14/
2025-09-28 03:37:44,347 - INFO - Scraping 4085/6851: https://www.refurbed.de/p/hp-zbook-14u-g6-i7-8665u-14/
2025-09-28 03:37:46,296 - INFO - Scraping 4086/6851: https://www.refurbed.de/p/hp-zbook-15-firefly-g8-1185g7-15/
2025-09-28 03:37:48,165 - INFO - Scraping 4087/6851: https://www.refurbed.de/p/hp-zbook-15-g2-i5-4340m/
2025-09-28 03:37:48,857 - ERROR - Error fetching https://www.refurbed.de/p/hp-zbook-15-g2-i5-4340m/: 404 Client Error: Not Found for url: https://www.refurbed.de/p/hp-zbook-15-g2-i5-4340m/
2025-09-28 03:37:49,859 - INFO - Scraping 4088/6851: https://www.refurbed.de/p/hp-zbook-15-g2-i7-4700mq-15-6/
2025-09-28 03:37:50,184 - ERROR - Error fetching https://www.refurbed.de/p/hp-zbook-15-g2-i7-4700mq-15-6/: 404 Client Error: Not Found for url: https://www.refurbed.de/p/hp-zbook-15-g2-i7-4700mq-15-6/
2025-09-28 03:37:51,186 - INFO - Scraping 4089/6851: https://www.refurbed.de/p/hp-zbook-15-g2-i7-4710mq-15-6/
2025-09-28 03:37:51,478 - ERROR - Error fetching https://www.refurbed.de/p/hp-zbook-15-g2-i7-4710mq-15-6/: 404 Client Error: Not Found for url: https://www.refurbed.de/p/hp-zbook-15-g2-i7-4710mq-15-6/
2025-09-28 03:37:52,480 - INFO - Scraping 4090/6851: https://www.refurbed.de/p/hp-zbook-15-g2-i7-4800mq-15-6/
2025-09-28 03:37:52,824 - ERROR - Error fetching https://www.refurbed.de/p/hp-zbook-15-g2-i7-4800mq-15-6/: 404 Client Error: Not Found for url: https://www.refurbed.de/p/hp-zbook-15-g2-i7-4800mq-15-6/
2025-09-28 03:37:53,826 - INFO - Scraping 4091/6851: https://www.refurbed.de/p/hp-zbook-15-g2-i7-4810mq-15-6/
2025-09-28 03:37:54,108 - ERROR - Error fetching https://www.refurbed.de/p/hp-zbook-15-g2-i7-4810mq-15-6/: 404 Client Error: Not Found for url: https://www.refurbed.de/p/hp-zbook-15-g2-i7-4810mq-15-6/
2025-09-28 03:37:55,110 - INFO - Scraping 4092/6851: https://www.refurbed.de/p/hp-zbook-15-g3-6440hq/
2025-09-28 03:37:55,718 - ERROR - Error fetching https://www.refurbed.de/p/hp-zbook-15-g3-6440hq/: 404 Client Error: Not Found for url: https://www.refurbed.de/p/hp-zbook-15-g3-6440hq/
2025-09-28 03:37:56,720 - INFO - Scraping 4093/6851: https://www.refurbed.de/p/hp-zbook-15-g3-6700hq/
2025-09-28 03:37:57,072 - ERROR - Error fetching https://www.refurbed.de/p/hp-zbook-15-g3-6700hq/: 404 Client Error: Not Found for url: https://www.refurbed.de/p/hp-zbook-15-g3-6700hq/
2025-09-28 03:37:58,074 - INFO - Scraping 4094/6851: https://www.refurbed.de/p/hp-zbook-15-g3-i7-6820hq-15-6/
2025-09-28 03:37:58,606 - ERROR - Error fetching https://www.refurbed.de/p/hp-zbook-15-g3-i7-6820hq-15-6/: 404 Client Error: Not Found for url: https://www.refurbed.de/p/hp-zbook-15-g3-i7-6820hq-15-6/
2025-09-28 03:37:59,608 - INFO - Scraping 4095/6851: https://www.refurbed.de/p/hp-zbook-15-g4-xeon-e3-1535m-v6/
2025-09-28 03:38:00,072 - ERROR - Error fetching https://www.refurbed.de/p/hp-zbook-15-g4-xeon-e3-1535m-v6/: 404 Client Error: Not Found for url: https://www.refurbed.de/p/hp-zbook-15-g4-xeon-e3-1535m-v6/
2025-09-28 03:38:01,075 - INFO - Scraping 4096/6851: https://www.refurbed.de/p/hp-zbook-15-g5-8750h-15-6/
2025-09-28 03:38:02,493 - INFO - Scraping 4097/6851: https://www.refurbed.de/p/hp-zbook-15-g5-i9-8950hk/
2025-09-28 03:38:04,109 - INFO - Scraping 4098/6851: https://www.refurbed.de/p/hp-zbook-15-g6-9880h-15-6/
2025-09-28 03:38:05,644 - INFO - Scraping 4099/6851: https://www.refurbed.de/p/hp-zbook-15-g6-i5-9400h-15-6/
2025-09-28 03:38:07,090 - INFO - Scraping 4100/6851: https://www.refurbed.de/p/hp-zbook-15-g6-i7-9750h/
2025-09-28 03:38:09,010 - INFO - Scraping 4101/6851: https://www.refurbed.de/p/hp-zbook-15-g6-i7-9850h/
2025-09-28 03:38:10,712 - INFO - Scraping 4102/6851: https://www.refurbed.de/p/hp-zbook-15-g6-xeon-e-2286m/
2025-09-28 03:38:12,232 - INFO - Scraping 4103/6851: https://www.refurbed.de/p/hp-zbook-15-g8-fury-i7-11800h-15/
2025-09-28 03:38:13,876 - INFO - Scraping 4104/6851: https://www.refurbed.de/p/hp-zbook-15-i7-15-6/
2025-09-28 03:38:14,525 - ERROR - Error fetching https://www.refurbed.de/p/hp-zbook-15-i7-15-6/: 404 Client Error: Not Found for url: https://www.refurbed.de/p/hp-zbook-15-i7-15-6/
2025-09-28 03:38:15,528 - INFO - Scraping 4105/6851: https://www.refurbed.de/p/hp-zbook-15-i7-4600m-156/
2025-09-28 03:38:15,795 - ERROR - Error fetching https://www.refurbed.de/p/hp-zbook-15-i7-4600m-156/: 404 Client Error: Not Found for url: https://www.refurbed.de/p/hp-zbook-15-i7-4600m-156/
2025-09-28 03:38:16,797 - INFO - Scraping 4106/6851: https://www.refurbed.de/p/hp-zbook-15-i7-4700mq-156/
2025-09-28 03:38:17,212 - ERROR - Error fetching https://www.refurbed.de/p/hp-zbook-15-i7-4700mq-156/: 404 Client Error: Not Found for url: https://www.refurbed.de/p/hp-zbook-15-i7-4700mq-156/
2025-09-28 03:38:18,214 - INFO - Scraping 4107/6851: https://www.refurbed.de/p/hp-zbook-15-i7-4700mq/
2025-09-28 03:38:18,520 - ERROR - Error fetching https://www.refurbed.de/p/hp-zbook-15-i7-4700mq/: 404 Client Error: Not Found for url: https://www.refurbed.de/p/hp-zbook-15-i7-4700mq/
2025-09-28 03:38:19,522 - INFO - Scraping 4108/6851: https://www.refurbed.de/p/hp-zbook-15-i7-4900mq/
2025-09-28 03:38:19,892 - ERROR - Error fetching https://www.refurbed.de/p/hp-zbook-15-i7-4900mq/: 404 Client Error: Not Found for url: https://www.refurbed.de/p/hp-zbook-15-i7-4900mq/
2025-09-28 03:38:20,894 - INFO - Scraping 4109/6851: https://www.refurbed.de/p/hp-zbook-15u-g2-i7-5600u/
2025-09-28 03:38:21,178 - ERROR - Error fetching https://www.refurbed.de/p/hp-zbook-15u-g2-i7-5600u/: 404 Client Error: Not Found for url: https://www.refurbed.de/p/hp-zbook-15u-g2-i7-5600u/
2025-09-28 03:38:22,181 - INFO - Scraping 4110/6851: https://www.refurbed.de/p/hp-zbook-15u-g3-i7-6500u/
2025-09-28 03:38:22,477 - ERROR - Error fetching https://www.refurbed.de/p/hp-zbook-15u-g3-i7-6500u/: 404 Client Error: Not Found for url: https://www.refurbed.de/p/hp-zbook-15u-g3-i7-6500u/
2025-09-28 03:38:23,478 - INFO - Scraping 4111/6851: https://www.refurbed.de/p/hp-zbook-15u-g3-i7-6600u/
2025-09-28 03:38:23,790 - ERROR - Error fetching https://www.refurbed.de/p/hp-zbook-15u-g3-i7-6600u/: 404 Client Error: Not Found for url: https://www.refurbed.de/p/hp-zbook-15u-g3-i7-6600u/
2025-09-28 03:38:24,792 - INFO - Scraping 4112/6851: https://www.refurbed.de/p/hp-zbook-15u-g3-i7-7500u/
2025-09-28 03:38:25,539 - ERROR - Error fetching https://www.refurbed.de/p/hp-zbook-15u-g3-i7-7500u/: 404 Client Error: Not Found for url: https://www.refurbed.de/p/hp-zbook-15u-g3-i7-7500u/
2025-09-28 03:38:26,541 - INFO - Scraping 4113/6851: https://www.refurbed.de/p/hp-zbook-15u-g4-7500u/
2025-09-28 03:38:26,826 - ERROR - Error fetching https://www.refurbed.de/p/hp-zbook-15u-g4-7500u/: 404 Client Error: Not Found for url: https://www.refurbed.de/p/hp-zbook-15u-g4-7500u/
2025-09-28 03:38:27,827 - INFO - Scraping 4114/6851: https://www.refurbed.de/p/hp-zbook-15u-g5-8550u-15-6/
2025-09-28 03:38:29,406 - INFO - Scraping 4115/6851: https://www.refurbed.de/p/hp-zbook-15u-g5-8650u-15-6/
2025-09-28 03:38:30,963 - INFO - Scraping 4116/6851: https://www.refurbed.de/p/hp-zbook-15u-g6-8565u-15-6/
2025-09-28 03:38:33,073 - INFO - Scraping 4117/6851: https://www.refurbed.de/p/hp-zbook-15u-g6-i7-8665u/
2025-09-28 03:38:35,158 - INFO - Scraping 4118/6851: https://www.refurbed.de/p/hp-zbook-15v-g5-8850h-15-6/
2025-09-28 03:38:37,031 - INFO - Scraping 4119/6851: https://www.refurbed.de/p/hp-zbook-15v-g5-9750h/
2025-09-28 03:38:38,555 - INFO - Scraping 4120/6851: https://www.refurbed.de/p/hp-zbook-15v-g5-i5-8300h/
2025-09-28 03:38:40,112 - INFO - Scraping 4121/6851: https://www.refurbed.de/p/hp-zbook-17-3-g1-i7-4600m/
2025-09-28 03:38:40,847 - ERROR - Error fetching https://www.refurbed.de/p/hp-zbook-17-3-g1-i7-4600m/: 404 Client Error: Not Found for url: https://www.refurbed.de/p/hp-zbook-17-3-g1-i7-4600m/
2025-09-28 03:38:41,849 - INFO - Scraping 4122/6851: https://www.refurbed.de/p/hp-zbook-17-fury-i9-11900h-17/
2025-09-28 03:38:43,409 - INFO - Scraping 4123/6851: https://www.refurbed.de/p/hp-zbook-17-g1-i7-4800mq/
2025-09-28 03:38:43,684 - ERROR - Error fetching https://www.refurbed.de/p/hp-zbook-17-g1-i7-4800mq/: 404 Client Error: Not Found for url: https://www.refurbed.de/p/hp-zbook-17-g1-i7-4800mq/
2025-09-28 03:38:44,685 - INFO - Scraping 4124/6851: https://www.refurbed.de/p/hp-zbook-17-g1-i7-4900mq/
2025-09-28 03:38:45,120 - ERROR - Error fetching https://www.refurbed.de/p/hp-zbook-17-g1-i7-4900mq/: 404 Client Error: Not Found for url: https://www.refurbed.de/p/hp-zbook-17-g1-i7-4900mq/
2025-09-28 03:38:46,122 - INFO - Scraping 4125/6851: https://www.refurbed.de/p/hp-zbook-17-g2-i5-4340m-17/
2025-09-28 03:38:46,715 - ERROR - Error fetching https://www.refurbed.de/p/hp-zbook-17-g2-i5-4340m-17/: 404 Client Error: Not Found for url: https://www.refurbed.de/p/hp-zbook-17-g2-i5-4340m-17/
2025-09-28 03:38:47,717 - INFO - Scraping 4126/6851: https://www.refurbed.de/p/hp-zbook-17-g2-i7-4700mq/
2025-09-28 03:38:48,363 - ERROR - Error fetching https://www.refurbed.de/p/hp-zbook-17-g2-i7-4700mq/: 404 Client Error: Not Found for url: https://www.refurbed.de/p/hp-zbook-17-g2-i7-4700mq/
2025-09-28 03:38:49,365 - INFO - Scraping 4127/6851: https://www.refurbed.de/p/hp-zbook-17-g3-1535m-v5/
2025-09-28 03:38:50,052 - ERROR - Error fetching https://www.refurbed.de/p/hp-zbook-17-g3-1535m-v5/: 404 Client Error: Not Found for url: https://www.refurbed.de/p/hp-zbook-17-g3-1535m-v5/
2025-09-28 03:38:51,054 - INFO - Scraping 4128/6851: https://www.refurbed.de/p/hp-zbook-17-g3-6440hq/
2025-09-28 03:38:51,837 - ERROR - Error fetching https://www.refurbed.de/p/hp-zbook-17-g3-6440hq/: 404 Client Error: Not Found for url: https://www.refurbed.de/p/hp-zbook-17-g3-6440hq/
2025-09-28 03:38:52,839 - INFO - Scraping 4129/6851: https://www.refurbed.de/p/hp-zbook-17-g3-6700hq/
2025-09-28 03:38:53,783 - ERROR - Error fetching https://www.refurbed.de/p/hp-zbook-17-g3-6700hq/: 404 Client Error: Not Found for url: https://www.refurbed.de/p/hp-zbook-17-g3-6700hq/
2025-09-28 03:38:54,785 - INFO - Scraping 4130/6851: https://www.refurbed.de/p/hp-zbook-17-g3-6820hq/
2025-09-28 03:38:55,098 - ERROR - Error fetching https://www.refurbed.de/p/hp-zbook-17-g3-6820hq/: 404 Client Error: Not Found for url: https://www.refurbed.de/p/hp-zbook-17-g3-6820hq/
2025-09-28 03:38:56,101 - INFO - Scraping 4131/6851: https://www.refurbed.de/p/hp-zbook-17-g3-7820hq/
2025-09-28 03:38:57,923 - INFO - Scraping 4132/6851: https://www.refurbed.de/p/hp-zbook-17-g4-7820hq/
2025-09-28 03:38:59,481 - INFO - Scraping 4133/6851: https://www.refurbed.de/p/hp-zbook-17-g4-i7-7700hq/
2025-09-28 03:38:59,929 - ERROR - Error fetching https://www.refurbed.de/p/hp-zbook-17-g4-i7-7700hq/: 404 Client Error: Not Found for url: https://www.refurbed.de/p/hp-zbook-17-g4-i7-7700hq/
2025-09-28 03:39:00,931 - INFO - Scraping 4134/6851: https://www.refurbed.de/p/hp-zbook-17-g4-xeon-e3-1535m-v6/
2025-09-28 03:39:01,451 - ERROR - Error fetching https://www.refurbed.de/p/hp-zbook-17-g4-xeon-e3-1535m-v6/: 404 Client Error: Not Found for url: https://www.refurbed.de/p/hp-zbook-17-g4-xeon-e3-1535m-v6/
2025-09-28 03:39:02,453 - INFO - Scraping 4135/6851: https://www.refurbed.de/p/hp-zbook-17-g5-8750h-17/
2025-09-28 03:39:04,097 - INFO - Scraping 4136/6851: https://www.refurbed.de/p/hp-zbook-17-g5-8850h-17/
2025-09-28 03:39:06,335 - INFO - Scraping 4137/6851: https://www.refurbed.de/p/hp-zbook-17-g5-8950hk-17/
2025-09-28 03:39:08,182 - INFO - Scraping 4138/6851: https://www.refurbed.de/p/hp-zbook-17-g5-e-2176m-17/
2025-09-28 03:39:10,191 - INFO - Scraping 4139/6851: https://www.refurbed.de/p/hp-zbook-17-g5-e-2186m-17-3/
2025-09-28 03:39:11,763 - INFO - Scraping 4140/6851: https://www.refurbed.de/p/hp-zbook-17-g5-i5-8400h-17/
2025-09-28 03:39:13,897 - INFO - Scraping 4141/6851: https://www.refurbed.de/p/hp-zbook-17-g6-i5-9400h/
2025-09-28 03:39:15,839 - INFO - Scraping 4142/6851: https://www.refurbed.de/p/hp-zbook-17-g6-i7-9750h/
2025-09-28 03:39:17,786 - INFO - Scraping 4143/6851: https://www.refurbed.de/p/hp-zbook-17-g6-i7-9850h/
2025-09-28 03:39:19,703 - INFO - Scraping 4144/6851: https://www.refurbed.de/p/hp-zbook-17-g6-i9-9880h/
2025-09-28 03:39:21,770 - INFO - Scraping 4145/6851: https://www.refurbed.de/p/hp-zbook-17-g6-xeon-e-2286m/
2025-09-28 03:39:23,436 - INFO - Scraping 4146/6851: https://www.refurbed.de/p/hp-zbook-17-i5-17/
2025-09-28 03:39:24,399 - ERROR - Error fetching https://www.refurbed.de/p/hp-zbook-17-i5-17/: 404 Client Error: Not Found for url: https://www.refurbed.de/p/hp-zbook-17-i5-17/
2025-09-28 03:39:25,402 - INFO - Scraping 4147/6851: https://www.refurbed.de/p/hp-zbook-17-i7-17-3/
2025-09-28 03:39:26,000 - ERROR - Error fetching https://www.refurbed.de/p/hp-zbook-17-i7-17-3/: 404 Client Error: Not Found for url: https://www.refurbed.de/p/hp-zbook-17-i7-17-3/
2025-09-28 03:39:27,002 - INFO - Scraping 4148/6851: https://www.refurbed.de/p/hp-zbook-17-i7-17/
2025-09-28 03:39:27,607 - ERROR - Error fetching https://www.refurbed.de/p/hp-zbook-17-i7-17/: 404 Client Error: Not Found for url: https://www.refurbed.de/p/hp-zbook-17-i7-17/
2025-09-28 03:39:28,609 - INFO - Scraping 4149/6851: https://www.refurbed.de/p/hp-zbook-create-g7-10850h-15-6/
2025-09-28 03:39:30,200 - INFO - Scraping 4150/6851: https://www.refurbed.de/p/hp-zbook-ff-14-g10a-r7pro-7840hs/
2025-09-28 03:39:31,668 - INFO - Scraping 4151/6851: https://www.refurbed.de/p/hp-zbook-ff-14-g10a-r9p-7940hs/
2025-09-28 03:39:33,109 - INFO - Scraping 4152/6851: https://www.refurbed.de/p/hp-zbook-firefly-14-g10-1355u/
2025-09-28 03:39:35,005 - INFO - Scraping 4153/6851: https://www.refurbed.de/p/hp-zbook-firefly-14-g10-1365u/
2025-09-28 03:39:36,901 - INFO - Scraping 4154/6851: https://www.refurbed.de/p/hp-zbook-firefly-14-g10-a-5-7640/
2025-09-28 03:39:38,317 - INFO - Scraping 4155/6851: https://www.refurbed.de/p/hp-zbook-firefly-14-g10-i7-1360p/
2025-09-28 03:39:39,750 - INFO - Scraping 4156/6851: https://www.refurbed.de/p/hp-zbook-firefly-14-g10-i7-1370p/
2025-09-28 03:39:41,321 - INFO - Scraping 4157/6851: https://www.refurbed.de/p/hp-zbook-firefly-14-g11-7-155h/
2025-09-28 03:39:42,849 - INFO - Scraping 4158/6851: https://www.refurbed.de/p/hp-zbook-firefly-14-g11-7-165h/
2025-09-28 03:39:44,672 - INFO - Scraping 4159/6851: https://www.refurbed.de/p/hp-zbook-firefly-14-g9-i7-1265u/
2025-09-28 03:39:46,644 - INFO - Scraping 4160/6851: https://www.refurbed.de/p/hp-zbook-firefly-15-g7-i5-10210u/
2025-09-28 03:39:48,114 - INFO - Scraping 4161/6851: https://www.refurbed.de/p/hp-zbook-firefly-15-g7-i7-10510u/
2025-09-28 03:39:49,896 - INFO - Scraping 4162/6851: https://www.refurbed.de/p/hp-zbook-firefly-15-g7-i7-10810u/
2025-09-28 03:39:51,473 - INFO - Scraping 4163/6851: https://www.refurbed.de/p/hp-zbook-firefly-15-g8-1165g7/
2025-09-28 03:39:53,591 - INFO - Scraping 4164/6851: https://www.refurbed.de/p/hp-zbook-firefly-16-g10-1355u/
2025-09-28 03:39:55,374 - INFO - Scraping 4165/6851: https://www.refurbed.de/p/hp-zbook-firefly-16-g10-1360p/
2025-09-28 03:39:56,859 - INFO - Scraping 4166/6851: https://www.refurbed.de/p/hp-zbook-firefly-16-g11-7-155h/
2025-09-28 03:39:58,797 - INFO - Scraping 4167/6851: https://www.refurbed.de/p/hp-zbook-firefly-16-g9-1255u-16/
2025-09-28 03:40:00,903 - INFO - Scraping 4168/6851: https://www.refurbed.de/p/hp-zbook-firefly-16-g9-i7-1265u/
2025-09-28 03:40:02,959 - INFO - Scraping 4169/6851: https://www.refurbed.de/p/hp-zbook-firefly-16-g9-i7-1280p/
2025-09-28 03:40:04,572 - INFO - Scraping 4170/6851: https://www.refurbed.de/p/hp-zbook-fury-15-g7-10850h-15-6/
2025-09-28 03:40:06,561 - INFO - Scraping 4171/6851: https://www.refurbed.de/p/hp-zbook-fury-15-g7-10885h-15-6/
2025-09-28 03:40:08,154 - INFO - Scraping 4172/6851: https://www.refurbed.de/p/hp-zbook-fury-15-g7-10885m-15-6/
2025-09-28 03:40:09,730 - INFO - Scraping 4173/6851: https://www.refurbed.de/p/hp-zbook-fury-15-g7-i5-10400h/
2025-09-28 03:40:11,248 - INFO - Scraping 4174/6851: https://www.refurbed.de/p/hp-zbook-fury-15-g7-i7-10750h/
2025-09-28 03:40:12,884 - INFO - Scraping 4175/6851: https://www.refurbed.de/p/hp-zbook-fury-15-g8-11850h-15-6/
2025-09-28 03:40:14,624 - INFO - Scraping 4176/6851: https://www.refurbed.de/p/hp-zbook-fury-15-g8-11950h-15-6/
2025-09-28 03:40:16,112 - INFO - Scraping 4177/6851: https://www.refurbed.de/p/hp-zbook-fury-15-g8-w-11955m/
2025-09-28 03:40:17,548 - INFO - Scraping 4178/6851: https://www.refurbed.de/p/hp-zbook-fury-16-g10-13850hx-16/
2025-09-28 03:40:19,372 - INFO - Scraping 4179/6851: https://www.refurbed.de/p/hp-zbook-fury-16-g10-13950hx-16/
2025-09-28 03:40:20,888 - INFO - Scraping 4180/6851: https://www.refurbed.de/p/hp-zbook-fury-16-g11-13850hx-16/
2025-09-28 03:40:22,626 - INFO - Scraping 4181/6851: https://www.refurbed.de/p/hp-zbook-fury-16-g9-12800hx-16/
2025-09-28 03:40:24,229 - INFO - Scraping 4182/6851: https://www.refurbed.de/p/hp-zbook-fury-16-g9-12850hx-16/
2025-09-28 03:40:25,940 - INFO - Scraping 4183/6851: https://www.refurbed.de/p/hp-zbook-fury-16-g9-12950hx-16/
2025-09-28 03:40:27,419 - INFO - Scraping 4184/6851: https://www.refurbed.de/p/hp-zbook-fury-16-g9-i9-12900hx/
2025-09-28 03:40:28,838 - INFO - Scraping 4185/6851: https://www.refurbed.de/p/hp-zbook-fury-17-g7-i7-10750h-17/
2025-09-28 03:40:30,476 - INFO - Scraping 4186/6851: https://www.refurbed.de/p/hp-zbook-fury-17-g7-i7-10850h-17/
2025-09-28 03:40:32,674 - INFO - Scraping 4187/6851: https://www.refurbed.de/p/hp-zbook-fury-17-g7-i9-10885h-17/
2025-09-28 03:40:34,406 - INFO - Scraping 4188/6851: https://www.refurbed.de/p/hp-zbook-fury-17-g7-w-10885m-17/
2025-09-28 03:40:36,696 - INFO - Scraping 4189/6851: https://www.refurbed.de/p/hp-zbook-fury-17-g8-11500h-17-3/
2025-09-28 03:40:38,270 - INFO - Scraping 4190/6851: https://www.refurbed.de/p/hp-zbook-fury-17-g8-11800h-17-3/
2025-09-28 03:40:39,786 - INFO - Scraping 4191/6851: https://www.refurbed.de/p/hp-zbook-fury-17-g8-11850h-17-3/
2025-09-28 03:40:41,192 - INFO - Scraping 4192/6851: https://www.refurbed.de/p/hp-zbook-fury-17-g8-w-11955m/
2025-09-28 03:40:43,275 - INFO - Scraping 4193/6851: https://www.refurbed.de/p/hp-zbook-g11-core-ultra-7-155h/
2025-09-28 03:40:45,430 - INFO - Scraping 4194/6851: https://www.refurbed.de/p/hp-zbook-g2-17-i7-4910mq-17/
2025-09-28 03:40:45,778 - ERROR - Error fetching https://www.refurbed.de/p/hp-zbook-g2-17-i7-4910mq-17/: 404 Client Error: Not Found for url: https://www.refurbed.de/p/hp-zbook-g2-17-i7-4910mq-17/
2025-09-28 03:40:46,780 - INFO - Scraping 4195/6851: https://www.refurbed.de/p/hp-zbook-g3-1505m-v5/
2025-09-28 03:40:47,084 - ERROR - Error fetching https://www.refurbed.de/p/hp-zbook-g3-1505m-v5/: 404 Client Error: Not Found for url: https://www.refurbed.de/p/hp-zbook-g3-1505m-v5/
2025-09-28 03:40:48,087 - INFO - Scraping 4196/6851: https://www.refurbed.de/p/hp-zbook-power-g10-13700h-15-6/
2025-09-28 03:40:49,790 - INFO - Scraping 4197/6851: https://www.refurbed.de/p/hp-zbook-power-g10-13900h-15-6/
2025-09-28 03:40:51,915 - INFO - Scraping 4198/6851: https://www.refurbed.de/p/hp-zbook-power-g10-i7-13800h/
2025-09-28 03:40:54,110 - INFO - Scraping 4199/6851: https://www.refurbed.de/p/hp-zbook-power-g10-r-7-7840hs/
2025-09-28 03:40:56,117 - INFO - Scraping 4200/6851: https://www.refurbed.de/p/hp-zbook-power-g10-r9-7940hs/
2025-09-28 03:40:57,563 - INFO - Scraping 4201/6851: https://www.refurbed.de/p/hp-zbook-power-g10-r9-pro-7940hs/
2025-09-28 03:40:59,139 - INFO - Scraping 4202/6851: https://www.refurbed.de/p/hp-zbook-power-g11-ryzen-7-8845/
2025-09-28 03:41:00,779 - INFO - Scraping 4203/6851: https://www.refurbed.de/p/hp-zbook-power-g7-i7-10750h-15-6/
2025-09-28 03:41:02,341 - INFO - Scraping 4204/6851: https://www.refurbed.de/p/hp-zbook-power-g7-i9-10885h-15-6/
2025-09-28 03:41:03,840 - INFO - Scraping 4205/6851: https://www.refurbed.de/p/hp-zbook-power-g8-11400h-15-6/
2025-09-28 03:41:05,349 - INFO - Scraping 4206/6851: https://www.refurbed.de/p/hp-zbook-power-g8-11800h-15-6/
2025-09-28 03:41:06,902 - INFO - Scraping 4207/6851: https://www.refurbed.de/p/hp-zbook-power-g8-11900h-15-6/
2025-09-28 03:41:08,464 - INFO - Scraping 4208/6851: https://www.refurbed.de/p/hp-zbook-power-g8-11950h-15-6/
2025-09-28 03:41:10,039 - INFO - Scraping 4209/6851: https://www.refurbed.de/p/hp-zbook-power-g9-12700h-15-6/
2025-09-28 03:41:11,490 - INFO - Scraping 4210/6851: https://www.refurbed.de/p/hp-zbook-power-g9-12800hx-15-6/
2025-09-28 03:41:13,036 - INFO - Scraping 4211/6851: https://www.refurbed.de/p/hp-zbook-studio-16-g10-13700h-16/
2025-09-28 03:41:14,535 - INFO - Scraping 4212/6851: https://www.refurbed.de/p/hp-zbook-studio-16-g10-13800h-16/
2025-09-28 03:41:15,955 - INFO - Scraping 4213/6851: https://www.refurbed.de/p/hp-zbook-studio-16-g10-13900h-16/
2025-09-28 03:41:17,409 - INFO - Scraping 4214/6851: https://www.refurbed.de/p/hp-zbook-studio-16-g9-12700h-16/
2025-09-28 03:41:18,937 - INFO - Scraping 4215/6851: https://www.refurbed.de/p/hp-zbook-studio-16-g9-i9-12900h/
2025-09-28 03:41:20,465 - INFO - Scraping 4216/6851: https://www.refurbed.de/p/hp-zbook-studio-g3-i7-6820hq-15/
2025-09-28 03:41:20,873 - ERROR - Error fetching https://www.refurbed.de/p/hp-zbook-studio-g3-i7-6820hq-15/: 404 Client Error: Not Found for url: https://www.refurbed.de/p/hp-zbook-studio-g3-i7-6820hq-15/
2025-09-28 03:41:21,875 - INFO - Scraping 4217/6851: https://www.refurbed.de/p/hp-zbook-studio-g3-xeon-1545mv5/
2025-09-28 03:41:22,178 - ERROR - Error fetching https://www.refurbed.de/p/hp-zbook-studio-g3-xeon-1545mv5/: 404 Client Error: Not Found for url: https://www.refurbed.de/p/hp-zbook-studio-g3-xeon-1545mv5/
2025-09-28 03:41:23,180 - INFO - Scraping 4218/6851: https://www.refurbed.de/p/hp-zbook-studio-g4-7700hq-15-6/
2025-09-28 03:41:23,857 - ERROR - Error fetching https://www.refurbed.de/p/hp-zbook-studio-g4-7700hq-15-6/: 404 Client Error: Not Found for url: https://www.refurbed.de/p/hp-zbook-studio-g4-7700hq-15-6/
2025-09-28 03:41:24,859 - INFO - Scraping 4219/6851: https://www.refurbed.de/p/hp-zbook-studio-g4-xeon-e31505m/
2025-09-28 03:41:25,279 - ERROR - Error fetching https://www.refurbed.de/p/hp-zbook-studio-g4-xeon-e31505m/: 404 Client Error: Not Found for url: https://www.refurbed.de/p/hp-zbook-studio-g4-xeon-e31505m/
2025-09-28 03:41:26,281 - INFO - Scraping 4220/6851: https://www.refurbed.de/p/hp-zbook-studio-g5-8850h/
2025-09-28 03:41:27,779 - INFO - Scraping 4221/6851: https://www.refurbed.de/p/hp-zbook-studio-g5-9850h/
2025-09-28 03:41:29,342 - INFO - Scraping 4222/6851: https://www.refurbed.de/p/hp-zbook-studio-g5-e-2176m/
2025-09-28 03:41:30,925 - INFO - Scraping 4223/6851: https://www.refurbed.de/p/hp-zbook-studio-g5-i7-8750h/
2025-09-28 03:41:32,474 - INFO - Scraping 4224/6851: https://www.refurbed.de/p/hp-zbook-studio-g5-i7-9750h/
2025-09-28 03:41:34,093 - INFO - Scraping 4225/6851: https://www.refurbed.de/p/hp-zbook-studio-g7-10750h/
2025-09-28 03:41:35,811 - INFO - Scraping 4226/6851: https://www.refurbed.de/p/hp-zbook-studio-g7-10850h/
2025-09-28 03:41:37,649 - INFO - Scraping 4227/6851: https://www.refurbed.de/p/hp-zbook-studio-g7-10885h-15-6/
2025-09-28 03:41:39,254 - INFO - Scraping 4228/6851: https://www.refurbed.de/p/hp-zbook-studio-g8-11800h-15-6/
2025-09-28 03:41:40,965 - INFO - Scraping 4229/6851: https://www.refurbed.de/p/hp-zbook-studio-g8-11850h/
2025-09-28 03:41:42,626 - INFO - Scraping 4230/6851: https://www.refurbed.de/p/hp-zbook-studio-g8-11900h-15-6/
2025-09-28 03:41:44,215 - INFO - Scraping 4231/6851: https://www.refurbed.de/p/hp-zbook-studio-g8-i9-11950h/
2025-09-28 03:41:45,899 - INFO - Scraping 4232/6851: https://www.refurbed.de/p/hp-zbook-x2-g4-i7-8550u-14/
2025-09-28 03:41:47,781 - INFO - Scraping 4233/6851: https://www.refurbed.de/p/hp-zbook-x360-g5-i7-8850h/
2025-09-28 03:41:49,337 - INFO - Scraping 4234/6851: https://www.refurbed.de/p/hp-zr2240w-21-5/
2025-09-28 03:41:50,872 - INFO - Scraping 4235/6851: https://www.refurbed.de/p/hp-zr22w/
2025-09-28 03:41:52,573 - INFO - Scraping 4236/6851: https://www.refurbed.de/p/hp-zr2330w-23/
2025-09-28 03:41:54,165 - INFO - Scraping 4237/6851: https://www.refurbed.de/p/hp-zr24w/
2025-09-28 03:41:56,047 - INFO - Scraping 4238/6851: https://www.refurbed.de/p/hp-zr30w-30/
2025-09-28 03:41:57,810 - INFO - Scraping 4239/6851: https://www.refurbed.de/p/hpspectrex360-13-ae008no/
2025-09-28 03:41:59,407 - INFO - Scraping 4240/6851: https://www.refurbed.de/p/huami-amazfit-gtr/
2025-09-28 03:42:01,004 - INFO - Scraping 4241/6851: https://www.refurbed.de/p/huami-amazfit-pace/
2025-09-28 03:42:02,493 - INFO - Scraping 4242/6851: https://www.refurbed.de/p/huami-amazfit-t-rex/
2025-09-28 03:42:03,987 - INFO - Scraping 4243/6851: https://www.refurbed.de/p/huawei-display-ad80hw/
2025-09-28 03:42:05,569 - INFO - Scraping 4244/6851: https://www.refurbed.de/p/huawei-mate-10-lite/
2025-09-28 03:42:07,154 - INFO - Scraping 4245/6851: https://www.refurbed.de/p/huawei-mate-10-porsche-design/
2025-09-28 03:42:08,600 - INFO - Scraping 4246/6851: https://www.refurbed.de/p/huawei-mate-10-pro/
2025-09-28 03:42:10,182 - INFO - Scraping 4247/6851: https://www.refurbed.de/p/huawei-mate-10/
2025-09-28 03:42:12,078 - INFO - Scraping 4248/6851: https://www.refurbed.de/p/huawei-mate-20-lite/
2025-09-28 03:42:13,717 - INFO - Scraping 4249/6851: https://www.refurbed.de/p/huawei-mate-20-pro/
2025-09-28 03:42:15,289 - INFO - Scraping 4250/6851: https://www.refurbed.de/p/huawei-mate-20-x-5g/
2025-09-28 03:42:17,079 - INFO - Scraping 4251/6851: https://www.refurbed.de/p/huawei-mate-20-x/
2025-09-28 03:42:18,591 - INFO - Scraping 4252/6851: https://www.refurbed.de/p/huawei-mate-20/
2025-09-28 03:42:20,506 - INFO - Scraping 4253/6851: https://www.refurbed.de/p/huawei-mate-30-pro-5g/
2025-09-28 03:42:22,229 - INFO - Scraping 4254/6851: https://www.refurbed.de/p/huawei-mate-30-pro/
2025-09-28 03:42:24,221 - INFO - Scraping 4255/6851: https://www.refurbed.de/p/huawei-mate-40-pro/
2025-09-28 03:42:25,725 - INFO - Scraping 4256/6851: https://www.refurbed.de/p/huawei-mate-50-pro/
2025-09-28 03:42:27,624 - INFO - Scraping 4257/6851: https://www.refurbed.de/p/huawei-mate-50-rs-porsche-design/
2025-09-28 03:42:29,195 - INFO - Scraping 4258/6851: https://www.refurbed.de/p/huawei-mate-8/
2025-09-28 03:42:30,867 - INFO - Scraping 4259/6851: https://www.refurbed.de/p/huawei-mate-9-pro/
2025-09-28 03:42:32,531 - INFO - Scraping 4260/6851: https://www.refurbed.de/p/huawei-mate-9/
2025-09-28 03:42:34,404 - INFO - Scraping 4261/6851: https://www.refurbed.de/p/huawei-mate-rs-porsche-design/
2025-09-28 03:42:36,160 - INFO - Scraping 4262/6851: https://www.refurbed.de/p/huawei-mate-s/
2025-09-28 03:42:37,636 - INFO - Scraping 4263/6851: https://www.refurbed.de/p/huawei-mate-x3/
2025-09-28 03:42:39,320 - INFO - Scraping 4264/6851: https://www.refurbed.de/p/huawei-mate-xs-2/
2025-09-28 03:42:41,249 - INFO - Scraping 4265/6851: https://www.refurbed.de/p/huawei-mate-xs/
2025-09-28 03:42:42,779 - INFO - Scraping 4266/6851: https://www.refurbed.de/p/huawei-matebook-13-2020-10210u/
2025-09-28 03:42:44,587 - INFO - Scraping 4267/6851: https://www.refurbed.de/p/huawei-matebook-13-i7-8565u-13/
2025-09-28 03:42:46,119 - INFO - Scraping 4268/6851: https://www.refurbed.de/p/huawei-matebook-14-2024-5-125h/
2025-09-28 03:42:47,805 - INFO - Scraping 4269/6851: https://www.refurbed.de/p/huawei-matebook-14-21-1155g7/
2025-09-28 03:42:49,293 - INFO - Scraping 4270/6851: https://www.refurbed.de/p/huawei-matebook-14-21-5-5500u/
2025-09-28 03:42:50,823 - INFO - Scraping 4271/6851: https://www.refurbed.de/p/huawei-matebook-14s-11370h/
2025-09-28 03:42:52,314 - INFO - Scraping 4272/6851: https://www.refurbed.de/p/huawei-matebook-16-r-7-5800h-16/
2025-09-28 03:42:53,956 - INFO - Scraping 4273/6851: https://www.refurbed.de/p/huawei-matebook-16s-i7-12700h-16/
2025-09-28 03:42:55,459 - INFO - Scraping 4274/6851: https://www.refurbed.de/p/huawei-matebook-16s-i9-13900h/
2025-09-28 03:42:56,911 - INFO - Scraping 4275/6851: https://www.refurbed.de/p/huawei-matebook-d-14-22-1155g7/
2025-09-28 03:42:58,461 - INFO - Scraping 4276/6851: https://www.refurbed.de/p/huawei-matebook-d14-i5-10210u/
2025-09-28 03:43:00,335 - INFO - Scraping 4277/6851: https://www.refurbed.de/p/huawei-matebook-d14-r5-2500u/
2025-09-28 03:43:01,051 - ERROR - Error fetching https://www.refurbed.de/p/huawei-matebook-d14-r5-2500u/: 404 Client Error: Not Found for url: https://www.refurbed.de/p/huawei-matebook-d14-r5-2500u/
2025-09-28 03:43:02,053 - INFO - Scraping 4278/6851: https://www.refurbed.de/p/huawei-matebook-d14-r5-3500u/
2025-09-28 03:43:03,620 - INFO - Scraping 4279/6851: https://www.refurbed.de/p/huawei-matebook-d15-i3-10110u/
2025-09-28 03:43:05,067 - INFO - Scraping 4280/6851: https://www.refurbed.de/p/huawei-matebook-d15-r5-3500u/
2025-09-28 03:43:06,775 - INFO - Scraping 4281/6851: https://www.refurbed.de/p/huawei-matebook-d15-r5-5500u/
2025-09-28 03:43:08,617 - INFO - Scraping 4282/6851: https://www.refurbed.de/p/huawei-matebook-d15-r7-3700u/
2025-09-28 03:43:10,144 - INFO - Scraping 4283/6851: https://www.refurbed.de/p/huawei-matebook-d16-24-12450h/
2025-09-28 03:43:11,725 - INFO - Scraping 4284/6851: https://www.refurbed.de/p/huawei-matebook-d16-i5-12450h/
2025-09-28 03:43:13,353 - INFO - Scraping 4285/6851: https://www.refurbed.de/p/huawei-matebook-d16-r5-4600h/
2025-09-28 03:43:14,913 - INFO - Scraping 4286/6851: https://www.refurbed.de/p/huawei-matebook-d16-r5-4600u/
2025-09-28 03:43:16,355 - INFO - Scraping 4287/6851: https://www.refurbed.de/p/huawei-matebook-e-i3-1110g4-12-6/
2025-09-28 03:43:18,164 - INFO - Scraping 4288/6851: https://www.refurbed.de/p/huawei-matebook-r7-4800h/
2025-09-28 03:43:19,841 - INFO - Scraping 4289/6851: https://www.refurbed.de/p/huawei-matebook-x-7500u-13/
2025-09-28 03:43:20,313 - ERROR - Error fetching https://www.refurbed.de/p/huawei-matebook-x-7500u-13/: 404 Client Error: Not Found for url: https://www.refurbed.de/p/huawei-matebook-x-7500u-13/
2025-09-28 03:43:21,315 - INFO - Scraping 4290/6851: https://www.refurbed.de/p/huawei-matebook-x-pro-1165g7/
2025-09-28 03:43:22,967 - INFO - Scraping 4291/6851: https://www.refurbed.de/p/huawei-matebook-x-pro-2020-i7/
2025-09-28 03:43:24,572 - INFO - Scraping 4292/6851: https://www.refurbed.de/p/huawei-matebook-x-pro-2022/
2025-09-28 03:43:26,135 - INFO - Scraping 4293/6851: https://www.refurbed.de/p/huawei-matebook-x-pro-7500u/
2025-09-28 03:43:26,431 - ERROR - Error fetching https://www.refurbed.de/p/huawei-matebook-x-pro-7500u/: 404 Client Error: Not Found for url: https://www.refurbed.de/p/huawei-matebook-x-pro-7500u/
2025-09-28 03:43:27,433 - INFO - Scraping 4294/6851: https://www.refurbed.de/p/huawei-matebook-x-pro-8550u/
2025-09-28 03:43:29,067 - INFO - Scraping 4295/6851: https://www.refurbed.de/p/huawei-matepad-11-10-95/
2025-09-28 03:43:30,520 - INFO - Scraping 4296/6851: https://www.refurbed.de/p/huawei-matepad-11-5/
2025-09-28 03:43:31,983 - INFO - Scraping 4297/6851: https://www.refurbed.de/p/huawei-matepad-pro-10-8/
2025-09-28 03:43:33,835 - INFO - Scraping 4298/6851: https://www.refurbed.de/p/huawei-matepad-se-10-4/
2025-09-28 03:43:35,387 - INFO - Scraping 4299/6851: https://www.refurbed.de/p/huawei-matepad-t10/
2025-09-28 03:43:36,937 - INFO - Scraping 4300/6851: https://www.refurbed.de/p/huawei-matepad-t10s/
2025-09-28 03:43:38,409 - INFO - Scraping 4301/6851: https://www.refurbed.de/p/huawei-matepad-t3/
2025-09-28 03:43:40,133 - INFO - Scraping 4302/6851: https://www.refurbed.de/p/huawei-mediapad-m1/
2025-09-28 03:43:41,589 - INFO - Scraping 4303/6851: https://www.refurbed.de/p/huawei-mediapad-m2-10/
2025-09-28 03:43:43,116 - INFO - Scraping 4304/6851: https://www.refurbed.de/p/huawei-mediapad-m3-8-4/
2025-09-28 03:43:44,617 - INFO - Scraping 4305/6851: https://www.refurbed.de/p/huawei-mediapad-m3-lite-10-10/
2025-09-28 03:43:46,389 - INFO - Scraping 4306/6851: https://www.refurbed.de/p/huawei-mediapad-m5-10-lite/
2025-09-28 03:43:48,310 - INFO - Scraping 4307/6851: https://www.refurbed.de/p/huawei-mediapad-m5-10-pro/
2025-09-28 03:43:49,917 - INFO - Scraping 4308/6851: https://www.refurbed.de/p/huawei-mediapad-m5-10/
2025-09-28 03:43:51,525 - INFO - Scraping 4309/6851: https://www.refurbed.de/p/huawei-mediapad-m5-8-4/
2025-09-28 03:43:53,219 - INFO - Scraping 4310/6851: https://www.refurbed.de/p/huawei-mediapad-m5-8-lite/
2025-09-28 03:43:54,910 - INFO - Scraping 4311/6851: https://www.refurbed.de/p/huawei-mediapad-t1-10-0-lte/
2025-09-28 03:43:56,501 - INFO - Scraping 4312/6851: https://www.refurbed.de/p/huawei-mediapad-t1-7-0-tablet-pc/
2025-09-28 03:43:58,285 - INFO - Scraping 4313/6851: https://www.refurbed.de/p/huawei-mediapad-t1-8-3g/
2025-09-28 03:43:59,999 - INFO - Scraping 4314/6851: https://www.refurbed.de/p/huawei-mediapad-t3-10-0/
2025-09-28 03:44:01,480 - INFO - Scraping 4315/6851: https://www.refurbed.de/p/huawei-mediapad-t3-7-0/
2025-09-28 03:44:03,559 - INFO - Scraping 4316/6851: https://www.refurbed.de/p/huawei-mediapad-t3-8-0/
2025-09-28 03:44:05,307 - INFO - Scraping 4317/6851: https://www.refurbed.de/p/huawei-mediapad-t5-10-10-1/
2025-09-28 03:44:06,909 - INFO - Scraping 4318/6851: https://www.refurbed.de/p/huawei-p-smart-2019/
2025-09-28 03:44:08,719 - INFO - Scraping 4319/6851: https://www.refurbed.de/p/huawei-p-smart-2020/
2025-09-28 03:44:10,343 - INFO - Scraping 4320/6851: https://www.refurbed.de/p/huawei-p-smart-2021/
2025-09-28 03:44:11,902 - INFO - Scraping 4321/6851: https://www.refurbed.de/p/huawei-p-smart-plus-18/
2025-09-28 03:44:13,808 - INFO - Scraping 4322/6851: https://www.refurbed.de/p/huawei-p-smart-plus-2019/
2025-09-28 03:44:15,651 - INFO - Scraping 4323/6851: https://www.refurbed.de/p/huawei-p-smart-pro/
2025-09-28 03:44:17,084 - INFO - Scraping 4324/6851: https://www.refurbed.de/p/huawei-p-smart-s/
2025-09-28 03:44:18,576 - INFO - Scraping 4325/6851: https://www.refurbed.de/p/huawei-p-smart-z/
2025-09-28 03:44:20,243 - INFO - Scraping 4326/6851: https://www.refurbed.de/p/huawei-p-smart/
2025-09-28 03:44:22,071 - INFO - Scraping 4327/6851: https://www.refurbed.de/p/huawei-p10-lite/
2025-09-28 03:44:23,728 - INFO - Scraping 4328/6851: https://www.refurbed.de/p/huawei-p10-plus/
2025-09-28 03:44:25,379 - INFO - Scraping 4329/6851: https://www.refurbed.de/p/huawei-p10/
2025-09-28 03:44:27,047 - INFO - Scraping 4330/6851: https://www.refurbed.de/p/huawei-p20-lite/
2025-09-28 03:44:28,771 - INFO - Scraping 4331/6851: https://www.refurbed.de/p/huawei-p20-pro/
2025-09-28 03:44:31,114 - INFO - Scraping 4332/6851: https://www.refurbed.de/p/huawei-p20/
2025-09-28 03:44:32,740 - INFO - Scraping 4333/6851: https://www.refurbed.de/p/huawei-p30-lite-new-ed/
2025-09-28 03:44:34,499 - INFO - Scraping 4334/6851: https://www.refurbed.de/p/huawei-p30-pro-ne/
2025-09-28 03:44:36,090 - INFO - Scraping 4335/6851: https://www.refurbed.de/p/huawei-p30-pro/
2025-09-28 03:44:37,692 - INFO - Scraping 4336/6851: https://www.refurbed.de/p/huawei-p30/
2025-09-28 03:44:39,331 - INFO - Scraping 4337/6851: https://www.refurbed.de/p/huawei-p30lite/
2025-09-28 03:44:41,333 - INFO - Scraping 4338/6851: https://www.refurbed.de/p/huawei-p40-lite-5g/
2025-09-28 03:44:42,957 - INFO - Scraping 4339/6851: https://www.refurbed.de/p/huawei-p40-lite-e/
2025-09-28 03:44:44,811 - INFO - Scraping 4340/6851: https://www.refurbed.de/p/huawei-p40-lite/
2025-09-28 03:44:46,413 - INFO - Scraping 4341/6851: https://www.refurbed.de/p/huawei-p40-pro-4g/
2025-09-28 03:44:47,857 - INFO - Scraping 4342/6851: https://www.refurbed.de/p/huawei-p40-pro-plus/
2025-09-28 03:44:49,403 - INFO - Scraping 4343/6851: https://www.refurbed.de/p/huawei-p40-pro/
2025-09-28 03:44:51,426 - INFO - Scraping 4344/6851: https://www.refurbed.de/p/huawei-p40/
2025-09-28 03:44:53,295 - INFO - Scraping 4345/6851: https://www.refurbed.de/p/huawei-p50-pro/
2025-09-28 03:44:54,725 - INFO - Scraping 4346/6851: https://www.refurbed.de/p/huawei-p60-pro/
2025-09-28 03:44:56,356 - INFO - Scraping 4347/6851: https://www.refurbed.de/p/huawei-p8-lite-2017/
2025-09-28 03:44:58,213 - INFO - Scraping 4348/6851: https://www.refurbed.de/p/huawei-p8-lite/
2025-09-28 03:44:59,631 - INFO - Scraping 4349/6851: https://www.refurbed.de/p/huawei-p8/
2025-09-28 03:45:01,289 - INFO - Scraping 4350/6851: https://www.refurbed.de/p/huawei-p9-lite-mini/
2025-09-28 03:45:02,880 - INFO - Scraping 4351/6851: https://www.refurbed.de/p/huawei-p9-lite/
2025-09-28 03:45:04,954 - INFO - Scraping 4352/6851: https://www.refurbed.de/p/huawei-p9-plus/
2025-09-28 03:45:06,655 - INFO - Scraping 4353/6851: https://www.refurbed.de/p/huawei-p9/
2025-09-28 03:45:08,575 - INFO - Scraping 4354/6851: https://www.refurbed.de/p/huawei-pocket-p50/
2025-09-28 03:45:10,636 - INFO - Scraping 4355/6851: https://www.refurbed.de/p/huawei-pura-70-ultra/
2025-09-28 03:45:12,445 - INFO - Scraping 4356/6851: https://www.refurbed.de/p/huawei-pura-70/
2025-09-28 03:45:14,236 - INFO - Scraping 4357/6851: https://www.refurbed.de/p/huawei-smart-mag-keyb-matepadpro/
2025-09-28 03:45:15,905 - INFO - Scraping 4358/6851: https://www.refurbed.de/p/ipad-10-10-9-2022/
2025-09-28 03:45:17,300 - INFO - Scraping 4359/6851: https://www.refurbed.de/p/ipad-11-10-9-2025/
2025-09-28 03:45:18,778 - INFO - Scraping 4360/6851: https://www.refurbed.de/p/ipad-6-2018/
2025-09-28 03:45:20,445 - INFO - Scraping 4361/6851: https://www.refurbed.de/p/ipad-7-10-2/
2025-09-28 03:45:22,207 - INFO - Scraping 4362/6851: https://www.refurbed.de/p/ipad-8-10-2/
2025-09-28 03:45:23,806 - INFO - Scraping 4363/6851: https://www.refurbed.de/p/ipad-9-2021/
2025-09-28 03:45:25,372 - INFO - Scraping 4364/6851: https://www.refurbed.de/p/ipad-air-1/
2025-09-28 03:45:27,086 - INFO - Scraping 4365/6851: https://www.refurbed.de/p/ipad-air-2/
2025-09-28 03:45:28,667 - INFO - Scraping 4366/6851: https://www.refurbed.de/p/ipad-air-3/
2025-09-28 03:45:30,436 - INFO - Scraping 4367/6851: https://www.refurbed.de/p/ipad-air-4/
2025-09-28 03:45:32,176 - INFO - Scraping 4368/6851: https://www.refurbed.de/p/ipad-air-5/
2025-09-28 03:45:33,717 - INFO - Scraping 4369/6851: https://www.refurbed.de/p/ipad-air-6-2024-11/
2025-09-28 03:45:35,497 - INFO - Scraping 4370/6851: https://www.refurbed.de/p/ipad-air-6-2024-13/
2025-09-28 03:45:36,937 - INFO - Scraping 4371/6851: https://www.refurbed.de/p/ipad-air-7-2025-11/
2025-09-28 03:45:38,360 - INFO - Scraping 4372/6851: https://www.refurbed.de/p/ipad-air-7-2025-13/
2025-09-28 03:45:39,785 - INFO - Scraping 4373/6851: https://www.refurbed.de/p/ipad-mini-2/
2025-09-28 03:45:41,677 - INFO - Scraping 4374/6851: https://www.refurbed.de/p/ipad-mini-3/
2025-09-28 03:45:43,500 - INFO - Scraping 4375/6851: https://www.refurbed.de/p/ipad-mini-4/
2025-09-28 03:45:45,395 - INFO - Scraping 4376/6851: https://www.refurbed.de/p/ipad-mini-5/
2025-09-28 03:45:46,970 - INFO - Scraping 4377/6851: https://www.refurbed.de/p/ipad-mini-6/
2025-09-28 03:45:48,607 - INFO - Scraping 4378/6851: https://www.refurbed.de/p/ipad-mini-7/
2025-09-28 03:45:50,201 - INFO - Scraping 4379/6851: https://www.refurbed.de/p/ipad-pro-10-5/
2025-09-28 03:45:51,735 - INFO - Scraping 4380/6851: https://www.refurbed.de/p/ipad-pro-11-0-2018/
2025-09-28 03:45:53,507 - INFO - Scraping 4381/6851: https://www.refurbed.de/p/ipad-pro-11-0-2020/
2025-09-28 03:45:54,887 - INFO - Scraping 4382/6851: https://www.refurbed.de/p/ipad-pro-11-0-2021/
2025-09-28 03:45:56,299 - INFO - Scraping 4383/6851: https://www.refurbed.de/p/ipad-pro-12-9-2017/
2025-09-28 03:45:57,883 - INFO - Scraping 4384/6851: https://www.refurbed.de/p/ipad-pro-12-9-2018/
2025-09-28 03:46:00,022 - INFO - Scraping 4385/6851: https://www.refurbed.de/p/ipad-pro-12-9-2020/
2025-09-28 03:46:01,412 - INFO - Scraping 4386/6851: https://www.refurbed.de/p/ipad-pro-12-9/
2025-09-28 03:46:02,940 - INFO - Scraping 4387/6851: https://www.refurbed.de/p/ipad-pro-4-11-2022/
2025-09-28 03:46:04,356 - INFO - Scraping 4388/6851: https://www.refurbed.de/p/ipad-pro-5-12-9-2021/
2025-09-28 03:46:06,058 - INFO - Scraping 4389/6851: https://www.refurbed.de/p/ipad-pro-5-2024-11/
2025-09-28 03:46:07,706 - INFO - Scraping 4390/6851: https://www.refurbed.de/p/ipad-pro-6-12-9-2022/
2025-09-28 03:46:09,076 - INFO - Scraping 4391/6851: https://www.refurbed.de/p/ipad-pro-7-2024-13/
2025-09-28 03:46:10,745 - INFO - Scraping 4392/6851: https://www.refurbed.de/p/ipad-pro-9-7/
2025-09-28 03:46:12,496 - INFO - Scraping 4393/6851: https://www.refurbed.de/p/iphone-11-pro-max/
2025-09-28 03:46:14,168 - INFO - Scraping 4394/6851: https://www.refurbed.de/p/iphone-11-pro/
2025-09-28 03:46:15,689 - INFO - Scraping 4395/6851: https://www.refurbed.de/p/iphone-11/
2025-09-28 03:46:17,165 - INFO - Scraping 4396/6851: https://www.refurbed.de/p/iphone-12-mini/
2025-09-28 03:46:18,978 - INFO - Scraping 4397/6851: https://www.refurbed.de/p/iphone-12-pro-max/
2025-09-28 03:46:20,618 - INFO - Scraping 4398/6851: https://www.refurbed.de/p/iphone-12-pro/
2025-09-28 03:46:22,113 - INFO - Scraping 4399/6851: https://www.refurbed.de/p/iphone-12/
2025-09-28 03:46:23,570 - INFO - Scraping 4400/6851: https://www.refurbed.de/p/iphone-13-mini/
2025-09-28 03:46:25,227 - INFO - Scraping 4401/6851: https://www.refurbed.de/p/iphone-13-pro-max/
2025-09-28 03:46:26,874 - INFO - Scraping 4402/6851: https://www.refurbed.de/p/iphone-13-pro/
2025-09-28 03:46:28,297 - INFO - Scraping 4403/6851: https://www.refurbed.de/p/iphone-13/
2025-09-28 03:46:29,986 - INFO - Scraping 4404/6851: https://www.refurbed.de/p/iphone-14-plus/
2025-09-28 03:46:31,598 - INFO - Scraping 4405/6851: https://www.refurbed.de/p/iphone-14-pro-max/
2025-09-28 03:46:33,233 - INFO - Scraping 4406/6851: https://www.refurbed.de/p/iphone-14-pro/
2025-09-28 03:46:34,728 - INFO - Scraping 4407/6851: https://www.refurbed.de/p/iphone-14/
2025-09-28 03:46:36,192 - INFO - Scraping 4408/6851: https://www.refurbed.de/p/iphone-15-plus/
2025-09-28 03:46:37,821 - INFO - Scraping 4409/6851: https://www.refurbed.de/p/iphone-15-pro-max/
2025-09-28 03:46:39,620 - INFO - Scraping 4410/6851: https://www.refurbed.de/p/iphone-15-pro/
2025-09-28 03:46:41,170 - INFO - Scraping 4411/6851: https://www.refurbed.de/p/iphone-15/
2025-09-28 03:46:42,667 - INFO - Scraping 4412/6851: https://www.refurbed.de/p/iphone-16-plus/
2025-09-28 03:46:44,140 - INFO - Scraping 4413/6851: https://www.refurbed.de/p/iphone-16-pro-max/
2025-09-28 03:46:45,592 - INFO - Scraping 4414/6851: https://www.refurbed.de/p/iphone-16-pro/
2025-09-28 03:46:47,201 - INFO - Scraping 4415/6851: https://www.refurbed.de/p/iphone-16/
2025-09-28 03:46:48,680 - INFO - Scraping 4416/6851: https://www.refurbed.de/p/iphone-16e/
2025-09-28 03:46:50,113 - INFO - Scraping 4417/6851: https://www.refurbed.de/p/iphone-6s-plus/
2025-09-28 03:46:51,716 - INFO - Scraping 4418/6851: https://www.refurbed.de/p/iphone-6s/
2025-09-28 03:46:53,492 - INFO - Scraping 4419/6851: https://www.refurbed.de/p/iphone-7-plus/
2025-09-28 03:46:55,210 - INFO - Scraping 4420/6851: https://www.refurbed.de/p/iphone-7/
2025-09-28 03:46:56,631 - INFO - Scraping 4421/6851: https://www.refurbed.de/p/iphone-se-2020/
2025-09-28 03:46:58,371 - INFO - Scraping 4422/6851: https://www.refurbed.de/p/iphone-se-2022/
2025-09-28 03:46:59,810 - INFO - Scraping 4423/6851: https://www.refurbed.de/p/iphone-se/
2025-09-28 03:47:01,266 - INFO - Scraping 4424/6851: https://www.refurbed.de/p/iphone-x/
2025-09-28 03:47:02,987 - INFO - Scraping 4425/6851: https://www.refurbed.de/p/iphone-xr/
2025-09-28 03:47:04,440 - INFO - Scraping 4426/6851: https://www.refurbed.de/p/iphone-xs-max/
2025-09-28 03:47:06,024 - INFO - Scraping 4427/6851: https://www.refurbed.de/p/iphone-xs/
2025-09-28 03:47:07,725 - INFO - Scraping 4428/6851: https://www.refurbed.de/p/kaercher-k-5-premi-pwr-ctrl-home/
2025-09-28 03:47:09,230 - INFO - Scraping 4429/6851: https://www.refurbed.de/p/krups-hp-5031-prep-cook/
2025-09-28 03:47:10,836 - INFO - Scraping 4430/6851: https://www.refurbed.de/p/laptop-sleeve/
2025-09-28 03:47:12,536 - INFO - Scraping 4431/6851: https://www.refurbed.de/p/lenovo--chromebook-11e-n3150/
2025-09-28 03:47:14,101 - INFO - Scraping 4432/6851: https://www.refurbed.de/p/lenovo-10e-chromebook-tablet/
2025-09-28 03:47:15,619 - INFO - Scraping 4433/6851: https://www.refurbed.de/p/lenovo-chromebook-100e-n4020/
2025-09-28 03:47:17,166 - INFO - Scraping 4434/6851: https://www.refurbed.de/p/lenovo-chromebook-100e-n4500/
2025-09-28 03:47:18,722 - INFO - Scraping 4435/6851: https://www.refurbed.de/p/lenovo-chromebook-300e-mt8173c/
2025-09-28 03:47:20,603 - INFO - Scraping 4436/6851: https://www.refurbed.de/p/lenovo-chromebook-300e-n4000/
2025-09-28 03:47:22,368 - INFO - Scraping 4437/6851: https://www.refurbed.de/p/lenovo-chromebook-300e-n4100/
2025-09-28 03:47:23,813 - INFO - Scraping 4438/6851: https://www.refurbed.de/p/lenovo-chromebook-500e-g2-n4120/
2025-09-28 03:47:25,420 - INFO - Scraping 4439/6851: https://www.refurbed.de/p/lenovo-ideapad-110-15isk-6200u/
2025-09-28 03:47:25,698 - ERROR - Error fetching https://www.refurbed.de/p/lenovo-ideapad-110-15isk-6200u/: 404 Client Error: Not Found for url: https://www.refurbed.de/p/lenovo-ideapad-110-15isk-6200u/
2025-09-28 03:47:26,700 - INFO - Scraping 4440/6851: https://www.refurbed.de/p/lenovo-ideapad-3-15aba7-5625u/
2025-09-28 03:47:28,724 - INFO - Scraping 4441/6851: https://www.refurbed.de/p/lenovo-ideapad-3-15ada05-3700u/
2025-09-28 03:47:29,178 - ERROR - Error fetching https://www.refurbed.de/p/lenovo-ideapad-3-15ada05-3700u/: 404 Client Error: Not Found for url: https://www.refurbed.de/p/lenovo-ideapad-3-15ada05-3700u/
2025-09-28 03:47:30,180 - INFO - Scraping 4442/6851: https://www.refurbed.de/p/lenovo-ideapad-3-15iil05-1005g1/
2025-09-28 03:47:31,613 - INFO - Scraping 4443/6851: https://www.refurbed.de/p/lenovo-ideapad-3-15iml05-6405u/
2025-09-28 03:47:33,134 - INFO - Scraping 4444/6851: https://www.refurbed.de/p/lenovo-ideapad-3-15iml05-n4020/
2025-09-28 03:47:34,637 - INFO - Scraping 4445/6851: https://www.refurbed.de/p/lenovo-ideapad-3-15itl05-1115g4/
2025-09-28 03:47:36,119 - INFO - Scraping 4446/6851: https://www.refurbed.de/p/lenovo-ideapad-3-17itl6-1115g4/
2025-09-28 03:47:37,830 - INFO - Scraping 4447/6851: https://www.refurbed.de/p/lenovo-ideapad-3-6305/
2025-09-28 03:47:39,364 - INFO - Scraping 4448/6851: https://www.refurbed.de/p/lenovo-ideapad-3-8505/
2025-09-28 03:47:41,428 - INFO - Scraping 4449/6851: https://www.refurbed.de/p/lenovo-ideapad-320-15ikb-i5-7200/
2025-09-28 03:47:41,748 - ERROR - Error fetching https://www.refurbed.de/p/lenovo-ideapad-320-15ikb-i5-7200/: 404 Client Error: Not Found for url: https://www.refurbed.de/p/lenovo-ideapad-320-15ikb-i5-7200/
2025-09-28 03:47:42,750 - INFO - Scraping 4450/6851: https://www.refurbed.de/p/lenovo-ideapad-320-15ikb-i5-8250/
2025-09-28 03:47:44,423 - INFO - Scraping 4451/6851: https://www.refurbed.de/p/lenovo-ideapad-320-17abr-a12-972/
2025-09-28 03:47:44,690 - ERROR - Error fetching https://www.refurbed.de/p/lenovo-ideapad-320-17abr-a12-972/: 404 Client Error: Not Found for url: https://www.refurbed.de/p/lenovo-ideapad-320-17abr-a12-972/
2025-09-28 03:47:45,693 - INFO - Scraping 4452/6851: https://www.refurbed.de/p/lenovo-ideapad-320-a9-9420/
2025-09-28 03:47:45,984 - ERROR - Error fetching https://www.refurbed.de/p/lenovo-ideapad-320-a9-9420/: 404 Client Error: Not Found for url: https://www.refurbed.de/p/lenovo-ideapad-320-a9-9420/
2025-09-28 03:47:46,986 - INFO - Scraping 4453/6851: https://www.refurbed.de/p/lenovo-ideapad-320s-13ikb-i5-825/
2025-09-28 03:47:48,401 - INFO - Scraping 4454/6851: https://www.refurbed.de/p/lenovo-ideapad-330s-14ikb-8130/
2025-09-28 03:47:49,851 - INFO - Scraping 4455/6851: https://www.refurbed.de/p/lenovo-ideapad-4g-lte-sc8180x/
2025-09-28 03:47:50,538 - ERROR - Error fetching https://www.refurbed.de/p/lenovo-ideapad-4g-lte-sc8180x/: 404 Client Error: Not Found for url: https://www.refurbed.de/p/lenovo-ideapad-4g-lte-sc8180x/
2025-09-28 03:47:51,540 - INFO - Scraping 4456/6851: https://www.refurbed.de/p/lenovo-ideapad-5-14alc05-5500u/
2025-09-28 03:47:53,074 - INFO - Scraping 4457/6851: https://www.refurbed.de/p/lenovo-ideapad-5-cb-14itl6/
2025-09-28 03:47:54,632 - INFO - Scraping 4458/6851: https://www.refurbed.de/p/lenovo-ideapad-5-pro-1165g7-14/
2025-09-28 03:47:56,156 - INFO - Scraping 4459/6851: https://www.refurbed.de/p/lenovo-ideapad-5-pro-5800h/
2025-09-28 03:47:57,867 - INFO - Scraping 4460/6851: https://www.refurbed.de/p/lenovo-ideapad-5-pro-r7-5800u-14/
2025-09-28 03:47:59,382 - INFO - Scraping 4461/6851: https://www.refurbed.de/p/lenovo-ideapad-520s-14ikb-i5-720/
2025-09-28 03:47:59,674 - ERROR - Error fetching https://www.refurbed.de/p/lenovo-ideapad-520s-14ikb-i5-720/: 404 Client Error: Not Found for url: https://www.refurbed.de/p/lenovo-ideapad-520s-14ikb-i5-720/
2025-09-28 03:48:00,676 - INFO - Scraping 4462/6851: https://www.refurbed.de/p/lenovo-ideapad-5g-8cx/
2025-09-28 03:48:02,119 - INFO - Scraping 4463/6851: https://www.refurbed.de/p/lenovo-ideapad-5g-sc8180xp/
2025-09-28 03:48:02,464 - ERROR - Error fetching https://www.refurbed.de/p/lenovo-ideapad-5g-sc8180xp/: 404 Client Error: Not Found for url: https://www.refurbed.de/p/lenovo-ideapad-5g-sc8180xp/
2025-09-28 03:48:03,466 - INFO - Scraping 4464/6851: https://www.refurbed.de/p/lenovo-ideapad-710s-13isk-i7-656/
2025-09-28 03:48:03,894 - ERROR - Error fetching https://www.refurbed.de/p/lenovo-ideapad-710s-13isk-i7-656/: 404 Client Error: Not Found for url: https://www.refurbed.de/p/lenovo-ideapad-710s-13isk-i7-656/
2025-09-28 03:48:04,896 - INFO - Scraping 4465/6851: https://www.refurbed.de/p/lenovo-ideapad-c340-14api-ryz32u/
2025-09-28 03:48:06,487 - INFO - Scraping 4466/6851: https://www.refurbed.de/p/lenovo-ideapad-flex-15-4200u/
2025-09-28 03:48:06,873 - ERROR - Error fetching https://www.refurbed.de/p/lenovo-ideapad-flex-15-4200u/: 404 Client Error: Not Found for url: https://www.refurbed.de/p/lenovo-ideapad-flex-15-4200u/
2025-09-28 03:48:07,875 - INFO - Scraping 4467/6851: https://www.refurbed.de/p/lenovo-ideapad-flex-3-4300u/
2025-09-28 03:48:09,636 - INFO - Scraping 4468/6851: https://www.refurbed.de/p/lenovo-ideapad-flex-5-14alc05/
2025-09-28 03:48:11,234 - INFO - Scraping 4469/6851: https://www.refurbed.de/p/lenovo-ideapad-flex-5-14alc07/
2025-09-28 03:48:12,834 - INFO - Scraping 4470/6851: https://www.refurbed.de/p/lenovo-ideapad-flex-5-14itl05/
2025-09-28 03:48:14,262 - INFO - Scraping 4471/6851: https://www.refurbed.de/p/lenovo-ideapad-flex-5-5500u/
2025-09-28 03:48:15,751 - INFO - Scraping 4472/6851: https://www.refurbed.de/p/lenovo-ideapad-flex-5-ryzen-14/
2025-09-28 03:48:17,230 - INFO - Scraping 4473/6851: https://www.refurbed.de/p/lenovo-ideapad-miix-320-10icr/
2025-09-28 03:48:17,530 - ERROR - Error fetching https://www.refurbed.de/p/lenovo-ideapad-miix-320-10icr/: 404 Client Error: Not Found for url: https://www.refurbed.de/p/lenovo-ideapad-miix-320-10icr/
2025-09-28 03:48:18,533 - INFO - Scraping 4474/6851: https://www.refurbed.de/p/lenovo-ideapad-miix-510-12ikb-6u/
2025-09-28 03:48:18,857 - ERROR - Error fetching https://www.refurbed.de/p/lenovo-ideapad-miix-510-12ikb-6u/: 404 Client Error: Not Found for url: https://www.refurbed.de/p/lenovo-ideapad-miix-510-12ikb-6u/
2025-09-28 03:48:19,859 - INFO - Scraping 4475/6851: https://www.refurbed.de/p/lenovo-ideapad-miix-510-12ikb/
2025-09-28 03:48:20,120 - ERROR - Error fetching https://www.refurbed.de/p/lenovo-ideapad-miix-510-12ikb/: 404 Client Error: Not Found for url: https://www.refurbed.de/p/lenovo-ideapad-miix-510-12ikb/
2025-09-28 03:48:21,123 - INFO - Scraping 4476/6851: https://www.refurbed.de/p/lenovo-ideapad-miix-510-12isk/
2025-09-28 03:48:21,572 - ERROR - Error fetching https://www.refurbed.de/p/lenovo-ideapad-miix-510-12isk/: 404 Client Error: Not Found for url: https://www.refurbed.de/p/lenovo-ideapad-miix-510-12isk/
2025-09-28 03:48:22,574 - INFO - Scraping 4477/6851: https://www.refurbed.de/p/lenovo-ideapad-miix-520-12ikb/
2025-09-28 03:48:24,048 - INFO - Scraping 4478/6851: https://www.refurbed.de/p/lenovo-ideapad-miix-520-8350u-/
2025-09-28 03:48:24,532 - ERROR - Error fetching https://www.refurbed.de/p/lenovo-ideapad-miix-520-8350u-/: 404 Client Error: Not Found for url: https://www.refurbed.de/p/lenovo-ideapad-miix-520-8350u-/
2025-09-28 03:48:25,535 - INFO - Scraping 4479/6851: https://www.refurbed.de/p/lenovo-ideapad-s130-14igm-n5000-/
2025-09-28 03:48:26,996 - INFO - Scraping 4480/6851: https://www.refurbed.de/p/lenovo-ideapad-s340-14iwl-5405u/
2025-09-28 03:48:28,613 - INFO - Scraping 4481/6851: https://www.refurbed.de/p/lenovo-ideapad-s340-14iwl-8265u/
2025-09-28 03:48:30,407 - INFO - Scraping 4482/6851: https://www.refurbed.de/p/lenovo-ideapad-s340-15iwl-8265u/
2025-09-28 03:48:31,904 - INFO - Scraping 4483/6851: https://www.refurbed.de/p/lenovo-ideapad-v110-15-6006u/
2025-09-28 03:48:32,504 - ERROR - Error fetching https://www.refurbed.de/p/lenovo-ideapad-v110-15-6006u/: 404 Client Error: Not Found for url: https://www.refurbed.de/p/lenovo-ideapad-v110-15-6006u/
2025-09-28 03:48:33,507 - INFO - Scraping 4484/6851: https://www.refurbed.de/p/lenovo-ideapad-v110-15-7200u/
2025-09-28 03:48:33,807 - ERROR - Error fetching https://www.refurbed.de/p/lenovo-ideapad-v110-15-7200u/: 404 Client Error: Not Found for url: https://www.refurbed.de/p/lenovo-ideapad-v110-15-7200u/
2025-09-28 03:48:34,809 - INFO - Scraping 4485/6851: https://www.refurbed.de/p/lenovo-ideapad-v110-17-7200u/
2025-09-28 03:48:35,456 - ERROR - Error fetching https://www.refurbed.de/p/lenovo-ideapad-v110-17-7200u/: 404 Client Error: Not Found for url: https://www.refurbed.de/p/lenovo-ideapad-v110-17-7200u/
2025-09-28 03:48:36,459 - INFO - Scraping 4486/6851: https://www.refurbed.de/p/lenovo-ideapad-y91017isk-i7/
2025-09-28 03:48:36,740 - ERROR - Error fetching https://www.refurbed.de/p/lenovo-ideapad-y91017isk-i7/: 404 Client Error: Not Found for url: https://www.refurbed.de/p/lenovo-ideapad-y91017isk-i7/
2025-09-28 03:48:37,742 - INFO - Scraping 4487/6851: https://www.refurbed.de/p/lenovo-legion-5-15ach6a-5-5600h/
2025-09-28 03:48:39,239 - INFO - Scraping 4488/6851: https://www.refurbed.de/p/lenovo-legion-5-15ach6h-5-5600h/
2025-09-28 03:48:40,683 - INFO - Scraping 4489/6851: https://www.refurbed.de/p/lenovo-legion-5-15ith6h-12700h/
2025-09-28 03:48:42,158 - INFO - Scraping 4490/6851: https://www.refurbed.de/p/lenovo-legion-5-17ach6-5800h/
2025-09-28 03:48:43,731 - INFO - Scraping 4491/6851: https://www.refurbed.de/p/lenovo-legion-5-17ith6h-11400h/
2025-09-28 03:48:45,215 - INFO - Scraping 4492/6851: https://www.refurbed.de/p/lenovo-legion-5-i5-10300h/
2025-09-28 03:48:46,982 - INFO - Scraping 4493/6851: https://www.refurbed.de/p/lenovo-legion-5-pro-16ach6h-5800/
2025-09-28 03:48:48,434 - INFO - Scraping 4494/6851: https://www.refurbed.de/p/lenovo-legion-5-pro-i7-11800h/
2025-09-28 03:48:49,901 - INFO - Scraping 4495/6851: https://www.refurbed.de/p/lenovo-legion-go-8apu1-ryzen-z1/
2025-09-28 03:48:51,457 - INFO - Scraping 4496/6851: https://www.refurbed.de/p/lenovo-legion-t5-26iob6/
2025-09-28 03:48:52,898 - INFO - Scraping 4497/6851: https://www.refurbed.de/p/lenovo-legion-t5-26irb8/
2025-09-28 03:48:54,336 - INFO - Scraping 4498/6851: https://www.refurbed.de/p/lenovo-legion-y32p-30/
2025-09-28 03:48:55,999 - INFO - Scraping 4499/6851: https://www.refurbed.de/p/lenovo-legion-y530-15ich-8750/
2025-09-28 03:48:57,479 - INFO - Scraping 4500/6851: https://www.refurbed.de/p/lenovo-legion-y540-15irh-9300hf/
2025-09-28 03:48:59,266 - INFO - Scraping 4501/6851: https://www.refurbed.de/p/lenovo-legion-y540-17irh-9300h/
2025-09-28 03:49:00,991 - INFO - Scraping 4502/6851: https://www.refurbed.de/p/lenovo-legion-y720-15ikb-i5-7300/
2025-09-28 03:49:01,407 - ERROR - Error fetching https://www.refurbed.de/p/lenovo-legion-y720-15ikb-i5-7300/: 404 Client Error: Not Found for url: https://www.refurbed.de/p/lenovo-legion-y720-15ikb-i5-7300/
2025-09-28 03:49:02,409 - INFO - Scraping 4503/6851: https://www.refurbed.de/p/lenovo-legion-y740-15ichg-8750h/
2025-09-28 03:49:03,853 - INFO - Scraping 4504/6851: https://www.refurbed.de/p/lenovo-matepad-10-4/
2025-09-28 03:49:05,513 - INFO - Scraping 4505/6851: https://www.refurbed.de/p/lenovo-matepad-2022-10-4/
2025-09-28 03:49:07,116 - INFO - Scraping 4506/6851: https://www.refurbed.de/p/lenovo-n23-yoga-chrmbk-a53/
2025-09-28 03:49:08,554 - INFO - Scraping 4507/6851: https://www.refurbed.de/p/lenovo-n23-yoga-chrmbk-mt8173c/
2025-09-28 03:49:09,981 - INFO - Scraping 4508/6851: https://www.refurbed.de/p/lenovo-smart-tab-m10-g2/
2025-09-28 03:49:11,407 - INFO - Scraping 4509/6851: https://www.refurbed.de/p/lenovo-smart-tab-m10-gen2/
2025-09-28 03:49:12,979 - INFO - Scraping 4510/6851: https://www.refurbed.de/p/lenovo-smart-tab-m10-plus/
2025-09-28 03:49:14,715 - INFO - Scraping 4511/6851: https://www.refurbed.de/p/lenovo-smart-tab-m10/
2025-09-28 03:49:16,463 - INFO - Scraping 4512/6851: https://www.refurbed.de/p/lenovo-smart-tab-m8-google/
2025-09-28 03:49:18,204 - INFO - Scraping 4513/6851: https://www.refurbed.de/p/lenovo-smart-tab-p10/
2025-09-28 03:49:19,905 - INFO - Scraping 4514/6851: https://www.refurbed.de/p/lenovo-smart-tab-yt-x705l/
2025-09-28 03:49:21,444 - INFO - Scraping 4515/6851: https://www.refurbed.de/p/lenovo-tab-10-tb-x103f/
2025-09-28 03:49:23,170 - INFO - Scraping 4516/6851: https://www.refurbed.de/p/lenovo-tab-4-8/
2025-09-28 03:49:24,656 - INFO - Scraping 4517/6851: https://www.refurbed.de/p/lenovo-tab-e7-tb-7104f/
2025-09-28 03:49:26,221 - INFO - Scraping 4518/6851: https://www.refurbed.de/p/lenovo-tab-m10-5g-tb360zu/
2025-09-28 03:49:27,830 - INFO - Scraping 4519/6851: https://www.refurbed.de/p/lenovo-tab-m10-hd-tb-x306x/
2025-09-28 03:49:29,276 - INFO - Scraping 4520/6851: https://www.refurbed.de/p/lenovo-tab-m10-plus-gen3-10-6/
2025-09-28 03:49:30,884 - INFO - Scraping 4521/6851: https://www.refurbed.de/p/lenovo-tab-m10-plus-gen3-wifi/
2025-09-28 03:49:32,291 - INFO - Scraping 4522/6851: https://www.refurbed.de/p/lenovo-tab-m10-plus-tb-x606f/
2025-09-28 03:49:33,854 - INFO - Scraping 4523/6851: https://www.refurbed.de/p/lenovo-tab-m10-plus-tb-x606x/
2025-09-28 03:49:35,290 - INFO - Scraping 4524/6851: https://www.refurbed.de/p/lenovo-tab-m10-tb-x505f/
2025-09-28 03:49:36,876 - INFO - Scraping 4525/6851: https://www.refurbed.de/p/lenovo-tab-m10-tb-x505l/
2025-09-28 03:49:38,401 - INFO - Scraping 4526/6851: https://www.refurbed.de/p/lenovo-tab-m10-tb-x605f/
2025-09-28 03:49:40,007 - INFO - Scraping 4527/6851: https://www.refurbed.de/p/lenovo-tab-m10-tb-x605l-10-1/
2025-09-28 03:49:41,558 - INFO - Scraping 4528/6851: https://www.refurbed.de/p/lenovo-tab-m10-tb328fu/
2025-09-28 03:49:42,999 - INFO - Scraping 4529/6851: https://www.refurbed.de/p/lenovo-tab-m10-tb328xu/
2025-09-28 03:49:44,524 - INFO - Scraping 4530/6851: https://www.refurbed.de/p/lenovo-tab-m11-tb330fu/
2025-09-28 03:49:46,282 - INFO - Scraping 4531/6851: https://www.refurbed.de/p/lenovo-tab-m7-g2/
2025-09-28 03:49:47,709 - INFO - Scraping 4532/6851: https://www.refurbed.de/p/lenovo-tab-m8-fhd/
2025-09-28 03:49:49,742 - INFO - Scraping 4533/6851: https://www.refurbed.de/p/lenovo-tab-m8-g3/
2025-09-28 03:49:51,178 - INFO - Scraping 4534/6851: https://www.refurbed.de/p/lenovo-tab-m8-g4/
2025-09-28 03:49:52,643 - INFO - Scraping 4535/6851: https://www.refurbed.de/p/lenovo-tab-m8-hd/
2025-09-28 03:49:54,228 - INFO - Scraping 4536/6851: https://www.refurbed.de/p/lenovo-tab-m8/
2025-09-28 03:49:55,788 - INFO - Scraping 4537/6851: https://www.refurbed.de/p/lenovo-tab-p11-11/
2025-09-28 03:49:57,355 - INFO - Scraping 4538/6851: https://www.refurbed.de/p/lenovo-tab-p11-5g-11/
2025-09-28 03:49:58,763 - INFO - Scraping 4539/6851: https://www.refurbed.de/p/lenovo-tab-p11-g2-tb350xu/
2025-09-28 03:50:00,194 - INFO - Scraping 4540/6851: https://www.refurbed.de/p/lenovo-tab-p11-g2/
2025-09-28 03:50:01,723 - INFO - Scraping 4541/6851: https://www.refurbed.de/p/lenovo-tab-p11-plus/
2025-09-28 03:50:03,343 - INFO - Scraping 4542/6851: https://www.refurbed.de/p/lenovo-tab-p11-pro-g2-tb132fu/
2025-09-28 03:50:04,831 - INFO - Scraping 4543/6851: https://www.refurbed.de/p/lenovo-tab-p12-pro-12/
2025-09-28 03:50:06,431 - INFO - Scraping 4544/6851: https://www.refurbed.de/p/lenovo-tab-p12/
2025-09-28 03:50:08,159 - INFO - Scraping 4545/6851: https://www.refurbed.de/p/lenovo-tab-tb311xu/
2025-09-28 03:50:09,821 - INFO - Scraping 4546/6851: https://www.refurbed.de/p/lenovo-tab2-a10-30l/
2025-09-28 03:50:11,619 - INFO - Scraping 4547/6851: https://www.refurbed.de/p/lenovo-tab3-8/
2025-09-28 03:50:13,184 - INFO - Scraping 4548/6851: https://www.refurbed.de/p/lenovo-tablet-10-n4100/
2025-09-28 03:50:13,522 - ERROR - Error fetching https://www.refurbed.de/p/lenovo-tablet-10-n4100/: 404 Client Error: Not Found for url: https://www.refurbed.de/p/lenovo-tablet-10-n4100/
2025-09-28 03:50:14,524 - INFO - Scraping 4549/6851: https://www.refurbed.de/p/lenovo-thinkbook-14s-yoga1135g7/
2025-09-28 03:50:16,128 - INFO - Scraping 4550/6851: https://www.refurbed.de/p/lenovo-thinkbook-14s-yoga1165g7/
2025-09-28 03:50:17,549 - INFO - Scraping 4551/6851: https://www.refurbed.de/p/lenovo-thinkpad-10-gen2/
2025-09-28 03:50:17,899 - ERROR - Error fetching https://www.refurbed.de/p/lenovo-thinkpad-10-gen2/: 404 Client Error: Not Found for url: https://www.refurbed.de/p/lenovo-thinkpad-10-gen2/
2025-09-28 03:50:18,902 - INFO - Scraping 4552/6851: https://www.refurbed.de/p/lenovo-thinkpad-10/
2025-09-28 03:50:19,226 - ERROR - Error fetching https://www.refurbed.de/p/lenovo-thinkpad-10/: 404 Client Error: Not Found for url: https://www.refurbed.de/p/lenovo-thinkpad-10/
2025-09-28 03:50:20,228 - INFO - Scraping 4553/6851: https://www.refurbed.de/p/lenovo-thinkpad-13-g2-7100u/
2025-09-28 03:50:20,550 - ERROR - Error fetching https://www.refurbed.de/p/lenovo-thinkpad-13-g2-7100u/: 404 Client Error: Not Found for url: https://www.refurbed.de/p/lenovo-thinkpad-13-g2-7100u/
2025-09-28 03:50:21,552 - INFO - Scraping 4554/6851: https://www.refurbed.de/p/lenovo-thinkpad-13-g2-i5-7200/
2025-09-28 03:50:21,806 - ERROR - Error fetching https://www.refurbed.de/p/lenovo-thinkpad-13-g2-i5-7200/: 404 Client Error: Not Found for url: https://www.refurbed.de/p/lenovo-thinkpad-13-g2-i5-7200/
2025-09-28 03:50:22,808 - INFO - Scraping 4555/6851: https://www.refurbed.de/p/lenovo-thinkpad-13-g2-i5-7300/
2025-09-28 03:50:23,110 - ERROR - Error fetching https://www.refurbed.de/p/lenovo-thinkpad-13-g2-i5-7300/: 404 Client Error: Not Found for url: https://www.refurbed.de/p/lenovo-thinkpad-13-g2-i5-7300/
2025-09-28 03:50:24,112 - INFO - Scraping 4556/6851: https://www.refurbed.de/p/lenovo-thinkpad-13-i5-6200u/
2025-09-28 03:50:24,414 - ERROR - Error fetching https://www.refurbed.de/p/lenovo-thinkpad-13-i5-6200u/: 404 Client Error: Not Found for url: https://www.refurbed.de/p/lenovo-thinkpad-13-i5-6200u/
2025-09-28 03:50:25,416 - INFO - Scraping 4557/6851: https://www.refurbed.de/p/lenovo-thinkpad-370-i5-7200u/
2025-09-28 03:50:25,697 - ERROR - Error fetching https://www.refurbed.de/p/lenovo-thinkpad-370-i5-7200u/: 404 Client Error: Not Found for url: https://www.refurbed.de/p/lenovo-thinkpad-370-i5-7200u/
2025-09-28 03:50:26,699 - INFO - Scraping 4558/6851: https://www.refurbed.de/p/lenovo-thinkpad-a275-8800b/
2025-09-28 03:50:27,051 - ERROR - Error fetching https://www.refurbed.de/p/lenovo-thinkpad-a275-8800b/: 404 Client Error: Not Found for url: https://www.refurbed.de/p/lenovo-thinkpad-a275-8800b/
2025-09-28 03:50:28,053 - INFO - Scraping 4559/6851: https://www.refurbed.de/p/lenovo-thinkpad-a275-8830b/
2025-09-28 03:50:28,633 - ERROR - Error fetching https://www.refurbed.de/p/lenovo-thinkpad-a275-8830b/: 404 Client Error: Not Found for url: https://www.refurbed.de/p/lenovo-thinkpad-a275-8830b/
2025-09-28 03:50:29,636 - INFO - Scraping 4560/6851: https://www.refurbed.de/p/lenovo-thinkpad-a275-9700b/
2025-09-28 03:50:30,010 - ERROR - Error fetching https://www.refurbed.de/p/lenovo-thinkpad-a275-9700b/: 404 Client Error: Not Found for url: https://www.refurbed.de/p/lenovo-thinkpad-a275-9700b/
2025-09-28 03:50:31,013 - INFO - Scraping 4561/6851: https://www.refurbed.de/p/lenovo-thinkpad-a285-3-pro-2300u/
2025-09-28 03:50:31,334 - ERROR - Error fetching https://www.refurbed.de/p/lenovo-thinkpad-a285-3-pro-2300u/: 404 Client Error: Not Found for url: https://www.refurbed.de/p/lenovo-thinkpad-a285-3-pro-2300u/
2025-09-28 03:50:32,336 - INFO - Scraping 4562/6851: https://www.refurbed.de/p/lenovo-thinkpad-a285-5-pro-2500u/
2025-09-28 03:50:32,598 - ERROR - Error fetching https://www.refurbed.de/p/lenovo-thinkpad-a285-5-pro-2500u/: 404 Client Error: Not Found for url: https://www.refurbed.de/p/lenovo-thinkpad-a285-5-pro-2500u/
2025-09-28 03:50:33,600 - INFO - Scraping 4563/6851: https://www.refurbed.de/p/lenovo-thinkpad-a475-9800b/
2025-09-28 03:50:33,925 - ERROR - Error fetching https://www.refurbed.de/p/lenovo-thinkpad-a475-9800b/: 404 Client Error: Not Found for url: https://www.refurbed.de/p/lenovo-thinkpad-a475-9800b/
2025-09-28 03:50:34,927 - INFO - Scraping 4564/6851: https://www.refurbed.de/p/lenovo-thinkpad-a485-3pro-2300u/
2025-09-28 03:50:35,226 - ERROR - Error fetching https://www.refurbed.de/p/lenovo-thinkpad-a485-3pro-2300u/: 404 Client Error: Not Found for url: https://www.refurbed.de/p/lenovo-thinkpad-a485-3pro-2300u/
2025-09-28 03:50:36,228 - INFO - Scraping 4565/6851: https://www.refurbed.de/p/lenovo-thinkpad-a485-5-pro-2500u/
2025-09-28 03:50:36,832 - ERROR - Error fetching https://www.refurbed.de/p/lenovo-thinkpad-a485-5-pro-2500u/: 404 Client Error: Not Found for url: https://www.refurbed.de/p/lenovo-thinkpad-a485-5-pro-2500u/
2025-09-28 03:50:37,834 - INFO - Scraping 4566/6851: https://www.refurbed.de/p/lenovo-thinkpad-a485-7-pro-2700u/
2025-09-28 03:50:38,099 - ERROR - Error fetching https://www.refurbed.de/p/lenovo-thinkpad-a485-7-pro-2700u/: 404 Client Error: Not Found for url: https://www.refurbed.de/p/lenovo-thinkpad-a485-7-pro-2700u/
2025-09-28 03:50:39,101 - INFO - Scraping 4567/6851: https://www.refurbed.de/p/lenovo-thinkpad-dock-40a5/
2025-09-28 03:50:40,843 - INFO - Scraping 4568/6851: https://www.refurbed.de/p/lenovo-thinkpad-e14-g2-1115g4/
2025-09-28 03:50:42,635 - INFO - Scraping 4569/6851: https://www.refurbed.de/p/lenovo-thinkpad-e14-g2-4500u/
2025-09-28 03:50:44,347 - INFO - Scraping 4570/6851: https://www.refurbed.de/p/lenovo-thinkpad-e14-g2-4650u/
2025-09-28 03:50:45,778 - INFO - Scraping 4571/6851: https://www.refurbed.de/p/lenovo-thinkpad-e14-g2-i5-1135g7/
2025-09-28 03:50:47,555 - INFO - Scraping 4572/6851: https://www.refurbed.de/p/lenovo-thinkpad-e14-g2-i7-1165g7/
2025-09-28 03:50:48,992 - INFO - Scraping 4573/6851: https://www.refurbed.de/p/lenovo-thinkpad-e14-g3-3-5300u/
2025-09-28 03:50:50,575 - INFO - Scraping 4574/6851: https://www.refurbed.de/p/lenovo-thinkpad-e14-g3-5-5500u/
2025-09-28 03:50:52,141 - INFO - Scraping 4575/6851: https://www.refurbed.de/p/lenovo-thinkpad-e14-g3-75700u/
2025-09-28 03:50:53,715 - INFO - Scraping 4576/6851: https://www.refurbed.de/p/lenovo-thinkpad-e14-g4-5-5625u/
2025-09-28 03:50:55,424 - INFO - Scraping 4577/6851: https://www.refurbed.de/p/lenovo-thinkpad-e14-g4-i5-1235u/
2025-09-28 03:50:56,919 - INFO - Scraping 4578/6851: https://www.refurbed.de/p/lenovo-thinkpad-e14-g5-3-7330u/
2025-09-28 03:50:58,551 - INFO - Scraping 4579/6851: https://www.refurbed.de/p/lenovo-thinkpad-e14-i3-10110u/
2025-09-28 03:51:00,667 - INFO - Scraping 4580/6851: https://www.refurbed.de/p/lenovo-thinkpad-e14-i5-10210u/
2025-09-28 03:51:02,432 - INFO - Scraping 4581/6851: https://www.refurbed.de/p/lenovo-thinkpad-e14-i7-10510u/
2025-09-28 03:51:03,967 - INFO - Scraping 4582/6851: https://www.refurbed.de/p/lenovo-thinkpad-e15-10210u/
2025-09-28 03:51:05,551 - INFO - Scraping 4583/6851: https://www.refurbed.de/p/lenovo-thinkpad-e15-g2-1135g7/
2025-09-28 03:51:07,300 - INFO - Scraping 4584/6851: https://www.refurbed.de/p/lenovo-thinkpad-e15-g2-1165g7/
2025-09-28 03:51:08,734 - INFO - Scraping 4585/6851: https://www.refurbed.de/p/lenovo-thinkpad-e15-g2-54500u/
2025-09-28 03:51:10,647 - INFO - Scraping 4586/6851: https://www.refurbed.de/p/lenovo-thinkpad-e15-g3-5-5500u/
2025-09-28 03:51:12,174 - INFO - Scraping 4587/6851: https://www.refurbed.de/p/lenovo-thinkpad-e15-g3-7-5700u/
2025-09-28 03:51:13,592 - INFO - Scraping 4588/6851: https://www.refurbed.de/p/lenovo-thinkpad-e15-g4-i5-1235/
2025-09-28 03:51:15,344 - INFO - Scraping 4589/6851: https://www.refurbed.de/p/lenovo-thinkpad-e15-g4-i7-1255u/
2025-09-28 03:51:16,779 - INFO - Scraping 4590/6851: https://www.refurbed.de/p/lenovo-thinkpad-e15-i7-10510u/
2025-09-28 03:51:18,350 - INFO - Scraping 4591/6851: https://www.refurbed.de/p/lenovo-thinkpad-e460-i5-6200u/
2025-09-28 03:51:18,632 - ERROR - Error fetching https://www.refurbed.de/p/lenovo-thinkpad-e460-i5-6200u/: 404 Client Error: Not Found for url: https://www.refurbed.de/p/lenovo-thinkpad-e460-i5-6200u/
2025-09-28 03:51:19,634 - INFO - Scraping 4592/6851: https://www.refurbed.de/p/lenovo-thinkpad-e470-i3-7100u/
2025-09-28 03:51:19,907 - ERROR - Error fetching https://www.refurbed.de/p/lenovo-thinkpad-e470-i3-7100u/: 404 Client Error: Not Found for url: https://www.refurbed.de/p/lenovo-thinkpad-e470-i3-7100u/
2025-09-28 03:51:20,909 - INFO - Scraping 4593/6851: https://www.refurbed.de/p/lenovo-thinkpad-e480-i5-8250u-14/
2025-09-28 03:51:22,388 - INFO - Scraping 4594/6851: https://www.refurbed.de/p/lenovo-thinkpad-e480-i78550u-14/
2025-09-28 03:51:22,665 - ERROR - Error fetching https://www.refurbed.de/p/lenovo-thinkpad-e480-i78550u-14/: 404 Client Error: Not Found for url: https://www.refurbed.de/p/lenovo-thinkpad-e480-i78550u-14/
2025-09-28 03:51:23,667 - INFO - Scraping 4595/6851: https://www.refurbed.de/p/lenovo-thinkpad-e490-8145u-14/
2025-09-28 03:51:25,146 - INFO - Scraping 4596/6851: https://www.refurbed.de/p/lenovo-thinkpad-e490-8365u-14/
2025-09-28 03:51:26,757 - INFO - Scraping 4597/6851: https://www.refurbed.de/p/lenovo-thinkpad-e490-i58265u-14/
2025-09-28 03:51:28,810 - INFO - Scraping 4598/6851: https://www.refurbed.de/p/lenovo-thinkpad-e560-i5-15/
2025-09-28 03:51:29,083 - ERROR - Error fetching https://www.refurbed.de/p/lenovo-thinkpad-e560-i5-15/: 404 Client Error: Not Found for url: https://www.refurbed.de/p/lenovo-thinkpad-e560-i5-15/
2025-09-28 03:51:30,085 - INFO - Scraping 4599/6851: https://www.refurbed.de/p/lenovo-thinkpad-e570-i5-7200u/
2025-09-28 03:51:30,406 - ERROR - Error fetching https://www.refurbed.de/p/lenovo-thinkpad-e570-i5-7200u/: 404 Client Error: Not Found for url: https://www.refurbed.de/p/lenovo-thinkpad-e570-i5-7200u/
2025-09-28 03:51:31,408 - INFO - Scraping 4600/6851: https://www.refurbed.de/p/lenovo-thinkpad-e590-8565u-15-6/
2025-09-28 03:51:33,200 - INFO - Scraping 4601/6851: https://www.refurbed.de/p/lenovo-thinkpad-helix-2-m-5y71/
2025-09-28 03:51:33,938 - ERROR - Error fetching https://www.refurbed.de/p/lenovo-thinkpad-helix-2-m-5y71/: 404 Client Error: Not Found for url: https://www.refurbed.de/p/lenovo-thinkpad-helix-2-m-5y71/
2025-09-28 03:51:34,940 - INFO - Scraping 4602/6851: https://www.refurbed.de/p/lenovo-thinkpad-l13-10210u/
2025-09-28 03:51:36,564 - INFO - Scraping 4603/6851: https://www.refurbed.de/p/lenovo-thinkpad-l13-10310u-13-3/
2025-09-28 03:51:38,267 - INFO - Scraping 4604/6851: https://www.refurbed.de/p/lenovo-thinkpad-l13-4-1335u/
2025-09-28 03:51:39,786 - INFO - Scraping 4605/6851: https://www.refurbed.de/p/lenovo-thinkpad-l13-g1-10210u/
2025-09-28 03:51:41,387 - INFO - Scraping 4606/6851: https://www.refurbed.de/p/lenovo-thinkpad-l13-g1-10310u-13/
2025-09-28 03:51:43,029 - INFO - Scraping 4607/6851: https://www.refurbed.de/p/lenovo-thinkpad-l13-g1-i3-10110u/
2025-09-28 03:51:44,715 - INFO - Scraping 4608/6851: https://www.refurbed.de/p/lenovo-thinkpad-l13-g1-i5-10310u/
2025-09-28 03:51:46,400 - INFO - Scraping 4609/6851: https://www.refurbed.de/p/lenovo-thinkpad-l13-g1-i7-10510u/
2025-09-28 03:51:48,017 - INFO - Scraping 4610/6851: https://www.refurbed.de/p/lenovo-thinkpad-l13-g2-1115g4/
2025-09-28 03:51:49,705 - INFO - Scraping 4611/6851: https://www.refurbed.de/p/lenovo-thinkpad-l13-g2-1145g7/
2025-09-28 03:51:51,294 - INFO - Scraping 4612/6851: https://www.refurbed.de/p/lenovo-thinkpad-l13-g2-1165g7/
2025-09-28 03:51:52,884 - INFO - Scraping 4613/6851: https://www.refurbed.de/p/lenovo-thinkpad-l13-g2-i5-1135g7/
2025-09-28 03:51:54,373 - INFO - Scraping 4614/6851: https://www.refurbed.de/p/lenovo-thinkpad-l13-g4-7730u-/
2025-09-28 03:51:55,804 - INFO - Scraping 4615/6851: https://www.refurbed.de/p/lenovo-thinkpad-l13-i7-10510u/
2025-09-28 03:51:57,245 - INFO - Scraping 4616/6851: https://www.refurbed.de/p/lenovo-thinkpad-l13-yoga-10210u/
2025-09-28 03:51:58,863 - INFO - Scraping 4617/6851: https://www.refurbed.de/p/lenovo-thinkpad-l13-yoga-1135g7/
2025-09-28 03:52:00,797 - INFO - Scraping 4618/6851: https://www.refurbed.de/p/lenovo-thinkpad-l13-yoga-4-1335u/
2025-09-28 03:52:02,295 - INFO - Scraping 4619/6851: https://www.refurbed.de/p/lenovo-thinkpad-l13-yoga-5850u/
2025-09-28 03:52:03,877 - INFO - Scraping 4620/6851: https://www.refurbed.de/p/lenovo-thinkpad-l13-yoga-i7-1165/
2025-09-28 03:52:05,331 - INFO - Scraping 4621/6851: https://www.refurbed.de/p/lenovo-thinkpad-l14-g1-10210u-14/
2025-09-28 03:52:06,937 - INFO - Scraping 4622/6851: https://www.refurbed.de/p/lenovo-thinkpad-l14-g1-6405u/
2025-09-28 03:52:08,461 - INFO - Scraping 4623/6851: https://www.refurbed.de/p/lenovo-thinkpad-l14-g1-i3-10110u/
2025-09-28 03:52:09,939 - INFO - Scraping 4624/6851: https://www.refurbed.de/p/lenovo-thinkpad-l14-g1-i5-10310u/
2025-09-28 03:52:11,858 - INFO - Scraping 4625/6851: https://www.refurbed.de/p/lenovo-thinkpad-l14-g1-i7-10510u/
2025-09-28 03:52:13,381 - INFO - Scraping 4626/6851: https://www.refurbed.de/p/lenovo-thinkpad-l14-g1-i7-10610u/
2025-09-28 03:52:14,962 - INFO - Scraping 4627/6851: https://www.refurbed.de/p/lenovo-thinkpad-l14-g1-r5-4500u/
2025-09-28 03:52:16,575 - INFO - Scraping 4628/6851: https://www.refurbed.de/p/lenovo-thinkpad-l14-g1-ryzen5-14/
2025-09-28 03:52:18,464 - INFO - Scraping 4629/6851: https://www.refurbed.de/p/lenovo-thinkpad-l14-g2-1135g7-14/
2025-09-28 03:52:20,144 - INFO - Scraping 4630/6851: https://www.refurbed.de/p/lenovo-thinkpad-l14-g2-1145g7-14/
2025-09-28 03:52:21,576 - INFO - Scraping 4631/6851: https://www.refurbed.de/p/lenovo-thinkpad-l14-g2-i7-1165g7/
2025-09-28 03:52:23,107 - INFO - Scraping 4632/6851: https://www.refurbed.de/p/lenovo-thinkpad-l14-g2-r3-pro/
2025-09-28 03:52:24,610 - INFO - Scraping 4633/6851: https://www.refurbed.de/p/lenovo-thinkpad-l14-g2-r5-5600u/
2025-09-28 03:52:26,078 - INFO - Scraping 4634/6851: https://www.refurbed.de/p/lenovo-thinkpad-l14-g2-r5-5650u/
2025-09-28 03:52:27,635 - INFO - Scraping 4635/6851: https://www.refurbed.de/p/lenovo-thinkpad-l14-g2-r7-5850u/
2025-09-28 03:52:29,223 - INFO - Scraping 4636/6851: https://www.refurbed.de/p/lenovo-thinkpad-l14-g3-5675u/
2025-09-28 03:52:30,832 - INFO - Scraping 4637/6851: https://www.refurbed.de/p/lenovo-thinkpad-l14-g3-5875u/
2025-09-28 03:52:32,490 - INFO - Scraping 4638/6851: https://www.refurbed.de/p/lenovo-thinkpad-l14-g3-i5-1235u/
2025-09-28 03:52:34,049 - INFO - Scraping 4639/6851: https://www.refurbed.de/p/lenovo-thinkpad-l14-g3-i5-1245u/
2025-09-28 03:52:35,783 - INFO - Scraping 4640/6851: https://www.refurbed.de/p/lenovo-thinkpad-l14-g3-i7-1255u/
2025-09-28 03:52:37,332 - INFO - Scraping 4641/6851: https://www.refurbed.de/p/lenovo-thinkpad-l14-g3-i7-1265u/
2025-09-28 03:52:38,766 - INFO - Scraping 4642/6851: https://www.refurbed.de/p/lenovo-thinkpad-l14-g4-7530u/
2025-09-28 03:52:40,237 - INFO - Scraping 4643/6851: https://www.refurbed.de/p/lenovo-thinkpad-l14-g4-7730u/
2025-09-28 03:52:41,753 - INFO - Scraping 4644/6851: https://www.refurbed.de/p/lenovo-thinkpad-l14-g4-i5-1335u/
2025-09-28 03:52:43,285 - INFO - Scraping 4645/6851: https://www.refurbed.de/p/lenovo-thinkpad-l14-g4-i7-1355u/
2025-09-28 03:52:44,996 - INFO - Scraping 4646/6851: https://www.refurbed.de/p/lenovo-thinkpad-l15-g1-i3-10110u/
2025-09-28 03:52:46,794 - INFO - Scraping 4647/6851: https://www.refurbed.de/p/lenovo-thinkpad-l15-g1-i5-10210u/
2025-09-28 03:52:48,546 - INFO - Scraping 4648/6851: https://www.refurbed.de/p/lenovo-thinkpad-l15-g1-i5-10310u/
2025-09-28 03:52:50,218 - INFO - Scraping 4649/6851: https://www.refurbed.de/p/lenovo-thinkpad-l15-g1-i7-10510u/
2025-09-28 03:52:51,770 - INFO - Scraping 4650/6851: https://www.refurbed.de/p/lenovo-thinkpad-l15-g2-1135g7/
2025-09-28 03:52:53,446 - INFO - Scraping 4651/6851: https://www.refurbed.de/p/lenovo-thinkpad-l15-g2-1145g7/
2025-09-28 03:52:54,871 - INFO - Scraping 4652/6851: https://www.refurbed.de/p/lenovo-thinkpad-l15-g2-1165g7/
2025-09-28 03:52:56,481 - INFO - Scraping 4653/6851: https://www.refurbed.de/p/lenovo-thinkpad-l15-g2-pro-5650u/
2025-09-28 03:52:58,255 - INFO - Scraping 4654/6851: https://www.refurbed.de/p/lenovo-thinkpad-l15-g2-pro-5850u/
2025-09-28 03:52:59,622 - INFO - Scraping 4655/6851: https://www.refurbed.de/p/lenovo-thinkpad-l15-g3-i5-1235u/
2025-09-28 03:53:01,303 - INFO - Scraping 4656/6851: https://www.refurbed.de/p/lenovo-thinkpad-l15-g3-r5-5675u/
2025-09-28 03:53:02,871 - INFO - Scraping 4657/6851: https://www.refurbed.de/p/lenovo-thinkpad-l15-g3-ryzen-7/
2025-09-28 03:53:04,361 - INFO - Scraping 4658/6851: https://www.refurbed.de/p/lenovo-thinkpad-l15-g4-7730u/
2025-09-28 03:53:06,038 - INFO - Scraping 4659/6851: https://www.refurbed.de/p/lenovo-thinkpad-l15-g4-i5-1335u/
2025-09-28 03:53:07,415 - INFO - Scraping 4660/6851: https://www.refurbed.de/p/lenovo-thinkpad-l16-g1-u-5-135u/
2025-09-28 03:53:08,828 - INFO - Scraping 4661/6851: https://www.refurbed.de/p/lenovo-thinkpad-l380-i3-8130u-13/
2025-09-28 03:53:10,424 - INFO - Scraping 4662/6851: https://www.refurbed.de/p/lenovo-thinkpad-l380-i5-8250u-13/
2025-09-28 03:53:12,068 - INFO - Scraping 4663/6851: https://www.refurbed.de/p/lenovo-thinkpad-l380-i5-8350u-13/
2025-09-28 03:53:13,611 - INFO - Scraping 4664/6851: https://www.refurbed.de/p/lenovo-thinkpad-l380-yoga-8130u/
2025-09-28 03:53:15,057 - INFO - Scraping 4665/6851: https://www.refurbed.de/p/lenovo-thinkpad-l380-yoga-8250/
2025-09-28 03:53:16,692 - INFO - Scraping 4666/6851: https://www.refurbed.de/p/lenovo-thinkpad-l380-yoga-8550u/
2025-09-28 03:53:18,409 - INFO - Scraping 4667/6851: https://www.refurbed.de/p/lenovo-thinkpad-l390-8145u-13/
2025-09-28 03:53:20,058 - INFO - Scraping 4668/6851: https://www.refurbed.de/p/lenovo-thinkpad-l390-i-5-8365u/
2025-09-28 03:53:21,849 - INFO - Scraping 4669/6851: https://www.refurbed.de/p/lenovo-thinkpad-l390-i5-8265u-13/
2025-09-28 03:53:23,219 - INFO - Scraping 4670/6851: https://www.refurbed.de/p/lenovo-thinkpad-l390-i5-8565u-13/
2025-09-28 03:53:24,875 - INFO - Scraping 4671/6851: https://www.refurbed.de/p/lenovo-thinkpad-l390-yoga-8265u/
2025-09-28 03:53:26,478 - INFO - Scraping 4672/6851: https://www.refurbed.de/p/lenovo-thinkpad-l390-yoga-8365u/
2025-09-28 03:53:28,084 - INFO - Scraping 4673/6851: https://www.refurbed.de/p/lenovo-thinkpad-l390-yoga-8565u/
2025-09-28 03:53:29,879 - INFO - Scraping 4674/6851: https://www.refurbed.de/p/lenovo-thinkpad-l440-i3-4000m-14/
2025-09-28 03:53:30,376 - ERROR - Error fetching https://www.refurbed.de/p/lenovo-thinkpad-l440-i3-4000m-14/: 404 Client Error: Not Found for url: https://www.refurbed.de/p/lenovo-thinkpad-l440-i3-4000m-14/
2025-09-28 03:53:31,379 - INFO - Scraping 4675/6851: https://www.refurbed.de/p/lenovo-thinkpad-l440-i5-4100m/
2025-09-28 03:53:31,762 - ERROR - Error fetching https://www.refurbed.de/p/lenovo-thinkpad-l440-i5-4100m/: 404 Client Error: Not Found for url: https://www.refurbed.de/p/lenovo-thinkpad-l440-i5-4100m/
2025-09-28 03:53:32,764 - INFO - Scraping 4676/6851: https://www.refurbed.de/p/lenovo-thinkpad-l440-i5-4200m-14/
2025-09-28 03:53:33,084 - ERROR - Error fetching https://www.refurbed.de/p/lenovo-thinkpad-l440-i5-4200m-14/: 404 Client Error: Not Found for url: https://www.refurbed.de/p/lenovo-thinkpad-l440-i5-4200m-14/
2025-09-28 03:53:34,086 - INFO - Scraping 4677/6851: https://www.refurbed.de/p/lenovo-thinkpad-l440-i5-4300m/
2025-09-28 03:53:34,385 - ERROR - Error fetching https://www.refurbed.de/p/lenovo-thinkpad-l440-i5-4300m/: 404 Client Error: Not Found for url: https://www.refurbed.de/p/lenovo-thinkpad-l440-i5-4300m/
2025-09-28 03:53:35,387 - INFO - Scraping 4678/6851: https://www.refurbed.de/p/lenovo-thinkpad-l440-i5-4300u-14/
2025-09-28 03:53:35,652 - ERROR - Error fetching https://www.refurbed.de/p/lenovo-thinkpad-l440-i5-4300u-14/: 404 Client Error: Not Found for url: https://www.refurbed.de/p/lenovo-thinkpad-l440-i5-4300u-14/
2025-09-28 03:53:36,654 - INFO - Scraping 4679/6851: https://www.refurbed.de/p/lenovo-thinkpad-l450-i3-5005u-14/
2025-09-28 03:53:36,906 - ERROR - Error fetching https://www.refurbed.de/p/lenovo-thinkpad-l450-i3-5005u-14/: 404 Client Error: Not Found for url: https://www.refurbed.de/p/lenovo-thinkpad-l450-i3-5005u-14/
2025-09-28 03:53:37,908 - INFO - Scraping 4680/6851: https://www.refurbed.de/p/lenovo-thinkpad-l450-i5-4300u-14/
2025-09-28 03:53:38,224 - ERROR - Error fetching https://www.refurbed.de/p/lenovo-thinkpad-l450-i5-4300u-14/: 404 Client Error: Not Found for url: https://www.refurbed.de/p/lenovo-thinkpad-l450-i5-4300u-14/
2025-09-28 03:53:39,227 - INFO - Scraping 4681/6851: https://www.refurbed.de/p/lenovo-thinkpad-l450-i5-5200u-14/
2025-09-28 03:53:39,542 - ERROR - Error fetching https://www.refurbed.de/p/lenovo-thinkpad-l450-i5-5200u-14/: 404 Client Error: Not Found for url: https://www.refurbed.de/p/lenovo-thinkpad-l450-i5-5200u-14/
2025-09-28 03:53:40,544 - INFO - Scraping 4682/6851: https://www.refurbed.de/p/lenovo-thinkpad-l450-i5-5300u-14/
2025-09-28 03:53:40,919 - ERROR - Error fetching https://www.refurbed.de/p/lenovo-thinkpad-l450-i5-5300u-14/: 404 Client Error: Not Found for url: https://www.refurbed.de/p/lenovo-thinkpad-l450-i5-5300u-14/
2025-09-28 03:53:41,921 - INFO - Scraping 4683/6851: https://www.refurbed.de/p/lenovo-thinkpad-l460-4405u/
2025-09-28 03:53:42,218 - ERROR - Error fetching https://www.refurbed.de/p/lenovo-thinkpad-l460-4405u/: 404 Client Error: Not Found for url: https://www.refurbed.de/p/lenovo-thinkpad-l460-4405u/
2025-09-28 03:53:43,220 - INFO - Scraping 4684/6851: https://www.refurbed.de/p/lenovo-thinkpad-l460-6200u/
2025-09-28 03:53:43,500 - ERROR - Error fetching https://www.refurbed.de/p/lenovo-thinkpad-l460-6200u/: 404 Client Error: Not Found for url: https://www.refurbed.de/p/lenovo-thinkpad-l460-6200u/
2025-09-28 03:53:44,502 - INFO - Scraping 4685/6851: https://www.refurbed.de/p/lenovo-thinkpad-l460-6300u/
2025-09-28 03:53:44,853 - ERROR - Error fetching https://www.refurbed.de/p/lenovo-thinkpad-l460-6300u/: 404 Client Error: Not Found for url: https://www.refurbed.de/p/lenovo-thinkpad-l460-6300u/
2025-09-28 03:53:45,856 - INFO - Scraping 4686/6851: https://www.refurbed.de/p/lenovo-thinkpad-l460-i3-6100u/
2025-09-28 03:53:46,591 - ERROR - Error fetching https://www.refurbed.de/p/lenovo-thinkpad-l460-i3-6100u/: 404 Client Error: Not Found for url: https://www.refurbed.de/p/lenovo-thinkpad-l460-i3-6100u/
2025-09-28 03:53:47,593 - INFO - Scraping 4687/6851: https://www.refurbed.de/p/lenovo-thinkpad-l470-3955u-14/
2025-09-28 03:53:47,902 - ERROR - Error fetching https://www.refurbed.de/p/lenovo-thinkpad-l470-3955u-14/: 404 Client Error: Not Found for url: https://www.refurbed.de/p/lenovo-thinkpad-l470-3955u-14/
2025-09-28 03:53:48,904 - INFO - Scraping 4688/6851: https://www.refurbed.de/p/lenovo-thinkpad-l470-7500u-14/
2025-09-28 03:53:49,186 - ERROR - Error fetching https://www.refurbed.de/p/lenovo-thinkpad-l470-7500u-14/: 404 Client Error: Not Found for url: https://www.refurbed.de/p/lenovo-thinkpad-l470-7500u-14/
2025-09-28 03:53:50,189 - INFO - Scraping 4689/6851: https://www.refurbed.de/p/lenovo-thinkpad-l470-i3-6100u/
2025-09-28 03:53:50,447 - ERROR - Error fetching https://www.refurbed.de/p/lenovo-thinkpad-l470-i3-6100u/: 404 Client Error: Not Found for url: https://www.refurbed.de/p/lenovo-thinkpad-l470-i3-6100u/
2025-09-28 03:53:51,450 - INFO - Scraping 4690/6851: https://www.refurbed.de/p/lenovo-thinkpad-l470-i5-6200u-14/
2025-09-28 03:53:52,030 - ERROR - Error fetching https://www.refurbed.de/p/lenovo-thinkpad-l470-i5-6200u-14/: 404 Client Error: Not Found for url: https://www.refurbed.de/p/lenovo-thinkpad-l470-i5-6200u-14/
2025-09-28 03:53:53,033 - INFO - Scraping 4691/6851: https://www.refurbed.de/p/lenovo-thinkpad-l470-i5-6300u-14/
2025-09-28 03:53:53,326 - ERROR - Error fetching https://www.refurbed.de/p/lenovo-thinkpad-l470-i5-6300u-14/: 404 Client Error: Not Found for url: https://www.refurbed.de/p/lenovo-thinkpad-l470-i5-6300u-14/
2025-09-28 03:53:54,328 - INFO - Scraping 4692/6851: https://www.refurbed.de/p/lenovo-thinkpad-l470-i5-7200u-14/
2025-09-28 03:53:54,646 - ERROR - Error fetching https://www.refurbed.de/p/lenovo-thinkpad-l470-i5-7200u-14/: 404 Client Error: Not Found for url: https://www.refurbed.de/p/lenovo-thinkpad-l470-i5-7200u-14/
2025-09-28 03:53:55,648 - INFO - Scraping 4693/6851: https://www.refurbed.de/p/lenovo-thinkpad-l470-i5-7300u-14/
2025-09-28 03:53:55,960 - ERROR - Error fetching https://www.refurbed.de/p/lenovo-thinkpad-l470-i5-7300u-14/: 404 Client Error: Not Found for url: https://www.refurbed.de/p/lenovo-thinkpad-l470-i5-7300u-14/
2025-09-28 03:53:56,963 - INFO - Scraping 4694/6851: https://www.refurbed.de/p/lenovo-thinkpad-l480-7020u-14/
2025-09-28 03:53:57,233 - ERROR - Error fetching https://www.refurbed.de/p/lenovo-thinkpad-l480-7020u-14/: 404 Client Error: Not Found for url: https://www.refurbed.de/p/lenovo-thinkpad-l480-7020u-14/
2025-09-28 03:53:58,235 - INFO - Scraping 4695/6851: https://www.refurbed.de/p/lenovo-thinkpad-l480-8130u-14/
2025-09-28 03:54:00,053 - INFO - Scraping 4696/6851: https://www.refurbed.de/p/lenovo-thinkpad-l480-8250u-14/
2025-09-28 03:54:01,902 - INFO - Scraping 4697/6851: https://www.refurbed.de/p/lenovo-thinkpad-l480-8350u-14/
2025-09-28 03:54:04,222 - INFO - Scraping 4698/6851: https://www.refurbed.de/p/lenovo-thinkpad-l480-8550u-14/
2025-09-28 03:54:05,678 - INFO - Scraping 4699/6851: https://www.refurbed.de/p/lenovo-thinkpad-l480-c-3965u/
2025-09-28 03:54:05,950 - ERROR - Error fetching https://www.refurbed.de/p/lenovo-thinkpad-l480-c-3965u/: 404 Client Error: Not Found for url: https://www.refurbed.de/p/lenovo-thinkpad-l480-c-3965u/
2025-09-28 03:54:06,952 - INFO - Scraping 4700/6851: https://www.refurbed.de/p/lenovo-thinkpad-l480-i5-7300u/
2025-09-28 03:54:07,280 - ERROR - Error fetching https://www.refurbed.de/p/lenovo-thinkpad-l480-i5-7300u/: 404 Client Error: Not Found for url: https://www.refurbed.de/p/lenovo-thinkpad-l480-i5-7300u/
2025-09-28 03:54:08,283 - INFO - Scraping 4701/6851: https://www.refurbed.de/p/lenovo-thinkpad-l490-4305u-14/
2025-09-28 03:54:10,023 - INFO - Scraping 4702/6851: https://www.refurbed.de/p/lenovo-thinkpad-l490-8145u-14/
2025-09-28 03:54:11,538 - INFO - Scraping 4703/6851: https://www.refurbed.de/p/lenovo-thinkpad-l490-8365u-14/
2025-09-28 03:54:13,218 - INFO - Scraping 4704/6851: https://www.refurbed.de/p/lenovo-thinkpad-l490-8565u-14/
2025-09-28 03:54:14,737 - INFO - Scraping 4705/6851: https://www.refurbed.de/p/lenovo-thinkpad-l490-i5-8250u/
2025-09-28 03:54:16,371 - INFO - Scraping 4706/6851: https://www.refurbed.de/p/lenovo-thinkpad-l490-i5-8265u/
2025-09-28 03:54:18,192 - INFO - Scraping 4707/6851: https://www.refurbed.de/p/lenovo-thinkpad-l540-i5-4300m-15/
2025-09-28 03:54:18,449 - ERROR - Error fetching https://www.refurbed.de/p/lenovo-thinkpad-l540-i5-4300m-15/: 404 Client Error: Not Found for url: https://www.refurbed.de/p/lenovo-thinkpad-l540-i5-4300m-15/
2025-09-28 03:54:19,451 - INFO - Scraping 4708/6851: https://www.refurbed.de/p/lenovo-thinkpad-l540-i7-4600m-15/
2025-09-28 03:54:19,916 - ERROR - Error fetching https://www.refurbed.de/p/lenovo-thinkpad-l540-i7-4600m-15/: 404 Client Error: Not Found for url: https://www.refurbed.de/p/lenovo-thinkpad-l540-i7-4600m-15/
2025-09-28 03:54:20,919 - INFO - Scraping 4709/6851: https://www.refurbed.de/p/lenovo-thinkpad-l560-3855u/
2025-09-28 03:54:21,214 - ERROR - Error fetching https://www.refurbed.de/p/lenovo-thinkpad-l560-3855u/: 404 Client Error: Not Found for url: https://www.refurbed.de/p/lenovo-thinkpad-l560-3855u/
2025-09-28 03:54:22,217 - INFO - Scraping 4710/6851: https://www.refurbed.de/p/lenovo-thinkpad-l560-i3-6100u-15/
2025-09-28 03:54:22,533 - ERROR - Error fetching https://www.refurbed.de/p/lenovo-thinkpad-l560-i3-6100u-15/: 404 Client Error: Not Found for url: https://www.refurbed.de/p/lenovo-thinkpad-l560-i3-6100u-15/
2025-09-28 03:54:23,536 - INFO - Scraping 4711/6851: https://www.refurbed.de/p/lenovo-thinkpad-l560-i5-6200u-15/
2025-09-28 03:54:23,790 - ERROR - Error fetching https://www.refurbed.de/p/lenovo-thinkpad-l560-i5-6200u-15/: 404 Client Error: Not Found for url: https://www.refurbed.de/p/lenovo-thinkpad-l560-i5-6200u-15/
2025-09-28 03:54:24,792 - INFO - Scraping 4712/6851: https://www.refurbed.de/p/lenovo-thinkpad-l560-i5-6300u-15/
2025-09-28 03:54:25,066 - ERROR - Error fetching https://www.refurbed.de/p/lenovo-thinkpad-l560-i5-6300u-15/: 404 Client Error: Not Found for url: https://www.refurbed.de/p/lenovo-thinkpad-l560-i5-6300u-15/
2025-09-28 03:54:26,068 - INFO - Scraping 4713/6851: https://www.refurbed.de/p/lenovo-thinkpad-l560-i7-15-6/
2025-09-28 03:54:26,343 - ERROR - Error fetching https://www.refurbed.de/p/lenovo-thinkpad-l560-i7-15-6/: 404 Client Error: Not Found for url: https://www.refurbed.de/p/lenovo-thinkpad-l560-i7-15-6/
2025-09-28 03:54:27,345 - INFO - Scraping 4714/6851: https://www.refurbed.de/p/lenovo-thinkpad-l570-3965u/
2025-09-28 03:54:27,650 - ERROR - Error fetching https://www.refurbed.de/p/lenovo-thinkpad-l570-3965u/: 404 Client Error: Not Found for url: https://www.refurbed.de/p/lenovo-thinkpad-l570-3965u/
2025-09-28 03:54:28,652 - INFO - Scraping 4715/6851: https://www.refurbed.de/p/lenovo-thinkpad-l570-7100u-15-6/
2025-09-28 03:54:28,932 - ERROR - Error fetching https://www.refurbed.de/p/lenovo-thinkpad-l570-7100u-15-6/: 404 Client Error: Not Found for url: https://www.refurbed.de/p/lenovo-thinkpad-l570-7100u-15-6/
2025-09-28 03:54:29,935 - INFO - Scraping 4716/6851: https://www.refurbed.de/p/lenovo-thinkpad-l570-7200u-15-6/
2025-09-28 03:54:30,478 - ERROR - Error fetching https://www.refurbed.de/p/lenovo-thinkpad-l570-7200u-15-6/: 404 Client Error: Not Found for url: https://www.refurbed.de/p/lenovo-thinkpad-l570-7200u-15-6/
2025-09-28 03:54:31,480 - INFO - Scraping 4717/6851: https://www.refurbed.de/p/lenovo-thinkpad-l570-7500u-15-6/
2025-09-28 03:54:31,798 - ERROR - Error fetching https://www.refurbed.de/p/lenovo-thinkpad-l570-7500u-15-6/: 404 Client Error: Not Found for url: https://www.refurbed.de/p/lenovo-thinkpad-l570-7500u-15-6/
2025-09-28 03:54:32,800 - INFO - Scraping 4718/6851: https://www.refurbed.de/p/lenovo-thinkpad-l570-i5-6200u-15/
2025-09-28 03:54:33,280 - ERROR - Error fetching https://www.refurbed.de/p/lenovo-thinkpad-l570-i5-6200u-15/: 404 Client Error: Not Found for url: https://www.refurbed.de/p/lenovo-thinkpad-l570-i5-6200u-15/
2025-09-28 03:54:34,283 - INFO - Scraping 4719/6851: https://www.refurbed.de/p/lenovo-thinkpad-l570-i5-6300u-15/
2025-09-28 03:54:34,548 - ERROR - Error fetching https://www.refurbed.de/p/lenovo-thinkpad-l570-i5-6300u-15/: 404 Client Error: Not Found for url: https://www.refurbed.de/p/lenovo-thinkpad-l570-i5-6300u-15/
2025-09-28 03:54:35,551 - INFO - Scraping 4720/6851: https://www.refurbed.de/p/lenovo-thinkpad-l570-i5-7300u-15/
2025-09-28 03:54:35,910 - ERROR - Error fetching https://www.refurbed.de/p/lenovo-thinkpad-l570-i5-7300u-15/: 404 Client Error: Not Found for url: https://www.refurbed.de/p/lenovo-thinkpad-l570-i5-7300u-15/
2025-09-28 03:54:36,912 - INFO - Scraping 4721/6851: https://www.refurbed.de/p/lenovo-thinkpad-l570-i7-7600u/
2025-09-28 03:54:37,210 - ERROR - Error fetching https://www.refurbed.de/p/lenovo-thinkpad-l570-i7-7600u/: 404 Client Error: Not Found for url: https://www.refurbed.de/p/lenovo-thinkpad-l570-i7-7600u/
2025-09-28 03:54:38,212 - INFO - Scraping 4722/6851: https://www.refurbed.de/p/lenovo-thinkpad-l580-7200u-15-6/
2025-09-28 03:54:38,763 - ERROR - Error fetching https://www.refurbed.de/p/lenovo-thinkpad-l580-7200u-15-6/: 404 Client Error: Not Found for url: https://www.refurbed.de/p/lenovo-thinkpad-l580-7200u-15-6/
2025-09-28 03:54:39,766 - INFO - Scraping 4723/6851: https://www.refurbed.de/p/lenovo-thinkpad-l580-8250u/
2025-09-28 03:54:41,532 - INFO - Scraping 4724/6851: https://www.refurbed.de/p/lenovo-thinkpad-l580-8350u/
2025-09-28 03:54:43,299 - INFO - Scraping 4725/6851: https://www.refurbed.de/p/lenovo-thinkpad-l580-i3-8130u/
2025-09-28 03:54:44,845 - INFO - Scraping 4726/6851: https://www.refurbed.de/p/lenovo-thinkpad-l580-i5-7300u/
2025-09-28 03:54:45,156 - ERROR - Error fetching https://www.refurbed.de/p/lenovo-thinkpad-l580-i5-7300u/: 404 Client Error: Not Found for url: https://www.refurbed.de/p/lenovo-thinkpad-l580-i5-7300u/
2025-09-28 03:54:46,158 - INFO - Scraping 4727/6851: https://www.refurbed.de/p/lenovo-thinkpad-l580-i7-8550u/
2025-09-28 03:54:48,124 - INFO - Scraping 4728/6851: https://www.refurbed.de/p/lenovo-thinkpad-p-g4-i7-11800h/
2025-09-28 03:54:49,664 - INFO - Scraping 4729/6851: https://www.refurbed.de/p/lenovo-thinkpad-p-g4-i7-11850h/
2025-09-28 03:54:51,187 - INFO - Scraping 4730/6851: https://www.refurbed.de/p/lenovo-thinkpad-p-g5-i7-12800h/
2025-09-28 03:54:52,697 - INFO - Scraping 4731/6851: https://www.refurbed.de/p/lenovo-thinkpad-p-g5-i9-12900h/
2025-09-28 03:54:54,244 - INFO - Scraping 4732/6851: https://www.refurbed.de/p/lenovo-thinkpad-p1-e-2176m/
2025-09-28 03:54:55,840 - INFO - Scraping 4733/6851: https://www.refurbed.de/p/lenovo-thinkpad-p1-g3-i7-10875h/
2025-09-28 03:54:57,413 - INFO - Scraping 4734/6851: https://www.refurbed.de/p/lenovo-thinkpad-p1-i7-8750h-15/
2025-09-28 03:54:58,948 - INFO - Scraping 4735/6851: https://www.refurbed.de/p/lenovo-thinkpad-p14s-g1-10210u/
2025-09-28 03:55:00,477 - INFO - Scraping 4736/6851: https://www.refurbed.de/p/lenovo-thinkpad-p14s-g1-10510u/
2025-09-28 03:55:02,289 - INFO - Scraping 4737/6851: https://www.refurbed.de/p/lenovo-thinkpad-p14s-g1-i7-9850h/
2025-09-28 03:55:03,892 - INFO - Scraping 4738/6851: https://www.refurbed.de/p/lenovo-thinkpad-p14s-g1-ryzen-7/
2025-09-28 03:55:05,275 - INFO - Scraping 4739/6851: https://www.refurbed.de/p/lenovo-thinkpad-p14s-g2-1165g7/
2025-09-28 03:55:07,015 - INFO - Scraping 4740/6851: https://www.refurbed.de/p/lenovo-thinkpad-p14s-g2-5850u/
2025-09-28 03:55:08,763 - INFO - Scraping 4741/6851: https://www.refurbed.de/p/lenovo-thinkpad-p14s-g2-i5-1145/
2025-09-28 03:55:10,752 - INFO - Scraping 4742/6851: https://www.refurbed.de/p/lenovo-thinkpad-p15-g1-10750h/
2025-09-28 03:55:12,517 - INFO - Scraping 4743/6851: https://www.refurbed.de/p/lenovo-thinkpad-p15-g1-10850h/
2025-09-28 03:55:14,278 - INFO - Scraping 4744/6851: https://www.refurbed.de/p/lenovo-thinkpad-p15-g1-i7-10875h/
2025-09-28 03:55:15,899 - INFO - Scraping 4745/6851: https://www.refurbed.de/p/lenovo-thinkpad-p15-g1-i9-10885h/
2025-09-28 03:55:17,673 - INFO - Scraping 4746/6851: https://www.refurbed.de/p/lenovo-thinkpad-p15-g2-i7-11800h/
2025-09-28 03:55:19,283 - INFO - Scraping 4747/6851: https://www.refurbed.de/p/lenovo-thinkpad-p15-g2-i7-11850h/
2025-09-28 03:55:21,207 - INFO - Scraping 4748/6851: https://www.refurbed.de/p/lenovo-thinkpad-p15-g2-i9-11950h/
2025-09-28 03:55:22,666 - INFO - Scraping 4749/6851: https://www.refurbed.de/p/lenovo-thinkpad-p15s-g1-10510u/
2025-09-28 03:55:24,299 - INFO - Scraping 4750/6851: https://www.refurbed.de/p/lenovo-thinkpad-p15s-g2-1165g7/
2025-09-28 03:55:25,845 - INFO - Scraping 4751/6851: https://www.refurbed.de/p/lenovo-thinkpad-p15v-g1-i7/
2025-09-28 03:55:27,657 - INFO - Scraping 4752/6851: https://www.refurbed.de/p/lenovo-thinkpad-p16-12950hx/
2025-09-28 03:55:29,182 - INFO - Scraping 4753/6851: https://www.refurbed.de/p/lenovo-thinkpad-p16v-i9-13900h/
2025-09-28 03:55:30,741 - INFO - Scraping 4754/6851: https://www.refurbed.de/p/lenovo-thinkpad-p17-12850hx/
2025-09-28 03:55:32,404 - INFO - Scraping 4755/6851: https://www.refurbed.de/p/lenovo-thinkpad-p17-g1-10750h/
2025-09-28 03:55:33,928 - INFO - Scraping 4756/6851: https://www.refurbed.de/p/lenovo-thinkpad-p17-g1-10850h/
2025-09-28 03:55:35,558 - INFO - Scraping 4757/6851: https://www.refurbed.de/p/lenovo-thinkpad-p17-g1-10885h/
2025-09-28 03:55:37,054 - INFO - Scraping 4758/6851: https://www.refurbed.de/p/lenovo-thinkpad-p17-g1-10885m/
2025-09-28 03:55:38,776 - INFO - Scraping 4759/6851: https://www.refurbed.de/p/lenovo-thinkpad-p17-g1-w-10855m/
2025-09-28 03:55:40,298 - INFO - Scraping 4760/6851: https://www.refurbed.de/p/lenovo-thinkpad-p17-g2-11500h/
2025-09-28 03:55:41,782 - INFO - Scraping 4761/6851: https://www.refurbed.de/p/lenovo-thinkpad-p50-e3-1505m-15/
2025-09-28 03:55:42,295 - ERROR - Error fetching https://www.refurbed.de/p/lenovo-thinkpad-p50-e3-1505m-15/: 404 Client Error: Not Found for url: https://www.refurbed.de/p/lenovo-thinkpad-p50-e3-1505m-15/
2025-09-28 03:55:43,297 - INFO - Scraping 4762/6851: https://www.refurbed.de/p/lenovo-thinkpad-p50-i7-6700hq-15/
2025-09-28 03:55:43,621 - ERROR - Error fetching https://www.refurbed.de/p/lenovo-thinkpad-p50-i7-6700hq-15/: 404 Client Error: Not Found for url: https://www.refurbed.de/p/lenovo-thinkpad-p50-i7-6700hq-15/
2025-09-28 03:55:44,623 - INFO - Scraping 4763/6851: https://www.refurbed.de/p/lenovo-thinkpad-p50-i7-6820hq-15/
2025-09-28 03:55:44,884 - ERROR - Error fetching https://www.refurbed.de/p/lenovo-thinkpad-p50-i7-6820hq-15/: 404 Client Error: Not Found for url: https://www.refurbed.de/p/lenovo-thinkpad-p50-i7-6820hq-15/
2025-09-28 03:55:45,885 - INFO - Scraping 4764/6851: https://www.refurbed.de/p/lenovo-thinkpad-p50s-i7-6500u/
2025-09-28 03:55:46,165 - ERROR - Error fetching https://www.refurbed.de/p/lenovo-thinkpad-p50s-i7-6500u/: 404 Client Error: Not Found for url: https://www.refurbed.de/p/lenovo-thinkpad-p50s-i7-6500u/
2025-09-28 03:55:47,167 - INFO - Scraping 4765/6851: https://www.refurbed.de/p/lenovo-thinkpad-p50s-i7-6600u/
2025-09-28 03:55:47,456 - ERROR - Error fetching https://www.refurbed.de/p/lenovo-thinkpad-p50s-i7-6600u/: 404 Client Error: Not Found for url: https://www.refurbed.de/p/lenovo-thinkpad-p50s-i7-6600u/
2025-09-28 03:55:48,458 - INFO - Scraping 4766/6851: https://www.refurbed.de/p/lenovo-thinkpad-p51-7700hq-15-6/
2025-09-28 03:55:48,878 - ERROR - Error fetching https://www.refurbed.de/p/lenovo-thinkpad-p51-7700hq-15-6/: 404 Client Error: Not Found for url: https://www.refurbed.de/p/lenovo-thinkpad-p51-7700hq-15-6/
2025-09-28 03:55:49,880 - INFO - Scraping 4767/6851: https://www.refurbed.de/p/lenovo-thinkpad-p51-i7-6820hq-15/
2025-09-28 03:55:50,267 - ERROR - Error fetching https://www.refurbed.de/p/lenovo-thinkpad-p51-i7-6820hq-15/: 404 Client Error: Not Found for url: https://www.refurbed.de/p/lenovo-thinkpad-p51-i7-6820hq-15/
2025-09-28 03:55:51,269 - INFO - Scraping 4768/6851: https://www.refurbed.de/p/lenovo-thinkpad-p51-i7-7820hq-15/
2025-09-28 03:55:52,866 - INFO - Scraping 4769/6851: https://www.refurbed.de/p/lenovo-thinkpad-p51s-i7-6500-15/
2025-09-28 03:55:53,150 - ERROR - Error fetching https://www.refurbed.de/p/lenovo-thinkpad-p51s-i7-6500-15/: 404 Client Error: Not Found for url: https://www.refurbed.de/p/lenovo-thinkpad-p51s-i7-6500-15/
2025-09-28 03:55:54,152 - INFO - Scraping 4770/6851: https://www.refurbed.de/p/lenovo-thinkpad-p51s-i7-7500u-15/
2025-09-28 03:55:54,571 - ERROR - Error fetching https://www.refurbed.de/p/lenovo-thinkpad-p51s-i7-7500u-15/: 404 Client Error: Not Found for url: https://www.refurbed.de/p/lenovo-thinkpad-p51s-i7-7500u-15/
2025-09-28 03:55:55,573 - INFO - Scraping 4771/6851: https://www.refurbed.de/p/lenovo-thinkpad-p51s-i7-7600u-15/
2025-09-28 03:55:55,844 - ERROR - Error fetching https://www.refurbed.de/p/lenovo-thinkpad-p51s-i7-7600u-15/: 404 Client Error: Not Found for url: https://www.refurbed.de/p/lenovo-thinkpad-p51s-i7-7600u-15/
2025-09-28 03:55:56,846 - INFO - Scraping 4772/6851: https://www.refurbed.de/p/lenovo-thinkpad-p52-e-2176m/
2025-09-28 03:55:58,585 - INFO - Scraping 4773/6851: https://www.refurbed.de/p/lenovo-thinkpad-p52-i7-8550u/
2025-09-28 03:56:00,010 - INFO - Scraping 4774/6851: https://www.refurbed.de/p/lenovo-thinkpad-p52-i7-8750h/
2025-09-28 03:56:01,612 - INFO - Scraping 4775/6851: https://www.refurbed.de/p/lenovo-thinkpad-p52-i7-8850h/
2025-09-28 03:56:03,538 - INFO - Scraping 4776/6851: https://www.refurbed.de/p/lenovo-thinkpad-p52s-i5-8250u-15/
2025-09-28 03:56:05,007 - INFO - Scraping 4777/6851: https://www.refurbed.de/p/lenovo-thinkpad-p52s-i7-8550u/
2025-09-28 03:56:06,656 - INFO - Scraping 4778/6851: https://www.refurbed.de/p/lenovo-thinkpad-p52s-i7-8650u-15/
2025-09-28 03:56:08,417 - INFO - Scraping 4779/6851: https://www.refurbed.de/p/lenovo-thinkpad-p53s-8565u-15-6/
2025-09-28 03:56:10,032 - INFO - Scraping 4780/6851: https://www.refurbed.de/p/lenovo-thinkpad-p71-1505m-v6-17/
2025-09-28 03:56:10,358 - ERROR - Error fetching https://www.refurbed.de/p/lenovo-thinkpad-p71-1505m-v6-17/: 404 Client Error: Not Found for url: https://www.refurbed.de/p/lenovo-thinkpad-p71-1505m-v6-17/
2025-09-28 03:56:11,360 - INFO - Scraping 4781/6851: https://www.refurbed.de/p/lenovo-thinkpad-p71-1535m-17/
2025-09-28 03:56:11,652 - ERROR - Error fetching https://www.refurbed.de/p/lenovo-thinkpad-p71-1535m-17/: 404 Client Error: Not Found for url: https://www.refurbed.de/p/lenovo-thinkpad-p71-1535m-17/
2025-09-28 03:56:12,654 - INFO - Scraping 4782/6851: https://www.refurbed.de/p/lenovo-thinkpad-p71-7700hq-17-3/
2025-09-28 03:56:13,061 - ERROR - Error fetching https://www.refurbed.de/p/lenovo-thinkpad-p71-7700hq-17-3/: 404 Client Error: Not Found for url: https://www.refurbed.de/p/lenovo-thinkpad-p71-7700hq-17-3/
2025-09-28 03:56:14,063 - INFO - Scraping 4783/6851: https://www.refurbed.de/p/lenovo-thinkpad-p71-i7-7820hq/
2025-09-28 03:56:15,730 - INFO - Scraping 4784/6851: https://www.refurbed.de/p/lenovo-thinkpad-pro-40ah-dock/
2025-09-28 03:56:17,141 - INFO - Scraping 4785/6851: https://www.refurbed.de/p/lenovo-thinkpad-s540-i5-15-6/
2025-09-28 03:56:17,471 - ERROR - Error fetching https://www.refurbed.de/p/lenovo-thinkpad-s540-i5-15-6/: 404 Client Error: Not Found for url: https://www.refurbed.de/p/lenovo-thinkpad-s540-i5-15-6/
2025-09-28 03:56:18,474 - INFO - Scraping 4786/6851: https://www.refurbed.de/p/lenovo-thinkpad-t14-10310u/
2025-09-28 03:56:20,281 - INFO - Scraping 4787/6851: https://www.refurbed.de/p/lenovo-thinkpad-t14-g1-10610u/
2025-09-28 03:56:21,988 - INFO - Scraping 4788/6851: https://www.refurbed.de/p/lenovo-thinkpad-t14-g1-4650u/
2025-09-28 03:56:23,731 - INFO - Scraping 4789/6851: https://www.refurbed.de/p/lenovo-thinkpad-t14-g1-4750u/
2025-09-28 03:56:25,262 - INFO - Scraping 4790/6851: https://www.refurbed.de/p/lenovo-thinkpad-t14-g1-i5-10210u/
2025-09-28 03:56:27,133 - INFO - Scraping 4791/6851: https://www.refurbed.de/p/lenovo-thinkpad-t14-g1-i5-10310u/
2025-09-28 03:56:28,691 - INFO - Scraping 4792/6851: https://www.refurbed.de/p/lenovo-thinkpad-t14-g1-i7-10510u/
2025-09-28 03:56:30,487 - INFO - Scraping 4793/6851: https://www.refurbed.de/p/lenovo-thinkpad-t14-g2-1135g7/
2025-09-28 03:56:32,095 - INFO - Scraping 4794/6851: https://www.refurbed.de/p/lenovo-thinkpad-t14-g2-1145g7/
2025-09-28 03:56:33,626 - INFO - Scraping 4795/6851: https://www.refurbed.de/p/lenovo-thinkpad-t14-g2-i5-1235u/
2025-09-28 03:56:35,171 - INFO - Scraping 4796/6851: https://www.refurbed.de/p/lenovo-thinkpad-t14-g2-i7-1165g7/
2025-09-28 03:56:36,800 - INFO - Scraping 4797/6851: https://www.refurbed.de/p/lenovo-thinkpad-t14-g2-i7-1185g7/
2025-09-28 03:56:38,524 - INFO - Scraping 4798/6851: https://www.refurbed.de/p/lenovo-thinkpad-t14-g2-r5-5650u/
2025-09-28 03:56:40,073 - INFO - Scraping 4799/6851: https://www.refurbed.de/p/lenovo-thinkpad-t14-g2-r7-5850u/
2025-09-28 03:56:41,680 - INFO - Scraping 4800/6851: https://www.refurbed.de/p/lenovo-thinkpad-t14-g3-i5-1235u/
2025-09-28 03:56:43,624 - INFO - Scraping 4801/6851: https://www.refurbed.de/p/lenovo-thinkpad-t14-g3-i5-1245u/
2025-09-28 03:56:45,321 - INFO - Scraping 4802/6851: https://www.refurbed.de/p/lenovo-thinkpad-t14-g3-i5-1250p/
2025-09-28 03:56:46,830 - INFO - Scraping 4803/6851: https://www.refurbed.de/p/lenovo-thinkpad-t14-g3-i7-1255u/
2025-09-28 03:56:48,400 - INFO - Scraping 4804/6851: https://www.refurbed.de/p/lenovo-thinkpad-t14-g3-i7-1265u/
2025-09-28 03:56:49,815 - INFO - Scraping 4805/6851: https://www.refurbed.de/p/lenovo-thinkpad-t14-g3-i7-1270p/
2025-09-28 03:56:51,621 - INFO - Scraping 4806/6851: https://www.refurbed.de/p/lenovo-thinkpad-t14-g3-ryzen-5/
2025-09-28 03:56:53,167 - INFO - Scraping 4807/6851: https://www.refurbed.de/p/lenovo-thinkpad-t14-g3-ryzen-7/
2025-09-28 03:56:54,619 - INFO - Scraping 4808/6851: https://www.refurbed.de/p/lenovo-thinkpad-t14-g4-7-7840u/
2025-09-28 03:56:56,395 - INFO - Scraping 4809/6851: https://www.refurbed.de/p/lenovo-thinkpad-t14-g4-i5-1335u/
2025-09-28 03:56:58,392 - INFO - Scraping 4810/6851: https://www.refurbed.de/p/lenovo-thinkpad-t14-g4-i5-1345u/
2025-09-28 03:56:59,910 - INFO - Scraping 4811/6851: https://www.refurbed.de/p/lenovo-thinkpad-t14-g4-i7-1365u/
2025-09-28 03:57:01,608 - INFO - Scraping 4812/6851: https://www.refurbed.de/p/lenovo-thinkpad-t14-g4-pro-7540u/
2025-09-28 03:57:03,283 - INFO - Scraping 4813/6851: https://www.refurbed.de/p/lenovo-thinkpad-t14-i5-10210u/
2025-09-28 03:57:05,003 - INFO - Scraping 4814/6851: https://www.refurbed.de/p/lenovo-thinkpad-t14-i7-10510u/
2025-09-28 03:57:06,608 - INFO - Scraping 4815/6851: https://www.refurbed.de/p/lenovo-thinkpad-t14-r5-pro-4650u/
2025-09-28 03:57:08,225 - INFO - Scraping 4816/6851: https://www.refurbed.de/p/lenovo-thinkpad-t14-ryzen-4750u/
2025-09-28 03:57:09,804 - INFO - Scraping 4817/6851: https://www.refurbed.de/p/lenovo-thinkpad-t14s-g1-10210u/
2025-09-28 03:57:11,359 - INFO - Scraping 4818/6851: https://www.refurbed.de/p/lenovo-thinkpad-t14s-g1-10310u/
2025-09-28 03:57:12,981 - INFO - Scraping 4819/6851: https://www.refurbed.de/p/lenovo-thinkpad-t14s-g1-10510u/
2025-09-28 03:57:14,571 - INFO - Scraping 4820/6851: https://www.refurbed.de/p/lenovo-thinkpad-t14s-g1-10610u/
2025-09-28 03:57:16,350 - INFO - Scraping 4821/6851: https://www.refurbed.de/p/lenovo-thinkpad-t14s-g1-4650u/
2025-09-28 03:57:18,122 - INFO - Scraping 4822/6851: https://www.refurbed.de/p/lenovo-thinkpad-t14s-g1-4750u/
2025-09-28 03:57:19,827 - INFO - Scraping 4823/6851: https://www.refurbed.de/p/lenovo-thinkpad-t14s-g2-1135g7/
2025-09-28 03:57:21,242 - INFO - Scraping 4824/6851: https://www.refurbed.de/p/lenovo-thinkpad-t14s-g2-1145g7/
2025-09-28 03:57:22,997 - INFO - Scraping 4825/6851: https://www.refurbed.de/p/lenovo-thinkpad-t14s-g2-1165g7/
2025-09-28 03:57:24,815 - INFO - Scraping 4826/6851: https://www.refurbed.de/p/lenovo-thinkpad-t14s-g2-1185g7/
2025-09-28 03:57:26,560 - INFO - Scraping 4827/6851: https://www.refurbed.de/p/lenovo-thinkpad-t14s-g2-5650u-14/
2025-09-28 03:57:28,118 - INFO - Scraping 4828/6851: https://www.refurbed.de/p/lenovo-thinkpad-t14s-g2-5650u/
2025-09-28 03:57:29,652 - INFO - Scraping 4829/6851: https://www.refurbed.de/p/lenovo-thinkpad-t14s-g2-r7-pro/
2025-09-28 03:57:31,189 - INFO - Scraping 4830/6851: https://www.refurbed.de/p/lenovo-thinkpad-t14s-g3-1260p/
2025-09-28 03:57:32,715 - INFO - Scraping 4831/6851: https://www.refurbed.de/p/lenovo-thinkpad-t14s-g3-i5-1235u/
2025-09-28 03:57:34,396 - INFO - Scraping 4832/6851: https://www.refurbed.de/p/lenovo-thinkpad-t14s-g3-i5-1240p/
2025-09-28 03:57:35,840 - INFO - Scraping 4833/6851: https://www.refurbed.de/p/lenovo-thinkpad-t14s-g3-i5-1245u/
2025-09-28 03:57:37,275 - INFO - Scraping 4834/6851: https://www.refurbed.de/p/lenovo-thinkpad-t14s-g3-i7-1255u/
2025-09-28 03:57:39,408 - INFO - Scraping 4835/6851: https://www.refurbed.de/p/lenovo-thinkpad-t14s-g3-i7-1265u/
2025-09-28 03:57:40,853 - INFO - Scraping 4836/6851: https://www.refurbed.de/p/lenovo-thinkpad-t14s-g3-i7-1270p/
2025-09-28 03:57:42,398 - INFO - Scraping 4837/6851: https://www.refurbed.de/p/lenovo-thinkpad-t14s-g4-i5-1355u/
2025-09-28 03:57:43,981 - INFO - Scraping 4838/6851: https://www.refurbed.de/p/lenovo-thinkpad-t14s-g4-i7-1355u/
2025-09-28 03:57:45,538 - INFO - Scraping 4839/6851: https://www.refurbed.de/p/lenovo-thinkpad-t15-g1-10210u/
2025-09-28 03:57:47,295 - INFO - Scraping 4840/6851: https://www.refurbed.de/p/lenovo-thinkpad-t15-g1-10310u/
2025-09-28 03:57:48,946 - INFO - Scraping 4841/6851: https://www.refurbed.de/p/lenovo-thinkpad-t15-g1-10510u/
2025-09-28 03:57:50,547 - INFO - Scraping 4842/6851: https://www.refurbed.de/p/lenovo-thinkpad-t15-g1-10610u/
2025-09-28 03:57:52,104 - INFO - Scraping 4843/6851: https://www.refurbed.de/p/lenovo-thinkpad-t15-g2-1185g7/
2025-09-28 03:57:53,650 - INFO - Scraping 4844/6851: https://www.refurbed.de/p/lenovo-thinkpad-t15g-i7-10750h/
2025-09-28 03:57:55,288 - INFO - Scraping 4845/6851: https://www.refurbed.de/p/lenovo-thinkpad-t15g-i9-10885h/
2025-09-28 03:57:56,752 - INFO - Scraping 4846/6851: https://www.refurbed.de/p/lenovo-thinkpad-t15p-10750h/
2025-09-28 03:57:58,286 - INFO - Scraping 4847/6851: https://www.refurbed.de/p/lenovo-thinkpad-t15p-g2-10750h/
2025-09-28 03:57:59,684 - INFO - Scraping 4848/6851: https://www.refurbed.de/p/lenovo-thinkpad-t15p-g2-1135g7/
2025-09-28 03:58:01,288 - INFO - Scraping 4849/6851: https://www.refurbed.de/p/lenovo-thinkpad-t15p-g2-11400h/
2025-09-28 03:58:03,023 - INFO - Scraping 4850/6851: https://www.refurbed.de/p/lenovo-thinkpad-t15p-g2-1145g7/
2025-09-28 03:58:04,429 - INFO - Scraping 4851/6851: https://www.refurbed.de/p/lenovo-thinkpad-t15p-g2-1165g7/
2025-09-28 03:58:06,250 - INFO - Scraping 4852/6851: https://www.refurbed.de/p/lenovo-thinkpad-t16-g1-6650u-/
2025-09-28 03:58:07,746 - INFO - Scraping 4853/6851: https://www.refurbed.de/p/lenovo-thinkpad-t16-g1-i5-1235u/
2025-09-28 03:58:09,192 - INFO - Scraping 4854/6851: https://www.refurbed.de/p/lenovo-thinkpad-t16-g1-i5-1245u/
2025-09-28 03:58:10,714 - INFO - Scraping 4855/6851: https://www.refurbed.de/p/lenovo-thinkpad-t16-g1-i7-1260p/
2025-09-28 03:58:11,043 - ERROR - Error fetching https://www.refurbed.de/p/lenovo-thinkpad-t16-g1-i7-1260p/: 404 Client Error: Not Found for url: https://www.refurbed.de/p/lenovo-thinkpad-t16-g1-i7-1260p/
2025-09-28 03:58:12,046 - INFO - Scraping 4856/6851: https://www.refurbed.de/p/lenovo-thinkpad-t16-g2-i5-1335u/
2025-09-28 03:58:13,468 - INFO - Scraping 4857/6851: https://www.refurbed.de/p/lenovo-thinkpad-t16-g2-i7-1355u/
2025-09-28 03:58:15,058 - INFO - Scraping 4858/6851: https://www.refurbed.de/p/lenovo-thinkpad-t440-4210u-14/
2025-09-28 03:58:15,483 - ERROR - Error fetching https://www.refurbed.de/p/lenovo-thinkpad-t440-4210u-14/: 404 Client Error: Not Found for url: https://www.refurbed.de/p/lenovo-thinkpad-t440-4210u-14/
2025-09-28 03:58:16,486 - INFO - Scraping 4859/6851: https://www.refurbed.de/p/lenovo-thinkpad-t440-i3-4010u/
2025-09-28 03:58:16,764 - ERROR - Error fetching https://www.refurbed.de/p/lenovo-thinkpad-t440-i3-4010u/: 404 Client Error: Not Found for url: https://www.refurbed.de/p/lenovo-thinkpad-t440-i3-4010u/
2025-09-28 03:58:17,766 - INFO - Scraping 4860/6851: https://www.refurbed.de/p/lenovo-thinkpad-t440-i5-4200u-14/
2025-09-28 03:58:18,063 - ERROR - Error fetching https://www.refurbed.de/p/lenovo-thinkpad-t440-i5-4200u-14/: 404 Client Error: Not Found for url: https://www.refurbed.de/p/lenovo-thinkpad-t440-i5-4200u-14/
2025-09-28 03:58:19,065 - INFO - Scraping 4861/6851: https://www.refurbed.de/p/lenovo-thinkpad-t440-i5-4200u/
2025-09-28 03:58:19,369 - ERROR - Error fetching https://www.refurbed.de/p/lenovo-thinkpad-t440-i5-4200u/: 404 Client Error: Not Found for url: https://www.refurbed.de/p/lenovo-thinkpad-t440-i5-4200u/
2025-09-28 03:58:20,371 - INFO - Scraping 4862/6851: https://www.refurbed.de/p/lenovo-thinkpad-t440-i5-4300m-14/
2025-09-28 03:58:20,625 - ERROR - Error fetching https://www.refurbed.de/p/lenovo-thinkpad-t440-i5-4300m-14/: 404 Client Error: Not Found for url: https://www.refurbed.de/p/lenovo-thinkpad-t440-i5-4300m-14/
2025-09-28 03:58:21,627 - INFO - Scraping 4863/6851: https://www.refurbed.de/p/lenovo-thinkpad-t440-i5-4300u-14/
2025-09-28 03:58:21,912 - ERROR - Error fetching https://www.refurbed.de/p/lenovo-thinkpad-t440-i5-4300u-14/: 404 Client Error: Not Found for url: https://www.refurbed.de/p/lenovo-thinkpad-t440-i5-4300u-14/
2025-09-28 03:58:22,914 - INFO - Scraping 4864/6851: https://www.refurbed.de/p/lenovo-thinkpad-t440-i7-4600u-14/
2025-09-28 03:58:23,192 - ERROR - Error fetching https://www.refurbed.de/p/lenovo-thinkpad-t440-i7-4600u-14/: 404 Client Error: Not Found for url: https://www.refurbed.de/p/lenovo-thinkpad-t440-i7-4600u-14/
2025-09-28 03:58:24,194 - INFO - Scraping 4865/6851: https://www.refurbed.de/p/lenovo-thinkpad-t440p-i5-4300m-1/
2025-09-28 03:58:24,471 - ERROR - Error fetching https://www.refurbed.de/p/lenovo-thinkpad-t440p-i5-4300m-1/: 404 Client Error: Not Found for url: https://www.refurbed.de/p/lenovo-thinkpad-t440p-i5-4300m-1/
2025-09-28 03:58:25,473 - INFO - Scraping 4866/6851: https://www.refurbed.de/p/lenovo-thinkpad-t440p-i7-4710mq-/
2025-09-28 03:58:25,751 - ERROR - Error fetching https://www.refurbed.de/p/lenovo-thinkpad-t440p-i7-4710mq-/: 404 Client Error: Not Found for url: https://www.refurbed.de/p/lenovo-thinkpad-t440p-i7-4710mq-/
2025-09-28 03:58:26,753 - INFO - Scraping 4867/6851: https://www.refurbed.de/p/lenovo-thinkpad-t440p-intel-i5-4/
2025-09-28 03:58:27,075 - ERROR - Error fetching https://www.refurbed.de/p/lenovo-thinkpad-t440p-intel-i5-4/: 404 Client Error: Not Found for url: https://www.refurbed.de/p/lenovo-thinkpad-t440p-intel-i5-4/
2025-09-28 03:58:28,077 - INFO - Scraping 4868/6851: https://www.refurbed.de/p/lenovo-thinkpad-t440s-i5-4200u-1/
2025-09-28 03:58:28,361 - ERROR - Error fetching https://www.refurbed.de/p/lenovo-thinkpad-t440s-i5-4200u-1/: 404 Client Error: Not Found for url: https://www.refurbed.de/p/lenovo-thinkpad-t440s-i5-4200u-1/
2025-09-28 03:58:29,363 - INFO - Scraping 4869/6851: https://www.refurbed.de/p/lenovo-thinkpad-t440s-i5-4300-14/
2025-09-28 03:58:29,931 - ERROR - Error fetching https://www.refurbed.de/p/lenovo-thinkpad-t440s-i5-4300-14/: 404 Client Error: Not Found for url: https://www.refurbed.de/p/lenovo-thinkpad-t440s-i5-4300-14/
2025-09-28 03:58:30,933 - INFO - Scraping 4870/6851: https://www.refurbed.de/p/lenovo-thinkpad-t440s-i5-4300u-1/
2025-09-28 03:58:31,230 - ERROR - Error fetching https://www.refurbed.de/p/lenovo-thinkpad-t440s-i5-4300u-1/: 404 Client Error: Not Found for url: https://www.refurbed.de/p/lenovo-thinkpad-t440s-i5-4300u-1/
2025-09-28 03:58:32,232 - INFO - Scraping 4871/6851: https://www.refurbed.de/p/lenovo-thinkpad-t440s-i7-4600u-1/
2025-09-28 03:58:32,504 - ERROR - Error fetching https://www.refurbed.de/p/lenovo-thinkpad-t440s-i7-4600u-1/: 404 Client Error: Not Found for url: https://www.refurbed.de/p/lenovo-thinkpad-t440s-i7-4600u-1/
2025-09-28 03:58:33,507 - INFO - Scraping 4872/6851: https://www.refurbed.de/p/lenovo-thinkpad-t440s-touch-i5-4/
2025-09-28 03:58:33,782 - ERROR - Error fetching https://www.refurbed.de/p/lenovo-thinkpad-t440s-touch-i5-4/: 404 Client Error: Not Found for url: https://www.refurbed.de/p/lenovo-thinkpad-t440s-touch-i5-4/
2025-09-28 03:58:34,783 - INFO - Scraping 4873/6851: https://www.refurbed.de/p/lenovo-thinkpad-t450-i3-5010u/
2025-09-28 03:58:35,045 - ERROR - Error fetching https://www.refurbed.de/p/lenovo-thinkpad-t450-i3-5010u/: 404 Client Error: Not Found for url: https://www.refurbed.de/p/lenovo-thinkpad-t450-i3-5010u/
2025-09-28 03:58:36,047 - INFO - Scraping 4874/6851: https://www.refurbed.de/p/lenovo-thinkpad-t450-i5-14/
2025-09-28 03:58:36,392 - ERROR - Error fetching https://www.refurbed.de/p/lenovo-thinkpad-t450-i5-14/: 404 Client Error: Not Found for url: https://www.refurbed.de/p/lenovo-thinkpad-t450-i5-14/
2025-09-28 03:58:37,395 - INFO - Scraping 4875/6851: https://www.refurbed.de/p/lenovo-thinkpad-t450-i5-5200u-14/
2025-09-28 03:58:37,699 - ERROR - Error fetching https://www.refurbed.de/p/lenovo-thinkpad-t450-i5-5200u-14/: 404 Client Error: Not Found for url: https://www.refurbed.de/p/lenovo-thinkpad-t450-i5-5200u-14/
2025-09-28 03:58:38,701 - INFO - Scraping 4876/6851: https://www.refurbed.de/p/lenovo-thinkpad-t450-i54300-14/
2025-09-28 03:58:39,093 - ERROR - Error fetching https://www.refurbed.de/p/lenovo-thinkpad-t450-i54300-14/: 404 Client Error: Not Found for url: https://www.refurbed.de/p/lenovo-thinkpad-t450-i54300-14/
2025-09-28 03:58:40,096 - INFO - Scraping 4877/6851: https://www.refurbed.de/p/lenovo-thinkpad-t450-i7-5600u-14/
2025-09-28 03:58:40,531 - ERROR - Error fetching https://www.refurbed.de/p/lenovo-thinkpad-t450-i7-5600u-14/: 404 Client Error: Not Found for url: https://www.refurbed.de/p/lenovo-thinkpad-t450-i7-5600u-14/
2025-09-28 03:58:41,534 - INFO - Scraping 4878/6851: https://www.refurbed.de/p/lenovo-thinkpad-t450s-5200u/
2025-09-28 03:58:41,824 - ERROR - Error fetching https://www.refurbed.de/p/lenovo-thinkpad-t450s-5200u/: 404 Client Error: Not Found for url: https://www.refurbed.de/p/lenovo-thinkpad-t450s-5200u/
2025-09-28 03:58:42,826 - INFO - Scraping 4879/6851: https://www.refurbed.de/p/lenovo-thinkpad-t450s-5600u/
2025-09-28 03:58:43,132 - ERROR - Error fetching https://www.refurbed.de/p/lenovo-thinkpad-t450s-5600u/: 404 Client Error: Not Found for url: https://www.refurbed.de/p/lenovo-thinkpad-t450s-5600u/
2025-09-28 03:58:44,134 - INFO - Scraping 4880/6851: https://www.refurbed.de/p/lenovo-thinkpad-t450s-i5-14/
2025-09-28 03:58:44,425 - ERROR - Error fetching https://www.refurbed.de/p/lenovo-thinkpad-t450s-i5-14/: 404 Client Error: Not Found for url: https://www.refurbed.de/p/lenovo-thinkpad-t450s-i5-14/
2025-09-28 03:58:45,427 - INFO - Scraping 4881/6851: https://www.refurbed.de/p/lenovo-thinkpad-t450s-i7-14/
2025-09-28 03:58:45,727 - ERROR - Error fetching https://www.refurbed.de/p/lenovo-thinkpad-t450s-i7-14/: 404 Client Error: Not Found for url: https://www.refurbed.de/p/lenovo-thinkpad-t450s-i7-14/
2025-09-28 03:58:46,729 - INFO - Scraping 4882/6851: https://www.refurbed.de/p/lenovo-thinkpad-t460-i3-6100u-14/
2025-09-28 03:58:46,984 - ERROR - Error fetching https://www.refurbed.de/p/lenovo-thinkpad-t460-i3-6100u-14/: 404 Client Error: Not Found for url: https://www.refurbed.de/p/lenovo-thinkpad-t460-i3-6100u-14/
2025-09-28 03:58:47,986 - INFO - Scraping 4883/6851: https://www.refurbed.de/p/lenovo-thinkpad-t460-i5-6200-14/
2025-09-28 03:58:48,268 - ERROR - Error fetching https://www.refurbed.de/p/lenovo-thinkpad-t460-i5-6200-14/: 404 Client Error: Not Found for url: https://www.refurbed.de/p/lenovo-thinkpad-t460-i5-6200-14/
2025-09-28 03:58:49,270 - INFO - Scraping 4884/6851: https://www.refurbed.de/p/lenovo-thinkpad-t460-i5-6300u-14/
2025-09-28 03:58:49,732 - ERROR - Error fetching https://www.refurbed.de/p/lenovo-thinkpad-t460-i5-6300u-14/: 404 Client Error: Not Found for url: https://www.refurbed.de/p/lenovo-thinkpad-t460-i5-6300u-14/
2025-09-28 03:58:50,734 - INFO - Scraping 4885/6851: https://www.refurbed.de/p/lenovo-thinkpad-t460-i7-6600u-14/
2025-09-28 03:58:51,041 - ERROR - Error fetching https://www.refurbed.de/p/lenovo-thinkpad-t460-i7-6600u-14/: 404 Client Error: Not Found for url: https://www.refurbed.de/p/lenovo-thinkpad-t460-i7-6600u-14/
2025-09-28 03:58:52,043 - INFO - Scraping 4886/6851: https://www.refurbed.de/p/lenovo-thinkpad-t460p-6440hq/
2025-09-28 03:58:52,527 - ERROR - Error fetching https://www.refurbed.de/p/lenovo-thinkpad-t460p-6440hq/: 404 Client Error: Not Found for url: https://www.refurbed.de/p/lenovo-thinkpad-t460p-6440hq/
2025-09-28 03:58:53,529 - INFO - Scraping 4887/6851: https://www.refurbed.de/p/lenovo-thinkpad-t460p-6820hq/
2025-09-28 03:58:53,792 - ERROR - Error fetching https://www.refurbed.de/p/lenovo-thinkpad-t460p-6820hq/: 404 Client Error: Not Found for url: https://www.refurbed.de/p/lenovo-thinkpad-t460p-6820hq/
2025-09-28 03:58:54,794 - INFO - Scraping 4888/6851: https://www.refurbed.de/p/lenovo-thinkpad-t460p-i5-6300hq/
2025-09-28 03:58:55,086 - ERROR - Error fetching https://www.refurbed.de/p/lenovo-thinkpad-t460p-i5-6300hq/: 404 Client Error: Not Found for url: https://www.refurbed.de/p/lenovo-thinkpad-t460p-i5-6300hq/
2025-09-28 03:58:56,088 - INFO - Scraping 4889/6851: https://www.refurbed.de/p/lenovo-thinkpad-t460p-i5-6440hq-/
2025-09-28 03:58:56,387 - ERROR - Error fetching https://www.refurbed.de/p/lenovo-thinkpad-t460p-i5-6440hq-/: 404 Client Error: Not Found for url: https://www.refurbed.de/p/lenovo-thinkpad-t460p-i5-6440hq-/
2025-09-28 03:58:57,389 - INFO - Scraping 4890/6851: https://www.refurbed.de/p/lenovo-thinkpad-t460p-i7-6820hq/
2025-09-28 03:58:58,051 - ERROR - Error fetching https://www.refurbed.de/p/lenovo-thinkpad-t460p-i7-6820hq/: 404 Client Error: Not Found for url: https://www.refurbed.de/p/lenovo-thinkpad-t460p-i7-6820hq/
2025-09-28 03:58:59,053 - INFO - Scraping 4891/6851: https://www.refurbed.de/p/lenovo-thinkpad-t460s-i5-6200u/
2025-09-28 03:58:59,390 - ERROR - Error fetching https://www.refurbed.de/p/lenovo-thinkpad-t460s-i5-6200u/: 404 Client Error: Not Found for url: https://www.refurbed.de/p/lenovo-thinkpad-t460s-i5-6200u/
2025-09-28 03:59:00,393 - INFO - Scraping 4892/6851: https://www.refurbed.de/p/lenovo-thinkpad-t460s-i7-6600u-1/
2025-09-28 03:59:00,690 - ERROR - Error fetching https://www.refurbed.de/p/lenovo-thinkpad-t460s-i7-6600u-1/: 404 Client Error: Not Found for url: https://www.refurbed.de/p/lenovo-thinkpad-t460s-i7-6600u-1/
2025-09-28 03:59:01,693 - INFO - Scraping 4893/6851: https://www.refurbed.de/p/lenovo-thinkpad-t460s-intel-core/
2025-09-28 03:59:01,951 - ERROR - Error fetching https://www.refurbed.de/p/lenovo-thinkpad-t460s-intel-core/: 404 Client Error: Not Found for url: https://www.refurbed.de/p/lenovo-thinkpad-t460s-intel-core/
2025-09-28 03:59:02,953 - INFO - Scraping 4894/6851: https://www.refurbed.de/p/lenovo-thinkpad-t470-6200u/
2025-09-28 03:59:03,338 - ERROR - Error fetching https://www.refurbed.de/p/lenovo-thinkpad-t470-6200u/: 404 Client Error: Not Found for url: https://www.refurbed.de/p/lenovo-thinkpad-t470-6200u/
2025-09-28 03:59:04,340 - INFO - Scraping 4895/6851: https://www.refurbed.de/p/lenovo-thinkpad-t470-6600u/
2025-09-28 03:59:04,724 - ERROR - Error fetching https://www.refurbed.de/p/lenovo-thinkpad-t470-6600u/: 404 Client Error: Not Found for url: https://www.refurbed.de/p/lenovo-thinkpad-t470-6600u/
2025-09-28 03:59:05,726 - INFO - Scraping 4896/6851: https://www.refurbed.de/p/lenovo-thinkpad-t470-7200u/
2025-09-28 03:59:06,203 - ERROR - Error fetching https://www.refurbed.de/p/lenovo-thinkpad-t470-7200u/: 404 Client Error: Not Found for url: https://www.refurbed.de/p/lenovo-thinkpad-t470-7200u/
2025-09-28 03:59:07,205 - INFO - Scraping 4897/6851: https://www.refurbed.de/p/lenovo-thinkpad-t470-7500u-14/
2025-09-28 03:59:07,786 - ERROR - Error fetching https://www.refurbed.de/p/lenovo-thinkpad-t470-7500u-14/: 404 Client Error: Not Found for url: https://www.refurbed.de/p/lenovo-thinkpad-t470-7500u-14/
2025-09-28 03:59:08,788 - INFO - Scraping 4898/6851: https://www.refurbed.de/p/lenovo-thinkpad-t470-7600u/
2025-09-28 03:59:09,062 - ERROR - Error fetching https://www.refurbed.de/p/lenovo-thinkpad-t470-7600u/: 404 Client Error: Not Found for url: https://www.refurbed.de/p/lenovo-thinkpad-t470-7600u/
2025-09-28 03:59:10,064 - INFO - Scraping 4899/6851: https://www.refurbed.de/p/lenovo-thinkpad-t470-i3-7100u/
2025-09-28 03:59:10,612 - ERROR - Error fetching https://www.refurbed.de/p/lenovo-thinkpad-t470-i3-7100u/: 404 Client Error: Not Found for url: https://www.refurbed.de/p/lenovo-thinkpad-t470-i3-7100u/
2025-09-28 03:59:11,614 - INFO - Scraping 4900/6851: https://www.refurbed.de/p/lenovo-thinkpad-t470-i5-6300u-14/
2025-09-28 03:59:11,905 - ERROR - Error fetching https://www.refurbed.de/p/lenovo-thinkpad-t470-i5-6300u-14/: 404 Client Error: Not Found for url: https://www.refurbed.de/p/lenovo-thinkpad-t470-i5-6300u-14/
2025-09-28 03:59:12,907 - INFO - Scraping 4901/6851: https://www.refurbed.de/p/lenovo-thinkpad-t470-i5-7300u-14/
2025-09-28 03:59:13,207 - ERROR - Error fetching https://www.refurbed.de/p/lenovo-thinkpad-t470-i5-7300u-14/: 404 Client Error: Not Found for url: https://www.refurbed.de/p/lenovo-thinkpad-t470-i5-7300u-14/
2025-09-28 03:59:14,209 - INFO - Scraping 4902/6851: https://www.refurbed.de/p/lenovo-thinkpad-t470p-7700hq-14/
2025-09-28 03:59:14,485 - ERROR - Error fetching https://www.refurbed.de/p/lenovo-thinkpad-t470p-7700hq-14/: 404 Client Error: Not Found for url: https://www.refurbed.de/p/lenovo-thinkpad-t470p-7700hq-14/
2025-09-28 03:59:15,487 - INFO - Scraping 4903/6851: https://www.refurbed.de/p/lenovo-thinkpad-t470p-7820hq/
2025-09-28 03:59:17,167 - INFO - Scraping 4904/6851: https://www.refurbed.de/p/lenovo-thinkpad-t470p-i5-7300hq/
2025-09-28 03:59:17,689 - ERROR - Error fetching https://www.refurbed.de/p/lenovo-thinkpad-t470p-i5-7300hq/: 404 Client Error: Not Found for url: https://www.refurbed.de/p/lenovo-thinkpad-t470p-i5-7300hq/
2025-09-28 03:59:18,691 - INFO - Scraping 4905/6851: https://www.refurbed.de/p/lenovo-thinkpad-t470p-i5-7440hq/
2025-09-28 03:59:18,998 - ERROR - Error fetching https://www.refurbed.de/p/lenovo-thinkpad-t470p-i5-7440hq/: 404 Client Error: Not Found for url: https://www.refurbed.de/p/lenovo-thinkpad-t470p-i5-7440hq/
2025-09-28 03:59:20,000 - INFO - Scraping 4906/6851: https://www.refurbed.de/p/lenovo-thinkpad-t470p-i7-7700/
2025-09-28 03:59:20,541 - ERROR - Error fetching https://www.refurbed.de/p/lenovo-thinkpad-t470p-i7-7700/: 404 Client Error: Not Found for url: https://www.refurbed.de/p/lenovo-thinkpad-t470p-i7-7700/
2025-09-28 03:59:21,543 - INFO - Scraping 4907/6851: https://www.refurbed.de/p/lenovo-thinkpad-t470s-14-i5-6300/
2025-09-28 03:59:21,970 - ERROR - Error fetching https://www.refurbed.de/p/lenovo-thinkpad-t470s-14-i5-6300/: 404 Client Error: Not Found for url: https://www.refurbed.de/p/lenovo-thinkpad-t470s-14-i5-6300/
2025-09-28 03:59:22,972 - INFO - Scraping 4908/6851: https://www.refurbed.de/p/lenovo-thinkpad-t470s-14-i5-7200/
2025-09-28 03:59:23,277 - ERROR - Error fetching https://www.refurbed.de/p/lenovo-thinkpad-t470s-14-i5-7200/: 404 Client Error: Not Found for url: https://www.refurbed.de/p/lenovo-thinkpad-t470s-14-i5-7200/
2025-09-28 03:59:24,279 - INFO - Scraping 4909/6851: https://www.refurbed.de/p/lenovo-thinkpad-t470s-14-i5-7300/
2025-09-28 03:59:24,609 - ERROR - Error fetching https://www.refurbed.de/p/lenovo-thinkpad-t470s-14-i5-7300/: 404 Client Error: Not Found for url: https://www.refurbed.de/p/lenovo-thinkpad-t470s-14-i5-7300/
2025-09-28 03:59:25,612 - INFO - Scraping 4910/6851: https://www.refurbed.de/p/lenovo-thinkpad-t470s-14-i7-7500/
2025-09-28 03:59:25,910 - ERROR - Error fetching https://www.refurbed.de/p/lenovo-thinkpad-t470s-14-i7-7500/: 404 Client Error: Not Found for url: https://www.refurbed.de/p/lenovo-thinkpad-t470s-14-i7-7500/
2025-09-28 03:59:26,912 - INFO - Scraping 4911/6851: https://www.refurbed.de/p/lenovo-thinkpad-t470s-14-i7-7600/
2025-09-28 03:59:27,232 - ERROR - Error fetching https://www.refurbed.de/p/lenovo-thinkpad-t470s-14-i7-7600/: 404 Client Error: Not Found for url: https://www.refurbed.de/p/lenovo-thinkpad-t470s-14-i7-7600/
2025-09-28 03:59:28,234 - INFO - Scraping 4912/6851: https://www.refurbed.de/p/lenovo-thinkpad-t470s-6200u-14/
2025-09-28 03:59:28,584 - ERROR - Error fetching https://www.refurbed.de/p/lenovo-thinkpad-t470s-6200u-14/: 404 Client Error: Not Found for url: https://www.refurbed.de/p/lenovo-thinkpad-t470s-6200u-14/
2025-09-28 03:59:29,586 - INFO - Scraping 4913/6851: https://www.refurbed.de/p/lenovo-thinkpad-t480-8650u/
2025-09-28 03:59:31,455 - INFO - Scraping 4914/6851: https://www.refurbed.de/p/lenovo-thinkpad-t480s-i5-8365u/
2025-09-28 03:59:33,344 - INFO - Scraping 4915/6851: https://www.refurbed.de/p/lenovo-thinkpad-t490s-8550u/
2025-09-28 03:59:34,910 - INFO - Scraping 4916/6851: https://www.refurbed.de/p/lenovo-thinkpad-t490s-8665u/
2025-09-28 03:59:36,639 - INFO - Scraping 4917/6851: https://www.refurbed.de/p/lenovo-thinkpad-t540p-4810mq/
2025-09-28 03:59:37,098 - ERROR - Error fetching https://www.refurbed.de/p/lenovo-thinkpad-t540p-4810mq/: 404 Client Error: Not Found for url: https://www.refurbed.de/p/lenovo-thinkpad-t540p-4810mq/
2025-09-28 03:59:38,100 - INFO - Scraping 4918/6851: https://www.refurbed.de/p/lenovo-thinkpad-t540p-i3-4000m/
2025-09-28 03:59:38,433 - ERROR - Error fetching https://www.refurbed.de/p/lenovo-thinkpad-t540p-i3-4000m/: 404 Client Error: Not Found for url: https://www.refurbed.de/p/lenovo-thinkpad-t540p-i3-4000m/
2025-09-28 03:59:39,435 - INFO - Scraping 4919/6851: https://www.refurbed.de/p/lenovo-thinkpad-t540p-i5-4200m/
2025-09-28 03:59:39,733 - ERROR - Error fetching https://www.refurbed.de/p/lenovo-thinkpad-t540p-i5-4200m/: 404 Client Error: Not Found for url: https://www.refurbed.de/p/lenovo-thinkpad-t540p-i5-4200m/
2025-09-28 03:59:40,735 - INFO - Scraping 4920/6851: https://www.refurbed.de/p/lenovo-thinkpad-t540p-i5-4210m/
2025-09-28 03:59:41,181 - ERROR - Error fetching https://www.refurbed.de/p/lenovo-thinkpad-t540p-i5-4210m/: 404 Client Error: Not Found for url: https://www.refurbed.de/p/lenovo-thinkpad-t540p-i5-4210m/
2025-09-28 03:59:42,183 - INFO - Scraping 4921/6851: https://www.refurbed.de/p/lenovo-thinkpad-t540p-i5-4300m-1/
2025-09-28 03:59:42,548 - ERROR - Error fetching https://www.refurbed.de/p/lenovo-thinkpad-t540p-i5-4300m-1/: 404 Client Error: Not Found for url: https://www.refurbed.de/p/lenovo-thinkpad-t540p-i5-4300m-1/
2025-09-28 03:59:43,550 - INFO - Scraping 4922/6851: https://www.refurbed.de/p/lenovo-thinkpad-t540p-i7-4600m-1/
2025-09-28 03:59:43,820 - ERROR - Error fetching https://www.refurbed.de/p/lenovo-thinkpad-t540p-i7-4600m-1/: 404 Client Error: Not Found for url: https://www.refurbed.de/p/lenovo-thinkpad-t540p-i7-4600m-1/
2025-09-28 03:59:44,822 - INFO - Scraping 4923/6851: https://www.refurbed.de/p/lenovo-thinkpad-t540p-i7-4700mq/
2025-09-28 03:59:45,161 - ERROR - Error fetching https://www.refurbed.de/p/lenovo-thinkpad-t540p-i7-4700mq/: 404 Client Error: Not Found for url: https://www.refurbed.de/p/lenovo-thinkpad-t540p-i7-4700mq/
2025-09-28 03:59:46,163 - INFO - Scraping 4924/6851: https://www.refurbed.de/p/lenovo-thinkpad-t540p-i7-4800mq-/
2025-09-28 03:59:46,451 - ERROR - Error fetching https://www.refurbed.de/p/lenovo-thinkpad-t540p-i7-4800mq-/: 404 Client Error: Not Found for url: https://www.refurbed.de/p/lenovo-thinkpad-t540p-i7-4800mq-/
2025-09-28 03:59:47,453 - INFO - Scraping 4925/6851: https://www.refurbed.de/p/lenovo-thinkpad-t550-i5-5200u-15/
2025-09-28 03:59:47,707 - ERROR - Error fetching https://www.refurbed.de/p/lenovo-thinkpad-t550-i5-5200u-15/: 404 Client Error: Not Found for url: https://www.refurbed.de/p/lenovo-thinkpad-t550-i5-5200u-15/
2025-09-28 03:59:48,709 - INFO - Scraping 4926/6851: https://www.refurbed.de/p/lenovo-thinkpad-t550-i7-5600u-15/
2025-09-28 03:59:48,971 - ERROR - Error fetching https://www.refurbed.de/p/lenovo-thinkpad-t550-i7-5600u-15/: 404 Client Error: Not Found for url: https://www.refurbed.de/p/lenovo-thinkpad-t550-i7-5600u-15/
2025-09-28 03:59:49,973 - INFO - Scraping 4927/6851: https://www.refurbed.de/p/lenovo-thinkpad-t560-i5-6300u-15/
2025-09-28 03:59:50,294 - ERROR - Error fetching https://www.refurbed.de/p/lenovo-thinkpad-t560-i5-6300u-15/: 404 Client Error: Not Found for url: https://www.refurbed.de/p/lenovo-thinkpad-t560-i5-6300u-15/
2025-09-28 03:59:51,296 - INFO - Scraping 4928/6851: https://www.refurbed.de/p/lenovo-thinkpad-t570-i5-6200u-15/
2025-09-28 03:59:51,605 - ERROR - Error fetching https://www.refurbed.de/p/lenovo-thinkpad-t570-i5-6200u-15/: 404 Client Error: Not Found for url: https://www.refurbed.de/p/lenovo-thinkpad-t570-i5-6200u-15/
2025-09-28 03:59:52,607 - INFO - Scraping 4929/6851: https://www.refurbed.de/p/lenovo-thinkpad-t570-i5-6300u-15/
2025-09-28 03:59:52,899 - ERROR - Error fetching https://www.refurbed.de/p/lenovo-thinkpad-t570-i5-6300u-15/: 404 Client Error: Not Found for url: https://www.refurbed.de/p/lenovo-thinkpad-t570-i5-6300u-15/
2025-09-28 03:59:53,901 - INFO - Scraping 4930/6851: https://www.refurbed.de/p/lenovo-thinkpad-t570-i5-7200u/
2025-09-28 03:59:54,177 - ERROR - Error fetching https://www.refurbed.de/p/lenovo-thinkpad-t570-i5-7200u/: 404 Client Error: Not Found for url: https://www.refurbed.de/p/lenovo-thinkpad-t570-i5-7200u/
2025-09-28 03:59:55,179 - INFO - Scraping 4931/6851: https://www.refurbed.de/p/lenovo-thinkpad-t570-i5-7300u/
2025-09-28 03:59:55,465 - ERROR - Error fetching https://www.refurbed.de/p/lenovo-thinkpad-t570-i5-7300u/: 404 Client Error: Not Found for url: https://www.refurbed.de/p/lenovo-thinkpad-t570-i5-7300u/
2025-09-28 03:59:56,468 - INFO - Scraping 4932/6851: https://www.refurbed.de/p/lenovo-thinkpad-t570-i7-6000u-15/
2025-09-28 03:59:56,778 - ERROR - Error fetching https://www.refurbed.de/p/lenovo-thinkpad-t570-i7-6000u-15/: 404 Client Error: Not Found for url: https://www.refurbed.de/p/lenovo-thinkpad-t570-i7-6000u-15/
2025-09-28 03:59:57,780 - INFO - Scraping 4933/6851: https://www.refurbed.de/p/lenovo-thinkpad-t570-i7-6600u-15/
2025-09-28 03:59:58,125 - ERROR - Error fetching https://www.refurbed.de/p/lenovo-thinkpad-t570-i7-6600u-15/: 404 Client Error: Not Found for url: https://www.refurbed.de/p/lenovo-thinkpad-t570-i7-6600u-15/
2025-09-28 03:59:59,127 - INFO - Scraping 4934/6851: https://www.refurbed.de/p/lenovo-thinkpad-t570-i7-7500/
2025-09-28 03:59:59,630 - ERROR - Error fetching https://www.refurbed.de/p/lenovo-thinkpad-t570-i7-7500/: 404 Client Error: Not Found for url: https://www.refurbed.de/p/lenovo-thinkpad-t570-i7-7500/
2025-09-28 04:00:00,632 - INFO - Scraping 4935/6851: https://www.refurbed.de/p/lenovo-thinkpad-tablet-dock/
2025-09-28 04:00:02,151 - INFO - Scraping 4936/6851: https://www.refurbed.de/p/lenovo-thinkpad-tb3-dock/
2025-09-28 04:00:03,689 - INFO - Scraping 4937/6851: https://www.refurbed.de/p/lenovo-thinkpad-tb3-gen2-dock/
2025-09-28 04:00:05,245 - INFO - Scraping 4938/6851: https://www.refurbed.de/p/lenovo-thinkpad-tb3-ws-gen2-dock/
2025-09-28 04:00:06,913 - INFO - Scraping 4939/6851: https://www.refurbed.de/p/lenovo-thinkpad-thunderbolt-3/
2025-09-28 04:00:08,513 - INFO - Scraping 4940/6851: https://www.refurbed.de/p/lenovo-thinkpad-universal-dock/
2025-09-28 04:00:10,042 - INFO - Scraping 4941/6851: https://www.refurbed.de/p/lenovo-thinkpad-usb-c-dock-40b5/
2025-09-28 04:00:11,493 - INFO - Scraping 4942/6851: https://www.refurbed.de/p/lenovo-thinkpad-usb-c-usb-a-40af/
2025-09-28 04:00:13,117 - INFO - Scraping 4943/6851: https://www.refurbed.de/p/lenovo-thinkpad-w540-i7-4600-15/
2025-09-28 04:00:13,541 - ERROR - Error fetching https://www.refurbed.de/p/lenovo-thinkpad-w540-i7-4600-15/: 404 Client Error: Not Found for url: https://www.refurbed.de/p/lenovo-thinkpad-w540-i7-4600-15/
2025-09-28 04:00:14,543 - INFO - Scraping 4944/6851: https://www.refurbed.de/p/lenovo-thinkpad-w540-i7-4700mq-1/
2025-09-28 04:00:15,045 - ERROR - Error fetching https://www.refurbed.de/p/lenovo-thinkpad-w540-i7-4700mq-1/: 404 Client Error: Not Found for url: https://www.refurbed.de/p/lenovo-thinkpad-w540-i7-4700mq-1/
2025-09-28 04:00:16,047 - INFO - Scraping 4945/6851: https://www.refurbed.de/p/lenovo-thinkpad-w540-i7-4710mq-1/
2025-09-28 04:00:16,712 - ERROR - Error fetching https://www.refurbed.de/p/lenovo-thinkpad-w540-i7-4710mq-1/: 404 Client Error: Not Found for url: https://www.refurbed.de/p/lenovo-thinkpad-w540-i7-4710mq-1/
2025-09-28 04:00:17,714 - INFO - Scraping 4946/6851: https://www.refurbed.de/p/lenovo-thinkpad-w540-i7-4800mq-1/
2025-09-28 04:00:18,044 - ERROR - Error fetching https://www.refurbed.de/p/lenovo-thinkpad-w540-i7-4800mq-1/: 404 Client Error: Not Found for url: https://www.refurbed.de/p/lenovo-thinkpad-w540-i7-4800mq-1/
2025-09-28 04:00:19,046 - INFO - Scraping 4947/6851: https://www.refurbed.de/p/lenovo-thinkpad-w540-i7-4810mq-1/
2025-09-28 04:00:20,044 - ERROR - Error fetching https://www.refurbed.de/p/lenovo-thinkpad-w540-i7-4810mq-1/: 404 Client Error: Not Found for url: https://www.refurbed.de/p/lenovo-thinkpad-w540-i7-4810mq-1/
2025-09-28 04:00:21,046 - INFO - Scraping 4948/6851: https://www.refurbed.de/p/lenovo-thinkpad-w540-i7-4900mq/
2025-09-28 04:00:21,700 - ERROR - Error fetching https://www.refurbed.de/p/lenovo-thinkpad-w540-i7-4900mq/: 404 Client Error: Not Found for url: https://www.refurbed.de/p/lenovo-thinkpad-w540-i7-4900mq/
2025-09-28 04:00:22,702 - INFO - Scraping 4949/6851: https://www.refurbed.de/p/lenovo-thinkpad-w540/
2025-09-28 04:00:22,985 - ERROR - Error fetching https://www.refurbed.de/p/lenovo-thinkpad-w540/: 404 Client Error: Not Found for url: https://www.refurbed.de/p/lenovo-thinkpad-w540/
2025-09-28 04:00:23,987 - INFO - Scraping 4950/6851: https://www.refurbed.de/p/lenovo-thinkpad-w541-i5-4340m/
2025-09-28 04:00:24,492 - ERROR - Error fetching https://www.refurbed.de/p/lenovo-thinkpad-w541-i5-4340m/: 404 Client Error: Not Found for url: https://www.refurbed.de/p/lenovo-thinkpad-w541-i5-4340m/
2025-09-28 04:00:25,494 - INFO - Scraping 4951/6851: https://www.refurbed.de/p/lenovo-thinkpad-w541-i7-4810mq-1/
2025-09-28 04:00:25,929 - ERROR - Error fetching https://www.refurbed.de/p/lenovo-thinkpad-w541-i7-4810mq-1/: 404 Client Error: Not Found for url: https://www.refurbed.de/p/lenovo-thinkpad-w541-i7-4810mq-1/
2025-09-28 04:00:26,931 - INFO - Scraping 4952/6851: https://www.refurbed.de/p/lenovo-thinkpad-w550s-i7-5500u/
2025-09-28 04:00:27,288 - ERROR - Error fetching https://www.refurbed.de/p/lenovo-thinkpad-w550s-i7-5500u/: 404 Client Error: Not Found for url: https://www.refurbed.de/p/lenovo-thinkpad-w550s-i7-5500u/
2025-09-28 04:00:28,290 - INFO - Scraping 4953/6851: https://www.refurbed.de/p/lenovo-thinkpad-x1-ext-g3-10750h/
2025-09-28 04:00:29,739 - INFO - Scraping 4954/6851: https://www.refurbed.de/p/lenovo-thinkpad-x1-ext-g3-10885h/
2025-09-28 04:00:31,297 - INFO - Scraping 4955/6851: https://www.refurbed.de/p/lenovo-thinkpad-x1-extreme-8400h/
2025-09-28 04:00:32,982 - INFO - Scraping 4956/6851: https://www.refurbed.de/p/lenovo-thinkpad-x1-extreme-9300h/
2025-09-28 04:00:34,573 - INFO - Scraping 4957/6851: https://www.refurbed.de/p/lenovo-thinkpad-x1-extreme-g4-i7/
2025-09-28 04:00:36,106 - INFO - Scraping 4958/6851: https://www.refurbed.de/p/lenovo-thinkpad-x1-fold-g1-l16g7/
2025-09-28 04:00:37,619 - INFO - Scraping 4959/6851: https://www.refurbed.de/p/lenovo-thinkpad-x1-tablet-g2/
2025-09-28 04:00:37,970 - ERROR - Error fetching https://www.refurbed.de/p/lenovo-thinkpad-x1-tablet-g2/: 404 Client Error: Not Found for url: https://www.refurbed.de/p/lenovo-thinkpad-x1-tablet-g2/
2025-09-28 04:00:38,973 - INFO - Scraping 4960/6851: https://www.refurbed.de/p/lenovo-thinkpad-x1-tablet/
2025-09-28 04:00:39,268 - ERROR - Error fetching https://www.refurbed.de/p/lenovo-thinkpad-x1-tablet/: 404 Client Error: Not Found for url: https://www.refurbed.de/p/lenovo-thinkpad-x1-tablet/
2025-09-28 04:00:40,271 - INFO - Scraping 4961/6851: https://www.refurbed.de/p/lenovo-thinkpad-x1-yoga-g1-6500u/
2025-09-28 04:00:40,562 - ERROR - Error fetching https://www.refurbed.de/p/lenovo-thinkpad-x1-yoga-g1-6500u/: 404 Client Error: Not Found for url: https://www.refurbed.de/p/lenovo-thinkpad-x1-yoga-g1-6500u/
2025-09-28 04:00:41,564 - INFO - Scraping 4962/6851: https://www.refurbed.de/p/lenovo-thinkpad-x13-10210u/
2025-09-28 04:00:42,956 - INFO - Scraping 4963/6851: https://www.refurbed.de/p/lenovo-thinkpad-x13-10310u/
2025-09-28 04:00:44,761 - INFO - Scraping 4964/6851: https://www.refurbed.de/p/lenovo-thinkpad-x13-g1-10210u/
2025-09-28 04:00:46,512 - INFO - Scraping 4965/6851: https://www.refurbed.de/p/lenovo-thinkpad-x13-g1-10310u/
2025-09-28 04:00:48,494 - INFO - Scraping 4966/6851: https://www.refurbed.de/p/lenovo-thinkpad-x13-g1-10510u/
2025-09-28 04:00:50,401 - INFO - Scraping 4967/6851: https://www.refurbed.de/p/lenovo-thinkpad-x13-g1-10610u/
2025-09-28 04:00:51,928 - INFO - Scraping 4968/6851: https://www.refurbed.de/p/lenovo-thinkpad-x13-g1-4450u/
2025-09-28 04:00:53,564 - INFO - Scraping 4969/6851: https://www.refurbed.de/p/lenovo-thinkpad-x13-g1-4650u/
2025-09-28 04:00:55,104 - INFO - Scraping 4970/6851: https://www.refurbed.de/p/lenovo-thinkpad-x13-g4-1345u/
2025-09-28 04:00:56,725 - INFO - Scraping 4971/6851: https://www.refurbed.de/p/lenovo-thinkpad-x13-r5-pro-4650u/
2025-09-28 04:00:58,640 - INFO - Scraping 4972/6851: https://www.refurbed.de/p/lenovo-thinkpad-x13-r7-pro-4750u/
2025-09-28 04:01:00,700 - INFO - Scraping 4973/6851: https://www.refurbed.de/p/lenovo-thinkpad-x13-yoga-10210u/
2025-09-28 04:01:02,641 - INFO - Scraping 4974/6851: https://www.refurbed.de/p/lenovo-thinkpad-x13-yoga-10310u/
2025-09-28 04:01:04,337 - INFO - Scraping 4975/6851: https://www.refurbed.de/p/lenovo-thinkpad-x13-yoga-10510u/
2025-09-28 04:01:06,056 - INFO - Scraping 4976/6851: https://www.refurbed.de/p/lenovo-thinkpad-x13-yoga-10610u/
2025-09-28 04:01:07,843 - INFO - Scraping 4977/6851: https://www.refurbed.de/p/lenovo-thinkpad-x131e-1007u/
2025-09-28 04:01:08,262 - ERROR - Error fetching https://www.refurbed.de/p/lenovo-thinkpad-x131e-1007u/: 404 Client Error: Not Found for url: https://www.refurbed.de/p/lenovo-thinkpad-x131e-1007u/
2025-09-28 04:01:09,265 - INFO - Scraping 4978/6851: https://www.refurbed.de/p/lenovo-thinkpad-x13s-g1-s-8cx-g3/
2025-09-28 04:01:10,804 - INFO - Scraping 4979/6851: https://www.refurbed.de/p/lenovo-thinkpad-x240-i3-4010u-12/
2025-09-28 04:01:11,231 - ERROR - Error fetching https://www.refurbed.de/p/lenovo-thinkpad-x240-i3-4010u-12/: 404 Client Error: Not Found for url: https://www.refurbed.de/p/lenovo-thinkpad-x240-i3-4010u-12/
2025-09-28 04:01:12,233 - INFO - Scraping 4980/6851: https://www.refurbed.de/p/lenovo-thinkpad-x240-i5-3320m-12/
2025-09-28 04:01:12,540 - ERROR - Error fetching https://www.refurbed.de/p/lenovo-thinkpad-x240-i5-3320m-12/: 404 Client Error: Not Found for url: https://www.refurbed.de/p/lenovo-thinkpad-x240-i5-3320m-12/
2025-09-28 04:01:13,542 - INFO - Scraping 4981/6851: https://www.refurbed.de/p/lenovo-thinkpad-x240-i5-4210u-12/
2025-09-28 04:01:13,818 - ERROR - Error fetching https://www.refurbed.de/p/lenovo-thinkpad-x240-i5-4210u-12/: 404 Client Error: Not Found for url: https://www.refurbed.de/p/lenovo-thinkpad-x240-i5-4210u-12/
2025-09-28 04:01:14,820 - INFO - Scraping 4982/6851: https://www.refurbed.de/p/lenovo-thinkpad-x240/
2025-09-28 04:01:15,067 - ERROR - Error fetching https://www.refurbed.de/p/lenovo-thinkpad-x240/: 404 Client Error: Not Found for url: https://www.refurbed.de/p/lenovo-thinkpad-x240/
2025-09-28 04:01:16,069 - INFO - Scraping 4983/6851: https://www.refurbed.de/p/lenovo-thinkpad-x250-5300u/
2025-09-28 04:01:16,429 - ERROR - Error fetching https://www.refurbed.de/p/lenovo-thinkpad-x250-5300u/: 404 Client Error: Not Found for url: https://www.refurbed.de/p/lenovo-thinkpad-x250-5300u/
2025-09-28 04:01:17,431 - INFO - Scraping 4984/6851: https://www.refurbed.de/p/lenovo-thinkpad-x250-i3-4030u-12/
2025-09-28 04:01:17,694 - ERROR - Error fetching https://www.refurbed.de/p/lenovo-thinkpad-x250-i3-4030u-12/: 404 Client Error: Not Found for url: https://www.refurbed.de/p/lenovo-thinkpad-x250-i3-4030u-12/
2025-09-28 04:01:18,697 - INFO - Scraping 4985/6851: https://www.refurbed.de/p/lenovo-thinkpad-x250-i3-5010u-12/
2025-09-28 04:01:18,983 - ERROR - Error fetching https://www.refurbed.de/p/lenovo-thinkpad-x250-i3-5010u-12/: 404 Client Error: Not Found for url: https://www.refurbed.de/p/lenovo-thinkpad-x250-i3-5010u-12/
2025-09-28 04:01:19,985 - INFO - Scraping 4986/6851: https://www.refurbed.de/p/lenovo-thinkpad-x250-i5-12-5/
2025-09-28 04:01:20,366 - ERROR - Error fetching https://www.refurbed.de/p/lenovo-thinkpad-x250-i5-12-5/: 404 Client Error: Not Found for url: https://www.refurbed.de/p/lenovo-thinkpad-x250-i5-12-5/
2025-09-28 04:01:21,368 - INFO - Scraping 4987/6851: https://www.refurbed.de/p/lenovo-thinkpad-x250-i5-4300m-12/
2025-09-28 04:01:21,710 - ERROR - Error fetching https://www.refurbed.de/p/lenovo-thinkpad-x250-i5-4300m-12/: 404 Client Error: Not Found for url: https://www.refurbed.de/p/lenovo-thinkpad-x250-i5-4300m-12/
2025-09-28 04:01:22,712 - INFO - Scraping 4988/6851: https://www.refurbed.de/p/lenovo-thinkpad-x250-i5-5200m-12/
2025-09-28 04:01:22,988 - ERROR - Error fetching https://www.refurbed.de/p/lenovo-thinkpad-x250-i5-5200m-12/: 404 Client Error: Not Found for url: https://www.refurbed.de/p/lenovo-thinkpad-x250-i5-5200m-12/
2025-09-28 04:01:23,991 - INFO - Scraping 4989/6851: https://www.refurbed.de/p/lenovo-thinkpad-x250-i7-4600u/
2025-09-28 04:01:24,269 - ERROR - Error fetching https://www.refurbed.de/p/lenovo-thinkpad-x250-i7-4600u/: 404 Client Error: Not Found for url: https://www.refurbed.de/p/lenovo-thinkpad-x250-i7-4600u/
2025-09-28 04:01:25,272 - INFO - Scraping 4990/6851: https://www.refurbed.de/p/lenovo-thinkpad-x260-6600u/
2025-09-28 04:01:25,906 - ERROR - Error fetching https://www.refurbed.de/p/lenovo-thinkpad-x260-6600u/: 404 Client Error: Not Found for url: https://www.refurbed.de/p/lenovo-thinkpad-x260-6600u/
2025-09-28 04:01:26,908 - INFO - Scraping 4991/6851: https://www.refurbed.de/p/lenovo-thinkpad-x270-6200u/
2025-09-28 04:01:27,274 - ERROR - Error fetching https://www.refurbed.de/p/lenovo-thinkpad-x270-6200u/: 404 Client Error: Not Found for url: https://www.refurbed.de/p/lenovo-thinkpad-x270-6200u/
2025-09-28 04:01:28,277 - INFO - Scraping 4992/6851: https://www.refurbed.de/p/lenovo-thinkpad-x270-6600u/
2025-09-28 04:01:28,592 - ERROR - Error fetching https://www.refurbed.de/p/lenovo-thinkpad-x270-6600u/: 404 Client Error: Not Found for url: https://www.refurbed.de/p/lenovo-thinkpad-x270-6600u/
2025-09-28 04:01:29,595 - INFO - Scraping 4993/6851: https://www.refurbed.de/p/lenovo-thinkpad-x270-7100/
2025-09-28 04:01:29,918 - ERROR - Error fetching https://www.refurbed.de/p/lenovo-thinkpad-x270-7100/: 404 Client Error: Not Found for url: https://www.refurbed.de/p/lenovo-thinkpad-x270-7100/
2025-09-28 04:01:30,920 - INFO - Scraping 4994/6851: https://www.refurbed.de/p/lenovo-thinkpad-x270-7100u/
2025-09-28 04:01:31,269 - ERROR - Error fetching https://www.refurbed.de/p/lenovo-thinkpad-x270-7100u/: 404 Client Error: Not Found for url: https://www.refurbed.de/p/lenovo-thinkpad-x270-7100u/
2025-09-28 04:01:32,271 - INFO - Scraping 4995/6851: https://www.refurbed.de/p/lenovo-thinkpad-x270-7200u/
2025-09-28 04:01:32,587 - ERROR - Error fetching https://www.refurbed.de/p/lenovo-thinkpad-x270-7200u/: 404 Client Error: Not Found for url: https://www.refurbed.de/p/lenovo-thinkpad-x270-7200u/
2025-09-28 04:01:33,589 - INFO - Scraping 4996/6851: https://www.refurbed.de/p/lenovo-thinkpad-x270-7300u/
2025-09-28 04:01:33,902 - ERROR - Error fetching https://www.refurbed.de/p/lenovo-thinkpad-x270-7300u/: 404 Client Error: Not Found for url: https://www.refurbed.de/p/lenovo-thinkpad-x270-7300u/
2025-09-28 04:01:34,904 - INFO - Scraping 4997/6851: https://www.refurbed.de/p/lenovo-thinkpad-x270-7500u/
2025-09-28 04:01:35,371 - ERROR - Error fetching https://www.refurbed.de/p/lenovo-thinkpad-x270-7500u/: 404 Client Error: Not Found for url: https://www.refurbed.de/p/lenovo-thinkpad-x270-7500u/
2025-09-28 04:01:36,373 - INFO - Scraping 4998/6851: https://www.refurbed.de/p/lenovo-thinkpad-x270-7600u/
2025-09-28 04:01:37,307 - ERROR - Error fetching https://www.refurbed.de/p/lenovo-thinkpad-x270-7600u/: 404 Client Error: Not Found for url: https://www.refurbed.de/p/lenovo-thinkpad-x270-7600u/
2025-09-28 04:01:38,309 - INFO - Scraping 4999/6851: https://www.refurbed.de/p/lenovo-thinkpad-x270-i3-6100u/
2025-09-28 04:01:38,637 - ERROR - Error fetching https://www.refurbed.de/p/lenovo-thinkpad-x270-i3-6100u/: 404 Client Error: Not Found for url: https://www.refurbed.de/p/lenovo-thinkpad-x270-i3-6100u/
2025-09-28 04:01:39,639 - INFO - Scraping 5000/6851: https://www.refurbed.de/p/lenovo-thinkpad-x270-i5-6300u-12/
2025-09-28 04:01:39,985 - ERROR - Error fetching https://www.refurbed.de/p/lenovo-thinkpad-x270-i5-6300u-12/: 404 Client Error: Not Found for url: https://www.refurbed.de/p/lenovo-thinkpad-x270-i5-6300u-12/
2025-09-28 04:01:40,988 - INFO - Scraping 5001/6851: https://www.refurbed.de/p/lenovo-thinkpad-x280-i3-8130u/
2025-09-28 04:01:42,468 - INFO - Scraping 5002/6851: https://www.refurbed.de/p/lenovo-thinkpad-x280-i5-7200u/
2025-09-28 04:01:43,441 - ERROR - Error fetching https://www.refurbed.de/p/lenovo-thinkpad-x280-i5-7200u/: 404 Client Error: Not Found for url: https://www.refurbed.de/p/lenovo-thinkpad-x280-i5-7200u/
2025-09-28 04:01:44,444 - INFO - Scraping 5003/6851: https://www.refurbed.de/p/lenovo-thinkpad-x280-i5-7300u/
2025-09-28 04:01:44,733 - ERROR - Error fetching https://www.refurbed.de/p/lenovo-thinkpad-x280-i5-7300u/: 404 Client Error: Not Found for url: https://www.refurbed.de/p/lenovo-thinkpad-x280-i5-7300u/
2025-09-28 04:01:45,735 - INFO - Scraping 5004/6851: https://www.refurbed.de/p/lenovo-thinkpad-x280-i5-8250u/
2025-09-28 04:01:47,382 - INFO - Scraping 5005/6851: https://www.refurbed.de/p/lenovo-thinkpad-x280-i5-8350u/
2025-09-28 04:01:49,218 - INFO - Scraping 5006/6851: https://www.refurbed.de/p/lenovo-thinkpad-x280-i7-8550u/
2025-09-28 04:01:50,925 - INFO - Scraping 5007/6851: https://www.refurbed.de/p/lenovo-thinkpad-x280-i7-8650u/
2025-09-28 04:01:52,491 - INFO - Scraping 5008/6851: https://www.refurbed.de/p/lenovo-thinkpad-x390-8565u-13-3/
2025-09-28 04:01:54,155 - INFO - Scraping 5009/6851: https://www.refurbed.de/p/lenovo-thinkpad-x395-pro-3300u/
2025-09-28 04:01:54,472 - ERROR - Error fetching https://www.refurbed.de/p/lenovo-thinkpad-x395-pro-3300u/: 404 Client Error: Not Found for url: https://www.refurbed.de/p/lenovo-thinkpad-x395-pro-3300u/
2025-09-28 04:01:55,474 - INFO - Scraping 5010/6851: https://www.refurbed.de/p/lenovo-thinkpad-x395-ryzen-5-pro/
2025-09-28 04:01:57,403 - INFO - Scraping 5011/6851: https://www.refurbed.de/p/lenovo-thinkpad-x4-ultrabase/
2025-09-28 04:01:59,128 - INFO - Scraping 5012/6851: https://www.refurbed.de/p/lenovo-thinkpad-yoga-11e-g4-i3/
2025-09-28 04:01:59,487 - ERROR - Error fetching https://www.refurbed.de/p/lenovo-thinkpad-yoga-11e-g4-i3/: 404 Client Error: Not Found for url: https://www.refurbed.de/p/lenovo-thinkpad-yoga-11e-g4-i3/
2025-09-28 04:02:00,489 - INFO - Scraping 5013/6851: https://www.refurbed.de/p/lenovo-thinkpad-yoga-11e-g5-n41/
2025-09-28 04:02:02,032 - INFO - Scraping 5014/6851: https://www.refurbed.de/p/lenovo-thinkpad-yoga-11e-m-5y10c/
2025-09-28 04:02:02,406 - ERROR - Error fetching https://www.refurbed.de/p/lenovo-thinkpad-yoga-11e-m-5y10c/: 404 Client Error: Not Found for url: https://www.refurbed.de/p/lenovo-thinkpad-yoga-11e-m-5y10c/
2025-09-28 04:02:03,408 - INFO - Scraping 5015/6851: https://www.refurbed.de/p/lenovo-thinkpad-yoga-11e-n2930/
2025-09-28 04:02:03,675 - ERROR - Error fetching https://www.refurbed.de/p/lenovo-thinkpad-yoga-11e-n2930/: 404 Client Error: Not Found for url: https://www.refurbed.de/p/lenovo-thinkpad-yoga-11e-n2930/
2025-09-28 04:02:04,677 - INFO - Scraping 5016/6851: https://www.refurbed.de/p/lenovo-thinkpad-yoga-11e-n3150/
2025-09-28 04:02:06,162 - INFO - Scraping 5017/6851: https://www.refurbed.de/p/lenovo-thinkpad-yoga-11e-n3160/
2025-09-28 04:02:06,628 - ERROR - Error fetching https://www.refurbed.de/p/lenovo-thinkpad-yoga-11e-n3160/: 404 Client Error: Not Found for url: https://www.refurbed.de/p/lenovo-thinkpad-yoga-11e-n3160/
2025-09-28 04:02:07,631 - INFO - Scraping 5018/6851: https://www.refurbed.de/p/lenovo-thinkpad-yoga-12-5300u/
2025-09-28 04:02:08,121 - ERROR - Error fetching https://www.refurbed.de/p/lenovo-thinkpad-yoga-12-5300u/: 404 Client Error: Not Found for url: https://www.refurbed.de/p/lenovo-thinkpad-yoga-12-5300u/
2025-09-28 04:02:09,124 - INFO - Scraping 5019/6851: https://www.refurbed.de/p/lenovo-thinkpad-yoga-12-i7-5500u/
2025-09-28 04:02:09,597 - ERROR - Error fetching https://www.refurbed.de/p/lenovo-thinkpad-yoga-12-i7-5500u/: 404 Client Error: Not Found for url: https://www.refurbed.de/p/lenovo-thinkpad-yoga-12-i7-5500u/
2025-09-28 04:02:10,599 - INFO - Scraping 5020/6851: https://www.refurbed.de/p/lenovo-thinkpad-yoga-260-6300u/
2025-09-28 04:02:10,931 - ERROR - Error fetching https://www.refurbed.de/p/lenovo-thinkpad-yoga-260-6300u/: 404 Client Error: Not Found for url: https://www.refurbed.de/p/lenovo-thinkpad-yoga-260-6300u/
2025-09-28 04:02:11,933 - INFO - Scraping 5021/6851: https://www.refurbed.de/p/lenovo-thinkpad-yoga-260-6600u/
2025-09-28 04:02:12,225 - ERROR - Error fetching https://www.refurbed.de/p/lenovo-thinkpad-yoga-260-6600u/: 404 Client Error: Not Found for url: https://www.refurbed.de/p/lenovo-thinkpad-yoga-260-6600u/
2025-09-28 04:02:13,227 - INFO - Scraping 5022/6851: https://www.refurbed.de/p/lenovo-thinkpad-yoga-370-i5-7300/
2025-09-28 04:02:13,508 - ERROR - Error fetching https://www.refurbed.de/p/lenovo-thinkpad-yoga-370-i5-7300/: 404 Client Error: Not Found for url: https://www.refurbed.de/p/lenovo-thinkpad-yoga-370-i5-7300/
2025-09-28 04:02:14,511 - INFO - Scraping 5023/6851: https://www.refurbed.de/p/lenovo-thinkpad-yoga-370-i7500u/
2025-09-28 04:02:14,791 - ERROR - Error fetching https://www.refurbed.de/p/lenovo-thinkpad-yoga-370-i7500u/: 404 Client Error: Not Found for url: https://www.refurbed.de/p/lenovo-thinkpad-yoga-370-i7500u/
2025-09-28 04:02:15,793 - INFO - Scraping 5024/6851: https://www.refurbed.de/p/lenovo-thinkpad-yoga-370-i7600u/
2025-09-28 04:02:16,129 - ERROR - Error fetching https://www.refurbed.de/p/lenovo-thinkpad-yoga-370-i7600u/: 404 Client Error: Not Found for url: https://www.refurbed.de/p/lenovo-thinkpad-yoga-370-i7600u/
2025-09-28 04:02:17,131 - INFO - Scraping 5025/6851: https://www.refurbed.de/p/lenovo-thinkpad-yoga-460-6300u/
2025-09-28 04:02:17,421 - ERROR - Error fetching https://www.refurbed.de/p/lenovo-thinkpad-yoga-460-6300u/: 404 Client Error: Not Found for url: https://www.refurbed.de/p/lenovo-thinkpad-yoga-460-6300u/
2025-09-28 04:02:18,424 - INFO - Scraping 5026/6851: https://www.refurbed.de/p/lenovo-thinkpad-yoga-460-6500u/
2025-09-28 04:02:18,713 - ERROR - Error fetching https://www.refurbed.de/p/lenovo-thinkpad-yoga-460-6500u/: 404 Client Error: Not Found for url: https://www.refurbed.de/p/lenovo-thinkpad-yoga-460-6500u/
2025-09-28 04:02:19,715 - INFO - Scraping 5027/6851: https://www.refurbed.de/p/lenovo-thinkpad-yoga-5200u/
2025-09-28 04:02:20,048 - ERROR - Error fetching https://www.refurbed.de/p/lenovo-thinkpad-yoga-5200u/: 404 Client Error: Not Found for url: https://www.refurbed.de/p/lenovo-thinkpad-yoga-5200u/
2025-09-28 04:02:21,050 - INFO - Scraping 5028/6851: https://www.refurbed.de/p/lenovo-tp-c13-yoga-g1-r-5-3500c/
2025-09-28 04:02:22,500 - INFO - Scraping 5029/6851: https://www.refurbed.de/p/lenovo-tp-x1-tablet-g2-7y57/
2025-09-28 04:02:22,783 - ERROR - Error fetching https://www.refurbed.de/p/lenovo-tp-x1-tablet-g2-7y57/: 404 Client Error: Not Found for url: https://www.refurbed.de/p/lenovo-tp-x1-tablet-g2-7y57/
2025-09-28 04:02:23,786 - INFO - Scraping 5030/6851: https://www.refurbed.de/p/lenovo-tp-x1-tablet-g2-i7-7y75/
2025-09-28 04:02:24,102 - ERROR - Error fetching https://www.refurbed.de/p/lenovo-tp-x1-tablet-g2-i7-7y75/: 404 Client Error: Not Found for url: https://www.refurbed.de/p/lenovo-tp-x1-tablet-g2-i7-7y75/
2025-09-28 04:02:25,104 - INFO - Scraping 5031/6851: https://www.refurbed.de/p/lenovo-tp-x1-tablet-g3-i5-8250u/
2025-09-28 04:02:26,866 - INFO - Scraping 5032/6851: https://www.refurbed.de/p/lenovo-tp-x1-tablet-g3-i5-8350u/
2025-09-28 04:02:28,469 - INFO - Scraping 5033/6851: https://www.refurbed.de/p/lenovo-tp-x1-tablet-g3-i7-8550u/
2025-09-28 04:02:29,892 - INFO - Scraping 5034/6851: https://www.refurbed.de/p/lenovo-tp-x1-tablet-g3-i7-8650u/
2025-09-28 04:02:31,679 - INFO - Scraping 5035/6851: https://www.refurbed.de/p/lenovo-tp-x1-yoga-g1-6200u/
2025-09-28 04:02:32,026 - ERROR - Error fetching https://www.refurbed.de/p/lenovo-tp-x1-yoga-g1-6200u/: 404 Client Error: Not Found for url: https://www.refurbed.de/p/lenovo-tp-x1-yoga-g1-6200u/
2025-09-28 04:02:33,029 - INFO - Scraping 5036/6851: https://www.refurbed.de/p/lenovo-tp-x1-yoga-g1-6300u/
2025-09-28 04:02:33,306 - ERROR - Error fetching https://www.refurbed.de/p/lenovo-tp-x1-yoga-g1-6300u/: 404 Client Error: Not Found for url: https://www.refurbed.de/p/lenovo-tp-x1-yoga-g1-6300u/
2025-09-28 04:02:34,309 - INFO - Scraping 5037/6851: https://www.refurbed.de/p/lenovo-tp-x1-yoga-g1-6600u/
2025-09-28 04:02:34,714 - ERROR - Error fetching https://www.refurbed.de/p/lenovo-tp-x1-yoga-g1-6600u/: 404 Client Error: Not Found for url: https://www.refurbed.de/p/lenovo-tp-x1-yoga-g1-6600u/
2025-09-28 04:02:35,716 - INFO - Scraping 5038/6851: https://www.refurbed.de/p/lenovo-tp-x1-yoga-g1-7600u/
2025-09-28 04:02:36,028 - ERROR - Error fetching https://www.refurbed.de/p/lenovo-tp-x1-yoga-g1-7600u/: 404 Client Error: Not Found for url: https://www.refurbed.de/p/lenovo-tp-x1-yoga-g1-7600u/
2025-09-28 04:02:37,031 - INFO - Scraping 5039/6851: https://www.refurbed.de/p/lenovo-tp-x1-yoga-g1-i5-1130g7/
2025-09-28 04:02:39,492 - INFO - Scraping 5040/6851: https://www.refurbed.de/p/lenovo-tp-x1-yoga-g1-i7-1160g7/
2025-09-28 04:02:41,078 - INFO - Scraping 5041/6851: https://www.refurbed.de/p/lenovo-tp-x1-yoga-g2-7200u/
2025-09-28 04:02:41,391 - ERROR - Error fetching https://www.refurbed.de/p/lenovo-tp-x1-yoga-g2-7200u/: 404 Client Error: Not Found for url: https://www.refurbed.de/p/lenovo-tp-x1-yoga-g2-7200u/
2025-09-28 04:02:42,394 - INFO - Scraping 5042/6851: https://www.refurbed.de/p/lenovo-tp-x1-yoga-g2-7300u/
2025-09-28 04:02:42,750 - ERROR - Error fetching https://www.refurbed.de/p/lenovo-tp-x1-yoga-g2-7300u/: 404 Client Error: Not Found for url: https://www.refurbed.de/p/lenovo-tp-x1-yoga-g2-7300u/
2025-09-28 04:02:43,752 - INFO - Scraping 5043/6851: https://www.refurbed.de/p/lenovo-tp-x1-yoga-g2-7500u/
2025-09-28 04:02:44,030 - ERROR - Error fetching https://www.refurbed.de/p/lenovo-tp-x1-yoga-g2-7500u/: 404 Client Error: Not Found for url: https://www.refurbed.de/p/lenovo-tp-x1-yoga-g2-7500u/
2025-09-28 04:02:45,033 - INFO - Scraping 5044/6851: https://www.refurbed.de/p/lenovo-tp-x1-yoga-g2-7600u/
2025-09-28 04:02:45,387 - ERROR - Error fetching https://www.refurbed.de/p/lenovo-tp-x1-yoga-g2-7600u/: 404 Client Error: Not Found for url: https://www.refurbed.de/p/lenovo-tp-x1-yoga-g2-7600u/
2025-09-28 04:02:46,390 - INFO - Scraping 5045/6851: https://www.refurbed.de/p/lenovo-tp-x1-yoga-g3-8250u/
2025-09-28 04:02:48,035 - INFO - Scraping 5046/6851: https://www.refurbed.de/p/lenovo-tp-x1-yoga-g3-8350u/
2025-09-28 04:02:49,740 - INFO - Scraping 5047/6851: https://www.refurbed.de/p/lenovo-tp-x1-yoga-g3-8550u/
2025-09-28 04:02:51,415 - INFO - Scraping 5048/6851: https://www.refurbed.de/p/lenovo-tp-x1-yoga-g3-8650u/
2025-09-28 04:02:53,206 - INFO - Scraping 5049/6851: https://www.refurbed.de/p/lenovo-tp-x1-yoga-g4-10210u/
2025-09-28 04:02:54,802 - INFO - Scraping 5050/6851: https://www.refurbed.de/p/lenovo-tp-x1-yoga-g4-8265u/
2025-09-28 04:02:56,561 - INFO - Scraping 5051/6851: https://www.refurbed.de/p/lenovo-tp-x1-yoga-g4-8365u/
2025-09-28 04:02:58,411 - INFO - Scraping 5052/6851: https://www.refurbed.de/p/lenovo-tp-x1-yoga-g4-8565u/
2025-09-28 04:02:59,996 - INFO - Scraping 5053/6851: https://www.refurbed.de/p/lenovo-tp-x1-yoga-g4-8665u/
2025-09-28 04:03:01,521 - INFO - Scraping 5054/6851: https://www.refurbed.de/p/lenovo-tp-x1-yoga-g4-i5-6300u/
2025-09-28 04:03:01,956 - ERROR - Error fetching https://www.refurbed.de/p/lenovo-tp-x1-yoga-g4-i5-6300u/: 404 Client Error: Not Found for url: https://www.refurbed.de/p/lenovo-tp-x1-yoga-g4-i5-6300u/
2025-09-28 04:03:02,958 - INFO - Scraping 5055/6851: https://www.refurbed.de/p/lenovo-tp-x1-yoga-g5-10210u/
2025-09-28 04:03:04,570 - INFO - Scraping 5056/6851: https://www.refurbed.de/p/lenovo-tp-x1-yoga-g5-10310u/
2025-09-28 04:03:06,244 - INFO - Scraping 5057/6851: https://www.refurbed.de/p/lenovo-tp-x1-yoga-g5-10510u-14/
2025-09-28 04:03:07,820 - INFO - Scraping 5058/6851: https://www.refurbed.de/p/lenovo-tp-x1-yoga-g5-6300u/
2025-09-28 04:03:08,160 - ERROR - Error fetching https://www.refurbed.de/p/lenovo-tp-x1-yoga-g5-6300u/: 404 Client Error: Not Found for url: https://www.refurbed.de/p/lenovo-tp-x1-yoga-g5-6300u/
2025-09-28 04:03:09,162 - INFO - Scraping 5059/6851: https://www.refurbed.de/p/lenovo-tp-x1-yoga-g5-7500u/
2025-09-28 04:03:09,447 - ERROR - Error fetching https://www.refurbed.de/p/lenovo-tp-x1-yoga-g5-7500u/: 404 Client Error: Not Found for url: https://www.refurbed.de/p/lenovo-tp-x1-yoga-g5-7500u/
2025-09-28 04:03:10,449 - INFO - Scraping 5060/6851: https://www.refurbed.de/p/lenovo-tp-x1-yoga-g5-i7-10610u/
2025-09-28 04:03:12,172 - INFO - Scraping 5061/6851: https://www.refurbed.de/p/lenovo-tp-x1-yoga-g6-8350u/
2025-09-28 04:03:13,665 - INFO - Scraping 5062/6851: https://www.refurbed.de/p/lenovo-tp-x1-yoga-g6-8650u/
2025-09-28 04:03:15,106 - INFO - Scraping 5063/6851: https://www.refurbed.de/p/lenovo-tp-x1-yoga-g6-i5-1135g7/
2025-09-28 04:03:16,736 - INFO - Scraping 5064/6851: https://www.refurbed.de/p/lenovo-tp-x1-yoga-g6-i5-1145g7/
2025-09-28 04:03:18,589 - INFO - Scraping 5065/6851: https://www.refurbed.de/p/lenovo-tp-x1-yoga-g6-i7-1165g7/
2025-09-28 04:03:20,157 - INFO - Scraping 5066/6851: https://www.refurbed.de/p/lenovo-tp-x1-yoga-g6-i7-1185g7/
2025-09-28 04:03:21,732 - INFO - Scraping 5067/6851: https://www.refurbed.de/p/lenovo-tp-x1-yoga-g7-8365u/
2025-09-28 04:03:23,222 - INFO - Scraping 5068/6851: https://www.refurbed.de/p/lenovo-tp-x1-yoga-g7-i5-1235u/
2025-09-28 04:03:24,740 - INFO - Scraping 5069/6851: https://www.refurbed.de/p/lenovo-tp-x1-yoga-g7-i5-1245u/
2025-09-28 04:03:26,364 - INFO - Scraping 5070/6851: https://www.refurbed.de/p/lenovo-tp-x1-yoga-g7-i7-1255u/
2025-09-28 04:03:27,911 - INFO - Scraping 5071/6851: https://www.refurbed.de/p/lenovo-tp-x1-yoga-g7-i7-1260p/
2025-09-28 04:03:29,501 - INFO - Scraping 5072/6851: https://www.refurbed.de/p/lenovo-tp-x1-yoga-g7-i7-1265u/
2025-09-28 04:03:30,997 - INFO - Scraping 5073/6851: https://www.refurbed.de/p/lenovo-tp-x1-yoga-g7-i7-1270p/
2025-09-28 04:03:32,561 - INFO - Scraping 5074/6851: https://www.refurbed.de/p/lenovo-tp-x1-yoga-g7-i7-1280p/
2025-09-28 04:03:34,002 - INFO - Scraping 5075/6851: https://www.refurbed.de/p/lenovo-tp-x1-yoga-g8-i5-1345u/
2025-09-28 04:03:35,540 - INFO - Scraping 5076/6851: https://www.refurbed.de/p/lenovo-tp-x1-yoga-g8-i7-1365u/
2025-09-28 04:03:36,997 - INFO - Scraping 5077/6851: https://www.refurbed.de/p/lenovo-tp-yoga-11e-g4-7200u-11-6/
2025-09-28 04:03:37,421 - ERROR - Error fetching https://www.refurbed.de/p/lenovo-tp-yoga-11e-g4-7200u-11-6/: 404 Client Error: Not Found for url: https://www.refurbed.de/p/lenovo-tp-yoga-11e-g4-7200u-11-6/
2025-09-28 04:03:38,423 - INFO - Scraping 5078/6851: https://www.refurbed.de/p/lenovo-tp-yoga-i7-5500u/
2025-09-28 04:03:38,690 - ERROR - Error fetching https://www.refurbed.de/p/lenovo-tp-yoga-i7-5500u/: 404 Client Error: Not Found for url: https://www.refurbed.de/p/lenovo-tp-yoga-i7-5500u/
2025-09-28 04:03:39,693 - INFO - Scraping 5079/6851: https://www.refurbed.de/p/lenovo-tp-yoga-x380-8250u/
2025-09-28 04:03:41,318 - INFO - Scraping 5080/6851: https://www.refurbed.de/p/lenovo-tp-yoga-x380-8350u/
2025-09-28 04:03:42,785 - INFO - Scraping 5081/6851: https://www.refurbed.de/p/lenovo-tp-yoga-x380-8650u-13-3/
2025-09-28 04:03:44,568 - INFO - Scraping 5082/6851: https://www.refurbed.de/p/lenovo-tp-yoga-x380-i7-8550u/
2025-09-28 04:03:46,095 - INFO - Scraping 5083/6851: https://www.refurbed.de/p/lenovo-tp-yoga-x390-8365u/
2025-09-28 04:03:47,884 - INFO - Scraping 5084/6851: https://www.refurbed.de/p/lenovo-tp-yoga-x390-8565u/
2025-09-28 04:03:49,558 - INFO - Scraping 5085/6851: https://www.refurbed.de/p/lenovo-tp-yoga-x390-8665u-13-3/
2025-09-28 04:03:51,187 - INFO - Scraping 5086/6851: https://www.refurbed.de/p/lenovo-tp-yoga-x390-i5-8265u/
2025-09-28 04:03:52,889 - INFO - Scraping 5087/6851: https://www.refurbed.de/p/lenovo-tp-yoga-x390-i5-8350u/
2025-09-28 04:03:54,569 - INFO - Scraping 5088/6851: https://www.refurbed.de/p/lenovo-x1-yoga-g4-i7-8650u-14/
2025-09-28 04:03:56,164 - INFO - Scraping 5089/6851: https://www.refurbed.de/p/lenovo-x13-yoga-g2-1135g7/
2025-09-28 04:03:57,796 - INFO - Scraping 5090/6851: https://www.refurbed.de/p/lenovo-x13-yoga-g2-i5-1145g7/
2025-09-28 04:03:59,367 - INFO - Scraping 5091/6851: https://www.refurbed.de/p/lenovo-x13-yoga-g2-i7-1165g7/
2025-09-28 04:04:01,192 - INFO - Scraping 5092/6851: https://www.refurbed.de/p/lenovo-x13-yoga-g3-5-pro-6650u/
2025-09-28 04:04:02,881 - INFO - Scraping 5093/6851: https://www.refurbed.de/p/lenovo-x13-yoga-g3-i5-1245u/
2025-09-28 04:04:04,952 - INFO - Scraping 5094/6851: https://www.refurbed.de/p/lenovo-x13-yoga-g3-i7-1255u/
2025-09-28 04:04:06,517 - INFO - Scraping 5095/6851: https://www.refurbed.de/p/lenovo-x13-yoga-g4-i5-1345u/
2025-09-28 04:04:08,092 - INFO - Scraping 5096/6851: https://www.refurbed.de/p/lenovo-yoga-510-14ikb-i3-7100u/
2025-09-28 04:04:08,370 - ERROR - Error fetching https://www.refurbed.de/p/lenovo-yoga-510-14ikb-i3-7100u/: 404 Client Error: Not Found for url: https://www.refurbed.de/p/lenovo-yoga-510-14ikb-i3-7100u/
2025-09-28 04:04:09,372 - INFO - Scraping 5097/6851: https://www.refurbed.de/p/lenovo-yoga-520-14ikb-7100u/
2025-09-28 04:04:09,719 - ERROR - Error fetching https://www.refurbed.de/p/lenovo-yoga-520-14ikb-7100u/: 404 Client Error: Not Found for url: https://www.refurbed.de/p/lenovo-yoga-520-14ikb-7100u/
2025-09-28 04:04:10,721 - INFO - Scraping 5098/6851: https://www.refurbed.de/p/lenovo-yoga-520-14ikb-i3-7130u/
2025-09-28 04:04:10,984 - ERROR - Error fetching https://www.refurbed.de/p/lenovo-yoga-520-14ikb-i3-7130u/: 404 Client Error: Not Found for url: https://www.refurbed.de/p/lenovo-yoga-520-14ikb-i3-7130u/
2025-09-28 04:04:11,987 - INFO - Scraping 5099/6851: https://www.refurbed.de/p/lenovo-yoga-530-14ikb-i5-8250u/
2025-09-28 04:04:13,585 - INFO - Scraping 5100/6851: https://www.refurbed.de/p/lenovo-yoga-530-2200u/
2025-09-28 04:04:13,913 - ERROR - Error fetching https://www.refurbed.de/p/lenovo-yoga-530-2200u/: 404 Client Error: Not Found for url: https://www.refurbed.de/p/lenovo-yoga-530-2200u/
2025-09-28 04:04:14,916 - INFO - Scraping 5101/6851: https://www.refurbed.de/p/lenovo-yoga-5g-8cx/
2025-09-28 04:04:16,428 - INFO - Scraping 5102/6851: https://www.refurbed.de/p/lenovo-yoga-6-55500u/
2025-09-28 04:04:18,306 - INFO - Scraping 5103/6851: https://www.refurbed.de/p/lenovo-yoga-7-14arb7-r7-6800u/
2025-09-28 04:04:20,189 - INFO - Scraping 5104/6851: https://www.refurbed.de/p/lenovo-yoga-7-14ial7-i7-1260p/
2025-09-28 04:04:21,826 - INFO - Scraping 5105/6851: https://www.refurbed.de/p/lenovo-yoga-7-15itl5-1135g7-15-6/
2025-09-28 04:04:23,504 - INFO - Scraping 5106/6851: https://www.refurbed.de/p/lenovo-yoga-7-15itl5-1165g7-15-6/
2025-09-28 04:04:24,923 - INFO - Scraping 5107/6851: https://www.refurbed.de/p/lenovo-yoga-720-13ikb-i5-7200u-1/
2025-09-28 04:04:25,452 - ERROR - Error fetching https://www.refurbed.de/p/lenovo-yoga-720-13ikb-i5-7200u-1/: 404 Client Error: Not Found for url: https://www.refurbed.de/p/lenovo-yoga-720-13ikb-i5-7200u-1/
2025-09-28 04:04:26,455 - INFO - Scraping 5108/6851: https://www.refurbed.de/p/lenovo-yoga-720-13ikb-i7-7500u-1/
2025-09-28 04:04:26,744 - ERROR - Error fetching https://www.refurbed.de/p/lenovo-yoga-720-13ikb-i7-7500u-1/: 404 Client Error: Not Found for url: https://www.refurbed.de/p/lenovo-yoga-720-13ikb-i7-7500u-1/
2025-09-28 04:04:27,747 - INFO - Scraping 5109/6851: https://www.refurbed.de/p/lenovo-yoga-730-15iwl-8565u/
2025-09-28 04:04:29,433 - INFO - Scraping 5110/6851: https://www.refurbed.de/p/lenovo-yoga-9-14itl5-1185g7/
2025-09-28 04:04:30,929 - INFO - Scraping 5111/6851: https://www.refurbed.de/p/lenovo-yoga-910-13ikb-i7-7500u/
2025-09-28 04:04:31,379 - ERROR - Error fetching https://www.refurbed.de/p/lenovo-yoga-910-13ikb-i7-7500u/: 404 Client Error: Not Found for url: https://www.refurbed.de/p/lenovo-yoga-910-13ikb-i7-7500u/
2025-09-28 04:04:32,381 - INFO - Scraping 5112/6851: https://www.refurbed.de/p/lenovo-yoga-920-13ikb-i7-8550u/
2025-09-28 04:04:33,899 - INFO - Scraping 5113/6851: https://www.refurbed.de/p/lenovo-yoga-c640-13iml-10210u/
2025-09-28 04:04:35,533 - INFO - Scraping 5114/6851: https://www.refurbed.de/p/lenovo-yoga-c940-14iil-i7-1065g7/
2025-09-28 04:04:36,967 - INFO - Scraping 5115/6851: https://www.refurbed.de/p/lenovo-yoga-slim-6-i7-1260p/
2025-09-28 04:04:38,471 - INFO - Scraping 5116/6851: https://www.refurbed.de/p/lenovo-yoga-slim-7-14apu8-7640s/
2025-09-28 04:04:40,029 - INFO - Scraping 5117/6851: https://www.refurbed.de/p/lenovo-yoga-slim-7-i5-1135/
2025-09-28 04:04:41,547 - INFO - Scraping 5118/6851: https://www.refurbed.de/p/lenovo-yoga-slim-7-pro-7-5800h/
2025-09-28 04:04:43,231 - INFO - Scraping 5119/6851: https://www.refurbed.de/p/lenovo-yoga-slim-7-ryzen-5-4600/
2025-09-28 04:04:44,682 - INFO - Scraping 5120/6851: https://www.refurbed.de/p/lenovo-yoga-slim-9-1165g7/
2025-09-28 04:04:46,120 - INFO - Scraping 5121/6851: https://www.refurbed.de/p/lenovo-yoga-smart-tab/
2025-09-28 04:04:47,546 - INFO - Scraping 5122/6851: https://www.refurbed.de/p/lenovo-yoga-tab-13-yt-k606f/
2025-09-28 04:04:49,210 - INFO - Scraping 5123/6851: https://www.refurbed.de/p/lenovo-yoga-tab-2-pro/
2025-09-28 04:04:50,708 - INFO - Scraping 5124/6851: https://www.refurbed.de/p/lenovo-yoga-tab-3-plus-10/
2025-09-28 04:04:52,131 - INFO - Scraping 5125/6851: https://www.refurbed.de/p/lenovo-yoga-tab2-10/
2025-09-28 04:04:53,649 - INFO - Scraping 5126/6851: https://www.refurbed.de/p/lenovo-yoga-tab3-10/
2025-09-28 04:04:55,210 - INFO - Scraping 5127/6851: https://www.refurbed.de/p/lg-22bk55wy-w/
2025-09-28 04:04:56,807 - INFO - Scraping 5128/6851: https://www.refurbed.de/p/lg-22eb23py-w-22/
2025-09-28 04:04:58,398 - INFO - Scraping 5129/6851: https://www.refurbed.de/p/lg-22mb35pu/
2025-09-28 04:04:59,882 - INFO - Scraping 5130/6851: https://www.refurbed.de/p/lg-22mb65pm-b/
2025-09-28 04:05:01,428 - INFO - Scraping 5131/6851: https://www.refurbed.de/p/lg-22mb65pm-w-22/
2025-09-28 04:05:03,094 - INFO - Scraping 5132/6851: https://www.refurbed.de/p/lg-22mb65py-b-22/
2025-09-28 04:05:04,762 - INFO - Scraping 5133/6851: https://www.refurbed.de/p/lg-23mb35pm-b/
2025-09-28 04:05:06,292 - INFO - Scraping 5134/6851: https://www.refurbed.de/p/lg-23mb35py-b/
2025-09-28 04:05:07,719 - INFO - Scraping 5135/6851: https://www.refurbed.de/p/lg-24bk450h-b/
2025-09-28 04:05:09,219 - INFO - Scraping 5136/6851: https://www.refurbed.de/p/lg-24bk550y-b-23-8/
2025-09-28 04:05:11,070 - INFO - Scraping 5137/6851: https://www.refurbed.de/p/lg-24bk550y-i-23-8/
2025-09-28 04:05:12,584 - INFO - Scraping 5138/6851: https://www.refurbed.de/p/lg-24bk550y-w-23-8/
2025-09-28 04:05:14,102 - INFO - Scraping 5139/6851: https://www.refurbed.de/p/lg-24bk750y-b/
2025-09-28 04:05:15,636 - INFO - Scraping 5140/6851: https://www.refurbed.de/p/lg-24eb23/
2025-09-28 04:05:17,134 - INFO - Scraping 5141/6851: https://www.refurbed.de/p/lg-24eb23pm-w/
2025-09-28 04:05:18,765 - INFO - Scraping 5142/6851: https://www.refurbed.de/p/lg-24mb35ph-b/
2025-09-28 04:05:20,470 - INFO - Scraping 5143/6851: https://www.refurbed.de/p/lg-24mb35pm/
2025-09-28 04:05:22,229 - INFO - Scraping 5144/6851: https://www.refurbed.de/p/lg-24mb35py-b-23-8/
2025-09-28 04:05:23,935 - INFO - Scraping 5145/6851: https://www.refurbed.de/p/lg-24mb37pm/
2025-09-28 04:05:25,732 - INFO - Scraping 5146/6851: https://www.refurbed.de/p/lg-24mb56hq-b-23-8/
2025-09-28 04:05:27,545 - INFO - Scraping 5147/6851: https://www.refurbed.de/p/lg-24mb56hq-t-23-8/
2025-09-28 04:05:28,972 - INFO - Scraping 5148/6851: https://www.refurbed.de/p/lg-24mb65pm-b-24/
2025-09-28 04:05:30,629 - INFO - Scraping 5149/6851: https://www.refurbed.de/p/lg-24mb65pm-i-24/
2025-09-28 04:05:32,451 - INFO - Scraping 5150/6851: https://www.refurbed.de/p/lg-24mb65py/
2025-09-28 04:05:34,238 - INFO - Scraping 5151/6851: https://www.refurbed.de/p/lg-24mk430h-b/
2025-09-28 04:05:35,706 - INFO - Scraping 5152/6851: https://www.refurbed.de/p/lg-24mp400-b-23-8/
2025-09-28 04:05:37,426 - INFO - Scraping 5153/6851: https://www.refurbed.de/p/lg-24mp60g-b-23-8/
2025-09-28 04:05:39,468 - INFO - Scraping 5154/6851: https://www.refurbed.de/p/lg-27bk550y-w-27/
2025-09-28 04:05:41,298 - INFO - Scraping 5155/6851: https://www.refurbed.de/p/lg-27mb65py-b/
2025-09-28 04:05:42,753 - INFO - Scraping 5156/6851: https://www.refurbed.de/p/lg-27mb65py-w-27/
2025-09-28 04:05:44,230 - INFO - Scraping 5157/6851: https://www.refurbed.de/p/lg-27mp59g-p/
2025-09-28 04:05:45,684 - INFO - Scraping 5158/6851: https://www.refurbed.de/p/lg-27uk670-27/
2025-09-28 04:05:47,372 - INFO - Scraping 5159/6851: https://www.refurbed.de/p/lg-27ul500-w/
2025-09-28 04:05:48,930 - INFO - Scraping 5160/6851: https://www.refurbed.de/p/lg-27ul850-w-27/
2025-09-28 04:05:50,359 - INFO - Scraping 5161/6851: https://www.refurbed.de/p/lg-27up850-w-27/
2025-09-28 04:05:51,995 - INFO - Scraping 5162/6851: https://www.refurbed.de/p/lg-32ud99-w-31-5/
2025-09-28 04:05:53,648 - INFO - Scraping 5163/6851: https://www.refurbed.de/p/lg-34ub67-b-34/
2025-09-28 04:05:55,315 - INFO - Scraping 5164/6851: https://www.refurbed.de/p/lg-34uc88-b-34/
2025-09-28 04:05:56,770 - INFO - Scraping 5165/6851: https://www.refurbed.de/p/lg-34uc97-s-34/
2025-09-28 04:05:58,205 - INFO - Scraping 5166/6851: https://www.refurbed.de/p/lg-34um69g-b-34/
2025-09-28 04:05:59,656 - INFO - Scraping 5167/6851: https://www.refurbed.de/p/lg-43uq75009lf/
2025-09-28 04:06:01,121 - INFO - Scraping 5168/6851: https://www.refurbed.de/p/lg-43ur74006lb/
2025-09-28 04:06:02,735 - INFO - Scraping 5169/6851: https://www.refurbed.de/p/lg-49ub830v-49/
2025-09-28 04:06:04,291 - INFO - Scraping 5170/6851: https://www.refurbed.de/p/lg-50uq75009lf/
2025-09-28 04:06:05,888 - INFO - Scraping 5171/6851: https://www.refurbed.de/p/lg-55ea9709/
2025-09-28 04:06:07,507 - INFO - Scraping 5172/6851: https://www.refurbed.de/p/lg-55nano759pa/
2025-09-28 04:06:09,067 - INFO - Scraping 5173/6851: https://www.refurbed.de/p/lg-55nano867na-55/
2025-09-28 04:06:10,668 - INFO - Scraping 5174/6851: https://www.refurbed.de/p/lg-65uk6470plc-55/
2025-09-28 04:06:12,260 - INFO - Scraping 5175/6851: https://www.refurbed.de/p/lg-75nano999na-75/
2025-09-28 04:06:13,722 - INFO - Scraping 5176/6851: https://www.refurbed.de/p/lg-75up80009la-75/
2025-09-28 04:06:15,285 - INFO - Scraping 5177/6851: https://www.refurbed.de/p/lg-cinebeam-hu915qe/
2025-09-28 04:06:16,821 - INFO - Scraping 5178/6851: https://www.refurbed.de/p/lg-cinebeam-led-full-hd-hf60lsr/
2025-09-28 04:06:18,319 - INFO - Scraping 5179/6851: https://www.refurbed.de/p/lg-cinebeam-q/
2025-09-28 04:06:19,841 - INFO - Scraping 5180/6851: https://www.refurbed.de/p/lg-db325txs/
2025-09-28 04:06:21,372 - INFO - Scraping 5181/6851: https://www.refurbed.de/p/lg-db365txs/
2025-09-28 04:06:22,856 - INFO - Scraping 5182/6851: https://www.refurbed.de/p/lg-ds60tr-soundbar/
2025-09-28 04:06:24,312 - INFO - Scraping 5183/6851: https://www.refurbed.de/p/lg-ds80qy-soundbar/
2025-09-28 04:06:25,879 - INFO - Scraping 5184/6851: https://www.refurbed.de/p/lg-ds80tr-soundbar/
2025-09-28 04:06:27,497 - INFO - Scraping 5185/6851: https://www.refurbed.de/p/lg-ds95qr-soundbar/
2025-09-28 04:06:28,971 - INFO - Scraping 5186/6851: https://www.refurbed.de/p/lg-ds95tr-soundbar/
2025-09-28 04:06:30,467 - INFO - Scraping 5187/6851: https://www.refurbed.de/p/lg-dsg10ty-soundbar/
2025-09-28 04:06:32,067 - INFO - Scraping 5188/6851: https://www.refurbed.de/p/lg-f4r3010nswb/
2025-09-28 04:06:33,545 - INFO - Scraping 5189/6851: https://www.refurbed.de/p/lg-f4r3011nswb/
2025-09-28 04:06:35,135 - INFO - Scraping 5190/6851: https://www.refurbed.de/p/lg-f4r3710nsww/
2025-09-28 04:06:36,623 - INFO - Scraping 5191/6851: https://www.refurbed.de/p/lg-f4r5011tsww/
2025-09-28 04:06:38,207 - INFO - Scraping 5192/6851: https://www.refurbed.de/p/lg-f4r9009tpwc/
2025-09-28 04:06:40,071 - INFO - Scraping 5193/6851: https://www.refurbed.de/p/lg-f4wm309sae/
2025-09-28 04:06:41,584 - INFO - Scraping 5194/6851: https://www.refurbed.de/p/lg-f4wv309s4e/
2025-09-28 04:06:43,179 - INFO - Scraping 5195/6851: https://www.refurbed.de/p/lg-flatron-23mb35ph-b-23/
2025-09-28 04:06:44,630 - INFO - Scraping 5196/6851: https://www.refurbed.de/p/lg-flatron-24eb23pm-b-24/
2025-09-28 04:06:46,220 - INFO - Scraping 5197/6851: https://www.refurbed.de/p/lg-flatron-24mb65pm-24/
2025-09-28 04:06:47,901 - INFO - Scraping 5198/6851: https://www.refurbed.de/p/lg-flatron-e2210pm-sn-22/
2025-09-28 04:06:50,046 - INFO - Scraping 5199/6851: https://www.refurbed.de/p/lg-flatron-e2411pu-bn/
2025-09-28 04:06:52,218 - INFO - Scraping 5200/6851: https://www.refurbed.de/p/lg-flatron-e2422py-bn/
2025-09-28 04:06:53,833 - INFO - Scraping 5201/6851: https://www.refurbed.de/p/lg-flatron-ips231p-23/
2025-09-28 04:06:55,411 - INFO - Scraping 5202/6851: https://www.refurbed.de/p/lg-flatron-ips234v-23/
2025-09-28 04:06:56,911 - INFO - Scraping 5203/6851: https://www.refurbed.de/p/lg-flatron-l1942s-bf/
2025-09-28 04:06:58,449 - INFO - Scraping 5204/6851: https://www.refurbed.de/p/lg-flatron-l226wtq-sf-22/
2025-09-28 04:06:59,929 - INFO - Scraping 5205/6851: https://www.refurbed.de/p/lg-flatron-w2242pm-22/
2025-09-28 04:07:01,451 - INFO - Scraping 5206/6851: https://www.refurbed.de/p/lg-flatron-w2442pa-bf-24/
2025-09-28 04:07:03,066 - INFO - Scraping 5207/6851: https://www.refurbed.de/p/lg-flatronw2442pe-sf-24/
2025-09-28 04:07:04,565 - INFO - Scraping 5208/6851: https://www.refurbed.de/p/lg-gbb62pzjmn/
2025-09-28 04:07:06,092 - INFO - Scraping 5209/6851: https://www.refurbed.de/p/lg-gbb72nsvcn1/
2025-09-28 04:07:07,702 - INFO - Scraping 5210/6851: https://www.refurbed.de/p/lg-gbb72pzugn-apzqeur/
2025-09-28 04:07:09,186 - INFO - Scraping 5211/6851: https://www.refurbed.de/p/lg-gbp62pznbc/
2025-09-28 04:07:10,722 - INFO - Scraping 5212/6851: https://www.refurbed.de/p/lg-gmj916nshv-side-by-side/
2025-09-28 04:07:12,168 - INFO - Scraping 5213/6851: https://www.refurbed.de/p/lg-gram-14-1035g7/
2025-09-28 04:07:13,776 - INFO - Scraping 5214/6851: https://www.refurbed.de/p/lg-gram-16-i7-1165g7-2021/
2025-09-28 04:07:15,296 - INFO - Scraping 5215/6851: https://www.refurbed.de/p/lg-gram-16-view/
2025-09-28 04:07:16,814 - INFO - Scraping 5216/6851: https://www.refurbed.de/p/lg-gram-17-2021-1135g7/
2025-09-28 04:07:17,096 - ERROR - Error fetching https://www.refurbed.de/p/lg-gram-17-2021-1135g7/: 404 Client Error: Not Found for url: https://www.refurbed.de/p/lg-gram-17-2021-1135g7/
2025-09-28 04:07:18,099 - INFO - Scraping 5217/6851: https://www.refurbed.de/p/lg-gram-17-2023-5-125h/
2025-09-28 04:07:19,623 - INFO - Scraping 5218/6851: https://www.refurbed.de/p/lg-gram-17-2023-i7-1360p/
2025-09-28 04:07:21,135 - INFO - Scraping 5219/6851: https://www.refurbed.de/p/lg-gram-17-2024-core-ultra-7/
2025-09-28 04:07:22,674 - INFO - Scraping 5220/6851: https://www.refurbed.de/p/lg-gram-pro-16-2-in-1-7-155h/
2025-09-28 04:07:24,344 - INFO - Scraping 5221/6851: https://www.refurbed.de/p/lg-gram-pro-16-2024-7-155h/
2025-09-28 04:07:26,262 - INFO - Scraping 5222/6851: https://www.refurbed.de/p/lg-gram-pro-17-2024-7-155h/
2025-09-28 04:07:27,925 - INFO - Scraping 5223/6851: https://www.refurbed.de/p/lg-gram-style-16-2023-i7-1360/
2025-09-28 04:07:29,792 - INFO - Scraping 5224/6851: https://www.refurbed.de/p/lg-gram-superslim-i7-1360p/
2025-09-28 04:07:31,369 - INFO - Scraping 5225/6851: https://www.refurbed.de/p/lg-gsl461icez-side-by-side/
2025-09-28 04:07:33,082 - INFO - Scraping 5226/6851: https://www.refurbed.de/p/lg-hbs-900/
2025-09-28 04:07:34,698 - INFO - Scraping 5227/6851: https://www.refurbed.de/p/lg-mh6565cpb/
2025-09-28 04:07:36,123 - INFO - Scraping 5228/6851: https://www.refurbed.de/p/lg-ms2042d/
2025-09-28 04:07:37,673 - INFO - Scraping 5229/6851: https://www.refurbed.de/p/lg-ms2595cis/
2025-09-28 04:07:39,106 - INFO - Scraping 5230/6851: https://www.refurbed.de/p/lg-nano86-55/
2025-09-28 04:07:40,679 - INFO - Scraping 5231/6851: https://www.refurbed.de/p/lg-oled55b23la/
2025-09-28 04:07:42,091 - INFO - Scraping 5232/6851: https://www.refurbed.de/p/lg-qp5-soundbar/
2025-09-28 04:07:43,653 - INFO - Scraping 5233/6851: https://www.refurbed.de/p/lg-sc9s-soundbar/
2025-09-28 04:07:45,279 - INFO - Scraping 5234/6851: https://www.refurbed.de/p/lg-signature-oled77w7v/
2025-09-28 04:07:46,689 - INFO - Scraping 5235/6851: https://www.refurbed.de/p/lg-sk5-soundbar/
2025-09-28 04:07:48,158 - INFO - Scraping 5236/6851: https://www.refurbed.de/p/lg-sn8yg-soundbar/
2025-09-28 04:07:49,641 - INFO - Scraping 5237/6851: https://www.refurbed.de/p/lg-sp7-soundbar/
2025-09-28 04:07:51,208 - INFO - Scraping 5238/6851: https://www.refurbed.de/p/lg-sp9ya-soundbar/
2025-09-28 04:07:52,674 - INFO - Scraping 5239/6851: https://www.refurbed.de/p/lg-styler-s3rerb/
2025-09-28 04:07:54,090 - INFO - Scraping 5240/6851: https://www.refurbed.de/p/lg-thinq-wk7/
2025-09-28 04:07:55,529 - INFO - Scraping 5241/6851: https://www.refurbed.de/p/lg-tone-free-dt90q/
2025-09-28 04:07:57,102 - INFO - Scraping 5242/6851: https://www.refurbed.de/p/lg-tone-free-fit/
2025-09-28 04:07:58,556 - INFO - Scraping 5243/6851: https://www.refurbed.de/p/lg-tone-free-fp9/
2025-09-28 04:08:00,203 - INFO - Scraping 5244/6851: https://www.refurbed.de/p/lg-tone-free-fp9w/
2025-09-28 04:08:01,854 - INFO - Scraping 5245/6851: https://www.refurbed.de/p/lg-tone-free-hbs-f110/
2025-09-28 04:08:03,692 - INFO - Scraping 5246/6851: https://www.refurbed.de/p/lg-tone-free-t90s/
2025-09-28 04:08:05,311 - INFO - Scraping 5247/6851: https://www.refurbed.de/p/lg-tone-infinim/
2025-09-28 04:08:06,800 - INFO - Scraping 5248/6851: https://www.refurbed.de/p/lg-tone-pro-hbs-780/
2025-09-28 04:08:08,364 - INFO - Scraping 5249/6851: https://www.refurbed.de/p/lg-tone-ultra-hbs-800/
2025-09-28 04:08:09,806 - INFO - Scraping 5250/6851: https://www.refurbed.de/p/lg-ultrawide-34bn670-b/
2025-09-28 04:08:11,322 - INFO - Scraping 5251/6851: https://www.refurbed.de/p/lg-ultrawide-34wl85c-b/
2025-09-28 04:08:12,844 - INFO - Scraping 5252/6851: https://www.refurbed.de/p/lg-ultrawide-34wn780-b-34/
2025-09-28 04:08:14,273 - INFO - Scraping 5253/6851: https://www.refurbed.de/p/lg-ultrawide-34wn80c-b/
2025-09-28 04:08:15,814 - INFO - Scraping 5254/6851: https://www.refurbed.de/p/lg-ultrawide-38bq85c-w/
2025-09-28 04:08:17,281 - INFO - Scraping 5255/6851: https://www.refurbed.de/p/lg-ultrawide-38wk95c-w/
2025-09-28 04:08:18,906 - INFO - Scraping 5256/6851: https://www.refurbed.de/p/lg-ultrawide-49wl95c-w/
2025-09-28 04:08:20,388 - INFO - Scraping 5257/6851: https://www.refurbed.de/p/lg-up970/
2025-09-28 04:08:21,830 - INFO - Scraping 5258/6851: https://www.refurbed.de/p/lg-w2242pk-22/
2025-09-28 04:08:23,311 - INFO - Scraping 5259/6851: https://www.refurbed.de/p/lg-w2242t-df-22/
2025-09-28 04:08:24,804 - INFO - Scraping 5260/6851: https://www.refurbed.de/p/lg-xboom-go-dxgq5/
2025-09-28 04:08:26,446 - INFO - Scraping 5261/6851: https://www.refurbed.de/p/lg-xboom-go-dxgq7/
2025-09-28 04:08:28,020 - INFO - Scraping 5262/6851: https://www.refurbed.de/p/lg-xboom-go-xg9/
2025-09-28 04:08:29,627 - INFO - Scraping 5263/6851: https://www.refurbed.de/p/lg-xboom-ol100/
2025-09-28 04:08:31,117 - INFO - Scraping 5264/6851: https://www.refurbed.de/p/lg-xboom-rn5/
2025-09-28 04:08:32,630 - INFO - Scraping 5265/6851: https://www.refurbed.de/p/lg-xboom-xl7s/
2025-09-28 04:08:34,132 - INFO - Scraping 5266/6851: https://www.refurbed.de/p/lnv-ideapad-miix-700-12isk-m7/
2025-09-28 04:08:34,482 - ERROR - Error fetching https://www.refurbed.de/p/lnv-ideapad-miix-700-12isk-m7/: 404 Client Error: Not Found for url: https://www.refurbed.de/p/lnv-ideapad-miix-700-12isk-m7/
2025-09-28 04:08:35,484 - INFO - Scraping 5267/6851: https://www.refurbed.de/p/lnv-ideapad-miix-700-12isk/
2025-09-28 04:08:35,757 - ERROR - Error fetching https://www.refurbed.de/p/lnv-ideapad-miix-700-12isk/: 404 Client Error: Not Found for url: https://www.refurbed.de/p/lnv-ideapad-miix-700-12isk/
2025-09-28 04:08:36,759 - INFO - Scraping 5268/6851: https://www.refurbed.de/p/logitech-combo-touch-ipad-11/
2025-09-28 04:08:38,224 - INFO - Scraping 5269/6851: https://www.refurbed.de/p/logitech-combo-touch-ipad-12-9/
2025-09-28 04:08:39,881 - INFO - Scraping 5270/6851: https://www.refurbed.de/p/logitech-combo-touch-ipad-13/
2025-09-28 04:08:41,468 - INFO - Scraping 5271/6851: https://www.refurbed.de/p/logitech-combo-touch-ipad-air-11/
2025-09-28 04:08:42,887 - INFO - Scraping 5272/6851: https://www.refurbed.de/p/logitech-combo-touch-ipad-air-13/
2025-09-28 04:08:44,396 - INFO - Scraping 5273/6851: https://www.refurbed.de/p/logitech-combo-touch-ipad-air-4/
2025-09-28 04:08:45,921 - INFO - Scraping 5274/6851: https://www.refurbed.de/p/logitech-ultrathin-galaxy-tab-3/
2025-09-28 04:08:47,764 - INFO - Scraping 5275/6851: https://www.refurbed.de/p/logitech-ultrathin-ipad-air/
2025-09-28 04:08:49,415 - INFO - Scraping 5276/6851: https://www.refurbed.de/p/macbook-air-2014-11-i7/
2025-09-28 04:08:50,857 - INFO - Scraping 5277/6851: https://www.refurbed.de/p/macbook-pro-2019-133-tb/
2025-09-28 04:08:52,283 - INFO - Scraping 5278/6851: https://www.refurbed.de/p/macbook-pro-2019-154-tb/
2025-09-28 04:08:53,949 - INFO - Scraping 5279/6851: https://www.refurbed.de/p/magewll-capture-hdmi-plus/
2025-09-28 04:08:55,693 - INFO - Scraping 5280/6851: https://www.refurbed.de/p/marshall-monitor-ii-a-n-c/
2025-09-28 04:08:57,153 - INFO - Scraping 5281/6851: https://www.refurbed.de/p/medion-lifetab-e6912-7/
2025-09-28 04:08:58,640 - INFO - Scraping 5282/6851: https://www.refurbed.de/p/microsoft-display-dock-hd-500/
2025-09-28 04:09:00,164 - INFO - Scraping 5283/6851: https://www.refurbed.de/p/microsoft-surface-book-1/
2025-09-28 04:09:00,418 - ERROR - Error fetching https://www.refurbed.de/p/microsoft-surface-book-1/: 404 Client Error: Not Found for url: https://www.refurbed.de/p/microsoft-surface-book-1/
2025-09-28 04:09:01,421 - INFO - Scraping 5284/6851: https://www.refurbed.de/p/microsoft-surface-book-2-13/
2025-09-28 04:09:03,096 - INFO - Scraping 5285/6851: https://www.refurbed.de/p/microsoft-surface-book-2-15/
2025-09-28 04:09:04,925 - INFO - Scraping 5286/6851: https://www.refurbed.de/p/microsoft-surface-book-3-13-5/
2025-09-28 04:09:06,642 - INFO - Scraping 5287/6851: https://www.refurbed.de/p/microsoft-surface-book-3-15/
2025-09-28 04:09:08,067 - INFO - Scraping 5288/6851: https://www.refurbed.de/p/microsoft-surface-go-10/
2025-09-28 04:09:08,418 - ERROR - Error fetching https://www.refurbed.de/p/microsoft-surface-go-10/: 404 Client Error: Not Found for url: https://www.refurbed.de/p/microsoft-surface-go-10/
2025-09-28 04:09:09,421 - INFO - Scraping 5289/6851: https://www.refurbed.de/p/microsoft-surface-go-2-10-5/
2025-09-28 04:09:09,758 - ERROR - Error fetching https://www.refurbed.de/p/microsoft-surface-go-2-10-5/: 404 Client Error: Not Found for url: https://www.refurbed.de/p/microsoft-surface-go-2-10-5/
2025-09-28 04:09:10,760 - INFO - Scraping 5290/6851: https://www.refurbed.de/p/microsoft-surface-go-2-4425y/
2025-09-28 04:09:12,749 - INFO - Scraping 5291/6851: https://www.refurbed.de/p/microsoft-surface-go-2-i5-1135g7/
2025-09-28 04:09:14,462 - INFO - Scraping 5292/6851: https://www.refurbed.de/p/microsoft-surface-go-2-m3-8100y/
2025-09-28 04:09:16,387 - INFO - Scraping 5293/6851: https://www.refurbed.de/p/microsoft-surface-go-2-type-cov/
2025-09-28 04:09:17,939 - INFO - Scraping 5294/6851: https://www.refurbed.de/p/microsoft-surface-go-3-6500y/
2025-09-28 04:09:19,591 - INFO - Scraping 5295/6851: https://www.refurbed.de/p/microsoft-surface-go-3-i3-10100y/
2025-09-28 04:09:21,386 - INFO - Scraping 5296/6851: https://www.refurbed.de/p/microsoft-surface-go-3-i5-1235u/
2025-09-28 04:09:22,812 - INFO - Scraping 5297/6851: https://www.refurbed.de/p/microsoft-surface-go-i51035g1/
2025-09-28 04:09:24,444 - INFO - Scraping 5298/6851: https://www.refurbed.de/p/microsoft-surface-go-sig-keyb/
2025-09-28 04:09:25,964 - INFO - Scraping 5299/6851: https://www.refurbed.de/p/microsoft-surface-go-type-cov/
2025-09-28 04:09:27,638 - INFO - Scraping 5300/6851: https://www.refurbed.de/p/microsoft-surface-laptop-57200u/
2025-09-28 04:09:27,912 - ERROR - Error fetching https://www.refurbed.de/p/microsoft-surface-laptop-57200u/: 404 Client Error: Not Found for url: https://www.refurbed.de/p/microsoft-surface-laptop-57200u/
2025-09-28 04:09:28,914 - INFO - Scraping 5301/6851: https://www.refurbed.de/p/microsoft-surface-laptop-7300u/
2025-09-28 04:09:29,355 - ERROR - Error fetching https://www.refurbed.de/p/microsoft-surface-laptop-7300u/: 404 Client Error: Not Found for url: https://www.refurbed.de/p/microsoft-surface-laptop-7300u/
2025-09-28 04:09:30,358 - INFO - Scraping 5302/6851: https://www.refurbed.de/p/microsoft-surface-laptop-7660u/
2025-09-28 04:09:30,640 - ERROR - Error fetching https://www.refurbed.de/p/microsoft-surface-laptop-7660u/: 404 Client Error: Not Found for url: https://www.refurbed.de/p/microsoft-surface-laptop-7660u/
2025-09-28 04:09:31,642 - INFO - Scraping 5303/6851: https://www.refurbed.de/p/microsoft-surface-laptop-8350u/
2025-09-28 04:09:33,115 - INFO - Scraping 5304/6851: https://www.refurbed.de/p/microsoft-surface-laptop-m37y30/
2025-09-28 04:09:33,463 - ERROR - Error fetching https://www.refurbed.de/p/microsoft-surface-laptop-m37y30/: 404 Client Error: Not Found for url: https://www.refurbed.de/p/microsoft-surface-laptop-m37y30/
2025-09-28 04:09:34,466 - INFO - Scraping 5305/6851: https://www.refurbed.de/p/microsoft-surface-pro-1-i53317u/
2025-09-28 04:09:34,841 - ERROR - Error fetching https://www.refurbed.de/p/microsoft-surface-pro-1-i53317u/: 404 Client Error: Not Found for url: https://www.refurbed.de/p/microsoft-surface-pro-1-i53317u/
2025-09-28 04:09:35,844 - INFO - Scraping 5306/6851: https://www.refurbed.de/p/microsoft-surface-pro-10-5-135u/
2025-09-28 04:09:37,298 - INFO - Scraping 5307/6851: https://www.refurbed.de/p/microsoft-surface-pro-10-7-165u/
2025-09-28 04:09:38,730 - INFO - Scraping 5308/6851: https://www.refurbed.de/p/microsoft-surface-pro-1664-dock/
2025-09-28 04:09:40,362 - INFO - Scraping 5309/6851: https://www.refurbed.de/p/microsoft-surface-pro-2-i5-4200u/
2025-09-28 04:09:40,646 - ERROR - Error fetching https://www.refurbed.de/p/microsoft-surface-pro-2-i5-4200u/: 404 Client Error: Not Found for url: https://www.refurbed.de/p/microsoft-surface-pro-2-i5-4200u/
2025-09-28 04:09:41,648 - INFO - Scraping 5310/6851: https://www.refurbed.de/p/microsoft-surface-pro-2-i5-4300u/
2025-09-28 04:09:41,951 - ERROR - Error fetching https://www.refurbed.de/p/microsoft-surface-pro-2-i5-4300u/: 404 Client Error: Not Found for url: https://www.refurbed.de/p/microsoft-surface-pro-2-i5-4300u/
2025-09-28 04:09:42,953 - INFO - Scraping 5311/6851: https://www.refurbed.de/p/microsoft-surface-pro-2017-i5-73/
2025-09-28 04:09:43,317 - ERROR - Error fetching https://www.refurbed.de/p/microsoft-surface-pro-2017-i5-73/: 404 Client Error: Not Found for url: https://www.refurbed.de/p/microsoft-surface-pro-2017-i5-73/
2025-09-28 04:09:44,320 - INFO - Scraping 5312/6851: https://www.refurbed.de/p/microsoft-surface-pro-2017-i7-12/
2025-09-28 04:09:44,600 - ERROR - Error fetching https://www.refurbed.de/p/microsoft-surface-pro-2017-i7-12/: 404 Client Error: Not Found for url: https://www.refurbed.de/p/microsoft-surface-pro-2017-i7-12/
2025-09-28 04:09:45,603 - INFO - Scraping 5313/6851: https://www.refurbed.de/p/microsoft-surface-pro-2017-m3-7y/
2025-09-28 04:09:45,878 - ERROR - Error fetching https://www.refurbed.de/p/microsoft-surface-pro-2017-m3-7y/: 404 Client Error: Not Found for url: https://www.refurbed.de/p/microsoft-surface-pro-2017-m3-7y/
2025-09-28 04:09:46,880 - INFO - Scraping 5314/6851: https://www.refurbed.de/p/microsoft-surface-pro-3-12/
2025-09-28 04:09:47,153 - ERROR - Error fetching https://www.refurbed.de/p/microsoft-surface-pro-3-12/: 404 Client Error: Not Found for url: https://www.refurbed.de/p/microsoft-surface-pro-3-12/
2025-09-28 04:09:48,155 - INFO - Scraping 5315/6851: https://www.refurbed.de/p/microsoft-surface-pro-3-dock-fur/
2025-09-28 04:09:49,592 - INFO - Scraping 5316/6851: https://www.refurbed.de/p/microsoft-surface-pro-3-dock/
2025-09-28 04:09:51,075 - INFO - Scraping 5317/6851: https://www.refurbed.de/p/microsoft-surface-pro-3-mit-touc/
2025-09-28 04:09:51,350 - ERROR - Error fetching https://www.refurbed.de/p/microsoft-surface-pro-3-mit-touc/: 404 Client Error: Not Found for url: https://www.refurbed.de/p/microsoft-surface-pro-3-mit-touc/
2025-09-28 04:09:52,352 - INFO - Scraping 5318/6851: https://www.refurbed.de/p/microsoft-surface-pro-4-i5-6300u/
2025-09-28 04:09:52,774 - ERROR - Error fetching https://www.refurbed.de/p/microsoft-surface-pro-4-i5-6300u/: 404 Client Error: Not Found for url: https://www.refurbed.de/p/microsoft-surface-pro-4-i5-6300u/
2025-09-28 04:09:53,776 - INFO - Scraping 5319/6851: https://www.refurbed.de/p/microsoft-surface-pro-4-i7-12-3/
2025-09-28 04:09:54,187 - ERROR - Error fetching https://www.refurbed.de/p/microsoft-surface-pro-4-i7-12-3/: 404 Client Error: Not Found for url: https://www.refurbed.de/p/microsoft-surface-pro-4-i7-12-3/
2025-09-28 04:09:55,189 - INFO - Scraping 5320/6851: https://www.refurbed.de/p/microsoft-surface-pro-4-i7-13-5/
2025-09-28 04:09:56,810 - INFO - Scraping 5321/6851: https://www.refurbed.de/p/microsoft-surface-pro-4-m3-6y30-/
2025-09-28 04:09:57,348 - ERROR - Error fetching https://www.refurbed.de/p/microsoft-surface-pro-4-m3-6y30-/: 404 Client Error: Not Found for url: https://www.refurbed.de/p/microsoft-surface-pro-4-m3-6y30-/
2025-09-28 04:09:58,350 - INFO - Scraping 5322/6851: https://www.refurbed.de/p/microsoft-surface-pro-4-type-cov/
2025-09-28 04:09:59,974 - INFO - Scraping 5323/6851: https://www.refurbed.de/p/microsoft-surface-pro-6-7300u/
2025-09-28 04:10:00,445 - ERROR - Error fetching https://www.refurbed.de/p/microsoft-surface-pro-6-7300u/: 404 Client Error: Not Found for url: https://www.refurbed.de/p/microsoft-surface-pro-6-7300u/
2025-09-28 04:10:01,447 - INFO - Scraping 5324/6851: https://www.refurbed.de/p/microsoft-surface-pro-6-8250u/
2025-09-28 04:10:02,818 - INFO - Scraping 5325/6851: https://www.refurbed.de/p/microsoft-surface-pro-6-8350u/
2025-09-28 04:10:04,525 - INFO - Scraping 5326/6851: https://www.refurbed.de/p/microsoft-surface-pro-6-8650u/
2025-09-28 04:10:06,441 - INFO - Scraping 5327/6851: https://www.refurbed.de/p/microsoft-surface-pro-7-1005g1/
2025-09-28 04:10:07,849 - INFO - Scraping 5328/6851: https://www.refurbed.de/p/microsoft-surface-pro-7-1035g4/
2025-09-28 04:10:09,238 - INFO - Scraping 5329/6851: https://www.refurbed.de/p/microsoft-surface-pro-7-1065g7/
2025-09-28 04:10:11,069 - INFO - Scraping 5330/6851: https://www.refurbed.de/p/microsoft-surface-pro-7-plus-i5/
2025-09-28 04:10:11,373 - ERROR - Error fetching https://www.refurbed.de/p/microsoft-surface-pro-7-plus-i5/: 404 Client Error: Not Found for url: https://www.refurbed.de/p/microsoft-surface-pro-7-plus-i5/
2025-09-28 04:10:12,376 - INFO - Scraping 5331/6851: https://www.refurbed.de/p/microsoft-surface-pro-7-plus-i7/
2025-09-28 04:10:14,394 - INFO - Scraping 5332/6851: https://www.refurbed.de/p/microsoft-surface-pro-7-plus/
2025-09-28 04:10:16,851 - INFO - Scraping 5333/6851: https://www.refurbed.de/p/microsoft-surface-pro-8-1115g4/
2025-09-28 04:10:18,470 - INFO - Scraping 5334/6851: https://www.refurbed.de/p/microsoft-surface-pro-8-1135g7/
2025-09-28 04:10:20,178 - INFO - Scraping 5335/6851: https://www.refurbed.de/p/microsoft-surface-pro-8-1145g7/
2025-09-28 04:10:21,870 - INFO - Scraping 5336/6851: https://www.refurbed.de/p/microsoft-surface-pro-8-1185g7/
2025-09-28 04:10:23,756 - INFO - Scraping 5337/6851: https://www.refurbed.de/p/microsoft-surface-pro-9-1235u/
2025-09-28 04:10:25,168 - INFO - Scraping 5338/6851: https://www.refurbed.de/p/microsoft-surface-pro-9-i5-1245u/
2025-09-28 04:10:26,813 - INFO - Scraping 5339/6851: https://www.refurbed.de/p/microsoft-surface-pro-9-i7-1255u/
2025-09-28 04:10:28,715 - INFO - Scraping 5340/6851: https://www.refurbed.de/p/microsoft-surface-pro-9-i7-1265u/
2025-09-28 04:10:31,312 - INFO - Scraping 5341/6851: https://www.refurbed.de/p/microsoft-surface-pro-9-sq3/
2025-09-28 04:10:32,839 - INFO - Scraping 5342/6851: https://www.refurbed.de/p/microsoft-surface-pro-sig-keyb/
2025-09-28 04:10:34,287 - INFO - Scraping 5343/6851: https://www.refurbed.de/p/microsoft-surface-pro-x-sig-keyb/
2025-09-28 04:10:35,775 - INFO - Scraping 5344/6851: https://www.refurbed.de/p/microsoft-surface-pro-x-sq1/
2025-09-28 04:10:37,342 - INFO - Scraping 5345/6851: https://www.refurbed.de/p/microsoft-surface-pro-x-sq2-13/
2025-09-28 04:10:38,926 - INFO - Scraping 5346/6851: https://www.refurbed.de/p/microsoft-surface-pro-x-type-cov/
2025-09-28 04:10:40,864 - INFO - Scraping 5347/6851: https://www.refurbed.de/p/motorola-defy-2021/
2025-09-28 04:10:42,626 - INFO - Scraping 5348/6851: https://www.refurbed.de/p/motorola-defy-satellite-link/
2025-09-28 04:10:44,074 - INFO - Scraping 5349/6851: https://www.refurbed.de/p/motorola-edge-20-fusion/
2025-09-28 04:10:45,848 - INFO - Scraping 5350/6851: https://www.refurbed.de/p/motorola-edge-20-lite/
2025-09-28 04:10:47,675 - INFO - Scraping 5351/6851: https://www.refurbed.de/p/motorola-edge-20-pro/
2025-09-28 04:10:49,569 - INFO - Scraping 5352/6851: https://www.refurbed.de/p/motorola-edge-20/
2025-09-28 04:10:51,149 - INFO - Scraping 5353/6851: https://www.refurbed.de/p/motorola-edge-30-fusion/
2025-09-28 04:10:52,767 - INFO - Scraping 5354/6851: https://www.refurbed.de/p/motorola-edge-30-neo/
2025-09-28 04:10:54,459 - INFO - Scraping 5355/6851: https://www.refurbed.de/p/motorola-edge-30-pro-5g/
2025-09-28 04:10:56,082 - INFO - Scraping 5356/6851: https://www.refurbed.de/p/motorola-edge-30-ultra/
2025-09-28 04:10:57,885 - INFO - Scraping 5357/6851: https://www.refurbed.de/p/motorola-edge-30/
2025-09-28 04:10:59,443 - INFO - Scraping 5358/6851: https://www.refurbed.de/p/motorola-edge-40-neo/
2025-09-28 04:11:01,058 - INFO - Scraping 5359/6851: https://www.refurbed.de/p/motorola-edge-40-pro/
2025-09-28 04:11:02,801 - INFO - Scraping 5360/6851: https://www.refurbed.de/p/motorola-edge-40/
2025-09-28 04:11:04,372 - INFO - Scraping 5361/6851: https://www.refurbed.de/p/motorola-edge-50-fusion/
2025-09-28 04:11:05,990 - INFO - Scraping 5362/6851: https://www.refurbed.de/p/motorola-edge-50-neo/
2025-09-28 04:11:07,636 - INFO - Scraping 5363/6851: https://www.refurbed.de/p/motorola-edge-50-pro/
2025-09-28 04:11:09,237 - INFO - Scraping 5364/6851: https://www.refurbed.de/p/motorola-edge-50-ultra/
2025-09-28 04:11:10,948 - INFO - Scraping 5365/6851: https://www.refurbed.de/p/motorola-edge-5g/
2025-09-28 04:11:12,542 - INFO - Scraping 5366/6851: https://www.refurbed.de/p/motorola-edge-plus/
2025-09-28 04:11:14,258 - INFO - Scraping 5367/6851: https://www.refurbed.de/p/motorola-escape-500-anc/
2025-09-28 04:11:15,777 - INFO - Scraping 5368/6851: https://www.refurbed.de/p/motorola-moto-360-1nd-gen/
2025-09-28 04:11:17,337 - INFO - Scraping 5369/6851: https://www.refurbed.de/p/motorola-moto-360-2nd-gen/
2025-09-28 04:11:18,753 - INFO - Scraping 5370/6851: https://www.refurbed.de/p/motorola-moto-c/
2025-09-28 04:11:20,188 - INFO - Scraping 5371/6851: https://www.refurbed.de/p/motorola-moto-e13/
2025-09-28 04:11:21,858 - INFO - Scraping 5372/6851: https://www.refurbed.de/p/motorola-moto-e20/
2025-09-28 04:11:23,616 - INFO - Scraping 5373/6851: https://www.refurbed.de/p/motorola-moto-e22/
2025-09-28 04:11:25,213 - INFO - Scraping 5374/6851: https://www.refurbed.de/p/motorola-moto-e22i/
2025-09-28 04:11:26,632 - INFO - Scraping 5375/6851: https://www.refurbed.de/p/motorola-moto-e3/
2025-09-28 04:11:28,517 - INFO - Scraping 5376/6851: https://www.refurbed.de/p/motorola-moto-e30/
2025-09-28 04:11:29,983 - INFO - Scraping 5377/6851: https://www.refurbed.de/p/motorola-moto-e32/
2025-09-28 04:11:31,448 - INFO - Scraping 5378/6851: https://www.refurbed.de/p/motorola-moto-e32s/
2025-09-28 04:11:33,057 - INFO - Scraping 5379/6851: https://www.refurbed.de/p/motorola-moto-e4-plus/
2025-09-28 04:11:34,540 - INFO - Scraping 5380/6851: https://www.refurbed.de/p/motorola-moto-e4/
2025-09-28 04:11:36,188 - INFO - Scraping 5381/6851: https://www.refurbed.de/p/motorola-moto-e40/
2025-09-28 04:11:37,783 - INFO - Scraping 5382/6851: https://www.refurbed.de/p/motorola-moto-e5-plus/
2025-09-28 04:11:39,381 - INFO - Scraping 5383/6851: https://www.refurbed.de/p/motorola-moto-e5/
2025-09-28 04:11:40,917 - INFO - Scraping 5384/6851: https://www.refurbed.de/p/motorola-moto-e6-play/
2025-09-28 04:11:42,589 - INFO - Scraping 5385/6851: https://www.refurbed.de/p/motorola-moto-e6-plus/
2025-09-28 04:11:44,240 - INFO - Scraping 5386/6851: https://www.refurbed.de/p/motorola-moto-e6s/
2025-09-28 04:11:45,664 - INFO - Scraping 5387/6851: https://www.refurbed.de/p/motorola-moto-e7-p/
2025-09-28 04:11:47,169 - INFO - Scraping 5388/6851: https://www.refurbed.de/p/motorola-moto-e7/
2025-09-28 04:11:49,196 - INFO - Scraping 5389/6851: https://www.refurbed.de/p/motorola-moto-e7i-power/
2025-09-28 04:11:51,122 - INFO - Scraping 5390/6851: https://www.refurbed.de/p/motorola-moto-ei/
2025-09-28 04:11:52,637 - INFO - Scraping 5391/6851: https://www.refurbed.de/p/motorola-moto-g-2-gen/
2025-09-28 04:11:54,298 - INFO - Scraping 5392/6851: https://www.refurbed.de/p/motorola-moto-g-3rd-gen/
2025-09-28 04:11:56,125 - INFO - Scraping 5393/6851: https://www.refurbed.de/p/motorola-moto-g-5g-plus/
2025-09-28 04:11:57,943 - INFO - Scraping 5394/6851: https://www.refurbed.de/p/motorola-moto-g-5g/
2025-09-28 04:11:59,461 - INFO - Scraping 5395/6851: https://www.refurbed.de/p/motorola-moto-g-pro/
2025-09-28 04:12:01,037 - INFO - Scraping 5396/6851: https://www.refurbed.de/p/motorola-moto-g/
2025-09-28 04:12:02,931 - INFO - Scraping 5397/6851: https://www.refurbed.de/p/motorola-moto-g10/
2025-09-28 04:12:04,525 - INFO - Scraping 5398/6851: https://www.refurbed.de/p/motorola-moto-g100/
2025-09-28 04:12:06,232 - INFO - Scraping 5399/6851: https://www.refurbed.de/p/motorola-moto-g13/
2025-09-28 04:12:07,798 - INFO - Scraping 5400/6851: https://www.refurbed.de/p/motorola-moto-g14/
2025-09-28 04:12:09,243 - INFO - Scraping 5401/6851: https://www.refurbed.de/p/motorola-moto-g20/
2025-09-28 04:12:11,156 - INFO - Scraping 5402/6851: https://www.refurbed.de/p/motorola-moto-g200-5g/
2025-09-28 04:12:12,771 - INFO - Scraping 5403/6851: https://www.refurbed.de/p/motorola-moto-g22/
2025-09-28 04:12:14,203 - INFO - Scraping 5404/6851: https://www.refurbed.de/p/motorola-moto-g23/
2025-09-28 04:12:15,974 - INFO - Scraping 5405/6851: https://www.refurbed.de/p/motorola-moto-g3/
2025-09-28 04:12:17,383 - INFO - Scraping 5406/6851: https://www.refurbed.de/p/motorola-moto-g30/
2025-09-28 04:12:19,082 - INFO - Scraping 5407/6851: https://www.refurbed.de/p/motorola-moto-g31/
2025-09-28 04:12:20,771 - INFO - Scraping 5408/6851: https://www.refurbed.de/p/motorola-moto-g32/
2025-09-28 04:12:22,227 - INFO - Scraping 5409/6851: https://www.refurbed.de/p/motorola-moto-g34/
2025-09-28 04:12:23,743 - INFO - Scraping 5410/6851: https://www.refurbed.de/p/motorola-moto-g35-5g/
2025-09-28 04:12:25,256 - INFO - Scraping 5411/6851: https://www.refurbed.de/p/motorola-moto-g4-play/
2025-09-28 04:12:26,868 - INFO - Scraping 5412/6851: https://www.refurbed.de/p/motorola-moto-g4-plus/
2025-09-28 04:12:28,564 - INFO - Scraping 5413/6851: https://www.refurbed.de/p/motorola-moto-g4/
2025-09-28 04:12:30,361 - INFO - Scraping 5414/6851: https://www.refurbed.de/p/motorola-moto-g404/
2025-09-28 04:12:32,455 - INFO - Scraping 5415/6851: https://www.refurbed.de/p/motorola-moto-g41/
2025-09-28 04:12:33,986 - INFO - Scraping 5416/6851: https://www.refurbed.de/p/motorola-moto-g42/
2025-09-28 04:12:35,809 - INFO - Scraping 5417/6851: https://www.refurbed.de/p/motorola-moto-g5-plus/
2025-09-28 04:12:37,323 - INFO - Scraping 5418/6851: https://www.refurbed.de/p/motorola-moto-g5/
2025-09-28 04:12:38,928 - INFO - Scraping 5419/6851: https://www.refurbed.de/p/motorola-moto-g50/
2025-09-28 04:12:40,802 - INFO - Scraping 5420/6851: https://www.refurbed.de/p/motorola-moto-g51/
2025-09-28 04:12:42,452 - INFO - Scraping 5421/6851: https://www.refurbed.de/p/motorola-moto-g52/
2025-09-28 04:12:43,904 - INFO - Scraping 5422/6851: https://www.refurbed.de/p/motorola-moto-g53-5g/
2025-09-28 04:12:45,722 - INFO - Scraping 5423/6851: https://www.refurbed.de/p/motorola-moto-g54-5g/
2025-09-28 04:12:47,493 - INFO - Scraping 5424/6851: https://www.refurbed.de/p/motorola-moto-g55-5g/
2025-09-28 04:12:49,347 - INFO - Scraping 5425/6851: https://www.refurbed.de/p/motorola-moto-g5s-plus/
2025-09-28 04:12:50,836 - INFO - Scraping 5426/6851: https://www.refurbed.de/p/motorola-moto-g5s/
2025-09-28 04:12:52,832 - INFO - Scraping 5427/6851: https://www.refurbed.de/p/motorola-moto-g6-nfc/
2025-09-28 04:12:54,334 - INFO - Scraping 5428/6851: https://www.refurbed.de/p/motorola-moto-g6-plus/
2025-09-28 04:12:55,806 - INFO - Scraping 5429/6851: https://www.refurbed.de/p/motorola-moto-g60/
2025-09-28 04:12:57,282 - INFO - Scraping 5430/6851: https://www.refurbed.de/p/motorola-moto-g60s/
2025-09-28 04:12:59,291 - INFO - Scraping 5431/6851: https://www.refurbed.de/p/motorola-moto-g62-5g/
2025-09-28 04:13:01,174 - INFO - Scraping 5432/6851: https://www.refurbed.de/p/motorola-moto-g7-play/
2025-09-28 04:13:02,851 - INFO - Scraping 5433/6851: https://www.refurbed.de/p/motorola-moto-g7-plus/
2025-09-28 04:13:04,658 - INFO - Scraping 5434/6851: https://www.refurbed.de/p/motorola-moto-g7-power/
2025-09-28 04:13:06,402 - INFO - Scraping 5435/6851: https://www.refurbed.de/p/motorola-moto-g7/
2025-09-28 04:13:07,997 - INFO - Scraping 5436/6851: https://www.refurbed.de/p/motorola-moto-g71-5g/
2025-09-28 04:13:09,507 - INFO - Scraping 5437/6851: https://www.refurbed.de/p/motorola-moto-g72/
2025-09-28 04:13:11,166 - INFO - Scraping 5438/6851: https://www.refurbed.de/p/motorola-moto-g73/
2025-09-28 04:13:12,907 - INFO - Scraping 5439/6851: https://www.refurbed.de/p/motorola-moto-g75-5g/
2025-09-28 04:13:14,624 - INFO - Scraping 5440/6851: https://www.refurbed.de/p/motorola-moto-g8-plus/
2025-09-28 04:13:16,061 - INFO - Scraping 5441/6851: https://www.refurbed.de/p/motorola-moto-g8-power-lite/
2025-09-28 04:13:17,670 - INFO - Scraping 5442/6851: https://www.refurbed.de/p/motorola-moto-g8-power/
2025-09-28 04:13:19,352 - INFO - Scraping 5443/6851: https://www.refurbed.de/p/motorola-moto-g8/
2025-09-28 04:13:20,966 - INFO - Scraping 5444/6851: https://www.refurbed.de/p/motorola-moto-g82/
2025-09-28 04:13:22,416 - INFO - Scraping 5445/6851: https://www.refurbed.de/p/motorola-moto-g84-5g/
2025-09-28 04:13:24,012 - INFO - Scraping 5446/6851: https://www.refurbed.de/p/motorola-moto-g85-5g/
2025-09-28 04:13:25,609 - INFO - Scraping 5447/6851: https://www.refurbed.de/p/motorola-moto-g9-play/
2025-09-28 04:13:27,192 - INFO - Scraping 5448/6851: https://www.refurbed.de/p/motorola-moto-g9-plus/
2025-09-28 04:13:28,747 - INFO - Scraping 5449/6851: https://www.refurbed.de/p/motorola-moto-g9-power/
2025-09-28 04:13:30,528 - INFO - Scraping 5450/6851: https://www.refurbed.de/p/motorola-moto-x-force/
2025-09-28 04:13:32,471 - INFO - Scraping 5451/6851: https://www.refurbed.de/p/motorola-moto-x-play/
2025-09-28 04:13:34,134 - INFO - Scraping 5452/6851: https://www.refurbed.de/p/motorola-moto-x-style/
2025-09-28 04:13:35,712 - INFO - Scraping 5453/6851: https://www.refurbed.de/p/motorola-moto-x4/
2025-09-28 04:13:37,315 - INFO - Scraping 5454/6851: https://www.refurbed.de/p/motorola-moto-z-play/
2025-09-28 04:13:39,555 - INFO - Scraping 5455/6851: https://www.refurbed.de/p/motorola-moto-z/
2025-09-28 04:13:41,355 - INFO - Scraping 5456/6851: https://www.refurbed.de/p/motorola-moto-z2-play/
2025-09-28 04:13:43,171 - INFO - Scraping 5457/6851: https://www.refurbed.de/p/motorola-nexus-6/
2025-09-28 04:13:44,821 - INFO - Scraping 5458/6851: https://www.refurbed.de/p/motorola-one-action/
2025-09-28 04:13:46,693 - INFO - Scraping 5459/6851: https://www.refurbed.de/p/motorola-one-hyper/
2025-09-28 04:13:48,277 - INFO - Scraping 5460/6851: https://www.refurbed.de/p/motorola-one-macro/
2025-09-28 04:13:49,855 - INFO - Scraping 5461/6851: https://www.refurbed.de/p/motorola-one-vision/
2025-09-28 04:13:51,457 - INFO - Scraping 5462/6851: https://www.refurbed.de/p/motorola-one-zoom/
2025-09-28 04:13:53,240 - INFO - Scraping 5463/6851: https://www.refurbed.de/p/motorola-one/
2025-09-28 04:13:54,785 - INFO - Scraping 5464/6851: https://www.refurbed.de/p/motorola-pulse-escape-plus/
2025-09-28 04:13:56,331 - INFO - Scraping 5465/6851: https://www.refurbed.de/p/motorola-pulse-escape/
2025-09-28 04:13:57,860 - INFO - Scraping 5466/6851: https://www.refurbed.de/p/motorola-razr-2019/
2025-09-28 04:13:59,607 - INFO - Scraping 5467/6851: https://www.refurbed.de/p/motorola-razr-2022/
2025-09-28 04:14:01,686 - INFO - Scraping 5468/6851: https://www.refurbed.de/p/motorola-razr-40-ultra/
2025-09-28 04:14:03,123 - INFO - Scraping 5469/6851: https://www.refurbed.de/p/motorola-razr-40/
2025-09-28 04:14:04,933 - INFO - Scraping 5470/6851: https://www.refurbed.de/p/motorola-razr-50-ultra/
2025-09-28 04:14:06,677 - INFO - Scraping 5471/6851: https://www.refurbed.de/p/motorola-razr-5g/
2025-09-28 04:14:08,408 - INFO - Scraping 5472/6851: https://www.refurbed.de/p/motorola-thinkphone/
2025-09-28 04:14:10,118 - INFO - Scraping 5473/6851: https://www.refurbed.de/p/motorola-zebra-symbol-tc55/
2025-09-28 04:14:11,953 - INFO - Scraping 5474/6851: https://www.refurbed.de/p/ms-surface-laptop-3-1035g7-135/
2025-09-28 04:14:13,518 - INFO - Scraping 5475/6851: https://www.refurbed.de/p/ms-surface-laptop-3-1065g7/
2025-09-28 04:14:15,086 - INFO - Scraping 5476/6851: https://www.refurbed.de/p/ms-surface-laptop-3-r7-3780u/
2025-09-28 04:14:16,615 - INFO - Scraping 5477/6851: https://www.refurbed.de/p/ms-surface-laptop-4-1135g7-13/
2025-09-28 04:14:18,150 - INFO - Scraping 5478/6851: https://www.refurbed.de/p/ms-surface-laptop-4-1145g7-13/
2025-09-28 04:14:19,924 - INFO - Scraping 5479/6851: https://www.refurbed.de/p/ms-surface-laptop-4-1185g7-13/
2025-09-28 04:14:21,304 - INFO - Scraping 5480/6851: https://www.refurbed.de/p/ms-surface-laptop-4-1185g7-15/
2025-09-28 04:14:23,100 - INFO - Scraping 5481/6851: https://www.refurbed.de/p/ms-surface-laptop-4-3580u-13/
2025-09-28 04:14:24,691 - INFO - Scraping 5482/6851: https://www.refurbed.de/p/ms-surface-laptop-4-3780u-15/
2025-09-28 04:14:26,589 - INFO - Scraping 5483/6851: https://www.refurbed.de/p/ms-surface-laptop-4-4680u-13/
2025-09-28 04:14:28,359 - INFO - Scraping 5484/6851: https://www.refurbed.de/p/ms-surface-laptop-4-4980u-13-5/
2025-09-28 04:14:29,981 - INFO - Scraping 5485/6851: https://www.refurbed.de/p/ms-surface-laptop-4-7-4980u/
2025-09-28 04:14:31,558 - INFO - Scraping 5486/6851: https://www.refurbed.de/p/ms-surface-laptop-studio-11300h/
2025-09-28 04:14:33,569 - INFO - Scraping 5487/6851: https://www.refurbed.de/p/ms-surface-laptop-studio-11370h/
2025-09-28 04:14:35,216 - INFO - Scraping 5488/6851: https://www.refurbed.de/p/msi-gf-rtx-3060-ti-gami-x-8g-lhr/
2025-09-28 04:14:36,708 - INFO - Scraping 5489/6851: https://www.refurbed.de/p/msi-gf-rtx4070ti-gami-x-slim-12g/
2025-09-28 04:14:38,201 - INFO - Scraping 5490/6851: https://www.refurbed.de/p/mw-basiclife-laptop-sleeve/
2025-09-28 04:14:39,635 - INFO - Scraping 5491/6851: https://www.refurbed.de/p/nec-multisync-ea232wmi-23/
2025-09-28 04:14:41,111 - INFO - Scraping 5492/6851: https://www.refurbed.de/p/nec-multisync-ea245wmi-2-wh/
2025-09-28 04:14:42,729 - INFO - Scraping 5493/6851: https://www.refurbed.de/p/nec-multisync-ea275wmi-27/
2025-09-28 04:14:44,297 - INFO - Scraping 5494/6851: https://www.refurbed.de/p/nec-multisync-ea294wmi-29/
2025-09-28 04:14:45,724 - INFO - Scraping 5495/6851: https://www.refurbed.de/p/ney-multisync-ea231wmi-bk/
2025-09-28 04:14:47,225 - INFO - Scraping 5496/6851: https://www.refurbed.de/p/ney-multisync-ea273wmi-27/
2025-09-28 04:14:48,778 - INFO - Scraping 5497/6851: https://www.refurbed.de/p/nokia-1-3/
2025-09-28 04:14:50,434 - INFO - Scraping 5498/6851: https://www.refurbed.de/p/nokia-1-4/
2025-09-28 04:14:52,330 - INFO - Scraping 5499/6851: https://www.refurbed.de/p/nokia-1-plus/
2025-09-28 04:14:53,979 - INFO - Scraping 5500/6851: https://www.refurbed.de/p/nokia-1/
2025-09-28 04:14:55,572 - INFO - Scraping 5501/6851: https://www.refurbed.de/p/nokia-105-2017/
2025-09-28 04:14:57,141 - INFO - Scraping 5502/6851: https://www.refurbed.de/p/nokia-105-2019/
2025-09-28 04:14:58,743 - INFO - Scraping 5503/6851: https://www.refurbed.de/p/nokia-105-4g-2021/
2025-09-28 04:15:00,341 - INFO - Scraping 5504/6851: https://www.refurbed.de/p/nokia-105-4g-2023/
2025-09-28 04:15:02,150 - INFO - Scraping 5505/6851: https://www.refurbed.de/p/nokia-106/
2025-09-28 04:15:03,633 - INFO - Scraping 5506/6851: https://www.refurbed.de/p/nokia-108/
2025-09-28 04:15:05,249 - INFO - Scraping 5507/6851: https://www.refurbed.de/p/nokia-110-2019/
2025-09-28 04:15:06,896 - INFO - Scraping 5508/6851: https://www.refurbed.de/p/nokia-110-4g-2023/
2025-09-28 04:15:08,438 - INFO - Scraping 5509/6851: https://www.refurbed.de/p/nokia-110-4g/
2025-09-28 04:15:10,011 - INFO - Scraping 5510/6851: https://www.refurbed.de/p/nokia-130-2017/
2025-09-28 04:15:11,538 - INFO - Scraping 5511/6851: https://www.refurbed.de/p/nokia-150-2020/
2025-09-28 04:15:13,095 - INFO - Scraping 5512/6851: https://www.refurbed.de/p/nokia-2-1/
2025-09-28 04:15:14,780 - INFO - Scraping 5513/6851: https://www.refurbed.de/p/nokia-2-3/
2025-09-28 04:15:16,626 - INFO - Scraping 5514/6851: https://www.refurbed.de/p/nokia-2-4/
2025-09-28 04:15:18,072 - INFO - Scraping 5515/6851: https://www.refurbed.de/p/nokia-2/
2025-09-28 04:15:19,523 - INFO - Scraping 5516/6851: https://www.refurbed.de/p/nokia-215-4g/
2025-09-28 04:15:21,134 - INFO - Scraping 5517/6851: https://www.refurbed.de/p/nokia-216/
2025-09-28 04:15:22,630 - INFO - Scraping 5518/6851: https://www.refurbed.de/p/nokia-22/
2025-09-28 04:15:24,236 - INFO - Scraping 5519/6851: https://www.refurbed.de/p/nokia-225-smartphone/
2025-09-28 04:15:25,768 - INFO - Scraping 5520/6851: https://www.refurbed.de/p/nokia-225/
2025-09-28 04:15:27,239 - INFO - Scraping 5521/6851: https://www.refurbed.de/p/nokia-230/
2025-09-28 04:15:28,769 - INFO - Scraping 5522/6851: https://www.refurbed.de/p/nokia-235-4g-2024/
2025-09-28 04:15:30,282 - INFO - Scraping 5523/6851: https://www.refurbed.de/p/nokia-2660-flip/
2025-09-28 04:15:31,843 - INFO - Scraping 5524/6851: https://www.refurbed.de/p/nokia-2720-flip/
2025-09-28 04:15:33,349 - INFO - Scraping 5525/6851: https://www.refurbed.de/p/nokia-3-1-plus/
2025-09-28 04:15:34,941 - INFO - Scraping 5526/6851: https://www.refurbed.de/p/nokia-3-1/
2025-09-28 04:15:36,753 - INFO - Scraping 5527/6851: https://www.refurbed.de/p/nokia-3-2/
2025-09-28 04:15:38,499 - INFO - Scraping 5528/6851: https://www.refurbed.de/p/nokia-3-4/
2025-09-28 04:15:40,127 - INFO - Scraping 5529/6851: https://www.refurbed.de/p/nokia-3/
2025-09-28 04:15:41,810 - INFO - Scraping 5530/6851: https://www.refurbed.de/p/nokia-301/
2025-09-28 04:15:43,504 - INFO - Scraping 5531/6851: https://www.refurbed.de/p/nokia-3210-2024/
2025-09-28 04:15:44,927 - INFO - Scraping 5532/6851: https://www.refurbed.de/p/nokia-3310-2017/
2025-09-28 04:15:46,547 - INFO - Scraping 5533/6851: https://www.refurbed.de/p/nokia-4-2/
2025-09-28 04:15:48,119 - INFO - Scraping 5534/6851: https://www.refurbed.de/p/nokia-5-1-plus/
2025-09-28 04:15:49,852 - INFO - Scraping 5535/6851: https://www.refurbed.de/p/nokia-5-1/
2025-09-28 04:15:51,467 - INFO - Scraping 5536/6851: https://www.refurbed.de/p/nokia-5-3/
2025-09-28 04:15:53,223 - INFO - Scraping 5537/6851: https://www.refurbed.de/p/nokia-5-4/
2025-09-28 04:15:54,885 - INFO - Scraping 5538/6851: https://www.refurbed.de/p/nokia-5/
2025-09-28 04:15:56,576 - INFO - Scraping 5539/6851: https://www.refurbed.de/p/nokia-515/
2025-09-28 04:15:58,139 - INFO - Scraping 5540/6851: https://www.refurbed.de/p/nokia-5710-xpressaudio/
2025-09-28 04:15:59,649 - INFO - Scraping 5541/6851: https://www.refurbed.de/p/nokia-6-1-plus/
2025-09-28 04:16:01,212 - INFO - Scraping 5542/6851: https://www.refurbed.de/p/nokia-6-1/
2025-09-28 04:16:03,012 - INFO - Scraping 5543/6851: https://www.refurbed.de/p/nokia-6-2/
2025-09-28 04:16:04,660 - INFO - Scraping 5544/6851: https://www.refurbed.de/p/nokia-6/
2025-09-28 04:16:06,268 - INFO - Scraping 5545/6851: https://www.refurbed.de/p/nokia-6300-4g/
2025-09-28 04:16:07,722 - INFO - Scraping 5546/6851: https://www.refurbed.de/p/nokia-6310-2021/
2025-09-28 04:16:09,326 - INFO - Scraping 5547/6851: https://www.refurbed.de/p/nokia-7-1/
2025-09-28 04:16:10,804 - INFO - Scraping 5548/6851: https://www.refurbed.de/p/nokia-7-2/
2025-09-28 04:16:12,437 - INFO - Scraping 5549/6851: https://www.refurbed.de/p/nokia-7-plus/
2025-09-28 04:16:14,184 - INFO - Scraping 5550/6851: https://www.refurbed.de/p/nokia-8-1/
2025-09-28 04:16:15,854 - INFO - Scraping 5551/6851: https://www.refurbed.de/p/nokia-8-3-5g/
2025-09-28 04:16:17,516 - INFO - Scraping 5552/6851: https://www.refurbed.de/p/nokia-8-single-sim/
2025-09-28 04:16:19,179 - INFO - Scraping 5553/6851: https://www.refurbed.de/p/nokia-8-sirocco/
2025-09-28 04:16:20,728 - INFO - Scraping 5554/6851: https://www.refurbed.de/p/nokia-800-tough/
2025-09-28 04:16:22,181 - INFO - Scraping 5555/6851: https://www.refurbed.de/p/nokia-8000-4g/
2025-09-28 04:16:23,974 - INFO - Scraping 5556/6851: https://www.refurbed.de/p/nokia-8110-4g/
2025-09-28 04:16:25,483 - INFO - Scraping 5557/6851: https://www.refurbed.de/p/nokia-8210-2022/
2025-09-28 04:16:27,172 - INFO - Scraping 5558/6851: https://www.refurbed.de/p/nokia-9-pureview/
2025-09-28 04:16:28,722 - INFO - Scraping 5559/6851: https://www.refurbed.de/p/nokia-c01plus/
2025-09-28 04:16:30,213 - INFO - Scraping 5560/6851: https://www.refurbed.de/p/nokia-c02/
2025-09-28 04:16:31,793 - INFO - Scraping 5561/6851: https://www.refurbed.de/p/nokia-c2-2nd-edition/
2025-09-28 04:16:33,327 - INFO - Scraping 5562/6851: https://www.refurbed.de/p/nokia-c20/
2025-09-28 04:16:34,937 - INFO - Scraping 5563/6851: https://www.refurbed.de/p/nokia-c21-plus/
2025-09-28 04:16:36,430 - INFO - Scraping 5564/6851: https://www.refurbed.de/p/nokia-c22/
2025-09-28 04:16:38,087 - INFO - Scraping 5565/6851: https://www.refurbed.de/p/nokia-c30/
2025-09-28 04:16:39,677 - INFO - Scraping 5566/6851: https://www.refurbed.de/p/nokia-c32/
2025-09-28 04:16:41,300 - INFO - Scraping 5567/6851: https://www.refurbed.de/p/nokia-dc-16/
2025-09-28 04:16:42,763 - INFO - Scraping 5568/6851: https://www.refurbed.de/p/nokia-fastmile-5g/
2025-09-28 04:16:44,304 - INFO - Scraping 5569/6851: https://www.refurbed.de/p/nokia-g10/
2025-09-28 04:16:45,824 - INFO - Scraping 5570/6851: https://www.refurbed.de/p/nokia-g11-plus/
2025-09-28 04:16:47,424 - INFO - Scraping 5571/6851: https://www.refurbed.de/p/nokia-g11/
2025-09-28 04:16:48,922 - INFO - Scraping 5572/6851: https://www.refurbed.de/p/nokia-g20/
2025-09-28 04:16:50,666 - INFO - Scraping 5573/6851: https://www.refurbed.de/p/nokia-g21/
2025-09-28 04:16:52,116 - INFO - Scraping 5574/6851: https://www.refurbed.de/p/nokia-g22/
2025-09-28 04:16:53,818 - INFO - Scraping 5575/6851: https://www.refurbed.de/p/nokia-g42/
2025-09-28 04:16:55,257 - INFO - Scraping 5576/6851: https://www.refurbed.de/p/nokia-g50-5g/
2025-09-28 04:16:56,817 - INFO - Scraping 5577/6851: https://www.refurbed.de/p/nokia-g60-5g/
2025-09-28 04:16:58,360 - INFO - Scraping 5578/6851: https://www.refurbed.de/p/nokia-hne24gv210-24/
2025-09-28 04:16:59,978 - INFO - Scraping 5579/6851: https://www.refurbed.de/p/nokia-lumia-1020/
2025-09-28 04:17:00,285 - ERROR - Error fetching https://www.refurbed.de/p/nokia-lumia-1020/: 404 Client Error: Not Found for url: https://www.refurbed.de/p/nokia-lumia-1020/
2025-09-28 04:17:01,287 - INFO - Scraping 5580/6851: https://www.refurbed.de/p/nokia-lumia-1320/
2025-09-28 04:17:01,680 - ERROR - Error fetching https://www.refurbed.de/p/nokia-lumia-1320/: 404 Client Error: Not Found for url: https://www.refurbed.de/p/nokia-lumia-1320/
2025-09-28 04:17:02,682 - INFO - Scraping 5581/6851: https://www.refurbed.de/p/nokia-lumia-620/
2025-09-28 04:17:04,660 - INFO - Scraping 5582/6851: https://www.refurbed.de/p/nokia-lumia-635/
2025-09-28 04:17:06,150 - INFO - Scraping 5583/6851: https://www.refurbed.de/p/nokia-lumia-735/
2025-09-28 04:17:06,393 - ERROR - Error fetching https://www.refurbed.de/p/nokia-lumia-735/: 404 Client Error: Not Found for url: https://www.refurbed.de/p/nokia-lumia-735/
2025-09-28 04:17:07,396 - INFO - Scraping 5584/6851: https://www.refurbed.de/p/nokia-lumia-830/
2025-09-28 04:17:07,652 - ERROR - Error fetching https://www.refurbed.de/p/nokia-lumia-830/: 404 Client Error: Not Found for url: https://www.refurbed.de/p/nokia-lumia-830/
2025-09-28 04:17:08,655 - INFO - Scraping 5585/6851: https://www.refurbed.de/p/nokia-lumia-920/
2025-09-28 04:17:08,961 - ERROR - Error fetching https://www.refurbed.de/p/nokia-lumia-920/: 404 Client Error: Not Found for url: https://www.refurbed.de/p/nokia-lumia-920/
2025-09-28 04:17:09,963 - INFO - Scraping 5586/6851: https://www.refurbed.de/p/nokia-lumia-925/
2025-09-28 04:17:10,226 - ERROR - Error fetching https://www.refurbed.de/p/nokia-lumia-925/: 404 Client Error: Not Found for url: https://www.refurbed.de/p/nokia-lumia-925/
2025-09-28 04:17:11,228 - INFO - Scraping 5587/6851: https://www.refurbed.de/p/nokia-lumia-930/
2025-09-28 04:17:11,874 - ERROR - Error fetching https://www.refurbed.de/p/nokia-lumia-930/: 404 Client Error: Not Found for url: https://www.refurbed.de/p/nokia-lumia-930/
2025-09-28 04:17:12,877 - INFO - Scraping 5588/6851: https://www.refurbed.de/p/nokia-qnr43gv215-43/
2025-09-28 04:17:14,414 - INFO - Scraping 5589/6851: https://www.refurbed.de/p/nokia-steel/
2025-09-28 04:17:16,025 - INFO - Scraping 5590/6851: https://www.refurbed.de/p/nokia-t10/
2025-09-28 04:17:17,753 - INFO - Scraping 5591/6851: https://www.refurbed.de/p/nokia-t20/
2025-09-28 04:17:19,402 - INFO - Scraping 5592/6851: https://www.refurbed.de/p/nokia-t21/
2025-09-28 04:17:21,181 - INFO - Scraping 5593/6851: https://www.refurbed.de/p/nokia-x10/
2025-09-28 04:17:22,785 - INFO - Scraping 5594/6851: https://www.refurbed.de/p/nokia-x20/
2025-09-28 04:17:24,507 - INFO - Scraping 5595/6851: https://www.refurbed.de/p/nokia-x30-5g/
2025-09-28 04:17:26,124 - INFO - Scraping 5596/6851: https://www.refurbed.de/p/nokia-xr20/
2025-09-28 04:17:27,702 - INFO - Scraping 5597/6851: https://www.refurbed.de/p/nokia-xr21/
2025-09-28 04:17:29,137 - INFO - Scraping 5598/6851: https://www.refurbed.de/p/oneplus-10-pro/
2025-09-28 04:17:31,069 - INFO - Scraping 5599/6851: https://www.refurbed.de/p/oneplus-10-t/
2025-09-28 04:17:32,683 - INFO - Scraping 5600/6851: https://www.refurbed.de/p/oneplus-11/
2025-09-28 04:17:34,413 - INFO - Scraping 5601/6851: https://www.refurbed.de/p/oneplus-12/
2025-09-28 04:17:36,068 - INFO - Scraping 5602/6851: https://www.refurbed.de/p/oneplus-12r/
2025-09-28 04:17:37,501 - INFO - Scraping 5603/6851: https://www.refurbed.de/p/oneplus-13/
2025-09-28 04:17:39,245 - INFO - Scraping 5604/6851: https://www.refurbed.de/p/oneplus-2/
2025-09-28 04:17:40,904 - INFO - Scraping 5605/6851: https://www.refurbed.de/p/oneplus-3/
2025-09-28 04:17:42,569 - INFO - Scraping 5606/6851: https://www.refurbed.de/p/oneplus-3t/
2025-09-28 04:17:44,071 - INFO - Scraping 5607/6851: https://www.refurbed.de/p/oneplus-5/
2025-09-28 04:17:45,671 - INFO - Scraping 5608/6851: https://www.refurbed.de/p/oneplus-5t/
2025-09-28 04:17:47,310 - INFO - Scraping 5609/6851: https://www.refurbed.de/p/oneplus-6/
2025-09-28 04:17:48,942 - INFO - Scraping 5610/6851: https://www.refurbed.de/p/oneplus-6t-mclaren/
2025-09-28 04:17:50,648 - INFO - Scraping 5611/6851: https://www.refurbed.de/p/oneplus-6t/
2025-09-28 04:17:52,272 - INFO - Scraping 5612/6851: https://www.refurbed.de/p/oneplus-7-pro/
2025-09-28 04:17:54,079 - INFO - Scraping 5613/6851: https://www.refurbed.de/p/oneplus-7/
2025-09-28 04:17:55,732 - INFO - Scraping 5614/6851: https://www.refurbed.de/p/oneplus-7t-pro-mclaren/
2025-09-28 04:17:57,506 - INFO - Scraping 5615/6851: https://www.refurbed.de/p/oneplus-7t-pro/
2025-09-28 04:17:59,144 - INFO - Scraping 5616/6851: https://www.refurbed.de/p/oneplus-7t/
2025-09-28 04:18:00,745 - INFO - Scraping 5617/6851: https://www.refurbed.de/p/oneplus-8-pro/
2025-09-28 04:18:02,335 - INFO - Scraping 5618/6851: https://www.refurbed.de/p/oneplus-8/
2025-09-28 04:18:04,048 - INFO - Scraping 5619/6851: https://www.refurbed.de/p/oneplus-8t/
2025-09-28 04:18:05,734 - INFO - Scraping 5620/6851: https://www.refurbed.de/p/oneplus-9-pro/
2025-09-28 04:18:07,363 - INFO - Scraping 5621/6851: https://www.refurbed.de/p/oneplus-9/
2025-09-28 04:18:09,117 - INFO - Scraping 5622/6851: https://www.refurbed.de/p/oneplus-buds-pro-2/
2025-09-28 04:18:10,694 - INFO - Scraping 5623/6851: https://www.refurbed.de/p/oneplus-buds-pro/
2025-09-28 04:18:12,231 - INFO - Scraping 5624/6851: https://www.refurbed.de/p/oneplus-buds-z2/
2025-09-28 04:18:13,854 - INFO - Scraping 5625/6851: https://www.refurbed.de/p/oneplus-buds/
2025-09-28 04:18:15,318 - INFO - Scraping 5626/6851: https://www.refurbed.de/p/oneplus-bullets-wireless-z/
2025-09-28 04:18:16,956 - INFO - Scraping 5627/6851: https://www.refurbed.de/p/oneplus-nord-2-5g/
2025-09-28 04:18:18,641 - INFO - Scraping 5628/6851: https://www.refurbed.de/p/oneplus-nord-2-pac-man-edition/
2025-09-28 04:18:20,353 - INFO - Scraping 5629/6851: https://www.refurbed.de/p/oneplus-nord-2t-5g/
2025-09-28 04:18:22,270 - INFO - Scraping 5630/6851: https://www.refurbed.de/p/oneplus-nord-3-5g/
2025-09-28 04:18:24,022 - INFO - Scraping 5631/6851: https://www.refurbed.de/p/oneplus-nord-4/
2025-09-28 04:18:25,769 - INFO - Scraping 5632/6851: https://www.refurbed.de/p/oneplus-nord-ce-2-lite/
2025-09-28 04:18:27,355 - INFO - Scraping 5633/6851: https://www.refurbed.de/p/oneplus-nord-ce-2/
2025-09-28 04:18:28,999 - INFO - Scraping 5634/6851: https://www.refurbed.de/p/oneplus-nord-ce-3-lite/
2025-09-28 04:18:30,582 - INFO - Scraping 5635/6851: https://www.refurbed.de/p/oneplus-nord-ce-4-lite-5g/
2025-09-28 04:18:32,318 - INFO - Scraping 5636/6851: https://www.refurbed.de/p/oneplus-nord-ce/
2025-09-28 04:18:33,933 - INFO - Scraping 5637/6851: https://www.refurbed.de/p/oneplus-nord-n10-5g/
2025-09-28 04:18:35,620 - INFO - Scraping 5638/6851: https://www.refurbed.de/p/oneplus-nord-n100/
2025-09-28 04:18:37,345 - INFO - Scraping 5639/6851: https://www.refurbed.de/p/oneplus-nord/
2025-09-28 04:18:38,916 - INFO - Scraping 5640/6851: https://www.refurbed.de/p/oneplus-one/
2025-09-28 04:18:40,491 - INFO - Scraping 5641/6851: https://www.refurbed.de/p/oneplus-open/
2025-09-28 04:18:42,015 - INFO - Scraping 5642/6851: https://www.refurbed.de/p/oneplus-pad-11-6/
2025-09-28 04:18:43,704 - INFO - Scraping 5643/6851: https://www.refurbed.de/p/oneplus-pad-2-12-1/
2025-09-28 04:18:45,291 - INFO - Scraping 5644/6851: https://www.refurbed.de/p/oneplus-x/
2025-09-28 04:18:46,723 - INFO - Scraping 5645/6851: https://www.refurbed.de/p/oppo-a15/
2025-09-28 04:18:48,790 - INFO - Scraping 5646/6851: https://www.refurbed.de/p/oppo-a16/
2025-09-28 04:18:50,258 - INFO - Scraping 5647/6851: https://www.refurbed.de/p/oppo-a16s/
2025-09-28 04:18:52,224 - INFO - Scraping 5648/6851: https://www.refurbed.de/p/oppo-a17/
2025-09-28 04:18:53,908 - INFO - Scraping 5649/6851: https://www.refurbed.de/p/oppo-a3/
2025-09-28 04:18:55,391 - INFO - Scraping 5650/6851: https://www.refurbed.de/p/oppo-a31/
2025-09-28 04:18:56,919 - INFO - Scraping 5651/6851: https://www.refurbed.de/p/oppo-a38/
2025-09-28 04:18:58,404 - INFO - Scraping 5652/6851: https://www.refurbed.de/p/oppo-a5-2020/
2025-09-28 04:19:00,253 - INFO - Scraping 5653/6851: https://www.refurbed.de/p/oppo-a52/
2025-09-28 04:19:01,987 - INFO - Scraping 5654/6851: https://www.refurbed.de/p/oppo-a53/
2025-09-28 04:19:03,429 - INFO - Scraping 5655/6851: https://www.refurbed.de/p/oppo-a53s/
2025-09-28 04:19:05,121 - INFO - Scraping 5656/6851: https://www.refurbed.de/p/oppo-a54-5g/
2025-09-28 04:19:06,845 - INFO - Scraping 5657/6851: https://www.refurbed.de/p/oppo-a54-s/
2025-09-28 04:19:08,497 - INFO - Scraping 5658/6851: https://www.refurbed.de/p/oppo-a57/
2025-09-28 04:19:10,811 - INFO - Scraping 5659/6851: https://www.refurbed.de/p/oppo-a57s/
2025-09-28 04:19:12,644 - INFO - Scraping 5660/6851: https://www.refurbed.de/p/oppo-a58-4g/
2025-09-28 04:19:14,213 - INFO - Scraping 5661/6851: https://www.refurbed.de/p/oppo-a60-5g/
2025-09-28 04:19:15,867 - INFO - Scraping 5662/6851: https://www.refurbed.de/p/oppo-a72/
2025-09-28 04:19:17,816 - INFO - Scraping 5663/6851: https://www.refurbed.de/p/oppo-a73-5g/
2025-09-28 04:19:19,538 - INFO - Scraping 5664/6851: https://www.refurbed.de/p/oppo-a74-5g/
2025-09-28 04:19:21,309 - INFO - Scraping 5665/6851: https://www.refurbed.de/p/oppo-a74/
2025-09-28 04:19:23,135 - INFO - Scraping 5666/6851: https://www.refurbed.de/p/oppo-a76/
2025-09-28 04:19:24,710 - INFO - Scraping 5667/6851: https://www.refurbed.de/p/oppo-a77/
2025-09-28 04:19:26,735 - INFO - Scraping 5668/6851: https://www.refurbed.de/p/oppo-a78-5g/
2025-09-28 04:19:28,305 - INFO - Scraping 5669/6851: https://www.refurbed.de/p/oppo-a79-5g/
2025-09-28 04:19:29,928 - INFO - Scraping 5670/6851: https://www.refurbed.de/p/oppo-a80/
2025-09-28 04:19:31,520 - INFO - Scraping 5671/6851: https://www.refurbed.de/p/oppo-a9/
2025-09-28 04:19:33,306 - INFO - Scraping 5672/6851: https://www.refurbed.de/p/oppo-a91/
2025-09-28 04:19:34,901 - INFO - Scraping 5673/6851: https://www.refurbed.de/p/oppo-a94-5g/
2025-09-28 04:19:36,503 - INFO - Scraping 5674/6851: https://www.refurbed.de/p/oppo-a96/
2025-09-28 04:19:38,578 - INFO - Scraping 5675/6851: https://www.refurbed.de/p/oppo-a98-5g/
2025-09-28 04:19:40,142 - INFO - Scraping 5676/6851: https://www.refurbed.de/p/oppo-ax7/
2025-09-28 04:19:41,713 - INFO - Scraping 5677/6851: https://www.refurbed.de/p/oppo-enco-air2-pro/
2025-09-28 04:19:43,155 - INFO - Scraping 5678/6851: https://www.refurbed.de/p/oppo-enco-free/
2025-09-28 04:19:44,660 - INFO - Scraping 5679/6851: https://www.refurbed.de/p/oppo-enco-w12/
2025-09-28 04:19:46,150 - INFO - Scraping 5680/6851: https://www.refurbed.de/p/oppo-enco-w31/
2025-09-28 04:19:47,572 - INFO - Scraping 5681/6851: https://www.refurbed.de/p/oppo-enco-w51/
2025-09-28 04:19:49,135 - INFO - Scraping 5682/6851: https://www.refurbed.de/p/oppo-enco-x/
2025-09-28 04:19:50,787 - INFO - Scraping 5683/6851: https://www.refurbed.de/p/oppo-f19/
2025-09-28 04:19:52,637 - INFO - Scraping 5684/6851: https://www.refurbed.de/p/oppo-f9/
2025-09-28 04:19:54,115 - INFO - Scraping 5685/6851: https://www.refurbed.de/p/oppo-find-n2-flip/
2025-09-28 04:19:55,716 - INFO - Scraping 5686/6851: https://www.refurbed.de/p/oppo-find-x2-5g/
2025-09-28 04:19:57,186 - INFO - Scraping 5687/6851: https://www.refurbed.de/p/oppo-find-x2-lite/
2025-09-28 04:19:58,896 - INFO - Scraping 5688/6851: https://www.refurbed.de/p/oppo-find-x2-neo-5g/
2025-09-28 04:20:00,553 - INFO - Scraping 5689/6851: https://www.refurbed.de/p/oppo-find-x2-pro/
2025-09-28 04:20:02,055 - INFO - Scraping 5690/6851: https://www.refurbed.de/p/oppo-find-x3-lite/
2025-09-28 04:20:03,705 - INFO - Scraping 5691/6851: https://www.refurbed.de/p/oppo-find-x3-neo/
2025-09-28 04:20:05,577 - INFO - Scraping 5692/6851: https://www.refurbed.de/p/oppo-find-x3-pro/
2025-09-28 04:20:07,191 - INFO - Scraping 5693/6851: https://www.refurbed.de/p/oppo-find-x5-lite/
2025-09-28 04:20:08,850 - INFO - Scraping 5694/6851: https://www.refurbed.de/p/oppo-find-x5-pro/
2025-09-28 04:20:10,513 - INFO - Scraping 5695/6851: https://www.refurbed.de/p/oppo-find-x5/
2025-09-28 04:20:12,110 - INFO - Scraping 5696/6851: https://www.refurbed.de/p/oppo-find-x8-pro/
2025-09-28 04:20:13,694 - INFO - Scraping 5697/6851: https://www.refurbed.de/p/oppo-r15-pro/
2025-09-28 04:20:15,145 - INFO - Scraping 5698/6851: https://www.refurbed.de/p/oppo-reno-10-5g/
2025-09-28 04:20:17,179 - INFO - Scraping 5699/6851: https://www.refurbed.de/p/oppo-reno-10-pro-5g/
2025-09-28 04:20:18,876 - INFO - Scraping 5700/6851: https://www.refurbed.de/p/oppo-reno-10-pro-plus-5g/
2025-09-28 04:20:20,357 - INFO - Scraping 5701/6851: https://www.refurbed.de/p/oppo-reno-10x-zoom/
2025-09-28 04:20:22,076 - INFO - Scraping 5702/6851: https://www.refurbed.de/p/oppo-reno-11-f-5g/
2025-09-28 04:20:23,533 - INFO - Scraping 5703/6851: https://www.refurbed.de/p/oppo-reno-12-f-5g/
2025-09-28 04:20:25,098 - INFO - Scraping 5704/6851: https://www.refurbed.de/p/oppo-reno-12-fs-5g/
2025-09-28 04:20:26,756 - INFO - Scraping 5705/6851: https://www.refurbed.de/p/oppo-reno-12-pro-5g/
2025-09-28 04:20:28,749 - INFO - Scraping 5706/6851: https://www.refurbed.de/p/oppo-reno-12/
2025-09-28 04:20:30,348 - INFO - Scraping 5707/6851: https://www.refurbed.de/p/oppo-reno-2-z/
2025-09-28 04:20:31,884 - INFO - Scraping 5708/6851: https://www.refurbed.de/p/oppo-reno-2/
2025-09-28 04:20:33,588 - INFO - Scraping 5709/6851: https://www.refurbed.de/p/oppo-reno-3-pro-5g/
2025-09-28 04:20:34,970 - INFO - Scraping 5710/6851: https://www.refurbed.de/p/oppo-reno-4-5g/
2025-09-28 04:20:36,725 - INFO - Scraping 5711/6851: https://www.refurbed.de/p/oppo-reno-4-pro-5g/
2025-09-28 04:20:38,294 - INFO - Scraping 5712/6851: https://www.refurbed.de/p/oppo-reno-5-pro-5g/
2025-09-28 04:20:39,827 - INFO - Scraping 5713/6851: https://www.refurbed.de/p/oppo-reno-5g/
2025-09-28 04:20:41,273 - INFO - Scraping 5714/6851: https://www.refurbed.de/p/oppo-reno-6-5g/
2025-09-28 04:20:42,760 - INFO - Scraping 5715/6851: https://www.refurbed.de/p/oppo-reno-6-pro-5g/
2025-09-28 04:20:44,196 - INFO - Scraping 5716/6851: https://www.refurbed.de/p/oppo-reno-7-5g/
2025-09-28 04:20:45,771 - INFO - Scraping 5717/6851: https://www.refurbed.de/p/oppo-reno-7-lite-5g/
2025-09-28 04:20:47,531 - INFO - Scraping 5718/6851: https://www.refurbed.de/p/oppo-reno-7/
2025-09-28 04:20:49,299 - INFO - Scraping 5719/6851: https://www.refurbed.de/p/oppo-reno-8-5g/
2025-09-28 04:20:50,939 - INFO - Scraping 5720/6851: https://www.refurbed.de/p/oppo-reno-8-lite-5g/
2025-09-28 04:20:52,647 - INFO - Scraping 5721/6851: https://www.refurbed.de/p/oppo-reno-8-pro-5g/
2025-09-28 04:20:54,301 - INFO - Scraping 5722/6851: https://www.refurbed.de/p/oppo-reno-z-4-5g/
2025-09-28 04:20:56,090 - INFO - Scraping 5723/6851: https://www.refurbed.de/p/oppo-reno-z-5-5g/
2025-09-28 04:20:57,651 - INFO - Scraping 5724/6851: https://www.refurbed.de/p/oppo-reno-z/
2025-09-28 04:20:59,555 - INFO - Scraping 5725/6851: https://www.refurbed.de/p/oppo-reno/
2025-09-28 04:21:01,163 - INFO - Scraping 5726/6851: https://www.refurbed.de/p/oppo-reno5-5g/
2025-09-28 04:21:02,818 - INFO - Scraping 5727/6851: https://www.refurbed.de/p/oppo-rx17-neo/
2025-09-28 04:21:04,378 - INFO - Scraping 5728/6851: https://www.refurbed.de/p/oppo-rx17-pro/
2025-09-28 04:21:06,121 - INFO - Scraping 5729/6851: https://www.refurbed.de/p/os-caldorad-humi-13-99298/
2025-09-28 04:21:07,577 - INFO - Scraping 5730/6851: https://www.refurbed.de/p/os-caldorad-humi-9-99263/
2025-09-28 04:21:09,124 - INFO - Scraping 5731/6851: https://www.refurbed.de/p/panasonic-lumi-s-20-60mm-3-5-5-6/
2025-09-28 04:21:10,649 - INFO - Scraping 5732/6851: https://www.refurbed.de/p/panzerglass-google-pixel/
2025-09-28 04:21:12,433 - INFO - Scraping 5733/6851: https://www.refurbed.de/p/panzerglass-ipad-bndl-transparen/
2025-09-28 04:21:14,040 - INFO - Scraping 5734/6851: https://www.refurbed.de/p/panzerglass-ipad/
2025-09-28 04:21:15,775 - INFO - Scraping 5735/6851: https://www.refurbed.de/p/panzerglass-iphone-6-6s-7-8-stan/
2025-09-28 04:21:17,246 - INFO - Scraping 5736/6851: https://www.refurbed.de/p/panzerglass-iphone-recycled/
2025-09-28 04:21:19,099 - INFO - Scraping 5737/6851: https://www.refurbed.de/p/panzerglass-motorola/
2025-09-28 04:21:20,524 - INFO - Scraping 5738/6851: https://www.refurbed.de/p/panzerglass-nokia/
2025-09-28 04:21:22,317 - INFO - Scraping 5739/6851: https://www.refurbed.de/p/panzerglass-oneplus/
2025-09-28 04:21:23,927 - INFO - Scraping 5740/6851: https://www.refurbed.de/p/panzerglass-oppo/
2025-09-28 04:21:25,427 - INFO - Scraping 5741/6851: https://www.refurbed.de/p/panzerglass-realme/
2025-09-28 04:21:26,974 - INFO - Scraping 5742/6851: https://www.refurbed.de/p/panzerglass-samsung-tablet/
2025-09-28 04:21:28,454 - INFO - Scraping 5743/6851: https://www.refurbed.de/p/panzerglass-tab-bndl-transparent/
2025-09-28 04:21:30,058 - INFO - Scraping 5744/6851: https://www.refurbed.de/p/pg-privacy-screen-iphone-15/
2025-09-28 04:21:31,628 - INFO - Scraping 5745/6851: https://www.refurbed.de/p/pg-privacy-screen-macbook/
2025-09-28 04:21:33,392 - INFO - Scraping 5746/6851: https://www.refurbed.de/p/philips-voice-tracer-dvt2050/
2025-09-28 04:21:34,942 - INFO - Scraping 5747/6851: https://www.refurbed.de/p/realme-11-pro-5g/
2025-09-28 04:21:36,473 - INFO - Scraping 5748/6851: https://www.refurbed.de/p/realme-12-pro-5g/
2025-09-28 04:21:36,914 - ERROR - Error fetching https://www.refurbed.de/p/realme-12-pro-5g/: 404 Client Error: Not Found for url: https://www.refurbed.de/p/realme-12-pro-5g/
2025-09-28 04:21:37,916 - INFO - Scraping 5749/6851: https://www.refurbed.de/p/realme-12-pro-plus-5g/
2025-09-28 04:21:39,636 - INFO - Scraping 5750/6851: https://www.refurbed.de/p/realme-5-pro/
2025-09-28 04:21:41,226 - INFO - Scraping 5751/6851: https://www.refurbed.de/p/realme-5/
2025-09-28 04:21:42,656 - INFO - Scraping 5752/6851: https://www.refurbed.de/p/realme-5i/
2025-09-28 04:21:44,388 - INFO - Scraping 5753/6851: https://www.refurbed.de/p/realme-6-pro/
2025-09-28 04:21:46,085 - INFO - Scraping 5754/6851: https://www.refurbed.de/p/realme-6/
2025-09-28 04:21:47,467 - INFO - Scraping 5755/6851: https://www.refurbed.de/p/realme-6i/
2025-09-28 04:21:48,968 - INFO - Scraping 5756/6851: https://www.refurbed.de/p/realme-6s/
2025-09-28 04:21:50,514 - INFO - Scraping 5757/6851: https://www.refurbed.de/p/realme-7-5g/
2025-09-28 04:21:52,029 - INFO - Scraping 5758/6851: https://www.refurbed.de/p/realme-7-pro/
2025-09-28 04:21:53,765 - INFO - Scraping 5759/6851: https://www.refurbed.de/p/realme-7/
2025-09-28 04:21:55,222 - INFO - Scraping 5760/6851: https://www.refurbed.de/p/realme-7i-global/
2025-09-28 04:21:56,917 - INFO - Scraping 5761/6851: https://www.refurbed.de/p/realme-8-5g/
2025-09-28 04:21:58,737 - INFO - Scraping 5762/6851: https://www.refurbed.de/p/realme-8-pro/
2025-09-28 04:22:00,401 - INFO - Scraping 5763/6851: https://www.refurbed.de/p/realme-8/
2025-09-28 04:22:02,081 - INFO - Scraping 5764/6851: https://www.refurbed.de/p/realme-8i/
2025-09-28 04:22:03,776 - INFO - Scraping 5765/6851: https://www.refurbed.de/p/realme-9-5g/
2025-09-28 04:22:05,371 - INFO - Scraping 5766/6851: https://www.refurbed.de/p/realme-9-pro-5g/
2025-09-28 04:22:06,756 - INFO - Scraping 5767/6851: https://www.refurbed.de/p/realme-9-pro-plus-5g/
2025-09-28 04:22:08,250 - INFO - Scraping 5768/6851: https://www.refurbed.de/p/realme-9-pro-plus/
2025-09-28 04:22:10,248 - INFO - Scraping 5769/6851: https://www.refurbed.de/p/realme-9/
2025-09-28 04:22:12,836 - INFO - Scraping 5770/6851: https://www.refurbed.de/p/realme-9i/
2025-09-28 04:22:14,418 - INFO - Scraping 5771/6851: https://www.refurbed.de/p/realme-buds-air-3/
2025-09-28 04:22:15,874 - INFO - Scraping 5772/6851: https://www.refurbed.de/p/realme-c11-2021/
2025-09-28 04:22:17,958 - INFO - Scraping 5773/6851: https://www.refurbed.de/p/realme-c11/
2025-09-28 04:22:19,517 - INFO - Scraping 5774/6851: https://www.refurbed.de/p/realme-c21/
2025-09-28 04:22:21,148 - INFO - Scraping 5775/6851: https://www.refurbed.de/p/realme-c3/
2025-09-28 04:22:22,576 - INFO - Scraping 5776/6851: https://www.refurbed.de/p/realme-c31/
2025-09-28 04:22:24,081 - INFO - Scraping 5777/6851: https://www.refurbed.de/p/realme-gt-2-pro/
2025-09-28 04:22:25,950 - INFO - Scraping 5778/6851: https://www.refurbed.de/p/realme-gt-3/
2025-09-28 04:22:27,372 - INFO - Scraping 5779/6851: https://www.refurbed.de/p/realme-gt-5g-master/
2025-09-28 04:22:29,227 - INFO - Scraping 5780/6851: https://www.refurbed.de/p/realme-gt-5g/
2025-09-28 04:22:30,691 - INFO - Scraping 5781/6851: https://www.refurbed.de/p/realme-gt-neo-2/
2025-09-28 04:22:32,228 - INFO - Scraping 5782/6851: https://www.refurbed.de/p/realme-gt-neo-3-150w/
2025-09-28 04:22:33,869 - INFO - Scraping 5783/6851: https://www.refurbed.de/p/realme-gt-neo-3-80w/
2025-09-28 04:22:35,409 - INFO - Scraping 5784/6851: https://www.refurbed.de/p/realme-gt-neo-3t/
2025-09-28 04:22:37,016 - INFO - Scraping 5785/6851: https://www.refurbed.de/p/realme-narzo-30-5g/
2025-09-28 04:22:38,663 - INFO - Scraping 5786/6851: https://www.refurbed.de/p/realme-narzo-30a/
2025-09-28 04:22:40,219 - INFO - Scraping 5787/6851: https://www.refurbed.de/p/realme-narzo-50-5g/
2025-09-28 04:22:41,669 - INFO - Scraping 5788/6851: https://www.refurbed.de/p/realme-narzo-50/
2025-09-28 04:22:43,133 - INFO - Scraping 5789/6851: https://www.refurbed.de/p/realme-narzo-50a-prime/
2025-09-28 04:22:44,596 - INFO - Scraping 5790/6851: https://www.refurbed.de/p/realme-pad-mini-8-7/
2025-09-28 04:22:46,099 - INFO - Scraping 5791/6851: https://www.refurbed.de/p/realme-pro3/
2025-09-28 04:22:47,545 - INFO - Scraping 5792/6851: https://www.refurbed.de/p/realme-x2-pro/
2025-09-28 04:22:49,328 - INFO - Scraping 5793/6851: https://www.refurbed.de/p/realme-x2/
2025-09-28 04:22:50,909 - INFO - Scraping 5794/6851: https://www.refurbed.de/p/realme-x3-super-zoom/
2025-09-28 04:22:52,440 - INFO - Scraping 5795/6851: https://www.refurbed.de/p/realme-x50-5g/
2025-09-28 04:22:53,868 - INFO - Scraping 5796/6851: https://www.refurbed.de/p/realme-x50-pro-5g/
2025-09-28 04:22:55,376 - INFO - Scraping 5797/6851: https://www.refurbed.de/p/realme-xt/
2025-09-28 04:22:56,909 - INFO - Scraping 5798/6851: https://www.refurbed.de/p/samsung--book3-pro-1340p360-16/
2025-09-28 04:22:58,438 - INFO - Scraping 5799/6851: https://www.refurbed.de/p/samsung-2233bw/
2025-09-28 04:22:59,906 - INFO - Scraping 5800/6851: https://www.refurbed.de/p/samsung-2443bw/
2025-09-28 04:23:01,605 - INFO - Scraping 5801/6851: https://www.refurbed.de/p/samsung-4k-lsp9t-triple-laser/
2025-09-28 04:23:03,270 - INFO - Scraping 5802/6851: https://www.refurbed.de/p/samsung-a040r033l/
2025-09-28 04:23:04,773 - INFO - Scraping 5803/6851: https://www.refurbed.de/p/samsung-activity-tracker-ei-an90/
2025-09-28 04:23:06,512 - INFO - Scraping 5804/6851: https://www.refurbed.de/p/samsung-akg-s30/
2025-09-28 04:23:08,507 - INFO - Scraping 5805/6851: https://www.refurbed.de/p/samsung-akg-y100-wireless/
2025-09-28 04:23:09,953 - INFO - Scraping 5806/6851: https://www.refurbed.de/p/samsung-b2100/
2025-09-28 04:23:11,572 - INFO - Scraping 5807/6851: https://www.refurbed.de/p/samsung-b2240mw/
2025-09-28 04:23:13,308 - INFO - Scraping 5808/6851: https://www.refurbed.de/p/samsung-b2710/
2025-09-28 04:23:14,921 - INFO - Scraping 5809/6851: https://www.refurbed.de/p/samsung-bespo-jetbot-combo-steam/
2025-09-28 04:23:16,487 - INFO - Scraping 5810/6851: https://www.refurbed.de/p/samsung-bespoke-jet-pet/
2025-09-28 04:23:17,980 - INFO - Scraping 5811/6851: https://www.refurbed.de/p/samsung-book-flex-10210u/
2025-09-28 04:23:19,423 - INFO - Scraping 5812/6851: https://www.refurbed.de/p/samsung-book-flex-i7-10510u/
2025-09-28 04:23:21,195 - INFO - Scraping 5813/6851: https://www.refurbed.de/p/samsung-book2-15-i3-1215u/
2025-09-28 04:23:22,750 - INFO - Scraping 5814/6851: https://www.refurbed.de/p/samsung-book2-15-i5-1235u/
2025-09-28 04:23:24,180 - INFO - Scraping 5815/6851: https://www.refurbed.de/p/samsung-book2-15-i7-1255u/
2025-09-28 04:23:25,643 - INFO - Scraping 5816/6851: https://www.refurbed.de/p/samsung-book2-pro-15-i5-1235u/
2025-09-28 04:23:27,381 - INFO - Scraping 5817/6851: https://www.refurbed.de/p/samsung-book2-pro-15-i7-1260p/
2025-09-28 04:23:28,853 - INFO - Scraping 5818/6851: https://www.refurbed.de/p/samsung-book2-pro-360-1240p/
2025-09-28 04:23:31,000 - INFO - Scraping 5819/6851: https://www.refurbed.de/p/samsung-book2-pro-360-13-1240p/
2025-09-28 04:23:33,021 - INFO - Scraping 5820/6851: https://www.refurbed.de/p/samsung-book2-pro-360-13-1260p/
2025-09-28 04:23:34,489 - INFO - Scraping 5821/6851: https://www.refurbed.de/p/samsung-book3-15-i3-1315u/
2025-09-28 04:23:36,120 - INFO - Scraping 5822/6851: https://www.refurbed.de/p/samsung-book3-15-i5-1335u/
2025-09-28 04:23:37,821 - INFO - Scraping 5823/6851: https://www.refurbed.de/p/samsung-bs-jetbot-combo-ai-steam/
2025-09-28 04:23:39,443 - INFO - Scraping 5824/6851: https://www.refurbed.de/p/samsung-c27f396fhu-27/
2025-09-28 04:23:41,124 - INFO - Scraping 5825/6851: https://www.refurbed.de/p/samsung-c27f591/
2025-09-28 04:23:42,657 - INFO - Scraping 5826/6851: https://www.refurbed.de/p/samsung-c49hg90/
2025-09-28 04:23:44,230 - INFO - Scraping 5827/6851: https://www.refurbed.de/p/samsung-ch890-2017-34/
2025-09-28 04:23:46,112 - INFO - Scraping 5828/6851: https://www.refurbed.de/p/samsung-chromebook-2-360-n4500/
2025-09-28 04:23:47,955 - INFO - Scraping 5829/6851: https://www.refurbed.de/p/samsung-chromebook-go-n4500/
2025-09-28 04:23:49,440 - INFO - Scraping 5830/6851: https://www.refurbed.de/p/samsung-crystal-uhd-ue43cu7172u/
2025-09-28 04:23:51,083 - INFO - Scraping 5831/6851: https://www.refurbed.de/p/samsung-crystal-uhd-ue50cu7172u/
2025-09-28 04:23:52,840 - INFO - Scraping 5832/6851: https://www.refurbed.de/p/samsung-dm48e-48/
2025-09-28 04:23:54,376 - INFO - Scraping 5833/6851: https://www.refurbed.de/p/samsung-dm55e-55/
2025-09-28 04:23:55,816 - INFO - Scraping 5834/6851: https://www.refurbed.de/p/samsung-ef-dx710-bkcvr-kbrd-slim/
2025-09-28 04:23:57,318 - INFO - Scraping 5835/6851: https://www.refurbed.de/p/samsung-ef-dx810-bkcvr-kbrd-slim/
2025-09-28 04:23:59,031 - INFO - Scraping 5836/6851: https://www.refurbed.de/p/samsung-ef-dx925-bkcvr-kbrd/
2025-09-28 04:24:00,505 - INFO - Scraping 5837/6851: https://www.refurbed.de/p/samsung-essen-monitor-s3-s31c-24/
2025-09-28 04:24:02,079 - INFO - Scraping 5838/6851: https://www.refurbed.de/p/samsung-essen-monitor-s3-s36c-27/
2025-09-28 04:24:03,505 - INFO - Scraping 5839/6851: https://www.refurbed.de/p/samsung-f37t-24/
2025-09-28 04:24:05,041 - INFO - Scraping 5840/6851: https://www.refurbed.de/p/samsung-flip-2-wm65r/
2025-09-28 04:24:06,458 - INFO - Scraping 5841/6851: https://www.refurbed.de/p/samsung-flip-pro-wm75b/
2025-09-28 04:24:08,609 - INFO - Scraping 5842/6851: https://www.refurbed.de/p/samsung-flip-pro-wm85b/
2025-09-28 04:24:10,001 - INFO - Scraping 5843/6851: https://www.refurbed.de/p/samsung-flip-wa65c/
2025-09-28 04:24:11,722 - INFO - Scraping 5844/6851: https://www.refurbed.de/p/samsung-frame-gq55ls03b/
2025-09-28 04:24:13,214 - INFO - Scraping 5845/6851: https://www.refurbed.de/p/samsung-freestyle-2g-sp-lff3clax/
2025-09-28 04:24:15,058 - INFO - Scraping 5846/6851: https://www.refurbed.de/p/samsung-freestyle-lsp3/
2025-09-28 04:24:16,586 - INFO - Scraping 5847/6851: https://www.refurbed.de/p/samsung-g-b4-edge-xelitex1e80100/
2025-09-28 04:24:17,938 - INFO - Scraping 5848/6851: https://www.refurbed.de/p/samsung-g-b4-edge-xelitex1e84100/
2025-09-28 04:24:19,778 - INFO - Scraping 5849/6851: https://www.refurbed.de/p/samsung-g-book2-pro-360-15-1260p/
2025-09-28 04:24:21,306 - INFO - Scraping 5850/6851: https://www.refurbed.de/p/samsung-g-book4-edge-x1p-42-100/
2025-09-28 04:24:22,790 - INFO - Scraping 5851/6851: https://www.refurbed.de/p/samsung-galaxy-a01/
2025-09-28 04:24:24,275 - INFO - Scraping 5852/6851: https://www.refurbed.de/p/samsung-galaxy-a02s/
2025-09-28 04:24:25,885 - INFO - Scraping 5853/6851: https://www.refurbed.de/p/samsung-galaxy-a03/
2025-09-28 04:24:27,685 - INFO - Scraping 5854/6851: https://www.refurbed.de/p/samsung-galaxy-a03s/
2025-09-28 04:24:29,490 - INFO - Scraping 5855/6851: https://www.refurbed.de/p/samsung-galaxy-a04/
2025-09-28 04:24:30,909 - INFO - Scraping 5856/6851: https://www.refurbed.de/p/samsung-galaxy-a04s/
2025-09-28 04:24:32,599 - INFO - Scraping 5857/6851: https://www.refurbed.de/p/samsung-galaxy-a05/
2025-09-28 04:24:34,050 - INFO - Scraping 5858/6851: https://www.refurbed.de/p/samsung-galaxy-a05s/
2025-09-28 04:24:36,169 - INFO - Scraping 5859/6851: https://www.refurbed.de/p/samsung-galaxy-a06/
2025-09-28 04:24:37,897 - INFO - Scraping 5860/6851: https://www.refurbed.de/p/samsung-galaxy-a10/
2025-09-28 04:24:43,986 - INFO - Scraping 5861/6851: https://www.refurbed.de/p/samsung-galaxy-a10s/
2025-09-28 04:24:45,582 - INFO - Scraping 5862/6851: https://www.refurbed.de/p/samsung-galaxy-a11/
2025-09-28 04:24:47,109 - INFO - Scraping 5863/6851: https://www.refurbed.de/p/samsung-galaxy-a12-nacho/
2025-09-28 04:24:48,683 - INFO - Scraping 5864/6851: https://www.refurbed.de/p/samsung-galaxy-a12/
2025-09-28 04:24:54,805 - INFO - Scraping 5865/6851: https://www.refurbed.de/p/samsung-galaxy-a13-5g/
2025-09-28 04:24:56,409 - INFO - Scraping 5866/6851: https://www.refurbed.de/p/samsung-galaxy-a13/
2025-09-28 04:24:58,085 - INFO - Scraping 5867/6851: https://www.refurbed.de/p/samsung-galaxy-a14-5g/
2025-09-28 04:24:59,807 - INFO - Scraping 5868/6851: https://www.refurbed.de/p/samsung-galaxy-a14/
2025-09-28 04:25:01,524 - INFO - Scraping 5869/6851: https://www.refurbed.de/p/samsung-galaxy-a15-5g/
2025-09-28 04:25:03,203 - INFO - Scraping 5870/6851: https://www.refurbed.de/p/samsung-galaxy-a15/
2025-09-28 04:25:04,910 - INFO - Scraping 5871/6851: https://www.refurbed.de/p/samsung-galaxy-a16-5g/
2025-09-28 04:25:06,702 - INFO - Scraping 5872/6851: https://www.refurbed.de/p/samsung-galaxy-a16/
2025-09-28 04:25:08,307 - INFO - Scraping 5873/6851: https://www.refurbed.de/p/samsung-galaxy-a20/
2025-09-28 04:25:09,814 - INFO - Scraping 5874/6851: https://www.refurbed.de/p/samsung-galaxy-a20e/
2025-09-28 04:25:11,493 - INFO - Scraping 5875/6851: https://www.refurbed.de/p/samsung-galaxy-a20s/
2025-09-28 04:25:13,333 - INFO - Scraping 5876/6851: https://www.refurbed.de/p/samsung-galaxy-a21s/
2025-09-28 04:25:15,234 - INFO - Scraping 5877/6851: https://www.refurbed.de/p/samsung-galaxy-a22-5g/
2025-09-28 04:25:16,918 - INFO - Scraping 5878/6851: https://www.refurbed.de/p/samsung-galaxy-a22/
2025-09-28 04:25:18,410 - INFO - Scraping 5879/6851: https://www.refurbed.de/p/samsung-galaxy-a22s-5g/
2025-09-28 04:25:20,055 - INFO - Scraping 5880/6851: https://www.refurbed.de/p/samsung-galaxy-a23-5g/
2025-09-28 04:25:21,661 - INFO - Scraping 5881/6851: https://www.refurbed.de/p/samsung-galaxy-a23/
2025-09-28 04:25:23,576 - INFO - Scraping 5882/6851: https://www.refurbed.de/p/samsung-galaxy-a24/
2025-09-28 04:25:25,206 - INFO - Scraping 5883/6851: https://www.refurbed.de/p/samsung-galaxy-a25-5g/
2025-09-28 04:25:26,814 - INFO - Scraping 5884/6851: https://www.refurbed.de/p/samsung-galaxy-a26-5g/
2025-09-28 04:25:28,482 - INFO - Scraping 5885/6851: https://www.refurbed.de/p/samsung-galaxy-a3-2014-a300f/
2025-09-28 04:25:30,617 - INFO - Scraping 5886/6851: https://www.refurbed.de/p/samsung-galaxy-a3-2017-a320f/
2025-09-28 04:25:32,465 - INFO - Scraping 5887/6851: https://www.refurbed.de/p/samsung-galaxy-a3-a310f/
2025-09-28 04:25:34,329 - INFO - Scraping 5888/6851: https://www.refurbed.de/p/samsung-galaxy-a30/
2025-09-28 04:25:36,385 - INFO - Scraping 5889/6851: https://www.refurbed.de/p/samsung-galaxy-a30s/
2025-09-28 04:25:38,061 - INFO - Scraping 5890/6851: https://www.refurbed.de/p/samsung-galaxy-a31/
2025-09-28 04:25:40,056 - INFO - Scraping 5891/6851: https://www.refurbed.de/p/samsung-galaxy-a32-5g/
2025-09-28 04:25:41,776 - INFO - Scraping 5892/6851: https://www.refurbed.de/p/samsung-galaxy-a32-eed/
2025-09-28 04:25:43,526 - INFO - Scraping 5893/6851: https://www.refurbed.de/p/samsung-galaxy-a32/
2025-09-28 04:25:45,214 - INFO - Scraping 5894/6851: https://www.refurbed.de/p/samsung-galaxy-a33-5g/
2025-09-28 04:25:46,987 - INFO - Scraping 5895/6851: https://www.refurbed.de/p/samsung-galaxy-a34/
2025-09-28 04:25:48,723 - INFO - Scraping 5896/6851: https://www.refurbed.de/p/samsung-galaxy-a35-5g/
2025-09-28 04:25:50,407 - INFO - Scraping 5897/6851: https://www.refurbed.de/p/samsung-galaxy-a36-5g/
2025-09-28 04:25:52,064 - INFO - Scraping 5898/6851: https://www.refurbed.de/p/samsung-galaxy-a40/
2025-09-28 04:25:53,586 - INFO - Scraping 5899/6851: https://www.refurbed.de/p/samsung-galaxy-a41/
2025-09-28 04:25:55,328 - INFO - Scraping 5900/6851: https://www.refurbed.de/p/samsung-galaxy-a42-5g/
2025-09-28 04:25:56,978 - INFO - Scraping 5901/6851: https://www.refurbed.de/p/samsung-galaxy-a5-2016/
2025-09-28 04:25:58,715 - INFO - Scraping 5902/6851: https://www.refurbed.de/p/samsung-galaxy-a5-2017/
2025-09-28 04:26:00,372 - INFO - Scraping 5903/6851: https://www.refurbed.de/p/samsung-galaxy-a5-a500f-2014/
2025-09-28 04:26:02,077 - INFO - Scraping 5904/6851: https://www.refurbed.de/p/samsung-galaxy-a50/
2025-09-28 04:26:03,654 - INFO - Scraping 5905/6851: https://www.refurbed.de/p/samsung-galaxy-a50s-eu/
2025-09-28 04:26:05,124 - INFO - Scraping 5906/6851: https://www.refurbed.de/p/samsung-galaxy-a51-5g/
2025-09-28 04:26:06,857 - INFO - Scraping 5907/6851: https://www.refurbed.de/p/samsung-galaxy-a51/
2025-09-28 04:26:08,452 - INFO - Scraping 5908/6851: https://www.refurbed.de/p/samsung-galaxy-a52-5g/
2025-09-28 04:26:10,306 - INFO - Scraping 5909/6851: https://www.refurbed.de/p/samsung-galaxy-a52/
2025-09-28 04:26:11,937 - INFO - Scraping 5910/6851: https://www.refurbed.de/p/samsung-galaxy-a52s-5g/
2025-09-28 04:26:13,587 - INFO - Scraping 5911/6851: https://www.refurbed.de/p/samsung-galaxy-a53-5g/
2025-09-28 04:26:15,349 - INFO - Scraping 5912/6851: https://www.refurbed.de/p/samsung-galaxy-a54-5g/
2025-09-28 04:26:16,980 - INFO - Scraping 5913/6851: https://www.refurbed.de/p/samsung-galaxy-a55-5g/
2025-09-28 04:26:18,456 - INFO - Scraping 5914/6851: https://www.refurbed.de/p/samsung-galaxy-a56-5g/
2025-09-28 04:26:20,377 - INFO - Scraping 5915/6851: https://www.refurbed.de/p/samsung-galaxy-a6-2018-duos/
2025-09-28 04:26:22,016 - INFO - Scraping 5916/6851: https://www.refurbed.de/p/samsung-galaxy-a6-2018/
2025-09-28 04:26:23,699 - INFO - Scraping 5917/6851: https://www.refurbed.de/p/samsung-galaxy-a6plus-2018/
2025-09-28 04:26:25,780 - INFO - Scraping 5918/6851: https://www.refurbed.de/p/samsung-galaxy-a7-duos-2018-a750/
2025-09-28 04:26:27,601 - INFO - Scraping 5919/6851: https://www.refurbed.de/p/samsung-galaxy-a70/
2025-09-28 04:26:29,045 - INFO - Scraping 5920/6851: https://www.refurbed.de/p/samsung-galaxy-a71-5g-980/
2025-09-28 04:26:30,756 - INFO - Scraping 5921/6851: https://www.refurbed.de/p/samsung-galaxy-a71/
2025-09-28 04:26:32,342 - INFO - Scraping 5922/6851: https://www.refurbed.de/p/samsung-galaxy-a72/
2025-09-28 04:26:34,063 - INFO - Scraping 5923/6851: https://www.refurbed.de/p/samsung-galaxy-a73-5g/
2025-09-28 04:26:35,780 - INFO - Scraping 5924/6851: https://www.refurbed.de/p/samsung-galaxy-a8-2018-duos/
2025-09-28 04:26:37,471 - INFO - Scraping 5925/6851: https://www.refurbed.de/p/samsung-galaxy-a8-2018/
2025-09-28 04:26:39,050 - INFO - Scraping 5926/6851: https://www.refurbed.de/p/samsung-galaxy-a8-plus-2018/
2025-09-28 04:26:40,491 - INFO - Scraping 5927/6851: https://www.refurbed.de/p/samsung-galaxy-a80/
2025-09-28 04:26:42,154 - INFO - Scraping 5928/6851: https://www.refurbed.de/p/samsung-galaxy-a9-2018/
2025-09-28 04:26:43,991 - INFO - Scraping 5929/6851: https://www.refurbed.de/p/samsung-galaxy-ace-style/
2025-09-28 04:26:45,525 - INFO - Scraping 5930/6851: https://www.refurbed.de/p/samsung-galaxy-alpha/
2025-09-28 04:26:46,959 - INFO - Scraping 5931/6851: https://www.refurbed.de/p/samsung-galaxy-b3-pro-i7-1360p/
2025-09-28 04:26:48,727 - INFO - Scraping 5932/6851: https://www.refurbed.de/p/samsung-galaxy-book-1135g7/
2025-09-28 04:26:50,503 - INFO - Scraping 5933/6851: https://www.refurbed.de/p/samsung-galaxy-book2-go/
2025-09-28 04:26:52,147 - INFO - Scraping 5934/6851: https://www.refurbed.de/p/samsung-galaxy-book3-360-13-3/
2025-09-28 04:26:53,949 - INFO - Scraping 5935/6851: https://www.refurbed.de/p/samsung-galaxy-book3-360-i5-15/
2025-09-28 04:26:55,609 - INFO - Scraping 5936/6851: https://www.refurbed.de/p/samsung-galaxy-book3-360-i5/
2025-09-28 04:26:57,270 - INFO - Scraping 5937/6851: https://www.refurbed.de/p/samsung-galaxy-book3-i7-1355u/
2025-09-28 04:26:58,987 - INFO - Scraping 5938/6851: https://www.refurbed.de/p/samsung-galaxy-book3-pro-360-16/
2025-09-28 04:27:00,357 - INFO - Scraping 5939/6851: https://www.refurbed.de/p/samsung-galaxy-book3-ultra-16/
2025-09-28 04:27:02,200 - INFO - Scraping 5940/6851: https://www.refurbed.de/p/samsung-galaxy-book4-3-100u/
2025-09-28 04:27:03,827 - INFO - Scraping 5941/6851: https://www.refurbed.de/p/samsung-galaxy-book4-360-5-120u/
2025-09-28 04:27:05,838 - INFO - Scraping 5942/6851: https://www.refurbed.de/p/samsung-galaxy-book4-360-7-150u/
2025-09-28 04:27:07,271 - INFO - Scraping 5943/6851: https://www.refurbed.de/p/samsung-galaxy-book4-5-120u/
2025-09-28 04:27:08,816 - INFO - Scraping 5944/6851: https://www.refurbed.de/p/samsung-galaxy-book4-7-150u/
2025-09-28 04:27:10,247 - INFO - Scraping 5945/6851: https://www.refurbed.de/p/samsung-galaxy-book4-i5-1335u/
2025-09-28 04:27:11,862 - INFO - Scraping 5946/6851: https://www.refurbed.de/p/samsung-galaxy-book4-i7-1355u/
2025-09-28 04:27:13,555 - INFO - Scraping 5947/6851: https://www.refurbed.de/p/samsung-galaxy-book4-pro-14-155h/
2025-09-28 04:27:14,925 - INFO - Scraping 5948/6851: https://www.refurbed.de/p/samsung-galaxy-book4-pro-16-125h/
2025-09-28 04:27:16,339 - INFO - Scraping 5949/6851: https://www.refurbed.de/p/samsung-galaxy-book4-pro-16-155h/
2025-09-28 04:27:18,331 - INFO - Scraping 5950/6851: https://www.refurbed.de/p/samsung-galaxy-book4-ultra-155h/
2025-09-28 04:27:19,873 - INFO - Scraping 5951/6851: https://www.refurbed.de/p/samsung-galaxy-book4-ultra-185h/
2025-09-28 04:27:21,493 - INFO - Scraping 5952/6851: https://www.refurbed.de/p/samsung-galaxy-book4pro-360-125h/
2025-09-28 04:27:23,114 - INFO - Scraping 5953/6851: https://www.refurbed.de/p/samsung-galaxy-book4pro-360-155h/
2025-09-28 04:27:24,768 - INFO - Scraping 5954/6851: https://www.refurbed.de/p/samsung-galaxy-book4pro360-elite/
2025-09-28 04:27:26,328 - INFO - Scraping 5955/6851: https://www.refurbed.de/p/samsung-galaxy-book5-360-5-226v/
2025-09-28 04:27:28,023 - INFO - Scraping 5956/6851: https://www.refurbed.de/p/samsung-galaxy-buds-fe/
2025-09-28 04:27:29,657 - INFO - Scraping 5957/6851: https://www.refurbed.de/p/samsung-galaxy-buds-live/
2025-09-28 04:27:31,108 - INFO - Scraping 5958/6851: https://www.refurbed.de/p/samsung-galaxy-buds-plus/
2025-09-28 04:27:32,579 - INFO - Scraping 5959/6851: https://www.refurbed.de/p/samsung-galaxy-buds/
2025-09-28 04:27:34,218 - INFO - Scraping 5960/6851: https://www.refurbed.de/p/samsung-galaxy-core-prime/
2025-09-28 04:27:35,838 - INFO - Scraping 5961/6851: https://www.refurbed.de/p/samsung-galaxy-fit-e/
2025-09-28 04:27:37,481 - INFO - Scraping 5962/6851: https://www.refurbed.de/p/samsung-galaxy-fit/
2025-09-28 04:27:38,914 - INFO - Scraping 5963/6851: https://www.refurbed.de/p/samsung-galaxy-fit2/
2025-09-28 04:27:40,586 - INFO - Scraping 5964/6851: https://www.refurbed.de/p/samsung-galaxy-fit3/
2025-09-28 04:27:42,022 - INFO - Scraping 5965/6851: https://www.refurbed.de/p/samsung-galaxy-fold/
2025-09-28 04:27:43,927 - INFO - Scraping 5966/6851: https://www.refurbed.de/p/samsung-galaxy-grand-prime-value/
2025-09-28 04:27:45,937 - INFO - Scraping 5967/6851: https://www.refurbed.de/p/samsung-galaxy-grand-prime/
2025-09-28 04:27:47,399 - INFO - Scraping 5968/6851: https://www.refurbed.de/p/samsung-galaxy-j1-j100h/
2025-09-28 04:27:48,897 - INFO - Scraping 5969/6851: https://www.refurbed.de/p/samsung-galaxy-j2-core-2018/
2025-09-28 04:27:50,434 - INFO - Scraping 5970/6851: https://www.refurbed.de/p/samsung-galaxy-j3-2016/
2025-09-28 04:27:52,456 - INFO - Scraping 5971/6851: https://www.refurbed.de/p/samsung-galaxy-j3-2017/
2025-09-28 04:27:54,115 - INFO - Scraping 5972/6851: https://www.refurbed.de/p/samsung-galaxy-j4/
2025-09-28 04:27:55,698 - INFO - Scraping 5973/6851: https://www.refurbed.de/p/samsung-galaxy-j5-2015/
2025-09-28 04:27:57,334 - INFO - Scraping 5974/6851: https://www.refurbed.de/p/samsung-galaxy-j5-2016/
2025-09-28 04:27:59,141 - INFO - Scraping 5975/6851: https://www.refurbed.de/p/samsung-galaxy-j5-2017/
2025-09-28 04:28:00,704 - INFO - Scraping 5976/6851: https://www.refurbed.de/p/samsung-galaxy-j5-pro/
2025-09-28 04:28:02,171 - INFO - Scraping 5977/6851: https://www.refurbed.de/p/samsung-galaxy-j6/
2025-09-28 04:28:03,994 - INFO - Scraping 5978/6851: https://www.refurbed.de/p/samsung-galaxy-j6plus/
2025-09-28 04:28:05,616 - INFO - Scraping 5979/6851: https://www.refurbed.de/p/samsung-galaxy-j7-2016/
2025-09-28 04:28:07,339 - INFO - Scraping 5980/6851: https://www.refurbed.de/p/samsung-galaxy-j7-2017/
2025-09-28 04:28:09,063 - INFO - Scraping 5981/6851: https://www.refurbed.de/p/samsung-galaxy-j7-pro/
2025-09-28 04:28:10,624 - INFO - Scraping 5982/6851: https://www.refurbed.de/p/samsung-galaxy-j7-v-2018/
2025-09-28 04:28:12,109 - INFO - Scraping 5983/6851: https://www.refurbed.de/p/samsung-galaxy-j8-2018/
2025-09-28 04:28:13,583 - INFO - Scraping 5984/6851: https://www.refurbed.de/p/samsung-galaxy-m10/
2025-09-28 04:28:15,328 - INFO - Scraping 5985/6851: https://www.refurbed.de/p/samsung-galaxy-m11/
2025-09-28 04:28:17,155 - INFO - Scraping 5986/6851: https://www.refurbed.de/p/samsung-galaxy-m12/
2025-09-28 04:28:18,898 - INFO - Scraping 5987/6851: https://www.refurbed.de/p/samsung-galaxy-m13/
2025-09-28 04:28:20,389 - INFO - Scraping 5988/6851: https://www.refurbed.de/p/samsung-galaxy-m20/
2025-09-28 04:28:22,020 - INFO - Scraping 5989/6851: https://www.refurbed.de/p/samsung-galaxy-m21-2021/
2025-09-28 04:28:23,644 - INFO - Scraping 5990/6851: https://www.refurbed.de/p/samsung-galaxy-m21/
2025-09-28 04:28:25,265 - INFO - Scraping 5991/6851: https://www.refurbed.de/p/samsung-galaxy-m22/
2025-09-28 04:28:26,762 - INFO - Scraping 5992/6851: https://www.refurbed.de/p/samsung-galaxy-m23-5g/
2025-09-28 04:28:28,473 - INFO - Scraping 5993/6851: https://www.refurbed.de/p/samsung-galaxy-m30/
2025-09-28 04:28:30,140 - INFO - Scraping 5994/6851: https://www.refurbed.de/p/samsung-galaxy-m30s/
2025-09-28 04:28:31,751 - INFO - Scraping 5995/6851: https://www.refurbed.de/p/samsung-galaxy-m31/
2025-09-28 04:28:33,366 - INFO - Scraping 5996/6851: https://www.refurbed.de/p/samsung-galaxy-m31s/
2025-09-28 04:28:35,182 - INFO - Scraping 5997/6851: https://www.refurbed.de/p/samsung-galaxy-m32/
2025-09-28 04:28:36,799 - INFO - Scraping 5998/6851: https://www.refurbed.de/p/samsung-galaxy-m33-5g/
2025-09-28 04:28:38,520 - INFO - Scraping 5999/6851: https://www.refurbed.de/p/samsung-galaxy-m34-5g/
2025-09-28 04:28:40,040 - INFO - Scraping 6000/6851: https://www.refurbed.de/p/samsung-galaxy-m51/
2025-09-28 04:28:41,946 - INFO - Scraping 6001/6851: https://www.refurbed.de/p/samsung-galaxy-m52-5g/
2025-09-28 04:28:43,696 - INFO - Scraping 6002/6851: https://www.refurbed.de/p/samsung-galaxy-m53/
2025-09-28 04:28:45,328 - INFO - Scraping 6003/6851: https://www.refurbed.de/p/samsung-galaxy-mega-6-3/
2025-09-28 04:28:47,074 - INFO - Scraping 6004/6851: https://www.refurbed.de/p/samsung-galaxy-note-10-1-2014/
2025-09-28 04:28:48,725 - INFO - Scraping 6005/6851: https://www.refurbed.de/p/samsung-galaxy-note-10-lite/
2025-09-28 04:28:50,335 - INFO - Scraping 6006/6851: https://www.refurbed.de/p/samsung-galaxy-note-10/
2025-09-28 04:28:52,019 - INFO - Scraping 6007/6851: https://www.refurbed.de/p/samsung-galaxy-note-101-n8010/
2025-09-28 04:28:53,469 - INFO - Scraping 6008/6851: https://www.refurbed.de/p/samsung-galaxy-note-101-n8020/
2025-09-28 04:28:55,126 - INFO - Scraping 6009/6851: https://www.refurbed.de/p/samsung-galaxy-note-10plus/
2025-09-28 04:28:57,075 - INFO - Scraping 6010/6851: https://www.refurbed.de/p/samsung-galaxy-note-20/
2025-09-28 04:28:58,674 - INFO - Scraping 6011/6851: https://www.refurbed.de/p/samsung-galaxy-note-3/
2025-09-28 04:29:00,240 - INFO - Scraping 6012/6851: https://www.refurbed.de/p/samsung-galaxy-note-4/
2025-09-28 04:29:01,758 - INFO - Scraping 6013/6851: https://www.refurbed.de/p/samsung-galaxy-note-8/
2025-09-28 04:29:03,475 - INFO - Scraping 6014/6851: https://www.refurbed.de/p/samsung-galaxy-note-9-duos/
2025-09-28 04:29:05,044 - INFO - Scraping 6015/6851: https://www.refurbed.de/p/samsung-galaxy-note-9/
2025-09-28 04:29:06,628 - INFO - Scraping 6016/6851: https://www.refurbed.de/p/samsung-galaxy-note-edge-2014-n9/
2025-09-28 04:29:08,063 - INFO - Scraping 6017/6851: https://www.refurbed.de/p/samsung-galaxy-note-pro-12-2/
2025-09-28 04:29:09,595 - INFO - Scraping 6018/6851: https://www.refurbed.de/p/samsung-galaxy-ring/
2025-09-28 04:29:11,117 - INFO - Scraping 6019/6851: https://www.refurbed.de/p/samsung-galaxy-s10-5g/
2025-09-28 04:29:12,676 - INFO - Scraping 6020/6851: https://www.refurbed.de/p/samsung-galaxy-s10-lite/
2025-09-28 04:29:14,120 - INFO - Scraping 6021/6851: https://www.refurbed.de/p/samsung-galaxy-s10-plus/
2025-09-28 04:29:15,701 - INFO - Scraping 6022/6851: https://www.refurbed.de/p/samsung-galaxy-s10/
2025-09-28 04:29:17,360 - INFO - Scraping 6023/6851: https://www.refurbed.de/p/samsung-galaxy-s10e/
2025-09-28 04:29:19,007 - INFO - Scraping 6024/6851: https://www.refurbed.de/p/samsung-galaxy-s20-5g/
2025-09-28 04:29:20,658 - INFO - Scraping 6025/6851: https://www.refurbed.de/p/samsung-galaxy-s20-fe-5g/
2025-09-28 04:29:22,110 - INFO - Scraping 6026/6851: https://www.refurbed.de/p/samsung-galaxy-s20-fe/
2025-09-28 04:29:23,939 - INFO - Scraping 6027/6851: https://www.refurbed.de/p/samsung-galaxy-s20-ultra/
2025-09-28 04:29:25,398 - INFO - Scraping 6028/6851: https://www.refurbed.de/p/samsung-galaxy-s20/
2025-09-28 04:29:26,847 - INFO - Scraping 6029/6851: https://www.refurbed.de/p/samsung-galaxy-s20plus/
2025-09-28 04:29:28,572 - INFO - Scraping 6030/6851: https://www.refurbed.de/p/samsung-galaxy-s21-5g-enterprise/
2025-09-28 04:29:29,996 - INFO - Scraping 6031/6851: https://www.refurbed.de/p/samsung-galaxy-s21-5g/
2025-09-28 04:29:31,451 - INFO - Scraping 6032/6851: https://www.refurbed.de/p/samsung-galaxy-s21-fe-5g/
2025-09-28 04:29:32,971 - INFO - Scraping 6033/6851: https://www.refurbed.de/p/samsung-galaxy-s21-plus-5g/
2025-09-28 04:29:34,651 - INFO - Scraping 6034/6851: https://www.refurbed.de/p/samsung-galaxy-s21-ultra-5g/
2025-09-28 04:29:36,386 - INFO - Scraping 6035/6851: https://www.refurbed.de/p/samsung-galaxy-s22-plus-5g/
2025-09-28 04:29:38,279 - INFO - Scraping 6036/6851: https://www.refurbed.de/p/samsung-galaxy-s22-ultra-5g/
2025-09-28 04:29:40,096 - INFO - Scraping 6037/6851: https://www.refurbed.de/p/samsung-galaxy-s22/
2025-09-28 04:29:41,565 - INFO - Scraping 6038/6851: https://www.refurbed.de/p/samsung-galaxy-s23-fe/
2025-09-28 04:29:43,103 - INFO - Scraping 6039/6851: https://www.refurbed.de/p/samsung-galaxy-s23-plus/
2025-09-28 04:29:44,721 - INFO - Scraping 6040/6851: https://www.refurbed.de/p/samsung-galaxy-s23-ultra/
2025-09-28 04:29:46,256 - INFO - Scraping 6041/6851: https://www.refurbed.de/p/samsung-galaxy-s23/
2025-09-28 04:29:47,978 - INFO - Scraping 6042/6851: https://www.refurbed.de/p/samsung-galaxy-s24-fe/
2025-09-28 04:29:49,577 - INFO - Scraping 6043/6851: https://www.refurbed.de/p/samsung-galaxy-s24-plus/
2025-09-28 04:29:51,147 - INFO - Scraping 6044/6851: https://www.refurbed.de/p/samsung-galaxy-s24-ultra/
2025-09-28 04:29:52,594 - INFO - Scraping 6045/6851: https://www.refurbed.de/p/samsung-galaxy-s24/
2025-09-28 04:29:54,128 - INFO - Scraping 6046/6851: https://www.refurbed.de/p/samsung-galaxy-s25-edge/
2025-09-28 04:29:55,777 - INFO - Scraping 6047/6851: https://www.refurbed.de/p/samsung-galaxy-s25-plus/
2025-09-28 04:29:57,412 - INFO - Scraping 6048/6851: https://www.refurbed.de/p/samsung-galaxy-s25-ultra/
2025-09-28 04:29:58,917 - INFO - Scraping 6049/6851: https://www.refurbed.de/p/samsung-galaxy-s25/
2025-09-28 04:30:00,414 - INFO - Scraping 6050/6851: https://www.refurbed.de/p/samsung-galaxy-s3-mini/
2025-09-28 04:30:01,886 - INFO - Scraping 6051/6851: https://www.refurbed.de/p/samsung-galaxy-s3/
2025-09-28 04:30:03,322 - INFO - Scraping 6052/6851: https://www.refurbed.de/p/samsung-galaxy-s4-active-i9295/
2025-09-28 04:30:04,827 - INFO - Scraping 6053/6851: https://www.refurbed.de/p/samsung-galaxy-s4-i9500/
2025-09-28 04:30:06,490 - INFO - Scraping 6054/6851: https://www.refurbed.de/p/samsung-galaxy-s4-i9505/
2025-09-28 04:30:08,308 - INFO - Scraping 6055/6851: https://www.refurbed.de/p/samsung-galaxy-s4-mini-i9195/
2025-09-28 04:30:09,839 - INFO - Scraping 6056/6851: https://www.refurbed.de/p/samsung-galaxy-s4-mini-i9195i/
2025-09-28 04:30:11,278 - INFO - Scraping 6057/6851: https://www.refurbed.de/p/samsung-galaxy-s5-active/
2025-09-28 04:30:12,906 - INFO - Scraping 6058/6851: https://www.refurbed.de/p/samsung-galaxy-s5-mini/
2025-09-28 04:30:14,366 - INFO - Scraping 6059/6851: https://www.refurbed.de/p/samsung-galaxy-s5-neo/
2025-09-28 04:30:16,089 - INFO - Scraping 6060/6851: https://www.refurbed.de/p/samsung-galaxy-s5-plus/
2025-09-28 04:30:17,662 - INFO - Scraping 6061/6851: https://www.refurbed.de/p/samsung-galaxy-s5/
2025-09-28 04:30:19,255 - INFO - Scraping 6062/6851: https://www.refurbed.de/p/samsung-galaxy-s6-active/
2025-09-28 04:30:20,785 - INFO - Scraping 6063/6851: https://www.refurbed.de/p/samsung-galaxy-s6-edge-plus/
2025-09-28 04:30:22,543 - INFO - Scraping 6064/6851: https://www.refurbed.de/p/samsung-galaxy-s6-edge/
2025-09-28 04:30:23,974 - INFO - Scraping 6065/6851: https://www.refurbed.de/p/samsung-galaxy-s6/
2025-09-28 04:30:25,639 - INFO - Scraping 6066/6851: https://www.refurbed.de/p/samsung-galaxy-s7-active/
2025-09-28 04:30:27,299 - INFO - Scraping 6067/6851: https://www.refurbed.de/p/samsung-galaxy-s7-edge-olympic-g/
2025-09-28 04:30:28,714 - INFO - Scraping 6068/6851: https://www.refurbed.de/p/samsung-galaxy-s7-edge/
2025-09-28 04:30:30,206 - INFO - Scraping 6069/6851: https://www.refurbed.de/p/samsung-galaxy-s7/
2025-09-28 04:30:31,855 - INFO - Scraping 6070/6851: https://www.refurbed.de/p/samsung-galaxy-s8-plus/
2025-09-28 04:30:33,565 - INFO - Scraping 6071/6851: https://www.refurbed.de/p/samsung-galaxy-s8/
2025-09-28 04:30:35,257 - INFO - Scraping 6072/6851: https://www.refurbed.de/p/samsung-galaxy-s9-duos/
2025-09-28 04:30:37,152 - INFO - Scraping 6073/6851: https://www.refurbed.de/p/samsung-galaxy-s9-plus-duos/
2025-09-28 04:30:38,827 - INFO - Scraping 6074/6851: https://www.refurbed.de/p/samsung-galaxy-s9-plus/
2025-09-28 04:30:40,843 - INFO - Scraping 6075/6851: https://www.refurbed.de/p/samsung-galaxy-s9/
2025-09-28 04:30:42,421 - INFO - Scraping 6076/6851: https://www.refurbed.de/p/samsung-galaxy-smarttag/
2025-09-28 04:30:43,898 - INFO - Scraping 6077/6851: https://www.refurbed.de/p/samsung-galaxy-tab-3-lite-7/
2025-09-28 04:30:45,498 - INFO - Scraping 6078/6851: https://www.refurbed.de/p/samsung-galaxy-tab-3/
2025-09-28 04:30:47,020 - INFO - Scraping 6079/6851: https://www.refurbed.de/p/samsung-galaxy-tab-4-10-1/
2025-09-28 04:30:48,678 - INFO - Scraping 6080/6851: https://www.refurbed.de/p/samsung-galaxy-tab-4-7-0-t230-7/
2025-09-28 04:30:50,128 - INFO - Scraping 6081/6851: https://www.refurbed.de/p/samsung-galaxy-tab-4-70-t230-lte/
2025-09-28 04:30:51,582 - INFO - Scraping 6082/6851: https://www.refurbed.de/p/samsung-galaxy-tab-a-10-1-p580/
2025-09-28 04:30:53,690 - INFO - Scraping 6083/6851: https://www.refurbed.de/p/samsung-galaxy-tab-a-10-1-t580-1/
2025-09-28 04:30:55,651 - INFO - Scraping 6084/6851: https://www.refurbed.de/p/samsung-galaxy-tab-a-10-1-t585/
2025-09-28 04:30:57,286 - INFO - Scraping 6085/6851: https://www.refurbed.de/p/samsung-galaxy-tab-a-10-5/
2025-09-28 04:30:58,881 - INFO - Scraping 6086/6851: https://www.refurbed.de/p/samsung-galaxy-tab-a-7-0-t280-20/
2025-09-28 04:31:00,392 - INFO - Scraping 6087/6851: https://www.refurbed.de/p/samsung-galaxy-tab-a-7-0-t285-4g/
2025-09-28 04:31:01,957 - INFO - Scraping 6088/6851: https://www.refurbed.de/p/samsung-galaxy-tab-a-8-4/
2025-09-28 04:31:03,592 - INFO - Scraping 6089/6851: https://www.refurbed.de/p/samsung-galaxy-tab-a-9-7/
2025-09-28 04:31:05,131 - INFO - Scraping 6090/6851: https://www.refurbed.de/p/samsung-galaxy-tab-a-t585/
2025-09-28 04:31:06,716 - INFO - Scraping 6091/6851: https://www.refurbed.de/p/samsung-galaxy-tab-a7-lite-t220/
2025-09-28 04:31:08,315 - INFO - Scraping 6092/6851: https://www.refurbed.de/p/samsung-galaxy-tab-a7-lite-t225/
2025-09-28 04:31:10,008 - INFO - Scraping 6093/6851: https://www.refurbed.de/p/samsung-galaxy-tab-a7/
2025-09-28 04:31:11,599 - INFO - Scraping 6094/6851: https://www.refurbed.de/p/samsung-galaxy-tab-a9-plus-x210/
2025-09-28 04:31:13,303 - INFO - Scraping 6095/6851: https://www.refurbed.de/p/samsung-galaxy-tab-a9-plus-x216/
2025-09-28 04:31:14,694 - INFO - Scraping 6096/6851: https://www.refurbed.de/p/samsung-galaxy-tab-a9-x110/
2025-09-28 04:31:16,376 - INFO - Scraping 6097/6851: https://www.refurbed.de/p/samsung-galaxy-tab-a9-x115/
2025-09-28 04:31:17,919 - INFO - Scraping 6098/6851: https://www.refurbed.de/p/samsung-galaxy-tab-active-3/
2025-09-28 04:31:19,517 - INFO - Scraping 6099/6851: https://www.refurbed.de/p/samsung-galaxy-tab-active-pro/
2025-09-28 04:31:21,037 - INFO - Scraping 6100/6851: https://www.refurbed.de/p/samsung-galaxy-tab-active/
2025-09-28 04:31:22,676 - INFO - Scraping 6101/6851: https://www.refurbed.de/p/samsung-galaxy-tab-active2-8/
2025-09-28 04:31:24,195 - INFO - Scraping 6102/6851: https://www.refurbed.de/p/samsung-galaxy-tab-active4-pro/
2025-09-28 04:31:26,068 - INFO - Scraping 6103/6851: https://www.refurbed.de/p/samsung-galaxy-tab-active5-x300n/
2025-09-28 04:31:27,991 - INFO - Scraping 6104/6851: https://www.refurbed.de/p/samsung-galaxy-tab-active5-x306b/
2025-09-28 04:31:29,612 - INFO - Scraping 6105/6851: https://www.refurbed.de/p/samsung-galaxy-tab-e-t377/
2025-09-28 04:31:31,528 - INFO - Scraping 6106/6851: https://www.refurbed.de/p/samsung-galaxy-tab-e-t561/
2025-09-28 04:31:33,055 - INFO - Scraping 6107/6851: https://www.refurbed.de/p/samsung-galaxy-tab-pro-10-1/
2025-09-28 04:31:34,494 - INFO - Scraping 6108/6851: https://www.refurbed.de/p/samsung-galaxy-tab-pro-12-2/
2025-09-28 04:31:35,941 - INFO - Scraping 6109/6851: https://www.refurbed.de/p/samsung-galaxy-tab-pro-8-4-2014/
2025-09-28 04:31:37,484 - INFO - Scraping 6110/6851: https://www.refurbed.de/p/samsung-galaxy-tab-pro-t525/
2025-09-28 04:31:39,088 - INFO - Scraping 6111/6851: https://www.refurbed.de/p/samsung-galaxy-tab-s-10-5/
2025-09-28 04:31:40,628 - INFO - Scraping 6112/6851: https://www.refurbed.de/p/samsung-galaxy-tab-s-8-4/
2025-09-28 04:31:42,164 - INFO - Scraping 6113/6851: https://www.refurbed.de/p/samsung-galaxy-tab-s10-fe-x520/
2025-09-28 04:31:43,760 - INFO - Scraping 6114/6851: https://www.refurbed.de/p/samsung-galaxy-tab-s10-fe-x526/
2025-09-28 04:31:45,385 - INFO - Scraping 6115/6851: https://www.refurbed.de/p/samsung-galaxy-tab-s10-x920/
2025-09-28 04:31:47,080 - INFO - Scraping 6116/6851: https://www.refurbed.de/p/samsung-galaxy-tab-s10-x926/
2025-09-28 04:31:48,749 - INFO - Scraping 6117/6851: https://www.refurbed.de/p/samsung-galaxy-tab-s10p-x820/
2025-09-28 04:31:50,442 - INFO - Scraping 6118/6851: https://www.refurbed.de/p/samsung-galaxy-tab-s10p-x826/
2025-09-28 04:31:52,126 - INFO - Scraping 6119/6851: https://www.refurbed.de/p/samsung-galaxy-tab-s2-9-7/
2025-09-28 04:31:53,677 - INFO - Scraping 6120/6851: https://www.refurbed.de/p/samsung-galaxy-tab-s3/
2025-09-28 04:31:55,208 - INFO - Scraping 6121/6851: https://www.refurbed.de/p/samsung-galaxy-tab-s4-10-5/
2025-09-28 04:31:56,876 - INFO - Scraping 6122/6851: https://www.refurbed.de/p/samsung-galaxy-tab-s5e-10-5/
2025-09-28 04:31:58,612 - INFO - Scraping 6123/6851: https://www.refurbed.de/p/samsung-galaxy-tab-s6-10-5/
2025-09-28 04:32:00,037 - INFO - Scraping 6124/6851: https://www.refurbed.de/p/samsung-galaxy-tab-s6-lite-10-4/
2025-09-28 04:32:01,627 - INFO - Scraping 6125/6851: https://www.refurbed.de/p/samsung-galaxy-tab-s6-lite-2022/
2025-09-28 04:32:03,255 - INFO - Scraping 6126/6851: https://www.refurbed.de/p/samsung-galaxy-tab-s8-plus/
2025-09-28 04:32:05,152 - INFO - Scraping 6127/6851: https://www.refurbed.de/p/samsung-galaxy-tab-s8-ultra/
2025-09-28 04:32:06,753 - INFO - Scraping 6128/6851: https://www.refurbed.de/p/samsung-galaxy-tab-s8/
2025-09-28 04:32:08,148 - INFO - Scraping 6129/6851: https://www.refurbed.de/p/samsung-galaxy-tab-s9-fe-p-x610/
2025-09-28 04:32:09,930 - INFO - Scraping 6130/6851: https://www.refurbed.de/p/samsung-galaxy-tab-s9-fe-p-x616/
2025-09-28 04:32:11,543 - INFO - Scraping 6131/6851: https://www.refurbed.de/p/samsung-galaxy-tab-s9-fe-x510/
2025-09-28 04:32:13,077 - INFO - Scraping 6132/6851: https://www.refurbed.de/p/samsung-galaxy-tab-s9-fe-x516/
2025-09-28 04:32:14,748 - INFO - Scraping 6133/6851: https://www.refurbed.de/p/samsung-galaxy-tab-s9-ultra/
2025-09-28 04:32:16,161 - INFO - Scraping 6134/6851: https://www.refurbed.de/p/samsung-galaxy-tab-s9-x710/
2025-09-28 04:32:17,728 - INFO - Scraping 6135/6851: https://www.refurbed.de/p/samsung-galaxy-tab-s9-x716/
2025-09-28 04:32:19,545 - INFO - Scraping 6136/6851: https://www.refurbed.de/p/samsung-galaxy-tab-s9plus/
2025-09-28 04:32:21,113 - INFO - Scraping 6137/6851: https://www.refurbed.de/p/samsung-galaxy-tabpro-8-4-t320/
2025-09-28 04:32:22,664 - INFO - Scraping 6138/6851: https://www.refurbed.de/p/samsung-galaxy-tabpro-s/
2025-09-28 04:32:23,074 - ERROR - Error fetching https://www.refurbed.de/p/samsung-galaxy-tabpro-s/: 404 Client Error: Not Found for url: https://www.refurbed.de/p/samsung-galaxy-tabpro-s/
2025-09-28 04:32:24,076 - INFO - Scraping 6139/6851: https://www.refurbed.de/p/samsung-galaxy-tabs7-plus-t976b/
2025-09-28 04:32:25,643 - INFO - Scraping 6140/6851: https://www.refurbed.de/p/samsung-galaxy-trend-2-lite/
2025-09-28 04:32:27,088 - INFO - Scraping 6141/6851: https://www.refurbed.de/p/samsung-galaxy-trend-lite/
2025-09-28 04:32:28,629 - INFO - Scraping 6142/6851: https://www.refurbed.de/p/samsung-galaxy-view-18-4/
2025-09-28 04:32:30,051 - INFO - Scraping 6143/6851: https://www.refurbed.de/p/samsung-galaxy-z-flip-3-5g/
2025-09-28 04:32:31,684 - INFO - Scraping 6144/6851: https://www.refurbed.de/p/samsung-galaxy-z-flip-3-bespoke/
2025-09-28 04:32:33,339 - INFO - Scraping 6145/6851: https://www.refurbed.de/p/samsung-galaxy-z-flip-5/
2025-09-28 04:32:34,956 - INFO - Scraping 6146/6851: https://www.refurbed.de/p/samsung-galaxy-z-flip-6/
2025-09-28 04:32:36,492 - INFO - Scraping 6147/6851: https://www.refurbed.de/p/samsung-galaxy-z-fold-3-5g/
2025-09-28 04:32:38,115 - INFO - Scraping 6148/6851: https://www.refurbed.de/p/samsung-galaxy-z-fold-4/
2025-09-28 04:32:39,770 - INFO - Scraping 6149/6851: https://www.refurbed.de/p/samsung-galaxy-z-fold-5/
2025-09-28 04:32:41,287 - INFO - Scraping 6150/6851: https://www.refurbed.de/p/samsung-galaxy-z-fold-6/
2025-09-28 04:32:42,792 - INFO - Scraping 6151/6851: https://www.refurbed.de/p/samsung-gb2-pro-13-i5-1240p-13-3/
2025-09-28 04:32:44,322 - INFO - Scraping 6152/6851: https://www.refurbed.de/p/samsung-gb2-pro-13-i7-1260p-13-3/
2025-09-28 04:32:45,823 - INFO - Scraping 6153/6851: https://www.refurbed.de/p/samsung-gb3-ultra-16-i9-13900h/
2025-09-28 04:32:47,393 - INFO - Scraping 6154/6851: https://www.refurbed.de/p/samsung-gb4-edge-x1e-80-100-16/
2025-09-28 04:32:49,207 - INFO - Scraping 6155/6851: https://www.refurbed.de/p/samsung-glx-tab-a-8-2017/
2025-09-28 04:32:50,739 - INFO - Scraping 6156/6851: https://www.refurbed.de/p/samsung-glx-tab-a-8-2018/
2025-09-28 04:32:52,549 - INFO - Scraping 6157/6851: https://www.refurbed.de/p/samsung-glx-tab-a-8-2019/
2025-09-28 04:32:54,274 - INFO - Scraping 6158/6851: https://www.refurbed.de/p/samsung-glx-tab-a8-x200-205/
2025-09-28 04:32:55,682 - INFO - Scraping 6159/6851: https://www.refurbed.de/p/samsung-glxy-12-7200u/
2025-09-28 04:32:55,982 - ERROR - Error fetching https://www.refurbed.de/p/samsung-glxy-12-7200u/: 404 Client Error: Not Found for url: https://www.refurbed.de/p/samsung-glxy-12-7200u/
2025-09-28 04:32:56,984 - INFO - Scraping 6160/6851: https://www.refurbed.de/p/samsung-glxy-bk5-pro-360-7-256v/
2025-09-28 04:32:58,487 - INFO - Scraping 6161/6851: https://www.refurbed.de/p/samsung-glxy-book-flex-1035g4/
2025-09-28 04:32:59,895 - INFO - Scraping 6162/6851: https://www.refurbed.de/p/samsung-glxy-book-flex-i7-1065g7/
2025-09-28 04:33:01,388 - INFO - Scraping 6163/6851: https://www.refurbed.de/p/samsung-glxy-book-flex2-5g-i7/
2025-09-28 04:33:02,965 - INFO - Scraping 6164/6851: https://www.refurbed.de/p/samsung-glxy-book-flex2-5g/
2025-09-28 04:33:04,450 - INFO - Scraping 6165/6851: https://www.refurbed.de/p/samsung-glxy-book-flex2-alpha/
2025-09-28 04:33:04,729 - ERROR - Error fetching https://www.refurbed.de/p/samsung-glxy-book-flex2-alpha/: 404 Client Error: Not Found for url: https://www.refurbed.de/p/samsung-glxy-book-flex2-alpha/
2025-09-28 04:33:05,732 - INFO - Scraping 6166/6851: https://www.refurbed.de/p/samsung-glxy-book-go-sd7c/
2025-09-28 04:33:07,399 - INFO - Scraping 6167/6851: https://www.refurbed.de/p/samsung-glxy-book-pro-1135g7-15/
2025-09-28 04:33:08,996 - INFO - Scraping 6168/6851: https://www.refurbed.de/p/samsung-glxy-book-pro-1135g7/
2025-09-28 04:33:10,460 - INFO - Scraping 6169/6851: https://www.refurbed.de/p/samsung-glxy-book-pro-1165g7-15/
2025-09-28 04:33:12,115 - INFO - Scraping 6170/6851: https://www.refurbed.de/p/samsung-glxy-book-pro-360-1135g7/
2025-09-28 04:33:13,784 - INFO - Scraping 6171/6851: https://www.refurbed.de/p/samsung-glxy-book-pro-360-1165g7/
2025-09-28 04:33:15,229 - INFO - Scraping 6172/6851: https://www.refurbed.de/p/samsung-glxy-book-pro-360-15-i7/
2025-09-28 04:33:16,753 - INFO - Scraping 6173/6851: https://www.refurbed.de/p/samsung-glxy-book-pro-i7-1160g7/
2025-09-28 04:33:18,310 - INFO - Scraping 6174/6851: https://www.refurbed.de/p/samsung-glxy-book-s-w767-8cx/
2025-09-28 04:33:19,736 - INFO - Scraping 6175/6851: https://www.refurbed.de/p/samsung-glxy-buds-pro/
2025-09-28 04:33:21,819 - INFO - Scraping 6176/6851: https://www.refurbed.de/p/samsung-glxy-buds2-pro/
2025-09-28 04:33:23,334 - INFO - Scraping 6177/6851: https://www.refurbed.de/p/samsung-glxy-buds2/
2025-09-28 04:33:24,710 - INFO - Scraping 6178/6851: https://www.refurbed.de/p/samsung-glxy-buds3-pro/
2025-09-28 04:33:26,331 - INFO - Scraping 6179/6851: https://www.refurbed.de/p/samsung-glxy-buds3/
2025-09-28 04:33:27,847 - INFO - Scraping 6180/6851: https://www.refurbed.de/p/samsung-glxy-i3115g4/
2025-09-28 04:33:29,809 - INFO - Scraping 6181/6851: https://www.refurbed.de/p/samsung-glxy-i71165g7/
2025-09-28 04:33:31,297 - INFO - Scraping 6182/6851: https://www.refurbed.de/p/samsung-glxy-j4/
2025-09-28 04:33:32,983 - INFO - Scraping 6183/6851: https://www.refurbed.de/p/samsung-glxy-klappklapp/
2025-09-28 04:33:34,406 - INFO - Scraping 6184/6851: https://www.refurbed.de/p/samsung-glxy-note-20-ultra/
2025-09-28 04:33:36,055 - INFO - Scraping 6185/6851: https://www.refurbed.de/p/samsung-glxy-t-s6-lite-p625-2024/
2025-09-28 04:33:37,589 - INFO - Scraping 6186/6851: https://www.refurbed.de/p/samsung-glxy-tab-2-10-1-p5100/
2025-09-28 04:33:39,023 - INFO - Scraping 6187/6851: https://www.refurbed.de/p/samsung-glxy-tab-4-80/
2025-09-28 04:33:40,391 - INFO - Scraping 6188/6851: https://www.refurbed.de/p/samsung-glxy-tab-a-10-t510t515/
2025-09-28 04:33:42,026 - INFO - Scraping 6189/6851: https://www.refurbed.de/p/samsung-glxy-tab-a6-7/
2025-09-28 04:33:43,618 - INFO - Scraping 6190/6851: https://www.refurbed.de/p/samsung-glxy-tab-e-9-6/
2025-09-28 04:33:45,118 - INFO - Scraping 6191/6851: https://www.refurbed.de/p/samsung-glxy-tab-s10-feplus-x626/
2025-09-28 04:33:46,656 - INFO - Scraping 6192/6851: https://www.refurbed.de/p/samsung-glxy-tab-s2-8-t713/
2025-09-28 04:33:48,295 - INFO - Scraping 6193/6851: https://www.refurbed.de/p/samsung-glxy-tab-s7-fe-5g/
2025-09-28 04:33:49,951 - INFO - Scraping 6194/6851: https://www.refurbed.de/p/samsung-glxy-tab-s7-fe/
2025-09-28 04:33:51,516 - INFO - Scraping 6195/6851: https://www.refurbed.de/p/samsung-glxy-tab-s7-plus-t970/
2025-09-28 04:33:53,090 - INFO - Scraping 6196/6851: https://www.refurbed.de/p/samsung-glxy-tab-s7-plus-t976/
2025-09-28 04:33:54,865 - INFO - Scraping 6197/6851: https://www.refurbed.de/p/samsung-glxy-tab-s7/
2025-09-28 04:33:56,551 - INFO - Scraping 6198/6851: https://www.refurbed.de/p/samsung-glxy-z-flip-3-5g/
2025-09-28 04:33:58,005 - INFO - Scraping 6199/6851: https://www.refurbed.de/p/samsung-glxy-z-flip-4-5g/
2025-09-28 04:33:59,443 - INFO - Scraping 6200/6851: https://www.refurbed.de/p/samsung-glxy-z-flip-4-bespoke/
2025-09-28 04:34:00,915 - INFO - Scraping 6201/6851: https://www.refurbed.de/p/samsung-glxy-z-flip-4g/
2025-09-28 04:34:02,477 - INFO - Scraping 6202/6851: https://www.refurbed.de/p/samsung-glxy-z-flip-5g/
2025-09-28 04:34:04,005 - INFO - Scraping 6203/6851: https://www.refurbed.de/p/samsung-glxy-z-flip4-5g/
2025-09-28 04:34:05,740 - INFO - Scraping 6204/6851: https://www.refurbed.de/p/samsung-glxy-z-fold-2-5g/
2025-09-28 04:34:07,306 - INFO - Scraping 6205/6851: https://www.refurbed.de/p/samsung-gq-55q70b-55/
2025-09-28 04:34:08,695 - INFO - Scraping 6206/6851: https://www.refurbed.de/p/samsung-gq43qn90c/
2025-09-28 04:34:10,135 - INFO - Scraping 6207/6851: https://www.refurbed.de/p/samsung-gq43qn90d/
2025-09-28 04:34:11,544 - INFO - Scraping 6208/6851: https://www.refurbed.de/p/samsung-gq49q80t-49/
2025-09-28 04:34:13,008 - INFO - Scraping 6209/6851: https://www.refurbed.de/p/samsung-gq50q60d/
2025-09-28 04:34:14,517 - INFO - Scraping 6210/6851: https://www.refurbed.de/p/samsung-gq50q80d/
2025-09-28 04:34:15,976 - INFO - Scraping 6211/6851: https://www.refurbed.de/p/samsung-gq50qe1d/
2025-09-28 04:34:17,413 - INFO - Scraping 6212/6851: https://www.refurbed.de/p/samsung-gq50qn90c/
2025-09-28 04:34:18,954 - INFO - Scraping 6213/6851: https://www.refurbed.de/p/samsung-gq50qn90d/
2025-09-28 04:34:20,389 - INFO - Scraping 6214/6851: https://www.refurbed.de/p/samsung-gq50qn94c/
2025-09-28 04:34:21,908 - INFO - Scraping 6215/6851: https://www.refurbed.de/p/samsung-gq55ls03t-55/
2025-09-28 04:34:23,333 - INFO - Scraping 6216/6851: https://www.refurbed.de/p/samsung-gq55q60d/
2025-09-28 04:34:24,793 - INFO - Scraping 6217/6851: https://www.refurbed.de/p/samsung-gq55q72b/
2025-09-28 04:34:26,246 - INFO - Scraping 6218/6851: https://www.refurbed.de/p/samsung-gq55q80c/
2025-09-28 04:34:27,783 - INFO - Scraping 6219/6851: https://www.refurbed.de/p/samsung-gq55qe1d/
2025-09-28 04:34:29,202 - INFO - Scraping 6220/6851: https://www.refurbed.de/p/samsung-gq55qn700c/
2025-09-28 04:34:31,167 - INFO - Scraping 6221/6851: https://www.refurbed.de/p/samsung-gq55qn90d/
2025-09-28 04:34:32,616 - INFO - Scraping 6222/6851: https://www.refurbed.de/p/samsung-gq55qn92b/
2025-09-28 04:34:34,133 - INFO - Scraping 6223/6851: https://www.refurbed.de/p/samsung-gq55qn95a/
2025-09-28 04:34:35,548 - INFO - Scraping 6224/6851: https://www.refurbed.de/p/samsung-gq55qn95b/
2025-09-28 04:34:37,007 - INFO - Scraping 6225/6851: https://www.refurbed.de/p/samsung-gq55qnx1d/
2025-09-28 04:34:38,587 - INFO - Scraping 6226/6851: https://www.refurbed.de/p/samsung-gq55s85d/
2025-09-28 04:34:40,017 - INFO - Scraping 6227/6851: https://www.refurbed.de/p/samsung-gq55s90c/
2025-09-28 04:34:41,423 - INFO - Scraping 6228/6851: https://www.refurbed.de/p/samsung-gq55s90d/
2025-09-28 04:34:42,818 - INFO - Scraping 6229/6851: https://www.refurbed.de/p/samsung-gq55s93c/
2025-09-28 04:34:44,300 - INFO - Scraping 6230/6851: https://www.refurbed.de/p/samsung-gq55s94d/
2025-09-28 04:34:45,960 - INFO - Scraping 6231/6851: https://www.refurbed.de/p/samsung-gq55s95c/
2025-09-28 04:34:47,518 - INFO - Scraping 6232/6851: https://www.refurbed.de/p/samsung-gq55s95d/
2025-09-28 04:34:49,023 - INFO - Scraping 6233/6851: https://www.refurbed.de/p/samsung-gq65q72d/
2025-09-28 04:34:50,474 - INFO - Scraping 6234/6851: https://www.refurbed.de/p/samsung-gq65qe1d/
2025-09-28 04:34:52,018 - INFO - Scraping 6235/6851: https://www.refurbed.de/p/samsung-gq65qn700c/
2025-09-28 04:34:53,595 - INFO - Scraping 6236/6851: https://www.refurbed.de/p/samsung-gq65qn800c/
2025-09-28 04:34:55,107 - INFO - Scraping 6237/6851: https://www.refurbed.de/p/samsung-gq65qn85a-65/
2025-09-28 04:34:56,824 - INFO - Scraping 6238/6851: https://www.refurbed.de/p/samsung-gq65qn85d/
2025-09-28 04:34:58,628 - INFO - Scraping 6239/6851: https://www.refurbed.de/p/samsung-gq65qn95c/
2025-09-28 04:35:00,153 - INFO - Scraping 6240/6851: https://www.refurbed.de/p/samsung-gq65qnx1d/
2025-09-28 04:35:01,691 - INFO - Scraping 6241/6851: https://www.refurbed.de/p/samsung-gq65s90d/
2025-09-28 04:35:03,422 - INFO - Scraping 6242/6851: https://www.refurbed.de/p/samsung-gq65s95c/
2025-09-28 04:35:04,864 - INFO - Scraping 6243/6851: https://www.refurbed.de/p/samsung-gq65s95d/
2025-09-28 04:35:06,417 - INFO - Scraping 6244/6851: https://www.refurbed.de/p/samsung-gq75q60d/
2025-09-28 04:35:08,130 - INFO - Scraping 6245/6851: https://www.refurbed.de/p/samsung-gq75q64c/
2025-09-28 04:35:09,642 - INFO - Scraping 6246/6851: https://www.refurbed.de/p/samsung-gq75q73d/
2025-09-28 04:35:11,152 - INFO - Scraping 6247/6851: https://www.refurbed.de/p/samsung-gq75qe1d/
2025-09-28 04:35:12,706 - INFO - Scraping 6248/6851: https://www.refurbed.de/p/samsung-gq75qn800c/
2025-09-28 04:35:14,210 - INFO - Scraping 6249/6851: https://www.refurbed.de/p/samsung-gq75qn85c/
2025-09-28 04:35:15,671 - INFO - Scraping 6250/6851: https://www.refurbed.de/p/samsung-gq75qn95/
2025-09-28 04:35:17,213 - INFO - Scraping 6251/6851: https://www.refurbed.de/p/samsung-gq75qn95c/
2025-09-28 04:35:18,838 - INFO - Scraping 6252/6851: https://www.refurbed.de/p/samsung-gq77s94d/
2025-09-28 04:35:20,279 - INFO - Scraping 6253/6851: https://www.refurbed.de/p/samsung-gq77s95c/
2025-09-28 04:35:21,833 - INFO - Scraping 6254/6851: https://www.refurbed.de/p/samsung-gq77s95d/
2025-09-28 04:35:23,325 - INFO - Scraping 6255/6851: https://www.refurbed.de/p/samsung-gq85q70d/
2025-09-28 04:35:24,868 - INFO - Scraping 6256/6851: https://www.refurbed.de/p/samsung-gq85qn900a/
2025-09-28 04:35:26,538 - INFO - Scraping 6257/6851: https://www.refurbed.de/p/samsung-gq85qn95b/
2025-09-28 04:35:28,044 - INFO - Scraping 6258/6851: https://www.refurbed.de/p/samsung-gq98q80c-98/
2025-09-28 04:35:29,457 - INFO - Scraping 6259/6851: https://www.refurbed.de/p/samsung-gq98qn90a/
2025-09-28 04:35:31,039 - INFO - Scraping 6260/6851: https://www.refurbed.de/p/samsung-gu43cu8579/
2025-09-28 04:35:32,633 - INFO - Scraping 6261/6851: https://www.refurbed.de/p/samsung-gu43du7170/
2025-09-28 04:35:34,166 - INFO - Scraping 6262/6851: https://www.refurbed.de/p/samsung-gu43du7179/
2025-09-28 04:35:35,677 - INFO - Scraping 6263/6851: https://www.refurbed.de/p/samsung-gu43tu6979/
2025-09-28 04:35:37,421 - INFO - Scraping 6264/6851: https://www.refurbed.de/p/samsung-gu50du7179/
2025-09-28 04:35:38,931 - INFO - Scraping 6265/6851: https://www.refurbed.de/p/samsung-gu55cu8079/
2025-09-28 04:35:40,370 - INFO - Scraping 6266/6851: https://www.refurbed.de/p/samsung-gu55du7170/
2025-09-28 04:35:41,903 - INFO - Scraping 6267/6851: https://www.refurbed.de/p/samsung-gu55du7179/
2025-09-28 04:35:43,641 - INFO - Scraping 6268/6851: https://www.refurbed.de/p/samsung-gu55du8079/
2025-09-28 04:35:45,143 - INFO - Scraping 6269/6851: https://www.refurbed.de/p/samsung-gu60au7199-60/
2025-09-28 04:35:46,583 - INFO - Scraping 6270/6851: https://www.refurbed.de/p/samsung-gu60du7179/
2025-09-28 04:35:48,075 - INFO - Scraping 6271/6851: https://www.refurbed.de/p/samsung-gu65bu8079/
2025-09-28 04:35:49,665 - INFO - Scraping 6272/6851: https://www.refurbed.de/p/samsung-gu75au7199-75/
2025-09-28 04:35:51,125 - INFO - Scraping 6273/6851: https://www.refurbed.de/p/samsung-hg32cf800/
2025-09-28 04:35:52,559 - INFO - Scraping 6274/6851: https://www.refurbed.de/p/samsung-hg32ej690we/
2025-09-28 04:35:54,034 - INFO - Scraping 6275/6851: https://www.refurbed.de/p/samsung-hg32t5300-32/
2025-09-28 04:35:55,546 - INFO - Scraping 6276/6851: https://www.refurbed.de/p/samsung-hg43au800/
2025-09-28 04:35:56,999 - INFO - Scraping 6277/6851: https://www.refurbed.de/p/samsung-hg43bu800/
2025-09-28 04:35:58,461 - INFO - Scraping 6278/6851: https://www.refurbed.de/p/samsung-hg43ef690db/
2025-09-28 04:35:59,955 - INFO - Scraping 6279/6851: https://www.refurbed.de/p/samsung-hg50au800/
2025-09-28 04:36:01,373 - INFO - Scraping 6280/6851: https://www.refurbed.de/p/samsung-hg55bu800-55/
2025-09-28 04:36:02,790 - INFO - Scraping 6281/6851: https://www.refurbed.de/p/samsung-hrm-ur55-28/
2025-09-28 04:36:04,201 - INFO - Scraping 6282/6851: https://www.refurbed.de/p/samsung-hw-b450-soundbar/
2025-09-28 04:36:05,784 - INFO - Scraping 6283/6851: https://www.refurbed.de/p/samsung-hw-b540-soundbar/
2025-09-28 04:36:07,297 - INFO - Scraping 6284/6851: https://www.refurbed.de/p/samsung-hw-b550-soundbar/
2025-09-28 04:36:08,757 - INFO - Scraping 6285/6851: https://www.refurbed.de/p/samsung-hw-b560-soundbar/
2025-09-28 04:36:10,493 - INFO - Scraping 6286/6851: https://www.refurbed.de/p/samsung-hw-c410g-soundbar/
2025-09-28 04:36:11,922 - INFO - Scraping 6287/6851: https://www.refurbed.de/p/samsung-hw-c440g-soundbar/
2025-09-28 04:36:13,450 - INFO - Scraping 6288/6851: https://www.refurbed.de/p/samsung-hw-q600a-soundbar/
2025-09-28 04:36:14,895 - INFO - Scraping 6289/6851: https://www.refurbed.de/p/samsung-hw-q600c-soundbar/
2025-09-28 04:36:16,319 - INFO - Scraping 6290/6851: https://www.refurbed.de/p/samsung-hw-q610gc-soundbar/
2025-09-28 04:36:17,724 - INFO - Scraping 6291/6851: https://www.refurbed.de/p/samsung-hw-q710gc-soundbar/
2025-09-28 04:36:19,221 - INFO - Scraping 6292/6851: https://www.refurbed.de/p/samsung-hw-q800a-soundbar/
2025-09-28 04:36:20,925 - INFO - Scraping 6293/6851: https://www.refurbed.de/p/samsung-hw-q800c-soundbar/
2025-09-28 04:36:22,392 - INFO - Scraping 6294/6851: https://www.refurbed.de/p/samsung-hw-q935gc-soundbar/
2025-09-28 04:36:23,843 - INFO - Scraping 6295/6851: https://www.refurbed.de/p/samsung-hw-q935gd-soundbar/
2025-09-28 04:36:25,321 - INFO - Scraping 6296/6851: https://www.refurbed.de/p/samsung-hw-q950t-soundbar/
2025-09-28 04:36:26,906 - INFO - Scraping 6297/6851: https://www.refurbed.de/p/samsung-hw-q990b-soundbar/
2025-09-28 04:36:28,455 - INFO - Scraping 6298/6851: https://www.refurbed.de/p/samsung-hw-q990c-soundbar/
2025-09-28 04:36:30,239 - INFO - Scraping 6299/6851: https://www.refurbed.de/p/samsung-hw-q995gc-soundbar/
2025-09-28 04:36:31,688 - INFO - Scraping 6300/6851: https://www.refurbed.de/p/samsung-hw-s50b-soundbar/
2025-09-28 04:36:33,182 - INFO - Scraping 6301/6851: https://www.refurbed.de/p/samsung-hw-s56b-soundbar/
2025-09-28 04:36:34,599 - INFO - Scraping 6302/6851: https://www.refurbed.de/p/samsung-hw-s60a-soundbar/
2025-09-28 04:36:36,158 - INFO - Scraping 6303/6851: https://www.refurbed.de/p/samsung-hw-s60b-soundbar/
2025-09-28 04:36:37,735 - INFO - Scraping 6304/6851: https://www.refurbed.de/p/samsung-hw-s60t-4-0-soundbar/
2025-09-28 04:36:39,362 - INFO - Scraping 6305/6851: https://www.refurbed.de/p/samsung-hw-s61a-soundbar/
2025-09-28 04:36:40,852 - INFO - Scraping 6306/6851: https://www.refurbed.de/p/samsung-hw-s66b-soundbar/
2025-09-28 04:36:42,267 - INFO - Scraping 6307/6851: https://www.refurbed.de/p/samsung-hw-s67b-soundbar/
2025-09-28 04:36:43,692 - INFO - Scraping 6308/6851: https://www.refurbed.de/p/samsung-hw-s800b-soundbar/
2025-09-28 04:36:45,254 - INFO - Scraping 6309/6851: https://www.refurbed.de/p/samsung-hw-s801b-soundbar/
2025-09-28 04:36:46,721 - INFO - Scraping 6310/6851: https://www.refurbed.de/p/samsung-hw-s810b-soundbar/
2025-09-28 04:36:48,207 - INFO - Scraping 6311/6851: https://www.refurbed.de/p/samsung-hw-s810gd-soundbar/
2025-09-28 04:36:49,732 - INFO - Scraping 6312/6851: https://www.refurbed.de/p/samsung-hw-s811b-soundbar/
2025-09-28 04:36:51,164 - INFO - Scraping 6313/6851: https://www.refurbed.de/p/samsung-hw-t400-soundbar/
2025-09-28 04:36:52,643 - INFO - Scraping 6314/6851: https://www.refurbed.de/p/samsung-i9301i-galaxy-s3-neo/
2025-09-28 04:36:54,102 - INFO - Scraping 6315/6851: https://www.refurbed.de/p/samsung-jet-60-pet/
2025-09-28 04:36:55,548 - INFO - Scraping 6316/6851: https://www.refurbed.de/p/samsung-jet-70-complete/
2025-09-28 04:36:56,992 - INFO - Scraping 6317/6851: https://www.refurbed.de/p/samsung-jet-70-pet/
2025-09-28 04:36:58,507 - INFO - Scraping 6318/6851: https://www.refurbed.de/p/samsung-jet-70-turbo/
2025-09-28 04:37:00,140 - INFO - Scraping 6319/6851: https://www.refurbed.de/p/samsung-jet-75-complete/
2025-09-28 04:37:01,660 - INFO - Scraping 6320/6851: https://www.refurbed.de/p/samsung-jet-75-pet/
2025-09-28 04:37:03,163 - INFO - Scraping 6321/6851: https://www.refurbed.de/p/samsung-jet-75e-complete/
2025-09-28 04:37:04,741 - INFO - Scraping 6322/6851: https://www.refurbed.de/p/samsung-jet-75e-petpro/
2025-09-28 04:37:06,193 - INFO - Scraping 6323/6851: https://www.refurbed.de/p/samsung-jet-85-petpro/
2025-09-28 04:37:07,645 - INFO - Scraping 6324/6851: https://www.refurbed.de/p/samsung-jet-85-wet-clean/
2025-09-28 04:37:09,335 - INFO - Scraping 6325/6851: https://www.refurbed.de/p/samsung-jet-95-akku-plus-petpro/
2025-09-28 04:37:10,976 - INFO - Scraping 6326/6851: https://www.refurbed.de/p/samsung-jet-95-complete-clean/
2025-09-28 04:37:12,478 - INFO - Scraping 6327/6851: https://www.refurbed.de/p/samsung-jet-95-premium/
2025-09-28 04:37:13,964 - INFO - Scraping 6328/6851: https://www.refurbed.de/p/samsung-jet-bot-plus/
2025-09-28 04:37:15,569 - INFO - Scraping 6329/6851: https://www.refurbed.de/p/samsung-jet85-completeclean-plus/
2025-09-28 04:37:17,118 - INFO - Scraping 6330/6851: https://www.refurbed.de/p/samsung-lc27r500fhuxen/
2025-09-28 04:37:18,562 - INFO - Scraping 6331/6851: https://www.refurbed.de/p/samsung-mc28m6035cs/
2025-09-28 04:37:20,005 - INFO - Scraping 6332/6851: https://www.refurbed.de/p/samsung-mc32j7055ct/
2025-09-28 04:37:21,441 - INFO - Scraping 6333/6851: https://www.refurbed.de/p/samsung-mc35r8088lc/
2025-09-28 04:37:22,893 - INFO - Scraping 6334/6851: https://www.refurbed.de/p/samsung-mg22m8254ak/
2025-09-28 04:37:24,425 - INFO - Scraping 6335/6851: https://www.refurbed.de/p/samsung-mg23b3515ak/
2025-09-28 04:37:25,910 - INFO - Scraping 6336/6851: https://www.refurbed.de/p/samsung-mg23dg4524age1/
2025-09-28 04:37:27,364 - INFO - Scraping 6337/6851: https://www.refurbed.de/p/samsung-mg23dg4524cge1/
2025-09-28 04:37:28,829 - INFO - Scraping 6338/6851: https://www.refurbed.de/p/samsung-mg23k3515aw/
2025-09-28 04:37:30,504 - INFO - Scraping 6339/6851: https://www.refurbed.de/p/samsung-mg23k3614aw/
2025-09-28 04:37:32,025 - INFO - Scraping 6340/6851: https://www.refurbed.de/p/samsung-mg23t5018gc/
2025-09-28 04:37:33,468 - INFO - Scraping 6341/6851: https://www.refurbed.de/p/samsung-mg23t5018ge/
2025-09-28 04:37:34,898 - INFO - Scraping 6342/6851: https://www.refurbed.de/p/samsung-mg30t5018ak/
2025-09-28 04:37:36,482 - INFO - Scraping 6343/6851: https://www.refurbed.de/p/samsung-ml-3310nd/
2025-09-28 04:37:37,973 - INFO - Scraping 6344/6851: https://www.refurbed.de/p/samsung-ml-5010nd/
2025-09-28 04:37:39,390 - INFO - Scraping 6345/6851: https://www.refurbed.de/p/samsung-ms20a3010al/
2025-09-28 04:37:40,791 - INFO - Scraping 6346/6851: https://www.refurbed.de/p/samsung-ms22m8074at/
2025-09-28 04:37:42,202 - INFO - Scraping 6347/6851: https://www.refurbed.de/p/samsung-ms23b3515as/
2025-09-28 04:37:43,674 - INFO - Scraping 6348/6851: https://www.refurbed.de/p/samsung-multiport-adap-ee-p5400/
2025-09-28 04:37:45,075 - INFO - Scraping 6349/6851: https://www.refurbed.de/p/samsung-multixpress-p77760z/
2025-09-28 04:37:46,568 - INFO - Scraping 6350/6851: https://www.refurbed.de/p/samsung-multixpress-scx-8123na/
2025-09-28 04:37:48,071 - INFO - Scraping 6351/6851: https://www.refurbed.de/p/samsung-multixpress-sl-k4350lx/
2025-09-28 04:37:49,545 - INFO - Scraping 6352/6851: https://www.refurbed.de/p/samsung-multixpress-sl-k7500lx/
2025-09-28 04:37:51,141 - INFO - Scraping 6353/6851: https://www.refurbed.de/p/samsung-multixpress-sl-x4250lx/
2025-09-28 04:37:52,682 - INFO - Scraping 6354/6851: https://www.refurbed.de/p/samsung-multixpress-sl-x7500lx/
2025-09-28 04:37:54,118 - INFO - Scraping 6355/6851: https://www.refurbed.de/p/samsung-multixpress-x4300lx/
2025-09-28 04:37:55,678 - INFO - Scraping 6356/6851: https://www.refurbed.de/p/samsung-multixpress-x7600lx/
2025-09-28 04:37:57,115 - INFO - Scraping 6357/6851: https://www.refurbed.de/p/samsung-music-frame-ls60d/
2025-09-28 04:37:58,649 - INFO - Scraping 6358/6851: https://www.refurbed.de/p/samsung-nk24n9804vb/
2025-09-28 04:38:00,058 - INFO - Scraping 6359/6851: https://www.refurbed.de/p/samsung-notebook-plus2-6305-15-6/
2025-09-28 04:38:01,790 - INFO - Scraping 6360/6851: https://www.refurbed.de/p/samsung-nz64k7757bk/
2025-09-28 04:38:03,275 - INFO - Scraping 6361/6851: https://www.refurbed.de/p/samsung-nz84t7nc6rk/
2025-09-28 04:38:04,779 - INFO - Scraping 6362/6851: https://www.refurbed.de/p/samsung-nz84t9747vk/
2025-09-28 04:38:06,282 - INFO - Scraping 6363/6851: https://www.refurbed.de/p/samsung-odyssey-g3-g32a-24/
2025-09-28 04:38:07,949 - INFO - Scraping 6364/6851: https://www.refurbed.de/p/samsung-odyssey-g3-g32a-27/
2025-09-28 04:38:09,489 - INFO - Scraping 6365/6851: https://www.refurbed.de/p/samsung-odyssey-g3-g32a-31-5/
2025-09-28 04:38:11,324 - INFO - Scraping 6366/6851: https://www.refurbed.de/p/samsung-odyssey-g3-g3a-2021-27/
2025-09-28 04:38:12,996 - INFO - Scraping 6367/6851: https://www.refurbed.de/p/samsung-odyssey-g5-g50a-2023/
2025-09-28 04:38:14,489 - INFO - Scraping 6368/6851: https://www.refurbed.de/p/samsung-odyssey-g5-g50d-2024-32/
2025-09-28 04:38:15,919 - INFO - Scraping 6369/6851: https://www.refurbed.de/p/samsung-odyssey-g5-g50d-2024/
2025-09-28 04:38:17,464 - INFO - Scraping 6370/6851: https://www.refurbed.de/p/samsung-odyssey-g5-g55a-2023-27/
2025-09-28 04:38:19,058 - INFO - Scraping 6371/6851: https://www.refurbed.de/p/samsung-odyssey-g5-g55c-2024-27/
2025-09-28 04:38:20,480 - INFO - Scraping 6372/6851: https://www.refurbed.de/p/samsung-odyssey-g5-g55t-2022/
2025-09-28 04:38:21,937 - INFO - Scraping 6373/6851: https://www.refurbed.de/p/samsung-odyssey-g5-g55t-31-5/
2025-09-28 04:38:23,351 - INFO - Scraping 6374/6851: https://www.refurbed.de/p/samsung-odyssey-g7-g70b-32/
2025-09-28 04:38:24,814 - INFO - Scraping 6375/6851: https://www.refurbed.de/p/samsung-odyssey-g9-g95c/
2025-09-28 04:38:26,491 - INFO - Scraping 6376/6851: https://www.refurbed.de/p/samsung-odyssey-g9-g95t-2021/
2025-09-28 04:38:28,132 - INFO - Scraping 6377/6851: https://www.refurbed.de/p/samsung-odyssey-g9-g95t/
2025-09-28 04:38:29,617 - INFO - Scraping 6378/6851: https://www.refurbed.de/p/samsung-odyssey-n-g7-g75nb-2023/
2025-09-28 04:38:31,066 - INFO - Scraping 6379/6851: https://www.refurbed.de/p/samsung-odyssey-n-g7-g75nb/
2025-09-28 04:38:32,528 - INFO - Scraping 6380/6851: https://www.refurbed.de/p/samsung-odyssey-neo-g6-g65b/
2025-09-28 04:38:34,141 - INFO - Scraping 6381/6851: https://www.refurbed.de/p/samsung-odyssey-neo-g9-g95na/
2025-09-28 04:38:35,787 - INFO - Scraping 6382/6851: https://www.refurbed.de/p/samsung-odyssey-neo-g9-g95nc/
2025-09-28 04:38:37,239 - INFO - Scraping 6383/6851: https://www.refurbed.de/p/samsung-odyssey-oled-g9-g93sc/
2025-09-28 04:38:38,686 - INFO - Scraping 6384/6851: https://www.refurbed.de/p/samsung-odyssey-oled-g9-g95sc/
2025-09-28 04:38:40,446 - INFO - Scraping 6385/6851: https://www.refurbed.de/p/samsung-odysseyg5-g55c-2024-31-5/
2025-09-28 04:38:41,987 - INFO - Scraping 6386/6851: https://www.refurbed.de/p/samsung-oh55f/
2025-09-28 04:38:43,623 - INFO - Scraping 6387/6851: https://www.refurbed.de/p/samsung-om46n/
2025-09-28 04:38:45,054 - INFO - Scraping 6388/6851: https://www.refurbed.de/p/samsung-om75r/
2025-09-28 04:38:46,726 - INFO - Scraping 6389/6851: https://www.refurbed.de/p/samsung-pl170/
2025-09-28 04:38:48,203 - INFO - Scraping 6390/6851: https://www.refurbed.de/p/samsung-portable-ssd-t5/
2025-09-28 04:38:49,925 - INFO - Scraping 6391/6851: https://www.refurbed.de/p/samsung-premiere-4k-lsp7t-laser/
2025-09-28 04:38:51,457 - INFO - Scraping 6392/6851: https://www.refurbed.de/p/samsung-proxpress-m3820nd-xeg/
2025-09-28 04:38:52,968 - INFO - Scraping 6393/6851: https://www.refurbed.de/p/samsung-proxpress-m4020nd/
2025-09-28 04:38:54,465 - INFO - Scraping 6394/6851: https://www.refurbed.de/p/samsung-qb65c-65/
2025-09-28 04:38:55,912 - INFO - Scraping 6395/6851: https://www.refurbed.de/p/samsung-qb75r/
2025-09-28 04:38:57,316 - INFO - Scraping 6396/6851: https://www.refurbed.de/p/samsung-qh55r-54-6/
2025-09-28 04:38:58,770 - INFO - Scraping 6397/6851: https://www.refurbed.de/p/samsung-qled-qe43q60c-43/
2025-09-28 04:39:00,245 - INFO - Scraping 6398/6851: https://www.refurbed.de/p/samsung-qled-qe50q60c-50/
2025-09-28 04:39:01,700 - INFO - Scraping 6399/6851: https://www.refurbed.de/p/samsung-qm43n/
2025-09-28 04:39:03,118 - INFO - Scraping 6400/6851: https://www.refurbed.de/p/samsung-qm43r-t/
2025-09-28 04:39:04,560 - INFO - Scraping 6401/6851: https://www.refurbed.de/p/samsung-qm43r/
2025-09-28 04:39:06,027 - INFO - Scraping 6402/6851: https://www.refurbed.de/p/samsung-qm49n/
2025-09-28 04:39:07,572 - INFO - Scraping 6403/6851: https://www.refurbed.de/p/samsung-qm65n/
2025-09-28 04:39:09,053 - INFO - Scraping 6404/6851: https://www.refurbed.de/p/samsung-qm85f/
2025-09-28 04:39:10,589 - INFO - Scraping 6405/6851: https://www.refurbed.de/p/samsung-s-pen-fold-edition/
2025-09-28 04:39:12,147 - INFO - Scraping 6406/6851: https://www.refurbed.de/p/samsung-s-pen/
2025-09-28 04:39:13,636 - INFO - Scraping 6407/6851: https://www.refurbed.de/p/samsung-s22c200b/
2025-09-28 04:39:15,199 - INFO - Scraping 6408/6851: https://www.refurbed.de/p/samsung-s22c350h/
2025-09-28 04:39:16,648 - INFO - Scraping 6409/6851: https://www.refurbed.de/p/samsung-s22c450bw/
2025-09-28 04:39:18,378 - INFO - Scraping 6410/6851: https://www.refurbed.de/p/samsung-s22c450m/
2025-09-28 04:39:19,796 - INFO - Scraping 6411/6851: https://www.refurbed.de/p/samsung-s22c450mw/
2025-09-28 04:39:21,331 - INFO - Scraping 6412/6851: https://www.refurbed.de/p/samsung-s22d300hy-21-5/
2025-09-28 04:39:23,123 - INFO - Scraping 6413/6851: https://www.refurbed.de/p/samsung-s22e450bw/
2025-09-28 04:39:24,716 - INFO - Scraping 6414/6851: https://www.refurbed.de/p/samsung-s22e450f/
2025-09-28 04:39:26,121 - INFO - Scraping 6415/6851: https://www.refurbed.de/p/samsung-s22e450mw-22/
2025-09-28 04:39:27,624 - INFO - Scraping 6416/6851: https://www.refurbed.de/p/samsung-s22e45kmw-22/
2025-09-28 04:39:29,393 - INFO - Scraping 6417/6851: https://www.refurbed.de/p/samsung-s22f350fhd/
2025-09-28 04:39:30,917 - INFO - Scraping 6418/6851: https://www.refurbed.de/p/samsung-s23c650d/
2025-09-28 04:39:32,611 - INFO - Scraping 6419/6851: https://www.refurbed.de/p/samsung-s24a650d-24/
2025-09-28 04:39:34,153 - INFO - Scraping 6420/6851: https://www.refurbed.de/p/samsung-s24c450bl/
2025-09-28 04:39:35,632 - INFO - Scraping 6421/6851: https://www.refurbed.de/p/samsung-s24c450bw/
2025-09-28 04:39:37,446 - INFO - Scraping 6422/6851: https://www.refurbed.de/p/samsung-s24c450m-24/
2025-09-28 04:39:38,955 - INFO - Scraping 6423/6851: https://www.refurbed.de/p/samsung-s24c650bw/
2025-09-28 04:39:40,513 - INFO - Scraping 6424/6851: https://www.refurbed.de/p/samsung-s24c650dw-24/
2025-09-28 04:39:42,005 - INFO - Scraping 6425/6851: https://www.refurbed.de/p/samsung-s24d330h-24/
2025-09-28 04:39:43,559 - INFO - Scraping 6426/6851: https://www.refurbed.de/p/samsung-s24d390hl-23-6/
2025-09-28 04:39:44,994 - INFO - Scraping 6427/6851: https://www.refurbed.de/p/samsung-s24e450/
2025-09-28 04:39:46,861 - INFO - Scraping 6428/6851: https://www.refurbed.de/p/samsung-s24e450b/
2025-09-28 04:39:48,510 - INFO - Scraping 6429/6851: https://www.refurbed.de/p/samsung-s24e450bl/
2025-09-28 04:39:50,092 - INFO - Scraping 6430/6851: https://www.refurbed.de/p/samsung-s24e450d-24/
2025-09-28 04:39:51,620 - INFO - Scraping 6431/6851: https://www.refurbed.de/p/samsung-s24e650bw-24/
2025-09-28 04:39:53,235 - INFO - Scraping 6432/6851: https://www.refurbed.de/p/samsung-s24e650dw-24/
2025-09-28 04:39:54,787 - INFO - Scraping 6433/6851: https://www.refurbed.de/p/samsung-s24e650pl-23-6/
2025-09-28 04:39:56,310 - INFO - Scraping 6434/6851: https://www.refurbed.de/p/samsung-s24e650xw-24/
2025-09-28 04:39:57,868 - INFO - Scraping 6435/6851: https://www.refurbed.de/p/samsung-s24e65uxw/
2025-09-28 04:39:59,479 - INFO - Scraping 6436/6851: https://www.refurbed.de/p/samsung-s24f350fhd-24/
2025-09-28 04:40:01,088 - INFO - Scraping 6437/6851: https://www.refurbed.de/p/samsung-s24r650-23-8/
2025-09-28 04:40:02,655 - INFO - Scraping 6438/6851: https://www.refurbed.de/p/samsung-s24r652fdu-24/
2025-09-28 04:40:04,195 - INFO - Scraping 6439/6851: https://www.refurbed.de/p/samsung-s27a650d-27/
2025-09-28 04:40:05,689 - INFO - Scraping 6440/6851: https://www.refurbed.de/p/samsung-s27c650d/
2025-09-28 04:40:07,179 - INFO - Scraping 6441/6851: https://www.refurbed.de/p/samsung-s27d850t/
2025-09-28 04:40:08,608 - INFO - Scraping 6442/6851: https://www.refurbed.de/p/samsung-s27e450b/
2025-09-28 04:40:10,266 - INFO - Scraping 6443/6851: https://www.refurbed.de/p/samsung-s27e650c/
2025-09-28 04:40:11,850 - INFO - Scraping 6444/6851: https://www.refurbed.de/p/samsung-s27f350fhu/
2025-09-28 04:40:13,546 - INFO - Scraping 6445/6851: https://www.refurbed.de/p/samsung-s29e790cn/
2025-09-28 04:40:15,032 - INFO - Scraping 6446/6851: https://www.refurbed.de/p/samsung-s33a-22/
2025-09-28 04:40:16,678 - INFO - Scraping 6447/6851: https://www.refurbed.de/p/samsung-s39c-27/
2025-09-28 04:40:18,125 - INFO - Scraping 6448/6851: https://www.refurbed.de/p/samsung-s5611/
2025-09-28 04:40:19,808 - INFO - Scraping 6449/6851: https://www.refurbed.de/p/samsung-s95ua-2021-49/
2025-09-28 04:40:21,396 - INFO - Scraping 6450/6851: https://www.refurbed.de/p/samsung-s95uc-2024/
2025-09-28 04:40:22,827 - INFO - Scraping 6451/6851: https://www.refurbed.de/p/samsung-sa850-24/
2025-09-28 04:40:24,346 - INFO - Scraping 6452/6851: https://www.refurbed.de/p/samsung-sa850-27/
2025-09-28 04:40:25,906 - INFO - Scraping 6453/6851: https://www.refurbed.de/p/samsung-sb420-24/
2025-09-28 04:40:27,591 - INFO - Scraping 6454/6851: https://www.refurbed.de/p/samsung-sc300-21-5/
2025-09-28 04:40:29,086 - INFO - Scraping 6455/6851: https://www.refurbed.de/p/samsung-sc450-24/
2025-09-28 04:40:30,525 - INFO - Scraping 6456/6851: https://www.refurbed.de/p/samsung-sd300-21-5/
2025-09-28 04:40:31,984 - INFO - Scraping 6457/6851: https://www.refurbed.de/p/samsung-se450-27/
2025-09-28 04:40:33,631 - INFO - Scraping 6458/6851: https://www.refurbed.de/p/samsung-se650-24/
2025-09-28 04:40:35,179 - INFO - Scraping 6459/6851: https://www.refurbed.de/p/samsung-sm-m5-m50d-2024-32/
2025-09-28 04:40:36,632 - INFO - Scraping 6460/6851: https://www.refurbed.de/p/samsung-sm-m7-m70b-32-2022/
2025-09-28 04:40:38,155 - INFO - Scraping 6461/6851: https://www.refurbed.de/p/samsung-sm-m7-m70b-32-2023/
2025-09-28 04:40:39,687 - INFO - Scraping 6462/6851: https://www.refurbed.de/p/samsung-sm-m7-m70d-32-2024/
2025-09-28 04:40:41,105 - INFO - Scraping 6463/6851: https://www.refurbed.de/p/samsung-sm-t825-galaxy-tab-s3-lt/
2025-09-28 04:40:42,676 - INFO - Scraping 6464/6851: https://www.refurbed.de/p/samsung-smart-mntr-m5-m50c-31-5/
2025-09-28 04:40:44,216 - INFO - Scraping 6465/6851: https://www.refurbed.de/p/samsung-smart-monitor-m5-m50b-32/
2025-09-28 04:40:45,618 - INFO - Scraping 6466/6851: https://www.refurbed.de/p/samsung-smart-monitor-m5-m50c/
2025-09-28 04:40:47,287 - INFO - Scraping 6467/6851: https://www.refurbed.de/p/samsung-smart-monitor-m8-m80b-32/
2025-09-28 04:40:48,706 - INFO - Scraping 6468/6851: https://www.refurbed.de/p/samsung-sound-tower-mx-st40b/
2025-09-28 04:40:50,351 - INFO - Scraping 6469/6851: https://www.refurbed.de/p/samsung-sound-tower-mx-st50b/
2025-09-28 04:40:51,849 - INFO - Scraping 6470/6851: https://www.refurbed.de/p/samsung-sound-tower-mx-t50/
2025-09-28 04:40:53,466 - INFO - Scraping 6471/6851: https://www.refurbed.de/p/samsung-sr1fm7030wb/
2025-09-28 04:40:54,957 - INFO - Scraping 6472/6851: https://www.refurbed.de/p/samsung-swa-9200s/
2025-09-28 04:40:56,538 - INFO - Scraping 6473/6851: https://www.refurbed.de/p/samsung-swa-9500s/
2025-09-28 04:40:58,178 - INFO - Scraping 6474/6851: https://www.refurbed.de/p/samsung-syncmaster-2043bw-20/
2025-09-28 04:40:59,773 - INFO - Scraping 6475/6851: https://www.refurbed.de/p/samsung-syncmaster-215tw/
2025-09-28 04:41:01,260 - INFO - Scraping 6476/6851: https://www.refurbed.de/p/samsung-syncmaster-2243bw/
2025-09-28 04:41:02,755 - INFO - Scraping 6477/6851: https://www.refurbed.de/p/samsung-syncmaster-2243qw/
2025-09-28 04:41:04,214 - INFO - Scraping 6478/6851: https://www.refurbed.de/p/samsung-syncmaster-2243wm/
2025-09-28 04:41:05,834 - INFO - Scraping 6479/6851: https://www.refurbed.de/p/samsung-syncmaster-2253bw/
2025-09-28 04:41:07,390 - INFO - Scraping 6480/6851: https://www.refurbed.de/p/samsung-syncmaster-225bw/
2025-09-28 04:41:09,011 - INFO - Scraping 6481/6851: https://www.refurbed.de/p/samsung-syncmaster-226bw/
2025-09-28 04:41:10,481 - INFO - Scraping 6482/6851: https://www.refurbed.de/p/samsung-syncmaster-2443dw/
2025-09-28 04:41:12,089 - INFO - Scraping 6483/6851: https://www.refurbed.de/p/samsung-syncmaster-2494hm/
2025-09-28 04:41:13,635 - INFO - Scraping 6484/6851: https://www.refurbed.de/p/samsung-syncmaster-2494hs/
2025-09-28 04:41:15,054 - INFO - Scraping 6485/6851: https://www.refurbed.de/p/samsung-syncmaster-b2240w/
2025-09-28 04:41:16,536 - INFO - Scraping 6486/6851: https://www.refurbed.de/p/samsung-syncmaster-b2440l/
2025-09-28 04:41:18,009 - INFO - Scraping 6487/6851: https://www.refurbed.de/p/samsung-syncmaster-b2440m/
2025-09-28 04:41:19,425 - INFO - Scraping 6488/6851: https://www.refurbed.de/p/samsung-syncmaster-b2440mh/
2025-09-28 04:41:21,061 - INFO - Scraping 6489/6851: https://www.refurbed.de/p/samsung-syncmaster-bx2231/
2025-09-28 04:41:22,920 - INFO - Scraping 6490/6851: https://www.refurbed.de/p/samsung-syncmaster-bx2240/
2025-09-28 04:41:24,369 - INFO - Scraping 6491/6851: https://www.refurbed.de/p/samsung-syncmaster-bx2240w/
2025-09-28 04:41:25,986 - INFO - Scraping 6492/6851: https://www.refurbed.de/p/samsung-syncmaster-bx2340/
2025-09-28 04:41:27,466 - INFO - Scraping 6493/6851: https://www.refurbed.de/p/samsung-syncmaster-bx2440w/
2025-09-28 04:41:28,897 - INFO - Scraping 6494/6851: https://www.refurbed.de/p/samsung-syncmaster-ex2220/
2025-09-28 04:41:30,389 - INFO - Scraping 6495/6851: https://www.refurbed.de/p/samsung-syncmaster-f2380/
2025-09-28 04:41:31,877 - INFO - Scraping 6496/6851: https://www.refurbed.de/p/samsung-syncmaster-p2250/
2025-09-28 04:41:33,459 - INFO - Scraping 6497/6851: https://www.refurbed.de/p/samsung-syncmaster-s22a450bw-22/
2025-09-28 04:41:35,382 - INFO - Scraping 6498/6851: https://www.refurbed.de/p/samsung-syncmaster-s22a450mw-22/
2025-09-28 04:41:37,269 - INFO - Scraping 6499/6851: https://www.refurbed.de/p/samsung-syncmaster-s22b420bw-22/
2025-09-28 04:41:38,768 - INFO - Scraping 6500/6851: https://www.refurbed.de/p/samsung-syncmaster-s24a450bw/
2025-09-28 04:41:40,276 - INFO - Scraping 6501/6851: https://www.refurbed.de/p/samsung-syncmaster-s24a450mw/
2025-09-28 04:41:41,619 - INFO - Scraping 6502/6851: https://www.refurbed.de/p/samsung-syncmaster-s24a650s/
2025-09-28 04:41:43,254 - INFO - Scraping 6503/6851: https://www.refurbed.de/p/samsung-syncmaster-t240/
2025-09-28 04:41:44,615 - INFO - Scraping 6504/6851: https://www.refurbed.de/p/samsung-t35f-2020-27/
2025-09-28 04:41:46,117 - INFO - Scraping 6505/6851: https://www.refurbed.de/p/samsung-t45f-2021-22/
2025-09-28 04:41:47,540 - INFO - Scraping 6506/6851: https://www.refurbed.de/p/samsung-t45f-24/
2025-09-28 04:41:48,880 - INFO - Scraping 6507/6851: https://www.refurbed.de/p/samsung-t45f-27/
2025-09-28 04:41:50,369 - INFO - Scraping 6508/6851: https://www.refurbed.de/p/samsung-tab-pro-101-t520/
2025-09-28 04:41:51,968 - INFO - Scraping 6509/6851: https://www.refurbed.de/p/samsung-the-frame-2022-gq43ls03b/
2025-09-28 04:41:53,521 - INFO - Scraping 6510/6851: https://www.refurbed.de/p/samsung-the-frame-2022-qe55ls03b/
2025-09-28 04:41:54,954 - INFO - Scraping 6511/6851: https://www.refurbed.de/p/samsung-the-frame-2024-gq55ls03d/
2025-09-28 04:41:56,796 - INFO - Scraping 6512/6851: https://www.refurbed.de/p/samsung-the-frame-2024-gq65ls03d/
2025-09-28 04:41:58,356 - INFO - Scraping 6513/6851: https://www.refurbed.de/p/samsung-the-frame-2024-gq75ls03d/
2025-09-28 04:41:59,952 - INFO - Scraping 6514/6851: https://www.refurbed.de/p/samsung-the-frame-gq55ls03bgu/
2025-09-28 04:42:01,502 - INFO - Scraping 6515/6851: https://www.refurbed.de/p/samsung-the-frame-gq65ls03bgu/
2025-09-28 04:42:02,932 - INFO - Scraping 6516/6851: https://www.refurbed.de/p/samsung-the-serif-gq50ls01da/
2025-09-28 04:42:04,534 - INFO - Scraping 6517/6851: https://www.refurbed.de/p/samsung-u32h850umu/
2025-09-28 04:42:06,001 - INFO - Scraping 6518/6851: https://www.refurbed.de/p/samsung-ue55h8080sq-55/
2025-09-28 04:42:07,555 - INFO - Scraping 6519/6851: https://www.refurbed.de/p/samsung-ue65au7192-65/
2025-09-28 04:42:09,153 - INFO - Scraping 6520/6851: https://www.refurbed.de/p/samsung-ue75au7192-75/
2025-09-28 04:42:10,776 - INFO - Scraping 6521/6851: https://www.refurbed.de/p/samsung-ue75au8002/
2025-09-28 04:42:12,187 - INFO - Scraping 6522/6851: https://www.refurbed.de/p/samsung-ue82s9waq-82/
2025-09-28 04:42:13,616 - INFO - Scraping 6523/6851: https://www.refurbed.de/p/samsung-um55h-e/
2025-09-28 04:42:15,117 - INFO - Scraping 6524/6851: https://www.refurbed.de/p/samsung-vf-s7-s70a-2023-26-9/
2025-09-28 04:42:16,783 - INFO - Scraping 6525/6851: https://www.refurbed.de/p/samsung-vf-s8-s27a800nmp-2022/
2025-09-28 04:42:18,414 - INFO - Scraping 6526/6851: https://www.refurbed.de/p/samsung-vf-s8-s27a800ujp-2023/
2025-09-28 04:42:19,856 - INFO - Scraping 6527/6851: https://www.refurbed.de/p/samsung-viewfinity-s6-s60ua/
2025-09-28 04:42:21,495 - INFO - Scraping 6528/6851: https://www.refurbed.de/p/samsung-viewfinity-s6-s65tc-34/
2025-09-28 04:42:22,997 - INFO - Scraping 6529/6851: https://www.refurbed.de/p/samsung-viewfinity-s6-s65ua-34/
2025-09-28 04:42:24,700 - INFO - Scraping 6530/6851: https://www.refurbed.de/p/samsung-viewfinity-s6-s65uc-34/
2025-09-28 04:42:26,352 - INFO - Scraping 6531/6851: https://www.refurbed.de/p/samsung-viewfinity-s6-s65vc-34/
2025-09-28 04:42:27,877 - INFO - Scraping 6532/6851: https://www.refurbed.de/p/samsung-viewfinity-s7-s70a-2023/
2025-09-28 04:42:29,340 - INFO - Scraping 6533/6851: https://www.refurbed.de/p/samsung-viewfinity-s7-s70d-2024/
2025-09-28 04:42:30,875 - INFO - Scraping 6534/6851: https://www.refurbed.de/p/samsung-viewfinity-s8-s27b800tgu/
2025-09-28 04:42:32,647 - INFO - Scraping 6535/6851: https://www.refurbed.de/p/samsung-viewfinity-s8-s32b800pxu/
2025-09-28 04:42:34,362 - INFO - Scraping 6536/6851: https://www.refurbed.de/p/samsung-viewfinity-s8-s80ud-2024/
2025-09-28 04:42:36,101 - INFO - Scraping 6537/6851: https://www.refurbed.de/p/samsung-viewfinity-s9-s27c902pau/
2025-09-28 04:42:37,646 - INFO - Scraping 6538/6851: https://www.refurbed.de/p/samsung-vm55b-u/
2025-09-28 04:42:39,454 - INFO - Scraping 6539/6851: https://www.refurbed.de/p/samsung-vr8500-jet-bot-plus/
2025-09-28 04:42:40,966 - INFO - Scraping 6540/6851: https://www.refurbed.de/p/samsung-vr9000-powerbot-essentia/
2025-09-28 04:42:42,448 - INFO - Scraping 6541/6851: https://www.refurbed.de/p/samsung-vr9500-jet-bot-ai-plus/
2025-09-28 04:42:44,002 - INFO - Scraping 6542/6851: https://www.refurbed.de/p/samsung-vs20b95b73b-bes-jet-plus/
2025-09-28 04:42:45,421 - INFO - Scraping 6543/6851: https://www.refurbed.de/p/sony-experia-1-v/
2025-09-28 04:42:47,125 - INFO - Scraping 6544/6851: https://www.refurbed.de/p/sony-experia-1-vi/
2025-09-28 04:42:48,551 - INFO - Scraping 6545/6851: https://www.refurbed.de/p/sony-experia-10-2/
2025-09-28 04:42:50,528 - INFO - Scraping 6546/6851: https://www.refurbed.de/p/sony-experia-10-3/
2025-09-28 04:42:52,165 - INFO - Scraping 6547/6851: https://www.refurbed.de/p/sony-experia-10-4/
2025-09-28 04:42:54,033 - INFO - Scraping 6548/6851: https://www.refurbed.de/p/sony-experia-10-5/
2025-09-28 04:42:55,685 - INFO - Scraping 6549/6851: https://www.refurbed.de/p/sony-experia-10-vi/
2025-09-28 04:42:57,481 - INFO - Scraping 6550/6851: https://www.refurbed.de/p/sony-xperia-1-2/
2025-09-28 04:42:59,076 - INFO - Scraping 6551/6851: https://www.refurbed.de/p/sony-xperia-1-3/
2025-09-28 04:43:00,673 - INFO - Scraping 6552/6851: https://www.refurbed.de/p/sony-xperia-1-4/
2025-09-28 04:43:02,358 - INFO - Scraping 6553/6851: https://www.refurbed.de/p/sony-xperia-1/
2025-09-28 04:43:03,936 - INFO - Scraping 6554/6851: https://www.refurbed.de/p/sony-xperia-10-plus/
2025-09-28 04:43:05,621 - INFO - Scraping 6555/6851: https://www.refurbed.de/p/sony-xperia-10/
2025-09-28 04:43:07,465 - INFO - Scraping 6556/6851: https://www.refurbed.de/p/sony-xperia-5-3/
2025-09-28 04:43:09,278 - INFO - Scraping 6557/6851: https://www.refurbed.de/p/sony-xperia-5-ii/
2025-09-28 04:43:11,067 - INFO - Scraping 6558/6851: https://www.refurbed.de/p/sony-xperia-5-iv/
2025-09-28 04:43:12,883 - INFO - Scraping 6559/6851: https://www.refurbed.de/p/sony-xperia-5-v/
2025-09-28 04:43:14,241 - INFO - Scraping 6560/6851: https://www.refurbed.de/p/sony-xperia-5/
2025-09-28 04:43:15,874 - INFO - Scraping 6561/6851: https://www.refurbed.de/p/sony-xperia-c5-ultra-dual/
2025-09-28 04:43:17,357 - INFO - Scraping 6562/6851: https://www.refurbed.de/p/sony-xperia-e1/
2025-09-28 04:43:18,788 - INFO - Scraping 6563/6851: https://www.refurbed.de/p/sony-xperia-e3-d2203/
2025-09-28 04:43:20,383 - INFO - Scraping 6564/6851: https://www.refurbed.de/p/sony-xperia-e4/
2025-09-28 04:43:22,030 - INFO - Scraping 6565/6851: https://www.refurbed.de/p/sony-xperia-e4g/
2025-09-28 04:43:23,503 - INFO - Scraping 6566/6851: https://www.refurbed.de/p/sony-xperia-e5-f3311/
2025-09-28 04:43:25,104 - INFO - Scraping 6567/6851: https://www.refurbed.de/p/sony-xperia-l1/
2025-09-28 04:43:26,741 - INFO - Scraping 6568/6851: https://www.refurbed.de/p/sony-xperia-l2/
2025-09-28 04:43:28,393 - INFO - Scraping 6569/6851: https://www.refurbed.de/p/sony-xperia-l3/
2025-09-28 04:43:30,326 - INFO - Scraping 6570/6851: https://www.refurbed.de/p/sony-xperia-l4/
2025-09-28 04:43:32,351 - INFO - Scraping 6571/6851: https://www.refurbed.de/p/sony-xperia-m/
2025-09-28 04:43:33,914 - INFO - Scraping 6572/6851: https://www.refurbed.de/p/sony-xperia-m2/
2025-09-28 04:43:35,408 - INFO - Scraping 6573/6851: https://www.refurbed.de/p/sony-xperia-m4-aqua/
2025-09-28 04:43:36,961 - INFO - Scraping 6574/6851: https://www.refurbed.de/p/sony-xperia-m5/
2025-09-28 04:43:38,378 - INFO - Scraping 6575/6851: https://www.refurbed.de/p/sony-xperia-pro-i/
2025-09-28 04:43:39,922 - INFO - Scraping 6576/6851: https://www.refurbed.de/p/sony-xperia-pro/
2025-09-28 04:43:41,397 - INFO - Scraping 6577/6851: https://www.refurbed.de/p/sony-xperia-t-lt30p/
2025-09-28 04:43:42,828 - INFO - Scraping 6578/6851: https://www.refurbed.de/p/sony-xperia-t3/
2025-09-28 04:43:44,348 - INFO - Scraping 6579/6851: https://www.refurbed.de/p/sony-xperia-x-compact/
2025-09-28 04:43:45,997 - INFO - Scraping 6580/6851: https://www.refurbed.de/p/sony-xperia-x-performance/
2025-09-28 04:43:47,533 - INFO - Scraping 6581/6851: https://www.refurbed.de/p/sony-xperia-x/
2025-09-28 04:43:49,107 - INFO - Scraping 6582/6851: https://www.refurbed.de/p/sony-xperia-xa-ultra/
2025-09-28 04:43:50,672 - INFO - Scraping 6583/6851: https://www.refurbed.de/p/sony-xperia-xa/
2025-09-28 04:43:52,281 - INFO - Scraping 6584/6851: https://www.refurbed.de/p/sony-xperia-xa1-plus/
2025-09-28 04:43:53,953 - INFO - Scraping 6585/6851: https://www.refurbed.de/p/sony-xperia-xa1-ultra/
2025-09-28 04:43:55,390 - INFO - Scraping 6586/6851: https://www.refurbed.de/p/sony-xperia-xa1/
2025-09-28 04:43:56,990 - INFO - Scraping 6587/6851: https://www.refurbed.de/p/sony-xperia-xa2-plus/
2025-09-28 04:43:58,580 - INFO - Scraping 6588/6851: https://www.refurbed.de/p/sony-xperia-xa2-ultra/
2025-09-28 04:44:00,181 - INFO - Scraping 6589/6851: https://www.refurbed.de/p/sony-xperia-xa2/
2025-09-28 04:44:01,737 - INFO - Scraping 6590/6851: https://www.refurbed.de/p/sony-xperia-xz/
2025-09-28 04:44:03,374 - INFO - Scraping 6591/6851: https://www.refurbed.de/p/sony-xperia-xz1-compact/
2025-09-28 04:44:04,995 - INFO - Scraping 6592/6851: https://www.refurbed.de/p/sony-xperia-xz1/
2025-09-28 04:44:06,449 - INFO - Scraping 6593/6851: https://www.refurbed.de/p/sony-xperia-xz2-compact/
2025-09-28 04:44:08,100 - INFO - Scraping 6594/6851: https://www.refurbed.de/p/sony-xperia-xz2-premium/
2025-09-28 04:44:09,701 - INFO - Scraping 6595/6851: https://www.refurbed.de/p/sony-xperia-xz2/
2025-09-28 04:44:11,301 - INFO - Scraping 6596/6851: https://www.refurbed.de/p/sony-xperia-xz3/
2025-09-28 04:44:12,902 - INFO - Scraping 6597/6851: https://www.refurbed.de/p/sony-xperia-xzs/
2025-09-28 04:44:14,358 - INFO - Scraping 6598/6851: https://www.refurbed.de/p/sony-xperia-z-premium/
2025-09-28 04:44:16,084 - INFO - Scraping 6599/6851: https://www.refurbed.de/p/sony-xperia-z-ultra/
2025-09-28 04:44:17,677 - INFO - Scraping 6600/6851: https://www.refurbed.de/p/sony-xperia-z/
2025-09-28 04:44:19,164 - INFO - Scraping 6601/6851: https://www.refurbed.de/p/sony-xperia-z1-compact/
2025-09-28 04:44:20,727 - INFO - Scraping 6602/6851: https://www.refurbed.de/p/sony-xperia-z1/
2025-09-28 04:44:22,289 - INFO - Scraping 6603/6851: https://www.refurbed.de/p/sony-xperia-z2-d6503/
2025-09-28 04:44:23,924 - INFO - Scraping 6604/6851: https://www.refurbed.de/p/sony-xperia-z2-sgp521/
2025-09-28 04:44:25,398 - INFO - Scraping 6605/6851: https://www.refurbed.de/p/sony-xperia-z3-compact-tab/
2025-09-28 04:44:26,814 - INFO - Scraping 6606/6851: https://www.refurbed.de/p/sony-xperia-z3-compact/
2025-09-28 04:44:28,536 - INFO - Scraping 6607/6851: https://www.refurbed.de/p/sony-xperia-z3-plus/
2025-09-28 04:44:30,057 - INFO - Scraping 6608/6851: https://www.refurbed.de/p/sony-xperia-z3/
2025-09-28 04:44:31,481 - INFO - Scraping 6609/6851: https://www.refurbed.de/p/sony-xperia-z4/
2025-09-28 04:44:32,974 - INFO - Scraping 6610/6851: https://www.refurbed.de/p/sony-xperia-z5-compact/
2025-09-28 04:44:34,610 - INFO - Scraping 6611/6851: https://www.refurbed.de/p/sony-xperia-z5-e6653/
2025-09-28 04:44:36,605 - INFO - Scraping 6612/6851: https://www.refurbed.de/p/sony-xperia-z5-premium/
2025-09-28 04:44:38,222 - INFO - Scraping 6613/6851: https://www.refurbed.de/p/surface-pro-7-plus-i3-1115g4/
2025-09-28 04:44:39,892 - INFO - Scraping 6614/6851: https://www.refurbed.de/p/tcl-tab-10-hd/
2025-09-28 04:44:41,490 - INFO - Scraping 6615/6851: https://www.refurbed.de/p/tcl-tab-10-s/
2025-09-28 04:44:43,071 - INFO - Scraping 6616/6851: https://www.refurbed.de/p/tcl-tab-8/
2025-09-28 04:44:44,707 - INFO - Scraping 6617/6851: https://www.refurbed.de/p/telekom-t-tablet/
2025-09-28 04:44:46,135 - INFO - Scraping 6618/6851: https://www.refurbed.de/p/thinkpad-onelink-pro/
2025-09-28 04:44:47,744 - INFO - Scraping 6619/6851: https://www.refurbed.de/p/tracer-drifter/
2025-09-28 04:44:49,173 - INFO - Scraping 6620/6851: https://www.refurbed.de/p/tracer-roadster/
2025-09-28 04:44:50,632 - INFO - Scraping 6621/6851: https://www.refurbed.de/p/tracer-sierra/
2025-09-28 04:44:52,155 - INFO - Scraping 6622/6851: https://www.refurbed.de/p/trekstor-surftab-breeze-9-6-quad/
2025-09-28 04:44:53,627 - INFO - Scraping 6623/6851: https://www.refurbed.de/p/trekstor-surftab-duo-w1/
2025-09-28 04:44:55,271 - INFO - Scraping 6624/6851: https://www.refurbed.de/p/viewsonic-m1/
2025-09-28 04:44:56,714 - INFO - Scraping 6625/6851: https://www.refurbed.de/p/viewsonic-m2/
2025-09-28 04:44:58,118 - INFO - Scraping 6626/6851: https://www.refurbed.de/p/viewsonic-va2046a-led-20/
2025-09-28 04:44:59,674 - INFO - Scraping 6627/6851: https://www.refurbed.de/p/viewsonic-va2465sh/
2025-09-28 04:45:01,097 - INFO - Scraping 6628/6851: https://www.refurbed.de/p/viewsonic-va2719-sh/
2025-09-28 04:45:02,865 - INFO - Scraping 6629/6851: https://www.refurbed.de/p/viewsonic-vb-cam-001/
2025-09-28 04:45:04,309 - INFO - Scraping 6630/6851: https://www.refurbed.de/p/viewsonic-vx2718-2kpc-mhd/
2025-09-28 04:45:05,762 - INFO - Scraping 6631/6851: https://www.refurbed.de/p/vivo-v20-se/
2025-09-28 04:45:07,313 - INFO - Scraping 6632/6851: https://www.refurbed.de/p/vivo-v21-5g/
2025-09-28 04:45:08,805 - INFO - Scraping 6633/6851: https://www.refurbed.de/p/vivo-v23-5g/
2025-09-28 04:45:10,229 - INFO - Scraping 6634/6851: https://www.refurbed.de/p/vivo-v29-5g/
2025-09-28 04:45:11,680 - INFO - Scraping 6635/6851: https://www.refurbed.de/p/vivo-v29-lite-5g/
2025-09-28 04:45:13,088 - INFO - Scraping 6636/6851: https://www.refurbed.de/p/vivo-v40-5g/
2025-09-28 04:45:14,726 - INFO - Scraping 6637/6851: https://www.refurbed.de/p/vivo-v40-se-5g/
2025-09-28 04:45:16,249 - INFO - Scraping 6638/6851: https://www.refurbed.de/p/vivo-x51-5g/
2025-09-28 04:45:17,863 - INFO - Scraping 6639/6851: https://www.refurbed.de/p/vivo-x60-pro/
2025-09-28 04:45:19,321 - INFO - Scraping 6640/6851: https://www.refurbed.de/p/vivo-x80-lite/
2025-09-28 04:45:21,076 - INFO - Scraping 6641/6851: https://www.refurbed.de/p/vivo-x80-pro/
2025-09-28 04:45:22,855 - INFO - Scraping 6642/6851: https://www.refurbed.de/p/vivo-x90-pro/
2025-09-28 04:45:24,398 - INFO - Scraping 6643/6851: https://www.refurbed.de/p/vivo-y01/
2025-09-28 04:45:25,913 - INFO - Scraping 6644/6851: https://www.refurbed.de/p/vivo-y17s/
2025-09-28 04:45:27,770 - INFO - Scraping 6645/6851: https://www.refurbed.de/p/vivo-y20s/
2025-09-28 04:45:29,290 - INFO - Scraping 6646/6851: https://www.refurbed.de/p/vivo-y21/
2025-09-28 04:45:30,890 - INFO - Scraping 6647/6851: https://www.refurbed.de/p/vivo-y21s/
2025-09-28 04:45:32,397 - INFO - Scraping 6648/6851: https://www.refurbed.de/p/vivo-y22s/
2025-09-28 04:45:33,976 - INFO - Scraping 6649/6851: https://www.refurbed.de/p/vivo-y33s/
2025-09-28 04:45:35,483 - INFO - Scraping 6650/6851: https://www.refurbed.de/p/vivo-y35/
2025-09-28 04:45:37,089 - INFO - Scraping 6651/6851: https://www.refurbed.de/p/vivo-y52-5g/
2025-09-28 04:45:38,927 - INFO - Scraping 6652/6851: https://www.refurbed.de/p/vivo-y70/
2025-09-28 04:45:40,365 - INFO - Scraping 6653/6851: https://www.refurbed.de/p/vivo-y72-5g/
2025-09-28 04:45:41,990 - INFO - Scraping 6654/6851: https://www.refurbed.de/p/vivo-y76-5g/
2025-09-28 04:45:43,565 - INFO - Scraping 6655/6851: https://www.refurbed.de/p/vodafone-smart-tab-n8/
2025-09-28 04:45:45,029 - INFO - Scraping 6656/6851: https://www.refurbed.de/p/vodafone-tab-prime-7/
2025-09-28 04:45:46,453 - INFO - Scraping 6657/6851: https://www.refurbed.de/p/wilfa-kw-4-gram-stal/
2025-09-28 04:45:48,034 - INFO - Scraping 6658/6851: https://www.refurbed.de/p/xgimi-halo-plus/
2025-09-28 04:45:49,497 - INFO - Scraping 6659/6851: https://www.refurbed.de/p/xgimi-halo/
2025-09-28 04:45:50,932 - INFO - Scraping 6660/6851: https://www.refurbed.de/p/xgimi-horizon-pro-4k/
2025-09-28 04:45:52,427 - INFO - Scraping 6661/6851: https://www.refurbed.de/p/xiaomi-11t-5g/
2025-09-28 04:45:54,030 - INFO - Scraping 6662/6851: https://www.refurbed.de/p/xiaomi-11t-pro/
2025-09-28 04:45:55,618 - INFO - Scraping 6663/6851: https://www.refurbed.de/p/xiaomi-12-lite-5g/
2025-09-28 04:45:57,406 - INFO - Scraping 6664/6851: https://www.refurbed.de/p/xiaomi-12-pro/
2025-09-28 04:45:59,043 - INFO - Scraping 6665/6851: https://www.refurbed.de/p/xiaomi-12/
2025-09-28 04:46:00,882 - INFO - Scraping 6666/6851: https://www.refurbed.de/p/xiaomi-12s-ultra/
2025-09-28 04:46:02,598 - INFO - Scraping 6667/6851: https://www.refurbed.de/p/xiaomi-12t-pro/
2025-09-28 04:46:04,176 - INFO - Scraping 6668/6851: https://www.refurbed.de/p/xiaomi-12t/
2025-09-28 04:46:05,754 - INFO - Scraping 6669/6851: https://www.refurbed.de/p/xiaomi-12x/
2025-09-28 04:46:07,227 - INFO - Scraping 6670/6851: https://www.refurbed.de/p/xiaomi-13-lite-5g/
2025-09-28 04:46:08,959 - INFO - Scraping 6671/6851: https://www.refurbed.de/p/xiaomi-13-pro/
2025-09-28 04:46:10,608 - INFO - Scraping 6672/6851: https://www.refurbed.de/p/xiaomi-13-ultra/
2025-09-28 04:46:12,216 - INFO - Scraping 6673/6851: https://www.refurbed.de/p/xiaomi-13/
2025-09-28 04:46:13,736 - INFO - Scraping 6674/6851: https://www.refurbed.de/p/xiaomi-13t-pro/
2025-09-28 04:46:15,476 - INFO - Scraping 6675/6851: https://www.refurbed.de/p/xiaomi-13t/
2025-09-28 04:46:17,129 - INFO - Scraping 6676/6851: https://www.refurbed.de/p/xiaomi-14-ultra-photography-kit/
2025-09-28 04:46:18,676 - INFO - Scraping 6677/6851: https://www.refurbed.de/p/xiaomi-14-ultra/
2025-09-28 04:46:20,384 - INFO - Scraping 6678/6851: https://www.refurbed.de/p/xiaomi-14/
2025-09-28 04:46:21,988 - INFO - Scraping 6679/6851: https://www.refurbed.de/p/xiaomi-14t-pro/
2025-09-28 04:46:23,568 - INFO - Scraping 6680/6851: https://www.refurbed.de/p/xiaomi-14t/
2025-09-28 04:46:25,188 - INFO - Scraping 6681/6851: https://www.refurbed.de/p/xiaomi-15-ultra/
2025-09-28 04:46:26,921 - INFO - Scraping 6682/6851: https://www.refurbed.de/p/xiaomi-15/
2025-09-28 04:46:28,600 - INFO - Scraping 6683/6851: https://www.refurbed.de/p/xiaomi-air-fryer/
2025-09-28 04:46:30,358 - INFO - Scraping 6684/6851: https://www.refurbed.de/p/xiaomi-black-shark-5-pro/
2025-09-28 04:46:31,958 - INFO - Scraping 6685/6851: https://www.refurbed.de/p/xiaomi-black-shark/
2025-09-28 04:46:33,388 - INFO - Scraping 6686/6851: https://www.refurbed.de/p/xiaomi-buds-3/
2025-09-28 04:46:34,846 - INFO - Scraping 6687/6851: https://www.refurbed.de/p/xiaomi-mi-10-lite/
2025-09-28 04:46:36,528 - INFO - Scraping 6688/6851: https://www.refurbed.de/p/xiaomi-mi-10-pro/
2025-09-28 04:46:37,993 - INFO - Scraping 6689/6851: https://www.refurbed.de/p/xiaomi-mi-10/
2025-09-28 04:46:39,788 - INFO - Scraping 6690/6851: https://www.refurbed.de/p/xiaomi-mi-10t-5g/
2025-09-28 04:46:41,344 - INFO - Scraping 6691/6851: https://www.refurbed.de/p/xiaomi-mi-10t-lite-5g/
2025-09-28 04:46:43,013 - INFO - Scraping 6692/6851: https://www.refurbed.de/p/xiaomi-mi-10t-pro-5g/
2025-09-28 04:46:44,743 - INFO - Scraping 6693/6851: https://www.refurbed.de/p/xiaomi-mi-11-5g/
2025-09-28 04:46:46,353 - INFO - Scraping 6694/6851: https://www.refurbed.de/p/xiaomi-mi-11-lite-5g-ne/
2025-09-28 04:46:48,168 - INFO - Scraping 6695/6851: https://www.refurbed.de/p/xiaomi-mi-11-lite-5g/
2025-09-28 04:46:49,822 - INFO - Scraping 6696/6851: https://www.refurbed.de/p/xiaomi-mi-11-lite/
2025-09-28 04:46:51,581 - INFO - Scraping 6697/6851: https://www.refurbed.de/p/xiaomi-mi-11-ultra/
2025-09-28 04:46:53,077 - INFO - Scraping 6698/6851: https://www.refurbed.de/p/xiaomi-mi-11i/
2025-09-28 04:46:54,769 - INFO - Scraping 6699/6851: https://www.refurbed.de/p/xiaomi-mi-6/
2025-09-28 04:46:56,242 - INFO - Scraping 6700/6851: https://www.refurbed.de/p/xiaomi-mi-8-lite/
2025-09-28 04:46:57,698 - INFO - Scraping 6701/6851: https://www.refurbed.de/p/xiaomi-mi-8-pro/
2025-09-28 04:46:59,300 - INFO - Scraping 6702/6851: https://www.refurbed.de/p/xiaomi-mi-8/
2025-09-28 04:47:00,980 - INFO - Scraping 6703/6851: https://www.refurbed.de/p/xiaomi-mi-9-lite/
2025-09-28 04:47:02,583 - INFO - Scraping 6704/6851: https://www.refurbed.de/p/xiaomi-mi-9-se/
2025-09-28 04:47:04,229 - INFO - Scraping 6705/6851: https://www.refurbed.de/p/xiaomi-mi-9/
2025-09-28 04:47:06,050 - INFO - Scraping 6706/6851: https://www.refurbed.de/p/xiaomi-mi-9t-pro/
2025-09-28 04:47:07,777 - INFO - Scraping 6707/6851: https://www.refurbed.de/p/xiaomi-mi-9t/
2025-09-28 04:47:09,421 - INFO - Scraping 6708/6851: https://www.refurbed.de/p/xiaomi-mi-a1/
2025-09-28 04:47:11,076 - INFO - Scraping 6709/6851: https://www.refurbed.de/p/xiaomi-mi-a2-lite/
2025-09-28 04:47:12,857 - INFO - Scraping 6710/6851: https://www.refurbed.de/p/xiaomi-mi-a2/
2025-09-28 04:47:14,537 - INFO - Scraping 6711/6851: https://www.refurbed.de/p/xiaomi-mi-a3/
2025-09-28 04:47:16,210 - INFO - Scraping 6712/6851: https://www.refurbed.de/p/xiaomi-mi-air-purifier-3h/
2025-09-28 04:47:17,680 - INFO - Scraping 6713/6851: https://www.refurbed.de/p/xiaomi-mi-bedside-lamp-2/
2025-09-28 04:47:19,110 - INFO - Scraping 6714/6851: https://www.refurbed.de/p/xiaomi-mi-box-s/
2025-09-28 04:47:20,679 - INFO - Scraping 6715/6851: https://www.refurbed.de/p/xiaomi-mi-cc9-pro/
2025-09-28 04:47:22,134 - INFO - Scraping 6716/6851: https://www.refurbed.de/p/xiaomi-mi-curved-gaming-monitor/
2025-09-28 04:47:24,068 - INFO - Scraping 6717/6851: https://www.refurbed.de/p/xiaomi-mi-desk-lamp-1s/
2025-09-28 04:47:25,734 - INFO - Scraping 6718/6851: https://www.refurbed.de/p/xiaomi-mi-desktop-monitor-27/
2025-09-28 04:47:27,378 - INFO - Scraping 6719/6851: https://www.refurbed.de/p/xiaomi-mi-laser-projector/
2025-09-28 04:47:28,819 - INFO - Scraping 6720/6851: https://www.refurbed.de/p/xiaomi-mi-max-3/
2025-09-28 04:47:30,404 - INFO - Scraping 6721/6851: https://www.refurbed.de/p/xiaomi-mi-mix-2/
2025-09-28 04:47:31,989 - INFO - Scraping 6722/6851: https://www.refurbed.de/p/xiaomi-mi-mix-2s/
2025-09-28 04:47:33,587 - INFO - Scraping 6723/6851: https://www.refurbed.de/p/xiaomi-mi-mix-3/
2025-09-28 04:47:35,209 - INFO - Scraping 6724/6851: https://www.refurbed.de/p/xiaomi-mi-note-10-lite/
2025-09-28 04:47:36,817 - INFO - Scraping 6725/6851: https://www.refurbed.de/p/xiaomi-mi-note-10-pro/
2025-09-28 04:47:38,430 - INFO - Scraping 6726/6851: https://www.refurbed.de/p/xiaomi-mi-note-10/
2025-09-28 04:47:40,006 - INFO - Scraping 6727/6851: https://www.refurbed.de/p/xiaomi-mi-robot-mop-2-lite/
2025-09-28 04:47:41,513 - INFO - Scraping 6728/6851: https://www.refurbed.de/p/xiaomi-mi-robot-mop-2-ultra/
2025-09-28 04:47:43,027 - INFO - Scraping 6729/6851: https://www.refurbed.de/p/xiaomi-mi-robot-mop-2s/
2025-09-28 04:47:44,539 - INFO - Scraping 6730/6851: https://www.refurbed.de/p/xiaomi-mi-robot-mop-essential/
2025-09-28 04:47:46,233 - INFO - Scraping 6731/6851: https://www.refurbed.de/p/xiaomi-mi-smart-clock/
2025-09-28 04:47:47,714 - INFO - Scraping 6732/6851: https://www.refurbed.de/p/xiaomi-mi-smart-home-hub/
2025-09-28 04:47:49,171 - INFO - Scraping 6733/6851: https://www.refurbed.de/p/xiaomi-mi-smart-pro-pyv4009gl/
2025-09-28 04:47:50,562 - INFO - Scraping 6734/6851: https://www.refurbed.de/p/xiaomi-mi-smart-projector-2-pro/
2025-09-28 04:47:52,069 - INFO - Scraping 6735/6851: https://www.refurbed.de/p/xiaomi-mi-true-earphones-2/
2025-09-28 04:47:53,495 - INFO - Scraping 6736/6851: https://www.refurbed.de/p/xiaomi-mi-tv-4s-65/
2025-09-28 04:47:55,083 - INFO - Scraping 6737/6851: https://www.refurbed.de/p/xiaomi-mi-tv-p1-50/
2025-09-28 04:47:56,494 - INFO - Scraping 6738/6851: https://www.refurbed.de/p/xiaomi-mi-tv-stick/
2025-09-28 04:47:57,958 - INFO - Scraping 6739/6851: https://www.refurbed.de/p/xiaomi-mijia-mini-4k/
2025-09-28 04:47:59,375 - INFO - Scraping 6740/6851: https://www.refurbed.de/p/xiaomi-pad-5/
2025-09-28 04:48:00,908 - INFO - Scraping 6741/6851: https://www.refurbed.de/p/xiaomi-pad-6/
2025-09-28 04:48:02,271 - INFO - Scraping 6742/6851: https://www.refurbed.de/p/xiaomi-pad-6s-pro/
2025-09-28 04:48:03,920 - INFO - Scraping 6743/6851: https://www.refurbed.de/p/xiaomi-poco-c40/
2025-09-28 04:48:05,568 - INFO - Scraping 6744/6851: https://www.refurbed.de/p/xiaomi-poco-f2-pro/
2025-09-28 04:48:07,175 - INFO - Scraping 6745/6851: https://www.refurbed.de/p/xiaomi-poco-f3/
2025-09-28 04:48:09,384 - INFO - Scraping 6746/6851: https://www.refurbed.de/p/xiaomi-poco-f4-gt/
2025-09-28 04:48:11,009 - INFO - Scraping 6747/6851: https://www.refurbed.de/p/xiaomi-poco-f4/
2025-09-28 04:48:12,734 - INFO - Scraping 6748/6851: https://www.refurbed.de/p/xiaomi-poco-f5-pro/
2025-09-28 04:48:14,292 - INFO - Scraping 6749/6851: https://www.refurbed.de/p/xiaomi-poco-f5/
2025-09-28 04:48:15,899 - INFO - Scraping 6750/6851: https://www.refurbed.de/p/xiaomi-poco-m3-pro-5g/
2025-09-28 04:48:17,842 - INFO - Scraping 6751/6851: https://www.refurbed.de/p/xiaomi-poco-m3/
2025-09-28 04:48:19,695 - INFO - Scraping 6752/6851: https://www.refurbed.de/p/xiaomi-poco-m4-5g/
2025-09-28 04:48:21,184 - INFO - Scraping 6753/6851: https://www.refurbed.de/p/xiaomi-poco-m4-pro-5g/
2025-09-28 04:48:23,079 - INFO - Scraping 6754/6851: https://www.refurbed.de/p/xiaomi-poco-m4-pro/
2025-09-28 04:48:24,636 - INFO - Scraping 6755/6851: https://www.refurbed.de/p/xiaomi-poco-m5/
2025-09-28 04:48:26,230 - INFO - Scraping 6756/6851: https://www.refurbed.de/p/xiaomi-poco-m5s/
2025-09-28 04:48:27,728 - INFO - Scraping 6757/6851: https://www.refurbed.de/p/xiaomi-poco-m6-pro/
2025-09-28 04:48:29,327 - INFO - Scraping 6758/6851: https://www.refurbed.de/p/xiaomi-poco-x3-gt/
2025-09-28 04:48:30,735 - INFO - Scraping 6759/6851: https://www.refurbed.de/p/xiaomi-poco-x3-pro/
2025-09-28 04:48:32,336 - INFO - Scraping 6760/6851: https://www.refurbed.de/p/xiaomi-poco-x3/
2025-09-28 04:48:33,778 - INFO - Scraping 6761/6851: https://www.refurbed.de/p/xiaomi-poco-x4-gt/
2025-09-28 04:48:35,385 - INFO - Scraping 6762/6851: https://www.refurbed.de/p/xiaomi-poco-x4-pro-5g/
2025-09-28 04:48:37,057 - INFO - Scraping 6763/6851: https://www.refurbed.de/p/xiaomi-poco-x5-5g/
2025-09-28 04:48:38,705 - INFO - Scraping 6764/6851: https://www.refurbed.de/p/xiaomi-poco-x5-pro-5g/
2025-09-28 04:48:40,374 - INFO - Scraping 6765/6851: https://www.refurbed.de/p/xiaomi-poco-x6-pro/
2025-09-28 04:48:41,964 - INFO - Scraping 6766/6851: https://www.refurbed.de/p/xiaomi-poco-x7-pro/
2025-09-28 04:48:43,521 - INFO - Scraping 6767/6851: https://www.refurbed.de/p/xiaomi-pocophone-f1/
2025-09-28 04:48:45,112 - INFO - Scraping 6768/6851: https://www.refurbed.de/p/xiaomi-redmi-10-2022/
2025-09-28 04:48:46,930 - INFO - Scraping 6769/6851: https://www.refurbed.de/p/xiaomi-redmi-10-5g/
2025-09-28 04:48:48,639 - INFO - Scraping 6770/6851: https://www.refurbed.de/p/xiaomi-redmi-10/
2025-09-28 04:48:50,585 - INFO - Scraping 6771/6851: https://www.refurbed.de/p/xiaomi-redmi-10a/
2025-09-28 04:48:52,274 - INFO - Scraping 6772/6851: https://www.refurbed.de/p/xiaomi-redmi-12-c/
2025-09-28 04:48:53,885 - INFO - Scraping 6773/6851: https://www.refurbed.de/p/xiaomi-redmi-12/
2025-09-28 04:48:55,464 - INFO - Scraping 6774/6851: https://www.refurbed.de/p/xiaomi-redmi-13-c-5g/
2025-09-28 04:48:56,938 - INFO - Scraping 6775/6851: https://www.refurbed.de/p/xiaomi-redmi-13-c/
2025-09-28 04:48:58,514 - INFO - Scraping 6776/6851: https://www.refurbed.de/p/xiaomi-redmi-14-c/
2025-09-28 04:49:00,242 - INFO - Scraping 6777/6851: https://www.refurbed.de/p/xiaomi-redmi-4a/
2025-09-28 04:49:01,726 - INFO - Scraping 6778/6851: https://www.refurbed.de/p/xiaomi-redmi-4x/
2025-09-28 04:49:03,214 - INFO - Scraping 6779/6851: https://www.refurbed.de/p/xiaomi-redmi-5/
2025-09-28 04:49:04,650 - INFO - Scraping 6780/6851: https://www.refurbed.de/p/xiaomi-redmi-5a/
2025-09-28 04:49:06,093 - INFO - Scraping 6781/6851: https://www.refurbed.de/p/xiaomi-redmi-6/
2025-09-28 04:49:07,829 - INFO - Scraping 6782/6851: https://www.refurbed.de/p/xiaomi-redmi-6a/
2025-09-28 04:49:09,345 - INFO - Scraping 6783/6851: https://www.refurbed.de/p/xiaomi-redmi-7/
2025-09-28 04:49:10,993 - INFO - Scraping 6784/6851: https://www.refurbed.de/p/xiaomi-redmi-7a/
2025-09-28 04:49:12,549 - INFO - Scraping 6785/6851: https://www.refurbed.de/p/xiaomi-redmi-8/
2025-09-28 04:49:14,147 - INFO - Scraping 6786/6851: https://www.refurbed.de/p/xiaomi-redmi-8a/
2025-09-28 04:49:15,659 - INFO - Scraping 6787/6851: https://www.refurbed.de/p/xiaomi-redmi-9/
2025-09-28 04:49:17,370 - INFO - Scraping 6788/6851: https://www.refurbed.de/p/xiaomi-redmi-9a/
2025-09-28 04:49:19,074 - INFO - Scraping 6789/6851: https://www.refurbed.de/p/xiaomi-redmi-9at/
2025-09-28 04:49:20,748 - INFO - Scraping 6790/6851: https://www.refurbed.de/p/xiaomi-redmi-9c/
2025-09-28 04:49:22,644 - INFO - Scraping 6791/6851: https://www.refurbed.de/p/xiaomi-redmi-9t/
2025-09-28 04:49:24,260 - INFO - Scraping 6792/6851: https://www.refurbed.de/p/xiaomi-redmi-a2/
2025-09-28 04:49:25,709 - INFO - Scraping 6793/6851: https://www.refurbed.de/p/xiaomi-redmi-a3/
2025-09-28 04:49:27,121 - INFO - Scraping 6794/6851: https://www.refurbed.de/p/xiaomi-redmi-airdots-2/
2025-09-28 04:49:28,575 - INFO - Scraping 6795/6851: https://www.refurbed.de/p/xiaomi-redmi-buds-3-lite/
2025-09-28 04:49:30,362 - INFO - Scraping 6796/6851: https://www.refurbed.de/p/xiaomi-redmi-buds-3/
2025-09-28 04:49:31,880 - INFO - Scraping 6797/6851: https://www.refurbed.de/p/xiaomi-redmi-buds-4-pro/
2025-09-28 04:49:33,302 - INFO - Scraping 6798/6851: https://www.refurbed.de/p/xiaomi-redmi-buds-5-pro/
2025-09-28 04:49:35,067 - INFO - Scraping 6799/6851: https://www.refurbed.de/p/xiaomi-redmi-go/
2025-09-28 04:49:36,497 - INFO - Scraping 6800/6851: https://www.refurbed.de/p/xiaomi-redmi-note-10-5g/
2025-09-28 04:49:38,090 - INFO - Scraping 6801/6851: https://www.refurbed.de/p/xiaomi-redmi-note-10-c/
2025-09-28 04:49:39,750 - INFO - Scraping 6802/6851: https://www.refurbed.de/p/xiaomi-redmi-note-10-pro/
2025-09-28 04:49:41,409 - INFO - Scraping 6803/6851: https://www.refurbed.de/p/xiaomi-redmi-note-10-s/
2025-09-28 04:49:43,376 - INFO - Scraping 6804/6851: https://www.refurbed.de/p/xiaomi-redmi-note-10/
2025-09-28 04:49:44,969 - INFO - Scraping 6805/6851: https://www.refurbed.de/p/xiaomi-redmi-note-10a/
2025-09-28 04:49:46,446 - INFO - Scraping 6806/6851: https://www.refurbed.de/p/xiaomi-redmi-note-11-pro-5g/
2025-09-28 04:49:48,125 - INFO - Scraping 6807/6851: https://www.refurbed.de/p/xiaomi-redmi-note-11-pro-plus-5g/
2025-09-28 04:49:49,745 - INFO - Scraping 6808/6851: https://www.refurbed.de/p/xiaomi-redmi-note-11-pro/
2025-09-28 04:49:51,476 - INFO - Scraping 6809/6851: https://www.refurbed.de/p/xiaomi-redmi-note-11/
2025-09-28 04:49:53,008 - INFO - Scraping 6810/6851: https://www.refurbed.de/p/xiaomi-redmi-note-11s-5g/
2025-09-28 04:49:54,456 - INFO - Scraping 6811/6851: https://www.refurbed.de/p/xiaomi-redmi-note-11s/
2025-09-28 04:49:56,178 - INFO - Scraping 6812/6851: https://www.refurbed.de/p/xiaomi-redmi-note-12-5g/
2025-09-28 04:49:57,813 - INFO - Scraping 6813/6851: https://www.refurbed.de/p/xiaomi-redmi-note-12-pro-4g/
2025-09-28 04:49:59,515 - INFO - Scraping 6814/6851: https://www.refurbed.de/p/xiaomi-redmi-note-12-pro-plus-5g/
2025-09-28 04:50:01,434 - INFO - Scraping 6815/6851: https://www.refurbed.de/p/xiaomi-redmi-note-12-pro/
2025-09-28 04:50:02,873 - INFO - Scraping 6816/6851: https://www.refurbed.de/p/xiaomi-redmi-note-12/
2025-09-28 04:50:04,611 - INFO - Scraping 6817/6851: https://www.refurbed.de/p/xiaomi-redmi-note-12s/
2025-09-28 04:50:06,269 - INFO - Scraping 6818/6851: https://www.refurbed.de/p/xiaomi-redmi-note-13-5g/
2025-09-28 04:50:07,883 - INFO - Scraping 6819/6851: https://www.refurbed.de/p/xiaomi-redmi-note-13-pro-5g/
2025-09-28 04:50:09,353 - INFO - Scraping 6820/6851: https://www.refurbed.de/p/xiaomi-redmi-note-13-pro-plus-5g/
2025-09-28 04:50:10,948 - INFO - Scraping 6821/6851: https://www.refurbed.de/p/xiaomi-redmi-note-13-pro/
2025-09-28 04:50:12,552 - INFO - Scraping 6822/6851: https://www.refurbed.de/p/xiaomi-redmi-note-13/
2025-09-28 04:50:14,081 - INFO - Scraping 6823/6851: https://www.refurbed.de/p/xiaomi-redmi-note-14-5g/
2025-09-28 04:50:15,706 - INFO - Scraping 6824/6851: https://www.refurbed.de/p/xiaomi-redmi-note-14-pro-5g/
2025-09-28 04:50:17,125 - INFO - Scraping 6825/6851: https://www.refurbed.de/p/xiaomi-redmi-note-14-pro-plus-5g/
2025-09-28 04:50:18,838 - INFO - Scraping 6826/6851: https://www.refurbed.de/p/xiaomi-redmi-note-14-pro/
2025-09-28 04:50:20,379 - INFO - Scraping 6827/6851: https://www.refurbed.de/p/xiaomi-redmi-note-14/
2025-09-28 04:50:21,894 - INFO - Scraping 6828/6851: https://www.refurbed.de/p/xiaomi-redmi-note-3/
2025-09-28 04:50:23,375 - INFO - Scraping 6829/6851: https://www.refurbed.de/p/xiaomi-redmi-note-4/
2025-09-28 04:50:24,891 - INFO - Scraping 6830/6851: https://www.refurbed.de/p/xiaomi-redmi-note-5/
2025-09-28 04:50:26,433 - INFO - Scraping 6831/6851: https://www.refurbed.de/p/xiaomi-redmi-note-5a/
2025-09-28 04:50:27,886 - INFO - Scraping 6832/6851: https://www.refurbed.de/p/xiaomi-redmi-note-6-pro/
2025-09-28 04:50:29,350 - INFO - Scraping 6833/6851: https://www.refurbed.de/p/xiaomi-redmi-note-7/
2025-09-28 04:50:30,798 - INFO - Scraping 6834/6851: https://www.refurbed.de/p/xiaomi-redmi-note-8-pro/
2025-09-28 04:50:32,522 - INFO - Scraping 6835/6851: https://www.refurbed.de/p/xiaomi-redmi-note-8/
2025-09-28 04:50:34,283 - INFO - Scraping 6836/6851: https://www.refurbed.de/p/xiaomi-redmi-note-8t/
2025-09-28 04:50:36,138 - INFO - Scraping 6837/6851: https://www.refurbed.de/p/xiaomi-redmi-note-9-pro/
2025-09-28 04:50:37,729 - INFO - Scraping 6838/6851: https://www.refurbed.de/p/xiaomi-redmi-note-9/
2025-09-28 04:50:39,304 - INFO - Scraping 6839/6851: https://www.refurbed.de/p/xiaomi-redmi-note-9s/
2025-09-28 04:50:40,928 - INFO - Scraping 6840/6851: https://www.refurbed.de/p/xiaomi-redmi-note-9t/
2025-09-28 04:50:42,585 - INFO - Scraping 6841/6851: https://www.refurbed.de/p/xiaomi-redmi-pad-pro/
2025-09-28 04:50:44,184 - INFO - Scraping 6842/6851: https://www.refurbed.de/p/xiaomi-redmi-pad-se-8-7/
2025-09-28 04:50:45,701 - INFO - Scraping 6843/6851: https://www.refurbed.de/p/xiaomi-redmi-pad-se/
2025-09-28 04:50:47,182 - INFO - Scraping 6844/6851: https://www.refurbed.de/p/xiaomi-redmi-pad/
2025-09-28 04:50:48,862 - INFO - Scraping 6845/6851: https://www.refurbed.de/p/xiaomi-redmi-s2/
2025-09-28 04:50:50,373 - INFO - Scraping 6846/6851: https://www.refurbed.de/p/xiaomi-robot-vacuum-s12/
2025-09-28 04:50:52,230 - INFO - Scraping 6847/6851: https://www.refurbed.de/p/xiaomi-soundbar-3-1/
2025-09-28 04:50:53,847 - INFO - Scraping 6848/6851: https://www.refurbed.de/p/xiaomi-vacuum-g10/
2025-09-28 04:50:55,267 - INFO - Scraping 6849/6851: https://www.refurbed.de/p/xiaomi-vacuum-g9/
2025-09-28 04:50:56,710 - INFO - Scraping 6850/6851: https://www.refurbed.de/p/xiaomi-vacuum-mini/
2025-09-28 04:50:58,196 - INFO - Scraping 6851/6851: https://www.refurbed.de/p/xperia-1-v/
2025-09-28 04:51:00,130 - INFO - Scraping completed. Saved 5729 products in /home/runner/work/M3-scraper/M3-scraper/github/Scraped/Refurbed_250928.json and /home/runner/work/M3-scraper/M3-scraper/docs/Refurbed_250928.json
