2025-11-30 02:00:50,490 - INFO - Scraping 1/6851: https://www.refurbed.de/p/acer-315-n4000-15-6/
2025-11-30 02:00:52,279 - INFO - Scraping 2/6851: https://www.refurbed.de/p/acer-315-n4500-15-6/
2025-11-30 02:00:53,889 - INFO - Scraping 3/6851: https://www.refurbed.de/p/acer-a-3-spin-a3sp14-31pt-3-n100/
2025-11-30 02:00:55,498 - INFO - Scraping 4/6851: https://www.refurbed.de/p/acer-a-3-spin-a3sp14-31pt-3-n305/
2025-11-30 02:00:57,338 - INFO - Scraping 5/6851: https://www.refurbed.de/p/acer-a-5-spin-a5sp14-51mtn-1335u/
2025-11-30 02:00:59,123 - INFO - Scraping 6/6851: https://www.refurbed.de/p/acer-a-5-spin-a5sp14-51mtn-i7-14/
2025-11-30 02:01:00,723 - INFO - Scraping 7/6851: https://www.refurbed.de/p/acer-a-spin-14-i5-1335u/
2025-11-30 02:01:02,549 - INFO - Scraping 8/6851: https://www.refurbed.de/p/acer-ahr162/
2025-11-30 02:01:04,207 - INFO - Scraping 9/6851: https://www.refurbed.de/p/acer-ahw910/
2025-11-30 02:01:05,810 - INFO - Scraping 10/6851: https://www.refurbed.de/p/acer-asa630-active-stylus-pen/
2025-11-30 02:01:07,392 - INFO - Scraping 11/6851: https://www.refurbed.de/p/acer-aspire-1-14-pentium-silver-/
2025-11-30 02:01:09,059 - INFO - Scraping 12/6851: https://www.refurbed.de/p/acer-aspire-1-a114-61-s2jg/
2025-11-30 02:01:10,731 - INFO - Scraping 13/6851: https://www.refurbed.de/p/acer-aspire-1-a114-61-s2rf-7c/
2025-11-30 02:01:12,329 - INFO - Scraping 14/6851: https://www.refurbed.de/p/acer-aspire-1-a115-32-n4500/
2025-11-30 02:01:13,916 - INFO - Scraping 15/6851: https://www.refurbed.de/p/acer-aspire-1-nc-a114-61-s0g8-14/
2025-11-30 02:01:15,595 - INFO - Scraping 16/6851: https://www.refurbed.de/p/acer-aspire-3-a314-22-3250u/
2025-11-30 02:01:17,134 - INFO - Scraping 17/6851: https://www.refurbed.de/p/acer-aspire-3-a314-32-n4000/
2025-11-30 02:01:18,877 - INFO - Scraping 18/6851: https://www.refurbed.de/p/acer-aspire-3-a315-21-a9-9420e/
2025-11-30 02:01:19,156 - ERROR - Error fetching https://www.refurbed.de/p/acer-aspire-3-a315-21-a9-9420e/: 404 Client Error: Not Found for url: https://www.refurbed.de/p/acer-aspire-3-a315-21-a9-9420e/
2025-11-30 02:01:20,159 - INFO - Scraping 19/6851: https://www.refurbed.de/p/acer-aspire-3-a315-21-a9-9425/
2025-11-30 02:01:21,762 - INFO - Scraping 20/6851: https://www.refurbed.de/p/acer-aspire-3-a315-23-3250u/
2025-11-30 02:01:23,184 - INFO - Scraping 21/6851: https://www.refurbed.de/p/acer-aspire-3-a315-24p-7520u/
2025-11-30 02:01:24,838 - INFO - Scraping 22/6851: https://www.refurbed.de/p/acer-aspire-3-a315-29-i5-1235u/
2025-11-30 02:01:26,447 - INFO - Scraping 23/6851: https://www.refurbed.de/p/acer-aspire-3-a315-35-n5100/
2025-11-30 02:01:28,074 - INFO - Scraping 24/6851: https://www.refurbed.de/p/acer-aspire-3-a315-35-p45c/
2025-11-30 02:01:29,539 - INFO - Scraping 25/6851: https://www.refurbed.de/p/acer-aspire-3-a315-510p-n100/
2025-11-30 02:01:31,272 - INFO - Scraping 26/6851: https://www.refurbed.de/p/acer-aspire-3-a315-54-8265u/
2025-11-30 02:01:32,709 - INFO - Scraping 27/6851: https://www.refurbed.de/p/acer-aspire-3-a315-55g-10210u/
2025-11-30 02:01:34,261 - INFO - Scraping 28/6851: https://www.refurbed.de/p/acer-aspire-3-a315-58-1135g7/
2025-11-30 02:01:35,944 - INFO - Scraping 29/6851: https://www.refurbed.de/p/acer-aspire-3-a315-58-1165g7/
2025-11-30 02:01:37,486 - INFO - Scraping 30/6851: https://www.refurbed.de/p/acer-aspire-3-a315-58-i3-1115g4/
2025-11-30 02:01:39,094 - INFO - Scraping 31/6851: https://www.refurbed.de/p/acer-aspire-3-a315-59-1235u-15-6/
2025-11-30 02:01:40,765 - INFO - Scraping 32/6851: https://www.refurbed.de/p/acer-aspire-3-a317-33-p5ff/
2025-11-30 02:01:42,265 - INFO - Scraping 33/6851: https://www.refurbed.de/p/acer-aspire-3-a317-52-1035g1/
2025-11-30 02:01:43,776 - INFO - Scraping 34/6851: https://www.refurbed.de/p/acer-aspire-3-a317-54-1235u-17-3/
2025-11-30 02:01:45,384 - INFO - Scraping 35/6851: https://www.refurbed.de/p/acer-aspire-3-a4-9120e-14/
2025-11-30 02:01:45,825 - ERROR - Error fetching https://www.refurbed.de/p/acer-aspire-3-a4-9120e-14/: 404 Client Error: Not Found for url: https://www.refurbed.de/p/acer-aspire-3-a4-9120e-14/
2025-11-30 02:01:46,827 - INFO - Scraping 36/6851: https://www.refurbed.de/p/acer-aspire-5-a514-54-i3-1115g4/
2025-11-30 02:01:48,259 - INFO - Scraping 37/6851: https://www.refurbed.de/p/acer-aspire-5-a514-54-i5-1135g7/
2025-11-30 02:01:50,133 - INFO - Scraping 38/6851: https://www.refurbed.de/p/acer-aspire-5-a514-55-1255u-14/
2025-11-30 02:01:51,576 - INFO - Scraping 39/6851: https://www.refurbed.de/p/acer-aspire-5-a514-55-i5-1235u/
2025-11-30 02:01:53,292 - INFO - Scraping 40/6851: https://www.refurbed.de/p/acer-aspire-5-a514-57-i7-1255u/
2025-11-30 02:01:54,710 - INFO - Scraping 41/6851: https://www.refurbed.de/p/acer-aspire-5-a514-57g-7-1260p/
2025-11-30 02:01:56,182 - INFO - Scraping 42/6851: https://www.refurbed.de/p/acer-aspire-5-a515-1005g1/
2025-11-30 02:01:57,784 - INFO - Scraping 43/6851: https://www.refurbed.de/p/acer-aspire-5-a515-1065g7/
2025-11-30 02:01:59,221 - INFO - Scraping 44/6851: https://www.refurbed.de/p/acer-aspire-5-a515-44-r5-4500u/
2025-11-30 02:02:00,674 - INFO - Scraping 45/6851: https://www.refurbed.de/p/acer-aspire-5-a515-44-r7-4700u/
2025-11-30 02:02:02,300 - INFO - Scraping 46/6851: https://www.refurbed.de/p/acer-aspire-5-a515-45g-r5-5500u/
2025-11-30 02:02:03,899 - INFO - Scraping 47/6851: https://www.refurbed.de/p/acer-aspire-5-a515-45g-r7-5700u/
2025-11-30 02:02:05,500 - INFO - Scraping 48/6851: https://www.refurbed.de/p/acer-aspire-5-a515-45r-r7-5700u/
2025-11-30 02:02:06,926 - INFO - Scraping 49/6851: https://www.refurbed.de/p/acer-aspire-5-a515-45r-r7-5825u/
2025-11-30 02:02:08,570 - INFO - Scraping 50/6851: https://www.refurbed.de/p/acer-aspire-5-a515-48m-r5-7530u/
2025-11-30 02:02:10,201 - INFO - Scraping 51/6851: https://www.refurbed.de/p/acer-aspire-5-a515-56-1135g7-15/
2025-11-30 02:02:11,818 - INFO - Scraping 52/6851: https://www.refurbed.de/p/acer-aspire-5-a515-56-1165g7-15/
2025-11-30 02:02:13,413 - INFO - Scraping 53/6851: https://www.refurbed.de/p/acer-aspire-5-a515-57g-i5-1235u/
2025-11-30 02:02:14,886 - INFO - Scraping 54/6851: https://www.refurbed.de/p/acer-aspire-5-a515-58m-i5-1335u/
2025-11-30 02:02:16,593 - INFO - Scraping 55/6851: https://www.refurbed.de/p/acer-aspire-5-a515-r5-5500u/
2025-11-30 02:02:18,022 - INFO - Scraping 56/6851: https://www.refurbed.de/p/acer-aspire-5-a517-52g-i5-1135g7/
2025-11-30 02:02:19,618 - INFO - Scraping 57/6851: https://www.refurbed.de/p/acer-aspire-5-a517-52g1165g7-17/
2025-11-30 02:02:21,312 - INFO - Scraping 58/6851: https://www.refurbed.de/p/acer-aspire-5-a517-53-i5-1235u/
2025-11-30 02:02:22,996 - INFO - Scraping 59/6851: https://www.refurbed.de/p/acer-aspire-5-a517-53-i5-12450h/
2025-11-30 02:02:24,486 - INFO - Scraping 60/6851: https://www.refurbed.de/p/acer-aspire-5-a517-53g-1240p-17/
2025-11-30 02:02:25,912 - INFO - Scraping 61/6851: https://www.refurbed.de/p/acer-aspire-5-a517-53g-i7-1255u/
2025-11-30 02:02:27,341 - INFO - Scraping 62/6851: https://www.refurbed.de/p/acer-aspire-5-a517-58m-i3-1315u/
2025-11-30 02:02:28,946 - INFO - Scraping 63/6851: https://www.refurbed.de/p/acer-aspire-5-i5-10210u/
2025-11-30 02:02:30,346 - INFO - Scraping 64/6851: https://www.refurbed.de/p/acer-aspire-5-i5-8265u/
2025-11-30 02:02:31,904 - INFO - Scraping 65/6851: https://www.refurbed.de/p/acer-aspire-5a515-55-i5-1035g1/
2025-11-30 02:02:33,351 - INFO - Scraping 66/6851: https://www.refurbed.de/p/acer-aspire-7-a715-42g-r7-5700u/
2025-11-30 02:02:34,783 - INFO - Scraping 67/6851: https://www.refurbed.de/p/acer-aspire-7-a715-43g-r5-5625u/
2025-11-30 02:02:36,206 - INFO - Scraping 68/6851: https://www.refurbed.de/p/acer-aspire-7-a715-51g-1260p/
2025-11-30 02:02:37,653 - INFO - Scraping 69/6851: https://www.refurbed.de/p/acer-aspire-7-a715-51g-i5-1240p/
2025-11-30 02:02:39,157 - INFO - Scraping 70/6851: https://www.refurbed.de/p/acer-aspire-c22-820-j5005/
2025-11-30 02:02:40,762 - INFO - Scraping 71/6851: https://www.refurbed.de/p/acer-aspire-e1-572-4200u-12/
2025-11-30 02:02:41,195 - ERROR - Error fetching https://www.refurbed.de/p/acer-aspire-e1-572-4200u-12/: 404 Client Error: Not Found for url: https://www.refurbed.de/p/acer-aspire-e1-572-4200u-12/
2025-11-30 02:02:42,197 - INFO - Scraping 72/6851: https://www.refurbed.de/p/acer-aspire-e15-e5-574g-6500u/
2025-11-30 02:02:42,499 - ERROR - Error fetching https://www.refurbed.de/p/acer-aspire-e15-e5-574g-6500u/: 404 Client Error: Not Found for url: https://www.refurbed.de/p/acer-aspire-e15-e5-574g-6500u/
2025-11-30 02:02:43,500 - INFO - Scraping 73/6851: https://www.refurbed.de/p/acer-aspire-e15-e5-575g-7200u/
2025-11-30 02:02:43,769 - ERROR - Error fetching https://www.refurbed.de/p/acer-aspire-e15-e5-575g-7200u/: 404 Client Error: Not Found for url: https://www.refurbed.de/p/acer-aspire-e15-e5-575g-7200u/
2025-11-30 02:02:44,771 - INFO - Scraping 74/6851: https://www.refurbed.de/p/acer-aspire-e15-e5576-i3-6006u/
2025-11-30 02:02:46,273 - INFO - Scraping 75/6851: https://www.refurbed.de/p/acer-aspire-e5-576g-i5-8250u/
2025-11-30 02:02:46,551 - ERROR - Error fetching https://www.refurbed.de/p/acer-aspire-e5-576g-i5-8250u/: 404 Client Error: Not Found for url: https://www.refurbed.de/p/acer-aspire-e5-576g-i5-8250u/
2025-11-30 02:02:47,553 - INFO - Scraping 76/6851: https://www.refurbed.de/p/acer-aspire-es-15-a8-7410/
2025-11-30 02:02:48,001 - ERROR - Error fetching https://www.refurbed.de/p/acer-aspire-es-15-a8-7410/: 404 Client Error: Not Found for url: https://www.refurbed.de/p/acer-aspire-es-15-a8-7410/
2025-11-30 02:02:49,003 - INFO - Scraping 77/6851: https://www.refurbed.de/p/acer-aspire-es-15-e1-7010/
2025-11-30 02:02:49,278 - ERROR - Error fetching https://www.refurbed.de/p/acer-aspire-es-15-e1-7010/: 404 Client Error: Not Found for url: https://www.refurbed.de/p/acer-aspire-es-15-e1-7010/
2025-11-30 02:02:50,280 - INFO - Scraping 78/6851: https://www.refurbed.de/p/acer-aspire-es1-a8-7410-15-6/
2025-11-30 02:02:50,554 - ERROR - Error fetching https://www.refurbed.de/p/acer-aspire-es1-a8-7410-15-6/: 404 Client Error: Not Found for url: https://www.refurbed.de/p/acer-aspire-es1-a8-7410-15-6/
2025-11-30 02:02:51,556 - INFO - Scraping 79/6851: https://www.refurbed.de/p/acer-aspire-es1-n3700-15-6/
2025-11-30 02:02:51,994 - ERROR - Error fetching https://www.refurbed.de/p/acer-aspire-es1-n3700-15-6/: 404 Client Error: Not Found for url: https://www.refurbed.de/p/acer-aspire-es1-n3700-15-6/
2025-11-30 02:02:52,996 - INFO - Scraping 80/6851: https://www.refurbed.de/p/acer-aspire-f15-f5-573g-7200u-15/
2025-11-30 02:02:53,434 - ERROR - Error fetching https://www.refurbed.de/p/acer-aspire-f15-f5-573g-7200u-15/: 404 Client Error: Not Found for url: https://www.refurbed.de/p/acer-aspire-f15-f5-573g-7200u-15/
2025-11-30 02:02:54,437 - INFO - Scraping 81/6851: https://www.refurbed.de/p/acer-aspire-tc-886/
2025-11-30 02:02:54,695 - ERROR - Error fetching https://www.refurbed.de/p/acer-aspire-tc-886/: 404 Client Error: Not Found for url: https://www.refurbed.de/p/acer-aspire-tc-886/
2025-11-30 02:02:55,697 - INFO - Scraping 82/6851: https://www.refurbed.de/p/acer-aspire-tc-895/
2025-11-30 02:02:55,993 - ERROR - Error fetching https://www.refurbed.de/p/acer-aspire-tc-895/: 404 Client Error: Not Found for url: https://www.refurbed.de/p/acer-aspire-tc-895/
2025-11-30 02:02:56,995 - INFO - Scraping 83/6851: https://www.refurbed.de/p/acer-aspire-v15-nitro-13620h/
2025-11-30 02:02:58,612 - INFO - Scraping 84/6851: https://www.refurbed.de/p/acer-aspire-v15-nitro-6200u-15-6/
2025-11-30 02:02:58,907 - ERROR - Error fetching https://www.refurbed.de/p/acer-aspire-v15-nitro-6200u-15-6/: 404 Client Error: Not Found for url: https://www.refurbed.de/p/acer-aspire-v15-nitro-6200u-15-6/
2025-11-30 02:02:59,910 - INFO - Scraping 85/6851: https://www.refurbed.de/p/acer-aspire-v17-nitro-6700hq-17/
2025-11-30 02:03:00,346 - ERROR - Error fetching https://www.refurbed.de/p/acer-aspire-v17-nitro-6700hq-17/: 404 Client Error: Not Found for url: https://www.refurbed.de/p/acer-aspire-v17-nitro-6700hq-17/
2025-11-30 02:03:01,348 - INFO - Scraping 86/6851: https://www.refurbed.de/p/acer-aspire-v5-591g-6300hq-15-6/
2025-11-30 02:03:01,714 - ERROR - Error fetching https://www.refurbed.de/p/acer-aspire-v5-591g-6300hq-15-6/: 404 Client Error: Not Found for url: https://www.refurbed.de/p/acer-aspire-v5-591g-6300hq-15-6/
2025-11-30 02:03:02,716 - INFO - Scraping 87/6851: https://www.refurbed.de/p/acer-aspire-vero-av14-51-1235u/
2025-11-30 02:03:04,375 - INFO - Scraping 88/6851: https://www.refurbed.de/p/acer-aspire-vero-av14-52p-1335u/
2025-11-30 02:03:05,887 - INFO - Scraping 89/6851: https://www.refurbed.de/p/acer-aspire-vero-av15-51-1155g7/
2025-11-30 02:03:07,316 - INFO - Scraping 90/6851: https://www.refurbed.de/p/acer-aspire-vero-av15-51-1195g7/
2025-11-30 02:03:08,783 - INFO - Scraping 91/6851: https://www.refurbed.de/p/acer-aspire-vero-av15-52-1235u/
2025-11-30 02:03:10,217 - INFO - Scraping 92/6851: https://www.refurbed.de/p/acer-aspire-vero-av15-53p-1335u/
2025-11-30 02:03:11,852 - INFO - Scraping 93/6851: https://www.refurbed.de/p/acer-aspire-xc-605/
2025-11-30 02:03:12,289 - ERROR - Error fetching https://www.refurbed.de/p/acer-aspire-xc-605/: 404 Client Error: Not Found for url: https://www.refurbed.de/p/acer-aspire-xc-605/
2025-11-30 02:03:13,291 - INFO - Scraping 94/6851: https://www.refurbed.de/p/acer-b223w-22/
2025-11-30 02:03:14,860 - INFO - Scraping 95/6851: https://www.refurbed.de/p/acer-b223wl/
2025-11-30 02:03:16,432 - INFO - Scraping 96/6851: https://www.refurbed.de/p/acer-b243hl-24/
2025-11-30 02:03:17,940 - INFO - Scraping 97/6851: https://www.refurbed.de/p/acer-b246hl-24/
2025-11-30 02:03:19,658 - INFO - Scraping 98/6851: https://www.refurbed.de/p/acer-b246hyl-23-8/
2025-11-30 02:03:21,320 - INFO - Scraping 99/6851: https://www.refurbed.de/p/acer-b246wl-24/
2025-11-30 02:03:22,713 - INFO - Scraping 100/6851: https://www.refurbed.de/p/acer-b246wlymdprx-24/
2025-11-30 02:03:24,218 - INFO - Scraping 101/6851: https://www.refurbed.de/p/acer-b247wbmiprzx/
2025-11-30 02:03:25,833 - INFO - Scraping 102/6851: https://www.refurbed.de/p/acer-b247ybmiprzx/
2025-11-30 02:03:27,255 - INFO - Scraping 103/6851: https://www.refurbed.de/p/acer-b273h-27/
2025-11-30 02:03:28,871 - INFO - Scraping 104/6851: https://www.refurbed.de/p/acer-b276hl-27/
2025-11-30 02:03:30,293 - INFO - Scraping 105/6851: https://www.refurbed.de/p/acer-be24eqsk-23/
2025-11-30 02:03:31,728 - INFO - Scraping 106/6851: https://www.refurbed.de/p/acer-be270u/
2025-11-30 02:03:33,321 - INFO - Scraping 107/6851: https://www.refurbed.de/p/acer-business-b3-b243hlloymdr/
2025-11-30 02:03:34,744 - INFO - Scraping 108/6851: https://www.refurbed.de/p/acer-business-b6-b226wlwmdpr/
2025-11-30 02:03:36,282 - INFO - Scraping 109/6851: https://www.refurbed.de/p/acer-business-b6-b226wlymdr/
2025-11-30 02:03:37,980 - INFO - Scraping 110/6851: https://www.refurbed.de/p/acer-business-b6-b246hlymdr/
2025-11-30 02:03:39,522 - INFO - Scraping 111/6851: https://www.refurbed.de/p/acer-business-b6-b246hylbwmipr/
2025-11-30 02:03:41,062 - INFO - Scraping 112/6851: https://www.refurbed.de/p/acer-business-b6-b276hul-27/
2025-11-30 02:03:42,569 - INFO - Scraping 113/6851: https://www.refurbed.de/p/acer-business-vero-b7-b247yd/
2025-11-30 02:03:44,009 - INFO - Scraping 114/6851: https://www.refurbed.de/p/acer-business-vero-b7-b277u/
2025-11-30 02:03:45,417 - INFO - Scraping 115/6851: https://www.refurbed.de/p/acer-cb-14-cb3-431-n3060-14/
2025-11-30 02:03:46,856 - INFO - Scraping 116/6851: https://www.refurbed.de/p/acer-cb-14-cb3-431-n3160-14/
2025-11-30 02:03:48,247 - INFO - Scraping 117/6851: https://www.refurbed.de/p/acer-cb-15-n3160-15-6/
2025-11-30 02:03:49,883 - INFO - Scraping 118/6851: https://www.refurbed.de/p/acer-cb-514-cb514-1ht-n3350-14/
2025-11-30 02:03:51,510 - INFO - Scraping 119/6851: https://www.refurbed.de/p/acer-cb-514-cb514-1ht-n4200-14/
2025-11-30 02:03:53,131 - INFO - Scraping 120/6851: https://www.refurbed.de/p/acer-cb-514-cb514-1w-1115g4-14/
2025-11-30 02:03:54,748 - INFO - Scraping 121/6851: https://www.refurbed.de/p/acer-cb-514-cb514-1w-1135g7-14/
2025-11-30 02:03:56,524 - INFO - Scraping 122/6851: https://www.refurbed.de/p/acer-cb-514-cb514-2ht-mt8192-14/
2025-11-30 02:03:58,163 - INFO - Scraping 123/6851: https://www.refurbed.de/p/acer-cb-515-cb515-2ht-39n3-i3/
2025-11-30 02:03:59,782 - INFO - Scraping 124/6851: https://www.refurbed.de/p/acer-cb-516-ge-cbg516-1h-1240p/
2025-11-30 02:04:01,300 - INFO - Scraping 125/6851: https://www.refurbed.de/p/acer-cb-c738t-c27b-n3160-11-6/
2025-11-30 02:04:02,896 - INFO - Scraping 126/6851: https://www.refurbed.de/p/acer-cb-spin-13-i3-8130u/
2025-11-30 02:04:04,514 - INFO - Scraping 127/6851: https://www.refurbed.de/p/acer-cb-spin-13-i5-1135g7/
2025-11-30 02:04:06,124 - INFO - Scraping 128/6851: https://www.refurbed.de/p/acer-cb-spin-13-i5-8250u/
2025-11-30 02:04:07,748 - INFO - Scraping 129/6851: https://www.refurbed.de/p/acer-cb-spin-13-i5-8350u/
2025-11-30 02:04:09,151 - INFO - Scraping 130/6851: https://www.refurbed.de/p/acer-cb-spin-13-i7-8650u/
2025-11-30 02:04:10,780 - INFO - Scraping 131/6851: https://www.refurbed.de/p/acer-cb-spin-13-pent-gold-4415u/
2025-11-30 02:04:12,409 - INFO - Scraping 132/6851: https://www.refurbed.de/p/acer-cb-spin-311-cp311-3h-mt8183/
2025-11-30 02:04:14,007 - INFO - Scraping 133/6851: https://www.refurbed.de/p/acer-cb-spin-314-cp314-1hn-n4500/
2025-11-30 02:04:15,640 - INFO - Scraping 134/6851: https://www.refurbed.de/p/acer-cb-spin-314-cp314-1hn-n5100/
2025-11-30 02:04:17,086 - INFO - Scraping 135/6851: https://www.refurbed.de/p/acer-cb-spin-513-cp513-1h-7c/
2025-11-30 02:04:18,516 - INFO - Scraping 136/6851: https://www.refurbed.de/p/acer-cb-spin-513-cp513-1hl-s00a/
2025-11-30 02:04:20,126 - INFO - Scraping 137/6851: https://www.refurbed.de/p/acer-cb-spin-513-r841lt-7c-13/
2025-11-30 02:04:21,627 - INFO - Scraping 138/6851: https://www.refurbed.de/p/acer-cb-spin-514-3050c-14/
2025-11-30 02:04:23,146 - INFO - Scraping 139/6851: https://www.refurbed.de/p/acer-cb-spin-514-cp514-3hh-5625c/
2025-11-30 02:04:24,802 - INFO - Scraping 140/6851: https://www.refurbed.de/p/acer-cb-spin-514-ryzen-5-3500c/
2025-11-30 02:04:26,272 - INFO - Scraping 141/6851: https://www.refurbed.de/p/acer-cb1-cb241hybmdpr/
2025-11-30 02:04:27,946 - INFO - Scraping 142/6851: https://www.refurbed.de/p/acer-cb1-cb241hybmdprz/
2025-11-30 02:04:29,384 - INFO - Scraping 143/6851: https://www.refurbed.de/p/acer-cb241h-24/
2025-11-30 02:04:31,016 - INFO - Scraping 144/6851: https://www.refurbed.de/p/acer-cb241hy-28/
2025-11-30 02:04:32,466 - INFO - Scraping 145/6851: https://www.refurbed.de/p/acer-cb315-3h-c2af-n4020-15-6/
2025-11-30 02:04:33,895 - INFO - Scraping 146/6851: https://www.refurbed.de/p/acer-cb315-3ht-c47q-n4100/
2025-11-30 02:04:35,521 - INFO - Scraping 147/6851: https://www.refurbed.de/p/acer-cb315-3ht-c8ag-n4120-15-6/
2025-11-30 02:04:37,106 - INFO - Scraping 148/6851: https://www.refurbed.de/p/acer-cb315-3ht-n4000-15-6/
2025-11-30 02:04:38,595 - INFO - Scraping 149/6851: https://www.refurbed.de/p/acer-cb315-3ht-n4120-15-6/
2025-11-30 02:04:39,996 - INFO - Scraping 150/6851: https://www.refurbed.de/p/acer-cb315-3ht-p297-n5000-15-6/
2025-11-30 02:04:41,601 - INFO - Scraping 151/6851: https://www.refurbed.de/p/acer-cb317-1h-n5100-17-3/
2025-11-30 02:04:43,098 - INFO - Scraping 152/6851: https://www.refurbed.de/p/acer-cb317-1h-n6000-17-3/
2025-11-30 02:04:44,661 - INFO - Scraping 153/6851: https://www.refurbed.de/p/acer-cb317-1ht-n6000-17-3/
2025-11-30 02:04:46,092 - INFO - Scraping 154/6851: https://www.refurbed.de/p/acer-chrome-combo-set-aak970/
2025-11-30 02:04:47,563 - INFO - Scraping 155/6851: https://www.refurbed.de/p/acer-chromebase-ca24i2-23-8/
2025-11-30 02:04:48,972 - INFO - Scraping 156/6851: https://www.refurbed.de/p/acer-chromebook-11-c732lt-n3450/
2025-11-30 02:04:50,615 - INFO - Scraping 157/6851: https://www.refurbed.de/p/acer-chromebook-11-n7-c731-n3060/
2025-11-30 02:04:52,221 - INFO - Scraping 158/6851: https://www.refurbed.de/p/acer-chromebook-15-n4120/
2025-11-30 02:04:53,652 - INFO - Scraping 159/6851: https://www.refurbed.de/p/acer-chromebook-15-n5030/
2025-11-30 02:04:55,052 - INFO - Scraping 160/6851: https://www.refurbed.de/p/acer-chromebook-314-n4020/
2025-11-30 02:04:56,495 - INFO - Scraping 161/6851: https://www.refurbed.de/p/acer-chromebook-314-n4100-14/
2025-11-30 02:04:57,953 - INFO - Scraping 162/6851: https://www.refurbed.de/p/acer-chromebook-314-n4120/
2025-11-30 02:04:59,538 - INFO - Scraping 163/6851: https://www.refurbed.de/p/acer-chromebook-314-n5030/
2025-11-30 02:05:01,038 - INFO - Scraping 164/6851: https://www.refurbed.de/p/acer-chromebook-314-n6000-14/
2025-11-30 02:05:02,459 - INFO - Scraping 165/6851: https://www.refurbed.de/p/acer-chromebook-315-n5030/
2025-11-30 02:05:03,912 - INFO - Scraping 166/6851: https://www.refurbed.de/p/acer-chromebook-511-n4120-11-6/
2025-11-30 02:05:05,330 - INFO - Scraping 167/6851: https://www.refurbed.de/p/acer-chromebook-514-1115g4/
2025-11-30 02:05:06,916 - INFO - Scraping 168/6851: https://www.refurbed.de/p/acer-chromebook-514-n4200/
2025-11-30 02:05:08,353 - INFO - Scraping 169/6851: https://www.refurbed.de/p/acer-chromebook-514-pentium7505/
2025-11-30 02:05:09,865 - INFO - Scraping 170/6851: https://www.refurbed.de/p/acer-chromebook-515-1115g4-15-6/
2025-11-30 02:05:11,411 - INFO - Scraping 171/6851: https://www.refurbed.de/p/acer-chromebook-515-i5-1135g7-15/
2025-11-30 02:05:12,928 - INFO - Scraping 172/6851: https://www.refurbed.de/p/acer-chromebook-713-i3-10110u-13/
2025-11-30 02:05:14,942 - INFO - Scraping 173/6851: https://www.refurbed.de/p/acer-chromebook-713-i3-1115g4/
2025-11-30 02:05:16,384 - INFO - Scraping 174/6851: https://www.refurbed.de/p/acer-chromebook-713-i5-10210u-13/
2025-11-30 02:05:17,793 - INFO - Scraping 175/6851: https://www.refurbed.de/p/acer-chromebook-713-i5-1135g7/
2025-11-30 02:05:19,240 - INFO - Scraping 176/6851: https://www.refurbed.de/p/acer-chromebook-713-i5-8250u/
2025-11-30 02:05:20,688 - INFO - Scraping 177/6851: https://www.refurbed.de/p/acer-chromebook-713-i7-10510u/
2025-11-30 02:05:22,136 - INFO - Scraping 178/6851: https://www.refurbed.de/p/acer-chromebook-713-i7-1165g7/
2025-11-30 02:05:23,659 - INFO - Scraping 179/6851: https://www.refurbed.de/p/acer-chromebook-714-4417u/
2025-11-30 02:05:25,090 - INFO - Scraping 180/6851: https://www.refurbed.de/p/acer-chromebook-714-i3-8130u/
2025-11-30 02:05:26,514 - INFO - Scraping 181/6851: https://www.refurbed.de/p/acer-chromebook-714-i5-1235u/
2025-11-30 02:05:27,948 - INFO - Scraping 182/6851: https://www.refurbed.de/p/acer-chromebook-714-i5-1335u/
2025-11-30 02:05:29,539 - INFO - Scraping 183/6851: https://www.refurbed.de/p/acer-chromebook-714-i5-8250u/
2025-11-30 02:05:31,163 - INFO - Scraping 184/6851: https://www.refurbed.de/p/acer-chromebook-715-8250u/
2025-11-30 02:05:32,777 - INFO - Scraping 185/6851: https://www.refurbed.de/p/acer-chromebook-715-i3-8130u/
2025-11-30 02:05:34,248 - INFO - Scraping 186/6851: https://www.refurbed.de/p/acer-chromebook-715-i5-8350u/
2025-11-30 02:05:35,812 - INFO - Scraping 187/6851: https://www.refurbed.de/p/acer-chromebook-c720-2955u/
2025-11-30 02:05:36,250 - ERROR - Error fetching https://www.refurbed.de/p/acer-chromebook-c720-2955u/: 404 Client Error: Not Found for url: https://www.refurbed.de/p/acer-chromebook-c720-2955u/
2025-11-30 02:05:37,252 - INFO - Scraping 188/6851: https://www.refurbed.de/p/acer-chromebook-cb514-1wt-57ym/
2025-11-30 02:05:38,877 - INFO - Scraping 189/6851: https://www.refurbed.de/p/acer-chromebook-cb514-n4200/
2025-11-30 02:05:40,485 - INFO - Scraping 190/6851: https://www.refurbed.de/p/acer-chromebook-plus-514-i3-n305/
2025-11-30 02:05:41,910 - INFO - Scraping 191/6851: https://www.refurbed.de/p/acer-chromebook-r13-mt8173c/
2025-11-30 02:05:43,342 - INFO - Scraping 192/6851: https://www.refurbed.de/p/acer-chromebook-spin-11-n3350/
2025-11-30 02:05:44,788 - INFO - Scraping 193/6851: https://www.refurbed.de/p/acer-chromebook-spin-11-n3450/
2025-11-30 02:05:46,375 - INFO - Scraping 194/6851: https://www.refurbed.de/p/acer-chromebook-spin-15-n4200/
2025-11-30 02:05:48,003 - INFO - Scraping 195/6851: https://www.refurbed.de/p/acer-chromebook-spin-714-1260p/
2025-11-30 02:05:49,611 - INFO - Scraping 196/6851: https://www.refurbed.de/p/acer-chromebook-vero-514-1215u/
2025-11-30 02:05:51,219 - INFO - Scraping 197/6851: https://www.refurbed.de/p/acer-chromebook-vero-514-1235u/
2025-11-30 02:05:52,873 - INFO - Scraping 198/6851: https://www.refurbed.de/p/acer-chromebook-vero-514-1255u/
2025-11-30 02:05:54,487 - INFO - Scraping 199/6851: https://www.refurbed.de/p/acer-chromebox-cxi3/
2025-11-30 02:05:56,157 - INFO - Scraping 200/6851: https://www.refurbed.de/p/acer-chromebox-cxi4/
2025-11-30 02:05:57,784 - INFO - Scraping 201/6851: https://www.refurbed.de/p/acer-combo-100-gp-acc11/
2025-11-30 02:05:59,380 - INFO - Scraping 202/6851: https://www.refurbed.de/p/acer-concept-3-pro-10750h/
2025-11-30 02:06:00,813 - INFO - Scraping 203/6851: https://www.refurbed.de/p/acer-conceptd-3-cc314-73g-11800h/
2025-11-30 02:06:02,301 - INFO - Scraping 204/6851: https://www.refurbed.de/p/acer-conceptd-3-pro-cn314-73p/
2025-11-30 02:06:04,045 - INFO - Scraping 205/6851: https://www.refurbed.de/p/acer-conceptd-3-pro-cn315-10750h/
2025-11-30 02:06:05,542 - INFO - Scraping 206/6851: https://www.refurbed.de/p/acer-conceptd-3-pro-cn316-73p-i7/
2025-11-30 02:06:06,946 - INFO - Scraping 207/6851: https://www.refurbed.de/p/acer-conceptd-5-pro-cn516-72p-i7/
2025-11-30 02:06:08,396 - INFO - Scraping 208/6851: https://www.refurbed.de/p/acer-conceptd-7-cn715-71-9750h/
2025-11-30 02:06:10,056 - INFO - Scraping 209/6851: https://www.refurbed.de/p/acer-conceptd-combo-set/
2025-11-30 02:06:11,499 - INFO - Scraping 210/6851: https://www.refurbed.de/p/acer-conceptd-ezel-7-xeon-w10885/
2025-11-30 02:06:12,920 - INFO - Scraping 211/6851: https://www.refurbed.de/p/acer-conceptd-ezel-pro-10875h/
2025-11-30 02:06:14,369 - INFO - Scraping 212/6851: https://www.refurbed.de/p/acer-conceptd-ezel-pro-w-10885m/
2025-11-30 02:06:16,000 - INFO - Scraping 213/6851: https://www.refurbed.de/p/acer-connect-m5-5g/
2025-11-30 02:06:17,425 - INFO - Scraping 214/6851: https://www.refurbed.de/p/acer-ed0-ed270upbiipx/
2025-11-30 02:06:19,012 - INFO - Scraping 215/6851: https://www.refurbed.de/p/acer-ed6-ed246ybix/
2025-11-30 02:06:20,453 - INFO - Scraping 216/6851: https://www.refurbed.de/p/acer-enduro-connect-m3-5g/
2025-11-30 02:06:22,121 - INFO - Scraping 217/6851: https://www.refurbed.de/p/acer-extensa-15-ex215-51-10210u/
2025-11-30 02:06:23,672 - INFO - Scraping 218/6851: https://www.refurbed.de/p/acer-extensa-15-ex215-54-1135g7/
2025-11-30 02:06:25,374 - INFO - Scraping 219/6851: https://www.refurbed.de/p/acer-gen1-usb-type-c-dock/
2025-11-30 02:06:27,014 - INFO - Scraping 220/6851: https://www.refurbed.de/p/acer-h6518sti/
2025-11-30 02:06:28,431 - INFO - Scraping 221/6851: https://www.refurbed.de/p/acer-h6800bda/
2025-11-30 02:06:29,870 - INFO - Scraping 222/6851: https://www.refurbed.de/p/acer-halo-smart/
2025-11-30 02:06:31,385 - INFO - Scraping 223/6851: https://www.refurbed.de/p/acer-iconia-b1-711/
2025-11-30 02:06:32,803 - INFO - Scraping 224/6851: https://www.refurbed.de/p/acer-iconia-one-10/
2025-11-30 02:06:34,278 - INFO - Scraping 225/6851: https://www.refurbed.de/p/acer-iconia-tab-p10/
2025-11-30 02:06:35,877 - INFO - Scraping 226/6851: https://www.refurbed.de/p/acer-ka0-ka270habid/
2025-11-30 02:06:37,699 - INFO - Scraping 227/6851: https://www.refurbed.de/p/acer-ka1-ka221qbid-21-5/
2025-11-30 02:06:39,407 - INFO - Scraping 228/6851: https://www.refurbed.de/p/acer-ka2-ka242yebi-23-8/
2025-11-30 02:06:40,816 - INFO - Scraping 229/6851: https://www.refurbed.de/p/acer-ka2-ka272bi-27/
2025-11-30 02:06:42,238 - INFO - Scraping 230/6851: https://www.refurbed.de/p/acer-ka220hqbid-21-5/
2025-11-30 02:06:43,943 - INFO - Scraping 231/6851: https://www.refurbed.de/p/acer-kg1-kg241ysbiip-23-8/
2025-11-30 02:06:45,505 - INFO - Scraping 232/6851: https://www.refurbed.de/p/acer-liquid-z4/
2025-11-30 02:06:47,107 - INFO - Scraping 233/6851: https://www.refurbed.de/p/acer-liquid-z410/
2025-11-30 02:06:48,642 - INFO - Scraping 234/6851: https://www.refurbed.de/p/acer-nitro-16-r-9-8945hs-16/
2025-11-30 02:06:50,147 - INFO - Scraping 235/6851: https://www.refurbed.de/p/acer-nitro-17-an17-51-i7-13700h/
2025-11-30 02:06:51,794 - INFO - Scraping 236/6851: https://www.refurbed.de/p/acer-nitro-5-an515-44-r7-4800h/
2025-11-30 02:06:53,447 - INFO - Scraping 237/6851: https://www.refurbed.de/p/acer-nitro-5-an515-45-r5-5600h/
2025-11-30 02:06:55,040 - INFO - Scraping 238/6851: https://www.refurbed.de/p/acer-nitro-5-an515-45-r7-5800hx/
2025-11-30 02:06:56,647 - INFO - Scraping 239/6851: https://www.refurbed.de/p/acer-nitro-5-an515-45-r9-5900hx/
2025-11-30 02:06:58,187 - INFO - Scraping 240/6851: https://www.refurbed.de/p/acer-nitro-5-an515-46-r7-6800h/
2025-11-30 02:06:59,914 - INFO - Scraping 241/6851: https://www.refurbed.de/p/acer-nitro-5-an515-46-r9-6900hx/
2025-11-30 02:07:01,366 - INFO - Scraping 242/6851: https://www.refurbed.de/p/acer-nitro-5-an515-54-9300h-15/
2025-11-30 02:07:02,825 - INFO - Scraping 243/6851: https://www.refurbed.de/p/acer-nitro-5-an515-54-9750h-15/
2025-11-30 02:07:04,326 - INFO - Scraping 244/6851: https://www.refurbed.de/p/acer-nitro-5-an515-57-i7-11800h/
2025-11-30 02:07:05,847 - INFO - Scraping 245/6851: https://www.refurbed.de/p/acer-nitro-5-an515-58-70s9-i7/
2025-11-30 02:07:07,522 - INFO - Scraping 246/6851: https://www.refurbed.de/p/acer-nitro-5-an515-58-i7-12700h/
2025-11-30 02:07:08,976 - INFO - Scraping 247/6851: https://www.refurbed.de/p/acer-nitro-5-an517-41-r5-5600h/
2025-11-30 02:07:10,601 - INFO - Scraping 248/6851: https://www.refurbed.de/p/acer-nitro-5-an517-41-r7-5800h/
2025-11-30 02:07:12,137 - INFO - Scraping 249/6851: https://www.refurbed.de/p/acer-nitro-5-an517-41-r80q-15-6/
2025-11-30 02:07:13,731 - INFO - Scraping 250/6851: https://www.refurbed.de/p/acer-nitro-5-an517-41-r9-5900hx/
2025-11-30 02:07:15,272 - INFO - Scraping 251/6851: https://www.refurbed.de/p/acer-nitro-5-an517-42-r7-6800h/
2025-11-30 02:07:16,961 - INFO - Scraping 252/6851: https://www.refurbed.de/p/acer-nitro-5-an517-42-r9-6900hx/
2025-11-30 02:07:18,446 - INFO - Scraping 253/6851: https://www.refurbed.de/p/acer-nitro-5-an517-52-10300h/
2025-11-30 02:07:19,894 - INFO - Scraping 254/6851: https://www.refurbed.de/p/acer-nitro-5-an517-52-78c3-10750/
2025-11-30 02:07:21,551 - INFO - Scraping 255/6851: https://www.refurbed.de/p/acer-nitro-5-an517-55-728m-i7/
2025-11-30 02:07:23,216 - INFO - Scraping 256/6851: https://www.refurbed.de/p/acer-nitro-5-an517-55-72u5-i7/
2025-11-30 02:07:24,642 - INFO - Scraping 257/6851: https://www.refurbed.de/p/acer-nitro-5-an517-55-72u5/
2025-11-30 02:07:26,138 - INFO - Scraping 258/6851: https://www.refurbed.de/p/acer-nitro-5-an517-55-7656/
2025-11-30 02:07:27,732 - INFO - Scraping 259/6851: https://www.refurbed.de/p/acer-nitro-5-an517-55-78-12700h/
2025-11-30 02:07:29,415 - INFO - Scraping 260/6851: https://www.refurbed.de/p/acer-nitro-5-i5-10300h/
2025-11-30 02:07:30,863 - INFO - Scraping 261/6851: https://www.refurbed.de/p/acer-nitro-5-n517-54-11400h-17-3/
2025-11-30 02:07:32,468 - INFO - Scraping 262/6851: https://www.refurbed.de/p/acer-nitro-5-n517-54-11800h-17-3/
2025-11-30 02:07:34,225 - INFO - Scraping 263/6851: https://www.refurbed.de/p/acer-nitro-5-n517-54-70dk-11800h/
2025-11-30 02:07:35,652 - INFO - Scraping 264/6851: https://www.refurbed.de/p/acer-nitro-5-n517-54-79f6-11800h/
2025-11-30 02:07:37,104 - INFO - Scraping 265/6851: https://www.refurbed.de/p/acer-nitro-headset/
2025-11-30 02:07:38,551 - INFO - Scraping 266/6851: https://www.refurbed.de/p/acer-nitro-qg1-qg241ybii-23-8/
2025-11-30 02:07:39,977 - INFO - Scraping 267/6851: https://www.refurbed.de/p/acer-nitro-radeon-rx-7800xtoc16g/
2025-11-30 02:07:41,643 - INFO - Scraping 268/6851: https://www.refurbed.de/p/acer-nitro-tkl-gaming/
2025-11-30 02:07:43,341 - INFO - Scraping 269/6851: https://www.refurbed.de/p/acer-nitro-v15-anv-13900h15-51/
2025-11-30 02:07:45,734 - INFO - Scraping 270/6851: https://www.refurbed.de/p/acer-nitro-vg0-vg270upbmiipx/
2025-11-30 02:07:47,583 - INFO - Scraping 271/6851: https://www.refurbed.de/p/acer-nitro-xv2-xv242ypbmiipr/
2025-11-30 02:07:49,222 - INFO - Scraping 272/6851: https://www.refurbed.de/p/acer-nitro-xv2-xv252qfbmiiprx/
2025-11-30 02:07:50,717 - INFO - Scraping 273/6851: https://www.refurbed.de/p/acer-notebook-stand-5-in-1-dock/
2025-11-30 02:07:52,139 - INFO - Scraping 274/6851: https://www.refurbed.de/p/acer-ov-t690-headset/
2025-11-30 02:07:53,571 - INFO - Scraping 275/6851: https://www.refurbed.de/p/acer-p-h-neo-16-phn16-71-13700hx/
2025-11-30 02:07:54,993 - INFO - Scraping 276/6851: https://www.refurbed.de/p/acer-pd123p/
2025-11-30 02:07:56,423 - INFO - Scraping 277/6851: https://www.refurbed.de/p/acer-pre-tr-500-pt516-51s-11800h/
2025-11-30 02:07:57,815 - INFO - Scraping 278/6851: https://www.refurbed.de/p/acer-pre-tr-500-pt516-51s-11900h/
2025-11-30 02:07:59,246 - INFO - Scraping 279/6851: https://www.refurbed.de/p/acer-pre-tr-500-pt516-52s-12700h/
2025-11-30 02:08:00,799 - INFO - Scraping 280/6851: https://www.refurbed.de/p/acer-pre-tr-500-pt516-52s-12900h/
2025-11-30 02:08:02,442 - INFO - Scraping 281/6851: https://www.refurbed.de/p/acer-pre-tri-17x-ptx1771-13900hx/
2025-11-30 02:08:03,881 - INFO - Scraping 282/6851: https://www.refurbed.de/p/acer-pre-tri-500-pt515-52-10750h/
2025-11-30 02:08:05,292 - INFO - Scraping 283/6851: https://www.refurbed.de/p/acer-pred-helio-300-ph315-10750h/
2025-11-30 02:08:06,779 - INFO - Scraping 284/6851: https://www.refurbed.de/p/acer-pred-helio-300-ph315-11800h/
2025-11-30 02:08:08,168 - INFO - Scraping 285/6851: https://www.refurbed.de/p/acer-pred-helio-300-ph315-12700h/
2025-11-30 02:08:09,731 - INFO - Scraping 286/6851: https://www.refurbed.de/p/acer-pred-helios-16-ph16-71-i7/
2025-11-30 02:08:11,161 - INFO - Scraping 287/6851: https://www.refurbed.de/p/acer-pred-helios-16-ph16-71-i9/
2025-11-30 02:08:12,817 - INFO - Scraping 288/6851: https://www.refurbed.de/p/acer-pred-helios-18-ph18-71-i7/
2025-11-30 02:08:14,216 - INFO - Scraping 289/6851: https://www.refurbed.de/p/acer-pred-helios-18-ph18-71-i9/
2025-11-30 02:08:15,647 - INFO - Scraping 290/6851: https://www.refurbed.de/p/acer-pred-helios-300-p-12700h/
2025-11-30 02:08:17,103 - INFO - Scraping 291/6851: https://www.refurbed.de/p/acer-pred-helios-300-ph317-11800/
2025-11-30 02:08:18,522 - INFO - Scraping 292/6851: https://www.refurbed.de/p/acer-pred-helios-300-ph317-9750h/
2025-11-30 02:08:19,966 - INFO - Scraping 293/6851: https://www.refurbed.de/p/acer-predator-aethon-300/
2025-11-30 02:08:21,459 - INFO - Scraping 294/6851: https://www.refurbed.de/p/acer-predator-aethon-500/
2025-11-30 02:08:22,998 - INFO - Scraping 295/6851: https://www.refurbed.de/p/acer-predator-cestus-350/
2025-11-30 02:08:24,420 - INFO - Scraping 296/6851: https://www.refurbed.de/p/acer-predator-connect-w6-axe7800/
2025-11-30 02:08:25,844 - INFO - Scraping 297/6851: https://www.refurbed.de/p/acer-predator-connect-x5-5g-cpe/
2025-11-30 02:08:27,260 - INFO - Scraping 298/6851: https://www.refurbed.de/p/acer-predator-g3-710/
2025-11-30 02:08:28,640 - INFO - Scraping 299/6851: https://www.refurbed.de/p/acer-predator-galea-311/
2025-11-30 02:08:30,094 - INFO - Scraping 300/6851: https://www.refurbed.de/p/acer-predator-helios-300-10870h/
2025-11-30 02:08:31,562 - INFO - Scraping 301/6851: https://www.refurbed.de/p/acer-predator-helios-300-7-8750h/
2025-11-30 02:08:33,008 - INFO - Scraping 302/6851: https://www.refurbed.de/p/acer-predator-helios-300-9300h/
2025-11-30 02:08:34,410 - INFO - Scraping 303/6851: https://www.refurbed.de/p/acer-predator-helios-500-11980hk/
2025-11-30 02:08:35,814 - INFO - Scraping 304/6851: https://www.refurbed.de/p/acer-predator-helios-500-8750h/
2025-11-30 02:08:37,287 - INFO - Scraping 305/6851: https://www.refurbed.de/p/acer-predator-orion-3000-po3-630/
2025-11-30 02:08:37,557 - ERROR - Error fetching https://www.refurbed.de/p/acer-predator-orion-3000-po3-630/: 404 Client Error: Not Found for url: https://www.refurbed.de/p/acer-predator-orion-3000-po3-630/
2025-11-30 02:08:38,559 - INFO - Scraping 306/6851: https://www.refurbed.de/p/acer-predator-orion-3000-po3-640/
2025-11-30 02:08:40,034 - INFO - Scraping 307/6851: https://www.refurbed.de/p/acer-predator-orion-5000-po5-640/
2025-11-30 02:08:41,431 - INFO - Scraping 308/6851: https://www.refurbed.de/p/acer-predator-x27-um-hx0ee-009/
2025-11-30 02:08:42,843 - INFO - Scraping 309/6851: https://www.refurbed.de/p/acer-predator-x28/
2025-11-30 02:08:44,445 - INFO - Scraping 310/6851: https://www.refurbed.de/p/acer-predator-xb3-xb253qg/
2025-11-30 02:08:45,848 - INFO - Scraping 311/6851: https://www.refurbed.de/p/acer-predator-xb3-xb273ukf/
2025-11-30 02:08:47,482 - INFO - Scraping 312/6851: https://www.refurbed.de/p/acer-spin-1-n5100/
2025-11-30 02:08:48,888 - INFO - Scraping 313/6851: https://www.refurbed.de/p/acer-spin-1-sp111-n5030-11-6/
2025-11-30 02:08:50,303 - INFO - Scraping 314/6851: https://www.refurbed.de/p/acer-spin-1-sp114-31n-n6000-14/
2025-11-30 02:08:51,733 - INFO - Scraping 315/6851: https://www.refurbed.de/p/acer-spin-3-sp313-51n-1135g7-13/
2025-11-30 02:08:53,309 - INFO - Scraping 316/6851: https://www.refurbed.de/p/acer-spin-3-sp313-51n-165g7-13-3/
2025-11-30 02:08:54,936 - INFO - Scraping 317/6851: https://www.refurbed.de/p/acer-spin-3-sp314-21-3250u/
2025-11-30 02:08:56,356 - INFO - Scraping 318/6851: https://www.refurbed.de/p/acer-spin-3-sp314-54n-1005g1-14/
2025-11-30 02:08:57,882 - INFO - Scraping 319/6851: https://www.refurbed.de/p/acer-spin-3-sp314-54n-1035g1-14/
2025-11-30 02:08:59,495 - INFO - Scraping 320/6851: https://www.refurbed.de/p/acer-spin-3-sp314-54n-1035g4-14/
2025-11-30 02:09:00,944 - INFO - Scraping 321/6851: https://www.refurbed.de/p/acer-spin-3-sp314-54n-1035g7-14/
2025-11-30 02:09:01,370 - ERROR - Error fetching https://www.refurbed.de/p/acer-spin-3-sp314-54n-1035g7-14/: 404 Client Error: Not Found for url: https://www.refurbed.de/p/acer-spin-3-sp314-54n-1035g7-14/
2025-11-30 02:09:02,372 - INFO - Scraping 322/6851: https://www.refurbed.de/p/acer-spin-5-sp513-52n-8250u-13-3/
2025-11-30 02:09:04,012 - INFO - Scraping 323/6851: https://www.refurbed.de/p/acer-spin-5-sp513-53n-8265u-13-3/
2025-11-30 02:09:05,526 - INFO - Scraping 324/6851: https://www.refurbed.de/p/acer-spin-5-sp513-54n-i7-1065g7/
2025-11-30 02:09:06,948 - INFO - Scraping 325/6851: https://www.refurbed.de/p/acer-spin-5-sp513-55n-i5-1135g7/
2025-11-30 02:09:08,366 - INFO - Scraping 326/6851: https://www.refurbed.de/p/acer-spin-5-sp513-55n-i7-1165g7/
2025-11-30 02:09:09,783 - INFO - Scraping 327/6851: https://www.refurbed.de/p/acer-spin-5-sp514-51n-1260p-14/
2025-11-30 02:09:11,432 - INFO - Scraping 328/6851: https://www.refurbed.de/p/acer-spin-7-5g-sp714-64na-8cx/
2025-11-30 02:09:12,891 - INFO - Scraping 329/6851: https://www.refurbed.de/p/acer-swift-1-sf114-33-p4rv-n5030/
2025-11-30 02:09:14,314 - INFO - Scraping 330/6851: https://www.refurbed.de/p/acer-swift-1-sf114-33-p5j8-n5030/
2025-11-30 02:09:15,744 - INFO - Scraping 331/6851: https://www.refurbed.de/p/acer-swift-1-sf114-33-p8z8-n5030/
2025-11-30 02:09:17,190 - INFO - Scraping 332/6851: https://www.refurbed.de/p/acer-swift-1-sf114-34-n4500-14/
2025-11-30 02:09:18,713 - INFO - Scraping 333/6851: https://www.refurbed.de/p/acer-swift-1-sf114-34-n5000-14/
2025-11-30 02:09:20,110 - INFO - Scraping 334/6851: https://www.refurbed.de/p/acer-swift-1-sf114-34-n6000-14/
2025-11-30 02:09:21,541 - INFO - Scraping 335/6851: https://www.refurbed.de/p/acer-swift-14-sf14-71t-13700h-14/
2025-11-30 02:09:22,967 - INFO - Scraping 336/6851: https://www.refurbed.de/p/acer-swift-3-sf313-52-1065g7/
2025-11-30 02:09:24,735 - INFO - Scraping 337/6851: https://www.refurbed.de/p/acer-swift-3-sf313-53-1135g7/
2025-11-30 02:09:26,184 - INFO - Scraping 338/6851: https://www.refurbed.de/p/acer-swift-3-sf313-53-1165g7/
2025-11-30 02:09:27,579 - INFO - Scraping 339/6851: https://www.refurbed.de/p/acer-swift-3-sf314-42-3-4300u-14/
2025-11-30 02:09:27,888 - ERROR - Error fetching https://www.refurbed.de/p/acer-swift-3-sf314-42-3-4300u-14/: 404 Client Error: Not Found for url: https://www.refurbed.de/p/acer-swift-3-sf314-42-3-4300u-14/
2025-11-30 02:09:28,890 - INFO - Scraping 340/6851: https://www.refurbed.de/p/acer-swift-3-sf314-42-5-4500u-14/
2025-11-30 02:09:30,318 - INFO - Scraping 341/6851: https://www.refurbed.de/p/acer-swift-3-sf314-42-7-4700u-14/
2025-11-30 02:09:31,912 - INFO - Scraping 342/6851: https://www.refurbed.de/p/acer-swift-3-sf314-43-3-5300u-14/
2025-11-30 02:09:33,291 - INFO - Scraping 343/6851: https://www.refurbed.de/p/acer-swift-3-sf314-43-5-500u-14/
2025-11-30 02:09:34,730 - INFO - Scraping 344/6851: https://www.refurbed.de/p/acer-swift-3-sf314-51-1135g7-14/
2025-11-30 02:09:36,156 - INFO - Scraping 345/6851: https://www.refurbed.de/p/acer-swift-3-sf314-51-1165g7-14/
2025-11-30 02:09:37,578 - INFO - Scraping 346/6851: https://www.refurbed.de/p/acer-swift-3-sf314-51-i3-1115g4/
2025-11-30 02:09:39,005 - INFO - Scraping 347/6851: https://www.refurbed.de/p/acer-swift-3-sf314-511-1115g4-14/
2025-11-30 02:09:40,402 - INFO - Scraping 348/6851: https://www.refurbed.de/p/acer-swift-3-sf314-511-1165g7-14/
2025-11-30 02:09:41,843 - INFO - Scraping 349/6851: https://www.refurbed.de/p/acer-swift-3-sf314-511-51vq-14/
2025-11-30 02:09:43,271 - INFO - Scraping 350/6851: https://www.refurbed.de/p/acer-swift-3-sf314-511-i5-1135g7/
2025-11-30 02:09:44,810 - INFO - Scraping 351/6851: https://www.refurbed.de/p/acer-swift-3-sf314-512-1240p-14/
2025-11-30 02:09:46,250 - INFO - Scraping 352/6851: https://www.refurbed.de/p/acer-swift-3-sf314-58g-i5-10210u/
2025-11-30 02:09:47,650 - INFO - Scraping 353/6851: https://www.refurbed.de/p/acer-swift-3-sf314-59-1135g7-14/
2025-11-30 02:09:49,094 - INFO - Scraping 354/6851: https://www.refurbed.de/p/acer-swift-3-sf314-71-i5-12450h/
2025-11-30 02:09:50,516 - INFO - Scraping 355/6851: https://www.refurbed.de/p/acer-swift-3-sf314-71-i5-12500h/
2025-11-30 02:09:51,932 - INFO - Scraping 356/6851: https://www.refurbed.de/p/acer-swift-3-sf314-71-i7-12700h/
2025-11-30 02:09:53,376 - INFO - Scraping 357/6851: https://www.refurbed.de/p/acer-swift-3-sf315-52-i5-8250u/
2025-11-30 02:09:54,829 - INFO - Scraping 358/6851: https://www.refurbed.de/p/acer-swift-3-sf316-51-11300h-16/
2025-11-30 02:09:56,267 - INFO - Scraping 359/6851: https://www.refurbed.de/p/acer-swift-3-sf316-51-11370h/
2025-11-30 02:09:57,785 - INFO - Scraping 360/6851: https://www.refurbed.de/p/acer-swift-3x-sf314-510g-1135g7/
2025-11-30 02:09:59,194 - INFO - Scraping 361/6851: https://www.refurbed.de/p/acer-swift-3x-sf314-510g-1165g7/
2025-11-30 02:10:00,627 - INFO - Scraping 362/6851: https://www.refurbed.de/p/acer-swift-5-sf514-54-1035g1-14/
2025-11-30 02:10:02,067 - INFO - Scraping 363/6851: https://www.refurbed.de/p/acer-swift-5-sf514-54gt-1065g7/
2025-11-30 02:10:03,841 - INFO - Scraping 364/6851: https://www.refurbed.de/p/acer-swift-5-sf514-55-1135g7/
2025-11-30 02:10:05,267 - INFO - Scraping 365/6851: https://www.refurbed.de/p/acer-swift-5-sf514-55-1165g7/
2025-11-30 02:10:06,719 - INFO - Scraping 366/6851: https://www.refurbed.de/p/acer-swift-5-sf514-56t-7173-i7/
2025-11-30 02:10:08,154 - INFO - Scraping 367/6851: https://www.refurbed.de/p/acer-swift-edge-sfa16-41-5600u/
2025-11-30 02:10:09,576 - INFO - Scraping 368/6851: https://www.refurbed.de/p/acer-swift-edge-sfa16-41-6600u/
2025-11-30 02:10:11,045 - INFO - Scraping 369/6851: https://www.refurbed.de/p/acer-swift-edge-sfa16-41-6850u/
2025-11-30 02:10:12,663 - INFO - Scraping 370/6851: https://www.refurbed.de/p/acer-swift-edge-sfa16-41-7-6800u/
2025-11-30 02:10:14,099 - INFO - Scraping 371/6851: https://www.refurbed.de/p/acer-swift-edge-sfe16-42-7-7735u/
2025-11-30 02:10:15,603 - INFO - Scraping 372/6851: https://www.refurbed.de/p/acer-swift-edge-sfe16-43-7-7840u/
2025-11-30 02:10:17,157 - INFO - Scraping 373/6851: https://www.refurbed.de/p/acer-swift-go-i7-13700h-14/
2025-11-30 02:10:18,614 - INFO - Scraping 374/6851: https://www.refurbed.de/p/acer-swift-go-sfg14-71-13500h-14/
2025-11-30 02:10:20,073 - INFO - Scraping 375/6851: https://www.refurbed.de/p/acer-swift-go-sfg16-71-13500h/
2025-11-30 02:10:21,492 - INFO - Scraping 376/6851: https://www.refurbed.de/p/acer-swift-go-sfg16-71-13700h/
2025-11-30 02:10:22,986 - INFO - Scraping 377/6851: https://www.refurbed.de/p/acer-swift-go-sfg16-71-i5-1335u/
2025-11-30 02:10:24,422 - INFO - Scraping 378/6851: https://www.refurbed.de/p/acer-swift-sf714-52t-76mr-8500y/
2025-11-30 02:10:25,912 - INFO - Scraping 379/6851: https://www.refurbed.de/p/acer-swift-sf714-52t-i7-8500y/
2025-11-30 02:10:27,310 - INFO - Scraping 380/6851: https://www.refurbed.de/p/acer-swift-x-sfx14-41g-5-5500u/
2025-11-30 02:10:28,751 - INFO - Scraping 381/6851: https://www.refurbed.de/p/acer-swift-x-sfx14-41g-5-5600u/
2025-11-30 02:10:30,177 - INFO - Scraping 382/6851: https://www.refurbed.de/p/acer-swift-x-sfx14-41g-7-5700u/
2025-11-30 02:10:31,658 - INFO - Scraping 383/6851: https://www.refurbed.de/p/acer-swift-x-sfx14-41g-7-5800u/
2025-11-30 02:10:33,123 - INFO - Scraping 384/6851: https://www.refurbed.de/p/acer-swift-x-sfx14-51g-i5-1240p/
2025-11-30 02:10:34,535 - INFO - Scraping 385/6851: https://www.refurbed.de/p/acer-swift-x-sfx14-71g-i5-13500h/
2025-11-30 02:10:36,068 - INFO - Scraping 386/6851: https://www.refurbed.de/p/acer-swift-x-sfx14-71g-i7-13700h/
2025-11-30 02:10:37,660 - INFO - Scraping 387/6851: https://www.refurbed.de/p/acer-swift-x-sfx16-52g-1260p-16/
2025-11-30 02:10:39,102 - INFO - Scraping 388/6851: https://www.refurbed.de/p/acer-swift-x-sfx16-61g-r7-7840hs/
2025-11-30 02:10:40,523 - INFO - Scraping 389/6851: https://www.refurbed.de/p/acer-swift-x-sfx16-61g-r9-7940hs/
2025-11-30 02:10:41,935 - INFO - Scraping 390/6851: https://www.refurbed.de/p/acer-swift-x-sfx16-i7-11390h/
2025-11-30 02:10:43,378 - INFO - Scraping 391/6851: https://www.refurbed.de/p/acer-switch-5-i3-7130u-12/
2025-11-30 02:10:43,634 - ERROR - Error fetching https://www.refurbed.de/p/acer-switch-5-i3-7130u-12/: 404 Client Error: Not Found for url: https://www.refurbed.de/p/acer-switch-5-i3-7130u-12/
2025-11-30 02:10:44,636 - INFO - Scraping 392/6851: https://www.refurbed.de/p/acer-switch-5-i5-7200u-12/
2025-11-30 02:10:44,891 - ERROR - Error fetching https://www.refurbed.de/p/acer-switch-5-i5-7200u-12/: 404 Client Error: Not Found for url: https://www.refurbed.de/p/acer-switch-5-i5-7200u-12/
2025-11-30 02:10:45,893 - INFO - Scraping 393/6851: https://www.refurbed.de/p/acer-switch-5-i7-7500u-12/
2025-11-30 02:10:46,167 - ERROR - Error fetching https://www.refurbed.de/p/acer-switch-5-i7-7500u-12/: 404 Client Error: Not Found for url: https://www.refurbed.de/p/acer-switch-5-i7-7500u-12/
2025-11-30 02:10:47,169 - INFO - Scraping 394/6851: https://www.refurbed.de/p/acer-switch-alpha-12-i3-6100u-12/
2025-11-30 02:10:47,427 - ERROR - Error fetching https://www.refurbed.de/p/acer-switch-alpha-12-i3-6100u-12/: 404 Client Error: Not Found for url: https://www.refurbed.de/p/acer-switch-alpha-12-i3-6100u-12/
2025-11-30 02:10:48,429 - INFO - Scraping 395/6851: https://www.refurbed.de/p/acer-t1-t231hbmidh/
2025-11-30 02:10:49,825 - INFO - Scraping 396/6851: https://www.refurbed.de/p/acer-tm-p2-tmp214-52-10110u-14/
2025-11-30 02:10:51,282 - INFO - Scraping 397/6851: https://www.refurbed.de/p/acer-tm-p2-tmp214-52-10210u-14/
2025-11-30 02:10:52,711 - INFO - Scraping 398/6851: https://www.refurbed.de/p/acer-tm-p2-tmp214-53-1115g4-14/
2025-11-30 02:10:54,148 - INFO - Scraping 399/6851: https://www.refurbed.de/p/acer-tm-p2-tmp214-53-1135g7-14/
2025-11-30 02:10:54,738 - ERROR - Error fetching https://www.refurbed.de/p/acer-tm-p2-tmp214-53-1135g7-14/: 404 Client Error: Not Found for url: https://www.refurbed.de/p/acer-tm-p2-tmp214-53-1135g7-14/
2025-11-30 02:10:55,740 - INFO - Scraping 400/6851: https://www.refurbed.de/p/acer-tm-p2-tmp215-53-1165g7/
2025-11-30 02:10:57,196 - INFO - Scraping 401/6851: https://www.refurbed.de/p/acer-tm-p2-tmx314-51-mg-514q/
2025-11-30 02:10:58,653 - INFO - Scraping 402/6851: https://www.refurbed.de/p/acer-tm-p4-spin-14-tmp414rn-53/
2025-11-30 02:11:00,128 - INFO - Scraping 403/6851: https://www.refurbed.de/p/acer-tm-p4-tmp414-51-1135g7-14/
2025-11-30 02:11:01,569 - INFO - Scraping 404/6851: https://www.refurbed.de/p/acer-tm-spin-p4-i7-1165g7/
2025-11-30 02:11:02,960 - INFO - Scraping 405/6851: https://www.refurbed.de/p/acer-tmp215-52-725d-10510u/
2025-11-30 02:11:04,390 - INFO - Scraping 406/6851: https://www.refurbed.de/p/acer-tmp215-53-78ar-i7-1165g7/
2025-11-30 02:11:05,815 - INFO - Scraping 407/6851: https://www.refurbed.de/p/acer-tmp215-53-i5-1135g7/
2025-11-30 02:11:07,383 - INFO - Scraping 408/6851: https://www.refurbed.de/p/acer-tmp215-54-i5-1235u/
2025-11-30 02:11:08,867 - INFO - Scraping 409/6851: https://www.refurbed.de/p/acer-tmp215-54-i7-1255u/
2025-11-30 02:11:10,314 - INFO - Scraping 410/6851: https://www.refurbed.de/p/acer-travel-b3-spin-11-tmb311rn/
2025-11-30 02:11:11,738 - INFO - Scraping 411/6851: https://www.refurbed.de/p/acer-usb-type-c-do-lc-dck11-001/
2025-11-30 02:11:13,152 - INFO - Scraping 412/6851: https://www.refurbed.de/p/acer-value-v3-v223w/
2025-11-30 02:11:14,734 - INFO - Scraping 413/6851: https://www.refurbed.de/p/acer-value-v3-v233hl/
2025-11-30 02:11:16,154 - INFO - Scraping 414/6851: https://www.refurbed.de/p/acer-value-v7-v247ybip/
2025-11-30 02:11:17,567 - INFO - Scraping 415/6851: https://www.refurbed.de/p/acer-veriton-m2610/
2025-11-30 02:11:17,824 - ERROR - Error fetching https://www.refurbed.de/p/acer-veriton-m2610/: 404 Client Error: Not Found for url: https://www.refurbed.de/p/acer-veriton-m2610/
2025-11-30 02:11:18,826 - INFO - Scraping 416/6851: https://www.refurbed.de/p/acer-veriton-m4630g/
2025-11-30 02:11:19,145 - ERROR - Error fetching https://www.refurbed.de/p/acer-veriton-m4630g/: 404 Client Error: Not Found for url: https://www.refurbed.de/p/acer-veriton-m4630g/
2025-11-30 02:11:20,147 - INFO - Scraping 417/6851: https://www.refurbed.de/p/acer-veriton-m4640g/
2025-11-30 02:11:20,601 - ERROR - Error fetching https://www.refurbed.de/p/acer-veriton-m4640g/: 404 Client Error: Not Found for url: https://www.refurbed.de/p/acer-veriton-m4640g/
2025-11-30 02:11:21,604 - INFO - Scraping 418/6851: https://www.refurbed.de/p/acer-veriton-m6650g/
2025-11-30 02:11:21,867 - ERROR - Error fetching https://www.refurbed.de/p/acer-veriton-m6650g/: 404 Client Error: Not Found for url: https://www.refurbed.de/p/acer-veriton-m6650g/
2025-11-30 02:11:22,869 - INFO - Scraping 419/6851: https://www.refurbed.de/p/acer-veriton-n4640g/
2025-11-30 02:11:23,150 - ERROR - Error fetching https://www.refurbed.de/p/acer-veriton-n4640g/: 404 Client Error: Not Found for url: https://www.refurbed.de/p/acer-veriton-n4640g/
2025-11-30 02:11:24,152 - INFO - Scraping 420/6851: https://www.refurbed.de/p/acer-veriton-x4630g/
2025-11-30 02:11:24,473 - ERROR - Error fetching https://www.refurbed.de/p/acer-veriton-x4630g/: 404 Client Error: Not Found for url: https://www.refurbed.de/p/acer-veriton-x4630g/
2025-11-30 02:11:25,475 - INFO - Scraping 421/6851: https://www.refurbed.de/p/acer-veriton-x4640g-intl6th/
2025-11-30 02:11:25,913 - ERROR - Error fetching https://www.refurbed.de/p/acer-veriton-x4640g-intl6th/: 404 Client Error: Not Found for url: https://www.refurbed.de/p/acer-veriton-x4640g-intl6th/
2025-11-30 02:11:26,915 - INFO - Scraping 422/6851: https://www.refurbed.de/p/acer-veriton-x6630g/
2025-11-30 02:11:27,190 - ERROR - Error fetching https://www.refurbed.de/p/acer-veriton-x6630g/: 404 Client Error: Not Found for url: https://www.refurbed.de/p/acer-veriton-x6630g/
2025-11-30 02:11:28,192 - INFO - Scraping 423/6851: https://www.refurbed.de/p/acer-vero-v7-v227qe3biv/
2025-11-30 02:11:29,581 - INFO - Scraping 424/6851: https://www.refurbed.de/p/acer-x5-x514-i5-8265u-14/
2025-11-30 02:11:29,888 - ERROR - Error fetching https://www.refurbed.de/p/acer-x5-x514-i5-8265u-14/: 404 Client Error: Not Found for url: https://www.refurbed.de/p/acer-x5-x514-i5-8265u-14/
2025-11-30 02:11:30,890 - INFO - Scraping 425/6851: https://www.refurbed.de/p/acerpredator-connect-d5-5g/
2025-11-30 02:11:32,490 - INFO - Scraping 426/6851: https://www.refurbed.de/p/apple-ipad-2017/
2025-11-30 02:11:34,384 - INFO - Scraping 427/6851: https://www.refurbed.de/p/apple-iphone-8-plus/
2025-11-30 02:11:36,041 - INFO - Scraping 428/6851: https://www.refurbed.de/p/apple-iphone-8/
2025-11-30 02:11:37,739 - INFO - Scraping 429/6851: https://www.refurbed.de/p/apple-macbook-2015-intel-core-m-/
2025-11-30 02:11:39,261 - INFO - Scraping 430/6851: https://www.refurbed.de/p/apple-macbook-2016-intel-core-m3/
2025-11-30 02:11:40,902 - INFO - Scraping 431/6851: https://www.refurbed.de/p/apple-macbook-2017-intel-core-12/
2025-11-30 02:11:42,550 - INFO - Scraping 432/6851: https://www.refurbed.de/p/apple-macbook-air-2013-i5-13-3-4/
2025-11-30 02:11:44,174 - INFO - Scraping 433/6851: https://www.refurbed.de/p/apple-macbook-air-2013-i7-4650u/
2025-11-30 02:11:45,609 - INFO - Scraping 434/6851: https://www.refurbed.de/p/apple-macbook-air-2014-i5-11-6/
2025-11-30 02:11:47,058 - INFO - Scraping 435/6851: https://www.refurbed.de/p/apple-macbook-air-2014-i5-13-4gb/
2025-11-30 02:11:48,489 - INFO - Scraping 436/6851: https://www.refurbed.de/p/apple-macbook-air-2014-i7-13-3/
2025-11-30 02:11:49,925 - INFO - Scraping 437/6851: https://www.refurbed.de/p/apple-macbook-air-2015-11-6/
2025-11-30 02:11:51,360 - INFO - Scraping 438/6851: https://www.refurbed.de/p/apple-macbook-air-2015-i5-13-3/
2025-11-30 02:11:53,028 - INFO - Scraping 439/6851: https://www.refurbed.de/p/apple-macbook-air-2017-i-13-3/
2025-11-30 02:11:54,672 - INFO - Scraping 440/6851: https://www.refurbed.de/p/apple-macbook-air-2018-i5-13-3/
2025-11-30 02:11:56,262 - INFO - Scraping 441/6851: https://www.refurbed.de/p/apple-macbook-air-2019-i5-13-3/
2025-11-30 02:11:57,843 - INFO - Scraping 442/6851: https://www.refurbed.de/p/apple-macbook-air-2020/
2025-11-30 02:11:59,529 - INFO - Scraping 443/6851: https://www.refurbed.de/p/apple-macbook-air-i5-11-6/
2025-11-30 02:12:01,275 - INFO - Scraping 444/6851: https://www.refurbed.de/p/apple-macbook-air-i7-11-6/
2025-11-30 02:12:02,709 - INFO - Scraping 445/6851: https://www.refurbed.de/p/apple-macbook-air-m1-2020/
2025-11-30 02:12:04,165 - INFO - Scraping 446/6851: https://www.refurbed.de/p/apple-macbook-air-m2-2022/
2025-11-30 02:12:05,943 - INFO - Scraping 447/6851: https://www.refurbed.de/p/apple-macbook-air-m2-2023-15/
2025-11-30 02:12:07,477 - INFO - Scraping 448/6851: https://www.refurbed.de/p/apple-macbook-air-m3-2024-15/
2025-11-30 02:12:09,144 - INFO - Scraping 449/6851: https://www.refurbed.de/p/apple-macbook-air-m3-2024/
2025-11-30 02:12:10,833 - INFO - Scraping 450/6851: https://www.refurbed.de/p/apple-macbook-air-m4-2025-15/
2025-11-30 02:12:12,520 - INFO - Scraping 451/6851: https://www.refurbed.de/p/apple-macbook-air-m4-2025/
2025-11-30 02:12:14,090 - INFO - Scraping 452/6851: https://www.refurbed.de/p/apple-macbook-pro-2013-i5-13-3/
2025-11-30 02:12:15,508 - INFO - Scraping 453/6851: https://www.refurbed.de/p/apple-macbook-pro-2014-13-3/
2025-11-30 02:12:17,090 - INFO - Scraping 454/6851: https://www.refurbed.de/p/apple-macbook-pro-2014-15-4/
2025-11-30 02:12:18,516 - INFO - Scraping 455/6851: https://www.refurbed.de/p/apple-macbook-pro-2015-13-3/
2025-11-30 02:12:20,050 - INFO - Scraping 456/6851: https://www.refurbed.de/p/apple-macbook-pro-2016-13-3/
2025-11-30 02:12:21,831 - INFO - Scraping 457/6851: https://www.refurbed.de/p/apple-macbook-pro-2016-i5-13-3/
2025-11-30 02:12:23,436 - INFO - Scraping 458/6851: https://www.refurbed.de/p/apple-macbook-pro-2016-i7-15-4/
2025-11-30 02:12:25,074 - INFO - Scraping 459/6851: https://www.refurbed.de/p/apple-macbook-pro-2017-13-3-touc/
2025-11-30 02:12:26,629 - INFO - Scraping 460/6851: https://www.refurbed.de/p/apple-macbook-pro-2017-15-4-touc/
2025-11-30 02:12:28,466 - INFO - Scraping 461/6851: https://www.refurbed.de/p/apple-macbook-pro-2017-i5-13/
2025-11-30 02:12:30,281 - INFO - Scraping 462/6851: https://www.refurbed.de/p/apple-macbook-pro-2018-13-3-touc/
2025-11-30 02:12:31,883 - INFO - Scraping 463/6851: https://www.refurbed.de/p/apple-macbook-pro-2018-15-4-touc/
2025-11-30 02:12:33,479 - INFO - Scraping 464/6851: https://www.refurbed.de/p/apple-macbook-pro-2019-16/
2025-11-30 02:12:34,931 - INFO - Scraping 465/6851: https://www.refurbed.de/p/apple-macbook-pro-2020-133-tb/
2025-11-30 02:12:36,394 - INFO - Scraping 466/6851: https://www.refurbed.de/p/apple-macbook-pro-2020-m1/
2025-11-30 02:12:38,032 - INFO - Scraping 467/6851: https://www.refurbed.de/p/apple-macbook-pro-2021-m1-14/
2025-11-30 02:12:39,645 - INFO - Scraping 468/6851: https://www.refurbed.de/p/apple-macbook-pro-2021-m1-16-2/
2025-11-30 02:12:41,318 - INFO - Scraping 469/6851: https://www.refurbed.de/p/apple-macbook-pro-2022-m2-13-tb/
2025-11-30 02:12:42,870 - INFO - Scraping 470/6851: https://www.refurbed.de/p/apple-macbook-pro-2023-m2-14/
2025-11-30 02:12:44,527 - INFO - Scraping 471/6851: https://www.refurbed.de/p/apple-macbook-pro-2023-m2-16-2/
2025-11-30 02:12:46,189 - INFO - Scraping 472/6851: https://www.refurbed.de/p/apple-macbook-pro-2023-m3-14/
2025-11-30 02:12:47,757 - INFO - Scraping 473/6851: https://www.refurbed.de/p/apple-macbook-pro-2023-m3-16-2/
2025-11-30 02:12:49,516 - INFO - Scraping 474/6851: https://www.refurbed.de/p/apple-macbook-pro-2024-m4-14/
2025-11-30 02:12:51,297 - INFO - Scraping 475/6851: https://www.refurbed.de/p/apple-macbook-pro-2024-m4-16/
2025-11-30 02:12:52,819 - INFO - Scraping 476/6851: https://www.refurbed.de/p/apple-macbook-pro-i7-15-4/
2025-11-30 02:12:54,353 - INFO - Scraping 477/6851: https://www.refurbed.de/p/apple-macbook-pro-late2013-15-4/
2025-11-30 02:12:56,019 - INFO - Scraping 478/6851: https://www.refurbed.de/p/apple-macbook-retina-2015-12/
2025-11-30 02:12:57,608 - INFO - Scraping 479/6851: https://www.refurbed.de/p/apple-magic-kbrd-11-ipad-air-m2/
2025-11-30 02:12:59,192 - INFO - Scraping 480/6851: https://www.refurbed.de/p/apple-pro-display-xdr-32/
2025-11-30 02:13:00,601 - INFO - Scraping 481/6851: https://www.refurbed.de/p/apple-studio-display-27/
2025-11-30 02:13:02,057 - INFO - Scraping 482/6851: https://www.refurbed.de/p/apple-thunderbolt-display-27/
2025-11-30 02:13:03,631 - INFO - Scraping 483/6851: https://www.refurbed.de/p/asus-chromebook-c204ma-n4000/
2025-11-30 02:13:05,069 - INFO - Scraping 484/6851: https://www.refurbed.de/p/asus-chromebook-c204ma-n4020/
2025-11-30 02:13:06,553 - INFO - Scraping 485/6851: https://www.refurbed.de/p/asus-chromebook-c403-n335-14/
2025-11-30 02:13:07,966 - INFO - Scraping 486/6851: https://www.refurbed.de/p/asus-chromebook-c423ma-n4020/
2025-11-30 02:13:09,420 - INFO - Scraping 487/6851: https://www.refurbed.de/p/asus-chromebook-c423na-3350/
2025-11-30 02:13:10,838 - INFO - Scraping 488/6851: https://www.refurbed.de/p/asus-chromebook-c523-n3350/
2025-11-30 02:13:12,329 - INFO - Scraping 489/6851: https://www.refurbed.de/p/asus-chromebook-c523-n4200/
2025-11-30 02:13:13,833 - INFO - Scraping 490/6851: https://www.refurbed.de/p/asus-chromebook-c523na-n3350/
2025-11-30 02:13:15,253 - INFO - Scraping 491/6851: https://www.refurbed.de/p/asus-chromebook-cm14/
2025-11-30 02:13:16,799 - INFO - Scraping 492/6851: https://www.refurbed.de/p/asus-chromebook-cx1400cna-3350/
2025-11-30 02:13:18,239 - INFO - Scraping 493/6851: https://www.refurbed.de/p/asus-chromebook-cx1500cna-3350/
2025-11-30 02:13:19,648 - INFO - Scraping 494/6851: https://www.refurbed.de/p/asus-chromebook-cx1700-n4500/
2025-11-30 02:13:21,043 - INFO - Scraping 495/6851: https://www.refurbed.de/p/asus-chromebook-cx5400fma-110g4/
2025-11-30 02:13:22,449 - INFO - Scraping 496/6851: https://www.refurbed.de/p/asus-chromebook-cx9-cea-1135g7/
2025-11-30 02:13:23,900 - INFO - Scraping 497/6851: https://www.refurbed.de/p/asus-chromebook-flip-cx3400fma/
2025-11-30 02:13:25,315 - INFO - Scraping 498/6851: https://www.refurbed.de/p/asus-chromebook-flip-cx5500fea/
2025-11-30 02:13:26,802 - INFO - Scraping 499/6851: https://www.refurbed.de/p/asus-chromebook-flip-cx5601fba/
2025-11-30 02:13:28,228 - INFO - Scraping 500/6851: https://www.refurbed.de/p/asus-chromebook-plus-cx3402cba/
2025-11-30 02:13:29,770 - INFO - Scraping 501/6851: https://www.refurbed.de/p/asus-chromebook-z1400cn-n3350/
2025-11-30 02:13:31,204 - INFO - Scraping 502/6851: https://www.refurbed.de/p/asus-tuf-gami-f15-fx506hf-11400h/
2025-11-30 02:13:32,816 - INFO - Scraping 503/6851: https://www.refurbed.de/p/asus-tuf-gami-f17-fx707zm-12700h/
2025-11-30 02:13:34,316 - INFO - Scraping 504/6851: https://www.refurbed.de/p/asus-vivobook-12-e210ma-n4020/
2025-11-30 02:13:35,710 - INFO - Scraping 505/6851: https://www.refurbed.de/p/asus-vivobook-14-5-5500u/
2025-11-30 02:13:37,265 - INFO - Scraping 506/6851: https://www.refurbed.de/p/asus-vivobook-14-f1400ea-1135g7/
2025-11-30 02:13:38,702 - INFO - Scraping 507/6851: https://www.refurbed.de/p/asus-vivobook-14-f1400ea-1165g7/
2025-11-30 02:13:40,129 - INFO - Scraping 508/6851: https://www.refurbed.de/p/asus-vivobook-14-f1402za-1235u/
2025-11-30 02:13:41,562 - INFO - Scraping 509/6851: https://www.refurbed.de/p/asus-vivobook-14-f1404va-i7-1355/
2025-11-30 02:13:42,980 - INFO - Scraping 510/6851: https://www.refurbed.de/p/asus-vivobook-14-f415ea-1115g4/
2025-11-30 02:13:44,386 - INFO - Scraping 511/6851: https://www.refurbed.de/p/asus-vivobook-14-f415ea-1135g7/
2025-11-30 02:13:45,848 - INFO - Scraping 512/6851: https://www.refurbed.de/p/asus-vivobook-14-f415ea-1165g7/
2025-11-30 02:13:47,269 - INFO - Scraping 513/6851: https://www.refurbed.de/p/asus-vivobook-14-k413ea-1115g4/
2025-11-30 02:13:48,665 - INFO - Scraping 514/6851: https://www.refurbed.de/p/asus-vivobook-14-k413ep-1165g7/
2025-11-30 02:13:50,179 - INFO - Scraping 515/6851: https://www.refurbed.de/p/asus-vivobook-14-m413-r5-5500u/
2025-11-30 02:13:51,581 - INFO - Scraping 516/6851: https://www.refurbed.de/p/asus-vivobook-14-m415da-r5-3500u/
2025-11-30 02:13:53,123 - INFO - Scraping 517/6851: https://www.refurbed.de/p/asus-vivobook-14-r465ja-1005g1/
2025-11-30 02:13:54,572 - INFO - Scraping 518/6851: https://www.refurbed.de/p/asus-vivobook-14-s413ea-1135g7/
2025-11-30 02:13:56,014 - INFO - Scraping 519/6851: https://www.refurbed.de/p/asus-vivobook-14-x1400ep-1135g7/
2025-11-30 02:13:57,417 - INFO - Scraping 520/6851: https://www.refurbed.de/p/asus-vivobook-14-x413-i5-1135g7/
2025-11-30 02:13:58,824 - INFO - Scraping 521/6851: https://www.refurbed.de/p/asus-vivobook-14-x413-i7-1065g7/
2025-11-30 02:14:00,286 - INFO - Scraping 522/6851: https://www.refurbed.de/p/asus-vivobook-14-x415ea-1115g4/
2025-11-30 02:14:01,734 - INFO - Scraping 523/6851: https://www.refurbed.de/p/asus-vivobook-14-x415ea-1135g7/
2025-11-30 02:14:03,171 - INFO - Scraping 524/6851: https://www.refurbed.de/p/asus-vivobook-14-x415ea-i7/
2025-11-30 02:14:04,609 - INFO - Scraping 525/6851: https://www.refurbed.de/p/asus-vivobook-14-x415ep-1135g7/
2025-11-30 02:14:06,007 - INFO - Scraping 526/6851: https://www.refurbed.de/p/asus-vivobook-14-x415ep-i7/
2025-11-30 02:14:07,634 - INFO - Scraping 527/6851: https://www.refurbed.de/p/asus-vivobook-14-x415fa-10110u/
2025-11-30 02:14:09,092 - INFO - Scraping 528/6851: https://www.refurbed.de/p/asus-vivobook-14-x415ja-1005g1/
2025-11-30 02:14:10,522 - INFO - Scraping 529/6851: https://www.refurbed.de/p/asus-vivobook-14-x415ja-1035g1/
2025-11-30 02:14:11,925 - INFO - Scraping 530/6851: https://www.refurbed.de/p/asus-vivobook-14-x415ka-n4500/
2025-11-30 02:14:13,358 - INFO - Scraping 531/6851: https://www.refurbed.de/p/asus-vivobook-14-x420fa-i5-8265u/
2025-11-30 02:14:14,880 - INFO - Scraping 532/6851: https://www.refurbed.de/p/asus-vivobook-15-a516ea-1115g4/
2025-11-30 02:14:16,314 - INFO - Scraping 533/6851: https://www.refurbed.de/p/asus-vivobook-15-f1502za-1235u/
2025-11-30 02:14:17,812 - INFO - Scraping 534/6851: https://www.refurbed.de/p/asus-vivobook-15-f1502za-i7/
2025-11-30 02:14:19,237 - INFO - Scraping 535/6851: https://www.refurbed.de/p/asus-vivobook-15-f1504va-1335u/
2025-11-30 02:14:20,669 - INFO - Scraping 536/6851: https://www.refurbed.de/p/asus-vivobook-15-f1504za-1215u/
2025-11-30 02:14:22,142 - INFO - Scraping 537/6851: https://www.refurbed.de/p/asus-vivobook-15-f1504za-1235u/
2025-11-30 02:14:23,621 - INFO - Scraping 538/6851: https://www.refurbed.de/p/asus-vivobook-15-f1504za-i7/
2025-11-30 02:14:25,021 - INFO - Scraping 539/6851: https://www.refurbed.de/p/asus-vivobook-15-f510ua-i5-8250u/
2025-11-30 02:14:26,448 - INFO - Scraping 540/6851: https://www.refurbed.de/p/asus-vivobook-15-f515jp-1035g1/
2025-11-30 02:14:27,851 - INFO - Scraping 541/6851: https://www.refurbed.de/p/asus-vivobook-15-k513ea-1165g7/
2025-11-30 02:14:29,331 - INFO - Scraping 542/6851: https://www.refurbed.de/p/asus-vivobook-15-m1502ia-4600h/
2025-11-30 02:14:30,794 - INFO - Scraping 543/6851: https://www.refurbed.de/p/asus-vivobook-15-m515ua-r5-5500u/
2025-11-30 02:14:32,248 - INFO - Scraping 544/6851: https://www.refurbed.de/p/asus-vivobook-15-m515ua-r7-5700u/
2025-11-30 02:14:33,643 - INFO - Scraping 545/6851: https://www.refurbed.de/p/asus-vivobook-15-r565ea-1165g7/
2025-11-30 02:14:35,052 - INFO - Scraping 546/6851: https://www.refurbed.de/p/asus-vivobook-15-x1502-1215u/
2025-11-30 02:14:36,525 - INFO - Scraping 547/6851: https://www.refurbed.de/p/asus-vivobook-15-x1502za-i3/
2025-11-30 02:14:37,956 - INFO - Scraping 548/6851: https://www.refurbed.de/p/asus-vivobook-15-x1502za-i5/
2025-11-30 02:14:39,366 - INFO - Scraping 549/6851: https://www.refurbed.de/p/asus-vivobook-15-x1502za-i7/
2025-11-30 02:14:40,873 - INFO - Scraping 550/6851: https://www.refurbed.de/p/asus-vivobook-15-x515-1005g1/
2025-11-30 02:14:42,322 - INFO - Scraping 551/6851: https://www.refurbed.de/p/asus-vivobook-15-x515-10110u/
2025-11-30 02:14:43,779 - INFO - Scraping 552/6851: https://www.refurbed.de/p/asus-vivobook-15-x515-1035g1/
2025-11-30 02:14:45,213 - INFO - Scraping 553/6851: https://www.refurbed.de/p/asus-vivobook-15-x515-1065g7/
2025-11-30 02:14:46,615 - INFO - Scraping 554/6851: https://www.refurbed.de/p/asus-vivobook-15-x515-1115g4/
2025-11-30 02:14:48,045 - INFO - Scraping 555/6851: https://www.refurbed.de/p/asus-vivobook-15-x515-1135g7/
2025-11-30 02:14:49,464 - INFO - Scraping 556/6851: https://www.refurbed.de/p/asus-vivobook-15-x515-1165g7/
2025-11-30 02:14:50,913 - INFO - Scraping 557/6851: https://www.refurbed.de/p/asus-vivobook-15-x515-3250u/
2025-11-30 02:14:52,344 - INFO - Scraping 558/6851: https://www.refurbed.de/p/asus-vivobook-15-x515-7505/
2025-11-30 02:14:53,772 - INFO - Scraping 559/6851: https://www.refurbed.de/p/asus-vivobook-15-x515-n4020/
2025-11-30 02:14:55,186 - INFO - Scraping 560/6851: https://www.refurbed.de/p/asus-vivobook-15-x515-n4500/
2025-11-30 02:14:56,797 - INFO - Scraping 561/6851: https://www.refurbed.de/p/asus-vivobook-15-x515-n5030/
2025-11-30 02:14:58,256 - INFO - Scraping 562/6851: https://www.refurbed.de/p/asus-vivobook-15-x515ea-1115g4/
2025-11-30 02:14:59,689 - INFO - Scraping 563/6851: https://www.refurbed.de/p/asus-vivobook-15-x515ja-1005g1/
2025-11-30 02:15:01,084 - INFO - Scraping 564/6851: https://www.refurbed.de/p/asus-vivobook-15-x515ja-1035g1/
2025-11-30 02:15:01,579 - ERROR - Error fetching https://www.refurbed.de/p/asus-vivobook-15-x515ja-1035g1/: 404 Client Error: Not Found for url: https://www.refurbed.de/p/asus-vivobook-15-x515ja-1035g1/
2025-11-30 02:15:02,581 - INFO - Scraping 565/6851: https://www.refurbed.de/p/asus-vivobook-15-x515jp-1065g7/
2025-11-30 02:15:04,116 - INFO - Scraping 566/6851: https://www.refurbed.de/p/asus-vivobook-15-x515ma-n4020/
2025-11-30 02:15:05,599 - INFO - Scraping 567/6851: https://www.refurbed.de/p/asus-vivobook-15-x540-e2-6110/
2025-11-30 02:15:05,879 - ERROR - Error fetching https://www.refurbed.de/p/asus-vivobook-15-x540-e2-6110/: 404 Client Error: Not Found for url: https://www.refurbed.de/p/asus-vivobook-15-x540-e2-6110/
2025-11-30 02:15:06,881 - INFO - Scraping 568/6851: https://www.refurbed.de/p/asus-vivobook-15-x540-n3350/
2025-11-30 02:15:07,157 - ERROR - Error fetching https://www.refurbed.de/p/asus-vivobook-15-x540-n3350/: 404 Client Error: Not Found for url: https://www.refurbed.de/p/asus-vivobook-15-x540-n3350/
2025-11-30 02:15:08,159 - INFO - Scraping 569/6851: https://www.refurbed.de/p/asus-vivobook-15-x571-10870h/
2025-11-30 02:15:09,594 - INFO - Scraping 570/6851: https://www.refurbed.de/p/asus-vivobook-15-x571gt-9750h/
2025-11-30 02:15:11,148 - INFO - Scraping 571/6851: https://www.refurbed.de/p/asus-vivobook-15x-m1503-5600h/
2025-11-30 02:15:12,574 - INFO - Scraping 572/6851: https://www.refurbed.de/p/asus-vivobook-15x-oled-5-4600h/
2025-11-30 02:15:14,031 - INFO - Scraping 573/6851: https://www.refurbed.de/p/asus-vivobook-15x-oled-i5-12500h/
2025-11-30 02:15:15,514 - INFO - Scraping 574/6851: https://www.refurbed.de/p/asus-vivobook-15x-oled-i5-1340p/
2025-11-30 02:15:16,952 - INFO - Scraping 575/6851: https://www.refurbed.de/p/asus-vivobook-15x-oled-i7-12700h/
2025-11-30 02:15:18,391 - INFO - Scraping 576/6851: https://www.refurbed.de/p/asus-vivobook-15x-oled-i7-1360p/
2025-11-30 02:15:19,795 - INFO - Scraping 577/6851: https://www.refurbed.de/p/asus-vivobook-15x-oled-x1503za/
2025-11-30 02:15:21,214 - INFO - Scraping 578/6851: https://www.refurbed.de/p/asus-vivobook-16-x1605-1235u/
2025-11-30 02:15:22,636 - INFO - Scraping 579/6851: https://www.refurbed.de/p/asus-vivobook-16-x1605-1255u/
2025-11-30 02:15:24,106 - INFO - Scraping 580/6851: https://www.refurbed.de/p/asus-vivobook-16-x1605-13500h/
2025-11-30 02:15:25,549 - INFO - Scraping 581/6851: https://www.refurbed.de/p/asus-vivobook-16-x1605-r7-5825u/
2025-11-30 02:15:26,962 - INFO - Scraping 582/6851: https://www.refurbed.de/p/asus-vivobook-16-x1605pa-11370h/
2025-11-30 02:15:28,525 - INFO - Scraping 583/6851: https://www.refurbed.de/p/asus-vivobook-16-x1605va-1335u/
2025-11-30 02:15:30,662 - INFO - Scraping 584/6851: https://www.refurbed.de/p/asus-vivobook-16-x1605va-13700h/
2025-11-30 02:15:32,398 - INFO - Scraping 585/6851: https://www.refurbed.de/p/asus-vivobook-16-x1605va-13900h/
2025-11-30 02:15:33,923 - INFO - Scraping 586/6851: https://www.refurbed.de/p/asus-vivobook-16-x1605va-i7-1355/
2025-11-30 02:15:35,634 - INFO - Scraping 587/6851: https://www.refurbed.de/p/asus-vivobook-16x-f1603za-12700h/
2025-11-30 02:15:37,070 - INFO - Scraping 588/6851: https://www.refurbed.de/p/asus-vivobook-16x-f1605pa-11300h/
2025-11-30 02:15:38,720 - INFO - Scraping 589/6851: https://www.refurbed.de/p/asus-vivobook-16x-f1605pa-11370h/
2025-11-30 02:15:40,334 - INFO - Scraping 590/6851: https://www.refurbed.de/p/asus-vivobook-16x-m1603-5-5600h/
2025-11-30 02:15:41,775 - INFO - Scraping 591/6851: https://www.refurbed.de/p/asus-vivobook-16x-oled-5600h/
2025-11-30 02:15:43,193 - INFO - Scraping 592/6851: https://www.refurbed.de/p/asus-vivobook-16x-oled-k3605vc/
2025-11-30 02:15:44,590 - INFO - Scraping 593/6851: https://www.refurbed.de/p/asus-vivobook-16x-oled-k3605zc/
2025-11-30 02:15:45,992 - INFO - Scraping 594/6851: https://www.refurbed.de/p/asus-vivobook-16x-oled-k3605zf/
2025-11-30 02:15:47,430 - INFO - Scraping 595/6851: https://www.refurbed.de/p/asus-vivobook-17-f1704va-1335u/
2025-11-30 02:15:48,900 - INFO - Scraping 596/6851: https://www.refurbed.de/p/asus-vivobook-17-s712da-au334t/
2025-11-30 02:15:50,367 - INFO - Scraping 597/6851: https://www.refurbed.de/p/asus-vivobook-17-s712ea-i31115g4/
2025-11-30 02:15:51,787 - INFO - Scraping 598/6851: https://www.refurbed.de/p/asus-vivobook-17-s712fa-8265u/
2025-11-30 02:15:53,257 - INFO - Scraping 599/6851: https://www.refurbed.de/p/asus-vivobook-17-s712ja-1005g1/
2025-11-30 02:15:54,741 - INFO - Scraping 600/6851: https://www.refurbed.de/p/asus-vivobook-17-x1704va-1355u/
2025-11-30 02:15:56,162 - INFO - Scraping 601/6851: https://www.refurbed.de/p/asus-vivobook-17-x1704za-1235u/
2025-11-30 02:15:57,558 - INFO - Scraping 602/6851: https://www.refurbed.de/p/asus-vivobook-17-x705ma-n4020/
2025-11-30 02:15:58,959 - INFO - Scraping 603/6851: https://www.refurbed.de/p/asus-vivobook-17-x712ea-1165g7/
2025-11-30 02:16:00,612 - INFO - Scraping 604/6851: https://www.refurbed.de/p/asus-vivobook-17f1704va-i7-1355u/
2025-11-30 02:16:02,316 - INFO - Scraping 605/6851: https://www.refurbed.de/p/asus-vivobook-a516ka-n4500/
2025-11-30 02:16:03,985 - INFO - Scraping 606/6851: https://www.refurbed.de/p/asus-vivobook-d515da-3-3250u/
2025-11-30 02:16:05,472 - INFO - Scraping 607/6851: https://www.refurbed.de/p/asus-vivobook-go-14-e410ma-n4020/
2025-11-30 02:16:06,917 - INFO - Scraping 608/6851: https://www.refurbed.de/p/asus-vivobook-go-14-flip-n4500/
2025-11-30 02:16:08,311 - INFO - Scraping 609/6851: https://www.refurbed.de/p/asus-vivobook-go-14-flip-n6000/
2025-11-30 02:16:09,769 - INFO - Scraping 610/6851: https://www.refurbed.de/p/asus-vivobook-go-15-e510-n4020/
2025-11-30 02:16:11,182 - INFO - Scraping 611/6851: https://www.refurbed.de/p/asus-vivobook-go-15-e510-n4500/
2025-11-30 02:16:12,653 - INFO - Scraping 612/6851: https://www.refurbed.de/p/asus-vivobook-go-15-oled-i3-n305/
2025-11-30 02:16:14,084 - INFO - Scraping 613/6851: https://www.refurbed.de/p/asus-vivobook-go-15-oled-n100/
2025-11-30 02:16:15,522 - INFO - Scraping 614/6851: https://www.refurbed.de/p/asus-vivobook-m515da-r3-3250u/
2025-11-30 02:16:16,969 - INFO - Scraping 615/6851: https://www.refurbed.de/p/asus-vivobook-m515da-r5-3500u/
2025-11-30 02:16:18,395 - INFO - Scraping 616/6851: https://www.refurbed.de/p/asus-vivobook-oled-15-i7-1165g7/
2025-11-30 02:16:19,794 - INFO - Scraping 617/6851: https://www.refurbed.de/p/asus-vivobook-oled-15-k513ea/
2025-11-30 02:16:21,269 - INFO - Scraping 618/6851: https://www.refurbed.de/p/asus-vivobook-pro-14-oled-11300h/
2025-11-30 02:16:22,801 - INFO - Scraping 619/6851: https://www.refurbed.de/p/asus-vivobook-pro-14-oled-5600h/
2025-11-30 02:16:24,429 - INFO - Scraping 620/6851: https://www.refurbed.de/p/asus-vivobook-pro-15-n580gd-8750/
2025-11-30 02:16:25,901 - INFO - Scraping 621/6851: https://www.refurbed.de/p/asus-vivobook-s-14-flip-1335u/
2025-11-30 02:16:27,322 - INFO - Scraping 622/6851: https://www.refurbed.de/p/asus-vivobook-s-14-flip-13500h/
2025-11-30 02:16:28,856 - INFO - Scraping 623/6851: https://www.refurbed.de/p/asus-vivobook-s-14-flip-13700h/
2025-11-30 02:16:30,382 - INFO - Scraping 624/6851: https://www.refurbed.de/p/asus-vivobook-s-14-k3402za-i5/
2025-11-30 02:16:31,785 - INFO - Scraping 625/6851: https://www.refurbed.de/p/asus-vivobook-s14-m433-5-4500u/
2025-11-30 02:16:33,202 - INFO - Scraping 626/6851: https://www.refurbed.de/p/asus-vivobook-s14-oled-m3402qa/
2025-11-30 02:16:34,639 - INFO - Scraping 627/6851: https://www.refurbed.de/p/asus-vivobook-s15-k3502-12700h/
2025-11-30 02:16:36,094 - INFO - Scraping 628/6851: https://www.refurbed.de/p/asus-vivobook-s15-s530-8265u-15/
2025-11-30 02:16:37,531 - INFO - Scraping 629/6851: https://www.refurbed.de/p/asus-vivobook-s17-f712ja-1065g7/
2025-11-30 02:16:38,994 - INFO - Scraping 630/6851: https://www.refurbed.de/p/asus-vivobook-s17-s732ea-1135g7/
2025-11-30 02:16:40,439 - INFO - Scraping 631/6851: https://www.refurbed.de/p/asus-vivobook-s17-s732ja-1005g1/
2025-11-30 02:16:41,895 - INFO - Scraping 632/6851: https://www.refurbed.de/p/asus-vivobook-s17-s732ja-1115g4/
2025-11-30 02:16:43,314 - INFO - Scraping 633/6851: https://www.refurbed.de/p/asus-vivobook-x415jab-i7-1065g7/
2025-11-30 02:16:44,831 - INFO - Scraping 634/6851: https://www.refurbed.de/p/asus-vivobook-x415jp-i7-1065g7/
2025-11-30 02:16:46,233 - INFO - Scraping 635/6851: https://www.refurbed.de/p/asus-vivobook-x515ka-n4500/
2025-11-30 02:16:47,637 - INFO - Scraping 636/6851: https://www.refurbed.de/p/asus-vivobook-x515ka-n6000/
2025-11-30 02:16:49,037 - INFO - Scraping 637/6851: https://www.refurbed.de/p/asus-vivobook-x543ma-n4020/
2025-11-30 02:16:50,446 - INFO - Scraping 638/6851: https://www.refurbed.de/p/asus-vivobooks-14-k3402za-i7-127/
2025-11-30 02:16:51,907 - INFO - Scraping 639/6851: https://www.refurbed.de/p/asus-vivobooks-14-oled-k3402za/
2025-11-30 02:16:53,318 - INFO - Scraping 640/6851: https://www.refurbed.de/p/asus-zenbook-13-led-um325sa/
2025-11-30 02:16:54,707 - INFO - Scraping 641/6851: https://www.refurbed.de/p/asus-zenbook-14-i5/
2025-11-30 02:16:56,536 - INFO - Scraping 642/6851: https://www.refurbed.de/p/asus-zenbook-14-um425qa-5800h/
2025-11-30 02:16:58,062 - INFO - Scraping 643/6851: https://www.refurbed.de/p/asus-zenbook-14-um425qa-5900hx/
2025-11-30 02:16:59,531 - INFO - Scraping 644/6851: https://www.refurbed.de/p/asus-zenbook-14-um425qa-9-5900hx/
2025-11-30 02:17:00,995 - INFO - Scraping 645/6851: https://www.refurbed.de/p/asus-zenbook-14-um425qa/
2025-11-30 02:17:02,439 - INFO - Scraping 646/6851: https://www.refurbed.de/p/asus-zenbook-14-um425ua-ki189t/
2025-11-30 02:17:03,845 - INFO - Scraping 647/6851: https://www.refurbed.de/p/asus-zenbook-14-um425uaz-ki016/
2025-11-30 02:17:05,270 - INFO - Scraping 648/6851: https://www.refurbed.de/p/asus-zenbook-14-um425uaz-ki203t/
2025-11-30 02:17:06,742 - INFO - Scraping 649/6851: https://www.refurbed.de/p/asus-zenbook-14-ux410u-i7-8550u/
2025-11-30 02:17:07,024 - ERROR - Error fetching https://www.refurbed.de/p/asus-zenbook-14-ux410u-i7-8550u/: 404 Client Error: Not Found for url: https://www.refurbed.de/p/asus-zenbook-14-ux410u-i7-8550u/
2025-11-30 02:17:08,027 - INFO - Scraping 650/6851: https://www.refurbed.de/p/asus-zenbook-14-ux425ea-1135g7/
2025-11-30 02:17:09,508 - INFO - Scraping 651/6851: https://www.refurbed.de/p/asus-zenbook-14-ux425ea-1165g7/
2025-11-30 02:17:10,961 - INFO - Scraping 652/6851: https://www.refurbed.de/p/asus-zenbook-14-ux425ia-4700u/
2025-11-30 02:17:12,367 - INFO - Scraping 653/6851: https://www.refurbed.de/p/asus-zenbook-14-ux425ja-1035g1/
2025-11-30 02:17:13,802 - INFO - Scraping 654/6851: https://www.refurbed.de/p/asus-zenbook-14-ux425qa-5800h/
2025-11-30 02:17:15,268 - INFO - Scraping 655/6851: https://www.refurbed.de/p/asus-zenbook-14-ux434fac-a5091t/
2025-11-30 02:17:16,662 - INFO - Scraping 656/6851: https://www.refurbed.de/p/asus-zenbook-14-ux435eg-1165g7/
2025-11-30 02:17:18,115 - INFO - Scraping 657/6851: https://www.refurbed.de/p/asus-zenbook-14/
2025-11-30 02:17:19,542 - INFO - Scraping 658/6851: https://www.refurbed.de/p/asus-zenbook-14x-oled-5600h/
2025-11-30 02:17:20,971 - INFO - Scraping 659/6851: https://www.refurbed.de/p/asus-zenbook-14x-oled-un5401qa/
2025-11-30 02:17:22,417 - INFO - Scraping 660/6851: https://www.refurbed.de/p/asus-zenbook-15-ux534ft-a8145t/
2025-11-30 02:17:23,843 - INFO - Scraping 661/6851: https://www.refurbed.de/p/asus-zenbook-17-fold-oled-ux9702/
2025-11-30 02:17:25,246 - INFO - Scraping 662/6851: https://www.refurbed.de/p/asus-zenbook-duo-ux481fl-bm044t/
2025-11-30 02:17:26,941 - INFO - Scraping 663/6851: https://www.refurbed.de/p/asus-zenbook-flip-13-1035g4/
2025-11-30 02:17:28,364 - INFO - Scraping 664/6851: https://www.refurbed.de/p/asus-zenbook-flip-13-i7-1165g7/
2025-11-30 02:17:29,846 - INFO - Scraping 665/6851: https://www.refurbed.de/p/asus-zenbook-flip-15-7-4700u/
2025-11-30 02:17:31,257 - INFO - Scraping 666/6851: https://www.refurbed.de/p/asus-zenbook-flip-ux360uak-7500u/
2025-11-30 02:17:31,547 - ERROR - Error fetching https://www.refurbed.de/p/asus-zenbook-flip-ux360uak-7500u/: 404 Client Error: Not Found for url: https://www.refurbed.de/p/asus-zenbook-flip-ux360uak-7500u/
2025-11-30 02:17:32,549 - INFO - Scraping 667/6851: https://www.refurbed.de/p/asus-zenbook-flip14-10210u/
2025-11-30 02:17:34,056 - INFO - Scraping 668/6851: https://www.refurbed.de/p/asus-zenbook-flip14-i7-10510u/
2025-11-30 02:17:35,460 - INFO - Scraping 669/6851: https://www.refurbed.de/p/asus-zenbook-flip14-oled-12500h/
2025-11-30 02:17:36,962 - INFO - Scraping 670/6851: https://www.refurbed.de/p/asus-zenbook-flip14-oled-12700h/
2025-11-30 02:17:38,423 - INFO - Scraping 671/6851: https://www.refurbed.de/p/asus-zenbook-flip14x-oled-1260p/
2025-11-30 02:17:39,890 - INFO - Scraping 672/6851: https://www.refurbed.de/p/asus-zenbook-pro-14-ux450/
2025-11-30 02:17:41,444 - INFO - Scraping 673/6851: https://www.refurbed.de/p/asus-zenbook-pro-14-ux480fd/
2025-11-30 02:17:41,761 - ERROR - Error fetching https://www.refurbed.de/p/asus-zenbook-pro-14-ux480fd/: 404 Client Error: Not Found for url: https://www.refurbed.de/p/asus-zenbook-pro-14-ux480fd/
2025-11-30 02:17:42,764 - INFO - Scraping 674/6851: https://www.refurbed.de/p/asus-zenbook-pro-15-flip-oled-i7/
2025-11-30 02:17:44,199 - INFO - Scraping 675/6851: https://www.refurbed.de/p/asus-zenbook-pro-15-oled-5900hx/
2025-11-30 02:17:45,701 - INFO - Scraping 676/6851: https://www.refurbed.de/p/asus-zenbook-pro-17-9-6900hx/
2025-11-30 02:17:47,372 - INFO - Scraping 677/6851: https://www.refurbed.de/p/asus-zenbook-pro-duo-15-12900h/
2025-11-30 02:17:48,792 - INFO - Scraping 678/6851: https://www.refurbed.de/p/asus-zenbook-pro-duo-15-ux582hs/
2025-11-30 02:17:50,209 - INFO - Scraping 679/6851: https://www.refurbed.de/p/asus-zenbook-pro-duo-15-ux582zm/
2025-11-30 02:17:51,604 - INFO - Scraping 680/6851: https://www.refurbed.de/p/asus-zenbook-pro-duo-ux581gv/
2025-11-30 02:17:53,048 - INFO - Scraping 681/6851: https://www.refurbed.de/p/asus-zenbook-s-13-flip-1135g7/
2025-11-30 02:17:54,582 - INFO - Scraping 682/6851: https://www.refurbed.de/p/asus-zenbook-s-13-flip-1260p/
2025-11-30 02:17:56,223 - INFO - Scraping 683/6851: https://www.refurbed.de/p/asus-zenbook-s-13-oled-6800u/
2025-11-30 02:17:57,655 - INFO - Scraping 684/6851: https://www.refurbed.de/p/asus-zenbook-s-13-oled-ux5304va/
2025-11-30 02:17:59,073 - INFO - Scraping 685/6851: https://www.refurbed.de/p/asus-zenbook-s-16-oled-9hx370/
2025-11-30 02:18:00,613 - INFO - Scraping 686/6851: https://www.refurbed.de/p/asus-zenbook-ux301la-4200u-13-3/
2025-11-30 02:18:00,903 - ERROR - Error fetching https://www.refurbed.de/p/asus-zenbook-ux301la-4200u-13-3/: 404 Client Error: Not Found for url: https://www.refurbed.de/p/asus-zenbook-ux301la-4200u-13-3/
2025-11-30 02:18:01,906 - INFO - Scraping 687/6851: https://www.refurbed.de/p/asus-zenbook-ux430ua-8250u-14/
2025-11-30 02:18:03,634 - INFO - Scraping 688/6851: https://www.refurbed.de/p/beko-bbim13500xpsw/
2025-11-30 02:18:05,099 - INFO - Scraping 689/6851: https://www.refurbed.de/p/beko-hdmi-32400-dtx/
2025-11-30 02:18:06,521 - INFO - Scraping 690/6851: https://www.refurbed.de/p/benq-bl2201pt/
2025-11-30 02:18:07,982 - INFO - Scraping 691/6851: https://www.refurbed.de/p/benq-bl2405ht-24/
2025-11-30 02:18:09,685 - INFO - Scraping 692/6851: https://www.refurbed.de/p/benq-bl2410pt/
2025-11-30 02:18:11,144 - INFO - Scraping 693/6851: https://www.refurbed.de/p/benq-bl2420z/
2025-11-30 02:18:12,548 - INFO - Scraping 694/6851: https://www.refurbed.de/p/benq-g2251tm/
2025-11-30 02:18:13,976 - INFO - Scraping 695/6851: https://www.refurbed.de/p/benq-gl2450/
2025-11-30 02:18:15,529 - INFO - Scraping 696/6851: https://www.refurbed.de/p/benq-gl2450e/
2025-11-30 02:18:17,027 - INFO - Scraping 697/6851: https://www.refurbed.de/p/benq-gl2460/
2025-11-30 02:18:18,713 - INFO - Scraping 698/6851: https://www.refurbed.de/p/benq-gl2760h/
2025-11-30 02:18:20,130 - INFO - Scraping 699/6851: https://www.refurbed.de/p/benq-gw2780t/
2025-11-30 02:18:21,576 - INFO - Scraping 700/6851: https://www.refurbed.de/p/benq-th685i/
2025-11-30 02:18:23,106 - INFO - Scraping 701/6851: https://www.refurbed.de/p/benq-w1210st/
2025-11-30 02:18:24,566 - INFO - Scraping 702/6851: https://www.refurbed.de/p/benq-w2000/
2025-11-30 02:18:26,002 - INFO - Scraping 703/6851: https://www.refurbed.de/p/benq-w2700i/
2025-11-30 02:18:27,432 - INFO - Scraping 704/6851: https://www.refurbed.de/p/benq-zowie-xl2411p-24/
2025-11-30 02:18:28,850 - INFO - Scraping 705/6851: https://www.refurbed.de/p/bundle-laptop-ch-65w-ca-100w/
2025-11-30 02:18:30,309 - INFO - Scraping 706/6851: https://www.refurbed.de/p/d-link-av1000-dhp-w611av/
2025-11-30 02:18:31,730 - INFO - Scraping 707/6851: https://www.refurbed.de/p/d-link-dhp-601av-1000hd-kit/
2025-11-30 02:18:33,160 - INFO - Scraping 708/6851: https://www.refurbed.de/p/d-link-dhp-p601av-1000-hd/
2025-11-30 02:18:34,608 - INFO - Scraping 709/6851: https://www.refurbed.de/p/d-link-pl-av-500-hd-dhp-p509av-e/
2025-11-30 02:18:36,026 - INFO - Scraping 710/6851: https://www.refurbed.de/p/dell-07wj8n-kit/
2025-11-30 02:18:37,437 - INFO - Scraping 711/6851: https://www.refurbed.de/p/dell-0f4xhp/
2025-11-30 02:18:38,901 - INFO - Scraping 712/6851: https://www.refurbed.de/p/dell-0fpc2y/
2025-11-30 02:18:40,301 - INFO - Scraping 713/6851: https://www.refurbed.de/p/dell-0mv2mm/
2025-11-30 02:18:41,862 - INFO - Scraping 714/6851: https://www.refurbed.de/p/dell-0n243x-type-a5-rack-rail/
2025-11-30 02:18:43,271 - INFO - Scraping 715/6851: https://www.refurbed.de/p/dell-0rxnt1/
2025-11-30 02:18:44,693 - INFO - Scraping 716/6851: https://www.refurbed.de/p/dell-0yd9w8/
2025-11-30 02:18:46,106 - INFO - Scraping 717/6851: https://www.refurbed.de/p/dell-1u-kit-n4000-n2000/
2025-11-30 02:18:47,564 - INFO - Scraping 718/6851: https://www.refurbed.de/p/dell-2009wt-20/
2025-11-30 02:18:49,043 - INFO - Scraping 719/6851: https://www.refurbed.de/p/dell-2u-ready-sliding-rail-kit/
2025-11-30 02:18:50,471 - INFO - Scraping 720/6851: https://www.refurbed.de/p/dell-3-5-inch-2-5-inch-hdd-caddy/
2025-11-30 02:18:52,121 - INFO - Scraping 721/6851: https://www.refurbed.de/p/dell-3008wfp/
2025-11-30 02:18:53,521 - INFO - Scraping 722/6851: https://www.refurbed.de/p/dell-450-abfs/
2025-11-30 02:18:54,977 - INFO - Scraping 723/6851: https://www.refurbed.de/p/dell-450-ahrg/
2025-11-30 02:18:56,445 - INFO - Scraping 724/6851: https://www.refurbed.de/p/dell-450-bbny/
2025-11-30 02:18:57,917 - INFO - Scraping 725/6851: https://www.refurbed.de/p/dell-6ryj9-dc-power-supply/
2025-11-30 02:18:59,426 - INFO - Scraping 726/6851: https://www.refurbed.de/p/dell-7030-rug-extrem-1240u-nocam/
2025-11-30 02:19:00,821 - INFO - Scraping 727/6851: https://www.refurbed.de/p/dell-7320-2-in-1-i7-1165g/
2025-11-30 02:19:02,573 - INFO - Scraping 728/6851: https://www.refurbed.de/p/dell-7320-2-in-1-i7-1185g7/
2025-11-30 02:19:04,183 - INFO - Scraping 729/6851: https://www.refurbed.de/p/dell-7330-2-in-1-i5-1245u/
2025-11-30 02:19:04,454 - ERROR - Error fetching https://www.refurbed.de/p/dell-7330-2-in-1-i5-1245u/: 404 Client Error: Not Found for url: https://www.refurbed.de/p/dell-7330-2-in-1-i5-1245u/
2025-11-30 02:19:05,456 - INFO - Scraping 730/6851: https://www.refurbed.de/p/dell-7420-2-in-1-i5-1145g7/
2025-11-30 02:19:06,868 - INFO - Scraping 731/6851: https://www.refurbed.de/p/dell-7420-2-in-1-i7-1165g7/
2025-11-30 02:19:08,366 - INFO - Scraping 732/6851: https://www.refurbed.de/p/dell-7420-2-in-1-i7-1185g7/
2025-11-30 02:19:09,793 - INFO - Scraping 733/6851: https://www.refurbed.de/p/dell-9txk7/
2025-11-30 02:19:11,437 - INFO - Scraping 734/6851: https://www.refurbed.de/p/dell-advanced-laser-projector/
2025-11-30 02:19:12,989 - INFO - Scraping 735/6851: https://www.refurbed.de/p/dell-alienwa-area-51m-r2-10900k/
2025-11-30 02:19:14,492 - INFO - Scraping 736/6851: https://www.refurbed.de/p/dell-alienware-15-r4-8750h-15-6/
2025-11-30 02:19:15,995 - INFO - Scraping 737/6851: https://www.refurbed.de/p/dell-alienware-17-r4-7700hq-17-3/
2025-11-30 02:19:16,327 - ERROR - Error fetching https://www.refurbed.de/p/dell-alienware-17-r4-7700hq-17-3/: 404 Client Error: Not Found for url: https://www.refurbed.de/p/dell-alienware-17-r4-7700hq-17-3/
2025-11-30 02:19:17,329 - INFO - Scraping 738/6851: https://www.refurbed.de/p/dell-alienware-17-r4-7820hk-17-3/
2025-11-30 02:19:17,584 - ERROR - Error fetching https://www.refurbed.de/p/dell-alienware-17-r4-7820hk-17-3/: 404 Client Error: Not Found for url: https://www.refurbed.de/p/dell-alienware-17-r4-7820hk-17-3/
2025-11-30 02:19:18,586 - INFO - Scraping 739/6851: https://www.refurbed.de/p/dell-alienware-aurora-r10/
2025-11-30 02:19:20,012 - INFO - Scraping 740/6851: https://www.refurbed.de/p/dell-alienware-aurora-r13/
2025-11-30 02:19:21,427 - INFO - Scraping 741/6851: https://www.refurbed.de/p/dell-alienware-aurora-r8/
2025-11-30 02:19:22,856 - INFO - Scraping 742/6851: https://www.refurbed.de/p/dell-alienware-aw2518h-24-5/
2025-11-30 02:19:24,255 - INFO - Scraping 743/6851: https://www.refurbed.de/p/dell-alienware-aw2518hf-24-5/
2025-11-30 02:19:25,684 - INFO - Scraping 744/6851: https://www.refurbed.de/p/dell-alienware-aw2521hfa-24-5/
2025-11-30 02:19:27,094 - INFO - Scraping 745/6851: https://www.refurbed.de/p/dell-alienware-aw2521hfla-24-5/
2025-11-30 02:19:28,569 - INFO - Scraping 746/6851: https://www.refurbed.de/p/dell-alienware-aw2523hf/
2025-11-30 02:19:30,043 - INFO - Scraping 747/6851: https://www.refurbed.de/p/dell-alienware-aw2524hf/
2025-11-30 02:19:31,615 - INFO - Scraping 748/6851: https://www.refurbed.de/p/dell-alienware-aw2720hfa-27/
2025-11-30 02:19:33,170 - INFO - Scraping 749/6851: https://www.refurbed.de/p/dell-alienware-aw2721d/
2025-11-30 02:19:34,622 - INFO - Scraping 750/6851: https://www.refurbed.de/p/dell-alienware-aw2723df/
2025-11-30 02:19:36,029 - INFO - Scraping 751/6851: https://www.refurbed.de/p/dell-alienware-aw2724dm/
2025-11-30 02:19:37,638 - INFO - Scraping 752/6851: https://www.refurbed.de/p/dell-alienware-aw2724hf/
2025-11-30 02:19:39,150 - INFO - Scraping 753/6851: https://www.refurbed.de/p/dell-alienware-aw2725df/
2025-11-30 02:19:40,710 - INFO - Scraping 754/6851: https://www.refurbed.de/p/dell-alienware-aw2725qf-27/
2025-11-30 02:19:42,277 - INFO - Scraping 755/6851: https://www.refurbed.de/p/dell-alienware-aw3225qf-31-6/
2025-11-30 02:19:43,659 - INFO - Scraping 756/6851: https://www.refurbed.de/p/dell-alienware-aw3420dw-34/
2025-11-30 02:19:45,110 - INFO - Scraping 757/6851: https://www.refurbed.de/p/dell-alienware-aw3423dw-34-18/
2025-11-30 02:19:46,517 - INFO - Scraping 758/6851: https://www.refurbed.de/p/dell-alienware-aw3423dwf-34-18/
2025-11-30 02:19:47,893 - INFO - Scraping 759/6851: https://www.refurbed.de/p/dell-alienware-aw3821dw/
2025-11-30 02:19:49,299 - INFO - Scraping 760/6851: https://www.refurbed.de/p/dell-alienware-aw768-pro/
2025-11-30 02:19:50,711 - INFO - Scraping 761/6851: https://www.refurbed.de/p/dell-alienware-m15-r1-8750h-15-6/
2025-11-30 02:19:52,139 - INFO - Scraping 762/6851: https://www.refurbed.de/p/dell-alienware-m15-r2-i7-6700hq/
2025-11-30 02:19:52,414 - ERROR - Error fetching https://www.refurbed.de/p/dell-alienware-m15-r2-i7-6700hq/: 404 Client Error: Not Found for url: https://www.refurbed.de/p/dell-alienware-m15-r2-i7-6700hq/
2025-11-30 02:19:53,416 - INFO - Scraping 763/6851: https://www.refurbed.de/p/dell-alienware-m15-r2-i7-9750h/
2025-11-30 02:19:54,820 - INFO - Scraping 764/6851: https://www.refurbed.de/p/dell-alienware-m15-r5-7-5800h/
2025-11-30 02:19:56,309 - INFO - Scraping 765/6851: https://www.refurbed.de/p/dell-alienware-m15-r5-9-5900hx/
2025-11-30 02:19:57,749 - INFO - Scraping 766/6851: https://www.refurbed.de/p/dell-alienware-m15-r6-i5-11400h/
2025-11-30 02:19:59,368 - INFO - Scraping 767/6851: https://www.refurbed.de/p/dell-alienware-m15-r7-i7-12700h/
2025-11-30 02:20:00,878 - INFO - Scraping 768/6851: https://www.refurbed.de/p/dell-alienware-m17-r3-70870h/
2025-11-30 02:20:02,314 - INFO - Scraping 769/6851: https://www.refurbed.de/p/dell-alienware-m17-r4-10870h/
2025-11-30 02:20:03,752 - INFO - Scraping 770/6851: https://www.refurbed.de/p/dell-alienware-m18-r1-i9-13900hx/
2025-11-30 02:20:05,167 - INFO - Scraping 771/6851: https://www.refurbed.de/p/dell-alienware-x14-r1-i7-12700h/
2025-11-30 02:20:06,727 - INFO - Scraping 772/6851: https://www.refurbed.de/p/dell-alienware-x17-r2-12900hk/
2025-11-30 02:20:08,196 - INFO - Scraping 773/6851: https://www.refurbed.de/p/dell-alienware-x51-r3/
2025-11-30 02:20:08,458 - ERROR - Error fetching https://www.refurbed.de/p/dell-alienware-x51-r3/: 404 Client Error: Not Found for url: https://www.refurbed.de/p/dell-alienware-x51-r3/
2025-11-30 02:20:09,461 - INFO - Scraping 774/6851: https://www.refurbed.de/p/dell-c2422he-23-8/
2025-11-30 02:20:11,058 - INFO - Scraping 775/6851: https://www.refurbed.de/p/dell-c2423h-23-8/
2025-11-30 02:20:12,480 - INFO - Scraping 776/6851: https://www.refurbed.de/p/dell-c2722de-27/
2025-11-30 02:20:13,910 - INFO - Scraping 777/6851: https://www.refurbed.de/p/dell-c2723h-27/
2025-11-30 02:20:15,328 - INFO - Scraping 778/6851: https://www.refurbed.de/p/dell-c3422we-34/
2025-11-30 02:20:16,941 - INFO - Scraping 779/6851: https://www.refurbed.de/p/dell-c5518qt-55/
2025-11-30 02:20:18,383 - INFO - Scraping 780/6851: https://www.refurbed.de/p/dell-c5519q/
2025-11-30 02:20:19,846 - INFO - Scraping 781/6851: https://www.refurbed.de/p/dell-c5522qt-54-6/
2025-11-30 02:20:21,421 - INFO - Scraping 782/6851: https://www.refurbed.de/p/dell-c6522qt/
2025-11-30 02:20:22,881 - INFO - Scraping 783/6851: https://www.refurbed.de/p/dell-c7017t/
2025-11-30 02:20:24,321 - INFO - Scraping 784/6851: https://www.refurbed.de/p/dell-c7520qt/
2025-11-30 02:20:25,992 - INFO - Scraping 785/6851: https://www.refurbed.de/p/dell-c8618qt-86/
2025-11-30 02:20:27,481 - INFO - Scraping 786/6851: https://www.refurbed.de/p/dell-c8621qt/
2025-11-30 02:20:28,889 - INFO - Scraping 787/6851: https://www.refurbed.de/p/dell-canvas-27/
2025-11-30 02:20:30,302 - INFO - Scraping 788/6851: https://www.refurbed.de/p/dell-cb-3110-2-in-1-n4500/
2025-11-30 02:20:31,736 - INFO - Scraping 789/6851: https://www.refurbed.de/p/dell-cb-3110-2-in-1-n5100/
2025-11-30 02:20:33,136 - INFO - Scraping 790/6851: https://www.refurbed.de/p/dell-chromebook-11-3120-n2840/
2025-11-30 02:20:34,686 - INFO - Scraping 791/6851: https://www.refurbed.de/p/dell-chromebook-11-3180-n3060/
2025-11-30 02:20:36,319 - INFO - Scraping 792/6851: https://www.refurbed.de/p/dell-chromebook-11-3189-n3060/
2025-11-30 02:20:37,796 - INFO - Scraping 793/6851: https://www.refurbed.de/p/dell-chromebook-3100-n4020/
2025-11-30 02:20:39,347 - INFO - Scraping 794/6851: https://www.refurbed.de/p/dell-da200/
2025-11-30 02:20:40,772 - INFO - Scraping 795/6851: https://www.refurbed.de/p/dell-da65ns3-00/
2025-11-30 02:20:42,206 - INFO - Scraping 796/6851: https://www.refurbed.de/p/dell-dock-3000/
2025-11-30 02:20:43,671 - INFO - Scraping 797/6851: https://www.refurbed.de/p/dell-dock-d1000/
2025-11-30 02:20:45,161 - INFO - Scraping 798/6851: https://www.refurbed.de/p/dell-dock-d3100/
2025-11-30 02:20:46,666 - INFO - Scraping 799/6851: https://www.refurbed.de/p/dell-dock-d6000/
2025-11-30 02:20:48,179 - INFO - Scraping 800/6851: https://www.refurbed.de/p/dell-dock-d6000s/
2025-11-30 02:20:49,630 - INFO - Scraping 801/6851: https://www.refurbed.de/p/dell-dock-wd15/
2025-11-30 02:20:51,104 - INFO - Scraping 802/6851: https://www.refurbed.de/p/dell-dock-wd19/
2025-11-30 02:20:52,533 - INFO - Scraping 803/6851: https://www.refurbed.de/p/dell-dock-wd19s/
2025-11-30 02:20:54,000 - INFO - Scraping 804/6851: https://www.refurbed.de/p/dell-e-port-pr03x-dock/
2025-11-30 02:20:55,455 - INFO - Scraping 805/6851: https://www.refurbed.de/p/dell-e1715s-17/
2025-11-30 02:20:56,855 - INFO - Scraping 806/6851: https://www.refurbed.de/p/dell-e1908wfp-19/
2025-11-30 02:20:58,407 - INFO - Scraping 807/6851: https://www.refurbed.de/p/dell-e1912h-18-5/
2025-11-30 02:20:59,845 - INFO - Scraping 808/6851: https://www.refurbed.de/p/dell-e1916h-18-5/
2025-11-30 02:21:01,249 - INFO - Scraping 809/6851: https://www.refurbed.de/p/dell-e1916hv-18-5/
2025-11-30 02:21:02,734 - INFO - Scraping 810/6851: https://www.refurbed.de/p/dell-e1920h-18-5/
2025-11-30 02:21:04,187 - INFO - Scraping 811/6851: https://www.refurbed.de/p/dell-e2014h/
2025-11-30 02:21:05,680 - INFO - Scraping 812/6851: https://www.refurbed.de/p/dell-e2016h-19-5/
2025-11-30 02:21:07,287 - INFO - Scraping 813/6851: https://www.refurbed.de/p/dell-e2016hv-19-5/
2025-11-30 02:21:08,686 - INFO - Scraping 814/6851: https://www.refurbed.de/p/dell-e2020h-19-5/
2025-11-30 02:21:10,079 - INFO - Scraping 815/6851: https://www.refurbed.de/p/dell-e2211h-21/
2025-11-30 02:21:11,539 - INFO - Scraping 816/6851: https://www.refurbed.de/p/dell-e2214h-21/
2025-11-30 02:21:13,102 - INFO - Scraping 817/6851: https://www.refurbed.de/p/dell-e2216h-21/
2025-11-30 02:21:14,621 - INFO - Scraping 818/6851: https://www.refurbed.de/p/dell-e2216hv-21/
2025-11-30 02:21:16,154 - INFO - Scraping 819/6851: https://www.refurbed.de/p/dell-e2218hn/
2025-11-30 02:21:17,541 - INFO - Scraping 820/6851: https://www.refurbed.de/p/dell-e2221hn-21-5/
2025-11-30 02:21:19,051 - INFO - Scraping 821/6851: https://www.refurbed.de/p/dell-e2222h-21-5/
2025-11-30 02:21:20,548 - INFO - Scraping 822/6851: https://www.refurbed.de/p/dell-e2222hs-21-5/
2025-11-30 02:21:21,970 - INFO - Scraping 823/6851: https://www.refurbed.de/p/dell-e2223hn-21-5/
2025-11-30 02:21:23,455 - INFO - Scraping 824/6851: https://www.refurbed.de/p/dell-e2223hv-21-5/
2025-11-30 02:21:24,893 - INFO - Scraping 825/6851: https://www.refurbed.de/p/dell-e2311h-23/
2025-11-30 02:21:26,322 - INFO - Scraping 826/6851: https://www.refurbed.de/p/dell-e2316h-23/
2025-11-30 02:21:27,884 - INFO - Scraping 827/6851: https://www.refurbed.de/p/dell-e2318h/
2025-11-30 02:21:29,339 - INFO - Scraping 828/6851: https://www.refurbed.de/p/dell-e2414h-24/
2025-11-30 02:21:30,766 - INFO - Scraping 829/6851: https://www.refurbed.de/p/dell-e2416h-24/
2025-11-30 02:21:32,199 - INFO - Scraping 830/6851: https://www.refurbed.de/p/dell-e2417h-23-8/
2025-11-30 02:21:33,809 - INFO - Scraping 831/6851: https://www.refurbed.de/p/dell-e2420h/
2025-11-30 02:21:35,272 - INFO - Scraping 832/6851: https://www.refurbed.de/p/dell-e2420hs-23-8/
2025-11-30 02:21:36,967 - INFO - Scraping 833/6851: https://www.refurbed.de/p/dell-e2422h/
2025-11-30 02:21:38,496 - INFO - Scraping 834/6851: https://www.refurbed.de/p/dell-e2422hn-23-8/
2025-11-30 02:21:40,000 - INFO - Scraping 835/6851: https://www.refurbed.de/p/dell-e2422hs/
2025-11-30 02:21:41,549 - INFO - Scraping 836/6851: https://www.refurbed.de/p/dell-e2423h-23-8/
2025-11-30 02:21:43,139 - INFO - Scraping 837/6851: https://www.refurbed.de/p/dell-e2423hn-23-8/
2025-11-30 02:21:44,859 - INFO - Scraping 838/6851: https://www.refurbed.de/p/dell-e2424hs/
2025-11-30 02:21:46,388 - INFO - Scraping 839/6851: https://www.refurbed.de/p/dell-e2425h/
2025-11-30 02:21:47,928 - INFO - Scraping 840/6851: https://www.refurbed.de/p/dell-e2720hs/
2025-11-30 02:21:49,358 - INFO - Scraping 841/6851: https://www.refurbed.de/p/dell-e2722h-27/
2025-11-30 02:21:50,835 - INFO - Scraping 842/6851: https://www.refurbed.de/p/dell-e2722hs/
2025-11-30 02:21:52,235 - INFO - Scraping 843/6851: https://www.refurbed.de/p/dell-e2723h-27/
2025-11-30 02:21:53,640 - INFO - Scraping 844/6851: https://www.refurbed.de/p/dell-e2723hn-27/
2025-11-30 02:21:55,060 - INFO - Scraping 845/6851: https://www.refurbed.de/p/dell-e2724hs-27/
2025-11-30 02:21:56,485 - INFO - Scraping 846/6851: https://www.refurbed.de/p/dell-e2725h/
2025-11-30 02:21:58,032 - INFO - Scraping 847/6851: https://www.refurbed.de/p/dell-g15-5510-i7-10870h/
2025-11-30 02:21:59,440 - INFO - Scraping 848/6851: https://www.refurbed.de/p/dell-g15-5511-i7-11800h/
2025-11-30 02:22:00,889 - INFO - Scraping 849/6851: https://www.refurbed.de/p/dell-g15-5515-r7-5800h-15-6/
2025-11-30 02:22:02,298 - INFO - Scraping 850/6851: https://www.refurbed.de/p/dell-g16-7630-i7-13650hx/
2025-11-30 02:22:03,815 - INFO - Scraping 851/6851: https://www.refurbed.de/p/dell-g16-7630-i9-13900hx/
2025-11-30 02:22:05,972 - INFO - Scraping 852/6851: https://www.refurbed.de/p/dell-g2410-24/
2025-11-30 02:22:07,811 - INFO - Scraping 853/6851: https://www.refurbed.de/p/dell-g2422hs-23-8/
2025-11-30 02:22:09,414 - INFO - Scraping 854/6851: https://www.refurbed.de/p/dell-g2524h-24-5/
2025-11-30 02:22:10,934 - INFO - Scraping 855/6851: https://www.refurbed.de/p/dell-g2722hs-27/
2025-11-30 02:22:12,552 - INFO - Scraping 856/6851: https://www.refurbed.de/p/dell-g2723h-27/
2025-11-30 02:22:14,000 - INFO - Scraping 857/6851: https://www.refurbed.de/p/dell-g2723hn-27/
2025-11-30 02:22:15,445 - INFO - Scraping 858/6851: https://www.refurbed.de/p/dell-g2724d-27/
2025-11-30 02:22:16,874 - INFO - Scraping 859/6851: https://www.refurbed.de/p/dell-g2725d-27/
2025-11-30 02:22:18,294 - INFO - Scraping 860/6851: https://www.refurbed.de/p/dell-g3-15-3500-10750h/
2025-11-30 02:22:19,690 - INFO - Scraping 861/6851: https://www.refurbed.de/p/dell-g3-15-3579-i5-8300h-15-6/
2025-11-30 02:22:21,192 - INFO - Scraping 862/6851: https://www.refurbed.de/p/dell-g3-15-3590-9750h-15-6/
2025-11-30 02:22:22,761 - INFO - Scraping 863/6851: https://www.refurbed.de/p/dell-g3-15-3590-i5-9300h-15-6/
2025-11-30 02:22:24,401 - INFO - Scraping 864/6851: https://www.refurbed.de/p/dell-g3223d-31-5/
2025-11-30 02:22:25,806 - INFO - Scraping 865/6851: https://www.refurbed.de/p/dell-g3223q-32/
2025-11-30 02:22:27,389 - INFO - Scraping 866/6851: https://www.refurbed.de/p/dell-g5-15-i5-8300h/
2025-11-30 02:22:28,880 - INFO - Scraping 867/6851: https://www.refurbed.de/p/dell-g5-15-se-5505-5-4600h/
2025-11-30 02:22:30,280 - INFO - Scraping 868/6851: https://www.refurbed.de/p/dell-ha45nm131/
2025-11-30 02:22:31,654 - INFO - Scraping 869/6851: https://www.refurbed.de/p/dell-inspi-13-7306-2-in-1-1135g7/
2025-11-30 02:22:33,067 - INFO - Scraping 870/6851: https://www.refurbed.de/p/dell-inspi-13-7306-2-in-1-1165g7/
2025-11-30 02:22:34,469 - INFO - Scraping 871/6851: https://www.refurbed.de/p/dell-inspi-13-7378-i7-7500u/
2025-11-30 02:22:34,734 - ERROR - Error fetching https://www.refurbed.de/p/dell-inspi-13-7378-i7-7500u/: 404 Client Error: Not Found for url: https://www.refurbed.de/p/dell-inspi-13-7378-i7-7500u/
2025-11-30 02:22:35,737 - INFO - Scraping 872/6851: https://www.refurbed.de/p/dell-inspi-13-7386-2-in-1-8565u/
2025-11-30 02:22:37,185 - INFO - Scraping 873/6851: https://www.refurbed.de/p/dell-inspi-13-7391-2-in-1-10510u/
2025-11-30 02:22:38,576 - INFO - Scraping 874/6851: https://www.refurbed.de/p/dell-inspi-13-7391-i5-10210u/
2025-11-30 02:22:39,976 - INFO - Scraping 875/6851: https://www.refurbed.de/p/dell-inspi-7320-1165g7/
2025-11-30 02:22:41,500 - INFO - Scraping 876/6851: https://www.refurbed.de/p/dell-inspir-15-5579-2-in-1-8250u/
2025-11-30 02:22:42,950 - INFO - Scraping 877/6851: https://www.refurbed.de/p/dell-inspir-16-7620-2-in-1-1260p/
2025-11-30 02:22:44,349 - INFO - Scraping 878/6851: https://www.refurbed.de/p/dell-inspirion-14-5400-i7-1065g7/
2025-11-30 02:22:45,799 - INFO - Scraping 879/6851: https://www.refurbed.de/p/dell-inspirion-14-5400/
2025-11-30 02:22:47,193 - INFO - Scraping 880/6851: https://www.refurbed.de/p/dell-inspirion-14-5410-i5-11320h/
2025-11-30 02:22:48,599 - INFO - Scraping 881/6851: https://www.refurbed.de/p/dell-inspirion-14-5410-i5-1155g7/
2025-11-30 02:22:50,158 - INFO - Scraping 882/6851: https://www.refurbed.de/p/dell-inspirion-14-5410-i7-1195g7/
2025-11-30 02:22:51,561 - INFO - Scraping 883/6851: https://www.refurbed.de/p/dell-inspirion-14-7420-i7-1255u/
2025-11-30 02:22:52,991 - INFO - Scraping 884/6851: https://www.refurbed.de/p/dell-inspirion-17-5749-i3-5005u/
2025-11-30 02:22:53,255 - ERROR - Error fetching https://www.refurbed.de/p/dell-inspirion-17-5749-i3-5005u/: 404 Client Error: Not Found for url: https://www.refurbed.de/p/dell-inspirion-17-5749-i3-5005u/
2025-11-30 02:22:54,257 - INFO - Scraping 885/6851: https://www.refurbed.de/p/dell-inspirion-17-5758-i3-5015u/
2025-11-30 02:22:54,512 - ERROR - Error fetching https://www.refurbed.de/p/dell-inspirion-17-5758-i3-5015u/: 404 Client Error: Not Found for url: https://www.refurbed.de/p/dell-inspirion-17-5758-i3-5015u/
2025-11-30 02:22:55,514 - INFO - Scraping 886/6851: https://www.refurbed.de/p/dell-inspirion-17-7791-i7-10510u/
2025-11-30 02:22:56,970 - INFO - Scraping 887/6851: https://www.refurbed.de/p/dell-inspiro-16-plus-7620-12700h/
2025-11-30 02:22:58,368 - INFO - Scraping 888/6851: https://www.refurbed.de/p/dell-inspiron-13-5301-i5-1135g7/
2025-11-30 02:22:59,938 - INFO - Scraping 889/6851: https://www.refurbed.de/p/dell-inspiron-13-5310-i5-11300h/
2025-11-30 02:23:01,334 - INFO - Scraping 890/6851: https://www.refurbed.de/p/dell-inspiron-13-5378-i5-7200u/
2025-11-30 02:23:01,614 - ERROR - Error fetching https://www.refurbed.de/p/dell-inspiron-13-5378-i5-7200u/: 404 Client Error: Not Found for url: https://www.refurbed.de/p/dell-inspiron-13-5378-i5-7200u/
2025-11-30 02:23:02,616 - INFO - Scraping 891/6851: https://www.refurbed.de/p/dell-inspiron-13-5378-i5-8250u/
2025-11-30 02:23:04,024 - INFO - Scraping 892/6851: https://www.refurbed.de/p/dell-inspiron-13-5391-i5-10210u/
2025-11-30 02:23:05,466 - INFO - Scraping 893/6851: https://www.refurbed.de/p/dell-inspiron-13-7353-6500u-13/
2025-11-30 02:23:05,721 - ERROR - Error fetching https://www.refurbed.de/p/dell-inspiron-13-7353-6500u-13/: 404 Client Error: Not Found for url: https://www.refurbed.de/p/dell-inspiron-13-7353-6500u-13/
2025-11-30 02:23:06,724 - INFO - Scraping 894/6851: https://www.refurbed.de/p/dell-inspiron-13-7373-i5-8250u/
2025-11-30 02:23:08,122 - INFO - Scraping 895/6851: https://www.refurbed.de/p/dell-inspiron-14-5402-1135g7-14/
2025-11-30 02:23:09,646 - INFO - Scraping 896/6851: https://www.refurbed.de/p/dell-inspiron-14-5406/
2025-11-30 02:23:11,059 - INFO - Scraping 897/6851: https://www.refurbed.de/p/dell-inspiron-14-5410-i5-1135g7/
2025-11-30 02:23:11,338 - ERROR - Error fetching https://www.refurbed.de/p/dell-inspiron-14-5410-i5-1135g7/: 404 Client Error: Not Found for url: https://www.refurbed.de/p/dell-inspiron-14-5410-i5-1135g7/
2025-11-30 02:23:12,340 - INFO - Scraping 898/6851: https://www.refurbed.de/p/dell-inspiron-15-3000-i5-1035g1/
2025-11-30 02:23:13,750 - INFO - Scraping 899/6851: https://www.refurbed.de/p/dell-inspiron-15-3501-i3-1115g4/
2025-11-30 02:23:15,167 - INFO - Scraping 900/6851: https://www.refurbed.de/p/dell-inspiron-15-3501-i5-1035g1/
2025-11-30 02:23:16,658 - INFO - Scraping 901/6851: https://www.refurbed.de/p/dell-inspiron-15-3505-5300u/
2025-11-30 02:23:18,117 - INFO - Scraping 902/6851: https://www.refurbed.de/p/dell-inspiron-15-3511-i3-1115g4/
2025-11-30 02:23:19,624 - INFO - Scraping 903/6851: https://www.refurbed.de/p/dell-inspiron-15-3511-i5-1035g1/
2025-11-30 02:23:21,036 - INFO - Scraping 904/6851: https://www.refurbed.de/p/dell-inspiron-15-3520-i3-1215u/
2025-11-30 02:23:22,487 - INFO - Scraping 905/6851: https://www.refurbed.de/p/dell-inspiron-15-3520-i7-1255u/
2025-11-30 02:23:23,886 - INFO - Scraping 906/6851: https://www.refurbed.de/p/dell-inspiron-15-3567-7200u-15-6/
2025-11-30 02:23:24,139 - ERROR - Error fetching https://www.refurbed.de/p/dell-inspiron-15-3567-7200u-15-6/: 404 Client Error: Not Found for url: https://www.refurbed.de/p/dell-inspiron-15-3567-7200u-15-6/
2025-11-30 02:23:25,142 - INFO - Scraping 907/6851: https://www.refurbed.de/p/dell-inspiron-15-3567-i3-6006u/
2025-11-30 02:23:25,852 - ERROR - Error fetching https://www.refurbed.de/p/dell-inspiron-15-3567-i3-6006u/: 404 Client Error: Not Found for url: https://www.refurbed.de/p/dell-inspiron-15-3567-i3-6006u/
2025-11-30 02:23:26,854 - INFO - Scraping 908/6851: https://www.refurbed.de/p/dell-inspiron-15-3576-i5-8250u/
2025-11-30 02:23:28,301 - INFO - Scraping 909/6851: https://www.refurbed.de/p/dell-inspiron-15-3580-8145u-15-6/
2025-11-30 02:23:29,735 - INFO - Scraping 910/6851: https://www.refurbed.de/p/dell-inspiron-15-3580-8165u-15-6/
2025-11-30 02:23:30,002 - ERROR - Error fetching https://www.refurbed.de/p/dell-inspiron-15-3580-8165u-15-6/: 404 Client Error: Not Found for url: https://www.refurbed.de/p/dell-inspiron-15-3580-8165u-15-6/
2025-11-30 02:23:31,004 - INFO - Scraping 911/6851: https://www.refurbed.de/p/dell-inspiron-15-3583-i3-8145u/
2025-11-30 02:23:32,450 - INFO - Scraping 912/6851: https://www.refurbed.de/p/dell-inspiron-15-3583-i5-8265u/
2025-11-30 02:23:33,916 - INFO - Scraping 913/6851: https://www.refurbed.de/p/dell-inspiron-15-3590-i5-10210u/
2025-11-30 02:23:34,172 - ERROR - Error fetching https://www.refurbed.de/p/dell-inspiron-15-3590-i5-10210u/: 404 Client Error: Not Found for url: https://www.refurbed.de/p/dell-inspiron-15-3590-i5-10210u/
2025-11-30 02:23:35,174 - INFO - Scraping 914/6851: https://www.refurbed.de/p/dell-inspiron-15-3593-i5-1035g1/
2025-11-30 02:23:36,601 - INFO - Scraping 915/6851: https://www.refurbed.de/p/dell-inspiron-15-3593-i7-1065g7/
2025-11-30 02:23:38,045 - INFO - Scraping 916/6851: https://www.refurbed.de/p/dell-inspiron-15-5505-4500u/
2025-11-30 02:23:39,478 - INFO - Scraping 917/6851: https://www.refurbed.de/p/dell-inspiron-15-5548-i5-5200u/
2025-11-30 02:23:39,733 - ERROR - Error fetching https://www.refurbed.de/p/dell-inspiron-15-5548-i5-5200u/: 404 Client Error: Not Found for url: https://www.refurbed.de/p/dell-inspiron-15-5548-i5-5200u/
2025-11-30 02:23:40,735 - INFO - Scraping 918/6851: https://www.refurbed.de/p/dell-inspiron-15-5559-6200u-15-6/
2025-11-30 02:23:41,012 - ERROR - Error fetching https://www.refurbed.de/p/dell-inspiron-15-5559-6200u-15-6/: 404 Client Error: Not Found for url: https://www.refurbed.de/p/dell-inspiron-15-5559-6200u-15-6/
2025-11-30 02:23:42,015 - INFO - Scraping 919/6851: https://www.refurbed.de/p/dell-inspiron-15-5565-fx-9800p/
2025-11-30 02:23:42,278 - ERROR - Error fetching https://www.refurbed.de/p/dell-inspiron-15-5565-fx-9800p/: 404 Client Error: Not Found for url: https://www.refurbed.de/p/dell-inspiron-15-5565-fx-9800p/
2025-11-30 02:23:43,280 - INFO - Scraping 920/6851: https://www.refurbed.de/p/dell-inspiron-15-5567-7200u-15-6/
2025-11-30 02:23:43,544 - ERROR - Error fetching https://www.refurbed.de/p/dell-inspiron-15-5567-7200u-15-6/: 404 Client Error: Not Found for url: https://www.refurbed.de/p/dell-inspiron-15-5567-7200u-15-6/
2025-11-30 02:23:44,546 - INFO - Scraping 921/6851: https://www.refurbed.de/p/dell-inspiron-15-5567-7500u-15-6/
2025-11-30 02:23:44,832 - ERROR - Error fetching https://www.refurbed.de/p/dell-inspiron-15-5567-7500u-15-6/: 404 Client Error: Not Found for url: https://www.refurbed.de/p/dell-inspiron-15-5567-7500u-15-6/
2025-11-30 02:23:45,834 - INFO - Scraping 922/6851: https://www.refurbed.de/p/dell-inspiron-15-5568-i7-8550u/
2025-11-30 02:23:47,238 - INFO - Scraping 923/6851: https://www.refurbed.de/p/dell-inspiron-15-5570-8250u/
2025-11-30 02:23:48,699 - INFO - Scraping 924/6851: https://www.refurbed.de/p/dell-inspiron-15-5570-i7-8550u/
2025-11-30 02:23:50,592 - INFO - Scraping 925/6851: https://www.refurbed.de/p/dell-inspiron-15-5578-7200u/
2025-11-30 02:23:50,894 - ERROR - Error fetching https://www.refurbed.de/p/dell-inspiron-15-5578-7200u/: 404 Client Error: Not Found for url: https://www.refurbed.de/p/dell-inspiron-15-5578-7200u/
2025-11-30 02:23:51,896 - INFO - Scraping 926/6851: https://www.refurbed.de/p/dell-inspiron-15-5584-i7-8565u/
2025-11-30 02:23:53,487 - INFO - Scraping 927/6851: https://www.refurbed.de/p/dell-inspiron-15-5590-i5-10210u/
2025-11-30 02:23:54,893 - INFO - Scraping 928/6851: https://www.refurbed.de/p/dell-inspiron-15-5591-2-in-1/
2025-11-30 02:23:56,353 - INFO - Scraping 929/6851: https://www.refurbed.de/p/dell-inspiron-15-5593-i5-1035g1/
2025-11-30 02:23:58,131 - INFO - Scraping 930/6851: https://www.refurbed.de/p/dell-inspiron-15-7501-i5-10300h/
2025-11-30 02:23:59,540 - INFO - Scraping 931/6851: https://www.refurbed.de/p/dell-inspiron-15-7506-i5-1135g7/
2025-11-30 02:24:00,984 - INFO - Scraping 932/6851: https://www.refurbed.de/p/dell-inspiron-15-7548-i5-5200u/
2025-11-30 02:24:01,251 - ERROR - Error fetching https://www.refurbed.de/p/dell-inspiron-15-7548-i5-5200u/: 404 Client Error: Not Found for url: https://www.refurbed.de/p/dell-inspiron-15-7548-i5-5200u/
2025-11-30 02:24:02,253 - INFO - Scraping 933/6851: https://www.refurbed.de/p/dell-inspiron-15-7569-i7-8550u/
2025-11-30 02:24:03,694 - INFO - Scraping 934/6851: https://www.refurbed.de/p/dell-inspiron-15-7570-8550u-15-6/
2025-11-30 02:24:05,193 - INFO - Scraping 935/6851: https://www.refurbed.de/p/dell-inspiron-15-7570-i5-8250u/
2025-11-30 02:24:06,606 - INFO - Scraping 936/6851: https://www.refurbed.de/p/dell-inspiron-15-7579-7500u-15-6/
2025-11-30 02:24:06,901 - ERROR - Error fetching https://www.refurbed.de/p/dell-inspiron-15-7579-7500u-15-6/: 404 Client Error: Not Found for url: https://www.refurbed.de/p/dell-inspiron-15-7579-7500u-15-6/
2025-11-30 02:24:07,904 - INFO - Scraping 937/6851: https://www.refurbed.de/p/dell-inspiron-15-7586-i7-8565u/
2025-11-30 02:24:09,327 - INFO - Scraping 938/6851: https://www.refurbed.de/p/dell-inspiron-15-7590-i5-9300h/
2025-11-30 02:24:10,773 - INFO - Scraping 939/6851: https://www.refurbed.de/p/dell-inspiron-15-7590-i7-9750h/
2025-11-30 02:24:12,188 - INFO - Scraping 940/6851: https://www.refurbed.de/p/dell-inspiron-15-7591-2-1-10210u/
2025-11-30 02:24:13,679 - INFO - Scraping 941/6851: https://www.refurbed.de/p/dell-inspiron-15-7591-i7-10510u/
2025-11-30 02:24:15,110 - INFO - Scraping 942/6851: https://www.refurbed.de/p/dell-inspiron-16-5620-i7-1255u/
2025-11-30 02:24:16,506 - INFO - Scraping 943/6851: https://www.refurbed.de/p/dell-inspiron-16-plus-7610/
2025-11-30 02:24:17,973 - INFO - Scraping 944/6851: https://www.refurbed.de/p/dell-inspiron-17-7773-i5-8250u/
2025-11-30 02:24:19,529 - INFO - Scraping 945/6851: https://www.refurbed.de/p/dell-inspiron-17-7773-i7-8550u/
2025-11-30 02:24:20,955 - INFO - Scraping 946/6851: https://www.refurbed.de/p/dell-inspiron-3780-i7-8565u/
2025-11-30 02:24:21,219 - ERROR - Error fetching https://www.refurbed.de/p/dell-inspiron-3780-i7-8565u/: 404 Client Error: Not Found for url: https://www.refurbed.de/p/dell-inspiron-3780-i7-8565u/
2025-11-30 02:24:22,220 - INFO - Scraping 947/6851: https://www.refurbed.de/p/dell-inspiron-3780-i7-8665u/
2025-11-30 02:24:22,489 - ERROR - Error fetching https://www.refurbed.de/p/dell-inspiron-3780-i7-8665u/: 404 Client Error: Not Found for url: https://www.refurbed.de/p/dell-inspiron-3780-i7-8665u/
2025-11-30 02:24:23,491 - INFO - Scraping 948/6851: https://www.refurbed.de/p/dell-inspiron-3793-i3-1005g1/
2025-11-30 02:24:24,939 - INFO - Scraping 949/6851: https://www.refurbed.de/p/dell-inspiron-3793-i5-1035g1/
2025-11-30 02:24:26,391 - INFO - Scraping 950/6851: https://www.refurbed.de/p/dell-inspiron-5379-i7-8550u/
2025-11-30 02:24:27,850 - INFO - Scraping 951/6851: https://www.refurbed.de/p/dell-inspiron-5480-8265u-14/
2025-11-30 02:24:29,268 - INFO - Scraping 952/6851: https://www.refurbed.de/p/dell-inspiron-5482-8265u-14/
2025-11-30 02:24:29,529 - ERROR - Error fetching https://www.refurbed.de/p/dell-inspiron-5482-8265u-14/: 404 Client Error: Not Found for url: https://www.refurbed.de/p/dell-inspiron-5482-8265u-14/
2025-11-30 02:24:30,531 - INFO - Scraping 953/6851: https://www.refurbed.de/p/dell-inspiron-5490-10210u/
2025-11-30 02:24:30,797 - ERROR - Error fetching https://www.refurbed.de/p/dell-inspiron-5490-10210u/: 404 Client Error: Not Found for url: https://www.refurbed.de/p/dell-inspiron-5490-10210u/
2025-11-30 02:24:31,799 - INFO - Scraping 954/6851: https://www.refurbed.de/p/dell-inspiron-5490-10510u-14/
2025-11-30 02:24:33,201 - INFO - Scraping 955/6851: https://www.refurbed.de/p/dell-inspiron-5490-8050u/
2025-11-30 02:24:34,632 - INFO - Scraping 956/6851: https://www.refurbed.de/p/dell-inspiron-5491-10110u-14/
2025-11-30 02:24:36,105 - INFO - Scraping 957/6851: https://www.refurbed.de/p/dell-inspiron-5491-2in1-i5/
2025-11-30 02:24:36,562 - ERROR - Error fetching https://www.refurbed.de/p/dell-inspiron-5491-2in1-i5/: 404 Client Error: Not Found for url: https://www.refurbed.de/p/dell-inspiron-5491-2in1-i5/
2025-11-30 02:24:37,564 - INFO - Scraping 958/6851: https://www.refurbed.de/p/dell-inspiron-5491-i5-10210u/
2025-11-30 02:24:39,050 - INFO - Scraping 959/6851: https://www.refurbed.de/p/dell-inspiron-5493-1035g1/
2025-11-30 02:24:40,660 - INFO - Scraping 960/6851: https://www.refurbed.de/p/dell-inspiron-5580-8265u-156/
2025-11-30 02:24:42,068 - INFO - Scraping 961/6851: https://www.refurbed.de/p/dell-inspiron-5770-8250u/
2025-11-30 02:24:43,491 - INFO - Scraping 962/6851: https://www.refurbed.de/p/dell-inspiron-5770-8550u/
2025-11-30 02:24:44,906 - INFO - Scraping 963/6851: https://www.refurbed.de/p/dell-inspiron-7380-i5-8265u-13/
2025-11-30 02:24:45,165 - ERROR - Error fetching https://www.refurbed.de/p/dell-inspiron-7380-i5-8265u-13/: 404 Client Error: Not Found for url: https://www.refurbed.de/p/dell-inspiron-7380-i5-8265u-13/
2025-11-30 02:24:46,167 - INFO - Scraping 964/6851: https://www.refurbed.de/p/dell-inspiron-7380-i7-7660u-13/
2025-11-30 02:24:46,428 - ERROR - Error fetching https://www.refurbed.de/p/dell-inspiron-7380-i7-7660u-13/: 404 Client Error: Not Found for url: https://www.refurbed.de/p/dell-inspiron-7380-i7-7660u-13/
2025-11-30 02:24:47,431 - INFO - Scraping 965/6851: https://www.refurbed.de/p/dell-inspiron-7380-i7-8565u-13/
2025-11-30 02:24:48,891 - INFO - Scraping 966/6851: https://www.refurbed.de/p/dell-inspiron-7506-2in1-1165g7/
2025-11-30 02:24:50,758 - INFO - Scraping 967/6851: https://www.refurbed.de/p/dell-inspiron-7573-i5-8250u/
2025-11-30 02:24:52,254 - INFO - Scraping 968/6851: https://www.refurbed.de/p/dell-inspiron-7573-i7-8550u/
2025-11-30 02:24:53,703 - INFO - Scraping 969/6851: https://www.refurbed.de/p/dell-k10a/
2025-11-30 02:24:55,159 - INFO - Scraping 970/6851: https://www.refurbed.de/p/dell-k17a-wd15/
2025-11-30 02:24:56,564 - INFO - Scraping 971/6851: https://www.refurbed.de/p/dell-kb212-b/
2025-11-30 02:24:58,030 - INFO - Scraping 972/6851: https://www.refurbed.de/p/dell-kb216/
2025-11-30 02:24:59,544 - INFO - Scraping 973/6851: https://www.refurbed.de/p/dell-km713/
2025-11-30 02:25:00,954 - INFO - Scraping 974/6851: https://www.refurbed.de/p/dell-la180pm180/
2025-11-30 02:25:02,513 - INFO - Scraping 975/6851: https://www.refurbed.de/p/dell-la65ne1/
2025-11-30 02:25:03,967 - INFO - Scraping 976/6851: https://www.refurbed.de/p/dell-la90pm130/
2025-11-30 02:25:05,542 - INFO - Scraping 977/6851: https://www.refurbed.de/p/dell-la90ps0-00/
2025-11-30 02:25:07,021 - INFO - Scraping 978/6851: https://www.refurbed.de/p/dell-lat-5424-rugged-i3-7130u/
2025-11-30 02:25:07,286 - ERROR - Error fetching https://www.refurbed.de/p/dell-lat-5424-rugged-i3-7130u/: 404 Client Error: Not Found for url: https://www.refurbed.de/p/dell-lat-5424-rugged-i3-7130u/
2025-11-30 02:25:08,288 - INFO - Scraping 979/6851: https://www.refurbed.de/p/dell-lat-5424-rugged-i5-8350u/
2025-11-30 02:25:09,707 - INFO - Scraping 980/6851: https://www.refurbed.de/p/dell-lat-5424-rugged-i7-8650u/
2025-11-30 02:25:11,335 - INFO - Scraping 981/6851: https://www.refurbed.de/p/dell-lat-7030-rugg-extrem-1240u/
2025-11-30 02:25:12,912 - INFO - Scraping 982/6851: https://www.refurbed.de/p/dell-lat-7030-rugg-extrem-1260u/
2025-11-30 02:25:14,302 - INFO - Scraping 983/6851: https://www.refurbed.de/p/dell-lat-7230-rugg-extrem-1210u/
2025-11-30 02:25:16,033 - INFO - Scraping 984/6851: https://www.refurbed.de/p/dell-lat-7230-rugg-extrem-1240u/
2025-11-30 02:25:17,552 - INFO - Scraping 985/6851: https://www.refurbed.de/p/dell-lat-7230-rugg-extrem-1260u/
2025-11-30 02:25:19,100 - INFO - Scraping 986/6851: https://www.refurbed.de/p/dell-lat-7424-rugg-extreme-8650u/
2025-11-30 02:25:20,517 - INFO - Scraping 987/6851: https://www.refurbed.de/p/dell-lat-7424-rugged-extreme/
2025-11-30 02:25:21,959 - INFO - Scraping 988/6851: https://www.refurbed.de/p/dell-lati-5591-156-i5-8300h/
2025-11-30 02:25:23,362 - INFO - Scraping 989/6851: https://www.refurbed.de/p/dell-lati-5591-156-i5-8400h/
2025-11-30 02:25:24,840 - INFO - Scraping 990/6851: https://www.refurbed.de/p/dell-lati-5591-156-i7-8550h/
2025-11-30 02:25:25,099 - ERROR - Error fetching https://www.refurbed.de/p/dell-lati-5591-156-i7-8550h/: 404 Client Error: Not Found for url: https://www.refurbed.de/p/dell-lati-5591-156-i7-8550h/
2025-11-30 02:25:26,100 - INFO - Scraping 991/6851: https://www.refurbed.de/p/dell-lati-5591-156-i7-8850h/
2025-11-30 02:25:28,058 - INFO - Scraping 992/6851: https://www.refurbed.de/p/dell-latitude-11-3150-n3540/
2025-11-30 02:25:28,320 - ERROR - Error fetching https://www.refurbed.de/p/dell-latitude-11-3150-n3540/: 404 Client Error: Not Found for url: https://www.refurbed.de/p/dell-latitude-11-3150-n3540/
2025-11-30 02:25:29,322 - INFO - Scraping 993/6851: https://www.refurbed.de/p/dell-latitude-11-5175-tablet/
2025-11-30 02:25:29,577 - ERROR - Error fetching https://www.refurbed.de/p/dell-latitude-11-5175-tablet/: 404 Client Error: Not Found for url: https://www.refurbed.de/p/dell-latitude-11-5175-tablet/
2025-11-30 02:25:30,579 - INFO - Scraping 994/6851: https://www.refurbed.de/p/dell-latitude-12-rugged-extreme-/
2025-11-30 02:25:30,837 - ERROR - Error fetching https://www.refurbed.de/p/dell-latitude-12-rugged-extreme-/: 404 Client Error: Not Found for url: https://www.refurbed.de/p/dell-latitude-12-rugged-extreme-/
2025-11-30 02:25:31,839 - INFO - Scraping 995/6851: https://www.refurbed.de/p/dell-latitude-12-rugged-i5-4210u/
2025-11-30 02:25:32,151 - ERROR - Error fetching https://www.refurbed.de/p/dell-latitude-12-rugged-i5-4210u/: 404 Client Error: Not Found for url: https://www.refurbed.de/p/dell-latitude-12-rugged-i5-4210u/
2025-11-30 02:25:33,153 - INFO - Scraping 996/6851: https://www.refurbed.de/p/dell-latitude-13-3-8350u/
2025-11-30 02:25:34,956 - INFO - Scraping 997/6851: https://www.refurbed.de/p/dell-latitude-13-3340-4200u/
2025-11-30 02:25:35,215 - ERROR - Error fetching https://www.refurbed.de/p/dell-latitude-13-3340-4200u/: 404 Client Error: Not Found for url: https://www.refurbed.de/p/dell-latitude-13-3340-4200u/
2025-11-30 02:25:36,217 - INFO - Scraping 998/6851: https://www.refurbed.de/p/dell-latitude-13-3340-4210u/
2025-11-30 02:25:36,506 - ERROR - Error fetching https://www.refurbed.de/p/dell-latitude-13-3340-4210u/: 404 Client Error: Not Found for url: https://www.refurbed.de/p/dell-latitude-13-3340-4210u/
2025-11-30 02:25:37,509 - INFO - Scraping 999/6851: https://www.refurbed.de/p/dell-latitude-13-3340-i3-4005u/
2025-11-30 02:25:37,778 - ERROR - Error fetching https://www.refurbed.de/p/dell-latitude-13-3340-i3-4005u/: 404 Client Error: Not Found for url: https://www.refurbed.de/p/dell-latitude-13-3340-i3-4005u/
2025-11-30 02:25:38,780 - INFO - Scraping 1000/6851: https://www.refurbed.de/p/dell-latitude-13-3340-i3-4010u/
2025-11-30 02:25:39,061 - ERROR - Error fetching https://www.refurbed.de/p/dell-latitude-13-3340-i3-4010u/: 404 Client Error: Not Found for url: https://www.refurbed.de/p/dell-latitude-13-3340-i3-4010u/
2025-11-30 02:25:40,063 - INFO - Scraping 1001/6851: https://www.refurbed.de/p/dell-latitude-13-3380-4415u/
2025-11-30 02:25:40,354 - ERROR - Error fetching https://www.refurbed.de/p/dell-latitude-13-3380-4415u/: 404 Client Error: Not Found for url: https://www.refurbed.de/p/dell-latitude-13-3380-4415u/
2025-11-30 02:25:41,356 - INFO - Scraping 1002/6851: https://www.refurbed.de/p/dell-latitude-13-3380-i3-6006u/
2025-11-30 02:25:41,647 - ERROR - Error fetching https://www.refurbed.de/p/dell-latitude-13-3380-i3-6006u/: 404 Client Error: Not Found for url: https://www.refurbed.de/p/dell-latitude-13-3380-i3-6006u/
2025-11-30 02:25:42,650 - INFO - Scraping 1003/6851: https://www.refurbed.de/p/dell-latitude-13-3380-i5-7200u/
2025-11-30 02:25:43,051 - ERROR - Error fetching https://www.refurbed.de/p/dell-latitude-13-3380-i5-7200u/: 404 Client Error: Not Found for url: https://www.refurbed.de/p/dell-latitude-13-3380-i5-7200u/
2025-11-30 02:25:44,054 - INFO - Scraping 1004/6851: https://www.refurbed.de/p/dell-latitude-13-3380-i5-8250u/
2025-11-30 02:25:45,456 - INFO - Scraping 1005/6851: https://www.refurbed.de/p/dell-latitude-13-3580-i5-7200u/
2025-11-30 02:25:45,760 - ERROR - Error fetching https://www.refurbed.de/p/dell-latitude-13-3580-i5-7200u/: 404 Client Error: Not Found for url: https://www.refurbed.de/p/dell-latitude-13-3580-i5-7200u/
2025-11-30 02:25:46,762 - INFO - Scraping 1006/6851: https://www.refurbed.de/p/dell-latitude-13-7370-m7-6y75-13/
2025-11-30 02:25:47,033 - ERROR - Error fetching https://www.refurbed.de/p/dell-latitude-13-7370-m7-6y75-13/: 404 Client Error: Not Found for url: https://www.refurbed.de/p/dell-latitude-13-7370-m7-6y75-13/
2025-11-30 02:25:48,035 - INFO - Scraping 1007/6851: https://www.refurbed.de/p/dell-latitude-13-i3-8130u/
2025-11-30 02:25:49,450 - INFO - Scraping 1008/6851: https://www.refurbed.de/p/dell-latitude-14-3410-10210u/
2025-11-30 02:25:51,041 - INFO - Scraping 1009/6851: https://www.refurbed.de/p/dell-latitude-14-3410-10310u/
2025-11-30 02:25:52,783 - INFO - Scraping 1010/6851: https://www.refurbed.de/p/dell-latitude-14-3410-i3-10110u/
2025-11-30 02:25:54,373 - INFO - Scraping 1011/6851: https://www.refurbed.de/p/dell-latitude-14-3410-i7-10510u/
2025-11-30 02:25:55,771 - INFO - Scraping 1012/6851: https://www.refurbed.de/p/dell-latitude-14-3490-8250u/
2025-11-30 02:25:57,232 - INFO - Scraping 1013/6851: https://www.refurbed.de/p/dell-latitude-14-3490-8350u/
2025-11-30 02:25:58,683 - INFO - Scraping 1014/6851: https://www.refurbed.de/p/dell-latitude-14-3490-i5-7200u/
2025-11-30 02:25:59,128 - ERROR - Error fetching https://www.refurbed.de/p/dell-latitude-14-3490-i5-7200u/: 404 Client Error: Not Found for url: https://www.refurbed.de/p/dell-latitude-14-3490-i5-7200u/
2025-11-30 02:26:00,130 - INFO - Scraping 1015/6851: https://www.refurbed.de/p/dell-latitude-14-5495-2500u/
2025-11-30 02:26:00,392 - ERROR - Error fetching https://www.refurbed.de/p/dell-latitude-14-5495-2500u/: 404 Client Error: Not Found for url: https://www.refurbed.de/p/dell-latitude-14-5495-2500u/
2025-11-30 02:26:01,393 - INFO - Scraping 1016/6851: https://www.refurbed.de/p/dell-latitude-14-9410-2-1-10310u/
2025-11-30 02:26:02,790 - INFO - Scraping 1017/6851: https://www.refurbed.de/p/dell-latitude-14-9410-2-1-10610u/
2025-11-30 02:26:04,411 - INFO - Scraping 1018/6851: https://www.refurbed.de/p/dell-latitude-14-9420-i5-1145g7/
2025-11-30 02:26:05,916 - INFO - Scraping 1019/6851: https://www.refurbed.de/p/dell-latitude-14-9420-i7-1185g7/
2025-11-30 02:26:07,321 - INFO - Scraping 1020/6851: https://www.refurbed.de/p/dell-latitude-14-extreme5-6300u/
2025-11-30 02:26:07,577 - ERROR - Error fetching https://www.refurbed.de/p/dell-latitude-14-extreme5-6300u/: 404 Client Error: Not Found for url: https://www.refurbed.de/p/dell-latitude-14-extreme5-6300u/
2025-11-30 02:26:08,579 - INFO - Scraping 1021/6851: https://www.refurbed.de/p/dell-latitude-14-rggd5414-6600u/
2025-11-30 02:26:08,895 - ERROR - Error fetching https://www.refurbed.de/p/dell-latitude-14-rggd5414-6600u/: 404 Client Error: Not Found for url: https://www.refurbed.de/p/dell-latitude-14-rggd5414-6600u/
2025-11-30 02:26:09,897 - INFO - Scraping 1022/6851: https://www.refurbed.de/p/dell-latitude-14-rggd5414/
2025-11-30 02:26:10,181 - ERROR - Error fetching https://www.refurbed.de/p/dell-latitude-14-rggd5414/: 404 Client Error: Not Found for url: https://www.refurbed.de/p/dell-latitude-14-rggd5414/
2025-11-30 02:26:11,183 - INFO - Scraping 1023/6851: https://www.refurbed.de/p/dell-latitude-14-rugged-extreme-/
2025-11-30 02:26:11,621 - ERROR - Error fetching https://www.refurbed.de/p/dell-latitude-14-rugged-extreme-/: 404 Client Error: Not Found for url: https://www.refurbed.de/p/dell-latitude-14-rugged-extreme-/
2025-11-30 02:26:12,623 - INFO - Scraping 1024/6851: https://www.refurbed.de/p/dell-latitude-14-rugged-i5-6300u/
2025-11-30 02:26:12,912 - ERROR - Error fetching https://www.refurbed.de/p/dell-latitude-14-rugged-i5-6300u/: 404 Client Error: Not Found for url: https://www.refurbed.de/p/dell-latitude-14-rugged-i5-6300u/
2025-11-30 02:26:13,914 - INFO - Scraping 1025/6851: https://www.refurbed.de/p/dell-latitude-14-rugged-i5-8350u/
2025-11-30 02:26:15,378 - INFO - Scraping 1026/6851: https://www.refurbed.de/p/dell-latitude-14-rugged-i7-4650u/
2025-11-30 02:26:15,637 - ERROR - Error fetching https://www.refurbed.de/p/dell-latitude-14-rugged-i7-4650u/: 404 Client Error: Not Found for url: https://www.refurbed.de/p/dell-latitude-14-rugged-i7-4650u/
2025-11-30 02:26:16,639 - INFO - Scraping 1027/6851: https://www.refurbed.de/p/dell-latitude-14-rugged7414-6600/
2025-11-30 02:26:16,903 - ERROR - Error fetching https://www.refurbed.de/p/dell-latitude-14-rugged7414-6600/: 404 Client Error: Not Found for url: https://www.refurbed.de/p/dell-latitude-14-rugged7414-6600/
2025-11-30 02:26:17,905 - INFO - Scraping 1028/6851: https://www.refurbed.de/p/dell-latitude-15-3570-i3-6100u/
2025-11-30 02:26:18,171 - ERROR - Error fetching https://www.refurbed.de/p/dell-latitude-15-3570-i3-6100u/: 404 Client Error: Not Found for url: https://www.refurbed.de/p/dell-latitude-15-3570-i3-6100u/
2025-11-30 02:26:19,173 - INFO - Scraping 1029/6851: https://www.refurbed.de/p/dell-latitude-15-3570-i5-6200u/
2025-11-30 02:26:19,632 - ERROR - Error fetching https://www.refurbed.de/p/dell-latitude-15-3570-i5-6200u/: 404 Client Error: Not Found for url: https://www.refurbed.de/p/dell-latitude-15-3570-i5-6200u/
2025-11-30 02:26:20,634 - INFO - Scraping 1030/6851: https://www.refurbed.de/p/dell-latitude-15-3580-i3-6006u/
2025-11-30 02:26:20,892 - ERROR - Error fetching https://www.refurbed.de/p/dell-latitude-15-3580-i3-6006u/: 404 Client Error: Not Found for url: https://www.refurbed.de/p/dell-latitude-15-3580-i3-6006u/
2025-11-30 02:26:21,894 - INFO - Scraping 1031/6851: https://www.refurbed.de/p/dell-latitude-15-3580-i3-7100u/
2025-11-30 02:26:22,157 - ERROR - Error fetching https://www.refurbed.de/p/dell-latitude-15-3580-i3-7100u/: 404 Client Error: Not Found for url: https://www.refurbed.de/p/dell-latitude-15-3580-i3-7100u/
2025-11-30 02:26:23,159 - INFO - Scraping 1032/6851: https://www.refurbed.de/p/dell-latitude-15-3580-i5-7200u-1/
2025-11-30 02:26:23,462 - ERROR - Error fetching https://www.refurbed.de/p/dell-latitude-15-3580-i5-7200u-1/: 404 Client Error: Not Found for url: https://www.refurbed.de/p/dell-latitude-15-3580-i5-7200u-1/
2025-11-30 02:26:24,464 - INFO - Scraping 1033/6851: https://www.refurbed.de/p/dell-latitude-15-5500-8265u-15-6/
2025-11-30 02:26:26,108 - INFO - Scraping 1034/6851: https://www.refurbed.de/p/dell-latitude-15-5500-8365u-15-6/
2025-11-30 02:26:27,650 - INFO - Scraping 1035/6851: https://www.refurbed.de/p/dell-latitude-15-5500-8665u-15-6/
2025-11-30 02:26:29,156 - INFO - Scraping 1036/6851: https://www.refurbed.de/p/dell-latitude-15-5510-i3-10110u/
2025-11-30 02:26:30,604 - INFO - Scraping 1037/6851: https://www.refurbed.de/p/dell-latitude-15-5510-i5-10210u/
2025-11-30 02:26:32,209 - INFO - Scraping 1038/6851: https://www.refurbed.de/p/dell-latitude-15-5510-i5-10310u/
2025-11-30 02:26:33,910 - INFO - Scraping 1039/6851: https://www.refurbed.de/p/dell-latitude-15-5510-i7-10610u/
2025-11-30 02:26:35,557 - INFO - Scraping 1040/6851: https://www.refurbed.de/p/dell-latitude-15-5510-i7-10810u/
2025-11-30 02:26:37,112 - INFO - Scraping 1041/6851: https://www.refurbed.de/p/dell-latitude-15-5511-10300h/
2025-11-30 02:26:38,585 - INFO - Scraping 1042/6851: https://www.refurbed.de/p/dell-latitude-15-5511-10400h/
2025-11-30 02:26:40,106 - INFO - Scraping 1043/6851: https://www.refurbed.de/p/dell-latitude-15-5511-10850h/
2025-11-30 02:26:41,931 - INFO - Scraping 1044/6851: https://www.refurbed.de/p/dell-latitude-15-5550-5-125u/
2025-11-30 02:26:43,381 - INFO - Scraping 1045/6851: https://www.refurbed.de/p/dell-latitude-15-9510-i5-10310u/
2025-11-30 02:26:44,874 - INFO - Scraping 1046/6851: https://www.refurbed.de/p/dell-latitude-15-9510-i7-10710u/
2025-11-30 02:26:46,432 - INFO - Scraping 1047/6851: https://www.refurbed.de/p/dell-latitude-15-9510-i7-10810u/
2025-11-30 02:26:48,102 - INFO - Scraping 1048/6851: https://www.refurbed.de/p/dell-latitude-15-9520-i7-1185g7/
2025-11-30 02:26:49,633 - INFO - Scraping 1049/6851: https://www.refurbed.de/p/dell-latitude-15-e5540-4030u/
2025-11-30 02:26:49,886 - ERROR - Error fetching https://www.refurbed.de/p/dell-latitude-15-e5540-4030u/: 404 Client Error: Not Found for url: https://www.refurbed.de/p/dell-latitude-15-e5540-4030u/
2025-11-30 02:26:50,889 - INFO - Scraping 1050/6851: https://www.refurbed.de/p/dell-latitude-15-e5540-4200u/
2025-11-30 02:26:51,170 - ERROR - Error fetching https://www.refurbed.de/p/dell-latitude-15-e5540-4200u/: 404 Client Error: Not Found for url: https://www.refurbed.de/p/dell-latitude-15-e5540-4200u/
2025-11-30 02:26:52,172 - INFO - Scraping 1051/6851: https://www.refurbed.de/p/dell-latitude-15-e5540-4210u/
2025-11-30 02:26:52,441 - ERROR - Error fetching https://www.refurbed.de/p/dell-latitude-15-e5540-4210u/: 404 Client Error: Not Found for url: https://www.refurbed.de/p/dell-latitude-15-e5540-4210u/
2025-11-30 02:26:53,443 - INFO - Scraping 1052/6851: https://www.refurbed.de/p/dell-latitude-15-e5540-4600u/
2025-11-30 02:26:53,710 - ERROR - Error fetching https://www.refurbed.de/p/dell-latitude-15-e5540-4600u/: 404 Client Error: Not Found for url: https://www.refurbed.de/p/dell-latitude-15-e5540-4600u/
2025-11-30 02:26:54,712 - INFO - Scraping 1053/6851: https://www.refurbed.de/p/dell-latitude-15-e5540-i3-4010u/
2025-11-30 02:26:55,016 - ERROR - Error fetching https://www.refurbed.de/p/dell-latitude-15-e5540-i3-4010u/: 404 Client Error: Not Found for url: https://www.refurbed.de/p/dell-latitude-15-e5540-i3-4010u/
2025-11-30 02:26:56,018 - INFO - Scraping 1054/6851: https://www.refurbed.de/p/dell-latitude-15-e5540-i5-4310u/
2025-11-30 02:26:56,276 - ERROR - Error fetching https://www.refurbed.de/p/dell-latitude-15-e5540-i5-4310u/: 404 Client Error: Not Found for url: https://www.refurbed.de/p/dell-latitude-15-e5540-i5-4310u/
2025-11-30 02:26:57,278 - INFO - Scraping 1055/6851: https://www.refurbed.de/p/dell-latitude-15-e5550-i7-5600u-/
2025-11-30 02:26:57,563 - ERROR - Error fetching https://www.refurbed.de/p/dell-latitude-15-e5550-i7-5600u-/: 404 Client Error: Not Found for url: https://www.refurbed.de/p/dell-latitude-15-e5550-i7-5600u-/
2025-11-30 02:26:58,565 - INFO - Scraping 1056/6851: https://www.refurbed.de/p/dell-latitude-2-in-1-53200-1135g/
2025-11-30 02:27:00,023 - INFO - Scraping 1057/6851: https://www.refurbed.de/p/dell-latitude-2-in-1-53200-114g7/
2025-11-30 02:27:01,554 - INFO - Scraping 1058/6851: https://www.refurbed.de/p/dell-latitude-3120-2-in-1-n6000/
2025-11-30 02:27:03,092 - INFO - Scraping 1059/6851: https://www.refurbed.de/p/dell-latitude-3120-n6000-11/
2025-11-30 02:27:04,540 - INFO - Scraping 1060/6851: https://www.refurbed.de/p/dell-latitude-3180-n4200-11-6/
2025-11-30 02:27:04,922 - ERROR - Error fetching https://www.refurbed.de/p/dell-latitude-3180-n4200-11-6/: 404 Client Error: Not Found for url: https://www.refurbed.de/p/dell-latitude-3180-n4200-11-6/
2025-11-30 02:27:05,924 - INFO - Scraping 1061/6851: https://www.refurbed.de/p/dell-latitude-3189-n4200-11/
2025-11-30 02:27:06,178 - ERROR - Error fetching https://www.refurbed.de/p/dell-latitude-3189-n4200-11/: 404 Client Error: Not Found for url: https://www.refurbed.de/p/dell-latitude-3189-n4200-11/
2025-11-30 02:27:07,180 - INFO - Scraping 1062/6851: https://www.refurbed.de/p/dell-latitude-3190-5030-11/
2025-11-30 02:27:08,674 - INFO - Scraping 1063/6851: https://www.refurbed.de/p/dell-latitude-3190-n5000/
2025-11-30 02:27:08,937 - ERROR - Error fetching https://www.refurbed.de/p/dell-latitude-3190-n5000/: 404 Client Error: Not Found for url: https://www.refurbed.de/p/dell-latitude-3190-n5000/
2025-11-30 02:27:09,939 - INFO - Scraping 1064/6851: https://www.refurbed.de/p/dell-latitude-3190-n5030/
2025-11-30 02:27:11,333 - INFO - Scraping 1065/6851: https://www.refurbed.de/p/dell-latitude-3300-i3-7020u/
2025-11-30 02:27:11,601 - ERROR - Error fetching https://www.refurbed.de/p/dell-latitude-3300-i3-7020u/: 404 Client Error: Not Found for url: https://www.refurbed.de/p/dell-latitude-3300-i3-7020u/
2025-11-30 02:27:12,603 - INFO - Scraping 1066/6851: https://www.refurbed.de/p/dell-latitude-3300-i5-8250u/
2025-11-30 02:27:14,002 - INFO - Scraping 1067/6851: https://www.refurbed.de/p/dell-latitude-3301-8265u/
2025-11-30 02:27:15,397 - INFO - Scraping 1068/6851: https://www.refurbed.de/p/dell-latitude-3301-i5-8365u/
2025-11-30 02:27:15,779 - ERROR - Error fetching https://www.refurbed.de/p/dell-latitude-3301-i5-8365u/: 404 Client Error: Not Found for url: https://www.refurbed.de/p/dell-latitude-3301-i5-8365u/
2025-11-30 02:27:16,781 - INFO - Scraping 1069/6851: https://www.refurbed.de/p/dell-latitude-3310-2-in-1-8145u/
2025-11-30 02:27:18,238 - INFO - Scraping 1070/6851: https://www.refurbed.de/p/dell-latitude-3310-2-in-1-8265u/
2025-11-30 02:27:19,633 - INFO - Scraping 1071/6851: https://www.refurbed.de/p/dell-latitude-3310-4205u/
2025-11-30 02:27:21,045 - INFO - Scraping 1072/6851: https://www.refurbed.de/p/dell-latitude-3310-8145u/
2025-11-30 02:27:22,772 - INFO - Scraping 1073/6851: https://www.refurbed.de/p/dell-latitude-3310-8265u/
2025-11-30 02:27:24,401 - INFO - Scraping 1074/6851: https://www.refurbed.de/p/dell-latitude-3320-i5-1145g7/
2025-11-30 02:27:25,849 - INFO - Scraping 1075/6851: https://www.refurbed.de/p/dell-latitude-3330-2-in-1-1125g4/
2025-11-30 02:27:27,382 - INFO - Scraping 1076/6851: https://www.refurbed.de/p/dell-latitude-3340-2-in-1-1315u/
2025-11-30 02:27:28,812 - INFO - Scraping 1077/6851: https://www.refurbed.de/p/dell-latitude-3340-i3-1315u/
2025-11-30 02:27:30,234 - INFO - Scraping 1078/6851: https://www.refurbed.de/p/dell-latitude-3340-i5-1335u/
2025-11-30 02:27:31,756 - INFO - Scraping 1079/6851: https://www.refurbed.de/p/dell-latitude-3350-3825u/
2025-11-30 02:27:32,221 - ERROR - Error fetching https://www.refurbed.de/p/dell-latitude-3350-3825u/: 404 Client Error: Not Found for url: https://www.refurbed.de/p/dell-latitude-3350-3825u/
2025-11-30 02:27:33,223 - INFO - Scraping 1080/6851: https://www.refurbed.de/p/dell-latitude-3350-i3-5005u/
2025-11-30 02:27:33,532 - ERROR - Error fetching https://www.refurbed.de/p/dell-latitude-3350-i3-5005u/: 404 Client Error: Not Found for url: https://www.refurbed.de/p/dell-latitude-3350-i3-5005u/
2025-11-30 02:27:34,534 - INFO - Scraping 1081/6851: https://www.refurbed.de/p/dell-latitude-3350-i5-5200u/
2025-11-30 02:27:34,889 - ERROR - Error fetching https://www.refurbed.de/p/dell-latitude-3350-i5-5200u/: 404 Client Error: Not Found for url: https://www.refurbed.de/p/dell-latitude-3350-i5-5200u/
2025-11-30 02:27:35,891 - INFO - Scraping 1082/6851: https://www.refurbed.de/p/dell-latitude-3390-8250u/
2025-11-30 02:27:37,475 - INFO - Scraping 1083/6851: https://www.refurbed.de/p/dell-latitude-3390-8350u/
2025-11-30 02:27:38,880 - INFO - Scraping 1084/6851: https://www.refurbed.de/p/dell-latitude-3400-8145u/
2025-11-30 02:27:40,282 - INFO - Scraping 1085/6851: https://www.refurbed.de/p/dell-latitude-3400-8265u/
2025-11-30 02:27:41,872 - INFO - Scraping 1086/6851: https://www.refurbed.de/p/dell-latitude-3420-1135g7-14/
2025-11-30 02:27:43,577 - INFO - Scraping 1087/6851: https://www.refurbed.de/p/dell-latitude-3420-i5-1145g7/
2025-11-30 02:27:45,206 - INFO - Scraping 1088/6851: https://www.refurbed.de/p/dell-latitude-3420-i7-1165g7/
2025-11-30 02:27:46,641 - INFO - Scraping 1089/6851: https://www.refurbed.de/p/dell-latitude-3440-i3-1315u/
2025-11-30 02:27:48,082 - INFO - Scraping 1090/6851: https://www.refurbed.de/p/dell-latitude-3440-i5-1335u/
2025-11-30 02:27:49,577 - INFO - Scraping 1091/6851: https://www.refurbed.de/p/dell-latitude-3450-i3-4005u/
2025-11-30 02:27:49,832 - ERROR - Error fetching https://www.refurbed.de/p/dell-latitude-3450-i3-4005u/: 404 Client Error: Not Found for url: https://www.refurbed.de/p/dell-latitude-3450-i3-4005u/
2025-11-30 02:27:50,835 - INFO - Scraping 1092/6851: https://www.refurbed.de/p/dell-latitude-3450-i5-1335u-15/
2025-11-30 02:27:52,402 - INFO - Scraping 1093/6851: https://www.refurbed.de/p/dell-latitude-3460-i5-5200u/
2025-11-30 02:27:53,826 - INFO - Scraping 1094/6851: https://www.refurbed.de/p/dell-latitude-3490-i3-6006u/
2025-11-30 02:27:54,285 - ERROR - Error fetching https://www.refurbed.de/p/dell-latitude-3490-i3-6006u/: 404 Client Error: Not Found for url: https://www.refurbed.de/p/dell-latitude-3490-i3-6006u/
2025-11-30 02:27:55,287 - INFO - Scraping 1095/6851: https://www.refurbed.de/p/dell-latitude-3500-8265u/
2025-11-30 02:27:56,888 - INFO - Scraping 1096/6851: https://www.refurbed.de/p/dell-latitude-3500-i5-8365u/
2025-11-30 02:27:58,439 - INFO - Scraping 1097/6851: https://www.refurbed.de/p/dell-latitude-3510-10110u-15-6/
2025-11-30 02:27:59,914 - INFO - Scraping 1098/6851: https://www.refurbed.de/p/dell-latitude-3510-10310u-15-6/
2025-11-30 02:28:01,726 - INFO - Scraping 1099/6851: https://www.refurbed.de/p/dell-latitude-3510-i5-10210u/
2025-11-30 02:28:03,295 - INFO - Scraping 1100/6851: https://www.refurbed.de/p/dell-latitude-3510-i7-10510u/
2025-11-30 02:28:04,747 - INFO - Scraping 1101/6851: https://www.refurbed.de/p/dell-latitude-3520-i3-1115g4/
2025-11-30 02:28:06,296 - INFO - Scraping 1102/6851: https://www.refurbed.de/p/dell-latitude-3520-i3-1125g4/
2025-11-30 02:28:07,823 - INFO - Scraping 1103/6851: https://www.refurbed.de/p/dell-latitude-3520-i5-1135g7/
2025-11-30 02:28:09,707 - INFO - Scraping 1104/6851: https://www.refurbed.de/p/dell-latitude-3540-i3-1315u-15/
2025-11-30 02:28:11,692 - INFO - Scraping 1105/6851: https://www.refurbed.de/p/dell-latitude-3550-i5-1335u/
2025-11-30 02:28:13,710 - INFO - Scraping 1106/6851: https://www.refurbed.de/p/dell-latitude-3590-8130u/
2025-11-30 02:28:15,269 - INFO - Scraping 1107/6851: https://www.refurbed.de/p/dell-latitude-3590-8550u/
2025-11-30 02:28:16,736 - INFO - Scraping 1108/6851: https://www.refurbed.de/p/dell-latitude-5280-7200u/
2025-11-30 02:28:17,016 - ERROR - Error fetching https://www.refurbed.de/p/dell-latitude-5280-7200u/: 404 Client Error: Not Found for url: https://www.refurbed.de/p/dell-latitude-5280-7200u/
2025-11-30 02:28:18,018 - INFO - Scraping 1109/6851: https://www.refurbed.de/p/dell-latitude-5280-7300u/
2025-11-30 02:28:18,514 - ERROR - Error fetching https://www.refurbed.de/p/dell-latitude-5280-7300u/: 404 Client Error: Not Found for url: https://www.refurbed.de/p/dell-latitude-5280-7300u/
2025-11-30 02:28:19,517 - INFO - Scraping 1110/6851: https://www.refurbed.de/p/dell-latitude-5285-21-7200u/
2025-11-30 02:28:19,838 - ERROR - Error fetching https://www.refurbed.de/p/dell-latitude-5285-21-7200u/: 404 Client Error: Not Found for url: https://www.refurbed.de/p/dell-latitude-5285-21-7200u/
2025-11-30 02:28:20,841 - INFO - Scraping 1111/6851: https://www.refurbed.de/p/dell-latitude-5285-21-7300u/
2025-11-30 02:28:21,291 - ERROR - Error fetching https://www.refurbed.de/p/dell-latitude-5285-21-7300u/: 404 Client Error: Not Found for url: https://www.refurbed.de/p/dell-latitude-5285-21-7300u/
2025-11-30 02:28:22,293 - INFO - Scraping 1112/6851: https://www.refurbed.de/p/dell-latitude-5285-21-7600u/
2025-11-30 02:28:22,558 - ERROR - Error fetching https://www.refurbed.de/p/dell-latitude-5285-21-7600u/: 404 Client Error: Not Found for url: https://www.refurbed.de/p/dell-latitude-5285-21-7600u/
2025-11-30 02:28:23,560 - INFO - Scraping 1113/6851: https://www.refurbed.de/p/dell-latitude-5289-7300u/
2025-11-30 02:28:23,822 - ERROR - Error fetching https://www.refurbed.de/p/dell-latitude-5289-7300u/: 404 Client Error: Not Found for url: https://www.refurbed.de/p/dell-latitude-5289-7300u/
2025-11-30 02:28:24,824 - INFO - Scraping 1114/6851: https://www.refurbed.de/p/dell-latitude-5289-7600u/
2025-11-30 02:28:25,102 - ERROR - Error fetching https://www.refurbed.de/p/dell-latitude-5289-7600u/: 404 Client Error: Not Found for url: https://www.refurbed.de/p/dell-latitude-5289-7600u/
2025-11-30 02:28:26,104 - INFO - Scraping 1115/6851: https://www.refurbed.de/p/dell-latitude-5290-21-8250u/
2025-11-30 02:28:27,630 - INFO - Scraping 1116/6851: https://www.refurbed.de/p/dell-latitude-5290-21-8350u/
2025-11-30 02:28:29,227 - INFO - Scraping 1117/6851: https://www.refurbed.de/p/dell-latitude-5290-21-8650u/
2025-11-30 02:28:30,661 - INFO - Scraping 1118/6851: https://www.refurbed.de/p/dell-latitude-5290-8250u/
2025-11-30 02:28:32,137 - INFO - Scraping 1119/6851: https://www.refurbed.de/p/dell-latitude-5290-8350u/
2025-11-30 02:28:33,540 - INFO - Scraping 1120/6851: https://www.refurbed.de/p/dell-latitude-5290-i5-7300u/
2025-11-30 02:28:33,802 - ERROR - Error fetching https://www.refurbed.de/p/dell-latitude-5290-i5-7300u/: 404 Client Error: Not Found for url: https://www.refurbed.de/p/dell-latitude-5290-i5-7300u/
2025-11-30 02:28:34,804 - INFO - Scraping 1121/6851: https://www.refurbed.de/p/dell-latitude-5300-2-in-1-8145u/
2025-11-30 02:28:36,350 - INFO - Scraping 1122/6851: https://www.refurbed.de/p/dell-latitude-5300-2-in-1-8265u/
2025-11-30 02:28:37,919 - INFO - Scraping 1123/6851: https://www.refurbed.de/p/dell-latitude-5300-2-in-1-8365u/
2025-11-30 02:28:39,553 - INFO - Scraping 1124/6851: https://www.refurbed.de/p/dell-latitude-5300-2-in-1-8665u/
2025-11-30 02:28:41,112 - INFO - Scraping 1125/6851: https://www.refurbed.de/p/dell-latitude-5300-8265u-13-3/
2025-11-30 02:28:42,771 - INFO - Scraping 1126/6851: https://www.refurbed.de/p/dell-latitude-5300-8365u-13-3/
2025-11-30 02:28:44,527 - INFO - Scraping 1127/6851: https://www.refurbed.de/p/dell-latitude-5300-8665u-13-3/
2025-11-30 02:28:46,337 - INFO - Scraping 1128/6851: https://www.refurbed.de/p/dell-latitude-5310-10210u-13-3/
2025-11-30 02:28:47,955 - INFO - Scraping 1129/6851: https://www.refurbed.de/p/dell-latitude-5310-10310u/
2025-11-30 02:28:49,423 - INFO - Scraping 1130/6851: https://www.refurbed.de/p/dell-latitude-5310-2-in-1-10110u/
2025-11-30 02:28:50,825 - INFO - Scraping 1131/6851: https://www.refurbed.de/p/dell-latitude-5310-2-in-1-10210u/
2025-11-30 02:28:52,222 - INFO - Scraping 1132/6851: https://www.refurbed.de/p/dell-latitude-5310-2-in-1-10310u/
2025-11-30 02:28:53,755 - INFO - Scraping 1133/6851: https://www.refurbed.de/p/dell-latitude-5310-2-in-1-10610u/
2025-11-30 02:28:55,190 - INFO - Scraping 1134/6851: https://www.refurbed.de/p/dell-latitude-5310-i7-10610u/
2025-11-30 02:28:56,998 - INFO - Scraping 1135/6851: https://www.refurbed.de/p/dell-latitude-5310-i7-10810u/
2025-11-30 02:28:57,253 - ERROR - Error fetching https://www.refurbed.de/p/dell-latitude-5310-i7-10810u/: 404 Client Error: Not Found for url: https://www.refurbed.de/p/dell-latitude-5310-i7-10810u/
2025-11-30 02:28:58,255 - INFO - Scraping 1136/6851: https://www.refurbed.de/p/dell-latitude-5320-i7-1185g7/
2025-11-30 02:28:59,855 - INFO - Scraping 1137/6851: https://www.refurbed.de/p/dell-latitude-53200-114g7/
2025-11-30 02:29:01,552 - INFO - Scraping 1138/6851: https://www.refurbed.de/p/dell-latitude-53200-i5-1135g7/
2025-11-30 02:29:03,145 - INFO - Scraping 1139/6851: https://www.refurbed.de/p/dell-latitude-5330-i5-1235u/
2025-11-30 02:29:04,739 - INFO - Scraping 1140/6851: https://www.refurbed.de/p/dell-latitude-5330-i5-1245u/
2025-11-30 02:29:06,320 - INFO - Scraping 1141/6851: https://www.refurbed.de/p/dell-latitude-5340-i5-1335u/
2025-11-30 02:29:07,838 - INFO - Scraping 1142/6851: https://www.refurbed.de/p/dell-latitude-5400-8250u/
2025-11-30 02:29:09,450 - INFO - Scraping 1143/6851: https://www.refurbed.de/p/dell-latitude-5400-8265u/
2025-11-30 02:29:11,070 - INFO - Scraping 1144/6851: https://www.refurbed.de/p/dell-latitude-5400-8350u/
2025-11-30 02:29:12,471 - INFO - Scraping 1145/6851: https://www.refurbed.de/p/dell-latitude-5400-8365u-th/
2025-11-30 02:29:14,103 - INFO - Scraping 1146/6851: https://www.refurbed.de/p/dell-latitude-5400-8365u/
2025-11-30 02:29:15,510 - INFO - Scraping 1147/6851: https://www.refurbed.de/p/dell-latitude-5400-8665u/
2025-11-30 02:29:16,951 - INFO - Scraping 1148/6851: https://www.refurbed.de/p/dell-latitude-5400-i5-8265u-th/
2025-11-30 02:29:18,570 - INFO - Scraping 1149/6851: https://www.refurbed.de/p/dell-latitude-5401-9300h-14/
2025-11-30 02:29:20,008 - INFO - Scraping 1150/6851: https://www.refurbed.de/p/dell-latitude-5401-9400h-14/
2025-11-30 02:29:21,411 - INFO - Scraping 1151/6851: https://www.refurbed.de/p/dell-latitude-5401-i7-9850h-14/
2025-11-30 02:29:22,995 - INFO - Scraping 1152/6851: https://www.refurbed.de/p/dell-latitude-5410-10310u/
2025-11-30 02:29:24,884 - INFO - Scraping 1153/6851: https://www.refurbed.de/p/dell-latitude-5410-i5-10210u/
2025-11-30 02:29:26,546 - INFO - Scraping 1154/6851: https://www.refurbed.de/p/dell-latitude-5410-i5-8365u/
2025-11-30 02:29:28,074 - INFO - Scraping 1155/6851: https://www.refurbed.de/p/dell-latitude-5410-i7-10610u/
2025-11-30 02:29:29,718 - INFO - Scraping 1156/6851: https://www.refurbed.de/p/dell-latitude-5410-i7-10810u/
2025-11-30 02:29:31,131 - INFO - Scraping 1157/6851: https://www.refurbed.de/p/dell-latitude-5411-10300h-14/
2025-11-30 02:29:32,655 - INFO - Scraping 1158/6851: https://www.refurbed.de/p/dell-latitude-5411-i5-10400h/
2025-11-30 02:29:34,469 - INFO - Scraping 1159/6851: https://www.refurbed.de/p/dell-latitude-5411-i7-10850h-14/
2025-11-30 02:29:35,935 - INFO - Scraping 1160/6851: https://www.refurbed.de/p/dell-latitude-5420-1125g4/
2025-11-30 02:29:37,582 - INFO - Scraping 1161/6851: https://www.refurbed.de/p/dell-latitude-5420-i5-10310u/
2025-11-30 02:29:39,087 - INFO - Scraping 1162/6851: https://www.refurbed.de/p/dell-latitude-5420-i5-1135g7/
2025-11-30 02:29:40,556 - INFO - Scraping 1163/6851: https://www.refurbed.de/p/dell-latitude-5420-i5-1145g7/
2025-11-30 02:29:42,274 - INFO - Scraping 1164/6851: https://www.refurbed.de/p/dell-latitude-5420-i7-1185g7/
2025-11-30 02:29:43,844 - INFO - Scraping 1165/6851: https://www.refurbed.de/p/dell-latitude-5421-i5-11500h/
2025-11-30 02:29:44,111 - ERROR - Error fetching https://www.refurbed.de/p/dell-latitude-5421-i5-11500h/: 404 Client Error: Not Found for url: https://www.refurbed.de/p/dell-latitude-5421-i5-11500h/
2025-11-30 02:29:45,113 - INFO - Scraping 1166/6851: https://www.refurbed.de/p/dell-latitude-5421-i7-11850h/
2025-11-30 02:29:46,563 - INFO - Scraping 1167/6851: https://www.refurbed.de/p/dell-latitude-5430-i5-1235u/
2025-11-30 02:29:48,348 - INFO - Scraping 1168/6851: https://www.refurbed.de/p/dell-latitude-5430-i5-1245u/
2025-11-30 02:29:49,915 - INFO - Scraping 1169/6851: https://www.refurbed.de/p/dell-latitude-5430-i7-1255u/
2025-11-30 02:29:51,463 - INFO - Scraping 1170/6851: https://www.refurbed.de/p/dell-latitude-5430-i7-1265u/
2025-11-30 02:29:53,053 - INFO - Scraping 1171/6851: https://www.refurbed.de/p/dell-latitude-5430rugged-1135g7/
2025-11-30 02:29:54,609 - INFO - Scraping 1172/6851: https://www.refurbed.de/p/dell-latitude-5430rugged-1145g7/
2025-11-30 02:29:56,008 - INFO - Scraping 1173/6851: https://www.refurbed.de/p/dell-latitude-5430rugged-1185g7/
2025-11-30 02:29:57,644 - INFO - Scraping 1174/6851: https://www.refurbed.de/p/dell-latitude-5431-i5-1250p/
2025-11-30 02:29:59,092 - INFO - Scraping 1175/6851: https://www.refurbed.de/p/dell-latitude-5440-15-6-1335u/
2025-11-30 02:30:00,523 - INFO - Scraping 1176/6851: https://www.refurbed.de/p/dell-latitude-5440-i5-1235u/
2025-11-30 02:30:01,980 - INFO - Scraping 1177/6851: https://www.refurbed.de/p/dell-latitude-5440-i5-1335u/
2025-11-30 02:30:03,523 - INFO - Scraping 1178/6851: https://www.refurbed.de/p/dell-latitude-5440-i5-1345u/
2025-11-30 02:30:04,984 - INFO - Scraping 1179/6851: https://www.refurbed.de/p/dell-latitude-5440-i7-1355u/
2025-11-30 02:30:06,581 - INFO - Scraping 1180/6851: https://www.refurbed.de/p/dell-latitude-5440-i7-1365u/
2025-11-30 02:30:08,150 - INFO - Scraping 1181/6851: https://www.refurbed.de/p/dell-latitude-5450-core-5-125u/
2025-11-30 02:30:09,608 - INFO - Scraping 1182/6851: https://www.refurbed.de/p/dell-latitude-5450-core-5-135/
2025-11-30 02:30:11,011 - INFO - Scraping 1183/6851: https://www.refurbed.de/p/dell-latitude-5450-core-7-165u/
2025-11-30 02:30:12,419 - INFO - Scraping 1184/6851: https://www.refurbed.de/p/dell-latitude-5480-6200u/
2025-11-30 02:30:12,691 - ERROR - Error fetching https://www.refurbed.de/p/dell-latitude-5480-6200u/: 404 Client Error: Not Found for url: https://www.refurbed.de/p/dell-latitude-5480-6200u/
2025-11-30 02:30:13,693 - INFO - Scraping 1185/6851: https://www.refurbed.de/p/dell-latitude-5480-6300hq-14/
2025-11-30 02:30:13,996 - ERROR - Error fetching https://www.refurbed.de/p/dell-latitude-5480-6300hq-14/: 404 Client Error: Not Found for url: https://www.refurbed.de/p/dell-latitude-5480-6300hq-14/
2025-11-30 02:30:14,999 - INFO - Scraping 1186/6851: https://www.refurbed.de/p/dell-latitude-5480-6300u/
2025-11-30 02:30:15,434 - ERROR - Error fetching https://www.refurbed.de/p/dell-latitude-5480-6300u/: 404 Client Error: Not Found for url: https://www.refurbed.de/p/dell-latitude-5480-6300u/
2025-11-30 02:30:16,437 - INFO - Scraping 1187/6851: https://www.refurbed.de/p/dell-latitude-5480-6440hq/
2025-11-30 02:30:16,701 - ERROR - Error fetching https://www.refurbed.de/p/dell-latitude-5480-6440hq/: 404 Client Error: Not Found for url: https://www.refurbed.de/p/dell-latitude-5480-6440hq/
2025-11-30 02:30:17,703 - INFO - Scraping 1188/6851: https://www.refurbed.de/p/dell-latitude-5480-7100u-14/
2025-11-30 02:30:17,969 - ERROR - Error fetching https://www.refurbed.de/p/dell-latitude-5480-7100u-14/: 404 Client Error: Not Found for url: https://www.refurbed.de/p/dell-latitude-5480-7100u-14/
2025-11-30 02:30:18,971 - INFO - Scraping 1189/6851: https://www.refurbed.de/p/dell-latitude-5480-7200u/
2025-11-30 02:30:19,233 - ERROR - Error fetching https://www.refurbed.de/p/dell-latitude-5480-7200u/: 404 Client Error: Not Found for url: https://www.refurbed.de/p/dell-latitude-5480-7200u/
2025-11-30 02:30:20,235 - INFO - Scraping 1190/6851: https://www.refurbed.de/p/dell-latitude-5480-7300u/
2025-11-30 02:30:20,493 - ERROR - Error fetching https://www.refurbed.de/p/dell-latitude-5480-7300u/: 404 Client Error: Not Found for url: https://www.refurbed.de/p/dell-latitude-5480-7300u/
2025-11-30 02:30:21,495 - INFO - Scraping 1191/6851: https://www.refurbed.de/p/dell-latitude-5480-7440hq/
2025-11-30 02:30:21,757 - ERROR - Error fetching https://www.refurbed.de/p/dell-latitude-5480-7440hq/: 404 Client Error: Not Found for url: https://www.refurbed.de/p/dell-latitude-5480-7440hq/
2025-11-30 02:30:22,759 - INFO - Scraping 1192/6851: https://www.refurbed.de/p/dell-latitude-5480-7600u/
2025-11-30 02:30:23,023 - ERROR - Error fetching https://www.refurbed.de/p/dell-latitude-5480-7600u/: 404 Client Error: Not Found for url: https://www.refurbed.de/p/dell-latitude-5480-7600u/
2025-11-30 02:30:24,025 - INFO - Scraping 1193/6851: https://www.refurbed.de/p/dell-latitude-5480-7820hq/
2025-11-30 02:30:25,652 - INFO - Scraping 1194/6851: https://www.refurbed.de/p/dell-latitude-5480-i5-7300hq/
2025-11-30 02:30:25,933 - ERROR - Error fetching https://www.refurbed.de/p/dell-latitude-5480-i5-7300hq/: 404 Client Error: Not Found for url: https://www.refurbed.de/p/dell-latitude-5480-i5-7300hq/
2025-11-30 02:30:26,935 - INFO - Scraping 1195/6851: https://www.refurbed.de/p/dell-latitude-5480-i7-6600u/
2025-11-30 02:30:27,235 - ERROR - Error fetching https://www.refurbed.de/p/dell-latitude-5480-i7-6600u/: 404 Client Error: Not Found for url: https://www.refurbed.de/p/dell-latitude-5480-i7-6600u/
2025-11-30 02:30:28,236 - INFO - Scraping 1196/6851: https://www.refurbed.de/p/dell-latitude-5490-8250u/
2025-11-30 02:30:29,820 - INFO - Scraping 1197/6851: https://www.refurbed.de/p/dell-latitude-5490-8650u/
2025-11-30 02:30:31,314 - INFO - Scraping 1198/6851: https://www.refurbed.de/p/dell-latitude-5490-i3-8130u-14/
2025-11-30 02:30:32,976 - INFO - Scraping 1199/6851: https://www.refurbed.de/p/dell-latitude-5490-i7-8850h/
2025-11-30 02:30:34,412 - INFO - Scraping 1200/6851: https://www.refurbed.de/p/dell-latitude-5491-8300h/
2025-11-30 02:30:35,804 - INFO - Scraping 1201/6851: https://www.refurbed.de/p/dell-latitude-5491-8400h/
2025-11-30 02:30:37,271 - INFO - Scraping 1202/6851: https://www.refurbed.de/p/dell-latitude-5491-i7-8850h/
2025-11-30 02:30:38,684 - INFO - Scraping 1203/6851: https://www.refurbed.de/p/dell-latitude-5501-9400h-15-6/
2025-11-30 02:30:40,471 - INFO - Scraping 1204/6851: https://www.refurbed.de/p/dell-latitude-5501-i7-9850h-15/
2025-11-30 02:30:42,031 - INFO - Scraping 1205/6851: https://www.refurbed.de/p/dell-latitude-5520-1135g7/
2025-11-30 02:30:43,713 - INFO - Scraping 1206/6851: https://www.refurbed.de/p/dell-latitude-5520-1145g7-15-6/
2025-11-30 02:30:45,442 - INFO - Scraping 1207/6851: https://www.refurbed.de/p/dell-latitude-5520-i7-1165g7/
2025-11-30 02:30:47,021 - INFO - Scraping 1208/6851: https://www.refurbed.de/p/dell-latitude-5520-i7-1185g7-15/
2025-11-30 02:30:48,574 - INFO - Scraping 1209/6851: https://www.refurbed.de/p/dell-latitude-5521-i5-11500h/
2025-11-30 02:30:50,228 - INFO - Scraping 1210/6851: https://www.refurbed.de/p/dell-latitude-5521-i7-11850h/
2025-11-30 02:30:51,633 - INFO - Scraping 1211/6851: https://www.refurbed.de/p/dell-latitude-5530-i5-1235u/
2025-11-30 02:30:53,280 - INFO - Scraping 1212/6851: https://www.refurbed.de/p/dell-latitude-5530-i5-1245u/
2025-11-30 02:30:54,916 - INFO - Scraping 1213/6851: https://www.refurbed.de/p/dell-latitude-5530-i7-1255u/
2025-11-30 02:30:56,349 - INFO - Scraping 1214/6851: https://www.refurbed.de/p/dell-latitude-5530-i7-1265u/
2025-11-30 02:30:57,889 - INFO - Scraping 1215/6851: https://www.refurbed.de/p/dell-latitude-5530-i7-1270p/
2025-11-30 02:30:59,482 - INFO - Scraping 1216/6851: https://www.refurbed.de/p/dell-latitude-5531-i5-12600h/
2025-11-30 02:31:00,901 - INFO - Scraping 1217/6851: https://www.refurbed.de/p/dell-latitude-5540-i5-1345u/
2025-11-30 02:31:02,597 - INFO - Scraping 1218/6851: https://www.refurbed.de/p/dell-latitude-5540-i5-1350p/
2025-11-30 02:31:04,043 - INFO - Scraping 1219/6851: https://www.refurbed.de/p/dell-latitude-5540-i7-1365u/
2025-11-30 02:31:05,649 - INFO - Scraping 1220/6851: https://www.refurbed.de/p/dell-latitude-5580-6440hq/
2025-11-30 02:31:05,906 - ERROR - Error fetching https://www.refurbed.de/p/dell-latitude-5580-6440hq/: 404 Client Error: Not Found for url: https://www.refurbed.de/p/dell-latitude-5580-6440hq/
2025-11-30 02:31:06,908 - INFO - Scraping 1221/6851: https://www.refurbed.de/p/dell-latitude-5580-7300u/
2025-11-30 02:31:07,238 - ERROR - Error fetching https://www.refurbed.de/p/dell-latitude-5580-7300u/: 404 Client Error: Not Found for url: https://www.refurbed.de/p/dell-latitude-5580-7300u/
2025-11-30 02:31:08,240 - INFO - Scraping 1222/6851: https://www.refurbed.de/p/dell-latitude-5580-7820hq/
2025-11-30 02:31:09,852 - INFO - Scraping 1223/6851: https://www.refurbed.de/p/dell-latitude-5580-i5-6200u-15-/
2025-11-30 02:31:10,146 - ERROR - Error fetching https://www.refurbed.de/p/dell-latitude-5580-i5-6200u-15-/: 404 Client Error: Not Found for url: https://www.refurbed.de/p/dell-latitude-5580-i5-6200u-15-/
2025-11-30 02:31:11,148 - INFO - Scraping 1224/6851: https://www.refurbed.de/p/dell-latitude-5580-i5-6300u-15-6/
2025-11-30 02:31:11,428 - ERROR - Error fetching https://www.refurbed.de/p/dell-latitude-5580-i5-6300u-15-6/: 404 Client Error: Not Found for url: https://www.refurbed.de/p/dell-latitude-5580-i5-6300u-15-6/
2025-11-30 02:31:12,430 - INFO - Scraping 1225/6851: https://www.refurbed.de/p/dell-latitude-5580-i5-7200u-156/
2025-11-30 02:31:12,737 - ERROR - Error fetching https://www.refurbed.de/p/dell-latitude-5580-i5-7200u-156/: 404 Client Error: Not Found for url: https://www.refurbed.de/p/dell-latitude-5580-i5-7200u-156/
2025-11-30 02:31:13,739 - INFO - Scraping 1226/6851: https://www.refurbed.de/p/dell-latitude-5580-i5-7440hq/
2025-11-30 02:31:14,014 - ERROR - Error fetching https://www.refurbed.de/p/dell-latitude-5580-i5-7440hq/: 404 Client Error: Not Found for url: https://www.refurbed.de/p/dell-latitude-5580-i5-7440hq/
2025-11-30 02:31:15,016 - INFO - Scraping 1227/6851: https://www.refurbed.de/p/dell-latitude-5580-i7-7600u-156/
2025-11-30 02:31:15,274 - ERROR - Error fetching https://www.refurbed.de/p/dell-latitude-5580-i7-7600u-156/: 404 Client Error: Not Found for url: https://www.refurbed.de/p/dell-latitude-5580-i7-7600u-156/
2025-11-30 02:31:16,277 - INFO - Scraping 1228/6851: https://www.refurbed.de/p/dell-latitude-5590-7200u/
2025-11-30 02:31:16,801 - ERROR - Error fetching https://www.refurbed.de/p/dell-latitude-5590-7200u/: 404 Client Error: Not Found for url: https://www.refurbed.de/p/dell-latitude-5590-7200u/
2025-11-30 02:31:17,803 - INFO - Scraping 1229/6851: https://www.refurbed.de/p/dell-latitude-5590-7300u/
2025-11-30 02:31:18,250 - ERROR - Error fetching https://www.refurbed.de/p/dell-latitude-5590-7300u/: 404 Client Error: Not Found for url: https://www.refurbed.de/p/dell-latitude-5590-7300u/
2025-11-30 02:31:19,252 - INFO - Scraping 1230/6851: https://www.refurbed.de/p/dell-latitude-5590-8550u/
2025-11-30 02:31:20,698 - INFO - Scraping 1231/6851: https://www.refurbed.de/p/dell-latitude-5590-8650u/
2025-11-30 02:31:22,234 - INFO - Scraping 1232/6851: https://www.refurbed.de/p/dell-latitude-5590-i3-7100u/
2025-11-30 02:31:22,522 - ERROR - Error fetching https://www.refurbed.de/p/dell-latitude-5590-i3-7100u/: 404 Client Error: Not Found for url: https://www.refurbed.de/p/dell-latitude-5590-i3-7100u/
2025-11-30 02:31:23,524 - INFO - Scraping 1233/6851: https://www.refurbed.de/p/dell-latitude-5590-i5-8250u/
2025-11-30 02:31:25,109 - INFO - Scraping 1234/6851: https://www.refurbed.de/p/dell-latitude-5590-i5-8350u/
2025-11-30 02:31:26,888 - INFO - Scraping 1235/6851: https://www.refurbed.de/p/dell-latitude-7200-2-in-1/
2025-11-30 02:31:28,449 - INFO - Scraping 1236/6851: https://www.refurbed.de/p/dell-latitude-7210-10210u/
2025-11-30 02:31:28,959 - ERROR - Error fetching https://www.refurbed.de/p/dell-latitude-7210-10210u/: 404 Client Error: Not Found for url: https://www.refurbed.de/p/dell-latitude-7210-10210u/
2025-11-30 02:31:29,961 - INFO - Scraping 1237/6851: https://www.refurbed.de/p/dell-latitude-7210-10310u/
2025-11-30 02:31:31,490 - INFO - Scraping 1238/6851: https://www.refurbed.de/p/dell-latitude-7210-10610u/
2025-11-30 02:31:31,930 - ERROR - Error fetching https://www.refurbed.de/p/dell-latitude-7210-10610u/: 404 Client Error: Not Found for url: https://www.refurbed.de/p/dell-latitude-7210-10610u/
2025-11-30 02:31:32,932 - INFO - Scraping 1239/6851: https://www.refurbed.de/p/dell-latitude-7210-10810u/
2025-11-30 02:31:34,472 - INFO - Scraping 1240/6851: https://www.refurbed.de/p/dell-latitude-7210-i3-10110u/
2025-11-30 02:31:34,895 - ERROR - Error fetching https://www.refurbed.de/p/dell-latitude-7210-i3-10110u/: 404 Client Error: Not Found for url: https://www.refurbed.de/p/dell-latitude-7210-i3-10110u/
2025-11-30 02:31:35,897 - INFO - Scraping 1241/6851: https://www.refurbed.de/p/dell-latitude-7212-rgg-i3-7100u/
2025-11-30 02:31:36,159 - ERROR - Error fetching https://www.refurbed.de/p/dell-latitude-7212-rgg-i3-7100u/: 404 Client Error: Not Found for url: https://www.refurbed.de/p/dell-latitude-7212-rgg-i3-7100u/
2025-11-30 02:31:37,161 - INFO - Scraping 1242/6851: https://www.refurbed.de/p/dell-latitude-7212-rgg-i5-6300u/
2025-11-30 02:31:37,592 - ERROR - Error fetching https://www.refurbed.de/p/dell-latitude-7212-rgg-i5-6300u/: 404 Client Error: Not Found for url: https://www.refurbed.de/p/dell-latitude-7212-rgg-i5-6300u/
2025-11-30 02:31:38,594 - INFO - Scraping 1243/6851: https://www.refurbed.de/p/dell-latitude-7212-rgg-i5-7300u/
2025-11-30 02:31:39,027 - ERROR - Error fetching https://www.refurbed.de/p/dell-latitude-7212-rgg-i5-7300u/: 404 Client Error: Not Found for url: https://www.refurbed.de/p/dell-latitude-7212-rgg-i5-7300u/
2025-11-30 02:31:40,029 - INFO - Scraping 1244/6851: https://www.refurbed.de/p/dell-latitude-7212-rgg-i5-8350u/
2025-11-30 02:31:41,567 - INFO - Scraping 1245/6851: https://www.refurbed.de/p/dell-latitude-7212-rgg-i7-8650u/
2025-11-30 02:31:42,965 - INFO - Scraping 1246/6851: https://www.refurbed.de/p/dell-latitude-7212-rgg-i7-8665u/
2025-11-30 02:31:44,557 - INFO - Scraping 1247/6851: https://www.refurbed.de/p/dell-latitude-7220-rgg--i7-8665u/
2025-11-30 02:31:45,978 - INFO - Scraping 1248/6851: https://www.refurbed.de/p/dell-latitude-7220-rgg-i3-8145u/
2025-11-30 02:31:47,529 - INFO - Scraping 1249/6851: https://www.refurbed.de/p/dell-latitude-7220-rgg-xtr-8365u/
2025-11-30 02:31:49,244 - INFO - Scraping 1250/6851: https://www.refurbed.de/p/dell-latitude-7275-m5-6y57/
2025-11-30 02:31:49,501 - ERROR - Error fetching https://www.refurbed.de/p/dell-latitude-7275-m5-6y57/: 404 Client Error: Not Found for url: https://www.refurbed.de/p/dell-latitude-7275-m5-6y57/
2025-11-30 02:31:50,503 - INFO - Scraping 1251/6851: https://www.refurbed.de/p/dell-latitude-7275-m7-6y57/
2025-11-30 02:31:50,914 - ERROR - Error fetching https://www.refurbed.de/p/dell-latitude-7275-m7-6y57/: 404 Client Error: Not Found for url: https://www.refurbed.de/p/dell-latitude-7275-m7-6y57/
2025-11-30 02:31:51,917 - INFO - Scraping 1252/6851: https://www.refurbed.de/p/dell-latitude-7280-i5-6200u-12-5/
2025-11-30 02:31:52,178 - ERROR - Error fetching https://www.refurbed.de/p/dell-latitude-7280-i5-6200u-12-5/: 404 Client Error: Not Found for url: https://www.refurbed.de/p/dell-latitude-7280-i5-6200u-12-5/
2025-11-30 02:31:53,180 - INFO - Scraping 1253/6851: https://www.refurbed.de/p/dell-latitude-7280-i5-6300u-12-5/
2025-11-30 02:31:53,435 - ERROR - Error fetching https://www.refurbed.de/p/dell-latitude-7280-i5-6300u-12-5/: 404 Client Error: Not Found for url: https://www.refurbed.de/p/dell-latitude-7280-i5-6300u-12-5/
2025-11-30 02:31:54,437 - INFO - Scraping 1254/6851: https://www.refurbed.de/p/dell-latitude-7280-i5-6600u-12-5/
2025-11-30 02:31:54,746 - ERROR - Error fetching https://www.refurbed.de/p/dell-latitude-7280-i5-6600u-12-5/: 404 Client Error: Not Found for url: https://www.refurbed.de/p/dell-latitude-7280-i5-6600u-12-5/
2025-11-30 02:31:55,749 - INFO - Scraping 1255/6851: https://www.refurbed.de/p/dell-latitude-7280-i5-7200u-12-5/
2025-11-30 02:31:56,142 - ERROR - Error fetching https://www.refurbed.de/p/dell-latitude-7280-i5-7200u-12-5/: 404 Client Error: Not Found for url: https://www.refurbed.de/p/dell-latitude-7280-i5-7200u-12-5/
2025-11-30 02:31:57,144 - INFO - Scraping 1256/6851: https://www.refurbed.de/p/dell-latitude-7280-i5-7300u/
2025-11-30 02:31:57,411 - ERROR - Error fetching https://www.refurbed.de/p/dell-latitude-7280-i5-7300u/: 404 Client Error: Not Found for url: https://www.refurbed.de/p/dell-latitude-7280-i5-7300u/
2025-11-30 02:31:58,414 - INFO - Scraping 1257/6851: https://www.refurbed.de/p/dell-latitude-7280-i7-7600u-12-5/
2025-11-30 02:31:58,670 - ERROR - Error fetching https://www.refurbed.de/p/dell-latitude-7280-i7-7600u-12-5/: 404 Client Error: Not Found for url: https://www.refurbed.de/p/dell-latitude-7280-i7-7600u-12-5/
2025-11-30 02:31:59,672 - INFO - Scraping 1258/6851: https://www.refurbed.de/p/dell-latitude-7285-7y57/
2025-11-30 02:31:59,923 - ERROR - Error fetching https://www.refurbed.de/p/dell-latitude-7285-7y57/: 404 Client Error: Not Found for url: https://www.refurbed.de/p/dell-latitude-7285-7y57/
2025-11-30 02:32:00,925 - INFO - Scraping 1259/6851: https://www.refurbed.de/p/dell-latitude-7285-i7-7y75/
2025-11-30 02:32:01,374 - ERROR - Error fetching https://www.refurbed.de/p/dell-latitude-7285-i7-7y75/: 404 Client Error: Not Found for url: https://www.refurbed.de/p/dell-latitude-7285-i7-7y75/
2025-11-30 02:32:02,377 - INFO - Scraping 1260/6851: https://www.refurbed.de/p/dell-latitude-7290-i5-8350u/
2025-11-30 02:32:03,939 - INFO - Scraping 1261/6851: https://www.refurbed.de/p/dell-latitude-7290-i7-8650u/
2025-11-30 02:32:05,339 - INFO - Scraping 1262/6851: https://www.refurbed.de/p/dell-latitude-7300-8665u-13-3/
2025-11-30 02:32:06,895 - INFO - Scraping 1263/6851: https://www.refurbed.de/p/dell-latitude-7300-i5-8265u-13-3/
2025-11-30 02:32:08,666 - INFO - Scraping 1264/6851: https://www.refurbed.de/p/dell-latitude-7300-i5-8350u-13-3/
2025-11-30 02:32:10,117 - INFO - Scraping 1265/6851: https://www.refurbed.de/p/dell-latitude-7300-i5-8365u-13-3/
2025-11-30 02:32:11,681 - INFO - Scraping 1266/6851: https://www.refurbed.de/p/dell-latitude-7310-10610u-13-3/
2025-11-30 02:32:13,264 - INFO - Scraping 1267/6851: https://www.refurbed.de/p/dell-latitude-7310-2-in-1-10310u/
2025-11-30 02:32:14,846 - INFO - Scraping 1268/6851: https://www.refurbed.de/p/dell-latitude-7310-2-in-1-10610u/
2025-11-30 02:32:16,399 - INFO - Scraping 1269/6851: https://www.refurbed.de/p/dell-latitude-7310-i5-10310u/
2025-11-30 02:32:18,046 - INFO - Scraping 1270/6851: https://www.refurbed.de/p/dell-latitude-7310-i7-10710u/
2025-11-30 02:32:19,646 - INFO - Scraping 1271/6851: https://www.refurbed.de/p/dell-latitude-7320-114g7/
2025-11-30 02:32:21,198 - INFO - Scraping 1272/6851: https://www.refurbed.de/p/dell-latitude-7320-i5-1135g7/
2025-11-30 02:32:22,644 - INFO - Scraping 1273/6851: https://www.refurbed.de/p/dell-latitude-7320-i7-1185g7/
2025-11-30 02:32:24,209 - INFO - Scraping 1274/6851: https://www.refurbed.de/p/dell-latitude-7330-i5-1245u-13-3/
2025-11-30 02:32:25,746 - INFO - Scraping 1275/6851: https://www.refurbed.de/p/dell-latitude-7330-i7-1265u-13-3/
2025-11-30 02:32:27,184 - INFO - Scraping 1276/6851: https://www.refurbed.de/p/dell-latitude-7340-i5-1345u/
2025-11-30 02:32:28,654 - INFO - Scraping 1277/6851: https://www.refurbed.de/p/dell-latitude-7340-i7-1365u/
2025-11-30 02:32:30,140 - INFO - Scraping 1278/6851: https://www.refurbed.de/p/dell-latitude-7350-my71/
2025-11-30 02:32:30,396 - ERROR - Error fetching https://www.refurbed.de/p/dell-latitude-7350-my71/: 404 Client Error: Not Found for url: https://www.refurbed.de/p/dell-latitude-7350-my71/
2025-11-30 02:32:31,398 - INFO - Scraping 1279/6851: https://www.refurbed.de/p/dell-latitude-7380-7300u/
2025-11-30 02:32:31,734 - ERROR - Error fetching https://www.refurbed.de/p/dell-latitude-7380-7300u/: 404 Client Error: Not Found for url: https://www.refurbed.de/p/dell-latitude-7380-7300u/
2025-11-30 02:32:32,736 - INFO - Scraping 1280/6851: https://www.refurbed.de/p/dell-latitude-7380-i7-7600u-13/
2025-11-30 02:32:32,994 - ERROR - Error fetching https://www.refurbed.de/p/dell-latitude-7380-i7-7600u-13/: 404 Client Error: Not Found for url: https://www.refurbed.de/p/dell-latitude-7380-i7-7600u-13/
2025-11-30 02:32:33,996 - INFO - Scraping 1281/6851: https://www.refurbed.de/p/dell-latitude-7389-2-1-i5-7300u/
2025-11-30 02:32:34,257 - ERROR - Error fetching https://www.refurbed.de/p/dell-latitude-7389-2-1-i5-7300u/: 404 Client Error: Not Found for url: https://www.refurbed.de/p/dell-latitude-7389-2-1-i5-7300u/
2025-11-30 02:32:35,259 - INFO - Scraping 1282/6851: https://www.refurbed.de/p/dell-latitude-7390-2-1-i5-8250u/
2025-11-30 02:32:36,791 - INFO - Scraping 1283/6851: https://www.refurbed.de/p/dell-latitude-7390-2-1-i5-8350u/
2025-11-30 02:32:38,415 - INFO - Scraping 1284/6851: https://www.refurbed.de/p/dell-latitude-7390-2-1-i7-8650u/
2025-11-30 02:32:39,814 - INFO - Scraping 1285/6851: https://www.refurbed.de/p/dell-latitude-7390-2-in-1-8350u/
2025-11-30 02:32:41,276 - INFO - Scraping 1286/6851: https://www.refurbed.de/p/dell-latitude-7390-2-in-1-8650u/
2025-11-30 02:32:42,687 - INFO - Scraping 1287/6851: https://www.refurbed.de/p/dell-latitude-7390-i5-7300u-13-3/
2025-11-30 02:32:42,956 - ERROR - Error fetching https://www.refurbed.de/p/dell-latitude-7390-i5-7300u-13-3/: 404 Client Error: Not Found for url: https://www.refurbed.de/p/dell-latitude-7390-i5-7300u-13-3/
2025-11-30 02:32:43,958 - INFO - Scraping 1288/6851: https://www.refurbed.de/p/dell-latitude-7390-i5-8250u/
2025-11-30 02:32:45,695 - INFO - Scraping 1289/6851: https://www.refurbed.de/p/dell-latitude-7390-i7-8650u/
2025-11-30 02:32:47,304 - INFO - Scraping 1290/6851: https://www.refurbed.de/p/dell-latitude-7400-2-in-1-8265u/
2025-11-30 02:32:48,751 - INFO - Scraping 1291/6851: https://www.refurbed.de/p/dell-latitude-7400-2-in-1-8365u/
2025-11-30 02:32:50,154 - INFO - Scraping 1292/6851: https://www.refurbed.de/p/dell-latitude-7400-2-in-1-8665u/
2025-11-30 02:32:51,678 - INFO - Scraping 1293/6851: https://www.refurbed.de/p/dell-latitude-7400-8265u-14/
2025-11-30 02:32:53,333 - INFO - Scraping 1294/6851: https://www.refurbed.de/p/dell-latitude-7400-8365u/
2025-11-30 02:32:55,196 - INFO - Scraping 1295/6851: https://www.refurbed.de/p/dell-latitude-7400-8665u/
2025-11-30 02:32:56,623 - INFO - Scraping 1296/6851: https://www.refurbed.de/p/dell-latitude-7410-2-1-i5-10310u/
2025-11-30 02:32:58,238 - INFO - Scraping 1297/6851: https://www.refurbed.de/p/dell-latitude-7410-2-1-i7-10610u/
2025-11-30 02:32:59,803 - INFO - Scraping 1298/6851: https://www.refurbed.de/p/dell-latitude-7410-2-1-i7-10810u/
2025-11-30 02:33:01,478 - INFO - Scraping 1299/6851: https://www.refurbed.de/p/dell-latitude-7410-i5-10210u/
2025-11-30 02:33:03,014 - INFO - Scraping 1300/6851: https://www.refurbed.de/p/dell-latitude-7410-i5-10310u/
2025-11-30 02:33:04,457 - INFO - Scraping 1301/6851: https://www.refurbed.de/p/dell-latitude-7410-i7-10610u/
2025-11-30 02:33:06,024 - INFO - Scraping 1302/6851: https://www.refurbed.de/p/dell-latitude-7410-i7-10810u/
2025-11-30 02:33:07,496 - INFO - Scraping 1303/6851: https://www.refurbed.de/p/dell-latitude-7420-1135g7-14/
2025-11-30 02:33:08,995 - INFO - Scraping 1304/6851: https://www.refurbed.de/p/dell-latitude-7420-i5-1145g7/
2025-11-30 02:33:10,589 - INFO - Scraping 1305/6851: https://www.refurbed.de/p/dell-latitude-7420-i7-1165g7/
2025-11-30 02:33:12,105 - INFO - Scraping 1306/6851: https://www.refurbed.de/p/dell-latitude-7420-i7-1185g7/
2025-11-30 02:33:13,607 - INFO - Scraping 1307/6851: https://www.refurbed.de/p/dell-latitude-7430-i5-1245u-14/
2025-11-30 02:33:15,222 - INFO - Scraping 1308/6851: https://www.refurbed.de/p/dell-latitude-7430-i7-1255u-14/
2025-11-30 02:33:16,623 - INFO - Scraping 1309/6851: https://www.refurbed.de/p/dell-latitude-7430-i7-1265u/
2025-11-30 02:33:18,331 - INFO - Scraping 1310/6851: https://www.refurbed.de/p/dell-latitude-7430-i7-1270p-14/
2025-11-30 02:33:19,747 - INFO - Scraping 1311/6851: https://www.refurbed.de/p/dell-latitude-7440-i5-1335u/
2025-11-30 02:33:21,166 - INFO - Scraping 1312/6851: https://www.refurbed.de/p/dell-latitude-7440-i7-1365u/
2025-11-30 02:33:22,618 - INFO - Scraping 1313/6851: https://www.refurbed.de/p/dell-latitude-7480-6600u/
2025-11-30 02:33:22,954 - ERROR - Error fetching https://www.refurbed.de/p/dell-latitude-7480-6600u/: 404 Client Error: Not Found for url: https://www.refurbed.de/p/dell-latitude-7480-6600u/
2025-11-30 02:33:23,956 - INFO - Scraping 1314/6851: https://www.refurbed.de/p/dell-latitude-7480-7300u/
2025-11-30 02:33:24,354 - ERROR - Error fetching https://www.refurbed.de/p/dell-latitude-7480-7300u/: 404 Client Error: Not Found for url: https://www.refurbed.de/p/dell-latitude-7480-7300u/
2025-11-30 02:33:25,356 - INFO - Scraping 1315/6851: https://www.refurbed.de/p/dell-latitude-7480-7600u/
2025-11-30 02:33:25,624 - ERROR - Error fetching https://www.refurbed.de/p/dell-latitude-7480-7600u/: 404 Client Error: Not Found for url: https://www.refurbed.de/p/dell-latitude-7480-7600u/
2025-11-30 02:33:26,626 - INFO - Scraping 1316/6851: https://www.refurbed.de/p/dell-latitude-7480-i5-6200u-14/
2025-11-30 02:33:26,941 - ERROR - Error fetching https://www.refurbed.de/p/dell-latitude-7480-i5-6200u-14/: 404 Client Error: Not Found for url: https://www.refurbed.de/p/dell-latitude-7480-i5-6200u-14/
2025-11-30 02:33:27,943 - INFO - Scraping 1317/6851: https://www.refurbed.de/p/dell-latitude-7480-i5-6300u-14/
2025-11-30 02:33:28,199 - ERROR - Error fetching https://www.refurbed.de/p/dell-latitude-7480-i5-6300u-14/: 404 Client Error: Not Found for url: https://www.refurbed.de/p/dell-latitude-7480-i5-6300u-14/
2025-11-30 02:33:29,202 - INFO - Scraping 1318/6851: https://www.refurbed.de/p/dell-latitude-7480-i5-6360u-14/
2025-11-30 02:33:29,467 - ERROR - Error fetching https://www.refurbed.de/p/dell-latitude-7480-i5-6360u-14/: 404 Client Error: Not Found for url: https://www.refurbed.de/p/dell-latitude-7480-i5-6360u-14/
2025-11-30 02:33:30,469 - INFO - Scraping 1319/6851: https://www.refurbed.de/p/dell-latitude-7480-i5-7200u-14/
2025-11-30 02:33:30,889 - ERROR - Error fetching https://www.refurbed.de/p/dell-latitude-7480-i5-7200u-14/: 404 Client Error: Not Found for url: https://www.refurbed.de/p/dell-latitude-7480-i5-7200u-14/
2025-11-30 02:33:31,891 - INFO - Scraping 1320/6851: https://www.refurbed.de/p/dell-latitude-7480-i7-6650u-14/
2025-11-30 02:33:32,147 - ERROR - Error fetching https://www.refurbed.de/p/dell-latitude-7480-i7-6650u-14/: 404 Client Error: Not Found for url: https://www.refurbed.de/p/dell-latitude-7480-i7-6650u-14/
2025-11-30 02:33:33,149 - INFO - Scraping 1321/6851: https://www.refurbed.de/p/dell-latitude-7480-i7-7500u/
2025-11-30 02:33:33,422 - ERROR - Error fetching https://www.refurbed.de/p/dell-latitude-7480-i7-7500u/: 404 Client Error: Not Found for url: https://www.refurbed.de/p/dell-latitude-7480-i7-7500u/
2025-11-30 02:33:34,424 - INFO - Scraping 1322/6851: https://www.refurbed.de/p/dell-latitude-7490-7300u/
2025-11-30 02:33:34,804 - ERROR - Error fetching https://www.refurbed.de/p/dell-latitude-7490-7300u/: 404 Client Error: Not Found for url: https://www.refurbed.de/p/dell-latitude-7490-7300u/
2025-11-30 02:33:35,806 - INFO - Scraping 1323/6851: https://www.refurbed.de/p/dell-latitude-7490-7600u-14/
2025-11-30 02:33:36,095 - ERROR - Error fetching https://www.refurbed.de/p/dell-latitude-7490-7600u-14/: 404 Client Error: Not Found for url: https://www.refurbed.de/p/dell-latitude-7490-7600u-14/
2025-11-30 02:33:37,097 - INFO - Scraping 1324/6851: https://www.refurbed.de/p/dell-latitude-7490-8250u/
2025-11-30 02:33:38,879 - INFO - Scraping 1325/6851: https://www.refurbed.de/p/dell-latitude-7490-8650u/
2025-11-30 02:33:40,448 - INFO - Scraping 1326/6851: https://www.refurbed.de/p/dell-latitude-7490-8665/
2025-11-30 02:33:40,707 - ERROR - Error fetching https://www.refurbed.de/p/dell-latitude-7490-8665/: 404 Client Error: Not Found for url: https://www.refurbed.de/p/dell-latitude-7490-8665/
2025-11-30 02:33:41,709 - INFO - Scraping 1327/6851: https://www.refurbed.de/p/dell-latitude-7490-i5-8350u-14/
2025-11-30 02:33:43,344 - INFO - Scraping 1328/6851: https://www.refurbed.de/p/dell-latitude-7490-i7-8565u/
2025-11-30 02:33:44,756 - INFO - Scraping 1329/6851: https://www.refurbed.de/p/dell-latitude-7520-alu-i7-1185g7/
2025-11-30 02:33:46,205 - INFO - Scraping 1330/6851: https://www.refurbed.de/p/dell-latitude-7520-car-i7-1185g7/
2025-11-30 02:33:47,897 - INFO - Scraping 1331/6851: https://www.refurbed.de/p/dell-latitude-7520-i7-1165g7/
2025-11-30 02:33:49,377 - INFO - Scraping 1332/6851: https://www.refurbed.de/p/dell-latitude-7530-i5-1250p/
2025-11-30 02:33:50,923 - INFO - Scraping 1333/6851: https://www.refurbed.de/p/dell-latitude-7530-i7-8750h/
2025-11-30 02:33:52,326 - INFO - Scraping 1334/6851: https://www.refurbed.de/p/dell-latitude-7530-i9-8950hk/
2025-11-30 02:33:53,733 - INFO - Scraping 1335/6851: https://www.refurbed.de/p/dell-latitude-7640-i5-1345u/
2025-11-30 02:33:55,429 - INFO - Scraping 1336/6851: https://www.refurbed.de/p/dell-latitude-9430-2-in-1-1245u/
2025-11-30 02:33:56,853 - INFO - Scraping 1337/6851: https://www.refurbed.de/p/dell-latitude-9430-2-in-1-1265u/
2025-11-30 02:33:57,124 - ERROR - Error fetching https://www.refurbed.de/p/dell-latitude-9430-2-in-1-1265u/: 404 Client Error: Not Found for url: https://www.refurbed.de/p/dell-latitude-9430-2-in-1-1265u/
2025-11-30 02:33:58,126 - INFO - Scraping 1338/6851: https://www.refurbed.de/p/dell-latitude-9430-i7-1265u/
2025-11-30 02:33:59,528 - INFO - Scraping 1339/6851: https://www.refurbed.de/p/dell-latitude-9520-2in1-1185g7/
2025-11-30 02:34:00,984 - INFO - Scraping 1340/6851: https://www.refurbed.de/p/dell-latitude-detach-7320-1130g7/
2025-11-30 02:34:02,531 - INFO - Scraping 1341/6851: https://www.refurbed.de/p/dell-latitude-detach-7320-1140g7/
2025-11-30 02:34:04,114 - INFO - Scraping 1342/6851: https://www.refurbed.de/p/dell-latitude-detach-7320-1180g7/
2025-11-30 02:34:05,983 - INFO - Scraping 1343/6851: https://www.refurbed.de/p/dell-latitude-e5250-i5-5300u-12-/
2025-11-30 02:34:06,994 - ERROR - Error fetching https://www.refurbed.de/p/dell-latitude-e5250-i5-5300u-12-/: 404 Client Error: Not Found for url: https://www.refurbed.de/p/dell-latitude-e5250-i5-5300u-12-/
2025-11-30 02:34:07,996 - INFO - Scraping 1344/6851: https://www.refurbed.de/p/dell-latitude-e5270-i5-6200u-12-/
2025-11-30 02:34:08,476 - ERROR - Error fetching https://www.refurbed.de/p/dell-latitude-e5270-i5-6200u-12-/: 404 Client Error: Not Found for url: https://www.refurbed.de/p/dell-latitude-e5270-i5-6200u-12-/
2025-11-30 02:34:09,478 - INFO - Scraping 1345/6851: https://www.refurbed.de/p/dell-latitude-e5270-i5-6300u-12-/
2025-11-30 02:34:09,869 - ERROR - Error fetching https://www.refurbed.de/p/dell-latitude-e5270-i5-6300u-12-/: 404 Client Error: Not Found for url: https://www.refurbed.de/p/dell-latitude-e5270-i5-6300u-12-/
2025-11-30 02:34:10,872 - INFO - Scraping 1346/6851: https://www.refurbed.de/p/dell-latitude-e5270-i7-6600u-12/
2025-11-30 02:34:11,227 - ERROR - Error fetching https://www.refurbed.de/p/dell-latitude-e5270-i7-6600u-12/: 404 Client Error: Not Found for url: https://www.refurbed.de/p/dell-latitude-e5270-i7-6600u-12/
2025-11-30 02:34:12,229 - INFO - Scraping 1347/6851: https://www.refurbed.de/p/dell-latitude-e5440-i3-4010u-14/
2025-11-30 02:34:12,493 - ERROR - Error fetching https://www.refurbed.de/p/dell-latitude-e5440-i3-4010u-14/: 404 Client Error: Not Found for url: https://www.refurbed.de/p/dell-latitude-e5440-i3-4010u-14/
2025-11-30 02:34:13,495 - INFO - Scraping 1348/6851: https://www.refurbed.de/p/dell-latitude-e5440-i5-4200u-14/
2025-11-30 02:34:13,790 - ERROR - Error fetching https://www.refurbed.de/p/dell-latitude-e5440-i5-4200u-14/: 404 Client Error: Not Found for url: https://www.refurbed.de/p/dell-latitude-e5440-i5-4200u-14/
2025-11-30 02:34:14,792 - INFO - Scraping 1349/6851: https://www.refurbed.de/p/dell-latitude-e5440-i5-4300m-14/
2025-11-30 02:34:15,046 - ERROR - Error fetching https://www.refurbed.de/p/dell-latitude-e5440-i5-4300m-14/: 404 Client Error: Not Found for url: https://www.refurbed.de/p/dell-latitude-e5440-i5-4300m-14/
2025-11-30 02:34:16,049 - INFO - Scraping 1350/6851: https://www.refurbed.de/p/dell-latitude-e5440-i5-4300u-14/
2025-11-30 02:34:16,329 - ERROR - Error fetching https://www.refurbed.de/p/dell-latitude-e5440-i5-4300u-14/: 404 Client Error: Not Found for url: https://www.refurbed.de/p/dell-latitude-e5440-i5-4300u-14/
2025-11-30 02:34:17,331 - INFO - Scraping 1351/6851: https://www.refurbed.de/p/dell-latitude-e5440-i5-4310u-14/
2025-11-30 02:34:17,686 - ERROR - Error fetching https://www.refurbed.de/p/dell-latitude-e5440-i5-4310u-14/: 404 Client Error: Not Found for url: https://www.refurbed.de/p/dell-latitude-e5440-i5-4310u-14/
2025-11-30 02:34:18,688 - INFO - Scraping 1352/6851: https://www.refurbed.de/p/dell-latitude-e5440-i5-4600u/
2025-11-30 02:34:18,953 - ERROR - Error fetching https://www.refurbed.de/p/dell-latitude-e5440-i5-4600u/: 404 Client Error: Not Found for url: https://www.refurbed.de/p/dell-latitude-e5440-i5-4600u/
2025-11-30 02:34:19,956 - INFO - Scraping 1353/6851: https://www.refurbed.de/p/dell-latitude-e5450-i3-5010u-14/
2025-11-30 02:34:20,235 - ERROR - Error fetching https://www.refurbed.de/p/dell-latitude-e5450-i3-5010u-14/: 404 Client Error: Not Found for url: https://www.refurbed.de/p/dell-latitude-e5450-i3-5010u-14/
2025-11-30 02:34:21,237 - INFO - Scraping 1354/6851: https://www.refurbed.de/p/dell-latitude-e5450-i5-4310u-14/
2025-11-30 02:34:21,505 - ERROR - Error fetching https://www.refurbed.de/p/dell-latitude-e5450-i5-4310u-14/: 404 Client Error: Not Found for url: https://www.refurbed.de/p/dell-latitude-e5450-i5-4310u-14/
2025-11-30 02:34:22,507 - INFO - Scraping 1355/6851: https://www.refurbed.de/p/dell-latitude-e5450-i5-5200u-14/
2025-11-30 02:34:22,792 - ERROR - Error fetching https://www.refurbed.de/p/dell-latitude-e5450-i5-5200u-14/: 404 Client Error: Not Found for url: https://www.refurbed.de/p/dell-latitude-e5450-i5-5200u-14/
2025-11-30 02:34:23,794 - INFO - Scraping 1356/6851: https://www.refurbed.de/p/dell-latitude-e5450-i5-5300u-14/
2025-11-30 02:34:24,186 - ERROR - Error fetching https://www.refurbed.de/p/dell-latitude-e5450-i5-5300u-14/: 404 Client Error: Not Found for url: https://www.refurbed.de/p/dell-latitude-e5450-i5-5300u-14/
2025-11-30 02:34:25,188 - INFO - Scraping 1357/6851: https://www.refurbed.de/p/dell-latitude-e5450-i7-5600u-14/
2025-11-30 02:34:25,487 - ERROR - Error fetching https://www.refurbed.de/p/dell-latitude-e5450-i7-5600u-14/: 404 Client Error: Not Found for url: https://www.refurbed.de/p/dell-latitude-e5450-i7-5600u-14/
2025-11-30 02:34:26,489 - INFO - Scraping 1358/6851: https://www.refurbed.de/p/dell-latitude-e5470-6100u/
2025-11-30 02:34:26,744 - ERROR - Error fetching https://www.refurbed.de/p/dell-latitude-e5470-6100u/: 404 Client Error: Not Found for url: https://www.refurbed.de/p/dell-latitude-e5470-6100u/
2025-11-30 02:34:27,746 - INFO - Scraping 1359/6851: https://www.refurbed.de/p/dell-latitude-e5470-6300hq/
2025-11-30 02:34:28,072 - ERROR - Error fetching https://www.refurbed.de/p/dell-latitude-e5470-6300hq/: 404 Client Error: Not Found for url: https://www.refurbed.de/p/dell-latitude-e5470-6300hq/
2025-11-30 02:34:29,074 - INFO - Scraping 1360/6851: https://www.refurbed.de/p/dell-latitude-e5470-6440hq/
2025-11-30 02:34:29,338 - ERROR - Error fetching https://www.refurbed.de/p/dell-latitude-e5470-6440hq/: 404 Client Error: Not Found for url: https://www.refurbed.de/p/dell-latitude-e5470-6440hq/
2025-11-30 02:34:30,340 - INFO - Scraping 1361/6851: https://www.refurbed.de/p/dell-latitude-e5470-6820hq/
2025-11-30 02:34:30,628 - ERROR - Error fetching https://www.refurbed.de/p/dell-latitude-e5470-6820hq/: 404 Client Error: Not Found for url: https://www.refurbed.de/p/dell-latitude-e5470-6820hq/
2025-11-30 02:34:31,630 - INFO - Scraping 1362/6851: https://www.refurbed.de/p/dell-latitude-e5470-i5-6200u/
2025-11-30 02:34:31,936 - ERROR - Error fetching https://www.refurbed.de/p/dell-latitude-e5470-i5-6200u/: 404 Client Error: Not Found for url: https://www.refurbed.de/p/dell-latitude-e5470-i5-6200u/
2025-11-30 02:34:32,938 - INFO - Scraping 1363/6851: https://www.refurbed.de/p/dell-latitude-e5470-i5-6300u-14/
2025-11-30 02:34:33,198 - ERROR - Error fetching https://www.refurbed.de/p/dell-latitude-e5470-i5-6300u-14/: 404 Client Error: Not Found for url: https://www.refurbed.de/p/dell-latitude-e5470-i5-6300u-14/
2025-11-30 02:34:34,200 - INFO - Scraping 1364/6851: https://www.refurbed.de/p/dell-latitude-e5470-i7-6600u/
2025-11-30 02:34:34,508 - ERROR - Error fetching https://www.refurbed.de/p/dell-latitude-e5470-i7-6600u/: 404 Client Error: Not Found for url: https://www.refurbed.de/p/dell-latitude-e5470-i7-6600u/
2025-11-30 02:34:35,510 - INFO - Scraping 1365/6851: https://www.refurbed.de/p/dell-latitude-e5480-i5-6300u-14/
2025-11-30 02:34:36,107 - ERROR - Error fetching https://www.refurbed.de/p/dell-latitude-e5480-i5-6300u-14/: 404 Client Error: Not Found for url: https://www.refurbed.de/p/dell-latitude-e5480-i5-6300u-14/
2025-11-30 02:34:37,109 - INFO - Scraping 1366/6851: https://www.refurbed.de/p/dell-latitude-e5480-i5-7300u-14/
2025-11-30 02:34:37,400 - ERROR - Error fetching https://www.refurbed.de/p/dell-latitude-e5480-i5-7300u-14/: 404 Client Error: Not Found for url: https://www.refurbed.de/p/dell-latitude-e5480-i5-7300u-14/
2025-11-30 02:34:38,402 - INFO - Scraping 1367/6851: https://www.refurbed.de/p/dell-latitude-e5480-i5-7440hq-14/
2025-11-30 02:34:38,711 - ERROR - Error fetching https://www.refurbed.de/p/dell-latitude-e5480-i5-7440hq-14/: 404 Client Error: Not Found for url: https://www.refurbed.de/p/dell-latitude-e5480-i5-7440hq-14/
2025-11-30 02:34:39,713 - INFO - Scraping 1368/6851: https://www.refurbed.de/p/dell-latitude-e5490-i5-7300u/
2025-11-30 02:34:40,152 - ERROR - Error fetching https://www.refurbed.de/p/dell-latitude-e5490-i5-7300u/: 404 Client Error: Not Found for url: https://www.refurbed.de/p/dell-latitude-e5490-i5-7300u/
2025-11-30 02:34:41,154 - INFO - Scraping 1369/6851: https://www.refurbed.de/p/dell-latitude-e5490-i5-8350u/
2025-11-30 02:34:42,683 - INFO - Scraping 1370/6851: https://www.refurbed.de/p/dell-latitude-e5550-i3-5010u-15/
2025-11-30 02:34:43,374 - ERROR - Error fetching https://www.refurbed.de/p/dell-latitude-e5550-i3-5010u-15/: 404 Client Error: Not Found for url: https://www.refurbed.de/p/dell-latitude-e5550-i3-5010u-15/
2025-11-30 02:34:44,377 - INFO - Scraping 1371/6851: https://www.refurbed.de/p/dell-latitude-e5550-i5-5200u-15-/
2025-11-30 02:34:44,666 - ERROR - Error fetching https://www.refurbed.de/p/dell-latitude-e5550-i5-5200u-15-/: 404 Client Error: Not Found for url: https://www.refurbed.de/p/dell-latitude-e5550-i5-5200u-15-/
2025-11-30 02:34:45,668 - INFO - Scraping 1372/6851: https://www.refurbed.de/p/dell-latitude-e5550-i5-5300u-15-/
2025-11-30 02:34:45,937 - ERROR - Error fetching https://www.refurbed.de/p/dell-latitude-e5550-i5-5300u-15-/: 404 Client Error: Not Found for url: https://www.refurbed.de/p/dell-latitude-e5550-i5-5300u-15-/
2025-11-30 02:34:46,939 - INFO - Scraping 1373/6851: https://www.refurbed.de/p/dell-latitude-e5570-6300u/
2025-11-30 02:34:47,229 - ERROR - Error fetching https://www.refurbed.de/p/dell-latitude-e5570-6300u/: 404 Client Error: Not Found for url: https://www.refurbed.de/p/dell-latitude-e5570-6300u/
2025-11-30 02:34:48,231 - INFO - Scraping 1374/6851: https://www.refurbed.de/p/dell-latitude-e5570-6640hq/
2025-11-30 02:34:48,491 - ERROR - Error fetching https://www.refurbed.de/p/dell-latitude-e5570-6640hq/: 404 Client Error: Not Found for url: https://www.refurbed.de/p/dell-latitude-e5570-6640hq/
2025-11-30 02:34:49,493 - INFO - Scraping 1375/6851: https://www.refurbed.de/p/dell-latitude-e5570-i3-6100u/
2025-11-30 02:34:49,873 - ERROR - Error fetching https://www.refurbed.de/p/dell-latitude-e5570-i3-6100u/: 404 Client Error: Not Found for url: https://www.refurbed.de/p/dell-latitude-e5570-i3-6100u/
2025-11-30 02:34:50,875 - INFO - Scraping 1376/6851: https://www.refurbed.de/p/dell-latitude-e5570-i5-6200u/
2025-11-30 02:34:51,233 - ERROR - Error fetching https://www.refurbed.de/p/dell-latitude-e5570-i5-6200u/: 404 Client Error: Not Found for url: https://www.refurbed.de/p/dell-latitude-e5570-i5-6200u/
2025-11-30 02:34:52,235 - INFO - Scraping 1377/6851: https://www.refurbed.de/p/dell-latitude-e5570-i5-6300hq/
2025-11-30 02:34:52,488 - ERROR - Error fetching https://www.refurbed.de/p/dell-latitude-e5570-i5-6300hq/: 404 Client Error: Not Found for url: https://www.refurbed.de/p/dell-latitude-e5570-i5-6300hq/
2025-11-30 02:34:53,490 - INFO - Scraping 1378/6851: https://www.refurbed.de/p/dell-latitude-e5570-i5-6300u-15-/
2025-11-30 02:34:53,761 - ERROR - Error fetching https://www.refurbed.de/p/dell-latitude-e5570-i5-6300u-15-/: 404 Client Error: Not Found for url: https://www.refurbed.de/p/dell-latitude-e5570-i5-6300u-15-/
2025-11-30 02:34:54,763 - INFO - Scraping 1379/6851: https://www.refurbed.de/p/dell-latitude-e5570-i7-6600u/
2025-11-30 02:34:55,026 - ERROR - Error fetching https://www.refurbed.de/p/dell-latitude-e5570-i7-6600u/: 404 Client Error: Not Found for url: https://www.refurbed.de/p/dell-latitude-e5570-i7-6600u/
2025-11-30 02:34:56,028 - INFO - Scraping 1380/6851: https://www.refurbed.de/p/dell-latitude-e6440-4600m/
2025-11-30 02:34:56,669 - ERROR - Error fetching https://www.refurbed.de/p/dell-latitude-e6440-4600m/: 404 Client Error: Not Found for url: https://www.refurbed.de/p/dell-latitude-e6440-4600m/
2025-11-30 02:34:57,671 - INFO - Scraping 1381/6851: https://www.refurbed.de/p/dell-latitude-e6440-i5-14/
2025-11-30 02:34:57,940 - ERROR - Error fetching https://www.refurbed.de/p/dell-latitude-e6440-i5-14/: 404 Client Error: Not Found for url: https://www.refurbed.de/p/dell-latitude-e6440-i5-14/
2025-11-30 02:34:58,942 - INFO - Scraping 1382/6851: https://www.refurbed.de/p/dell-latitude-e6440-i5-4210m-14/
2025-11-30 02:34:59,200 - ERROR - Error fetching https://www.refurbed.de/p/dell-latitude-e6440-i5-4210m-14/: 404 Client Error: Not Found for url: https://www.refurbed.de/p/dell-latitude-e6440-i5-4210m-14/
2025-11-30 02:35:00,202 - INFO - Scraping 1383/6851: https://www.refurbed.de/p/dell-latitude-e6440-i5-4310m-14/
2025-11-30 02:35:00,461 - ERROR - Error fetching https://www.refurbed.de/p/dell-latitude-e6440-i5-4310m-14/: 404 Client Error: Not Found for url: https://www.refurbed.de/p/dell-latitude-e6440-i5-4310m-14/
2025-11-30 02:35:01,463 - INFO - Scraping 1384/6851: https://www.refurbed.de/p/dell-latitude-e6440-i7-4610m-14/
2025-11-30 02:35:01,792 - ERROR - Error fetching https://www.refurbed.de/p/dell-latitude-e6440-i7-4610m-14/: 404 Client Error: Not Found for url: https://www.refurbed.de/p/dell-latitude-e6440-i7-4610m-14/
2025-11-30 02:35:02,794 - INFO - Scraping 1385/6851: https://www.refurbed.de/p/dell-latitude-e6540-i5-15-6/
2025-11-30 02:35:03,268 - ERROR - Error fetching https://www.refurbed.de/p/dell-latitude-e6540-i5-15-6/: 404 Client Error: Not Found for url: https://www.refurbed.de/p/dell-latitude-e6540-i5-15-6/
2025-11-30 02:35:04,270 - INFO - Scraping 1386/6851: https://www.refurbed.de/p/dell-latitude-e6540-i5-4200m-15-/
2025-11-30 02:35:04,537 - ERROR - Error fetching https://www.refurbed.de/p/dell-latitude-e6540-i5-4200m-15-/: 404 Client Error: Not Found for url: https://www.refurbed.de/p/dell-latitude-e6540-i5-4200m-15-/
2025-11-30 02:35:05,539 - INFO - Scraping 1387/6851: https://www.refurbed.de/p/dell-latitude-e6540-i7-4310m-15-/
2025-11-30 02:35:05,826 - ERROR - Error fetching https://www.refurbed.de/p/dell-latitude-e6540-i7-4310m-15-/: 404 Client Error: Not Found for url: https://www.refurbed.de/p/dell-latitude-e6540-i7-4310m-15-/
2025-11-30 02:35:06,828 - INFO - Scraping 1388/6851: https://www.refurbed.de/p/dell-latitude-e6540-i7-4600m-15/
2025-11-30 02:35:07,121 - ERROR - Error fetching https://www.refurbed.de/p/dell-latitude-e6540-i7-4600m-15/: 404 Client Error: Not Found for url: https://www.refurbed.de/p/dell-latitude-e6540-i7-4600m-15/
2025-11-30 02:35:08,123 - INFO - Scraping 1389/6851: https://www.refurbed.de/p/dell-latitude-e6540-i7-4610m-15-/
2025-11-30 02:35:08,403 - ERROR - Error fetching https://www.refurbed.de/p/dell-latitude-e6540-i7-4610m-15-/: 404 Client Error: Not Found for url: https://www.refurbed.de/p/dell-latitude-e6540-i7-4610m-15-/
2025-11-30 02:35:09,405 - INFO - Scraping 1390/6851: https://www.refurbed.de/p/dell-latitude-e6540-i7-4800m-15/
2025-11-30 02:35:09,890 - ERROR - Error fetching https://www.refurbed.de/p/dell-latitude-e6540-i7-4800m-15/: 404 Client Error: Not Found for url: https://www.refurbed.de/p/dell-latitude-e6540-i7-4800m-15/
2025-11-30 02:35:10,891 - INFO - Scraping 1391/6851: https://www.refurbed.de/p/dell-latitude-e6540-i7-4810mq-15/
2025-11-30 02:35:11,149 - ERROR - Error fetching https://www.refurbed.de/p/dell-latitude-e6540-i7-4810mq-15/: 404 Client Error: Not Found for url: https://www.refurbed.de/p/dell-latitude-e6540-i7-4810mq-15/
2025-11-30 02:35:12,151 - INFO - Scraping 1392/6851: https://www.refurbed.de/p/dell-latitude-e7240-i5-14/
2025-11-30 02:35:12,410 - ERROR - Error fetching https://www.refurbed.de/p/dell-latitude-e7240-i5-14/: 404 Client Error: Not Found for url: https://www.refurbed.de/p/dell-latitude-e7240-i5-14/
2025-11-30 02:35:13,411 - INFO - Scraping 1393/6851: https://www.refurbed.de/p/dell-latitude-e7240-i7-4310u/
2025-11-30 02:35:13,735 - ERROR - Error fetching https://www.refurbed.de/p/dell-latitude-e7240-i7-4310u/: 404 Client Error: Not Found for url: https://www.refurbed.de/p/dell-latitude-e7240-i7-4310u/
2025-11-30 02:35:14,738 - INFO - Scraping 1394/6851: https://www.refurbed.de/p/dell-latitude-e7240-i7-4600u-12-/
2025-11-30 02:35:15,048 - ERROR - Error fetching https://www.refurbed.de/p/dell-latitude-e7240-i7-4600u-12-/: 404 Client Error: Not Found for url: https://www.refurbed.de/p/dell-latitude-e7240-i7-4600u-12-/
2025-11-30 02:35:16,051 - INFO - Scraping 1395/6851: https://www.refurbed.de/p/dell-latitude-e7240-touch-i7-460/
2025-11-30 02:35:16,314 - ERROR - Error fetching https://www.refurbed.de/p/dell-latitude-e7240-touch-i7-460/: 404 Client Error: Not Found for url: https://www.refurbed.de/p/dell-latitude-e7240-touch-i7-460/
2025-11-30 02:35:17,317 - INFO - Scraping 1396/6851: https://www.refurbed.de/p/dell-latitude-e7250-i3-5010u/
2025-11-30 02:35:17,683 - ERROR - Error fetching https://www.refurbed.de/p/dell-latitude-e7250-i3-5010u/: 404 Client Error: Not Found for url: https://www.refurbed.de/p/dell-latitude-e7250-i3-5010u/
2025-11-30 02:35:18,685 - INFO - Scraping 1397/6851: https://www.refurbed.de/p/dell-latitude-e7250-i5-5200u-12-/
2025-11-30 02:35:18,968 - ERROR - Error fetching https://www.refurbed.de/p/dell-latitude-e7250-i5-5200u-12-/: 404 Client Error: Not Found for url: https://www.refurbed.de/p/dell-latitude-e7250-i5-5200u-12-/
2025-11-30 02:35:19,971 - INFO - Scraping 1398/6851: https://www.refurbed.de/p/dell-latitude-e7250-i5-5300u-12-/
2025-11-30 02:35:20,226 - ERROR - Error fetching https://www.refurbed.de/p/dell-latitude-e7250-i5-5300u-12-/: 404 Client Error: Not Found for url: https://www.refurbed.de/p/dell-latitude-e7250-i5-5300u-12-/
2025-11-30 02:35:21,228 - INFO - Scraping 1399/6851: https://www.refurbed.de/p/dell-latitude-e7250-i7-5300u-12-/
2025-11-30 02:35:21,556 - ERROR - Error fetching https://www.refurbed.de/p/dell-latitude-e7250-i7-5300u-12-/: 404 Client Error: Not Found for url: https://www.refurbed.de/p/dell-latitude-e7250-i7-5300u-12-/
2025-11-30 02:35:22,558 - INFO - Scraping 1400/6851: https://www.refurbed.de/p/dell-latitude-e7250-i7-5600u-12-/
2025-11-30 02:35:22,827 - ERROR - Error fetching https://www.refurbed.de/p/dell-latitude-e7250-i7-5600u-12-/: 404 Client Error: Not Found for url: https://www.refurbed.de/p/dell-latitude-e7250-i7-5600u-12-/
2025-11-30 02:35:23,829 - INFO - Scraping 1401/6851: https://www.refurbed.de/p/dell-latitude-e7250-touch-i5-530/
2025-11-30 02:35:24,088 - ERROR - Error fetching https://www.refurbed.de/p/dell-latitude-e7250-touch-i5-530/: 404 Client Error: Not Found for url: https://www.refurbed.de/p/dell-latitude-e7250-touch-i5-530/
2025-11-30 02:35:25,090 - INFO - Scraping 1402/6851: https://www.refurbed.de/p/dell-latitude-e7270-i5-6200u-12/
2025-11-30 02:35:25,359 - ERROR - Error fetching https://www.refurbed.de/p/dell-latitude-e7270-i5-6200u-12/: 404 Client Error: Not Found for url: https://www.refurbed.de/p/dell-latitude-e7270-i5-6200u-12/
2025-11-30 02:35:26,361 - INFO - Scraping 1403/6851: https://www.refurbed.de/p/dell-latitude-e7270-i5-6300u-12-/
2025-11-30 02:35:26,644 - ERROR - Error fetching https://www.refurbed.de/p/dell-latitude-e7270-i5-6300u-12-/: 404 Client Error: Not Found for url: https://www.refurbed.de/p/dell-latitude-e7270-i5-6300u-12-/
2025-11-30 02:35:27,646 - INFO - Scraping 1404/6851: https://www.refurbed.de/p/dell-latitude-e7270-i7-6600u-12-/
2025-11-30 02:35:27,923 - ERROR - Error fetching https://www.refurbed.de/p/dell-latitude-e7270-i7-6600u-12-/: 404 Client Error: Not Found for url: https://www.refurbed.de/p/dell-latitude-e7270-i7-6600u-12-/
2025-11-30 02:35:28,925 - INFO - Scraping 1405/6851: https://www.refurbed.de/p/dell-latitude-e7280-i5-6300u-12/
2025-11-30 02:35:29,212 - ERROR - Error fetching https://www.refurbed.de/p/dell-latitude-e7280-i5-6300u-12/: 404 Client Error: Not Found for url: https://www.refurbed.de/p/dell-latitude-e7280-i5-6300u-12/
2025-11-30 02:35:30,214 - INFO - Scraping 1406/6851: https://www.refurbed.de/p/dell-latitude-e7280-i7-6600u-12-/
2025-11-30 02:35:30,543 - ERROR - Error fetching https://www.refurbed.de/p/dell-latitude-e7280-i7-6600u-12-/: 404 Client Error: Not Found for url: https://www.refurbed.de/p/dell-latitude-e7280-i7-6600u-12-/
2025-11-30 02:35:31,545 - INFO - Scraping 1407/6851: https://www.refurbed.de/p/dell-latitude-e7350-2-in-1-m5y10/
2025-11-30 02:35:31,846 - ERROR - Error fetching https://www.refurbed.de/p/dell-latitude-e7350-2-in-1-m5y10/: 404 Client Error: Not Found for url: https://www.refurbed.de/p/dell-latitude-e7350-2-in-1-m5y10/
2025-11-30 02:35:32,848 - INFO - Scraping 1408/6851: https://www.refurbed.de/p/dell-latitude-e7440-i7-14/
2025-11-30 02:35:33,140 - ERROR - Error fetching https://www.refurbed.de/p/dell-latitude-e7440-i7-14/: 404 Client Error: Not Found for url: https://www.refurbed.de/p/dell-latitude-e7440-i7-14/
2025-11-30 02:35:34,142 - INFO - Scraping 1409/6851: https://www.refurbed.de/p/dell-latitude-e7440/
2025-11-30 02:35:34,403 - ERROR - Error fetching https://www.refurbed.de/p/dell-latitude-e7440/: 404 Client Error: Not Found for url: https://www.refurbed.de/p/dell-latitude-e7440/
2025-11-30 02:35:35,405 - INFO - Scraping 1410/6851: https://www.refurbed.de/p/dell-latitude-e7450-i7-5600u-14/
2025-11-30 02:35:35,760 - ERROR - Error fetching https://www.refurbed.de/p/dell-latitude-e7450-i7-5600u-14/: 404 Client Error: Not Found for url: https://www.refurbed.de/p/dell-latitude-e7450-i7-5600u-14/
2025-11-30 02:35:36,762 - INFO - Scraping 1411/6851: https://www.refurbed.de/p/dell-latitude-e7450-touch-i7-560/
2025-11-30 02:35:37,107 - ERROR - Error fetching https://www.refurbed.de/p/dell-latitude-e7450-touch-i7-560/: 404 Client Error: Not Found for url: https://www.refurbed.de/p/dell-latitude-e7450-touch-i7-560/
2025-11-30 02:35:38,109 - INFO - Scraping 1412/6851: https://www.refurbed.de/p/dell-latitude-e7450-ultrabook-52/
2025-11-30 02:35:38,390 - ERROR - Error fetching https://www.refurbed.de/p/dell-latitude-e7450-ultrabook-52/: 404 Client Error: Not Found for url: https://www.refurbed.de/p/dell-latitude-e7450-ultrabook-52/
2025-11-30 02:35:39,392 - INFO - Scraping 1413/6851: https://www.refurbed.de/p/dell-latitude-e7450-ultrabook-56/
2025-11-30 02:35:39,665 - ERROR - Error fetching https://www.refurbed.de/p/dell-latitude-e7450-ultrabook-56/: 404 Client Error: Not Found for url: https://www.refurbed.de/p/dell-latitude-e7450-ultrabook-56/
2025-11-30 02:35:40,667 - INFO - Scraping 1414/6851: https://www.refurbed.de/p/dell-latitude-e7450-ultrabook-i5/
2025-11-30 02:35:40,967 - ERROR - Error fetching https://www.refurbed.de/p/dell-latitude-e7450-ultrabook-i5/: 404 Client Error: Not Found for url: https://www.refurbed.de/p/dell-latitude-e7450-ultrabook-i5/
2025-11-30 02:35:41,969 - INFO - Scraping 1415/6851: https://www.refurbed.de/p/dell-latitude-e7470-i5-6200u/
2025-11-30 02:35:42,240 - ERROR - Error fetching https://www.refurbed.de/p/dell-latitude-e7470-i5-6200u/: 404 Client Error: Not Found for url: https://www.refurbed.de/p/dell-latitude-e7470-i5-6200u/
2025-11-30 02:35:43,242 - INFO - Scraping 1416/6851: https://www.refurbed.de/p/dell-latitude-e7470-i5-630/
2025-11-30 02:35:43,498 - ERROR - Error fetching https://www.refurbed.de/p/dell-latitude-e7470-i5-630/: 404 Client Error: Not Found for url: https://www.refurbed.de/p/dell-latitude-e7470-i5-630/
2025-11-30 02:35:44,500 - INFO - Scraping 1417/6851: https://www.refurbed.de/p/dell-latitude-e7470-i5-6300u-14/
2025-11-30 02:35:44,778 - ERROR - Error fetching https://www.refurbed.de/p/dell-latitude-e7470-i5-6300u-14/: 404 Client Error: Not Found for url: https://www.refurbed.de/p/dell-latitude-e7470-i5-6300u-14/
2025-11-30 02:35:45,780 - INFO - Scraping 1418/6851: https://www.refurbed.de/p/dell-latitude-e7470-i7-6500u/
2025-11-30 02:35:46,103 - ERROR - Error fetching https://www.refurbed.de/p/dell-latitude-e7470-i7-6500u/: 404 Client Error: Not Found for url: https://www.refurbed.de/p/dell-latitude-e7470-i7-6500u/
2025-11-30 02:35:47,105 - INFO - Scraping 1419/6851: https://www.refurbed.de/p/dell-latitude-e7470-i7-6600u-14/
2025-11-30 02:35:47,366 - ERROR - Error fetching https://www.refurbed.de/p/dell-latitude-e7470-i7-6600u-14/: 404 Client Error: Not Found for url: https://www.refurbed.de/p/dell-latitude-e7470-i7-6600u-14/
2025-11-30 02:35:48,368 - INFO - Scraping 1420/6851: https://www.refurbed.de/p/dell-latitude-e7480-7300u/
2025-11-30 02:35:48,645 - ERROR - Error fetching https://www.refurbed.de/p/dell-latitude-e7480-7300u/: 404 Client Error: Not Found for url: https://www.refurbed.de/p/dell-latitude-e7480-7300u/
2025-11-30 02:35:49,647 - INFO - Scraping 1421/6851: https://www.refurbed.de/p/dell-latitude-e7480-i5-6300u-14/
2025-11-30 02:35:49,945 - ERROR - Error fetching https://www.refurbed.de/p/dell-latitude-e7480-i5-6300u-14/: 404 Client Error: Not Found for url: https://www.refurbed.de/p/dell-latitude-e7480-i5-6300u-14/
2025-11-30 02:35:50,947 - INFO - Scraping 1422/6851: https://www.refurbed.de/p/dell-latitude-e7480-i5-7200u-14/
2025-11-30 02:35:51,228 - ERROR - Error fetching https://www.refurbed.de/p/dell-latitude-e7480-i5-7200u-14/: 404 Client Error: Not Found for url: https://www.refurbed.de/p/dell-latitude-e7480-i5-7200u-14/
2025-11-30 02:35:52,230 - INFO - Scraping 1423/6851: https://www.refurbed.de/p/dell-latitude-e7480-i7-6600u-14/
2025-11-30 02:35:52,498 - ERROR - Error fetching https://www.refurbed.de/p/dell-latitude-e7480-i7-6600u-14/: 404 Client Error: Not Found for url: https://www.refurbed.de/p/dell-latitude-e7480-i7-6600u-14/
2025-11-30 02:35:53,501 - INFO - Scraping 1424/6851: https://www.refurbed.de/p/dell-latitude-e7480-i7-7600u-14/
2025-11-30 02:35:53,786 - ERROR - Error fetching https://www.refurbed.de/p/dell-latitude-e7480-i7-7600u-14/: 404 Client Error: Not Found for url: https://www.refurbed.de/p/dell-latitude-e7480-i7-7600u-14/
2025-11-30 02:35:54,788 - INFO - Scraping 1425/6851: https://www.refurbed.de/p/dell-latitude-e7490-8250u-14/
2025-11-30 02:35:56,194 - INFO - Scraping 1426/6851: https://www.refurbed.de/p/dell-latitude-e7490-i5-7300u-14/
2025-11-30 02:35:56,457 - ERROR - Error fetching https://www.refurbed.de/p/dell-latitude-e7490-i5-7300u-14/: 404 Client Error: Not Found for url: https://www.refurbed.de/p/dell-latitude-e7490-i5-7300u-14/
2025-11-30 02:35:57,459 - INFO - Scraping 1427/6851: https://www.refurbed.de/p/dell-latitude-e7490-i7-8650u-14/
2025-11-30 02:35:58,943 - INFO - Scraping 1428/6851: https://www.refurbed.de/p/dell-latitude-i5-4200u-14/
2025-11-30 02:35:59,222 - ERROR - Error fetching https://www.refurbed.de/p/dell-latitude-i5-4200u-14/: 404 Client Error: Not Found for url: https://www.refurbed.de/p/dell-latitude-i5-4200u-14/
2025-11-30 02:36:00,224 - INFO - Scraping 1429/6851: https://www.refurbed.de/p/dell-latitude-i5-4300u-14/
2025-11-30 02:36:00,518 - ERROR - Error fetching https://www.refurbed.de/p/dell-latitude-i5-4300u-14/: 404 Client Error: Not Found for url: https://www.refurbed.de/p/dell-latitude-i5-4300u-14/
2025-11-30 02:36:01,520 - INFO - Scraping 1430/6851: https://www.refurbed.de/p/dell-latitude-rugg-12-7202-5y10c/
2025-11-30 02:36:01,829 - ERROR - Error fetching https://www.refurbed.de/p/dell-latitude-rugg-12-7202-5y10c/: 404 Client Error: Not Found for url: https://www.refurbed.de/p/dell-latitude-rugg-12-7202-5y10c/
2025-11-30 02:36:02,831 - INFO - Scraping 1431/6851: https://www.refurbed.de/p/dell-latitude-rugged-12-6300u/
2025-11-30 02:36:03,415 - ERROR - Error fetching https://www.refurbed.de/p/dell-latitude-rugged-12-6300u/: 404 Client Error: Not Found for url: https://www.refurbed.de/p/dell-latitude-rugged-12-6300u/
2025-11-30 02:36:04,417 - INFO - Scraping 1432/6851: https://www.refurbed.de/p/dell-latitude-rugged-12-7202/
2025-11-30 02:36:04,678 - ERROR - Error fetching https://www.refurbed.de/p/dell-latitude-rugged-12-7202/: 404 Client Error: Not Found for url: https://www.refurbed.de/p/dell-latitude-rugged-12-7202/
2025-11-30 02:36:05,680 - INFO - Scraping 1433/6851: https://www.refurbed.de/p/dell-latitude-rugged-5420-8350u/
2025-11-30 02:36:07,656 - INFO - Scraping 1434/6851: https://www.refurbed.de/p/dell-latitude-rugged-5420-8650u/
2025-11-30 02:36:09,253 - INFO - Scraping 1435/6851: https://www.refurbed.de/p/dell-ltd-rugged-14-4310u/
2025-11-30 02:36:09,516 - ERROR - Error fetching https://www.refurbed.de/p/dell-ltd-rugged-14-4310u/: 404 Client Error: Not Found for url: https://www.refurbed.de/p/dell-ltd-rugged-14-4310u/
2025-11-30 02:36:10,518 - INFO - Scraping 1436/6851: https://www.refurbed.de/p/dell-mfs18-all-in-one-stand/
2025-11-30 02:36:12,040 - INFO - Scraping 1437/6851: https://www.refurbed.de/p/dell-mk15-mounting-kit/
2025-11-30 02:36:13,498 - INFO - Scraping 1438/6851: https://www.refurbed.de/p/dell-ms111/
2025-11-30 02:36:14,920 - INFO - Scraping 1439/6851: https://www.refurbed.de/p/dell-ms116/
2025-11-30 02:36:16,374 - INFO - Scraping 1440/6851: https://www.refurbed.de/p/dell-msa20-single-monitor-arm/
2025-11-30 02:36:17,793 - INFO - Scraping 1441/6851: https://www.refurbed.de/p/dell-op-3060-micro-p2417h-aio/
2025-11-30 02:36:19,246 - INFO - Scraping 1442/6851: https://www.refurbed.de/p/dell-op-3060-micro-u2417h-aio/
2025-11-30 02:36:19,556 - ERROR - Error fetching https://www.refurbed.de/p/dell-op-3060-micro-u2417h-aio/: 404 Client Error: Not Found for url: https://www.refurbed.de/p/dell-op-3060-micro-u2417h-aio/
2025-11-30 02:36:20,558 - INFO - Scraping 1443/6851: https://www.refurbed.de/p/dell-op-5040-mt-6th/
2025-11-30 02:36:20,815 - ERROR - Error fetching https://www.refurbed.de/p/dell-op-5040-mt-6th/: 404 Client Error: Not Found for url: https://www.refurbed.de/p/dell-op-5040-mt-6th/
2025-11-30 02:36:21,817 - INFO - Scraping 1444/6851: https://www.refurbed.de/p/dell-op-5040-sff-6th/
2025-11-30 02:36:22,076 - ERROR - Error fetching https://www.refurbed.de/p/dell-op-5040-sff-6th/: 404 Client Error: Not Found for url: https://www.refurbed.de/p/dell-op-5040-sff-6th/
2025-11-30 02:36:23,078 - INFO - Scraping 1445/6851: https://www.refurbed.de/p/dell-optiplex-3000-micro-mff/
2025-11-30 02:36:24,549 - INFO - Scraping 1446/6851: https://www.refurbed.de/p/dell-optiplex-3000-mt/
2025-11-30 02:36:25,999 - INFO - Scraping 1447/6851: https://www.refurbed.de/p/dell-optiplex-3000-sff/
2025-11-30 02:36:27,399 - INFO - Scraping 1448/6851: https://www.refurbed.de/p/dell-optiplex-3000-thin-client/
2025-11-30 02:36:28,923 - INFO - Scraping 1449/6851: https://www.refurbed.de/p/dell-optiplex-3020-business-pc/
2025-11-30 02:36:29,197 - ERROR - Error fetching https://www.refurbed.de/p/dell-optiplex-3020-business-pc/: 404 Client Error: Not Found for url: https://www.refurbed.de/p/dell-optiplex-3020-business-pc/
2025-11-30 02:36:30,199 - INFO - Scraping 1450/6851: https://www.refurbed.de/p/dell-optiplex-3020-micro/
2025-11-30 02:36:30,469 - ERROR - Error fetching https://www.refurbed.de/p/dell-optiplex-3020-micro/: 404 Client Error: Not Found for url: https://www.refurbed.de/p/dell-optiplex-3020-micro/
2025-11-30 02:36:31,471 - INFO - Scraping 1451/6851: https://www.refurbed.de/p/dell-optiplex-3020-mt/
2025-11-30 02:36:31,747 - ERROR - Error fetching https://www.refurbed.de/p/dell-optiplex-3020-mt/: 404 Client Error: Not Found for url: https://www.refurbed.de/p/dell-optiplex-3020-mt/
2025-11-30 02:36:32,749 - INFO - Scraping 1452/6851: https://www.refurbed.de/p/dell-optiplex-3020m-micro/
2025-11-30 02:36:33,062 - ERROR - Error fetching https://www.refurbed.de/p/dell-optiplex-3020m-micro/: 404 Client Error: Not Found for url: https://www.refurbed.de/p/dell-optiplex-3020m-micro/
2025-11-30 02:36:34,064 - INFO - Scraping 1453/6851: https://www.refurbed.de/p/dell-optiplex-3030-aio-4-gen-20/
2025-11-30 02:36:34,371 - ERROR - Error fetching https://www.refurbed.de/p/dell-optiplex-3030-aio-4-gen-20/: 404 Client Error: Not Found for url: https://www.refurbed.de/p/dell-optiplex-3030-aio-4-gen-20/
2025-11-30 02:36:35,373 - INFO - Scraping 1454/6851: https://www.refurbed.de/p/dell-optiplex-3040-mt/
2025-11-30 02:36:35,632 - ERROR - Error fetching https://www.refurbed.de/p/dell-optiplex-3040-mt/: 404 Client Error: Not Found for url: https://www.refurbed.de/p/dell-optiplex-3040-mt/
2025-11-30 02:36:36,634 - INFO - Scraping 1455/6851: https://www.refurbed.de/p/dell-optiplex-3040-sff/
2025-11-30 02:36:36,904 - ERROR - Error fetching https://www.refurbed.de/p/dell-optiplex-3040-sff/: 404 Client Error: Not Found for url: https://www.refurbed.de/p/dell-optiplex-3040-sff/
2025-11-30 02:36:37,906 - INFO - Scraping 1456/6851: https://www.refurbed.de/p/dell-optiplex-3040micro-i6th/
2025-11-30 02:36:38,172 - ERROR - Error fetching https://www.refurbed.de/p/dell-optiplex-3040micro-i6th/: 404 Client Error: Not Found for url: https://www.refurbed.de/p/dell-optiplex-3040micro-i6th/
2025-11-30 02:36:39,175 - INFO - Scraping 1457/6851: https://www.refurbed.de/p/dell-optiplex-3050-aio/
2025-11-30 02:36:39,492 - ERROR - Error fetching https://www.refurbed.de/p/dell-optiplex-3050-aio/: 404 Client Error: Not Found for url: https://www.refurbed.de/p/dell-optiplex-3050-aio/
2025-11-30 02:36:40,494 - INFO - Scraping 1458/6851: https://www.refurbed.de/p/dell-optiplex-3050-mt/
2025-11-30 02:36:40,749 - ERROR - Error fetching https://www.refurbed.de/p/dell-optiplex-3050-mt/: 404 Client Error: Not Found for url: https://www.refurbed.de/p/dell-optiplex-3050-mt/
2025-11-30 02:36:41,751 - INFO - Scraping 1459/6851: https://www.refurbed.de/p/dell-optiplex-3050-sff/
2025-11-30 02:36:42,065 - ERROR - Error fetching https://www.refurbed.de/p/dell-optiplex-3050-sff/: 404 Client Error: Not Found for url: https://www.refurbed.de/p/dell-optiplex-3050-sff/
2025-11-30 02:36:43,067 - INFO - Scraping 1460/6851: https://www.refurbed.de/p/dell-optiplex-3050micro-i6th/
2025-11-30 02:36:43,319 - ERROR - Error fetching https://www.refurbed.de/p/dell-optiplex-3050micro-i6th/: 404 Client Error: Not Found for url: https://www.refurbed.de/p/dell-optiplex-3050micro-i6th/
2025-11-30 02:36:44,322 - INFO - Scraping 1461/6851: https://www.refurbed.de/p/dell-optiplex-3050micro-i7th/
2025-11-30 02:36:44,616 - ERROR - Error fetching https://www.refurbed.de/p/dell-optiplex-3050micro-i7th/: 404 Client Error: Not Found for url: https://www.refurbed.de/p/dell-optiplex-3050micro-i7th/
2025-11-30 02:36:45,618 - INFO - Scraping 1462/6851: https://www.refurbed.de/p/dell-optiplex-3060-mt/
2025-11-30 02:36:47,091 - INFO - Scraping 1463/6851: https://www.refurbed.de/p/dell-optiplex-3060-sff/
2025-11-30 02:36:48,748 - INFO - Scraping 1464/6851: https://www.refurbed.de/p/dell-optiplex-3060micro-i8th/
2025-11-30 02:36:50,386 - INFO - Scraping 1465/6851: https://www.refurbed.de/p/dell-optiplex-3070-mff/
2025-11-30 02:36:51,782 - INFO - Scraping 1466/6851: https://www.refurbed.de/p/dell-optiplex-3070-micro/
2025-11-30 02:36:53,406 - INFO - Scraping 1467/6851: https://www.refurbed.de/p/dell-optiplex-3070-mt/
2025-11-30 02:36:54,925 - INFO - Scraping 1468/6851: https://www.refurbed.de/p/dell-optiplex-3070-sff/
2025-11-30 02:36:56,390 - INFO - Scraping 1469/6851: https://www.refurbed.de/p/dell-optiplex-3080-micro/
2025-11-30 02:36:57,921 - INFO - Scraping 1470/6851: https://www.refurbed.de/p/dell-optiplex-3080-sff/
2025-11-30 02:36:59,400 - INFO - Scraping 1471/6851: https://www.refurbed.de/p/dell-optiplex-3090-micro/
2025-11-30 02:37:01,083 - INFO - Scraping 1472/6851: https://www.refurbed.de/p/dell-optiplex-3090-sff/
2025-11-30 02:37:02,529 - INFO - Scraping 1473/6851: https://www.refurbed.de/p/dell-optiplex-3240-aio-21-5/
2025-11-30 02:37:02,790 - ERROR - Error fetching https://www.refurbed.de/p/dell-optiplex-3240-aio-21-5/: 404 Client Error: Not Found for url: https://www.refurbed.de/p/dell-optiplex-3240-aio-21-5/
2025-11-30 02:37:03,792 - INFO - Scraping 1474/6851: https://www.refurbed.de/p/dell-optiplex-3280-aio-21-5/
2025-11-30 02:37:05,201 - INFO - Scraping 1475/6851: https://www.refurbed.de/p/dell-optiplex-390-dt/
2025-11-30 02:37:05,465 - ERROR - Error fetching https://www.refurbed.de/p/dell-optiplex-390-dt/: 404 Client Error: Not Found for url: https://www.refurbed.de/p/dell-optiplex-390-dt/
2025-11-30 02:37:06,467 - INFO - Scraping 1476/6851: https://www.refurbed.de/p/dell-optiplex-390-mt/
2025-11-30 02:37:06,930 - ERROR - Error fetching https://www.refurbed.de/p/dell-optiplex-390-mt/: 404 Client Error: Not Found for url: https://www.refurbed.de/p/dell-optiplex-390-mt/
2025-11-30 02:37:07,932 - INFO - Scraping 1477/6851: https://www.refurbed.de/p/dell-optiplex-390-sff/
2025-11-30 02:37:08,197 - ERROR - Error fetching https://www.refurbed.de/p/dell-optiplex-390-sff/: 404 Client Error: Not Found for url: https://www.refurbed.de/p/dell-optiplex-390-sff/
2025-11-30 02:37:09,200 - INFO - Scraping 1478/6851: https://www.refurbed.de/p/dell-optiplex-5000-mff/
2025-11-30 02:37:10,764 - INFO - Scraping 1479/6851: https://www.refurbed.de/p/dell-optiplex-5050-micro/
2025-11-30 02:37:11,037 - ERROR - Error fetching https://www.refurbed.de/p/dell-optiplex-5050-micro/: 404 Client Error: Not Found for url: https://www.refurbed.de/p/dell-optiplex-5050-micro/
2025-11-30 02:37:12,039 - INFO - Scraping 1480/6851: https://www.refurbed.de/p/dell-optiplex-5050-mt/
2025-11-30 02:37:12,300 - ERROR - Error fetching https://www.refurbed.de/p/dell-optiplex-5050-mt/: 404 Client Error: Not Found for url: https://www.refurbed.de/p/dell-optiplex-5050-mt/
2025-11-30 02:37:13,302 - INFO - Scraping 1481/6851: https://www.refurbed.de/p/dell-optiplex-5050-sff/
2025-11-30 02:37:13,599 - ERROR - Error fetching https://www.refurbed.de/p/dell-optiplex-5050-sff/: 404 Client Error: Not Found for url: https://www.refurbed.de/p/dell-optiplex-5050-sff/
2025-11-30 02:37:14,602 - INFO - Scraping 1482/6851: https://www.refurbed.de/p/dell-optiplex-5060-micro/
2025-11-30 02:37:15,991 - INFO - Scraping 1483/6851: https://www.refurbed.de/p/dell-optiplex-5070-micro/
2025-11-30 02:37:17,607 - INFO - Scraping 1484/6851: https://www.refurbed.de/p/dell-optiplex-5070-mt/
2025-11-30 02:37:19,065 - INFO - Scraping 1485/6851: https://www.refurbed.de/p/dell-optiplex-5070/
2025-11-30 02:37:20,673 - INFO - Scraping 1486/6851: https://www.refurbed.de/p/dell-optiplex-5080-micro/
2025-11-30 02:37:22,186 - INFO - Scraping 1487/6851: https://www.refurbed.de/p/dell-optiplex-5080-sff/
2025-11-30 02:37:23,796 - INFO - Scraping 1488/6851: https://www.refurbed.de/p/dell-optiplex-5090-micro/
2025-11-30 02:37:25,382 - INFO - Scraping 1489/6851: https://www.refurbed.de/p/dell-optiplex-5090-sff/
2025-11-30 02:37:26,889 - INFO - Scraping 1490/6851: https://www.refurbed.de/p/dell-optiplex-5250-aio-22/
2025-11-30 02:37:27,157 - ERROR - Error fetching https://www.refurbed.de/p/dell-optiplex-5250-aio-22/: 404 Client Error: Not Found for url: https://www.refurbed.de/p/dell-optiplex-5250-aio-22/
2025-11-30 02:37:28,159 - INFO - Scraping 1491/6851: https://www.refurbed.de/p/dell-optiplex-5270-aio/
2025-11-30 02:37:29,666 - INFO - Scraping 1492/6851: https://www.refurbed.de/p/dell-optiplex-5490-aio-pc/
2025-11-30 02:37:31,106 - INFO - Scraping 1493/6851: https://www.refurbed.de/p/dell-optiplex-7000-mff/
2025-11-30 02:37:32,623 - INFO - Scraping 1494/6851: https://www.refurbed.de/p/dell-optiplex-7000-tower/
2025-11-30 02:37:32,906 - ERROR - Error fetching https://www.refurbed.de/p/dell-optiplex-7000-tower/: 404 Client Error: Not Found for url: https://www.refurbed.de/p/dell-optiplex-7000-tower/
2025-11-30 02:37:33,908 - INFO - Scraping 1495/6851: https://www.refurbed.de/p/dell-optiplex-7010-plus-micro/
2025-11-30 02:37:35,393 - INFO - Scraping 1496/6851: https://www.refurbed.de/p/dell-optiplex-7020-mt/
2025-11-30 02:37:35,670 - ERROR - Error fetching https://www.refurbed.de/p/dell-optiplex-7020-mt/: 404 Client Error: Not Found for url: https://www.refurbed.de/p/dell-optiplex-7020-mt/
2025-11-30 02:37:36,672 - INFO - Scraping 1497/6851: https://www.refurbed.de/p/dell-optiplex-7020-sff/
2025-11-30 02:37:37,005 - ERROR - Error fetching https://www.refurbed.de/p/dell-optiplex-7020-sff/: 404 Client Error: Not Found for url: https://www.refurbed.de/p/dell-optiplex-7020-sff/
2025-11-30 02:37:38,007 - INFO - Scraping 1498/6851: https://www.refurbed.de/p/dell-optiplex-7040-mt/
2025-11-30 02:37:38,263 - ERROR - Error fetching https://www.refurbed.de/p/dell-optiplex-7040-mt/: 404 Client Error: Not Found for url: https://www.refurbed.de/p/dell-optiplex-7040-mt/
2025-11-30 02:37:39,265 - INFO - Scraping 1499/6851: https://www.refurbed.de/p/dell-optiplex-7040-sff/
2025-11-30 02:37:39,548 - ERROR - Error fetching https://www.refurbed.de/p/dell-optiplex-7040-sff/: 404 Client Error: Not Found for url: https://www.refurbed.de/p/dell-optiplex-7040-sff/
2025-11-30 02:37:40,550 - INFO - Scraping 1500/6851: https://www.refurbed.de/p/dell-optiplex-7050-micro/
2025-11-30 02:37:42,026 - INFO - Scraping 1501/6851: https://www.refurbed.de/p/dell-optiplex-7050-mt/
2025-11-30 02:37:42,297 - ERROR - Error fetching https://www.refurbed.de/p/dell-optiplex-7050-mt/: 404 Client Error: Not Found for url: https://www.refurbed.de/p/dell-optiplex-7050-mt/
2025-11-30 02:37:43,299 - INFO - Scraping 1502/6851: https://www.refurbed.de/p/dell-optiplex-7050-sff/
2025-11-30 02:37:43,577 - ERROR - Error fetching https://www.refurbed.de/p/dell-optiplex-7050-sff/: 404 Client Error: Not Found for url: https://www.refurbed.de/p/dell-optiplex-7050-sff/
2025-11-30 02:37:44,580 - INFO - Scraping 1503/6851: https://www.refurbed.de/p/dell-optiplex-7060-micro/
2025-11-30 02:37:46,178 - INFO - Scraping 1504/6851: https://www.refurbed.de/p/dell-optiplex-7060-mt/
2025-11-30 02:37:47,587 - INFO - Scraping 1505/6851: https://www.refurbed.de/p/dell-optiplex-7060-sff/
2025-11-30 02:37:49,163 - INFO - Scraping 1506/6851: https://www.refurbed.de/p/dell-optiplex-7070-muff-8th/
2025-11-30 02:37:50,926 - INFO - Scraping 1507/6851: https://www.refurbed.de/p/dell-optiplex-7070-muff-9th/
2025-11-30 02:37:52,689 - INFO - Scraping 1508/6851: https://www.refurbed.de/p/dell-optiplex-7070-sff/
2025-11-30 02:37:54,202 - INFO - Scraping 1509/6851: https://www.refurbed.de/p/dell-optiplex-7070-tower/
2025-11-30 02:37:55,907 - INFO - Scraping 1510/6851: https://www.refurbed.de/p/dell-optiplex-7070-ultra-uff/
2025-11-30 02:37:57,334 - INFO - Scraping 1511/6851: https://www.refurbed.de/p/dell-optiplex-7080-micro/
2025-11-30 02:37:58,859 - INFO - Scraping 1512/6851: https://www.refurbed.de/p/dell-optiplex-7080-mt/
2025-11-30 02:37:59,124 - ERROR - Error fetching https://www.refurbed.de/p/dell-optiplex-7080-mt/: 404 Client Error: Not Found for url: https://www.refurbed.de/p/dell-optiplex-7080-mt/
2025-11-30 02:38:00,126 - INFO - Scraping 1513/6851: https://www.refurbed.de/p/dell-optiplex-7080-sff/
2025-11-30 02:38:01,534 - INFO - Scraping 1514/6851: https://www.refurbed.de/p/dell-optiplex-7090-micro/
2025-11-30 02:38:03,079 - INFO - Scraping 1515/6851: https://www.refurbed.de/p/dell-optiplex-7090-sff/
2025-11-30 02:38:04,487 - INFO - Scraping 1516/6851: https://www.refurbed.de/p/dell-optiplex-7400-all-in-one/
2025-11-30 02:38:05,960 - INFO - Scraping 1517/6851: https://www.refurbed.de/p/dell-optiplex-7440-aio-pc-i5-650/
2025-11-30 02:38:06,247 - ERROR - Error fetching https://www.refurbed.de/p/dell-optiplex-7440-aio-pc-i5-650/: 404 Client Error: Not Found for url: https://www.refurbed.de/p/dell-optiplex-7440-aio-pc-i5-650/
2025-11-30 02:38:07,249 - INFO - Scraping 1518/6851: https://www.refurbed.de/p/dell-optiplex-7450-aio/
2025-11-30 02:38:07,512 - ERROR - Error fetching https://www.refurbed.de/p/dell-optiplex-7450-aio/: 404 Client Error: Not Found for url: https://www.refurbed.de/p/dell-optiplex-7450-aio/
2025-11-30 02:38:08,515 - INFO - Scraping 1519/6851: https://www.refurbed.de/p/dell-optiplex-7460-aio/
2025-11-30 02:38:09,910 - INFO - Scraping 1520/6851: https://www.refurbed.de/p/dell-optiplex-7470-aio-23-8/
2025-11-30 02:38:11,314 - INFO - Scraping 1521/6851: https://www.refurbed.de/p/dell-optiplex-7480-aio-23-8/
2025-11-30 02:38:12,798 - INFO - Scraping 1522/6851: https://www.refurbed.de/p/dell-optiplex-7760-all-in-one/
2025-11-30 02:38:14,208 - INFO - Scraping 1523/6851: https://www.refurbed.de/p/dell-optiplex-9020-aio/
2025-11-30 02:38:14,484 - ERROR - Error fetching https://www.refurbed.de/p/dell-optiplex-9020-aio/: 404 Client Error: Not Found for url: https://www.refurbed.de/p/dell-optiplex-9020-aio/
2025-11-30 02:38:15,486 - INFO - Scraping 1524/6851: https://www.refurbed.de/p/dell-optiplex-9020-micro/
2025-11-30 02:38:15,811 - ERROR - Error fetching https://www.refurbed.de/p/dell-optiplex-9020-micro/: 404 Client Error: Not Found for url: https://www.refurbed.de/p/dell-optiplex-9020-micro/
2025-11-30 02:38:16,814 - INFO - Scraping 1525/6851: https://www.refurbed.de/p/dell-optiplex-9020-mt-intel-core/
2025-11-30 02:38:17,091 - ERROR - Error fetching https://www.refurbed.de/p/dell-optiplex-9020-mt-intel-core/: 404 Client Error: Not Found for url: https://www.refurbed.de/p/dell-optiplex-9020-mt-intel-core/
2025-11-30 02:38:18,094 - INFO - Scraping 1526/6851: https://www.refurbed.de/p/dell-optiplex-9020-sff/
2025-11-30 02:38:18,348 - ERROR - Error fetching https://www.refurbed.de/p/dell-optiplex-9020-sff/: 404 Client Error: Not Found for url: https://www.refurbed.de/p/dell-optiplex-9020-sff/
2025-11-30 02:38:19,350 - INFO - Scraping 1527/6851: https://www.refurbed.de/p/dell-optiplex-9020-usff-intel-co/
2025-11-30 02:38:19,606 - ERROR - Error fetching https://www.refurbed.de/p/dell-optiplex-9020-usff-intel-co/: 404 Client Error: Not Found for url: https://www.refurbed.de/p/dell-optiplex-9020-usff-intel-co/
2025-11-30 02:38:20,608 - INFO - Scraping 1528/6851: https://www.refurbed.de/p/dell-optiplex-9020m-usff-i5/
2025-11-30 02:38:20,890 - ERROR - Error fetching https://www.refurbed.de/p/dell-optiplex-9020m-usff-i5/: 404 Client Error: Not Found for url: https://www.refurbed.de/p/dell-optiplex-9020m-usff-i5/
2025-11-30 02:38:21,892 - INFO - Scraping 1529/6851: https://www.refurbed.de/p/dell-optiplex-9030-aio-23/
2025-11-30 02:38:22,158 - ERROR - Error fetching https://www.refurbed.de/p/dell-optiplex-9030-aio-23/: 404 Client Error: Not Found for url: https://www.refurbed.de/p/dell-optiplex-9030-aio-23/
2025-11-30 02:38:23,161 - INFO - Scraping 1530/6851: https://www.refurbed.de/p/dell-optiplex-xe2-mt/
2025-11-30 02:38:23,444 - ERROR - Error fetching https://www.refurbed.de/p/dell-optiplex-xe2-mt/: 404 Client Error: Not Found for url: https://www.refurbed.de/p/dell-optiplex-xe2-mt/
2025-11-30 02:38:24,447 - INFO - Scraping 1531/6851: https://www.refurbed.de/p/dell-optiplex-xe2-sff/
2025-11-30 02:38:24,705 - ERROR - Error fetching https://www.refurbed.de/p/dell-optiplex-xe2-sff/: 404 Client Error: Not Found for url: https://www.refurbed.de/p/dell-optiplex-xe2-sff/
2025-11-30 02:38:25,707 - INFO - Scraping 1532/6851: https://www.refurbed.de/p/dell-optiplex-xe3/
2025-11-30 02:38:27,447 - INFO - Scraping 1533/6851: https://www.refurbed.de/p/dell-optipley-7040-micro-usff/
2025-11-30 02:38:27,722 - ERROR - Error fetching https://www.refurbed.de/p/dell-optipley-7040-micro-usff/: 404 Client Error: Not Found for url: https://www.refurbed.de/p/dell-optipley-7040-micro-usff/
2025-11-30 02:38:28,724 - INFO - Scraping 1534/6851: https://www.refurbed.de/p/dell-optiplez-5060-mt/
2025-11-30 02:38:30,123 - INFO - Scraping 1535/6851: https://www.refurbed.de/p/dell-optiplez-5060-sff/
2025-11-30 02:38:31,638 - INFO - Scraping 1536/6851: https://www.refurbed.de/p/dell-p1424h/
2025-11-30 02:38:33,218 - INFO - Scraping 1537/6851: https://www.refurbed.de/p/dell-p1911b-19/
2025-11-30 02:38:34,623 - INFO - Scraping 1538/6851: https://www.refurbed.de/p/dell-p1913-19/
2025-11-30 02:38:36,061 - INFO - Scraping 1539/6851: https://www.refurbed.de/p/dell-p1914s-19/
2025-11-30 02:38:37,489 - INFO - Scraping 1540/6851: https://www.refurbed.de/p/dell-p1917s-19/
2025-11-30 02:38:38,919 - INFO - Scraping 1541/6851: https://www.refurbed.de/p/dell-p2011h-20/
2025-11-30 02:38:40,325 - INFO - Scraping 1542/6851: https://www.refurbed.de/p/dell-p2012h-20/
2025-11-30 02:38:41,832 - INFO - Scraping 1543/6851: https://www.refurbed.de/p/dell-p2014h/
2025-11-30 02:38:43,261 - INFO - Scraping 1544/6851: https://www.refurbed.de/p/dell-p2016-19-5/
2025-11-30 02:38:44,683 - INFO - Scraping 1545/6851: https://www.refurbed.de/p/dell-p2210t-22/
2025-11-30 02:38:46,215 - INFO - Scraping 1546/6851: https://www.refurbed.de/p/dell-p2212h-21-5/
2025-11-30 02:38:47,838 - INFO - Scraping 1547/6851: https://www.refurbed.de/p/dell-p2213-22/
2025-11-30 02:38:49,342 - INFO - Scraping 1548/6851: https://www.refurbed.de/p/dell-p2214h-monitor/
2025-11-30 02:38:51,002 - INFO - Scraping 1549/6851: https://www.refurbed.de/p/dell-p2217-22/
2025-11-30 02:38:52,544 - INFO - Scraping 1550/6851: https://www.refurbed.de/p/dell-p2217c-22/
2025-11-30 02:38:53,930 - INFO - Scraping 1551/6851: https://www.refurbed.de/p/dell-p2217h-21/
2025-11-30 02:38:55,452 - INFO - Scraping 1552/6851: https://www.refurbed.de/p/dell-p2217hc-monitor/
2025-11-30 02:38:56,880 - INFO - Scraping 1553/6851: https://www.refurbed.de/p/dell-p2217wh-22/
2025-11-30 02:38:58,312 - INFO - Scraping 1554/6851: https://www.refurbed.de/p/dell-p2219h-21/
2025-11-30 02:38:59,699 - INFO - Scraping 1555/6851: https://www.refurbed.de/p/dell-p2222h-21-5/
2025-11-30 02:39:01,108 - INFO - Scraping 1556/6851: https://www.refurbed.de/p/dell-p2223hc-21-5/
2025-11-30 02:39:02,534 - INFO - Scraping 1557/6851: https://www.refurbed.de/p/dell-p2311hb-23/
2025-11-30 02:39:04,037 - INFO - Scraping 1558/6851: https://www.refurbed.de/p/dell-p2312h/
2025-11-30 02:39:05,605 - INFO - Scraping 1559/6851: https://www.refurbed.de/p/dell-p2314h/
2025-11-30 02:39:07,027 - INFO - Scraping 1560/6851: https://www.refurbed.de/p/dell-p2314ht-23/
2025-11-30 02:39:08,424 - INFO - Scraping 1561/6851: https://www.refurbed.de/p/dell-p2317h-23/
2025-11-30 02:39:09,956 - INFO - Scraping 1562/6851: https://www.refurbed.de/p/dell-p2319h-23/
2025-11-30 02:39:11,528 - INFO - Scraping 1563/6851: https://www.refurbed.de/p/dell-p24118d-24/
2025-11-30 02:39:13,165 - INFO - Scraping 1564/6851: https://www.refurbed.de/p/dell-p2411h-24/
2025-11-30 02:39:14,576 - INFO - Scraping 1565/6851: https://www.refurbed.de/p/dell-p2412h-24/
2025-11-30 02:39:16,118 - INFO - Scraping 1566/6851: https://www.refurbed.de/p/dell-p2412hb-24/
2025-11-30 02:39:17,621 - INFO - Scraping 1567/6851: https://www.refurbed.de/p/dell-p2414h-24/
2025-11-30 02:39:19,023 - INFO - Scraping 1568/6851: https://www.refurbed.de/p/dell-p2414hb/
2025-11-30 02:39:20,447 - INFO - Scraping 1569/6851: https://www.refurbed.de/p/dell-p2415q/
2025-11-30 02:39:21,846 - INFO - Scraping 1570/6851: https://www.refurbed.de/p/dell-p2416d/
2025-11-30 02:39:23,249 - INFO - Scraping 1571/6851: https://www.refurbed.de/p/dell-p2417h/
2025-11-30 02:39:24,773 - INFO - Scraping 1572/6851: https://www.refurbed.de/p/dell-p2417hc-monitor/
2025-11-30 02:39:26,334 - INFO - Scraping 1573/6851: https://www.refurbed.de/p/dell-p2418hzm-23-8/
2025-11-30 02:39:27,737 - INFO - Scraping 1574/6851: https://www.refurbed.de/p/dell-p2419h-23-8/
2025-11-30 02:39:29,340 - INFO - Scraping 1575/6851: https://www.refurbed.de/p/dell-p2419hc-23/
2025-11-30 02:39:30,856 - INFO - Scraping 1576/6851: https://www.refurbed.de/p/dell-p2421-24-1/
2025-11-30 02:39:32,381 - INFO - Scraping 1577/6851: https://www.refurbed.de/p/dell-p2421d-23-8/
2025-11-30 02:39:33,864 - INFO - Scraping 1578/6851: https://www.refurbed.de/p/dell-p2421dc-23-8/
2025-11-30 02:39:35,286 - INFO - Scraping 1579/6851: https://www.refurbed.de/p/dell-p2422h-23-8/
2025-11-30 02:39:36,791 - INFO - Scraping 1580/6851: https://www.refurbed.de/p/dell-p2422he-23-8/
2025-11-30 02:39:38,407 - INFO - Scraping 1581/6851: https://www.refurbed.de/p/dell-p2423-24/
2025-11-30 02:39:39,935 - INFO - Scraping 1582/6851: https://www.refurbed.de/p/dell-p2423d-23-8/
2025-11-30 02:39:41,435 - INFO - Scraping 1583/6851: https://www.refurbed.de/p/dell-p2423de-23-8/
2025-11-30 02:39:42,823 - INFO - Scraping 1584/6851: https://www.refurbed.de/p/dell-p2424heb-23-8/
2025-11-30 02:39:44,360 - INFO - Scraping 1585/6851: https://www.refurbed.de/p/dell-p2424ht/
2025-11-30 02:39:45,808 - INFO - Scraping 1586/6851: https://www.refurbed.de/p/dell-p2425/
2025-11-30 02:39:47,327 - INFO - Scraping 1587/6851: https://www.refurbed.de/p/dell-p2425e/
2025-11-30 02:39:48,810 - INFO - Scraping 1588/6851: https://www.refurbed.de/p/dell-p2425h/
2025-11-30 02:39:50,212 - INFO - Scraping 1589/6851: https://www.refurbed.de/p/dell-p2425he/
2025-11-30 02:39:51,759 - INFO - Scraping 1590/6851: https://www.refurbed.de/p/dell-p2715q-27/
2025-11-30 02:39:53,314 - INFO - Scraping 1591/6851: https://www.refurbed.de/p/dell-p2717h-27/
2025-11-30 02:39:55,228 - INFO - Scraping 1592/6851: https://www.refurbed.de/p/dell-p2719h-27/
2025-11-30 02:39:57,474 - INFO - Scraping 1593/6851: https://www.refurbed.de/p/dell-p2719hc-27/
2025-11-30 02:39:58,950 - INFO - Scraping 1594/6851: https://www.refurbed.de/p/dell-p2720d-27/
2025-11-30 02:40:00,421 - INFO - Scraping 1595/6851: https://www.refurbed.de/p/dell-p2720dc-27/
2025-11-30 02:40:01,981 - INFO - Scraping 1596/6851: https://www.refurbed.de/p/dell-p2721q-27/
2025-11-30 02:40:03,390 - INFO - Scraping 1597/6851: https://www.refurbed.de/p/dell-p2722h-27/
2025-11-30 02:40:05,007 - INFO - Scraping 1598/6851: https://www.refurbed.de/p/dell-p2722he-27/
2025-11-30 02:40:06,424 - INFO - Scraping 1599/6851: https://www.refurbed.de/p/dell-p2723d-27/
2025-11-30 02:40:07,904 - INFO - Scraping 1600/6851: https://www.refurbed.de/p/dell-p2723de-27/
2025-11-30 02:40:09,422 - INFO - Scraping 1601/6851: https://www.refurbed.de/p/dell-p2723qe/
2025-11-30 02:40:11,004 - INFO - Scraping 1602/6851: https://www.refurbed.de/p/dell-p2724deb/
2025-11-30 02:40:12,455 - INFO - Scraping 1603/6851: https://www.refurbed.de/p/dell-p2725h/
2025-11-30 02:40:13,855 - INFO - Scraping 1604/6851: https://www.refurbed.de/p/dell-p2725he/
2025-11-30 02:40:15,259 - INFO - Scraping 1605/6851: https://www.refurbed.de/p/dell-p3221d-31-5/
2025-11-30 02:40:16,651 - INFO - Scraping 1606/6851: https://www.refurbed.de/p/dell-p3222qe/
2025-11-30 02:40:18,198 - INFO - Scraping 1607/6851: https://www.refurbed.de/p/dell-p3223de-31-5/
2025-11-30 02:40:19,738 - INFO - Scraping 1608/6851: https://www.refurbed.de/p/dell-p3223qe-31-5/
2025-11-30 02:40:21,137 - INFO - Scraping 1609/6851: https://www.refurbed.de/p/dell-p3418hw-34/
2025-11-30 02:40:22,546 - INFO - Scraping 1610/6851: https://www.refurbed.de/p/dell-p3421w-37/
2025-11-30 02:40:24,235 - INFO - Scraping 1611/6851: https://www.refurbed.de/p/dell-p3424web/
2025-11-30 02:40:25,753 - INFO - Scraping 1612/6851: https://www.refurbed.de/p/dell-p4317q-42-5/
2025-11-30 02:40:27,262 - INFO - Scraping 1613/6851: https://www.refurbed.de/p/dell-p5524q/
2025-11-30 02:40:28,777 - INFO - Scraping 1614/6851: https://www.refurbed.de/p/dell-p5524qt/
2025-11-30 02:40:30,204 - INFO - Scraping 1615/6851: https://www.refurbed.de/p/dell-p6524qt/
2025-11-30 02:40:31,725 - INFO - Scraping 1616/6851: https://www.refurbed.de/p/dell-p8624qt-85/
2025-11-30 02:40:33,367 - INFO - Scraping 1617/6851: https://www.refurbed.de/p/dell-pc90-bk/
2025-11-30 02:40:34,896 - INFO - Scraping 1618/6851: https://www.refurbed.de/p/dell-pcg-505-pcga-ac16v6/
2025-11-30 02:40:36,386 - INFO - Scraping 1619/6851: https://www.refurbed.de/p/dell-performance-dock-wd19dc/
2025-11-30 02:40:37,856 - INFO - Scraping 1620/6851: https://www.refurbed.de/p/dell-performance-dock-wd19dcs/
2025-11-30 02:40:39,246 - INFO - Scraping 1621/6851: https://www.refurbed.de/p/dell-pn7320a-active-pen/
2025-11-30 02:40:40,805 - INFO - Scraping 1622/6851: https://www.refurbed.de/p/dell-prec-m2800-i7-4800mq/
2025-11-30 02:40:41,081 - ERROR - Error fetching https://www.refurbed.de/p/dell-prec-m2800-i7-4800mq/: 404 Client Error: Not Found for url: https://www.refurbed.de/p/dell-prec-m2800-i7-4800mq/
2025-11-30 02:40:42,084 - INFO - Scraping 1623/6851: https://www.refurbed.de/p/dell-prec-m2800-i7-4810mq/
2025-11-30 02:40:42,370 - ERROR - Error fetching https://www.refurbed.de/p/dell-prec-m2800-i7-4810mq/: 404 Client Error: Not Found for url: https://www.refurbed.de/p/dell-prec-m2800-i7-4810mq/
2025-11-30 02:40:43,372 - INFO - Scraping 1624/6851: https://www.refurbed.de/p/dell-prec-m3800-i7-4702hq/
2025-11-30 02:40:43,650 - ERROR - Error fetching https://www.refurbed.de/p/dell-prec-m3800-i7-4702hq/: 404 Client Error: Not Found for url: https://www.refurbed.de/p/dell-prec-m3800-i7-4702hq/
2025-11-30 02:40:44,653 - INFO - Scraping 1625/6851: https://www.refurbed.de/p/dell-prec-m3800-i7-4712hq/
2025-11-30 02:40:44,919 - ERROR - Error fetching https://www.refurbed.de/p/dell-prec-m3800-i7-4712hq/: 404 Client Error: Not Found for url: https://www.refurbed.de/p/dell-prec-m3800-i7-4712hq/
2025-11-30 02:40:45,921 - INFO - Scraping 1626/6851: https://www.refurbed.de/p/dell-precision-15-3551-10400h/
2025-11-30 02:40:47,401 - INFO - Scraping 1627/6851: https://www.refurbed.de/p/dell-precision-15-3551-10850h/
2025-11-30 02:40:48,814 - INFO - Scraping 1628/6851: https://www.refurbed.de/p/dell-precision-15-3551-i5-10300h/
2025-11-30 02:40:50,247 - INFO - Scraping 1629/6851: https://www.refurbed.de/p/dell-precision-15-3551-i7-10750h/
2025-11-30 02:40:51,649 - INFO - Scraping 1630/6851: https://www.refurbed.de/p/dell-precision-15-3551-i9-10885h/
2025-11-30 02:40:53,089 - INFO - Scraping 1631/6851: https://www.refurbed.de/p/dell-precision-15-5510-e3-1505m/
2025-11-30 02:40:53,379 - ERROR - Error fetching https://www.refurbed.de/p/dell-precision-15-5510-e3-1505m/: 404 Client Error: Not Found for url: https://www.refurbed.de/p/dell-precision-15-5510-e3-1505m/
2025-11-30 02:40:54,381 - INFO - Scraping 1632/6851: https://www.refurbed.de/p/dell-precision-15-5510-i7-6820hq/
2025-11-30 02:40:54,642 - ERROR - Error fetching https://www.refurbed.de/p/dell-precision-15-5510-i7-6820hq/: 404 Client Error: Not Found for url: https://www.refurbed.de/p/dell-precision-15-5510-i7-6820hq/
2025-11-30 02:40:55,644 - INFO - Scraping 1633/6851: https://www.refurbed.de/p/dell-precision-3260-compact/
2025-11-30 02:40:57,117 - INFO - Scraping 1634/6851: https://www.refurbed.de/p/dell-precision-3420-sff/
2025-11-30 02:40:57,386 - ERROR - Error fetching https://www.refurbed.de/p/dell-precision-3420-sff/: 404 Client Error: Not Found for url: https://www.refurbed.de/p/dell-precision-3420-sff/
2025-11-30 02:40:58,388 - INFO - Scraping 1635/6851: https://www.refurbed.de/p/dell-precision-3430/
2025-11-30 02:40:59,963 - INFO - Scraping 1636/6851: https://www.refurbed.de/p/dell-precision-3431-workstation/
2025-11-30 02:41:01,506 - INFO - Scraping 1637/6851: https://www.refurbed.de/p/dell-precision-3440/
2025-11-30 02:41:02,958 - INFO - Scraping 1638/6851: https://www.refurbed.de/p/dell-precision-3470-1240p/
2025-11-30 02:41:04,372 - INFO - Scraping 1639/6851: https://www.refurbed.de/p/dell-precision-3470-1260p/
2025-11-30 02:41:05,807 - INFO - Scraping 1640/6851: https://www.refurbed.de/p/dell-precision-3510-i5-6300hq/
2025-11-30 02:41:06,063 - ERROR - Error fetching https://www.refurbed.de/p/dell-precision-3510-i5-6300hq/: 404 Client Error: Not Found for url: https://www.refurbed.de/p/dell-precision-3510-i5-6300hq/
2025-11-30 02:41:07,065 - INFO - Scraping 1641/6851: https://www.refurbed.de/p/dell-precision-3510-i5-6440hq/
2025-11-30 02:41:07,577 - ERROR - Error fetching https://www.refurbed.de/p/dell-precision-3510-i5-6440hq/: 404 Client Error: Not Found for url: https://www.refurbed.de/p/dell-precision-3510-i5-6440hq/
2025-11-30 02:41:08,579 - INFO - Scraping 1642/6851: https://www.refurbed.de/p/dell-precision-3510-i7-6700hq/
2025-11-30 02:41:08,964 - ERROR - Error fetching https://www.refurbed.de/p/dell-precision-3510-i7-6700hq/: 404 Client Error: Not Found for url: https://www.refurbed.de/p/dell-precision-3510-i7-6700hq/
2025-11-30 02:41:09,966 - INFO - Scraping 1643/6851: https://www.refurbed.de/p/dell-precision-3510-i7-6820hq/
2025-11-30 02:41:10,240 - ERROR - Error fetching https://www.refurbed.de/p/dell-precision-3510-i7-6820hq/: 404 Client Error: Not Found for url: https://www.refurbed.de/p/dell-precision-3510-i7-6820hq/
2025-11-30 02:41:11,242 - INFO - Scraping 1644/6851: https://www.refurbed.de/p/dell-precision-3530-8750h-15-6/
2025-11-30 02:41:12,644 - INFO - Scraping 1645/6851: https://www.refurbed.de/p/dell-precision-3530-8850h-15-6/
2025-11-30 02:41:14,094 - INFO - Scraping 1646/6851: https://www.refurbed.de/p/dell-precision-3530-i5-8300h/
2025-11-30 02:41:15,621 - INFO - Scraping 1647/6851: https://www.refurbed.de/p/dell-precision-3530-i5-8400h/
2025-11-30 02:41:15,952 - ERROR - Error fetching https://www.refurbed.de/p/dell-precision-3530-i5-8400h/: 404 Client Error: Not Found for url: https://www.refurbed.de/p/dell-precision-3530-i5-8400h/
2025-11-30 02:41:16,955 - INFO - Scraping 1648/6851: https://www.refurbed.de/p/dell-precision-3540-i5-8365u/
2025-11-30 02:41:18,421 - INFO - Scraping 1649/6851: https://www.refurbed.de/p/dell-precision-3540-i7-8565u/
2025-11-30 02:41:19,834 - INFO - Scraping 1650/6851: https://www.refurbed.de/p/dell-precision-3540-i7-8665u/
2025-11-30 02:41:21,276 - INFO - Scraping 1651/6851: https://www.refurbed.de/p/dell-precision-3541-i5-9300h-15/
2025-11-30 02:41:22,706 - INFO - Scraping 1652/6851: https://www.refurbed.de/p/dell-precision-3541-i5-9400h-15/
2025-11-30 02:41:24,166 - INFO - Scraping 1653/6851: https://www.refurbed.de/p/dell-precision-3541-i7-9850h-15/
2025-11-30 02:41:25,720 - INFO - Scraping 1654/6851: https://www.refurbed.de/p/dell-precision-3550-10310u-15-6/
2025-11-30 02:41:27,268 - INFO - Scraping 1655/6851: https://www.refurbed.de/p/dell-precision-3550-i5-10210u-15/
2025-11-30 02:41:28,761 - INFO - Scraping 1656/6851: https://www.refurbed.de/p/dell-precision-3550-i7-10610u/
2025-11-30 02:41:30,411 - INFO - Scraping 1657/6851: https://www.refurbed.de/p/dell-precision-3560-1135g7/
2025-11-30 02:41:32,002 - INFO - Scraping 1658/6851: https://www.refurbed.de/p/dell-precision-3560-1145g7/
2025-11-30 02:41:32,255 - ERROR - Error fetching https://www.refurbed.de/p/dell-precision-3560-1145g7/: 404 Client Error: Not Found for url: https://www.refurbed.de/p/dell-precision-3560-1145g7/
2025-11-30 02:41:33,257 - INFO - Scraping 1659/6851: https://www.refurbed.de/p/dell-precision-3560-1185g7/
2025-11-30 02:41:34,997 - INFO - Scraping 1660/6851: https://www.refurbed.de/p/dell-precision-3560-i7-1165g7/
2025-11-30 02:41:36,702 - INFO - Scraping 1661/6851: https://www.refurbed.de/p/dell-precision-3561-i5-11500h/
2025-11-30 02:41:38,112 - INFO - Scraping 1662/6851: https://www.refurbed.de/p/dell-precision-3561-i7-11800h/
2025-11-30 02:41:39,739 - INFO - Scraping 1663/6851: https://www.refurbed.de/p/dell-precision-3561-i7-11850h/
2025-11-30 02:41:41,269 - INFO - Scraping 1664/6851: https://www.refurbed.de/p/dell-precision-3561-i9-11950h/
2025-11-30 02:41:42,901 - INFO - Scraping 1665/6851: https://www.refurbed.de/p/dell-precision-3570-1265u-15-6/
2025-11-30 02:41:44,509 - INFO - Scraping 1666/6851: https://www.refurbed.de/p/dell-precision-3571-12500h/
2025-11-30 02:41:45,975 - INFO - Scraping 1667/6851: https://www.refurbed.de/p/dell-precision-3571-12700h/
2025-11-30 02:41:47,489 - INFO - Scraping 1668/6851: https://www.refurbed.de/p/dell-precision-3571-i7-12800h/
2025-11-30 02:41:48,884 - INFO - Scraping 1669/6851: https://www.refurbed.de/p/dell-precision-3581-13800h-16/
2025-11-30 02:41:50,323 - INFO - Scraping 1670/6851: https://www.refurbed.de/p/dell-precision-3591-5-135h/
2025-11-30 02:41:51,825 - INFO - Scraping 1671/6851: https://www.refurbed.de/p/dell-precision-3620-tower/
2025-11-30 02:41:52,134 - ERROR - Error fetching https://www.refurbed.de/p/dell-precision-3620-tower/: 404 Client Error: Not Found for url: https://www.refurbed.de/p/dell-precision-3620-tower/
2025-11-30 02:41:53,136 - INFO - Scraping 1672/6851: https://www.refurbed.de/p/dell-precision-3630-tower/
2025-11-30 02:41:54,653 - INFO - Scraping 1673/6851: https://www.refurbed.de/p/dell-precision-3640-tower/
2025-11-30 02:41:56,061 - INFO - Scraping 1674/6851: https://www.refurbed.de/p/dell-precision-3650-tower/
2025-11-30 02:41:57,497 - INFO - Scraping 1675/6851: https://www.refurbed.de/p/dell-precision-5520-6820hq/
2025-11-30 02:41:57,752 - ERROR - Error fetching https://www.refurbed.de/p/dell-precision-5520-6820hq/: 404 Client Error: Not Found for url: https://www.refurbed.de/p/dell-precision-5520-6820hq/
2025-11-30 02:41:58,754 - INFO - Scraping 1676/6851: https://www.refurbed.de/p/dell-precision-5520-7300hq/
2025-11-30 02:41:59,021 - ERROR - Error fetching https://www.refurbed.de/p/dell-precision-5520-7300hq/: 404 Client Error: Not Found for url: https://www.refurbed.de/p/dell-precision-5520-7300hq/
2025-11-30 02:42:00,023 - INFO - Scraping 1677/6851: https://www.refurbed.de/p/dell-precision-5520-7820hq/
2025-11-30 02:42:01,476 - INFO - Scraping 1678/6851: https://www.refurbed.de/p/dell-precision-5520-e3-1505m-v6/
2025-11-30 02:42:01,832 - ERROR - Error fetching https://www.refurbed.de/p/dell-precision-5520-e3-1505m-v6/: 404 Client Error: Not Found for url: https://www.refurbed.de/p/dell-precision-5520-e3-1505m-v6/
2025-11-30 02:42:02,834 - INFO - Scraping 1679/6851: https://www.refurbed.de/p/dell-precision-5520-e3-1505m/
2025-11-30 02:42:03,095 - ERROR - Error fetching https://www.refurbed.de/p/dell-precision-5520-e3-1505m/: 404 Client Error: Not Found for url: https://www.refurbed.de/p/dell-precision-5520-e3-1505m/
2025-11-30 02:42:04,097 - INFO - Scraping 1680/6851: https://www.refurbed.de/p/dell-precision-5520-i7-7700hq/
2025-11-30 02:42:04,494 - ERROR - Error fetching https://www.refurbed.de/p/dell-precision-5520-i7-7700hq/: 404 Client Error: Not Found for url: https://www.refurbed.de/p/dell-precision-5520-i7-7700hq/
2025-11-30 02:42:05,496 - INFO - Scraping 1681/6851: https://www.refurbed.de/p/dell-precision-5530-2in1-8305g/
2025-11-30 02:42:07,173 - INFO - Scraping 1682/6851: https://www.refurbed.de/p/dell-precision-5530-2in1-i78607g/
2025-11-30 02:42:08,618 - INFO - Scraping 1683/6851: https://www.refurbed.de/p/dell-precision-5530-2in1-i78850h/
2025-11-30 02:42:10,066 - INFO - Scraping 1684/6851: https://www.refurbed.de/p/dell-precision-5530-8300h/
2025-11-30 02:42:11,621 - INFO - Scraping 1685/6851: https://www.refurbed.de/p/dell-precision-5530-8400h/
2025-11-30 02:42:13,148 - INFO - Scraping 1686/6851: https://www.refurbed.de/p/dell-precision-5530-e-2176m/
2025-11-30 02:42:14,603 - INFO - Scraping 1687/6851: https://www.refurbed.de/p/dell-precision-5530-i7-8850h/
2025-11-30 02:42:16,236 - INFO - Scraping 1688/6851: https://www.refurbed.de/p/dell-precision-5530-i9-8950hk/
2025-11-30 02:42:17,650 - INFO - Scraping 1689/6851: https://www.refurbed.de/p/dell-precision-5530-xeon-e-2176m/
2025-11-30 02:42:19,211 - INFO - Scraping 1690/6851: https://www.refurbed.de/p/dell-precision-5540-9880h-15-6/
2025-11-30 02:42:20,773 - INFO - Scraping 1691/6851: https://www.refurbed.de/p/dell-precision-5540-9880hk/
2025-11-30 02:42:22,263 - INFO - Scraping 1692/6851: https://www.refurbed.de/p/dell-precision-5540-9980hk/
2025-11-30 02:42:23,776 - INFO - Scraping 1693/6851: https://www.refurbed.de/p/dell-precision-5540-e-2276m/
2025-11-30 02:42:25,361 - INFO - Scraping 1694/6851: https://www.refurbed.de/p/dell-precision-5540-i5-9400h/
2025-11-30 02:42:26,935 - INFO - Scraping 1695/6851: https://www.refurbed.de/p/dell-precision-5540-i7-9750h/
2025-11-30 02:42:28,484 - INFO - Scraping 1696/6851: https://www.refurbed.de/p/dell-precision-5540-i7-9850h/
2025-11-30 02:42:30,058 - INFO - Scraping 1697/6851: https://www.refurbed.de/p/dell-precision-5550-10850h/
2025-11-30 02:42:31,970 - INFO - Scraping 1698/6851: https://www.refurbed.de/p/dell-precision-5550-10885h/
2025-11-30 02:42:33,467 - INFO - Scraping 1699/6851: https://www.refurbed.de/p/dell-precision-5550-i7-10750h/
2025-11-30 02:42:34,918 - INFO - Scraping 1700/6851: https://www.refurbed.de/p/dell-precision-5550-i7-10875h/
2025-11-30 02:42:36,463 - INFO - Scraping 1701/6851: https://www.refurbed.de/p/dell-precision-5550-x-w-10855m/
2025-11-30 02:42:37,874 - INFO - Scraping 1702/6851: https://www.refurbed.de/p/dell-precision-5560-11800h/
2025-11-30 02:42:39,464 - INFO - Scraping 1703/6851: https://www.refurbed.de/p/dell-precision-5560-11850h/
2025-11-30 02:42:41,235 - INFO - Scraping 1704/6851: https://www.refurbed.de/p/dell-precision-5560-i5-11500h-15/
2025-11-30 02:42:42,759 - INFO - Scraping 1705/6851: https://www.refurbed.de/p/dell-precision-5560-i7-10850h/
2025-11-30 02:42:44,302 - INFO - Scraping 1706/6851: https://www.refurbed.de/p/dell-precision-5560-i9-11950h/
2025-11-30 02:42:45,744 - INFO - Scraping 1707/6851: https://www.refurbed.de/p/dell-precision-5570-i7-12700h/
2025-11-30 02:42:47,266 - INFO - Scraping 1708/6851: https://www.refurbed.de/p/dell-precision-5570-i7-12800h/
2025-11-30 02:42:48,868 - INFO - Scraping 1709/6851: https://www.refurbed.de/p/dell-precision-5570-i9-12900h/
2025-11-30 02:42:50,322 - INFO - Scraping 1710/6851: https://www.refurbed.de/p/dell-precision-5680-13800h-16/
2025-11-30 02:42:51,899 - INFO - Scraping 1711/6851: https://www.refurbed.de/p/dell-precision-5750-i5-10400h/
2025-11-30 02:42:53,299 - INFO - Scraping 1712/6851: https://www.refurbed.de/p/dell-precision-5750-i7-10875h/
2025-11-30 02:42:54,727 - INFO - Scraping 1713/6851: https://www.refurbed.de/p/dell-precision-5760-11850h/
2025-11-30 02:42:56,155 - INFO - Scraping 1714/6851: https://www.refurbed.de/p/dell-precision-5810-tower/
2025-11-30 02:42:56,456 - ERROR - Error fetching https://www.refurbed.de/p/dell-precision-5810-tower/: 404 Client Error: Not Found for url: https://www.refurbed.de/p/dell-precision-5810-tower/
2025-11-30 02:42:57,458 - INFO - Scraping 1715/6851: https://www.refurbed.de/p/dell-precision-5820-tower/
2025-11-30 02:42:59,049 - INFO - Scraping 1716/6851: https://www.refurbed.de/p/dell-precision-7510-e3-1505m-v5-/
2025-11-30 02:42:59,321 - ERROR - Error fetching https://www.refurbed.de/p/dell-precision-7510-e3-1505m-v5-/: 404 Client Error: Not Found for url: https://www.refurbed.de/p/dell-precision-7510-e3-1505m-v5-/
2025-11-30 02:43:00,323 - INFO - Scraping 1717/6851: https://www.refurbed.de/p/dell-precision-7510-e3-1535m-v5-/
2025-11-30 02:43:00,589 - ERROR - Error fetching https://www.refurbed.de/p/dell-precision-7510-e3-1535m-v5-/: 404 Client Error: Not Found for url: https://www.refurbed.de/p/dell-precision-7510-e3-1535m-v5-/
2025-11-30 02:43:01,591 - INFO - Scraping 1718/6851: https://www.refurbed.de/p/dell-precision-7510-i5-6300hq-15/
2025-11-30 02:43:01,940 - ERROR - Error fetching https://www.refurbed.de/p/dell-precision-7510-i5-6300hq-15/: 404 Client Error: Not Found for url: https://www.refurbed.de/p/dell-precision-7510-i5-6300hq-15/
2025-11-30 02:43:02,942 - INFO - Scraping 1719/6851: https://www.refurbed.de/p/dell-precision-7510-i7-6820hq-15/
2025-11-30 02:43:03,209 - ERROR - Error fetching https://www.refurbed.de/p/dell-precision-7510-i7-6820hq-15/: 404 Client Error: Not Found for url: https://www.refurbed.de/p/dell-precision-7510-i7-6820hq-15/
2025-11-30 02:43:04,211 - INFO - Scraping 1720/6851: https://www.refurbed.de/p/dell-precision-7510-i7-6920hq-15/
2025-11-30 02:43:04,664 - ERROR - Error fetching https://www.refurbed.de/p/dell-precision-7510-i7-6920hq-15/: 404 Client Error: Not Found for url: https://www.refurbed.de/p/dell-precision-7510-i7-6920hq-15/
2025-11-30 02:43:05,666 - INFO - Scraping 1721/6851: https://www.refurbed.de/p/dell-precision-7520-1505m-15-6/
2025-11-30 02:43:05,923 - ERROR - Error fetching https://www.refurbed.de/p/dell-precision-7520-1505m-15-6/: 404 Client Error: Not Found for url: https://www.refurbed.de/p/dell-precision-7520-1505m-15-6/
2025-11-30 02:43:06,925 - INFO - Scraping 1722/6851: https://www.refurbed.de/p/dell-precision-7520-1535m-v6/
2025-11-30 02:43:07,201 - ERROR - Error fetching https://www.refurbed.de/p/dell-precision-7520-1535m-v6/: 404 Client Error: Not Found for url: https://www.refurbed.de/p/dell-precision-7520-1535m-v6/
2025-11-30 02:43:08,203 - INFO - Scraping 1723/6851: https://www.refurbed.de/p/dell-precision-7520-1545m-15/
2025-11-30 02:43:08,458 - ERROR - Error fetching https://www.refurbed.de/p/dell-precision-7520-1545m-15/: 404 Client Error: Not Found for url: https://www.refurbed.de/p/dell-precision-7520-1545m-15/
2025-11-30 02:43:09,460 - INFO - Scraping 1724/6851: https://www.refurbed.de/p/dell-precision-7520-i5-7440hq-15/
2025-11-30 02:43:09,927 - ERROR - Error fetching https://www.refurbed.de/p/dell-precision-7520-i5-7440hq-15/: 404 Client Error: Not Found for url: https://www.refurbed.de/p/dell-precision-7520-i5-7440hq-15/
2025-11-30 02:43:10,930 - INFO - Scraping 1725/6851: https://www.refurbed.de/p/dell-precision-7520-i7-6820hq-15/
2025-11-30 02:43:11,243 - ERROR - Error fetching https://www.refurbed.de/p/dell-precision-7520-i7-6820hq-15/: 404 Client Error: Not Found for url: https://www.refurbed.de/p/dell-precision-7520-i7-6820hq-15/
2025-11-30 02:43:12,245 - INFO - Scraping 1726/6851: https://www.refurbed.de/p/dell-precision-7520-i7-6920hq-15/
2025-11-30 02:43:12,552 - ERROR - Error fetching https://www.refurbed.de/p/dell-precision-7520-i7-6920hq-15/: 404 Client Error: Not Found for url: https://www.refurbed.de/p/dell-precision-7520-i7-6920hq-15/
2025-11-30 02:43:13,554 - INFO - Scraping 1727/6851: https://www.refurbed.de/p/dell-precision-7520-i7-7700hq/
2025-11-30 02:43:13,863 - ERROR - Error fetching https://www.refurbed.de/p/dell-precision-7520-i7-7700hq/: 404 Client Error: Not Found for url: https://www.refurbed.de/p/dell-precision-7520-i7-7700hq/
2025-11-30 02:43:14,865 - INFO - Scraping 1728/6851: https://www.refurbed.de/p/dell-precision-7520-i7-7820hq-15/
2025-11-30 02:43:16,432 - INFO - Scraping 1729/6851: https://www.refurbed.de/p/dell-precision-7520-i7-7920hq-15/
2025-11-30 02:43:16,709 - ERROR - Error fetching https://www.refurbed.de/p/dell-precision-7520-i7-7920hq-15/: 404 Client Error: Not Found for url: https://www.refurbed.de/p/dell-precision-7520-i7-7920hq-15/
2025-11-30 02:43:17,711 - INFO - Scraping 1730/6851: https://www.refurbed.de/p/dell-precision-7530-i5-8400h/
2025-11-30 02:43:19,368 - INFO - Scraping 1731/6851: https://www.refurbed.de/p/dell-precision-7530-i7-8750h-15-/
2025-11-30 02:43:20,922 - INFO - Scraping 1732/6851: https://www.refurbed.de/p/dell-precision-7530-i7-8850h-15-/
2025-11-30 02:43:22,498 - INFO - Scraping 1733/6851: https://www.refurbed.de/p/dell-precision-7530-i9-8950hk/
2025-11-30 02:43:23,967 - INFO - Scraping 1734/6851: https://www.refurbed.de/p/dell-precision-7530-xeon-e-2176m/
2025-11-30 02:43:25,369 - INFO - Scraping 1735/6851: https://www.refurbed.de/p/dell-precision-7530-xeon-e2186m/
2025-11-30 02:43:26,774 - INFO - Scraping 1736/6851: https://www.refurbed.de/p/dell-precision-7540-9980hk/
2025-11-30 02:43:28,183 - INFO - Scraping 1737/6851: https://www.refurbed.de/p/dell-precision-7540-e-2276m/
2025-11-30 02:43:29,604 - INFO - Scraping 1738/6851: https://www.refurbed.de/p/dell-precision-7540-i5-9400h/
2025-11-30 02:43:31,091 - INFO - Scraping 1739/6851: https://www.refurbed.de/p/dell-precision-7540-i7-9750h-15-/
2025-11-30 02:43:32,705 - INFO - Scraping 1740/6851: https://www.refurbed.de/p/dell-precision-7540-i7-9850h-15-/
2025-11-30 02:43:34,408 - INFO - Scraping 1741/6851: https://www.refurbed.de/p/dell-precision-7540-i9-9880h/
2025-11-30 02:43:36,019 - INFO - Scraping 1742/6851: https://www.refurbed.de/p/dell-precision-7550-10750h/
2025-11-30 02:43:37,630 - INFO - Scraping 1743/6851: https://www.refurbed.de/p/dell-precision-7550-10850h/
2025-11-30 02:43:39,209 - INFO - Scraping 1744/6851: https://www.refurbed.de/p/dell-precision-7550-i5-10400h/
2025-11-30 02:43:40,814 - INFO - Scraping 1745/6851: https://www.refurbed.de/p/dell-precision-7550-i5-9400h/
2025-11-30 02:43:42,290 - INFO - Scraping 1746/6851: https://www.refurbed.de/p/dell-precision-7550-i7-10875h/
2025-11-30 02:43:43,745 - INFO - Scraping 1747/6851: https://www.refurbed.de/p/dell-precision-7550-i9-10885h/
2025-11-30 02:43:45,256 - INFO - Scraping 1748/6851: https://www.refurbed.de/p/dell-precision-7550-w-10855m/
2025-11-30 02:43:46,718 - INFO - Scraping 1749/6851: https://www.refurbed.de/p/dell-precision-7560-i7-10850h/
2025-11-30 02:43:48,113 - INFO - Scraping 1750/6851: https://www.refurbed.de/p/dell-precision-7560-i7-11800h/
2025-11-30 02:43:49,895 - INFO - Scraping 1751/6851: https://www.refurbed.de/p/dell-precision-7560-i7-11850h/
2025-11-30 02:43:51,478 - INFO - Scraping 1752/6851: https://www.refurbed.de/p/dell-precision-7560-i9-11950h/
2025-11-30 02:43:53,096 - INFO - Scraping 1753/6851: https://www.refurbed.de/p/dell-precision-7560-w-11855m/
2025-11-30 02:43:54,673 - INFO - Scraping 1754/6851: https://www.refurbed.de/p/dell-precision-7670-i7-12850hx/
2025-11-30 02:43:56,087 - INFO - Scraping 1755/6851: https://www.refurbed.de/p/dell-precision-7670-i9-12950hx/
2025-11-30 02:43:57,775 - INFO - Scraping 1756/6851: https://www.refurbed.de/p/dell-precision-7710-e3-1505m-v5/
2025-11-30 02:43:58,031 - ERROR - Error fetching https://www.refurbed.de/p/dell-precision-7710-e3-1505m-v5/: 404 Client Error: Not Found for url: https://www.refurbed.de/p/dell-precision-7710-e3-1505m-v5/
2025-11-30 02:43:59,033 - INFO - Scraping 1757/6851: https://www.refurbed.de/p/dell-precision-7710-e3-1535m-v5/
2025-11-30 02:43:59,301 - ERROR - Error fetching https://www.refurbed.de/p/dell-precision-7710-e3-1535m-v5/: 404 Client Error: Not Found for url: https://www.refurbed.de/p/dell-precision-7710-e3-1535m-v5/
2025-11-30 02:44:00,303 - INFO - Scraping 1758/6851: https://www.refurbed.de/p/dell-precision-7710-i5-6300hq/
2025-11-30 02:44:00,559 - ERROR - Error fetching https://www.refurbed.de/p/dell-precision-7710-i5-6300hq/: 404 Client Error: Not Found for url: https://www.refurbed.de/p/dell-precision-7710-i5-6300hq/
2025-11-30 02:44:01,561 - INFO - Scraping 1759/6851: https://www.refurbed.de/p/dell-precision-7710-i7-6820hq-17/
2025-11-30 02:44:01,907 - ERROR - Error fetching https://www.refurbed.de/p/dell-precision-7710-i7-6820hq-17/: 404 Client Error: Not Found for url: https://www.refurbed.de/p/dell-precision-7710-i7-6820hq-17/
2025-11-30 02:44:02,909 - INFO - Scraping 1760/6851: https://www.refurbed.de/p/dell-precision-7710-i7-6920hq-17/
2025-11-30 02:44:03,179 - ERROR - Error fetching https://www.refurbed.de/p/dell-precision-7710-i7-6920hq-17/: 404 Client Error: Not Found for url: https://www.refurbed.de/p/dell-precision-7710-i7-6920hq-17/
2025-11-30 02:44:04,181 - INFO - Scraping 1761/6851: https://www.refurbed.de/p/dell-precision-7720-6820hq/
2025-11-30 02:44:04,815 - ERROR - Error fetching https://www.refurbed.de/p/dell-precision-7720-6820hq/: 404 Client Error: Not Found for url: https://www.refurbed.de/p/dell-precision-7720-6820hq/
2025-11-30 02:44:05,817 - INFO - Scraping 1762/6851: https://www.refurbed.de/p/dell-precision-7720-6920hq/
2025-11-30 02:44:06,084 - ERROR - Error fetching https://www.refurbed.de/p/dell-precision-7720-6920hq/: 404 Client Error: Not Found for url: https://www.refurbed.de/p/dell-precision-7720-6920hq/
2025-11-30 02:44:07,086 - INFO - Scraping 1763/6851: https://www.refurbed.de/p/dell-precision-7720-7820hq/
2025-11-30 02:44:08,557 - INFO - Scraping 1764/6851: https://www.refurbed.de/p/dell-precision-7720-7920hq/
2025-11-30 02:44:08,871 - ERROR - Error fetching https://www.refurbed.de/p/dell-precision-7720-7920hq/: 404 Client Error: Not Found for url: https://www.refurbed.de/p/dell-precision-7720-7920hq/
2025-11-30 02:44:09,873 - INFO - Scraping 1765/6851: https://www.refurbed.de/p/dell-precision-7720-e3-1535m-v6/
2025-11-30 02:44:10,373 - ERROR - Error fetching https://www.refurbed.de/p/dell-precision-7720-e3-1535m-v6/: 404 Client Error: Not Found for url: https://www.refurbed.de/p/dell-precision-7720-e3-1535m-v6/
2025-11-30 02:44:11,375 - INFO - Scraping 1766/6851: https://www.refurbed.de/p/dell-precision-7720-i7-11850h/
2025-11-30 02:44:12,774 - INFO - Scraping 1767/6851: https://www.refurbed.de/p/dell-precision-7730-8400h/
2025-11-30 02:44:14,220 - INFO - Scraping 1768/6851: https://www.refurbed.de/p/dell-precision-7730-e-2186m/
2025-11-30 02:44:15,632 - INFO - Scraping 1769/6851: https://www.refurbed.de/p/dell-precision-7730-i7-8750h/
2025-11-30 02:44:17,757 - INFO - Scraping 1770/6851: https://www.refurbed.de/p/dell-precision-7730-i7-8850h/
2025-11-30 02:44:19,553 - INFO - Scraping 1771/6851: https://www.refurbed.de/p/dell-precision-7730-i9-8950hk/
2025-11-30 02:44:21,039 - INFO - Scraping 1772/6851: https://www.refurbed.de/p/dell-precision-7730-xeon-e-2176m/
2025-11-30 02:44:22,612 - INFO - Scraping 1773/6851: https://www.refurbed.de/p/dell-precision-7740-9980hk/
2025-11-30 02:44:24,040 - INFO - Scraping 1774/6851: https://www.refurbed.de/p/dell-precision-7740-i5-9400h/
2025-11-30 02:44:25,434 - INFO - Scraping 1775/6851: https://www.refurbed.de/p/dell-precision-7740-i7-9750h/
2025-11-30 02:44:26,888 - INFO - Scraping 1776/6851: https://www.refurbed.de/p/dell-precision-7740-i7-9850h/
2025-11-30 02:44:28,427 - INFO - Scraping 1777/6851: https://www.refurbed.de/p/dell-precision-7740-i9-9880h/
2025-11-30 02:44:29,837 - INFO - Scraping 1778/6851: https://www.refurbed.de/p/dell-precision-7740-x-e-2276m/
2025-11-30 02:44:31,306 - INFO - Scraping 1779/6851: https://www.refurbed.de/p/dell-precision-7740-x-e-2286m/
2025-11-30 02:44:32,761 - INFO - Scraping 1780/6851: https://www.refurbed.de/p/dell-precision-7750-10400h/
2025-11-30 02:44:34,522 - INFO - Scraping 1781/6851: https://www.refurbed.de/p/dell-precision-7750-10750h/
2025-11-30 02:44:36,049 - INFO - Scraping 1782/6851: https://www.refurbed.de/p/dell-precision-7750-10850h/
2025-11-30 02:44:37,636 - INFO - Scraping 1783/6851: https://www.refurbed.de/p/dell-precision-7750-10875h/
2025-11-30 02:44:39,157 - INFO - Scraping 1784/6851: https://www.refurbed.de/p/dell-precision-7750-10885h/
2025-11-30 02:44:40,554 - INFO - Scraping 1785/6851: https://www.refurbed.de/p/dell-precision-7750-w-10855m/
2025-11-30 02:44:42,111 - INFO - Scraping 1786/6851: https://www.refurbed.de/p/dell-precision-7760-11500h-17/
2025-11-30 02:44:43,648 - INFO - Scraping 1787/6851: https://www.refurbed.de/p/dell-precision-7760-11850h-17/
2025-11-30 02:44:45,097 - INFO - Scraping 1788/6851: https://www.refurbed.de/p/dell-precision-7760-i9-11950h/
2025-11-30 02:44:46,490 - INFO - Scraping 1789/6851: https://www.refurbed.de/p/dell-precision-7770-i7-12850hx/
2025-11-30 02:44:47,964 - INFO - Scraping 1790/6851: https://www.refurbed.de/p/dell-precision-7770-i9-12950hx/
2025-11-30 02:44:49,479 - INFO - Scraping 1791/6851: https://www.refurbed.de/p/dell-precision-7820-tower/
2025-11-30 02:44:50,910 - INFO - Scraping 1792/6851: https://www.refurbed.de/p/dell-precision-7920-tower/
2025-11-30 02:44:52,369 - INFO - Scraping 1793/6851: https://www.refurbed.de/p/dell-precision-m4800-i5-4310m-15/
2025-11-30 02:44:52,632 - ERROR - Error fetching https://www.refurbed.de/p/dell-precision-m4800-i5-4310m-15/: 404 Client Error: Not Found for url: https://www.refurbed.de/p/dell-precision-m4800-i5-4310m-15/
2025-11-30 02:44:53,634 - INFO - Scraping 1794/6851: https://www.refurbed.de/p/dell-precision-m4800-i7-4710mq/
2025-11-30 02:44:53,902 - ERROR - Error fetching https://www.refurbed.de/p/dell-precision-m4800-i7-4710mq/: 404 Client Error: Not Found for url: https://www.refurbed.de/p/dell-precision-m4800-i7-4710mq/
2025-11-30 02:44:54,904 - INFO - Scraping 1795/6851: https://www.refurbed.de/p/dell-precision-m4800-i7-4800mq-1/
2025-11-30 02:44:55,157 - ERROR - Error fetching https://www.refurbed.de/p/dell-precision-m4800-i7-4800mq-1/: 404 Client Error: Not Found for url: https://www.refurbed.de/p/dell-precision-m4800-i7-4800mq-1/
2025-11-30 02:44:56,159 - INFO - Scraping 1796/6851: https://www.refurbed.de/p/dell-precision-m4800-i7-4810mq-1/
2025-11-30 02:44:56,473 - ERROR - Error fetching https://www.refurbed.de/p/dell-precision-m4800-i7-4810mq-1/: 404 Client Error: Not Found for url: https://www.refurbed.de/p/dell-precision-m4800-i7-4810mq-1/
2025-11-30 02:44:57,475 - INFO - Scraping 1797/6851: https://www.refurbed.de/p/dell-precision-m4800-i7-4900mq/
2025-11-30 02:44:57,757 - ERROR - Error fetching https://www.refurbed.de/p/dell-precision-m4800-i7-4900mq/: 404 Client Error: Not Found for url: https://www.refurbed.de/p/dell-precision-m4800-i7-4900mq/
2025-11-30 02:44:58,759 - INFO - Scraping 1798/6851: https://www.refurbed.de/p/dell-precision-m4800-i7-4910mq/
2025-11-30 02:44:59,018 - ERROR - Error fetching https://www.refurbed.de/p/dell-precision-m4800-i7-4910mq/: 404 Client Error: Not Found for url: https://www.refurbed.de/p/dell-precision-m4800-i7-4910mq/
2025-11-30 02:45:00,021 - INFO - Scraping 1799/6851: https://www.refurbed.de/p/dell-precision-m6800-i7-4800mq/
2025-11-30 02:45:00,331 - ERROR - Error fetching https://www.refurbed.de/p/dell-precision-m6800-i7-4800mq/: 404 Client Error: Not Found for url: https://www.refurbed.de/p/dell-precision-m6800-i7-4800mq/
2025-11-30 02:45:01,334 - INFO - Scraping 1800/6851: https://www.refurbed.de/p/dell-precision-m6800-i7-4810mq-1/
2025-11-30 02:45:01,604 - ERROR - Error fetching https://www.refurbed.de/p/dell-precision-m6800-i7-4810mq-1/: 404 Client Error: Not Found for url: https://www.refurbed.de/p/dell-precision-m6800-i7-4810mq-1/
2025-11-30 02:45:02,606 - INFO - Scraping 1801/6851: https://www.refurbed.de/p/dell-precision-m6800-i7-4910mq/
2025-11-30 02:45:02,963 - ERROR - Error fetching https://www.refurbed.de/p/dell-precision-m6800-i7-4910mq/: 404 Client Error: Not Found for url: https://www.refurbed.de/p/dell-precision-m6800-i7-4910mq/
2025-11-30 02:45:03,966 - INFO - Scraping 1802/6851: https://www.refurbed.de/p/dell-precision-t1650-workstation/
2025-11-30 02:45:04,397 - ERROR - Error fetching https://www.refurbed.de/p/dell-precision-t1650-workstation/: 404 Client Error: Not Found for url: https://www.refurbed.de/p/dell-precision-t1650-workstation/
2025-11-30 02:45:05,399 - INFO - Scraping 1803/6851: https://www.refurbed.de/p/dell-precision-t1700-mt-workst/
2025-11-30 02:45:06,756 - ERROR - Error fetching https://www.refurbed.de/p/dell-precision-t1700-mt-workst/: 404 Client Error: Not Found for url: https://www.refurbed.de/p/dell-precision-t1700-mt-workst/
2025-11-30 02:45:07,758 - INFO - Scraping 1804/6851: https://www.refurbed.de/p/dell-precision-t3500-workstation/
2025-11-30 02:45:08,321 - ERROR - Error fetching https://www.refurbed.de/p/dell-precision-t3500-workstation/: 404 Client Error: Not Found for url: https://www.refurbed.de/p/dell-precision-t3500-workstation/
2025-11-30 02:45:09,324 - INFO - Scraping 1805/6851: https://www.refurbed.de/p/dell-precision-t3600-workstation/
2025-11-30 02:45:09,712 - ERROR - Error fetching https://www.refurbed.de/p/dell-precision-t3600-workstation/: 404 Client Error: Not Found for url: https://www.refurbed.de/p/dell-precision-t3600-workstation/
2025-11-30 02:45:10,714 - INFO - Scraping 1806/6851: https://www.refurbed.de/p/dell-precision-t3610-workstation/
2025-11-30 02:45:11,131 - ERROR - Error fetching https://www.refurbed.de/p/dell-precision-t3610-workstation/: 404 Client Error: Not Found for url: https://www.refurbed.de/p/dell-precision-t3610-workstation/
2025-11-30 02:45:12,133 - INFO - Scraping 1807/6851: https://www.refurbed.de/p/dell-precision-t5500-workstation/
2025-11-30 02:45:12,399 - ERROR - Error fetching https://www.refurbed.de/p/dell-precision-t5500-workstation/: 404 Client Error: Not Found for url: https://www.refurbed.de/p/dell-precision-t5500-workstation/
2025-11-30 02:45:13,401 - INFO - Scraping 1808/6851: https://www.refurbed.de/p/dell-precision-t5610-workstation/
2025-11-30 02:45:13,692 - ERROR - Error fetching https://www.refurbed.de/p/dell-precision-t5610-workstation/: 404 Client Error: Not Found for url: https://www.refurbed.de/p/dell-precision-t5610-workstation/
2025-11-30 02:45:14,694 - INFO - Scraping 1809/6851: https://www.refurbed.de/p/dell-precision-t5810-workstation/
2025-11-30 02:45:14,983 - ERROR - Error fetching https://www.refurbed.de/p/dell-precision-t5810-workstation/: 404 Client Error: Not Found for url: https://www.refurbed.de/p/dell-precision-t5810-workstation/
2025-11-30 02:45:15,985 - INFO - Scraping 1810/6851: https://www.refurbed.de/p/dell-precision-t7600-workstation/
2025-11-30 02:45:16,246 - ERROR - Error fetching https://www.refurbed.de/p/dell-precision-t7600-workstation/: 404 Client Error: Not Found for url: https://www.refurbed.de/p/dell-precision-t7600-workstation/
2025-11-30 02:45:17,248 - INFO - Scraping 1811/6851: https://www.refurbed.de/p/dell-precision-t7610-xeon-e5/
2025-11-30 02:45:17,521 - ERROR - Error fetching https://www.refurbed.de/p/dell-precision-t7610-xeon-e5/: 404 Client Error: Not Found for url: https://www.refurbed.de/p/dell-precision-t7610-xeon-e5/
2025-11-30 02:45:18,524 - INFO - Scraping 1812/6851: https://www.refurbed.de/p/dell-precision-t7810-workstation/
2025-11-30 02:45:18,781 - ERROR - Error fetching https://www.refurbed.de/p/dell-precision-t7810-workstation/: 404 Client Error: Not Found for url: https://www.refurbed.de/p/dell-precision-t7810-workstation/
2025-11-30 02:45:19,783 - INFO - Scraping 1813/6851: https://www.refurbed.de/p/dell-precision-t7820-workstation/
2025-11-30 02:45:21,219 - INFO - Scraping 1814/6851: https://www.refurbed.de/p/dell-precision-t7820/
2025-11-30 02:45:22,610 - INFO - Scraping 1815/6851: https://www.refurbed.de/p/dell-precision-t7910-workstation/
2025-11-30 02:45:22,876 - ERROR - Error fetching https://www.refurbed.de/p/dell-precision-t7910-workstation/: 404 Client Error: Not Found for url: https://www.refurbed.de/p/dell-precision-t7910-workstation/
2025-11-30 02:45:23,878 - INFO - Scraping 1816/6851: https://www.refurbed.de/p/dell-precision-tower-1600/
2025-11-30 02:45:24,140 - ERROR - Error fetching https://www.refurbed.de/p/dell-precision-tower-1600/: 404 Client Error: Not Found for url: https://www.refurbed.de/p/dell-precision-tower-1600/
2025-11-30 02:45:25,143 - INFO - Scraping 1817/6851: https://www.refurbed.de/p/dell-precisison-3520-6820hq/
2025-11-30 02:45:25,396 - ERROR - Error fetching https://www.refurbed.de/p/dell-precisison-3520-6820hq/: 404 Client Error: Not Found for url: https://www.refurbed.de/p/dell-precisison-3520-6820hq/
2025-11-30 02:45:26,398 - INFO - Scraping 1818/6851: https://www.refurbed.de/p/dell-precisison-3520-7700hq/
2025-11-30 02:45:26,913 - ERROR - Error fetching https://www.refurbed.de/p/dell-precisison-3520-7700hq/: 404 Client Error: Not Found for url: https://www.refurbed.de/p/dell-precisison-3520-7700hq/
2025-11-30 02:45:27,915 - INFO - Scraping 1819/6851: https://www.refurbed.de/p/dell-precisison-3520-7820hq/
2025-11-30 02:45:29,412 - INFO - Scraping 1820/6851: https://www.refurbed.de/p/dell-precisison-3520-i5-6440hq/
2025-11-30 02:45:29,751 - ERROR - Error fetching https://www.refurbed.de/p/dell-precisison-3520-i5-6440hq/: 404 Client Error: Not Found for url: https://www.refurbed.de/p/dell-precisison-3520-i5-6440hq/
2025-11-30 02:45:30,753 - INFO - Scraping 1821/6851: https://www.refurbed.de/p/dell-professional-p2213t/
2025-11-30 02:45:32,300 - INFO - Scraping 1822/6851: https://www.refurbed.de/p/dell-rf449/
2025-11-30 02:45:33,802 - INFO - Scraping 1823/6851: https://www.refurbed.de/p/dell-rugged-notebook-desk-dock/
2025-11-30 02:45:35,213 - INFO - Scraping 1824/6851: https://www.refurbed.de/p/dell-s2316h-23/
2025-11-30 02:45:36,595 - INFO - Scraping 1825/6851: https://www.refurbed.de/p/dell-s2319h-23/
2025-11-30 02:45:38,009 - INFO - Scraping 1826/6851: https://www.refurbed.de/p/dell-s2416h-23-8/
2025-11-30 02:45:39,397 - INFO - Scraping 1827/6851: https://www.refurbed.de/p/dell-s2417d23-8/
2025-11-30 02:45:40,823 - INFO - Scraping 1828/6851: https://www.refurbed.de/p/dell-s2419h-23-8/
2025-11-30 02:45:42,223 - INFO - Scraping 1829/6851: https://www.refurbed.de/p/dell-s2419hgf-24/
2025-11-30 02:45:43,630 - INFO - Scraping 1830/6851: https://www.refurbed.de/p/dell-s2421h-23-8/
2025-11-30 02:45:45,046 - INFO - Scraping 1831/6851: https://www.refurbed.de/p/dell-s2421hgf/
2025-11-30 02:45:46,454 - INFO - Scraping 1832/6851: https://www.refurbed.de/p/dell-s2421hn/
2025-11-30 02:45:47,949 - INFO - Scraping 1833/6851: https://www.refurbed.de/p/dell-s2421hs/
2025-11-30 02:45:49,423 - INFO - Scraping 1834/6851: https://www.refurbed.de/p/dell-s2421hsx-23-8/
2025-11-30 02:45:50,908 - INFO - Scraping 1835/6851: https://www.refurbed.de/p/dell-s2421nx/
2025-11-30 02:45:52,469 - INFO - Scraping 1836/6851: https://www.refurbed.de/p/dell-s2422hg-23-6/
2025-11-30 02:45:53,895 - INFO - Scraping 1837/6851: https://www.refurbed.de/p/dell-s2422hz-23-8/
2025-11-30 02:45:55,323 - INFO - Scraping 1838/6851: https://www.refurbed.de/p/dell-s2425h/
2025-11-30 02:45:56,830 - INFO - Scraping 1839/6851: https://www.refurbed.de/p/dell-s2425hs/
2025-11-30 02:45:58,231 - INFO - Scraping 1840/6851: https://www.refurbed.de/p/dell-s2440lb-24/
2025-11-30 02:45:59,658 - INFO - Scraping 1841/6851: https://www.refurbed.de/p/dell-s2522hg-24-5/
2025-11-30 02:46:01,103 - INFO - Scraping 1842/6851: https://www.refurbed.de/p/dell-s2716dg-27/
2025-11-30 02:46:02,493 - INFO - Scraping 1843/6851: https://www.refurbed.de/p/dell-s2719dgf-27/
2025-11-30 02:46:03,933 - INFO - Scraping 1844/6851: https://www.refurbed.de/p/dell-s2719h-27/
2025-11-30 02:46:05,347 - INFO - Scraping 1845/6851: https://www.refurbed.de/p/dell-s2719hs-27/
2025-11-30 02:46:06,808 - INFO - Scraping 1846/6851: https://www.refurbed.de/p/dell-s2721d-27/
2025-11-30 02:46:08,207 - INFO - Scraping 1847/6851: https://www.refurbed.de/p/dell-s2721dgfa-27/
2025-11-30 02:46:09,656 - INFO - Scraping 1848/6851: https://www.refurbed.de/p/dell-s2721ds-27/
2025-11-30 02:46:11,083 - INFO - Scraping 1849/6851: https://www.refurbed.de/p/dell-s2721h-27/
2025-11-30 02:46:12,509 - INFO - Scraping 1850/6851: https://www.refurbed.de/p/dell-s2721hgf-27/
2025-11-30 02:46:13,916 - INFO - Scraping 1851/6851: https://www.refurbed.de/p/dell-s2721hn-27/
2025-11-30 02:46:15,318 - INFO - Scraping 1852/6851: https://www.refurbed.de/p/dell-s2721hs-27/
2025-11-30 02:46:16,808 - INFO - Scraping 1853/6851: https://www.refurbed.de/p/dell-s2721hsx-27/
2025-11-30 02:46:18,275 - INFO - Scraping 1854/6851: https://www.refurbed.de/p/dell-s2721nx/
2025-11-30 02:46:19,774 - INFO - Scraping 1855/6851: https://www.refurbed.de/p/dell-s2721qs-27/
2025-11-30 02:46:21,143 - INFO - Scraping 1856/6851: https://www.refurbed.de/p/dell-s2721qsa/
2025-11-30 02:46:22,546 - INFO - Scraping 1857/6851: https://www.refurbed.de/p/dell-s2722dc-27/
2025-11-30 02:46:24,004 - INFO - Scraping 1858/6851: https://www.refurbed.de/p/dell-s2722dgm/
2025-11-30 02:46:25,665 - INFO - Scraping 1859/6851: https://www.refurbed.de/p/dell-s2722dz-27/
2025-11-30 02:46:27,342 - INFO - Scraping 1860/6851: https://www.refurbed.de/p/dell-s2722qc-27/
2025-11-30 02:46:28,753 - INFO - Scraping 1861/6851: https://www.refurbed.de/p/dell-s2723hc-27/
2025-11-30 02:46:30,163 - INFO - Scraping 1862/6851: https://www.refurbed.de/p/dell-s2725ds/
2025-11-30 02:46:31,677 - INFO - Scraping 1863/6851: https://www.refurbed.de/p/dell-s2725h/
2025-11-30 02:46:33,131 - INFO - Scraping 1864/6851: https://www.refurbed.de/p/dell-s2725hs/
2025-11-30 02:46:34,583 - INFO - Scraping 1865/6851: https://www.refurbed.de/p/dell-s3220dgf-31-5/
2025-11-30 02:46:36,088 - INFO - Scraping 1866/6851: https://www.refurbed.de/p/dell-s3221qs-31-5/
2025-11-30 02:46:37,532 - INFO - Scraping 1867/6851: https://www.refurbed.de/p/dell-s3221qsa-31-5/
2025-11-30 02:46:38,923 - INFO - Scraping 1868/6851: https://www.refurbed.de/p/dell-s3222dgm/
2025-11-30 02:46:40,353 - INFO - Scraping 1869/6851: https://www.refurbed.de/p/dell-s3422dw-34/
2025-11-30 02:46:42,308 - INFO - Scraping 1870/6851: https://www.refurbed.de/p/dell-s3422dwg-34/
2025-11-30 02:46:43,753 - INFO - Scraping 1871/6851: https://www.refurbed.de/p/dell-s3423dwc-34/
2025-11-30 02:46:45,253 - INFO - Scraping 1872/6851: https://www.refurbed.de/p/dell-se2216h/
2025-11-30 02:46:46,732 - INFO - Scraping 1873/6851: https://www.refurbed.de/p/dell-se2219h-21-5/
2025-11-30 02:46:48,389 - INFO - Scraping 1874/6851: https://www.refurbed.de/p/dell-se2222h-21-5/
2025-11-30 02:46:49,961 - INFO - Scraping 1875/6851: https://www.refurbed.de/p/dell-se2417hgx-23-6/
2025-11-30 02:46:51,348 - INFO - Scraping 1876/6851: https://www.refurbed.de/p/dell-se2419hr-23-8/
2025-11-30 02:46:52,770 - INFO - Scraping 1877/6851: https://www.refurbed.de/p/dell-se2422h-23-8/
2025-11-30 02:46:54,150 - INFO - Scraping 1878/6851: https://www.refurbed.de/p/dell-se2717h/
2025-11-30 02:46:55,539 - INFO - Scraping 1879/6851: https://www.refurbed.de/p/dell-se2719h-27/
2025-11-30 02:46:57,076 - INFO - Scraping 1880/6851: https://www.refurbed.de/p/dell-se2722h-27/
2025-11-30 02:46:58,470 - INFO - Scraping 1881/6851: https://www.refurbed.de/p/dell-se2723ds-27/
2025-11-30 02:46:59,898 - INFO - Scraping 1882/6851: https://www.refurbed.de/p/dell-se3223q-31-5/
2025-11-30 02:47:01,266 - INFO - Scraping 1883/6851: https://www.refurbed.de/p/dell-soundbar-ac511/
2025-11-30 02:47:02,716 - INFO - Scraping 1884/6851: https://www.refurbed.de/p/dell-sp2208wfp-22/
2025-11-30 02:47:04,231 - INFO - Scraping 1885/6851: https://www.refurbed.de/p/dell-stereo-soundbar-ac511m/
2025-11-30 02:47:05,661 - INFO - Scraping 1886/6851: https://www.refurbed.de/p/dell-studio-xps-8700/
2025-11-30 02:47:06,123 - ERROR - Error fetching https://www.refurbed.de/p/dell-studio-xps-8700/: 404 Client Error: Not Found for url: https://www.refurbed.de/p/dell-studio-xps-8700/
2025-11-30 02:47:07,125 - INFO - Scraping 1887/6851: https://www.refurbed.de/p/dell-sx2210t-21-5/
2025-11-30 02:47:08,532 - INFO - Scraping 1888/6851: https://www.refurbed.de/p/dell-t3500-tower-wrokstation/
2025-11-30 02:47:08,883 - ERROR - Error fetching https://www.refurbed.de/p/dell-t3500-tower-wrokstation/: 404 Client Error: Not Found for url: https://www.refurbed.de/p/dell-t3500-tower-wrokstation/
2025-11-30 02:47:09,885 - INFO - Scraping 1889/6851: https://www.refurbed.de/p/dell-thunderbolt-dock-tb16/
2025-11-30 02:47:11,382 - INFO - Scraping 1890/6851: https://www.refurbed.de/p/dell-thunderbolt-dock-tb18dc/
2025-11-30 02:47:12,848 - INFO - Scraping 1891/6851: https://www.refurbed.de/p/dell-thunderbolt-dock-wd19tb/
2025-11-30 02:47:14,866 - INFO - Scraping 1892/6851: https://www.refurbed.de/p/dell-thunderbolt-dock-wd19tbs/
2025-11-30 02:47:16,391 - INFO - Scraping 1893/6851: https://www.refurbed.de/p/dell-thunderbolt-dock-wd22tb4/
2025-11-30 02:47:17,863 - INFO - Scraping 1894/6851: https://www.refurbed.de/p/dell-u2211h-monitor/
2025-11-30 02:47:19,252 - INFO - Scraping 1895/6851: https://www.refurbed.de/p/dell-u2212hm-monitor/
2025-11-30 02:47:20,796 - INFO - Scraping 1896/6851: https://www.refurbed.de/p/dell-u2311h/
2025-11-30 02:47:22,231 - INFO - Scraping 1897/6851: https://www.refurbed.de/p/dell-u2412m/
2025-11-30 02:47:23,769 - INFO - Scraping 1898/6851: https://www.refurbed.de/p/dell-u2417h/
2025-11-30 02:47:25,204 - INFO - Scraping 1899/6851: https://www.refurbed.de/p/dell-ultrasharp-2007wfpb-20/
2025-11-30 02:47:26,590 - INFO - Scraping 1900/6851: https://www.refurbed.de/p/dell-ultrasharp-2208wfpt-22/
2025-11-30 02:47:28,019 - INFO - Scraping 1901/6851: https://www.refurbed.de/p/dell-ultrasharp-2209wa/
2025-11-30 02:47:29,573 - INFO - Scraping 1902/6851: https://www.refurbed.de/p/dell-ultrasharp-2405fpw/
2025-11-30 02:47:30,973 - INFO - Scraping 1903/6851: https://www.refurbed.de/p/dell-ultrasharp-2407wfp-hc/
2025-11-30 02:47:32,384 - INFO - Scraping 1904/6851: https://www.refurbed.de/p/dell-ultrasharp-2408wfp/
2025-11-30 02:47:33,781 - INFO - Scraping 1905/6851: https://www.refurbed.de/p/dell-ultrasharp-p2012ht-20/
2025-11-30 02:47:35,175 - INFO - Scraping 1906/6851: https://www.refurbed.de/p/dell-ultrasharp-p2210f-22/
2025-11-30 02:47:36,728 - INFO - Scraping 1907/6851: https://www.refurbed.de/p/dell-ultrasharp-p2210t-22/
2025-11-30 02:47:38,119 - INFO - Scraping 1908/6851: https://www.refurbed.de/p/dell-ultrasharp-p2418ht/
2025-11-30 02:47:39,518 - INFO - Scraping 1909/6851: https://www.refurbed.de/p/dell-ultrasharp-p3424we/
2025-11-30 02:47:40,928 - INFO - Scraping 1910/6851: https://www.refurbed.de/p/dell-ultrasharp-u2312hm-23/
2025-11-30 02:47:42,386 - INFO - Scraping 1911/6851: https://www.refurbed.de/p/dell-ultrasharp-u2312hm/
2025-11-30 02:47:44,021 - INFO - Scraping 1912/6851: https://www.refurbed.de/p/dell-ultrasharp-u2410f/
2025-11-30 02:47:45,684 - INFO - Scraping 1913/6851: https://www.refurbed.de/p/dell-ultrasharp-u2413f/
2025-11-30 02:47:47,249 - INFO - Scraping 1914/6851: https://www.refurbed.de/p/dell-ultrasharp-u2414h-24/
2025-11-30 02:47:48,755 - INFO - Scraping 1915/6851: https://www.refurbed.de/p/dell-ultrasharp-u2415/
2025-11-30 02:47:50,276 - INFO - Scraping 1916/6851: https://www.refurbed.de/p/dell-ultrasharp-u2415h-24/
2025-11-30 02:47:51,807 - INFO - Scraping 1917/6851: https://www.refurbed.de/p/dell-ultrasharp-u2419h/
2025-11-30 02:47:53,314 - INFO - Scraping 1918/6851: https://www.refurbed.de/p/dell-ultrasharp-u2419hc/
2025-11-30 02:47:54,713 - INFO - Scraping 1919/6851: https://www.refurbed.de/p/dell-ultrasharp-u2421e/
2025-11-30 02:47:56,428 - INFO - Scraping 1920/6851: https://www.refurbed.de/p/dell-ultrasharp-u2421he-23-8/
2025-11-30 02:47:58,132 - INFO - Scraping 1921/6851: https://www.refurbed.de/p/dell-ultrasharp-u2422h-23-8/
2025-11-30 02:47:59,792 - INFO - Scraping 1922/6851: https://www.refurbed.de/p/dell-ultrasharp-u2422he-23-8/
2025-11-30 02:48:01,307 - INFO - Scraping 1923/6851: https://www.refurbed.de/p/dell-ultrasharp-u2424h/
2025-11-30 02:48:02,712 - INFO - Scraping 1924/6851: https://www.refurbed.de/p/dell-ultrasharp-u2424he/
2025-11-30 02:48:04,204 - INFO - Scraping 1925/6851: https://www.refurbed.de/p/dell-ultrasharp-u2515h/
2025-11-30 02:48:05,749 - INFO - Scraping 1926/6851: https://www.refurbed.de/p/dell-ultrasharp-u2518d/
2025-11-30 02:48:07,510 - INFO - Scraping 1927/6851: https://www.refurbed.de/p/dell-ultrasharp-u2520d/
2025-11-30 02:48:09,213 - INFO - Scraping 1928/6851: https://www.refurbed.de/p/dell-ultrasharp-u2713h/
2025-11-30 02:48:10,610 - INFO - Scraping 1929/6851: https://www.refurbed.de/p/dell-ultrasharp-u2713hm/
2025-11-30 02:48:12,044 - INFO - Scraping 1930/6851: https://www.refurbed.de/p/dell-ultrasharp-u2715h-27/
2025-11-30 02:48:13,522 - INFO - Scraping 1931/6851: https://www.refurbed.de/p/dell-ultrasharp-u2717d-27/
2025-11-30 02:48:14,938 - INFO - Scraping 1932/6851: https://www.refurbed.de/p/dell-ultrasharp-u2718q/
2025-11-30 02:48:16,366 - INFO - Scraping 1933/6851: https://www.refurbed.de/p/dell-ultrasharp-u2719d/
2025-11-30 02:48:17,799 - INFO - Scraping 1934/6851: https://www.refurbed.de/p/dell-ultrasharp-u2719dc/
2025-11-30 02:48:19,605 - INFO - Scraping 1935/6851: https://www.refurbed.de/p/dell-ultrasharp-u2720q-u2719d/
2025-11-30 02:48:21,229 - INFO - Scraping 1936/6851: https://www.refurbed.de/p/dell-ultrasharp-u2721de/
2025-11-30 02:48:22,743 - INFO - Scraping 1937/6851: https://www.refurbed.de/p/dell-ultrasharp-u2722d-27/
2025-11-30 02:48:24,291 - INFO - Scraping 1938/6851: https://www.refurbed.de/p/dell-ultrasharp-u2722de/
2025-11-30 02:48:25,986 - INFO - Scraping 1939/6851: https://www.refurbed.de/p/dell-ultrasharp-u2723qe/
2025-11-30 02:48:27,421 - INFO - Scraping 1940/6851: https://www.refurbed.de/p/dell-ultrasharp-u2724d/
2025-11-30 02:48:28,990 - INFO - Scraping 1941/6851: https://www.refurbed.de/p/dell-ultrasharp-u2724de/
2025-11-30 02:48:30,406 - INFO - Scraping 1942/6851: https://www.refurbed.de/p/dell-ultrasharp-u2913wm/
2025-11-30 02:48:31,880 - INFO - Scraping 1943/6851: https://www.refurbed.de/p/dell-ultrasharp-u2917w/
2025-11-30 02:48:33,427 - INFO - Scraping 1944/6851: https://www.refurbed.de/p/dell-ultrasharp-u3011t-30/
2025-11-30 02:48:34,878 - INFO - Scraping 1945/6851: https://www.refurbed.de/p/dell-ultrasharp-u3014t-30/
2025-11-30 02:48:36,341 - INFO - Scraping 1946/6851: https://www.refurbed.de/p/dell-ultrasharp-u3023e/
2025-11-30 02:48:37,971 - INFO - Scraping 1947/6851: https://www.refurbed.de/p/dell-ultrasharp-u3219q-31-5/
2025-11-30 02:48:39,464 - INFO - Scraping 1948/6851: https://www.refurbed.de/p/dell-ultrasharp-u3223qe/
2025-11-30 02:48:40,884 - INFO - Scraping 1949/6851: https://www.refurbed.de/p/dell-ultrasharp-u3223qz-31-5/
2025-11-30 02:48:42,340 - INFO - Scraping 1950/6851: https://www.refurbed.de/p/dell-ultrasharp-u3224kba/
2025-11-30 02:48:43,792 - INFO - Scraping 1951/6851: https://www.refurbed.de/p/dell-ultrasharp-u3415w-34/
2025-11-30 02:48:45,247 - INFO - Scraping 1952/6851: https://www.refurbed.de/p/dell-ultrasharp-u3415wb/
2025-11-30 02:48:46,688 - INFO - Scraping 1953/6851: https://www.refurbed.de/p/dell-ultrasharp-u3417w/
2025-11-30 02:48:48,203 - INFO - Scraping 1954/6851: https://www.refurbed.de/p/dell-ultrasharp-u3419w/
2025-11-30 02:48:49,625 - INFO - Scraping 1955/6851: https://www.refurbed.de/p/dell-ultrasharp-u3421we-34-14/
2025-11-30 02:48:51,399 - INFO - Scraping 1956/6851: https://www.refurbed.de/p/dell-ultrasharp-u3423we-34-14/
2025-11-30 02:48:52,897 - INFO - Scraping 1957/6851: https://www.refurbed.de/p/dell-ultrasharp-u3425we-34-14/
2025-11-30 02:48:54,437 - INFO - Scraping 1958/6851: https://www.refurbed.de/p/dell-ultrasharp-u3818dw-37/
2025-11-30 02:48:55,942 - INFO - Scraping 1959/6851: https://www.refurbed.de/p/dell-ultrasharp-u3821dw-37/
2025-11-30 02:48:57,444 - INFO - Scraping 1960/6851: https://www.refurbed.de/p/dell-ultrasharp-u3824dw-37-5/
2025-11-30 02:48:58,948 - INFO - Scraping 1961/6851: https://www.refurbed.de/p/dell-ultrasharp-u4021qw-39/
2025-11-30 02:49:00,381 - INFO - Scraping 1962/6851: https://www.refurbed.de/p/dell-ultrasharp-u4025qw/
2025-11-30 02:49:01,878 - INFO - Scraping 1963/6851: https://www.refurbed.de/p/dell-ultrasharp-u4320q-42-5/
2025-11-30 02:49:03,359 - INFO - Scraping 1964/6851: https://www.refurbed.de/p/dell-ultrasharp-u4323qe/
2025-11-30 02:49:04,755 - INFO - Scraping 1965/6851: https://www.refurbed.de/p/dell-ultrasharp-u4919dw-49/
2025-11-30 02:49:06,288 - INFO - Scraping 1966/6851: https://www.refurbed.de/p/dell-ultrasharp-u4924dw/
2025-11-30 02:49:07,734 - INFO - Scraping 1967/6851: https://www.refurbed.de/p/dell-ultrasharp-up2516d/
2025-11-30 02:49:09,110 - INFO - Scraping 1968/6851: https://www.refurbed.de/p/dell-ultrasharp-up2520d/
2025-11-30 02:49:10,837 - INFO - Scraping 1969/6851: https://www.refurbed.de/p/dell-ultrasharp-up2716d/
2025-11-30 02:49:12,235 - INFO - Scraping 1970/6851: https://www.refurbed.de/p/dell-ultrasharp-up2718q/
2025-11-30 02:49:13,742 - INFO - Scraping 1971/6851: https://www.refurbed.de/p/dell-ultrasharp-up2720q/
2025-11-30 02:49:15,294 - INFO - Scraping 1972/6851: https://www.refurbed.de/p/dell-ultrasharp-up2720qa/
2025-11-30 02:49:16,827 - INFO - Scraping 1973/6851: https://www.refurbed.de/p/dell-ultrasharp-up3017/
2025-11-30 02:49:18,251 - INFO - Scraping 1974/6851: https://www.refurbed.de/p/dell-ultrasharp-up3216q/
2025-11-30 02:49:19,637 - INFO - Scraping 1975/6851: https://www.refurbed.de/p/dell-ultrasharp-up3218k/
2025-11-30 02:49:21,111 - INFO - Scraping 1976/6851: https://www.refurbed.de/p/dell-ultrasharp-up3221q-31-5/
2025-11-30 02:49:22,601 - INFO - Scraping 1977/6851: https://www.refurbed.de/p/dell-ultrathin-s2719dm/
2025-11-30 02:49:24,005 - INFO - Scraping 1978/6851: https://www.refurbed.de/p/dell-universal-dock-ud22/
2025-11-30 02:49:25,477 - INFO - Scraping 1979/6851: https://www.refurbed.de/p/dell-venue-11-pro-5130/
2025-11-30 02:49:25,728 - ERROR - Error fetching https://www.refurbed.de/p/dell-venue-11-pro-5130/: 404 Client Error: Not Found for url: https://www.refurbed.de/p/dell-venue-11-pro-5130/
2025-11-30 02:49:26,731 - INFO - Scraping 1980/6851: https://www.refurbed.de/p/dell-venue-11-pro/
2025-11-30 02:49:26,997 - ERROR - Error fetching https://www.refurbed.de/p/dell-venue-11-pro/: 404 Client Error: Not Found for url: https://www.refurbed.de/p/dell-venue-11-pro/
2025-11-30 02:49:27,999 - INFO - Scraping 1981/6851: https://www.refurbed.de/p/dell-vjch5/
2025-11-30 02:49:29,902 - INFO - Scraping 1982/6851: https://www.refurbed.de/p/dell-vostro-14-3400-1115g4-14/
2025-11-30 02:49:31,354 - INFO - Scraping 1983/6851: https://www.refurbed.de/p/dell-vostro-14-5468-i5-7200u-14/
2025-11-30 02:49:31,620 - ERROR - Error fetching https://www.refurbed.de/p/dell-vostro-14-5468-i5-7200u-14/: 404 Client Error: Not Found for url: https://www.refurbed.de/p/dell-vostro-14-5468-i5-7200u-14/
2025-11-30 02:49:32,622 - INFO - Scraping 1984/6851: https://www.refurbed.de/p/dell-vostro-15-3510-1035g1/
2025-11-30 02:49:34,238 - INFO - Scraping 1985/6851: https://www.refurbed.de/p/dell-vostro-15-3510-i5-1135g7/
2025-11-30 02:49:35,689 - INFO - Scraping 1986/6851: https://www.refurbed.de/p/dell-vostro-15-3515-r-5-3450u/
2025-11-30 02:49:37,104 - INFO - Scraping 1987/6851: https://www.refurbed.de/p/dell-vostro-15-3549-3205u/
2025-11-30 02:49:37,368 - ERROR - Error fetching https://www.refurbed.de/p/dell-vostro-15-3549-3205u/: 404 Client Error: Not Found for url: https://www.refurbed.de/p/dell-vostro-15-3549-3205u/
2025-11-30 02:49:38,370 - INFO - Scraping 1988/6851: https://www.refurbed.de/p/dell-vostro-15-3568-7200u/
2025-11-30 02:49:38,638 - ERROR - Error fetching https://www.refurbed.de/p/dell-vostro-15-3568-7200u/: 404 Client Error: Not Found for url: https://www.refurbed.de/p/dell-vostro-15-3568-7200u/
2025-11-30 02:49:39,640 - INFO - Scraping 1989/6851: https://www.refurbed.de/p/dell-vostro-15-3590-i5-10210u/
2025-11-30 02:49:41,060 - INFO - Scraping 1990/6851: https://www.refurbed.de/p/dell-vostro-15-5415-5-5500u/
2025-11-30 02:49:42,668 - INFO - Scraping 1991/6851: https://www.refurbed.de/p/dell-vostro-15-5501-i7-1065g7/
2025-11-30 02:49:44,118 - INFO - Scraping 1992/6851: https://www.refurbed.de/p/dell-vostro-15-5502-i5-1135g7/
2025-11-30 02:49:45,565 - INFO - Scraping 1993/6851: https://www.refurbed.de/p/dell-vostro-15-5510-i5-11320h/
2025-11-30 02:49:46,967 - INFO - Scraping 1994/6851: https://www.refurbed.de/p/dell-vostro-15-5515-5-5500u/
2025-11-30 02:49:48,431 - INFO - Scraping 1995/6851: https://www.refurbed.de/p/dell-vostro-15-5568-7200u/
2025-11-30 02:49:48,699 - ERROR - Error fetching https://www.refurbed.de/p/dell-vostro-15-5568-7200u/: 404 Client Error: Not Found for url: https://www.refurbed.de/p/dell-vostro-15-5568-7200u/
2025-11-30 02:49:49,701 - INFO - Scraping 1996/6851: https://www.refurbed.de/p/dell-vostro-15-5581-i5-8265u/
2025-11-30 02:49:51,143 - INFO - Scraping 1997/6851: https://www.refurbed.de/p/dell-vostro-15-5590-i5-10210u/
2025-11-30 02:49:52,554 - INFO - Scraping 1998/6851: https://www.refurbed.de/p/dell-vostro-3500-1165g7-15-6/
2025-11-30 02:49:53,989 - INFO - Scraping 1999/6851: https://www.refurbed.de/p/dell-vostro-3500-i5-1135g7/
2025-11-30 02:49:55,603 - INFO - Scraping 2000/6851: https://www.refurbed.de/p/dell-vostro-3591-i5-1035g1/
2025-11-30 02:49:57,027 - INFO - Scraping 2001/6851: https://www.refurbed.de/p/dell-vostro-3681-sff/
2025-11-30 02:49:58,477 - INFO - Scraping 2002/6851: https://www.refurbed.de/p/dell-vostro-3900/
2025-11-30 02:49:58,743 - ERROR - Error fetching https://www.refurbed.de/p/dell-vostro-3900/: 404 Client Error: Not Found for url: https://www.refurbed.de/p/dell-vostro-3900/
2025-11-30 02:49:59,745 - INFO - Scraping 2003/6851: https://www.refurbed.de/p/dell-vostro-5401-i5-1035g1-14/
2025-11-30 02:50:01,178 - INFO - Scraping 2004/6851: https://www.refurbed.de/p/dell-vostro-5402-i7-1165g7-14/
2025-11-30 02:50:02,647 - INFO - Scraping 2005/6851: https://www.refurbed.de/p/dell-vostro-5471-i5-8250u-14/
2025-11-30 02:50:04,139 - INFO - Scraping 2006/6851: https://www.refurbed.de/p/dell-vostro-5490-10510u-14/
2025-11-30 02:50:05,549 - INFO - Scraping 2007/6851: https://www.refurbed.de/p/dell-wireless-dock-d5000/
2025-11-30 02:50:06,991 - INFO - Scraping 2008/6851: https://www.refurbed.de/p/dell-wld15-452-bbus/
2025-11-30 02:50:08,437 - INFO - Scraping 2009/6851: https://www.refurbed.de/p/dell-wyse-5030-pcoip-zero-client/
2025-11-30 02:50:09,822 - INFO - Scraping 2010/6851: https://www.refurbed.de/p/dell-wyse-5070-thin-client/
2025-11-30 02:50:10,101 - ERROR - Error fetching https://www.refurbed.de/p/dell-wyse-5070-thin-client/: 404 Client Error: Not Found for url: https://www.refurbed.de/p/dell-wyse-5070-thin-client/
2025-11-30 02:50:11,103 - INFO - Scraping 2011/6851: https://www.refurbed.de/p/dell-wyse-5212-aio-thin-client/
2025-11-30 02:50:12,492 - INFO - Scraping 2012/6851: https://www.refurbed.de/p/dell-xps-11-9p33-4210y/
2025-11-30 02:50:12,753 - ERROR - Error fetching https://www.refurbed.de/p/dell-xps-11-9p33-4210y/: 404 Client Error: Not Found for url: https://www.refurbed.de/p/dell-xps-11-9p33-4210y/
2025-11-30 02:50:13,755 - INFO - Scraping 2013/6851: https://www.refurbed.de/p/dell-xps-13-2in1-9310-17-1165g7/
2025-11-30 02:50:15,160 - INFO - Scraping 2014/6851: https://www.refurbed.de/p/dell-xps-13-2in1-9365-17-7y75/
2025-11-30 02:50:15,465 - ERROR - Error fetching https://www.refurbed.de/p/dell-xps-13-2in1-9365-17-7y75/: 404 Client Error: Not Found for url: https://www.refurbed.de/p/dell-xps-13-2in1-9365-17-7y75/
2025-11-30 02:50:16,468 - INFO - Scraping 2015/6851: https://www.refurbed.de/p/dell-xps-13-2in1-9365-17-8500u/
2025-11-30 02:50:16,816 - ERROR - Error fetching https://www.refurbed.de/p/dell-xps-13-2in1-9365-17-8500u/: 404 Client Error: Not Found for url: https://www.refurbed.de/p/dell-xps-13-2in1-9365-17-8500u/
2025-11-30 02:50:17,818 - INFO - Scraping 2016/6851: https://www.refurbed.de/p/dell-xps-13-2in1-9365-i5-7y57/
2025-11-30 02:50:18,101 - ERROR - Error fetching https://www.refurbed.de/p/dell-xps-13-2in1-9365-i5-7y57/: 404 Client Error: Not Found for url: https://www.refurbed.de/p/dell-xps-13-2in1-9365-i5-7y57/
2025-11-30 02:50:19,103 - INFO - Scraping 2017/6851: https://www.refurbed.de/p/dell-xps-13-2in1-9365-i5-8200y/
2025-11-30 02:50:20,562 - INFO - Scraping 2018/6851: https://www.refurbed.de/p/dell-xps-13-2in1-9365-i7-8500y/
2025-11-30 02:50:22,003 - INFO - Scraping 2019/6851: https://www.refurbed.de/p/dell-xps-13-7390-10210u/
2025-11-30 02:50:23,692 - INFO - Scraping 2020/6851: https://www.refurbed.de/p/dell-xps-13-7390-10510u/
2025-11-30 02:50:25,789 - INFO - Scraping 2021/6851: https://www.refurbed.de/p/dell-xps-13-7390-1065g7/
2025-11-30 02:50:27,218 - INFO - Scraping 2022/6851: https://www.refurbed.de/p/dell-xps-13-7390-10710u/
2025-11-30 02:50:28,662 - INFO - Scraping 2023/6851: https://www.refurbed.de/p/dell-xps-13-7390-2-in-1-1035g1/
2025-11-30 02:50:30,088 - INFO - Scraping 2024/6851: https://www.refurbed.de/p/dell-xps-13-7390-2-in-1-10510u/
2025-11-30 02:50:31,736 - INFO - Scraping 2025/6851: https://www.refurbed.de/p/dell-xps-13-7390-2-in-1-8350u/
2025-11-30 02:50:33,147 - INFO - Scraping 2026/6851: https://www.refurbed.de/p/dell-xps-13-9300-1065g7-13-4/
2025-11-30 02:50:34,595 - INFO - Scraping 2027/6851: https://www.refurbed.de/p/dell-xps-13-9300-i5-1035g1/
2025-11-30 02:50:36,375 - INFO - Scraping 2028/6851: https://www.refurbed.de/p/dell-xps-13-9305-1135g7-13-3/
2025-11-30 02:50:37,815 - INFO - Scraping 2029/6851: https://www.refurbed.de/p/dell-xps-13-9305-i7-1165g7/
2025-11-30 02:50:39,237 - INFO - Scraping 2030/6851: https://www.refurbed.de/p/dell-xps-13-9310-2-in-1-1165g7/
2025-11-30 02:50:40,683 - INFO - Scraping 2031/6851: https://www.refurbed.de/p/dell-xps-13-9310-2-in-1-1185g7/
2025-11-30 02:50:42,198 - INFO - Scraping 2032/6851: https://www.refurbed.de/p/dell-xps-13-9310-2-in-1-1195g7/
2025-11-30 02:50:43,680 - INFO - Scraping 2033/6851: https://www.refurbed.de/p/dell-xps-13-9310-i5-1135g7-13-4/
2025-11-30 02:50:45,343 - INFO - Scraping 2034/6851: https://www.refurbed.de/p/dell-xps-13-9310-i7-1165g7-13-4/
2025-11-30 02:50:46,860 - INFO - Scraping 2035/6851: https://www.refurbed.de/p/dell-xps-13-9310-i7-1185g7-13-4/
2025-11-30 02:50:48,693 - INFO - Scraping 2036/6851: https://www.refurbed.de/p/dell-xps-13-9310-i7-1195g7-13-4/
2025-11-30 02:50:50,334 - INFO - Scraping 2037/6851: https://www.refurbed.de/p/dell-xps-13-9315-1230u/
2025-11-30 02:50:51,890 - INFO - Scraping 2038/6851: https://www.refurbed.de/p/dell-xps-13-9315-1250u-13-4/
2025-11-30 02:50:53,303 - INFO - Scraping 2039/6851: https://www.refurbed.de/p/dell-xps-13-9315-2-in-1-1230u/
2025-11-30 02:50:54,756 - INFO - Scraping 2040/6851: https://www.refurbed.de/p/dell-xps-13-9315-2-in-1-1250u/
2025-11-30 02:50:56,346 - INFO - Scraping 2041/6851: https://www.refurbed.de/p/dell-xps-13-9333-i5-4200u-13-3/
2025-11-30 02:50:56,703 - ERROR - Error fetching https://www.refurbed.de/p/dell-xps-13-9333-i5-4200u-13-3/: 404 Client Error: Not Found for url: https://www.refurbed.de/p/dell-xps-13-9333-i5-4200u-13-3/
2025-11-30 02:50:57,705 - INFO - Scraping 2042/6851: https://www.refurbed.de/p/dell-xps-13-9333-i5-6200u-13-3/
2025-11-30 02:50:57,981 - ERROR - Error fetching https://www.refurbed.de/p/dell-xps-13-9333-i5-6200u-13-3/: 404 Client Error: Not Found for url: https://www.refurbed.de/p/dell-xps-13-9333-i5-6200u-13-3/
2025-11-30 02:50:58,983 - INFO - Scraping 2043/6851: https://www.refurbed.de/p/dell-xps-13-9333-i7-4650u-13-3/
2025-11-30 02:50:59,250 - ERROR - Error fetching https://www.refurbed.de/p/dell-xps-13-9333-i7-4650u-13-3/: 404 Client Error: Not Found for url: https://www.refurbed.de/p/dell-xps-13-9333-i7-4650u-13-3/
2025-11-30 02:51:00,253 - INFO - Scraping 2044/6851: https://www.refurbed.de/p/dell-xps-13-9343-5200u/
2025-11-30 02:51:00,517 - ERROR - Error fetching https://www.refurbed.de/p/dell-xps-13-9343-5200u/: 404 Client Error: Not Found for url: https://www.refurbed.de/p/dell-xps-13-9343-5200u/
2025-11-30 02:51:01,519 - INFO - Scraping 2045/6851: https://www.refurbed.de/p/dell-xps-13-9350-i5-6200u-13-3/
2025-11-30 02:51:01,809 - ERROR - Error fetching https://www.refurbed.de/p/dell-xps-13-9350-i5-6200u-13-3/: 404 Client Error: Not Found for url: https://www.refurbed.de/p/dell-xps-13-9350-i5-6200u-13-3/
2025-11-30 02:51:02,811 - INFO - Scraping 2046/6851: https://www.refurbed.de/p/dell-xps-13-9350-i7-6500u/
2025-11-30 02:51:03,325 - ERROR - Error fetching https://www.refurbed.de/p/dell-xps-13-9350-i7-6500u/: 404 Client Error: Not Found for url: https://www.refurbed.de/p/dell-xps-13-9350-i7-6500u/
2025-11-30 02:51:04,327 - INFO - Scraping 2047/6851: https://www.refurbed.de/p/dell-xps-13-9350-i7-6560u-13-3/
2025-11-30 02:51:04,639 - ERROR - Error fetching https://www.refurbed.de/p/dell-xps-13-9350-i7-6560u-13-3/: 404 Client Error: Not Found for url: https://www.refurbed.de/p/dell-xps-13-9350-i7-6560u-13-3/
2025-11-30 02:51:05,642 - INFO - Scraping 2048/6851: https://www.refurbed.de/p/dell-xps-13-9360-7200u/
2025-11-30 02:51:05,896 - ERROR - Error fetching https://www.refurbed.de/p/dell-xps-13-9360-7200u/: 404 Client Error: Not Found for url: https://www.refurbed.de/p/dell-xps-13-9360-7200u/
2025-11-30 02:51:06,898 - INFO - Scraping 2049/6851: https://www.refurbed.de/p/dell-xps-13-9360-i5-8250u-13-3/
2025-11-30 02:51:08,344 - INFO - Scraping 2050/6851: https://www.refurbed.de/p/dell-xps-13-9360-i7-7500u/
2025-11-30 02:51:08,812 - ERROR - Error fetching https://www.refurbed.de/p/dell-xps-13-9360-i7-7500u/: 404 Client Error: Not Found for url: https://www.refurbed.de/p/dell-xps-13-9360-i7-7500u/
2025-11-30 02:51:09,814 - INFO - Scraping 2051/6851: https://www.refurbed.de/p/dell-xps-13-9360-i7-7560u-13-3/
2025-11-30 02:51:10,099 - ERROR - Error fetching https://www.refurbed.de/p/dell-xps-13-9360-i7-7560u-13-3/: 404 Client Error: Not Found for url: https://www.refurbed.de/p/dell-xps-13-9360-i7-7560u-13-3/
2025-11-30 02:51:11,101 - INFO - Scraping 2052/6851: https://www.refurbed.de/p/dell-xps-13-9360-i7-8550u-13-3/
2025-11-30 02:51:12,515 - INFO - Scraping 2053/6851: https://www.refurbed.de/p/dell-xps-13-9370-i5-8250u-13-3/
2025-11-30 02:51:14,144 - INFO - Scraping 2054/6851: https://www.refurbed.de/p/dell-xps-13-9370-i5-8350u-13-3/
2025-11-30 02:51:15,559 - INFO - Scraping 2055/6851: https://www.refurbed.de/p/dell-xps-13-9370-i7-8550u-13-3/
2025-11-30 02:51:17,397 - INFO - Scraping 2056/6851: https://www.refurbed.de/p/dell-xps-13-9370-i7-8650u-13-3/
2025-11-30 02:51:18,843 - INFO - Scraping 2057/6851: https://www.refurbed.de/p/dell-xps-13-9380-i5-8265u-13-3/
2025-11-30 02:51:20,417 - INFO - Scraping 2058/6851: https://www.refurbed.de/p/dell-xps-13-9380-i5-8365u-13-3/
2025-11-30 02:51:21,905 - INFO - Scraping 2059/6851: https://www.refurbed.de/p/dell-xps-13-9380-i7-10710u/
2025-11-30 02:51:23,525 - INFO - Scraping 2060/6851: https://www.refurbed.de/p/dell-xps-13-9380-i7-8565u/
2025-11-30 02:51:25,200 - INFO - Scraping 2061/6851: https://www.refurbed.de/p/dell-xps-13-9380-i7-8665u/
2025-11-30 02:51:26,694 - INFO - Scraping 2062/6851: https://www.refurbed.de/p/dell-xps-13-plus-9320-1240p/
2025-11-30 02:51:28,143 - INFO - Scraping 2063/6851: https://www.refurbed.de/p/dell-xps-13-plus-9320-1260p/
2025-11-30 02:51:29,668 - INFO - Scraping 2064/6851: https://www.refurbed.de/p/dell-xps-13-plus-9320-i7-1280p/
2025-11-30 02:51:31,153 - INFO - Scraping 2065/6851: https://www.refurbed.de/p/dell-xps-15-7590-i5-9300h-15/
2025-11-30 02:51:32,705 - INFO - Scraping 2066/6851: https://www.refurbed.de/p/dell-xps-15-7590-i7-9750h-15/
2025-11-30 02:51:34,209 - INFO - Scraping 2067/6851: https://www.refurbed.de/p/dell-xps-15-7590-i9-9980hk/
2025-11-30 02:51:35,618 - INFO - Scraping 2068/6851: https://www.refurbed.de/p/dell-xps-15-9500-10750h-15-6/
2025-11-30 02:51:37,053 - INFO - Scraping 2069/6851: https://www.refurbed.de/p/dell-xps-15-9500-i5-10300h/
2025-11-30 02:51:38,585 - INFO - Scraping 2070/6851: https://www.refurbed.de/p/dell-xps-15-9500-i7-10875h/
2025-11-30 02:51:40,008 - INFO - Scraping 2071/6851: https://www.refurbed.de/p/dell-xps-15-9500-i9-10885h/
2025-11-30 02:51:41,433 - INFO - Scraping 2072/6851: https://www.refurbed.de/p/dell-xps-15-9510-11900h-15-6/
2025-11-30 02:51:42,868 - INFO - Scraping 2073/6851: https://www.refurbed.de/p/dell-xps-15-9510-i7-11800h-15-6/
2025-11-30 02:51:44,413 - INFO - Scraping 2074/6851: https://www.refurbed.de/p/dell-xps-15-9520-12700h-15-6/
2025-11-30 02:51:46,076 - INFO - Scraping 2075/6851: https://www.refurbed.de/p/dell-xps-15-9530-13700h-15-6/
2025-11-30 02:51:47,619 - INFO - Scraping 2076/6851: https://www.refurbed.de/p/dell-xps-15-9550-i5-6300hq-15-6/
2025-11-30 02:51:47,877 - ERROR - Error fetching https://www.refurbed.de/p/dell-xps-15-9550-i5-6300hq-15-6/: 404 Client Error: Not Found for url: https://www.refurbed.de/p/dell-xps-15-9550-i5-6300hq-15-6/
2025-11-30 02:51:48,879 - INFO - Scraping 2077/6851: https://www.refurbed.de/p/dell-xps-15-9550-i7-6700hq-15-6/
2025-11-30 02:51:49,161 - ERROR - Error fetching https://www.refurbed.de/p/dell-xps-15-9550-i7-6700hq-15-6/: 404 Client Error: Not Found for url: https://www.refurbed.de/p/dell-xps-15-9550-i7-6700hq-15-6/
2025-11-30 02:51:50,163 - INFO - Scraping 2078/6851: https://www.refurbed.de/p/dell-xps-15-9560-15-6-i7-7700hq/
2025-11-30 02:51:50,500 - ERROR - Error fetching https://www.refurbed.de/p/dell-xps-15-9560-15-6-i7-7700hq/: 404 Client Error: Not Found for url: https://www.refurbed.de/p/dell-xps-15-9560-15-6-i7-7700hq/
2025-11-30 02:51:51,503 - INFO - Scraping 2079/6851: https://www.refurbed.de/p/dell-xps-15-9570-8300h-15-6/
2025-11-30 02:51:52,926 - INFO - Scraping 2080/6851: https://www.refurbed.de/p/dell-xps-15-9570-8750h-15-6/
2025-11-30 02:51:54,476 - INFO - Scraping 2081/6851: https://www.refurbed.de/p/dell-xps-15-9570-i9-8950hk/
2025-11-30 02:51:56,075 - INFO - Scraping 2082/6851: https://www.refurbed.de/p/dell-xps-15-9575-8305g/
2025-11-30 02:51:57,490 - INFO - Scraping 2083/6851: https://www.refurbed.de/p/dell-xps-15-9575-i7-8705g/
2025-11-30 02:51:58,981 - INFO - Scraping 2084/6851: https://www.refurbed.de/p/dell-xps-16-9640-7-155h-16-3/
2025-11-30 02:52:00,394 - INFO - Scraping 2085/6851: https://www.refurbed.de/p/dell-xps-17-9700-i5-10300h/
2025-11-30 02:52:01,788 - INFO - Scraping 2086/6851: https://www.refurbed.de/p/dell-xps-17-9700-i7-10875h/
2025-11-30 02:52:03,212 - INFO - Scraping 2087/6851: https://www.refurbed.de/p/dell-xps-17-9710-i7-11800h/
2025-11-30 02:52:04,844 - INFO - Scraping 2088/6851: https://www.refurbed.de/p/dell-xps-17-9710-i9-11900h/
2025-11-30 02:52:06,652 - INFO - Scraping 2089/6851: https://www.refurbed.de/p/dell-xps-17-9720-i7-12700h/
2025-11-30 02:52:08,147 - INFO - Scraping 2090/6851: https://www.refurbed.de/p/dell-xyt17/
2025-11-30 02:52:09,545 - INFO - Scraping 2091/6851: https://www.refurbed.de/p/delonghi-ecam-350-35-w-dinami-ew/
2025-11-30 02:52:11,017 - INFO - Scraping 2092/6851: https://www.refurbed.de/p/delonghi-ecam-350-55-b-dinami-ew/
2025-11-30 02:52:12,665 - INFO - Scraping 2093/6851: https://www.refurbed.de/p/delonghi-ecam-358-15-r-dinami-ew/
2025-11-30 02:52:14,074 - INFO - Scraping 2094/6851: https://www.refurbed.de/p/dyson-cyclone-v10-motorhead/
2025-11-30 02:52:15,483 - INFO - Scraping 2095/6851: https://www.refurbed.de/p/dyson-v11-motorhead/
2025-11-30 02:52:17,061 - INFO - Scraping 2096/6851: https://www.refurbed.de/p/dyson-v12-slim-motorhead/
2025-11-30 02:52:18,534 - INFO - Scraping 2097/6851: https://www.refurbed.de/p/dyson-v8-motorhead-282088/
2025-11-30 02:52:20,026 - INFO - Scraping 2098/6851: https://www.refurbed.de/p/ecowings-laptop-bag-eagle/
2025-11-30 02:52:21,414 - INFO - Scraping 2099/6851: https://www.refurbed.de/p/ecowings-laptop-bag-peacock/
2025-11-30 02:52:22,860 - INFO - Scraping 2100/6851: https://www.refurbed.de/p/elektra-bregenz-mi-65401-sx/
2025-11-30 02:52:24,263 - INFO - Scraping 2101/6851: https://www.refurbed.de/p/emporia-iomi-bluetooth/
2025-11-30 02:52:25,695 - INFO - Scraping 2102/6851: https://www.refurbed.de/p/emporia-tablet-10-1/
2025-11-30 02:52:27,185 - INFO - Scraping 2103/6851: https://www.refurbed.de/p/fujitsu-display-b22w-6-22/
2025-11-30 02:52:28,812 - INFO - Scraping 2104/6851: https://www.refurbed.de/p/fujitsu-display-b24-8-te-pro-23-/
2025-11-30 02:52:30,457 - INFO - Scraping 2105/6851: https://www.refurbed.de/p/fujitsu-display-b24-9-te-23/
2025-11-30 02:52:32,060 - INFO - Scraping 2106/6851: https://www.refurbed.de/p/fujitsu-display-b24w-5-24/
2025-11-30 02:52:33,504 - INFO - Scraping 2107/6851: https://www.refurbed.de/p/fujitsu-display-b24w-6-24/
2025-11-30 02:52:34,959 - INFO - Scraping 2108/6851: https://www.refurbed.de/p/fujitsu-display-b24w-7-led/
2025-11-30 02:52:36,667 - INFO - Scraping 2109/6851: https://www.refurbed.de/p/fujitsu-lb-t935-2-in-1-tab-5600u/
2025-11-30 02:52:36,925 - ERROR - Error fetching https://www.refurbed.de/p/fujitsu-lb-t935-2-in-1-tab-5600u/: 404 Client Error: Not Found for url: https://www.refurbed.de/p/fujitsu-lb-t935-2-in-1-tab-5600u/
2025-11-30 02:52:37,927 - INFO - Scraping 2110/6851: https://www.refurbed.de/p/fujitsu-lb-t936-2-in-1-tab-6300u/
2025-11-30 02:52:38,380 - ERROR - Error fetching https://www.refurbed.de/p/fujitsu-lb-t936-2-in-1-tab-6300u/: 404 Client Error: Not Found for url: https://www.refurbed.de/p/fujitsu-lb-t936-2-in-1-tab-6300u/
2025-11-30 02:52:39,382 - INFO - Scraping 2111/6851: https://www.refurbed.de/p/galaxy-tab-s6-lite-s-pen/
2025-11-30 02:52:40,897 - INFO - Scraping 2112/6851: https://www.refurbed.de/p/garmin-vivoactive-3-music/
2025-11-30 02:52:42,353 - INFO - Scraping 2113/6851: https://www.refurbed.de/p/garmin-vivoactive-3/
2025-11-30 02:52:43,757 - INFO - Scraping 2114/6851: https://www.refurbed.de/p/garmin-vivoactive-4/
2025-11-30 02:52:45,247 - INFO - Scraping 2115/6851: https://www.refurbed.de/p/garmin-vivoactive-4s/
2025-11-30 02:52:46,737 - INFO - Scraping 2116/6851: https://www.refurbed.de/p/garmin-vivoactive-hr/
2025-11-30 02:52:48,161 - INFO - Scraping 2117/6851: https://www.refurbed.de/p/garmin-vivofit-4/
2025-11-30 02:52:49,891 - INFO - Scraping 2118/6851: https://www.refurbed.de/p/garmin-vivofit-jr/
2025-11-30 02:52:51,299 - INFO - Scraping 2119/6851: https://www.refurbed.de/p/garmin-vivomove-3/
2025-11-30 02:52:52,754 - INFO - Scraping 2120/6851: https://www.refurbed.de/p/garmin-vivomove-3s/
2025-11-30 02:52:54,254 - INFO - Scraping 2121/6851: https://www.refurbed.de/p/garmin-vivomove-hr-sport/
2025-11-30 02:52:55,677 - INFO - Scraping 2122/6851: https://www.refurbed.de/p/garmin-vivomove-luxe/
2025-11-30 02:52:57,276 - INFO - Scraping 2123/6851: https://www.refurbed.de/p/garmin-vivomove-sport/
2025-11-30 02:52:58,693 - INFO - Scraping 2124/6851: https://www.refurbed.de/p/garmin-vivomove-style/
2025-11-30 02:53:00,136 - INFO - Scraping 2125/6851: https://www.refurbed.de/p/garmin-vivosmart-3/
2025-11-30 02:53:01,526 - INFO - Scraping 2126/6851: https://www.refurbed.de/p/garmin-vivosmart-4/
2025-11-30 02:53:03,042 - INFO - Scraping 2127/6851: https://www.refurbed.de/p/garmin-vivosmart-hr-fitness-trac/
2025-11-30 02:53:04,444 - INFO - Scraping 2128/6851: https://www.refurbed.de/p/google-pixel-2-xl/
2025-11-30 02:53:06,459 - INFO - Scraping 2129/6851: https://www.refurbed.de/p/google-pixel-2/
2025-11-30 02:53:07,882 - INFO - Scraping 2130/6851: https://www.refurbed.de/p/google-pixel-3-xl/
2025-11-30 02:53:09,539 - INFO - Scraping 2131/6851: https://www.refurbed.de/p/google-pixel-3/
2025-11-30 02:53:11,227 - INFO - Scraping 2132/6851: https://www.refurbed.de/p/google-pixel-3a-xl/
2025-11-30 02:53:12,855 - INFO - Scraping 2133/6851: https://www.refurbed.de/p/google-pixel-3a/
2025-11-30 02:53:14,393 - INFO - Scraping 2134/6851: https://www.refurbed.de/p/google-pixel-4-xl/
2025-11-30 02:53:16,035 - INFO - Scraping 2135/6851: https://www.refurbed.de/p/google-pixel-4/
2025-11-30 02:53:17,821 - INFO - Scraping 2136/6851: https://www.refurbed.de/p/google-pixel-4a-5g/
2025-11-30 02:53:19,459 - INFO - Scraping 2137/6851: https://www.refurbed.de/p/google-pixel-4a/
2025-11-30 02:53:21,209 - INFO - Scraping 2138/6851: https://www.refurbed.de/p/google-pixel-5/
2025-11-30 02:53:22,624 - INFO - Scraping 2139/6851: https://www.refurbed.de/p/google-pixel-6-pro/
2025-11-30 02:53:24,232 - INFO - Scraping 2140/6851: https://www.refurbed.de/p/google-pixel-6/
2025-11-30 02:53:25,852 - INFO - Scraping 2141/6851: https://www.refurbed.de/p/google-pixel-6a-5g/
2025-11-30 02:53:27,445 - INFO - Scraping 2142/6851: https://www.refurbed.de/p/google-pixel-7-pro/
2025-11-30 02:53:29,274 - INFO - Scraping 2143/6851: https://www.refurbed.de/p/google-pixel-7/
2025-11-30 02:53:31,125 - INFO - Scraping 2144/6851: https://www.refurbed.de/p/google-pixel-7a/
2025-11-30 02:53:32,811 - INFO - Scraping 2145/6851: https://www.refurbed.de/p/google-pixel-8-pro/
2025-11-30 02:53:34,289 - INFO - Scraping 2146/6851: https://www.refurbed.de/p/google-pixel-8/
2025-11-30 02:53:35,757 - INFO - Scraping 2147/6851: https://www.refurbed.de/p/google-pixel-8a/
2025-11-30 02:53:37,309 - INFO - Scraping 2148/6851: https://www.refurbed.de/p/google-pixel-9-pro-fold/
2025-11-30 02:53:38,953 - INFO - Scraping 2149/6851: https://www.refurbed.de/p/google-pixel-9-pro-xl/
2025-11-30 02:53:40,829 - INFO - Scraping 2150/6851: https://www.refurbed.de/p/google-pixel-9-pro/
2025-11-30 02:53:42,360 - INFO - Scraping 2151/6851: https://www.refurbed.de/p/google-pixel-9/
2025-11-30 02:53:44,182 - INFO - Scraping 2152/6851: https://www.refurbed.de/p/google-pixel-9a/
2025-11-30 02:53:45,817 - INFO - Scraping 2153/6851: https://www.refurbed.de/p/google-pixel-buds-a-series/
2025-11-30 02:53:47,354 - INFO - Scraping 2154/6851: https://www.refurbed.de/p/google-pixel-buds-pro-2/
2025-11-30 02:53:48,792 - INFO - Scraping 2155/6851: https://www.refurbed.de/p/google-pixel-buds-pro/
2025-11-30 02:53:50,230 - INFO - Scraping 2156/6851: https://www.refurbed.de/p/google-pixel-fold/
2025-11-30 02:53:51,832 - INFO - Scraping 2157/6851: https://www.refurbed.de/p/google-pixel-tablet-tensor-g2/
2025-11-30 02:53:53,343 - INFO - Scraping 2158/6851: https://www.refurbed.de/p/google-pixel-xl/
2025-11-30 02:53:54,927 - INFO - Scraping 2159/6851: https://www.refurbed.de/p/google-pixel/
2025-11-30 02:53:56,336 - INFO - Scraping 2160/6851: https://www.refurbed.de/p/google-pixelbook-go-i5-8200y/
2025-11-30 02:53:57,772 - INFO - Scraping 2161/6851: https://www.refurbed.de/p/google-pixelbook-i5-7y57/
2025-11-30 02:53:59,229 - INFO - Scraping 2162/6851: https://www.refurbed.de/p/holdit-panzerglass-ipad-bundle/
2025-11-30 02:54:00,668 - INFO - Scraping 2163/6851: https://www.refurbed.de/p/holdit-recycled-laptop-sleeve/
2025-11-30 02:54:02,117 - INFO - Scraping 2164/6851: https://www.refurbed.de/p/honor-10-lite/
2025-11-30 02:54:03,706 - INFO - Scraping 2165/6851: https://www.refurbed.de/p/honor-10/
2025-11-30 02:54:05,342 - INFO - Scraping 2166/6851: https://www.refurbed.de/p/honor-10x-lite/
2025-11-30 02:54:06,797 - INFO - Scraping 2167/6851: https://www.refurbed.de/p/honor-20-lite/
2025-11-30 02:54:08,371 - INFO - Scraping 2168/6851: https://www.refurbed.de/p/honor-20-pro/
2025-11-30 02:54:10,002 - INFO - Scraping 2169/6851: https://www.refurbed.de/p/honor-20/
2025-11-30 02:54:11,563 - INFO - Scraping 2170/6851: https://www.refurbed.de/p/honor-200-lite/
2025-11-30 02:54:13,164 - INFO - Scraping 2171/6851: https://www.refurbed.de/p/honor-200-pro/
2025-11-30 02:54:14,671 - INFO - Scraping 2172/6851: https://www.refurbed.de/p/honor-200-smart/
2025-11-30 02:54:16,391 - INFO - Scraping 2173/6851: https://www.refurbed.de/p/honor-200/
2025-11-30 02:54:17,981 - INFO - Scraping 2174/6851: https://www.refurbed.de/p/honor-20e/
2025-11-30 02:54:19,416 - INFO - Scraping 2175/6851: https://www.refurbed.de/p/honor-4x/
2025-11-30 02:54:20,850 - INFO - Scraping 2176/6851: https://www.refurbed.de/p/honor-50-lite/
2025-11-30 02:54:22,463 - INFO - Scraping 2177/6851: https://www.refurbed.de/p/honor-50/
2025-11-30 02:54:24,101 - INFO - Scraping 2178/6851: https://www.refurbed.de/p/honor-5c/
2025-11-30 02:54:25,530 - INFO - Scraping 2179/6851: https://www.refurbed.de/p/honor-5x/
2025-11-30 02:54:26,979 - INFO - Scraping 2180/6851: https://www.refurbed.de/p/honor-6/
2025-11-30 02:54:28,449 - INFO - Scraping 2181/6851: https://www.refurbed.de/p/honor-6a/
2025-11-30 02:54:30,111 - INFO - Scraping 2182/6851: https://www.refurbed.de/p/honor-6x/
2025-11-30 02:54:31,978 - INFO - Scraping 2183/6851: https://www.refurbed.de/p/honor-7-lite/
2025-11-30 02:54:33,399 - INFO - Scraping 2184/6851: https://www.refurbed.de/p/honor-7/
2025-11-30 02:54:34,871 - INFO - Scraping 2185/6851: https://www.refurbed.de/p/honor-70-lite/
2025-11-30 02:54:36,857 - INFO - Scraping 2186/6851: https://www.refurbed.de/p/honor-70/
2025-11-30 02:54:38,414 - INFO - Scraping 2187/6851: https://www.refurbed.de/p/honor-7s/
2025-11-30 02:54:39,900 - INFO - Scraping 2188/6851: https://www.refurbed.de/p/honor-7x/
2025-11-30 02:54:41,393 - INFO - Scraping 2189/6851: https://www.refurbed.de/p/honor-8-lite/
2025-11-30 02:54:42,815 - INFO - Scraping 2190/6851: https://www.refurbed.de/p/honor-8-premium/
2025-11-30 02:54:44,232 - INFO - Scraping 2191/6851: https://www.refurbed.de/p/honor-8-pro/
2025-11-30 02:54:45,847 - INFO - Scraping 2192/6851: https://www.refurbed.de/p/honor-8/
2025-11-30 02:54:47,643 - INFO - Scraping 2193/6851: https://www.refurbed.de/p/honor-8a-pro/
2025-11-30 02:54:49,069 - INFO - Scraping 2194/6851: https://www.refurbed.de/p/honor-8a/
2025-11-30 02:54:50,524 - INFO - Scraping 2195/6851: https://www.refurbed.de/p/honor-8s/
2025-11-30 02:54:51,975 - INFO - Scraping 2196/6851: https://www.refurbed.de/p/honor-8x/
2025-11-30 02:54:53,633 - INFO - Scraping 2197/6851: https://www.refurbed.de/p/honor-9-lite/
2025-11-30 02:54:55,207 - INFO - Scraping 2198/6851: https://www.refurbed.de/p/honor-9/
2025-11-30 02:54:56,847 - INFO - Scraping 2199/6851: https://www.refurbed.de/p/honor-90-lite/
2025-11-30 02:54:58,473 - INFO - Scraping 2200/6851: https://www.refurbed.de/p/honor-90-smart/
2025-11-30 02:55:00,038 - INFO - Scraping 2201/6851: https://www.refurbed.de/p/honor-90/
2025-11-30 02:55:01,856 - INFO - Scraping 2202/6851: https://www.refurbed.de/p/honor-9x-pro/
2025-11-30 02:55:03,695 - INFO - Scraping 2203/6851: https://www.refurbed.de/p/honor-9x/
2025-11-30 02:55:05,362 - INFO - Scraping 2204/6851: https://www.refurbed.de/p/honor-magic-4-lite-5g/
2025-11-30 02:55:06,942 - INFO - Scraping 2205/6851: https://www.refurbed.de/p/honor-magic-4-pro-5g/
2025-11-30 02:55:08,609 - INFO - Scraping 2206/6851: https://www.refurbed.de/p/honor-magic-5-lite-5g/
2025-11-30 02:55:10,405 - INFO - Scraping 2207/6851: https://www.refurbed.de/p/honor-magic-5-pro-5g/
2025-11-30 02:55:11,976 - INFO - Scraping 2208/6851: https://www.refurbed.de/p/honor-magic-6-lite-5g/
2025-11-30 02:55:13,546 - INFO - Scraping 2209/6851: https://www.refurbed.de/p/honor-magic-6-pro/
2025-11-30 02:55:15,169 - INFO - Scraping 2210/6851: https://www.refurbed.de/p/honor-magic-7-lite-5g/
2025-11-30 02:55:17,085 - INFO - Scraping 2211/6851: https://www.refurbed.de/p/honor-magic-7-pro/
2025-11-30 02:55:18,654 - INFO - Scraping 2212/6851: https://www.refurbed.de/p/honor-magic-v2/
2025-11-30 02:55:20,272 - INFO - Scraping 2213/6851: https://www.refurbed.de/p/honor-magic-v3/
2025-11-30 02:55:21,840 - INFO - Scraping 2214/6851: https://www.refurbed.de/p/honor-magic-vs/
2025-11-30 02:55:23,413 - INFO - Scraping 2215/6851: https://www.refurbed.de/p/honor-magicbook-14-2021-1135g7/
2025-11-30 02:55:24,982 - INFO - Scraping 2216/6851: https://www.refurbed.de/p/honor-magicbook-14-2021-1165g7/
2025-11-30 02:55:26,429 - INFO - Scraping 2217/6851: https://www.refurbed.de/p/honor-magicbook-14-2021-5500u/
2025-11-30 02:55:27,824 - INFO - Scraping 2218/6851: https://www.refurbed.de/p/honor-magicbook-14-5-3500u-14/
2025-11-30 02:55:29,234 - INFO - Scraping 2219/6851: https://www.refurbed.de/p/honor-magicbook-15-2020-4500u/
2025-11-30 02:55:30,628 - INFO - Scraping 2220/6851: https://www.refurbed.de/p/honor-magicbook-15-2020-5500u/
2025-11-30 02:55:32,076 - INFO - Scraping 2221/6851: https://www.refurbed.de/p/honor-magicbook-15-2021-1135g7/
2025-11-30 02:55:33,598 - INFO - Scraping 2222/6851: https://www.refurbed.de/p/honor-magicbook-16-2022-5600h/
2025-11-30 02:55:35,029 - INFO - Scraping 2223/6851: https://www.refurbed.de/p/honor-magicbook-pro-5-4600h-16/
2025-11-30 02:55:36,471 - INFO - Scraping 2224/6851: https://www.refurbed.de/p/honor-magicbook-x-14-10110u/
2025-11-30 02:55:37,879 - INFO - Scraping 2225/6851: https://www.refurbed.de/p/honor-magicbook-x-14-10210u/
2025-11-30 02:55:39,520 - INFO - Scraping 2226/6851: https://www.refurbed.de/p/honor-magicbook-x15-i3-10110u/
2025-11-30 02:55:41,076 - INFO - Scraping 2227/6851: https://www.refurbed.de/p/honor-nova-3/
2025-11-30 02:55:42,477 - INFO - Scraping 2228/6851: https://www.refurbed.de/p/honor-pad-8/
2025-11-30 02:55:44,121 - INFO - Scraping 2229/6851: https://www.refurbed.de/p/honor-pad-9-5g/
2025-11-30 02:55:45,684 - INFO - Scraping 2230/6851: https://www.refurbed.de/p/honor-pad-9-smart-bluetooth-kb/
2025-11-30 02:55:47,160 - INFO - Scraping 2231/6851: https://www.refurbed.de/p/honor-pad-9/
2025-11-30 02:55:48,636 - INFO - Scraping 2232/6851: https://www.refurbed.de/p/honor-pad-x8-4g/
2025-11-30 02:55:50,061 - INFO - Scraping 2233/6851: https://www.refurbed.de/p/honor-pad-x8/
2025-11-30 02:55:51,658 - INFO - Scraping 2234/6851: https://www.refurbed.de/p/honor-pad-x8a-4g/
2025-11-30 02:55:53,171 - INFO - Scraping 2235/6851: https://www.refurbed.de/p/honor-pad-x8a/
2025-11-30 02:55:54,813 - INFO - Scraping 2236/6851: https://www.refurbed.de/p/honor-pad-x9-lte/
2025-11-30 02:55:56,245 - INFO - Scraping 2237/6851: https://www.refurbed.de/p/honor-pad-x9/
2025-11-30 02:55:57,654 - INFO - Scraping 2238/6851: https://www.refurbed.de/p/honor-play/
2025-11-30 02:55:59,094 - INFO - Scraping 2239/6851: https://www.refurbed.de/p/honor-sport-am61r/
2025-11-30 02:56:00,551 - INFO - Scraping 2240/6851: https://www.refurbed.de/p/honor-supercharge-wireless-stand/
2025-11-30 02:56:01,975 - INFO - Scraping 2241/6851: https://www.refurbed.de/p/honor-supercharge/
2025-11-30 02:56:03,523 - INFO - Scraping 2242/6851: https://www.refurbed.de/p/honor-view-10/
2025-11-30 02:56:05,171 - INFO - Scraping 2243/6851: https://www.refurbed.de/p/honor-view-20/
2025-11-30 02:56:06,756 - INFO - Scraping 2244/6851: https://www.refurbed.de/p/honor-x6/
2025-11-30 02:56:08,400 - INFO - Scraping 2245/6851: https://www.refurbed.de/p/honor-x6a/
2025-11-30 02:56:09,995 - INFO - Scraping 2246/6851: https://www.refurbed.de/p/honor-x6b/
2025-11-30 02:56:11,443 - INFO - Scraping 2247/6851: https://www.refurbed.de/p/honor-x7/
2025-11-30 02:56:13,148 - INFO - Scraping 2248/6851: https://www.refurbed.de/p/honor-x7a/
2025-11-30 02:56:14,754 - INFO - Scraping 2249/6851: https://www.refurbed.de/p/honor-x8-5g/
2025-11-30 02:56:16,340 - INFO - Scraping 2250/6851: https://www.refurbed.de/p/honor-x8/
2025-11-30 02:56:17,933 - INFO - Scraping 2251/6851: https://www.refurbed.de/p/honor-x8a/
2025-11-30 02:56:19,538 - INFO - Scraping 2252/6851: https://www.refurbed.de/p/honor-x8b/
2025-11-30 02:56:21,579 - INFO - Scraping 2253/6851: https://www.refurbed.de/p/honor-x9-5g/
2025-11-30 02:56:23,017 - INFO - Scraping 2254/6851: https://www.refurbed.de/p/honor-x9a-5g/
2025-11-30 02:56:23,319 - ERROR - Error fetching https://www.refurbed.de/p/honor-x9a-5g/: 404 Client Error: Not Found for url: https://www.refurbed.de/p/honor-x9a-5g/
2025-11-30 02:56:24,321 - INFO - Scraping 2255/6851: https://www.refurbed.de/p/hori-horipad-controller-mario/
2025-11-30 02:56:25,763 - INFO - Scraping 2256/6851: https://www.refurbed.de/p/hp-1040-g11-core-ultra-7-155h/
2025-11-30 02:56:27,282 - INFO - Scraping 2257/6851: https://www.refurbed.de/p/hp-13-an0506sa-i5-8250u/
2025-11-30 02:56:27,653 - ERROR - Error fetching https://www.refurbed.de/p/hp-13-an0506sa-i5-8250u/: 404 Client Error: Not Found for url: https://www.refurbed.de/p/hp-13-an0506sa-i5-8250u/
2025-11-30 02:56:28,655 - INFO - Scraping 2258/6851: https://www.refurbed.de/p/hp-14-ac003nf-i3-4005u-14/
2025-11-30 02:56:28,923 - ERROR - Error fetching https://www.refurbed.de/p/hp-14-ac003nf-i3-4005u-14/: 404 Client Error: Not Found for url: https://www.refurbed.de/p/hp-14-ac003nf-i3-4005u-14/
2025-11-30 02:56:29,925 - INFO - Scraping 2259/6851: https://www.refurbed.de/p/hp-14-cf1599sa-i5-8265u/
2025-11-30 02:56:30,193 - ERROR - Error fetching https://www.refurbed.de/p/hp-14-cf1599sa-i5-8265u/: 404 Client Error: Not Found for url: https://www.refurbed.de/p/hp-14-cf1599sa-i5-8265u/
2025-11-30 02:56:31,196 - INFO - Scraping 2260/6851: https://www.refurbed.de/p/hp-14-cf2423no-i3-10110u/
2025-11-30 02:56:32,731 - INFO - Scraping 2261/6851: https://www.refurbed.de/p/hp-14-cf3001-1035g1/
2025-11-30 02:56:34,176 - INFO - Scraping 2262/6851: https://www.refurbed.de/p/hp-14-df0023cl-8130u-14/
2025-11-30 02:56:35,606 - INFO - Scraping 2263/6851: https://www.refurbed.de/p/hp-14-dk1730ng-3250u-14/
2025-11-30 02:56:37,007 - INFO - Scraping 2264/6851: https://www.refurbed.de/p/hp-14-dq1035cl-i5-1035g1/
2025-11-30 02:56:37,280 - ERROR - Error fetching https://www.refurbed.de/p/hp-14-dq1035cl-i5-1035g1/: 404 Client Error: Not Found for url: https://www.refurbed.de/p/hp-14-dq1035cl-i5-1035g1/
2025-11-30 02:56:38,282 - INFO - Scraping 2265/6851: https://www.refurbed.de/p/hp-14-dq1043cl-1005g1/
2025-11-30 02:56:39,847 - INFO - Scraping 2266/6851: https://www.refurbed.de/p/hp-14-ee-i3-1315u-14/
2025-11-30 02:56:41,356 - INFO - Scraping 2267/6851: https://www.refurbed.de/p/hp-14-ee-i5-1335u/
2025-11-30 02:56:42,818 - INFO - Scraping 2268/6851: https://www.refurbed.de/p/hp-14-em-ryzen-3-7320u-14/
2025-11-30 02:56:44,246 - INFO - Scraping 2269/6851: https://www.refurbed.de/p/hp-14-em0000nf-r-7-7730u/
2025-11-30 02:56:45,657 - INFO - Scraping 2270/6851: https://www.refurbed.de/p/hp-14-em0001ne-3-7320u-14/
2025-11-30 02:56:47,134 - INFO - Scraping 2271/6851: https://www.refurbed.de/p/hp-14-em0002ne-5-7520u-14/
2025-11-30 02:56:48,578 - INFO - Scraping 2272/6851: https://www.refurbed.de/p/hp-14-em0005na-r-7-7730u/
2025-11-30 02:56:49,990 - INFO - Scraping 2273/6851: https://www.refurbed.de/p/hp-14-em0014ne-ryzen-7-7730u-14/
2025-11-30 02:56:51,414 - INFO - Scraping 2274/6851: https://www.refurbed.de/p/hp-14-em0015na-ryzen-5-7520u/
2025-11-30 02:56:52,832 - INFO - Scraping 2275/6851: https://www.refurbed.de/p/hp-14-em0016na-ryzen-5-7520u/
2025-11-30 02:56:54,303 - INFO - Scraping 2276/6851: https://www.refurbed.de/p/hp-14-em0017ne-ryzen-5-7520u/
2025-11-30 02:56:55,804 - INFO - Scraping 2277/6851: https://www.refurbed.de/p/hp-14-em0032nf-ryzen-7-7730u/
2025-11-30 02:56:57,245 - INFO - Scraping 2278/6851: https://www.refurbed.de/p/hp-14-em0903ng-r5-7520u/
2025-11-30 02:56:58,673 - INFO - Scraping 2279/6851: https://www.refurbed.de/p/hp-14-ep-core-3-100u-14/
2025-11-30 02:57:00,108 - INFO - Scraping 2280/6851: https://www.refurbed.de/p/hp-14-ep-core-5-120u-14/
2025-11-30 02:57:01,575 - INFO - Scraping 2281/6851: https://www.refurbed.de/p/hp-14-ep-i3-n305-14/
2025-11-30 02:57:03,132 - INFO - Scraping 2282/6851: https://www.refurbed.de/p/hp-14-ep-n200-14/
2025-11-30 02:57:04,578 - INFO - Scraping 2283/6851: https://www.refurbed.de/p/hp-14-ep0036nf-i3-n305-14/
2025-11-30 02:57:05,990 - INFO - Scraping 2284/6851: https://www.refurbed.de/p/hp-14-fb0010na-core-9-185h/
2025-11-30 02:57:07,591 - INFO - Scraping 2285/6851: https://www.refurbed.de/p/hp-14s-dq-1215u-14/
2025-11-30 02:57:09,276 - INFO - Scraping 2286/6851: https://www.refurbed.de/p/hp-14s-dq-celeron-n4120-14/
2025-11-30 02:57:10,696 - INFO - Scraping 2287/6851: https://www.refurbed.de/p/hp-14s-dq-i5-1235u-14/
2025-11-30 02:57:12,204 - INFO - Scraping 2288/6851: https://www.refurbed.de/p/hp-14s-dq0008no-n4020-14/
2025-11-30 02:57:13,620 - INFO - Scraping 2289/6851: https://www.refurbed.de/p/hp-14s-dq0011na-n5030-14/
2025-11-30 02:57:15,064 - INFO - Scraping 2290/6851: https://www.refurbed.de/p/hp-14s-dq1004ns-i5-1035g1/
2025-11-30 02:57:16,552 - INFO - Scraping 2291/6851: https://www.refurbed.de/p/hp-14s-dq1021nf-i3-1005g1/
2025-11-30 02:57:17,994 - INFO - Scraping 2292/6851: https://www.refurbed.de/p/hp-14s-dq1xxx-i5-1035g1/
2025-11-30 02:57:19,401 - INFO - Scraping 2293/6851: https://www.refurbed.de/p/hp-14s-dq2002-1115g4-14/
2025-11-30 02:57:20,849 - INFO - Scraping 2294/6851: https://www.refurbed.de/p/hp-14s-dq2252ng-i5-1135g7/
2025-11-30 02:57:22,314 - INFO - Scraping 2295/6851: https://www.refurbed.de/p/hp-14s-dq2901ng-1115g4-14/
2025-11-30 02:57:23,784 - INFO - Scraping 2296/6851: https://www.refurbed.de/p/hp-14s-dq3505ng-n4500-14/
2025-11-30 02:57:25,195 - INFO - Scraping 2297/6851: https://www.refurbed.de/p/hp-14s-dq4010nf-i5-1155g7-14/
2025-11-30 02:57:26,681 - INFO - Scraping 2298/6851: https://www.refurbed.de/p/hp-14s-dq503-1215u-14/
2025-11-30 02:57:28,179 - INFO - Scraping 2299/6851: https://www.refurbed.de/p/hp-14s-dq5037nf-i3-1215u/
2025-11-30 02:57:29,578 - INFO - Scraping 2300/6851: https://www.refurbed.de/p/hp-14s-fq-ryzen-7-5700u-14/
2025-11-30 02:57:31,016 - INFO - Scraping 2301/6851: https://www.refurbed.de/p/hp-14s-fq0015nl-amd-3020e/
2025-11-30 02:57:32,445 - INFO - Scraping 2302/6851: https://www.refurbed.de/p/hp-14s-fq0732ng-3250u-14/
2025-11-30 02:57:33,900 - INFO - Scraping 2303/6851: https://www.refurbed.de/p/hp-14s-fq0918ng-3020e-14/
2025-11-30 02:57:35,497 - INFO - Scraping 2304/6851: https://www.refurbed.de/p/hp-14s-fq1012na-5300u-14/
2025-11-30 02:57:36,959 - INFO - Scraping 2305/6851: https://www.refurbed.de/p/hp-14s-fq1732ng-5300u-14/
2025-11-30 02:57:38,391 - INFO - Scraping 2306/6851: https://www.refurbed.de/p/hp-14s-fq1901ng-5500u-14/
2025-11-30 02:57:39,999 - INFO - Scraping 2307/6851: https://www.refurbed.de/p/hp-14s-i3-10110u/
2025-11-30 02:57:41,409 - INFO - Scraping 2308/6851: https://www.refurbed.de/p/hp-14z-em000-ryzen-7-7730u/
2025-11-30 02:57:43,132 - INFO - Scraping 2309/6851: https://www.refurbed.de/p/hp-15-ac017ns-5500u-15-6/
2025-11-30 02:57:43,404 - ERROR - Error fetching https://www.refurbed.de/p/hp-15-ac017ns-5500u-15-6/: 404 Client Error: Not Found for url: https://www.refurbed.de/p/hp-15-ac017ns-5500u-15-6/
2025-11-30 02:57:44,406 - INFO - Scraping 2310/6851: https://www.refurbed.de/p/hp-15-cs3104tx-i7-1065g7/
2025-11-30 02:57:45,824 - INFO - Scraping 2311/6851: https://www.refurbed.de/p/hp-15-da0014dx-i5-8250u-15-6/
2025-11-30 02:57:47,267 - INFO - Scraping 2312/6851: https://www.refurbed.de/p/hp-15-da0361ng-n4000-15-6/
2025-11-30 02:57:48,697 - INFO - Scraping 2313/6851: https://www.refurbed.de/p/hp-15-da3002-1035g1/
2025-11-30 02:57:50,132 - INFO - Scraping 2314/6851: https://www.refurbed.de/p/hp-15-dw0037wm-8145u-15-6/
2025-11-30 02:57:51,528 - INFO - Scraping 2315/6851: https://www.refurbed.de/p/hp-15-dw1001ng-i7-10510u/
2025-11-30 02:57:53,146 - INFO - Scraping 2316/6851: https://www.refurbed.de/p/hp-15-dw1033nq-n4020-15-6/
2025-11-30 02:57:54,620 - INFO - Scraping 2317/6851: https://www.refurbed.de/p/hp-15-dw1068nf-10110u-15-6/
2025-11-30 02:57:56,367 - INFO - Scraping 2318/6851: https://www.refurbed.de/p/hp-15-dw1077nf-10110u-15-6/
2025-11-30 02:57:57,827 - INFO - Scraping 2319/6851: https://www.refurbed.de/p/hp-15-dw1495nia-n4120-15-6/
2025-11-30 02:57:59,266 - INFO - Scraping 2320/6851: https://www.refurbed.de/p/hp-15-dw3003-1135g7/
2025-11-30 02:58:00,694 - INFO - Scraping 2321/6851: https://www.refurbed.de/p/hp-15-dw3005-i5-1135g7/
2025-11-30 02:58:02,185 - INFO - Scraping 2322/6851: https://www.refurbed.de/p/hp-15-dw3008-1165g7/
2025-11-30 02:58:03,613 - INFO - Scraping 2323/6851: https://www.refurbed.de/p/hp-15-dw3026ni-1165g7/
2025-11-30 02:58:05,166 - INFO - Scraping 2324/6851: https://www.refurbed.de/p/hp-15-dw3030ni-1125g4/
2025-11-30 02:58:06,694 - INFO - Scraping 2325/6851: https://www.refurbed.de/p/hp-15-dw3033dx-i3-1115g4-15-6/
2025-11-30 02:58:08,109 - INFO - Scraping 2326/6851: https://www.refurbed.de/p/hp-15-dw3043nm-1125g4/
2025-11-30 02:58:09,569 - INFO - Scraping 2327/6851: https://www.refurbed.de/p/hp-15-dw3072nx-1125g4/
2025-11-30 02:58:11,007 - INFO - Scraping 2328/6851: https://www.refurbed.de/p/hp-15-dw3233ng-i3-1115g4-15-6/
2025-11-30 02:58:12,408 - INFO - Scraping 2329/6851: https://www.refurbed.de/p/hp-15-dw3254ng-i5-1135g7/
2025-11-30 02:58:13,946 - INFO - Scraping 2330/6851: https://www.refurbed.de/p/hp-15-dw3516ng-pent-gold-7505/
2025-11-30 02:58:15,349 - INFO - Scraping 2331/6851: https://www.refurbed.de/p/hp-15-dw3757nz-1165g7-15-6/
2025-11-30 02:58:16,792 - INFO - Scraping 2332/6851: https://www.refurbed.de/p/hp-15-dw3777nz-1165g7-15-6/
2025-11-30 02:58:18,197 - INFO - Scraping 2333/6851: https://www.refurbed.de/p/hp-15-dy1043dx-1035g1-15-6/
2025-11-30 02:58:20,366 - INFO - Scraping 2334/6851: https://www.refurbed.de/p/hp-15-dy2073dx-i7-1165g7-15-6/
2025-11-30 02:58:20,669 - ERROR - Error fetching https://www.refurbed.de/p/hp-15-dy2073dx-i7-1165g7-15-6/: 404 Client Error: Not Found for url: https://www.refurbed.de/p/hp-15-dy2073dx-i7-1165g7-15-6/
2025-11-30 02:58:21,672 - INFO - Scraping 2335/6851: https://www.refurbed.de/p/hp-15-dy2075tg-i5-1135g7/
2025-11-30 02:58:23,089 - INFO - Scraping 2336/6851: https://www.refurbed.de/p/hp-15-dy2088ca-i5-1135g7/
2025-11-30 02:58:24,512 - INFO - Scraping 2337/6851: https://www.refurbed.de/p/hp-15-dy2093dx-i5-1135g7/
2025-11-30 02:58:25,976 - INFO - Scraping 2338/6851: https://www.refurbed.de/p/hp-15-dy2795wm-i5-1135g7/
2025-11-30 02:58:27,402 - INFO - Scraping 2339/6851: https://www.refurbed.de/p/hp-15-eg1053cl-i5-1155g7-/
2025-11-30 02:58:28,845 - INFO - Scraping 2340/6851: https://www.refurbed.de/p/hp-15-fc-athlon-gold-7220u/
2025-11-30 02:58:30,248 - INFO - Scraping 2341/6851: https://www.refurbed.de/p/hp-15-fc-ryzen-5-7520u-15-6/
2025-11-30 02:58:31,652 - INFO - Scraping 2342/6851: https://www.refurbed.de/p/hp-15-fc0000ni-r7-7730u-15-6/
2025-11-30 02:58:33,156 - INFO - Scraping 2343/6851: https://www.refurbed.de/p/hp-15-fc0001ns-ryzen-5-7520u/
2025-11-30 02:58:34,572 - INFO - Scraping 2344/6851: https://www.refurbed.de/p/hp-15-fc0005ne-ryzen-7-7730u/
2025-11-30 02:58:35,985 - INFO - Scraping 2345/6851: https://www.refurbed.de/p/hp-15-fc0043nl-ryzen-5-7520u/
2025-11-30 02:58:37,414 - INFO - Scraping 2346/6851: https://www.refurbed.de/p/hp-15-fc0047ne-r5-7520u-15-6/
2025-11-30 02:58:38,874 - INFO - Scraping 2347/6851: https://www.refurbed.de/p/hp-15-fc0049nl-ryzen-5-7520u/
2025-11-30 02:58:40,276 - INFO - Scraping 2348/6851: https://www.refurbed.de/p/hp-15-fc0050nl-ryzen-5-7520u/
2025-11-30 02:58:41,722 - INFO - Scraping 2349/6851: https://www.refurbed.de/p/hp-15-fc0555ng-ryzen-5-7520u/
2025-11-30 02:58:43,363 - INFO - Scraping 2350/6851: https://www.refurbed.de/p/hp-15-fc0777ng-r7-7730u-15-6/
2025-11-30 02:58:44,899 - INFO - Scraping 2351/6851: https://www.refurbed.de/p/hp-15-fc0906ng-r7-7730u-15-6/
2025-11-30 02:58:46,512 - INFO - Scraping 2352/6851: https://www.refurbed.de/p/hp-15-fd-core-5-120u-15-6/
2025-11-30 02:58:47,963 - INFO - Scraping 2353/6851: https://www.refurbed.de/p/hp-15-fd-i3-n305-15-6/
2025-11-30 02:58:49,382 - INFO - Scraping 2354/6851: https://www.refurbed.de/p/hp-15-fd-i5-1235u-15-6/
2025-11-30 02:58:51,002 - INFO - Scraping 2355/6851: https://www.refurbed.de/p/hp-15-fd-i7-1355u-15-6/
2025-11-30 02:58:52,407 - INFO - Scraping 2356/6851: https://www.refurbed.de/p/hp-15-fd-ultra-5-125h-15-6/
2025-11-30 02:58:54,059 - INFO - Scraping 2357/6851: https://www.refurbed.de/p/hp-15-fd0019ng-n200/
2025-11-30 02:58:55,449 - INFO - Scraping 2358/6851: https://www.refurbed.de/p/hp-15-fd0020nx-i5-1335u-15-6/
2025-11-30 02:58:56,873 - INFO - Scraping 2359/6851: https://www.refurbed.de/p/hp-15-fd0051ne-i5-1334u/
2025-11-30 02:58:58,383 - INFO - Scraping 2360/6851: https://www.refurbed.de/p/hp-15-fd0095ne-i5-1235u-15-6/
2025-11-30 02:58:59,776 - INFO - Scraping 2361/6851: https://www.refurbed.de/p/hp-15-fd0651nc-processor-n100/
2025-11-30 02:59:01,285 - INFO - Scraping 2362/6851: https://www.refurbed.de/p/hp-15-fd0837nc-processor-n100/
2025-11-30 02:59:02,722 - INFO - Scraping 2363/6851: https://www.refurbed.de/p/hp-15-fd1011ne-7-155h-15-6/
2025-11-30 02:59:04,137 - INFO - Scraping 2364/6851: https://www.refurbed.de/p/hp-15-p253nf-i3-5010u/
2025-11-30 02:59:04,429 - ERROR - Error fetching https://www.refurbed.de/p/hp-15-p253nf-i3-5010u/: 404 Client Error: Not Found for url: https://www.refurbed.de/p/hp-15-p253nf-i3-5010u/
2025-11-30 02:59:05,431 - INFO - Scraping 2365/6851: https://www.refurbed.de/p/hp-15s-eq-ryzen-7-5700u-15-6/
2025-11-30 02:59:06,837 - INFO - Scraping 2366/6851: https://www.refurbed.de/p/hp-15s-eq0300ng-r5-3500u-15-6/
2025-11-30 02:59:08,432 - INFO - Scraping 2367/6851: https://www.refurbed.de/p/hp-15s-eq1005nc-ryzen-3-3250-u/
2025-11-30 02:59:09,898 - INFO - Scraping 2368/6851: https://www.refurbed.de/p/hp-15s-eq2027ne-r5-5500u-15-6/
2025-11-30 02:59:11,291 - INFO - Scraping 2369/6851: https://www.refurbed.de/p/hp-15s-eq2065nf-r5-5500u-15-6/
2025-11-30 02:59:12,818 - INFO - Scraping 2370/6851: https://www.refurbed.de/p/hp-15s-eq2117nf-r7-5700u-15-6/
2025-11-30 02:59:14,240 - INFO - Scraping 2371/6851: https://www.refurbed.de/p/hp-15s-eq2276ng-ryzen-7-5700-u/
2025-11-30 02:59:15,682 - INFO - Scraping 2372/6851: https://www.refurbed.de/p/hp-15s-eq2661ng-r5-5500u-15-6/
2025-11-30 02:59:17,142 - INFO - Scraping 2373/6851: https://www.refurbed.de/p/hp-15s-eq2732ng-ryzen-5300u-15-6/
2025-11-30 02:59:18,533 - INFO - Scraping 2374/6851: https://www.refurbed.de/p/hp-15s-eq2779ng-ryzen-7-5700-u/
2025-11-30 02:59:20,012 - INFO - Scraping 2375/6851: https://www.refurbed.de/p/hp-15s-eq2800ng-r5-5500u-15-6/
2025-11-30 02:59:21,408 - INFO - Scraping 2376/6851: https://www.refurbed.de/p/hp-15s-eq2902ng-ryzen-5-5500-u/
2025-11-30 02:59:22,804 - INFO - Scraping 2377/6851: https://www.refurbed.de/p/hp-15s-eq2904ng-ryzen-5-5500-u/
2025-11-30 02:59:24,238 - INFO - Scraping 2378/6851: https://www.refurbed.de/p/hp-15s-eq2910ng-5500u/
2025-11-30 02:59:25,667 - INFO - Scraping 2379/6851: https://www.refurbed.de/p/hp-15s-eq3775ng-ryzen-7-5825u/
2025-11-30 02:59:27,104 - INFO - Scraping 2380/6851: https://www.refurbed.de/p/hp-15s-fq-n4120-15-6/
2025-11-30 02:59:28,517 - INFO - Scraping 2381/6851: https://www.refurbed.de/p/hp-15s-fq0004na-n5030/
2025-11-30 02:59:30,235 - INFO - Scraping 2382/6851: https://www.refurbed.de/p/hp-15s-fq0014nf-n4120-15-6/
2025-11-30 02:59:31,695 - INFO - Scraping 2383/6851: https://www.refurbed.de/p/hp-15s-fq0020nc-n4120-15-6/
2025-11-30 02:59:33,099 - INFO - Scraping 2384/6851: https://www.refurbed.de/p/hp-15s-fq0075nf-n4120/
2025-11-30 02:59:34,545 - INFO - Scraping 2385/6851: https://www.refurbed.de/p/hp-15s-fq0104nf-n4120/
2025-11-30 02:59:36,183 - INFO - Scraping 2386/6851: https://www.refurbed.de/p/hp-15s-fq0510ng-celeron-n4120/
2025-11-30 02:59:37,682 - INFO - Scraping 2387/6851: https://www.refurbed.de/p/hp-15s-fq1138ns-i3-1005g1-15/
2025-11-30 02:59:39,145 - INFO - Scraping 2388/6851: https://www.refurbed.de/p/hp-15s-fq2011nv-1115g4-15-6/
2025-11-30 02:59:40,573 - INFO - Scraping 2389/6851: https://www.refurbed.de/p/hp-15s-fq2015nl-i3-1115g4/
2025-11-30 02:59:42,085 - INFO - Scraping 2390/6851: https://www.refurbed.de/p/hp-15s-fq2015nl-i7-13700h/
2025-11-30 02:59:43,781 - INFO - Scraping 2391/6851: https://www.refurbed.de/p/hp-15s-fq2021nv-i7-1165g7/
2025-11-30 02:59:45,339 - INFO - Scraping 2392/6851: https://www.refurbed.de/p/hp-15s-fq2045na-pentium-7505/
2025-11-30 02:59:46,796 - INFO - Scraping 2393/6851: https://www.refurbed.de/p/hp-15s-fq2089nl-1115g4-15-6/
2025-11-30 02:59:48,203 - INFO - Scraping 2394/6851: https://www.refurbed.de/p/hp-15s-fq2094nl-1115g4-15-6/
2025-11-30 02:59:49,638 - INFO - Scraping 2395/6851: https://www.refurbed.de/p/hp-15s-fq2226ng-pentium-7505/
2025-11-30 02:59:51,042 - INFO - Scraping 2396/6851: https://www.refurbed.de/p/hp-15s-fq2734ng-i3-1115g4/
2025-11-30 02:59:52,459 - INFO - Scraping 2397/6851: https://www.refurbed.de/p/hp-15s-fq2776ng-i7-1165g7/
2025-11-30 02:59:53,941 - INFO - Scraping 2398/6851: https://www.refurbed.de/p/hp-15s-fq2822nd-i5-1135g7/
2025-11-30 02:59:55,337 - INFO - Scraping 2399/6851: https://www.refurbed.de/p/hp-15s-fq3002nb-pent-silver-n600/
2025-11-30 02:59:56,748 - INFO - Scraping 2400/6851: https://www.refurbed.de/p/hp-15s-fq3003nh-celeron-n4500/
2025-11-30 02:59:58,146 - INFO - Scraping 2401/6851: https://www.refurbed.de/p/hp-15s-fq3510ng-n6000/
2025-11-30 02:59:59,598 - INFO - Scraping 2402/6851: https://www.refurbed.de/p/hp-15s-fq3713ng-celeron-n4500/
2025-11-30 03:00:01,101 - INFO - Scraping 2403/6851: https://www.refurbed.de/p/hp-15s-fq4026nf-1155g7-15-6/
2025-11-30 03:00:02,510 - INFO - Scraping 2404/6851: https://www.refurbed.de/p/hp-15s-fq4802ng-1155g7-15-6/
2025-11-30 03:00:03,997 - INFO - Scraping 2405/6851: https://www.refurbed.de/p/hp-15s-fq5000nia-i3-1215u-15/
2025-11-30 03:00:05,527 - INFO - Scraping 2406/6851: https://www.refurbed.de/p/hp-15s-fq5023np-i7-1255u-15-6/
2025-11-30 03:00:06,943 - INFO - Scraping 2407/6851: https://www.refurbed.de/p/hp-15s-fq5735ng-i3-1215u-15/
2025-11-30 03:00:08,379 - INFO - Scraping 2408/6851: https://www.refurbed.de/p/hp-16-h1016nf-i7-13700h/
2025-11-30 03:00:09,811 - INFO - Scraping 2409/6851: https://www.refurbed.de/p/hp-16-r1007ne-i7-14650hx-16-1/
2025-11-30 03:00:11,275 - INFO - Scraping 2410/6851: https://www.refurbed.de/p/hp-16-r1010ne-i7-14650hx-16-1/
2025-11-30 03:00:12,684 - INFO - Scraping 2411/6851: https://www.refurbed.de/p/hp-16-r1012ne-i7-14650hx-16-1/
2025-11-30 03:00:14,150 - INFO - Scraping 2412/6851: https://www.refurbed.de/p/hp-16-r1013ne-i7-14650hx-16-1/
2025-11-30 03:00:15,623 - INFO - Scraping 2413/6851: https://www.refurbed.de/p/hp-16-r1044nt-i7-14700hx-16-1/
2025-11-30 03:00:17,044 - INFO - Scraping 2414/6851: https://www.refurbed.de/p/hp-16-r1052nt-i5-14500h-16-1/
2025-11-30 03:00:18,446 - INFO - Scraping 2415/6851: https://www.refurbed.de/p/hp-16-r1776ng-i7-14700hx-16-1/
2025-11-30 03:00:19,880 - INFO - Scraping 2416/6851: https://www.refurbed.de/p/hp-16-s1778ng-ryzen-r7-8845hs/
2025-11-30 03:00:21,321 - INFO - Scraping 2417/6851: https://www.refurbed.de/p/hp-16-xf0004nl-ryzen-9-7940hs/
2025-11-30 03:00:22,807 - INFO - Scraping 2418/6851: https://www.refurbed.de/p/hp-16-xf0061nf-ryzen-9-7940hs/
2025-11-30 03:00:24,288 - INFO - Scraping 2419/6851: https://www.refurbed.de/p/hp-163444-001/
2025-11-30 03:00:25,684 - INFO - Scraping 2420/6851: https://www.refurbed.de/p/hp-16s1777ng-ryzen-r7-8840hs/
2025-11-30 03:00:27,185 - INFO - Scraping 2421/6851: https://www.refurbed.de/p/hp-17-bs037ng-n3060/
2025-11-30 03:00:27,442 - ERROR - Error fetching https://www.refurbed.de/p/hp-17-bs037ng-n3060/: 404 Client Error: Not Found for url: https://www.refurbed.de/p/hp-17-bs037ng-n3060/
2025-11-30 03:00:28,445 - INFO - Scraping 2422/6851: https://www.refurbed.de/p/hp-17-by0045nf-i3-7020u-17-3/
2025-11-30 03:00:28,761 - ERROR - Error fetching https://www.refurbed.de/p/hp-17-by0045nf-i3-7020u-17-3/: 404 Client Error: Not Found for url: https://www.refurbed.de/p/hp-17-by0045nf-i3-7020u-17-3/
2025-11-30 03:00:29,764 - INFO - Scraping 2423/6851: https://www.refurbed.de/p/hp-17-by0221ng-4417u/
2025-11-30 03:00:31,171 - INFO - Scraping 2424/6851: https://www.refurbed.de/p/hp-17-by0228ng-n4000-17-3/
2025-11-30 03:00:32,922 - INFO - Scraping 2425/6851: https://www.refurbed.de/p/hp-17-by3065st-i5-1035g1/
2025-11-30 03:00:34,543 - INFO - Scraping 2426/6851: https://www.refurbed.de/p/hp-17-by3252ng-i5-1035g1/
2025-11-30 03:00:35,941 - INFO - Scraping 2427/6851: https://www.refurbed.de/p/hp-17-by3536ng-i3-1005g1-17-3/
2025-11-30 03:00:37,623 - INFO - Scraping 2428/6851: https://www.refurbed.de/p/hp-17-c0000-i3-1125g4/
2025-11-30 03:00:39,052 - INFO - Scraping 2429/6851: https://www.refurbed.de/p/hp-17-ca1244ng-ryzen-7-3700u/
2025-11-30 03:00:40,517 - INFO - Scraping 2430/6851: https://www.refurbed.de/p/hp-17-ca1405ng-r5-3500u/
2025-11-30 03:00:41,921 - INFO - Scraping 2431/6851: https://www.refurbed.de/p/hp-17-cd2075ng-11370h/
2025-11-30 03:00:43,392 - INFO - Scraping 2432/6851: https://www.refurbed.de/p/hp-17-cd2903ng-11370h/
2025-11-30 03:00:44,881 - INFO - Scraping 2433/6851: https://www.refurbed.de/p/hp-17-cn-core-5-120u17-3/
2025-11-30 03:00:46,509 - INFO - Scraping 2434/6851: https://www.refurbed.de/p/hp-17-cn-i5-1235u-17-3/
2025-11-30 03:00:48,007 - INFO - Scraping 2435/6851: https://www.refurbed.de/p/hp-17-cn-i5-1334u-17-3/
2025-11-30 03:00:49,569 - INFO - Scraping 2436/6851: https://www.refurbed.de/p/hp-17-cn-n4120-17-3/
2025-11-30 03:00:51,043 - INFO - Scraping 2437/6851: https://www.refurbed.de/p/hp-17-cn-pentium-silver-n5030/
2025-11-30 03:00:52,574 - INFO - Scraping 2438/6851: https://www.refurbed.de/p/hp-17-cn0008nf-n4120/
2025-11-30 03:00:54,030 - INFO - Scraping 2439/6851: https://www.refurbed.de/p/hp-17-cn0009nf-n4120-17-3/
2025-11-30 03:00:55,478 - INFO - Scraping 2440/6851: https://www.refurbed.de/p/hp-17-cn0041na-7505-17-3/
2025-11-30 03:00:57,138 - INFO - Scraping 2441/6851: https://www.refurbed.de/p/hp-17-cn0055ng-i5-1135g7-17-3/
2025-11-30 03:00:58,609 - INFO - Scraping 2442/6851: https://www.refurbed.de/p/hp-17-cn0104na-n5030-17-3/
2025-11-30 03:01:00,067 - INFO - Scraping 2443/6851: https://www.refurbed.de/p/hp-17-cn0131ng-n4120/
2025-11-30 03:01:01,587 - INFO - Scraping 2444/6851: https://www.refurbed.de/p/hp-17-cn0132ng-pentium-n5030/
2025-11-30 03:01:03,304 - INFO - Scraping 2445/6851: https://www.refurbed.de/p/hp-17-cn0178ng-i7-1165g7/
2025-11-30 03:01:04,729 - INFO - Scraping 2446/6851: https://www.refurbed.de/p/hp-17-cn0434ng-i3-1125g4/
2025-11-30 03:01:06,313 - INFO - Scraping 2447/6851: https://www.refurbed.de/p/hp-17-cn0623ng-n5030-17-3/
2025-11-30 03:01:07,783 - INFO - Scraping 2448/6851: https://www.refurbed.de/p/hp-17-cn0716ng-pentium-7505-17-3/
2025-11-30 03:01:09,332 - INFO - Scraping 2449/6851: https://www.refurbed.de/p/hp-17-cn0755ng-i5-1135g7-17-3/
2025-11-30 03:01:10,764 - INFO - Scraping 2450/6851: https://www.refurbed.de/p/hp-17-cn0756ng-i5-1135g7-17-3/
2025-11-30 03:01:12,215 - INFO - Scraping 2451/6851: https://www.refurbed.de/p/hp-17-cn0758ng-i5-1135g7-17-3/
2025-11-30 03:01:13,742 - INFO - Scraping 2452/6851: https://www.refurbed.de/p/hp-17-cn1354ng-1155g7-17-3/
2025-11-30 03:01:15,227 - INFO - Scraping 2453/6851: https://www.refurbed.de/p/hp-17-cn1xxx-i5-1155g7-17-3/
2025-11-30 03:01:17,019 - INFO - Scraping 2454/6851: https://www.refurbed.de/p/hp-17-cn2158ng-i5-1235u/
2025-11-30 03:01:18,489 - INFO - Scraping 2455/6851: https://www.refurbed.de/p/hp-17-cn3007nf-i3-n305-17-3/
2025-11-30 03:01:19,932 - INFO - Scraping 2456/6851: https://www.refurbed.de/p/hp-17-cn3757ng-i5-1334u-17-3/
2025-11-30 03:01:21,445 - INFO - Scraping 2457/6851: https://www.refurbed.de/p/hp-17-cp-r5-7520u-17-3/
2025-11-30 03:01:22,864 - INFO - Scraping 2458/6851: https://www.refurbed.de/p/hp-17-cp-ryzen-7-5700-u-17/
2025-11-30 03:01:23,126 - ERROR - Error fetching https://www.refurbed.de/p/hp-17-cp-ryzen-7-5700-u-17/: 404 Client Error: Not Found for url: https://www.refurbed.de/p/hp-17-cp-ryzen-7-5700-u-17/
2025-11-30 03:01:24,128 - INFO - Scraping 2459/6851: https://www.refurbed.de/p/hp-17-cp0001nc-ryzen-3-3250-u-17/
2025-11-30 03:01:25,614 - INFO - Scraping 2460/6851: https://www.refurbed.de/p/hp-17-cp0015na-ryzen-5-5500u/
2025-11-30 03:01:27,068 - INFO - Scraping 2461/6851: https://www.refurbed.de/p/hp-17-cp0077ng-ryzen-7-5700u/
2025-11-30 03:01:28,487 - INFO - Scraping 2462/6851: https://www.refurbed.de/p/hp-17-cp0153nf-ryzen-5-5500u/
2025-11-30 03:01:29,889 - INFO - Scraping 2463/6851: https://www.refurbed.de/p/hp-17-cp0153ng-ryzen-5-5500u/
2025-11-30 03:01:31,327 - INFO - Scraping 2464/6851: https://www.refurbed.de/p/hp-17-cp0274nf-amd-3020e-17-3/
2025-11-30 03:01:32,788 - INFO - Scraping 2465/6851: https://www.refurbed.de/p/hp-17-cp0284nf-r5-5500u-17-3/
2025-11-30 03:01:34,339 - INFO - Scraping 2466/6851: https://www.refurbed.de/p/hp-17-cp0308nf-r7-5700u-17-3/
2025-11-30 03:01:35,783 - INFO - Scraping 2467/6851: https://www.refurbed.de/p/hp-17-cp0648ng-ryzen-5-5500-u-17/
2025-11-30 03:01:37,258 - INFO - Scraping 2468/6851: https://www.refurbed.de/p/hp-17-cp0668ng-ryzen-7-5700u/
2025-11-30 03:01:38,752 - INFO - Scraping 2469/6851: https://www.refurbed.de/p/hp-17-cp0714ng-athlon-3150-u-17/
2025-11-30 03:01:40,240 - INFO - Scraping 2470/6851: https://www.refurbed.de/p/hp-17-cp0716ng-athlon-gold-3150u/
2025-11-30 03:01:41,698 - INFO - Scraping 2471/6851: https://www.refurbed.de/p/hp-17-cp0732ng-ryzen-3-5300-u-17/
2025-11-30 03:01:43,174 - INFO - Scraping 2472/6851: https://www.refurbed.de/p/hp-17-cp0755ng-ryzen-5-5500-u-17/
2025-11-30 03:01:44,600 - INFO - Scraping 2473/6851: https://www.refurbed.de/p/hp-17-cp0807ng-ryzen-3-5300-u-17/
2025-11-30 03:01:46,024 - INFO - Scraping 2474/6851: https://www.refurbed.de/p/hp-17-cp0901ng-ryzen-7-5700-u-17/
2025-11-30 03:01:47,511 - INFO - Scraping 2475/6851: https://www.refurbed.de/p/hp-17-cp1055ng-r5-5625u-17-3/
2025-11-30 03:01:48,924 - INFO - Scraping 2476/6851: https://www.refurbed.de/p/hp-17-cp1773ng-ryzen-7-5825u/
2025-11-30 03:01:50,355 - INFO - Scraping 2477/6851: https://www.refurbed.de/p/hp-17-cp2153ng/
2025-11-30 03:01:51,848 - INFO - Scraping 2478/6851: https://www.refurbed.de/p/hp-17-cp3000-r7-7730u-17-3/
2025-11-30 03:01:53,336 - INFO - Scraping 2479/6851: https://www.refurbed.de/p/hp-17-cp3002na-r7-7730u-17-3/
2025-11-30 03:01:54,817 - INFO - Scraping 2480/6851: https://www.refurbed.de/p/hp-17-cp3775ngr-7-7730u-17-3/
2025-11-30 03:01:56,321 - INFO - Scraping 2481/6851: https://www.refurbed.de/p/hp-17-x109nf-i5-7200u/
2025-11-30 03:01:56,586 - ERROR - Error fetching https://www.refurbed.de/p/hp-17-x109nf-i5-7200u/: 404 Client Error: Not Found for url: https://www.refurbed.de/p/hp-17-x109nf-i5-7200u/
2025-11-30 03:01:57,589 - INFO - Scraping 2482/6851: https://www.refurbed.de/p/hp-22-dd2006na-all-in-one/
2025-11-30 03:01:59,137 - INFO - Scraping 2483/6851: https://www.refurbed.de/p/hp-22-dg-all-in-one/
2025-11-30 03:02:00,549 - INFO - Scraping 2484/6851: https://www.refurbed.de/p/hp-22-dg0002nc-all-in-one/
2025-11-30 03:02:02,107 - INFO - Scraping 2485/6851: https://www.refurbed.de/p/hp-22m-21-5/
2025-11-30 03:02:03,601 - INFO - Scraping 2486/6851: https://www.refurbed.de/p/hp-230/
2025-11-30 03:02:05,052 - INFO - Scraping 2487/6851: https://www.refurbed.de/p/hp-24-ca0701ng-all-in-one/
2025-11-30 03:02:06,530 - INFO - Scraping 2488/6851: https://www.refurbed.de/p/hp-24-cb-all-in-one-23-8/
2025-11-30 03:02:07,950 - INFO - Scraping 2489/6851: https://www.refurbed.de/p/hp-24-cb0203ng-all-in-one/
2025-11-30 03:02:09,343 - INFO - Scraping 2490/6851: https://www.refurbed.de/p/hp-24-cr0002nx-all-in-one-23-8/
2025-11-30 03:02:10,844 - INFO - Scraping 2491/6851: https://www.refurbed.de/p/hp-24-cr0005nx-all-in-one-23-8/
2025-11-30 03:02:12,306 - INFO - Scraping 2492/6851: https://www.refurbed.de/p/hp-24-cr0008nx-all-in-one-23-8/
2025-11-30 03:02:13,712 - INFO - Scraping 2493/6851: https://www.refurbed.de/p/hp-24-cr0009nx-all-in-one/
2025-11-30 03:02:15,146 - INFO - Scraping 2494/6851: https://www.refurbed.de/p/hp-24-cr0024-all-in-one/
2025-11-30 03:02:16,556 - INFO - Scraping 2495/6851: https://www.refurbed.de/p/hp-24-cr0037na-all-in-one-23-8/
2025-11-30 03:02:18,016 - INFO - Scraping 2496/6851: https://www.refurbed.de/p/hp-24-cr0703ng-all-in-one-23-8/
2025-11-30 03:02:19,428 - INFO - Scraping 2497/6851: https://www.refurbed.de/p/hp-24-cr1007na-all-in-one-23-8/
2025-11-30 03:02:21,044 - INFO - Scraping 2498/6851: https://www.refurbed.de/p/hp-24-cr1007nb-all-in-one-23-8/
2025-11-30 03:02:22,494 - INFO - Scraping 2499/6851: https://www.refurbed.de/p/hp-240-g10-i5-1335u-14/
2025-11-30 03:02:24,055 - INFO - Scraping 2500/6851: https://www.refurbed.de/p/hp-240-g7-1005g1/
2025-11-30 03:02:25,769 - INFO - Scraping 2501/6851: https://www.refurbed.de/p/hp-240-g8-1035g-14/
2025-11-30 03:02:27,257 - INFO - Scraping 2502/6851: https://www.refurbed.de/p/hp-240-g8-1115g4/
2025-11-30 03:02:28,686 - INFO - Scraping 2503/6851: https://www.refurbed.de/p/hp-240-g8-1135g7/
2025-11-30 03:02:30,100 - INFO - Scraping 2504/6851: https://www.refurbed.de/p/hp-240-g8-i7-1065g7/
2025-11-30 03:02:31,917 - INFO - Scraping 2505/6851: https://www.refurbed.de/p/hp-240-g8-i7-1165g7/
2025-11-30 03:02:33,370 - INFO - Scraping 2506/6851: https://www.refurbed.de/p/hp-240-g9-1235u-14/
2025-11-30 03:02:34,805 - INFO - Scraping 2507/6851: https://www.refurbed.de/p/hp-245-g9-ryzen-5-5625u/
2025-11-30 03:02:36,207 - INFO - Scraping 2508/6851: https://www.refurbed.de/p/hp-250-g10-i3-1315u-15-6/
2025-11-30 03:02:37,777 - INFO - Scraping 2509/6851: https://www.refurbed.de/p/hp-250-g10-i3-n305-15-6/
2025-11-30 03:02:39,205 - INFO - Scraping 2510/6851: https://www.refurbed.de/p/hp-250-g10-i5-1334u-15-6/
2025-11-30 03:02:40,781 - INFO - Scraping 2511/6851: https://www.refurbed.de/p/hp-250-g10-i5-1335u-15-6/
2025-11-30 03:02:42,300 - INFO - Scraping 2512/6851: https://www.refurbed.de/p/hp-250-g10-i7-1355u-15-6/
2025-11-30 03:02:43,859 - INFO - Scraping 2513/6851: https://www.refurbed.de/p/hp-250-g10-n100-15-6/
2025-11-30 03:02:45,477 - INFO - Scraping 2514/6851: https://www.refurbed.de/p/hp-250-g10-ryzen-5-7530u/
2025-11-30 03:02:46,946 - INFO - Scraping 2515/6851: https://www.refurbed.de/p/hp-250-g4-5005u/
2025-11-30 03:02:47,200 - ERROR - Error fetching https://www.refurbed.de/p/hp-250-g4-5005u/: 404 Client Error: Not Found for url: https://www.refurbed.de/p/hp-250-g4-5005u/
2025-11-30 03:02:48,203 - INFO - Scraping 2516/6851: https://www.refurbed.de/p/hp-250-g5-i3-5005u-15-6/
2025-11-30 03:02:48,608 - ERROR - Error fetching https://www.refurbed.de/p/hp-250-g5-i3-5005u-15-6/: 404 Client Error: Not Found for url: https://www.refurbed.de/p/hp-250-g5-i3-5005u-15-6/
2025-11-30 03:02:49,610 - INFO - Scraping 2517/6851: https://www.refurbed.de/p/hp-250-g5-i5-6200u-15-6/
2025-11-30 03:02:49,878 - ERROR - Error fetching https://www.refurbed.de/p/hp-250-g5-i5-6200u-15-6/: 404 Client Error: Not Found for url: https://www.refurbed.de/p/hp-250-g5-i5-6200u-15-6/
2025-11-30 03:02:50,880 - INFO - Scraping 2518/6851: https://www.refurbed.de/p/hp-250-g6-n4000/
2025-11-30 03:02:52,482 - INFO - Scraping 2519/6851: https://www.refurbed.de/p/hp-250-g7-1035g1/
2025-11-30 03:02:53,877 - INFO - Scraping 2520/6851: https://www.refurbed.de/p/hp-250-g7-i3-1005g1-15-6/
2025-11-30 03:02:55,288 - INFO - Scraping 2521/6851: https://www.refurbed.de/p/hp-250-g7-i5-8265u/
2025-11-30 03:02:56,867 - INFO - Scraping 2522/6851: https://www.refurbed.de/p/hp-250-g7-i7-1065g7-15-6/
2025-11-30 03:02:58,309 - INFO - Scraping 2523/6851: https://www.refurbed.de/p/hp-250-g7-n4000/
2025-11-30 03:02:59,770 - INFO - Scraping 2524/6851: https://www.refurbed.de/p/hp-250-g7-n5030/
2025-11-30 03:03:01,176 - INFO - Scraping 2525/6851: https://www.refurbed.de/p/hp-250-g8-i3-1005g1/
2025-11-30 03:03:02,798 - INFO - Scraping 2526/6851: https://www.refurbed.de/p/hp-250-g8-i3-1115g4/
2025-11-30 03:03:05,135 - INFO - Scraping 2527/6851: https://www.refurbed.de/p/hp-250-g8-i5-1035g1/
2025-11-30 03:03:06,798 - INFO - Scraping 2528/6851: https://www.refurbed.de/p/hp-250-g8-i5-1135g7/
2025-11-30 03:03:08,403 - INFO - Scraping 2529/6851: https://www.refurbed.de/p/hp-250-g8-i7-1065g7/
2025-11-30 03:03:09,971 - INFO - Scraping 2530/6851: https://www.refurbed.de/p/hp-250-g8-i7-1165g7-15/
2025-11-30 03:03:11,362 - INFO - Scraping 2531/6851: https://www.refurbed.de/p/hp-250-g8-n4020/
2025-11-30 03:03:12,862 - INFO - Scraping 2532/6851: https://www.refurbed.de/p/hp-250-g9-celeron-n4500-15-6/
2025-11-30 03:03:14,338 - INFO - Scraping 2533/6851: https://www.refurbed.de/p/hp-250-g9-i3-1215u/
2025-11-30 03:03:15,739 - INFO - Scraping 2534/6851: https://www.refurbed.de/p/hp-250-g9-i5-1235u-15-6/
2025-11-30 03:03:17,132 - INFO - Scraping 2535/6851: https://www.refurbed.de/p/hp-250-g9-i7-1255u-15-6/
2025-11-30 03:03:18,532 - INFO - Scraping 2536/6851: https://www.refurbed.de/p/hp-250-g9-n6000-15-6/
2025-11-30 03:03:19,991 - INFO - Scraping 2537/6851: https://www.refurbed.de/p/hp-250r-g9-i3-1315u-15-6/
2025-11-30 03:03:21,414 - INFO - Scraping 2538/6851: https://www.refurbed.de/p/hp-250r-g9-i5-1335u-15-6/
2025-11-30 03:03:22,844 - INFO - Scraping 2539/6851: https://www.refurbed.de/p/hp-255-g10-athlon-silver-7120u/
2025-11-30 03:03:24,248 - INFO - Scraping 2540/6851: https://www.refurbed.de/p/hp-255-g10-r5-7520u-15-6/
2025-11-30 03:03:25,645 - INFO - Scraping 2541/6851: https://www.refurbed.de/p/hp-255-g10-r5-7530u-15-6/
2025-11-30 03:03:27,507 - INFO - Scraping 2542/6851: https://www.refurbed.de/p/hp-255-g10-ryzen-3-7320u/
2025-11-30 03:03:28,988 - INFO - Scraping 2543/6851: https://www.refurbed.de/p/hp-255-g10-ryzen-3-7330u-15-6/
2025-11-30 03:03:30,513 - INFO - Scraping 2544/6851: https://www.refurbed.de/p/hp-255-g10-ryzen-7-7730u15-6/
2025-11-30 03:03:31,978 - INFO - Scraping 2545/6851: https://www.refurbed.de/p/hp-255-g6-e2-9000e-15-6/
2025-11-30 03:03:32,238 - ERROR - Error fetching https://www.refurbed.de/p/hp-255-g6-e2-9000e-15-6/: 404 Client Error: Not Found for url: https://www.refurbed.de/p/hp-255-g6-e2-9000e-15-6/
2025-11-30 03:03:33,241 - INFO - Scraping 2546/6851: https://www.refurbed.de/p/hp-255-g7-3050u/
2025-11-30 03:03:34,675 - INFO - Scraping 2547/6851: https://www.refurbed.de/p/hp-255-g7-ryzen-3-2200u/
2025-11-30 03:03:34,927 - ERROR - Error fetching https://www.refurbed.de/p/hp-255-g7-ryzen-3-2200u/: 404 Client Error: Not Found for url: https://www.refurbed.de/p/hp-255-g7-ryzen-3-2200u/
2025-11-30 03:03:35,930 - INFO - Scraping 2548/6851: https://www.refurbed.de/p/hp-255-g7-ryzen-5-2500u/
2025-11-30 03:03:36,192 - ERROR - Error fetching https://www.refurbed.de/p/hp-255-g7-ryzen-5-2500u/: 404 Client Error: Not Found for url: https://www.refurbed.de/p/hp-255-g7-ryzen-5-2500u/
2025-11-30 03:03:37,194 - INFO - Scraping 2549/6851: https://www.refurbed.de/p/hp-255-g8-amd-3020e/
2025-11-30 03:03:38,659 - INFO - Scraping 2550/6851: https://www.refurbed.de/p/hp-255-g8-amd-athlon-3050u-15/
2025-11-30 03:03:40,093 - INFO - Scraping 2551/6851: https://www.refurbed.de/p/hp-255-g8-amd-athlon-3150u-15/
2025-11-30 03:03:41,522 - INFO - Scraping 2552/6851: https://www.refurbed.de/p/hp-255-g8-ryze-3-3250u-15-6/
2025-11-30 03:03:42,962 - INFO - Scraping 2553/6851: https://www.refurbed.de/p/hp-255-g8-ryzen-4-5300u-15/
2025-11-30 03:03:44,434 - INFO - Scraping 2554/6851: https://www.refurbed.de/p/hp-255-g8-ryzen-5-3500u-15/
2025-11-30 03:03:45,893 - INFO - Scraping 2555/6851: https://www.refurbed.de/p/hp-255-g8-ryzen-5-5500u-15/
2025-11-30 03:03:47,320 - INFO - Scraping 2556/6851: https://www.refurbed.de/p/hp-255-g8-ryzen-7-5700u-15-6/
2025-11-30 03:03:48,881 - INFO - Scraping 2557/6851: https://www.refurbed.de/p/hp-255-g9-athlon-gold-3150u/
2025-11-30 03:03:50,519 - INFO - Scraping 2558/6851: https://www.refurbed.de/p/hp-255-g9-ryzen-3-3250u/
2025-11-30 03:03:52,159 - INFO - Scraping 2559/6851: https://www.refurbed.de/p/hp-255-g9-ryzen-3-5425u/
2025-11-30 03:03:53,575 - INFO - Scraping 2560/6851: https://www.refurbed.de/p/hp-255-g9-ryzen-5-5625u/
2025-11-30 03:03:55,021 - INFO - Scraping 2561/6851: https://www.refurbed.de/p/hp-255-g9-ryzen-7-5825u/
2025-11-30 03:03:56,648 - INFO - Scraping 2562/6851: https://www.refurbed.de/p/hp-260-g3-dm/
2025-11-30 03:03:56,966 - ERROR - Error fetching https://www.refurbed.de/p/hp-260-g3-dm/: 404 Client Error: Not Found for url: https://www.refurbed.de/p/hp-260-g3-dm/
2025-11-30 03:03:57,968 - INFO - Scraping 2563/6851: https://www.refurbed.de/p/hp-260-g4-dm/
2025-11-30 03:03:59,458 - INFO - Scraping 2564/6851: https://www.refurbed.de/p/hp-27-ca0701ng-all-in-one/
2025-11-30 03:04:00,886 - INFO - Scraping 2565/6851: https://www.refurbed.de/p/hp-27-ca1005ng-all-in-one/
2025-11-30 03:04:02,282 - INFO - Scraping 2566/6851: https://www.refurbed.de/p/hp-27-ca1700ng-all-in-one/
2025-11-30 03:04:03,697 - INFO - Scraping 2567/6851: https://www.refurbed.de/p/hp-27-cb0700ng-all-in-one/
2025-11-30 03:04:05,138 - INFO - Scraping 2568/6851: https://www.refurbed.de/p/hp-27-cr-0042na-all-in-one/
2025-11-30 03:04:06,540 - INFO - Scraping 2569/6851: https://www.refurbed.de/p/hp-27-cr-all-in-one-27/
2025-11-30 03:04:08,004 - INFO - Scraping 2570/6851: https://www.refurbed.de/p/hp-27-cr0001nc-all-in-one-27/
2025-11-30 03:04:09,612 - INFO - Scraping 2571/6851: https://www.refurbed.de/p/hp-27-cr0007ng-all-in-one-27/
2025-11-30 03:04:11,037 - INFO - Scraping 2572/6851: https://www.refurbed.de/p/hp-27-cr0701ng-all-in-one-27/
2025-11-30 03:04:12,437 - INFO - Scraping 2573/6851: https://www.refurbed.de/p/hp-27-dp0059ur-all-in-one/
2025-11-30 03:04:13,821 - INFO - Scraping 2574/6851: https://www.refurbed.de/p/hp-27-dp0106ng-all-in-one/
2025-11-30 03:04:15,275 - INFO - Scraping 2575/6851: https://www.refurbed.de/p/hp-27-dp1022na-all-in-one/
2025-11-30 03:04:16,808 - INFO - Scraping 2576/6851: https://www.refurbed.de/p/hp-27fw-27/
2025-11-30 03:04:18,264 - INFO - Scraping 2577/6851: https://www.refurbed.de/p/hp-280-g1-mt/
2025-11-30 03:04:18,517 - ERROR - Error fetching https://www.refurbed.de/p/hp-280-g1-mt/: 404 Client Error: Not Found for url: https://www.refurbed.de/p/hp-280-g1-mt/
2025-11-30 03:04:19,519 - INFO - Scraping 2578/6851: https://www.refurbed.de/p/hp-280-g2-mt/
2025-11-30 03:04:19,784 - ERROR - Error fetching https://www.refurbed.de/p/hp-280-g2-mt/: 404 Client Error: Not Found for url: https://www.refurbed.de/p/hp-280-g2-mt/
2025-11-30 03:04:20,787 - INFO - Scraping 2579/6851: https://www.refurbed.de/p/hp-290-g1-sff/
2025-11-30 03:04:21,241 - ERROR - Error fetching https://www.refurbed.de/p/hp-290-g1-sff/: 404 Client Error: Not Found for url: https://www.refurbed.de/p/hp-290-g1-sff/
2025-11-30 03:04:22,243 - INFO - Scraping 2580/6851: https://www.refurbed.de/p/hp-290-g2-mt/
2025-11-30 03:04:23,642 - INFO - Scraping 2581/6851: https://www.refurbed.de/p/hp-290-g3-mt/
2025-11-30 03:04:23,897 - ERROR - Error fetching https://www.refurbed.de/p/hp-290-g3-mt/: 404 Client Error: Not Found for url: https://www.refurbed.de/p/hp-290-g3-mt/
2025-11-30 03:04:24,899 - INFO - Scraping 2582/6851: https://www.refurbed.de/p/hp-290-g4-mt/
2025-11-30 03:04:26,398 - INFO - Scraping 2583/6851: https://www.refurbed.de/p/hp-3005pr-usb-3-0-port-repl-dock/
2025-11-30 03:04:27,943 - INFO - Scraping 2584/6851: https://www.refurbed.de/p/hp-320k/
2025-11-30 03:04:29,630 - INFO - Scraping 2585/6851: https://www.refurbed.de/p/hp-330/
2025-11-30 03:04:31,120 - INFO - Scraping 2586/6851: https://www.refurbed.de/p/hp-340s-g7-1035g1/
2025-11-30 03:04:32,730 - INFO - Scraping 2587/6851: https://www.refurbed.de/p/hp-340s-g7-1065g7/
2025-11-30 03:04:34,143 - INFO - Scraping 2588/6851: https://www.refurbed.de/p/hp-394900-001/
2025-11-30 03:04:35,653 - INFO - Scraping 2589/6851: https://www.refurbed.de/p/hp-460-a080na/
2025-11-30 03:04:35,949 - ERROR - Error fetching https://www.refurbed.de/p/hp-460-a080na/: 404 Client Error: Not Found for url: https://www.refurbed.de/p/hp-460-a080na/
2025-11-30 03:04:36,951 - INFO - Scraping 2590/6851: https://www.refurbed.de/p/hp-460-p035na/
2025-11-30 03:04:37,221 - ERROR - Error fetching https://www.refurbed.de/p/hp-460-p035na/: 404 Client Error: Not Found for url: https://www.refurbed.de/p/hp-460-p035na/
2025-11-30 03:04:38,224 - INFO - Scraping 2591/6851: https://www.refurbed.de/p/hp-463953-001/
2025-11-30 03:04:39,629 - INFO - Scraping 2592/6851: https://www.refurbed.de/p/hp-470-g10-i5-1335u/
2025-11-30 03:04:41,278 - INFO - Scraping 2593/6851: https://www.refurbed.de/p/hp-470-g10-i7-1355u-17-3/
2025-11-30 03:04:42,692 - INFO - Scraping 2594/6851: https://www.refurbed.de/p/hp-470-g7-i5-10210u-17/
2025-11-30 03:04:44,255 - INFO - Scraping 2595/6851: https://www.refurbed.de/p/hp-470-g8-i5-1135g7-17/
2025-11-30 03:04:45,980 - INFO - Scraping 2596/6851: https://www.refurbed.de/p/hp-470-g8-i7-1165g7-17/
2025-11-30 03:04:47,637 - INFO - Scraping 2597/6851: https://www.refurbed.de/p/hp-470-g9-i3-1215u/
2025-11-30 03:04:49,124 - INFO - Scraping 2598/6851: https://www.refurbed.de/p/hp-470-g9-i7-1255u-17/
2025-11-30 03:04:50,747 - INFO - Scraping 2599/6851: https://www.refurbed.de/p/hp-645-g11-ryzen-7-7735u-14/
2025-11-30 03:04:52,308 - INFO - Scraping 2600/6851: https://www.refurbed.de/p/hp-672647-002/
2025-11-30 03:04:53,823 - INFO - Scraping 2601/6851: https://www.refurbed.de/p/hp-672647-063/
2025-11-30 03:04:55,233 - INFO - Scraping 2602/6851: https://www.refurbed.de/p/hp-693707-001/
2025-11-30 03:04:56,777 - INFO - Scraping 2603/6851: https://www.refurbed.de/p/hp-693711-001/
2025-11-30 03:04:58,274 - INFO - Scraping 2604/6851: https://www.refurbed.de/p/hp-741727-001/
2025-11-30 03:04:59,720 - INFO - Scraping 2605/6851: https://www.refurbed.de/p/hp-756413-003/
2025-11-30 03:05:01,475 - INFO - Scraping 2606/6851: https://www.refurbed.de/p/hp-902990-003/
2025-11-30 03:05:03,069 - INFO - Scraping 2607/6851: https://www.refurbed.de/p/hp-active-pen-app-launch/
2025-11-30 03:05:04,673 - INFO - Scraping 2608/6851: https://www.refurbed.de/p/hp-active-pen/
2025-11-30 03:05:06,102 - INFO - Scraping 2609/6851: https://www.refurbed.de/p/hp-all-in-one-27-d0033nf/
2025-11-30 03:05:07,505 - INFO - Scraping 2610/6851: https://www.refurbed.de/p/hp-chromebook-11-g5-n3060/
2025-11-30 03:05:08,994 - INFO - Scraping 2611/6851: https://www.refurbed.de/p/hp-chromebook-11-g6-n3350/
2025-11-30 03:05:10,515 - INFO - Scraping 2612/6851: https://www.refurbed.de/p/hp-chromebook-11-g7-ee-n4000/
2025-11-30 03:05:11,973 - INFO - Scraping 2613/6851: https://www.refurbed.de/p/hp-chromebook-11-g8-ee-n4020/
2025-11-30 03:05:13,832 - INFO - Scraping 2614/6851: https://www.refurbed.de/p/hp-chromebook-11-g8-ee-n4120/
2025-11-30 03:05:15,545 - INFO - Scraping 2615/6851: https://www.refurbed.de/p/hp-chromebook-11-g9-sd-7c/
2025-11-30 03:05:16,932 - INFO - Scraping 2616/6851: https://www.refurbed.de/p/hp-chromebook-14-g1-2955u/
2025-11-30 03:05:18,453 - INFO - Scraping 2617/6851: https://www.refurbed.de/p/hp-chromebook-14-g4-n2940/
2025-11-30 03:05:19,959 - INFO - Scraping 2618/6851: https://www.refurbed.de/p/hp-chromebook-14a-g5-a4-9120c-14/
2025-11-30 03:05:21,609 - INFO - Scraping 2619/6851: https://www.refurbed.de/p/hp-chromebook-14a-n4020-14/
2025-11-30 03:05:23,255 - INFO - Scraping 2620/6851: https://www.refurbed.de/p/hp-chromebook-14a-n5030-14/
2025-11-30 03:05:24,666 - INFO - Scraping 2621/6851: https://www.refurbed.de/p/hp-chromebook-14b-na0700nd/
2025-11-30 03:05:26,123 - INFO - Scraping 2622/6851: https://www.refurbed.de/p/hp-chromebook-15a-nb0000ns-i3-n3/
2025-11-30 03:05:27,550 - INFO - Scraping 2623/6851: https://www.refurbed.de/p/hp-chromebook-c640-10310u/
2025-11-30 03:05:28,961 - INFO - Scraping 2624/6851: https://www.refurbed.de/p/hp-chromebook-x360-11-g3-ee-4020/
2025-11-30 03:05:30,709 - INFO - Scraping 2625/6851: https://www.refurbed.de/p/hp-chromebook-x360-14-g1-8350u/
2025-11-30 03:05:32,240 - INFO - Scraping 2626/6851: https://www.refurbed.de/p/hp-chromebook-x360-14-g1-8650u/
2025-11-30 03:05:33,723 - INFO - Scraping 2627/6851: https://www.refurbed.de/p/hp-chromebook-x360-14b-n6000/
2025-11-30 03:05:35,187 - INFO - Scraping 2628/6851: https://www.refurbed.de/p/hp-chromebook-x360-14c-ca0700nd/
2025-11-30 03:05:36,786 - INFO - Scraping 2629/6851: https://www.refurbed.de/p/hp-col-lj-ep-mgd-mfp-m880zm-plus/
2025-11-30 03:05:38,243 - INFO - Scraping 2630/6851: https://www.refurbed.de/p/hp-colo-lj-enterprise-mfp-m680dn/
2025-11-30 03:05:39,877 - INFO - Scraping 2631/6851: https://www.refurbed.de/p/hp-color-laserjet-cm1415fnw/
2025-11-30 03:05:41,431 - INFO - Scraping 2632/6851: https://www.refurbed.de/p/hp-color-laserjet-cp2025n-farbla/
2025-11-30 03:05:42,881 - INFO - Scraping 2633/6851: https://www.refurbed.de/p/hp-color-laserjet-e55040dw/
2025-11-30 03:05:44,529 - INFO - Scraping 2634/6851: https://www.refurbed.de/p/hp-color-laserjet-entprs-m553/
2025-11-30 03:05:45,975 - INFO - Scraping 2635/6851: https://www.refurbed.de/p/hp-color-laserjet-m553xm/
2025-11-30 03:05:47,433 - INFO - Scraping 2636/6851: https://www.refurbed.de/p/hp-color-laserjet-m577f-mfp/
2025-11-30 03:05:48,844 - INFO - Scraping 2637/6851: https://www.refurbed.de/p/hp-color-laserjet-managed-e87640/
2025-11-30 03:05:50,308 - INFO - Scraping 2638/6851: https://www.refurbed.de/p/hp-color-laserjet-managed-e87650/
2025-11-30 03:05:51,773 - INFO - Scraping 2639/6851: https://www.refurbed.de/p/hp-color-laserjet-managed-e87660/
2025-11-30 03:05:53,262 - INFO - Scraping 2640/6851: https://www.refurbed.de/p/hp-color-laserjet-pro-m252dw/
2025-11-30 03:05:54,746 - INFO - Scraping 2641/6851: https://www.refurbed.de/p/hp-color-laserjet-pro-m452dn/
2025-11-30 03:05:56,169 - INFO - Scraping 2642/6851: https://www.refurbed.de/p/hp-color-laserjet-pro-m454dn/
2025-11-30 03:05:57,609 - INFO - Scraping 2643/6851: https://www.refurbed.de/p/hp-color-laserjet-pro-mfp-m176n-/
2025-11-30 03:05:59,259 - INFO - Scraping 2644/6851: https://www.refurbed.de/p/hp-color-laserjet-pro-mfp-m183fw/
2025-11-30 03:06:00,883 - INFO - Scraping 2645/6851: https://www.refurbed.de/p/hp-color-laserjet-pro-mfp-m476dw/
2025-11-30 03:06:02,611 - INFO - Scraping 2646/6851: https://www.refurbed.de/p/hp-color-lj-enterpris-mfp-m577cm/
2025-11-30 03:06:04,266 - INFO - Scraping 2647/6851: https://www.refurbed.de/p/hp-color-lj-enterprise-m552dn/
2025-11-30 03:06:05,758 - INFO - Scraping 2648/6851: https://www.refurbed.de/p/hp-color-lj-enterprise-m555dn/
2025-11-30 03:06:07,241 - INFO - Scraping 2649/6851: https://www.refurbed.de/p/hp-color-lj-managed-mfp-e57540/
2025-11-30 03:06:08,739 - INFO - Scraping 2650/6851: https://www.refurbed.de/p/hp-color-lj-managed-mfp-e77825/
2025-11-30 03:06:10,245 - INFO - Scraping 2651/6851: https://www.refurbed.de/p/hp-color-lj-managed-mfp-e77830dn/
2025-11-30 03:06:11,708 - INFO - Scraping 2652/6851: https://www.refurbed.de/p/hp-color-lj-managed-mfp-e78330dn/
2025-11-30 03:06:13,142 - INFO - Scraping 2653/6851: https://www.refurbed.de/p/hp-color-lj-pro-mfp-m281fdw/
2025-11-30 03:06:14,805 - INFO - Scraping 2654/6851: https://www.refurbed.de/p/hp-color-lj-pro-mfp-m283fdw/
2025-11-30 03:06:16,224 - INFO - Scraping 2655/6851: https://www.refurbed.de/p/hp-color-lj-pro-mfp-m477fdn/
2025-11-30 03:06:17,644 - INFO - Scraping 2656/6851: https://www.refurbed.de/p/hp-color-lj-pro-mfp-m477fdw/
2025-11-30 03:06:19,041 - INFO - Scraping 2657/6851: https://www.refurbed.de/p/hp-color-lj-pro-mfp-m479fdn/
2025-11-30 03:06:20,669 - INFO - Scraping 2658/6851: https://www.refurbed.de/p/hp-color-lj-pro-mfp-m479fdw/
2025-11-30 03:06:22,074 - INFO - Scraping 2659/6851: https://www.refurbed.de/p/hp-compaq-elite-8200-usdt/
2025-11-30 03:06:22,329 - ERROR - Error fetching https://www.refurbed.de/p/hp-compaq-elite-8200-usdt/: 404 Client Error: Not Found for url: https://www.refurbed.de/p/hp-compaq-elite-8200-usdt/
2025-11-30 03:06:23,331 - INFO - Scraping 2660/6851: https://www.refurbed.de/p/hp-compaq-la-2205wg/
2025-11-30 03:06:24,950 - INFO - Scraping 2661/6851: https://www.refurbed.de/p/hp-compaq-la2006x/
2025-11-30 03:06:26,480 - INFO - Scraping 2662/6851: https://www.refurbed.de/p/hp-compaq-la2205wg/
2025-11-30 03:06:28,071 - INFO - Scraping 2663/6851: https://www.refurbed.de/p/hp-compaq-la2405wg/
2025-11-30 03:06:29,660 - INFO - Scraping 2664/6851: https://www.refurbed.de/p/hp-compaq-la2405x/
2025-11-30 03:06:31,159 - INFO - Scraping 2665/6851: https://www.refurbed.de/p/hp-desktop-m01-mt/
2025-11-30 03:06:32,601 - INFO - Scraping 2666/6851: https://www.refurbed.de/p/hp-dragonfly-g3-folio-1255u/
2025-11-30 03:06:34,314 - INFO - Scraping 2667/6851: https://www.refurbed.de/p/hp-dragonfly-g3-folio-i5-1245u/
2025-11-30 03:06:35,758 - INFO - Scraping 2668/6851: https://www.refurbed.de/p/hp-dreamcolor-z27x-27/
2025-11-30 03:06:37,162 - INFO - Scraping 2669/6851: https://www.refurbed.de/p/hp-e22-g4/
2025-11-30 03:06:38,556 - INFO - Scraping 2670/6851: https://www.refurbed.de/p/hp-e23-g4-23/
2025-11-30 03:06:40,119 - INFO - Scraping 2671/6851: https://www.refurbed.de/p/hp-e24-g4-24/
2025-11-30 03:06:41,732 - INFO - Scraping 2672/6851: https://www.refurbed.de/p/hp-e24-g5-23-8/
2025-11-30 03:06:43,161 - INFO - Scraping 2673/6851: https://www.refurbed.de/p/hp-e24i-g4/
2025-11-30 03:06:44,644 - INFO - Scraping 2674/6851: https://www.refurbed.de/p/hp-e24m-g4-23-8/
2025-11-30 03:06:46,254 - INFO - Scraping 2675/6851: https://www.refurbed.de/p/hp-e24mv-g4-23-8/
2025-11-30 03:06:47,906 - INFO - Scraping 2676/6851: https://www.refurbed.de/p/hp-e24q-g4/
2025-11-30 03:06:49,496 - INFO - Scraping 2677/6851: https://www.refurbed.de/p/hp-e24q-g5-23-8/
2025-11-30 03:06:50,917 - INFO - Scraping 2678/6851: https://www.refurbed.de/p/hp-e24t-g5-23-8/
2025-11-30 03:06:52,387 - INFO - Scraping 2679/6851: https://www.refurbed.de/p/hp-e24u-g4-23-8/
2025-11-30 03:06:54,141 - INFO - Scraping 2680/6851: https://www.refurbed.de/p/hp-e24u-g5-23-8/
2025-11-30 03:06:55,595 - INFO - Scraping 2681/6851: https://www.refurbed.de/p/hp-e27-g4-27/
2025-11-30 03:06:57,024 - INFO - Scraping 2682/6851: https://www.refurbed.de/p/hp-e27d-g4-27/
2025-11-30 03:06:58,690 - INFO - Scraping 2683/6851: https://www.refurbed.de/p/hp-e27m-g4-27/
2025-11-30 03:07:00,112 - INFO - Scraping 2684/6851: https://www.refurbed.de/p/hp-e27q-g4-27/
2025-11-30 03:07:01,676 - INFO - Scraping 2685/6851: https://www.refurbed.de/p/hp-e27q-g5-27/
2025-11-30 03:07:03,380 - INFO - Scraping 2686/6851: https://www.refurbed.de/p/hp-e27u-g5-27/
2025-11-30 03:07:04,825 - INFO - Scraping 2687/6851: https://www.refurbed.de/p/hp-e32k-g5-31-5/
2025-11-30 03:07:06,236 - INFO - Scraping 2688/6851: https://www.refurbed.de/p/hp-e34m-g4-34/
2025-11-30 03:07:07,642 - INFO - Scraping 2689/6851: https://www.refurbed.de/p/hp-e45c-g5-dqhd-curved-44-5/
2025-11-30 03:07:09,092 - INFO - Scraping 2690/6851: https://www.refurbed.de/p/hp-eb--725-g3-a10-pro-8700b/
2025-11-30 03:07:09,453 - ERROR - Error fetching https://www.refurbed.de/p/hp-eb--725-g3-a10-pro-8700b/: 404 Client Error: Not Found for url: https://www.refurbed.de/p/hp-eb--725-g3-a10-pro-8700b/
2025-11-30 03:07:10,455 - INFO - Scraping 2691/6851: https://www.refurbed.de/p/hp-eb-630-g11-ultra-5-125u/
2025-11-30 03:07:12,126 - INFO - Scraping 2692/6851: https://www.refurbed.de/p/hp-eb-630-g11-ultra-5-135u/
2025-11-30 03:07:13,901 - INFO - Scraping 2693/6851: https://www.refurbed.de/p/hp-eb-645-g10-r5-pro-7530u/
2025-11-30 03:07:15,357 - INFO - Scraping 2694/6851: https://www.refurbed.de/p/hp-eb-645-g10-ryzen-7-7730u/
2025-11-30 03:07:16,944 - INFO - Scraping 2695/6851: https://www.refurbed.de/p/hp-eb-660-g11-ultra-5-135u/
2025-11-30 03:07:18,464 - INFO - Scraping 2696/6851: https://www.refurbed.de/p/hp-eb-660-g11-ultra-7-155u/
2025-11-30 03:07:19,922 - INFO - Scraping 2697/6851: https://www.refurbed.de/p/hp-eb-725-g3-a12-pro-8800b/
2025-11-30 03:07:20,419 - ERROR - Error fetching https://www.refurbed.de/p/hp-eb-725-g3-a12-pro-8800b/: 404 Client Error: Not Found for url: https://www.refurbed.de/p/hp-eb-725-g3-a12-pro-8800b/
2025-11-30 03:07:21,422 - INFO - Scraping 2698/6851: https://www.refurbed.de/p/hp-eb-830-g5-7200u/
2025-11-30 03:07:21,681 - ERROR - Error fetching https://www.refurbed.de/p/hp-eb-830-g5-7200u/: 404 Client Error: Not Found for url: https://www.refurbed.de/p/hp-eb-830-g5-7200u/
2025-11-30 03:07:22,684 - INFO - Scraping 2699/6851: https://www.refurbed.de/p/hp-eb-830-g5-7300u/
2025-11-30 03:07:22,960 - ERROR - Error fetching https://www.refurbed.de/p/hp-eb-830-g5-7300u/: 404 Client Error: Not Found for url: https://www.refurbed.de/p/hp-eb-830-g5-7300u/
2025-11-30 03:07:23,962 - INFO - Scraping 2700/6851: https://www.refurbed.de/p/hp-eb-830-g5-8250u/
2025-11-30 03:07:25,396 - INFO - Scraping 2701/6851: https://www.refurbed.de/p/hp-eb-830-g5-8350u/
2025-11-30 03:07:27,010 - INFO - Scraping 2702/6851: https://www.refurbed.de/p/hp-eb-830-g5-8550u/
2025-11-30 03:07:28,583 - INFO - Scraping 2703/6851: https://www.refurbed.de/p/hp-eb-830-g5-8650u/
2025-11-30 03:07:30,087 - INFO - Scraping 2704/6851: https://www.refurbed.de/p/hp-eb-830-g5-i5-7300u/
2025-11-30 03:07:30,419 - ERROR - Error fetching https://www.refurbed.de/p/hp-eb-830-g5-i5-7300u/: 404 Client Error: Not Found for url: https://www.refurbed.de/p/hp-eb-830-g5-i5-7300u/
2025-11-30 03:07:31,421 - INFO - Scraping 2705/6851: https://www.refurbed.de/p/hp-eb-830-g6-8365u/
2025-11-30 03:07:33,333 - INFO - Scraping 2706/6851: https://www.refurbed.de/p/hp-eb-830-g6-i7-8565u-13-3/
2025-11-30 03:07:34,907 - INFO - Scraping 2707/6851: https://www.refurbed.de/p/hp-eb-830-g6-i7-8665u-13-3/
2025-11-30 03:07:36,530 - INFO - Scraping 2708/6851: https://www.refurbed.de/p/hp-eb-830-g8-1135g7/
2025-11-30 03:07:38,525 - INFO - Scraping 2709/6851: https://www.refurbed.de/p/hp-eb-830-g8-1185g7-13-3/
2025-11-30 03:07:39,936 - INFO - Scraping 2710/6851: https://www.refurbed.de/p/hp-eb-830-g8-i7-1165g7/
2025-11-30 03:07:41,526 - INFO - Scraping 2711/6851: https://www.refurbed.de/p/hp-eb-835-g11-ryzen-5-8540u-13-3/
2025-11-30 03:07:42,927 - INFO - Scraping 2712/6851: https://www.refurbed.de/p/hp-eb-835-g11-ryzen-7-8840u-13-3/
2025-11-30 03:07:44,377 - INFO - Scraping 2713/6851: https://www.refurbed.de/p/hp-eb-835-g7-r5-pro-4450u-13-3/
2025-11-30 03:07:46,136 - INFO - Scraping 2714/6851: https://www.refurbed.de/p/hp-eb-835-g7-r5-pro-4650u-13-3/
2025-11-30 03:07:47,745 - INFO - Scraping 2715/6851: https://www.refurbed.de/p/hp-eb-835-g9-r5-pro-6650u/
2025-11-30 03:07:49,520 - INFO - Scraping 2716/6851: https://www.refurbed.de/p/hp-eb-845-g10-r5-pro-7545u/
2025-11-30 03:07:51,025 - INFO - Scraping 2717/6851: https://www.refurbed.de/p/hp-eb-845-g10-r7-pro-7840hs-14/
2025-11-30 03:07:52,597 - INFO - Scraping 2718/6851: https://www.refurbed.de/p/hp-eb-845-g11-ryzen-5-pro-8540u/
2025-11-30 03:07:54,005 - INFO - Scraping 2719/6851: https://www.refurbed.de/p/hp-eb-845-g11-ryzen-7-8840u-14/
2025-11-30 03:07:55,598 - INFO - Scraping 2720/6851: https://www.refurbed.de/p/hp-eb-865-g10-r-5-pro-7545u/
2025-11-30 03:07:57,201 - INFO - Scraping 2721/6851: https://www.refurbed.de/p/hp-eb-865-g11-r7-pro-8840hs-16/
2025-11-30 03:07:58,683 - INFO - Scraping 2722/6851: https://www.refurbed.de/p/hp-eb-865-g11-ryzen-7-8840u-16/
2025-11-30 03:08:00,303 - INFO - Scraping 2723/6851: https://www.refurbed.de/p/hp-eb-revolve-810-g2-i5-4300u/
2025-11-30 03:08:00,577 - ERROR - Error fetching https://www.refurbed.de/p/hp-eb-revolve-810-g2-i5-4300u/: 404 Client Error: Not Found for url: https://www.refurbed.de/p/hp-eb-revolve-810-g2-i5-4300u/
2025-11-30 03:08:01,580 - INFO - Scraping 2724/6851: https://www.refurbed.de/p/hp-eb-revolve-810-g3-5200u/
2025-11-30 03:08:01,839 - ERROR - Error fetching https://www.refurbed.de/p/hp-eb-revolve-810-g3-5200u/: 404 Client Error: Not Found for url: https://www.refurbed.de/p/hp-eb-revolve-810-g3-5200u/
2025-11-30 03:08:02,841 - INFO - Scraping 2725/6851: https://www.refurbed.de/p/hp-eb-revolve-810-g3-5300u/
2025-11-30 03:08:03,107 - ERROR - Error fetching https://www.refurbed.de/p/hp-eb-revolve-810-g3-5300u/: 404 Client Error: Not Found for url: https://www.refurbed.de/p/hp-eb-revolve-810-g3-5300u/
2025-11-30 03:08:04,109 - INFO - Scraping 2726/6851: https://www.refurbed.de/p/hp-eb-x360-1040-g10-i7-1355u/
2025-11-30 03:08:05,536 - INFO - Scraping 2727/6851: https://www.refurbed.de/p/hp-elite-830-x360-g10-i5-1355u/
2025-11-30 03:08:06,971 - INFO - Scraping 2728/6851: https://www.refurbed.de/p/hp-elite-830-x360-g10-i7-1355u/
2025-11-30 03:08:08,729 - INFO - Scraping 2729/6851: https://www.refurbed.de/p/hp-elite-830-x360-g11-7-155u/
2025-11-30 03:08:10,200 - INFO - Scraping 2730/6851: https://www.refurbed.de/p/hp-elite-830-x360-g9-i5-1245u/
2025-11-30 03:08:11,603 - INFO - Scraping 2731/6851: https://www.refurbed.de/p/hp-elite-830-x360-g9-i7-1255u/
2025-11-30 03:08:13,105 - INFO - Scraping 2732/6851: https://www.refurbed.de/p/hp-elite-c1030-chromebook-i3/
2025-11-30 03:08:14,574 - INFO - Scraping 2733/6851: https://www.refurbed.de/p/hp-elite-dragonfly-8265u-13-3/
2025-11-30 03:08:15,990 - INFO - Scraping 2734/6851: https://www.refurbed.de/p/hp-elite-dragonfly-8365u-13-3/
2025-11-30 03:08:16,446 - ERROR - Error fetching https://www.refurbed.de/p/hp-elite-dragonfly-8365u-13-3/: 404 Client Error: Not Found for url: https://www.refurbed.de/p/hp-elite-dragonfly-8365u-13-3/
2025-11-30 03:08:17,448 - INFO - Scraping 2735/6851: https://www.refurbed.de/p/hp-elite-dragonfly-g2-1135g7-13/
2025-11-30 03:08:18,886 - INFO - Scraping 2736/6851: https://www.refurbed.de/p/hp-elite-dragonfly-g2-i5-1145g7/
2025-11-30 03:08:20,375 - INFO - Scraping 2737/6851: https://www.refurbed.de/p/hp-elite-dragonfly-g2-i7-1165g7/
2025-11-30 03:08:21,899 - INFO - Scraping 2738/6851: https://www.refurbed.de/p/hp-elite-dragonfly-g2-i7-1185g7/
2025-11-30 03:08:23,331 - INFO - Scraping 2739/6851: https://www.refurbed.de/p/hp-elite-dragonfly-g3-1255u-13-5/
2025-11-30 03:08:24,956 - INFO - Scraping 2740/6851: https://www.refurbed.de/p/hp-elite-dragonfly-g3-i5-1235u/
2025-11-30 03:08:26,542 - INFO - Scraping 2741/6851: https://www.refurbed.de/p/hp-elite-dragonfly-g3-i7-1265u/
2025-11-30 03:08:27,973 - INFO - Scraping 2742/6851: https://www.refurbed.de/p/hp-elite-dragonfly-g4-i5-1335u/
2025-11-30 03:08:29,568 - INFO - Scraping 2743/6851: https://www.refurbed.de/p/hp-elite-dragonfly-g4-i5-1345u/
2025-11-30 03:08:30,986 - INFO - Scraping 2744/6851: https://www.refurbed.de/p/hp-elite-dragonfly-g4-i7-1355u/
2025-11-30 03:08:32,487 - INFO - Scraping 2745/6851: https://www.refurbed.de/p/hp-elite-dragonfly-g4-i7-1365u/
2025-11-30 03:08:34,246 - INFO - Scraping 2746/6851: https://www.refurbed.de/p/hp-elite-dragonfly-i7-8565u-13-3/
2025-11-30 03:08:35,900 - INFO - Scraping 2747/6851: https://www.refurbed.de/p/hp-elite-dragonfly-max-i7-1165g7/
2025-11-30 03:08:37,387 - INFO - Scraping 2748/6851: https://www.refurbed.de/p/hp-elite-mini-600-g9/
2025-11-30 03:08:38,798 - INFO - Scraping 2749/6851: https://www.refurbed.de/p/hp-elite-mini-800-g9/
2025-11-30 03:08:40,264 - INFO - Scraping 2750/6851: https://www.refurbed.de/p/hp-elite-sff-600-g9/
2025-11-30 03:08:41,747 - INFO - Scraping 2751/6851: https://www.refurbed.de/p/hp-elite-slice/
2025-11-30 03:08:42,031 - ERROR - Error fetching https://www.refurbed.de/p/hp-elite-slice/: 404 Client Error: Not Found for url: https://www.refurbed.de/p/hp-elite-slice/
2025-11-30 03:08:43,034 - INFO - Scraping 2752/6851: https://www.refurbed.de/p/hp-elite-x2-1012-g1-m5-6y54/
2025-11-30 03:08:43,290 - ERROR - Error fetching https://www.refurbed.de/p/hp-elite-x2-1012-g1-m5-6y54/: 404 Client Error: Not Found for url: https://www.refurbed.de/p/hp-elite-x2-1012-g1-m5-6y54/
2025-11-30 03:08:44,292 - INFO - Scraping 2753/6851: https://www.refurbed.de/p/hp-elite-x2-1012-g1-m5-6y57/
2025-11-30 03:08:44,578 - ERROR - Error fetching https://www.refurbed.de/p/hp-elite-x2-1012-g1-m5-6y57/: 404 Client Error: Not Found for url: https://www.refurbed.de/p/hp-elite-x2-1012-g1-m5-6y57/
2025-11-30 03:08:45,580 - INFO - Scraping 2754/6851: https://www.refurbed.de/p/hp-elite-x2-1012-g1-m7-6y75/
2025-11-30 03:08:45,902 - ERROR - Error fetching https://www.refurbed.de/p/hp-elite-x2-1012-g1-m7-6y75/: 404 Client Error: Not Found for url: https://www.refurbed.de/p/hp-elite-x2-1012-g1-m7-6y75/
2025-11-30 03:08:46,904 - INFO - Scraping 2755/6851: https://www.refurbed.de/p/hp-elite-x2-1012-g2-7200u/
2025-11-30 03:08:47,204 - ERROR - Error fetching https://www.refurbed.de/p/hp-elite-x2-1012-g2-7200u/: 404 Client Error: Not Found for url: https://www.refurbed.de/p/hp-elite-x2-1012-g2-7200u/
2025-11-30 03:08:48,207 - INFO - Scraping 2756/6851: https://www.refurbed.de/p/hp-elite-x2-1012-g2-7300u/
2025-11-30 03:08:48,652 - ERROR - Error fetching https://www.refurbed.de/p/hp-elite-x2-1012-g2-7300u/: 404 Client Error: Not Found for url: https://www.refurbed.de/p/hp-elite-x2-1012-g2-7300u/
2025-11-30 03:08:49,655 - INFO - Scraping 2757/6851: https://www.refurbed.de/p/hp-elite-x2-1012-g2-7500u/
2025-11-30 03:08:49,970 - ERROR - Error fetching https://www.refurbed.de/p/hp-elite-x2-1012-g2-7500u/: 404 Client Error: Not Found for url: https://www.refurbed.de/p/hp-elite-x2-1012-g2-7500u/
2025-11-30 03:08:50,972 - INFO - Scraping 2758/6851: https://www.refurbed.de/p/hp-elite-x2-1012-g2-7600u/
2025-11-30 03:08:51,489 - ERROR - Error fetching https://www.refurbed.de/p/hp-elite-x2-1012-g2-7600u/: 404 Client Error: Not Found for url: https://www.refurbed.de/p/hp-elite-x2-1012-g2-7600u/
2025-11-30 03:08:52,492 - INFO - Scraping 2759/6851: https://www.refurbed.de/p/hp-elite-x2-1012-g2-m5-6y57/
2025-11-30 03:08:52,771 - ERROR - Error fetching https://www.refurbed.de/p/hp-elite-x2-1012-g2-m5-6y57/: 404 Client Error: Not Found for url: https://www.refurbed.de/p/hp-elite-x2-1012-g2-m5-6y57/
2025-11-30 03:08:53,773 - INFO - Scraping 2760/6851: https://www.refurbed.de/p/hp-elite-x2-1013-g3-8250u/
2025-11-30 03:08:55,228 - INFO - Scraping 2761/6851: https://www.refurbed.de/p/hp-elite-x2-1013-g3-8350u/
2025-11-30 03:08:57,114 - INFO - Scraping 2762/6851: https://www.refurbed.de/p/hp-elite-x2-1013-g3-8650u/
2025-11-30 03:08:58,506 - INFO - Scraping 2763/6851: https://www.refurbed.de/p/hp-elite-x2-1013-g3-i3-8130u/
2025-11-30 03:08:58,788 - ERROR - Error fetching https://www.refurbed.de/p/hp-elite-x2-1013-g3-i3-8130u/: 404 Client Error: Not Found for url: https://www.refurbed.de/p/hp-elite-x2-1013-g3-i3-8130u/
2025-11-30 03:08:59,790 - INFO - Scraping 2764/6851: https://www.refurbed.de/p/hp-elite-x2-1013-g3-i7-8550u/
2025-11-30 03:09:01,268 - INFO - Scraping 2765/6851: https://www.refurbed.de/p/hp-elite-x2-210-g2-x5-z8350/
2025-11-30 03:09:01,701 - ERROR - Error fetching https://www.refurbed.de/p/hp-elite-x2-210-g2-x5-z8350/: 404 Client Error: Not Found for url: https://www.refurbed.de/p/hp-elite-x2-210-g2-x5-z8350/
2025-11-30 03:09:02,703 - INFO - Scraping 2766/6851: https://www.refurbed.de/p/hp-elite-x2-612-g2-i5-7y54/
2025-11-30 03:09:02,965 - ERROR - Error fetching https://www.refurbed.de/p/hp-elite-x2-612-g2-i5-7y54/: 404 Client Error: Not Found for url: https://www.refurbed.de/p/hp-elite-x2-612-g2-i5-7y54/
2025-11-30 03:09:03,966 - INFO - Scraping 2767/6851: https://www.refurbed.de/p/hp-elite-x2-612-g2-i5-7y57/
2025-11-30 03:09:04,227 - ERROR - Error fetching https://www.refurbed.de/p/hp-elite-x2-612-g2-i5-7y57/: 404 Client Error: Not Found for url: https://www.refurbed.de/p/hp-elite-x2-612-g2-i5-7y57/
2025-11-30 03:09:05,229 - INFO - Scraping 2768/6851: https://www.refurbed.de/p/hp-elite-x2-612-g2-m3-7y30/
2025-11-30 03:09:05,492 - ERROR - Error fetching https://www.refurbed.de/p/hp-elite-x2-612-g2-m3-7y30/: 404 Client Error: Not Found for url: https://www.refurbed.de/p/hp-elite-x2-612-g2-m3-7y30/
2025-11-30 03:09:06,493 - INFO - Scraping 2769/6851: https://www.refurbed.de/p/hp-elite-x2-612-g2-m5-6y54/
2025-11-30 03:09:06,783 - ERROR - Error fetching https://www.refurbed.de/p/hp-elite-x2-612-g2-m5-6y54/: 404 Client Error: Not Found for url: https://www.refurbed.de/p/hp-elite-x2-612-g2-m5-6y54/
2025-11-30 03:09:07,785 - INFO - Scraping 2770/6851: https://www.refurbed.de/p/hp-elite-x2-g4-8265u/
2025-11-30 03:09:09,618 - INFO - Scraping 2771/6851: https://www.refurbed.de/p/hp-elite-x2-g4-8365u/
2025-11-30 03:09:11,360 - INFO - Scraping 2772/6851: https://www.refurbed.de/p/hp-elite-x2-g4-8665u-13/
2025-11-30 03:09:12,787 - INFO - Scraping 2773/6851: https://www.refurbed.de/p/hp-elite-x2-g4-lte-8265u-13/
2025-11-30 03:09:13,129 - ERROR - Error fetching https://www.refurbed.de/p/hp-elite-x2-g4-lte-8265u-13/: 404 Client Error: Not Found for url: https://www.refurbed.de/p/hp-elite-x2-g4-lte-8265u-13/
2025-11-30 03:09:14,131 - INFO - Scraping 2774/6851: https://www.refurbed.de/p/hp-elite-x2-g8-1145g7/
2025-11-30 03:09:15,865 - INFO - Scraping 2775/6851: https://www.refurbed.de/p/hp-elite-x2-g8-i3-1125g4/
2025-11-30 03:09:17,459 - INFO - Scraping 2776/6851: https://www.refurbed.de/p/hp-elite-x2-g8-i5-1135g7/
2025-11-30 03:09:19,086 - INFO - Scraping 2777/6851: https://www.refurbed.de/p/hp-elite-x2-tpa-b01/
2025-11-30 03:09:20,495 - INFO - Scraping 2778/6851: https://www.refurbed.de/p/hp-elite-x3/
2025-11-30 03:09:20,759 - ERROR - Error fetching https://www.refurbed.de/p/hp-elite-x3/: 404 Client Error: Not Found for url: https://www.refurbed.de/p/hp-elite-x3/
2025-11-30 03:09:21,762 - INFO - Scraping 2779/6851: https://www.refurbed.de/p/hp-elite-x360-1040-g10-i5-1355u/
2025-11-30 03:09:23,412 - INFO - Scraping 2780/6851: https://www.refurbed.de/p/hp-elite-x360-1040-g10-i7-1355u/
2025-11-30 03:09:24,886 - INFO - Scraping 2781/6851: https://www.refurbed.de/p/hp-elite-x360-1040-g11-7-165h/
2025-11-30 03:09:26,338 - INFO - Scraping 2782/6851: https://www.refurbed.de/p/hp-elitebook-1030-g1-m5-6y54-13/
2025-11-30 03:09:26,599 - ERROR - Error fetching https://www.refurbed.de/p/hp-elitebook-1030-g1-m5-6y54-13/: 404 Client Error: Not Found for url: https://www.refurbed.de/p/hp-elitebook-1030-g1-m5-6y54-13/
2025-11-30 03:09:27,602 - INFO - Scraping 2783/6851: https://www.refurbed.de/p/hp-elitebook-1030-g1-m7-6y75-13/
2025-11-30 03:09:27,874 - ERROR - Error fetching https://www.refurbed.de/p/hp-elitebook-1030-g1-m7-6y75-13/: 404 Client Error: Not Found for url: https://www.refurbed.de/p/hp-elitebook-1030-g1-m7-6y75-13/
2025-11-30 03:09:28,877 - INFO - Scraping 2784/6851: https://www.refurbed.de/p/hp-elitebook-1040-g10-1360p-14/
2025-11-30 03:09:30,308 - INFO - Scraping 2785/6851: https://www.refurbed.de/p/hp-elitebook-1040-g10-1365u-14/
2025-11-30 03:09:31,733 - INFO - Scraping 2786/6851: https://www.refurbed.de/p/hp-elitebook-1040-g10-i5-1335u/
2025-11-30 03:09:33,231 - INFO - Scraping 2787/6851: https://www.refurbed.de/p/hp-elitebook-1040-g10-i7-1355u/
2025-11-30 03:09:34,793 - INFO - Scraping 2788/6851: https://www.refurbed.de/p/hp-elitebook-1040-g4-7300u-14/
2025-11-30 03:09:35,107 - ERROR - Error fetching https://www.refurbed.de/p/hp-elitebook-1040-g4-7300u-14/: 404 Client Error: Not Found for url: https://www.refurbed.de/p/hp-elitebook-1040-g4-7300u-14/
2025-11-30 03:09:36,110 - INFO - Scraping 2789/6851: https://www.refurbed.de/p/hp-elitebook-1040-g4-i5-7200u/
2025-11-30 03:09:36,362 - ERROR - Error fetching https://www.refurbed.de/p/hp-elitebook-1040-g4-i5-7200u/: 404 Client Error: Not Found for url: https://www.refurbed.de/p/hp-elitebook-1040-g4-i5-7200u/
2025-11-30 03:09:37,364 - INFO - Scraping 2790/6851: https://www.refurbed.de/p/hp-elitebook-1040-g4-i7-7820hq/
2025-11-30 03:09:38,799 - INFO - Scraping 2791/6851: https://www.refurbed.de/p/hp-elitebook-1040-g9-1255u/
2025-11-30 03:09:40,220 - INFO - Scraping 2792/6851: https://www.refurbed.de/p/hp-elitebook-1040-g9-i5-1235u/
2025-11-30 03:09:41,654 - INFO - Scraping 2793/6851: https://www.refurbed.de/p/hp-elitebook-1040-g9-i5-1245u/
2025-11-30 03:09:43,232 - INFO - Scraping 2794/6851: https://www.refurbed.de/p/hp-elitebook-1040-g9-i7-1265u/
2025-11-30 03:09:44,711 - INFO - Scraping 2795/6851: https://www.refurbed.de/p/hp-elitebook-1050-g1-8750h/
2025-11-30 03:09:46,117 - INFO - Scraping 2796/6851: https://www.refurbed.de/p/hp-elitebook-1050-g1-i7-8850h/
2025-11-30 03:09:47,799 - INFO - Scraping 2797/6851: https://www.refurbed.de/p/hp-elitebook-630-g10-1335u-13/
2025-11-30 03:09:49,325 - INFO - Scraping 2798/6851: https://www.refurbed.de/p/hp-elitebook-630-g10-i7-1355u/
2025-11-30 03:09:50,725 - INFO - Scraping 2799/6851: https://www.refurbed.de/p/hp-elitebook-630-g9-1235u-13-3/
2025-11-30 03:09:52,171 - INFO - Scraping 2800/6851: https://www.refurbed.de/p/hp-elitebook-630-g9-1245u-13-3/
2025-11-30 03:09:54,042 - INFO - Scraping 2801/6851: https://www.refurbed.de/p/hp-elitebook-630-g9-1255u-13-3/
2025-11-30 03:09:55,509 - INFO - Scraping 2802/6851: https://www.refurbed.de/p/hp-elitebook-630-g9-i3-1215u/
2025-11-30 03:09:57,028 - INFO - Scraping 2803/6851: https://www.refurbed.de/p/hp-elitebook-640-g10-1315u-14/
2025-11-30 03:09:58,652 - INFO - Scraping 2804/6851: https://www.refurbed.de/p/hp-elitebook-640-g10-1335u-14/
2025-11-30 03:10:00,510 - INFO - Scraping 2805/6851: https://www.refurbed.de/p/hp-elitebook-640-g10-1345u-14/
2025-11-30 03:10:02,070 - INFO - Scraping 2806/6851: https://www.refurbed.de/p/hp-elitebook-640-g10-i7-1355u/
2025-11-30 03:10:03,485 - INFO - Scraping 2807/6851: https://www.refurbed.de/p/hp-elitebook-640-g10-i7-1365u/
2025-11-30 03:10:05,021 - INFO - Scraping 2808/6851: https://www.refurbed.de/p/hp-elitebook-640-g11-5-135u/
2025-11-30 03:10:06,612 - INFO - Scraping 2809/6851: https://www.refurbed.de/p/hp-elitebook-640-g11-7-155u/
2025-11-30 03:10:08,143 - INFO - Scraping 2810/6851: https://www.refurbed.de/p/hp-elitebook-640-g9-1215u-14/
2025-11-30 03:10:09,573 - INFO - Scraping 2811/6851: https://www.refurbed.de/p/hp-elitebook-640-g9-i5-1235u-14/
2025-11-30 03:10:11,194 - INFO - Scraping 2812/6851: https://www.refurbed.de/p/hp-elitebook-640-g9-i5-1245u-14/
2025-11-30 03:10:12,620 - INFO - Scraping 2813/6851: https://www.refurbed.de/p/hp-elitebook-640-g9-i7-1255u-14/
2025-11-30 03:10:14,197 - INFO - Scraping 2814/6851: https://www.refurbed.de/p/hp-elitebook-645-g10-r5-7530u/
2025-11-30 03:10:15,620 - INFO - Scraping 2815/6851: https://www.refurbed.de/p/hp-elitebook-645-g9-5675u/
2025-11-30 03:10:17,290 - INFO - Scraping 2816/6851: https://www.refurbed.de/p/hp-elitebook-645-g9-7-pro-5875u/
2025-11-30 03:10:18,919 - INFO - Scraping 2817/6851: https://www.refurbed.de/p/hp-elitebook-650-g10-i5-1335u/
2025-11-30 03:10:20,687 - INFO - Scraping 2818/6851: https://www.refurbed.de/p/hp-elitebook-650-g10-i5-1345u/
2025-11-30 03:10:22,195 - INFO - Scraping 2819/6851: https://www.refurbed.de/p/hp-elitebook-650-g10-i7-1355u/
2025-11-30 03:10:23,671 - INFO - Scraping 2820/6851: https://www.refurbed.de/p/hp-elitebook-650-g10-i7-1370p/
2025-11-30 03:10:25,077 - INFO - Scraping 2821/6851: https://www.refurbed.de/p/hp-elitebook-650-g9-i3-1215u-14/
2025-11-30 03:10:26,513 - INFO - Scraping 2822/6851: https://www.refurbed.de/p/hp-elitebook-650-g9-i5-1235u-14/
2025-11-30 03:10:27,932 - INFO - Scraping 2823/6851: https://www.refurbed.de/p/hp-elitebook-650-g9-i5-1245u/
2025-11-30 03:10:29,479 - INFO - Scraping 2824/6851: https://www.refurbed.de/p/hp-elitebook-650-g9-i7-1255u/
2025-11-30 03:10:31,003 - INFO - Scraping 2825/6851: https://www.refurbed.de/p/hp-elitebook-655-g10-r5-7530u/
2025-11-30 03:10:32,601 - INFO - Scraping 2826/6851: https://www.refurbed.de/p/hp-elitebook-655-g10-r7-7730u/
2025-11-30 03:10:34,085 - INFO - Scraping 2827/6851: https://www.refurbed.de/p/hp-elitebook-655-g9-5-pro-5675u/
2025-11-30 03:10:35,531 - INFO - Scraping 2828/6851: https://www.refurbed.de/p/hp-elitebook-655-g9-5425u-15-6/
2025-11-30 03:10:37,041 - INFO - Scraping 2829/6851: https://www.refurbed.de/p/hp-elitebook-655-g9-5625u-15-6/
2025-11-30 03:10:38,453 - INFO - Scraping 2830/6851: https://www.refurbed.de/p/hp-elitebook-655-g9-7-pro-5875u/
2025-11-30 03:10:39,987 - INFO - Scraping 2831/6851: https://www.refurbed.de/p/hp-elitebook-665-g11-pro-7535u/
2025-11-30 03:10:41,601 - INFO - Scraping 2832/6851: https://www.refurbed.de/p/hp-elitebook-725-g2-a8-pro-7050b/
2025-11-30 03:10:41,992 - ERROR - Error fetching https://www.refurbed.de/p/hp-elitebook-725-g2-a8-pro-7050b/: 404 Client Error: Not Found for url: https://www.refurbed.de/p/hp-elitebook-725-g2-a8-pro-7050b/
2025-11-30 03:10:42,995 - INFO - Scraping 2833/6851: https://www.refurbed.de/p/hp-elitebook-725-g2-pro-7350b-12/
2025-11-30 03:10:43,539 - ERROR - Error fetching https://www.refurbed.de/p/hp-elitebook-725-g2-pro-7350b-12/: 404 Client Error: Not Found for url: https://www.refurbed.de/p/hp-elitebook-725-g2-pro-7350b-12/
2025-11-30 03:10:44,542 - INFO - Scraping 2834/6851: https://www.refurbed.de/p/hp-elitebook-725-g3-a8-pro-8600b/
2025-11-30 03:10:45,659 - ERROR - Error fetching https://www.refurbed.de/p/hp-elitebook-725-g3-a8-pro-8600b/: 404 Client Error: Not Found for url: https://www.refurbed.de/p/hp-elitebook-725-g3-a8-pro-8600b/
2025-11-30 03:10:46,661 - INFO - Scraping 2835/6851: https://www.refurbed.de/p/hp-elitebook-725-g4-a10-8730b/
2025-11-30 03:10:47,379 - ERROR - Error fetching https://www.refurbed.de/p/hp-elitebook-725-g4-a10-8730b/: 404 Client Error: Not Found for url: https://www.refurbed.de/p/hp-elitebook-725-g4-a10-8730b/
2025-11-30 03:10:48,382 - INFO - Scraping 2836/6851: https://www.refurbed.de/p/hp-elitebook-735-g5-2300u-13/
2025-11-30 03:10:48,781 - ERROR - Error fetching https://www.refurbed.de/p/hp-elitebook-735-g5-2300u-13/: 404 Client Error: Not Found for url: https://www.refurbed.de/p/hp-elitebook-735-g5-2300u-13/
2025-11-30 03:10:49,784 - INFO - Scraping 2837/6851: https://www.refurbed.de/p/hp-elitebook-735-g5-2500u-13/
2025-11-30 03:10:50,076 - ERROR - Error fetching https://www.refurbed.de/p/hp-elitebook-735-g5-2500u-13/: 404 Client Error: Not Found for url: https://www.refurbed.de/p/hp-elitebook-735-g5-2500u-13/
2025-11-30 03:10:51,078 - INFO - Scraping 2838/6851: https://www.refurbed.de/p/hp-elitebook-735-g6-5-3500u/
2025-11-30 03:10:52,648 - INFO - Scraping 2839/6851: https://www.refurbed.de/p/hp-elitebook-735-g6-5-pro-3500u/
2025-11-30 03:10:55,039 - INFO - Scraping 2840/6851: https://www.refurbed.de/p/hp-elitebook-745-g2-a6-pro-7050b/
2025-11-30 03:10:55,303 - ERROR - Error fetching https://www.refurbed.de/p/hp-elitebook-745-g2-a6-pro-7050b/: 404 Client Error: Not Found for url: https://www.refurbed.de/p/hp-elitebook-745-g2-a6-pro-7050b/
2025-11-30 03:10:56,305 - INFO - Scraping 2841/6851: https://www.refurbed.de/p/hp-elitebook-745-g2-a8-pro-7150b/
2025-11-30 03:10:56,620 - ERROR - Error fetching https://www.refurbed.de/p/hp-elitebook-745-g2-a8-pro-7150b/: 404 Client Error: Not Found for url: https://www.refurbed.de/p/hp-elitebook-745-g2-a8-pro-7150b/
2025-11-30 03:10:57,622 - INFO - Scraping 2842/6851: https://www.refurbed.de/p/hp-elitebook-745-g3-a10-8700b/
2025-11-30 03:10:57,893 - ERROR - Error fetching https://www.refurbed.de/p/hp-elitebook-745-g3-a10-8700b/: 404 Client Error: Not Found for url: https://www.refurbed.de/p/hp-elitebook-745-g3-a10-8700b/
2025-11-30 03:10:58,895 - INFO - Scraping 2843/6851: https://www.refurbed.de/p/hp-elitebook-745-g3-pro-a8-8600b/
2025-11-30 03:10:59,151 - ERROR - Error fetching https://www.refurbed.de/p/hp-elitebook-745-g3-pro-a8-8600b/: 404 Client Error: Not Found for url: https://www.refurbed.de/p/hp-elitebook-745-g3-pro-a8-8600b/
2025-11-30 03:11:00,153 - INFO - Scraping 2844/6851: https://www.refurbed.de/p/hp-elitebook-745-g4-a10-8730b/
2025-11-30 03:11:00,471 - ERROR - Error fetching https://www.refurbed.de/p/hp-elitebook-745-g4-a10-8730b/: 404 Client Error: Not Found for url: https://www.refurbed.de/p/hp-elitebook-745-g4-a10-8730b/
2025-11-30 03:11:01,473 - INFO - Scraping 2845/6851: https://www.refurbed.de/p/hp-elitebook-745-g4-pro-a8-8600b/
2025-11-30 03:11:01,742 - ERROR - Error fetching https://www.refurbed.de/p/hp-elitebook-745-g4-pro-a8-8600b/: 404 Client Error: Not Found for url: https://www.refurbed.de/p/hp-elitebook-745-g4-pro-a8-8600b/
2025-11-30 03:11:02,744 - INFO - Scraping 2846/6851: https://www.refurbed.de/p/hp-elitebook-745-g4-pro-a8-9600b/
2025-11-30 03:11:03,013 - ERROR - Error fetching https://www.refurbed.de/p/hp-elitebook-745-g4-pro-a8-9600b/: 404 Client Error: Not Found for url: https://www.refurbed.de/p/hp-elitebook-745-g4-pro-a8-9600b/
2025-11-30 03:11:04,015 - INFO - Scraping 2847/6851: https://www.refurbed.de/p/hp-elitebook-745-g5-5-2500u/
2025-11-30 03:11:04,273 - ERROR - Error fetching https://www.refurbed.de/p/hp-elitebook-745-g5-5-2500u/: 404 Client Error: Not Found for url: https://www.refurbed.de/p/hp-elitebook-745-g5-5-2500u/
2025-11-30 03:11:05,275 - INFO - Scraping 2848/6851: https://www.refurbed.de/p/hp-elitebook-745-g6-3-3300u/
2025-11-30 03:11:06,771 - INFO - Scraping 2849/6851: https://www.refurbed.de/p/hp-elitebook-745-g6-5-pro-3500u/
2025-11-30 03:11:08,510 - INFO - Scraping 2850/6851: https://www.refurbed.de/p/hp-elitebook-745-g6-7-pro-3700u/
2025-11-30 03:11:10,123 - INFO - Scraping 2851/6851: https://www.refurbed.de/p/hp-elitebook-755-5-pro-2500u/
2025-11-30 03:11:10,391 - ERROR - Error fetching https://www.refurbed.de/p/hp-elitebook-755-5-pro-2500u/: 404 Client Error: Not Found for url: https://www.refurbed.de/p/hp-elitebook-755-5-pro-2500u/
2025-11-30 03:11:11,393 - INFO - Scraping 2852/6851: https://www.refurbed.de/p/hp-elitebook-755-g4-a10-8730b/
2025-11-30 03:11:11,682 - ERROR - Error fetching https://www.refurbed.de/p/hp-elitebook-755-g4-a10-8730b/: 404 Client Error: Not Found for url: https://www.refurbed.de/p/hp-elitebook-755-g4-a10-8730b/
2025-11-30 03:11:12,685 - INFO - Scraping 2853/6851: https://www.refurbed.de/p/hp-elitebook-755-g5-r3-pro-2300u/
2025-11-30 03:11:12,989 - ERROR - Error fetching https://www.refurbed.de/p/hp-elitebook-755-g5-r3-pro-2300u/: 404 Client Error: Not Found for url: https://www.refurbed.de/p/hp-elitebook-755-g5-r3-pro-2300u/
2025-11-30 03:11:13,991 - INFO - Scraping 2854/6851: https://www.refurbed.de/p/hp-elitebook-755-g5-r7-pro-2700u/
2025-11-30 03:11:14,273 - ERROR - Error fetching https://www.refurbed.de/p/hp-elitebook-755-g5-r7-pro-2700u/: 404 Client Error: Not Found for url: https://www.refurbed.de/p/hp-elitebook-755-g5-r7-pro-2700u/
2025-11-30 03:11:15,275 - INFO - Scraping 2855/6851: https://www.refurbed.de/p/hp-elitebook-820-g1-i3-4010u-12-/
2025-11-30 03:11:15,556 - ERROR - Error fetching https://www.refurbed.de/p/hp-elitebook-820-g1-i3-4010u-12-/: 404 Client Error: Not Found for url: https://www.refurbed.de/p/hp-elitebook-820-g1-i3-4010u-12-/
2025-11-30 03:11:16,558 - INFO - Scraping 2856/6851: https://www.refurbed.de/p/hp-elitebook-820-g1-i5-4200u-12-/
2025-11-30 03:11:16,814 - ERROR - Error fetching https://www.refurbed.de/p/hp-elitebook-820-g1-i5-4200u-12-/: 404 Client Error: Not Found for url: https://www.refurbed.de/p/hp-elitebook-820-g1-i5-4200u-12-/
2025-11-30 03:11:17,816 - INFO - Scraping 2857/6851: https://www.refurbed.de/p/hp-elitebook-820-g1-i5-4300u-12-/
2025-11-30 03:11:18,102 - ERROR - Error fetching https://www.refurbed.de/p/hp-elitebook-820-g1-i5-4300u-12-/: 404 Client Error: Not Found for url: https://www.refurbed.de/p/hp-elitebook-820-g1-i5-4300u-12-/
2025-11-30 03:11:19,104 - INFO - Scraping 2858/6851: https://www.refurbed.de/p/hp-elitebook-820-g1-i5-4310u-12-/
2025-11-30 03:11:19,373 - ERROR - Error fetching https://www.refurbed.de/p/hp-elitebook-820-g1-i5-4310u-12-/: 404 Client Error: Not Found for url: https://www.refurbed.de/p/hp-elitebook-820-g1-i5-4310u-12-/
2025-11-30 03:11:20,375 - INFO - Scraping 2859/6851: https://www.refurbed.de/p/hp-elitebook-820-g1-i7-4600u-12-/
2025-11-30 03:11:20,637 - ERROR - Error fetching https://www.refurbed.de/p/hp-elitebook-820-g1-i7-4600u-12-/: 404 Client Error: Not Found for url: https://www.refurbed.de/p/hp-elitebook-820-g1-i7-4600u-12-/
2025-11-30 03:11:21,639 - INFO - Scraping 2860/6851: https://www.refurbed.de/p/hp-elitebook-820-g2-i3-5010u-12/
2025-11-30 03:11:21,932 - ERROR - Error fetching https://www.refurbed.de/p/hp-elitebook-820-g2-i3-5010u-12/: 404 Client Error: Not Found for url: https://www.refurbed.de/p/hp-elitebook-820-g2-i3-5010u-12/
2025-11-30 03:11:22,935 - INFO - Scraping 2861/6851: https://www.refurbed.de/p/hp-elitebook-820-g2-i5-5200u-12-/
2025-11-30 03:11:23,214 - ERROR - Error fetching https://www.refurbed.de/p/hp-elitebook-820-g2-i5-5200u-12-/: 404 Client Error: Not Found for url: https://www.refurbed.de/p/hp-elitebook-820-g2-i5-5200u-12-/
2025-11-30 03:11:24,216 - INFO - Scraping 2862/6851: https://www.refurbed.de/p/hp-elitebook-820-g2-i5-5300u-12-/
2025-11-30 03:11:24,578 - ERROR - Error fetching https://www.refurbed.de/p/hp-elitebook-820-g2-i5-5300u-12-/: 404 Client Error: Not Found for url: https://www.refurbed.de/p/hp-elitebook-820-g2-i5-5300u-12-/
2025-11-30 03:11:25,580 - INFO - Scraping 2863/6851: https://www.refurbed.de/p/hp-elitebook-820-g2-i7-5500u-12-/
2025-11-30 03:11:25,937 - ERROR - Error fetching https://www.refurbed.de/p/hp-elitebook-820-g2-i7-5500u-12-/: 404 Client Error: Not Found for url: https://www.refurbed.de/p/hp-elitebook-820-g2-i7-5500u-12-/
2025-11-30 03:11:26,939 - INFO - Scraping 2864/6851: https://www.refurbed.de/p/hp-elitebook-820-g2-i7-5600u-12-/
2025-11-30 03:11:27,224 - ERROR - Error fetching https://www.refurbed.de/p/hp-elitebook-820-g2-i7-5600u-12-/: 404 Client Error: Not Found for url: https://www.refurbed.de/p/hp-elitebook-820-g2-i7-5600u-12-/
2025-11-30 03:11:28,226 - INFO - Scraping 2865/6851: https://www.refurbed.de/p/hp-elitebook-820-g3-i5-6200u-12-/
2025-11-30 03:11:28,703 - ERROR - Error fetching https://www.refurbed.de/p/hp-elitebook-820-g3-i5-6200u-12-/: 404 Client Error: Not Found for url: https://www.refurbed.de/p/hp-elitebook-820-g3-i5-6200u-12-/
2025-11-30 03:11:29,706 - INFO - Scraping 2866/6851: https://www.refurbed.de/p/hp-elitebook-820-g3-i5-6300u-12-/
2025-11-30 03:11:30,040 - ERROR - Error fetching https://www.refurbed.de/p/hp-elitebook-820-g3-i5-6300u-12-/: 404 Client Error: Not Found for url: https://www.refurbed.de/p/hp-elitebook-820-g3-i5-6300u-12-/
2025-11-30 03:11:31,042 - INFO - Scraping 2867/6851: https://www.refurbed.de/p/hp-elitebook-820-g3-i7-6500u-12/
2025-11-30 03:11:31,693 - ERROR - Error fetching https://www.refurbed.de/p/hp-elitebook-820-g3-i7-6500u-12/: 404 Client Error: Not Found for url: https://www.refurbed.de/p/hp-elitebook-820-g3-i7-6500u-12/
2025-11-30 03:11:32,695 - INFO - Scraping 2868/6851: https://www.refurbed.de/p/hp-elitebook-820-g3-i7-6600u-12/
2025-11-30 03:11:33,126 - ERROR - Error fetching https://www.refurbed.de/p/hp-elitebook-820-g3-i7-6600u-12/: 404 Client Error: Not Found for url: https://www.refurbed.de/p/hp-elitebook-820-g3-i7-6600u-12/
2025-11-30 03:11:34,128 - INFO - Scraping 2869/6851: https://www.refurbed.de/p/hp-elitebook-820-g4-7200u/
2025-11-30 03:11:34,409 - ERROR - Error fetching https://www.refurbed.de/p/hp-elitebook-820-g4-7200u/: 404 Client Error: Not Found for url: https://www.refurbed.de/p/hp-elitebook-820-g4-7200u/
2025-11-30 03:11:35,411 - INFO - Scraping 2870/6851: https://www.refurbed.de/p/hp-elitebook-820-g4-7300u/
2025-11-30 03:11:35,708 - ERROR - Error fetching https://www.refurbed.de/p/hp-elitebook-820-g4-7300u/: 404 Client Error: Not Found for url: https://www.refurbed.de/p/hp-elitebook-820-g4-7300u/
2025-11-30 03:11:36,710 - INFO - Scraping 2871/6851: https://www.refurbed.de/p/hp-elitebook-820-g4-7500u/
2025-11-30 03:11:36,983 - ERROR - Error fetching https://www.refurbed.de/p/hp-elitebook-820-g4-7500u/: 404 Client Error: Not Found for url: https://www.refurbed.de/p/hp-elitebook-820-g4-7500u/
2025-11-30 03:11:37,986 - INFO - Scraping 2872/6851: https://www.refurbed.de/p/hp-elitebook-820-g4-i7-7500u/
2025-11-30 03:11:38,498 - ERROR - Error fetching https://www.refurbed.de/p/hp-elitebook-820-g4-i7-7500u/: 404 Client Error: Not Found for url: https://www.refurbed.de/p/hp-elitebook-820-g4-i7-7500u/
2025-11-30 03:11:39,501 - INFO - Scraping 2873/6851: https://www.refurbed.de/p/hp-elitebook-820/
2025-11-30 03:11:39,771 - ERROR - Error fetching https://www.refurbed.de/p/hp-elitebook-820/: 404 Client Error: Not Found for url: https://www.refurbed.de/p/hp-elitebook-820/
2025-11-30 03:11:40,773 - INFO - Scraping 2874/6851: https://www.refurbed.de/p/hp-elitebook-830-g10-1355u-13-3/
2025-11-30 03:11:42,474 - INFO - Scraping 2875/6851: https://www.refurbed.de/p/hp-elitebook-830-g10-i5-1335u/
2025-11-30 03:11:44,222 - INFO - Scraping 2876/6851: https://www.refurbed.de/p/hp-elitebook-830-g10-i7-1365u/
2025-11-30 03:11:45,966 - INFO - Scraping 2877/6851: https://www.refurbed.de/p/hp-elitebook-830-g11-5-135u/
2025-11-30 03:11:47,589 - INFO - Scraping 2878/6851: https://www.refurbed.de/p/hp-elitebook-830-g6-8265u-13-3/
2025-11-30 03:11:49,174 - INFO - Scraping 2879/6851: https://www.refurbed.de/p/hp-elitebook-830-g7-10210u-13-3/
2025-11-30 03:11:51,429 - INFO - Scraping 2880/6851: https://www.refurbed.de/p/hp-elitebook-830-g7-i5-10310u/
2025-11-30 03:11:53,829 - INFO - Scraping 2881/6851: https://www.refurbed.de/p/hp-elitebook-830-g7-i7-10610u/
2025-11-30 03:11:55,467 - INFO - Scraping 2882/6851: https://www.refurbed.de/p/hp-elitebook-830-g8-1145g7-13-3/
2025-11-30 03:11:57,026 - INFO - Scraping 2883/6851: https://www.refurbed.de/p/hp-elitebook-830-g9-1245u-13-3/
2025-11-30 03:11:58,604 - INFO - Scraping 2884/6851: https://www.refurbed.de/p/hp-elitebook-830-g9-1255u-13-3/
2025-11-30 03:12:00,201 - INFO - Scraping 2885/6851: https://www.refurbed.de/p/hp-elitebook-830-g9-i5-1235u-13/
2025-11-30 03:12:02,075 - INFO - Scraping 2886/6851: https://www.refurbed.de/p/hp-elitebook-830-g9-i7-1265u-13/
2025-11-30 03:12:03,539 - INFO - Scraping 2887/6851: https://www.refurbed.de/p/hp-elitebook-835-g10-5-7540u/
2025-11-30 03:12:05,169 - INFO - Scraping 2888/6851: https://www.refurbed.de/p/hp-elitebook-835-g10-5-pro-7540u/
2025-11-30 03:12:07,142 - INFO - Scraping 2889/6851: https://www.refurbed.de/p/hp-elitebook-835-g10-r5-7545u-13/
2025-11-30 03:12:08,866 - INFO - Scraping 2890/6851: https://www.refurbed.de/p/hp-elitebook-835-g8-pro-5450u/
2025-11-30 03:12:10,277 - INFO - Scraping 2891/6851: https://www.refurbed.de/p/hp-elitebook-835-g8-pro-5650u/
2025-11-30 03:12:12,060 - INFO - Scraping 2892/6851: https://www.refurbed.de/p/hp-elitebook-835-g8-pro-5850u/
2025-11-30 03:12:13,488 - INFO - Scraping 2893/6851: https://www.refurbed.de/p/hp-elitebook-835-g8-r-3-5400u/
2025-11-30 03:12:15,537 - INFO - Scraping 2894/6851: https://www.refurbed.de/p/hp-elitebook-840-g1-14-i5-4300u/
2025-11-30 03:12:15,808 - ERROR - Error fetching https://www.refurbed.de/p/hp-elitebook-840-g1-14-i5-4300u/: 404 Client Error: Not Found for url: https://www.refurbed.de/p/hp-elitebook-840-g1-14-i5-4300u/
2025-11-30 03:12:16,810 - INFO - Scraping 2895/6851: https://www.refurbed.de/p/hp-elitebook-840-g1-i3-4010u-14/
2025-11-30 03:12:17,070 - ERROR - Error fetching https://www.refurbed.de/p/hp-elitebook-840-g1-i3-4010u-14/: 404 Client Error: Not Found for url: https://www.refurbed.de/p/hp-elitebook-840-g1-i3-4010u-14/
2025-11-30 03:12:18,072 - INFO - Scraping 2896/6851: https://www.refurbed.de/p/hp-elitebook-840-g1-i5-14/
2025-11-30 03:12:18,399 - ERROR - Error fetching https://www.refurbed.de/p/hp-elitebook-840-g1-i5-14/: 404 Client Error: Not Found for url: https://www.refurbed.de/p/hp-elitebook-840-g1-i5-14/
2025-11-30 03:12:19,401 - INFO - Scraping 2897/6851: https://www.refurbed.de/p/hp-elitebook-840-g1-i5-4200u-14/
2025-11-30 03:12:19,844 - ERROR - Error fetching https://www.refurbed.de/p/hp-elitebook-840-g1-i5-4200u-14/: 404 Client Error: Not Found for url: https://www.refurbed.de/p/hp-elitebook-840-g1-i5-4200u-14/
2025-11-30 03:12:20,846 - INFO - Scraping 2898/6851: https://www.refurbed.de/p/hp-elitebook-840-g1-i5-4310u-14/
2025-11-30 03:12:21,133 - ERROR - Error fetching https://www.refurbed.de/p/hp-elitebook-840-g1-i5-4310u-14/: 404 Client Error: Not Found for url: https://www.refurbed.de/p/hp-elitebook-840-g1-i5-4310u-14/
2025-11-30 03:12:22,135 - INFO - Scraping 2899/6851: https://www.refurbed.de/p/hp-elitebook-840-g1-i5-5300u-14/
2025-11-30 03:12:22,460 - ERROR - Error fetching https://www.refurbed.de/p/hp-elitebook-840-g1-i5-5300u-14/: 404 Client Error: Not Found for url: https://www.refurbed.de/p/hp-elitebook-840-g1-i5-5300u-14/
2025-11-30 03:12:23,462 - INFO - Scraping 2900/6851: https://www.refurbed.de/p/hp-elitebook-840-g1-i7-14-touch/
2025-11-30 03:12:23,746 - ERROR - Error fetching https://www.refurbed.de/p/hp-elitebook-840-g1-i7-14-touch/: 404 Client Error: Not Found for url: https://www.refurbed.de/p/hp-elitebook-840-g1-i7-14-touch/
2025-11-30 03:12:24,748 - INFO - Scraping 2901/6851: https://www.refurbed.de/p/hp-elitebook-840-g1-i7-14/
2025-11-30 03:12:25,026 - ERROR - Error fetching https://www.refurbed.de/p/hp-elitebook-840-g1-i7-14/: 404 Client Error: Not Found for url: https://www.refurbed.de/p/hp-elitebook-840-g1-i7-14/
2025-11-30 03:12:26,028 - INFO - Scraping 2902/6851: https://www.refurbed.de/p/hp-elitebook-840-g10-5-7540u-14/
2025-11-30 03:12:27,674 - INFO - Scraping 2903/6851: https://www.refurbed.de/p/hp-elitebook-840-g10-i5-1335u/
2025-11-30 03:12:29,438 - INFO - Scraping 2904/6851: https://www.refurbed.de/p/hp-elitebook-840-g10-i5-1340p/
2025-11-30 03:12:30,855 - INFO - Scraping 2905/6851: https://www.refurbed.de/p/hp-elitebook-840-g10-i5-1345u/
2025-11-30 03:12:32,557 - INFO - Scraping 2906/6851: https://www.refurbed.de/p/hp-elitebook-840-g10-i5-1350p/
2025-11-30 03:12:34,337 - INFO - Scraping 2907/6851: https://www.refurbed.de/p/hp-elitebook-840-g10-i7-1355u/
2025-11-30 03:12:35,814 - INFO - Scraping 2908/6851: https://www.refurbed.de/p/hp-elitebook-840-g10-i7-1360p/
2025-11-30 03:12:37,271 - INFO - Scraping 2909/6851: https://www.refurbed.de/p/hp-elitebook-840-g10-i7-1365u/
2025-11-30 03:12:38,891 - INFO - Scraping 2910/6851: https://www.refurbed.de/p/hp-elitebook-840-g10-i7-1370p/
2025-11-30 03:12:40,265 - INFO - Scraping 2911/6851: https://www.refurbed.de/p/hp-elitebook-840-g11-5-135u/
2025-11-30 03:12:42,048 - INFO - Scraping 2912/6851: https://www.refurbed.de/p/hp-elitebook-840-g11-7-155u/
2025-11-30 03:12:43,553 - INFO - Scraping 2913/6851: https://www.refurbed.de/p/hp-elitebook-840-g2-i5-14/
2025-11-30 03:12:43,969 - ERROR - Error fetching https://www.refurbed.de/p/hp-elitebook-840-g2-i5-14/: 404 Client Error: Not Found for url: https://www.refurbed.de/p/hp-elitebook-840-g2-i5-14/
2025-11-30 03:12:44,972 - INFO - Scraping 2914/6851: https://www.refurbed.de/p/hp-elitebook-840-g2-i5-4300u-14/
2025-11-30 03:12:45,261 - ERROR - Error fetching https://www.refurbed.de/p/hp-elitebook-840-g2-i5-4300u-14/: 404 Client Error: Not Found for url: https://www.refurbed.de/p/hp-elitebook-840-g2-i5-4300u-14/
2025-11-30 03:12:46,263 - INFO - Scraping 2915/6851: https://www.refurbed.de/p/hp-elitebook-840-g2-i5-5200u-14/
2025-11-30 03:12:46,743 - ERROR - Error fetching https://www.refurbed.de/p/hp-elitebook-840-g2-i5-5200u-14/: 404 Client Error: Not Found for url: https://www.refurbed.de/p/hp-elitebook-840-g2-i5-5200u-14/
2025-11-30 03:12:47,745 - INFO - Scraping 2916/6851: https://www.refurbed.de/p/hp-elitebook-840-g2-i5-5300u-14-/
2025-11-30 03:12:48,023 - ERROR - Error fetching https://www.refurbed.de/p/hp-elitebook-840-g2-i5-5300u-14-/: 404 Client Error: Not Found for url: https://www.refurbed.de/p/hp-elitebook-840-g2-i5-5300u-14-/
2025-11-30 03:12:49,025 - INFO - Scraping 2917/6851: https://www.refurbed.de/p/hp-elitebook-840-g2-i7-5600u-14/
2025-11-30 03:12:49,320 - ERROR - Error fetching https://www.refurbed.de/p/hp-elitebook-840-g2-i7-5600u-14/: 404 Client Error: Not Found for url: https://www.refurbed.de/p/hp-elitebook-840-g2-i7-5600u-14/
2025-11-30 03:12:50,323 - INFO - Scraping 2918/6851: https://www.refurbed.de/p/hp-elitebook-840-g3-14-6100u/
2025-11-30 03:12:50,579 - ERROR - Error fetching https://www.refurbed.de/p/hp-elitebook-840-g3-14-6100u/: 404 Client Error: Not Found for url: https://www.refurbed.de/p/hp-elitebook-840-g3-14-6100u/
2025-11-30 03:12:51,582 - INFO - Scraping 2919/6851: https://www.refurbed.de/p/hp-elitebook-840-g3-14-6200u/
2025-11-30 03:12:51,930 - ERROR - Error fetching https://www.refurbed.de/p/hp-elitebook-840-g3-14-6200u/: 404 Client Error: Not Found for url: https://www.refurbed.de/p/hp-elitebook-840-g3-14-6200u/
2025-11-30 03:12:52,932 - INFO - Scraping 2920/6851: https://www.refurbed.de/p/hp-elitebook-840-g3-14-i5-6300u/
2025-11-30 03:12:53,488 - ERROR - Error fetching https://www.refurbed.de/p/hp-elitebook-840-g3-14-i5-6300u/: 404 Client Error: Not Found for url: https://www.refurbed.de/p/hp-elitebook-840-g3-14-i5-6300u/
2025-11-30 03:12:54,491 - INFO - Scraping 2921/6851: https://www.refurbed.de/p/hp-elitebook-840-g3-i7-6500u/
2025-11-30 03:12:54,954 - ERROR - Error fetching https://www.refurbed.de/p/hp-elitebook-840-g3-i7-6500u/: 404 Client Error: Not Found for url: https://www.refurbed.de/p/hp-elitebook-840-g3-i7-6500u/
2025-11-30 03:12:55,956 - INFO - Scraping 2922/6851: https://www.refurbed.de/p/hp-elitebook-840-g3-i7-6600u-14/
2025-11-30 03:12:56,212 - ERROR - Error fetching https://www.refurbed.de/p/hp-elitebook-840-g3-i7-6600u-14/: 404 Client Error: Not Found for url: https://www.refurbed.de/p/hp-elitebook-840-g3-i7-6600u-14/
2025-11-30 03:12:57,214 - INFO - Scraping 2923/6851: https://www.refurbed.de/p/hp-elitebook-840-g4-7200u/
2025-11-30 03:12:57,526 - ERROR - Error fetching https://www.refurbed.de/p/hp-elitebook-840-g4-7200u/: 404 Client Error: Not Found for url: https://www.refurbed.de/p/hp-elitebook-840-g4-7200u/
2025-11-30 03:12:58,528 - INFO - Scraping 2924/6851: https://www.refurbed.de/p/hp-elitebook-840-g4-i5-7300u/
2025-11-30 03:12:58,817 - ERROR - Error fetching https://www.refurbed.de/p/hp-elitebook-840-g4-i5-7300u/: 404 Client Error: Not Found for url: https://www.refurbed.de/p/hp-elitebook-840-g4-i5-7300u/
2025-11-30 03:12:59,820 - INFO - Scraping 2925/6851: https://www.refurbed.de/p/hp-elitebook-840-g4-i5-8250u-14/
2025-11-30 03:13:01,330 - INFO - Scraping 2926/6851: https://www.refurbed.de/p/hp-elitebook-840-g4-i5-8350u/
2025-11-30 03:13:02,894 - INFO - Scraping 2927/6851: https://www.refurbed.de/p/hp-elitebook-840-g4-i7-7500u/
2025-11-30 03:13:03,158 - ERROR - Error fetching https://www.refurbed.de/p/hp-elitebook-840-g4-i7-7500u/: 404 Client Error: Not Found for url: https://www.refurbed.de/p/hp-elitebook-840-g4-i7-7500u/
2025-11-30 03:13:04,160 - INFO - Scraping 2928/6851: https://www.refurbed.de/p/hp-elitebook-840-g4-i7-7600u/
2025-11-30 03:13:04,432 - ERROR - Error fetching https://www.refurbed.de/p/hp-elitebook-840-g4-i7-7600u/: 404 Client Error: Not Found for url: https://www.refurbed.de/p/hp-elitebook-840-g4-i7-7600u/
2025-11-30 03:13:05,434 - INFO - Scraping 2929/6851: https://www.refurbed.de/p/hp-elitebook-840-g5-7600u/
2025-11-30 03:13:05,944 - ERROR - Error fetching https://www.refurbed.de/p/hp-elitebook-840-g5-7600u/: 404 Client Error: Not Found for url: https://www.refurbed.de/p/hp-elitebook-840-g5-7600u/
2025-11-30 03:13:06,946 - INFO - Scraping 2930/6851: https://www.refurbed.de/p/hp-elitebook-840-g5-8350u/
2025-11-30 03:13:08,771 - INFO - Scraping 2931/6851: https://www.refurbed.de/p/hp-elitebook-840-g5-8650u/
2025-11-30 03:13:10,422 - INFO - Scraping 2932/6851: https://www.refurbed.de/p/hp-elitebook-840-g5-i5-7200u/
2025-11-30 03:13:10,675 - ERROR - Error fetching https://www.refurbed.de/p/hp-elitebook-840-g5-i5-7200u/: 404 Client Error: Not Found for url: https://www.refurbed.de/p/hp-elitebook-840-g5-i5-7200u/
2025-11-30 03:13:11,677 - INFO - Scraping 2933/6851: https://www.refurbed.de/p/hp-elitebook-840-g5-i5-7300u-14/
2025-11-30 03:13:11,936 - ERROR - Error fetching https://www.refurbed.de/p/hp-elitebook-840-g5-i5-7300u-14/: 404 Client Error: Not Found for url: https://www.refurbed.de/p/hp-elitebook-840-g5-i5-7300u-14/
2025-11-30 03:13:12,938 - INFO - Scraping 2934/6851: https://www.refurbed.de/p/hp-elitebook-840-g5-i5-8250u-14/
2025-11-30 03:13:14,714 - INFO - Scraping 2935/6851: https://www.refurbed.de/p/hp-elitebook-840-g5-i5-8265u/
2025-11-30 03:13:16,151 - INFO - Scraping 2936/6851: https://www.refurbed.de/p/hp-elitebook-840-g5-i7-8550u/
2025-11-30 03:13:17,819 - INFO - Scraping 2937/6851: https://www.refurbed.de/p/hp-elitebook-840-g6-i5-8265u/
2025-11-30 03:13:19,505 - INFO - Scraping 2938/6851: https://www.refurbed.de/p/hp-elitebook-840-g6-i5-8350u/
2025-11-30 03:13:21,146 - INFO - Scraping 2939/6851: https://www.refurbed.de/p/hp-elitebook-840-g6-i5-8365u/
2025-11-30 03:13:22,977 - INFO - Scraping 2940/6851: https://www.refurbed.de/p/hp-elitebook-840-g6-i7-8565u/
2025-11-30 03:13:24,542 - INFO - Scraping 2941/6851: https://www.refurbed.de/p/hp-elitebook-840-g6-i7-8665u/
2025-11-30 03:13:26,141 - INFO - Scraping 2942/6851: https://www.refurbed.de/p/hp-elitebook-840-g8-1145g7-14/
2025-11-30 03:13:27,840 - INFO - Scraping 2943/6851: https://www.refurbed.de/p/hp-elitebook-840-g8-i5-1135g7-14/
2025-11-30 03:13:29,664 - INFO - Scraping 2944/6851: https://www.refurbed.de/p/hp-elitebook-840-g8-i7-1165g7-14/
2025-11-30 03:13:31,272 - INFO - Scraping 2945/6851: https://www.refurbed.de/p/hp-elitebook-840-g8-i7-1185g7/
2025-11-30 03:13:33,150 - INFO - Scraping 2946/6851: https://www.refurbed.de/p/hp-elitebook-840-g9-1240p-16/
2025-11-30 03:13:34,542 - INFO - Scraping 2947/6851: https://www.refurbed.de/p/hp-elitebook-840-g9-1250p-16/
2025-11-30 03:13:35,950 - INFO - Scraping 2948/6851: https://www.refurbed.de/p/hp-elitebook-840-g9-i5-1235u/
2025-11-30 03:13:37,816 - INFO - Scraping 2949/6851: https://www.refurbed.de/p/hp-elitebook-840-g9-i5-1245u/
2025-11-30 03:13:39,461 - INFO - Scraping 2950/6851: https://www.refurbed.de/p/hp-elitebook-840-g9-i7-1255u/
2025-11-30 03:13:40,887 - INFO - Scraping 2951/6851: https://www.refurbed.de/p/hp-elitebook-840-g9-i7-1260p/
2025-11-30 03:13:42,459 - INFO - Scraping 2952/6851: https://www.refurbed.de/p/hp-elitebook-840/
2025-11-30 03:13:42,784 - ERROR - Error fetching https://www.refurbed.de/p/hp-elitebook-840/: 404 Client Error: Not Found for url: https://www.refurbed.de/p/hp-elitebook-840/
2025-11-30 03:13:43,786 - INFO - Scraping 2953/6851: https://www.refurbed.de/p/hp-elitebook-840r-g4-i5-8350u/
2025-11-30 03:13:45,192 - INFO - Scraping 2954/6851: https://www.refurbed.de/p/hp-elitebook-845-g10-5-7540u/
2025-11-30 03:13:46,643 - INFO - Scraping 2955/6851: https://www.refurbed.de/p/hp-elitebook-845-g10-7-7840u/
2025-11-30 03:13:48,112 - INFO - Scraping 2956/6851: https://www.refurbed.de/p/hp-elitebook-845-g7-4650u/
2025-11-30 03:13:49,564 - INFO - Scraping 2957/6851: https://www.refurbed.de/p/hp-elitebook-845-g7-4750u/
2025-11-30 03:13:51,114 - INFO - Scraping 2958/6851: https://www.refurbed.de/p/hp-elitebook-845-g7-r5-pro-4450u/
2025-11-30 03:13:52,668 - INFO - Scraping 2959/6851: https://www.refurbed.de/p/hp-elitebook-845-g8-5400u-14/
2025-11-30 03:13:54,274 - INFO - Scraping 2960/6851: https://www.refurbed.de/p/hp-elitebook-845-g8-5600u-14/
2025-11-30 03:13:55,687 - INFO - Scraping 2961/6851: https://www.refurbed.de/p/hp-elitebook-845-g8-pro-5650u-14/
2025-11-30 03:13:57,236 - INFO - Scraping 2962/6851: https://www.refurbed.de/p/hp-elitebook-845-g8-r7-pro-5850u/
2025-11-30 03:13:58,724 - INFO - Scraping 2963/6851: https://www.refurbed.de/p/hp-elitebook-845-g9-5-pro-6650u/
2025-11-30 03:14:00,353 - INFO - Scraping 2964/6851: https://www.refurbed.de/p/hp-elitebook-850-g1-4310u/
2025-11-30 03:14:00,786 - ERROR - Error fetching https://www.refurbed.de/p/hp-elitebook-850-g1-4310u/: 404 Client Error: Not Found for url: https://www.refurbed.de/p/hp-elitebook-850-g1-4310u/
2025-11-30 03:14:01,789 - INFO - Scraping 2965/6851: https://www.refurbed.de/p/hp-elitebook-850-g1-4600u/
2025-11-30 03:14:02,066 - ERROR - Error fetching https://www.refurbed.de/p/hp-elitebook-850-g1-4600u/: 404 Client Error: Not Found for url: https://www.refurbed.de/p/hp-elitebook-850-g1-4600u/
2025-11-30 03:14:03,068 - INFO - Scraping 2966/6851: https://www.refurbed.de/p/hp-elitebook-850-g1-i5-4200u-15-/
2025-11-30 03:14:03,501 - ERROR - Error fetching https://www.refurbed.de/p/hp-elitebook-850-g1-i5-4200u-15-/: 404 Client Error: Not Found for url: https://www.refurbed.de/p/hp-elitebook-850-g1-i5-4200u-15-/
2025-11-30 03:14:04,504 - INFO - Scraping 2967/6851: https://www.refurbed.de/p/hp-elitebook-850-g1-i5-4300u-15-/
2025-11-30 03:14:04,767 - ERROR - Error fetching https://www.refurbed.de/p/hp-elitebook-850-g1-i5-4300u-15-/: 404 Client Error: Not Found for url: https://www.refurbed.de/p/hp-elitebook-850-g1-i5-4300u-15-/
2025-11-30 03:14:05,769 - INFO - Scraping 2968/6851: https://www.refurbed.de/p/hp-elitebook-850-g1-i7-15-6/
2025-11-30 03:14:06,040 - ERROR - Error fetching https://www.refurbed.de/p/hp-elitebook-850-g1-i7-15-6/: 404 Client Error: Not Found for url: https://www.refurbed.de/p/hp-elitebook-850-g1-i7-15-6/
2025-11-30 03:14:07,043 - INFO - Scraping 2969/6851: https://www.refurbed.de/p/hp-elitebook-850-g2-i5-15-6/
2025-11-30 03:14:07,374 - ERROR - Error fetching https://www.refurbed.de/p/hp-elitebook-850-g2-i5-15-6/: 404 Client Error: Not Found for url: https://www.refurbed.de/p/hp-elitebook-850-g2-i5-15-6/
2025-11-30 03:14:08,376 - INFO - Scraping 2970/6851: https://www.refurbed.de/p/hp-elitebook-850-g2-i5-4570t/
2025-11-30 03:14:08,661 - ERROR - Error fetching https://www.refurbed.de/p/hp-elitebook-850-g2-i5-4570t/: 404 Client Error: Not Found for url: https://www.refurbed.de/p/hp-elitebook-850-g2-i5-4570t/
2025-11-30 03:14:09,663 - INFO - Scraping 2971/6851: https://www.refurbed.de/p/hp-elitebook-850-g2-i5-5300u-15-/
2025-11-30 03:14:09,923 - ERROR - Error fetching https://www.refurbed.de/p/hp-elitebook-850-g2-i5-5300u-15-/: 404 Client Error: Not Found for url: https://www.refurbed.de/p/hp-elitebook-850-g2-i5-5300u-15-/
2025-11-30 03:14:10,925 - INFO - Scraping 2972/6851: https://www.refurbed.de/p/hp-elitebook-850-g2-i7-5600u-15-/
2025-11-30 03:14:11,218 - ERROR - Error fetching https://www.refurbed.de/p/hp-elitebook-850-g2-i7-5600u-15-/: 404 Client Error: Not Found for url: https://www.refurbed.de/p/hp-elitebook-850-g2-i7-5600u-15-/
2025-11-30 03:14:12,220 - INFO - Scraping 2973/6851: https://www.refurbed.de/p/hp-elitebook-850-g3-6200u/
2025-11-30 03:14:12,530 - ERROR - Error fetching https://www.refurbed.de/p/hp-elitebook-850-g3-6200u/: 404 Client Error: Not Found for url: https://www.refurbed.de/p/hp-elitebook-850-g3-6200u/
2025-11-30 03:14:13,533 - INFO - Scraping 2974/6851: https://www.refurbed.de/p/hp-elitebook-850-g3-6300u/
2025-11-30 03:14:13,817 - ERROR - Error fetching https://www.refurbed.de/p/hp-elitebook-850-g3-6300u/: 404 Client Error: Not Found for url: https://www.refurbed.de/p/hp-elitebook-850-g3-6300u/
2025-11-30 03:14:14,819 - INFO - Scraping 2975/6851: https://www.refurbed.de/p/hp-elitebook-850-g3-i7-6500u-15/
2025-11-30 03:14:15,095 - ERROR - Error fetching https://www.refurbed.de/p/hp-elitebook-850-g3-i7-6500u-15/: 404 Client Error: Not Found for url: https://www.refurbed.de/p/hp-elitebook-850-g3-i7-6500u-15/
2025-11-30 03:14:16,097 - INFO - Scraping 2976/6851: https://www.refurbed.de/p/hp-elitebook-850-g3-i7-6600u-15/
2025-11-30 03:14:16,388 - ERROR - Error fetching https://www.refurbed.de/p/hp-elitebook-850-g3-i7-6600u-15/: 404 Client Error: Not Found for url: https://www.refurbed.de/p/hp-elitebook-850-g3-i7-6600u-15/
2025-11-30 03:14:17,390 - INFO - Scraping 2977/6851: https://www.refurbed.de/p/hp-elitebook-850-g4-7200u/
2025-11-30 03:14:17,696 - ERROR - Error fetching https://www.refurbed.de/p/hp-elitebook-850-g4-7200u/: 404 Client Error: Not Found for url: https://www.refurbed.de/p/hp-elitebook-850-g4-7200u/
2025-11-30 03:14:18,698 - INFO - Scraping 2978/6851: https://www.refurbed.de/p/hp-elitebook-850-g4-7300u/
2025-11-30 03:14:18,991 - ERROR - Error fetching https://www.refurbed.de/p/hp-elitebook-850-g4-7300u/: 404 Client Error: Not Found for url: https://www.refurbed.de/p/hp-elitebook-850-g4-7300u/
2025-11-30 03:14:19,993 - INFO - Scraping 2979/6851: https://www.refurbed.de/p/hp-elitebook-850-g4-7600u/
2025-11-30 03:14:20,299 - ERROR - Error fetching https://www.refurbed.de/p/hp-elitebook-850-g4-7600u/: 404 Client Error: Not Found for url: https://www.refurbed.de/p/hp-elitebook-850-g4-7600u/
2025-11-30 03:14:21,301 - INFO - Scraping 2980/6851: https://www.refurbed.de/p/hp-elitebook-850-g4-i7-7500u/
2025-11-30 03:14:21,591 - ERROR - Error fetching https://www.refurbed.de/p/hp-elitebook-850-g4-i7-7500u/: 404 Client Error: Not Found for url: https://www.refurbed.de/p/hp-elitebook-850-g4-i7-7500u/
2025-11-30 03:14:22,593 - INFO - Scraping 2981/6851: https://www.refurbed.de/p/hp-elitebook-850-g5-i5-7200u/
2025-11-30 03:14:22,868 - ERROR - Error fetching https://www.refurbed.de/p/hp-elitebook-850-g5-i5-7200u/: 404 Client Error: Not Found for url: https://www.refurbed.de/p/hp-elitebook-850-g5-i5-7200u/
2025-11-30 03:14:23,870 - INFO - Scraping 2982/6851: https://www.refurbed.de/p/hp-elitebook-850-g5-i5-7300u-156/
2025-11-30 03:14:24,290 - ERROR - Error fetching https://www.refurbed.de/p/hp-elitebook-850-g5-i5-7300u-156/: 404 Client Error: Not Found for url: https://www.refurbed.de/p/hp-elitebook-850-g5-i5-7300u-156/
2025-11-30 03:14:25,292 - INFO - Scraping 2983/6851: https://www.refurbed.de/p/hp-elitebook-850-g5-i5-8250u-156/
2025-11-30 03:14:26,953 - INFO - Scraping 2984/6851: https://www.refurbed.de/p/hp-elitebook-850-g5-i5-8350u-156/
2025-11-30 03:14:28,658 - INFO - Scraping 2985/6851: https://www.refurbed.de/p/hp-elitebook-850-g5-i7-7500u/
2025-11-30 03:14:28,919 - ERROR - Error fetching https://www.refurbed.de/p/hp-elitebook-850-g5-i7-7500u/: 404 Client Error: Not Found for url: https://www.refurbed.de/p/hp-elitebook-850-g5-i7-7500u/
2025-11-30 03:14:29,921 - INFO - Scraping 2986/6851: https://www.refurbed.de/p/hp-elitebook-850-g5-i7-8550u-156/
2025-11-30 03:14:31,554 - INFO - Scraping 2987/6851: https://www.refurbed.de/p/hp-elitebook-850-g5-i7-8650u-156/
2025-11-30 03:14:33,102 - INFO - Scraping 2988/6851: https://www.refurbed.de/p/hp-elitebook-850-g6-i5-8265u-15/
2025-11-30 03:14:34,693 - INFO - Scraping 2989/6851: https://www.refurbed.de/p/hp-elitebook-850-g6-i5-8350u/
2025-11-30 03:14:36,373 - INFO - Scraping 2990/6851: https://www.refurbed.de/p/hp-elitebook-850-g6-i5-83650u/
2025-11-30 03:14:38,220 - INFO - Scraping 2991/6851: https://www.refurbed.de/p/hp-elitebook-850-g6-i7-8565u/
2025-11-30 03:14:39,784 - INFO - Scraping 2992/6851: https://www.refurbed.de/p/hp-elitebook-850-g6-i7-8650u/
2025-11-30 03:14:41,432 - INFO - Scraping 2993/6851: https://www.refurbed.de/p/hp-elitebook-850-g6-i7-8665u/
2025-11-30 03:14:43,108 - INFO - Scraping 2994/6851: https://www.refurbed.de/p/hp-elitebook-850-g7-10210u/
2025-11-30 03:14:44,924 - INFO - Scraping 2995/6851: https://www.refurbed.de/p/hp-elitebook-850-g7-10510u-15-6/
2025-11-30 03:14:46,611 - INFO - Scraping 2996/6851: https://www.refurbed.de/p/hp-elitebook-850-g7-10610u-15-6/
2025-11-30 03:14:48,232 - INFO - Scraping 2997/6851: https://www.refurbed.de/p/hp-elitebook-850-g7-i5-10310u/
2025-11-30 03:14:50,035 - INFO - Scraping 2998/6851: https://www.refurbed.de/p/hp-elitebook-850-g8-1135g7/
2025-11-30 03:14:51,646 - INFO - Scraping 2999/6851: https://www.refurbed.de/p/hp-elitebook-850-g8-1145g7-15-6/
2025-11-30 03:14:53,221 - INFO - Scraping 3000/6851: https://www.refurbed.de/p/hp-elitebook-850-g8-1165g7-15-6/
2025-11-30 03:14:54,829 - INFO - Scraping 3001/6851: https://www.refurbed.de/p/hp-elitebook-850-g8-1185g7/
2025-11-30 03:14:56,404 - INFO - Scraping 3002/6851: https://www.refurbed.de/p/hp-elitebook-855-g7-r7-pro-4750u/
2025-11-30 03:14:57,818 - INFO - Scraping 3003/6851: https://www.refurbed.de/p/hp-elitebook-855-g7-ryzen-5-pro/
2025-11-30 03:14:59,435 - INFO - Scraping 3004/6851: https://www.refurbed.de/p/hp-elitebook-855-g8-ryzen-5650u/
2025-11-30 03:15:00,849 - INFO - Scraping 3005/6851: https://www.refurbed.de/p/hp-elitebook-855-g8-ryzen-7-pro/
2025-11-30 03:15:02,391 - INFO - Scraping 3006/6851: https://www.refurbed.de/p/hp-elitebook-860-g10-i5-1335u/
2025-11-30 03:15:03,818 - INFO - Scraping 3007/6851: https://www.refurbed.de/p/hp-elitebook-860-g10-i5-1345u/
2025-11-30 03:15:05,377 - INFO - Scraping 3008/6851: https://www.refurbed.de/p/hp-elitebook-860-g10-i7-1355u/
2025-11-30 03:15:06,828 - INFO - Scraping 3009/6851: https://www.refurbed.de/p/hp-elitebook-860-g10-i7-1360p/
2025-11-30 03:15:08,558 - INFO - Scraping 3010/6851: https://www.refurbed.de/p/hp-elitebook-860-g10-i7-1365u/
2025-11-30 03:15:10,035 - INFO - Scraping 3011/6851: https://www.refurbed.de/p/hp-elitebook-860-g11-5-125h/
2025-11-30 03:15:11,569 - INFO - Scraping 3012/6851: https://www.refurbed.de/p/hp-elitebook-860-g11-5-125u/
2025-11-30 03:15:13,181 - INFO - Scraping 3013/6851: https://www.refurbed.de/p/hp-elitebook-860-g11-7-155h/
2025-11-30 03:15:14,591 - INFO - Scraping 3014/6851: https://www.refurbed.de/p/hp-elitebook-860-g11-7-155u/
2025-11-30 03:15:16,156 - INFO - Scraping 3015/6851: https://www.refurbed.de/p/hp-elitebook-860-g9-1235u-16/
2025-11-30 03:15:17,591 - INFO - Scraping 3016/6851: https://www.refurbed.de/p/hp-elitebook-860-g9-i5-1245u/
2025-11-30 03:15:19,174 - INFO - Scraping 3017/6851: https://www.refurbed.de/p/hp-elitebook-860-g9-i7-1255u/
2025-11-30 03:15:20,588 - INFO - Scraping 3018/6851: https://www.refurbed.de/p/hp-elitebook-860-g9-i7-1260p/
2025-11-30 03:15:21,989 - INFO - Scraping 3019/6851: https://www.refurbed.de/p/hp-elitebook-860-g9-i7-1265u/
2025-11-30 03:15:23,493 - INFO - Scraping 3020/6851: https://www.refurbed.de/p/hp-elitebook-865-g10-r-5-7540u/
2025-11-30 03:15:25,014 - INFO - Scraping 3021/6851: https://www.refurbed.de/p/hp-elitebook-865-g9-5-6650u/
2025-11-30 03:15:26,549 - INFO - Scraping 3022/6851: https://www.refurbed.de/p/hp-elitebook-folio-1040-g1-4200u/
2025-11-30 03:15:26,876 - ERROR - Error fetching https://www.refurbed.de/p/hp-elitebook-folio-1040-g1-4200u/: 404 Client Error: Not Found for url: https://www.refurbed.de/p/hp-elitebook-folio-1040-g1-4200u/
2025-11-30 03:15:27,878 - INFO - Scraping 3023/6851: https://www.refurbed.de/p/hp-elitebook-folio-1040-g1-4300u/
2025-11-30 03:15:28,149 - ERROR - Error fetching https://www.refurbed.de/p/hp-elitebook-folio-1040-g1-4300u/: 404 Client Error: Not Found for url: https://www.refurbed.de/p/hp-elitebook-folio-1040-g1-4300u/
2025-11-30 03:15:29,151 - INFO - Scraping 3024/6851: https://www.refurbed.de/p/hp-elitebook-folio-1040-g1-4600u/
2025-11-30 03:15:29,409 - ERROR - Error fetching https://www.refurbed.de/p/hp-elitebook-folio-1040-g1-4600u/: 404 Client Error: Not Found for url: https://www.refurbed.de/p/hp-elitebook-folio-1040-g1-4600u/
2025-11-30 03:15:30,411 - INFO - Scraping 3025/6851: https://www.refurbed.de/p/hp-elitebook-folio-1040-g2-5200u/
2025-11-30 03:15:30,742 - ERROR - Error fetching https://www.refurbed.de/p/hp-elitebook-folio-1040-g2-5200u/: 404 Client Error: Not Found for url: https://www.refurbed.de/p/hp-elitebook-folio-1040-g2-5200u/
2025-11-30 03:15:31,744 - INFO - Scraping 3026/6851: https://www.refurbed.de/p/hp-elitebook-folio-1040-g2-5300u/
2025-11-30 03:15:32,080 - ERROR - Error fetching https://www.refurbed.de/p/hp-elitebook-folio-1040-g2-5300u/: 404 Client Error: Not Found for url: https://www.refurbed.de/p/hp-elitebook-folio-1040-g2-5300u/
2025-11-30 03:15:33,082 - INFO - Scraping 3027/6851: https://www.refurbed.de/p/hp-elitebook-folio-1040-g2-5600u/
2025-11-30 03:15:33,364 - ERROR - Error fetching https://www.refurbed.de/p/hp-elitebook-folio-1040-g2-5600u/: 404 Client Error: Not Found for url: https://www.refurbed.de/p/hp-elitebook-folio-1040-g2-5600u/
2025-11-30 03:15:34,366 - INFO - Scraping 3028/6851: https://www.refurbed.de/p/hp-elitebook-folio-1040-g3-6200u/
2025-11-30 03:15:34,689 - ERROR - Error fetching https://www.refurbed.de/p/hp-elitebook-folio-1040-g3-6200u/: 404 Client Error: Not Found for url: https://www.refurbed.de/p/hp-elitebook-folio-1040-g3-6200u/
2025-11-30 03:15:35,691 - INFO - Scraping 3029/6851: https://www.refurbed.de/p/hp-elitebook-folio-1040-g3-6300u/
2025-11-30 03:15:35,984 - ERROR - Error fetching https://www.refurbed.de/p/hp-elitebook-folio-1040-g3-6300u/: 404 Client Error: Not Found for url: https://www.refurbed.de/p/hp-elitebook-folio-1040-g3-6300u/
2025-11-30 03:15:36,986 - INFO - Scraping 3030/6851: https://www.refurbed.de/p/hp-elitebook-folio-1040-g3-6600u/
2025-11-30 03:15:37,287 - ERROR - Error fetching https://www.refurbed.de/p/hp-elitebook-folio-1040-g3-6600u/: 404 Client Error: Not Found for url: https://www.refurbed.de/p/hp-elitebook-folio-1040-g3-6600u/
2025-11-30 03:15:38,289 - INFO - Scraping 3031/6851: https://www.refurbed.de/p/hp-elitebook-folio-1040-g3-i7-65/
2025-11-30 03:15:38,645 - ERROR - Error fetching https://www.refurbed.de/p/hp-elitebook-folio-1040-g3-i7-65/: 404 Client Error: Not Found for url: https://www.refurbed.de/p/hp-elitebook-folio-1040-g3-i7-65/
2025-11-30 03:15:39,648 - INFO - Scraping 3032/6851: https://www.refurbed.de/p/hp-elitebook-folio-2-in-1-13-5/
2025-11-30 03:15:41,064 - INFO - Scraping 3033/6851: https://www.refurbed.de/p/hp-elitebook-folio-9480m-i5-4310/
2025-11-30 03:15:41,323 - ERROR - Error fetching https://www.refurbed.de/p/hp-elitebook-folio-9480m-i5-4310/: 404 Client Error: Not Found for url: https://www.refurbed.de/p/hp-elitebook-folio-9480m-i5-4310/
2025-11-30 03:15:42,325 - INFO - Scraping 3034/6851: https://www.refurbed.de/p/hp-elitebook-folio-g1-m7-6y75/
2025-11-30 03:15:42,583 - ERROR - Error fetching https://www.refurbed.de/p/hp-elitebook-folio-g1-m7-6y75/: 404 Client Error: Not Found for url: https://www.refurbed.de/p/hp-elitebook-folio-g1-m7-6y75/
2025-11-30 03:15:43,585 - INFO - Scraping 3035/6851: https://www.refurbed.de/p/hp-elitebook-g7-10510u/
2025-11-30 03:15:45,207 - INFO - Scraping 3036/6851: https://www.refurbed.de/p/hp-elitebook-g7-10610u/
2025-11-30 03:15:46,790 - INFO - Scraping 3037/6851: https://www.refurbed.de/p/hp-elitebook-g7-i5-10210u/
2025-11-30 03:15:48,519 - INFO - Scraping 3038/6851: https://www.refurbed.de/p/hp-elitebook-g7-i5-10310u/
2025-11-30 03:15:50,163 - INFO - Scraping 3039/6851: https://www.refurbed.de/p/hp-elitebook-x360-1020-g2-7300u/
2025-11-30 03:15:50,448 - ERROR - Error fetching https://www.refurbed.de/p/hp-elitebook-x360-1020-g2-7300u/: 404 Client Error: Not Found for url: https://www.refurbed.de/p/hp-elitebook-x360-1020-g2-7300u/
2025-11-30 03:15:51,450 - INFO - Scraping 3040/6851: https://www.refurbed.de/p/hp-elitebook-x360-1030-g2-7200u/
2025-11-30 03:15:51,744 - ERROR - Error fetching https://www.refurbed.de/p/hp-elitebook-x360-1030-g2-7200u/: 404 Client Error: Not Found for url: https://www.refurbed.de/p/hp-elitebook-x360-1030-g2-7200u/
2025-11-30 03:15:52,746 - INFO - Scraping 3041/6851: https://www.refurbed.de/p/hp-elitebook-x360-1030-g2-7300u/
2025-11-30 03:15:53,028 - ERROR - Error fetching https://www.refurbed.de/p/hp-elitebook-x360-1030-g2-7300u/: 404 Client Error: Not Found for url: https://www.refurbed.de/p/hp-elitebook-x360-1030-g2-7300u/
2025-11-30 03:15:54,030 - INFO - Scraping 3042/6851: https://www.refurbed.de/p/hp-elitebook-x360-1030-g2-7500u/
2025-11-30 03:15:54,296 - ERROR - Error fetching https://www.refurbed.de/p/hp-elitebook-x360-1030-g2-7500u/: 404 Client Error: Not Found for url: https://www.refurbed.de/p/hp-elitebook-x360-1030-g2-7500u/
2025-11-30 03:15:55,298 - INFO - Scraping 3043/6851: https://www.refurbed.de/p/hp-elitebook-x360-1030-g2-7600u/
2025-11-30 03:15:55,606 - ERROR - Error fetching https://www.refurbed.de/p/hp-elitebook-x360-1030-g2-7600u/: 404 Client Error: Not Found for url: https://www.refurbed.de/p/hp-elitebook-x360-1030-g2-7600u/
2025-11-30 03:15:56,608 - INFO - Scraping 3044/6851: https://www.refurbed.de/p/hp-elitebook-x360-1030-g3-7600u/
2025-11-30 03:15:56,898 - ERROR - Error fetching https://www.refurbed.de/p/hp-elitebook-x360-1030-g3-7600u/: 404 Client Error: Not Found for url: https://www.refurbed.de/p/hp-elitebook-x360-1030-g3-7600u/
2025-11-30 03:15:57,900 - INFO - Scraping 3045/6851: https://www.refurbed.de/p/hp-elitebook-x360-1030-g3-8250u/
2025-11-30 03:15:59,703 - INFO - Scraping 3046/6851: https://www.refurbed.de/p/hp-elitebook-x360-1030-g3-8350u/
2025-11-30 03:16:01,298 - INFO - Scraping 3047/6851: https://www.refurbed.de/p/hp-elitebook-x360-1030-g3-85550u/
2025-11-30 03:16:02,742 - INFO - Scraping 3048/6851: https://www.refurbed.de/p/hp-elitebook-x360-1030-g3-8650u/
2025-11-30 03:16:04,163 - INFO - Scraping 3049/6851: https://www.refurbed.de/p/hp-elitebook-x360-1030-g3-8850u/
2025-11-30 03:16:04,440 - ERROR - Error fetching https://www.refurbed.de/p/hp-elitebook-x360-1030-g3-8850u/: 404 Client Error: Not Found for url: https://www.refurbed.de/p/hp-elitebook-x360-1030-g3-8850u/
2025-11-30 03:16:05,443 - INFO - Scraping 3050/6851: https://www.refurbed.de/p/hp-elitebook-x360-1030-g4-8265u/
2025-11-30 03:16:07,275 - INFO - Scraping 3051/6851: https://www.refurbed.de/p/hp-elitebook-x360-1030-g4-8365u/
2025-11-30 03:16:08,961 - INFO - Scraping 3052/6851: https://www.refurbed.de/p/hp-elitebook-x360-1030-g7-10210u/
2025-11-30 03:16:10,815 - INFO - Scraping 3053/6851: https://www.refurbed.de/p/hp-elitebook-x360-1030-g7-10310u/
2025-11-30 03:16:12,433 - INFO - Scraping 3054/6851: https://www.refurbed.de/p/hp-elitebook-x360-1030-g7-10610u/
2025-11-30 03:16:13,963 - INFO - Scraping 3055/6851: https://www.refurbed.de/p/hp-elitebook-x360-1030-g7-10810u/
2025-11-30 03:16:15,526 - INFO - Scraping 3056/6851: https://www.refurbed.de/p/hp-elitebook-x360-1030-g8-1135g7/
2025-11-30 03:16:17,098 - INFO - Scraping 3057/6851: https://www.refurbed.de/p/hp-elitebook-x360-1030-g8-1145g7/
2025-11-30 03:16:18,709 - INFO - Scraping 3058/6851: https://www.refurbed.de/p/hp-elitebook-x360-1030-g8-1165g7/
2025-11-30 03:16:20,376 - INFO - Scraping 3059/6851: https://www.refurbed.de/p/hp-elitebook-x360-1030-g8-1185g7/
2025-11-30 03:16:21,933 - INFO - Scraping 3060/6851: https://www.refurbed.de/p/hp-elitebook-x360-1040-g10-1355u/
2025-11-30 03:16:23,343 - INFO - Scraping 3061/6851: https://www.refurbed.de/p/hp-elitebook-x360-1040-g5-8250u/
2025-11-30 03:16:24,960 - INFO - Scraping 3062/6851: https://www.refurbed.de/p/hp-elitebook-x360-1040-g5-8350u/
2025-11-30 03:16:26,688 - INFO - Scraping 3063/6851: https://www.refurbed.de/p/hp-elitebook-x360-1040-g5-8550u/
2025-11-30 03:16:28,132 - INFO - Scraping 3064/6851: https://www.refurbed.de/p/hp-elitebook-x360-1040-g6-8265u/
2025-11-30 03:16:29,589 - INFO - Scraping 3065/6851: https://www.refurbed.de/p/hp-elitebook-x360-1040-g6-8365u/
2025-11-30 03:16:31,162 - INFO - Scraping 3066/6851: https://www.refurbed.de/p/hp-elitebook-x360-1040-g6-8565u/
2025-11-30 03:16:32,578 - INFO - Scraping 3067/6851: https://www.refurbed.de/p/hp-elitebook-x360-1040-g6-8665u/
2025-11-30 03:16:34,141 - INFO - Scraping 3068/6851: https://www.refurbed.de/p/hp-elitebook-x360-1040-g7-10310u/
2025-11-30 03:16:35,673 - INFO - Scraping 3069/6851: https://www.refurbed.de/p/hp-elitebook-x360-1040-g7-10610u/
2025-11-30 03:16:37,487 - INFO - Scraping 3070/6851: https://www.refurbed.de/p/hp-elitebook-x360-1040-g7-10710u/
2025-11-30 03:16:39,135 - INFO - Scraping 3071/6851: https://www.refurbed.de/p/hp-elitebook-x360-1040-g8-1135g7/
2025-11-30 03:16:40,719 - INFO - Scraping 3072/6851: https://www.refurbed.de/p/hp-elitebook-x360-1040-g8-1146g7/
2025-11-30 03:16:42,239 - INFO - Scraping 3073/6851: https://www.refurbed.de/p/hp-elitebook-x360-1040-g8-1165g7/
2025-11-30 03:16:43,860 - INFO - Scraping 3074/6851: https://www.refurbed.de/p/hp-elitebook-x360-1040-g8-1185g7/
2025-11-30 03:16:45,419 - INFO - Scraping 3075/6851: https://www.refurbed.de/p/hp-elitebook-x360-1040-g9-1235u/
2025-11-30 03:16:47,278 - INFO - Scraping 3076/6851: https://www.refurbed.de/p/hp-elitebook-x360-1040-g9-1245u/
2025-11-30 03:16:48,821 - INFO - Scraping 3077/6851: https://www.refurbed.de/p/hp-elitebook-x360-1040-g9-1255u/
2025-11-30 03:16:50,225 - INFO - Scraping 3078/6851: https://www.refurbed.de/p/hp-elitebook-x360-1040-g9-1265u/
2025-11-30 03:16:51,671 - INFO - Scraping 3079/6851: https://www.refurbed.de/p/hp-elitebook-x360-830-g10-1335u/
2025-11-30 03:16:53,172 - INFO - Scraping 3080/6851: https://www.refurbed.de/p/hp-elitebook-x360-830-g10-1355u/
2025-11-30 03:16:54,639 - INFO - Scraping 3081/6851: https://www.refurbed.de/p/hp-elitebook-x360-830-g6-8265u/
2025-11-30 03:16:56,334 - INFO - Scraping 3082/6851: https://www.refurbed.de/p/hp-elitebook-x360-830-g6-8365u/
2025-11-30 03:16:58,087 - INFO - Scraping 3083/6851: https://www.refurbed.de/p/hp-elitebook-x360-830-g6-8565u/
2025-11-30 03:17:00,450 - INFO - Scraping 3084/6851: https://www.refurbed.de/p/hp-elitebook-x360-830-g7-101210u/
2025-11-30 03:17:02,446 - INFO - Scraping 3085/6851: https://www.refurbed.de/p/hp-elitebook-x360-830-g7-101710u/
2025-11-30 03:17:04,407 - INFO - Scraping 3086/6851: https://www.refurbed.de/p/hp-elitebook-x360-830-g7-10310u/
2025-11-30 03:17:06,093 - INFO - Scraping 3087/6851: https://www.refurbed.de/p/hp-elitebook-x360-830-g7-10510u/
2025-11-30 03:17:07,823 - INFO - Scraping 3088/6851: https://www.refurbed.de/p/hp-elitebook-x360-830-g8-1135g7/
2025-11-30 03:17:09,383 - INFO - Scraping 3089/6851: https://www.refurbed.de/p/hp-elitebook-x360-830-g8-1145g7/
2025-11-30 03:17:10,934 - INFO - Scraping 3090/6851: https://www.refurbed.de/p/hp-elitebook-x360-830-g8-1165g7/
2025-11-30 03:17:12,465 - INFO - Scraping 3091/6851: https://www.refurbed.de/p/hp-elitebook-x360-830-g8-1185g7/
2025-11-30 03:17:13,982 - INFO - Scraping 3092/6851: https://www.refurbed.de/p/hp-elitebook-x360-830-g9-1235u/
2025-11-30 03:17:15,509 - INFO - Scraping 3093/6851: https://www.refurbed.de/p/hp-elitebook-x360-830-g9-1245u/
2025-11-30 03:17:16,924 - INFO - Scraping 3094/6851: https://www.refurbed.de/p/hp-elitebook-x360-830-g9-1255u/
2025-11-30 03:17:18,334 - INFO - Scraping 3095/6851: https://www.refurbed.de/p/hp-elitebook-x360-g4-i7-8565u/
2025-11-30 03:17:19,771 - INFO - Scraping 3096/6851: https://www.refurbed.de/p/hp-elitebook-x360-g4-i7-8665u/
2025-11-30 03:17:21,347 - INFO - Scraping 3097/6851: https://www.refurbed.de/p/hp-elitedesk-600-g2-sff/
2025-11-30 03:17:21,695 - ERROR - Error fetching https://www.refurbed.de/p/hp-elitedesk-600-g2-sff/: 404 Client Error: Not Found for url: https://www.refurbed.de/p/hp-elitedesk-600-g2-sff/
2025-11-30 03:17:22,697 - INFO - Scraping 3098/6851: https://www.refurbed.de/p/hp-elitedesk-705-g1-dm/
2025-11-30 03:17:23,094 - ERROR - Error fetching https://www.refurbed.de/p/hp-elitedesk-705-g1-dm/: 404 Client Error: Not Found for url: https://www.refurbed.de/p/hp-elitedesk-705-g1-dm/
2025-11-30 03:17:24,096 - INFO - Scraping 3099/6851: https://www.refurbed.de/p/hp-elitedesk-705-g1-mt/
2025-11-30 03:17:24,428 - ERROR - Error fetching https://www.refurbed.de/p/hp-elitedesk-705-g1-mt/: 404 Client Error: Not Found for url: https://www.refurbed.de/p/hp-elitedesk-705-g1-mt/
2025-11-30 03:17:25,431 - INFO - Scraping 3100/6851: https://www.refurbed.de/p/hp-elitedesk-705-g1-sff-a10/
2025-11-30 03:17:25,750 - ERROR - Error fetching https://www.refurbed.de/p/hp-elitedesk-705-g1-sff-a10/: 404 Client Error: Not Found for url: https://www.refurbed.de/p/hp-elitedesk-705-g1-sff-a10/
2025-11-30 03:17:26,752 - INFO - Scraping 3101/6851: https://www.refurbed.de/p/hp-elitedesk-705-g2-dm/
2025-11-30 03:17:27,046 - ERROR - Error fetching https://www.refurbed.de/p/hp-elitedesk-705-g2-dm/: 404 Client Error: Not Found for url: https://www.refurbed.de/p/hp-elitedesk-705-g2-dm/
2025-11-30 03:17:28,048 - INFO - Scraping 3102/6851: https://www.refurbed.de/p/hp-elitedesk-705-g2-sff/
2025-11-30 03:17:28,536 - ERROR - Error fetching https://www.refurbed.de/p/hp-elitedesk-705-g2-sff/: 404 Client Error: Not Found for url: https://www.refurbed.de/p/hp-elitedesk-705-g2-sff/
2025-11-30 03:17:29,538 - INFO - Scraping 3103/6851: https://www.refurbed.de/p/hp-elitedesk-705-g3-dm-usff/
2025-11-30 03:17:29,794 - ERROR - Error fetching https://www.refurbed.de/p/hp-elitedesk-705-g3-dm-usff/: 404 Client Error: Not Found for url: https://www.refurbed.de/p/hp-elitedesk-705-g3-dm-usff/
2025-11-30 03:17:30,796 - INFO - Scraping 3104/6851: https://www.refurbed.de/p/hp-elitedesk-705-g3-mt/
2025-11-30 03:17:31,059 - ERROR - Error fetching https://www.refurbed.de/p/hp-elitedesk-705-g3-mt/: 404 Client Error: Not Found for url: https://www.refurbed.de/p/hp-elitedesk-705-g3-mt/
2025-11-30 03:17:32,060 - INFO - Scraping 3105/6851: https://www.refurbed.de/p/hp-elitedesk-705-g3-sff/
2025-11-30 03:17:32,320 - ERROR - Error fetching https://www.refurbed.de/p/hp-elitedesk-705-g3-sff/: 404 Client Error: Not Found for url: https://www.refurbed.de/p/hp-elitedesk-705-g3-sff/
2025-11-30 03:17:33,323 - INFO - Scraping 3106/6851: https://www.refurbed.de/p/hp-elitedesk-705-g3/
2025-11-30 03:17:33,580 - ERROR - Error fetching https://www.refurbed.de/p/hp-elitedesk-705-g3/: 404 Client Error: Not Found for url: https://www.refurbed.de/p/hp-elitedesk-705-g3/
2025-11-30 03:17:34,582 - INFO - Scraping 3107/6851: https://www.refurbed.de/p/hp-elitedesk-705-g4-dm/
2025-11-30 03:17:35,159 - ERROR - Error fetching https://www.refurbed.de/p/hp-elitedesk-705-g4-dm/: 404 Client Error: Not Found for url: https://www.refurbed.de/p/hp-elitedesk-705-g4-dm/
2025-11-30 03:17:36,161 - INFO - Scraping 3108/6851: https://www.refurbed.de/p/hp-elitedesk-705-g4-mt/
2025-11-30 03:17:36,458 - ERROR - Error fetching https://www.refurbed.de/p/hp-elitedesk-705-g4-mt/: 404 Client Error: Not Found for url: https://www.refurbed.de/p/hp-elitedesk-705-g4-mt/
2025-11-30 03:17:37,460 - INFO - Scraping 3109/6851: https://www.refurbed.de/p/hp-elitedesk-705-g4-sff/
2025-11-30 03:17:38,875 - INFO - Scraping 3110/6851: https://www.refurbed.de/p/hp-elitedesk-705-g4/
2025-11-30 03:17:39,133 - ERROR - Error fetching https://www.refurbed.de/p/hp-elitedesk-705-g4/: 404 Client Error: Not Found for url: https://www.refurbed.de/p/hp-elitedesk-705-g4/
2025-11-30 03:17:40,135 - INFO - Scraping 3111/6851: https://www.refurbed.de/p/hp-elitedesk-705-g5-mini/
2025-11-30 03:17:41,548 - INFO - Scraping 3112/6851: https://www.refurbed.de/p/hp-elitedesk-705-g5-sff/
2025-11-30 03:17:43,080 - INFO - Scraping 3113/6851: https://www.refurbed.de/p/hp-elitedesk-800-g1-dm-i5/
2025-11-30 03:17:43,421 - ERROR - Error fetching https://www.refurbed.de/p/hp-elitedesk-800-g1-dm-i5/: 404 Client Error: Not Found for url: https://www.refurbed.de/p/hp-elitedesk-800-g1-dm-i5/
2025-11-30 03:17:44,423 - INFO - Scraping 3114/6851: https://www.refurbed.de/p/hp-elitedesk-800-g1-intel/
2025-11-30 03:17:44,688 - ERROR - Error fetching https://www.refurbed.de/p/hp-elitedesk-800-g1-intel/: 404 Client Error: Not Found for url: https://www.refurbed.de/p/hp-elitedesk-800-g1-intel/
2025-11-30 03:17:45,690 - INFO - Scraping 3115/6851: https://www.refurbed.de/p/hp-elitedesk-800-g1-sff-i5-4590/
2025-11-30 03:17:46,102 - ERROR - Error fetching https://www.refurbed.de/p/hp-elitedesk-800-g1-sff-i5-4590/: 404 Client Error: Not Found for url: https://www.refurbed.de/p/hp-elitedesk-800-g1-sff-i5-4590/
2025-11-30 03:17:47,104 - INFO - Scraping 3116/6851: https://www.refurbed.de/p/hp-elitedesk-800-g1-sff-i7/
2025-11-30 03:17:47,370 - ERROR - Error fetching https://www.refurbed.de/p/hp-elitedesk-800-g1-sff-i7/: 404 Client Error: Not Found for url: https://www.refurbed.de/p/hp-elitedesk-800-g1-sff-i7/
2025-11-30 03:17:48,372 - INFO - Scraping 3117/6851: https://www.refurbed.de/p/hp-elitedesk-800-g1-sff/
2025-11-30 03:17:48,680 - ERROR - Error fetching https://www.refurbed.de/p/hp-elitedesk-800-g1-sff/: 404 Client Error: Not Found for url: https://www.refurbed.de/p/hp-elitedesk-800-g1-sff/
2025-11-30 03:17:49,682 - INFO - Scraping 3118/6851: https://www.refurbed.de/p/hp-elitedesk-800-g1-tower/
2025-11-30 03:17:49,973 - ERROR - Error fetching https://www.refurbed.de/p/hp-elitedesk-800-g1-tower/: 404 Client Error: Not Found for url: https://www.refurbed.de/p/hp-elitedesk-800-g1-tower/
2025-11-30 03:17:50,975 - INFO - Scraping 3119/6851: https://www.refurbed.de/p/hp-elitedesk-800-g1-twr-i3-4130/
2025-11-30 03:17:51,247 - ERROR - Error fetching https://www.refurbed.de/p/hp-elitedesk-800-g1-twr-i3-4130/: 404 Client Error: Not Found for url: https://www.refurbed.de/p/hp-elitedesk-800-g1-twr-i3-4130/
2025-11-30 03:17:52,249 - INFO - Scraping 3120/6851: https://www.refurbed.de/p/hp-elitedesk-800-g1-twr-i7-4790/
2025-11-30 03:17:52,535 - ERROR - Error fetching https://www.refurbed.de/p/hp-elitedesk-800-g1-twr-i7-4790/: 404 Client Error: Not Found for url: https://www.refurbed.de/p/hp-elitedesk-800-g1-twr-i7-4790/
2025-11-30 03:17:53,538 - INFO - Scraping 3121/6851: https://www.refurbed.de/p/hp-elitedesk-800-g1-usdt/
2025-11-30 03:17:53,924 - ERROR - Error fetching https://www.refurbed.de/p/hp-elitedesk-800-g1-usdt/: 404 Client Error: Not Found for url: https://www.refurbed.de/p/hp-elitedesk-800-g1-usdt/
2025-11-30 03:17:54,926 - INFO - Scraping 3122/6851: https://www.refurbed.de/p/hp-elitedesk-800-g2-dm-i5/
2025-11-30 03:17:55,217 - ERROR - Error fetching https://www.refurbed.de/p/hp-elitedesk-800-g2-dm-i5/: 404 Client Error: Not Found for url: https://www.refurbed.de/p/hp-elitedesk-800-g2-dm-i5/
2025-11-30 03:17:56,219 - INFO - Scraping 3123/6851: https://www.refurbed.de/p/hp-elitedesk-800-g2-sff-i7/
2025-11-30 03:17:56,479 - ERROR - Error fetching https://www.refurbed.de/p/hp-elitedesk-800-g2-sff-i7/: 404 Client Error: Not Found for url: https://www.refurbed.de/p/hp-elitedesk-800-g2-sff-i7/
2025-11-30 03:17:57,481 - INFO - Scraping 3124/6851: https://www.refurbed.de/p/hp-elitedesk-800-g2-sff/
2025-11-30 03:17:57,747 - ERROR - Error fetching https://www.refurbed.de/p/hp-elitedesk-800-g2-sff/: 404 Client Error: Not Found for url: https://www.refurbed.de/p/hp-elitedesk-800-g2-sff/
2025-11-30 03:17:58,749 - INFO - Scraping 3125/6851: https://www.refurbed.de/p/hp-elitedesk-800-g2-twr-i6th/
2025-11-30 03:17:59,010 - ERROR - Error fetching https://www.refurbed.de/p/hp-elitedesk-800-g2-twr-i6th/: 404 Client Error: Not Found for url: https://www.refurbed.de/p/hp-elitedesk-800-g2-twr-i6th/
2025-11-30 03:18:00,012 - INFO - Scraping 3126/6851: https://www.refurbed.de/p/hp-elitedesk-800-g2-usff-g4400t/
2025-11-30 03:18:00,344 - ERROR - Error fetching https://www.refurbed.de/p/hp-elitedesk-800-g2-usff-g4400t/: 404 Client Error: Not Found for url: https://www.refurbed.de/p/hp-elitedesk-800-g2-usff-g4400t/
2025-11-30 03:18:01,346 - INFO - Scraping 3127/6851: https://www.refurbed.de/p/hp-elitedesk-800-g2-usff-int6th/
2025-11-30 03:18:01,645 - ERROR - Error fetching https://www.refurbed.de/p/hp-elitedesk-800-g2-usff-int6th/: 404 Client Error: Not Found for url: https://www.refurbed.de/p/hp-elitedesk-800-g2-usff-int6th/
2025-11-30 03:18:02,647 - INFO - Scraping 3128/6851: https://www.refurbed.de/p/hp-elitedesk-800-g3-dm-intel-6th/
2025-11-30 03:18:03,001 - ERROR - Error fetching https://www.refurbed.de/p/hp-elitedesk-800-g3-dm-intel-6th/: 404 Client Error: Not Found for url: https://www.refurbed.de/p/hp-elitedesk-800-g3-dm-intel-6th/
2025-11-30 03:18:04,003 - INFO - Scraping 3129/6851: https://www.refurbed.de/p/hp-elitedesk-800-g3-sff-intel-6/
2025-11-30 03:18:04,628 - ERROR - Error fetching https://www.refurbed.de/p/hp-elitedesk-800-g3-sff-intel-6/: 404 Client Error: Not Found for url: https://www.refurbed.de/p/hp-elitedesk-800-g3-sff-intel-6/
2025-11-30 03:18:05,630 - INFO - Scraping 3130/6851: https://www.refurbed.de/p/hp-elitedesk-800-g3-twr/
2025-11-30 03:18:05,894 - ERROR - Error fetching https://www.refurbed.de/p/hp-elitedesk-800-g3-twr/: 404 Client Error: Not Found for url: https://www.refurbed.de/p/hp-elitedesk-800-g3-twr/
2025-11-30 03:18:06,896 - INFO - Scraping 3131/6851: https://www.refurbed.de/p/hp-elitedesk-800-g4-mt/
2025-11-30 03:18:08,292 - INFO - Scraping 3132/6851: https://www.refurbed.de/p/hp-elitedesk-800-g4-sff/
2025-11-30 03:18:09,996 - INFO - Scraping 3133/6851: https://www.refurbed.de/p/hp-elitedesk-800-g4-ws-edition/
2025-11-30 03:18:11,378 - INFO - Scraping 3134/6851: https://www.refurbed.de/p/hp-elitedesk-800-g4/
2025-11-30 03:18:12,940 - INFO - Scraping 3135/6851: https://www.refurbed.de/p/hp-elitedesk-800-g5-dm/
2025-11-30 03:18:14,533 - INFO - Scraping 3136/6851: https://www.refurbed.de/p/hp-elitedesk-800-g5-sff/
2025-11-30 03:18:16,129 - INFO - Scraping 3137/6851: https://www.refurbed.de/p/hp-elitedesk-800-g5-twr/
2025-11-30 03:18:17,718 - INFO - Scraping 3138/6851: https://www.refurbed.de/p/hp-elitedesk-800-g6-dm/
2025-11-30 03:18:19,288 - INFO - Scraping 3139/6851: https://www.refurbed.de/p/hp-elitedesk-800-g6-sff/
2025-11-30 03:18:20,718 - INFO - Scraping 3140/6851: https://www.refurbed.de/p/hp-elitedesk-800-g6-twr/
2025-11-30 03:18:22,423 - INFO - Scraping 3141/6851: https://www.refurbed.de/p/hp-elitedesk-800-g8-twr/
2025-11-30 03:18:23,854 - INFO - Scraping 3142/6851: https://www.refurbed.de/p/hp-elitedesk-800-g9-sff/
2025-11-30 03:18:25,501 - INFO - Scraping 3143/6851: https://www.refurbed.de/p/hp-elitedesk-805-g6-mini/
2025-11-30 03:18:26,929 - INFO - Scraping 3144/6851: https://www.refurbed.de/p/hp-elitedesk-805-g6-sff/
2025-11-30 03:18:28,338 - INFO - Scraping 3145/6851: https://www.refurbed.de/p/hp-elitedesk-8300-sff/
2025-11-30 03:18:28,621 - ERROR - Error fetching https://www.refurbed.de/p/hp-elitedesk-8300-sff/: 404 Client Error: Not Found for url: https://www.refurbed.de/p/hp-elitedesk-8300-sff/
2025-11-30 03:18:29,623 - INFO - Scraping 3146/6851: https://www.refurbed.de/p/hp-elitedisplay-e201/
2025-11-30 03:18:31,218 - INFO - Scraping 3147/6851: https://www.refurbed.de/p/hp-elitedisplay-e221-21-5/
2025-11-30 03:18:32,756 - INFO - Scraping 3148/6851: https://www.refurbed.de/p/hp-elitedisplay-e221c-21-5/
2025-11-30 03:18:34,299 - INFO - Scraping 3149/6851: https://www.refurbed.de/p/hp-elitedisplay-e222-21-5/
2025-11-30 03:18:35,857 - INFO - Scraping 3150/6851: https://www.refurbed.de/p/hp-elitedisplay-e223-21/
2025-11-30 03:18:37,409 - INFO - Scraping 3151/6851: https://www.refurbed.de/p/hp-elitedisplay-e231/
2025-11-30 03:18:39,100 - INFO - Scraping 3152/6851: https://www.refurbed.de/p/hp-elitedisplay-e231i-23/
2025-11-30 03:18:40,495 - INFO - Scraping 3153/6851: https://www.refurbed.de/p/hp-elitedisplay-e232/
2025-11-30 03:18:42,124 - INFO - Scraping 3154/6851: https://www.refurbed.de/p/hp-elitedisplay-e233/
2025-11-30 03:18:43,696 - INFO - Scraping 3155/6851: https://www.refurbed.de/p/hp-elitedisplay-e240/
2025-11-30 03:18:45,121 - INFO - Scraping 3156/6851: https://www.refurbed.de/p/hp-elitedisplay-e240c/
2025-11-30 03:18:46,705 - INFO - Scraping 3157/6851: https://www.refurbed.de/p/hp-elitedisplay-e241i/
2025-11-30 03:18:48,254 - INFO - Scraping 3158/6851: https://www.refurbed.de/p/hp-elitedisplay-e242/
2025-11-30 03:18:49,991 - INFO - Scraping 3159/6851: https://www.refurbed.de/p/hp-elitedisplay-e243/
2025-11-30 03:18:51,452 - INFO - Scraping 3160/6851: https://www.refurbed.de/p/hp-elitedisplay-e243d/
2025-11-30 03:18:53,320 - INFO - Scraping 3161/6851: https://www.refurbed.de/p/hp-elitedisplay-e243i/
2025-11-30 03:18:54,899 - INFO - Scraping 3162/6851: https://www.refurbed.de/p/hp-elitedisplay-e243m-23-8/
2025-11-30 03:18:56,434 - INFO - Scraping 3163/6851: https://www.refurbed.de/p/hp-elitedisplay-e24d-g4/
2025-11-30 03:18:57,833 - INFO - Scraping 3164/6851: https://www.refurbed.de/p/hp-elitedisplay-e271i/
2025-11-30 03:18:59,340 - INFO - Scraping 3165/6851: https://www.refurbed.de/p/hp-elitedisplay-e272q/
2025-11-30 03:19:00,892 - INFO - Scraping 3166/6851: https://www.refurbed.de/p/hp-elitedisplay-e273-27/
2025-11-30 03:19:02,520 - INFO - Scraping 3167/6851: https://www.refurbed.de/p/hp-elitedisplay-e273d-27/
2025-11-30 03:19:03,951 - INFO - Scraping 3168/6851: https://www.refurbed.de/p/hp-elitedisplay-e273q-27/
2025-11-30 03:19:05,398 - INFO - Scraping 3169/6851: https://www.refurbed.de/p/hp-elitedisplay-s140u-14/
2025-11-30 03:19:06,809 - INFO - Scraping 3170/6851: https://www.refurbed.de/p/hp-elitedisplay-s340c/
2025-11-30 03:19:08,307 - INFO - Scraping 3171/6851: https://www.refurbed.de/p/hp-elitedisplaye-e242/
2025-11-30 03:19:09,732 - INFO - Scraping 3172/6851: https://www.refurbed.de/p/hp-eliteone-800-g2/
2025-11-30 03:19:10,066 - ERROR - Error fetching https://www.refurbed.de/p/hp-eliteone-800-g2/: 404 Client Error: Not Found for url: https://www.refurbed.de/p/hp-eliteone-800-g2/
2025-11-30 03:19:11,068 - INFO - Scraping 3173/6851: https://www.refurbed.de/p/hp-eliteone-800-g3/
2025-11-30 03:19:11,380 - ERROR - Error fetching https://www.refurbed.de/p/hp-eliteone-800-g3/: 404 Client Error: Not Found for url: https://www.refurbed.de/p/hp-eliteone-800-g3/
2025-11-30 03:19:12,383 - INFO - Scraping 3174/6851: https://www.refurbed.de/p/hp-eliteone-800-g4/
2025-11-30 03:19:14,274 - INFO - Scraping 3175/6851: https://www.refurbed.de/p/hp-eliteone-800-g5/
2025-11-30 03:19:15,724 - INFO - Scraping 3176/6851: https://www.refurbed.de/p/hp-eliteone-800-g6/
2025-11-30 03:19:17,182 - INFO - Scraping 3177/6851: https://www.refurbed.de/p/hp-eliteone-840-g9/
2025-11-30 03:19:18,659 - INFO - Scraping 3178/6851: https://www.refurbed.de/p/hp-eliteone-870-g9-27/
2025-11-30 03:19:20,113 - INFO - Scraping 3179/6851: https://www.refurbed.de/p/hp-elitepad-900-g1-tablet/
2025-11-30 03:19:20,488 - ERROR - Error fetching https://www.refurbed.de/p/hp-elitepad-900-g1-tablet/: 404 Client Error: Not Found for url: https://www.refurbed.de/p/hp-elitepad-900-g1-tablet/
2025-11-30 03:19:21,490 - INFO - Scraping 3180/6851: https://www.refurbed.de/p/hp-elitepad-dock-station-c0m84aa/
2025-11-30 03:19:22,962 - INFO - Scraping 3181/6851: https://www.refurbed.de/p/hp-elitepad-productivity-jacket/
2025-11-30 03:19:24,402 - INFO - Scraping 3182/6851: https://www.refurbed.de/p/hp-engage-flex-pro-c/
2025-11-30 03:19:25,844 - INFO - Scraping 3183/6851: https://www.refurbed.de/p/hp-env-x360-2in1-fh0000nb-7730u/
2025-11-30 03:19:26,124 - ERROR - Error fetching https://www.refurbed.de/p/hp-env-x360-2in1-fh0000nb-7730u/: 404 Client Error: Not Found for url: https://www.refurbed.de/p/hp-env-x360-2in1-fh0000nb-7730u/
2025-11-30 03:19:27,126 - INFO - Scraping 3184/6851: https://www.refurbed.de/p/hp-env-x360-2in1-fh0007nf-7530u/
2025-11-30 03:19:28,591 - INFO - Scraping 3185/6851: https://www.refurbed.de/p/hp-env-x360-2in1-fh0155ng-7530u/
2025-11-30 03:19:30,022 - INFO - Scraping 3186/6851: https://www.refurbed.de/p/hp-envy-13-ab038nf-i7-7500u/
2025-11-30 03:19:30,298 - ERROR - Error fetching https://www.refurbed.de/p/hp-envy-13-ab038nf-i7-7500u/: 404 Client Error: Not Found for url: https://www.refurbed.de/p/hp-envy-13-ab038nf-i7-7500u/
2025-11-30 03:19:31,301 - INFO - Scraping 3187/6851: https://www.refurbed.de/p/hp-envy-13-ah0004ns-i7-8550u/
2025-11-30 03:19:32,760 - INFO - Scraping 3188/6851: https://www.refurbed.de/p/hp-envy-13-aq1003nf-10510u-13-3/
2025-11-30 03:19:34,285 - INFO - Scraping 3189/6851: https://www.refurbed.de/p/hp-envy-13-aq1015n-10510u-13-3/
2025-11-30 03:19:35,712 - INFO - Scraping 3190/6851: https://www.refurbed.de/p/hp-envy-13-ba-1165g7/
2025-11-30 03:19:37,170 - INFO - Scraping 3191/6851: https://www.refurbed.de/p/hp-envy-13-ba-i5-10210u/
2025-11-30 03:19:37,426 - ERROR - Error fetching https://www.refurbed.de/p/hp-envy-13-ba-i5-10210u/: 404 Client Error: Not Found for url: https://www.refurbed.de/p/hp-envy-13-ba-i5-10210u/
2025-11-30 03:19:38,428 - INFO - Scraping 3192/6851: https://www.refurbed.de/p/hp-envy-13-ba-i5-1135g7/
2025-11-30 03:19:39,881 - INFO - Scraping 3193/6851: https://www.refurbed.de/p/hp-envy-13-d022nf-i5-6200u/
2025-11-30 03:19:40,138 - ERROR - Error fetching https://www.refurbed.de/p/hp-envy-13-d022nf-i5-6200u/: 404 Client Error: Not Found for url: https://www.refurbed.de/p/hp-envy-13-d022nf-i5-6200u/
2025-11-30 03:19:41,141 - INFO - Scraping 3194/6851: https://www.refurbed.de/p/hp-envy-13aq0011nf-i7-8565u/
2025-11-30 03:19:42,548 - INFO - Scraping 3195/6851: https://www.refurbed.de/p/hp-envy-14-eb-1165g7/
2025-11-30 03:19:43,944 - INFO - Scraping 3196/6851: https://www.refurbed.de/p/hp-envy-14-eb-i7-11390h/
2025-11-30 03:19:45,344 - INFO - Scraping 3197/6851: https://www.refurbed.de/p/hp-envy-14-eb0100nd-i5-1135g7/
2025-11-30 03:19:45,605 - ERROR - Error fetching https://www.refurbed.de/p/hp-envy-14-eb0100nd-i5-1135g7/: 404 Client Error: Not Found for url: https://www.refurbed.de/p/hp-envy-14-eb0100nd-i5-1135g7/
2025-11-30 03:19:46,607 - INFO - Scraping 3198/6851: https://www.refurbed.de/p/hp-envy-15-ep1077ng-11800h/
2025-11-30 03:19:48,065 - INFO - Scraping 3199/6851: https://www.refurbed.de/p/hp-envy-15-ep1790ng-11900h/
2025-11-30 03:19:49,675 - INFO - Scraping 3200/6851: https://www.refurbed.de/p/hp-envy-15-i7-4702mq/
2025-11-30 03:19:50,161 - ERROR - Error fetching https://www.refurbed.de/p/hp-envy-15-i7-4702mq/: 404 Client Error: Not Found for url: https://www.refurbed.de/p/hp-envy-15-i7-4702mq/
2025-11-30 03:19:51,164 - INFO - Scraping 3201/6851: https://www.refurbed.de/p/hp-envy-16-h-12700h-16/
2025-11-30 03:19:52,590 - INFO - Scraping 3202/6851: https://www.refurbed.de/p/hp-envy-16-h0097ng-12700h-16/
2025-11-30 03:19:54,014 - INFO - Scraping 3203/6851: https://www.refurbed.de/p/hp-envy-16-h1000nf-13900h-16/
2025-11-30 03:19:55,445 - INFO - Scraping 3204/6851: https://www.refurbed.de/p/hp-envy-17-cg-i7-1165g7-17-3/
2025-11-30 03:19:57,191 - INFO - Scraping 3205/6851: https://www.refurbed.de/p/hp-envy-17-ch-1165g7-17-3/
2025-11-30 03:19:58,607 - INFO - Scraping 3206/6851: https://www.refurbed.de/p/hp-envy-17-cr-1255u-17-3/
2025-11-30 03:20:00,103 - INFO - Scraping 3207/6851: https://www.refurbed.de/p/hp-envy-17-cr-i7-1260p/
2025-11-30 03:20:01,673 - INFO - Scraping 3208/6851: https://www.refurbed.de/p/hp-envy-17-cw-i5-13500h/
2025-11-30 03:20:03,183 - INFO - Scraping 3209/6851: https://www.refurbed.de/p/hp-envy-17-cw-i7-13700h/
2025-11-30 03:20:04,618 - INFO - Scraping 3210/6851: https://www.refurbed.de/p/hp-envy-17-cw0003-i7-1355u/
2025-11-30 03:20:06,207 - INFO - Scraping 3211/6851: https://www.refurbed.de/p/hp-envy-17-da-core-ultra-5-125h/
2025-11-30 03:20:07,895 - INFO - Scraping 3212/6851: https://www.refurbed.de/p/hp-envy-17-da-core-ultra-7-155h/
2025-11-30 03:20:09,353 - INFO - Scraping 3213/6851: https://www.refurbed.de/p/hp-envy-17-da-core-ultra-7-155u/
2025-11-30 03:20:10,771 - INFO - Scraping 3214/6851: https://www.refurbed.de/p/hp-envy-17m-ce-i7-10510u/
2025-11-30 03:20:12,301 - INFO - Scraping 3215/6851: https://www.refurbed.de/p/hp-envy-17m-cg-i7-1165g7/
2025-11-30 03:20:13,717 - INFO - Scraping 3216/6851: https://www.refurbed.de/p/hp-envy-27-cp0001nc-all-in-one/
2025-11-30 03:20:15,119 - INFO - Scraping 3217/6851: https://www.refurbed.de/p/hp-envy-27-cp0001ns-all-in-one/
2025-11-30 03:20:16,652 - INFO - Scraping 3218/6851: https://www.refurbed.de/p/hp-envy-34-c0520nd-all-in-one/
2025-11-30 03:20:18,190 - INFO - Scraping 3219/6851: https://www.refurbed.de/p/hp-envy-34-c1000nc-34/
2025-11-30 03:20:20,390 - INFO - Scraping 3220/6851: https://www.refurbed.de/p/hp-envy-phoenix-860-004nf/
2025-11-30 03:20:20,659 - ERROR - Error fetching https://www.refurbed.de/p/hp-envy-phoenix-860-004nf/: 404 Client Error: Not Found for url: https://www.refurbed.de/p/hp-envy-phoenix-860-004nf/
2025-11-30 03:20:21,662 - INFO - Scraping 3221/6851: https://www.refurbed.de/p/hp-envy-pro-6420e-all-in-one/
2025-11-30 03:20:23,049 - INFO - Scraping 3222/6851: https://www.refurbed.de/p/hp-envy-te01-2701ng/
2025-11-30 03:20:24,450 - INFO - Scraping 3223/6851: https://www.refurbed.de/p/hp-envy-te02-0001na/
2025-11-30 03:20:25,879 - INFO - Scraping 3224/6851: https://www.refurbed.de/p/hp-envy-te02-0002na/
2025-11-30 03:20:27,295 - INFO - Scraping 3225/6851: https://www.refurbed.de/p/hp-envy-te02-0013ns/
2025-11-30 03:20:28,750 - INFO - Scraping 3226/6851: https://www.refurbed.de/p/hp-envy-te02-0670nd/
2025-11-30 03:20:30,150 - INFO - Scraping 3227/6851: https://www.refurbed.de/p/hp-envy-x360-13-ag0005ng-5500u/
2025-11-30 03:20:30,406 - ERROR - Error fetching https://www.refurbed.de/p/hp-envy-x360-13-ag0005ng-5500u/: 404 Client Error: Not Found for url: https://www.refurbed.de/p/hp-envy-x360-13-ag0005ng-5500u/
2025-11-30 03:20:31,408 - INFO - Scraping 3228/6851: https://www.refurbed.de/p/hp-envy-x360-13-ag0500nd/
2025-11-30 03:20:31,785 - ERROR - Error fetching https://www.refurbed.de/p/hp-envy-x360-13-ag0500nd/: 404 Client Error: Not Found for url: https://www.refurbed.de/p/hp-envy-x360-13-ag0500nd/
2025-11-30 03:20:32,787 - INFO - Scraping 3229/6851: https://www.refurbed.de/p/hp-envy-x360-13-ay0001ns-4500u/
2025-11-30 03:20:34,187 - INFO - Scraping 3230/6851: https://www.refurbed.de/p/hp-envy-x360-13-ay0257ng-5-4500u/
2025-11-30 03:20:35,784 - INFO - Scraping 3231/6851: https://www.refurbed.de/p/hp-envy-x360-13-ay1776ng-5800u/
2025-11-30 03:20:37,322 - INFO - Scraping 3232/6851: https://www.refurbed.de/p/hp-envy-x360-13-ay1902ng-5600u/
2025-11-30 03:20:38,765 - INFO - Scraping 3233/6851: https://www.refurbed.de/p/hp-envy-x360-13-bd-1135g7/
2025-11-30 03:20:40,263 - INFO - Scraping 3234/6851: https://www.refurbed.de/p/hp-envy-x360-13-bf0778ng-1250u/
2025-11-30 03:20:41,676 - INFO - Scraping 3235/6851: https://www.refurbed.de/p/hp-envy-x360-14-fa-r7-8840hs/
2025-11-30 03:20:43,463 - INFO - Scraping 3236/6851: https://www.refurbed.de/p/hp-envy-x360-14-fc-u5-125u/
2025-11-30 03:20:44,886 - INFO - Scraping 3237/6851: https://www.refurbed.de/p/hp-envy-x360-14-fc-u7-155u/
2025-11-30 03:20:46,367 - INFO - Scraping 3238/6851: https://www.refurbed.de/p/hp-envy-x360-15-dr1-i5-10210u/
2025-11-30 03:20:47,760 - INFO - Scraping 3239/6851: https://www.refurbed.de/p/hp-envy-x360-15-dr1006ng-10510u/
2025-11-30 03:20:49,172 - INFO - Scraping 3240/6851: https://www.refurbed.de/p/hp-envy-x360-15-ed0278ng-1065g7/
2025-11-30 03:20:50,564 - INFO - Scraping 3241/6851: https://www.refurbed.de/p/hp-envy-x360-15-ed0900ng-10510u/
2025-11-30 03:20:52,152 - INFO - Scraping 3242/6851: https://www.refurbed.de/p/hp-envy-x360-15-ee0265ng-4700u/
2025-11-30 03:20:53,590 - INFO - Scraping 3243/6851: https://www.refurbed.de/p/hp-envy-x360-15-es0757ng-1135g7/
2025-11-30 03:20:55,006 - INFO - Scraping 3244/6851: https://www.refurbed.de/p/hp-envy-x360-15-es0775ng-1165g7/
2025-11-30 03:20:56,462 - INFO - Scraping 3245/6851: https://www.refurbed.de/p/hp-envy-x360-15-es1902ng-1195g7/
2025-11-30 03:20:57,946 - INFO - Scraping 3246/6851: https://www.refurbed.de/p/hp-envy-x360-15-eu0002-5500u/
2025-11-30 03:20:59,527 - INFO - Scraping 3247/6851: https://www.refurbed.de/p/hp-envy-x360-15-eu0755ng-5500u/
2025-11-30 03:21:00,968 - INFO - Scraping 3248/6851: https://www.refurbed.de/p/hp-envy-x360-15-eu0880ng-5500u/
2025-11-30 03:21:02,417 - INFO - Scraping 3249/6851: https://www.refurbed.de/p/hp-envy-x360-15-eu0997-5700u/
2025-11-30 03:21:04,221 - INFO - Scraping 3250/6851: https://www.refurbed.de/p/hp-envy-x360-15-ew0504na-1240p/
2025-11-30 03:21:05,678 - INFO - Scraping 3251/6851: https://www.refurbed.de/p/hp-envy-x360-15-ew0753ng-1240p/
2025-11-30 03:21:07,093 - INFO - Scraping 3252/6851: https://www.refurbed.de/p/hp-envy-x360-15-ew0753ng-1260p/
2025-11-30 03:21:08,536 - INFO - Scraping 3253/6851: https://www.refurbed.de/p/hp-envy-x360-15-ey0155ng-5625u/
2025-11-30 03:21:09,988 - INFO - Scraping 3254/6851: https://www.refurbed.de/p/hp-envy-x360-15-ey0647nz-5825u/
2025-11-30 03:21:11,391 - INFO - Scraping 3255/6851: https://www.refurbed.de/p/hp-envy-x360-15-ey0753ng-5625u/
2025-11-30 03:21:12,799 - INFO - Scraping 3256/6851: https://www.refurbed.de/p/hp-envy-x360-15-ey0777ng-5825u/
2025-11-30 03:21:14,316 - INFO - Scraping 3257/6851: https://www.refurbed.de/p/hp-envy-x360-15-fe-i7-1355u/
2025-11-30 03:21:15,752 - INFO - Scraping 3258/6851: https://www.refurbed.de/p/hp-envy-x360-15-i5-1335u/
2025-11-30 03:21:17,193 - INFO - Scraping 3259/6851: https://www.refurbed.de/p/hp-envy-x360-15-i5-7730u/
2025-11-30 03:21:18,714 - INFO - Scraping 3260/6851: https://www.refurbed.de/p/hp-envy-x360-15ee1083cl-5700u/
2025-11-30 03:21:20,396 - INFO - Scraping 3261/6851: https://www.refurbed.de/p/hp-envy-x360-15m-cn0011dx/
2025-11-30 03:21:20,686 - ERROR - Error fetching https://www.refurbed.de/p/hp-envy-x360-15m-cn0011dx/: 404 Client Error: Not Found for url: https://www.refurbed.de/p/hp-envy-x360-15m-cn0011dx/
2025-11-30 03:21:21,689 - INFO - Scraping 3262/6851: https://www.refurbed.de/p/hp-envy-x360-16-ac-u5-125u/
2025-11-30 03:21:23,392 - INFO - Scraping 3263/6851: https://www.refurbed.de/p/hp-envy-x360-16-ac-u7-155u/
2025-11-30 03:21:25,041 - INFO - Scraping 3264/6851: https://www.refurbed.de/p/hp-envy-x360-16-ad-r-5-8640hs/
2025-11-30 03:21:26,448 - INFO - Scraping 3265/6851: https://www.refurbed.de/p/hp-envy-x360-16-ad-r-7-8840hs/
2025-11-30 03:21:28,112 - INFO - Scraping 3266/6851: https://www.refurbed.de/p/hp-envy-x360-2-in-1-13-bf00017ne/
2025-11-30 03:21:29,528 - INFO - Scraping 3267/6851: https://www.refurbed.de/p/hp-envy-x360-2-in-1-13-bf0756ng/
2025-11-30 03:21:30,969 - INFO - Scraping 3268/6851: https://www.refurbed.de/p/hp-envy-x360-2-in-1-14-fc-7-155u/
2025-11-30 03:21:32,493 - INFO - Scraping 3269/6851: https://www.refurbed.de/p/hp-envy-x360-2-in-1-15-fh-7730u/
2025-11-30 03:21:33,945 - INFO - Scraping 3270/6851: https://www.refurbed.de/p/hp-envy-x360-2-in-1-15-fh0755ng/
2025-11-30 03:21:35,338 - INFO - Scraping 3271/6851: https://www.refurbed.de/p/hp-envy-x360-2-in-1-15-fh0775ng/
2025-11-30 03:21:36,774 - INFO - Scraping 3272/6851: https://www.refurbed.de/p/hp-envy-x360-2-in-1-16-ac-7-155u/
2025-11-30 03:21:38,217 - INFO - Scraping 3273/6851: https://www.refurbed.de/p/hp-healthcare-edt-hc271p-27/
2025-11-30 03:21:39,613 - INFO - Scraping 3274/6851: https://www.refurbed.de/p/hp-hstnn-da16/
2025-11-30 03:21:41,218 - INFO - Scraping 3275/6851: https://www.refurbed.de/p/hp-hstnn-i10x/
2025-11-30 03:21:42,610 - INFO - Scraping 3276/6851: https://www.refurbed.de/p/hp-hstnn-i11x/
2025-11-30 03:21:44,234 - INFO - Scraping 3277/6851: https://www.refurbed.de/p/hp-hstnn-i16x/
2025-11-30 03:21:45,794 - INFO - Scraping 3278/6851: https://www.refurbed.de/p/hp-hstnn-ix10/
2025-11-30 03:21:47,238 - INFO - Scraping 3279/6851: https://www.refurbed.de/p/hp-hyperx-alloy-core-rgb/
2025-11-30 03:21:48,648 - INFO - Scraping 3280/6851: https://www.refurbed.de/p/hp-hyperx-alloy-origins/
2025-11-30 03:21:50,141 - INFO - Scraping 3281/6851: https://www.refurbed.de/p/hp-hyperx-pulsefire-core/
2025-11-30 03:21:51,636 - INFO - Scraping 3282/6851: https://www.refurbed.de/p/hp-hyperx-pulsefire-raid/
2025-11-30 03:21:53,145 - INFO - Scraping 3283/6851: https://www.refurbed.de/p/hp-hyperx-quadcast/
2025-11-30 03:21:54,558 - INFO - Scraping 3284/6851: https://www.refurbed.de/p/hp-ku-0316/
2025-11-30 03:21:56,012 - INFO - Scraping 3285/6851: https://www.refurbed.de/p/hp-l1908w-19/
2025-11-30 03:21:57,487 - INFO - Scraping 3286/6851: https://www.refurbed.de/p/hp-l2245w-22/
2025-11-30 03:21:58,916 - INFO - Scraping 3287/6851: https://www.refurbed.de/p/hp-l2245wg/
2025-11-30 03:22:00,754 - INFO - Scraping 3288/6851: https://www.refurbed.de/p/hp-l2275w-22/
2025-11-30 03:22:02,167 - INFO - Scraping 3289/6851: https://www.refurbed.de/p/hp-l2445w-24/
2025-11-30 03:22:03,576 - INFO - Scraping 3290/6851: https://www.refurbed.de/p/hp-l41423-003/
2025-11-30 03:22:05,224 - INFO - Scraping 3291/6851: https://www.refurbed.de/p/hp-la1905wg-19/
2025-11-30 03:22:06,633 - INFO - Scraping 3292/6851: https://www.refurbed.de/p/hp-la1956x-19/
2025-11-30 03:22:08,256 - INFO - Scraping 3293/6851: https://www.refurbed.de/p/hp-la2206x-21/
2025-11-30 03:22:09,832 - INFO - Scraping 3294/6851: https://www.refurbed.de/p/hp-la2306x/
2025-11-30 03:22:11,423 - INFO - Scraping 3295/6851: https://www.refurbed.de/p/hp-laser-107w/
2025-11-30 03:22:12,937 - INFO - Scraping 3296/6851: https://www.refurbed.de/p/hp-laserjet-4200dtn/
2025-11-30 03:22:14,449 - INFO - Scraping 3297/6851: https://www.refurbed.de/p/hp-laserjet-4250dtn/
2025-11-30 03:22:15,895 - INFO - Scraping 3298/6851: https://www.refurbed.de/p/hp-laserjet-color-pro-400-m452nw/
2025-11-30 03:22:17,517 - INFO - Scraping 3299/6851: https://www.refurbed.de/p/hp-laserjet-enterprise-600-m602n/
2025-11-30 03:22:19,026 - INFO - Scraping 3300/6851: https://www.refurbed.de/p/hp-laserjet-enterprise-m430f-mfp/
2025-11-30 03:22:20,892 - INFO - Scraping 3301/6851: https://www.refurbed.de/p/hp-laserjet-enterprise-m506dn/
2025-11-30 03:22:22,355 - INFO - Scraping 3302/6851: https://www.refurbed.de/p/hp-laserjet-enterprise-m506xm/
2025-11-30 03:22:23,811 - INFO - Scraping 3303/6851: https://www.refurbed.de/p/hp-laserjet-enterprise-m507dn/
2025-11-30 03:22:25,324 - INFO - Scraping 3304/6851: https://www.refurbed.de/p/hp-laserjet-enterprise-m605dn/
2025-11-30 03:22:26,797 - INFO - Scraping 3305/6851: https://www.refurbed.de/p/hp-laserjet-enterprise-m605dnm/
2025-11-30 03:22:28,258 - INFO - Scraping 3306/6851: https://www.refurbed.de/p/hp-laserjet-enterprise-m608dn/
2025-11-30 03:22:29,651 - INFO - Scraping 3307/6851: https://www.refurbed.de/p/hp-laserjet-enterprise-m630dn/
2025-11-30 03:22:31,225 - INFO - Scraping 3308/6851: https://www.refurbed.de/p/hp-laserjet-ep-500-color-m551dn/
2025-11-30 03:22:32,765 - INFO - Scraping 3309/6851: https://www.refurbed.de/p/hp-laserjet-m209dw/
2025-11-30 03:22:34,161 - INFO - Scraping 3310/6851: https://www.refurbed.de/p/hp-laserjet-m3027-mfp-multifunkt/
2025-11-30 03:22:35,578 - INFO - Scraping 3311/6851: https://www.refurbed.de/p/hp-laserjet-m506xm/
2025-11-30 03:22:37,010 - INFO - Scraping 3312/6851: https://www.refurbed.de/p/hp-laserjet-managed-e50145dn/
2025-11-30 03:22:38,402 - INFO - Scraping 3313/6851: https://www.refurbed.de/p/hp-laserjet-managed-e60055dn/
2025-11-30 03:22:39,971 - INFO - Scraping 3314/6851: https://www.refurbed.de/p/hp-laserjet-managed-e60155dn/
2025-11-30 03:22:41,509 - INFO - Scraping 3315/6851: https://www.refurbed.de/p/hp-laserjet-managed-mfp-e72530z/
2025-11-30 03:22:42,899 - INFO - Scraping 3316/6851: https://www.refurbed.de/p/hp-laserjet-mfp-432fdn/
2025-11-30 03:22:44,370 - INFO - Scraping 3317/6851: https://www.refurbed.de/p/hp-laserjet-mfp-m234sdw/
2025-11-30 03:22:45,790 - INFO - Scraping 3318/6851: https://www.refurbed.de/p/hp-laserjet-p1505-laserdrucker/
2025-11-30 03:22:47,346 - INFO - Scraping 3319/6851: https://www.refurbed.de/p/hp-laserjet-p2015dn/
2025-11-30 03:22:48,828 - INFO - Scraping 3320/6851: https://www.refurbed.de/p/hp-laserjet-p2035/
2025-11-30 03:22:50,239 - INFO - Scraping 3321/6851: https://www.refurbed.de/p/hp-laserjet-p2055d/
2025-11-30 03:22:51,711 - INFO - Scraping 3322/6851: https://www.refurbed.de/p/hp-laserjet-p2055dn/
2025-11-30 03:22:53,111 - INFO - Scraping 3323/6851: https://www.refurbed.de/p/hp-laserjet-p3015/
2025-11-30 03:22:54,671 - INFO - Scraping 3324/6851: https://www.refurbed.de/p/hp-laserjet-p3015dn/
2025-11-30 03:22:56,180 - INFO - Scraping 3325/6851: https://www.refurbed.de/p/hp-laserjet-p4015x/
2025-11-30 03:22:57,936 - INFO - Scraping 3326/6851: https://www.refurbed.de/p/hp-laserjet-pro-100-mfp-m130fn/
2025-11-30 03:23:00,178 - INFO - Scraping 3327/6851: https://www.refurbed.de/p/hp-laserjet-pro-100-mfp-m130fw/
2025-11-30 03:23:01,908 - INFO - Scraping 3328/6851: https://www.refurbed.de/p/hp-laserjet-pro-200-m201n/
2025-11-30 03:23:03,463 - INFO - Scraping 3329/6851: https://www.refurbed.de/p/hp-laserjet-pro-200-m251n/
2025-11-30 03:23:04,914 - INFO - Scraping 3330/6851: https://www.refurbed.de/p/hp-laserjet-pro-200-m251nw-farbl/
2025-11-30 03:23:06,453 - INFO - Scraping 3331/6851: https://www.refurbed.de/p/hp-laserjet-pro-400-color-m451dn/
2025-11-30 03:23:07,837 - INFO - Scraping 3332/6851: https://www.refurbed.de/p/hp-laserjet-pro-400-color-mfp-m4/
2025-11-30 03:23:09,260 - INFO - Scraping 3333/6851: https://www.refurbed.de/p/hp-laserjet-pro-400-m401d/
2025-11-30 03:23:10,650 - INFO - Scraping 3334/6851: https://www.refurbed.de/p/hp-laserjet-pro-400-m401dn/
2025-11-30 03:23:12,135 - INFO - Scraping 3335/6851: https://www.refurbed.de/p/hp-laserjet-pro-400-m401dne/
2025-11-30 03:23:13,578 - INFO - Scraping 3336/6851: https://www.refurbed.de/p/hp-laserjet-pro-400-m402dn/
2025-11-30 03:23:15,028 - INFO - Scraping 3337/6851: https://www.refurbed.de/p/hp-laserjet-pro-400-mfp-m425dn/
2025-11-30 03:23:16,432 - INFO - Scraping 3338/6851: https://www.refurbed.de/p/hp-laserjet-pro-400-mfp-m426m/
2025-11-30 03:23:17,904 - INFO - Scraping 3339/6851: https://www.refurbed.de/p/hp-laserjet-pro-400-mfp-m428fdn/
2025-11-30 03:23:19,339 - INFO - Scraping 3340/6851: https://www.refurbed.de/p/hp-laserjet-pro-501dn/
2025-11-30 03:23:20,750 - INFO - Scraping 3341/6851: https://www.refurbed.de/p/hp-laserjet-pro-m110w/
2025-11-30 03:23:22,151 - INFO - Scraping 3342/6851: https://www.refurbed.de/p/hp-laserjet-pro-m110we/
2025-11-30 03:23:23,628 - INFO - Scraping 3343/6851: https://www.refurbed.de/p/hp-laserjet-pro-m203dw/
2025-11-30 03:23:25,029 - INFO - Scraping 3344/6851: https://www.refurbed.de/p/hp-laserjet-pro-m402m/
2025-11-30 03:23:26,470 - INFO - Scraping 3345/6851: https://www.refurbed.de/p/hp-laserjet-pro-m404dn/
2025-11-30 03:23:27,975 - INFO - Scraping 3346/6851: https://www.refurbed.de/p/hp-laserjet-pro-m404dw/
2025-11-30 03:23:29,392 - INFO - Scraping 3347/6851: https://www.refurbed.de/p/hp-laserjet-pro-mfp-m127fw/
2025-11-30 03:23:30,844 - INFO - Scraping 3348/6851: https://www.refurbed.de/p/hp-laserjet-pro-mfp-m140w/
2025-11-30 03:23:32,302 - INFO - Scraping 3349/6851: https://www.refurbed.de/p/hp-laserjet-pro-mfp-m148dw/
2025-11-30 03:23:33,752 - INFO - Scraping 3350/6851: https://www.refurbed.de/p/hp-laserjet-pro-mfp-m227fdw/
2025-11-30 03:23:35,169 - INFO - Scraping 3351/6851: https://www.refurbed.de/p/hp-laserjet-pro-mfp-m28a/
2025-11-30 03:23:36,559 - INFO - Scraping 3352/6851: https://www.refurbed.de/p/hp-laserjet-pro-mfp-m426fdn/
2025-11-30 03:23:38,173 - INFO - Scraping 3353/6851: https://www.refurbed.de/p/hp-laserjet-pro-mfp-m426fdw/
2025-11-30 03:23:39,581 - INFO - Scraping 3354/6851: https://www.refurbed.de/p/hp-le1711-17/
2025-11-30 03:23:41,186 - INFO - Scraping 3355/6851: https://www.refurbed.de/p/hp-le1901w-19/
2025-11-30 03:23:42,635 - INFO - Scraping 3356/6851: https://www.refurbed.de/p/hp-le2002x-20/
2025-11-30 03:23:44,069 - INFO - Scraping 3357/6851: https://www.refurbed.de/p/hp-le2201w-22/
2025-11-30 03:23:45,482 - INFO - Scraping 3358/6851: https://www.refurbed.de/p/hp-le2202x-21-5/
2025-11-30 03:23:47,011 - INFO - Scraping 3359/6851: https://www.refurbed.de/p/hp-lifestyle-tpc-p001k/
2025-11-30 03:23:48,542 - INFO - Scraping 3360/6851: https://www.refurbed.de/p/hp-lj-enterprise-600-m601dn/
2025-11-30 03:23:49,925 - INFO - Scraping 3361/6851: https://www.refurbed.de/p/hp-lj-enterprise-flow-mfp-m830z/
2025-11-30 03:23:51,343 - INFO - Scraping 3362/6851: https://www.refurbed.de/p/hp-lj-enterprise-mfp-m528dn/
2025-11-30 03:23:52,852 - INFO - Scraping 3363/6851: https://www.refurbed.de/p/hp-lj-pro-400-color-mfp-m475dw/
2025-11-30 03:23:54,259 - INFO - Scraping 3364/6851: https://www.refurbed.de/p/hp-lp2065-20-1/
2025-11-30 03:23:55,708 - INFO - Scraping 3365/6851: https://www.refurbed.de/p/hp-lp2275w/
2025-11-30 03:23:57,114 - INFO - Scraping 3366/6851: https://www.refurbed.de/p/hp-lp2465-24/
2025-11-30 03:23:58,626 - INFO - Scraping 3367/6851: https://www.refurbed.de/p/hp-lp2475w-24/
2025-11-30 03:24:00,017 - INFO - Scraping 3368/6851: https://www.refurbed.de/p/hp-lp3065-30/
2025-11-30 03:24:01,426 - INFO - Scraping 3369/6851: https://www.refurbed.de/p/hp-m22f-21-5/
2025-11-30 03:24:02,844 - INFO - Scraping 3370/6851: https://www.refurbed.de/p/hp-m24fd-23-8/
2025-11-30 03:24:04,431 - INFO - Scraping 3371/6851: https://www.refurbed.de/p/hp-m24fw-23-8/
2025-11-30 03:24:05,836 - INFO - Scraping 3372/6851: https://www.refurbed.de/p/hp-m24fwa-23-8/
2025-11-30 03:24:07,254 - INFO - Scraping 3373/6851: https://www.refurbed.de/p/hp-m27m-27/
2025-11-30 03:24:08,763 - INFO - Scraping 3374/6851: https://www.refurbed.de/p/hp-m34d/
2025-11-30 03:24:10,314 - INFO - Scraping 3375/6851: https://www.refurbed.de/p/hp-mt21-mobile-thin-client-3867u/
2025-11-30 03:24:11,769 - INFO - Scraping 3376/6851: https://www.refurbed.de/p/hp-mt42-pro-a8-8600b-14/
2025-11-30 03:24:12,231 - ERROR - Error fetching https://www.refurbed.de/p/hp-mt42-pro-a8-8600b-14/: 404 Client Error: Not Found for url: https://www.refurbed.de/p/hp-mt42-pro-a8-8600b-14/
2025-11-30 03:24:13,233 - INFO - Scraping 3377/6851: https://www.refurbed.de/p/hp-mt43-pro-a8-9600b-14/
2025-11-30 03:24:13,502 - ERROR - Error fetching https://www.refurbed.de/p/hp-mt43-pro-a8-9600b-14/: 404 Client Error: Not Found for url: https://www.refurbed.de/p/hp-mt43-pro-a8-9600b-14/
2025-11-30 03:24:14,504 - INFO - Scraping 3378/6851: https://www.refurbed.de/p/hp-mt45-mobile-ryzen-3-pro-3300u/
2025-11-30 03:24:15,971 - INFO - Scraping 3379/6851: https://www.refurbed.de/p/hp-officejet-200-mobile/
2025-11-30 03:24:17,649 - INFO - Scraping 3380/6851: https://www.refurbed.de/p/hp-officejet-6950-all-in-one/
2025-11-30 03:24:19,169 - INFO - Scraping 3381/6851: https://www.refurbed.de/p/hp-officejet-pro-6500a/
2025-11-30 03:24:20,837 - INFO - Scraping 3382/6851: https://www.refurbed.de/p/hp-officejet-pro-6960/
2025-11-30 03:24:22,283 - INFO - Scraping 3383/6851: https://www.refurbed.de/p/hp-officejet-pro-6970/
2025-11-30 03:24:23,687 - INFO - Scraping 3384/6851: https://www.refurbed.de/p/hp-officejet-pro-7720/
2025-11-30 03:24:25,172 - INFO - Scraping 3385/6851: https://www.refurbed.de/p/hp-officejet-pro-8024/
2025-11-30 03:24:26,633 - INFO - Scraping 3386/6851: https://www.refurbed.de/p/hp-officejet-pro-8710/
2025-11-30 03:24:28,059 - INFO - Scraping 3387/6851: https://www.refurbed.de/p/hp-officejet-pro-9010e/
2025-11-30 03:24:29,682 - INFO - Scraping 3388/6851: https://www.refurbed.de/p/hp-officejet-pro-x451dw/
2025-11-30 03:24:31,102 - INFO - Scraping 3389/6851: https://www.refurbed.de/p/hp-oj-6700-premium-e-all-in-one/
2025-11-30 03:24:32,518 - INFO - Scraping 3390/6851: https://www.refurbed.de/p/hp-oj-pro-8730-e-all-in-one/
2025-11-30 03:24:33,995 - INFO - Scraping 3391/6851: https://www.refurbed.de/p/hp-om-transc-14-fb0131nf-9-185h/
2025-11-30 03:24:35,533 - INFO - Scraping 3392/6851: https://www.refurbed.de/p/hp-omen-14-fb0004ns-ultra-7-155h/
2025-11-30 03:24:36,991 - INFO - Scraping 3393/6851: https://www.refurbed.de/p/hp-omen-14-fb0174ng-ultra-7-155h/
2025-11-30 03:24:38,462 - INFO - Scraping 3394/6851: https://www.refurbed.de/p/hp-omen-14-fb0774ng-ultra-7-155h/
2025-11-30 03:24:40,008 - INFO - Scraping 3395/6851: https://www.refurbed.de/p/hp-omen-15-ce083ng-i5-7300hq/
2025-11-30 03:24:40,334 - ERROR - Error fetching https://www.refurbed.de/p/hp-omen-15-ce083ng-i5-7300hq/: 404 Client Error: Not Found for url: https://www.refurbed.de/p/hp-omen-15-ce083ng-i5-7300hq/
2025-11-30 03:24:41,336 - INFO - Scraping 3396/6851: https://www.refurbed.de/p/hp-omen-15-dc0002ng-i7-8750h/
2025-11-30 03:24:42,747 - INFO - Scraping 3397/6851: https://www.refurbed.de/p/hp-omen-15-dc0005ng-8750h-15-6/
2025-11-30 03:24:44,294 - INFO - Scraping 3398/6851: https://www.refurbed.de/p/hp-omen-15-dh1086ng-i7-10750h/
2025-11-30 03:24:45,781 - INFO - Scraping 3399/6851: https://www.refurbed.de/p/hp-omen-15-ek-10870h-15-6/
2025-11-30 03:24:47,197 - INFO - Scraping 3400/6851: https://www.refurbed.de/p/hp-omen-15-ek0277ng-i7-10750h/
2025-11-30 03:24:48,902 - INFO - Scraping 3401/6851: https://www.refurbed.de/p/hp-omen-15-r7-5800h-15-6/
2025-11-30 03:24:50,349 - INFO - Scraping 3402/6851: https://www.refurbed.de/p/hp-omen-15-ryzen-7-4800h/
2025-11-30 03:24:51,994 - INFO - Scraping 3403/6851: https://www.refurbed.de/p/hp-omen-16-b0151nf-11800h/
2025-11-30 03:24:53,440 - INFO - Scraping 3404/6851: https://www.refurbed.de/p/hp-omen-16-b0778ng-11800h/
2025-11-30 03:24:54,840 - INFO - Scraping 3405/6851: https://www.refurbed.de/p/hp-omen-16-b1010ns-i7-12700h/
2025-11-30 03:24:56,250 - INFO - Scraping 3406/6851: https://www.refurbed.de/p/hp-omen-16-b1777ng-12700h/
2025-11-30 03:24:57,714 - INFO - Scraping 3407/6851: https://www.refurbed.de/p/hp-omen-16-k0773ng-i7-12700h/
2025-11-30 03:24:59,311 - INFO - Scraping 3408/6851: https://www.refurbed.de/p/hp-omen-16-n0280nd-ryzen-7-6800/
2025-11-30 03:25:01,008 - INFO - Scraping 3409/6851: https://www.refurbed.de/p/hp-omen-16-wd0001nv-i7-13620h/
2025-11-30 03:25:02,489 - INFO - Scraping 3410/6851: https://www.refurbed.de/p/hp-omen-16-wd0002nt-i5-13420h/
2025-11-30 03:25:04,106 - INFO - Scraping 3411/6851: https://www.refurbed.de/p/hp-omen-16-wd0039nf-i5-13420h/
2025-11-30 03:25:05,500 - INFO - Scraping 3412/6851: https://www.refurbed.de/p/hp-omen-16-wd0045nf-i7-13620h/
2025-11-30 03:25:07,003 - INFO - Scraping 3413/6851: https://www.refurbed.de/p/hp-omen-16-wd0353ng-i5-13420h/
2025-11-30 03:25:08,488 - INFO - Scraping 3414/6851: https://www.refurbed.de/p/hp-omen-16-wf0003nl-i9-13900hx/
2025-11-30 03:25:09,884 - INFO - Scraping 3415/6851: https://www.refurbed.de/p/hp-omen-16-wf0118nf-i7-13700hx/
2025-11-30 03:25:11,284 - INFO - Scraping 3416/6851: https://www.refurbed.de/p/hp-omen-16-wf0774ng-i7-13700hx/
2025-11-30 03:25:12,756 - INFO - Scraping 3417/6851: https://www.refurbed.de/p/hp-omen-16-wf1-i9-14900hx-16-1/
2025-11-30 03:25:14,242 - INFO - Scraping 3418/6851: https://www.refurbed.de/p/hp-omen-16-wf1001na-14700hx/
2025-11-30 03:25:15,888 - INFO - Scraping 3419/6851: https://www.refurbed.de/p/hp-omen-16-wf1001nl-i7-14700hx/
2025-11-30 03:25:17,383 - INFO - Scraping 3420/6851: https://www.refurbed.de/p/hp-omen-16-wf1002nl-i7-14700hx/
2025-11-30 03:25:18,803 - INFO - Scraping 3421/6851: https://www.refurbed.de/p/hp-omen-16-wf1008nl-i7-14700hx/
2025-11-30 03:25:20,235 - INFO - Scraping 3422/6851: https://www.refurbed.de/p/hp-omen-16-xd0000ns-7840hs/
2025-11-30 03:25:21,625 - INFO - Scraping 3423/6851: https://www.refurbed.de/p/hp-omen-16-xd0029nf-7-7840hs/
2025-11-30 03:25:23,088 - INFO - Scraping 3424/6851: https://www.refurbed.de/p/hp-omen-16-xf0005-7840hs/
2025-11-30 03:25:24,569 - INFO - Scraping 3425/6851: https://www.refurbed.de/p/hp-omen-17-an087ng-i7-7700hq/
2025-11-30 03:25:24,844 - ERROR - Error fetching https://www.refurbed.de/p/hp-omen-17-an087ng-i7-7700hq/: 404 Client Error: Not Found for url: https://www.refurbed.de/p/hp-omen-17-an087ng-i7-7700hq/
2025-11-30 03:25:25,846 - INFO - Scraping 3426/6851: https://www.refurbed.de/p/hp-omen-17-cb1075ng-i7-10750h/
2025-11-30 03:25:27,248 - INFO - Scraping 3427/6851: https://www.refurbed.de/p/hp-omen-17-ck0376ng-i7-11800h/
2025-11-30 03:25:28,676 - INFO - Scraping 3428/6851: https://www.refurbed.de/p/hp-omen-17-cm2005nl-13700hx/
2025-11-30 03:25:30,276 - INFO - Scraping 3429/6851: https://www.refurbed.de/p/hp-omen-17-db-r7-8845hs-17-3/
2025-11-30 03:25:31,741 - INFO - Scraping 3430/6851: https://www.refurbed.de/p/hp-omen-17-db0007na-r7-8845hs/
2025-11-30 03:25:33,140 - INFO - Scraping 3431/6851: https://www.refurbed.de/p/hp-omen-17-db0051ng-8645hs/
2025-11-30 03:25:34,686 - INFO - Scraping 3432/6851: https://www.refurbed.de/p/hp-omen-24/
2025-11-30 03:25:36,177 - INFO - Scraping 3433/6851: https://www.refurbed.de/p/hp-omen-25l-gt11/
2025-11-30 03:25:37,604 - INFO - Scraping 3434/6851: https://www.refurbed.de/p/hp-omen-25l-gt12/
2025-11-30 03:25:39,121 - INFO - Scraping 3435/6851: https://www.refurbed.de/p/hp-omen-25l-gt14/
2025-11-30 03:25:40,604 - INFO - Scraping 3436/6851: https://www.refurbed.de/p/hp-omen-25l-gt15/
2025-11-30 03:25:42,124 - INFO - Scraping 3437/6851: https://www.refurbed.de/p/hp-omen-27-2023/
2025-11-30 03:25:43,645 - INFO - Scraping 3438/6851: https://www.refurbed.de/p/hp-omen-27k/
2025-11-30 03:25:45,157 - INFO - Scraping 3439/6851: https://www.refurbed.de/p/hp-omen-27q/
2025-11-30 03:25:46,606 - INFO - Scraping 3440/6851: https://www.refurbed.de/p/hp-omen-27qs/
2025-11-30 03:25:48,041 - INFO - Scraping 3441/6851: https://www.refurbed.de/p/hp-omen-30l-gt13/
2025-11-30 03:25:49,679 - INFO - Scraping 3442/6851: https://www.refurbed.de/p/hp-omen-32c/
2025-11-30 03:25:51,138 - INFO - Scraping 3443/6851: https://www.refurbed.de/p/hp-omen-32q/
2025-11-30 03:25:52,541 - INFO - Scraping 3444/6851: https://www.refurbed.de/p/hp-omen-40l-gt21/
2025-11-30 03:25:54,021 - INFO - Scraping 3445/6851: https://www.refurbed.de/p/hp-omen-45l-gt22/
2025-11-30 03:25:55,423 - INFO - Scraping 3446/6851: https://www.refurbed.de/p/hp-omen-800/
2025-11-30 03:25:56,838 - INFO - Scraping 3447/6851: https://www.refurbed.de/p/hp-omen-i7-ck2940nz-i9-13900hx/
2025-11-30 03:25:58,291 - INFO - Scraping 3448/6851: https://www.refurbed.de/p/hp-omen-i7-ck2989nz-i9-13900hx/
2025-11-30 03:25:59,807 - INFO - Scraping 3449/6851: https://www.refurbed.de/p/hp-omen-i79750h/
2025-11-30 03:26:01,331 - INFO - Scraping 3450/6851: https://www.refurbed.de/p/hp-omen-transcend-14-fb0696ng/
2025-11-30 03:26:02,887 - INFO - Scraping 3451/6851: https://www.refurbed.de/p/hp-omen-transcend-14-fb0796ng/
2025-11-30 03:26:04,393 - INFO - Scraping 3452/6851: https://www.refurbed.de/p/hp-omen-transcend-16-u-14700hx/
2025-11-30 03:26:05,842 - INFO - Scraping 3453/6851: https://www.refurbed.de/p/hp-omen-transcend-16-u0590nd-i9/
2025-11-30 03:26:07,411 - INFO - Scraping 3454/6851: https://www.refurbed.de/p/hp-omen-transcend-16-u0795ng-i9/
2025-11-30 03:26:08,901 - INFO - Scraping 3455/6851: https://www.refurbed.de/p/hp-omen-transcend-16-u1002ns-i7/
2025-11-30 03:26:10,396 - INFO - Scraping 3456/6851: https://www.refurbed.de/p/hp-omen-ts-16-u0005nb-13700hx-16/
2025-11-30 03:26:11,899 - INFO - Scraping 3457/6851: https://www.refurbed.de/p/hp-omen17-ck0780ng-i9-1190h/
2025-11-30 03:26:13,376 - INFO - Scraping 3458/6851: https://www.refurbed.de/p/hp-omen17-i7-10750h/
2025-11-30 03:26:14,771 - INFO - Scraping 3459/6851: https://www.refurbed.de/p/hp-omen17-i78750h/
2025-11-30 03:26:16,342 - INFO - Scraping 3460/6851: https://www.refurbed.de/p/hp-omen1717-ck0274ng-i7-11800h/
2025-11-30 03:26:17,761 - INFO - Scraping 3461/6851: https://www.refurbed.de/p/hp-p21b-g4-20-7/
2025-11-30 03:26:19,164 - INFO - Scraping 3462/6851: https://www.refurbed.de/p/hp-p22-g4/
2025-11-30 03:26:20,726 - INFO - Scraping 3463/6851: https://www.refurbed.de/p/hp-p221/
2025-11-30 03:26:22,420 - INFO - Scraping 3464/6851: https://www.refurbed.de/p/hp-p224-21-5/
2025-11-30 03:26:23,906 - INFO - Scraping 3465/6851: https://www.refurbed.de/p/hp-p22h-g5/
2025-11-30 03:26:25,420 - INFO - Scraping 3466/6851: https://www.refurbed.de/p/hp-p24-g4-23-8/
2025-11-30 03:26:26,839 - INFO - Scraping 3467/6851: https://www.refurbed.de/p/hp-p24h-g5-23-8/
2025-11-30 03:26:28,258 - INFO - Scraping 3468/6851: https://www.refurbed.de/p/hp-p24v-g4-23-8/
2025-11-30 03:26:29,653 - INFO - Scraping 3469/6851: https://www.refurbed.de/p/hp-p24v-g5-23-8/
2025-11-30 03:26:31,140 - INFO - Scraping 3470/6851: https://www.refurbed.de/p/hp-p32u-g5-31-5/
2025-11-30 03:26:32,645 - INFO - Scraping 3471/6851: https://www.refurbed.de/p/hp-p34hc-34/
2025-11-30 03:26:34,176 - INFO - Scraping 3472/6851: https://www.refurbed.de/p/hp-pa-1900-08r1/
2025-11-30 03:26:35,646 - INFO - Scraping 3473/6851: https://www.refurbed.de/p/hp-pa-x360-2in1-14-ek2537nz-120u/
2025-11-30 03:26:37,067 - INFO - Scraping 3474/6851: https://www.refurbed.de/p/hp-pagewide-color-mfp-e58650dn/
2025-11-30 03:26:38,554 - INFO - Scraping 3475/6851: https://www.refurbed.de/p/hp-pagewide-color-mfp-e77650dn/
2025-11-30 03:26:40,316 - INFO - Scraping 3476/6851: https://www.refurbed.de/p/hp-pagewide-enterprise-556dn/
2025-11-30 03:26:41,740 - INFO - Scraping 3477/6851: https://www.refurbed.de/p/hp-pagewide-managed-p57750dw/
2025-11-30 03:26:43,590 - INFO - Scraping 3478/6851: https://www.refurbed.de/p/hp-pagewide-managed-p77740z/
2025-11-30 03:26:45,027 - INFO - Scraping 3479/6851: https://www.refurbed.de/p/hp-pagewide-managed-p77760z/
2025-11-30 03:26:46,475 - INFO - Scraping 3480/6851: https://www.refurbed.de/p/hp-pagewide-managed-p77940dn/
2025-11-30 03:26:47,933 - INFO - Scraping 3481/6851: https://www.refurbed.de/p/hp-pagewide-pro-477dw/
2025-11-30 03:26:49,360 - INFO - Scraping 3482/6851: https://www.refurbed.de/p/hp-pav-14-ce3010ng-1035g1/
2025-11-30 03:26:50,861 - INFO - Scraping 3483/6851: https://www.refurbed.de/p/hp-pav-14-ce3501na-1035g1/
2025-11-30 03:26:52,285 - INFO - Scraping 3484/6851: https://www.refurbed.de/p/hp-pav-15-15-eg3019ns-i7-1355u/
2025-11-30 03:26:53,775 - INFO - Scraping 3485/6851: https://www.refurbed.de/p/hp-pav-15-15-eg3025ns-i7-1360p/
2025-11-30 03:26:55,290 - INFO - Scraping 3486/6851: https://www.refurbed.de/p/hp-pav-15-eg0165st-1135g7/
2025-11-30 03:26:56,825 - INFO - Scraping 3487/6851: https://www.refurbed.de/p/hp-pav-15-eg0256ng-1135g7/
2025-11-30 03:26:58,275 - INFO - Scraping 3488/6851: https://www.refurbed.de/p/hp-pav-15-eg2045nf-i5-1235u/
2025-11-30 03:26:59,678 - INFO - Scraping 3489/6851: https://www.refurbed.de/p/hp-pav-15-eg3001nf-i7-1360p/
2025-11-30 03:27:01,165 - INFO - Scraping 3490/6851: https://www.refurbed.de/p/hp-pav-15-eh3013nl-7730u/
2025-11-30 03:27:02,672 - INFO - Scraping 3491/6851: https://www.refurbed.de/p/hp-pav-15-eh3029nf-7730u/
2025-11-30 03:27:04,116 - INFO - Scraping 3492/6851: https://www.refurbed.de/p/hp-pav-x360-15-1125g4-15/
2025-11-30 03:27:05,521 - INFO - Scraping 3493/6851: https://www.refurbed.de/p/hp-pav-x360-15-1135g7/
2025-11-30 03:27:07,288 - INFO - Scraping 3494/6851: https://www.refurbed.de/p/hp-pav-x360-15-er-pentium-7505/
2025-11-30 03:27:08,761 - INFO - Scraping 3495/6851: https://www.refurbed.de/p/hp-pav-x360-15-er0055ng-1135g7/
2025-11-30 03:27:10,209 - INFO - Scraping 3496/6851: https://www.refurbed.de/p/hp-pav-x360-15-i5-1135g7/
2025-11-30 03:27:11,721 - INFO - Scraping 3497/6851: https://www.refurbed.de/p/hp-pav-x360-15-i5-1235u/
2025-11-30 03:27:13,164 - INFO - Scraping 3498/6851: https://www.refurbed.de/p/hp-pav-x360-15-i7-1165g7-15/
2025-11-30 03:27:14,567 - INFO - Scraping 3499/6851: https://www.refurbed.de/p/hp-pav-x360-2-i-1-14-ek-1235u/
2025-11-30 03:27:16,141 - INFO - Scraping 3500/6851: https://www.refurbed.de/p/hp-pav-x360-2-i-1-14-ek-1335u/
2025-11-30 03:27:17,591 - INFO - Scraping 3501/6851: https://www.refurbed.de/p/hp-pav-x360-convert-14-dw-1035g1/
2025-11-30 03:27:19,046 - INFO - Scraping 3502/6851: https://www.refurbed.de/p/hp-pav-x360-convert-14-dw-1115g4/
2025-11-30 03:27:20,483 - INFO - Scraping 3503/6851: https://www.refurbed.de/p/hp-pav-x360-convert-14-dw-1135g7/
2025-11-30 03:27:22,069 - INFO - Scraping 3504/6851: https://www.refurbed.de/p/hp-pav-x360-convert-14-dy-1125g4/
2025-11-30 03:27:23,574 - INFO - Scraping 3505/6851: https://www.refurbed.de/p/hp-pav-x360-convert-14-dy-1135g7/
2025-11-30 03:27:24,985 - INFO - Scraping 3506/6851: https://www.refurbed.de/p/hp-pav-x360-convert-14-dy-1155g7/
2025-11-30 03:27:26,406 - INFO - Scraping 3507/6851: https://www.refurbed.de/p/hp-pav-x360-convert-14-dy-1165g7/
2025-11-30 03:27:27,996 - INFO - Scraping 3508/6851: https://www.refurbed.de/p/hp-pav-x360-convert-14-dy-7505/
2025-11-30 03:27:29,589 - INFO - Scraping 3509/6851: https://www.refurbed.de/p/hp-pav-x360-convert-14-ek-1215u/
2025-11-30 03:27:31,115 - INFO - Scraping 3510/6851: https://www.refurbed.de/p/hp-pav-x360-convert-14-ek-1255u/
2025-11-30 03:27:32,534 - INFO - Scraping 3511/6851: https://www.refurbed.de/p/hp-pav-x360-convert-14-ek-1355u/
2025-11-30 03:27:34,136 - INFO - Scraping 3512/6851: https://www.refurbed.de/p/hp-pav15-eg0053cl-i5-1135g7/
2025-11-30 03:27:34,501 - ERROR - Error fetching https://www.refurbed.de/p/hp-pav15-eg0053cl-i5-1135g7/: 404 Client Error: Not Found for url: https://www.refurbed.de/p/hp-pav15-eg0053cl-i5-1135g7/
2025-11-30 03:27:35,503 - INFO - Scraping 3513/6851: https://www.refurbed.de/p/hp-pav15-eg0070wm-i7-1165g7/
2025-11-30 03:27:36,963 - INFO - Scraping 3514/6851: https://www.refurbed.de/p/hp-pavilion-13-bb0275ng-1135g7/
2025-11-30 03:27:38,355 - INFO - Scraping 3515/6851: https://www.refurbed.de/p/hp-pavilion-13-bb0730ng-1115g4/
2025-11-30 03:27:39,842 - INFO - Scraping 3516/6851: https://www.refurbed.de/p/hp-pavilion-13-bb0750ng-1135g7/
2025-11-30 03:27:41,332 - INFO - Scraping 3517/6851: https://www.refurbed.de/p/hp-pavilion-13-i5-8265u/
2025-11-30 03:27:42,740 - INFO - Scraping 3518/6851: https://www.refurbed.de/p/hp-pavilion-14-bf102ng-i5-8250u/
2025-11-30 03:27:44,157 - INFO - Scraping 3519/6851: https://www.refurbed.de/p/hp-pavilion-14-ce0040nf-i5-8250u/
2025-11-30 03:27:45,579 - INFO - Scraping 3520/6851: https://www.refurbed.de/p/hp-pavilion-14-ce2010-8265u-14/
2025-11-30 03:27:47,076 - INFO - Scraping 3521/6851: https://www.refurbed.de/p/hp-pavilion-14-ce2064st-8265u-14/
2025-11-30 03:27:48,519 - INFO - Scraping 3522/6851: https://www.refurbed.de/p/hp-pavilion-14-ce3075-1065g7-14/
2025-11-30 03:27:49,943 - INFO - Scraping 3523/6851: https://www.refurbed.de/p/hp-pavilion-14-dv0052ng-1135g7/
2025-11-30 03:27:51,346 - INFO - Scraping 3524/6851: https://www.refurbed.de/p/hp-pavilion-14-dv0176ng-7505-14/
2025-11-30 03:27:52,767 - INFO - Scraping 3525/6851: https://www.refurbed.de/p/hp-pavilion-14-dv0733ng-1125g4/
2025-11-30 03:27:54,265 - INFO - Scraping 3526/6851: https://www.refurbed.de/p/hp-pavilion-14-dv0736ng-1125g4/
2025-11-30 03:27:55,780 - INFO - Scraping 3527/6851: https://www.refurbed.de/p/hp-pavilion-14-dv1756ng-1155g7/
2025-11-30 03:27:57,211 - INFO - Scraping 3528/6851: https://www.refurbed.de/p/hp-pavilion-14-ec0076ng-5700u/
2025-11-30 03:27:58,651 - INFO - Scraping 3529/6851: https://www.refurbed.de/p/hp-pavilion-14-ec0735ng-5300u/
2025-11-30 03:28:00,118 - INFO - Scraping 3530/6851: https://www.refurbed.de/p/hp-pavilion-14-ec0755ng-5-5500u/
2025-11-30 03:28:01,643 - INFO - Scraping 3531/6851: https://www.refurbed.de/p/hp-pavilion-14-eh1037nf-1340p/
2025-11-30 03:28:03,063 - INFO - Scraping 3532/6851: https://www.refurbed.de/p/hp-pavilion-15-cc1xx-i7-8550u/
2025-11-30 03:28:03,364 - ERROR - Error fetching https://www.refurbed.de/p/hp-pavilion-15-cc1xx-i7-8550u/: 404 Client Error: Not Found for url: https://www.refurbed.de/p/hp-pavilion-15-cc1xx-i7-8550u/
2025-11-30 03:28:04,366 - INFO - Scraping 3533/6851: https://www.refurbed.de/p/hp-pavilion-15-cc511nf-7500u-15/
2025-11-30 03:28:04,661 - ERROR - Error fetching https://www.refurbed.de/p/hp-pavilion-15-cc511nf-7500u-15/: 404 Client Error: Not Found for url: https://www.refurbed.de/p/hp-pavilion-15-cc511nf-7500u-15/
2025-11-30 03:28:05,663 - INFO - Scraping 3534/6851: https://www.refurbed.de/p/hp-pavilion-15-cc6xx-i5-8250u/
2025-11-30 03:28:05,956 - ERROR - Error fetching https://www.refurbed.de/p/hp-pavilion-15-cc6xx-i5-8250u/: 404 Client Error: Not Found for url: https://www.refurbed.de/p/hp-pavilion-15-cc6xx-i5-8250u/
2025-11-30 03:28:06,958 - INFO - Scraping 3535/6851: https://www.refurbed.de/p/hp-pavilion-15-cc6xx-i7-8550u/
2025-11-30 03:28:08,500 - INFO - Scraping 3536/6851: https://www.refurbed.de/p/hp-pavilion-15-cs0051cl-i5-8250u/
2025-11-30 03:28:08,794 - ERROR - Error fetching https://www.refurbed.de/p/hp-pavilion-15-cs0051cl-i5-8250u/: 404 Client Error: Not Found for url: https://www.refurbed.de/p/hp-pavilion-15-cs0051cl-i5-8250u/
2025-11-30 03:28:09,796 - INFO - Scraping 3537/6851: https://www.refurbed.de/p/hp-pavilion-15-cs1067nr-8565u-15/
2025-11-30 03:28:11,209 - INFO - Scraping 3538/6851: https://www.refurbed.de/p/hp-pavilion-15-cs2079nr-i5-8265u/
2025-11-30 03:28:11,480 - ERROR - Error fetching https://www.refurbed.de/p/hp-pavilion-15-cs2079nr-i5-8265u/: 404 Client Error: Not Found for url: https://www.refurbed.de/p/hp-pavilion-15-cs2079nr-i5-8265u/
2025-11-30 03:28:12,482 - INFO - Scraping 3539/6851: https://www.refurbed.de/p/hp-pavilion-15-cw1903ng-3700u-15/
2025-11-30 03:28:13,922 - INFO - Scraping 3540/6851: https://www.refurbed.de/p/hp-pavilion-15-cx0047nf-8300h-15/
2025-11-30 03:28:15,434 - INFO - Scraping 3541/6851: https://www.refurbed.de/p/hp-pavilion-15-da1034la/
2025-11-30 03:28:16,838 - INFO - Scraping 3542/6851: https://www.refurbed.de/p/hp-pavilion-15-dk2001nc-i5-15-6/
2025-11-30 03:28:18,404 - INFO - Scraping 3543/6851: https://www.refurbed.de/p/hp-pavilion-15-ec1177ng/
2025-11-30 03:28:19,871 - INFO - Scraping 3544/6851: https://www.refurbed.de/p/hp-pavilion-15-eg01053cl/
2025-11-30 03:28:20,149 - ERROR - Error fetching https://www.refurbed.de/p/hp-pavilion-15-eg01053cl/: 404 Client Error: Not Found for url: https://www.refurbed.de/p/hp-pavilion-15-eg01053cl/
2025-11-30 03:28:21,151 - INFO - Scraping 3545/6851: https://www.refurbed.de/p/hp-pavilion-15-eg0177ng/
2025-11-30 03:28:22,608 - INFO - Scraping 3546/6851: https://www.refurbed.de/p/hp-pavilion-15-eg0735ng-15-6/
2025-11-30 03:28:24,052 - INFO - Scraping 3547/6851: https://www.refurbed.de/p/hp-pavilion-15-eg0776ng/
2025-11-30 03:28:25,482 - INFO - Scraping 3548/6851: https://www.refurbed.de/p/hp-pavilion-15-eh1254ng/
2025-11-30 03:28:27,105 - INFO - Scraping 3549/6851: https://www.refurbed.de/p/hp-pavilion-15-eh1355ng/
2025-11-30 03:28:28,584 - INFO - Scraping 3550/6851: https://www.refurbed.de/p/hp-pavilion-15-eh1732ng-15-6/
2025-11-30 03:28:30,007 - INFO - Scraping 3551/6851: https://www.refurbed.de/p/hp-pavilion-15-eh1734ng/
2025-11-30 03:28:31,485 - INFO - Scraping 3552/6851: https://www.refurbed.de/p/hp-pavilion-15-eh1757ng/
2025-11-30 03:28:32,897 - INFO - Scraping 3553/6851: https://www.refurbed.de/p/hp-pavilion-15-eh1775ng-15-6/
2025-11-30 03:28:34,504 - INFO - Scraping 3554/6851: https://www.refurbed.de/p/hp-pavilion-15-eh2153ng-5625u/
2025-11-30 03:28:35,969 - INFO - Scraping 3555/6851: https://www.refurbed.de/p/hp-pavilion-15-i3-1005g1/
2025-11-30 03:28:37,391 - INFO - Scraping 3556/6851: https://www.refurbed.de/p/hp-pavilion-15-p253nf-i3-5010u/
2025-11-30 03:28:37,812 - ERROR - Error fetching https://www.refurbed.de/p/hp-pavilion-15-p253nf-i3-5010u/: 404 Client Error: Not Found for url: https://www.refurbed.de/p/hp-pavilion-15-p253nf-i3-5010u/
2025-11-30 03:28:38,814 - INFO - Scraping 3557/6851: https://www.refurbed.de/p/hp-pavilion-15t-eg000-1165g7/
2025-11-30 03:28:40,274 - INFO - Scraping 3558/6851: https://www.refurbed.de/p/hp-pavilion-15t-eg100-1195g7/
2025-11-30 03:28:41,680 - INFO - Scraping 3559/6851: https://www.refurbed.de/p/hp-pavilion-17-by4062-1135g7/
2025-11-30 03:28:43,083 - INFO - Scraping 3560/6851: https://www.refurbed.de/p/hp-pavilion-17-cd1232ng-10300h/
2025-11-30 03:28:44,487 - INFO - Scraping 3561/6851: https://www.refurbed.de/p/hp-pavilion-17-cd1515ng-10750h/
2025-11-30 03:28:45,906 - INFO - Scraping 3562/6851: https://www.refurbed.de/p/hp-pavilion-17-cn0205ng-n4020/
2025-11-30 03:28:47,406 - INFO - Scraping 3563/6851: https://www.refurbed.de/p/hp-pavilion-17-cn0575nf-n4120/
2025-11-30 03:28:48,852 - INFO - Scraping 3564/6851: https://www.refurbed.de/p/hp-pavilion-510-p000/
2025-11-30 03:28:49,171 - ERROR - Error fetching https://www.refurbed.de/p/hp-pavilion-510-p000/: 404 Client Error: Not Found for url: https://www.refurbed.de/p/hp-pavilion-510-p000/
2025-11-30 03:28:50,173 - INFO - Scraping 3565/6851: https://www.refurbed.de/p/hp-pavilion-550-174ng/
2025-11-30 03:28:50,440 - ERROR - Error fetching https://www.refurbed.de/p/hp-pavilion-550-174ng/: 404 Client Error: Not Found for url: https://www.refurbed.de/p/hp-pavilion-550-174ng/
2025-11-30 03:28:51,443 - INFO - Scraping 3566/6851: https://www.refurbed.de/p/hp-pavilion-570/
2025-11-30 03:28:51,711 - ERROR - Error fetching https://www.refurbed.de/p/hp-pavilion-570/: 404 Client Error: Not Found for url: https://www.refurbed.de/p/hp-pavilion-570/
2025-11-30 03:28:52,713 - INFO - Scraping 3567/6851: https://www.refurbed.de/p/hp-pavilion-590/
2025-11-30 03:28:54,114 - INFO - Scraping 3568/6851: https://www.refurbed.de/p/hp-pavilion-aero-13-r7-5825u/
2025-11-30 03:28:55,531 - INFO - Scraping 3569/6851: https://www.refurbed.de/p/hp-pavilion-aero-13/
2025-11-30 03:28:56,931 - INFO - Scraping 3570/6851: https://www.refurbed.de/p/hp-pavilion-gaming-15-4800h/
2025-11-30 03:28:58,606 - INFO - Scraping 3571/6851: https://www.refurbed.de/p/hp-pavilion-gaming-15-dk1233ng/
2025-11-30 03:29:00,066 - INFO - Scraping 3572/6851: https://www.refurbed.de/p/hp-pavilion-gaming-15-dk1265ng/
2025-11-30 03:29:01,461 - INFO - Scraping 3573/6851: https://www.refurbed.de/p/hp-pavilion-gaming-15-ec2265ng/
2025-11-30 03:29:02,888 - INFO - Scraping 3574/6851: https://www.refurbed.de/p/hp-pavilion-gaming-15-ec2601nc/
2025-11-30 03:29:04,401 - INFO - Scraping 3575/6851: https://www.refurbed.de/p/hp-pavilion-gaming-15-i5-10300h/
2025-11-30 03:29:05,870 - INFO - Scraping 3576/6851: https://www.refurbed.de/p/hp-pavilion-gaming-15-i5-9300h/
2025-11-30 03:29:07,287 - INFO - Scraping 3577/6851: https://www.refurbed.de/p/hp-pavilion-gaming-15-i7-9750h/
2025-11-30 03:29:08,725 - INFO - Scraping 3578/6851: https://www.refurbed.de/p/hp-pavilion-gaming-16-10300h/
2025-11-30 03:29:10,209 - INFO - Scraping 3579/6851: https://www.refurbed.de/p/hp-pavilion-gaming-17-10300h/
2025-11-30 03:29:11,690 - INFO - Scraping 3580/6851: https://www.refurbed.de/p/hp-pavilion-gaming-17-i7-10750h/
2025-11-30 03:29:13,442 - INFO - Scraping 3581/6851: https://www.refurbed.de/p/hp-pavilion-gaming-desktop-tg01/
2025-11-30 03:29:15,333 - INFO - Scraping 3582/6851: https://www.refurbed.de/p/hp-pavilion-gaming-tp01-2707ng/
2025-11-30 03:29:17,128 - INFO - Scraping 3583/6851: https://www.refurbed.de/p/hp-pavilion-laptop-15-eg3414ng/
2025-11-30 03:29:18,737 - INFO - Scraping 3584/6851: https://www.refurbed.de/p/hp-pavilion-laptop-15-eh1019nl/
2025-11-30 03:29:20,239 - INFO - Scraping 3585/6851: https://www.refurbed.de/p/hp-pavilion-plus-14-ew-7-155h/
2025-11-30 03:29:21,698 - INFO - Scraping 3586/6851: https://www.refurbed.de/p/hp-pavilion-tg01/
2025-11-30 03:29:23,183 - INFO - Scraping 3587/6851: https://www.refurbed.de/p/hp-pavilion-tp01/
2025-11-30 03:29:24,745 - INFO - Scraping 3588/6851: https://www.refurbed.de/p/hp-pavilion-w2207-22/
2025-11-30 03:29:26,249 - INFO - Scraping 3589/6851: https://www.refurbed.de/p/hp-pavilion-wave-600-a003nf/
2025-11-30 03:29:26,516 - ERROR - Error fetching https://www.refurbed.de/p/hp-pavilion-wave-600-a003nf/: 404 Client Error: Not Found for url: https://www.refurbed.de/p/hp-pavilion-wave-600-a003nf/
2025-11-30 03:29:27,519 - INFO - Scraping 3590/6851: https://www.refurbed.de/p/hp-pavilion-x360-14m-cd0003dx/
2025-11-30 03:29:28,980 - INFO - Scraping 3591/6851: https://www.refurbed.de/p/hp-pavilion-x360-14m-cd0006dx-i3/
2025-11-30 03:29:30,465 - INFO - Scraping 3592/6851: https://www.refurbed.de/p/hp-pavilion-x360-15-dq-10210u/
2025-11-30 03:29:31,953 - INFO - Scraping 3593/6851: https://www.refurbed.de/p/hp-pavillon-x360-1065g7/
2025-11-30 03:29:33,425 - INFO - Scraping 3594/6851: https://www.refurbed.de/p/hp-pavillon-x360-1135g7/
2025-11-30 03:29:35,165 - INFO - Scraping 3595/6851: https://www.refurbed.de/p/hp-pd215w/
2025-11-30 03:29:36,745 - INFO - Scraping 3596/6851: https://www.refurbed.de/p/hp-ppp012d-s/
2025-11-30 03:29:38,192 - INFO - Scraping 3597/6851: https://www.refurbed.de/p/hp-pr1101u/
2025-11-30 03:29:39,773 - INFO - Scraping 3598/6851: https://www.refurbed.de/p/hp-presence-mini-conferencing-pc/
2025-11-30 03:29:41,188 - INFO - Scraping 3599/6851: https://www.refurbed.de/p/hp-pro-mini-400-g9/
2025-11-30 03:29:42,703 - INFO - Scraping 3600/6851: https://www.refurbed.de/p/hp-pro-sff-290-g9/
2025-11-30 03:29:44,097 - INFO - Scraping 3601/6851: https://www.refurbed.de/p/hp-pro-sff-400-g9/
2025-11-30 03:29:45,685 - INFO - Scraping 3602/6851: https://www.refurbed.de/p/hp-pro-tower-290-g9/
2025-11-30 03:29:47,156 - INFO - Scraping 3603/6851: https://www.refurbed.de/p/hp-pro-tower-400-g9/
2025-11-30 03:29:48,741 - INFO - Scraping 3604/6851: https://www.refurbed.de/p/hp-pro-x2-612-g1-4202y/
2025-11-30 03:29:49,047 - ERROR - Error fetching https://www.refurbed.de/p/hp-pro-x2-612-g1-4202y/: 404 Client Error: Not Found for url: https://www.refurbed.de/p/hp-pro-x2-612-g1-4202y/
2025-11-30 03:29:50,050 - INFO - Scraping 3605/6851: https://www.refurbed.de/p/hp-pro-x2-612-g2-7y30/
2025-11-30 03:29:50,355 - ERROR - Error fetching https://www.refurbed.de/p/hp-pro-x2-612-g2-7y30/: 404 Client Error: Not Found for url: https://www.refurbed.de/p/hp-pro-x2-612-g2-7y30/
2025-11-30 03:29:51,357 - INFO - Scraping 3606/6851: https://www.refurbed.de/p/hp-pro-x2-612-g2-7y54/
2025-11-30 03:29:51,673 - ERROR - Error fetching https://www.refurbed.de/p/hp-pro-x2-612-g2-7y54/: 404 Client Error: Not Found for url: https://www.refurbed.de/p/hp-pro-x2-612-g2-7y54/
2025-11-30 03:29:52,675 - INFO - Scraping 3607/6851: https://www.refurbed.de/p/hp-pro-x2-612-g2-7y57/
2025-11-30 03:29:52,971 - ERROR - Error fetching https://www.refurbed.de/p/hp-pro-x2-612-g2-7y57/: 404 Client Error: Not Found for url: https://www.refurbed.de/p/hp-pro-x2-612-g2-7y57/
2025-11-30 03:29:53,973 - INFO - Scraping 3608/6851: https://www.refurbed.de/p/hp-pro-x2-612-g2-i7-7y75/
2025-11-30 03:29:54,349 - ERROR - Error fetching https://www.refurbed.de/p/hp-pro-x2-612-g2-i7-7y75/: 404 Client Error: Not Found for url: https://www.refurbed.de/p/hp-pro-x2-612-g2-i7-7y75/
2025-11-30 03:29:55,351 - INFO - Scraping 3609/6851: https://www.refurbed.de/p/hp-pro-x360-435-g10-3-7330u/
2025-11-30 03:29:57,081 - INFO - Scraping 3610/6851: https://www.refurbed.de/p/hp-pro-x360-435-g10-5-7530u-/
2025-11-30 03:29:58,586 - INFO - Scraping 3611/6851: https://www.refurbed.de/p/hp-pro-x360-435-g10-7-7730u/
2025-11-30 03:30:00,115 - INFO - Scraping 3612/6851: https://www.refurbed.de/p/hp-pro-x360-fortis-11-g11-n100/
2025-11-30 03:30:01,670 - INFO - Scraping 3613/6851: https://www.refurbed.de/p/hp-pro-x360-fortis-11-g11-n200/
2025-11-30 03:30:03,102 - INFO - Scraping 3614/6851: https://www.refurbed.de/p/hp-pro-x360-fortis-11-g9-n6000/
2025-11-30 03:30:04,525 - INFO - Scraping 3615/6851: https://www.refurbed.de/p/hp-probook-11-ee-g1-5005u/
2025-11-30 03:30:04,824 - ERROR - Error fetching https://www.refurbed.de/p/hp-probook-11-ee-g1-5005u/: 404 Client Error: Not Found for url: https://www.refurbed.de/p/hp-probook-11-ee-g1-5005u/
2025-11-30 03:30:05,826 - INFO - Scraping 3616/6851: https://www.refurbed.de/p/hp-probook-430-g1-celeron-2955u/
2025-11-30 03:30:06,081 - ERROR - Error fetching https://www.refurbed.de/p/hp-probook-430-g1-celeron-2955u/: 404 Client Error: Not Found for url: https://www.refurbed.de/p/hp-probook-430-g1-celeron-2955u/
2025-11-30 03:30:07,083 - INFO - Scraping 3617/6851: https://www.refurbed.de/p/hp-probook-430-g1-i5-4200u/
2025-11-30 03:30:07,663 - ERROR - Error fetching https://www.refurbed.de/p/hp-probook-430-g1-i5-4200u/: 404 Client Error: Not Found for url: https://www.refurbed.de/p/hp-probook-430-g1-i5-4200u/
2025-11-30 03:30:08,665 - INFO - Scraping 3618/6851: https://www.refurbed.de/p/hp-probook-430-g1-i5-4300u/
2025-11-30 03:30:08,934 - ERROR - Error fetching https://www.refurbed.de/p/hp-probook-430-g1-i5-4300u/: 404 Client Error: Not Found for url: https://www.refurbed.de/p/hp-probook-430-g1-i5-4300u/
2025-11-30 03:30:09,936 - INFO - Scraping 3619/6851: https://www.refurbed.de/p/hp-probook-430-g2-4210u/
2025-11-30 03:30:10,234 - ERROR - Error fetching https://www.refurbed.de/p/hp-probook-430-g2-4210u/: 404 Client Error: Not Found for url: https://www.refurbed.de/p/hp-probook-430-g2-4210u/
2025-11-30 03:30:11,236 - INFO - Scraping 3620/6851: https://www.refurbed.de/p/hp-probook-430-g2-4310u/
2025-11-30 03:30:11,494 - ERROR - Error fetching https://www.refurbed.de/p/hp-probook-430-g2-4310u/: 404 Client Error: Not Found for url: https://www.refurbed.de/p/hp-probook-430-g2-4310u/
2025-11-30 03:30:12,496 - INFO - Scraping 3621/6851: https://www.refurbed.de/p/hp-probook-430-g2-5200u/
2025-11-30 03:30:12,849 - ERROR - Error fetching https://www.refurbed.de/p/hp-probook-430-g2-5200u/: 404 Client Error: Not Found for url: https://www.refurbed.de/p/hp-probook-430-g2-5200u/
2025-11-30 03:30:13,851 - INFO - Scraping 3622/6851: https://www.refurbed.de/p/hp-probook-430-g2-i3-4030u/
2025-11-30 03:30:14,331 - ERROR - Error fetching https://www.refurbed.de/p/hp-probook-430-g2-i3-4030u/: 404 Client Error: Not Found for url: https://www.refurbed.de/p/hp-probook-430-g2-i3-4030u/
2025-11-30 03:30:15,333 - INFO - Scraping 3623/6851: https://www.refurbed.de/p/hp-probook-430-g2-i3-5010u/
2025-11-30 03:30:15,588 - ERROR - Error fetching https://www.refurbed.de/p/hp-probook-430-g2-i3-5010u/: 404 Client Error: Not Found for url: https://www.refurbed.de/p/hp-probook-430-g2-i3-5010u/
2025-11-30 03:30:16,591 - INFO - Scraping 3624/6851: https://www.refurbed.de/p/hp-probook-430-g3-4405u/
2025-11-30 03:30:16,863 - ERROR - Error fetching https://www.refurbed.de/p/hp-probook-430-g3-4405u/: 404 Client Error: Not Found for url: https://www.refurbed.de/p/hp-probook-430-g3-4405u/
2025-11-30 03:30:17,865 - INFO - Scraping 3625/6851: https://www.refurbed.de/p/hp-probook-430-g3-i3-6100u/
2025-11-30 03:30:18,284 - ERROR - Error fetching https://www.refurbed.de/p/hp-probook-430-g3-i3-6100u/: 404 Client Error: Not Found for url: https://www.refurbed.de/p/hp-probook-430-g3-i3-6100u/
2025-11-30 03:30:19,286 - INFO - Scraping 3626/6851: https://www.refurbed.de/p/hp-probook-430-g3-i5-6200u/
2025-11-30 03:30:19,541 - ERROR - Error fetching https://www.refurbed.de/p/hp-probook-430-g3-i5-6200u/: 404 Client Error: Not Found for url: https://www.refurbed.de/p/hp-probook-430-g3-i5-6200u/
2025-11-30 03:30:20,543 - INFO - Scraping 3627/6851: https://www.refurbed.de/p/hp-probook-430-g4-i3-7100u/
2025-11-30 03:30:20,800 - ERROR - Error fetching https://www.refurbed.de/p/hp-probook-430-g4-i3-7100u/: 404 Client Error: Not Found for url: https://www.refurbed.de/p/hp-probook-430-g4-i3-7100u/
2025-11-30 03:30:21,802 - INFO - Scraping 3628/6851: https://www.refurbed.de/p/hp-probook-430-g4-i5-7200u/
2025-11-30 03:30:22,159 - ERROR - Error fetching https://www.refurbed.de/p/hp-probook-430-g4-i5-7200u/: 404 Client Error: Not Found for url: https://www.refurbed.de/p/hp-probook-430-g4-i5-7200u/
2025-11-30 03:30:23,161 - INFO - Scraping 3629/6851: https://www.refurbed.de/p/hp-probook-430-g4-pentium-4415u/
2025-11-30 03:30:23,546 - ERROR - Error fetching https://www.refurbed.de/p/hp-probook-430-g4-pentium-4415u/: 404 Client Error: Not Found for url: https://www.refurbed.de/p/hp-probook-430-g4-pentium-4415u/
2025-11-30 03:30:24,548 - INFO - Scraping 3630/6851: https://www.refurbed.de/p/hp-probook-430-g5-8130u/
2025-11-30 03:30:25,936 - INFO - Scraping 3631/6851: https://www.refurbed.de/p/hp-probook-430-g5-8250u/
2025-11-30 03:30:27,510 - INFO - Scraping 3632/6851: https://www.refurbed.de/p/hp-probook-430-g5-celeron-3865u/
2025-11-30 03:30:27,798 - ERROR - Error fetching https://www.refurbed.de/p/hp-probook-430-g5-celeron-3865u/: 404 Client Error: Not Found for url: https://www.refurbed.de/p/hp-probook-430-g5-celeron-3865u/
2025-11-30 03:30:28,801 - INFO - Scraping 3633/6851: https://www.refurbed.de/p/hp-probook-430-g5-i3-7100u/
2025-11-30 03:30:29,140 - ERROR - Error fetching https://www.refurbed.de/p/hp-probook-430-g5-i3-7100u/: 404 Client Error: Not Found for url: https://www.refurbed.de/p/hp-probook-430-g5-i3-7100u/
2025-11-30 03:30:30,142 - INFO - Scraping 3634/6851: https://www.refurbed.de/p/hp-probook-430-g6-8145u/
2025-11-30 03:30:31,760 - INFO - Scraping 3635/6851: https://www.refurbed.de/p/hp-probook-430-g6-8265u/
2025-11-30 03:30:33,440 - INFO - Scraping 3636/6851: https://www.refurbed.de/p/hp-probook-430-g6-8565u/
2025-11-30 03:30:34,890 - INFO - Scraping 3637/6851: https://www.refurbed.de/p/hp-probook-430-g7-i3-10110u/
2025-11-30 03:30:36,682 - INFO - Scraping 3638/6851: https://www.refurbed.de/p/hp-probook-430-g7-i5-10210u/
2025-11-30 03:30:38,311 - INFO - Scraping 3639/6851: https://www.refurbed.de/p/hp-probook-430-g8-i3-1115g4/
2025-11-30 03:30:39,833 - INFO - Scraping 3640/6851: https://www.refurbed.de/p/hp-probook-430-g8-i5-1135g7/
2025-11-30 03:30:41,377 - INFO - Scraping 3641/6851: https://www.refurbed.de/p/hp-probook-430-g8-i7-1165g7/
2025-11-30 03:30:42,897 - INFO - Scraping 3642/6851: https://www.refurbed.de/p/hp-probook-440-g10-1335u-14/
2025-11-30 03:30:44,312 - INFO - Scraping 3643/6851: https://www.refurbed.de/p/hp-probook-440-g10-1355u-14/
2025-11-30 03:30:45,722 - INFO - Scraping 3644/6851: https://www.refurbed.de/p/hp-probook-440-g10-i5-1334u-14/
2025-11-30 03:30:47,113 - INFO - Scraping 3645/6851: https://www.refurbed.de/p/hp-probook-440-g11-ultra-7-155u/
2025-11-30 03:30:48,547 - INFO - Scraping 3646/6851: https://www.refurbed.de/p/hp-probook-440-g3-6200u/
2025-11-30 03:30:48,864 - ERROR - Error fetching https://www.refurbed.de/p/hp-probook-440-g3-6200u/: 404 Client Error: Not Found for url: https://www.refurbed.de/p/hp-probook-440-g3-6200u/
2025-11-30 03:30:49,867 - INFO - Scraping 3647/6851: https://www.refurbed.de/p/hp-probook-440-g4-4415u/
2025-11-30 03:30:50,407 - ERROR - Error fetching https://www.refurbed.de/p/hp-probook-440-g4-4415u/: 404 Client Error: Not Found for url: https://www.refurbed.de/p/hp-probook-440-g4-4415u/
2025-11-30 03:30:51,409 - INFO - Scraping 3648/6851: https://www.refurbed.de/p/hp-probook-440-g4-i3-7100u/
2025-11-30 03:30:51,730 - ERROR - Error fetching https://www.refurbed.de/p/hp-probook-440-g4-i3-7100u/: 404 Client Error: Not Found for url: https://www.refurbed.de/p/hp-probook-440-g4-i3-7100u/
2025-11-30 03:30:52,732 - INFO - Scraping 3649/6851: https://www.refurbed.de/p/hp-probook-440-g4-i5-7200u/
2025-11-30 03:30:53,002 - ERROR - Error fetching https://www.refurbed.de/p/hp-probook-440-g4-i5-7200u/: 404 Client Error: Not Found for url: https://www.refurbed.de/p/hp-probook-440-g4-i5-7200u/
2025-11-30 03:30:54,004 - INFO - Scraping 3650/6851: https://www.refurbed.de/p/hp-probook-440-g5-i3-7100u/
2025-11-30 03:30:54,269 - ERROR - Error fetching https://www.refurbed.de/p/hp-probook-440-g5-i3-7100u/: 404 Client Error: Not Found for url: https://www.refurbed.de/p/hp-probook-440-g5-i3-7100u/
2025-11-30 03:30:55,271 - INFO - Scraping 3651/6851: https://www.refurbed.de/p/hp-probook-440-g5-i3-8130u/
2025-11-30 03:30:56,698 - INFO - Scraping 3652/6851: https://www.refurbed.de/p/hp-probook-440-g5-i5-8250u/
2025-11-30 03:30:58,290 - INFO - Scraping 3653/6851: https://www.refurbed.de/p/hp-probook-440-g5-i7-8550u/
2025-11-30 03:30:59,882 - INFO - Scraping 3654/6851: https://www.refurbed.de/p/hp-probook-440-g6-8145u-14/
2025-11-30 03:31:01,466 - INFO - Scraping 3655/6851: https://www.refurbed.de/p/hp-probook-440-g6-i5-8265u/
2025-11-30 03:31:03,169 - INFO - Scraping 3656/6851: https://www.refurbed.de/p/hp-probook-440-g6-i7-8565u/
2025-11-30 03:31:04,704 - INFO - Scraping 3657/6851: https://www.refurbed.de/p/hp-probook-440-g7-i3-10110u/
2025-11-30 03:31:06,099 - INFO - Scraping 3658/6851: https://www.refurbed.de/p/hp-probook-440-g7-i5-10210u/
2025-11-30 03:31:08,188 - INFO - Scraping 3659/6851: https://www.refurbed.de/p/hp-probook-440-g7-i5-10310u/
2025-11-30 03:31:09,765 - INFO - Scraping 3660/6851: https://www.refurbed.de/p/hp-probook-440-g7-i7-10510u/
2025-11-30 03:31:11,174 - INFO - Scraping 3661/6851: https://www.refurbed.de/p/hp-probook-440-g8-1135g7/
2025-11-30 03:31:12,597 - INFO - Scraping 3662/6851: https://www.refurbed.de/p/hp-probook-440-g8-i3-1115g4-14/
2025-11-30 03:31:14,003 - INFO - Scraping 3663/6851: https://www.refurbed.de/p/hp-probook-440-g8-i7-1165g7/
2025-11-30 03:31:15,560 - INFO - Scraping 3664/6851: https://www.refurbed.de/p/hp-probook-440-g9-i3-1215u/
2025-11-30 03:31:17,004 - INFO - Scraping 3665/6851: https://www.refurbed.de/p/hp-probook-440-g9-i5-1235u/
2025-11-30 03:31:18,563 - INFO - Scraping 3666/6851: https://www.refurbed.de/p/hp-probook-440-g9-i7-1255u/
2025-11-30 03:31:20,064 - INFO - Scraping 3667/6851: https://www.refurbed.de/p/hp-probook-445-g10-ryzen-5-7530u/
2025-11-30 03:31:21,537 - INFO - Scraping 3668/6851: https://www.refurbed.de/p/hp-probook-445-g11-ryzen-5-7535u/
2025-11-30 03:31:23,137 - INFO - Scraping 3669/6851: https://www.refurbed.de/p/hp-probook-445-g7-ryzen-5-4500u/
2025-11-30 03:31:24,694 - INFO - Scraping 3670/6851: https://www.refurbed.de/p/hp-probook-445-g8-3-5400u-14/
2025-11-30 03:31:26,102 - INFO - Scraping 3671/6851: https://www.refurbed.de/p/hp-probook-445-g8-5-5600u-14/
2025-11-30 03:31:27,556 - INFO - Scraping 3672/6851: https://www.refurbed.de/p/hp-probook-445-g8-r7-5800u-14/
2025-11-30 03:31:28,998 - INFO - Scraping 3673/6851: https://www.refurbed.de/p/hp-probook-445-g9-r5-5625u-14/
2025-11-30 03:31:30,568 - INFO - Scraping 3674/6851: https://www.refurbed.de/p/hp-probook-450-g1-i3-4000m/
2025-11-30 03:31:30,824 - ERROR - Error fetching https://www.refurbed.de/p/hp-probook-450-g1-i3-4000m/: 404 Client Error: Not Found for url: https://www.refurbed.de/p/hp-probook-450-g1-i3-4000m/
2025-11-30 03:31:31,827 - INFO - Scraping 3675/6851: https://www.refurbed.de/p/hp-probook-450-g1-i5-4200m/
2025-11-30 03:31:32,088 - ERROR - Error fetching https://www.refurbed.de/p/hp-probook-450-g1-i5-4200m/: 404 Client Error: Not Found for url: https://www.refurbed.de/p/hp-probook-450-g1-i5-4200m/
2025-11-30 03:31:33,090 - INFO - Scraping 3676/6851: https://www.refurbed.de/p/hp-probook-450-g10-i5-1334u/
2025-11-30 03:31:34,508 - INFO - Scraping 3677/6851: https://www.refurbed.de/p/hp-probook-450-g10-i5-1335u/
2025-11-30 03:31:35,918 - INFO - Scraping 3678/6851: https://www.refurbed.de/p/hp-probook-450-g10-i7-1355u/
2025-11-30 03:31:37,330 - INFO - Scraping 3679/6851: https://www.refurbed.de/p/hp-probook-450-g2-2957u/
2025-11-30 03:31:37,589 - ERROR - Error fetching https://www.refurbed.de/p/hp-probook-450-g2-2957u/: 404 Client Error: Not Found for url: https://www.refurbed.de/p/hp-probook-450-g2-2957u/
2025-11-30 03:31:38,591 - INFO - Scraping 3680/6851: https://www.refurbed.de/p/hp-probook-450-g2-i3-4030u-15-6/
2025-11-30 03:31:38,869 - ERROR - Error fetching https://www.refurbed.de/p/hp-probook-450-g2-i3-4030u-15-6/: 404 Client Error: Not Found for url: https://www.refurbed.de/p/hp-probook-450-g2-i3-4030u-15-6/
2025-11-30 03:31:39,871 - INFO - Scraping 3681/6851: https://www.refurbed.de/p/hp-probook-450-g2-i5-4200u/
2025-11-30 03:31:40,330 - ERROR - Error fetching https://www.refurbed.de/p/hp-probook-450-g2-i5-4200u/: 404 Client Error: Not Found for url: https://www.refurbed.de/p/hp-probook-450-g2-i5-4200u/
2025-11-30 03:31:41,332 - INFO - Scraping 3682/6851: https://www.refurbed.de/p/hp-probook-450-g2-i5-4210u/
2025-11-30 03:31:41,642 - ERROR - Error fetching https://www.refurbed.de/p/hp-probook-450-g2-i5-4210u/: 404 Client Error: Not Found for url: https://www.refurbed.de/p/hp-probook-450-g2-i5-4210u/
2025-11-30 03:31:42,644 - INFO - Scraping 3683/6851: https://www.refurbed.de/p/hp-probook-450-g2-i5-5200u/
2025-11-30 03:31:43,097 - ERROR - Error fetching https://www.refurbed.de/p/hp-probook-450-g2-i5-5200u/: 404 Client Error: Not Found for url: https://www.refurbed.de/p/hp-probook-450-g2-i5-5200u/
2025-11-30 03:31:44,100 - INFO - Scraping 3684/6851: https://www.refurbed.de/p/hp-probook-450-g2-i7-4510u/
2025-11-30 03:31:44,600 - ERROR - Error fetching https://www.refurbed.de/p/hp-probook-450-g2-i7-4510u/: 404 Client Error: Not Found for url: https://www.refurbed.de/p/hp-probook-450-g2-i7-4510u/
2025-11-30 03:31:45,603 - INFO - Scraping 3685/6851: https://www.refurbed.de/p/hp-probook-450-g3-i3-6100u/
2025-11-30 03:31:45,865 - ERROR - Error fetching https://www.refurbed.de/p/hp-probook-450-g3-i3-6100u/: 404 Client Error: Not Found for url: https://www.refurbed.de/p/hp-probook-450-g3-i3-6100u/
2025-11-30 03:31:46,867 - INFO - Scraping 3686/6851: https://www.refurbed.de/p/hp-probook-450-g3-i5-6200u/
2025-11-30 03:31:47,125 - ERROR - Error fetching https://www.refurbed.de/p/hp-probook-450-g3-i5-6200u/: 404 Client Error: Not Found for url: https://www.refurbed.de/p/hp-probook-450-g3-i5-6200u/
2025-11-30 03:31:48,127 - INFO - Scraping 3687/6851: https://www.refurbed.de/p/hp-probook-450-g4-i3-7100u-15-6/
2025-11-30 03:31:48,838 - ERROR - Error fetching https://www.refurbed.de/p/hp-probook-450-g4-i3-7100u-15-6/: 404 Client Error: Not Found for url: https://www.refurbed.de/p/hp-probook-450-g4-i3-7100u-15-6/
2025-11-30 03:31:49,840 - INFO - Scraping 3688/6851: https://www.refurbed.de/p/hp-probook-450-g4-i5-7200u-15-6/
2025-11-30 03:31:50,190 - ERROR - Error fetching https://www.refurbed.de/p/hp-probook-450-g4-i5-7200u-15-6/: 404 Client Error: Not Found for url: https://www.refurbed.de/p/hp-probook-450-g4-i5-7200u-15-6/
2025-11-30 03:31:51,192 - INFO - Scraping 3689/6851: https://www.refurbed.de/p/hp-probook-450-g4-i7-7600u-15-6/
2025-11-30 03:31:51,473 - ERROR - Error fetching https://www.refurbed.de/p/hp-probook-450-g4-i7-7600u-15-6/: 404 Client Error: Not Found for url: https://www.refurbed.de/p/hp-probook-450-g4-i7-7600u-15-6/
2025-11-30 03:31:52,475 - INFO - Scraping 3690/6851: https://www.refurbed.de/p/hp-probook-450-g5-8550u-15-6/
2025-11-30 03:31:54,032 - INFO - Scraping 3691/6851: https://www.refurbed.de/p/hp-probook-450-g5-i3-8130u-15-6/
2025-11-30 03:31:55,449 - INFO - Scraping 3692/6851: https://www.refurbed.de/p/hp-probook-450-g5-i5-8250u-15-6/
2025-11-30 03:31:56,899 - INFO - Scraping 3693/6851: https://www.refurbed.de/p/hp-probook-450-g6-i3-8145u/
2025-11-30 03:31:58,300 - INFO - Scraping 3694/6851: https://www.refurbed.de/p/hp-probook-450-g6-i5-8265u-15-6/
2025-11-30 03:31:59,833 - INFO - Scraping 3695/6851: https://www.refurbed.de/p/hp-probook-450-g7-i5-10210u-15-6/
2025-11-30 03:32:01,493 - INFO - Scraping 3696/6851: https://www.refurbed.de/p/hp-probook-450-g7-i7-10510u-15-6/
2025-11-30 03:32:03,133 - INFO - Scraping 3697/6851: https://www.refurbed.de/p/hp-probook-450-g7-i7-8550u-15-6/
2025-11-30 03:32:04,711 - INFO - Scraping 3698/6851: https://www.refurbed.de/p/hp-probook-450-g8-i3-1115g4/
2025-11-30 03:32:06,239 - INFO - Scraping 3699/6851: https://www.refurbed.de/p/hp-probook-450-g8-i5-1135g7-15-6/
2025-11-30 03:32:07,828 - INFO - Scraping 3700/6851: https://www.refurbed.de/p/hp-probook-450-g8-i7-1165g7-15-6/
2025-11-30 03:32:09,251 - INFO - Scraping 3701/6851: https://www.refurbed.de/p/hp-probook-450-g9-1215u-15-6/
2025-11-30 03:32:10,811 - INFO - Scraping 3702/6851: https://www.refurbed.de/p/hp-probook-450-g9-1235u-15-6/
2025-11-30 03:32:12,470 - INFO - Scraping 3703/6851: https://www.refurbed.de/p/hp-probook-450-g9-1255u-15-6/
2025-11-30 03:32:13,865 - INFO - Scraping 3704/6851: https://www.refurbed.de/p/hp-probook-455-g10-ryzen-3-7330u/
2025-11-30 03:32:15,313 - INFO - Scraping 3705/6851: https://www.refurbed.de/p/hp-probook-455-g10-ryzen-5-7530u/
2025-11-30 03:32:16,792 - INFO - Scraping 3706/6851: https://www.refurbed.de/p/hp-probook-455-g10-ryzen-7-7730u/
2025-11-30 03:32:18,228 - INFO - Scraping 3707/6851: https://www.refurbed.de/p/hp-probook-455-g7-ryzen-5-4500u/
2025-11-30 03:32:19,737 - INFO - Scraping 3708/6851: https://www.refurbed.de/p/hp-probook-455-g8-3-5400u-15-6/
2025-11-30 03:32:21,195 - INFO - Scraping 3709/6851: https://www.refurbed.de/p/hp-probook-455-g8-5-5600u-15-6/
2025-11-30 03:32:22,649 - INFO - Scraping 3710/6851: https://www.refurbed.de/p/hp-probook-455-g8-ryzen-7-5800u/
2025-11-30 03:32:24,173 - INFO - Scraping 3711/6851: https://www.refurbed.de/p/hp-probook-455-g9-r7-5825u-15-6/
2025-11-30 03:32:25,569 - INFO - Scraping 3712/6851: https://www.refurbed.de/p/hp-probook-455-g9-ryzen-5-5625u/
2025-11-30 03:32:26,994 - INFO - Scraping 3713/6851: https://www.refurbed.de/p/hp-probook-460-g11-5-125h/
2025-11-30 03:32:28,430 - INFO - Scraping 3714/6851: https://www.refurbed.de/p/hp-probook-460-g11-5-125u/
2025-11-30 03:32:29,837 - INFO - Scraping 3715/6851: https://www.refurbed.de/p/hp-probook-460-g11-7-155h/
2025-11-30 03:32:31,261 - INFO - Scraping 3716/6851: https://www.refurbed.de/p/hp-probook-460-g11-7-155u/
2025-11-30 03:32:32,791 - INFO - Scraping 3717/6851: https://www.refurbed.de/p/hp-probook-465-g11-r5-7535u-16/
2025-11-30 03:32:34,497 - INFO - Scraping 3718/6851: https://www.refurbed.de/p/hp-probook-465-g11-r7-7735u-16/
2025-11-30 03:32:36,002 - INFO - Scraping 3719/6851: https://www.refurbed.de/p/hp-probook-470-g2-5500u-17-3/
2025-11-30 03:32:36,264 - ERROR - Error fetching https://www.refurbed.de/p/hp-probook-470-g2-5500u-17-3/: 404 Client Error: Not Found for url: https://www.refurbed.de/p/hp-probook-470-g2-5500u-17-3/
2025-11-30 03:32:37,267 - INFO - Scraping 3720/6851: https://www.refurbed.de/p/hp-probook-470-g2-i5-4210u/
2025-11-30 03:32:37,525 - ERROR - Error fetching https://www.refurbed.de/p/hp-probook-470-g2-i5-4210u/: 404 Client Error: Not Found for url: https://www.refurbed.de/p/hp-probook-470-g2-i5-4210u/
2025-11-30 03:32:38,528 - INFO - Scraping 3721/6851: https://www.refurbed.de/p/hp-probook-470-g2-i5-5200u/
2025-11-30 03:32:38,800 - ERROR - Error fetching https://www.refurbed.de/p/hp-probook-470-g2-i5-5200u/: 404 Client Error: Not Found for url: https://www.refurbed.de/p/hp-probook-470-g2-i5-5200u/
2025-11-30 03:32:39,803 - INFO - Scraping 3722/6851: https://www.refurbed.de/p/hp-probook-470-g2-i7-4510u/
2025-11-30 03:32:40,061 - ERROR - Error fetching https://www.refurbed.de/p/hp-probook-470-g2-i7-4510u/: 404 Client Error: Not Found for url: https://www.refurbed.de/p/hp-probook-470-g2-i7-4510u/
2025-11-30 03:32:41,063 - INFO - Scraping 3723/6851: https://www.refurbed.de/p/hp-probook-470-g3-i3-6100u-17-3/
2025-11-30 03:32:41,508 - ERROR - Error fetching https://www.refurbed.de/p/hp-probook-470-g3-i3-6100u-17-3/: 404 Client Error: Not Found for url: https://www.refurbed.de/p/hp-probook-470-g3-i3-6100u-17-3/
2025-11-30 03:32:42,510 - INFO - Scraping 3724/6851: https://www.refurbed.de/p/hp-probook-470-g3-i5-6200u-17-3/
2025-11-30 03:32:42,777 - ERROR - Error fetching https://www.refurbed.de/p/hp-probook-470-g3-i5-6200u-17-3/: 404 Client Error: Not Found for url: https://www.refurbed.de/p/hp-probook-470-g3-i5-6200u-17-3/
2025-11-30 03:32:43,779 - INFO - Scraping 3725/6851: https://www.refurbed.de/p/hp-probook-470-g3-i7-6500u/
2025-11-30 03:32:44,395 - ERROR - Error fetching https://www.refurbed.de/p/hp-probook-470-g3-i7-6500u/: 404 Client Error: Not Found for url: https://www.refurbed.de/p/hp-probook-470-g3-i7-6500u/
2025-11-30 03:32:45,398 - INFO - Scraping 3726/6851: https://www.refurbed.de/p/hp-probook-470-g4-i5-7200u-17-3/
2025-11-30 03:32:45,937 - ERROR - Error fetching https://www.refurbed.de/p/hp-probook-470-g4-i5-7200u-17-3/: 404 Client Error: Not Found for url: https://www.refurbed.de/p/hp-probook-470-g4-i5-7200u-17-3/
2025-11-30 03:32:46,939 - INFO - Scraping 3727/6851: https://www.refurbed.de/p/hp-probook-470-g4-i7-7500u-17-3/
2025-11-30 03:32:47,245 - ERROR - Error fetching https://www.refurbed.de/p/hp-probook-470-g4-i7-7500u-17-3/: 404 Client Error: Not Found for url: https://www.refurbed.de/p/hp-probook-470-g4-i7-7500u-17-3/
2025-11-30 03:32:48,247 - INFO - Scraping 3728/6851: https://www.refurbed.de/p/hp-probook-470-g5-8250u/
2025-11-30 03:32:49,874 - INFO - Scraping 3729/6851: https://www.refurbed.de/p/hp-probook-470-g5-i78550u/
2025-11-30 03:32:51,763 - INFO - Scraping 3730/6851: https://www.refurbed.de/p/hp-probook-470-g7-i5-10310u/
2025-11-30 03:32:53,168 - INFO - Scraping 3731/6851: https://www.refurbed.de/p/hp-probook-470-g7-i7-10510u/
2025-11-30 03:32:54,563 - INFO - Scraping 3732/6851: https://www.refurbed.de/p/hp-probook-470-g8-i5-1135g7/
2025-11-30 03:32:56,083 - INFO - Scraping 3733/6851: https://www.refurbed.de/p/hp-probook-470-g8-i7-1165g7/
2025-11-30 03:32:57,879 - INFO - Scraping 3734/6851: https://www.refurbed.de/p/hp-probook-630-g8-i5-1135g7/
2025-11-30 03:32:59,451 - INFO - Scraping 3735/6851: https://www.refurbed.de/p/hp-probook-635-aero-g8-5800u/
2025-11-30 03:33:01,004 - INFO - Scraping 3736/6851: https://www.refurbed.de/p/hp-probook-640-g1-13-14/
2025-11-30 03:33:01,456 - ERROR - Error fetching https://www.refurbed.de/p/hp-probook-640-g1-13-14/: 404 Client Error: Not Found for url: https://www.refurbed.de/p/hp-probook-640-g1-13-14/
2025-11-30 03:33:02,459 - INFO - Scraping 3737/6851: https://www.refurbed.de/p/hp-probook-640-g1-4200m/
2025-11-30 03:33:02,787 - ERROR - Error fetching https://www.refurbed.de/p/hp-probook-640-g1-4200m/: 404 Client Error: Not Found for url: https://www.refurbed.de/p/hp-probook-640-g1-4200m/
2025-11-30 03:33:03,790 - INFO - Scraping 3738/6851: https://www.refurbed.de/p/hp-probook-640-g1-i5-4210m/
2025-11-30 03:33:04,046 - ERROR - Error fetching https://www.refurbed.de/p/hp-probook-640-g1-i5-4210m/: 404 Client Error: Not Found for url: https://www.refurbed.de/p/hp-probook-640-g1-i5-4210m/
2025-11-30 03:33:05,048 - INFO - Scraping 3739/6851: https://www.refurbed.de/p/hp-probook-640-g1-i5-4300m/
2025-11-30 03:33:05,306 - ERROR - Error fetching https://www.refurbed.de/p/hp-probook-640-g1-i5-4300m/: 404 Client Error: Not Found for url: https://www.refurbed.de/p/hp-probook-640-g1-i5-4300m/
2025-11-30 03:33:06,308 - INFO - Scraping 3740/6851: https://www.refurbed.de/p/hp-probook-640-g1-i5-4310m/
2025-11-30 03:33:06,895 - ERROR - Error fetching https://www.refurbed.de/p/hp-probook-640-g1-i5-4310m/: 404 Client Error: Not Found for url: https://www.refurbed.de/p/hp-probook-640-g1-i5-4310m/
2025-11-30 03:33:07,897 - INFO - Scraping 3741/6851: https://www.refurbed.de/p/hp-probook-640-g2-i3-6100u-14/
2025-11-30 03:33:08,338 - ERROR - Error fetching https://www.refurbed.de/p/hp-probook-640-g2-i3-6100u-14/: 404 Client Error: Not Found for url: https://www.refurbed.de/p/hp-probook-640-g2-i3-6100u-14/
2025-11-30 03:33:09,340 - INFO - Scraping 3742/6851: https://www.refurbed.de/p/hp-probook-640-g2-i5-14/
2025-11-30 03:33:09,598 - ERROR - Error fetching https://www.refurbed.de/p/hp-probook-640-g2-i5-14/: 404 Client Error: Not Found for url: https://www.refurbed.de/p/hp-probook-640-g2-i5-14/
2025-11-30 03:33:10,600 - INFO - Scraping 3743/6851: https://www.refurbed.de/p/hp-probook-640-g2-i5-6200u-14/
2025-11-30 03:33:10,859 - ERROR - Error fetching https://www.refurbed.de/p/hp-probook-640-g2-i5-6200u-14/: 404 Client Error: Not Found for url: https://www.refurbed.de/p/hp-probook-640-g2-i5-6200u-14/
2025-11-30 03:33:11,861 - INFO - Scraping 3744/6851: https://www.refurbed.de/p/hp-probook-640-g2-i5-6300u-14/
2025-11-30 03:33:12,129 - ERROR - Error fetching https://www.refurbed.de/p/hp-probook-640-g2-i5-6300u-14/: 404 Client Error: Not Found for url: https://www.refurbed.de/p/hp-probook-640-g2-i5-6300u-14/
2025-11-30 03:33:13,131 - INFO - Scraping 3745/6851: https://www.refurbed.de/p/hp-probook-640-g2-i7-6600u-14/
2025-11-30 03:33:13,430 - ERROR - Error fetching https://www.refurbed.de/p/hp-probook-640-g2-i7-6600u-14/: 404 Client Error: Not Found for url: https://www.refurbed.de/p/hp-probook-640-g2-i7-6600u-14/
2025-11-30 03:33:14,432 - INFO - Scraping 3746/6851: https://www.refurbed.de/p/hp-probook-640-g3-7100u/
2025-11-30 03:33:14,728 - ERROR - Error fetching https://www.refurbed.de/p/hp-probook-640-g3-7100u/: 404 Client Error: Not Found for url: https://www.refurbed.de/p/hp-probook-640-g3-7100u/
2025-11-30 03:33:15,730 - INFO - Scraping 3747/6851: https://www.refurbed.de/p/hp-probook-640-g3-7200u/
2025-11-30 03:33:15,992 - ERROR - Error fetching https://www.refurbed.de/p/hp-probook-640-g3-7200u/: 404 Client Error: Not Found for url: https://www.refurbed.de/p/hp-probook-640-g3-7200u/
2025-11-30 03:33:16,994 - INFO - Scraping 3748/6851: https://www.refurbed.de/p/hp-probook-640-g3-7300u/
2025-11-30 03:33:17,265 - ERROR - Error fetching https://www.refurbed.de/p/hp-probook-640-g3-7300u/: 404 Client Error: Not Found for url: https://www.refurbed.de/p/hp-probook-640-g3-7300u/
2025-11-30 03:33:18,267 - INFO - Scraping 3749/6851: https://www.refurbed.de/p/hp-probook-640-g4-8250u/
2025-11-30 03:33:20,046 - INFO - Scraping 3750/6851: https://www.refurbed.de/p/hp-probook-640-g4-8350u/
2025-11-30 03:33:21,652 - INFO - Scraping 3751/6851: https://www.refurbed.de/p/hp-probook-640-g4-8365u/
2025-11-30 03:33:23,116 - INFO - Scraping 3752/6851: https://www.refurbed.de/p/hp-probook-640-g4-i5-7200u/
2025-11-30 03:33:23,511 - ERROR - Error fetching https://www.refurbed.de/p/hp-probook-640-g4-i5-7200u/: 404 Client Error: Not Found for url: https://www.refurbed.de/p/hp-probook-640-g4-i5-7200u/
2025-11-30 03:33:24,513 - INFO - Scraping 3753/6851: https://www.refurbed.de/p/hp-probook-640-g4-i5-7300u/
2025-11-30 03:33:25,007 - ERROR - Error fetching https://www.refurbed.de/p/hp-probook-640-g4-i5-7300u/: 404 Client Error: Not Found for url: https://www.refurbed.de/p/hp-probook-640-g4-i5-7300u/
2025-11-30 03:33:26,010 - INFO - Scraping 3754/6851: https://www.refurbed.de/p/hp-probook-640-g5-8145u-14/
2025-11-30 03:33:27,411 - INFO - Scraping 3755/6851: https://www.refurbed.de/p/hp-probook-640-g5-8265u-14/
2025-11-30 03:33:28,993 - INFO - Scraping 3756/6851: https://www.refurbed.de/p/hp-probook-640-g5-8365u-14/
2025-11-30 03:33:30,616 - INFO - Scraping 3757/6851: https://www.refurbed.de/p/hp-probook-640-g8-i5-1135g7-14/
2025-11-30 03:33:32,188 - INFO - Scraping 3758/6851: https://www.refurbed.de/p/hp-probook-640-g8-i5-1145g7/
2025-11-30 03:33:33,765 - INFO - Scraping 3759/6851: https://www.refurbed.de/p/hp-probook-640-g8-i7-1165g7-14/
2025-11-30 03:33:35,347 - INFO - Scraping 3760/6851: https://www.refurbed.de/p/hp-probook-640-g9-i5-1235u-14/
2025-11-30 03:33:37,072 - INFO - Scraping 3761/6851: https://www.refurbed.de/p/hp-probook-645-g1-amd-a6-2-7-ghz/
2025-11-30 03:33:37,330 - ERROR - Error fetching https://www.refurbed.de/p/hp-probook-645-g1-amd-a6-2-7-ghz/: 404 Client Error: Not Found for url: https://www.refurbed.de/p/hp-probook-645-g1-amd-a6-2-7-ghz/
2025-11-30 03:33:38,332 - INFO - Scraping 3762/6851: https://www.refurbed.de/p/hp-probook-645-g1-amd-a6-5350m/
2025-11-30 03:33:38,593 - ERROR - Error fetching https://www.refurbed.de/p/hp-probook-645-g1-amd-a6-5350m/: 404 Client Error: Not Found for url: https://www.refurbed.de/p/hp-probook-645-g1-amd-a6-5350m/
2025-11-30 03:33:39,595 - INFO - Scraping 3763/6851: https://www.refurbed.de/p/hp-probook-645-g1-amd-a8-5550m/
2025-11-30 03:33:39,855 - ERROR - Error fetching https://www.refurbed.de/p/hp-probook-645-g1-amd-a8-5550m/: 404 Client Error: Not Found for url: https://www.refurbed.de/p/hp-probook-645-g1-amd-a8-5550m/
2025-11-30 03:33:40,857 - INFO - Scraping 3764/6851: https://www.refurbed.de/p/hp-probook-645-g2-pro-a6-8500/
2025-11-30 03:33:41,118 - ERROR - Error fetching https://www.refurbed.de/p/hp-probook-645-g2-pro-a6-8500/: 404 Client Error: Not Found for url: https://www.refurbed.de/p/hp-probook-645-g2-pro-a6-8500/
2025-11-30 03:33:42,120 - INFO - Scraping 3765/6851: https://www.refurbed.de/p/hp-probook-645-g2-pro-a8-8600b/
2025-11-30 03:33:42,394 - ERROR - Error fetching https://www.refurbed.de/p/hp-probook-645-g2-pro-a8-8600b/: 404 Client Error: Not Found for url: https://www.refurbed.de/p/hp-probook-645-g2-pro-a8-8600b/
2025-11-30 03:33:43,396 - INFO - Scraping 3766/6851: https://www.refurbed.de/p/hp-probook-645-g3-pro-a6-8530b/
2025-11-30 03:33:43,657 - ERROR - Error fetching https://www.refurbed.de/p/hp-probook-645-g3-pro-a6-8530b/: 404 Client Error: Not Found for url: https://www.refurbed.de/p/hp-probook-645-g3-pro-a6-8530b/
2025-11-30 03:33:44,659 - INFO - Scraping 3767/6851: https://www.refurbed.de/p/hp-probook-645-g4-ryzen-3-pro230/
2025-11-30 03:33:44,934 - ERROR - Error fetching https://www.refurbed.de/p/hp-probook-645-g4-ryzen-3-pro230/: 404 Client Error: Not Found for url: https://www.refurbed.de/p/hp-probook-645-g4-ryzen-3-pro230/
2025-11-30 03:33:45,936 - INFO - Scraping 3768/6851: https://www.refurbed.de/p/hp-probook-645-g4-ryzen-5-pro250/
2025-11-30 03:33:47,551 - INFO - Scraping 3769/6851: https://www.refurbed.de/p/hp-probook-645-g4-ryzen-7-pro/
2025-11-30 03:33:47,831 - ERROR - Error fetching https://www.refurbed.de/p/hp-probook-645-g4-ryzen-7-pro/: 404 Client Error: Not Found for url: https://www.refurbed.de/p/hp-probook-645-g4-ryzen-7-pro/
2025-11-30 03:33:48,835 - INFO - Scraping 3770/6851: https://www.refurbed.de/p/hp-probook-650-g1-4300m/
2025-11-30 03:33:49,110 - ERROR - Error fetching https://www.refurbed.de/p/hp-probook-650-g1-4300m/: 404 Client Error: Not Found for url: https://www.refurbed.de/p/hp-probook-650-g1-4300m/
2025-11-30 03:33:50,113 - INFO - Scraping 3771/6851: https://www.refurbed.de/p/hp-probook-650-g1-celeron-2950m/
2025-11-30 03:33:50,593 - ERROR - Error fetching https://www.refurbed.de/p/hp-probook-650-g1-celeron-2950m/: 404 Client Error: Not Found for url: https://www.refurbed.de/p/hp-probook-650-g1-celeron-2950m/
2025-11-30 03:33:51,595 - INFO - Scraping 3772/6851: https://www.refurbed.de/p/hp-probook-650-g1-i3-4000m-15-6/
2025-11-30 03:33:51,865 - ERROR - Error fetching https://www.refurbed.de/p/hp-probook-650-g1-i3-4000m-15-6/: 404 Client Error: Not Found for url: https://www.refurbed.de/p/hp-probook-650-g1-i3-4000m-15-6/
2025-11-30 03:33:52,867 - INFO - Scraping 3773/6851: https://www.refurbed.de/p/hp-probook-650-g1-i5-4210m/
2025-11-30 03:33:53,127 - ERROR - Error fetching https://www.refurbed.de/p/hp-probook-650-g1-i5-4210m/: 404 Client Error: Not Found for url: https://www.refurbed.de/p/hp-probook-650-g1-i5-4210m/
2025-11-30 03:33:54,129 - INFO - Scraping 3774/6851: https://www.refurbed.de/p/hp-probook-650-g1-i5-4310m-15-6/
2025-11-30 03:33:54,550 - ERROR - Error fetching https://www.refurbed.de/p/hp-probook-650-g1-i5-4310m-15-6/: 404 Client Error: Not Found for url: https://www.refurbed.de/p/hp-probook-650-g1-i5-4310m-15-6/
2025-11-30 03:33:55,552 - INFO - Scraping 3775/6851: https://www.refurbed.de/p/hp-probook-650-g1-i7-4600u/
2025-11-30 03:33:56,032 - ERROR - Error fetching https://www.refurbed.de/p/hp-probook-650-g1-i7-4600u/: 404 Client Error: Not Found for url: https://www.refurbed.de/p/hp-probook-650-g1-i7-4600u/
2025-11-30 03:33:57,035 - INFO - Scraping 3776/6851: https://www.refurbed.de/p/hp-probook-650-g1-i7-4610m-15-6/
2025-11-30 03:33:57,294 - ERROR - Error fetching https://www.refurbed.de/p/hp-probook-650-g1-i7-4610m-15-6/: 404 Client Error: Not Found for url: https://www.refurbed.de/p/hp-probook-650-g1-i7-4610m-15-6/
2025-11-30 03:33:58,297 - INFO - Scraping 3777/6851: https://www.refurbed.de/p/hp-probook-650-g1-i7-4702mq/
2025-11-30 03:33:58,592 - ERROR - Error fetching https://www.refurbed.de/p/hp-probook-650-g1-i7-4702mq/: 404 Client Error: Not Found for url: https://www.refurbed.de/p/hp-probook-650-g1-i7-4702mq/
2025-11-30 03:33:59,594 - INFO - Scraping 3778/6851: https://www.refurbed.de/p/hp-probook-650-g2-6100u/
2025-11-30 03:33:59,880 - ERROR - Error fetching https://www.refurbed.de/p/hp-probook-650-g2-6100u/: 404 Client Error: Not Found for url: https://www.refurbed.de/p/hp-probook-650-g2-6100u/
2025-11-30 03:34:00,882 - INFO - Scraping 3779/6851: https://www.refurbed.de/p/hp-probook-650-g2-6200u/
2025-11-30 03:34:01,164 - ERROR - Error fetching https://www.refurbed.de/p/hp-probook-650-g2-6200u/: 404 Client Error: Not Found for url: https://www.refurbed.de/p/hp-probook-650-g2-6200u/
2025-11-30 03:34:02,166 - INFO - Scraping 3780/6851: https://www.refurbed.de/p/hp-probook-650-g2-6300u/
2025-11-30 03:34:02,615 - ERROR - Error fetching https://www.refurbed.de/p/hp-probook-650-g2-6300u/: 404 Client Error: Not Found for url: https://www.refurbed.de/p/hp-probook-650-g2-6300u/
2025-11-30 03:34:03,617 - INFO - Scraping 3781/6851: https://www.refurbed.de/p/hp-probook-650-g2-6440hq/
2025-11-30 03:34:04,059 - ERROR - Error fetching https://www.refurbed.de/p/hp-probook-650-g2-6440hq/: 404 Client Error: Not Found for url: https://www.refurbed.de/p/hp-probook-650-g2-6440hq/
2025-11-30 03:34:05,061 - INFO - Scraping 3782/6851: https://www.refurbed.de/p/hp-probook-650-g2-6600u-15-6/
2025-11-30 03:34:05,312 - ERROR - Error fetching https://www.refurbed.de/p/hp-probook-650-g2-6600u-15-6/: 404 Client Error: Not Found for url: https://www.refurbed.de/p/hp-probook-650-g2-6600u-15-6/
2025-11-30 03:34:06,314 - INFO - Scraping 3783/6851: https://www.refurbed.de/p/hp-probook-650-g3-i5-7200u-15-6/
2025-11-30 03:34:06,567 - ERROR - Error fetching https://www.refurbed.de/p/hp-probook-650-g3-i5-7200u-15-6/: 404 Client Error: Not Found for url: https://www.refurbed.de/p/hp-probook-650-g3-i5-7200u-15-6/
2025-11-30 03:34:07,569 - INFO - Scraping 3784/6851: https://www.refurbed.de/p/hp-probook-650-g3-i5-7300u/
2025-11-30 03:34:07,854 - ERROR - Error fetching https://www.refurbed.de/p/hp-probook-650-g3-i5-7300u/: 404 Client Error: Not Found for url: https://www.refurbed.de/p/hp-probook-650-g3-i5-7300u/
2025-11-30 03:34:08,857 - INFO - Scraping 3785/6851: https://www.refurbed.de/p/hp-probook-650-g3-i7-7600u/
2025-11-30 03:34:09,132 - ERROR - Error fetching https://www.refurbed.de/p/hp-probook-650-g3-i7-7600u/: 404 Client Error: Not Found for url: https://www.refurbed.de/p/hp-probook-650-g3-i7-7600u/
2025-11-30 03:34:10,134 - INFO - Scraping 3786/6851: https://www.refurbed.de/p/hp-probook-650-g3-i7-7820hq/
2025-11-30 03:34:11,730 - INFO - Scraping 3787/6851: https://www.refurbed.de/p/hp-probook-650-g4-8250u/
2025-11-30 03:34:13,254 - INFO - Scraping 3788/6851: https://www.refurbed.de/p/hp-probook-650-g4-8350u/
2025-11-30 03:34:14,897 - INFO - Scraping 3789/6851: https://www.refurbed.de/p/hp-probook-650-g4-i3-8130u/
2025-11-30 03:34:16,313 - INFO - Scraping 3790/6851: https://www.refurbed.de/p/hp-probook-650-g4-i5-7200u/
2025-11-30 03:34:16,576 - ERROR - Error fetching https://www.refurbed.de/p/hp-probook-650-g4-i5-7200u/: 404 Client Error: Not Found for url: https://www.refurbed.de/p/hp-probook-650-g4-i5-7200u/
2025-11-30 03:34:17,578 - INFO - Scraping 3791/6851: https://www.refurbed.de/p/hp-probook-650-g4-i5-7300u/
2025-11-30 03:34:17,867 - ERROR - Error fetching https://www.refurbed.de/p/hp-probook-650-g4-i5-7300u/: 404 Client Error: Not Found for url: https://www.refurbed.de/p/hp-probook-650-g4-i5-7300u/
2025-11-30 03:34:18,869 - INFO - Scraping 3792/6851: https://www.refurbed.de/p/hp-probook-650-g4-i7-8550u/
2025-11-30 03:34:20,375 - INFO - Scraping 3793/6851: https://www.refurbed.de/p/hp-probook-650-g4-i7-8650u/
2025-11-30 03:34:21,997 - INFO - Scraping 3794/6851: https://www.refurbed.de/p/hp-probook-650-g5-i3-8145u-15-6/
2025-11-30 03:34:23,476 - INFO - Scraping 3795/6851: https://www.refurbed.de/p/hp-probook-650-g5-i5-8265u-15-6/
2025-11-30 03:34:24,851 - INFO - Scraping 3796/6851: https://www.refurbed.de/p/hp-probook-650-g5-i5-8365u-15-6/
2025-11-30 03:34:26,675 - INFO - Scraping 3797/6851: https://www.refurbed.de/p/hp-probook-650-g5-i7-8665u-15-6/
2025-11-30 03:34:28,423 - INFO - Scraping 3798/6851: https://www.refurbed.de/p/hp-probook-650-g8-1115g4/
2025-11-30 03:34:30,102 - INFO - Scraping 3799/6851: https://www.refurbed.de/p/hp-probook-650-g8-1135g7/
2025-11-30 03:34:31,740 - INFO - Scraping 3800/6851: https://www.refurbed.de/p/hp-probook-650-g8-i5-1145g7/
2025-11-30 03:34:33,420 - INFO - Scraping 3801/6851: https://www.refurbed.de/p/hp-probook-650-g8-i7-1165g7/
2025-11-30 03:34:35,074 - INFO - Scraping 3802/6851: https://www.refurbed.de/p/hp-probook-650-g9-i7-1255u/
2025-11-30 03:34:36,582 - INFO - Scraping 3803/6851: https://www.refurbed.de/p/hp-probook-655-g1-a10-4600m/
2025-11-30 03:34:36,851 - ERROR - Error fetching https://www.refurbed.de/p/hp-probook-655-g1-a10-4600m/: 404 Client Error: Not Found for url: https://www.refurbed.de/p/hp-probook-655-g1-a10-4600m/
2025-11-30 03:34:37,854 - INFO - Scraping 3804/6851: https://www.refurbed.de/p/hp-probook-655-g1-a10-5750m/
2025-11-30 03:34:38,159 - ERROR - Error fetching https://www.refurbed.de/p/hp-probook-655-g1-a10-5750m/: 404 Client Error: Not Found for url: https://www.refurbed.de/p/hp-probook-655-g1-a10-5750m/
2025-11-30 03:34:39,161 - INFO - Scraping 3805/6851: https://www.refurbed.de/p/hp-probook-655-g2-pro-a10-8700b/
2025-11-30 03:34:39,450 - ERROR - Error fetching https://www.refurbed.de/p/hp-probook-655-g2-pro-a10-8700b/: 404 Client Error: Not Found for url: https://www.refurbed.de/p/hp-probook-655-g2-pro-a10-8700b/
2025-11-30 03:34:40,452 - INFO - Scraping 3806/6851: https://www.refurbed.de/p/hp-probook-655-g3-pro-a8-9600b/
2025-11-30 03:34:40,893 - ERROR - Error fetching https://www.refurbed.de/p/hp-probook-655-g3-pro-a8-9600b/: 404 Client Error: Not Found for url: https://www.refurbed.de/p/hp-probook-655-g3-pro-a8-9600b/
2025-11-30 03:34:41,895 - INFO - Scraping 3807/6851: https://www.refurbed.de/p/hp-probook-6570b-i5-3360m-15/
2025-11-30 03:34:42,171 - ERROR - Error fetching https://www.refurbed.de/p/hp-probook-6570b-i5-3360m-15/: 404 Client Error: Not Found for url: https://www.refurbed.de/p/hp-probook-6570b-i5-3360m-15/
2025-11-30 03:34:43,173 - INFO - Scraping 3808/6851: https://www.refurbed.de/p/hp-probook-850-g3-i7-6600u/
2025-11-30 03:34:43,635 - ERROR - Error fetching https://www.refurbed.de/p/hp-probook-850-g3-i7-6600u/: 404 Client Error: Not Found for url: https://www.refurbed.de/p/hp-probook-850-g3-i7-6600u/
2025-11-30 03:34:44,636 - INFO - Scraping 3809/6851: https://www.refurbed.de/p/hp-probook-fortis-14-g10-n4500/
2025-11-30 03:34:46,076 - INFO - Scraping 3810/6851: https://www.refurbed.de/p/hp-probook-x360-11-g3-n4100/
2025-11-30 03:34:47,604 - INFO - Scraping 3811/6851: https://www.refurbed.de/p/hp-probook-x360-11-g3-n5000/
2025-11-30 03:34:49,158 - INFO - Scraping 3812/6851: https://www.refurbed.de/p/hp-probook-x360-11-g4-8100y-11-6/
2025-11-30 03:34:50,759 - INFO - Scraping 3813/6851: https://www.refurbed.de/p/hp-probook-x360-11-g5-ee-n4100/
2025-11-30 03:34:52,252 - INFO - Scraping 3814/6851: https://www.refurbed.de/p/hp-probook-x360-435-g7-5-4500u/
2025-11-30 03:34:53,919 - INFO - Scraping 3815/6851: https://www.refurbed.de/p/hp-probook-x360-435-g7-7-4700u/
2025-11-30 03:34:55,471 - INFO - Scraping 3816/6851: https://www.refurbed.de/p/hp-probook-x360-435-g8-5-5600u/
2025-11-30 03:34:57,133 - INFO - Scraping 3817/6851: https://www.refurbed.de/p/hp-probook-x360-435-g8-7-5800u/
2025-11-30 03:34:58,680 - INFO - Scraping 3818/6851: https://www.refurbed.de/p/hp-probook-x360-435-g9-5-5625u/
2025-11-30 03:35:00,318 - INFO - Scraping 3819/6851: https://www.refurbed.de/p/hp-probook-x360-435-g9-7-5825u/
2025-11-30 03:35:01,776 - INFO - Scraping 3820/6851: https://www.refurbed.de/p/hp-probook-x360-440-g1-8130u/
2025-11-30 03:35:03,612 - INFO - Scraping 3821/6851: https://www.refurbed.de/p/hp-probook-x360-440-g1-8250u/
2025-11-30 03:35:05,281 - INFO - Scraping 3822/6851: https://www.refurbed.de/p/hp-probook-x360-440-g1-i5-8400/
2025-11-30 03:35:06,667 - INFO - Scraping 3823/6851: https://www.refurbed.de/p/hp-probook-x360-440-g1-i7-8550u/
2025-11-30 03:35:08,187 - INFO - Scraping 3824/6851: https://www.refurbed.de/p/hp-probook-x360-g1-celeron-n3350/
2025-11-30 03:35:08,708 - ERROR - Error fetching https://www.refurbed.de/p/hp-probook-x360-g1-celeron-n3350/: 404 Client Error: Not Found for url: https://www.refurbed.de/p/hp-probook-x360-g1-celeron-n3350/
2025-11-30 03:35:09,710 - INFO - Scraping 3825/6851: https://www.refurbed.de/p/hp-probook-x360-g1-n4200/
2025-11-30 03:35:10,655 - ERROR - Error fetching https://www.refurbed.de/p/hp-probook-x360-g1-n4200/: 404 Client Error: Not Found for url: https://www.refurbed.de/p/hp-probook-x360-g1-n4200/
2025-11-30 03:35:11,657 - INFO - Scraping 3826/6851: https://www.refurbed.de/p/hp-probook650-g1-i5-4200m/
2025-11-30 03:35:12,469 - ERROR - Error fetching https://www.refurbed.de/p/hp-probook650-g1-i5-4200m/: 404 Client Error: Not Found for url: https://www.refurbed.de/p/hp-probook650-g1-i5-4200m/
2025-11-30 03:35:13,471 - INFO - Scraping 3827/6851: https://www.refurbed.de/p/hp-procurve-switch-2610-48-pwr/
2025-11-30 03:35:15,028 - INFO - Scraping 3828/6851: https://www.refurbed.de/p/hp-procurve-switch-2610-48/
2025-11-30 03:35:16,620 - INFO - Scraping 3829/6851: https://www.refurbed.de/p/hp-prodesk-400-g1-dm-i3/
2025-11-30 03:35:16,916 - ERROR - Error fetching https://www.refurbed.de/p/hp-prodesk-400-g1-dm-i3/: 404 Client Error: Not Found for url: https://www.refurbed.de/p/hp-prodesk-400-g1-dm-i3/
2025-11-30 03:35:17,918 - INFO - Scraping 3830/6851: https://www.refurbed.de/p/hp-prodesk-400-g1-mt/
2025-11-30 03:35:18,246 - ERROR - Error fetching https://www.refurbed.de/p/hp-prodesk-400-g1-mt/: 404 Client Error: Not Found for url: https://www.refurbed.de/p/hp-prodesk-400-g1-mt/
2025-11-30 03:35:19,249 - INFO - Scraping 3831/6851: https://www.refurbed.de/p/hp-prodesk-400-g1-sff/
2025-11-30 03:35:19,528 - ERROR - Error fetching https://www.refurbed.de/p/hp-prodesk-400-g1-sff/: 404 Client Error: Not Found for url: https://www.refurbed.de/p/hp-prodesk-400-g1-sff/
2025-11-30 03:35:20,530 - INFO - Scraping 3832/6851: https://www.refurbed.de/p/hp-prodesk-400-g2-dm-i5/
2025-11-30 03:35:21,925 - INFO - Scraping 3833/6851: https://www.refurbed.de/p/hp-prodesk-400-g2-mt/
2025-11-30 03:35:22,384 - ERROR - Error fetching https://www.refurbed.de/p/hp-prodesk-400-g2-mt/: 404 Client Error: Not Found for url: https://www.refurbed.de/p/hp-prodesk-400-g2-mt/
2025-11-30 03:35:23,386 - INFO - Scraping 3834/6851: https://www.refurbed.de/p/hp-prodesk-400-g3-6-gen/
2025-11-30 03:35:23,683 - ERROR - Error fetching https://www.refurbed.de/p/hp-prodesk-400-g3-6-gen/: 404 Client Error: Not Found for url: https://www.refurbed.de/p/hp-prodesk-400-g3-6-gen/
2025-11-30 03:35:24,685 - INFO - Scraping 3835/6851: https://www.refurbed.de/p/hp-prodesk-400-g3-dm/
2025-11-30 03:35:24,998 - ERROR - Error fetching https://www.refurbed.de/p/hp-prodesk-400-g3-dm/: 404 Client Error: Not Found for url: https://www.refurbed.de/p/hp-prodesk-400-g3-dm/
2025-11-30 03:35:26,001 - INFO - Scraping 3836/6851: https://www.refurbed.de/p/hp-prodesk-400-g3-mt/
2025-11-30 03:35:26,530 - ERROR - Error fetching https://www.refurbed.de/p/hp-prodesk-400-g3-mt/: 404 Client Error: Not Found for url: https://www.refurbed.de/p/hp-prodesk-400-g3-mt/
2025-11-30 03:35:27,532 - INFO - Scraping 3837/6851: https://www.refurbed.de/p/hp-prodesk-400-g4-dm/
2025-11-30 03:35:28,931 - INFO - Scraping 3838/6851: https://www.refurbed.de/p/hp-prodesk-400-g4-mt/
2025-11-30 03:35:29,199 - ERROR - Error fetching https://www.refurbed.de/p/hp-prodesk-400-g4-mt/: 404 Client Error: Not Found for url: https://www.refurbed.de/p/hp-prodesk-400-g4-mt/
2025-11-30 03:35:30,201 - INFO - Scraping 3839/6851: https://www.refurbed.de/p/hp-prodesk-400-g4-sff/
2025-11-30 03:35:30,524 - ERROR - Error fetching https://www.refurbed.de/p/hp-prodesk-400-g4-sff/: 404 Client Error: Not Found for url: https://www.refurbed.de/p/hp-prodesk-400-g4-sff/
2025-11-30 03:35:31,526 - INFO - Scraping 3840/6851: https://www.refurbed.de/p/hp-prodesk-400-g5-dm/
2025-11-30 03:35:33,098 - INFO - Scraping 3841/6851: https://www.refurbed.de/p/hp-prodesk-400-g5-mt/
2025-11-30 03:35:34,660 - INFO - Scraping 3842/6851: https://www.refurbed.de/p/hp-prodesk-400-g5-sff/
2025-11-30 03:35:36,434 - INFO - Scraping 3843/6851: https://www.refurbed.de/p/hp-prodesk-400-g6-dm/
2025-11-30 03:35:37,898 - INFO - Scraping 3844/6851: https://www.refurbed.de/p/hp-prodesk-400-g6-mt/
2025-11-30 03:35:39,357 - INFO - Scraping 3845/6851: https://www.refurbed.de/p/hp-prodesk-400-g6-sff/
2025-11-30 03:35:41,032 - INFO - Scraping 3846/6851: https://www.refurbed.de/p/hp-prodesk-400-g7-mt/
2025-11-30 03:35:42,466 - INFO - Scraping 3847/6851: https://www.refurbed.de/p/hp-prodesk-400-g7-sff/
2025-11-30 03:35:44,151 - INFO - Scraping 3848/6851: https://www.refurbed.de/p/hp-prodesk-405-g4-dm/
2025-11-30 03:35:44,413 - ERROR - Error fetching https://www.refurbed.de/p/hp-prodesk-405-g4-dm/: 404 Client Error: Not Found for url: https://www.refurbed.de/p/hp-prodesk-405-g4-dm/
2025-11-30 03:35:45,415 - INFO - Scraping 3849/6851: https://www.refurbed.de/p/hp-prodesk-405-g4-sff/
2025-11-30 03:35:45,710 - ERROR - Error fetching https://www.refurbed.de/p/hp-prodesk-405-g4-sff/: 404 Client Error: Not Found for url: https://www.refurbed.de/p/hp-prodesk-405-g4-sff/
2025-11-30 03:35:46,712 - INFO - Scraping 3850/6851: https://www.refurbed.de/p/hp-prodesk-405-g8-dm/
2025-11-30 03:35:48,112 - INFO - Scraping 3851/6851: https://www.refurbed.de/p/hp-prodesk-490-g2-mt/
2025-11-30 03:35:48,441 - ERROR - Error fetching https://www.refurbed.de/p/hp-prodesk-490-g2-mt/: 404 Client Error: Not Found for url: https://www.refurbed.de/p/hp-prodesk-490-g2-mt/
2025-11-30 03:35:49,443 - INFO - Scraping 3852/6851: https://www.refurbed.de/p/hp-prodesk-490-g3-mt/
2025-11-30 03:35:49,728 - ERROR - Error fetching https://www.refurbed.de/p/hp-prodesk-490-g3-mt/: 404 Client Error: Not Found for url: https://www.refurbed.de/p/hp-prodesk-490-g3-mt/
2025-11-30 03:35:50,730 - INFO - Scraping 3853/6851: https://www.refurbed.de/p/hp-prodesk-600-g1-dm-i3/
2025-11-30 03:35:51,039 - ERROR - Error fetching https://www.refurbed.de/p/hp-prodesk-600-g1-dm-i3/: 404 Client Error: Not Found for url: https://www.refurbed.de/p/hp-prodesk-600-g1-dm-i3/
2025-11-30 03:35:52,041 - INFO - Scraping 3854/6851: https://www.refurbed.de/p/hp-prodesk-600-g1-sff/
2025-11-30 03:35:52,346 - ERROR - Error fetching https://www.refurbed.de/p/hp-prodesk-600-g1-sff/: 404 Client Error: Not Found for url: https://www.refurbed.de/p/hp-prodesk-600-g1-sff/
2025-11-30 03:35:53,348 - INFO - Scraping 3855/6851: https://www.refurbed.de/p/hp-prodesk-600-g1-twr-g3220/
2025-11-30 03:35:53,818 - ERROR - Error fetching https://www.refurbed.de/p/hp-prodesk-600-g1-twr-g3220/: 404 Client Error: Not Found for url: https://www.refurbed.de/p/hp-prodesk-600-g1-twr-g3220/
2025-11-30 03:35:54,820 - INFO - Scraping 3856/6851: https://www.refurbed.de/p/hp-prodesk-600-g2-mt/
2025-11-30 03:35:55,075 - ERROR - Error fetching https://www.refurbed.de/p/hp-prodesk-600-g2-mt/: 404 Client Error: Not Found for url: https://www.refurbed.de/p/hp-prodesk-600-g2-mt/
2025-11-30 03:35:56,077 - INFO - Scraping 3857/6851: https://www.refurbed.de/p/hp-prodesk-600-g2-sff/
2025-11-30 03:35:56,354 - ERROR - Error fetching https://www.refurbed.de/p/hp-prodesk-600-g2-sff/: 404 Client Error: Not Found for url: https://www.refurbed.de/p/hp-prodesk-600-g2-sff/
2025-11-30 03:35:57,356 - INFO - Scraping 3858/6851: https://www.refurbed.de/p/hp-prodesk-600-g2-usff/
2025-11-30 03:35:57,674 - ERROR - Error fetching https://www.refurbed.de/p/hp-prodesk-600-g2-usff/: 404 Client Error: Not Found for url: https://www.refurbed.de/p/hp-prodesk-600-g2-usff/
2025-11-30 03:35:58,676 - INFO - Scraping 3859/6851: https://www.refurbed.de/p/hp-prodesk-600-g3-dm/
2025-11-30 03:35:59,109 - ERROR - Error fetching https://www.refurbed.de/p/hp-prodesk-600-g3-dm/: 404 Client Error: Not Found for url: https://www.refurbed.de/p/hp-prodesk-600-g3-dm/
2025-11-30 03:36:00,111 - INFO - Scraping 3860/6851: https://www.refurbed.de/p/hp-prodesk-600-g3-mt/
2025-11-30 03:36:00,411 - ERROR - Error fetching https://www.refurbed.de/p/hp-prodesk-600-g3-mt/: 404 Client Error: Not Found for url: https://www.refurbed.de/p/hp-prodesk-600-g3-mt/
2025-11-30 03:36:01,413 - INFO - Scraping 3861/6851: https://www.refurbed.de/p/hp-prodesk-600-g3-sff/
2025-11-30 03:36:01,918 - ERROR - Error fetching https://www.refurbed.de/p/hp-prodesk-600-g3-sff/: 404 Client Error: Not Found for url: https://www.refurbed.de/p/hp-prodesk-600-g3-sff/
2025-11-30 03:36:02,920 - INFO - Scraping 3862/6851: https://www.refurbed.de/p/hp-prodesk-600-g4-dm-intel-8th-g/
2025-11-30 03:36:04,494 - INFO - Scraping 3863/6851: https://www.refurbed.de/p/hp-prodesk-600-g4-mt/
2025-11-30 03:36:06,015 - INFO - Scraping 3864/6851: https://www.refurbed.de/p/hp-prodesk-600-g4-sff/
2025-11-30 03:36:07,748 - INFO - Scraping 3865/6851: https://www.refurbed.de/p/hp-prodesk-600-g5-dm-intel-9th-g/
2025-11-30 03:36:09,528 - INFO - Scraping 3866/6851: https://www.refurbed.de/p/hp-prodesk-600-g5-mt/
2025-11-30 03:36:11,090 - INFO - Scraping 3867/6851: https://www.refurbed.de/p/hp-prodesk-600-g5-sff/
2025-11-30 03:36:12,686 - INFO - Scraping 3868/6851: https://www.refurbed.de/p/hp-prodesk-600-g6-dm/
2025-11-30 03:36:14,258 - INFO - Scraping 3869/6851: https://www.refurbed.de/p/hp-prodesk-600-g6-mt/
2025-11-30 03:36:16,027 - INFO - Scraping 3870/6851: https://www.refurbed.de/p/hp-prodesk-600-g6-sff/
2025-11-30 03:36:17,582 - INFO - Scraping 3871/6851: https://www.refurbed.de/p/hp-prodesk-800-g2-sff/
2025-11-30 03:36:17,902 - ERROR - Error fetching https://www.refurbed.de/p/hp-prodesk-800-g2-sff/: 404 Client Error: Not Found for url: https://www.refurbed.de/p/hp-prodesk-800-g2-sff/
2025-11-30 03:36:18,905 - INFO - Scraping 3872/6851: https://www.refurbed.de/p/hp-prodisplay-p201-10/
2025-11-30 03:36:20,566 - INFO - Scraping 3873/6851: https://www.refurbed.de/p/hp-prodisplay-p222va/
2025-11-30 03:36:22,228 - INFO - Scraping 3874/6851: https://www.refurbed.de/p/hp-proone-240-g9-aio/
2025-11-30 03:36:23,657 - INFO - Scraping 3875/6851: https://www.refurbed.de/p/hp-proone-400-g2-aio/
2025-11-30 03:36:23,945 - ERROR - Error fetching https://www.refurbed.de/p/hp-proone-400-g2-aio/: 404 Client Error: Not Found for url: https://www.refurbed.de/p/hp-proone-400-g2-aio/
2025-11-30 03:36:24,947 - INFO - Scraping 3876/6851: https://www.refurbed.de/p/hp-proone-440-g4-aio-23-8/
2025-11-30 03:36:26,436 - INFO - Scraping 3877/6851: https://www.refurbed.de/p/hp-proone-440-g6-aio-23-8/
2025-11-30 03:36:27,855 - INFO - Scraping 3878/6851: https://www.refurbed.de/p/hp-proone-440-g9-aio/
2025-11-30 03:36:29,314 - INFO - Scraping 3879/6851: https://www.refurbed.de/p/hp-proone-600-g1-aio-21-5/
2025-11-30 03:36:29,573 - ERROR - Error fetching https://www.refurbed.de/p/hp-proone-600-g1-aio-21-5/: 404 Client Error: Not Found for url: https://www.refurbed.de/p/hp-proone-600-g1-aio-21-5/
2025-11-30 03:36:30,575 - INFO - Scraping 3880/6851: https://www.refurbed.de/p/hp-proone-600-g3-aio-21-5/
2025-11-30 03:36:30,869 - ERROR - Error fetching https://www.refurbed.de/p/hp-proone-600-g3-aio-21-5/: 404 Client Error: Not Found for url: https://www.refurbed.de/p/hp-proone-600-g3-aio-21-5/
2025-11-30 03:36:31,871 - INFO - Scraping 3881/6851: https://www.refurbed.de/p/hp-proone-600-g4-aio-21-5/
2025-11-30 03:36:33,488 - INFO - Scraping 3882/6851: https://www.refurbed.de/p/hp-proone-600-g5-aio-21-5/
2025-11-30 03:36:34,906 - INFO - Scraping 3883/6851: https://www.refurbed.de/p/hp-proone-600-g6-aio/
2025-11-30 03:36:36,305 - INFO - Scraping 3884/6851: https://www.refurbed.de/p/hp-pv-x360-14-dy0055ng-i5-1135g7/
2025-11-30 03:36:37,777 - INFO - Scraping 3885/6851: https://www.refurbed.de/p/hp-pw-enterprise-color-mfp-586dn/
2025-11-30 03:36:39,214 - INFO - Scraping 3886/6851: https://www.refurbed.de/p/hp-qy777aa/
2025-11-30 03:36:40,616 - INFO - Scraping 3887/6851: https://www.refurbed.de/p/hp-rechargeable-active-pen-g3/
2025-11-30 03:36:42,083 - INFO - Scraping 3888/6851: https://www.refurbed.de/p/hp-s2331a-23/
2025-11-30 03:36:43,595 - INFO - Scraping 3889/6851: https://www.refurbed.de/p/hp-scanjet-pro-2000-s2/
2025-11-30 03:36:45,054 - INFO - Scraping 3890/6851: https://www.refurbed.de/p/hp-scanjet-pro-2500-f1/
2025-11-30 03:36:46,589 - INFO - Scraping 3891/6851: https://www.refurbed.de/p/hp-scanjet-pro-3000-s4/
2025-11-30 03:36:47,991 - INFO - Scraping 3892/6851: https://www.refurbed.de/p/hp-series-5-524sw-23-8/
2025-11-30 03:36:49,493 - INFO - Scraping 3893/6851: https://www.refurbed.de/p/hp-shareboard-2tx38aa/
2025-11-30 03:36:50,883 - INFO - Scraping 3894/6851: https://www.refurbed.de/p/hp-sk-2120/
2025-11-30 03:36:52,275 - INFO - Scraping 3895/6851: https://www.refurbed.de/p/hp-sk-2280/
2025-11-30 03:36:53,835 - INFO - Scraping 3896/6851: https://www.refurbed.de/p/hp-slimline-260-a109nf/
2025-11-30 03:36:54,092 - ERROR - Error fetching https://www.refurbed.de/p/hp-slimline-260-a109nf/: 404 Client Error: Not Found for url: https://www.refurbed.de/p/hp-slimline-260-a109nf/
2025-11-30 03:36:55,094 - INFO - Scraping 3897/6851: https://www.refurbed.de/p/hp-spec-x360-conver-13-ap-1165g7/
2025-11-30 03:36:56,495 - INFO - Scraping 3898/6851: https://www.refurbed.de/p/hp-spec-x360-conver-13-aw-1065g7/
2025-11-30 03:36:57,958 - INFO - Scraping 3899/6851: https://www.refurbed.de/p/hp-spectre-pro-x360-g2-i5-6200u/
2025-11-30 03:36:58,259 - ERROR - Error fetching https://www.refurbed.de/p/hp-spectre-pro-x360-g2-i5-6200u/: 404 Client Error: Not Found for url: https://www.refurbed.de/p/hp-spectre-pro-x360-g2-i5-6200u/
2025-11-30 03:36:59,260 - INFO - Scraping 3900/6851: https://www.refurbed.de/p/hp-spectre-pro-x360-g2-i5-6300u/
2025-11-30 03:36:59,542 - ERROR - Error fetching https://www.refurbed.de/p/hp-spectre-pro-x360-g2-i5-6300u/: 404 Client Error: Not Found for url: https://www.refurbed.de/p/hp-spectre-pro-x360-g2-i5-6300u/
2025-11-30 03:37:00,544 - INFO - Scraping 3901/6851: https://www.refurbed.de/p/hp-spectre-pro-x360-g2/
2025-11-30 03:37:00,847 - ERROR - Error fetching https://www.refurbed.de/p/hp-spectre-pro-x360-g2/: 404 Client Error: Not Found for url: https://www.refurbed.de/p/hp-spectre-pro-x360-g2/
2025-11-30 03:37:01,849 - INFO - Scraping 3902/6851: https://www.refurbed.de/p/hp-spectre-x360-2-1-14-ef-1255u/
2025-11-30 03:37:03,261 - INFO - Scraping 3903/6851: https://www.refurbed.de/p/hp-spectre-x360-2-1-14-ef-1335u/
2025-11-30 03:37:04,678 - INFO - Scraping 3904/6851: https://www.refurbed.de/p/hp-spectre-x360-2-1-14-eu-155h/
2025-11-30 03:37:06,132 - INFO - Scraping 3905/6851: https://www.refurbed.de/p/hp-spectre-x360-2-1-16-f-11390h/
2025-11-30 03:37:07,623 - INFO - Scraping 3906/6851: https://www.refurbed.de/p/hp-spectre-x360-2-1-16-f-1260p/
2025-11-30 03:37:09,115 - INFO - Scraping 3907/6851: https://www.refurbed.de/p/hp-spectre-x360-2-1-16-f-1360p/
2025-11-30 03:37:10,600 - INFO - Scraping 3908/6851: https://www.refurbed.de/p/hp-spectre-x360-2-1-16-f-13700h/
2025-11-30 03:37:12,003 - INFO - Scraping 3909/6851: https://www.refurbed.de/p/hp-spectre-x360-2-1-16t-i7-1360p/
2025-11-30 03:37:13,660 - INFO - Scraping 3910/6851: https://www.refurbed.de/p/hp-spectre-x360-2in1-16-aa0-155h/
2025-11-30 03:37:15,166 - INFO - Scraping 3911/6851: https://www.refurbed.de/p/hp-spectre-x360-convertible-65g7/
2025-11-30 03:37:16,598 - INFO - Scraping 3912/6851: https://www.refurbed.de/p/hp-spectre-x360-g1-i5-5200u/
2025-11-30 03:37:16,852 - ERROR - Error fetching https://www.refurbed.de/p/hp-spectre-x360-g1-i5-5200u/: 404 Client Error: Not Found for url: https://www.refurbed.de/p/hp-spectre-x360-g1-i5-5200u/
2025-11-30 03:37:17,854 - INFO - Scraping 3913/6851: https://www.refurbed.de/p/hp-sprocket-2in1/
2025-11-30 03:37:19,260 - INFO - Scraping 3914/6851: https://www.refurbed.de/p/hp-sprocket/
2025-11-30 03:37:20,933 - INFO - Scraping 3915/6851: https://www.refurbed.de/p/hp-sprout-pro-g1/
2025-11-30 03:37:21,230 - ERROR - Error fetching https://www.refurbed.de/p/hp-sprout-pro-g1/: 404 Client Error: Not Found for url: https://www.refurbed.de/p/hp-sprout-pro-g1/
2025-11-30 03:37:22,232 - INFO - Scraping 3916/6851: https://www.refurbed.de/p/hp-stream-11-ak0026na-n4120/
2025-11-30 03:37:23,689 - INFO - Scraping 3917/6851: https://www.refurbed.de/p/hp-stream-11-ak0720ng-n4020/
2025-11-30 03:37:25,128 - INFO - Scraping 3918/6851: https://www.refurbed.de/p/hp-stream-11-pro-g2-n3050/
2025-11-30 03:37:25,386 - ERROR - Error fetching https://www.refurbed.de/p/hp-stream-11-pro-g2-n3050/: 404 Client Error: Not Found for url: https://www.refurbed.de/p/hp-stream-11-pro-g2-n3050/
2025-11-30 03:37:26,388 - INFO - Scraping 3919/6851: https://www.refurbed.de/p/hp-stream-11-pro-g3-n3060/
2025-11-30 03:37:26,672 - ERROR - Error fetching https://www.refurbed.de/p/hp-stream-11-pro-g3-n3060/: 404 Client Error: Not Found for url: https://www.refurbed.de/p/hp-stream-11-pro-g3-n3060/
2025-11-30 03:37:27,674 - INFO - Scraping 3920/6851: https://www.refurbed.de/p/hp-stream-11-pro-g4-n3350/
2025-11-30 03:37:27,937 - ERROR - Error fetching https://www.refurbed.de/p/hp-stream-11-pro-g4-n3350/: 404 Client Error: Not Found for url: https://www.refurbed.de/p/hp-stream-11-pro-g4-n3350/
2025-11-30 03:37:28,940 - INFO - Scraping 3921/6851: https://www.refurbed.de/p/hp-stream-11-pro-g5-n4000/
2025-11-30 03:37:30,374 - INFO - Scraping 3922/6851: https://www.refurbed.de/p/hp-tablet-11-be0014na-n6000/
2025-11-30 03:37:31,773 - INFO - Scraping 3923/6851: https://www.refurbed.de/p/hp-thin-client-y3u71aa/
2025-11-30 03:37:33,208 - INFO - Scraping 3924/6851: https://www.refurbed.de/p/hp-thunderbolt-dock-g2/
2025-11-30 03:37:34,846 - INFO - Scraping 3925/6851: https://www.refurbed.de/p/hp-thunderbolt-dock-g4/
2025-11-30 03:37:36,333 - INFO - Scraping 3926/6851: https://www.refurbed.de/p/hp-tpn-aa03/
2025-11-30 03:37:37,811 - INFO - Scraping 3927/6851: https://www.refurbed.de/p/hp-tpn-da09/
2025-11-30 03:37:39,296 - INFO - Scraping 3928/6851: https://www.refurbed.de/p/hp-tpn-da25/
2025-11-30 03:37:40,772 - INFO - Scraping 3929/6851: https://www.refurbed.de/p/hp-u32-31-5/
2025-11-30 03:37:42,240 - INFO - Scraping 3930/6851: https://www.refurbed.de/p/hp-ultraslim-dock-2013-d9y19av/
2025-11-30 03:37:43,708 - INFO - Scraping 3931/6851: https://www.refurbed.de/p/hp-ultraslim-dock-2013-d9y32aa/
2025-11-30 03:37:45,196 - INFO - Scraping 3932/6851: https://www.refurbed.de/p/hp-universal-usb-c-multiport-hub/
2025-11-30 03:37:46,602 - INFO - Scraping 3933/6851: https://www.refurbed.de/p/hp-usb-c-a-universal-dock-g2/
2025-11-30 03:37:47,985 - INFO - Scraping 3934/6851: https://www.refurbed.de/p/hp-usb-c-dock-g2/
2025-11-30 03:37:49,646 - INFO - Scraping 3935/6851: https://www.refurbed.de/p/hp-usb-c-dock-g3/
2025-11-30 03:37:51,185 - INFO - Scraping 3936/6851: https://www.refurbed.de/p/hp-usb-c-dock-g4/
2025-11-30 03:37:52,638 - INFO - Scraping 3937/6851: https://www.refurbed.de/p/hp-usb-c-dock-g5/
2025-11-30 03:37:54,092 - INFO - Scraping 3938/6851: https://www.refurbed.de/p/hp-usb-c-travel-hub/
2025-11-30 03:37:55,599 - INFO - Scraping 3939/6851: https://www.refurbed.de/p/hp-usb-c-universal-dock-1mk33aa/
2025-11-30 03:37:57,353 - INFO - Scraping 3940/6851: https://www.refurbed.de/p/hp-usb-travel-dock/
2025-11-30 03:37:58,897 - INFO - Scraping 3941/6851: https://www.refurbed.de/p/hp-vg-16-s0018ns-r-7-7840hs/
2025-11-30 03:38:00,294 - INFO - Scraping 3942/6851: https://www.refurbed.de/p/hp-victrus-16-d0039ua-11400h/
2025-11-30 03:38:01,709 - INFO - Scraping 3943/6851: https://www.refurbed.de/p/hp-victrus-16-d0754ng-11400h/
2025-11-30 03:38:03,163 - INFO - Scraping 3944/6851: https://www.refurbed.de/p/hp-victrus-16-e0754ng-5600h/
2025-11-30 03:38:04,597 - INFO - Scraping 3945/6851: https://www.refurbed.de/p/hp-victrus-16-e0802ng-5600h/
2025-11-30 03:38:06,115 - INFO - Scraping 3946/6851: https://www.refurbed.de/p/hp-victrus-16-e0900ng-5600h/
2025-11-30 03:38:07,540 - INFO - Scraping 3947/6851: https://www.refurbed.de/p/hp-victrus-16-e0914ng-5600h/
2025-11-30 03:38:08,958 - INFO - Scraping 3948/6851: https://www.refurbed.de/p/hp-victus-15-fa-12450h-15-6/
2025-11-30 03:38:10,487 - INFO - Scraping 3949/6851: https://www.refurbed.de/p/hp-victus-15-fa-i5-13500h-15-6/
2025-11-30 03:38:11,928 - INFO - Scraping 3950/6851: https://www.refurbed.de/p/hp-victus-15-fa0008nx-i5-12450h/
2025-11-30 03:38:13,535 - INFO - Scraping 3951/6851: https://www.refurbed.de/p/hp-victus-15-fa0093ne-12450h/
2025-11-30 03:38:14,958 - INFO - Scraping 3952/6851: https://www.refurbed.de/p/hp-victus-15-fa0631nc-i5-12450h/
2025-11-30 03:38:16,367 - INFO - Scraping 3953/6851: https://www.refurbed.de/p/hp-victus-15-fa0755ng-i5-12500h/
2025-11-30 03:38:18,015 - INFO - Scraping 3954/6851: https://www.refurbed.de/p/hp-victus-15-fa0999nw-12450h/
2025-11-30 03:38:19,557 - INFO - Scraping 3955/6851: https://www.refurbed.de/p/hp-victus-15-fa1067nt-13420h/
2025-11-30 03:38:20,980 - INFO - Scraping 3956/6851: https://www.refurbed.de/p/hp-victus-15-fa15020nd-i5-12500/
2025-11-30 03:38:22,445 - INFO - Scraping 3957/6851: https://www.refurbed.de/p/hp-victus-15-fa1656ng-13420h/
2025-11-30 03:38:23,920 - INFO - Scraping 3958/6851: https://www.refurbed.de/p/hp-victus-15-fb-r-5-5600h-15-6/
2025-11-30 03:38:25,399 - INFO - Scraping 3959/6851: https://www.refurbed.de/p/hp-victus-15-fb0354ng-r5-5600h/
2025-11-30 03:38:27,006 - INFO - Scraping 3960/6851: https://www.refurbed.de/p/hp-victus-15-fb0354ng-r7-5800h/
2025-11-30 03:38:28,762 - INFO - Scraping 3961/6851: https://www.refurbed.de/p/hp-victus-15l-gaming-tg02/
2025-11-30 03:38:30,195 - INFO - Scraping 3962/6851: https://www.refurbed.de/p/hp-victus-16-d0802ng-11400h/
2025-11-30 03:38:31,590 - INFO - Scraping 3963/6851: https://www.refurbed.de/p/hp-victus-16-d1045nt-i5-12500h/
2025-11-30 03:38:33,163 - INFO - Scraping 3964/6851: https://www.refurbed.de/p/hp-victus-16-e0096ur-7-5800h/
2025-11-30 03:38:34,900 - INFO - Scraping 3965/6851: https://www.refurbed.de/p/hp-victus-16-e0801ng-11400h-16/
2025-11-30 03:38:36,365 - INFO - Scraping 3966/6851: https://www.refurbed.de/p/hp-victus-16-r0008nx-13700h/
2025-11-30 03:38:37,806 - INFO - Scraping 3967/6851: https://www.refurbed.de/p/hp-victus-16-r0175ng-13700h/
2025-11-30 03:38:39,452 - INFO - Scraping 3968/6851: https://www.refurbed.de/p/hp-victus-16-r1001nt-14700hx/
2025-11-30 03:38:40,991 - INFO - Scraping 3969/6851: https://www.refurbed.de/p/hp-victus-16-r1038nt-14700hx/
2025-11-30 03:38:42,440 - INFO - Scraping 3970/6851: https://www.refurbed.de/p/hp-victus-16-s-r-5-7640hs-16-1/
2025-11-30 03:38:43,840 - INFO - Scraping 3971/6851: https://www.refurbed.de/p/hp-victus-16-s0001nv-r-5-7640hs/
2025-11-30 03:38:45,280 - INFO - Scraping 3972/6851: https://www.refurbed.de/p/hp-victus-16-s1-r7-8840h-16-1/
2025-11-30 03:38:46,783 - INFO - Scraping 3973/6851: https://www.refurbed.de/p/hp-victus-gaming-16-r-14700hx/
2025-11-30 03:38:48,249 - INFO - Scraping 3974/6851: https://www.refurbed.de/p/hp-victus-gaming-16-r-i5-13500h/
2025-11-30 03:38:49,641 - INFO - Scraping 3975/6851: https://www.refurbed.de/p/hp-victus-gaming-16-r-i7-13700h/
2025-11-30 03:38:51,069 - INFO - Scraping 3976/6851: https://www.refurbed.de/p/hp-w1972a-18-5/
2025-11-30 03:38:52,455 - INFO - Scraping 3977/6851: https://www.refurbed.de/p/hp-wireless-link-5/
2025-11-30 03:38:53,970 - INFO - Scraping 3978/6851: https://www.refurbed.de/p/hp-wireless-set-t6l04aa/
2025-11-30 03:38:55,413 - INFO - Scraping 3979/6851: https://www.refurbed.de/p/hp-workstation-z400/
2025-11-30 03:38:55,730 - ERROR - Error fetching https://www.refurbed.de/p/hp-workstation-z400/: 404 Client Error: Not Found for url: https://www.refurbed.de/p/hp-workstation-z400/
2025-11-30 03:38:56,732 - INFO - Scraping 3980/6851: https://www.refurbed.de/p/hp-workstation-z6-g4/
2025-11-30 03:38:58,377 - INFO - Scraping 3981/6851: https://www.refurbed.de/p/hp-workstation-z6-g5/
2025-11-30 03:38:59,767 - INFO - Scraping 3982/6851: https://www.refurbed.de/p/hp-workstation-z8-g4/
2025-11-30 03:39:01,267 - INFO - Scraping 3983/6851: https://www.refurbed.de/p/hp-x2-10-p003ng/
2025-11-30 03:39:01,588 - ERROR - Error fetching https://www.refurbed.de/p/hp-x2-10-p003ng/: 404 Client Error: Not Found for url: https://www.refurbed.de/p/hp-x2-10-p003ng/
2025-11-30 03:39:02,591 - INFO - Scraping 3984/6851: https://www.refurbed.de/p/hp-x24ih-23-8/
2025-11-30 03:39:04,251 - INFO - Scraping 3985/6851: https://www.refurbed.de/p/hp-x34-34/
2025-11-30 03:39:05,664 - INFO - Scraping 3986/6851: https://www.refurbed.de/p/hp-x360-1040-g11-7-155h/
2025-11-30 03:39:07,212 - INFO - Scraping 3987/6851: https://www.refurbed.de/p/hp-x360-15-er0077ng-i7-1165g7/
2025-11-30 03:39:08,643 - INFO - Scraping 3988/6851: https://www.refurbed.de/p/hp-x360-310-g2-n3700/
2025-11-30 03:39:08,902 - ERROR - Error fetching https://www.refurbed.de/p/hp-x360-310-g2-n3700/: 404 Client Error: Not Found for url: https://www.refurbed.de/p/hp-x360-310-g2-n3700/
2025-11-30 03:39:09,904 - INFO - Scraping 3989/6851: https://www.refurbed.de/p/hp-z-display-z22n/
2025-11-30 03:39:11,332 - INFO - Scraping 3990/6851: https://www.refurbed.de/p/hp-z-display-z231/
2025-11-30 03:39:12,760 - INFO - Scraping 3991/6851: https://www.refurbed.de/p/hp-z-display-z23i/
2025-11-30 03:39:14,306 - INFO - Scraping 3992/6851: https://www.refurbed.de/p/hp-z-display-zr2440w/
2025-11-30 03:39:15,821 - INFO - Scraping 3993/6851: https://www.refurbed.de/p/hp-z1-entry-tower-g5/
2025-11-30 03:39:17,246 - INFO - Scraping 3994/6851: https://www.refurbed.de/p/hp-z1-entry-tower-g6/
2025-11-30 03:39:18,662 - INFO - Scraping 3995/6851: https://www.refurbed.de/p/hp-z1-g8/
2025-11-30 03:39:18,922 - ERROR - Error fetching https://www.refurbed.de/p/hp-z1-g8/: 404 Client Error: Not Found for url: https://www.refurbed.de/p/hp-z1-g8/
2025-11-30 03:39:19,924 - INFO - Scraping 3996/6851: https://www.refurbed.de/p/hp-z1-g9-tower-workstation/
2025-11-30 03:39:20,227 - ERROR - Error fetching https://www.refurbed.de/p/hp-z1-g9-tower-workstation/: 404 Client Error: Not Found for url: https://www.refurbed.de/p/hp-z1-g9-tower-workstation/
2025-11-30 03:39:21,229 - INFO - Scraping 3997/6851: https://www.refurbed.de/p/hp-z2-g5/
2025-11-30 03:39:22,715 - INFO - Scraping 3998/6851: https://www.refurbed.de/p/hp-z2-mini-g3/
2025-11-30 03:39:22,984 - ERROR - Error fetching https://www.refurbed.de/p/hp-z2-mini-g3/: 404 Client Error: Not Found for url: https://www.refurbed.de/p/hp-z2-mini-g3/
2025-11-30 03:39:23,986 - INFO - Scraping 3999/6851: https://www.refurbed.de/p/hp-z2-mini-g4/
2025-11-30 03:39:25,635 - INFO - Scraping 4000/6851: https://www.refurbed.de/p/hp-z2-mini-g5/
2025-11-30 03:39:27,054 - INFO - Scraping 4001/6851: https://www.refurbed.de/p/hp-z2-mini-g9/
2025-11-30 03:39:28,564 - INFO - Scraping 4002/6851: https://www.refurbed.de/p/hp-z2-sff-g4-workstation/
2025-11-30 03:39:30,224 - INFO - Scraping 4003/6851: https://www.refurbed.de/p/hp-z2-sff-g5-workstation/
2025-11-30 03:39:31,770 - INFO - Scraping 4004/6851: https://www.refurbed.de/p/hp-z2-sff-g9-workstation/
2025-11-30 03:39:32,025 - ERROR - Error fetching https://www.refurbed.de/p/hp-z2-sff-g9-workstation/: 404 Client Error: Not Found for url: https://www.refurbed.de/p/hp-z2-sff-g9-workstation/
2025-11-30 03:39:33,027 - INFO - Scraping 4005/6851: https://www.refurbed.de/p/hp-z2-tower-g4/
2025-11-30 03:39:34,655 - INFO - Scraping 4006/6851: https://www.refurbed.de/p/hp-z2-tower-g5/
2025-11-30 03:39:36,167 - INFO - Scraping 4007/6851: https://www.refurbed.de/p/hp-z2-tower-g9-workstation/
2025-11-30 03:39:37,540 - INFO - Scraping 4008/6851: https://www.refurbed.de/p/hp-z210-cmt-workstation-intel-co/
2025-11-30 03:39:37,824 - ERROR - Error fetching https://www.refurbed.de/p/hp-z210-cmt-workstation-intel-co/: 404 Client Error: Not Found for url: https://www.refurbed.de/p/hp-z210-cmt-workstation-intel-co/
2025-11-30 03:39:38,826 - INFO - Scraping 4009/6851: https://www.refurbed.de/p/hp-z210-workstation-xeon-e3/
2025-11-30 03:39:39,083 - ERROR - Error fetching https://www.refurbed.de/p/hp-z210-workstation-xeon-e3/: 404 Client Error: Not Found for url: https://www.refurbed.de/p/hp-z210-workstation-xeon-e3/
2025-11-30 03:39:40,086 - INFO - Scraping 4010/6851: https://www.refurbed.de/p/hp-z220-workstation-xeon-e3/
2025-11-30 03:39:40,389 - ERROR - Error fetching https://www.refurbed.de/p/hp-z220-workstation-xeon-e3/: 404 Client Error: Not Found for url: https://www.refurbed.de/p/hp-z220-workstation-xeon-e3/
2025-11-30 03:39:41,391 - INFO - Scraping 4011/6851: https://www.refurbed.de/p/hp-z22i/
2025-11-30 03:39:43,076 - INFO - Scraping 4012/6851: https://www.refurbed.de/p/hp-z22n-21-5/
2025-11-30 03:39:44,583 - INFO - Scraping 4013/6851: https://www.refurbed.de/p/hp-z22n-g2-21-5/
2025-11-30 03:39:46,057 - INFO - Scraping 4014/6851: https://www.refurbed.de/p/hp-z230-mt-workstation-i7-4790-n/
2025-11-30 03:39:46,403 - ERROR - Error fetching https://www.refurbed.de/p/hp-z230-mt-workstation-i7-4790-n/: 404 Client Error: Not Found for url: https://www.refurbed.de/p/hp-z230-mt-workstation-i7-4790-n/
2025-11-30 03:39:47,405 - INFO - Scraping 4015/6851: https://www.refurbed.de/p/hp-z230-mt-workstation/
2025-11-30 03:39:47,737 - ERROR - Error fetching https://www.refurbed.de/p/hp-z230-mt-workstation/: 404 Client Error: Not Found for url: https://www.refurbed.de/p/hp-z230-mt-workstation/
2025-11-30 03:39:48,740 - INFO - Scraping 4016/6851: https://www.refurbed.de/p/hp-z230-sff-workstation-intel-co/
2025-11-30 03:39:49,025 - ERROR - Error fetching https://www.refurbed.de/p/hp-z230-sff-workstation-intel-co/: 404 Client Error: Not Found for url: https://www.refurbed.de/p/hp-z230-sff-workstation-intel-co/
2025-11-30 03:39:50,027 - INFO - Scraping 4017/6851: https://www.refurbed.de/p/hp-z230-sff-workstation/
2025-11-30 03:39:50,332 - ERROR - Error fetching https://www.refurbed.de/p/hp-z230-sff-workstation/: 404 Client Error: Not Found for url: https://www.refurbed.de/p/hp-z230-sff-workstation/
2025-11-30 03:39:51,334 - INFO - Scraping 4018/6851: https://www.refurbed.de/p/hp-z23n-23/
2025-11-30 03:39:52,824 - INFO - Scraping 4019/6851: https://www.refurbed.de/p/hp-z23n-g2-23/
2025-11-30 03:39:54,355 - INFO - Scraping 4020/6851: https://www.refurbed.de/p/hp-z240-cmt-workstation-intel-co/
2025-11-30 03:39:54,663 - ERROR - Error fetching https://www.refurbed.de/p/hp-z240-cmt-workstation-intel-co/: 404 Client Error: Not Found for url: https://www.refurbed.de/p/hp-z240-cmt-workstation-intel-co/
2025-11-30 03:39:55,665 - INFO - Scraping 4021/6851: https://www.refurbed.de/p/hp-z240-sff-6000er/
2025-11-30 03:39:56,008 - ERROR - Error fetching https://www.refurbed.de/p/hp-z240-sff-6000er/: 404 Client Error: Not Found for url: https://www.refurbed.de/p/hp-z240-sff-6000er/
2025-11-30 03:39:57,010 - INFO - Scraping 4022/6851: https://www.refurbed.de/p/hp-z24f-g3/
2025-11-30 03:39:58,565 - INFO - Scraping 4023/6851: https://www.refurbed.de/p/hp-z24i-g2/
2025-11-30 03:40:00,113 - INFO - Scraping 4024/6851: https://www.refurbed.de/p/hp-z24i/
2025-11-30 03:40:01,630 - INFO - Scraping 4025/6851: https://www.refurbed.de/p/hp-z24m-g3/
2025-11-30 03:40:03,539 - INFO - Scraping 4026/6851: https://www.refurbed.de/p/hp-z24n-g2/
2025-11-30 03:40:05,124 - INFO - Scraping 4027/6851: https://www.refurbed.de/p/hp-z24n-g3/
2025-11-30 03:40:06,667 - INFO - Scraping 4028/6851: https://www.refurbed.de/p/hp-z24n/
2025-11-30 03:40:08,273 - INFO - Scraping 4029/6851: https://www.refurbed.de/p/hp-z24nf-g2/
2025-11-30 03:40:09,893 - INFO - Scraping 4030/6851: https://www.refurbed.de/p/hp-z24u-g3/
2025-11-30 03:40:11,296 - INFO - Scraping 4031/6851: https://www.refurbed.de/p/hp-z25xs-g3-25/
2025-11-30 03:40:12,766 - INFO - Scraping 4032/6851: https://www.refurbed.de/p/hp-z27-27/
2025-11-30 03:40:14,752 - INFO - Scraping 4033/6851: https://www.refurbed.de/p/hp-z27i-27/
2025-11-30 03:40:16,142 - INFO - Scraping 4034/6851: https://www.refurbed.de/p/hp-z27k-g3/
2025-11-30 03:40:17,568 - INFO - Scraping 4035/6851: https://www.refurbed.de/p/hp-z27n-27/
2025-11-30 03:40:19,000 - INFO - Scraping 4036/6851: https://www.refurbed.de/p/hp-z27n-g2-27/
2025-11-30 03:40:20,448 - INFO - Scraping 4037/6851: https://www.refurbed.de/p/hp-z27q-g3/
2025-11-30 03:40:21,951 - INFO - Scraping 4038/6851: https://www.refurbed.de/p/hp-z27u-g3-27/
2025-11-30 03:40:23,382 - INFO - Scraping 4039/6851: https://www.refurbed.de/p/hp-z27xs-g3/
2025-11-30 03:40:24,909 - INFO - Scraping 4040/6851: https://www.refurbed.de/p/hp-z30i-30/
2025-11-30 03:40:26,302 - INFO - Scraping 4041/6851: https://www.refurbed.de/p/hp-z32-31-5/
2025-11-30 03:40:27,738 - INFO - Scraping 4042/6851: https://www.refurbed.de/p/hp-z38c-37-5/
2025-11-30 03:40:29,131 - INFO - Scraping 4043/6851: https://www.refurbed.de/p/hp-z4-g4/
2025-11-30 03:40:30,791 - INFO - Scraping 4044/6851: https://www.refurbed.de/p/hp-z40c-g3/
2025-11-30 03:40:32,183 - INFO - Scraping 4045/6851: https://www.refurbed.de/p/hp-z420-workstation-e5-1650v2-nv/
2025-11-30 03:40:32,447 - ERROR - Error fetching https://www.refurbed.de/p/hp-z420-workstation-e5-1650v2-nv/: 404 Client Error: Not Found for url: https://www.refurbed.de/p/hp-z420-workstation-e5-1650v2-nv/
2025-11-30 03:40:33,449 - INFO - Scraping 4046/6851: https://www.refurbed.de/p/hp-z420-workstation-e5-2630l-nvi/
2025-11-30 03:40:33,726 - ERROR - Error fetching https://www.refurbed.de/p/hp-z420-workstation-e5-2630l-nvi/: 404 Client Error: Not Found for url: https://www.refurbed.de/p/hp-z420-workstation-e5-2630l-nvi/
2025-11-30 03:40:34,728 - INFO - Scraping 4047/6851: https://www.refurbed.de/p/hp-z420-workstation-xeon-e5/
2025-11-30 03:40:34,996 - ERROR - Error fetching https://www.refurbed.de/p/hp-z420-workstation-xeon-e5/: 404 Client Error: Not Found for url: https://www.refurbed.de/p/hp-z420-workstation-xeon-e5/
2025-11-30 03:40:35,998 - INFO - Scraping 4048/6851: https://www.refurbed.de/p/hp-z43/
2025-11-30 03:40:37,419 - INFO - Scraping 4049/6851: https://www.refurbed.de/p/hp-z440-workstation-e5-1650-v3-n/
2025-11-30 03:40:37,699 - ERROR - Error fetching https://www.refurbed.de/p/hp-z440-workstation-e5-1650-v3-n/: 404 Client Error: Not Found for url: https://www.refurbed.de/p/hp-z440-workstation-e5-1650-v3-n/
2025-11-30 03:40:38,701 - INFO - Scraping 4050/6851: https://www.refurbed.de/p/hp-z440-workstation-intel-xeon-e/
2025-11-30 03:40:38,970 - ERROR - Error fetching https://www.refurbed.de/p/hp-z440-workstation-intel-xeon-e/: 404 Client Error: Not Found for url: https://www.refurbed.de/p/hp-z440-workstation-intel-xeon-e/
2025-11-30 03:40:39,972 - INFO - Scraping 4051/6851: https://www.refurbed.de/p/hp-z600-workstation-2-x-xeon-e55/
2025-11-30 03:40:40,236 - ERROR - Error fetching https://www.refurbed.de/p/hp-z600-workstation-2-x-xeon-e55/: 404 Client Error: Not Found for url: https://www.refurbed.de/p/hp-z600-workstation-2-x-xeon-e55/
2025-11-30 03:40:41,238 - INFO - Scraping 4052/6851: https://www.refurbed.de/p/hp-z620-workstation-xeon-e5/
2025-11-30 03:40:41,681 - ERROR - Error fetching https://www.refurbed.de/p/hp-z620-workstation-xeon-e5/: 404 Client Error: Not Found for url: https://www.refurbed.de/p/hp-z620-workstation-xeon-e5/
2025-11-30 03:40:42,683 - INFO - Scraping 4053/6851: https://www.refurbed.de/p/hp-z640-workstation-xeon-e5/
2025-11-30 03:40:42,981 - ERROR - Error fetching https://www.refurbed.de/p/hp-z640-workstation-xeon-e5/: 404 Client Error: Not Found for url: https://www.refurbed.de/p/hp-z640-workstation-xeon-e5/
2025-11-30 03:40:43,983 - INFO - Scraping 4054/6851: https://www.refurbed.de/p/hp-z800-workstation/
2025-11-30 03:40:44,278 - ERROR - Error fetching https://www.refurbed.de/p/hp-z800-workstation/: 404 Client Error: Not Found for url: https://www.refurbed.de/p/hp-z800-workstation/
2025-11-30 03:40:45,280 - INFO - Scraping 4055/6851: https://www.refurbed.de/p/hp-z820-2x-e5-2640/
2025-11-30 03:40:45,553 - ERROR - Error fetching https://www.refurbed.de/p/hp-z820-2x-e5-2640/: 404 Client Error: Not Found for url: https://www.refurbed.de/p/hp-z820-2x-e5-2640/
2025-11-30 03:40:46,556 - INFO - Scraping 4056/6851: https://www.refurbed.de/p/hp-z820-workstation-xeon-e5/
2025-11-30 03:40:46,932 - ERROR - Error fetching https://www.refurbed.de/p/hp-z820-workstation-xeon-e5/: 404 Client Error: Not Found for url: https://www.refurbed.de/p/hp-z820-workstation-xeon-e5/
2025-11-30 03:40:47,934 - INFO - Scraping 4057/6851: https://www.refurbed.de/p/hp-z840-workstation-xeon-e5/
2025-11-30 03:40:48,394 - ERROR - Error fetching https://www.refurbed.de/p/hp-z840-workstation-xeon-e5/: 404 Client Error: Not Found for url: https://www.refurbed.de/p/hp-z840-workstation-xeon-e5/
2025-11-30 03:40:49,396 - INFO - Scraping 4058/6851: https://www.refurbed.de/p/hp-zbk-15-g5-xeon-e-2186m-15-6/
2025-11-30 03:40:50,892 - INFO - Scraping 4059/6851: https://www.refurbed.de/p/hp-zbk-15g4-7300hq/
2025-11-30 03:40:51,367 - ERROR - Error fetching https://www.refurbed.de/p/hp-zbk-15g4-7300hq/: 404 Client Error: Not Found for url: https://www.refurbed.de/p/hp-zbk-15g4-7300hq/
2025-11-30 03:40:52,370 - INFO - Scraping 4060/6851: https://www.refurbed.de/p/hp-zbk-15g4-7440hq/
2025-11-30 03:40:53,159 - ERROR - Error fetching https://www.refurbed.de/p/hp-zbk-15g4-7440hq/: 404 Client Error: Not Found for url: https://www.refurbed.de/p/hp-zbk-15g4-7440hq/
2025-11-30 03:40:54,161 - INFO - Scraping 4061/6851: https://www.refurbed.de/p/hp-zbk-15g4-7700hq/
2025-11-30 03:40:54,815 - ERROR - Error fetching https://www.refurbed.de/p/hp-zbk-15g4-7700hq/: 404 Client Error: Not Found for url: https://www.refurbed.de/p/hp-zbk-15g4-7700hq/
2025-11-30 03:40:55,817 - INFO - Scraping 4062/6851: https://www.refurbed.de/p/hp-zbk-15g4-7820hq/
2025-11-30 03:40:57,642 - INFO - Scraping 4063/6851: https://www.refurbed.de/p/hp-zbk-15g5-8850h-15/
2025-11-30 03:40:59,771 - INFO - Scraping 4064/6851: https://www.refurbed.de/p/hp-zbk-15g5-xeon-e-2176m/
2025-11-30 03:41:01,186 - INFO - Scraping 4065/6851: https://www.refurbed.de/p/hp-zbook-14-firefly-g7-10610u/
2025-11-30 03:41:02,737 - INFO - Scraping 4066/6851: https://www.refurbed.de/p/hp-zbook-14-firefly-g7-i5-10210u/
2025-11-30 03:41:04,414 - INFO - Scraping 4067/6851: https://www.refurbed.de/p/hp-zbook-14-firefly-g7-i5-10310u/
2025-11-30 03:41:06,001 - INFO - Scraping 4068/6851: https://www.refurbed.de/p/hp-zbook-14-firefly-g7-i5-1135g7/
2025-11-30 03:41:07,499 - INFO - Scraping 4069/6851: https://www.refurbed.de/p/hp-zbook-14-firefly-g8-1185g7-14/
2025-11-30 03:41:08,919 - INFO - Scraping 4070/6851: https://www.refurbed.de/p/hp-zbook-14-firefly-g8-i5-1135g7/
2025-11-30 03:41:10,512 - INFO - Scraping 4071/6851: https://www.refurbed.de/p/hp-zbook-14-firefly-g8-i5-1145g7/
2025-11-30 03:41:12,025 - INFO - Scraping 4072/6851: https://www.refurbed.de/p/hp-zbook-14-firefly-g9-i5-1235u/
2025-11-30 03:41:13,528 - INFO - Scraping 4073/6851: https://www.refurbed.de/p/hp-zbook-14-firefly-g9-i7-1260p/
2025-11-30 03:41:14,965 - INFO - Scraping 4074/6851: https://www.refurbed.de/p/hp-zbook-14-firefly-i7-1165g7-14/
2025-11-30 03:41:16,484 - INFO - Scraping 4075/6851: https://www.refurbed.de/p/hp-zbook-14-g1-4600u/
2025-11-30 03:41:16,760 - ERROR - Error fetching https://www.refurbed.de/p/hp-zbook-14-g1-4600u/: 404 Client Error: Not Found for url: https://www.refurbed.de/p/hp-zbook-14-g1-4600u/
2025-11-30 03:41:17,763 - INFO - Scraping 4076/6851: https://www.refurbed.de/p/hp-zbook-14-g2-5600u/
2025-11-30 03:41:18,024 - ERROR - Error fetching https://www.refurbed.de/p/hp-zbook-14-g2-5600u/: 404 Client Error: Not Found for url: https://www.refurbed.de/p/hp-zbook-14-g2-5600u/
2025-11-30 03:41:19,026 - INFO - Scraping 4077/6851: https://www.refurbed.de/p/hp-zbook-14-g2-i7-5500u/
2025-11-30 03:41:19,299 - ERROR - Error fetching https://www.refurbed.de/p/hp-zbook-14-g2-i7-5500u/: 404 Client Error: Not Found for url: https://www.refurbed.de/p/hp-zbook-14-g2-i7-5500u/
2025-11-30 03:41:20,301 - INFO - Scraping 4078/6851: https://www.refurbed.de/p/hp-zbook-14-u-g5-i5-7200u-14/
2025-11-30 03:41:20,598 - ERROR - Error fetching https://www.refurbed.de/p/hp-zbook-14-u-g5-i5-7200u-14/: 404 Client Error: Not Found for url: https://www.refurbed.de/p/hp-zbook-14-u-g5-i5-7200u-14/
2025-11-30 03:41:21,600 - INFO - Scraping 4079/6851: https://www.refurbed.de/p/hp-zbook-14-u-g5-i5-7300u-14/
2025-11-30 03:41:21,876 - ERROR - Error fetching https://www.refurbed.de/p/hp-zbook-14-u-g5-i5-7300u-14/: 404 Client Error: Not Found for url: https://www.refurbed.de/p/hp-zbook-14-u-g5-i5-7300u-14/
2025-11-30 03:41:22,878 - INFO - Scraping 4080/6851: https://www.refurbed.de/p/hp-zbook-14-u-g5-i5-8350u-14/
2025-11-30 03:41:24,492 - INFO - Scraping 4081/6851: https://www.refurbed.de/p/hp-zbook-14-u-g5-i7-8550u-14/
2025-11-30 03:41:26,002 - INFO - Scraping 4082/6851: https://www.refurbed.de/p/hp-zbook-14-u-g5-i7-8650u-14/
2025-11-30 03:41:27,534 - INFO - Scraping 4083/6851: https://www.refurbed.de/p/hp-zbook-14u-g4-i7-7500u-14/
2025-11-30 03:41:27,806 - ERROR - Error fetching https://www.refurbed.de/p/hp-zbook-14u-g4-i7-7500u-14/: 404 Client Error: Not Found for url: https://www.refurbed.de/p/hp-zbook-14u-g4-i7-7500u-14/
2025-11-30 03:41:28,808 - INFO - Scraping 4084/6851: https://www.refurbed.de/p/hp-zbook-14u-g6-i7-8565u-14/
2025-11-30 03:41:30,213 - INFO - Scraping 4085/6851: https://www.refurbed.de/p/hp-zbook-14u-g6-i7-8665u-14/
2025-11-30 03:41:31,826 - INFO - Scraping 4086/6851: https://www.refurbed.de/p/hp-zbook-15-firefly-g8-1185g7-15/
2025-11-30 03:41:33,343 - INFO - Scraping 4087/6851: https://www.refurbed.de/p/hp-zbook-15-g2-i5-4340m/
2025-11-30 03:41:33,612 - ERROR - Error fetching https://www.refurbed.de/p/hp-zbook-15-g2-i5-4340m/: 404 Client Error: Not Found for url: https://www.refurbed.de/p/hp-zbook-15-g2-i5-4340m/
2025-11-30 03:41:34,614 - INFO - Scraping 4088/6851: https://www.refurbed.de/p/hp-zbook-15-g2-i7-4700mq-15-6/
2025-11-30 03:41:34,874 - ERROR - Error fetching https://www.refurbed.de/p/hp-zbook-15-g2-i7-4700mq-15-6/: 404 Client Error: Not Found for url: https://www.refurbed.de/p/hp-zbook-15-g2-i7-4700mq-15-6/
2025-11-30 03:41:35,877 - INFO - Scraping 4089/6851: https://www.refurbed.de/p/hp-zbook-15-g2-i7-4710mq-15-6/
2025-11-30 03:41:36,202 - ERROR - Error fetching https://www.refurbed.de/p/hp-zbook-15-g2-i7-4710mq-15-6/: 404 Client Error: Not Found for url: https://www.refurbed.de/p/hp-zbook-15-g2-i7-4710mq-15-6/
2025-11-30 03:41:37,205 - INFO - Scraping 4090/6851: https://www.refurbed.de/p/hp-zbook-15-g2-i7-4800mq-15-6/
2025-11-30 03:41:37,502 - ERROR - Error fetching https://www.refurbed.de/p/hp-zbook-15-g2-i7-4800mq-15-6/: 404 Client Error: Not Found for url: https://www.refurbed.de/p/hp-zbook-15-g2-i7-4800mq-15-6/
2025-11-30 03:41:38,504 - INFO - Scraping 4091/6851: https://www.refurbed.de/p/hp-zbook-15-g2-i7-4810mq-15-6/
2025-11-30 03:41:38,939 - ERROR - Error fetching https://www.refurbed.de/p/hp-zbook-15-g2-i7-4810mq-15-6/: 404 Client Error: Not Found for url: https://www.refurbed.de/p/hp-zbook-15-g2-i7-4810mq-15-6/
2025-11-30 03:41:39,941 - INFO - Scraping 4092/6851: https://www.refurbed.de/p/hp-zbook-15-g3-6440hq/
2025-11-30 03:41:40,201 - ERROR - Error fetching https://www.refurbed.de/p/hp-zbook-15-g3-6440hq/: 404 Client Error: Not Found for url: https://www.refurbed.de/p/hp-zbook-15-g3-6440hq/
2025-11-30 03:41:41,204 - INFO - Scraping 4093/6851: https://www.refurbed.de/p/hp-zbook-15-g3-6700hq/
2025-11-30 03:41:41,472 - ERROR - Error fetching https://www.refurbed.de/p/hp-zbook-15-g3-6700hq/: 404 Client Error: Not Found for url: https://www.refurbed.de/p/hp-zbook-15-g3-6700hq/
2025-11-30 03:41:42,475 - INFO - Scraping 4094/6851: https://www.refurbed.de/p/hp-zbook-15-g3-i7-6820hq-15-6/
2025-11-30 03:41:42,807 - ERROR - Error fetching https://www.refurbed.de/p/hp-zbook-15-g3-i7-6820hq-15-6/: 404 Client Error: Not Found for url: https://www.refurbed.de/p/hp-zbook-15-g3-i7-6820hq-15-6/
2025-11-30 03:41:43,809 - INFO - Scraping 4095/6851: https://www.refurbed.de/p/hp-zbook-15-g4-xeon-e3-1535m-v6/
2025-11-30 03:41:44,325 - ERROR - Error fetching https://www.refurbed.de/p/hp-zbook-15-g4-xeon-e3-1535m-v6/: 404 Client Error: Not Found for url: https://www.refurbed.de/p/hp-zbook-15-g4-xeon-e3-1535m-v6/
2025-11-30 03:41:45,328 - INFO - Scraping 4096/6851: https://www.refurbed.de/p/hp-zbook-15-g5-8750h-15-6/
2025-11-30 03:41:46,969 - INFO - Scraping 4097/6851: https://www.refurbed.de/p/hp-zbook-15-g5-i9-8950hk/
2025-11-30 03:41:48,378 - INFO - Scraping 4098/6851: https://www.refurbed.de/p/hp-zbook-15-g6-9880h-15-6/
2025-11-30 03:41:49,959 - INFO - Scraping 4099/6851: https://www.refurbed.de/p/hp-zbook-15-g6-i5-9400h-15-6/
2025-11-30 03:41:51,377 - INFO - Scraping 4100/6851: https://www.refurbed.de/p/hp-zbook-15-g6-i7-9750h/
2025-11-30 03:41:52,805 - INFO - Scraping 4101/6851: https://www.refurbed.de/p/hp-zbook-15-g6-i7-9850h/
2025-11-30 03:41:54,615 - INFO - Scraping 4102/6851: https://www.refurbed.de/p/hp-zbook-15-g6-xeon-e-2286m/
2025-11-30 03:41:56,138 - INFO - Scraping 4103/6851: https://www.refurbed.de/p/hp-zbook-15-g8-fury-i7-11800h-15/
2025-11-30 03:41:57,804 - INFO - Scraping 4104/6851: https://www.refurbed.de/p/hp-zbook-15-i7-15-6/
2025-11-30 03:41:58,096 - ERROR - Error fetching https://www.refurbed.de/p/hp-zbook-15-i7-15-6/: 404 Client Error: Not Found for url: https://www.refurbed.de/p/hp-zbook-15-i7-15-6/
2025-11-30 03:41:59,098 - INFO - Scraping 4105/6851: https://www.refurbed.de/p/hp-zbook-15-i7-4600m-156/
2025-11-30 03:41:59,357 - ERROR - Error fetching https://www.refurbed.de/p/hp-zbook-15-i7-4600m-156/: 404 Client Error: Not Found for url: https://www.refurbed.de/p/hp-zbook-15-i7-4600m-156/
2025-11-30 03:42:00,359 - INFO - Scraping 4106/6851: https://www.refurbed.de/p/hp-zbook-15-i7-4700mq-156/
2025-11-30 03:42:00,632 - ERROR - Error fetching https://www.refurbed.de/p/hp-zbook-15-i7-4700mq-156/: 404 Client Error: Not Found for url: https://www.refurbed.de/p/hp-zbook-15-i7-4700mq-156/
2025-11-30 03:42:01,634 - INFO - Scraping 4107/6851: https://www.refurbed.de/p/hp-zbook-15-i7-4700mq/
2025-11-30 03:42:01,935 - ERROR - Error fetching https://www.refurbed.de/p/hp-zbook-15-i7-4700mq/: 404 Client Error: Not Found for url: https://www.refurbed.de/p/hp-zbook-15-i7-4700mq/
2025-11-30 03:42:02,937 - INFO - Scraping 4108/6851: https://www.refurbed.de/p/hp-zbook-15-i7-4900mq/
2025-11-30 03:42:03,195 - ERROR - Error fetching https://www.refurbed.de/p/hp-zbook-15-i7-4900mq/: 404 Client Error: Not Found for url: https://www.refurbed.de/p/hp-zbook-15-i7-4900mq/
2025-11-30 03:42:04,198 - INFO - Scraping 4109/6851: https://www.refurbed.de/p/hp-zbook-15u-g2-i7-5600u/
2025-11-30 03:42:04,479 - ERROR - Error fetching https://www.refurbed.de/p/hp-zbook-15u-g2-i7-5600u/: 404 Client Error: Not Found for url: https://www.refurbed.de/p/hp-zbook-15u-g2-i7-5600u/
2025-11-30 03:42:05,482 - INFO - Scraping 4110/6851: https://www.refurbed.de/p/hp-zbook-15u-g3-i7-6500u/
2025-11-30 03:42:05,918 - ERROR - Error fetching https://www.refurbed.de/p/hp-zbook-15u-g3-i7-6500u/: 404 Client Error: Not Found for url: https://www.refurbed.de/p/hp-zbook-15u-g3-i7-6500u/
2025-11-30 03:42:06,920 - INFO - Scraping 4111/6851: https://www.refurbed.de/p/hp-zbook-15u-g3-i7-6600u/
2025-11-30 03:42:07,187 - ERROR - Error fetching https://www.refurbed.de/p/hp-zbook-15u-g3-i7-6600u/: 404 Client Error: Not Found for url: https://www.refurbed.de/p/hp-zbook-15u-g3-i7-6600u/
2025-11-30 03:42:08,188 - INFO - Scraping 4112/6851: https://www.refurbed.de/p/hp-zbook-15u-g3-i7-7500u/
2025-11-30 03:42:08,492 - ERROR - Error fetching https://www.refurbed.de/p/hp-zbook-15u-g3-i7-7500u/: 404 Client Error: Not Found for url: https://www.refurbed.de/p/hp-zbook-15u-g3-i7-7500u/
2025-11-30 03:42:09,494 - INFO - Scraping 4113/6851: https://www.refurbed.de/p/hp-zbook-15u-g4-7500u/
2025-11-30 03:42:09,848 - ERROR - Error fetching https://www.refurbed.de/p/hp-zbook-15u-g4-7500u/: 404 Client Error: Not Found for url: https://www.refurbed.de/p/hp-zbook-15u-g4-7500u/
2025-11-30 03:42:10,850 - INFO - Scraping 4114/6851: https://www.refurbed.de/p/hp-zbook-15u-g5-8550u-15-6/
2025-11-30 03:42:12,450 - INFO - Scraping 4115/6851: https://www.refurbed.de/p/hp-zbook-15u-g5-8650u-15-6/
2025-11-30 03:42:13,973 - INFO - Scraping 4116/6851: https://www.refurbed.de/p/hp-zbook-15u-g6-8565u-15-6/
2025-11-30 03:42:15,548 - INFO - Scraping 4117/6851: https://www.refurbed.de/p/hp-zbook-15u-g6-i7-8665u/
2025-11-30 03:42:17,057 - INFO - Scraping 4118/6851: https://www.refurbed.de/p/hp-zbook-15v-g5-8850h-15-6/
2025-11-30 03:42:18,739 - INFO - Scraping 4119/6851: https://www.refurbed.de/p/hp-zbook-15v-g5-9750h/
2025-11-30 03:42:20,469 - INFO - Scraping 4120/6851: https://www.refurbed.de/p/hp-zbook-15v-g5-i5-8300h/
2025-11-30 03:42:21,923 - INFO - Scraping 4121/6851: https://www.refurbed.de/p/hp-zbook-17-3-g1-i7-4600m/
2025-11-30 03:42:22,189 - ERROR - Error fetching https://www.refurbed.de/p/hp-zbook-17-3-g1-i7-4600m/: 404 Client Error: Not Found for url: https://www.refurbed.de/p/hp-zbook-17-3-g1-i7-4600m/
2025-11-30 03:42:23,191 - INFO - Scraping 4122/6851: https://www.refurbed.de/p/hp-zbook-17-fury-i9-11900h-17/
2025-11-30 03:42:24,749 - INFO - Scraping 4123/6851: https://www.refurbed.de/p/hp-zbook-17-g1-i7-4800mq/
2025-11-30 03:42:25,023 - ERROR - Error fetching https://www.refurbed.de/p/hp-zbook-17-g1-i7-4800mq/: 404 Client Error: Not Found for url: https://www.refurbed.de/p/hp-zbook-17-g1-i7-4800mq/
2025-11-30 03:42:26,025 - INFO - Scraping 4124/6851: https://www.refurbed.de/p/hp-zbook-17-g1-i7-4900mq/
2025-11-30 03:42:26,281 - ERROR - Error fetching https://www.refurbed.de/p/hp-zbook-17-g1-i7-4900mq/: 404 Client Error: Not Found for url: https://www.refurbed.de/p/hp-zbook-17-g1-i7-4900mq/
2025-11-30 03:42:27,283 - INFO - Scraping 4125/6851: https://www.refurbed.de/p/hp-zbook-17-g2-i5-4340m-17/
2025-11-30 03:42:27,568 - ERROR - Error fetching https://www.refurbed.de/p/hp-zbook-17-g2-i5-4340m-17/: 404 Client Error: Not Found for url: https://www.refurbed.de/p/hp-zbook-17-g2-i5-4340m-17/
2025-11-30 03:42:28,570 - INFO - Scraping 4126/6851: https://www.refurbed.de/p/hp-zbook-17-g2-i7-4700mq/
2025-11-30 03:42:29,085 - ERROR - Error fetching https://www.refurbed.de/p/hp-zbook-17-g2-i7-4700mq/: 404 Client Error: Not Found for url: https://www.refurbed.de/p/hp-zbook-17-g2-i7-4700mq/
2025-11-30 03:42:30,088 - INFO - Scraping 4127/6851: https://www.refurbed.de/p/hp-zbook-17-g3-1535m-v5/
2025-11-30 03:42:30,478 - ERROR - Error fetching https://www.refurbed.de/p/hp-zbook-17-g3-1535m-v5/: 404 Client Error: Not Found for url: https://www.refurbed.de/p/hp-zbook-17-g3-1535m-v5/
2025-11-30 03:42:31,480 - INFO - Scraping 4128/6851: https://www.refurbed.de/p/hp-zbook-17-g3-6440hq/
2025-11-30 03:42:31,770 - ERROR - Error fetching https://www.refurbed.de/p/hp-zbook-17-g3-6440hq/: 404 Client Error: Not Found for url: https://www.refurbed.de/p/hp-zbook-17-g3-6440hq/
2025-11-30 03:42:32,772 - INFO - Scraping 4129/6851: https://www.refurbed.de/p/hp-zbook-17-g3-6700hq/
2025-11-30 03:42:33,037 - ERROR - Error fetching https://www.refurbed.de/p/hp-zbook-17-g3-6700hq/: 404 Client Error: Not Found for url: https://www.refurbed.de/p/hp-zbook-17-g3-6700hq/
2025-11-30 03:42:34,040 - INFO - Scraping 4130/6851: https://www.refurbed.de/p/hp-zbook-17-g3-6820hq/
2025-11-30 03:42:34,329 - ERROR - Error fetching https://www.refurbed.de/p/hp-zbook-17-g3-6820hq/: 404 Client Error: Not Found for url: https://www.refurbed.de/p/hp-zbook-17-g3-6820hq/
2025-11-30 03:42:35,332 - INFO - Scraping 4131/6851: https://www.refurbed.de/p/hp-zbook-17-g3-7820hq/
2025-11-30 03:42:36,748 - INFO - Scraping 4132/6851: https://www.refurbed.de/p/hp-zbook-17-g4-7820hq/
2025-11-30 03:42:38,168 - INFO - Scraping 4133/6851: https://www.refurbed.de/p/hp-zbook-17-g4-i7-7700hq/
2025-11-30 03:42:38,439 - ERROR - Error fetching https://www.refurbed.de/p/hp-zbook-17-g4-i7-7700hq/: 404 Client Error: Not Found for url: https://www.refurbed.de/p/hp-zbook-17-g4-i7-7700hq/
2025-11-30 03:42:39,441 - INFO - Scraping 4134/6851: https://www.refurbed.de/p/hp-zbook-17-g4-xeon-e3-1535m-v6/
2025-11-30 03:42:39,713 - ERROR - Error fetching https://www.refurbed.de/p/hp-zbook-17-g4-xeon-e3-1535m-v6/: 404 Client Error: Not Found for url: https://www.refurbed.de/p/hp-zbook-17-g4-xeon-e3-1535m-v6/
2025-11-30 03:42:40,716 - INFO - Scraping 4135/6851: https://www.refurbed.de/p/hp-zbook-17-g5-8750h-17/
2025-11-30 03:42:42,243 - INFO - Scraping 4136/6851: https://www.refurbed.de/p/hp-zbook-17-g5-8850h-17/
2025-11-30 03:42:43,813 - INFO - Scraping 4137/6851: https://www.refurbed.de/p/hp-zbook-17-g5-8950hk-17/
2025-11-30 03:42:45,251 - INFO - Scraping 4138/6851: https://www.refurbed.de/p/hp-zbook-17-g5-e-2176m-17/
2025-11-30 03:42:46,724 - INFO - Scraping 4139/6851: https://www.refurbed.de/p/hp-zbook-17-g5-e-2186m-17-3/
2025-11-30 03:42:48,147 - INFO - Scraping 4140/6851: https://www.refurbed.de/p/hp-zbook-17-g5-i5-8400h-17/
2025-11-30 03:42:49,569 - INFO - Scraping 4141/6851: https://www.refurbed.de/p/hp-zbook-17-g6-i5-9400h/
2025-11-30 03:42:51,125 - INFO - Scraping 4142/6851: https://www.refurbed.de/p/hp-zbook-17-g6-i7-9750h/
2025-11-30 03:42:52,698 - INFO - Scraping 4143/6851: https://www.refurbed.de/p/hp-zbook-17-g6-i7-9850h/
2025-11-30 03:42:54,252 - INFO - Scraping 4144/6851: https://www.refurbed.de/p/hp-zbook-17-g6-i9-9880h/
2025-11-30 03:42:55,770 - INFO - Scraping 4145/6851: https://www.refurbed.de/p/hp-zbook-17-g6-xeon-e-2286m/
2025-11-30 03:42:57,530 - INFO - Scraping 4146/6851: https://www.refurbed.de/p/hp-zbook-17-i5-17/
2025-11-30 03:42:57,786 - ERROR - Error fetching https://www.refurbed.de/p/hp-zbook-17-i5-17/: 404 Client Error: Not Found for url: https://www.refurbed.de/p/hp-zbook-17-i5-17/
2025-11-30 03:42:58,789 - INFO - Scraping 4147/6851: https://www.refurbed.de/p/hp-zbook-17-i7-17-3/
2025-11-30 03:42:59,304 - ERROR - Error fetching https://www.refurbed.de/p/hp-zbook-17-i7-17-3/: 404 Client Error: Not Found for url: https://www.refurbed.de/p/hp-zbook-17-i7-17-3/
2025-11-30 03:43:00,306 - INFO - Scraping 4148/6851: https://www.refurbed.de/p/hp-zbook-17-i7-17/
2025-11-30 03:43:00,566 - ERROR - Error fetching https://www.refurbed.de/p/hp-zbook-17-i7-17/: 404 Client Error: Not Found for url: https://www.refurbed.de/p/hp-zbook-17-i7-17/
2025-11-30 03:43:01,568 - INFO - Scraping 4149/6851: https://www.refurbed.de/p/hp-zbook-create-g7-10850h-15-6/
2025-11-30 03:43:03,231 - INFO - Scraping 4150/6851: https://www.refurbed.de/p/hp-zbook-ff-14-g10a-r7pro-7840hs/
2025-11-30 03:43:04,751 - INFO - Scraping 4151/6851: https://www.refurbed.de/p/hp-zbook-ff-14-g10a-r9p-7940hs/
2025-11-30 03:43:06,567 - INFO - Scraping 4152/6851: https://www.refurbed.de/p/hp-zbook-firefly-14-g10-1355u/
2025-11-30 03:43:07,966 - INFO - Scraping 4153/6851: https://www.refurbed.de/p/hp-zbook-firefly-14-g10-1365u/
2025-11-30 03:43:09,424 - INFO - Scraping 4154/6851: https://www.refurbed.de/p/hp-zbook-firefly-14-g10-a-5-7640/
2025-11-30 03:43:11,035 - INFO - Scraping 4155/6851: https://www.refurbed.de/p/hp-zbook-firefly-14-g10-i7-1360p/
2025-11-30 03:43:12,621 - INFO - Scraping 4156/6851: https://www.refurbed.de/p/hp-zbook-firefly-14-g10-i7-1370p/
2025-11-30 03:43:14,029 - INFO - Scraping 4157/6851: https://www.refurbed.de/p/hp-zbook-firefly-14-g11-7-155h/
2025-11-30 03:43:15,431 - INFO - Scraping 4158/6851: https://www.refurbed.de/p/hp-zbook-firefly-14-g11-7-165h/
2025-11-30 03:43:16,991 - INFO - Scraping 4159/6851: https://www.refurbed.de/p/hp-zbook-firefly-14-g9-i7-1265u/
2025-11-30 03:43:18,421 - INFO - Scraping 4160/6851: https://www.refurbed.de/p/hp-zbook-firefly-15-g7-i5-10210u/
2025-11-30 03:43:19,854 - INFO - Scraping 4161/6851: https://www.refurbed.de/p/hp-zbook-firefly-15-g7-i7-10510u/
2025-11-30 03:43:21,451 - INFO - Scraping 4162/6851: https://www.refurbed.de/p/hp-zbook-firefly-15-g7-i7-10810u/
2025-11-30 03:43:23,134 - INFO - Scraping 4163/6851: https://www.refurbed.de/p/hp-zbook-firefly-15-g8-1165g7/
2025-11-30 03:43:24,638 - INFO - Scraping 4164/6851: https://www.refurbed.de/p/hp-zbook-firefly-16-g10-1355u/
2025-11-30 03:43:26,041 - INFO - Scraping 4165/6851: https://www.refurbed.de/p/hp-zbook-firefly-16-g10-1360p/
2025-11-30 03:43:27,461 - INFO - Scraping 4166/6851: https://www.refurbed.de/p/hp-zbook-firefly-16-g11-7-155h/
2025-11-30 03:43:28,860 - INFO - Scraping 4167/6851: https://www.refurbed.de/p/hp-zbook-firefly-16-g9-1255u-16/
2025-11-30 03:43:30,329 - INFO - Scraping 4168/6851: https://www.refurbed.de/p/hp-zbook-firefly-16-g9-i7-1265u/
2025-11-30 03:43:32,326 - INFO - Scraping 4169/6851: https://www.refurbed.de/p/hp-zbook-firefly-16-g9-i7-1280p/
2025-11-30 03:43:33,782 - INFO - Scraping 4170/6851: https://www.refurbed.de/p/hp-zbook-fury-15-g7-10850h-15-6/
2025-11-30 03:43:35,412 - INFO - Scraping 4171/6851: https://www.refurbed.de/p/hp-zbook-fury-15-g7-10885h-15-6/
2025-11-30 03:43:37,232 - INFO - Scraping 4172/6851: https://www.refurbed.de/p/hp-zbook-fury-15-g7-10885m-15-6/
2025-11-30 03:43:38,643 - INFO - Scraping 4173/6851: https://www.refurbed.de/p/hp-zbook-fury-15-g7-i5-10400h/
2025-11-30 03:43:40,046 - INFO - Scraping 4174/6851: https://www.refurbed.de/p/hp-zbook-fury-15-g7-i7-10750h/
2025-11-30 03:43:41,736 - INFO - Scraping 4175/6851: https://www.refurbed.de/p/hp-zbook-fury-15-g8-11850h-15-6/
2025-11-30 03:43:43,356 - INFO - Scraping 4176/6851: https://www.refurbed.de/p/hp-zbook-fury-15-g8-11950h-15-6/
2025-11-30 03:43:44,979 - INFO - Scraping 4177/6851: https://www.refurbed.de/p/hp-zbook-fury-15-g8-w-11955m/
2025-11-30 03:43:46,677 - INFO - Scraping 4178/6851: https://www.refurbed.de/p/hp-zbook-fury-16-g10-13850hx-16/
2025-11-30 03:43:48,220 - INFO - Scraping 4179/6851: https://www.refurbed.de/p/hp-zbook-fury-16-g10-13950hx-16/
2025-11-30 03:43:49,700 - INFO - Scraping 4180/6851: https://www.refurbed.de/p/hp-zbook-fury-16-g11-13850hx-16/
2025-11-30 03:43:51,234 - INFO - Scraping 4181/6851: https://www.refurbed.de/p/hp-zbook-fury-16-g9-12800hx-16/
2025-11-30 03:43:52,639 - INFO - Scraping 4182/6851: https://www.refurbed.de/p/hp-zbook-fury-16-g9-12850hx-16/
2025-11-30 03:43:54,059 - INFO - Scraping 4183/6851: https://www.refurbed.de/p/hp-zbook-fury-16-g9-12950hx-16/
2025-11-30 03:43:55,434 - INFO - Scraping 4184/6851: https://www.refurbed.de/p/hp-zbook-fury-16-g9-i9-12900hx/
2025-11-30 03:43:56,876 - INFO - Scraping 4185/6851: https://www.refurbed.de/p/hp-zbook-fury-17-g7-i7-10750h-17/
2025-11-30 03:43:58,490 - INFO - Scraping 4186/6851: https://www.refurbed.de/p/hp-zbook-fury-17-g7-i7-10850h-17/
2025-11-30 03:44:00,127 - INFO - Scraping 4187/6851: https://www.refurbed.de/p/hp-zbook-fury-17-g7-i9-10885h-17/
2025-11-30 03:44:01,546 - INFO - Scraping 4188/6851: https://www.refurbed.de/p/hp-zbook-fury-17-g7-w-10885m-17/
2025-11-30 03:44:02,973 - INFO - Scraping 4189/6851: https://www.refurbed.de/p/hp-zbook-fury-17-g8-11500h-17-3/
2025-11-30 03:44:04,764 - INFO - Scraping 4190/6851: https://www.refurbed.de/p/hp-zbook-fury-17-g8-11800h-17-3/
2025-11-30 03:44:06,186 - INFO - Scraping 4191/6851: https://www.refurbed.de/p/hp-zbook-fury-17-g8-11850h-17-3/
2025-11-30 03:44:07,854 - INFO - Scraping 4192/6851: https://www.refurbed.de/p/hp-zbook-fury-17-g8-w-11955m/
2025-11-30 03:44:09,279 - INFO - Scraping 4193/6851: https://www.refurbed.de/p/hp-zbook-g11-core-ultra-7-155h/
2025-11-30 03:44:10,665 - INFO - Scraping 4194/6851: https://www.refurbed.de/p/hp-zbook-g2-17-i7-4910mq-17/
2025-11-30 03:44:10,929 - ERROR - Error fetching https://www.refurbed.de/p/hp-zbook-g2-17-i7-4910mq-17/: 404 Client Error: Not Found for url: https://www.refurbed.de/p/hp-zbook-g2-17-i7-4910mq-17/
2025-11-30 03:44:11,932 - INFO - Scraping 4195/6851: https://www.refurbed.de/p/hp-zbook-g3-1505m-v5/
2025-11-30 03:44:12,390 - ERROR - Error fetching https://www.refurbed.de/p/hp-zbook-g3-1505m-v5/: 404 Client Error: Not Found for url: https://www.refurbed.de/p/hp-zbook-g3-1505m-v5/
2025-11-30 03:44:13,393 - INFO - Scraping 4196/6851: https://www.refurbed.de/p/hp-zbook-power-g10-13700h-15-6/
2025-11-30 03:44:14,899 - INFO - Scraping 4197/6851: https://www.refurbed.de/p/hp-zbook-power-g10-13900h-15-6/
2025-11-30 03:44:16,315 - INFO - Scraping 4198/6851: https://www.refurbed.de/p/hp-zbook-power-g10-i7-13800h/
2025-11-30 03:44:17,735 - INFO - Scraping 4199/6851: https://www.refurbed.de/p/hp-zbook-power-g10-r-7-7840hs/
2025-11-30 03:44:19,273 - INFO - Scraping 4200/6851: https://www.refurbed.de/p/hp-zbook-power-g10-r9-7940hs/
2025-11-30 03:44:20,735 - INFO - Scraping 4201/6851: https://www.refurbed.de/p/hp-zbook-power-g10-r9-pro-7940hs/
2025-11-30 03:44:22,376 - INFO - Scraping 4202/6851: https://www.refurbed.de/p/hp-zbook-power-g11-ryzen-7-8845/
2025-11-30 03:44:23,820 - INFO - Scraping 4203/6851: https://www.refurbed.de/p/hp-zbook-power-g7-i7-10750h-15-6/
2025-11-30 03:44:25,359 - INFO - Scraping 4204/6851: https://www.refurbed.de/p/hp-zbook-power-g7-i9-10885h-15-6/
2025-11-30 03:44:26,843 - INFO - Scraping 4205/6851: https://www.refurbed.de/p/hp-zbook-power-g8-11400h-15-6/
2025-11-30 03:44:28,415 - INFO - Scraping 4206/6851: https://www.refurbed.de/p/hp-zbook-power-g8-11800h-15-6/
2025-11-30 03:44:30,080 - INFO - Scraping 4207/6851: https://www.refurbed.de/p/hp-zbook-power-g8-11900h-15-6/
2025-11-30 03:44:31,493 - INFO - Scraping 4208/6851: https://www.refurbed.de/p/hp-zbook-power-g8-11950h-15-6/
2025-11-30 03:44:33,248 - INFO - Scraping 4209/6851: https://www.refurbed.de/p/hp-zbook-power-g9-12700h-15-6/
2025-11-30 03:44:34,974 - INFO - Scraping 4210/6851: https://www.refurbed.de/p/hp-zbook-power-g9-12800hx-15-6/
2025-11-30 03:44:36,510 - INFO - Scraping 4211/6851: https://www.refurbed.de/p/hp-zbook-studio-16-g10-13700h-16/
2025-11-30 03:44:37,983 - INFO - Scraping 4212/6851: https://www.refurbed.de/p/hp-zbook-studio-16-g10-13800h-16/
2025-11-30 03:44:39,552 - INFO - Scraping 4213/6851: https://www.refurbed.de/p/hp-zbook-studio-16-g10-13900h-16/
2025-11-30 03:44:41,017 - INFO - Scraping 4214/6851: https://www.refurbed.de/p/hp-zbook-studio-16-g9-12700h-16/
2025-11-30 03:44:42,523 - INFO - Scraping 4215/6851: https://www.refurbed.de/p/hp-zbook-studio-16-g9-i9-12900h/
2025-11-30 03:44:44,004 - INFO - Scraping 4216/6851: https://www.refurbed.de/p/hp-zbook-studio-g3-i7-6820hq-15/
2025-11-30 03:44:44,429 - ERROR - Error fetching https://www.refurbed.de/p/hp-zbook-studio-g3-i7-6820hq-15/: 404 Client Error: Not Found for url: https://www.refurbed.de/p/hp-zbook-studio-g3-i7-6820hq-15/
2025-11-30 03:44:45,431 - INFO - Scraping 4217/6851: https://www.refurbed.de/p/hp-zbook-studio-g3-xeon-1545mv5/
2025-11-30 03:44:45,788 - ERROR - Error fetching https://www.refurbed.de/p/hp-zbook-studio-g3-xeon-1545mv5/: 404 Client Error: Not Found for url: https://www.refurbed.de/p/hp-zbook-studio-g3-xeon-1545mv5/
2025-11-30 03:44:46,790 - INFO - Scraping 4218/6851: https://www.refurbed.de/p/hp-zbook-studio-g4-7700hq-15-6/
2025-11-30 03:44:47,076 - ERROR - Error fetching https://www.refurbed.de/p/hp-zbook-studio-g4-7700hq-15-6/: 404 Client Error: Not Found for url: https://www.refurbed.de/p/hp-zbook-studio-g4-7700hq-15-6/
2025-11-30 03:44:48,079 - INFO - Scraping 4219/6851: https://www.refurbed.de/p/hp-zbook-studio-g4-xeon-e31505m/
2025-11-30 03:44:48,332 - ERROR - Error fetching https://www.refurbed.de/p/hp-zbook-studio-g4-xeon-e31505m/: 404 Client Error: Not Found for url: https://www.refurbed.de/p/hp-zbook-studio-g4-xeon-e31505m/
2025-11-30 03:44:49,335 - INFO - Scraping 4220/6851: https://www.refurbed.de/p/hp-zbook-studio-g5-8850h/
2025-11-30 03:44:50,891 - INFO - Scraping 4221/6851: https://www.refurbed.de/p/hp-zbook-studio-g5-9850h/
2025-11-30 03:44:52,583 - INFO - Scraping 4222/6851: https://www.refurbed.de/p/hp-zbook-studio-g5-e-2176m/
2025-11-30 03:44:54,074 - INFO - Scraping 4223/6851: https://www.refurbed.de/p/hp-zbook-studio-g5-i7-8750h/
2025-11-30 03:44:55,637 - INFO - Scraping 4224/6851: https://www.refurbed.de/p/hp-zbook-studio-g5-i7-9750h/
2025-11-30 03:44:57,033 - INFO - Scraping 4225/6851: https://www.refurbed.de/p/hp-zbook-studio-g7-10750h/
2025-11-30 03:44:58,446 - INFO - Scraping 4226/6851: https://www.refurbed.de/p/hp-zbook-studio-g7-10850h/
2025-11-30 03:44:59,971 - INFO - Scraping 4227/6851: https://www.refurbed.de/p/hp-zbook-studio-g7-10885h-15-6/
2025-11-30 03:45:01,589 - INFO - Scraping 4228/6851: https://www.refurbed.de/p/hp-zbook-studio-g8-11800h-15-6/
2025-11-30 03:45:03,203 - INFO - Scraping 4229/6851: https://www.refurbed.de/p/hp-zbook-studio-g8-11850h/
2025-11-30 03:45:04,630 - INFO - Scraping 4230/6851: https://www.refurbed.de/p/hp-zbook-studio-g8-11900h-15-6/
2025-11-30 03:45:06,044 - INFO - Scraping 4231/6851: https://www.refurbed.de/p/hp-zbook-studio-g8-i9-11950h/
2025-11-30 03:45:07,439 - INFO - Scraping 4232/6851: https://www.refurbed.de/p/hp-zbook-x2-g4-i7-8550u-14/
2025-11-30 03:45:08,887 - INFO - Scraping 4233/6851: https://www.refurbed.de/p/hp-zbook-x360-g5-i7-8850h/
2025-11-30 03:45:10,307 - INFO - Scraping 4234/6851: https://www.refurbed.de/p/hp-zr2240w-21-5/
2025-11-30 03:45:11,932 - INFO - Scraping 4235/6851: https://www.refurbed.de/p/hp-zr22w/
2025-11-30 03:45:13,328 - INFO - Scraping 4236/6851: https://www.refurbed.de/p/hp-zr2330w-23/
2025-11-30 03:45:15,254 - INFO - Scraping 4237/6851: https://www.refurbed.de/p/hp-zr24w/
2025-11-30 03:45:16,710 - INFO - Scraping 4238/6851: https://www.refurbed.de/p/hp-zr30w-30/
2025-11-30 03:45:18,127 - INFO - Scraping 4239/6851: https://www.refurbed.de/p/hpspectrex360-13-ae008no/
2025-11-30 03:45:20,047 - INFO - Scraping 4240/6851: https://www.refurbed.de/p/huami-amazfit-gtr/
2025-11-30 03:45:21,479 - INFO - Scraping 4241/6851: https://www.refurbed.de/p/huami-amazfit-pace/
2025-11-30 03:45:22,948 - INFO - Scraping 4242/6851: https://www.refurbed.de/p/huami-amazfit-t-rex/
2025-11-30 03:45:24,350 - INFO - Scraping 4243/6851: https://www.refurbed.de/p/huawei-display-ad80hw/
2025-11-30 03:45:25,753 - INFO - Scraping 4244/6851: https://www.refurbed.de/p/huawei-mate-10-lite/
2025-11-30 03:45:27,308 - INFO - Scraping 4245/6851: https://www.refurbed.de/p/huawei-mate-10-porsche-design/
2025-11-30 03:45:28,709 - INFO - Scraping 4246/6851: https://www.refurbed.de/p/huawei-mate-10-pro/
2025-11-30 03:45:30,336 - INFO - Scraping 4247/6851: https://www.refurbed.de/p/huawei-mate-10/
2025-11-30 03:45:31,997 - INFO - Scraping 4248/6851: https://www.refurbed.de/p/huawei-mate-20-lite/
2025-11-30 03:45:33,637 - INFO - Scraping 4249/6851: https://www.refurbed.de/p/huawei-mate-20-pro/
2025-11-30 03:45:35,264 - INFO - Scraping 4250/6851: https://www.refurbed.de/p/huawei-mate-20-x-5g/
2025-11-30 03:45:36,738 - INFO - Scraping 4251/6851: https://www.refurbed.de/p/huawei-mate-20-x/
2025-11-30 03:45:38,160 - INFO - Scraping 4252/6851: https://www.refurbed.de/p/huawei-mate-20/
2025-11-30 03:45:39,849 - INFO - Scraping 4253/6851: https://www.refurbed.de/p/huawei-mate-30-pro-5g/
2025-11-30 03:45:41,482 - INFO - Scraping 4254/6851: https://www.refurbed.de/p/huawei-mate-30-pro/
2025-11-30 03:45:43,169 - INFO - Scraping 4255/6851: https://www.refurbed.de/p/huawei-mate-40-pro/
2025-11-30 03:45:44,927 - INFO - Scraping 4256/6851: https://www.refurbed.de/p/huawei-mate-50-pro/
2025-11-30 03:45:46,624 - INFO - Scraping 4257/6851: https://www.refurbed.de/p/huawei-mate-50-rs-porsche-design/
2025-11-30 03:45:48,032 - INFO - Scraping 4258/6851: https://www.refurbed.de/p/huawei-mate-8/
2025-11-30 03:45:49,586 - INFO - Scraping 4259/6851: https://www.refurbed.de/p/huawei-mate-9-pro/
2025-11-30 03:45:51,046 - INFO - Scraping 4260/6851: https://www.refurbed.de/p/huawei-mate-9/
2025-11-30 03:45:52,642 - INFO - Scraping 4261/6851: https://www.refurbed.de/p/huawei-mate-rs-porsche-design/
2025-11-30 03:45:54,099 - INFO - Scraping 4262/6851: https://www.refurbed.de/p/huawei-mate-s/
2025-11-30 03:45:55,507 - INFO - Scraping 4263/6851: https://www.refurbed.de/p/huawei-mate-x3/
2025-11-30 03:45:57,182 - INFO - Scraping 4264/6851: https://www.refurbed.de/p/huawei-mate-xs-2/
2025-11-30 03:45:58,855 - INFO - Scraping 4265/6851: https://www.refurbed.de/p/huawei-mate-xs/
2025-11-30 03:46:00,391 - INFO - Scraping 4266/6851: https://www.refurbed.de/p/huawei-matebook-13-2020-10210u/
2025-11-30 03:46:01,785 - INFO - Scraping 4267/6851: https://www.refurbed.de/p/huawei-matebook-13-i7-8565u-13/
2025-11-30 03:46:03,182 - INFO - Scraping 4268/6851: https://www.refurbed.de/p/huawei-matebook-14-2024-5-125h/
2025-11-30 03:46:04,577 - INFO - Scraping 4269/6851: https://www.refurbed.de/p/huawei-matebook-14-21-1155g7/
2025-11-30 03:46:06,042 - INFO - Scraping 4270/6851: https://www.refurbed.de/p/huawei-matebook-14-21-5-5500u/
2025-11-30 03:46:07,443 - INFO - Scraping 4271/6851: https://www.refurbed.de/p/huawei-matebook-14s-11370h/
2025-11-30 03:46:08,855 - INFO - Scraping 4272/6851: https://www.refurbed.de/p/huawei-matebook-16-r-7-5800h-16/
2025-11-30 03:46:10,256 - INFO - Scraping 4273/6851: https://www.refurbed.de/p/huawei-matebook-16s-i7-12700h-16/
2025-11-30 03:46:11,652 - INFO - Scraping 4274/6851: https://www.refurbed.de/p/huawei-matebook-16s-i9-13900h/
2025-11-30 03:46:13,103 - INFO - Scraping 4275/6851: https://www.refurbed.de/p/huawei-matebook-d-14-22-1155g7/
2025-11-30 03:46:14,498 - INFO - Scraping 4276/6851: https://www.refurbed.de/p/huawei-matebook-d14-i5-10210u/
2025-11-30 03:46:16,009 - INFO - Scraping 4277/6851: https://www.refurbed.de/p/huawei-matebook-d14-r5-2500u/
2025-11-30 03:46:16,468 - ERROR - Error fetching https://www.refurbed.de/p/huawei-matebook-d14-r5-2500u/: 404 Client Error: Not Found for url: https://www.refurbed.de/p/huawei-matebook-d14-r5-2500u/
2025-11-30 03:46:17,470 - INFO - Scraping 4278/6851: https://www.refurbed.de/p/huawei-matebook-d14-r5-3500u/
2025-11-30 03:46:19,000 - INFO - Scraping 4279/6851: https://www.refurbed.de/p/huawei-matebook-d15-i3-10110u/
2025-11-30 03:46:20,394 - INFO - Scraping 4280/6851: https://www.refurbed.de/p/huawei-matebook-d15-r5-3500u/
2025-11-30 03:46:22,023 - INFO - Scraping 4281/6851: https://www.refurbed.de/p/huawei-matebook-d15-r5-5500u/
2025-11-30 03:46:23,430 - INFO - Scraping 4282/6851: https://www.refurbed.de/p/huawei-matebook-d15-r7-3700u/
2025-11-30 03:46:24,832 - INFO - Scraping 4283/6851: https://www.refurbed.de/p/huawei-matebook-d16-24-12450h/
2025-11-30 03:46:26,275 - INFO - Scraping 4284/6851: https://www.refurbed.de/p/huawei-matebook-d16-i5-12450h/
2025-11-30 03:46:27,795 - INFO - Scraping 4285/6851: https://www.refurbed.de/p/huawei-matebook-d16-r5-4600h/
2025-11-30 03:46:29,242 - INFO - Scraping 4286/6851: https://www.refurbed.de/p/huawei-matebook-d16-r5-4600u/
2025-11-30 03:46:30,677 - INFO - Scraping 4287/6851: https://www.refurbed.de/p/huawei-matebook-e-i3-1110g4-12-6/
2025-11-30 03:46:32,083 - INFO - Scraping 4288/6851: https://www.refurbed.de/p/huawei-matebook-r7-4800h/
2025-11-30 03:46:33,697 - INFO - Scraping 4289/6851: https://www.refurbed.de/p/huawei-matebook-x-7500u-13/
2025-11-30 03:46:34,076 - ERROR - Error fetching https://www.refurbed.de/p/huawei-matebook-x-7500u-13/: 404 Client Error: Not Found for url: https://www.refurbed.de/p/huawei-matebook-x-7500u-13/
2025-11-30 03:46:35,078 - INFO - Scraping 4290/6851: https://www.refurbed.de/p/huawei-matebook-x-pro-1165g7/
2025-11-30 03:46:36,537 - INFO - Scraping 4291/6851: https://www.refurbed.de/p/huawei-matebook-x-pro-2020-i7/
2025-11-30 03:46:37,967 - INFO - Scraping 4292/6851: https://www.refurbed.de/p/huawei-matebook-x-pro-2022/
2025-11-30 03:46:39,451 - INFO - Scraping 4293/6851: https://www.refurbed.de/p/huawei-matebook-x-pro-7500u/
2025-11-30 03:46:39,814 - ERROR - Error fetching https://www.refurbed.de/p/huawei-matebook-x-pro-7500u/: 404 Client Error: Not Found for url: https://www.refurbed.de/p/huawei-matebook-x-pro-7500u/
2025-11-30 03:46:40,817 - INFO - Scraping 4294/6851: https://www.refurbed.de/p/huawei-matebook-x-pro-8550u/
2025-11-30 03:46:42,262 - INFO - Scraping 4295/6851: https://www.refurbed.de/p/huawei-matepad-11-10-95/
2025-11-30 03:46:43,831 - INFO - Scraping 4296/6851: https://www.refurbed.de/p/huawei-matepad-11-5/
2025-11-30 03:46:45,264 - INFO - Scraping 4297/6851: https://www.refurbed.de/p/huawei-matepad-pro-10-8/
2025-11-30 03:46:46,821 - INFO - Scraping 4298/6851: https://www.refurbed.de/p/huawei-matepad-se-10-4/
2025-11-30 03:46:48,236 - INFO - Scraping 4299/6851: https://www.refurbed.de/p/huawei-matepad-t10/
2025-11-30 03:46:49,632 - INFO - Scraping 4300/6851: https://www.refurbed.de/p/huawei-matepad-t10s/
2025-11-30 03:46:51,074 - INFO - Scraping 4301/6851: https://www.refurbed.de/p/huawei-matepad-t3/
2025-11-30 03:46:52,592 - INFO - Scraping 4302/6851: https://www.refurbed.de/p/huawei-mediapad-m1/
2025-11-30 03:46:54,001 - INFO - Scraping 4303/6851: https://www.refurbed.de/p/huawei-mediapad-m2-10/
2025-11-30 03:46:55,417 - INFO - Scraping 4304/6851: https://www.refurbed.de/p/huawei-mediapad-m3-8-4/
2025-11-30 03:46:56,839 - INFO - Scraping 4305/6851: https://www.refurbed.de/p/huawei-mediapad-m3-lite-10-10/
2025-11-30 03:46:58,415 - INFO - Scraping 4306/6851: https://www.refurbed.de/p/huawei-mediapad-m5-10-lite/
2025-11-30 03:46:59,855 - INFO - Scraping 4307/6851: https://www.refurbed.de/p/huawei-mediapad-m5-10-pro/
2025-11-30 03:47:01,305 - INFO - Scraping 4308/6851: https://www.refurbed.de/p/huawei-mediapad-m5-10/
2025-11-30 03:47:02,941 - INFO - Scraping 4309/6851: https://www.refurbed.de/p/huawei-mediapad-m5-8-4/
2025-11-30 03:47:04,349 - INFO - Scraping 4310/6851: https://www.refurbed.de/p/huawei-mediapad-m5-8-lite/
2025-11-30 03:47:05,782 - INFO - Scraping 4311/6851: https://www.refurbed.de/p/huawei-mediapad-t1-10-0-lte/
2025-11-30 03:47:07,438 - INFO - Scraping 4312/6851: https://www.refurbed.de/p/huawei-mediapad-t1-7-0-tablet-pc/
2025-11-30 03:47:08,848 - INFO - Scraping 4313/6851: https://www.refurbed.de/p/huawei-mediapad-t1-8-3g/
2025-11-30 03:47:10,268 - INFO - Scraping 4314/6851: https://www.refurbed.de/p/huawei-mediapad-t3-10-0/
2025-11-30 03:47:11,700 - INFO - Scraping 4315/6851: https://www.refurbed.de/p/huawei-mediapad-t3-7-0/
2025-11-30 03:47:13,118 - INFO - Scraping 4316/6851: https://www.refurbed.de/p/huawei-mediapad-t3-8-0/
2025-11-30 03:47:14,568 - INFO - Scraping 4317/6851: https://www.refurbed.de/p/huawei-mediapad-t5-10-10-1/
2025-11-30 03:47:16,009 - INFO - Scraping 4318/6851: https://www.refurbed.de/p/huawei-p-smart-2019/
2025-11-30 03:47:17,496 - INFO - Scraping 4319/6851: https://www.refurbed.de/p/huawei-p-smart-2020/
2025-11-30 03:47:19,163 - INFO - Scraping 4320/6851: https://www.refurbed.de/p/huawei-p-smart-2021/
2025-11-30 03:47:20,811 - INFO - Scraping 4321/6851: https://www.refurbed.de/p/huawei-p-smart-plus-18/
2025-11-30 03:47:22,354 - INFO - Scraping 4322/6851: https://www.refurbed.de/p/huawei-p-smart-plus-2019/
2025-11-30 03:47:23,967 - INFO - Scraping 4323/6851: https://www.refurbed.de/p/huawei-p-smart-pro/
2025-11-30 03:47:25,616 - INFO - Scraping 4324/6851: https://www.refurbed.de/p/huawei-p-smart-s/
2025-11-30 03:47:27,217 - INFO - Scraping 4325/6851: https://www.refurbed.de/p/huawei-p-smart-z/
2025-11-30 03:47:28,799 - INFO - Scraping 4326/6851: https://www.refurbed.de/p/huawei-p-smart/
2025-11-30 03:47:30,729 - INFO - Scraping 4327/6851: https://www.refurbed.de/p/huawei-p10-lite/
2025-11-30 03:47:32,471 - INFO - Scraping 4328/6851: https://www.refurbed.de/p/huawei-p10-plus/
2025-11-30 03:47:33,919 - INFO - Scraping 4329/6851: https://www.refurbed.de/p/huawei-p10/
2025-11-30 03:47:35,547 - INFO - Scraping 4330/6851: https://www.refurbed.de/p/huawei-p20-lite/
2025-11-30 03:47:37,157 - INFO - Scraping 4331/6851: https://www.refurbed.de/p/huawei-p20-pro/
2025-11-30 03:47:38,732 - INFO - Scraping 4332/6851: https://www.refurbed.de/p/huawei-p20/
2025-11-30 03:47:40,523 - INFO - Scraping 4333/6851: https://www.refurbed.de/p/huawei-p30-lite-new-ed/
2025-11-30 03:47:42,157 - INFO - Scraping 4334/6851: https://www.refurbed.de/p/huawei-p30-pro-ne/
2025-11-30 03:47:43,737 - INFO - Scraping 4335/6851: https://www.refurbed.de/p/huawei-p30-pro/
2025-11-30 03:47:45,318 - INFO - Scraping 4336/6851: https://www.refurbed.de/p/huawei-p30/
2025-11-30 03:47:47,122 - INFO - Scraping 4337/6851: https://www.refurbed.de/p/huawei-p30lite/
2025-11-30 03:47:48,785 - INFO - Scraping 4338/6851: https://www.refurbed.de/p/huawei-p40-lite-5g/
2025-11-30 03:47:50,854 - INFO - Scraping 4339/6851: https://www.refurbed.de/p/huawei-p40-lite-e/
2025-11-30 03:47:52,442 - INFO - Scraping 4340/6851: https://www.refurbed.de/p/huawei-p40-lite/
2025-11-30 03:47:54,258 - INFO - Scraping 4341/6851: https://www.refurbed.de/p/huawei-p40-pro-4g/
2025-11-30 03:47:55,670 - INFO - Scraping 4342/6851: https://www.refurbed.de/p/huawei-p40-pro-plus/
2025-11-30 03:47:57,072 - INFO - Scraping 4343/6851: https://www.refurbed.de/p/huawei-p40-pro/
2025-11-30 03:47:58,852 - INFO - Scraping 4344/6851: https://www.refurbed.de/p/huawei-p40/
2025-11-30 03:48:00,458 - INFO - Scraping 4345/6851: https://www.refurbed.de/p/huawei-p50-pro/
2025-11-30 03:48:01,903 - INFO - Scraping 4346/6851: https://www.refurbed.de/p/huawei-p60-pro/
2025-11-30 03:48:03,589 - INFO - Scraping 4347/6851: https://www.refurbed.de/p/huawei-p8-lite-2017/
2025-11-30 03:48:05,299 - INFO - Scraping 4348/6851: https://www.refurbed.de/p/huawei-p8-lite/
2025-11-30 03:48:06,879 - INFO - Scraping 4349/6851: https://www.refurbed.de/p/huawei-p8/
2025-11-30 03:48:08,523 - INFO - Scraping 4350/6851: https://www.refurbed.de/p/huawei-p9-lite-mini/
2025-11-30 03:48:09,976 - INFO - Scraping 4351/6851: https://www.refurbed.de/p/huawei-p9-lite/
2025-11-30 03:48:11,717 - INFO - Scraping 4352/6851: https://www.refurbed.de/p/huawei-p9-plus/
2025-11-30 03:48:13,111 - INFO - Scraping 4353/6851: https://www.refurbed.de/p/huawei-p9/
2025-11-30 03:48:14,677 - INFO - Scraping 4354/6851: https://www.refurbed.de/p/huawei-pocket-p50/
2025-11-30 03:48:16,346 - INFO - Scraping 4355/6851: https://www.refurbed.de/p/huawei-pura-70-ultra/
2025-11-30 03:48:17,947 - INFO - Scraping 4356/6851: https://www.refurbed.de/p/huawei-pura-70/
2025-11-30 03:48:19,866 - INFO - Scraping 4357/6851: https://www.refurbed.de/p/huawei-smart-mag-keyb-matepadpro/
2025-11-30 03:48:21,336 - INFO - Scraping 4358/6851: https://www.refurbed.de/p/ipad-10-10-9-2022/
2025-11-30 03:48:22,760 - INFO - Scraping 4359/6851: https://www.refurbed.de/p/ipad-11-10-9-2025/
2025-11-30 03:48:24,188 - INFO - Scraping 4360/6851: https://www.refurbed.de/p/ipad-6-2018/
2025-11-30 03:48:25,605 - INFO - Scraping 4361/6851: https://www.refurbed.de/p/ipad-7-10-2/
2025-11-30 03:48:27,062 - INFO - Scraping 4362/6851: https://www.refurbed.de/p/ipad-8-10-2/
2025-11-30 03:48:28,638 - INFO - Scraping 4363/6851: https://www.refurbed.de/p/ipad-9-2021/
2025-11-30 03:48:30,109 - INFO - Scraping 4364/6851: https://www.refurbed.de/p/ipad-air-1/
2025-11-30 03:48:31,632 - INFO - Scraping 4365/6851: https://www.refurbed.de/p/ipad-air-2/
2025-11-30 03:48:33,245 - INFO - Scraping 4366/6851: https://www.refurbed.de/p/ipad-air-3/
2025-11-30 03:48:34,838 - INFO - Scraping 4367/6851: https://www.refurbed.de/p/ipad-air-4/
2025-11-30 03:48:36,377 - INFO - Scraping 4368/6851: https://www.refurbed.de/p/ipad-air-5/
2025-11-30 03:48:37,782 - INFO - Scraping 4369/6851: https://www.refurbed.de/p/ipad-air-6-2024-11/
2025-11-30 03:48:39,383 - INFO - Scraping 4370/6851: https://www.refurbed.de/p/ipad-air-6-2024-13/
2025-11-30 03:48:40,800 - INFO - Scraping 4371/6851: https://www.refurbed.de/p/ipad-air-7-2025-11/
2025-11-30 03:48:42,471 - INFO - Scraping 4372/6851: https://www.refurbed.de/p/ipad-air-7-2025-13/
2025-11-30 03:48:43,915 - INFO - Scraping 4373/6851: https://www.refurbed.de/p/ipad-mini-2/
2025-11-30 03:48:45,439 - INFO - Scraping 4374/6851: https://www.refurbed.de/p/ipad-mini-3/
2025-11-30 03:48:47,349 - INFO - Scraping 4375/6851: https://www.refurbed.de/p/ipad-mini-4/
2025-11-30 03:48:48,866 - INFO - Scraping 4376/6851: https://www.refurbed.de/p/ipad-mini-5/
2025-11-30 03:48:50,523 - INFO - Scraping 4377/6851: https://www.refurbed.de/p/ipad-mini-6/
2025-11-30 03:48:51,931 - INFO - Scraping 4378/6851: https://www.refurbed.de/p/ipad-mini-7/
2025-11-30 03:48:53,333 - INFO - Scraping 4379/6851: https://www.refurbed.de/p/ipad-pro-10-5/
2025-11-30 03:48:54,878 - INFO - Scraping 4380/6851: https://www.refurbed.de/p/ipad-pro-11-0-2018/
2025-11-30 03:48:56,479 - INFO - Scraping 4381/6851: https://www.refurbed.de/p/ipad-pro-11-0-2020/
2025-11-30 03:48:58,084 - INFO - Scraping 4382/6851: https://www.refurbed.de/p/ipad-pro-11-0-2021/
2025-11-30 03:48:59,621 - INFO - Scraping 4383/6851: https://www.refurbed.de/p/ipad-pro-12-9-2017/
2025-11-30 03:49:01,152 - INFO - Scraping 4384/6851: https://www.refurbed.de/p/ipad-pro-12-9-2018/
2025-11-30 03:49:02,711 - INFO - Scraping 4385/6851: https://www.refurbed.de/p/ipad-pro-12-9-2020/
2025-11-30 03:49:04,258 - INFO - Scraping 4386/6851: https://www.refurbed.de/p/ipad-pro-12-9/
2025-11-30 03:49:05,791 - INFO - Scraping 4387/6851: https://www.refurbed.de/p/ipad-pro-4-11-2022/
2025-11-30 03:49:07,569 - INFO - Scraping 4388/6851: https://www.refurbed.de/p/ipad-pro-5-12-9-2021/
2025-11-30 03:49:09,245 - INFO - Scraping 4389/6851: https://www.refurbed.de/p/ipad-pro-5-2024-11/
2025-11-30 03:49:10,860 - INFO - Scraping 4390/6851: https://www.refurbed.de/p/ipad-pro-6-12-9-2022/
2025-11-30 03:49:12,273 - INFO - Scraping 4391/6851: https://www.refurbed.de/p/ipad-pro-7-2024-13/
2025-11-30 03:49:13,686 - INFO - Scraping 4392/6851: https://www.refurbed.de/p/ipad-pro-9-7/
2025-11-30 03:49:15,283 - INFO - Scraping 4393/6851: https://www.refurbed.de/p/iphone-11-pro-max/
2025-11-30 03:49:16,874 - INFO - Scraping 4394/6851: https://www.refurbed.de/p/iphone-11-pro/
2025-11-30 03:49:18,563 - INFO - Scraping 4395/6851: https://www.refurbed.de/p/iphone-11/
2025-11-30 03:49:20,125 - INFO - Scraping 4396/6851: https://www.refurbed.de/p/iphone-12-mini/
2025-11-30 03:49:21,703 - INFO - Scraping 4397/6851: https://www.refurbed.de/p/iphone-12-pro-max/
2025-11-30 03:49:23,306 - INFO - Scraping 4398/6851: https://www.refurbed.de/p/iphone-12-pro/
2025-11-30 03:49:24,985 - INFO - Scraping 4399/6851: https://www.refurbed.de/p/iphone-12/
2025-11-30 03:49:26,529 - INFO - Scraping 4400/6851: https://www.refurbed.de/p/iphone-13-mini/
2025-11-30 03:49:28,155 - INFO - Scraping 4401/6851: https://www.refurbed.de/p/iphone-13-pro-max/
2025-11-30 03:49:29,657 - INFO - Scraping 4402/6851: https://www.refurbed.de/p/iphone-13-pro/
2025-11-30 03:49:31,194 - INFO - Scraping 4403/6851: https://www.refurbed.de/p/iphone-13/
2025-11-30 03:49:32,786 - INFO - Scraping 4404/6851: https://www.refurbed.de/p/iphone-14-plus/
2025-11-30 03:49:34,381 - INFO - Scraping 4405/6851: https://www.refurbed.de/p/iphone-14-pro-max/
2025-11-30 03:49:35,966 - INFO - Scraping 4406/6851: https://www.refurbed.de/p/iphone-14-pro/
2025-11-30 03:49:37,465 - INFO - Scraping 4407/6851: https://www.refurbed.de/p/iphone-14/
2025-11-30 03:49:38,978 - INFO - Scraping 4408/6851: https://www.refurbed.de/p/iphone-15-plus/
2025-11-30 03:49:40,502 - INFO - Scraping 4409/6851: https://www.refurbed.de/p/iphone-15-pro-max/
2025-11-30 03:49:42,156 - INFO - Scraping 4410/6851: https://www.refurbed.de/p/iphone-15-pro/
2025-11-30 03:49:43,689 - INFO - Scraping 4411/6851: https://www.refurbed.de/p/iphone-15/
2025-11-30 03:49:45,174 - INFO - Scraping 4412/6851: https://www.refurbed.de/p/iphone-16-plus/
2025-11-30 03:49:46,656 - INFO - Scraping 4413/6851: https://www.refurbed.de/p/iphone-16-pro-max/
2025-11-30 03:49:48,088 - INFO - Scraping 4414/6851: https://www.refurbed.de/p/iphone-16-pro/
2025-11-30 03:49:49,533 - INFO - Scraping 4415/6851: https://www.refurbed.de/p/iphone-16/
2025-11-30 03:49:51,106 - INFO - Scraping 4416/6851: https://www.refurbed.de/p/iphone-16e/
2025-11-30 03:49:52,681 - INFO - Scraping 4417/6851: https://www.refurbed.de/p/iphone-6s-plus/
2025-11-30 03:49:54,264 - INFO - Scraping 4418/6851: https://www.refurbed.de/p/iphone-6s/
2025-11-30 03:49:56,080 - INFO - Scraping 4419/6851: https://www.refurbed.de/p/iphone-7-plus/
2025-11-30 03:49:57,759 - INFO - Scraping 4420/6851: https://www.refurbed.de/p/iphone-7/
2025-11-30 03:49:59,337 - INFO - Scraping 4421/6851: https://www.refurbed.de/p/iphone-se-2020/
2025-11-30 03:50:00,946 - INFO - Scraping 4422/6851: https://www.refurbed.de/p/iphone-se-2022/
2025-11-30 03:50:02,460 - INFO - Scraping 4423/6851: https://www.refurbed.de/p/iphone-se/
2025-11-30 03:50:04,042 - INFO - Scraping 4424/6851: https://www.refurbed.de/p/iphone-x/
2025-11-30 03:50:05,487 - INFO - Scraping 4425/6851: https://www.refurbed.de/p/iphone-xr/
2025-11-30 03:50:07,116 - INFO - Scraping 4426/6851: https://www.refurbed.de/p/iphone-xs-max/
2025-11-30 03:50:08,718 - INFO - Scraping 4427/6851: https://www.refurbed.de/p/iphone-xs/
2025-11-30 03:50:10,259 - INFO - Scraping 4428/6851: https://www.refurbed.de/p/kaercher-k-5-premi-pwr-ctrl-home/
2025-11-30 03:50:11,747 - INFO - Scraping 4429/6851: https://www.refurbed.de/p/krups-hp-5031-prep-cook/
2025-11-30 03:50:13,185 - INFO - Scraping 4430/6851: https://www.refurbed.de/p/laptop-sleeve/
2025-11-30 03:50:14,632 - INFO - Scraping 4431/6851: https://www.refurbed.de/p/lenovo--chromebook-11e-n3150/
2025-11-30 03:50:16,040 - INFO - Scraping 4432/6851: https://www.refurbed.de/p/lenovo-10e-chromebook-tablet/
2025-11-30 03:50:17,514 - INFO - Scraping 4433/6851: https://www.refurbed.de/p/lenovo-chromebook-100e-n4020/
2025-11-30 03:50:19,028 - INFO - Scraping 4434/6851: https://www.refurbed.de/p/lenovo-chromebook-100e-n4500/
2025-11-30 03:50:20,458 - INFO - Scraping 4435/6851: https://www.refurbed.de/p/lenovo-chromebook-300e-mt8173c/
2025-11-30 03:50:21,968 - INFO - Scraping 4436/6851: https://www.refurbed.de/p/lenovo-chromebook-300e-n4000/
2025-11-30 03:50:23,490 - INFO - Scraping 4437/6851: https://www.refurbed.de/p/lenovo-chromebook-300e-n4100/
2025-11-30 03:50:24,932 - INFO - Scraping 4438/6851: https://www.refurbed.de/p/lenovo-chromebook-500e-g2-n4120/
2025-11-30 03:50:26,311 - INFO - Scraping 4439/6851: https://www.refurbed.de/p/lenovo-ideapad-110-15isk-6200u/
2025-11-30 03:50:26,576 - ERROR - Error fetching https://www.refurbed.de/p/lenovo-ideapad-110-15isk-6200u/: 404 Client Error: Not Found for url: https://www.refurbed.de/p/lenovo-ideapad-110-15isk-6200u/
2025-11-30 03:50:27,578 - INFO - Scraping 4440/6851: https://www.refurbed.de/p/lenovo-ideapad-3-15aba7-5625u/
2025-11-30 03:50:28,991 - INFO - Scraping 4441/6851: https://www.refurbed.de/p/lenovo-ideapad-3-15ada05-3700u/
2025-11-30 03:50:29,249 - ERROR - Error fetching https://www.refurbed.de/p/lenovo-ideapad-3-15ada05-3700u/: 404 Client Error: Not Found for url: https://www.refurbed.de/p/lenovo-ideapad-3-15ada05-3700u/
2025-11-30 03:50:30,252 - INFO - Scraping 4442/6851: https://www.refurbed.de/p/lenovo-ideapad-3-15iil05-1005g1/
2025-11-30 03:50:31,695 - INFO - Scraping 4443/6851: https://www.refurbed.de/p/lenovo-ideapad-3-15iml05-6405u/
2025-11-30 03:50:33,116 - INFO - Scraping 4444/6851: https://www.refurbed.de/p/lenovo-ideapad-3-15iml05-n4020/
2025-11-30 03:50:34,552 - INFO - Scraping 4445/6851: https://www.refurbed.de/p/lenovo-ideapad-3-15itl05-1115g4/
2025-11-30 03:50:35,939 - INFO - Scraping 4446/6851: https://www.refurbed.de/p/lenovo-ideapad-3-17itl6-1115g4/
2025-11-30 03:50:37,346 - INFO - Scraping 4447/6851: https://www.refurbed.de/p/lenovo-ideapad-3-6305/
2025-11-30 03:50:38,754 - INFO - Scraping 4448/6851: https://www.refurbed.de/p/lenovo-ideapad-3-8505/
2025-11-30 03:50:40,172 - INFO - Scraping 4449/6851: https://www.refurbed.de/p/lenovo-ideapad-320-15ikb-i5-7200/
2025-11-30 03:50:40,425 - ERROR - Error fetching https://www.refurbed.de/p/lenovo-ideapad-320-15ikb-i5-7200/: 404 Client Error: Not Found for url: https://www.refurbed.de/p/lenovo-ideapad-320-15ikb-i5-7200/
2025-11-30 03:50:41,428 - INFO - Scraping 4450/6851: https://www.refurbed.de/p/lenovo-ideapad-320-15ikb-i5-8250/
2025-11-30 03:50:42,859 - INFO - Scraping 4451/6851: https://www.refurbed.de/p/lenovo-ideapad-320-17abr-a12-972/
2025-11-30 03:50:43,117 - ERROR - Error fetching https://www.refurbed.de/p/lenovo-ideapad-320-17abr-a12-972/: 404 Client Error: Not Found for url: https://www.refurbed.de/p/lenovo-ideapad-320-17abr-a12-972/
2025-11-30 03:50:44,119 - INFO - Scraping 4452/6851: https://www.refurbed.de/p/lenovo-ideapad-320-a9-9420/
2025-11-30 03:50:44,551 - ERROR - Error fetching https://www.refurbed.de/p/lenovo-ideapad-320-a9-9420/: 404 Client Error: Not Found for url: https://www.refurbed.de/p/lenovo-ideapad-320-a9-9420/
2025-11-30 03:50:45,553 - INFO - Scraping 4453/6851: https://www.refurbed.de/p/lenovo-ideapad-320s-13ikb-i5-825/
2025-11-30 03:50:46,943 - INFO - Scraping 4454/6851: https://www.refurbed.de/p/lenovo-ideapad-330s-14ikb-8130/
2025-11-30 03:50:48,480 - INFO - Scraping 4455/6851: https://www.refurbed.de/p/lenovo-ideapad-4g-lte-sc8180x/
2025-11-30 03:50:48,734 - ERROR - Error fetching https://www.refurbed.de/p/lenovo-ideapad-4g-lte-sc8180x/: 404 Client Error: Not Found for url: https://www.refurbed.de/p/lenovo-ideapad-4g-lte-sc8180x/
2025-11-30 03:50:49,737 - INFO - Scraping 4456/6851: https://www.refurbed.de/p/lenovo-ideapad-5-14alc05-5500u/
2025-11-30 03:50:51,130 - INFO - Scraping 4457/6851: https://www.refurbed.de/p/lenovo-ideapad-5-cb-14itl6/
2025-11-30 03:50:52,538 - INFO - Scraping 4458/6851: https://www.refurbed.de/p/lenovo-ideapad-5-pro-1165g7-14/
2025-11-30 03:50:54,262 - INFO - Scraping 4459/6851: https://www.refurbed.de/p/lenovo-ideapad-5-pro-5800h/
2025-11-30 03:50:55,822 - INFO - Scraping 4460/6851: https://www.refurbed.de/p/lenovo-ideapad-5-pro-r7-5800u-14/
2025-11-30 03:50:57,240 - INFO - Scraping 4461/6851: https://www.refurbed.de/p/lenovo-ideapad-520s-14ikb-i5-720/
2025-11-30 03:50:57,549 - ERROR - Error fetching https://www.refurbed.de/p/lenovo-ideapad-520s-14ikb-i5-720/: 404 Client Error: Not Found for url: https://www.refurbed.de/p/lenovo-ideapad-520s-14ikb-i5-720/
2025-11-30 03:50:58,551 - INFO - Scraping 4462/6851: https://www.refurbed.de/p/lenovo-ideapad-5g-8cx/
2025-11-30 03:50:59,998 - INFO - Scraping 4463/6851: https://www.refurbed.de/p/lenovo-ideapad-5g-sc8180xp/
2025-11-30 03:51:00,423 - ERROR - Error fetching https://www.refurbed.de/p/lenovo-ideapad-5g-sc8180xp/: 404 Client Error: Not Found for url: https://www.refurbed.de/p/lenovo-ideapad-5g-sc8180xp/
2025-11-30 03:51:01,426 - INFO - Scraping 4464/6851: https://www.refurbed.de/p/lenovo-ideapad-710s-13isk-i7-656/
2025-11-30 03:51:01,693 - ERROR - Error fetching https://www.refurbed.de/p/lenovo-ideapad-710s-13isk-i7-656/: 404 Client Error: Not Found for url: https://www.refurbed.de/p/lenovo-ideapad-710s-13isk-i7-656/
2025-11-30 03:51:02,696 - INFO - Scraping 4465/6851: https://www.refurbed.de/p/lenovo-ideapad-c340-14api-ryz32u/
2025-11-30 03:51:04,194 - INFO - Scraping 4466/6851: https://www.refurbed.de/p/lenovo-ideapad-flex-15-4200u/
2025-11-30 03:51:04,448 - ERROR - Error fetching https://www.refurbed.de/p/lenovo-ideapad-flex-15-4200u/: 404 Client Error: Not Found for url: https://www.refurbed.de/p/lenovo-ideapad-flex-15-4200u/
2025-11-30 03:51:05,450 - INFO - Scraping 4467/6851: https://www.refurbed.de/p/lenovo-ideapad-flex-3-4300u/
2025-11-30 03:51:06,998 - INFO - Scraping 4468/6851: https://www.refurbed.de/p/lenovo-ideapad-flex-5-14alc05/
2025-11-30 03:51:08,434 - INFO - Scraping 4469/6851: https://www.refurbed.de/p/lenovo-ideapad-flex-5-14alc07/
2025-11-30 03:51:09,851 - INFO - Scraping 4470/6851: https://www.refurbed.de/p/lenovo-ideapad-flex-5-14itl05/
2025-11-30 03:51:11,453 - INFO - Scraping 4471/6851: https://www.refurbed.de/p/lenovo-ideapad-flex-5-5500u/
2025-11-30 03:51:12,869 - INFO - Scraping 4472/6851: https://www.refurbed.de/p/lenovo-ideapad-flex-5-ryzen-14/
2025-11-30 03:51:14,433 - INFO - Scraping 4473/6851: https://www.refurbed.de/p/lenovo-ideapad-miix-320-10icr/
2025-11-30 03:51:14,681 - ERROR - Error fetching https://www.refurbed.de/p/lenovo-ideapad-miix-320-10icr/: 404 Client Error: Not Found for url: https://www.refurbed.de/p/lenovo-ideapad-miix-320-10icr/
2025-11-30 03:51:15,683 - INFO - Scraping 4474/6851: https://www.refurbed.de/p/lenovo-ideapad-miix-510-12ikb-6u/
2025-11-30 03:51:15,960 - ERROR - Error fetching https://www.refurbed.de/p/lenovo-ideapad-miix-510-12ikb-6u/: 404 Client Error: Not Found for url: https://www.refurbed.de/p/lenovo-ideapad-miix-510-12ikb-6u/
2025-11-30 03:51:16,962 - INFO - Scraping 4475/6851: https://www.refurbed.de/p/lenovo-ideapad-miix-510-12ikb/
2025-11-30 03:51:17,229 - ERROR - Error fetching https://www.refurbed.de/p/lenovo-ideapad-miix-510-12ikb/: 404 Client Error: Not Found for url: https://www.refurbed.de/p/lenovo-ideapad-miix-510-12ikb/
2025-11-30 03:51:18,231 - INFO - Scraping 4476/6851: https://www.refurbed.de/p/lenovo-ideapad-miix-510-12isk/
2025-11-30 03:51:18,475 - ERROR - Error fetching https://www.refurbed.de/p/lenovo-ideapad-miix-510-12isk/: 404 Client Error: Not Found for url: https://www.refurbed.de/p/lenovo-ideapad-miix-510-12isk/
2025-11-30 03:51:19,477 - INFO - Scraping 4477/6851: https://www.refurbed.de/p/lenovo-ideapad-miix-520-12ikb/
2025-11-30 03:51:20,899 - INFO - Scraping 4478/6851: https://www.refurbed.de/p/lenovo-ideapad-miix-520-8350u-/
2025-11-30 03:51:21,236 - ERROR - Error fetching https://www.refurbed.de/p/lenovo-ideapad-miix-520-8350u-/: 404 Client Error: Not Found for url: https://www.refurbed.de/p/lenovo-ideapad-miix-520-8350u-/
2025-11-30 03:51:22,239 - INFO - Scraping 4479/6851: https://www.refurbed.de/p/lenovo-ideapad-s130-14igm-n5000-/
2025-11-30 03:51:23,649 - INFO - Scraping 4480/6851: https://www.refurbed.de/p/lenovo-ideapad-s340-14iwl-5405u/
2025-11-30 03:51:25,065 - INFO - Scraping 4481/6851: https://www.refurbed.de/p/lenovo-ideapad-s340-14iwl-8265u/
2025-11-30 03:51:26,463 - INFO - Scraping 4482/6851: https://www.refurbed.de/p/lenovo-ideapad-s340-15iwl-8265u/
2025-11-30 03:51:27,903 - INFO - Scraping 4483/6851: https://www.refurbed.de/p/lenovo-ideapad-v110-15-6006u/
2025-11-30 03:51:28,193 - ERROR - Error fetching https://www.refurbed.de/p/lenovo-ideapad-v110-15-6006u/: 404 Client Error: Not Found for url: https://www.refurbed.de/p/lenovo-ideapad-v110-15-6006u/
2025-11-30 03:51:29,196 - INFO - Scraping 4484/6851: https://www.refurbed.de/p/lenovo-ideapad-v110-15-7200u/
2025-11-30 03:51:29,478 - ERROR - Error fetching https://www.refurbed.de/p/lenovo-ideapad-v110-15-7200u/: 404 Client Error: Not Found for url: https://www.refurbed.de/p/lenovo-ideapad-v110-15-7200u/
2025-11-30 03:51:30,481 - INFO - Scraping 4485/6851: https://www.refurbed.de/p/lenovo-ideapad-v110-17-7200u/
2025-11-30 03:51:30,770 - ERROR - Error fetching https://www.refurbed.de/p/lenovo-ideapad-v110-17-7200u/: 404 Client Error: Not Found for url: https://www.refurbed.de/p/lenovo-ideapad-v110-17-7200u/
2025-11-30 03:51:31,772 - INFO - Scraping 4486/6851: https://www.refurbed.de/p/lenovo-ideapad-y91017isk-i7/
2025-11-30 03:51:32,164 - ERROR - Error fetching https://www.refurbed.de/p/lenovo-ideapad-y91017isk-i7/: 404 Client Error: Not Found for url: https://www.refurbed.de/p/lenovo-ideapad-y91017isk-i7/
2025-11-30 03:51:33,166 - INFO - Scraping 4487/6851: https://www.refurbed.de/p/lenovo-legion-5-15ach6a-5-5600h/
2025-11-30 03:51:34,590 - INFO - Scraping 4488/6851: https://www.refurbed.de/p/lenovo-legion-5-15ach6h-5-5600h/
2025-11-30 03:51:36,045 - INFO - Scraping 4489/6851: https://www.refurbed.de/p/lenovo-legion-5-15ith6h-12700h/
2025-11-30 03:51:37,500 - INFO - Scraping 4490/6851: https://www.refurbed.de/p/lenovo-legion-5-17ach6-5800h/
2025-11-30 03:51:38,964 - INFO - Scraping 4491/6851: https://www.refurbed.de/p/lenovo-legion-5-17ith6h-11400h/
2025-11-30 03:51:40,416 - INFO - Scraping 4492/6851: https://www.refurbed.de/p/lenovo-legion-5-i5-10300h/
2025-11-30 03:51:41,787 - INFO - Scraping 4493/6851: https://www.refurbed.de/p/lenovo-legion-5-pro-16ach6h-5800/
2025-11-30 03:51:43,203 - INFO - Scraping 4494/6851: https://www.refurbed.de/p/lenovo-legion-5-pro-i7-11800h/
2025-11-30 03:51:44,604 - INFO - Scraping 4495/6851: https://www.refurbed.de/p/lenovo-legion-go-8apu1-ryzen-z1/
2025-11-30 03:51:45,990 - INFO - Scraping 4496/6851: https://www.refurbed.de/p/lenovo-legion-t5-26iob6/
2025-11-30 03:51:47,504 - INFO - Scraping 4497/6851: https://www.refurbed.de/p/lenovo-legion-t5-26irb8/
2025-11-30 03:51:48,922 - INFO - Scraping 4498/6851: https://www.refurbed.de/p/lenovo-legion-y32p-30/
2025-11-30 03:51:50,589 - INFO - Scraping 4499/6851: https://www.refurbed.de/p/lenovo-legion-y530-15ich-8750/
2025-11-30 03:51:51,997 - INFO - Scraping 4500/6851: https://www.refurbed.de/p/lenovo-legion-y540-15irh-9300hf/
2025-11-30 03:51:53,397 - INFO - Scraping 4501/6851: https://www.refurbed.de/p/lenovo-legion-y540-17irh-9300h/
2025-11-30 03:51:54,860 - INFO - Scraping 4502/6851: https://www.refurbed.de/p/lenovo-legion-y720-15ikb-i5-7300/
2025-11-30 03:51:55,156 - ERROR - Error fetching https://www.refurbed.de/p/lenovo-legion-y720-15ikb-i5-7300/: 404 Client Error: Not Found for url: https://www.refurbed.de/p/lenovo-legion-y720-15ikb-i5-7300/
2025-11-30 03:51:56,158 - INFO - Scraping 4503/6851: https://www.refurbed.de/p/lenovo-legion-y740-15ichg-8750h/
2025-11-30 03:51:57,618 - INFO - Scraping 4504/6851: https://www.refurbed.de/p/lenovo-matepad-10-4/
2025-11-30 03:51:59,161 - INFO - Scraping 4505/6851: https://www.refurbed.de/p/lenovo-matepad-2022-10-4/
2025-11-30 03:52:00,710 - INFO - Scraping 4506/6851: https://www.refurbed.de/p/lenovo-n23-yoga-chrmbk-a53/
2025-11-30 03:52:02,099 - INFO - Scraping 4507/6851: https://www.refurbed.de/p/lenovo-n23-yoga-chrmbk-mt8173c/
2025-11-30 03:52:03,540 - INFO - Scraping 4508/6851: https://www.refurbed.de/p/lenovo-smart-tab-m10-g2/
2025-11-30 03:52:05,081 - INFO - Scraping 4509/6851: https://www.refurbed.de/p/lenovo-smart-tab-m10-gen2/
2025-11-30 03:52:06,594 - INFO - Scraping 4510/6851: https://www.refurbed.de/p/lenovo-smart-tab-m10-plus/
2025-11-30 03:52:08,005 - INFO - Scraping 4511/6851: https://www.refurbed.de/p/lenovo-smart-tab-m10/
2025-11-30 03:52:09,513 - INFO - Scraping 4512/6851: https://www.refurbed.de/p/lenovo-smart-tab-m8-google/
2025-11-30 03:52:10,981 - INFO - Scraping 4513/6851: https://www.refurbed.de/p/lenovo-smart-tab-p10/
2025-11-30 03:52:12,446 - INFO - Scraping 4514/6851: https://www.refurbed.de/p/lenovo-smart-tab-yt-x705l/
2025-11-30 03:52:13,865 - INFO - Scraping 4515/6851: https://www.refurbed.de/p/lenovo-tab-10-tb-x103f/
2025-11-30 03:52:15,316 - INFO - Scraping 4516/6851: https://www.refurbed.de/p/lenovo-tab-4-8/
2025-11-30 03:52:16,782 - INFO - Scraping 4517/6851: https://www.refurbed.de/p/lenovo-tab-e7-tb-7104f/
2025-11-30 03:52:18,236 - INFO - Scraping 4518/6851: https://www.refurbed.de/p/lenovo-tab-m10-5g-tb360zu/
2025-11-30 03:52:19,768 - INFO - Scraping 4519/6851: https://www.refurbed.de/p/lenovo-tab-m10-hd-tb-x306x/
2025-11-30 03:52:21,175 - INFO - Scraping 4520/6851: https://www.refurbed.de/p/lenovo-tab-m10-plus-gen3-10-6/
2025-11-30 03:52:22,589 - INFO - Scraping 4521/6851: https://www.refurbed.de/p/lenovo-tab-m10-plus-gen3-wifi/
2025-11-30 03:52:24,206 - INFO - Scraping 4522/6851: https://www.refurbed.de/p/lenovo-tab-m10-plus-tb-x606f/
2025-11-30 03:52:25,642 - INFO - Scraping 4523/6851: https://www.refurbed.de/p/lenovo-tab-m10-plus-tb-x606x/
2025-11-30 03:52:27,057 - INFO - Scraping 4524/6851: https://www.refurbed.de/p/lenovo-tab-m10-tb-x505f/
2025-11-30 03:52:28,488 - INFO - Scraping 4525/6851: https://www.refurbed.de/p/lenovo-tab-m10-tb-x505l/
2025-11-30 03:52:30,010 - INFO - Scraping 4526/6851: https://www.refurbed.de/p/lenovo-tab-m10-tb-x605f/
2025-11-30 03:52:31,423 - INFO - Scraping 4527/6851: https://www.refurbed.de/p/lenovo-tab-m10-tb-x605l-10-1/
2025-11-30 03:52:33,004 - INFO - Scraping 4528/6851: https://www.refurbed.de/p/lenovo-tab-m10-tb328fu/
2025-11-30 03:52:34,434 - INFO - Scraping 4529/6851: https://www.refurbed.de/p/lenovo-tab-m10-tb328xu/
2025-11-30 03:52:36,043 - INFO - Scraping 4530/6851: https://www.refurbed.de/p/lenovo-tab-m11-tb330fu/
2025-11-30 03:52:37,627 - INFO - Scraping 4531/6851: https://www.refurbed.de/p/lenovo-tab-m7-g2/
2025-11-30 03:52:39,125 - INFO - Scraping 4532/6851: https://www.refurbed.de/p/lenovo-tab-m8-fhd/
2025-11-30 03:52:40,578 - INFO - Scraping 4533/6851: https://www.refurbed.de/p/lenovo-tab-m8-g3/
2025-11-30 03:52:42,011 - INFO - Scraping 4534/6851: https://www.refurbed.de/p/lenovo-tab-m8-g4/
2025-11-30 03:52:43,555 - INFO - Scraping 4535/6851: https://www.refurbed.de/p/lenovo-tab-m8-hd/
2025-11-30 03:52:44,993 - INFO - Scraping 4536/6851: https://www.refurbed.de/p/lenovo-tab-m8/
2025-11-30 03:52:46,683 - INFO - Scraping 4537/6851: https://www.refurbed.de/p/lenovo-tab-p11-11/
2025-11-30 03:52:48,213 - INFO - Scraping 4538/6851: https://www.refurbed.de/p/lenovo-tab-p11-5g-11/
2025-11-30 03:52:50,008 - INFO - Scraping 4539/6851: https://www.refurbed.de/p/lenovo-tab-p11-g2-tb350xu/
2025-11-30 03:52:51,514 - INFO - Scraping 4540/6851: https://www.refurbed.de/p/lenovo-tab-p11-g2/
2025-11-30 03:52:52,925 - INFO - Scraping 4541/6851: https://www.refurbed.de/p/lenovo-tab-p11-plus/
2025-11-30 03:52:54,403 - INFO - Scraping 4542/6851: https://www.refurbed.de/p/lenovo-tab-p11-pro-g2-tb132fu/
2025-11-30 03:52:55,868 - INFO - Scraping 4543/6851: https://www.refurbed.de/p/lenovo-tab-p12-pro-12/
2025-11-30 03:52:57,268 - INFO - Scraping 4544/6851: https://www.refurbed.de/p/lenovo-tab-p12/
2025-11-30 03:52:58,688 - INFO - Scraping 4545/6851: https://www.refurbed.de/p/lenovo-tab-tb311xu/
2025-11-30 03:53:00,475 - INFO - Scraping 4546/6851: https://www.refurbed.de/p/lenovo-tab2-a10-30l/
2025-11-30 03:53:01,917 - INFO - Scraping 4547/6851: https://www.refurbed.de/p/lenovo-tab3-8/
2025-11-30 03:53:03,355 - INFO - Scraping 4548/6851: https://www.refurbed.de/p/lenovo-tablet-10-n4100/
2025-11-30 03:53:03,678 - ERROR - Error fetching https://www.refurbed.de/p/lenovo-tablet-10-n4100/: 404 Client Error: Not Found for url: https://www.refurbed.de/p/lenovo-tablet-10-n4100/
2025-11-30 03:53:04,681 - INFO - Scraping 4549/6851: https://www.refurbed.de/p/lenovo-thinkbook-14s-yoga1135g7/
2025-11-30 03:53:06,101 - INFO - Scraping 4550/6851: https://www.refurbed.de/p/lenovo-thinkbook-14s-yoga1165g7/
2025-11-30 03:53:07,536 - INFO - Scraping 4551/6851: https://www.refurbed.de/p/lenovo-thinkpad-10-gen2/
2025-11-30 03:53:07,884 - ERROR - Error fetching https://www.refurbed.de/p/lenovo-thinkpad-10-gen2/: 404 Client Error: Not Found for url: https://www.refurbed.de/p/lenovo-thinkpad-10-gen2/
2025-11-30 03:53:08,885 - INFO - Scraping 4552/6851: https://www.refurbed.de/p/lenovo-thinkpad-10/
2025-11-30 03:53:09,191 - ERROR - Error fetching https://www.refurbed.de/p/lenovo-thinkpad-10/: 404 Client Error: Not Found for url: https://www.refurbed.de/p/lenovo-thinkpad-10/
2025-11-30 03:53:10,193 - INFO - Scraping 4553/6851: https://www.refurbed.de/p/lenovo-thinkpad-13-g2-7100u/
2025-11-30 03:53:10,442 - ERROR - Error fetching https://www.refurbed.de/p/lenovo-thinkpad-13-g2-7100u/: 404 Client Error: Not Found for url: https://www.refurbed.de/p/lenovo-thinkpad-13-g2-7100u/
2025-11-30 03:53:11,445 - INFO - Scraping 4554/6851: https://www.refurbed.de/p/lenovo-thinkpad-13-g2-i5-7200/
2025-11-30 03:53:11,820 - ERROR - Error fetching https://www.refurbed.de/p/lenovo-thinkpad-13-g2-i5-7200/: 404 Client Error: Not Found for url: https://www.refurbed.de/p/lenovo-thinkpad-13-g2-i5-7200/
2025-11-30 03:53:12,822 - INFO - Scraping 4555/6851: https://www.refurbed.de/p/lenovo-thinkpad-13-g2-i5-7300/
2025-11-30 03:53:13,082 - ERROR - Error fetching https://www.refurbed.de/p/lenovo-thinkpad-13-g2-i5-7300/: 404 Client Error: Not Found for url: https://www.refurbed.de/p/lenovo-thinkpad-13-g2-i5-7300/
2025-11-30 03:53:14,084 - INFO - Scraping 4556/6851: https://www.refurbed.de/p/lenovo-thinkpad-13-i5-6200u/
2025-11-30 03:53:14,426 - ERROR - Error fetching https://www.refurbed.de/p/lenovo-thinkpad-13-i5-6200u/: 404 Client Error: Not Found for url: https://www.refurbed.de/p/lenovo-thinkpad-13-i5-6200u/
2025-11-30 03:53:15,428 - INFO - Scraping 4557/6851: https://www.refurbed.de/p/lenovo-thinkpad-370-i5-7200u/
2025-11-30 03:53:15,702 - ERROR - Error fetching https://www.refurbed.de/p/lenovo-thinkpad-370-i5-7200u/: 404 Client Error: Not Found for url: https://www.refurbed.de/p/lenovo-thinkpad-370-i5-7200u/
2025-11-30 03:53:16,705 - INFO - Scraping 4558/6851: https://www.refurbed.de/p/lenovo-thinkpad-a275-8800b/
2025-11-30 03:53:16,966 - ERROR - Error fetching https://www.refurbed.de/p/lenovo-thinkpad-a275-8800b/: 404 Client Error: Not Found for url: https://www.refurbed.de/p/lenovo-thinkpad-a275-8800b/
2025-11-30 03:53:17,968 - INFO - Scraping 4559/6851: https://www.refurbed.de/p/lenovo-thinkpad-a275-8830b/
2025-11-30 03:53:18,299 - ERROR - Error fetching https://www.refurbed.de/p/lenovo-thinkpad-a275-8830b/: 404 Client Error: Not Found for url: https://www.refurbed.de/p/lenovo-thinkpad-a275-8830b/
2025-11-30 03:53:19,301 - INFO - Scraping 4560/6851: https://www.refurbed.de/p/lenovo-thinkpad-a275-9700b/
2025-11-30 03:53:19,557 - ERROR - Error fetching https://www.refurbed.de/p/lenovo-thinkpad-a275-9700b/: 404 Client Error: Not Found for url: https://www.refurbed.de/p/lenovo-thinkpad-a275-9700b/
2025-11-30 03:53:20,559 - INFO - Scraping 4561/6851: https://www.refurbed.de/p/lenovo-thinkpad-a285-3-pro-2300u/
2025-11-30 03:53:20,846 - ERROR - Error fetching https://www.refurbed.de/p/lenovo-thinkpad-a285-3-pro-2300u/: 404 Client Error: Not Found for url: https://www.refurbed.de/p/lenovo-thinkpad-a285-3-pro-2300u/
2025-11-30 03:53:21,848 - INFO - Scraping 4562/6851: https://www.refurbed.de/p/lenovo-thinkpad-a285-5-pro-2500u/
2025-11-30 03:53:22,147 - ERROR - Error fetching https://www.refurbed.de/p/lenovo-thinkpad-a285-5-pro-2500u/: 404 Client Error: Not Found for url: https://www.refurbed.de/p/lenovo-thinkpad-a285-5-pro-2500u/
2025-11-30 03:53:23,149 - INFO - Scraping 4563/6851: https://www.refurbed.de/p/lenovo-thinkpad-a475-9800b/
2025-11-30 03:53:23,446 - ERROR - Error fetching https://www.refurbed.de/p/lenovo-thinkpad-a475-9800b/: 404 Client Error: Not Found for url: https://www.refurbed.de/p/lenovo-thinkpad-a475-9800b/
2025-11-30 03:53:24,449 - INFO - Scraping 4564/6851: https://www.refurbed.de/p/lenovo-thinkpad-a485-3pro-2300u/
2025-11-30 03:53:24,713 - ERROR - Error fetching https://www.refurbed.de/p/lenovo-thinkpad-a485-3pro-2300u/: 404 Client Error: Not Found for url: https://www.refurbed.de/p/lenovo-thinkpad-a485-3pro-2300u/
2025-11-30 03:53:25,716 - INFO - Scraping 4565/6851: https://www.refurbed.de/p/lenovo-thinkpad-a485-5-pro-2500u/
2025-11-30 03:53:26,020 - ERROR - Error fetching https://www.refurbed.de/p/lenovo-thinkpad-a485-5-pro-2500u/: 404 Client Error: Not Found for url: https://www.refurbed.de/p/lenovo-thinkpad-a485-5-pro-2500u/
2025-11-30 03:53:27,023 - INFO - Scraping 4566/6851: https://www.refurbed.de/p/lenovo-thinkpad-a485-7-pro-2700u/
2025-11-30 03:53:27,450 - ERROR - Error fetching https://www.refurbed.de/p/lenovo-thinkpad-a485-7-pro-2700u/: 404 Client Error: Not Found for url: https://www.refurbed.de/p/lenovo-thinkpad-a485-7-pro-2700u/
2025-11-30 03:53:28,452 - INFO - Scraping 4567/6851: https://www.refurbed.de/p/lenovo-thinkpad-dock-40a5/
2025-11-30 03:53:29,923 - INFO - Scraping 4568/6851: https://www.refurbed.de/p/lenovo-thinkpad-e14-g2-1115g4/
2025-11-30 03:53:31,413 - INFO - Scraping 4569/6851: https://www.refurbed.de/p/lenovo-thinkpad-e14-g2-4500u/
2025-11-30 03:53:32,836 - INFO - Scraping 4570/6851: https://www.refurbed.de/p/lenovo-thinkpad-e14-g2-4650u/
2025-11-30 03:53:34,288 - INFO - Scraping 4571/6851: https://www.refurbed.de/p/lenovo-thinkpad-e14-g2-i5-1135g7/
2025-11-30 03:53:35,890 - INFO - Scraping 4572/6851: https://www.refurbed.de/p/lenovo-thinkpad-e14-g2-i7-1165g7/
2025-11-30 03:53:37,437 - INFO - Scraping 4573/6851: https://www.refurbed.de/p/lenovo-thinkpad-e14-g3-3-5300u/
2025-11-30 03:53:38,918 - INFO - Scraping 4574/6851: https://www.refurbed.de/p/lenovo-thinkpad-e14-g3-5-5500u/
2025-11-30 03:53:40,639 - INFO - Scraping 4575/6851: https://www.refurbed.de/p/lenovo-thinkpad-e14-g3-75700u/
2025-11-30 03:53:42,137 - INFO - Scraping 4576/6851: https://www.refurbed.de/p/lenovo-thinkpad-e14-g4-5-5625u/
2025-11-30 03:53:43,586 - INFO - Scraping 4577/6851: https://www.refurbed.de/p/lenovo-thinkpad-e14-g4-i5-1235u/
2025-11-30 03:53:45,032 - INFO - Scraping 4578/6851: https://www.refurbed.de/p/lenovo-thinkpad-e14-g5-3-7330u/
2025-11-30 03:53:46,674 - INFO - Scraping 4579/6851: https://www.refurbed.de/p/lenovo-thinkpad-e14-i3-10110u/
2025-11-30 03:53:48,152 - INFO - Scraping 4580/6851: https://www.refurbed.de/p/lenovo-thinkpad-e14-i5-10210u/
2025-11-30 03:53:49,706 - INFO - Scraping 4581/6851: https://www.refurbed.de/p/lenovo-thinkpad-e14-i7-10510u/
2025-11-30 03:53:51,223 - INFO - Scraping 4582/6851: https://www.refurbed.de/p/lenovo-thinkpad-e15-10210u/
2025-11-30 03:53:52,793 - INFO - Scraping 4583/6851: https://www.refurbed.de/p/lenovo-thinkpad-e15-g2-1135g7/
2025-11-30 03:53:54,248 - INFO - Scraping 4584/6851: https://www.refurbed.de/p/lenovo-thinkpad-e15-g2-1165g7/
2025-11-30 03:53:55,656 - INFO - Scraping 4585/6851: https://www.refurbed.de/p/lenovo-thinkpad-e15-g2-54500u/
2025-11-30 03:53:57,085 - INFO - Scraping 4586/6851: https://www.refurbed.de/p/lenovo-thinkpad-e15-g3-5-5500u/
2025-11-30 03:53:58,541 - INFO - Scraping 4587/6851: https://www.refurbed.de/p/lenovo-thinkpad-e15-g3-7-5700u/
2025-11-30 03:53:59,985 - INFO - Scraping 4588/6851: https://www.refurbed.de/p/lenovo-thinkpad-e15-g4-i5-1235/
2025-11-30 03:54:01,422 - INFO - Scraping 4589/6851: https://www.refurbed.de/p/lenovo-thinkpad-e15-g4-i7-1255u/
2025-11-30 03:54:02,942 - INFO - Scraping 4590/6851: https://www.refurbed.de/p/lenovo-thinkpad-e15-i7-10510u/
2025-11-30 03:54:04,380 - INFO - Scraping 4591/6851: https://www.refurbed.de/p/lenovo-thinkpad-e460-i5-6200u/
2025-11-30 03:54:04,651 - ERROR - Error fetching https://www.refurbed.de/p/lenovo-thinkpad-e460-i5-6200u/: 404 Client Error: Not Found for url: https://www.refurbed.de/p/lenovo-thinkpad-e460-i5-6200u/
2025-11-30 03:54:05,653 - INFO - Scraping 4592/6851: https://www.refurbed.de/p/lenovo-thinkpad-e470-i3-7100u/
2025-11-30 03:54:05,908 - ERROR - Error fetching https://www.refurbed.de/p/lenovo-thinkpad-e470-i3-7100u/: 404 Client Error: Not Found for url: https://www.refurbed.de/p/lenovo-thinkpad-e470-i3-7100u/
2025-11-30 03:54:06,911 - INFO - Scraping 4593/6851: https://www.refurbed.de/p/lenovo-thinkpad-e480-i5-8250u-14/
2025-11-30 03:54:08,549 - INFO - Scraping 4594/6851: https://www.refurbed.de/p/lenovo-thinkpad-e480-i78550u-14/
2025-11-30 03:54:08,840 - ERROR - Error fetching https://www.refurbed.de/p/lenovo-thinkpad-e480-i78550u-14/: 404 Client Error: Not Found for url: https://www.refurbed.de/p/lenovo-thinkpad-e480-i78550u-14/
2025-11-30 03:54:09,843 - INFO - Scraping 4595/6851: https://www.refurbed.de/p/lenovo-thinkpad-e490-8145u-14/
2025-11-30 03:54:11,538 - INFO - Scraping 4596/6851: https://www.refurbed.de/p/lenovo-thinkpad-e490-8365u-14/
2025-11-30 03:54:12,941 - INFO - Scraping 4597/6851: https://www.refurbed.de/p/lenovo-thinkpad-e490-i58265u-14/
2025-11-30 03:54:14,431 - INFO - Scraping 4598/6851: https://www.refurbed.de/p/lenovo-thinkpad-e560-i5-15/
2025-11-30 03:54:14,704 - ERROR - Error fetching https://www.refurbed.de/p/lenovo-thinkpad-e560-i5-15/: 404 Client Error: Not Found for url: https://www.refurbed.de/p/lenovo-thinkpad-e560-i5-15/
2025-11-30 03:54:15,706 - INFO - Scraping 4599/6851: https://www.refurbed.de/p/lenovo-thinkpad-e570-i5-7200u/
2025-11-30 03:54:15,989 - ERROR - Error fetching https://www.refurbed.de/p/lenovo-thinkpad-e570-i5-7200u/: 404 Client Error: Not Found for url: https://www.refurbed.de/p/lenovo-thinkpad-e570-i5-7200u/
2025-11-30 03:54:16,991 - INFO - Scraping 4600/6851: https://www.refurbed.de/p/lenovo-thinkpad-e590-8565u-15-6/
2025-11-30 03:54:18,437 - INFO - Scraping 4601/6851: https://www.refurbed.de/p/lenovo-thinkpad-helix-2-m-5y71/
2025-11-30 03:54:18,826 - ERROR - Error fetching https://www.refurbed.de/p/lenovo-thinkpad-helix-2-m-5y71/: 404 Client Error: Not Found for url: https://www.refurbed.de/p/lenovo-thinkpad-helix-2-m-5y71/
2025-11-30 03:54:19,828 - INFO - Scraping 4602/6851: https://www.refurbed.de/p/lenovo-thinkpad-l13-10210u/
2025-11-30 03:54:21,725 - INFO - Scraping 4603/6851: https://www.refurbed.de/p/lenovo-thinkpad-l13-10310u-13-3/
2025-11-30 03:54:23,281 - INFO - Scraping 4604/6851: https://www.refurbed.de/p/lenovo-thinkpad-l13-4-1335u/
2025-11-30 03:54:24,728 - INFO - Scraping 4605/6851: https://www.refurbed.de/p/lenovo-thinkpad-l13-g1-10210u/
2025-11-30 03:54:26,506 - INFO - Scraping 4606/6851: https://www.refurbed.de/p/lenovo-thinkpad-l13-g1-10310u-13/
2025-11-30 03:54:27,948 - INFO - Scraping 4607/6851: https://www.refurbed.de/p/lenovo-thinkpad-l13-g1-i3-10110u/
2025-11-30 03:54:29,468 - INFO - Scraping 4608/6851: https://www.refurbed.de/p/lenovo-thinkpad-l13-g1-i5-10310u/
2025-11-30 03:54:31,055 - INFO - Scraping 4609/6851: https://www.refurbed.de/p/lenovo-thinkpad-l13-g1-i7-10510u/
2025-11-30 03:54:32,639 - INFO - Scraping 4610/6851: https://www.refurbed.de/p/lenovo-thinkpad-l13-g2-1115g4/
2025-11-30 03:54:34,313 - INFO - Scraping 4611/6851: https://www.refurbed.de/p/lenovo-thinkpad-l13-g2-1145g7/
2025-11-30 03:54:35,824 - INFO - Scraping 4612/6851: https://www.refurbed.de/p/lenovo-thinkpad-l13-g2-1165g7/
2025-11-30 03:54:37,407 - INFO - Scraping 4613/6851: https://www.refurbed.de/p/lenovo-thinkpad-l13-g2-i5-1135g7/
2025-11-30 03:54:38,933 - INFO - Scraping 4614/6851: https://www.refurbed.de/p/lenovo-thinkpad-l13-g4-7730u-/
2025-11-30 03:54:40,327 - INFO - Scraping 4615/6851: https://www.refurbed.de/p/lenovo-thinkpad-l13-i7-10510u/
2025-11-30 03:54:42,070 - INFO - Scraping 4616/6851: https://www.refurbed.de/p/lenovo-thinkpad-l13-yoga-10210u/
2025-11-30 03:54:43,611 - INFO - Scraping 4617/6851: https://www.refurbed.de/p/lenovo-thinkpad-l13-yoga-1135g7/
2025-11-30 03:54:45,038 - INFO - Scraping 4618/6851: https://www.refurbed.de/p/lenovo-thinkpad-l13-yoga-4-1335u/
2025-11-30 03:54:46,473 - INFO - Scraping 4619/6851: https://www.refurbed.de/p/lenovo-thinkpad-l13-yoga-5850u/
2025-11-30 03:54:48,101 - INFO - Scraping 4620/6851: https://www.refurbed.de/p/lenovo-thinkpad-l13-yoga-i7-1165/
2025-11-30 03:54:49,695 - INFO - Scraping 4621/6851: https://www.refurbed.de/p/lenovo-thinkpad-l14-g1-10210u-14/
2025-11-30 03:54:51,448 - INFO - Scraping 4622/6851: https://www.refurbed.de/p/lenovo-thinkpad-l14-g1-6405u/
2025-11-30 03:54:52,873 - INFO - Scraping 4623/6851: https://www.refurbed.de/p/lenovo-thinkpad-l14-g1-i3-10110u/
2025-11-30 03:54:54,244 - INFO - Scraping 4624/6851: https://www.refurbed.de/p/lenovo-thinkpad-l14-g1-i5-10310u/
2025-11-30 03:54:55,833 - INFO - Scraping 4625/6851: https://www.refurbed.de/p/lenovo-thinkpad-l14-g1-i7-10510u/
2025-11-30 03:54:57,530 - INFO - Scraping 4626/6851: https://www.refurbed.de/p/lenovo-thinkpad-l14-g1-i7-10610u/
2025-11-30 03:54:59,079 - INFO - Scraping 4627/6851: https://www.refurbed.de/p/lenovo-thinkpad-l14-g1-r5-4500u/
2025-11-30 03:55:00,648 - INFO - Scraping 4628/6851: https://www.refurbed.de/p/lenovo-thinkpad-l14-g1-ryzen5-14/
2025-11-30 03:55:02,263 - INFO - Scraping 4629/6851: https://www.refurbed.de/p/lenovo-thinkpad-l14-g2-1135g7-14/
2025-11-30 03:55:03,692 - INFO - Scraping 4630/6851: https://www.refurbed.de/p/lenovo-thinkpad-l14-g2-1145g7-14/
2025-11-30 03:55:05,203 - INFO - Scraping 4631/6851: https://www.refurbed.de/p/lenovo-thinkpad-l14-g2-i7-1165g7/
2025-11-30 03:55:06,719 - INFO - Scraping 4632/6851: https://www.refurbed.de/p/lenovo-thinkpad-l14-g2-r3-pro/
2025-11-30 03:55:08,158 - INFO - Scraping 4633/6851: https://www.refurbed.de/p/lenovo-thinkpad-l14-g2-r5-5600u/
2025-11-30 03:55:09,586 - INFO - Scraping 4634/6851: https://www.refurbed.de/p/lenovo-thinkpad-l14-g2-r5-5650u/
2025-11-30 03:55:11,217 - INFO - Scraping 4635/6851: https://www.refurbed.de/p/lenovo-thinkpad-l14-g2-r7-5850u/
2025-11-30 03:55:12,718 - INFO - Scraping 4636/6851: https://www.refurbed.de/p/lenovo-thinkpad-l14-g3-5675u/
2025-11-30 03:55:14,213 - INFO - Scraping 4637/6851: https://www.refurbed.de/p/lenovo-thinkpad-l14-g3-5875u/
2025-11-30 03:55:15,661 - INFO - Scraping 4638/6851: https://www.refurbed.de/p/lenovo-thinkpad-l14-g3-i5-1235u/
2025-11-30 03:55:17,492 - INFO - Scraping 4639/6851: https://www.refurbed.de/p/lenovo-thinkpad-l14-g3-i5-1245u/
2025-11-30 03:55:19,193 - INFO - Scraping 4640/6851: https://www.refurbed.de/p/lenovo-thinkpad-l14-g3-i7-1255u/
2025-11-30 03:55:20,588 - INFO - Scraping 4641/6851: https://www.refurbed.de/p/lenovo-thinkpad-l14-g3-i7-1265u/
2025-11-30 03:55:22,040 - INFO - Scraping 4642/6851: https://www.refurbed.de/p/lenovo-thinkpad-l14-g4-7530u/
2025-11-30 03:55:23,487 - INFO - Scraping 4643/6851: https://www.refurbed.de/p/lenovo-thinkpad-l14-g4-7730u/
2025-11-30 03:55:24,884 - INFO - Scraping 4644/6851: https://www.refurbed.de/p/lenovo-thinkpad-l14-g4-i5-1335u/
2025-11-30 03:55:26,397 - INFO - Scraping 4645/6851: https://www.refurbed.de/p/lenovo-thinkpad-l14-g4-i7-1355u/
2025-11-30 03:55:27,819 - INFO - Scraping 4646/6851: https://www.refurbed.de/p/lenovo-thinkpad-l15-g1-i3-10110u/
2025-11-30 03:55:29,406 - INFO - Scraping 4647/6851: https://www.refurbed.de/p/lenovo-thinkpad-l15-g1-i5-10210u/
2025-11-30 03:55:31,124 - INFO - Scraping 4648/6851: https://www.refurbed.de/p/lenovo-thinkpad-l15-g1-i5-10310u/
2025-11-30 03:55:32,666 - INFO - Scraping 4649/6851: https://www.refurbed.de/p/lenovo-thinkpad-l15-g1-i7-10510u/
2025-11-30 03:55:34,282 - INFO - Scraping 4650/6851: https://www.refurbed.de/p/lenovo-thinkpad-l15-g2-1135g7/
2025-11-30 03:55:35,911 - INFO - Scraping 4651/6851: https://www.refurbed.de/p/lenovo-thinkpad-l15-g2-1145g7/
2025-11-30 03:55:37,461 - INFO - Scraping 4652/6851: https://www.refurbed.de/p/lenovo-thinkpad-l15-g2-1165g7/
2025-11-30 03:55:38,924 - INFO - Scraping 4653/6851: https://www.refurbed.de/p/lenovo-thinkpad-l15-g2-pro-5650u/
2025-11-30 03:55:40,435 - INFO - Scraping 4654/6851: https://www.refurbed.de/p/lenovo-thinkpad-l15-g2-pro-5850u/
2025-11-30 03:55:41,889 - INFO - Scraping 4655/6851: https://www.refurbed.de/p/lenovo-thinkpad-l15-g3-i5-1235u/
2025-11-30 03:55:43,453 - INFO - Scraping 4656/6851: https://www.refurbed.de/p/lenovo-thinkpad-l15-g3-r5-5675u/
2025-11-30 03:55:44,968 - INFO - Scraping 4657/6851: https://www.refurbed.de/p/lenovo-thinkpad-l15-g3-ryzen-7/
2025-11-30 03:55:46,533 - INFO - Scraping 4658/6851: https://www.refurbed.de/p/lenovo-thinkpad-l15-g4-7730u/
2025-11-30 03:55:47,938 - INFO - Scraping 4659/6851: https://www.refurbed.de/p/lenovo-thinkpad-l15-g4-i5-1335u/
2025-11-30 03:55:49,504 - INFO - Scraping 4660/6851: https://www.refurbed.de/p/lenovo-thinkpad-l16-g1-u-5-135u/
2025-11-30 03:55:50,985 - INFO - Scraping 4661/6851: https://www.refurbed.de/p/lenovo-thinkpad-l380-i3-8130u-13/
2025-11-30 03:55:52,389 - INFO - Scraping 4662/6851: https://www.refurbed.de/p/lenovo-thinkpad-l380-i5-8250u-13/
2025-11-30 03:55:54,061 - INFO - Scraping 4663/6851: https://www.refurbed.de/p/lenovo-thinkpad-l380-i5-8350u-13/
2025-11-30 03:55:55,634 - INFO - Scraping 4664/6851: https://www.refurbed.de/p/lenovo-thinkpad-l380-yoga-8130u/
2025-11-30 03:55:57,037 - INFO - Scraping 4665/6851: https://www.refurbed.de/p/lenovo-thinkpad-l380-yoga-8250/
2025-11-30 03:55:58,435 - INFO - Scraping 4666/6851: https://www.refurbed.de/p/lenovo-thinkpad-l380-yoga-8550u/
2025-11-30 03:55:59,842 - INFO - Scraping 4667/6851: https://www.refurbed.de/p/lenovo-thinkpad-l390-8145u-13/
2025-11-30 03:56:01,446 - INFO - Scraping 4668/6851: https://www.refurbed.de/p/lenovo-thinkpad-l390-i-5-8365u/
2025-11-30 03:56:03,214 - INFO - Scraping 4669/6851: https://www.refurbed.de/p/lenovo-thinkpad-l390-i5-8265u-13/
2025-11-30 03:56:04,887 - INFO - Scraping 4670/6851: https://www.refurbed.de/p/lenovo-thinkpad-l390-i5-8565u-13/
2025-11-30 03:56:06,459 - INFO - Scraping 4671/6851: https://www.refurbed.de/p/lenovo-thinkpad-l390-yoga-8265u/
2025-11-30 03:56:08,031 - INFO - Scraping 4672/6851: https://www.refurbed.de/p/lenovo-thinkpad-l390-yoga-8365u/
2025-11-30 03:56:09,585 - INFO - Scraping 4673/6851: https://www.refurbed.de/p/lenovo-thinkpad-l390-yoga-8565u/
2025-11-30 03:56:10,985 - INFO - Scraping 4674/6851: https://www.refurbed.de/p/lenovo-thinkpad-l440-i3-4000m-14/
2025-11-30 03:56:11,327 - ERROR - Error fetching https://www.refurbed.de/p/lenovo-thinkpad-l440-i3-4000m-14/: 404 Client Error: Not Found for url: https://www.refurbed.de/p/lenovo-thinkpad-l440-i3-4000m-14/
2025-11-30 03:56:12,330 - INFO - Scraping 4675/6851: https://www.refurbed.de/p/lenovo-thinkpad-l440-i5-4100m/
2025-11-30 03:56:12,781 - ERROR - Error fetching https://www.refurbed.de/p/lenovo-thinkpad-l440-i5-4100m/: 404 Client Error: Not Found for url: https://www.refurbed.de/p/lenovo-thinkpad-l440-i5-4100m/
2025-11-30 03:56:13,783 - INFO - Scraping 4676/6851: https://www.refurbed.de/p/lenovo-thinkpad-l440-i5-4200m-14/
2025-11-30 03:56:14,071 - ERROR - Error fetching https://www.refurbed.de/p/lenovo-thinkpad-l440-i5-4200m-14/: 404 Client Error: Not Found for url: https://www.refurbed.de/p/lenovo-thinkpad-l440-i5-4200m-14/
2025-11-30 03:56:15,073 - INFO - Scraping 4677/6851: https://www.refurbed.de/p/lenovo-thinkpad-l440-i5-4300m/
2025-11-30 03:56:15,333 - ERROR - Error fetching https://www.refurbed.de/p/lenovo-thinkpad-l440-i5-4300m/: 404 Client Error: Not Found for url: https://www.refurbed.de/p/lenovo-thinkpad-l440-i5-4300m/
2025-11-30 03:56:16,335 - INFO - Scraping 4678/6851: https://www.refurbed.de/p/lenovo-thinkpad-l440-i5-4300u-14/
2025-11-30 03:56:16,589 - ERROR - Error fetching https://www.refurbed.de/p/lenovo-thinkpad-l440-i5-4300u-14/: 404 Client Error: Not Found for url: https://www.refurbed.de/p/lenovo-thinkpad-l440-i5-4300u-14/
2025-11-30 03:56:17,592 - INFO - Scraping 4679/6851: https://www.refurbed.de/p/lenovo-thinkpad-l450-i3-5005u-14/
2025-11-30 03:56:17,864 - ERROR - Error fetching https://www.refurbed.de/p/lenovo-thinkpad-l450-i3-5005u-14/: 404 Client Error: Not Found for url: https://www.refurbed.de/p/lenovo-thinkpad-l450-i3-5005u-14/
2025-11-30 03:56:18,867 - INFO - Scraping 4680/6851: https://www.refurbed.de/p/lenovo-thinkpad-l450-i5-4300u-14/
2025-11-30 03:56:19,187 - ERROR - Error fetching https://www.refurbed.de/p/lenovo-thinkpad-l450-i5-4300u-14/: 404 Client Error: Not Found for url: https://www.refurbed.de/p/lenovo-thinkpad-l450-i5-4300u-14/
2025-11-30 03:56:20,189 - INFO - Scraping 4681/6851: https://www.refurbed.de/p/lenovo-thinkpad-l450-i5-5200u-14/
2025-11-30 03:56:20,467 - ERROR - Error fetching https://www.refurbed.de/p/lenovo-thinkpad-l450-i5-5200u-14/: 404 Client Error: Not Found for url: https://www.refurbed.de/p/lenovo-thinkpad-l450-i5-5200u-14/
2025-11-30 03:56:21,470 - INFO - Scraping 4682/6851: https://www.refurbed.de/p/lenovo-thinkpad-l450-i5-5300u-14/
2025-11-30 03:56:21,722 - ERROR - Error fetching https://www.refurbed.de/p/lenovo-thinkpad-l450-i5-5300u-14/: 404 Client Error: Not Found for url: https://www.refurbed.de/p/lenovo-thinkpad-l450-i5-5300u-14/
2025-11-30 03:56:22,724 - INFO - Scraping 4683/6851: https://www.refurbed.de/p/lenovo-thinkpad-l460-4405u/
2025-11-30 03:56:22,984 - ERROR - Error fetching https://www.refurbed.de/p/lenovo-thinkpad-l460-4405u/: 404 Client Error: Not Found for url: https://www.refurbed.de/p/lenovo-thinkpad-l460-4405u/
2025-11-30 03:56:23,986 - INFO - Scraping 4684/6851: https://www.refurbed.de/p/lenovo-thinkpad-l460-6200u/
2025-11-30 03:56:24,275 - ERROR - Error fetching https://www.refurbed.de/p/lenovo-thinkpad-l460-6200u/: 404 Client Error: Not Found for url: https://www.refurbed.de/p/lenovo-thinkpad-l460-6200u/
2025-11-30 03:56:25,278 - INFO - Scraping 4685/6851: https://www.refurbed.de/p/lenovo-thinkpad-l460-6300u/
2025-11-30 03:56:25,556 - ERROR - Error fetching https://www.refurbed.de/p/lenovo-thinkpad-l460-6300u/: 404 Client Error: Not Found for url: https://www.refurbed.de/p/lenovo-thinkpad-l460-6300u/
2025-11-30 03:56:26,558 - INFO - Scraping 4686/6851: https://www.refurbed.de/p/lenovo-thinkpad-l460-i3-6100u/
2025-11-30 03:56:26,831 - ERROR - Error fetching https://www.refurbed.de/p/lenovo-thinkpad-l460-i3-6100u/: 404 Client Error: Not Found for url: https://www.refurbed.de/p/lenovo-thinkpad-l460-i3-6100u/
2025-11-30 03:56:27,833 - INFO - Scraping 4687/6851: https://www.refurbed.de/p/lenovo-thinkpad-l470-3955u-14/
2025-11-30 03:56:28,103 - ERROR - Error fetching https://www.refurbed.de/p/lenovo-thinkpad-l470-3955u-14/: 404 Client Error: Not Found for url: https://www.refurbed.de/p/lenovo-thinkpad-l470-3955u-14/
2025-11-30 03:56:29,106 - INFO - Scraping 4688/6851: https://www.refurbed.de/p/lenovo-thinkpad-l470-7500u-14/
2025-11-30 03:56:29,362 - ERROR - Error fetching https://www.refurbed.de/p/lenovo-thinkpad-l470-7500u-14/: 404 Client Error: Not Found for url: https://www.refurbed.de/p/lenovo-thinkpad-l470-7500u-14/
2025-11-30 03:56:30,364 - INFO - Scraping 4689/6851: https://www.refurbed.de/p/lenovo-thinkpad-l470-i3-6100u/
2025-11-30 03:56:30,619 - ERROR - Error fetching https://www.refurbed.de/p/lenovo-thinkpad-l470-i3-6100u/: 404 Client Error: Not Found for url: https://www.refurbed.de/p/lenovo-thinkpad-l470-i3-6100u/
2025-11-30 03:56:31,621 - INFO - Scraping 4690/6851: https://www.refurbed.de/p/lenovo-thinkpad-l470-i5-6200u-14/
2025-11-30 03:56:31,881 - ERROR - Error fetching https://www.refurbed.de/p/lenovo-thinkpad-l470-i5-6200u-14/: 404 Client Error: Not Found for url: https://www.refurbed.de/p/lenovo-thinkpad-l470-i5-6200u-14/
2025-11-30 03:56:32,883 - INFO - Scraping 4691/6851: https://www.refurbed.de/p/lenovo-thinkpad-l470-i5-6300u-14/
2025-11-30 03:56:33,160 - ERROR - Error fetching https://www.refurbed.de/p/lenovo-thinkpad-l470-i5-6300u-14/: 404 Client Error: Not Found for url: https://www.refurbed.de/p/lenovo-thinkpad-l470-i5-6300u-14/
2025-11-30 03:56:34,162 - INFO - Scraping 4692/6851: https://www.refurbed.de/p/lenovo-thinkpad-l470-i5-7200u-14/
2025-11-30 03:56:34,512 - ERROR - Error fetching https://www.refurbed.de/p/lenovo-thinkpad-l470-i5-7200u-14/: 404 Client Error: Not Found for url: https://www.refurbed.de/p/lenovo-thinkpad-l470-i5-7200u-14/
2025-11-30 03:56:35,514 - INFO - Scraping 4693/6851: https://www.refurbed.de/p/lenovo-thinkpad-l470-i5-7300u-14/
2025-11-30 03:56:35,832 - ERROR - Error fetching https://www.refurbed.de/p/lenovo-thinkpad-l470-i5-7300u-14/: 404 Client Error: Not Found for url: https://www.refurbed.de/p/lenovo-thinkpad-l470-i5-7300u-14/
2025-11-30 03:56:36,834 - INFO - Scraping 4694/6851: https://www.refurbed.de/p/lenovo-thinkpad-l480-7020u-14/
2025-11-30 03:56:37,093 - ERROR - Error fetching https://www.refurbed.de/p/lenovo-thinkpad-l480-7020u-14/: 404 Client Error: Not Found for url: https://www.refurbed.de/p/lenovo-thinkpad-l480-7020u-14/
2025-11-30 03:56:38,095 - INFO - Scraping 4695/6851: https://www.refurbed.de/p/lenovo-thinkpad-l480-8130u-14/
2025-11-30 03:56:39,521 - INFO - Scraping 4696/6851: https://www.refurbed.de/p/lenovo-thinkpad-l480-8250u-14/
2025-11-30 03:56:41,236 - INFO - Scraping 4697/6851: https://www.refurbed.de/p/lenovo-thinkpad-l480-8350u-14/
2025-11-30 03:56:42,684 - INFO - Scraping 4698/6851: https://www.refurbed.de/p/lenovo-thinkpad-l480-8550u-14/
2025-11-30 03:56:44,151 - INFO - Scraping 4699/6851: https://www.refurbed.de/p/lenovo-thinkpad-l480-c-3965u/
2025-11-30 03:56:44,424 - ERROR - Error fetching https://www.refurbed.de/p/lenovo-thinkpad-l480-c-3965u/: 404 Client Error: Not Found for url: https://www.refurbed.de/p/lenovo-thinkpad-l480-c-3965u/
2025-11-30 03:56:45,426 - INFO - Scraping 4700/6851: https://www.refurbed.de/p/lenovo-thinkpad-l480-i5-7300u/
2025-11-30 03:56:45,704 - ERROR - Error fetching https://www.refurbed.de/p/lenovo-thinkpad-l480-i5-7300u/: 404 Client Error: Not Found for url: https://www.refurbed.de/p/lenovo-thinkpad-l480-i5-7300u/
2025-11-30 03:56:46,706 - INFO - Scraping 4701/6851: https://www.refurbed.de/p/lenovo-thinkpad-l490-4305u-14/
2025-11-30 03:56:48,110 - INFO - Scraping 4702/6851: https://www.refurbed.de/p/lenovo-thinkpad-l490-8145u-14/
2025-11-30 03:56:49,699 - INFO - Scraping 4703/6851: https://www.refurbed.de/p/lenovo-thinkpad-l490-8365u-14/
2025-11-30 03:56:51,308 - INFO - Scraping 4704/6851: https://www.refurbed.de/p/lenovo-thinkpad-l490-8565u-14/
2025-11-30 03:56:52,813 - INFO - Scraping 4705/6851: https://www.refurbed.de/p/lenovo-thinkpad-l490-i5-8250u/
2025-11-30 03:56:54,518 - INFO - Scraping 4706/6851: https://www.refurbed.de/p/lenovo-thinkpad-l490-i5-8265u/
2025-11-30 03:56:56,201 - INFO - Scraping 4707/6851: https://www.refurbed.de/p/lenovo-thinkpad-l540-i5-4300m-15/
2025-11-30 03:56:56,587 - ERROR - Error fetching https://www.refurbed.de/p/lenovo-thinkpad-l540-i5-4300m-15/: 404 Client Error: Not Found for url: https://www.refurbed.de/p/lenovo-thinkpad-l540-i5-4300m-15/
2025-11-30 03:56:57,589 - INFO - Scraping 4708/6851: https://www.refurbed.de/p/lenovo-thinkpad-l540-i7-4600m-15/
2025-11-30 03:56:57,850 - ERROR - Error fetching https://www.refurbed.de/p/lenovo-thinkpad-l540-i7-4600m-15/: 404 Client Error: Not Found for url: https://www.refurbed.de/p/lenovo-thinkpad-l540-i7-4600m-15/
2025-11-30 03:56:58,852 - INFO - Scraping 4709/6851: https://www.refurbed.de/p/lenovo-thinkpad-l560-3855u/
2025-11-30 03:56:59,157 - ERROR - Error fetching https://www.refurbed.de/p/lenovo-thinkpad-l560-3855u/: 404 Client Error: Not Found for url: https://www.refurbed.de/p/lenovo-thinkpad-l560-3855u/
2025-11-30 03:57:00,159 - INFO - Scraping 4710/6851: https://www.refurbed.de/p/lenovo-thinkpad-l560-i3-6100u-15/
2025-11-30 03:57:00,419 - ERROR - Error fetching https://www.refurbed.de/p/lenovo-thinkpad-l560-i3-6100u-15/: 404 Client Error: Not Found for url: https://www.refurbed.de/p/lenovo-thinkpad-l560-i3-6100u-15/
2025-11-30 03:57:01,422 - INFO - Scraping 4711/6851: https://www.refurbed.de/p/lenovo-thinkpad-l560-i5-6200u-15/
2025-11-30 03:57:01,686 - ERROR - Error fetching https://www.refurbed.de/p/lenovo-thinkpad-l560-i5-6200u-15/: 404 Client Error: Not Found for url: https://www.refurbed.de/p/lenovo-thinkpad-l560-i5-6200u-15/
2025-11-30 03:57:02,688 - INFO - Scraping 4712/6851: https://www.refurbed.de/p/lenovo-thinkpad-l560-i5-6300u-15/
2025-11-30 03:57:02,952 - ERROR - Error fetching https://www.refurbed.de/p/lenovo-thinkpad-l560-i5-6300u-15/: 404 Client Error: Not Found for url: https://www.refurbed.de/p/lenovo-thinkpad-l560-i5-6300u-15/
2025-11-30 03:57:03,954 - INFO - Scraping 4713/6851: https://www.refurbed.de/p/lenovo-thinkpad-l560-i7-15-6/
2025-11-30 03:57:04,267 - ERROR - Error fetching https://www.refurbed.de/p/lenovo-thinkpad-l560-i7-15-6/: 404 Client Error: Not Found for url: https://www.refurbed.de/p/lenovo-thinkpad-l560-i7-15-6/
2025-11-30 03:57:05,270 - INFO - Scraping 4714/6851: https://www.refurbed.de/p/lenovo-thinkpad-l570-3965u/
2025-11-30 03:57:05,540 - ERROR - Error fetching https://www.refurbed.de/p/lenovo-thinkpad-l570-3965u/: 404 Client Error: Not Found for url: https://www.refurbed.de/p/lenovo-thinkpad-l570-3965u/
2025-11-30 03:57:06,545 - INFO - Scraping 4715/6851: https://www.refurbed.de/p/lenovo-thinkpad-l570-7100u-15-6/
2025-11-30 03:57:06,809 - ERROR - Error fetching https://www.refurbed.de/p/lenovo-thinkpad-l570-7100u-15-6/: 404 Client Error: Not Found for url: https://www.refurbed.de/p/lenovo-thinkpad-l570-7100u-15-6/
2025-11-30 03:57:07,811 - INFO - Scraping 4716/6851: https://www.refurbed.de/p/lenovo-thinkpad-l570-7200u-15-6/
2025-11-30 03:57:08,101 - ERROR - Error fetching https://www.refurbed.de/p/lenovo-thinkpad-l570-7200u-15-6/: 404 Client Error: Not Found for url: https://www.refurbed.de/p/lenovo-thinkpad-l570-7200u-15-6/
2025-11-30 03:57:09,103 - INFO - Scraping 4717/6851: https://www.refurbed.de/p/lenovo-thinkpad-l570-7500u-15-6/
2025-11-30 03:57:09,359 - ERROR - Error fetching https://www.refurbed.de/p/lenovo-thinkpad-l570-7500u-15-6/: 404 Client Error: Not Found for url: https://www.refurbed.de/p/lenovo-thinkpad-l570-7500u-15-6/
2025-11-30 03:57:10,361 - INFO - Scraping 4718/6851: https://www.refurbed.de/p/lenovo-thinkpad-l570-i5-6200u-15/
2025-11-30 03:57:10,635 - ERROR - Error fetching https://www.refurbed.de/p/lenovo-thinkpad-l570-i5-6200u-15/: 404 Client Error: Not Found for url: https://www.refurbed.de/p/lenovo-thinkpad-l570-i5-6200u-15/
2025-11-30 03:57:11,637 - INFO - Scraping 4719/6851: https://www.refurbed.de/p/lenovo-thinkpad-l570-i5-6300u-15/
2025-11-30 03:57:11,916 - ERROR - Error fetching https://www.refurbed.de/p/lenovo-thinkpad-l570-i5-6300u-15/: 404 Client Error: Not Found for url: https://www.refurbed.de/p/lenovo-thinkpad-l570-i5-6300u-15/
2025-11-30 03:57:12,918 - INFO - Scraping 4720/6851: https://www.refurbed.de/p/lenovo-thinkpad-l570-i5-7300u-15/
2025-11-30 03:57:13,202 - ERROR - Error fetching https://www.refurbed.de/p/lenovo-thinkpad-l570-i5-7300u-15/: 404 Client Error: Not Found for url: https://www.refurbed.de/p/lenovo-thinkpad-l570-i5-7300u-15/
2025-11-30 03:57:14,204 - INFO - Scraping 4721/6851: https://www.refurbed.de/p/lenovo-thinkpad-l570-i7-7600u/
2025-11-30 03:57:14,575 - ERROR - Error fetching https://www.refurbed.de/p/lenovo-thinkpad-l570-i7-7600u/: 404 Client Error: Not Found for url: https://www.refurbed.de/p/lenovo-thinkpad-l570-i7-7600u/
2025-11-30 03:57:15,577 - INFO - Scraping 4722/6851: https://www.refurbed.de/p/lenovo-thinkpad-l580-7200u-15-6/
2025-11-30 03:57:15,833 - ERROR - Error fetching https://www.refurbed.de/p/lenovo-thinkpad-l580-7200u-15-6/: 404 Client Error: Not Found for url: https://www.refurbed.de/p/lenovo-thinkpad-l580-7200u-15-6/
2025-11-30 03:57:16,835 - INFO - Scraping 4723/6851: https://www.refurbed.de/p/lenovo-thinkpad-l580-8250u/
2025-11-30 03:57:18,352 - INFO - Scraping 4724/6851: https://www.refurbed.de/p/lenovo-thinkpad-l580-8350u/
2025-11-30 03:57:19,988 - INFO - Scraping 4725/6851: https://www.refurbed.de/p/lenovo-thinkpad-l580-i3-8130u/
2025-11-30 03:57:21,516 - INFO - Scraping 4726/6851: https://www.refurbed.de/p/lenovo-thinkpad-l580-i5-7300u/
2025-11-30 03:57:21,782 - ERROR - Error fetching https://www.refurbed.de/p/lenovo-thinkpad-l580-i5-7300u/: 404 Client Error: Not Found for url: https://www.refurbed.de/p/lenovo-thinkpad-l580-i5-7300u/
2025-11-30 03:57:22,784 - INFO - Scraping 4727/6851: https://www.refurbed.de/p/lenovo-thinkpad-l580-i7-8550u/
2025-11-30 03:57:24,285 - INFO - Scraping 4728/6851: https://www.refurbed.de/p/lenovo-thinkpad-p-g4-i7-11800h/
2025-11-30 03:57:25,920 - INFO - Scraping 4729/6851: https://www.refurbed.de/p/lenovo-thinkpad-p-g4-i7-11850h/
2025-11-30 03:57:27,477 - INFO - Scraping 4730/6851: https://www.refurbed.de/p/lenovo-thinkpad-p-g5-i7-12800h/
2025-11-30 03:57:28,889 - INFO - Scraping 4731/6851: https://www.refurbed.de/p/lenovo-thinkpad-p-g5-i9-12900h/
2025-11-30 03:57:30,286 - INFO - Scraping 4732/6851: https://www.refurbed.de/p/lenovo-thinkpad-p1-e-2176m/
2025-11-30 03:57:31,951 - INFO - Scraping 4733/6851: https://www.refurbed.de/p/lenovo-thinkpad-p1-g3-i7-10875h/
2025-11-30 03:57:33,378 - INFO - Scraping 4734/6851: https://www.refurbed.de/p/lenovo-thinkpad-p1-i7-8750h-15/
2025-11-30 03:57:34,836 - INFO - Scraping 4735/6851: https://www.refurbed.de/p/lenovo-thinkpad-p14s-g1-10210u/
2025-11-30 03:57:36,367 - INFO - Scraping 4736/6851: https://www.refurbed.de/p/lenovo-thinkpad-p14s-g1-10510u/
2025-11-30 03:57:38,037 - INFO - Scraping 4737/6851: https://www.refurbed.de/p/lenovo-thinkpad-p14s-g1-i7-9850h/
2025-11-30 03:57:39,474 - INFO - Scraping 4738/6851: https://www.refurbed.de/p/lenovo-thinkpad-p14s-g1-ryzen-7/
2025-11-30 03:57:41,056 - INFO - Scraping 4739/6851: https://www.refurbed.de/p/lenovo-thinkpad-p14s-g2-1165g7/
2025-11-30 03:57:42,780 - INFO - Scraping 4740/6851: https://www.refurbed.de/p/lenovo-thinkpad-p14s-g2-5850u/
2025-11-30 03:57:44,305 - INFO - Scraping 4741/6851: https://www.refurbed.de/p/lenovo-thinkpad-p14s-g2-i5-1145/
2025-11-30 03:57:45,867 - INFO - Scraping 4742/6851: https://www.refurbed.de/p/lenovo-thinkpad-p15-g1-10750h/
2025-11-30 03:57:47,364 - INFO - Scraping 4743/6851: https://www.refurbed.de/p/lenovo-thinkpad-p15-g1-10850h/
2025-11-30 03:57:48,804 - INFO - Scraping 4744/6851: https://www.refurbed.de/p/lenovo-thinkpad-p15-g1-i7-10875h/
2025-11-30 03:57:50,352 - INFO - Scraping 4745/6851: https://www.refurbed.de/p/lenovo-thinkpad-p15-g1-i9-10885h/
2025-11-30 03:57:51,751 - INFO - Scraping 4746/6851: https://www.refurbed.de/p/lenovo-thinkpad-p15-g2-i7-11800h/
2025-11-30 03:57:53,345 - INFO - Scraping 4747/6851: https://www.refurbed.de/p/lenovo-thinkpad-p15-g2-i7-11850h/
2025-11-30 03:57:55,100 - INFO - Scraping 4748/6851: https://www.refurbed.de/p/lenovo-thinkpad-p15-g2-i9-11950h/
2025-11-30 03:57:56,954 - INFO - Scraping 4749/6851: https://www.refurbed.de/p/lenovo-thinkpad-p15s-g1-10510u/
2025-11-30 03:57:58,593 - INFO - Scraping 4750/6851: https://www.refurbed.de/p/lenovo-thinkpad-p15s-g2-1165g7/
2025-11-30 03:58:00,103 - INFO - Scraping 4751/6851: https://www.refurbed.de/p/lenovo-thinkpad-p15v-g1-i7/
2025-11-30 03:58:01,564 - INFO - Scraping 4752/6851: https://www.refurbed.de/p/lenovo-thinkpad-p16-12950hx/
2025-11-30 03:58:02,981 - INFO - Scraping 4753/6851: https://www.refurbed.de/p/lenovo-thinkpad-p16v-i9-13900h/
2025-11-30 03:58:04,531 - INFO - Scraping 4754/6851: https://www.refurbed.de/p/lenovo-thinkpad-p17-12850hx/
2025-11-30 03:58:06,022 - INFO - Scraping 4755/6851: https://www.refurbed.de/p/lenovo-thinkpad-p17-g1-10750h/
2025-11-30 03:58:07,742 - INFO - Scraping 4756/6851: https://www.refurbed.de/p/lenovo-thinkpad-p17-g1-10850h/
2025-11-30 03:58:09,660 - INFO - Scraping 4757/6851: https://www.refurbed.de/p/lenovo-thinkpad-p17-g1-10885h/
2025-11-30 03:58:11,069 - INFO - Scraping 4758/6851: https://www.refurbed.de/p/lenovo-thinkpad-p17-g1-10885m/
2025-11-30 03:58:12,540 - INFO - Scraping 4759/6851: https://www.refurbed.de/p/lenovo-thinkpad-p17-g1-w-10855m/
2025-11-30 03:58:13,964 - INFO - Scraping 4760/6851: https://www.refurbed.de/p/lenovo-thinkpad-p17-g2-11500h/
2025-11-30 03:58:15,363 - INFO - Scraping 4761/6851: https://www.refurbed.de/p/lenovo-thinkpad-p50-e3-1505m-15/
2025-11-30 03:58:15,619 - ERROR - Error fetching https://www.refurbed.de/p/lenovo-thinkpad-p50-e3-1505m-15/: 404 Client Error: Not Found for url: https://www.refurbed.de/p/lenovo-thinkpad-p50-e3-1505m-15/
2025-11-30 03:58:16,622 - INFO - Scraping 4762/6851: https://www.refurbed.de/p/lenovo-thinkpad-p50-i7-6700hq-15/
2025-11-30 03:58:16,876 - ERROR - Error fetching https://www.refurbed.de/p/lenovo-thinkpad-p50-i7-6700hq-15/: 404 Client Error: Not Found for url: https://www.refurbed.de/p/lenovo-thinkpad-p50-i7-6700hq-15/
2025-11-30 03:58:17,878 - INFO - Scraping 4763/6851: https://www.refurbed.de/p/lenovo-thinkpad-p50-i7-6820hq-15/
2025-11-30 03:58:18,196 - ERROR - Error fetching https://www.refurbed.de/p/lenovo-thinkpad-p50-i7-6820hq-15/: 404 Client Error: Not Found for url: https://www.refurbed.de/p/lenovo-thinkpad-p50-i7-6820hq-15/
2025-11-30 03:58:19,198 - INFO - Scraping 4764/6851: https://www.refurbed.de/p/lenovo-thinkpad-p50s-i7-6500u/
2025-11-30 03:58:19,490 - ERROR - Error fetching https://www.refurbed.de/p/lenovo-thinkpad-p50s-i7-6500u/: 404 Client Error: Not Found for url: https://www.refurbed.de/p/lenovo-thinkpad-p50s-i7-6500u/
2025-11-30 03:58:20,492 - INFO - Scraping 4765/6851: https://www.refurbed.de/p/lenovo-thinkpad-p50s-i7-6600u/
2025-11-30 03:58:20,774 - ERROR - Error fetching https://www.refurbed.de/p/lenovo-thinkpad-p50s-i7-6600u/: 404 Client Error: Not Found for url: https://www.refurbed.de/p/lenovo-thinkpad-p50s-i7-6600u/
2025-11-30 03:58:21,776 - INFO - Scraping 4766/6851: https://www.refurbed.de/p/lenovo-thinkpad-p51-7700hq-15-6/
2025-11-30 03:58:22,222 - ERROR - Error fetching https://www.refurbed.de/p/lenovo-thinkpad-p51-7700hq-15-6/: 404 Client Error: Not Found for url: https://www.refurbed.de/p/lenovo-thinkpad-p51-7700hq-15-6/
2025-11-30 03:58:23,224 - INFO - Scraping 4767/6851: https://www.refurbed.de/p/lenovo-thinkpad-p51-i7-6820hq-15/
2025-11-30 03:58:23,666 - ERROR - Error fetching https://www.refurbed.de/p/lenovo-thinkpad-p51-i7-6820hq-15/: 404 Client Error: Not Found for url: https://www.refurbed.de/p/lenovo-thinkpad-p51-i7-6820hq-15/
2025-11-30 03:58:24,668 - INFO - Scraping 4768/6851: https://www.refurbed.de/p/lenovo-thinkpad-p51-i7-7820hq-15/
2025-11-30 03:58:26,384 - INFO - Scraping 4769/6851: https://www.refurbed.de/p/lenovo-thinkpad-p51s-i7-6500-15/
2025-11-30 03:58:26,653 - ERROR - Error fetching https://www.refurbed.de/p/lenovo-thinkpad-p51s-i7-6500-15/: 404 Client Error: Not Found for url: https://www.refurbed.de/p/lenovo-thinkpad-p51s-i7-6500-15/
2025-11-30 03:58:27,655 - INFO - Scraping 4770/6851: https://www.refurbed.de/p/lenovo-thinkpad-p51s-i7-7500u-15/
2025-11-30 03:58:27,914 - ERROR - Error fetching https://www.refurbed.de/p/lenovo-thinkpad-p51s-i7-7500u-15/: 404 Client Error: Not Found for url: https://www.refurbed.de/p/lenovo-thinkpad-p51s-i7-7500u-15/
2025-11-30 03:58:28,917 - INFO - Scraping 4771/6851: https://www.refurbed.de/p/lenovo-thinkpad-p51s-i7-7600u-15/
2025-11-30 03:58:29,187 - ERROR - Error fetching https://www.refurbed.de/p/lenovo-thinkpad-p51s-i7-7600u-15/: 404 Client Error: Not Found for url: https://www.refurbed.de/p/lenovo-thinkpad-p51s-i7-7600u-15/
2025-11-30 03:58:30,189 - INFO - Scraping 4772/6851: https://www.refurbed.de/p/lenovo-thinkpad-p52-e-2176m/
2025-11-30 03:58:31,595 - INFO - Scraping 4773/6851: https://www.refurbed.de/p/lenovo-thinkpad-p52-i7-8550u/
2025-11-30 03:58:33,091 - INFO - Scraping 4774/6851: https://www.refurbed.de/p/lenovo-thinkpad-p52-i7-8750h/
2025-11-30 03:58:34,602 - INFO - Scraping 4775/6851: https://www.refurbed.de/p/lenovo-thinkpad-p52-i7-8850h/
2025-11-30 03:58:36,234 - INFO - Scraping 4776/6851: https://www.refurbed.de/p/lenovo-thinkpad-p52s-i5-8250u-15/
2025-11-30 03:58:37,656 - INFO - Scraping 4777/6851: https://www.refurbed.de/p/lenovo-thinkpad-p52s-i7-8550u/
2025-11-30 03:58:39,283 - INFO - Scraping 4778/6851: https://www.refurbed.de/p/lenovo-thinkpad-p52s-i7-8650u-15/
2025-11-30 03:58:41,035 - INFO - Scraping 4779/6851: https://www.refurbed.de/p/lenovo-thinkpad-p53s-8565u-15-6/
2025-11-30 03:58:42,590 - INFO - Scraping 4780/6851: https://www.refurbed.de/p/lenovo-thinkpad-p71-1505m-v6-17/
2025-11-30 03:58:43,148 - ERROR - Error fetching https://www.refurbed.de/p/lenovo-thinkpad-p71-1505m-v6-17/: 404 Client Error: Not Found for url: https://www.refurbed.de/p/lenovo-thinkpad-p71-1505m-v6-17/
2025-11-30 03:58:44,150 - INFO - Scraping 4781/6851: https://www.refurbed.de/p/lenovo-thinkpad-p71-1535m-17/
2025-11-30 03:58:44,652 - ERROR - Error fetching https://www.refurbed.de/p/lenovo-thinkpad-p71-1535m-17/: 404 Client Error: Not Found for url: https://www.refurbed.de/p/lenovo-thinkpad-p71-1535m-17/
2025-11-30 03:58:45,654 - INFO - Scraping 4782/6851: https://www.refurbed.de/p/lenovo-thinkpad-p71-7700hq-17-3/
2025-11-30 03:58:45,949 - ERROR - Error fetching https://www.refurbed.de/p/lenovo-thinkpad-p71-7700hq-17-3/: 404 Client Error: Not Found for url: https://www.refurbed.de/p/lenovo-thinkpad-p71-7700hq-17-3/
2025-11-30 03:58:46,952 - INFO - Scraping 4783/6851: https://www.refurbed.de/p/lenovo-thinkpad-p71-i7-7820hq/
2025-11-30 03:58:48,387 - INFO - Scraping 4784/6851: https://www.refurbed.de/p/lenovo-thinkpad-pro-40ah-dock/
2025-11-30 03:58:49,844 - INFO - Scraping 4785/6851: https://www.refurbed.de/p/lenovo-thinkpad-s540-i5-15-6/
2025-11-30 03:58:50,114 - ERROR - Error fetching https://www.refurbed.de/p/lenovo-thinkpad-s540-i5-15-6/: 404 Client Error: Not Found for url: https://www.refurbed.de/p/lenovo-thinkpad-s540-i5-15-6/
2025-11-30 03:58:51,117 - INFO - Scraping 4786/6851: https://www.refurbed.de/p/lenovo-thinkpad-t14-10310u/
2025-11-30 03:58:52,714 - INFO - Scraping 4787/6851: https://www.refurbed.de/p/lenovo-thinkpad-t14-g1-10610u/
2025-11-30 03:58:54,377 - INFO - Scraping 4788/6851: https://www.refurbed.de/p/lenovo-thinkpad-t14-g1-4650u/
2025-11-30 03:58:56,037 - INFO - Scraping 4789/6851: https://www.refurbed.de/p/lenovo-thinkpad-t14-g1-4750u/
2025-11-30 03:58:57,550 - INFO - Scraping 4790/6851: https://www.refurbed.de/p/lenovo-thinkpad-t14-g1-i5-10210u/
2025-11-30 03:58:59,244 - INFO - Scraping 4791/6851: https://www.refurbed.de/p/lenovo-thinkpad-t14-g1-i5-10310u/
2025-11-30 03:59:00,878 - INFO - Scraping 4792/6851: https://www.refurbed.de/p/lenovo-thinkpad-t14-g1-i7-10510u/
2025-11-30 03:59:02,522 - INFO - Scraping 4793/6851: https://www.refurbed.de/p/lenovo-thinkpad-t14-g2-1135g7/
2025-11-30 03:59:04,217 - INFO - Scraping 4794/6851: https://www.refurbed.de/p/lenovo-thinkpad-t14-g2-1145g7/
2025-11-30 03:59:05,813 - INFO - Scraping 4795/6851: https://www.refurbed.de/p/lenovo-thinkpad-t14-g2-i5-1235u/
2025-11-30 03:59:07,211 - INFO - Scraping 4796/6851: https://www.refurbed.de/p/lenovo-thinkpad-t14-g2-i7-1165g7/
2025-11-30 03:59:08,763 - INFO - Scraping 4797/6851: https://www.refurbed.de/p/lenovo-thinkpad-t14-g2-i7-1185g7/
2025-11-30 03:59:10,537 - INFO - Scraping 4798/6851: https://www.refurbed.de/p/lenovo-thinkpad-t14-g2-r5-5650u/
2025-11-30 03:59:12,335 - INFO - Scraping 4799/6851: https://www.refurbed.de/p/lenovo-thinkpad-t14-g2-r7-5850u/
2025-11-30 03:59:14,665 - INFO - Scraping 4800/6851: https://www.refurbed.de/p/lenovo-thinkpad-t14-g3-i5-1235u/
2025-11-30 03:59:16,494 - INFO - Scraping 4801/6851: https://www.refurbed.de/p/lenovo-thinkpad-t14-g3-i5-1245u/
2025-11-30 03:59:18,366 - INFO - Scraping 4802/6851: https://www.refurbed.de/p/lenovo-thinkpad-t14-g3-i5-1250p/
2025-11-30 03:59:19,816 - INFO - Scraping 4803/6851: https://www.refurbed.de/p/lenovo-thinkpad-t14-g3-i7-1255u/
2025-11-30 03:59:21,370 - INFO - Scraping 4804/6851: https://www.refurbed.de/p/lenovo-thinkpad-t14-g3-i7-1265u/
2025-11-30 03:59:22,874 - INFO - Scraping 4805/6851: https://www.refurbed.de/p/lenovo-thinkpad-t14-g3-i7-1270p/
2025-11-30 03:59:24,305 - INFO - Scraping 4806/6851: https://www.refurbed.de/p/lenovo-thinkpad-t14-g3-ryzen-5/
2025-11-30 03:59:25,765 - INFO - Scraping 4807/6851: https://www.refurbed.de/p/lenovo-thinkpad-t14-g3-ryzen-7/
2025-11-30 03:59:27,192 - INFO - Scraping 4808/6851: https://www.refurbed.de/p/lenovo-thinkpad-t14-g4-7-7840u/
2025-11-30 03:59:28,660 - INFO - Scraping 4809/6851: https://www.refurbed.de/p/lenovo-thinkpad-t14-g4-i5-1335u/
2025-11-30 03:59:30,176 - INFO - Scraping 4810/6851: https://www.refurbed.de/p/lenovo-thinkpad-t14-g4-i5-1345u/
2025-11-30 03:59:31,886 - INFO - Scraping 4811/6851: https://www.refurbed.de/p/lenovo-thinkpad-t14-g4-i7-1365u/
2025-11-30 03:59:33,316 - INFO - Scraping 4812/6851: https://www.refurbed.de/p/lenovo-thinkpad-t14-g4-pro-7540u/
2025-11-30 03:59:34,884 - INFO - Scraping 4813/6851: https://www.refurbed.de/p/lenovo-thinkpad-t14-i5-10210u/
2025-11-30 03:59:36,518 - INFO - Scraping 4814/6851: https://www.refurbed.de/p/lenovo-thinkpad-t14-i7-10510u/
2025-11-30 03:59:37,922 - INFO - Scraping 4815/6851: https://www.refurbed.de/p/lenovo-thinkpad-t14-r5-pro-4650u/
2025-11-30 03:59:39,437 - INFO - Scraping 4816/6851: https://www.refurbed.de/p/lenovo-thinkpad-t14-ryzen-4750u/
2025-11-30 03:59:41,059 - INFO - Scraping 4817/6851: https://www.refurbed.de/p/lenovo-thinkpad-t14s-g1-10210u/
2025-11-30 03:59:42,680 - INFO - Scraping 4818/6851: https://www.refurbed.de/p/lenovo-thinkpad-t14s-g1-10310u/
2025-11-30 03:59:44,243 - INFO - Scraping 4819/6851: https://www.refurbed.de/p/lenovo-thinkpad-t14s-g1-10510u/
2025-11-30 03:59:45,774 - INFO - Scraping 4820/6851: https://www.refurbed.de/p/lenovo-thinkpad-t14s-g1-10610u/
2025-11-30 03:59:47,528 - INFO - Scraping 4821/6851: https://www.refurbed.de/p/lenovo-thinkpad-t14s-g1-4650u/
2025-11-30 03:59:49,047 - INFO - Scraping 4822/6851: https://www.refurbed.de/p/lenovo-thinkpad-t14s-g1-4750u/
2025-11-30 03:59:50,619 - INFO - Scraping 4823/6851: https://www.refurbed.de/p/lenovo-thinkpad-t14s-g2-1135g7/
2025-11-30 03:59:52,201 - INFO - Scraping 4824/6851: https://www.refurbed.de/p/lenovo-thinkpad-t14s-g2-1145g7/
2025-11-30 03:59:53,907 - INFO - Scraping 4825/6851: https://www.refurbed.de/p/lenovo-thinkpad-t14s-g2-1165g7/
2025-11-30 03:59:55,498 - INFO - Scraping 4826/6851: https://www.refurbed.de/p/lenovo-thinkpad-t14s-g2-1185g7/
2025-11-30 03:59:57,045 - INFO - Scraping 4827/6851: https://www.refurbed.de/p/lenovo-thinkpad-t14s-g2-5650u-14/
2025-11-30 03:59:58,578 - INFO - Scraping 4828/6851: https://www.refurbed.de/p/lenovo-thinkpad-t14s-g2-5650u/
2025-11-30 04:00:00,160 - INFO - Scraping 4829/6851: https://www.refurbed.de/p/lenovo-thinkpad-t14s-g2-r7-pro/
2025-11-30 04:00:01,582 - INFO - Scraping 4830/6851: https://www.refurbed.de/p/lenovo-thinkpad-t14s-g3-1260p/
2025-11-30 04:00:03,085 - INFO - Scraping 4831/6851: https://www.refurbed.de/p/lenovo-thinkpad-t14s-g3-i5-1235u/
2025-11-30 04:00:04,830 - INFO - Scraping 4832/6851: https://www.refurbed.de/p/lenovo-thinkpad-t14s-g3-i5-1240p/
2025-11-30 04:00:06,722 - INFO - Scraping 4833/6851: https://www.refurbed.de/p/lenovo-thinkpad-t14s-g3-i5-1245u/
2025-11-30 04:00:08,244 - INFO - Scraping 4834/6851: https://www.refurbed.de/p/lenovo-thinkpad-t14s-g3-i7-1255u/
2025-11-30 04:00:09,951 - INFO - Scraping 4835/6851: https://www.refurbed.de/p/lenovo-thinkpad-t14s-g3-i7-1265u/
2025-11-30 04:00:11,877 - INFO - Scraping 4836/6851: https://www.refurbed.de/p/lenovo-thinkpad-t14s-g3-i7-1270p/
2025-11-30 04:00:13,927 - INFO - Scraping 4837/6851: https://www.refurbed.de/p/lenovo-thinkpad-t14s-g4-i5-1355u/
2025-11-30 04:00:15,393 - INFO - Scraping 4838/6851: https://www.refurbed.de/p/lenovo-thinkpad-t14s-g4-i7-1355u/
2025-11-30 04:00:17,071 - INFO - Scraping 4839/6851: https://www.refurbed.de/p/lenovo-thinkpad-t15-g1-10210u/
2025-11-30 04:00:18,686 - INFO - Scraping 4840/6851: https://www.refurbed.de/p/lenovo-thinkpad-t15-g1-10310u/
2025-11-30 04:00:20,479 - INFO - Scraping 4841/6851: https://www.refurbed.de/p/lenovo-thinkpad-t15-g1-10510u/
2025-11-30 04:00:22,115 - INFO - Scraping 4842/6851: https://www.refurbed.de/p/lenovo-thinkpad-t15-g1-10610u/
2025-11-30 04:00:23,685 - INFO - Scraping 4843/6851: https://www.refurbed.de/p/lenovo-thinkpad-t15-g2-1185g7/
2025-11-30 04:00:25,263 - INFO - Scraping 4844/6851: https://www.refurbed.de/p/lenovo-thinkpad-t15g-i7-10750h/
2025-11-30 04:00:26,871 - INFO - Scraping 4845/6851: https://www.refurbed.de/p/lenovo-thinkpad-t15g-i9-10885h/
2025-11-30 04:00:28,358 - INFO - Scraping 4846/6851: https://www.refurbed.de/p/lenovo-thinkpad-t15p-10750h/
2025-11-30 04:00:29,963 - INFO - Scraping 4847/6851: https://www.refurbed.de/p/lenovo-thinkpad-t15p-g2-10750h/
2025-11-30 04:00:31,520 - INFO - Scraping 4848/6851: https://www.refurbed.de/p/lenovo-thinkpad-t15p-g2-1135g7/
2025-11-30 04:00:33,159 - INFO - Scraping 4849/6851: https://www.refurbed.de/p/lenovo-thinkpad-t15p-g2-11400h/
2025-11-30 04:00:34,682 - INFO - Scraping 4850/6851: https://www.refurbed.de/p/lenovo-thinkpad-t15p-g2-1145g7/
2025-11-30 04:00:36,309 - INFO - Scraping 4851/6851: https://www.refurbed.de/p/lenovo-thinkpad-t15p-g2-1165g7/
2025-11-30 04:00:38,077 - INFO - Scraping 4852/6851: https://www.refurbed.de/p/lenovo-thinkpad-t16-g1-6650u-/
2025-11-30 04:00:39,504 - INFO - Scraping 4853/6851: https://www.refurbed.de/p/lenovo-thinkpad-t16-g1-i5-1235u/
2025-11-30 04:00:41,211 - INFO - Scraping 4854/6851: https://www.refurbed.de/p/lenovo-thinkpad-t16-g1-i5-1245u/
2025-11-30 04:00:42,773 - INFO - Scraping 4855/6851: https://www.refurbed.de/p/lenovo-thinkpad-t16-g1-i7-1260p/
2025-11-30 04:00:43,054 - ERROR - Error fetching https://www.refurbed.de/p/lenovo-thinkpad-t16-g1-i7-1260p/: 404 Client Error: Not Found for url: https://www.refurbed.de/p/lenovo-thinkpad-t16-g1-i7-1260p/
2025-11-30 04:00:44,056 - INFO - Scraping 4856/6851: https://www.refurbed.de/p/lenovo-thinkpad-t16-g2-i5-1335u/
2025-11-30 04:00:45,535 - INFO - Scraping 4857/6851: https://www.refurbed.de/p/lenovo-thinkpad-t16-g2-i7-1355u/
2025-11-30 04:00:46,987 - INFO - Scraping 4858/6851: https://www.refurbed.de/p/lenovo-thinkpad-t440-4210u-14/
2025-11-30 04:00:47,334 - ERROR - Error fetching https://www.refurbed.de/p/lenovo-thinkpad-t440-4210u-14/: 404 Client Error: Not Found for url: https://www.refurbed.de/p/lenovo-thinkpad-t440-4210u-14/
2025-11-30 04:00:48,336 - INFO - Scraping 4859/6851: https://www.refurbed.de/p/lenovo-thinkpad-t440-i3-4010u/
2025-11-30 04:00:48,619 - ERROR - Error fetching https://www.refurbed.de/p/lenovo-thinkpad-t440-i3-4010u/: 404 Client Error: Not Found for url: https://www.refurbed.de/p/lenovo-thinkpad-t440-i3-4010u/
2025-11-30 04:00:49,621 - INFO - Scraping 4860/6851: https://www.refurbed.de/p/lenovo-thinkpad-t440-i5-4200u-14/
2025-11-30 04:00:50,247 - ERROR - Error fetching https://www.refurbed.de/p/lenovo-thinkpad-t440-i5-4200u-14/: 404 Client Error: Not Found for url: https://www.refurbed.de/p/lenovo-thinkpad-t440-i5-4200u-14/
2025-11-30 04:00:51,250 - INFO - Scraping 4861/6851: https://www.refurbed.de/p/lenovo-thinkpad-t440-i5-4200u/
2025-11-30 04:00:51,556 - ERROR - Error fetching https://www.refurbed.de/p/lenovo-thinkpad-t440-i5-4200u/: 404 Client Error: Not Found for url: https://www.refurbed.de/p/lenovo-thinkpad-t440-i5-4200u/
2025-11-30 04:00:52,559 - INFO - Scraping 4862/6851: https://www.refurbed.de/p/lenovo-thinkpad-t440-i5-4300m-14/
2025-11-30 04:00:52,892 - ERROR - Error fetching https://www.refurbed.de/p/lenovo-thinkpad-t440-i5-4300m-14/: 404 Client Error: Not Found for url: https://www.refurbed.de/p/lenovo-thinkpad-t440-i5-4300m-14/
2025-11-30 04:00:53,894 - INFO - Scraping 4863/6851: https://www.refurbed.de/p/lenovo-thinkpad-t440-i5-4300u-14/
2025-11-30 04:00:54,159 - ERROR - Error fetching https://www.refurbed.de/p/lenovo-thinkpad-t440-i5-4300u-14/: 404 Client Error: Not Found for url: https://www.refurbed.de/p/lenovo-thinkpad-t440-i5-4300u-14/
2025-11-30 04:00:55,161 - INFO - Scraping 4864/6851: https://www.refurbed.de/p/lenovo-thinkpad-t440-i7-4600u-14/
2025-11-30 04:00:55,620 - ERROR - Error fetching https://www.refurbed.de/p/lenovo-thinkpad-t440-i7-4600u-14/: 404 Client Error: Not Found for url: https://www.refurbed.de/p/lenovo-thinkpad-t440-i7-4600u-14/
2025-11-30 04:00:56,622 - INFO - Scraping 4865/6851: https://www.refurbed.de/p/lenovo-thinkpad-t440p-i5-4300m-1/
2025-11-30 04:00:56,891 - ERROR - Error fetching https://www.refurbed.de/p/lenovo-thinkpad-t440p-i5-4300m-1/: 404 Client Error: Not Found for url: https://www.refurbed.de/p/lenovo-thinkpad-t440p-i5-4300m-1/
2025-11-30 04:00:57,893 - INFO - Scraping 4866/6851: https://www.refurbed.de/p/lenovo-thinkpad-t440p-i7-4710mq-/
2025-11-30 04:00:58,348 - ERROR - Error fetching https://www.refurbed.de/p/lenovo-thinkpad-t440p-i7-4710mq-/: 404 Client Error: Not Found for url: https://www.refurbed.de/p/lenovo-thinkpad-t440p-i7-4710mq-/
2025-11-30 04:00:59,350 - INFO - Scraping 4867/6851: https://www.refurbed.de/p/lenovo-thinkpad-t440p-intel-i5-4/
2025-11-30 04:00:59,610 - ERROR - Error fetching https://www.refurbed.de/p/lenovo-thinkpad-t440p-intel-i5-4/: 404 Client Error: Not Found for url: https://www.refurbed.de/p/lenovo-thinkpad-t440p-intel-i5-4/
2025-11-30 04:01:00,612 - INFO - Scraping 4868/6851: https://www.refurbed.de/p/lenovo-thinkpad-t440s-i5-4200u-1/
2025-11-30 04:01:01,088 - ERROR - Error fetching https://www.refurbed.de/p/lenovo-thinkpad-t440s-i5-4200u-1/: 404 Client Error: Not Found for url: https://www.refurbed.de/p/lenovo-thinkpad-t440s-i5-4200u-1/
2025-11-30 04:01:02,090 - INFO - Scraping 4869/6851: https://www.refurbed.de/p/lenovo-thinkpad-t440s-i5-4300-14/
2025-11-30 04:01:02,424 - ERROR - Error fetching https://www.refurbed.de/p/lenovo-thinkpad-t440s-i5-4300-14/: 404 Client Error: Not Found for url: https://www.refurbed.de/p/lenovo-thinkpad-t440s-i5-4300-14/
2025-11-30 04:01:03,426 - INFO - Scraping 4870/6851: https://www.refurbed.de/p/lenovo-thinkpad-t440s-i5-4300u-1/
2025-11-30 04:01:03,713 - ERROR - Error fetching https://www.refurbed.de/p/lenovo-thinkpad-t440s-i5-4300u-1/: 404 Client Error: Not Found for url: https://www.refurbed.de/p/lenovo-thinkpad-t440s-i5-4300u-1/
2025-11-30 04:01:04,715 - INFO - Scraping 4871/6851: https://www.refurbed.de/p/lenovo-thinkpad-t440s-i7-4600u-1/
2025-11-30 04:01:05,024 - ERROR - Error fetching https://www.refurbed.de/p/lenovo-thinkpad-t440s-i7-4600u-1/: 404 Client Error: Not Found for url: https://www.refurbed.de/p/lenovo-thinkpad-t440s-i7-4600u-1/
2025-11-30 04:01:06,026 - INFO - Scraping 4872/6851: https://www.refurbed.de/p/lenovo-thinkpad-t440s-touch-i5-4/
2025-11-30 04:01:06,276 - ERROR - Error fetching https://www.refurbed.de/p/lenovo-thinkpad-t440s-touch-i5-4/: 404 Client Error: Not Found for url: https://www.refurbed.de/p/lenovo-thinkpad-t440s-touch-i5-4/
2025-11-30 04:01:07,278 - INFO - Scraping 4873/6851: https://www.refurbed.de/p/lenovo-thinkpad-t450-i3-5010u/
2025-11-30 04:01:07,567 - ERROR - Error fetching https://www.refurbed.de/p/lenovo-thinkpad-t450-i3-5010u/: 404 Client Error: Not Found for url: https://www.refurbed.de/p/lenovo-thinkpad-t450-i3-5010u/
2025-11-30 04:01:08,569 - INFO - Scraping 4874/6851: https://www.refurbed.de/p/lenovo-thinkpad-t450-i5-14/
2025-11-30 04:01:08,838 - ERROR - Error fetching https://www.refurbed.de/p/lenovo-thinkpad-t450-i5-14/: 404 Client Error: Not Found for url: https://www.refurbed.de/p/lenovo-thinkpad-t450-i5-14/
2025-11-30 04:01:09,840 - INFO - Scraping 4875/6851: https://www.refurbed.de/p/lenovo-thinkpad-t450-i5-5200u-14/
2025-11-30 04:01:10,325 - ERROR - Error fetching https://www.refurbed.de/p/lenovo-thinkpad-t450-i5-5200u-14/: 404 Client Error: Not Found for url: https://www.refurbed.de/p/lenovo-thinkpad-t450-i5-5200u-14/
2025-11-30 04:01:11,327 - INFO - Scraping 4876/6851: https://www.refurbed.de/p/lenovo-thinkpad-t450-i54300-14/
2025-11-30 04:01:11,613 - ERROR - Error fetching https://www.refurbed.de/p/lenovo-thinkpad-t450-i54300-14/: 404 Client Error: Not Found for url: https://www.refurbed.de/p/lenovo-thinkpad-t450-i54300-14/
2025-11-30 04:01:12,615 - INFO - Scraping 4877/6851: https://www.refurbed.de/p/lenovo-thinkpad-t450-i7-5600u-14/
2025-11-30 04:01:12,873 - ERROR - Error fetching https://www.refurbed.de/p/lenovo-thinkpad-t450-i7-5600u-14/: 404 Client Error: Not Found for url: https://www.refurbed.de/p/lenovo-thinkpad-t450-i7-5600u-14/
2025-11-30 04:01:13,876 - INFO - Scraping 4878/6851: https://www.refurbed.de/p/lenovo-thinkpad-t450s-5200u/
2025-11-30 04:01:14,135 - ERROR - Error fetching https://www.refurbed.de/p/lenovo-thinkpad-t450s-5200u/: 404 Client Error: Not Found for url: https://www.refurbed.de/p/lenovo-thinkpad-t450s-5200u/
2025-11-30 04:01:15,137 - INFO - Scraping 4879/6851: https://www.refurbed.de/p/lenovo-thinkpad-t450s-5600u/
2025-11-30 04:01:15,436 - ERROR - Error fetching https://www.refurbed.de/p/lenovo-thinkpad-t450s-5600u/: 404 Client Error: Not Found for url: https://www.refurbed.de/p/lenovo-thinkpad-t450s-5600u/
2025-11-30 04:01:16,439 - INFO - Scraping 4880/6851: https://www.refurbed.de/p/lenovo-thinkpad-t450s-i5-14/
2025-11-30 04:01:16,700 - ERROR - Error fetching https://www.refurbed.de/p/lenovo-thinkpad-t450s-i5-14/: 404 Client Error: Not Found for url: https://www.refurbed.de/p/lenovo-thinkpad-t450s-i5-14/
2025-11-30 04:01:17,702 - INFO - Scraping 4881/6851: https://www.refurbed.de/p/lenovo-thinkpad-t450s-i7-14/
2025-11-30 04:01:18,245 - ERROR - Error fetching https://www.refurbed.de/p/lenovo-thinkpad-t450s-i7-14/: 404 Client Error: Not Found for url: https://www.refurbed.de/p/lenovo-thinkpad-t450s-i7-14/
2025-11-30 04:01:19,247 - INFO - Scraping 4882/6851: https://www.refurbed.de/p/lenovo-thinkpad-t460-i3-6100u-14/
2025-11-30 04:01:19,508 - ERROR - Error fetching https://www.refurbed.de/p/lenovo-thinkpad-t460-i3-6100u-14/: 404 Client Error: Not Found for url: https://www.refurbed.de/p/lenovo-thinkpad-t460-i3-6100u-14/
2025-11-30 04:01:20,510 - INFO - Scraping 4883/6851: https://www.refurbed.de/p/lenovo-thinkpad-t460-i5-6200-14/
2025-11-30 04:01:20,944 - ERROR - Error fetching https://www.refurbed.de/p/lenovo-thinkpad-t460-i5-6200-14/: 404 Client Error: Not Found for url: https://www.refurbed.de/p/lenovo-thinkpad-t460-i5-6200-14/
2025-11-30 04:01:21,947 - INFO - Scraping 4884/6851: https://www.refurbed.de/p/lenovo-thinkpad-t460-i5-6300u-14/
2025-11-30 04:01:22,234 - ERROR - Error fetching https://www.refurbed.de/p/lenovo-thinkpad-t460-i5-6300u-14/: 404 Client Error: Not Found for url: https://www.refurbed.de/p/lenovo-thinkpad-t460-i5-6300u-14/
2025-11-30 04:01:23,236 - INFO - Scraping 4885/6851: https://www.refurbed.de/p/lenovo-thinkpad-t460-i7-6600u-14/
2025-11-30 04:01:23,683 - ERROR - Error fetching https://www.refurbed.de/p/lenovo-thinkpad-t460-i7-6600u-14/: 404 Client Error: Not Found for url: https://www.refurbed.de/p/lenovo-thinkpad-t460-i7-6600u-14/
2025-11-30 04:01:24,685 - INFO - Scraping 4886/6851: https://www.refurbed.de/p/lenovo-thinkpad-t460p-6440hq/
2025-11-30 04:01:24,972 - ERROR - Error fetching https://www.refurbed.de/p/lenovo-thinkpad-t460p-6440hq/: 404 Client Error: Not Found for url: https://www.refurbed.de/p/lenovo-thinkpad-t460p-6440hq/
2025-11-30 04:01:25,974 - INFO - Scraping 4887/6851: https://www.refurbed.de/p/lenovo-thinkpad-t460p-6820hq/
2025-11-30 04:01:26,288 - ERROR - Error fetching https://www.refurbed.de/p/lenovo-thinkpad-t460p-6820hq/: 404 Client Error: Not Found for url: https://www.refurbed.de/p/lenovo-thinkpad-t460p-6820hq/
2025-11-30 04:01:27,291 - INFO - Scraping 4888/6851: https://www.refurbed.de/p/lenovo-thinkpad-t460p-i5-6300hq/
2025-11-30 04:01:27,564 - ERROR - Error fetching https://www.refurbed.de/p/lenovo-thinkpad-t460p-i5-6300hq/: 404 Client Error: Not Found for url: https://www.refurbed.de/p/lenovo-thinkpad-t460p-i5-6300hq/
2025-11-30 04:01:28,567 - INFO - Scraping 4889/6851: https://www.refurbed.de/p/lenovo-thinkpad-t460p-i5-6440hq-/
2025-11-30 04:01:28,844 - ERROR - Error fetching https://www.refurbed.de/p/lenovo-thinkpad-t460p-i5-6440hq-/: 404 Client Error: Not Found for url: https://www.refurbed.de/p/lenovo-thinkpad-t460p-i5-6440hq-/
2025-11-30 04:01:29,847 - INFO - Scraping 4890/6851: https://www.refurbed.de/p/lenovo-thinkpad-t460p-i7-6820hq/
2025-11-30 04:01:30,116 - ERROR - Error fetching https://www.refurbed.de/p/lenovo-thinkpad-t460p-i7-6820hq/: 404 Client Error: Not Found for url: https://www.refurbed.de/p/lenovo-thinkpad-t460p-i7-6820hq/
2025-11-30 04:01:31,118 - INFO - Scraping 4891/6851: https://www.refurbed.de/p/lenovo-thinkpad-t460s-i5-6200u/
2025-11-30 04:01:31,402 - ERROR - Error fetching https://www.refurbed.de/p/lenovo-thinkpad-t460s-i5-6200u/: 404 Client Error: Not Found for url: https://www.refurbed.de/p/lenovo-thinkpad-t460s-i5-6200u/
2025-11-30 04:01:32,404 - INFO - Scraping 4892/6851: https://www.refurbed.de/p/lenovo-thinkpad-t460s-i7-6600u-1/
2025-11-30 04:01:32,696 - ERROR - Error fetching https://www.refurbed.de/p/lenovo-thinkpad-t460s-i7-6600u-1/: 404 Client Error: Not Found for url: https://www.refurbed.de/p/lenovo-thinkpad-t460s-i7-6600u-1/
2025-11-30 04:01:33,698 - INFO - Scraping 4893/6851: https://www.refurbed.de/p/lenovo-thinkpad-t460s-intel-core/
2025-11-30 04:01:33,956 - ERROR - Error fetching https://www.refurbed.de/p/lenovo-thinkpad-t460s-intel-core/: 404 Client Error: Not Found for url: https://www.refurbed.de/p/lenovo-thinkpad-t460s-intel-core/
2025-11-30 04:01:34,958 - INFO - Scraping 4894/6851: https://www.refurbed.de/p/lenovo-thinkpad-t470-6200u/
2025-11-30 04:01:35,248 - ERROR - Error fetching https://www.refurbed.de/p/lenovo-thinkpad-t470-6200u/: 404 Client Error: Not Found for url: https://www.refurbed.de/p/lenovo-thinkpad-t470-6200u/
2025-11-30 04:01:36,251 - INFO - Scraping 4895/6851: https://www.refurbed.de/p/lenovo-thinkpad-t470-6600u/
2025-11-30 04:01:36,520 - ERROR - Error fetching https://www.refurbed.de/p/lenovo-thinkpad-t470-6600u/: 404 Client Error: Not Found for url: https://www.refurbed.de/p/lenovo-thinkpad-t470-6600u/
2025-11-30 04:01:37,522 - INFO - Scraping 4896/6851: https://www.refurbed.de/p/lenovo-thinkpad-t470-7200u/
2025-11-30 04:01:37,782 - ERROR - Error fetching https://www.refurbed.de/p/lenovo-thinkpad-t470-7200u/: 404 Client Error: Not Found for url: https://www.refurbed.de/p/lenovo-thinkpad-t470-7200u/
2025-11-30 04:01:38,784 - INFO - Scraping 4897/6851: https://www.refurbed.de/p/lenovo-thinkpad-t470-7500u-14/
2025-11-30 04:01:39,240 - ERROR - Error fetching https://www.refurbed.de/p/lenovo-thinkpad-t470-7500u-14/: 404 Client Error: Not Found for url: https://www.refurbed.de/p/lenovo-thinkpad-t470-7500u-14/
2025-11-30 04:01:40,242 - INFO - Scraping 4898/6851: https://www.refurbed.de/p/lenovo-thinkpad-t470-7600u/
2025-11-30 04:01:40,529 - ERROR - Error fetching https://www.refurbed.de/p/lenovo-thinkpad-t470-7600u/: 404 Client Error: Not Found for url: https://www.refurbed.de/p/lenovo-thinkpad-t470-7600u/
2025-11-30 04:01:41,532 - INFO - Scraping 4899/6851: https://www.refurbed.de/p/lenovo-thinkpad-t470-i3-7100u/
2025-11-30 04:01:41,827 - ERROR - Error fetching https://www.refurbed.de/p/lenovo-thinkpad-t470-i3-7100u/: 404 Client Error: Not Found for url: https://www.refurbed.de/p/lenovo-thinkpad-t470-i3-7100u/
2025-11-30 04:01:42,829 - INFO - Scraping 4900/6851: https://www.refurbed.de/p/lenovo-thinkpad-t470-i5-6300u-14/
2025-11-30 04:01:43,264 - ERROR - Error fetching https://www.refurbed.de/p/lenovo-thinkpad-t470-i5-6300u-14/: 404 Client Error: Not Found for url: https://www.refurbed.de/p/lenovo-thinkpad-t470-i5-6300u-14/
2025-11-30 04:01:44,266 - INFO - Scraping 4901/6851: https://www.refurbed.de/p/lenovo-thinkpad-t470-i5-7300u-14/
2025-11-30 04:01:44,567 - ERROR - Error fetching https://www.refurbed.de/p/lenovo-thinkpad-t470-i5-7300u-14/: 404 Client Error: Not Found for url: https://www.refurbed.de/p/lenovo-thinkpad-t470-i5-7300u-14/
2025-11-30 04:01:45,569 - INFO - Scraping 4902/6851: https://www.refurbed.de/p/lenovo-thinkpad-t470p-7700hq-14/
2025-11-30 04:01:46,002 - ERROR - Error fetching https://www.refurbed.de/p/lenovo-thinkpad-t470p-7700hq-14/: 404 Client Error: Not Found for url: https://www.refurbed.de/p/lenovo-thinkpad-t470p-7700hq-14/
2025-11-30 04:01:47,004 - INFO - Scraping 4903/6851: https://www.refurbed.de/p/lenovo-thinkpad-t470p-7820hq/
2025-11-30 04:01:48,806 - INFO - Scraping 4904/6851: https://www.refurbed.de/p/lenovo-thinkpad-t470p-i5-7300hq/
2025-11-30 04:01:49,067 - ERROR - Error fetching https://www.refurbed.de/p/lenovo-thinkpad-t470p-i5-7300hq/: 404 Client Error: Not Found for url: https://www.refurbed.de/p/lenovo-thinkpad-t470p-i5-7300hq/
2025-11-30 04:01:50,069 - INFO - Scraping 4905/6851: https://www.refurbed.de/p/lenovo-thinkpad-t470p-i5-7440hq/
2025-11-30 04:01:50,349 - ERROR - Error fetching https://www.refurbed.de/p/lenovo-thinkpad-t470p-i5-7440hq/: 404 Client Error: Not Found for url: https://www.refurbed.de/p/lenovo-thinkpad-t470p-i5-7440hq/
2025-11-30 04:01:51,352 - INFO - Scraping 4906/6851: https://www.refurbed.de/p/lenovo-thinkpad-t470p-i7-7700/
2025-11-30 04:01:51,621 - ERROR - Error fetching https://www.refurbed.de/p/lenovo-thinkpad-t470p-i7-7700/: 404 Client Error: Not Found for url: https://www.refurbed.de/p/lenovo-thinkpad-t470p-i7-7700/
2025-11-30 04:01:52,624 - INFO - Scraping 4907/6851: https://www.refurbed.de/p/lenovo-thinkpad-t470s-14-i5-6300/
2025-11-30 04:01:52,915 - ERROR - Error fetching https://www.refurbed.de/p/lenovo-thinkpad-t470s-14-i5-6300/: 404 Client Error: Not Found for url: https://www.refurbed.de/p/lenovo-thinkpad-t470s-14-i5-6300/
2025-11-30 04:01:53,917 - INFO - Scraping 4908/6851: https://www.refurbed.de/p/lenovo-thinkpad-t470s-14-i5-7200/
2025-11-30 04:01:54,396 - ERROR - Error fetching https://www.refurbed.de/p/lenovo-thinkpad-t470s-14-i5-7200/: 404 Client Error: Not Found for url: https://www.refurbed.de/p/lenovo-thinkpad-t470s-14-i5-7200/
2025-11-30 04:01:55,398 - INFO - Scraping 4909/6851: https://www.refurbed.de/p/lenovo-thinkpad-t470s-14-i5-7300/
2025-11-30 04:01:55,658 - ERROR - Error fetching https://www.refurbed.de/p/lenovo-thinkpad-t470s-14-i5-7300/: 404 Client Error: Not Found for url: https://www.refurbed.de/p/lenovo-thinkpad-t470s-14-i5-7300/
2025-11-30 04:01:56,660 - INFO - Scraping 4910/6851: https://www.refurbed.de/p/lenovo-thinkpad-t470s-14-i7-7500/
2025-11-30 04:01:56,921 - ERROR - Error fetching https://www.refurbed.de/p/lenovo-thinkpad-t470s-14-i7-7500/: 404 Client Error: Not Found for url: https://www.refurbed.de/p/lenovo-thinkpad-t470s-14-i7-7500/
2025-11-30 04:01:57,923 - INFO - Scraping 4911/6851: https://www.refurbed.de/p/lenovo-thinkpad-t470s-14-i7-7600/
2025-11-30 04:01:58,244 - ERROR - Error fetching https://www.refurbed.de/p/lenovo-thinkpad-t470s-14-i7-7600/: 404 Client Error: Not Found for url: https://www.refurbed.de/p/lenovo-thinkpad-t470s-14-i7-7600/
2025-11-30 04:01:59,246 - INFO - Scraping 4912/6851: https://www.refurbed.de/p/lenovo-thinkpad-t470s-6200u-14/
2025-11-30 04:01:59,541 - ERROR - Error fetching https://www.refurbed.de/p/lenovo-thinkpad-t470s-6200u-14/: 404 Client Error: Not Found for url: https://www.refurbed.de/p/lenovo-thinkpad-t470s-6200u-14/
2025-11-30 04:02:00,543 - INFO - Scraping 4913/6851: https://www.refurbed.de/p/lenovo-thinkpad-t480-8650u/
2025-11-30 04:02:02,247 - INFO - Scraping 4914/6851: https://www.refurbed.de/p/lenovo-thinkpad-t480s-i5-8365u/
2025-11-30 04:02:03,787 - INFO - Scraping 4915/6851: https://www.refurbed.de/p/lenovo-thinkpad-t490s-8550u/
2025-11-30 04:02:05,397 - INFO - Scraping 4916/6851: https://www.refurbed.de/p/lenovo-thinkpad-t490s-8665u/
2025-11-30 04:02:07,273 - INFO - Scraping 4917/6851: https://www.refurbed.de/p/lenovo-thinkpad-t540p-4810mq/
2025-11-30 04:02:07,605 - ERROR - Error fetching https://www.refurbed.de/p/lenovo-thinkpad-t540p-4810mq/: 404 Client Error: Not Found for url: https://www.refurbed.de/p/lenovo-thinkpad-t540p-4810mq/
2025-11-30 04:02:08,608 - INFO - Scraping 4918/6851: https://www.refurbed.de/p/lenovo-thinkpad-t540p-i3-4000m/
2025-11-30 04:02:08,905 - ERROR - Error fetching https://www.refurbed.de/p/lenovo-thinkpad-t540p-i3-4000m/: 404 Client Error: Not Found for url: https://www.refurbed.de/p/lenovo-thinkpad-t540p-i3-4000m/
2025-11-30 04:02:09,907 - INFO - Scraping 4919/6851: https://www.refurbed.de/p/lenovo-thinkpad-t540p-i5-4200m/
2025-11-30 04:02:10,163 - ERROR - Error fetching https://www.refurbed.de/p/lenovo-thinkpad-t540p-i5-4200m/: 404 Client Error: Not Found for url: https://www.refurbed.de/p/lenovo-thinkpad-t540p-i5-4200m/
2025-11-30 04:02:11,165 - INFO - Scraping 4920/6851: https://www.refurbed.de/p/lenovo-thinkpad-t540p-i5-4210m/
2025-11-30 04:02:11,439 - ERROR - Error fetching https://www.refurbed.de/p/lenovo-thinkpad-t540p-i5-4210m/: 404 Client Error: Not Found for url: https://www.refurbed.de/p/lenovo-thinkpad-t540p-i5-4210m/
2025-11-30 04:02:12,441 - INFO - Scraping 4921/6851: https://www.refurbed.de/p/lenovo-thinkpad-t540p-i5-4300m-1/
2025-11-30 04:02:12,700 - ERROR - Error fetching https://www.refurbed.de/p/lenovo-thinkpad-t540p-i5-4300m-1/: 404 Client Error: Not Found for url: https://www.refurbed.de/p/lenovo-thinkpad-t540p-i5-4300m-1/
2025-11-30 04:02:13,702 - INFO - Scraping 4922/6851: https://www.refurbed.de/p/lenovo-thinkpad-t540p-i7-4600m-1/
2025-11-30 04:02:14,014 - ERROR - Error fetching https://www.refurbed.de/p/lenovo-thinkpad-t540p-i7-4600m-1/: 404 Client Error: Not Found for url: https://www.refurbed.de/p/lenovo-thinkpad-t540p-i7-4600m-1/
2025-11-30 04:02:15,016 - INFO - Scraping 4923/6851: https://www.refurbed.de/p/lenovo-thinkpad-t540p-i7-4700mq/
2025-11-30 04:02:15,376 - ERROR - Error fetching https://www.refurbed.de/p/lenovo-thinkpad-t540p-i7-4700mq/: 404 Client Error: Not Found for url: https://www.refurbed.de/p/lenovo-thinkpad-t540p-i7-4700mq/
2025-11-30 04:02:16,378 - INFO - Scraping 4924/6851: https://www.refurbed.de/p/lenovo-thinkpad-t540p-i7-4800mq-/
2025-11-30 04:02:16,656 - ERROR - Error fetching https://www.refurbed.de/p/lenovo-thinkpad-t540p-i7-4800mq-/: 404 Client Error: Not Found for url: https://www.refurbed.de/p/lenovo-thinkpad-t540p-i7-4800mq-/
2025-11-30 04:02:17,658 - INFO - Scraping 4925/6851: https://www.refurbed.de/p/lenovo-thinkpad-t550-i5-5200u-15/
2025-11-30 04:02:17,940 - ERROR - Error fetching https://www.refurbed.de/p/lenovo-thinkpad-t550-i5-5200u-15/: 404 Client Error: Not Found for url: https://www.refurbed.de/p/lenovo-thinkpad-t550-i5-5200u-15/
2025-11-30 04:02:18,942 - INFO - Scraping 4926/6851: https://www.refurbed.de/p/lenovo-thinkpad-t550-i7-5600u-15/
2025-11-30 04:02:19,202 - ERROR - Error fetching https://www.refurbed.de/p/lenovo-thinkpad-t550-i7-5600u-15/: 404 Client Error: Not Found for url: https://www.refurbed.de/p/lenovo-thinkpad-t550-i7-5600u-15/
2025-11-30 04:02:20,204 - INFO - Scraping 4927/6851: https://www.refurbed.de/p/lenovo-thinkpad-t560-i5-6300u-15/
2025-11-30 04:02:20,657 - ERROR - Error fetching https://www.refurbed.de/p/lenovo-thinkpad-t560-i5-6300u-15/: 404 Client Error: Not Found for url: https://www.refurbed.de/p/lenovo-thinkpad-t560-i5-6300u-15/
2025-11-30 04:02:21,660 - INFO - Scraping 4928/6851: https://www.refurbed.de/p/lenovo-thinkpad-t570-i5-6200u-15/
2025-11-30 04:02:21,955 - ERROR - Error fetching https://www.refurbed.de/p/lenovo-thinkpad-t570-i5-6200u-15/: 404 Client Error: Not Found for url: https://www.refurbed.de/p/lenovo-thinkpad-t570-i5-6200u-15/
2025-11-30 04:02:22,957 - INFO - Scraping 4929/6851: https://www.refurbed.de/p/lenovo-thinkpad-t570-i5-6300u-15/
2025-11-30 04:02:23,390 - ERROR - Error fetching https://www.refurbed.de/p/lenovo-thinkpad-t570-i5-6300u-15/: 404 Client Error: Not Found for url: https://www.refurbed.de/p/lenovo-thinkpad-t570-i5-6300u-15/
2025-11-30 04:02:24,392 - INFO - Scraping 4930/6851: https://www.refurbed.de/p/lenovo-thinkpad-t570-i5-7200u/
2025-11-30 04:02:24,738 - ERROR - Error fetching https://www.refurbed.de/p/lenovo-thinkpad-t570-i5-7200u/: 404 Client Error: Not Found for url: https://www.refurbed.de/p/lenovo-thinkpad-t570-i5-7200u/
2025-11-30 04:02:25,740 - INFO - Scraping 4931/6851: https://www.refurbed.de/p/lenovo-thinkpad-t570-i5-7300u/
2025-11-30 04:02:26,046 - ERROR - Error fetching https://www.refurbed.de/p/lenovo-thinkpad-t570-i5-7300u/: 404 Client Error: Not Found for url: https://www.refurbed.de/p/lenovo-thinkpad-t570-i5-7300u/
2025-11-30 04:02:27,049 - INFO - Scraping 4932/6851: https://www.refurbed.de/p/lenovo-thinkpad-t570-i7-6000u-15/
2025-11-30 04:02:27,636 - ERROR - Error fetching https://www.refurbed.de/p/lenovo-thinkpad-t570-i7-6000u-15/: 404 Client Error: Not Found for url: https://www.refurbed.de/p/lenovo-thinkpad-t570-i7-6000u-15/
2025-11-30 04:02:28,639 - INFO - Scraping 4933/6851: https://www.refurbed.de/p/lenovo-thinkpad-t570-i7-6600u-15/
2025-11-30 04:02:29,084 - ERROR - Error fetching https://www.refurbed.de/p/lenovo-thinkpad-t570-i7-6600u-15/: 404 Client Error: Not Found for url: https://www.refurbed.de/p/lenovo-thinkpad-t570-i7-6600u-15/
2025-11-30 04:02:30,087 - INFO - Scraping 4934/6851: https://www.refurbed.de/p/lenovo-thinkpad-t570-i7-7500/
2025-11-30 04:02:30,395 - ERROR - Error fetching https://www.refurbed.de/p/lenovo-thinkpad-t570-i7-7500/: 404 Client Error: Not Found for url: https://www.refurbed.de/p/lenovo-thinkpad-t570-i7-7500/
2025-11-30 04:02:31,397 - INFO - Scraping 4935/6851: https://www.refurbed.de/p/lenovo-thinkpad-tablet-dock/
2025-11-30 04:02:32,812 - INFO - Scraping 4936/6851: https://www.refurbed.de/p/lenovo-thinkpad-tb3-dock/
2025-11-30 04:02:34,436 - INFO - Scraping 4937/6851: https://www.refurbed.de/p/lenovo-thinkpad-tb3-gen2-dock/
2025-11-30 04:02:36,170 - INFO - Scraping 4938/6851: https://www.refurbed.de/p/lenovo-thinkpad-tb3-ws-gen2-dock/
2025-11-30 04:02:37,710 - INFO - Scraping 4939/6851: https://www.refurbed.de/p/lenovo-thinkpad-thunderbolt-3/
2025-11-30 04:02:39,156 - INFO - Scraping 4940/6851: https://www.refurbed.de/p/lenovo-thinkpad-universal-dock/
2025-11-30 04:02:40,630 - INFO - Scraping 4941/6851: https://www.refurbed.de/p/lenovo-thinkpad-usb-c-dock-40b5/
2025-11-30 04:02:42,034 - INFO - Scraping 4942/6851: https://www.refurbed.de/p/lenovo-thinkpad-usb-c-usb-a-40af/
2025-11-30 04:02:43,733 - INFO - Scraping 4943/6851: https://www.refurbed.de/p/lenovo-thinkpad-w540-i7-4600-15/
2025-11-30 04:02:44,028 - ERROR - Error fetching https://www.refurbed.de/p/lenovo-thinkpad-w540-i7-4600-15/: 404 Client Error: Not Found for url: https://www.refurbed.de/p/lenovo-thinkpad-w540-i7-4600-15/
2025-11-30 04:02:45,031 - INFO - Scraping 4944/6851: https://www.refurbed.de/p/lenovo-thinkpad-w540-i7-4700mq-1/
2025-11-30 04:02:45,389 - ERROR - Error fetching https://www.refurbed.de/p/lenovo-thinkpad-w540-i7-4700mq-1/: 404 Client Error: Not Found for url: https://www.refurbed.de/p/lenovo-thinkpad-w540-i7-4700mq-1/
2025-11-30 04:02:46,391 - INFO - Scraping 4945/6851: https://www.refurbed.de/p/lenovo-thinkpad-w540-i7-4710mq-1/
2025-11-30 04:02:46,809 - ERROR - Error fetching https://www.refurbed.de/p/lenovo-thinkpad-w540-i7-4710mq-1/: 404 Client Error: Not Found for url: https://www.refurbed.de/p/lenovo-thinkpad-w540-i7-4710mq-1/
2025-11-30 04:02:47,811 - INFO - Scraping 4946/6851: https://www.refurbed.de/p/lenovo-thinkpad-w540-i7-4800mq-1/
2025-11-30 04:02:48,266 - ERROR - Error fetching https://www.refurbed.de/p/lenovo-thinkpad-w540-i7-4800mq-1/: 404 Client Error: Not Found for url: https://www.refurbed.de/p/lenovo-thinkpad-w540-i7-4800mq-1/
2025-11-30 04:02:49,268 - INFO - Scraping 4947/6851: https://www.refurbed.de/p/lenovo-thinkpad-w540-i7-4810mq-1/
2025-11-30 04:02:49,599 - ERROR - Error fetching https://www.refurbed.de/p/lenovo-thinkpad-w540-i7-4810mq-1/: 404 Client Error: Not Found for url: https://www.refurbed.de/p/lenovo-thinkpad-w540-i7-4810mq-1/
2025-11-30 04:02:50,601 - INFO - Scraping 4948/6851: https://www.refurbed.de/p/lenovo-thinkpad-w540-i7-4900mq/
2025-11-30 04:02:50,903 - ERROR - Error fetching https://www.refurbed.de/p/lenovo-thinkpad-w540-i7-4900mq/: 404 Client Error: Not Found for url: https://www.refurbed.de/p/lenovo-thinkpad-w540-i7-4900mq/
2025-11-30 04:02:51,905 - INFO - Scraping 4949/6851: https://www.refurbed.de/p/lenovo-thinkpad-w540/
2025-11-30 04:02:52,192 - ERROR - Error fetching https://www.refurbed.de/p/lenovo-thinkpad-w540/: 404 Client Error: Not Found for url: https://www.refurbed.de/p/lenovo-thinkpad-w540/
2025-11-30 04:02:53,194 - INFO - Scraping 4950/6851: https://www.refurbed.de/p/lenovo-thinkpad-w541-i5-4340m/
2025-11-30 04:02:53,538 - ERROR - Error fetching https://www.refurbed.de/p/lenovo-thinkpad-w541-i5-4340m/: 404 Client Error: Not Found for url: https://www.refurbed.de/p/lenovo-thinkpad-w541-i5-4340m/
2025-11-30 04:02:54,540 - INFO - Scraping 4951/6851: https://www.refurbed.de/p/lenovo-thinkpad-w541-i7-4810mq-1/
2025-11-30 04:02:54,842 - ERROR - Error fetching https://www.refurbed.de/p/lenovo-thinkpad-w541-i7-4810mq-1/: 404 Client Error: Not Found for url: https://www.refurbed.de/p/lenovo-thinkpad-w541-i7-4810mq-1/
2025-11-30 04:02:55,845 - INFO - Scraping 4952/6851: https://www.refurbed.de/p/lenovo-thinkpad-w550s-i7-5500u/
2025-11-30 04:02:56,201 - ERROR - Error fetching https://www.refurbed.de/p/lenovo-thinkpad-w550s-i7-5500u/: 404 Client Error: Not Found for url: https://www.refurbed.de/p/lenovo-thinkpad-w550s-i7-5500u/
2025-11-30 04:02:57,203 - INFO - Scraping 4953/6851: https://www.refurbed.de/p/lenovo-thinkpad-x1-ext-g3-10750h/
2025-11-30 04:02:58,640 - INFO - Scraping 4954/6851: https://www.refurbed.de/p/lenovo-thinkpad-x1-ext-g3-10885h/
2025-11-30 04:03:00,203 - INFO - Scraping 4955/6851: https://www.refurbed.de/p/lenovo-thinkpad-x1-extreme-8400h/
2025-11-30 04:03:01,612 - INFO - Scraping 4956/6851: https://www.refurbed.de/p/lenovo-thinkpad-x1-extreme-9300h/
2025-11-30 04:03:03,014 - INFO - Scraping 4957/6851: https://www.refurbed.de/p/lenovo-thinkpad-x1-extreme-g4-i7/
2025-11-30 04:03:04,808 - INFO - Scraping 4958/6851: https://www.refurbed.de/p/lenovo-thinkpad-x1-fold-g1-l16g7/
2025-11-30 04:03:06,228 - INFO - Scraping 4959/6851: https://www.refurbed.de/p/lenovo-thinkpad-x1-tablet-g2/
2025-11-30 04:03:06,486 - ERROR - Error fetching https://www.refurbed.de/p/lenovo-thinkpad-x1-tablet-g2/: 404 Client Error: Not Found for url: https://www.refurbed.de/p/lenovo-thinkpad-x1-tablet-g2/
2025-11-30 04:03:07,489 - INFO - Scraping 4960/6851: https://www.refurbed.de/p/lenovo-thinkpad-x1-tablet/
2025-11-30 04:03:07,761 - ERROR - Error fetching https://www.refurbed.de/p/lenovo-thinkpad-x1-tablet/: 404 Client Error: Not Found for url: https://www.refurbed.de/p/lenovo-thinkpad-x1-tablet/
2025-11-30 04:03:08,763 - INFO - Scraping 4961/6851: https://www.refurbed.de/p/lenovo-thinkpad-x1-yoga-g1-6500u/
2025-11-30 04:03:09,036 - ERROR - Error fetching https://www.refurbed.de/p/lenovo-thinkpad-x1-yoga-g1-6500u/: 404 Client Error: Not Found for url: https://www.refurbed.de/p/lenovo-thinkpad-x1-yoga-g1-6500u/
2025-11-30 04:03:10,038 - INFO - Scraping 4962/6851: https://www.refurbed.de/p/lenovo-thinkpad-x13-10210u/
2025-11-30 04:03:11,747 - INFO - Scraping 4963/6851: https://www.refurbed.de/p/lenovo-thinkpad-x13-10310u/
2025-11-30 04:03:13,351 - INFO - Scraping 4964/6851: https://www.refurbed.de/p/lenovo-thinkpad-x13-g1-10210u/
2025-11-30 04:03:14,955 - INFO - Scraping 4965/6851: https://www.refurbed.de/p/lenovo-thinkpad-x13-g1-10310u/
2025-11-30 04:03:16,512 - INFO - Scraping 4966/6851: https://www.refurbed.de/p/lenovo-thinkpad-x13-g1-10510u/
2025-11-30 04:03:17,958 - INFO - Scraping 4967/6851: https://www.refurbed.de/p/lenovo-thinkpad-x13-g1-10610u/
2025-11-30 04:03:19,459 - INFO - Scraping 4968/6851: https://www.refurbed.de/p/lenovo-thinkpad-x13-g1-4450u/
2025-11-30 04:03:20,850 - INFO - Scraping 4969/6851: https://www.refurbed.de/p/lenovo-thinkpad-x13-g1-4650u/
2025-11-30 04:03:22,495 - INFO - Scraping 4970/6851: https://www.refurbed.de/p/lenovo-thinkpad-x13-g4-1345u/
2025-11-30 04:03:23,982 - INFO - Scraping 4971/6851: https://www.refurbed.de/p/lenovo-thinkpad-x13-r5-pro-4650u/
2025-11-30 04:03:25,556 - INFO - Scraping 4972/6851: https://www.refurbed.de/p/lenovo-thinkpad-x13-r7-pro-4750u/
2025-11-30 04:03:27,079 - INFO - Scraping 4973/6851: https://www.refurbed.de/p/lenovo-thinkpad-x13-yoga-10210u/
2025-11-30 04:03:28,719 - INFO - Scraping 4974/6851: https://www.refurbed.de/p/lenovo-thinkpad-x13-yoga-10310u/
2025-11-30 04:03:30,542 - INFO - Scraping 4975/6851: https://www.refurbed.de/p/lenovo-thinkpad-x13-yoga-10510u/
2025-11-30 04:03:32,191 - INFO - Scraping 4976/6851: https://www.refurbed.de/p/lenovo-thinkpad-x13-yoga-10610u/
2025-11-30 04:03:33,595 - INFO - Scraping 4977/6851: https://www.refurbed.de/p/lenovo-thinkpad-x131e-1007u/
2025-11-30 04:03:33,899 - ERROR - Error fetching https://www.refurbed.de/p/lenovo-thinkpad-x131e-1007u/: 404 Client Error: Not Found for url: https://www.refurbed.de/p/lenovo-thinkpad-x131e-1007u/
2025-11-30 04:03:34,901 - INFO - Scraping 4978/6851: https://www.refurbed.de/p/lenovo-thinkpad-x13s-g1-s-8cx-g3/
2025-11-30 04:03:36,503 - INFO - Scraping 4979/6851: https://www.refurbed.de/p/lenovo-thinkpad-x240-i3-4010u-12/
2025-11-30 04:03:36,791 - ERROR - Error fetching https://www.refurbed.de/p/lenovo-thinkpad-x240-i3-4010u-12/: 404 Client Error: Not Found for url: https://www.refurbed.de/p/lenovo-thinkpad-x240-i3-4010u-12/
2025-11-30 04:03:37,794 - INFO - Scraping 4980/6851: https://www.refurbed.de/p/lenovo-thinkpad-x240-i5-3320m-12/
2025-11-30 04:03:38,057 - ERROR - Error fetching https://www.refurbed.de/p/lenovo-thinkpad-x240-i5-3320m-12/: 404 Client Error: Not Found for url: https://www.refurbed.de/p/lenovo-thinkpad-x240-i5-3320m-12/
2025-11-30 04:03:39,060 - INFO - Scraping 4981/6851: https://www.refurbed.de/p/lenovo-thinkpad-x240-i5-4210u-12/
2025-11-30 04:03:39,372 - ERROR - Error fetching https://www.refurbed.de/p/lenovo-thinkpad-x240-i5-4210u-12/: 404 Client Error: Not Found for url: https://www.refurbed.de/p/lenovo-thinkpad-x240-i5-4210u-12/
2025-11-30 04:03:40,375 - INFO - Scraping 4982/6851: https://www.refurbed.de/p/lenovo-thinkpad-x240/
2025-11-30 04:03:40,805 - ERROR - Error fetching https://www.refurbed.de/p/lenovo-thinkpad-x240/: 404 Client Error: Not Found for url: https://www.refurbed.de/p/lenovo-thinkpad-x240/
2025-11-30 04:03:41,807 - INFO - Scraping 4983/6851: https://www.refurbed.de/p/lenovo-thinkpad-x250-5300u/
2025-11-30 04:03:42,105 - ERROR - Error fetching https://www.refurbed.de/p/lenovo-thinkpad-x250-5300u/: 404 Client Error: Not Found for url: https://www.refurbed.de/p/lenovo-thinkpad-x250-5300u/
2025-11-30 04:03:43,106 - INFO - Scraping 4984/6851: https://www.refurbed.de/p/lenovo-thinkpad-x250-i3-4030u-12/
2025-11-30 04:03:43,379 - ERROR - Error fetching https://www.refurbed.de/p/lenovo-thinkpad-x250-i3-4030u-12/: 404 Client Error: Not Found for url: https://www.refurbed.de/p/lenovo-thinkpad-x250-i3-4030u-12/
2025-11-30 04:03:44,381 - INFO - Scraping 4985/6851: https://www.refurbed.de/p/lenovo-thinkpad-x250-i3-5010u-12/
2025-11-30 04:03:44,724 - ERROR - Error fetching https://www.refurbed.de/p/lenovo-thinkpad-x250-i3-5010u-12/: 404 Client Error: Not Found for url: https://www.refurbed.de/p/lenovo-thinkpad-x250-i3-5010u-12/
2025-11-30 04:03:45,727 - INFO - Scraping 4986/6851: https://www.refurbed.de/p/lenovo-thinkpad-x250-i5-12-5/
2025-11-30 04:03:45,990 - ERROR - Error fetching https://www.refurbed.de/p/lenovo-thinkpad-x250-i5-12-5/: 404 Client Error: Not Found for url: https://www.refurbed.de/p/lenovo-thinkpad-x250-i5-12-5/
2025-11-30 04:03:46,992 - INFO - Scraping 4987/6851: https://www.refurbed.de/p/lenovo-thinkpad-x250-i5-4300m-12/
2025-11-30 04:03:47,479 - ERROR - Error fetching https://www.refurbed.de/p/lenovo-thinkpad-x250-i5-4300m-12/: 404 Client Error: Not Found for url: https://www.refurbed.de/p/lenovo-thinkpad-x250-i5-4300m-12/
2025-11-30 04:03:48,481 - INFO - Scraping 4988/6851: https://www.refurbed.de/p/lenovo-thinkpad-x250-i5-5200m-12/
2025-11-30 04:03:48,781 - ERROR - Error fetching https://www.refurbed.de/p/lenovo-thinkpad-x250-i5-5200m-12/: 404 Client Error: Not Found for url: https://www.refurbed.de/p/lenovo-thinkpad-x250-i5-5200m-12/
2025-11-30 04:03:49,784 - INFO - Scraping 4989/6851: https://www.refurbed.de/p/lenovo-thinkpad-x250-i7-4600u/
2025-11-30 04:03:50,075 - ERROR - Error fetching https://www.refurbed.de/p/lenovo-thinkpad-x250-i7-4600u/: 404 Client Error: Not Found for url: https://www.refurbed.de/p/lenovo-thinkpad-x250-i7-4600u/
2025-11-30 04:03:51,078 - INFO - Scraping 4990/6851: https://www.refurbed.de/p/lenovo-thinkpad-x260-6600u/
2025-11-30 04:03:51,716 - ERROR - Error fetching https://www.refurbed.de/p/lenovo-thinkpad-x260-6600u/: 404 Client Error: Not Found for url: https://www.refurbed.de/p/lenovo-thinkpad-x260-6600u/
2025-11-30 04:03:52,718 - INFO - Scraping 4991/6851: https://www.refurbed.de/p/lenovo-thinkpad-x270-6200u/
2025-11-30 04:03:53,219 - ERROR - Error fetching https://www.refurbed.de/p/lenovo-thinkpad-x270-6200u/: 404 Client Error: Not Found for url: https://www.refurbed.de/p/lenovo-thinkpad-x270-6200u/
2025-11-30 04:03:54,221 - INFO - Scraping 4992/6851: https://www.refurbed.de/p/lenovo-thinkpad-x270-6600u/
2025-11-30 04:03:54,490 - ERROR - Error fetching https://www.refurbed.de/p/lenovo-thinkpad-x270-6600u/: 404 Client Error: Not Found for url: https://www.refurbed.de/p/lenovo-thinkpad-x270-6600u/
2025-11-30 04:03:55,492 - INFO - Scraping 4993/6851: https://www.refurbed.de/p/lenovo-thinkpad-x270-7100/
2025-11-30 04:03:55,762 - ERROR - Error fetching https://www.refurbed.de/p/lenovo-thinkpad-x270-7100/: 404 Client Error: Not Found for url: https://www.refurbed.de/p/lenovo-thinkpad-x270-7100/
2025-11-30 04:03:56,765 - INFO - Scraping 4994/6851: https://www.refurbed.de/p/lenovo-thinkpad-x270-7100u/
2025-11-30 04:03:57,043 - ERROR - Error fetching https://www.refurbed.de/p/lenovo-thinkpad-x270-7100u/: 404 Client Error: Not Found for url: https://www.refurbed.de/p/lenovo-thinkpad-x270-7100u/
2025-11-30 04:03:58,045 - INFO - Scraping 4995/6851: https://www.refurbed.de/p/lenovo-thinkpad-x270-7200u/
2025-11-30 04:03:58,636 - ERROR - Error fetching https://www.refurbed.de/p/lenovo-thinkpad-x270-7200u/: 404 Client Error: Not Found for url: https://www.refurbed.de/p/lenovo-thinkpad-x270-7200u/
2025-11-30 04:03:59,638 - INFO - Scraping 4996/6851: https://www.refurbed.de/p/lenovo-thinkpad-x270-7300u/
2025-11-30 04:03:59,907 - ERROR - Error fetching https://www.refurbed.de/p/lenovo-thinkpad-x270-7300u/: 404 Client Error: Not Found for url: https://www.refurbed.de/p/lenovo-thinkpad-x270-7300u/
2025-11-30 04:04:00,908 - INFO - Scraping 4997/6851: https://www.refurbed.de/p/lenovo-thinkpad-x270-7500u/
2025-11-30 04:04:01,298 - ERROR - Error fetching https://www.refurbed.de/p/lenovo-thinkpad-x270-7500u/: 404 Client Error: Not Found for url: https://www.refurbed.de/p/lenovo-thinkpad-x270-7500u/
2025-11-30 04:04:02,300 - INFO - Scraping 4998/6851: https://www.refurbed.de/p/lenovo-thinkpad-x270-7600u/
2025-11-30 04:04:02,765 - ERROR - Error fetching https://www.refurbed.de/p/lenovo-thinkpad-x270-7600u/: 404 Client Error: Not Found for url: https://www.refurbed.de/p/lenovo-thinkpad-x270-7600u/
2025-11-30 04:04:03,767 - INFO - Scraping 4999/6851: https://www.refurbed.de/p/lenovo-thinkpad-x270-i3-6100u/
2025-11-30 04:04:04,030 - ERROR - Error fetching https://www.refurbed.de/p/lenovo-thinkpad-x270-i3-6100u/: 404 Client Error: Not Found for url: https://www.refurbed.de/p/lenovo-thinkpad-x270-i3-6100u/
2025-11-30 04:04:05,032 - INFO - Scraping 5000/6851: https://www.refurbed.de/p/lenovo-thinkpad-x270-i5-6300u-12/
2025-11-30 04:04:05,489 - ERROR - Error fetching https://www.refurbed.de/p/lenovo-thinkpad-x270-i5-6300u-12/: 404 Client Error: Not Found for url: https://www.refurbed.de/p/lenovo-thinkpad-x270-i5-6300u-12/
2025-11-30 04:04:06,492 - INFO - Scraping 5001/6851: https://www.refurbed.de/p/lenovo-thinkpad-x280-i3-8130u/
2025-11-30 04:04:08,118 - INFO - Scraping 5002/6851: https://www.refurbed.de/p/lenovo-thinkpad-x280-i5-7200u/
2025-11-30 04:04:08,446 - ERROR - Error fetching https://www.refurbed.de/p/lenovo-thinkpad-x280-i5-7200u/: 404 Client Error: Not Found for url: https://www.refurbed.de/p/lenovo-thinkpad-x280-i5-7200u/
2025-11-30 04:04:09,448 - INFO - Scraping 5003/6851: https://www.refurbed.de/p/lenovo-thinkpad-x280-i5-7300u/
2025-11-30 04:04:09,728 - ERROR - Error fetching https://www.refurbed.de/p/lenovo-thinkpad-x280-i5-7300u/: 404 Client Error: Not Found for url: https://www.refurbed.de/p/lenovo-thinkpad-x280-i5-7300u/
2025-11-30 04:04:10,730 - INFO - Scraping 5004/6851: https://www.refurbed.de/p/lenovo-thinkpad-x280-i5-8250u/
2025-11-30 04:04:12,396 - INFO - Scraping 5005/6851: https://www.refurbed.de/p/lenovo-thinkpad-x280-i5-8350u/
2025-11-30 04:04:14,215 - INFO - Scraping 5006/6851: https://www.refurbed.de/p/lenovo-thinkpad-x280-i7-8550u/
2025-11-30 04:04:15,803 - INFO - Scraping 5007/6851: https://www.refurbed.de/p/lenovo-thinkpad-x280-i7-8650u/
2025-11-30 04:04:17,352 - INFO - Scraping 5008/6851: https://www.refurbed.de/p/lenovo-thinkpad-x390-8565u-13-3/
2025-11-30 04:04:19,001 - INFO - Scraping 5009/6851: https://www.refurbed.de/p/lenovo-thinkpad-x395-pro-3300u/
2025-11-30 04:04:19,310 - ERROR - Error fetching https://www.refurbed.de/p/lenovo-thinkpad-x395-pro-3300u/: 404 Client Error: Not Found for url: https://www.refurbed.de/p/lenovo-thinkpad-x395-pro-3300u/
2025-11-30 04:04:20,313 - INFO - Scraping 5010/6851: https://www.refurbed.de/p/lenovo-thinkpad-x395-ryzen-5-pro/
2025-11-30 04:04:22,089 - INFO - Scraping 5011/6851: https://www.refurbed.de/p/lenovo-thinkpad-x4-ultrabase/
2025-11-30 04:04:23,487 - INFO - Scraping 5012/6851: https://www.refurbed.de/p/lenovo-thinkpad-yoga-11e-g4-i3/
2025-11-30 04:04:23,744 - ERROR - Error fetching https://www.refurbed.de/p/lenovo-thinkpad-yoga-11e-g4-i3/: 404 Client Error: Not Found for url: https://www.refurbed.de/p/lenovo-thinkpad-yoga-11e-g4-i3/
2025-11-30 04:04:24,747 - INFO - Scraping 5013/6851: https://www.refurbed.de/p/lenovo-thinkpad-yoga-11e-g5-n41/
2025-11-30 04:04:26,370 - INFO - Scraping 5014/6851: https://www.refurbed.de/p/lenovo-thinkpad-yoga-11e-m-5y10c/
2025-11-30 04:04:26,639 - ERROR - Error fetching https://www.refurbed.de/p/lenovo-thinkpad-yoga-11e-m-5y10c/: 404 Client Error: Not Found for url: https://www.refurbed.de/p/lenovo-thinkpad-yoga-11e-m-5y10c/
2025-11-30 04:04:27,642 - INFO - Scraping 5015/6851: https://www.refurbed.de/p/lenovo-thinkpad-yoga-11e-n2930/
2025-11-30 04:04:27,926 - ERROR - Error fetching https://www.refurbed.de/p/lenovo-thinkpad-yoga-11e-n2930/: 404 Client Error: Not Found for url: https://www.refurbed.de/p/lenovo-thinkpad-yoga-11e-n2930/
2025-11-30 04:04:28,928 - INFO - Scraping 5016/6851: https://www.refurbed.de/p/lenovo-thinkpad-yoga-11e-n3150/
2025-11-30 04:04:30,649 - INFO - Scraping 5017/6851: https://www.refurbed.de/p/lenovo-thinkpad-yoga-11e-n3160/
2025-11-30 04:04:30,915 - ERROR - Error fetching https://www.refurbed.de/p/lenovo-thinkpad-yoga-11e-n3160/: 404 Client Error: Not Found for url: https://www.refurbed.de/p/lenovo-thinkpad-yoga-11e-n3160/
2025-11-30 04:04:31,918 - INFO - Scraping 5018/6851: https://www.refurbed.de/p/lenovo-thinkpad-yoga-12-5300u/
2025-11-30 04:04:32,189 - ERROR - Error fetching https://www.refurbed.de/p/lenovo-thinkpad-yoga-12-5300u/: 404 Client Error: Not Found for url: https://www.refurbed.de/p/lenovo-thinkpad-yoga-12-5300u/
2025-11-30 04:04:33,191 - INFO - Scraping 5019/6851: https://www.refurbed.de/p/lenovo-thinkpad-yoga-12-i7-5500u/
2025-11-30 04:04:33,719 - ERROR - Error fetching https://www.refurbed.de/p/lenovo-thinkpad-yoga-12-i7-5500u/: 404 Client Error: Not Found for url: https://www.refurbed.de/p/lenovo-thinkpad-yoga-12-i7-5500u/
2025-11-30 04:04:34,722 - INFO - Scraping 5020/6851: https://www.refurbed.de/p/lenovo-thinkpad-yoga-260-6300u/
2025-11-30 04:04:35,018 - ERROR - Error fetching https://www.refurbed.de/p/lenovo-thinkpad-yoga-260-6300u/: 404 Client Error: Not Found for url: https://www.refurbed.de/p/lenovo-thinkpad-yoga-260-6300u/
2025-11-30 04:04:36,020 - INFO - Scraping 5021/6851: https://www.refurbed.de/p/lenovo-thinkpad-yoga-260-6600u/
2025-11-30 04:04:36,313 - ERROR - Error fetching https://www.refurbed.de/p/lenovo-thinkpad-yoga-260-6600u/: 404 Client Error: Not Found for url: https://www.refurbed.de/p/lenovo-thinkpad-yoga-260-6600u/
2025-11-30 04:04:37,315 - INFO - Scraping 5022/6851: https://www.refurbed.de/p/lenovo-thinkpad-yoga-370-i5-7300/
2025-11-30 04:04:37,575 - ERROR - Error fetching https://www.refurbed.de/p/lenovo-thinkpad-yoga-370-i5-7300/: 404 Client Error: Not Found for url: https://www.refurbed.de/p/lenovo-thinkpad-yoga-370-i5-7300/
2025-11-30 04:04:38,578 - INFO - Scraping 5023/6851: https://www.refurbed.de/p/lenovo-thinkpad-yoga-370-i7500u/
2025-11-30 04:04:38,880 - ERROR - Error fetching https://www.refurbed.de/p/lenovo-thinkpad-yoga-370-i7500u/: 404 Client Error: Not Found for url: https://www.refurbed.de/p/lenovo-thinkpad-yoga-370-i7500u/
2025-11-30 04:04:39,882 - INFO - Scraping 5024/6851: https://www.refurbed.de/p/lenovo-thinkpad-yoga-370-i7600u/
2025-11-30 04:04:40,144 - ERROR - Error fetching https://www.refurbed.de/p/lenovo-thinkpad-yoga-370-i7600u/: 404 Client Error: Not Found for url: https://www.refurbed.de/p/lenovo-thinkpad-yoga-370-i7600u/
2025-11-30 04:04:41,146 - INFO - Scraping 5025/6851: https://www.refurbed.de/p/lenovo-thinkpad-yoga-460-6300u/
2025-11-30 04:04:41,581 - ERROR - Error fetching https://www.refurbed.de/p/lenovo-thinkpad-yoga-460-6300u/: 404 Client Error: Not Found for url: https://www.refurbed.de/p/lenovo-thinkpad-yoga-460-6300u/
2025-11-30 04:04:42,584 - INFO - Scraping 5026/6851: https://www.refurbed.de/p/lenovo-thinkpad-yoga-460-6500u/
2025-11-30 04:04:42,854 - ERROR - Error fetching https://www.refurbed.de/p/lenovo-thinkpad-yoga-460-6500u/: 404 Client Error: Not Found for url: https://www.refurbed.de/p/lenovo-thinkpad-yoga-460-6500u/
2025-11-30 04:04:43,856 - INFO - Scraping 5027/6851: https://www.refurbed.de/p/lenovo-thinkpad-yoga-5200u/
2025-11-30 04:04:44,254 - ERROR - Error fetching https://www.refurbed.de/p/lenovo-thinkpad-yoga-5200u/: 404 Client Error: Not Found for url: https://www.refurbed.de/p/lenovo-thinkpad-yoga-5200u/
2025-11-30 04:04:45,257 - INFO - Scraping 5028/6851: https://www.refurbed.de/p/lenovo-tp-c13-yoga-g1-r-5-3500c/
2025-11-30 04:04:46,906 - INFO - Scraping 5029/6851: https://www.refurbed.de/p/lenovo-tp-x1-tablet-g2-7y57/
2025-11-30 04:04:47,182 - ERROR - Error fetching https://www.refurbed.de/p/lenovo-tp-x1-tablet-g2-7y57/: 404 Client Error: Not Found for url: https://www.refurbed.de/p/lenovo-tp-x1-tablet-g2-7y57/
2025-11-30 04:04:48,185 - INFO - Scraping 5030/6851: https://www.refurbed.de/p/lenovo-tp-x1-tablet-g2-i7-7y75/
2025-11-30 04:04:48,663 - ERROR - Error fetching https://www.refurbed.de/p/lenovo-tp-x1-tablet-g2-i7-7y75/: 404 Client Error: Not Found for url: https://www.refurbed.de/p/lenovo-tp-x1-tablet-g2-i7-7y75/
2025-11-30 04:04:49,665 - INFO - Scraping 5031/6851: https://www.refurbed.de/p/lenovo-tp-x1-tablet-g3-i5-8250u/
2025-11-30 04:04:51,191 - INFO - Scraping 5032/6851: https://www.refurbed.de/p/lenovo-tp-x1-tablet-g3-i5-8350u/
2025-11-30 04:04:52,753 - INFO - Scraping 5033/6851: https://www.refurbed.de/p/lenovo-tp-x1-tablet-g3-i7-8550u/
2025-11-30 04:04:54,291 - INFO - Scraping 5034/6851: https://www.refurbed.de/p/lenovo-tp-x1-tablet-g3-i7-8650u/
2025-11-30 04:04:55,882 - INFO - Scraping 5035/6851: https://www.refurbed.de/p/lenovo-tp-x1-yoga-g1-6200u/
2025-11-30 04:04:56,191 - ERROR - Error fetching https://www.refurbed.de/p/lenovo-tp-x1-yoga-g1-6200u/: 404 Client Error: Not Found for url: https://www.refurbed.de/p/lenovo-tp-x1-yoga-g1-6200u/
2025-11-30 04:04:57,193 - INFO - Scraping 5036/6851: https://www.refurbed.de/p/lenovo-tp-x1-yoga-g1-6300u/
2025-11-30 04:04:57,501 - ERROR - Error fetching https://www.refurbed.de/p/lenovo-tp-x1-yoga-g1-6300u/: 404 Client Error: Not Found for url: https://www.refurbed.de/p/lenovo-tp-x1-yoga-g1-6300u/
2025-11-30 04:04:58,503 - INFO - Scraping 5037/6851: https://www.refurbed.de/p/lenovo-tp-x1-yoga-g1-6600u/
2025-11-30 04:04:58,765 - ERROR - Error fetching https://www.refurbed.de/p/lenovo-tp-x1-yoga-g1-6600u/: 404 Client Error: Not Found for url: https://www.refurbed.de/p/lenovo-tp-x1-yoga-g1-6600u/
2025-11-30 04:04:59,767 - INFO - Scraping 5038/6851: https://www.refurbed.de/p/lenovo-tp-x1-yoga-g1-7600u/
2025-11-30 04:05:00,042 - ERROR - Error fetching https://www.refurbed.de/p/lenovo-tp-x1-yoga-g1-7600u/: 404 Client Error: Not Found for url: https://www.refurbed.de/p/lenovo-tp-x1-yoga-g1-7600u/
2025-11-30 04:05:01,044 - INFO - Scraping 5039/6851: https://www.refurbed.de/p/lenovo-tp-x1-yoga-g1-i5-1130g7/
2025-11-30 04:05:02,771 - INFO - Scraping 5040/6851: https://www.refurbed.de/p/lenovo-tp-x1-yoga-g1-i7-1160g7/
2025-11-30 04:05:04,313 - INFO - Scraping 5041/6851: https://www.refurbed.de/p/lenovo-tp-x1-yoga-g2-7200u/
2025-11-30 04:05:04,747 - ERROR - Error fetching https://www.refurbed.de/p/lenovo-tp-x1-yoga-g2-7200u/: 404 Client Error: Not Found for url: https://www.refurbed.de/p/lenovo-tp-x1-yoga-g2-7200u/
2025-11-30 04:05:05,750 - INFO - Scraping 5042/6851: https://www.refurbed.de/p/lenovo-tp-x1-yoga-g2-7300u/
2025-11-30 04:05:06,185 - ERROR - Error fetching https://www.refurbed.de/p/lenovo-tp-x1-yoga-g2-7300u/: 404 Client Error: Not Found for url: https://www.refurbed.de/p/lenovo-tp-x1-yoga-g2-7300u/
2025-11-30 04:05:07,187 - INFO - Scraping 5043/6851: https://www.refurbed.de/p/lenovo-tp-x1-yoga-g2-7500u/
2025-11-30 04:05:07,465 - ERROR - Error fetching https://www.refurbed.de/p/lenovo-tp-x1-yoga-g2-7500u/: 404 Client Error: Not Found for url: https://www.refurbed.de/p/lenovo-tp-x1-yoga-g2-7500u/
2025-11-30 04:05:08,468 - INFO - Scraping 5044/6851: https://www.refurbed.de/p/lenovo-tp-x1-yoga-g2-7600u/
2025-11-30 04:05:08,800 - ERROR - Error fetching https://www.refurbed.de/p/lenovo-tp-x1-yoga-g2-7600u/: 404 Client Error: Not Found for url: https://www.refurbed.de/p/lenovo-tp-x1-yoga-g2-7600u/
2025-11-30 04:05:09,802 - INFO - Scraping 5045/6851: https://www.refurbed.de/p/lenovo-tp-x1-yoga-g3-8250u/
2025-11-30 04:05:11,339 - INFO - Scraping 5046/6851: https://www.refurbed.de/p/lenovo-tp-x1-yoga-g3-8350u/
2025-11-30 04:05:13,279 - INFO - Scraping 5047/6851: https://www.refurbed.de/p/lenovo-tp-x1-yoga-g3-8550u/
2025-11-30 04:05:15,029 - INFO - Scraping 5048/6851: https://www.refurbed.de/p/lenovo-tp-x1-yoga-g3-8650u/
2025-11-30 04:05:16,701 - INFO - Scraping 5049/6851: https://www.refurbed.de/p/lenovo-tp-x1-yoga-g4-10210u/
2025-11-30 04:05:18,440 - INFO - Scraping 5050/6851: https://www.refurbed.de/p/lenovo-tp-x1-yoga-g4-8265u/
2025-11-30 04:05:20,069 - INFO - Scraping 5051/6851: https://www.refurbed.de/p/lenovo-tp-x1-yoga-g4-8365u/
2025-11-30 04:05:21,822 - INFO - Scraping 5052/6851: https://www.refurbed.de/p/lenovo-tp-x1-yoga-g4-8565u/
2025-11-30 04:05:23,665 - INFO - Scraping 5053/6851: https://www.refurbed.de/p/lenovo-tp-x1-yoga-g4-8665u/
2025-11-30 04:05:25,406 - INFO - Scraping 5054/6851: https://www.refurbed.de/p/lenovo-tp-x1-yoga-g4-i5-6300u/
2025-11-30 04:05:25,670 - ERROR - Error fetching https://www.refurbed.de/p/lenovo-tp-x1-yoga-g4-i5-6300u/: 404 Client Error: Not Found for url: https://www.refurbed.de/p/lenovo-tp-x1-yoga-g4-i5-6300u/
2025-11-30 04:05:26,673 - INFO - Scraping 5055/6851: https://www.refurbed.de/p/lenovo-tp-x1-yoga-g5-10210u/
2025-11-30 04:05:28,638 - INFO - Scraping 5056/6851: https://www.refurbed.de/p/lenovo-tp-x1-yoga-g5-10310u/
2025-11-30 04:05:30,459 - INFO - Scraping 5057/6851: https://www.refurbed.de/p/lenovo-tp-x1-yoga-g5-10510u-14/
2025-11-30 04:05:32,000 - INFO - Scraping 5058/6851: https://www.refurbed.de/p/lenovo-tp-x1-yoga-g5-6300u/
2025-11-30 04:05:32,291 - ERROR - Error fetching https://www.refurbed.de/p/lenovo-tp-x1-yoga-g5-6300u/: 404 Client Error: Not Found for url: https://www.refurbed.de/p/lenovo-tp-x1-yoga-g5-6300u/
2025-11-30 04:05:33,293 - INFO - Scraping 5059/6851: https://www.refurbed.de/p/lenovo-tp-x1-yoga-g5-7500u/
2025-11-30 04:05:33,756 - ERROR - Error fetching https://www.refurbed.de/p/lenovo-tp-x1-yoga-g5-7500u/: 404 Client Error: Not Found for url: https://www.refurbed.de/p/lenovo-tp-x1-yoga-g5-7500u/
2025-11-30 04:05:34,759 - INFO - Scraping 5060/6851: https://www.refurbed.de/p/lenovo-tp-x1-yoga-g5-i7-10610u/
2025-11-30 04:05:36,453 - INFO - Scraping 5061/6851: https://www.refurbed.de/p/lenovo-tp-x1-yoga-g6-8350u/
2025-11-30 04:05:37,994 - INFO - Scraping 5062/6851: https://www.refurbed.de/p/lenovo-tp-x1-yoga-g6-8650u/
2025-11-30 04:05:39,405 - INFO - Scraping 5063/6851: https://www.refurbed.de/p/lenovo-tp-x1-yoga-g6-i5-1135g7/
2025-11-30 04:05:41,057 - INFO - Scraping 5064/6851: https://www.refurbed.de/p/lenovo-tp-x1-yoga-g6-i5-1145g7/
2025-11-30 04:05:42,839 - INFO - Scraping 5065/6851: https://www.refurbed.de/p/lenovo-tp-x1-yoga-g6-i7-1165g7/
2025-11-30 04:05:44,640 - INFO - Scraping 5066/6851: https://www.refurbed.de/p/lenovo-tp-x1-yoga-g6-i7-1185g7/
2025-11-30 04:05:46,430 - INFO - Scraping 5067/6851: https://www.refurbed.de/p/lenovo-tp-x1-yoga-g7-8365u/
2025-11-30 04:05:47,894 - INFO - Scraping 5068/6851: https://www.refurbed.de/p/lenovo-tp-x1-yoga-g7-i5-1235u/
2025-11-30 04:05:49,432 - INFO - Scraping 5069/6851: https://www.refurbed.de/p/lenovo-tp-x1-yoga-g7-i5-1245u/
2025-11-30 04:05:51,186 - INFO - Scraping 5070/6851: https://www.refurbed.de/p/lenovo-tp-x1-yoga-g7-i7-1255u/
2025-11-30 04:05:52,831 - INFO - Scraping 5071/6851: https://www.refurbed.de/p/lenovo-tp-x1-yoga-g7-i7-1260p/
2025-11-30 04:05:54,243 - INFO - Scraping 5072/6851: https://www.refurbed.de/p/lenovo-tp-x1-yoga-g7-i7-1265u/
2025-11-30 04:05:55,808 - INFO - Scraping 5073/6851: https://www.refurbed.de/p/lenovo-tp-x1-yoga-g7-i7-1270p/
2025-11-30 04:05:57,547 - INFO - Scraping 5074/6851: https://www.refurbed.de/p/lenovo-tp-x1-yoga-g7-i7-1280p/
2025-11-30 04:05:59,082 - INFO - Scraping 5075/6851: https://www.refurbed.de/p/lenovo-tp-x1-yoga-g8-i5-1345u/
2025-11-30 04:06:00,648 - INFO - Scraping 5076/6851: https://www.refurbed.de/p/lenovo-tp-x1-yoga-g8-i7-1365u/
2025-11-30 04:06:02,032 - INFO - Scraping 5077/6851: https://www.refurbed.de/p/lenovo-tp-yoga-11e-g4-7200u-11-6/
2025-11-30 04:06:02,362 - ERROR - Error fetching https://www.refurbed.de/p/lenovo-tp-yoga-11e-g4-7200u-11-6/: 404 Client Error: Not Found for url: https://www.refurbed.de/p/lenovo-tp-yoga-11e-g4-7200u-11-6/
2025-11-30 04:06:03,365 - INFO - Scraping 5078/6851: https://www.refurbed.de/p/lenovo-tp-yoga-i7-5500u/
2025-11-30 04:06:03,624 - ERROR - Error fetching https://www.refurbed.de/p/lenovo-tp-yoga-i7-5500u/: 404 Client Error: Not Found for url: https://www.refurbed.de/p/lenovo-tp-yoga-i7-5500u/
2025-11-30 04:06:04,627 - INFO - Scraping 5079/6851: https://www.refurbed.de/p/lenovo-tp-yoga-x380-8250u/
2025-11-30 04:06:06,533 - INFO - Scraping 5080/6851: https://www.refurbed.de/p/lenovo-tp-yoga-x380-8350u/
2025-11-30 04:06:08,223 - INFO - Scraping 5081/6851: https://www.refurbed.de/p/lenovo-tp-yoga-x380-8650u-13-3/
2025-11-30 04:06:09,828 - INFO - Scraping 5082/6851: https://www.refurbed.de/p/lenovo-tp-yoga-x380-i7-8550u/
2025-11-30 04:06:11,273 - INFO - Scraping 5083/6851: https://www.refurbed.de/p/lenovo-tp-yoga-x390-8365u/
2025-11-30 04:06:13,074 - INFO - Scraping 5084/6851: https://www.refurbed.de/p/lenovo-tp-yoga-x390-8565u/
2025-11-30 04:06:14,804 - INFO - Scraping 5085/6851: https://www.refurbed.de/p/lenovo-tp-yoga-x390-8665u-13-3/
2025-11-30 04:06:16,379 - INFO - Scraping 5086/6851: https://www.refurbed.de/p/lenovo-tp-yoga-x390-i5-8265u/
2025-11-30 04:06:17,979 - INFO - Scraping 5087/6851: https://www.refurbed.de/p/lenovo-tp-yoga-x390-i5-8350u/
2025-11-30 04:06:19,714 - INFO - Scraping 5088/6851: https://www.refurbed.de/p/lenovo-x1-yoga-g4-i7-8650u-14/
2025-11-30 04:06:21,245 - INFO - Scraping 5089/6851: https://www.refurbed.de/p/lenovo-x13-yoga-g2-1135g7/
2025-11-30 04:06:22,796 - INFO - Scraping 5090/6851: https://www.refurbed.de/p/lenovo-x13-yoga-g2-i5-1145g7/
2025-11-30 04:06:24,352 - INFO - Scraping 5091/6851: https://www.refurbed.de/p/lenovo-x13-yoga-g2-i7-1165g7/
2025-11-30 04:06:25,767 - INFO - Scraping 5092/6851: https://www.refurbed.de/p/lenovo-x13-yoga-g3-5-pro-6650u/
2025-11-30 04:06:27,406 - INFO - Scraping 5093/6851: https://www.refurbed.de/p/lenovo-x13-yoga-g3-i5-1245u/
2025-11-30 04:06:29,102 - INFO - Scraping 5094/6851: https://www.refurbed.de/p/lenovo-x13-yoga-g3-i7-1255u/
2025-11-30 04:06:30,510 - INFO - Scraping 5095/6851: https://www.refurbed.de/p/lenovo-x13-yoga-g4-i5-1345u/
2025-11-30 04:06:31,924 - INFO - Scraping 5096/6851: https://www.refurbed.de/p/lenovo-yoga-510-14ikb-i3-7100u/
2025-11-30 04:06:32,187 - ERROR - Error fetching https://www.refurbed.de/p/lenovo-yoga-510-14ikb-i3-7100u/: 404 Client Error: Not Found for url: https://www.refurbed.de/p/lenovo-yoga-510-14ikb-i3-7100u/
2025-11-30 04:06:33,189 - INFO - Scraping 5097/6851: https://www.refurbed.de/p/lenovo-yoga-520-14ikb-7100u/
2025-11-30 04:06:33,470 - ERROR - Error fetching https://www.refurbed.de/p/lenovo-yoga-520-14ikb-7100u/: 404 Client Error: Not Found for url: https://www.refurbed.de/p/lenovo-yoga-520-14ikb-7100u/
2025-11-30 04:06:34,473 - INFO - Scraping 5098/6851: https://www.refurbed.de/p/lenovo-yoga-520-14ikb-i3-7130u/
2025-11-30 04:06:35,178 - ERROR - Error fetching https://www.refurbed.de/p/lenovo-yoga-520-14ikb-i3-7130u/: 404 Client Error: Not Found for url: https://www.refurbed.de/p/lenovo-yoga-520-14ikb-i3-7130u/
2025-11-30 04:06:36,180 - INFO - Scraping 5099/6851: https://www.refurbed.de/p/lenovo-yoga-530-14ikb-i5-8250u/
2025-11-30 04:06:37,648 - INFO - Scraping 5100/6851: https://www.refurbed.de/p/lenovo-yoga-530-2200u/
2025-11-30 04:06:37,922 - ERROR - Error fetching https://www.refurbed.de/p/lenovo-yoga-530-2200u/: 404 Client Error: Not Found for url: https://www.refurbed.de/p/lenovo-yoga-530-2200u/
2025-11-30 04:06:38,924 - INFO - Scraping 5101/6851: https://www.refurbed.de/p/lenovo-yoga-5g-8cx/
2025-11-30 04:06:40,365 - INFO - Scraping 5102/6851: https://www.refurbed.de/p/lenovo-yoga-6-55500u/
2025-11-30 04:06:41,885 - INFO - Scraping 5103/6851: https://www.refurbed.de/p/lenovo-yoga-7-14arb7-r7-6800u/
2025-11-30 04:06:43,345 - INFO - Scraping 5104/6851: https://www.refurbed.de/p/lenovo-yoga-7-14ial7-i7-1260p/
2025-11-30 04:06:44,750 - INFO - Scraping 5105/6851: https://www.refurbed.de/p/lenovo-yoga-7-15itl5-1135g7-15-6/
2025-11-30 04:06:46,423 - INFO - Scraping 5106/6851: https://www.refurbed.de/p/lenovo-yoga-7-15itl5-1165g7-15-6/
2025-11-30 04:06:47,919 - INFO - Scraping 5107/6851: https://www.refurbed.de/p/lenovo-yoga-720-13ikb-i5-7200u-1/
2025-11-30 04:06:48,177 - ERROR - Error fetching https://www.refurbed.de/p/lenovo-yoga-720-13ikb-i5-7200u-1/: 404 Client Error: Not Found for url: https://www.refurbed.de/p/lenovo-yoga-720-13ikb-i5-7200u-1/
2025-11-30 04:06:49,180 - INFO - Scraping 5108/6851: https://www.refurbed.de/p/lenovo-yoga-720-13ikb-i7-7500u-1/
2025-11-30 04:06:49,484 - ERROR - Error fetching https://www.refurbed.de/p/lenovo-yoga-720-13ikb-i7-7500u-1/: 404 Client Error: Not Found for url: https://www.refurbed.de/p/lenovo-yoga-720-13ikb-i7-7500u-1/
2025-11-30 04:06:50,486 - INFO - Scraping 5109/6851: https://www.refurbed.de/p/lenovo-yoga-730-15iwl-8565u/
2025-11-30 04:06:51,923 - INFO - Scraping 5110/6851: https://www.refurbed.de/p/lenovo-yoga-9-14itl5-1185g7/
2025-11-30 04:06:53,510 - INFO - Scraping 5111/6851: https://www.refurbed.de/p/lenovo-yoga-910-13ikb-i7-7500u/
2025-11-30 04:06:53,784 - ERROR - Error fetching https://www.refurbed.de/p/lenovo-yoga-910-13ikb-i7-7500u/: 404 Client Error: Not Found for url: https://www.refurbed.de/p/lenovo-yoga-910-13ikb-i7-7500u/
2025-11-30 04:06:54,786 - INFO - Scraping 5112/6851: https://www.refurbed.de/p/lenovo-yoga-920-13ikb-i7-8550u/
2025-11-30 04:06:56,203 - INFO - Scraping 5113/6851: https://www.refurbed.de/p/lenovo-yoga-c640-13iml-10210u/
2025-11-30 04:06:57,849 - INFO - Scraping 5114/6851: https://www.refurbed.de/p/lenovo-yoga-c940-14iil-i7-1065g7/
2025-11-30 04:06:59,257 - INFO - Scraping 5115/6851: https://www.refurbed.de/p/lenovo-yoga-slim-6-i7-1260p/
2025-11-30 04:07:00,663 - INFO - Scraping 5116/6851: https://www.refurbed.de/p/lenovo-yoga-slim-7-14apu8-7640s/
2025-11-30 04:07:02,161 - INFO - Scraping 5117/6851: https://www.refurbed.de/p/lenovo-yoga-slim-7-i5-1135/
2025-11-30 04:07:03,568 - INFO - Scraping 5118/6851: https://www.refurbed.de/p/lenovo-yoga-slim-7-pro-7-5800h/
2025-11-30 04:07:05,073 - INFO - Scraping 5119/6851: https://www.refurbed.de/p/lenovo-yoga-slim-7-ryzen-5-4600/
2025-11-30 04:07:06,476 - INFO - Scraping 5120/6851: https://www.refurbed.de/p/lenovo-yoga-slim-9-1165g7/
2025-11-30 04:07:08,000 - INFO - Scraping 5121/6851: https://www.refurbed.de/p/lenovo-yoga-smart-tab/
2025-11-30 04:07:09,419 - INFO - Scraping 5122/6851: https://www.refurbed.de/p/lenovo-yoga-tab-13-yt-k606f/
2025-11-30 04:07:10,922 - INFO - Scraping 5123/6851: https://www.refurbed.de/p/lenovo-yoga-tab-2-pro/
2025-11-30 04:07:12,371 - INFO - Scraping 5124/6851: https://www.refurbed.de/p/lenovo-yoga-tab-3-plus-10/
2025-11-30 04:07:13,779 - INFO - Scraping 5125/6851: https://www.refurbed.de/p/lenovo-yoga-tab2-10/
2025-11-30 04:07:15,195 - INFO - Scraping 5126/6851: https://www.refurbed.de/p/lenovo-yoga-tab3-10/
2025-11-30 04:07:16,601 - INFO - Scraping 5127/6851: https://www.refurbed.de/p/lg-22bk55wy-w/
2025-11-30 04:07:18,045 - INFO - Scraping 5128/6851: https://www.refurbed.de/p/lg-22eb23py-w-22/
2025-11-30 04:07:19,500 - INFO - Scraping 5129/6851: https://www.refurbed.de/p/lg-22mb35pu/
2025-11-30 04:07:20,977 - INFO - Scraping 5130/6851: https://www.refurbed.de/p/lg-22mb65pm-b/
2025-11-30 04:07:22,584 - INFO - Scraping 5131/6851: https://www.refurbed.de/p/lg-22mb65pm-w-22/
2025-11-30 04:07:24,125 - INFO - Scraping 5132/6851: https://www.refurbed.de/p/lg-22mb65py-b-22/
2025-11-30 04:07:25,551 - INFO - Scraping 5133/6851: https://www.refurbed.de/p/lg-23mb35pm-b/
2025-11-30 04:07:26,987 - INFO - Scraping 5134/6851: https://www.refurbed.de/p/lg-23mb35py-b/
2025-11-30 04:07:28,399 - INFO - Scraping 5135/6851: https://www.refurbed.de/p/lg-24bk450h-b/
2025-11-30 04:07:30,229 - INFO - Scraping 5136/6851: https://www.refurbed.de/p/lg-24bk550y-b-23-8/
2025-11-30 04:07:31,753 - INFO - Scraping 5137/6851: https://www.refurbed.de/p/lg-24bk550y-i-23-8/
2025-11-30 04:07:33,183 - INFO - Scraping 5138/6851: https://www.refurbed.de/p/lg-24bk550y-w-23-8/
2025-11-30 04:07:34,810 - INFO - Scraping 5139/6851: https://www.refurbed.de/p/lg-24bk750y-b/
2025-11-30 04:07:36,350 - INFO - Scraping 5140/6851: https://www.refurbed.de/p/lg-24eb23/
2025-11-30 04:07:37,780 - INFO - Scraping 5141/6851: https://www.refurbed.de/p/lg-24eb23pm-w/
2025-11-30 04:07:39,297 - INFO - Scraping 5142/6851: https://www.refurbed.de/p/lg-24mb35ph-b/
2025-11-30 04:07:40,904 - INFO - Scraping 5143/6851: https://www.refurbed.de/p/lg-24mb35pm/
2025-11-30 04:07:42,470 - INFO - Scraping 5144/6851: https://www.refurbed.de/p/lg-24mb35py-b-23-8/
2025-11-30 04:07:44,117 - INFO - Scraping 5145/6851: https://www.refurbed.de/p/lg-24mb37pm/
2025-11-30 04:07:45,638 - INFO - Scraping 5146/6851: https://www.refurbed.de/p/lg-24mb56hq-b-23-8/
2025-11-30 04:07:47,219 - INFO - Scraping 5147/6851: https://www.refurbed.de/p/lg-24mb56hq-t-23-8/
2025-11-30 04:07:48,730 - INFO - Scraping 5148/6851: https://www.refurbed.de/p/lg-24mb65pm-b-24/
2025-11-30 04:07:50,343 - INFO - Scraping 5149/6851: https://www.refurbed.de/p/lg-24mb65pm-i-24/
2025-11-30 04:07:51,925 - INFO - Scraping 5150/6851: https://www.refurbed.de/p/lg-24mb65py/
2025-11-30 04:07:53,476 - INFO - Scraping 5151/6851: https://www.refurbed.de/p/lg-24mk430h-b/
2025-11-30 04:07:54,874 - INFO - Scraping 5152/6851: https://www.refurbed.de/p/lg-24mp400-b-23-8/
2025-11-30 04:07:56,529 - INFO - Scraping 5153/6851: https://www.refurbed.de/p/lg-24mp60g-b-23-8/
2025-11-30 04:07:57,956 - INFO - Scraping 5154/6851: https://www.refurbed.de/p/lg-27bk550y-w-27/
2025-11-30 04:07:59,420 - INFO - Scraping 5155/6851: https://www.refurbed.de/p/lg-27mb65py-b/
2025-11-30 04:08:00,814 - INFO - Scraping 5156/6851: https://www.refurbed.de/p/lg-27mb65py-w-27/
2025-11-30 04:08:02,253 - INFO - Scraping 5157/6851: https://www.refurbed.de/p/lg-27mp59g-p/
2025-11-30 04:08:03,951 - INFO - Scraping 5158/6851: https://www.refurbed.de/p/lg-27uk670-27/
2025-11-30 04:08:05,420 - INFO - Scraping 5159/6851: https://www.refurbed.de/p/lg-27ul500-w/
2025-11-30 04:08:06,831 - INFO - Scraping 5160/6851: https://www.refurbed.de/p/lg-27ul850-w-27/
2025-11-30 04:08:08,413 - INFO - Scraping 5161/6851: https://www.refurbed.de/p/lg-27up850-w-27/
2025-11-30 04:08:09,958 - INFO - Scraping 5162/6851: https://www.refurbed.de/p/lg-32ud99-w-31-5/
2025-11-30 04:08:11,346 - INFO - Scraping 5163/6851: https://www.refurbed.de/p/lg-34ub67-b-34/
2025-11-30 04:08:12,922 - INFO - Scraping 5164/6851: https://www.refurbed.de/p/lg-34uc88-b-34/
2025-11-30 04:08:14,325 - INFO - Scraping 5165/6851: https://www.refurbed.de/p/lg-34uc97-s-34/
2025-11-30 04:08:15,729 - INFO - Scraping 5166/6851: https://www.refurbed.de/p/lg-34um69g-b-34/
2025-11-30 04:08:17,142 - INFO - Scraping 5167/6851: https://www.refurbed.de/p/lg-43uq75009lf/
2025-11-30 04:08:18,573 - INFO - Scraping 5168/6851: https://www.refurbed.de/p/lg-43ur74006lb/
2025-11-30 04:08:20,196 - INFO - Scraping 5169/6851: https://www.refurbed.de/p/lg-49ub830v-49/
2025-11-30 04:08:21,678 - INFO - Scraping 5170/6851: https://www.refurbed.de/p/lg-50uq75009lf/
2025-11-30 04:08:23,081 - INFO - Scraping 5171/6851: https://www.refurbed.de/p/lg-55ea9709/
2025-11-30 04:08:24,488 - INFO - Scraping 5172/6851: https://www.refurbed.de/p/lg-55nano759pa/
2025-11-30 04:08:25,889 - INFO - Scraping 5173/6851: https://www.refurbed.de/p/lg-55nano867na-55/
2025-11-30 04:08:27,346 - INFO - Scraping 5174/6851: https://www.refurbed.de/p/lg-65uk6470plc-55/
2025-11-30 04:08:28,741 - INFO - Scraping 5175/6851: https://www.refurbed.de/p/lg-75nano999na-75/
2025-11-30 04:08:30,430 - INFO - Scraping 5176/6851: https://www.refurbed.de/p/lg-75up80009la-75/
2025-11-30 04:08:31,905 - INFO - Scraping 5177/6851: https://www.refurbed.de/p/lg-cinebeam-hu915qe/
2025-11-30 04:08:33,510 - INFO - Scraping 5178/6851: https://www.refurbed.de/p/lg-cinebeam-led-full-hd-hf60lsr/
2025-11-30 04:08:35,190 - INFO - Scraping 5179/6851: https://www.refurbed.de/p/lg-cinebeam-q/
2025-11-30 04:08:36,787 - INFO - Scraping 5180/6851: https://www.refurbed.de/p/lg-db325txs/
2025-11-30 04:08:38,272 - INFO - Scraping 5181/6851: https://www.refurbed.de/p/lg-db365txs/
2025-11-30 04:08:39,865 - INFO - Scraping 5182/6851: https://www.refurbed.de/p/lg-ds60tr-soundbar/
2025-11-30 04:08:41,572 - INFO - Scraping 5183/6851: https://www.refurbed.de/p/lg-ds80qy-soundbar/
2025-11-30 04:08:43,176 - INFO - Scraping 5184/6851: https://www.refurbed.de/p/lg-ds80tr-soundbar/
2025-11-30 04:08:44,721 - INFO - Scraping 5185/6851: https://www.refurbed.de/p/lg-ds95qr-soundbar/
2025-11-30 04:08:46,270 - INFO - Scraping 5186/6851: https://www.refurbed.de/p/lg-ds95tr-soundbar/
2025-11-30 04:08:47,680 - INFO - Scraping 5187/6851: https://www.refurbed.de/p/lg-dsg10ty-soundbar/
2025-11-30 04:08:49,144 - INFO - Scraping 5188/6851: https://www.refurbed.de/p/lg-f4r3010nswb/
2025-11-30 04:08:50,597 - INFO - Scraping 5189/6851: https://www.refurbed.de/p/lg-f4r3011nswb/
2025-11-30 04:08:52,072 - INFO - Scraping 5190/6851: https://www.refurbed.de/p/lg-f4r3710nsww/
2025-11-30 04:08:53,474 - INFO - Scraping 5191/6851: https://www.refurbed.de/p/lg-f4r5011tsww/
2025-11-30 04:08:54,932 - INFO - Scraping 5192/6851: https://www.refurbed.de/p/lg-f4r9009tpwc/
2025-11-30 04:08:56,468 - INFO - Scraping 5193/6851: https://www.refurbed.de/p/lg-f4wm309sae/
2025-11-30 04:08:57,876 - INFO - Scraping 5194/6851: https://www.refurbed.de/p/lg-f4wv309s4e/
2025-11-30 04:08:59,340 - INFO - Scraping 5195/6851: https://www.refurbed.de/p/lg-flatron-23mb35ph-b-23/
2025-11-30 04:09:00,728 - INFO - Scraping 5196/6851: https://www.refurbed.de/p/lg-flatron-24eb23pm-b-24/
2025-11-30 04:09:02,473 - INFO - Scraping 5197/6851: https://www.refurbed.de/p/lg-flatron-24mb65pm-24/
2025-11-30 04:09:04,099 - INFO - Scraping 5198/6851: https://www.refurbed.de/p/lg-flatron-e2210pm-sn-22/
2025-11-30 04:09:05,489 - INFO - Scraping 5199/6851: https://www.refurbed.de/p/lg-flatron-e2411pu-bn/
2025-11-30 04:09:07,307 - INFO - Scraping 5200/6851: https://www.refurbed.de/p/lg-flatron-e2422py-bn/
2025-11-30 04:09:08,894 - INFO - Scraping 5201/6851: https://www.refurbed.de/p/lg-flatron-ips231p-23/
2025-11-30 04:09:10,453 - INFO - Scraping 5202/6851: https://www.refurbed.de/p/lg-flatron-ips234v-23/
2025-11-30 04:09:11,951 - INFO - Scraping 5203/6851: https://www.refurbed.de/p/lg-flatron-l1942s-bf/
2025-11-30 04:09:13,413 - INFO - Scraping 5204/6851: https://www.refurbed.de/p/lg-flatron-l226wtq-sf-22/
2025-11-30 04:09:14,927 - INFO - Scraping 5205/6851: https://www.refurbed.de/p/lg-flatron-w2242pm-22/
2025-11-30 04:09:16,317 - INFO - Scraping 5206/6851: https://www.refurbed.de/p/lg-flatron-w2442pa-bf-24/
2025-11-30 04:09:17,724 - INFO - Scraping 5207/6851: https://www.refurbed.de/p/lg-flatronw2442pe-sf-24/
2025-11-30 04:09:19,178 - INFO - Scraping 5208/6851: https://www.refurbed.de/p/lg-gbb62pzjmn/
2025-11-30 04:09:20,628 - INFO - Scraping 5209/6851: https://www.refurbed.de/p/lg-gbb72nsvcn1/
2025-11-30 04:09:22,134 - INFO - Scraping 5210/6851: https://www.refurbed.de/p/lg-gbb72pzugn-apzqeur/
2025-11-30 04:09:23,552 - INFO - Scraping 5211/6851: https://www.refurbed.de/p/lg-gbp62pznbc/
2025-11-30 04:09:24,966 - INFO - Scraping 5212/6851: https://www.refurbed.de/p/lg-gmj916nshv-side-by-side/
2025-11-30 04:09:26,371 - INFO - Scraping 5213/6851: https://www.refurbed.de/p/lg-gram-14-1035g7/
2025-11-30 04:09:27,810 - INFO - Scraping 5214/6851: https://www.refurbed.de/p/lg-gram-16-i7-1165g7-2021/
2025-11-30 04:09:29,268 - INFO - Scraping 5215/6851: https://www.refurbed.de/p/lg-gram-16-view/
2025-11-30 04:09:30,704 - INFO - Scraping 5216/6851: https://www.refurbed.de/p/lg-gram-17-2021-1135g7/
2025-11-30 04:09:30,959 - ERROR - Error fetching https://www.refurbed.de/p/lg-gram-17-2021-1135g7/: 404 Client Error: Not Found for url: https://www.refurbed.de/p/lg-gram-17-2021-1135g7/
2025-11-30 04:09:31,962 - INFO - Scraping 5217/6851: https://www.refurbed.de/p/lg-gram-17-2023-5-125h/
2025-11-30 04:09:33,372 - INFO - Scraping 5218/6851: https://www.refurbed.de/p/lg-gram-17-2023-i7-1360p/
2025-11-30 04:09:34,783 - INFO - Scraping 5219/6851: https://www.refurbed.de/p/lg-gram-17-2024-core-ultra-7/
2025-11-30 04:09:36,204 - INFO - Scraping 5220/6851: https://www.refurbed.de/p/lg-gram-pro-16-2-in-1-7-155h/
2025-11-30 04:09:38,386 - INFO - Scraping 5221/6851: https://www.refurbed.de/p/lg-gram-pro-16-2024-7-155h/
2025-11-30 04:09:39,874 - INFO - Scraping 5222/6851: https://www.refurbed.de/p/lg-gram-pro-17-2024-7-155h/
2025-11-30 04:09:41,272 - INFO - Scraping 5223/6851: https://www.refurbed.de/p/lg-gram-style-16-2023-i7-1360/
2025-11-30 04:09:42,779 - INFO - Scraping 5224/6851: https://www.refurbed.de/p/lg-gram-superslim-i7-1360p/
2025-11-30 04:09:44,191 - INFO - Scraping 5225/6851: https://www.refurbed.de/p/lg-gsl461icez-side-by-side/
2025-11-30 04:09:45,635 - INFO - Scraping 5226/6851: https://www.refurbed.de/p/lg-hbs-900/
2025-11-30 04:09:47,031 - INFO - Scraping 5227/6851: https://www.refurbed.de/p/lg-mh6565cpb/
2025-11-30 04:09:48,630 - INFO - Scraping 5228/6851: https://www.refurbed.de/p/lg-ms2042d/
2025-11-30 04:09:50,072 - INFO - Scraping 5229/6851: https://www.refurbed.de/p/lg-ms2595cis/
2025-11-30 04:09:51,471 - INFO - Scraping 5230/6851: https://www.refurbed.de/p/lg-nano86-55/
2025-11-30 04:09:52,922 - INFO - Scraping 5231/6851: https://www.refurbed.de/p/lg-oled55b23la/
2025-11-30 04:09:54,499 - INFO - Scraping 5232/6851: https://www.refurbed.de/p/lg-qp5-soundbar/
2025-11-30 04:09:56,109 - INFO - Scraping 5233/6851: https://www.refurbed.de/p/lg-sc9s-soundbar/
2025-11-30 04:09:57,529 - INFO - Scraping 5234/6851: https://www.refurbed.de/p/lg-signature-oled77w7v/
2025-11-30 04:09:58,949 - INFO - Scraping 5235/6851: https://www.refurbed.de/p/lg-sk5-soundbar/
2025-11-30 04:10:00,402 - INFO - Scraping 5236/6851: https://www.refurbed.de/p/lg-sn8yg-soundbar/
2025-11-30 04:10:01,982 - INFO - Scraping 5237/6851: https://www.refurbed.de/p/lg-sp7-soundbar/
2025-11-30 04:10:03,369 - INFO - Scraping 5238/6851: https://www.refurbed.de/p/lg-sp9ya-soundbar/
2025-11-30 04:10:04,995 - INFO - Scraping 5239/6851: https://www.refurbed.de/p/lg-styler-s3rerb/
2025-11-30 04:10:06,438 - INFO - Scraping 5240/6851: https://www.refurbed.de/p/lg-thinq-wk7/
2025-11-30 04:10:08,123 - INFO - Scraping 5241/6851: https://www.refurbed.de/p/lg-tone-free-dt90q/
2025-11-30 04:10:09,644 - INFO - Scraping 5242/6851: https://www.refurbed.de/p/lg-tone-free-fit/
2025-11-30 04:10:11,049 - INFO - Scraping 5243/6851: https://www.refurbed.de/p/lg-tone-free-fp9/
2025-11-30 04:10:12,488 - INFO - Scraping 5244/6851: https://www.refurbed.de/p/lg-tone-free-fp9w/
2025-11-30 04:10:13,901 - INFO - Scraping 5245/6851: https://www.refurbed.de/p/lg-tone-free-hbs-f110/
2025-11-30 04:10:15,512 - INFO - Scraping 5246/6851: https://www.refurbed.de/p/lg-tone-free-t90s/
2025-11-30 04:10:16,970 - INFO - Scraping 5247/6851: https://www.refurbed.de/p/lg-tone-infinim/
2025-11-30 04:10:18,357 - INFO - Scraping 5248/6851: https://www.refurbed.de/p/lg-tone-pro-hbs-780/
2025-11-30 04:10:19,791 - INFO - Scraping 5249/6851: https://www.refurbed.de/p/lg-tone-ultra-hbs-800/
2025-11-30 04:10:21,363 - INFO - Scraping 5250/6851: https://www.refurbed.de/p/lg-ultrawide-34bn670-b/
2025-11-30 04:10:23,242 - INFO - Scraping 5251/6851: https://www.refurbed.de/p/lg-ultrawide-34wl85c-b/
2025-11-30 04:10:24,840 - INFO - Scraping 5252/6851: https://www.refurbed.de/p/lg-ultrawide-34wn780-b-34/
2025-11-30 04:10:26,433 - INFO - Scraping 5253/6851: https://www.refurbed.de/p/lg-ultrawide-34wn80c-b/
2025-11-30 04:10:27,846 - INFO - Scraping 5254/6851: https://www.refurbed.de/p/lg-ultrawide-38bq85c-w/
2025-11-30 04:10:29,282 - INFO - Scraping 5255/6851: https://www.refurbed.de/p/lg-ultrawide-38wk95c-w/
2025-11-30 04:10:30,805 - INFO - Scraping 5256/6851: https://www.refurbed.de/p/lg-ultrawide-49wl95c-w/
2025-11-30 04:10:32,236 - INFO - Scraping 5257/6851: https://www.refurbed.de/p/lg-up970/
2025-11-30 04:10:33,782 - INFO - Scraping 5258/6851: https://www.refurbed.de/p/lg-w2242pk-22/
2025-11-30 04:10:35,328 - INFO - Scraping 5259/6851: https://www.refurbed.de/p/lg-w2242t-df-22/
2025-11-30 04:10:36,786 - INFO - Scraping 5260/6851: https://www.refurbed.de/p/lg-xboom-go-dxgq5/
2025-11-30 04:10:38,224 - INFO - Scraping 5261/6851: https://www.refurbed.de/p/lg-xboom-go-dxgq7/
2025-11-30 04:10:39,713 - INFO - Scraping 5262/6851: https://www.refurbed.de/p/lg-xboom-go-xg9/
2025-11-30 04:10:41,323 - INFO - Scraping 5263/6851: https://www.refurbed.de/p/lg-xboom-ol100/
2025-11-30 04:10:43,059 - INFO - Scraping 5264/6851: https://www.refurbed.de/p/lg-xboom-rn5/
2025-11-30 04:10:44,496 - INFO - Scraping 5265/6851: https://www.refurbed.de/p/lg-xboom-xl7s/
2025-11-30 04:10:46,023 - INFO - Scraping 5266/6851: https://www.refurbed.de/p/lnv-ideapad-miix-700-12isk-m7/
2025-11-30 04:10:46,309 - ERROR - Error fetching https://www.refurbed.de/p/lnv-ideapad-miix-700-12isk-m7/: 404 Client Error: Not Found for url: https://www.refurbed.de/p/lnv-ideapad-miix-700-12isk-m7/
2025-11-30 04:10:47,311 - INFO - Scraping 5267/6851: https://www.refurbed.de/p/lnv-ideapad-miix-700-12isk/
2025-11-30 04:10:47,567 - ERROR - Error fetching https://www.refurbed.de/p/lnv-ideapad-miix-700-12isk/: 404 Client Error: Not Found for url: https://www.refurbed.de/p/lnv-ideapad-miix-700-12isk/
2025-11-30 04:10:48,569 - INFO - Scraping 5268/6851: https://www.refurbed.de/p/logitech-combo-touch-ipad-11/
2025-11-30 04:10:50,156 - INFO - Scraping 5269/6851: https://www.refurbed.de/p/logitech-combo-touch-ipad-12-9/
2025-11-30 04:10:51,545 - INFO - Scraping 5270/6851: https://www.refurbed.de/p/logitech-combo-touch-ipad-13/
2025-11-30 04:10:53,021 - INFO - Scraping 5271/6851: https://www.refurbed.de/p/logitech-combo-touch-ipad-air-11/
2025-11-30 04:10:54,823 - INFO - Scraping 5272/6851: https://www.refurbed.de/p/logitech-combo-touch-ipad-air-13/
2025-11-30 04:10:56,236 - INFO - Scraping 5273/6851: https://www.refurbed.de/p/logitech-combo-touch-ipad-air-4/
2025-11-30 04:10:57,800 - INFO - Scraping 5274/6851: https://www.refurbed.de/p/logitech-ultrathin-galaxy-tab-3/
2025-11-30 04:10:59,311 - INFO - Scraping 5275/6851: https://www.refurbed.de/p/logitech-ultrathin-ipad-air/
2025-11-30 04:11:00,717 - INFO - Scraping 5276/6851: https://www.refurbed.de/p/macbook-air-2014-11-i7/
2025-11-30 04:11:02,182 - INFO - Scraping 5277/6851: https://www.refurbed.de/p/macbook-pro-2019-133-tb/
2025-11-30 04:11:03,850 - INFO - Scraping 5278/6851: https://www.refurbed.de/p/macbook-pro-2019-154-tb/
2025-11-30 04:11:05,451 - INFO - Scraping 5279/6851: https://www.refurbed.de/p/magewll-capture-hdmi-plus/
2025-11-30 04:11:07,137 - INFO - Scraping 5280/6851: https://www.refurbed.de/p/marshall-monitor-ii-a-n-c/
2025-11-30 04:11:08,646 - INFO - Scraping 5281/6851: https://www.refurbed.de/p/medion-lifetab-e6912-7/
2025-11-30 04:11:10,231 - INFO - Scraping 5282/6851: https://www.refurbed.de/p/microsoft-display-dock-hd-500/
2025-11-30 04:11:11,699 - INFO - Scraping 5283/6851: https://www.refurbed.de/p/microsoft-surface-book-1/
2025-11-30 04:11:11,965 - ERROR - Error fetching https://www.refurbed.de/p/microsoft-surface-book-1/: 404 Client Error: Not Found for url: https://www.refurbed.de/p/microsoft-surface-book-1/
2025-11-30 04:11:12,967 - INFO - Scraping 5284/6851: https://www.refurbed.de/p/microsoft-surface-book-2-13/
2025-11-30 04:11:14,450 - INFO - Scraping 5285/6851: https://www.refurbed.de/p/microsoft-surface-book-2-15/
2025-11-30 04:11:15,874 - INFO - Scraping 5286/6851: https://www.refurbed.de/p/microsoft-surface-book-3-13-5/
2025-11-30 04:11:17,539 - INFO - Scraping 5287/6851: https://www.refurbed.de/p/microsoft-surface-book-3-15/
2025-11-30 04:11:18,993 - INFO - Scraping 5288/6851: https://www.refurbed.de/p/microsoft-surface-go-10/
2025-11-30 04:11:19,255 - ERROR - Error fetching https://www.refurbed.de/p/microsoft-surface-go-10/: 404 Client Error: Not Found for url: https://www.refurbed.de/p/microsoft-surface-go-10/
2025-11-30 04:11:20,257 - INFO - Scraping 5289/6851: https://www.refurbed.de/p/microsoft-surface-go-2-10-5/
2025-11-30 04:11:20,725 - ERROR - Error fetching https://www.refurbed.de/p/microsoft-surface-go-2-10-5/: 404 Client Error: Not Found for url: https://www.refurbed.de/p/microsoft-surface-go-2-10-5/
2025-11-30 04:11:21,727 - INFO - Scraping 5290/6851: https://www.refurbed.de/p/microsoft-surface-go-2-4425y/
2025-11-30 04:11:23,256 - INFO - Scraping 5291/6851: https://www.refurbed.de/p/microsoft-surface-go-2-i5-1135g7/
2025-11-30 04:11:24,842 - INFO - Scraping 5292/6851: https://www.refurbed.de/p/microsoft-surface-go-2-m3-8100y/
2025-11-30 04:11:26,770 - INFO - Scraping 5293/6851: https://www.refurbed.de/p/microsoft-surface-go-2-type-cov/
2025-11-30 04:11:28,200 - INFO - Scraping 5294/6851: https://www.refurbed.de/p/microsoft-surface-go-3-6500y/
2025-11-30 04:11:29,935 - INFO - Scraping 5295/6851: https://www.refurbed.de/p/microsoft-surface-go-3-i3-10100y/
2025-11-30 04:11:31,489 - INFO - Scraping 5296/6851: https://www.refurbed.de/p/microsoft-surface-go-3-i5-1235u/
2025-11-30 04:11:33,017 - INFO - Scraping 5297/6851: https://www.refurbed.de/p/microsoft-surface-go-i51035g1/
2025-11-30 04:11:34,931 - INFO - Scraping 5298/6851: https://www.refurbed.de/p/microsoft-surface-go-sig-keyb/
2025-11-30 04:11:36,330 - INFO - Scraping 5299/6851: https://www.refurbed.de/p/microsoft-surface-go-type-cov/
2025-11-30 04:11:38,037 - INFO - Scraping 5300/6851: https://www.refurbed.de/p/microsoft-surface-laptop-57200u/
2025-11-30 04:11:38,477 - ERROR - Error fetching https://www.refurbed.de/p/microsoft-surface-laptop-57200u/: 404 Client Error: Not Found for url: https://www.refurbed.de/p/microsoft-surface-laptop-57200u/
2025-11-30 04:11:39,479 - INFO - Scraping 5301/6851: https://www.refurbed.de/p/microsoft-surface-laptop-7300u/
2025-11-30 04:11:39,732 - ERROR - Error fetching https://www.refurbed.de/p/microsoft-surface-laptop-7300u/: 404 Client Error: Not Found for url: https://www.refurbed.de/p/microsoft-surface-laptop-7300u/
2025-11-30 04:11:40,734 - INFO - Scraping 5302/6851: https://www.refurbed.de/p/microsoft-surface-laptop-7660u/
2025-11-30 04:11:41,012 - ERROR - Error fetching https://www.refurbed.de/p/microsoft-surface-laptop-7660u/: 404 Client Error: Not Found for url: https://www.refurbed.de/p/microsoft-surface-laptop-7660u/
2025-11-30 04:11:42,015 - INFO - Scraping 5303/6851: https://www.refurbed.de/p/microsoft-surface-laptop-8350u/
2025-11-30 04:11:43,539 - INFO - Scraping 5304/6851: https://www.refurbed.de/p/microsoft-surface-laptop-m37y30/
2025-11-30 04:11:43,815 - ERROR - Error fetching https://www.refurbed.de/p/microsoft-surface-laptop-m37y30/: 404 Client Error: Not Found for url: https://www.refurbed.de/p/microsoft-surface-laptop-m37y30/
2025-11-30 04:11:44,817 - INFO - Scraping 5305/6851: https://www.refurbed.de/p/microsoft-surface-pro-1-i53317u/
2025-11-30 04:11:45,099 - ERROR - Error fetching https://www.refurbed.de/p/microsoft-surface-pro-1-i53317u/: 404 Client Error: Not Found for url: https://www.refurbed.de/p/microsoft-surface-pro-1-i53317u/
2025-11-30 04:11:46,101 - INFO - Scraping 5306/6851: https://www.refurbed.de/p/microsoft-surface-pro-10-5-135u/
2025-11-30 04:11:47,703 - INFO - Scraping 5307/6851: https://www.refurbed.de/p/microsoft-surface-pro-10-7-165u/
2025-11-30 04:11:49,122 - INFO - Scraping 5308/6851: https://www.refurbed.de/p/microsoft-surface-pro-1664-dock/
2025-11-30 04:11:50,738 - INFO - Scraping 5309/6851: https://www.refurbed.de/p/microsoft-surface-pro-2-i5-4200u/
2025-11-30 04:11:51,018 - ERROR - Error fetching https://www.refurbed.de/p/microsoft-surface-pro-2-i5-4200u/: 404 Client Error: Not Found for url: https://www.refurbed.de/p/microsoft-surface-pro-2-i5-4200u/
2025-11-30 04:11:52,021 - INFO - Scraping 5310/6851: https://www.refurbed.de/p/microsoft-surface-pro-2-i5-4300u/
2025-11-30 04:11:52,290 - ERROR - Error fetching https://www.refurbed.de/p/microsoft-surface-pro-2-i5-4300u/: 404 Client Error: Not Found for url: https://www.refurbed.de/p/microsoft-surface-pro-2-i5-4300u/
2025-11-30 04:11:53,292 - INFO - Scraping 5311/6851: https://www.refurbed.de/p/microsoft-surface-pro-2017-i5-73/
2025-11-30 04:11:53,576 - ERROR - Error fetching https://www.refurbed.de/p/microsoft-surface-pro-2017-i5-73/: 404 Client Error: Not Found for url: https://www.refurbed.de/p/microsoft-surface-pro-2017-i5-73/
2025-11-30 04:11:54,579 - INFO - Scraping 5312/6851: https://www.refurbed.de/p/microsoft-surface-pro-2017-i7-12/
2025-11-30 04:11:54,987 - ERROR - Error fetching https://www.refurbed.de/p/microsoft-surface-pro-2017-i7-12/: 404 Client Error: Not Found for url: https://www.refurbed.de/p/microsoft-surface-pro-2017-i7-12/
2025-11-30 04:11:55,990 - INFO - Scraping 5313/6851: https://www.refurbed.de/p/microsoft-surface-pro-2017-m3-7y/
2025-11-30 04:11:56,265 - ERROR - Error fetching https://www.refurbed.de/p/microsoft-surface-pro-2017-m3-7y/: 404 Client Error: Not Found for url: https://www.refurbed.de/p/microsoft-surface-pro-2017-m3-7y/
2025-11-30 04:11:57,267 - INFO - Scraping 5314/6851: https://www.refurbed.de/p/microsoft-surface-pro-3-12/
2025-11-30 04:11:57,747 - ERROR - Error fetching https://www.refurbed.de/p/microsoft-surface-pro-3-12/: 404 Client Error: Not Found for url: https://www.refurbed.de/p/microsoft-surface-pro-3-12/
2025-11-30 04:11:58,749 - INFO - Scraping 5315/6851: https://www.refurbed.de/p/microsoft-surface-pro-3-dock-fur/
2025-11-30 04:12:00,434 - INFO - Scraping 5316/6851: https://www.refurbed.de/p/microsoft-surface-pro-3-dock/
2025-11-30 04:12:01,956 - INFO - Scraping 5317/6851: https://www.refurbed.de/p/microsoft-surface-pro-3-mit-touc/
2025-11-30 04:12:02,256 - ERROR - Error fetching https://www.refurbed.de/p/microsoft-surface-pro-3-mit-touc/: 404 Client Error: Not Found for url: https://www.refurbed.de/p/microsoft-surface-pro-3-mit-touc/
2025-11-30 04:12:03,258 - INFO - Scraping 5318/6851: https://www.refurbed.de/p/microsoft-surface-pro-4-i5-6300u/
2025-11-30 04:12:03,515 - ERROR - Error fetching https://www.refurbed.de/p/microsoft-surface-pro-4-i5-6300u/: 404 Client Error: Not Found for url: https://www.refurbed.de/p/microsoft-surface-pro-4-i5-6300u/
2025-11-30 04:12:04,517 - INFO - Scraping 5319/6851: https://www.refurbed.de/p/microsoft-surface-pro-4-i7-12-3/
2025-11-30 04:12:04,814 - ERROR - Error fetching https://www.refurbed.de/p/microsoft-surface-pro-4-i7-12-3/: 404 Client Error: Not Found for url: https://www.refurbed.de/p/microsoft-surface-pro-4-i7-12-3/
2025-11-30 04:12:05,817 - INFO - Scraping 5320/6851: https://www.refurbed.de/p/microsoft-surface-pro-4-i7-13-5/
2025-11-30 04:12:07,887 - INFO - Scraping 5321/6851: https://www.refurbed.de/p/microsoft-surface-pro-4-m3-6y30-/
2025-11-30 04:12:08,201 - ERROR - Error fetching https://www.refurbed.de/p/microsoft-surface-pro-4-m3-6y30-/: 404 Client Error: Not Found for url: https://www.refurbed.de/p/microsoft-surface-pro-4-m3-6y30-/
2025-11-30 04:12:09,203 - INFO - Scraping 5322/6851: https://www.refurbed.de/p/microsoft-surface-pro-4-type-cov/
2025-11-30 04:12:10,692 - INFO - Scraping 5323/6851: https://www.refurbed.de/p/microsoft-surface-pro-6-7300u/
2025-11-30 04:12:10,951 - ERROR - Error fetching https://www.refurbed.de/p/microsoft-surface-pro-6-7300u/: 404 Client Error: Not Found for url: https://www.refurbed.de/p/microsoft-surface-pro-6-7300u/
2025-11-30 04:12:11,954 - INFO - Scraping 5324/6851: https://www.refurbed.de/p/microsoft-surface-pro-6-8250u/
2025-11-30 04:12:13,525 - INFO - Scraping 5325/6851: https://www.refurbed.de/p/microsoft-surface-pro-6-8350u/
2025-11-30 04:12:15,102 - INFO - Scraping 5326/6851: https://www.refurbed.de/p/microsoft-surface-pro-6-8650u/
2025-11-30 04:12:16,627 - INFO - Scraping 5327/6851: https://www.refurbed.de/p/microsoft-surface-pro-7-1005g1/
2025-11-30 04:12:18,056 - INFO - Scraping 5328/6851: https://www.refurbed.de/p/microsoft-surface-pro-7-1035g4/
2025-11-30 04:12:19,809 - INFO - Scraping 5329/6851: https://www.refurbed.de/p/microsoft-surface-pro-7-1065g7/
2025-11-30 04:12:21,420 - INFO - Scraping 5330/6851: https://www.refurbed.de/p/microsoft-surface-pro-7-plus-i5/
2025-11-30 04:12:21,691 - ERROR - Error fetching https://www.refurbed.de/p/microsoft-surface-pro-7-plus-i5/: 404 Client Error: Not Found for url: https://www.refurbed.de/p/microsoft-surface-pro-7-plus-i5/
2025-11-30 04:12:22,693 - INFO - Scraping 5331/6851: https://www.refurbed.de/p/microsoft-surface-pro-7-plus-i7/
2025-11-30 04:12:24,265 - INFO - Scraping 5332/6851: https://www.refurbed.de/p/microsoft-surface-pro-7-plus/
2025-11-30 04:12:25,705 - INFO - Scraping 5333/6851: https://www.refurbed.de/p/microsoft-surface-pro-8-1115g4/
2025-11-30 04:12:27,343 - INFO - Scraping 5334/6851: https://www.refurbed.de/p/microsoft-surface-pro-8-1135g7/
2025-11-30 04:12:28,988 - INFO - Scraping 5335/6851: https://www.refurbed.de/p/microsoft-surface-pro-8-1145g7/
2025-11-30 04:12:30,593 - INFO - Scraping 5336/6851: https://www.refurbed.de/p/microsoft-surface-pro-8-1185g7/
2025-11-30 04:12:32,159 - INFO - Scraping 5337/6851: https://www.refurbed.de/p/microsoft-surface-pro-9-1235u/
2025-11-30 04:12:33,810 - INFO - Scraping 5338/6851: https://www.refurbed.de/p/microsoft-surface-pro-9-i5-1245u/
2025-11-30 04:12:35,421 - INFO - Scraping 5339/6851: https://www.refurbed.de/p/microsoft-surface-pro-9-i7-1255u/
2025-11-30 04:12:36,952 - INFO - Scraping 5340/6851: https://www.refurbed.de/p/microsoft-surface-pro-9-i7-1265u/
2025-11-30 04:12:38,589 - INFO - Scraping 5341/6851: https://www.refurbed.de/p/microsoft-surface-pro-9-sq3/
2025-11-30 04:12:40,103 - INFO - Scraping 5342/6851: https://www.refurbed.de/p/microsoft-surface-pro-sig-keyb/
2025-11-30 04:12:41,561 - INFO - Scraping 5343/6851: https://www.refurbed.de/p/microsoft-surface-pro-x-sig-keyb/
2025-11-30 04:12:43,036 - INFO - Scraping 5344/6851: https://www.refurbed.de/p/microsoft-surface-pro-x-sq1/
2025-11-30 04:12:44,456 - INFO - Scraping 5345/6851: https://www.refurbed.de/p/microsoft-surface-pro-x-sq2-13/
2025-11-30 04:12:45,866 - INFO - Scraping 5346/6851: https://www.refurbed.de/p/microsoft-surface-pro-x-type-cov/
2025-11-30 04:12:47,451 - INFO - Scraping 5347/6851: https://www.refurbed.de/p/motorola-defy-2021/
2025-11-30 04:12:48,887 - INFO - Scraping 5348/6851: https://www.refurbed.de/p/motorola-defy-satellite-link/
2025-11-30 04:12:50,380 - INFO - Scraping 5349/6851: https://www.refurbed.de/p/motorola-edge-20-fusion/
2025-11-30 04:12:51,804 - INFO - Scraping 5350/6851: https://www.refurbed.de/p/motorola-edge-20-lite/
2025-11-30 04:12:53,542 - INFO - Scraping 5351/6851: https://www.refurbed.de/p/motorola-edge-20-pro/
2025-11-30 04:12:55,179 - INFO - Scraping 5352/6851: https://www.refurbed.de/p/motorola-edge-20/
2025-11-30 04:12:56,620 - INFO - Scraping 5353/6851: https://www.refurbed.de/p/motorola-edge-30-fusion/
2025-11-30 04:12:58,263 - INFO - Scraping 5354/6851: https://www.refurbed.de/p/motorola-edge-30-neo/
2025-11-30 04:12:59,703 - INFO - Scraping 5355/6851: https://www.refurbed.de/p/motorola-edge-30-pro-5g/
2025-11-30 04:13:01,426 - INFO - Scraping 5356/6851: https://www.refurbed.de/p/motorola-edge-30-ultra/
2025-11-30 04:13:03,049 - INFO - Scraping 5357/6851: https://www.refurbed.de/p/motorola-edge-30/
2025-11-30 04:13:04,669 - INFO - Scraping 5358/6851: https://www.refurbed.de/p/motorola-edge-40-neo/
2025-11-30 04:13:06,325 - INFO - Scraping 5359/6851: https://www.refurbed.de/p/motorola-edge-40-pro/
2025-11-30 04:13:07,916 - INFO - Scraping 5360/6851: https://www.refurbed.de/p/motorola-edge-40/
2025-11-30 04:13:09,536 - INFO - Scraping 5361/6851: https://www.refurbed.de/p/motorola-edge-50-fusion/
2025-11-30 04:13:11,103 - INFO - Scraping 5362/6851: https://www.refurbed.de/p/motorola-edge-50-neo/
2025-11-30 04:13:12,929 - INFO - Scraping 5363/6851: https://www.refurbed.de/p/motorola-edge-50-pro/
2025-11-30 04:13:14,650 - INFO - Scraping 5364/6851: https://www.refurbed.de/p/motorola-edge-50-ultra/
2025-11-30 04:13:16,488 - INFO - Scraping 5365/6851: https://www.refurbed.de/p/motorola-edge-5g/
2025-11-30 04:13:17,951 - INFO - Scraping 5366/6851: https://www.refurbed.de/p/motorola-edge-plus/
2025-11-30 04:13:19,395 - INFO - Scraping 5367/6851: https://www.refurbed.de/p/motorola-escape-500-anc/
2025-11-30 04:13:20,782 - INFO - Scraping 5368/6851: https://www.refurbed.de/p/motorola-moto-360-1nd-gen/
2025-11-30 04:13:22,200 - INFO - Scraping 5369/6851: https://www.refurbed.de/p/motorola-moto-360-2nd-gen/
2025-11-30 04:13:23,635 - INFO - Scraping 5370/6851: https://www.refurbed.de/p/motorola-moto-c/
2025-11-30 04:13:25,068 - INFO - Scraping 5371/6851: https://www.refurbed.de/p/motorola-moto-e13/
2025-11-30 04:13:26,659 - INFO - Scraping 5372/6851: https://www.refurbed.de/p/motorola-moto-e20/
2025-11-30 04:13:28,055 - INFO - Scraping 5373/6851: https://www.refurbed.de/p/motorola-moto-e22/
2025-11-30 04:13:29,646 - INFO - Scraping 5374/6851: https://www.refurbed.de/p/motorola-moto-e22i/
2025-11-30 04:13:31,065 - INFO - Scraping 5375/6851: https://www.refurbed.de/p/motorola-moto-e3/
2025-11-30 04:13:32,518 - INFO - Scraping 5376/6851: https://www.refurbed.de/p/motorola-moto-e30/
2025-11-30 04:13:33,970 - INFO - Scraping 5377/6851: https://www.refurbed.de/p/motorola-moto-e32/
2025-11-30 04:13:35,377 - INFO - Scraping 5378/6851: https://www.refurbed.de/p/motorola-moto-e32s/
2025-11-30 04:13:36,794 - INFO - Scraping 5379/6851: https://www.refurbed.de/p/motorola-moto-e4-plus/
2025-11-30 04:13:38,245 - INFO - Scraping 5380/6851: https://www.refurbed.de/p/motorola-moto-e4/
2025-11-30 04:13:39,658 - INFO - Scraping 5381/6851: https://www.refurbed.de/p/motorola-moto-e40/
2025-11-30 04:13:41,236 - INFO - Scraping 5382/6851: https://www.refurbed.de/p/motorola-moto-e5-plus/
2025-11-30 04:13:42,634 - INFO - Scraping 5383/6851: https://www.refurbed.de/p/motorola-moto-e5/
2025-11-30 04:13:44,043 - INFO - Scraping 5384/6851: https://www.refurbed.de/p/motorola-moto-e6-play/
2025-11-30 04:13:45,493 - INFO - Scraping 5385/6851: https://www.refurbed.de/p/motorola-moto-e6-plus/
2025-11-30 04:13:46,893 - INFO - Scraping 5386/6851: https://www.refurbed.de/p/motorola-moto-e6s/
2025-11-30 04:13:48,407 - INFO - Scraping 5387/6851: https://www.refurbed.de/p/motorola-moto-e7-p/
2025-11-30 04:13:49,818 - INFO - Scraping 5388/6851: https://www.refurbed.de/p/motorola-moto-e7/
2025-11-30 04:13:51,405 - INFO - Scraping 5389/6851: https://www.refurbed.de/p/motorola-moto-e7i-power/
2025-11-30 04:13:53,008 - INFO - Scraping 5390/6851: https://www.refurbed.de/p/motorola-moto-ei/
2025-11-30 04:13:54,668 - INFO - Scraping 5391/6851: https://www.refurbed.de/p/motorola-moto-g-2-gen/
2025-11-30 04:13:56,099 - INFO - Scraping 5392/6851: https://www.refurbed.de/p/motorola-moto-g-3rd-gen/
2025-11-30 04:13:57,641 - INFO - Scraping 5393/6851: https://www.refurbed.de/p/motorola-moto-g-5g-plus/
2025-11-30 04:13:59,284 - INFO - Scraping 5394/6851: https://www.refurbed.de/p/motorola-moto-g-5g/
2025-11-30 04:14:00,998 - INFO - Scraping 5395/6851: https://www.refurbed.de/p/motorola-moto-g-pro/
2025-11-30 04:14:02,421 - INFO - Scraping 5396/6851: https://www.refurbed.de/p/motorola-moto-g/
2025-11-30 04:14:03,815 - INFO - Scraping 5397/6851: https://www.refurbed.de/p/motorola-moto-g10/
2025-11-30 04:14:05,243 - INFO - Scraping 5398/6851: https://www.refurbed.de/p/motorola-moto-g100/
2025-11-30 04:14:07,015 - INFO - Scraping 5399/6851: https://www.refurbed.de/p/motorola-moto-g13/
2025-11-30 04:14:08,606 - INFO - Scraping 5400/6851: https://www.refurbed.de/p/motorola-moto-g14/
2025-11-30 04:14:10,048 - INFO - Scraping 5401/6851: https://www.refurbed.de/p/motorola-moto-g20/
2025-11-30 04:14:11,501 - INFO - Scraping 5402/6851: https://www.refurbed.de/p/motorola-moto-g200-5g/
2025-11-30 04:14:13,065 - INFO - Scraping 5403/6851: https://www.refurbed.de/p/motorola-moto-g22/
2025-11-30 04:14:14,696 - INFO - Scraping 5404/6851: https://www.refurbed.de/p/motorola-moto-g23/
2025-11-30 04:14:16,128 - INFO - Scraping 5405/6851: https://www.refurbed.de/p/motorola-moto-g3/
2025-11-30 04:14:17,603 - INFO - Scraping 5406/6851: https://www.refurbed.de/p/motorola-moto-g30/
2025-11-30 04:14:19,213 - INFO - Scraping 5407/6851: https://www.refurbed.de/p/motorola-moto-g31/
2025-11-30 04:14:20,783 - INFO - Scraping 5408/6851: https://www.refurbed.de/p/motorola-moto-g32/
2025-11-30 04:14:22,205 - INFO - Scraping 5409/6851: https://www.refurbed.de/p/motorola-moto-g34/
2025-11-30 04:14:23,800 - INFO - Scraping 5410/6851: https://www.refurbed.de/p/motorola-moto-g35-5g/
2025-11-30 04:14:25,603 - INFO - Scraping 5411/6851: https://www.refurbed.de/p/motorola-moto-g4-play/
2025-11-30 04:14:27,039 - INFO - Scraping 5412/6851: https://www.refurbed.de/p/motorola-moto-g4-plus/
2025-11-30 04:14:28,437 - INFO - Scraping 5413/6851: https://www.refurbed.de/p/motorola-moto-g4/
2025-11-30 04:14:29,839 - INFO - Scraping 5414/6851: https://www.refurbed.de/p/motorola-moto-g404/
2025-11-30 04:14:31,485 - INFO - Scraping 5415/6851: https://www.refurbed.de/p/motorola-moto-g41/
2025-11-30 04:14:32,886 - INFO - Scraping 5416/6851: https://www.refurbed.de/p/motorola-moto-g42/
2025-11-30 04:14:34,583 - INFO - Scraping 5417/6851: https://www.refurbed.de/p/motorola-moto-g5-plus/
2025-11-30 04:14:36,272 - INFO - Scraping 5418/6851: https://www.refurbed.de/p/motorola-moto-g5/
2025-11-30 04:14:37,713 - INFO - Scraping 5419/6851: https://www.refurbed.de/p/motorola-moto-g50/
2025-11-30 04:14:39,105 - INFO - Scraping 5420/6851: https://www.refurbed.de/p/motorola-moto-g51/
2025-11-30 04:14:40,514 - INFO - Scraping 5421/6851: https://www.refurbed.de/p/motorola-moto-g52/
2025-11-30 04:14:42,319 - INFO - Scraping 5422/6851: https://www.refurbed.de/p/motorola-moto-g53-5g/
2025-11-30 04:14:43,910 - INFO - Scraping 5423/6851: https://www.refurbed.de/p/motorola-moto-g54-5g/
2025-11-30 04:14:45,567 - INFO - Scraping 5424/6851: https://www.refurbed.de/p/motorola-moto-g55-5g/
2025-11-30 04:14:47,364 - INFO - Scraping 5425/6851: https://www.refurbed.de/p/motorola-moto-g5s-plus/
2025-11-30 04:14:48,896 - INFO - Scraping 5426/6851: https://www.refurbed.de/p/motorola-moto-g5s/
2025-11-30 04:14:50,600 - INFO - Scraping 5427/6851: https://www.refurbed.de/p/motorola-moto-g6-nfc/
2025-11-30 04:14:52,072 - INFO - Scraping 5428/6851: https://www.refurbed.de/p/motorola-moto-g6-plus/
2025-11-30 04:14:53,503 - INFO - Scraping 5429/6851: https://www.refurbed.de/p/motorola-moto-g60/
2025-11-30 04:14:54,893 - INFO - Scraping 5430/6851: https://www.refurbed.de/p/motorola-moto-g60s/
2025-11-30 04:14:56,436 - INFO - Scraping 5431/6851: https://www.refurbed.de/p/motorola-moto-g62-5g/
2025-11-30 04:14:57,905 - INFO - Scraping 5432/6851: https://www.refurbed.de/p/motorola-moto-g7-play/
2025-11-30 04:14:59,394 - INFO - Scraping 5433/6851: https://www.refurbed.de/p/motorola-moto-g7-plus/
2025-11-30 04:15:00,989 - INFO - Scraping 5434/6851: https://www.refurbed.de/p/motorola-moto-g7-power/
2025-11-30 04:15:02,440 - INFO - Scraping 5435/6851: https://www.refurbed.de/p/motorola-moto-g7/
2025-11-30 04:15:04,293 - INFO - Scraping 5436/6851: https://www.refurbed.de/p/motorola-moto-g71-5g/
2025-11-30 04:15:05,696 - INFO - Scraping 5437/6851: https://www.refurbed.de/p/motorola-moto-g72/
2025-11-30 04:15:07,166 - INFO - Scraping 5438/6851: https://www.refurbed.de/p/motorola-moto-g73/
2025-11-30 04:15:08,914 - INFO - Scraping 5439/6851: https://www.refurbed.de/p/motorola-moto-g75-5g/
2025-11-30 04:15:10,511 - INFO - Scraping 5440/6851: https://www.refurbed.de/p/motorola-moto-g8-plus/
2025-11-30 04:15:12,162 - INFO - Scraping 5441/6851: https://www.refurbed.de/p/motorola-moto-g8-power-lite/
2025-11-30 04:15:13,562 - INFO - Scraping 5442/6851: https://www.refurbed.de/p/motorola-moto-g8-power/
2025-11-30 04:15:15,319 - INFO - Scraping 5443/6851: https://www.refurbed.de/p/motorola-moto-g8/
2025-11-30 04:15:16,775 - INFO - Scraping 5444/6851: https://www.refurbed.de/p/motorola-moto-g82/
2025-11-30 04:15:18,174 - INFO - Scraping 5445/6851: https://www.refurbed.de/p/motorola-moto-g84-5g/
2025-11-30 04:15:19,610 - INFO - Scraping 5446/6851: https://www.refurbed.de/p/motorola-moto-g85-5g/
2025-11-30 04:15:21,001 - INFO - Scraping 5447/6851: https://www.refurbed.de/p/motorola-moto-g9-play/
2025-11-30 04:15:22,581 - INFO - Scraping 5448/6851: https://www.refurbed.de/p/motorola-moto-g9-plus/
2025-11-30 04:15:24,251 - INFO - Scraping 5449/6851: https://www.refurbed.de/p/motorola-moto-g9-power/
2025-11-30 04:15:25,697 - INFO - Scraping 5450/6851: https://www.refurbed.de/p/motorola-moto-x-force/
2025-11-30 04:15:27,144 - INFO - Scraping 5451/6851: https://www.refurbed.de/p/motorola-moto-x-play/
2025-11-30 04:15:28,544 - INFO - Scraping 5452/6851: https://www.refurbed.de/p/motorola-moto-x-style/
2025-11-30 04:15:29,962 - INFO - Scraping 5453/6851: https://www.refurbed.de/p/motorola-moto-x4/
2025-11-30 04:15:31,778 - INFO - Scraping 5454/6851: https://www.refurbed.de/p/motorola-moto-z-play/
2025-11-30 04:15:33,176 - INFO - Scraping 5455/6851: https://www.refurbed.de/p/motorola-moto-z/
2025-11-30 04:15:34,600 - INFO - Scraping 5456/6851: https://www.refurbed.de/p/motorola-moto-z2-play/
2025-11-30 04:15:36,003 - INFO - Scraping 5457/6851: https://www.refurbed.de/p/motorola-nexus-6/
2025-11-30 04:15:37,414 - INFO - Scraping 5458/6851: https://www.refurbed.de/p/motorola-one-action/
2025-11-30 04:15:39,499 - INFO - Scraping 5459/6851: https://www.refurbed.de/p/motorola-one-hyper/
2025-11-30 04:15:40,929 - INFO - Scraping 5460/6851: https://www.refurbed.de/p/motorola-one-macro/
2025-11-30 04:15:42,340 - INFO - Scraping 5461/6851: https://www.refurbed.de/p/motorola-one-vision/
2025-11-30 04:15:43,978 - INFO - Scraping 5462/6851: https://www.refurbed.de/p/motorola-one-zoom/
2025-11-30 04:15:45,576 - INFO - Scraping 5463/6851: https://www.refurbed.de/p/motorola-one/
2025-11-30 04:15:47,029 - INFO - Scraping 5464/6851: https://www.refurbed.de/p/motorola-pulse-escape-plus/
2025-11-30 04:15:48,443 - INFO - Scraping 5465/6851: https://www.refurbed.de/p/motorola-pulse-escape/
2025-11-30 04:15:50,000 - INFO - Scraping 5466/6851: https://www.refurbed.de/p/motorola-razr-2019/
2025-11-30 04:15:51,430 - INFO - Scraping 5467/6851: https://www.refurbed.de/p/motorola-razr-2022/
2025-11-30 04:15:52,997 - INFO - Scraping 5468/6851: https://www.refurbed.de/p/motorola-razr-40-ultra/
2025-11-30 04:15:54,804 - INFO - Scraping 5469/6851: https://www.refurbed.de/p/motorola-razr-40/
2025-11-30 04:15:56,416 - INFO - Scraping 5470/6851: https://www.refurbed.de/p/motorola-razr-50-ultra/
2025-11-30 04:15:58,011 - INFO - Scraping 5471/6851: https://www.refurbed.de/p/motorola-razr-5g/
2025-11-30 04:15:59,573 - INFO - Scraping 5472/6851: https://www.refurbed.de/p/motorola-thinkphone/
2025-11-30 04:16:01,164 - INFO - Scraping 5473/6851: https://www.refurbed.de/p/motorola-zebra-symbol-tc55/
2025-11-30 04:16:02,634 - INFO - Scraping 5474/6851: https://www.refurbed.de/p/ms-surface-laptop-3-1035g7-135/
2025-11-30 04:16:04,112 - INFO - Scraping 5475/6851: https://www.refurbed.de/p/ms-surface-laptop-3-1065g7/
2025-11-30 04:16:05,663 - INFO - Scraping 5476/6851: https://www.refurbed.de/p/ms-surface-laptop-3-r7-3780u/
2025-11-30 04:16:07,109 - INFO - Scraping 5477/6851: https://www.refurbed.de/p/ms-surface-laptop-4-1135g7-13/
2025-11-30 04:16:08,714 - INFO - Scraping 5478/6851: https://www.refurbed.de/p/ms-surface-laptop-4-1145g7-13/
2025-11-30 04:16:10,283 - INFO - Scraping 5479/6851: https://www.refurbed.de/p/ms-surface-laptop-4-1185g7-13/
2025-11-30 04:16:11,698 - INFO - Scraping 5480/6851: https://www.refurbed.de/p/ms-surface-laptop-4-1185g7-15/
2025-11-30 04:16:13,496 - INFO - Scraping 5481/6851: https://www.refurbed.de/p/ms-surface-laptop-4-3580u-13/
2025-11-30 04:16:15,030 - INFO - Scraping 5482/6851: https://www.refurbed.de/p/ms-surface-laptop-4-3780u-15/
2025-11-30 04:16:16,434 - INFO - Scraping 5483/6851: https://www.refurbed.de/p/ms-surface-laptop-4-4680u-13/
2025-11-30 04:16:17,968 - INFO - Scraping 5484/6851: https://www.refurbed.de/p/ms-surface-laptop-4-4980u-13-5/
2025-11-30 04:16:19,364 - INFO - Scraping 5485/6851: https://www.refurbed.de/p/ms-surface-laptop-4-7-4980u/
2025-11-30 04:16:20,862 - INFO - Scraping 5486/6851: https://www.refurbed.de/p/ms-surface-laptop-studio-11300h/
2025-11-30 04:16:22,526 - INFO - Scraping 5487/6851: https://www.refurbed.de/p/ms-surface-laptop-studio-11370h/
2025-11-30 04:16:24,067 - INFO - Scraping 5488/6851: https://www.refurbed.de/p/msi-gf-rtx-3060-ti-gami-x-8g-lhr/
2025-11-30 04:16:25,736 - INFO - Scraping 5489/6851: https://www.refurbed.de/p/msi-gf-rtx4070ti-gami-x-slim-12g/
2025-11-30 04:16:27,133 - INFO - Scraping 5490/6851: https://www.refurbed.de/p/mw-basiclife-laptop-sleeve/
2025-11-30 04:16:28,575 - INFO - Scraping 5491/6851: https://www.refurbed.de/p/nec-multisync-ea232wmi-23/
2025-11-30 04:16:30,041 - INFO - Scraping 5492/6851: https://www.refurbed.de/p/nec-multisync-ea245wmi-2-wh/
2025-11-30 04:16:31,566 - INFO - Scraping 5493/6851: https://www.refurbed.de/p/nec-multisync-ea275wmi-27/
2025-11-30 04:16:32,969 - INFO - Scraping 5494/6851: https://www.refurbed.de/p/nec-multisync-ea294wmi-29/
2025-11-30 04:16:34,412 - INFO - Scraping 5495/6851: https://www.refurbed.de/p/ney-multisync-ea231wmi-bk/
2025-11-30 04:16:35,833 - INFO - Scraping 5496/6851: https://www.refurbed.de/p/ney-multisync-ea273wmi-27/
2025-11-30 04:16:37,354 - INFO - Scraping 5497/6851: https://www.refurbed.de/p/nokia-1-3/
2025-11-30 04:16:38,808 - INFO - Scraping 5498/6851: https://www.refurbed.de/p/nokia-1-4/
2025-11-30 04:16:40,443 - INFO - Scraping 5499/6851: https://www.refurbed.de/p/nokia-1-plus/
2025-11-30 04:16:41,880 - INFO - Scraping 5500/6851: https://www.refurbed.de/p/nokia-1/
2025-11-30 04:16:43,411 - INFO - Scraping 5501/6851: https://www.refurbed.de/p/nokia-105-2017/
2025-11-30 04:16:45,001 - INFO - Scraping 5502/6851: https://www.refurbed.de/p/nokia-105-2019/
2025-11-30 04:16:46,421 - INFO - Scraping 5503/6851: https://www.refurbed.de/p/nokia-105-4g-2021/
2025-11-30 04:16:47,884 - INFO - Scraping 5504/6851: https://www.refurbed.de/p/nokia-105-4g-2023/
2025-11-30 04:16:49,300 - INFO - Scraping 5505/6851: https://www.refurbed.de/p/nokia-106/
2025-11-30 04:16:50,789 - INFO - Scraping 5506/6851: https://www.refurbed.de/p/nokia-108/
2025-11-30 04:16:52,206 - INFO - Scraping 5507/6851: https://www.refurbed.de/p/nokia-110-2019/
2025-11-30 04:16:53,677 - INFO - Scraping 5508/6851: https://www.refurbed.de/p/nokia-110-4g-2023/
2025-11-30 04:16:55,212 - INFO - Scraping 5509/6851: https://www.refurbed.de/p/nokia-110-4g/
2025-11-30 04:16:56,609 - INFO - Scraping 5510/6851: https://www.refurbed.de/p/nokia-130-2017/
2025-11-30 04:16:58,036 - INFO - Scraping 5511/6851: https://www.refurbed.de/p/nokia-150-2020/
2025-11-30 04:16:59,452 - INFO - Scraping 5512/6851: https://www.refurbed.de/p/nokia-2-1/
2025-11-30 04:17:00,887 - INFO - Scraping 5513/6851: https://www.refurbed.de/p/nokia-2-3/
2025-11-30 04:17:02,306 - INFO - Scraping 5514/6851: https://www.refurbed.de/p/nokia-2-4/
2025-11-30 04:17:03,866 - INFO - Scraping 5515/6851: https://www.refurbed.de/p/nokia-2/
2025-11-30 04:17:05,338 - INFO - Scraping 5516/6851: https://www.refurbed.de/p/nokia-215-4g/
2025-11-30 04:17:06,750 - INFO - Scraping 5517/6851: https://www.refurbed.de/p/nokia-216/
2025-11-30 04:17:08,101 - INFO - Scraping 5518/6851: https://www.refurbed.de/p/nokia-22/
2025-11-30 04:17:09,552 - INFO - Scraping 5519/6851: https://www.refurbed.de/p/nokia-225-smartphone/
2025-11-30 04:17:10,961 - INFO - Scraping 5520/6851: https://www.refurbed.de/p/nokia-225/
2025-11-30 04:17:12,482 - INFO - Scraping 5521/6851: https://www.refurbed.de/p/nokia-230/
2025-11-30 04:17:13,884 - INFO - Scraping 5522/6851: https://www.refurbed.de/p/nokia-235-4g-2024/
2025-11-30 04:17:15,324 - INFO - Scraping 5523/6851: https://www.refurbed.de/p/nokia-2660-flip/
2025-11-30 04:17:16,979 - INFO - Scraping 5524/6851: https://www.refurbed.de/p/nokia-2720-flip/
2025-11-30 04:17:18,413 - INFO - Scraping 5525/6851: https://www.refurbed.de/p/nokia-3-1-plus/
2025-11-30 04:17:19,989 - INFO - Scraping 5526/6851: https://www.refurbed.de/p/nokia-3-1/
2025-11-30 04:17:21,574 - INFO - Scraping 5527/6851: https://www.refurbed.de/p/nokia-3-2/
2025-11-30 04:17:23,170 - INFO - Scraping 5528/6851: https://www.refurbed.de/p/nokia-3-4/
2025-11-30 04:17:24,863 - INFO - Scraping 5529/6851: https://www.refurbed.de/p/nokia-3/
2025-11-30 04:17:26,271 - INFO - Scraping 5530/6851: https://www.refurbed.de/p/nokia-301/
2025-11-30 04:17:27,689 - INFO - Scraping 5531/6851: https://www.refurbed.de/p/nokia-3210-2024/
2025-11-30 04:17:29,117 - INFO - Scraping 5532/6851: https://www.refurbed.de/p/nokia-3310-2017/
2025-11-30 04:17:30,754 - INFO - Scraping 5533/6851: https://www.refurbed.de/p/nokia-4-2/
2025-11-30 04:17:32,632 - INFO - Scraping 5534/6851: https://www.refurbed.de/p/nokia-5-1-plus/
2025-11-30 04:17:34,211 - INFO - Scraping 5535/6851: https://www.refurbed.de/p/nokia-5-1/
2025-11-30 04:17:35,650 - INFO - Scraping 5536/6851: https://www.refurbed.de/p/nokia-5-3/
2025-11-30 04:17:37,296 - INFO - Scraping 5537/6851: https://www.refurbed.de/p/nokia-5-4/
2025-11-30 04:17:38,865 - INFO - Scraping 5538/6851: https://www.refurbed.de/p/nokia-5/
2025-11-30 04:17:40,511 - INFO - Scraping 5539/6851: https://www.refurbed.de/p/nokia-515/
2025-11-30 04:17:41,924 - INFO - Scraping 5540/6851: https://www.refurbed.de/p/nokia-5710-xpressaudio/
2025-11-30 04:17:43,527 - INFO - Scraping 5541/6851: https://www.refurbed.de/p/nokia-6-1-plus/
2025-11-30 04:17:44,942 - INFO - Scraping 5542/6851: https://www.refurbed.de/p/nokia-6-1/
2025-11-30 04:17:46,415 - INFO - Scraping 5543/6851: https://www.refurbed.de/p/nokia-6-2/
2025-11-30 04:17:47,861 - INFO - Scraping 5544/6851: https://www.refurbed.de/p/nokia-6/
2025-11-30 04:17:49,360 - INFO - Scraping 5545/6851: https://www.refurbed.de/p/nokia-6300-4g/
2025-11-30 04:17:50,757 - INFO - Scraping 5546/6851: https://www.refurbed.de/p/nokia-6310-2021/
2025-11-30 04:17:52,342 - INFO - Scraping 5547/6851: https://www.refurbed.de/p/nokia-7-1/
2025-11-30 04:17:53,762 - INFO - Scraping 5548/6851: https://www.refurbed.de/p/nokia-7-2/
2025-11-30 04:17:55,420 - INFO - Scraping 5549/6851: https://www.refurbed.de/p/nokia-7-plus/
2025-11-30 04:17:56,846 - INFO - Scraping 5550/6851: https://www.refurbed.de/p/nokia-8-1/
2025-11-30 04:17:58,244 - INFO - Scraping 5551/6851: https://www.refurbed.de/p/nokia-8-3-5g/
2025-11-30 04:17:59,674 - INFO - Scraping 5552/6851: https://www.refurbed.de/p/nokia-8-single-sim/
2025-11-30 04:18:01,255 - INFO - Scraping 5553/6851: https://www.refurbed.de/p/nokia-8-sirocco/
2025-11-30 04:18:02,935 - INFO - Scraping 5554/6851: https://www.refurbed.de/p/nokia-800-tough/
2025-11-30 04:18:04,354 - INFO - Scraping 5555/6851: https://www.refurbed.de/p/nokia-8000-4g/
2025-11-30 04:18:05,780 - INFO - Scraping 5556/6851: https://www.refurbed.de/p/nokia-8110-4g/
2025-11-30 04:18:07,310 - INFO - Scraping 5557/6851: https://www.refurbed.de/p/nokia-8210-2022/
2025-11-30 04:18:08,824 - INFO - Scraping 5558/6851: https://www.refurbed.de/p/nokia-9-pureview/
2025-11-30 04:18:10,291 - INFO - Scraping 5559/6851: https://www.refurbed.de/p/nokia-c01plus/
2025-11-30 04:18:11,855 - INFO - Scraping 5560/6851: https://www.refurbed.de/p/nokia-c02/
2025-11-30 04:18:13,287 - INFO - Scraping 5561/6851: https://www.refurbed.de/p/nokia-c2-2nd-edition/
2025-11-30 04:18:14,693 - INFO - Scraping 5562/6851: https://www.refurbed.de/p/nokia-c20/
2025-11-30 04:18:16,236 - INFO - Scraping 5563/6851: https://www.refurbed.de/p/nokia-c21-plus/
2025-11-30 04:18:17,830 - INFO - Scraping 5564/6851: https://www.refurbed.de/p/nokia-c22/
2025-11-30 04:18:19,760 - INFO - Scraping 5565/6851: https://www.refurbed.de/p/nokia-c30/
2025-11-30 04:18:21,473 - INFO - Scraping 5566/6851: https://www.refurbed.de/p/nokia-c32/
2025-11-30 04:18:23,056 - INFO - Scraping 5567/6851: https://www.refurbed.de/p/nokia-dc-16/
2025-11-30 04:18:24,552 - INFO - Scraping 5568/6851: https://www.refurbed.de/p/nokia-fastmile-5g/
2025-11-30 04:18:25,986 - INFO - Scraping 5569/6851: https://www.refurbed.de/p/nokia-g10/
2025-11-30 04:18:27,421 - INFO - Scraping 5570/6851: https://www.refurbed.de/p/nokia-g11-plus/
2025-11-30 04:18:28,832 - INFO - Scraping 5571/6851: https://www.refurbed.de/p/nokia-g11/
2025-11-30 04:18:30,650 - INFO - Scraping 5572/6851: https://www.refurbed.de/p/nokia-g20/
2025-11-30 04:18:32,272 - INFO - Scraping 5573/6851: https://www.refurbed.de/p/nokia-g21/
2025-11-30 04:18:33,844 - INFO - Scraping 5574/6851: https://www.refurbed.de/p/nokia-g22/
2025-11-30 04:18:35,416 - INFO - Scraping 5575/6851: https://www.refurbed.de/p/nokia-g42/
2025-11-30 04:18:36,830 - INFO - Scraping 5576/6851: https://www.refurbed.de/p/nokia-g50-5g/
2025-11-30 04:18:38,294 - INFO - Scraping 5577/6851: https://www.refurbed.de/p/nokia-g60-5g/
2025-11-30 04:18:40,005 - INFO - Scraping 5578/6851: https://www.refurbed.de/p/nokia-hne24gv210-24/
2025-11-30 04:18:41,406 - INFO - Scraping 5579/6851: https://www.refurbed.de/p/nokia-lumia-1020/
2025-11-30 04:18:41,797 - ERROR - Error fetching https://www.refurbed.de/p/nokia-lumia-1020/: 404 Client Error: Not Found for url: https://www.refurbed.de/p/nokia-lumia-1020/
2025-11-30 04:18:42,800 - INFO - Scraping 5580/6851: https://www.refurbed.de/p/nokia-lumia-1320/
2025-11-30 04:18:43,048 - ERROR - Error fetching https://www.refurbed.de/p/nokia-lumia-1320/: 404 Client Error: Not Found for url: https://www.refurbed.de/p/nokia-lumia-1320/
2025-11-30 04:18:44,050 - INFO - Scraping 5581/6851: https://www.refurbed.de/p/nokia-lumia-620/
2025-11-30 04:18:45,476 - INFO - Scraping 5582/6851: https://www.refurbed.de/p/nokia-lumia-635/
2025-11-30 04:18:46,936 - INFO - Scraping 5583/6851: https://www.refurbed.de/p/nokia-lumia-735/
2025-11-30 04:18:47,180 - ERROR - Error fetching https://www.refurbed.de/p/nokia-lumia-735/: 404 Client Error: Not Found for url: https://www.refurbed.de/p/nokia-lumia-735/
2025-11-30 04:18:48,182 - INFO - Scraping 5584/6851: https://www.refurbed.de/p/nokia-lumia-830/
2025-11-30 04:18:48,432 - ERROR - Error fetching https://www.refurbed.de/p/nokia-lumia-830/: 404 Client Error: Not Found for url: https://www.refurbed.de/p/nokia-lumia-830/
2025-11-30 04:18:49,434 - INFO - Scraping 5585/6851: https://www.refurbed.de/p/nokia-lumia-920/
2025-11-30 04:18:49,719 - ERROR - Error fetching https://www.refurbed.de/p/nokia-lumia-920/: 404 Client Error: Not Found for url: https://www.refurbed.de/p/nokia-lumia-920/
2025-11-30 04:18:50,722 - INFO - Scraping 5586/6851: https://www.refurbed.de/p/nokia-lumia-925/
2025-11-30 04:18:50,999 - ERROR - Error fetching https://www.refurbed.de/p/nokia-lumia-925/: 404 Client Error: Not Found for url: https://www.refurbed.de/p/nokia-lumia-925/
2025-11-30 04:18:52,001 - INFO - Scraping 5587/6851: https://www.refurbed.de/p/nokia-lumia-930/
2025-11-30 04:18:52,280 - ERROR - Error fetching https://www.refurbed.de/p/nokia-lumia-930/: 404 Client Error: Not Found for url: https://www.refurbed.de/p/nokia-lumia-930/
2025-11-30 04:18:53,283 - INFO - Scraping 5588/6851: https://www.refurbed.de/p/nokia-qnr43gv215-43/
2025-11-30 04:18:54,792 - INFO - Scraping 5589/6851: https://www.refurbed.de/p/nokia-steel/
2025-11-30 04:18:56,200 - INFO - Scraping 5590/6851: https://www.refurbed.de/p/nokia-t10/
2025-11-30 04:18:57,902 - INFO - Scraping 5591/6851: https://www.refurbed.de/p/nokia-t20/
2025-11-30 04:18:59,527 - INFO - Scraping 5592/6851: https://www.refurbed.de/p/nokia-t21/
2025-11-30 04:19:00,990 - INFO - Scraping 5593/6851: https://www.refurbed.de/p/nokia-x10/
2025-11-30 04:19:02,470 - INFO - Scraping 5594/6851: https://www.refurbed.de/p/nokia-x20/
2025-11-30 04:19:04,070 - INFO - Scraping 5595/6851: https://www.refurbed.de/p/nokia-x30-5g/
2025-11-30 04:19:05,477 - INFO - Scraping 5596/6851: https://www.refurbed.de/p/nokia-xr20/
2025-11-30 04:19:07,111 - INFO - Scraping 5597/6851: https://www.refurbed.de/p/nokia-xr21/
2025-11-30 04:19:08,786 - INFO - Scraping 5598/6851: https://www.refurbed.de/p/oneplus-10-pro/
2025-11-30 04:19:10,505 - INFO - Scraping 5599/6851: https://www.refurbed.de/p/oneplus-10-t/
2025-11-30 04:19:12,133 - INFO - Scraping 5600/6851: https://www.refurbed.de/p/oneplus-11/
2025-11-30 04:19:13,712 - INFO - Scraping 5601/6851: https://www.refurbed.de/p/oneplus-12/
2025-11-30 04:19:15,411 - INFO - Scraping 5602/6851: https://www.refurbed.de/p/oneplus-12r/
2025-11-30 04:19:17,148 - INFO - Scraping 5603/6851: https://www.refurbed.de/p/oneplus-13/
2025-11-30 04:19:18,751 - INFO - Scraping 5604/6851: https://www.refurbed.de/p/oneplus-2/
2025-11-30 04:19:20,167 - INFO - Scraping 5605/6851: https://www.refurbed.de/p/oneplus-3/
2025-11-30 04:19:21,727 - INFO - Scraping 5606/6851: https://www.refurbed.de/p/oneplus-3t/
2025-11-30 04:19:23,272 - INFO - Scraping 5607/6851: https://www.refurbed.de/p/oneplus-5/
2025-11-30 04:19:24,947 - INFO - Scraping 5608/6851: https://www.refurbed.de/p/oneplus-5t/
2025-11-30 04:19:26,535 - INFO - Scraping 5609/6851: https://www.refurbed.de/p/oneplus-6/
2025-11-30 04:19:28,210 - INFO - Scraping 5610/6851: https://www.refurbed.de/p/oneplus-6t-mclaren/
2025-11-30 04:19:29,619 - INFO - Scraping 5611/6851: https://www.refurbed.de/p/oneplus-6t/
2025-11-30 04:19:31,058 - INFO - Scraping 5612/6851: https://www.refurbed.de/p/oneplus-7-pro/
2025-11-30 04:19:32,712 - INFO - Scraping 5613/6851: https://www.refurbed.de/p/oneplus-7/
2025-11-30 04:19:34,400 - INFO - Scraping 5614/6851: https://www.refurbed.de/p/oneplus-7t-pro-mclaren/
2025-11-30 04:19:35,981 - INFO - Scraping 5615/6851: https://www.refurbed.de/p/oneplus-7t-pro/
2025-11-30 04:19:37,593 - INFO - Scraping 5616/6851: https://www.refurbed.de/p/oneplus-7t/
2025-11-30 04:19:39,231 - INFO - Scraping 5617/6851: https://www.refurbed.de/p/oneplus-8-pro/
2025-11-30 04:19:40,795 - INFO - Scraping 5618/6851: https://www.refurbed.de/p/oneplus-8/
2025-11-30 04:19:42,262 - INFO - Scraping 5619/6851: https://www.refurbed.de/p/oneplus-8t/
2025-11-30 04:19:43,877 - INFO - Scraping 5620/6851: https://www.refurbed.de/p/oneplus-9-pro/
2025-11-30 04:19:45,496 - INFO - Scraping 5621/6851: https://www.refurbed.de/p/oneplus-9/
2025-11-30 04:19:47,092 - INFO - Scraping 5622/6851: https://www.refurbed.de/p/oneplus-buds-pro-2/
2025-11-30 04:19:48,569 - INFO - Scraping 5623/6851: https://www.refurbed.de/p/oneplus-buds-pro/
2025-11-30 04:19:50,037 - INFO - Scraping 5624/6851: https://www.refurbed.de/p/oneplus-buds-z2/
2025-11-30 04:19:51,503 - INFO - Scraping 5625/6851: https://www.refurbed.de/p/oneplus-buds/
2025-11-30 04:19:52,908 - INFO - Scraping 5626/6851: https://www.refurbed.de/p/oneplus-bullets-wireless-z/
2025-11-30 04:19:54,297 - INFO - Scraping 5627/6851: https://www.refurbed.de/p/oneplus-nord-2-5g/
2025-11-30 04:19:55,921 - INFO - Scraping 5628/6851: https://www.refurbed.de/p/oneplus-nord-2-pac-man-edition/
2025-11-30 04:19:57,334 - INFO - Scraping 5629/6851: https://www.refurbed.de/p/oneplus-nord-2t-5g/
2025-11-30 04:19:58,978 - INFO - Scraping 5630/6851: https://www.refurbed.de/p/oneplus-nord-3-5g/
2025-11-30 04:20:00,647 - INFO - Scraping 5631/6851: https://www.refurbed.de/p/oneplus-nord-4/
2025-11-30 04:20:02,458 - INFO - Scraping 5632/6851: https://www.refurbed.de/p/oneplus-nord-ce-2-lite/
2025-11-30 04:20:04,046 - INFO - Scraping 5633/6851: https://www.refurbed.de/p/oneplus-nord-ce-2/
2025-11-30 04:20:05,738 - INFO - Scraping 5634/6851: https://www.refurbed.de/p/oneplus-nord-ce-3-lite/
2025-11-30 04:20:07,375 - INFO - Scraping 5635/6851: https://www.refurbed.de/p/oneplus-nord-ce-4-lite-5g/
2025-11-30 04:20:08,793 - INFO - Scraping 5636/6851: https://www.refurbed.de/p/oneplus-nord-ce/
2025-11-30 04:20:10,709 - INFO - Scraping 5637/6851: https://www.refurbed.de/p/oneplus-nord-n10-5g/
2025-11-30 04:20:12,425 - INFO - Scraping 5638/6851: https://www.refurbed.de/p/oneplus-nord-n100/
2025-11-30 04:20:14,041 - INFO - Scraping 5639/6851: https://www.refurbed.de/p/oneplus-nord/
2025-11-30 04:20:15,646 - INFO - Scraping 5640/6851: https://www.refurbed.de/p/oneplus-one/
2025-11-30 04:20:17,055 - INFO - Scraping 5641/6851: https://www.refurbed.de/p/oneplus-open/
2025-11-30 04:20:18,668 - INFO - Scraping 5642/6851: https://www.refurbed.de/p/oneplus-pad-11-6/
2025-11-30 04:20:20,231 - INFO - Scraping 5643/6851: https://www.refurbed.de/p/oneplus-pad-2-12-1/
2025-11-30 04:20:21,635 - INFO - Scraping 5644/6851: https://www.refurbed.de/p/oneplus-x/
2025-11-30 04:20:23,073 - INFO - Scraping 5645/6851: https://www.refurbed.de/p/oppo-a15/
2025-11-30 04:20:24,731 - INFO - Scraping 5646/6851: https://www.refurbed.de/p/oppo-a16/
2025-11-30 04:20:26,170 - INFO - Scraping 5647/6851: https://www.refurbed.de/p/oppo-a16s/
2025-11-30 04:20:27,753 - INFO - Scraping 5648/6851: https://www.refurbed.de/p/oppo-a17/
2025-11-30 04:20:29,384 - INFO - Scraping 5649/6851: https://www.refurbed.de/p/oppo-a3/
2025-11-30 04:20:30,905 - INFO - Scraping 5650/6851: https://www.refurbed.de/p/oppo-a31/
2025-11-30 04:20:32,309 - INFO - Scraping 5651/6851: https://www.refurbed.de/p/oppo-a38/
2025-11-30 04:20:34,086 - INFO - Scraping 5652/6851: https://www.refurbed.de/p/oppo-a5-2020/
2025-11-30 04:20:35,727 - INFO - Scraping 5653/6851: https://www.refurbed.de/p/oppo-a52/
2025-11-30 04:20:37,381 - INFO - Scraping 5654/6851: https://www.refurbed.de/p/oppo-a53/
2025-11-30 04:20:38,845 - INFO - Scraping 5655/6851: https://www.refurbed.de/p/oppo-a53s/
2025-11-30 04:20:40,424 - INFO - Scraping 5656/6851: https://www.refurbed.de/p/oppo-a54-5g/
2025-11-30 04:20:42,070 - INFO - Scraping 5657/6851: https://www.refurbed.de/p/oppo-a54-s/
2025-11-30 04:20:43,859 - INFO - Scraping 5658/6851: https://www.refurbed.de/p/oppo-a57/
2025-11-30 04:20:45,419 - INFO - Scraping 5659/6851: https://www.refurbed.de/p/oppo-a57s/
2025-11-30 04:20:47,013 - INFO - Scraping 5660/6851: https://www.refurbed.de/p/oppo-a58-4g/
2025-11-30 04:20:48,685 - INFO - Scraping 5661/6851: https://www.refurbed.de/p/oppo-a60-5g/
2025-11-30 04:20:50,293 - INFO - Scraping 5662/6851: https://www.refurbed.de/p/oppo-a72/
2025-11-30 04:20:51,965 - INFO - Scraping 5663/6851: https://www.refurbed.de/p/oppo-a73-5g/
2025-11-30 04:20:53,515 - INFO - Scraping 5664/6851: https://www.refurbed.de/p/oppo-a74-5g/
2025-11-30 04:20:55,164 - INFO - Scraping 5665/6851: https://www.refurbed.de/p/oppo-a74/
2025-11-30 04:20:57,002 - INFO - Scraping 5666/6851: https://www.refurbed.de/p/oppo-a76/
2025-11-30 04:20:58,575 - INFO - Scraping 5667/6851: https://www.refurbed.de/p/oppo-a77/
2025-11-30 04:21:00,243 - INFO - Scraping 5668/6851: https://www.refurbed.de/p/oppo-a78-5g/
2025-11-30 04:21:01,818 - INFO - Scraping 5669/6851: https://www.refurbed.de/p/oppo-a79-5g/
2025-11-30 04:21:03,427 - INFO - Scraping 5670/6851: https://www.refurbed.de/p/oppo-a80/
2025-11-30 04:21:05,153 - INFO - Scraping 5671/6851: https://www.refurbed.de/p/oppo-a9/
2025-11-30 04:21:06,806 - INFO - Scraping 5672/6851: https://www.refurbed.de/p/oppo-a91/
2025-11-30 04:21:08,418 - INFO - Scraping 5673/6851: https://www.refurbed.de/p/oppo-a94-5g/
2025-11-30 04:21:10,007 - INFO - Scraping 5674/6851: https://www.refurbed.de/p/oppo-a96/
2025-11-30 04:21:11,751 - INFO - Scraping 5675/6851: https://www.refurbed.de/p/oppo-a98-5g/
2025-11-30 04:21:13,317 - INFO - Scraping 5676/6851: https://www.refurbed.de/p/oppo-ax7/
2025-11-30 04:21:14,875 - INFO - Scraping 5677/6851: https://www.refurbed.de/p/oppo-enco-air2-pro/
2025-11-30 04:21:16,429 - INFO - Scraping 5678/6851: https://www.refurbed.de/p/oppo-enco-free/
2025-11-30 04:21:17,830 - INFO - Scraping 5679/6851: https://www.refurbed.de/p/oppo-enco-w12/
2025-11-30 04:21:19,316 - INFO - Scraping 5680/6851: https://www.refurbed.de/p/oppo-enco-w31/
2025-11-30 04:21:20,708 - INFO - Scraping 5681/6851: https://www.refurbed.de/p/oppo-enco-w51/
2025-11-30 04:21:22,287 - INFO - Scraping 5682/6851: https://www.refurbed.de/p/oppo-enco-x/
2025-11-30 04:21:23,903 - INFO - Scraping 5683/6851: https://www.refurbed.de/p/oppo-f19/
2025-11-30 04:21:25,871 - INFO - Scraping 5684/6851: https://www.refurbed.de/p/oppo-f9/
2025-11-30 04:21:27,346 - INFO - Scraping 5685/6851: https://www.refurbed.de/p/oppo-find-n2-flip/
2025-11-30 04:21:28,910 - INFO - Scraping 5686/6851: https://www.refurbed.de/p/oppo-find-x2-5g/
2025-11-30 04:21:30,434 - INFO - Scraping 5687/6851: https://www.refurbed.de/p/oppo-find-x2-lite/
2025-11-30 04:21:32,279 - INFO - Scraping 5688/6851: https://www.refurbed.de/p/oppo-find-x2-neo-5g/
2025-11-30 04:21:33,871 - INFO - Scraping 5689/6851: https://www.refurbed.de/p/oppo-find-x2-pro/
2025-11-30 04:21:35,513 - INFO - Scraping 5690/6851: https://www.refurbed.de/p/oppo-find-x3-lite/
2025-11-30 04:21:37,109 - INFO - Scraping 5691/6851: https://www.refurbed.de/p/oppo-find-x3-neo/
2025-11-30 04:21:38,704 - INFO - Scraping 5692/6851: https://www.refurbed.de/p/oppo-find-x3-pro/
2025-11-30 04:21:40,387 - INFO - Scraping 5693/6851: https://www.refurbed.de/p/oppo-find-x5-lite/
2025-11-30 04:21:42,022 - INFO - Scraping 5694/6851: https://www.refurbed.de/p/oppo-find-x5-pro/
2025-11-30 04:21:43,619 - INFO - Scraping 5695/6851: https://www.refurbed.de/p/oppo-find-x5/
2025-11-30 04:21:45,210 - INFO - Scraping 5696/6851: https://www.refurbed.de/p/oppo-find-x8-pro/
2025-11-30 04:21:46,855 - INFO - Scraping 5697/6851: https://www.refurbed.de/p/oppo-r15-pro/
2025-11-30 04:21:48,352 - INFO - Scraping 5698/6851: https://www.refurbed.de/p/oppo-reno-10-5g/
2025-11-30 04:21:49,955 - INFO - Scraping 5699/6851: https://www.refurbed.de/p/oppo-reno-10-pro-5g/
2025-11-30 04:21:51,581 - INFO - Scraping 5700/6851: https://www.refurbed.de/p/oppo-reno-10-pro-plus-5g/
2025-11-30 04:21:53,201 - INFO - Scraping 5701/6851: https://www.refurbed.de/p/oppo-reno-10x-zoom/
2025-11-30 04:21:54,599 - INFO - Scraping 5702/6851: https://www.refurbed.de/p/oppo-reno-11-f-5g/
2025-11-30 04:21:56,218 - INFO - Scraping 5703/6851: https://www.refurbed.de/p/oppo-reno-12-f-5g/
2025-11-30 04:21:57,879 - INFO - Scraping 5704/6851: https://www.refurbed.de/p/oppo-reno-12-fs-5g/
2025-11-30 04:21:59,511 - INFO - Scraping 5705/6851: https://www.refurbed.de/p/oppo-reno-12-pro-5g/
2025-11-30 04:22:01,087 - INFO - Scraping 5706/6851: https://www.refurbed.de/p/oppo-reno-12/
2025-11-30 04:22:02,662 - INFO - Scraping 5707/6851: https://www.refurbed.de/p/oppo-reno-2-z/
2025-11-30 04:22:04,167 - INFO - Scraping 5708/6851: https://www.refurbed.de/p/oppo-reno-2/
2025-11-30 04:22:05,867 - INFO - Scraping 5709/6851: https://www.refurbed.de/p/oppo-reno-3-pro-5g/
2025-11-30 04:22:07,269 - INFO - Scraping 5710/6851: https://www.refurbed.de/p/oppo-reno-4-5g/
2025-11-30 04:22:08,737 - INFO - Scraping 5711/6851: https://www.refurbed.de/p/oppo-reno-4-pro-5g/
2025-11-30 04:22:10,403 - INFO - Scraping 5712/6851: https://www.refurbed.de/p/oppo-reno-5-pro-5g/
2025-11-30 04:22:11,800 - INFO - Scraping 5713/6851: https://www.refurbed.de/p/oppo-reno-5g/
2025-11-30 04:22:13,200 - INFO - Scraping 5714/6851: https://www.refurbed.de/p/oppo-reno-6-5g/
2025-11-30 04:22:14,664 - INFO - Scraping 5715/6851: https://www.refurbed.de/p/oppo-reno-6-pro-5g/
2025-11-30 04:22:16,271 - INFO - Scraping 5716/6851: https://www.refurbed.de/p/oppo-reno-7-5g/
2025-11-30 04:22:17,970 - INFO - Scraping 5717/6851: https://www.refurbed.de/p/oppo-reno-7-lite-5g/
2025-11-30 04:22:19,393 - INFO - Scraping 5718/6851: https://www.refurbed.de/p/oppo-reno-7/
2025-11-30 04:22:21,080 - INFO - Scraping 5719/6851: https://www.refurbed.de/p/oppo-reno-8-5g/
2025-11-30 04:22:22,707 - INFO - Scraping 5720/6851: https://www.refurbed.de/p/oppo-reno-8-lite-5g/
2025-11-30 04:22:24,409 - INFO - Scraping 5721/6851: https://www.refurbed.de/p/oppo-reno-8-pro-5g/
2025-11-30 04:22:26,070 - INFO - Scraping 5722/6851: https://www.refurbed.de/p/oppo-reno-z-4-5g/
2025-11-30 04:22:27,638 - INFO - Scraping 5723/6851: https://www.refurbed.de/p/oppo-reno-z-5-5g/
2025-11-30 04:22:29,076 - INFO - Scraping 5724/6851: https://www.refurbed.de/p/oppo-reno-z/
2025-11-30 04:22:30,649 - INFO - Scraping 5725/6851: https://www.refurbed.de/p/oppo-reno/
2025-11-30 04:22:32,325 - INFO - Scraping 5726/6851: https://www.refurbed.de/p/oppo-reno5-5g/
2025-11-30 04:22:33,895 - INFO - Scraping 5727/6851: https://www.refurbed.de/p/oppo-rx17-neo/
2025-11-30 04:22:35,335 - INFO - Scraping 5728/6851: https://www.refurbed.de/p/oppo-rx17-pro/
2025-11-30 04:22:36,773 - INFO - Scraping 5729/6851: https://www.refurbed.de/p/os-caldorad-humi-13-99298/
2025-11-30 04:22:38,490 - INFO - Scraping 5730/6851: https://www.refurbed.de/p/os-caldorad-humi-9-99263/
2025-11-30 04:22:39,901 - INFO - Scraping 5731/6851: https://www.refurbed.de/p/panasonic-lumi-s-20-60mm-3-5-5-6/
2025-11-30 04:22:41,511 - INFO - Scraping 5732/6851: https://www.refurbed.de/p/panzerglass-google-pixel/
2025-11-30 04:22:43,018 - INFO - Scraping 5733/6851: https://www.refurbed.de/p/panzerglass-ipad-bndl-transparen/
2025-11-30 04:22:44,499 - INFO - Scraping 5734/6851: https://www.refurbed.de/p/panzerglass-ipad/
2025-11-30 04:22:45,960 - INFO - Scraping 5735/6851: https://www.refurbed.de/p/panzerglass-iphone-6-6s-7-8-stan/
2025-11-30 04:22:47,423 - INFO - Scraping 5736/6851: https://www.refurbed.de/p/panzerglass-iphone-recycled/
2025-11-30 04:22:48,919 - INFO - Scraping 5737/6851: https://www.refurbed.de/p/panzerglass-motorola/
2025-11-30 04:22:50,396 - INFO - Scraping 5738/6851: https://www.refurbed.de/p/panzerglass-nokia/
2025-11-30 04:22:51,900 - INFO - Scraping 5739/6851: https://www.refurbed.de/p/panzerglass-oneplus/
2025-11-30 04:22:53,302 - INFO - Scraping 5740/6851: https://www.refurbed.de/p/panzerglass-oppo/
2025-11-30 04:22:54,759 - INFO - Scraping 5741/6851: https://www.refurbed.de/p/panzerglass-realme/
2025-11-30 04:22:56,265 - INFO - Scraping 5742/6851: https://www.refurbed.de/p/panzerglass-samsung-tablet/
2025-11-30 04:22:57,939 - INFO - Scraping 5743/6851: https://www.refurbed.de/p/panzerglass-tab-bndl-transparent/
2025-11-30 04:22:59,452 - INFO - Scraping 5744/6851: https://www.refurbed.de/p/pg-privacy-screen-iphone-15/
2025-11-30 04:23:00,911 - INFO - Scraping 5745/6851: https://www.refurbed.de/p/pg-privacy-screen-macbook/
2025-11-30 04:23:02,384 - INFO - Scraping 5746/6851: https://www.refurbed.de/p/philips-voice-tracer-dvt2050/
2025-11-30 04:23:03,762 - INFO - Scraping 5747/6851: https://www.refurbed.de/p/realme-11-pro-5g/
2025-11-30 04:23:05,197 - INFO - Scraping 5748/6851: https://www.refurbed.de/p/realme-12-pro-5g/
2025-11-30 04:23:05,517 - ERROR - Error fetching https://www.refurbed.de/p/realme-12-pro-5g/: 404 Client Error: Not Found for url: https://www.refurbed.de/p/realme-12-pro-5g/
2025-11-30 04:23:06,519 - INFO - Scraping 5749/6851: https://www.refurbed.de/p/realme-12-pro-plus-5g/
2025-11-30 04:23:07,954 - INFO - Scraping 5750/6851: https://www.refurbed.de/p/realme-5-pro/
2025-11-30 04:23:09,523 - INFO - Scraping 5751/6851: https://www.refurbed.de/p/realme-5/
2025-11-30 04:23:10,913 - INFO - Scraping 5752/6851: https://www.refurbed.de/p/realme-5i/
2025-11-30 04:23:12,328 - INFO - Scraping 5753/6851: https://www.refurbed.de/p/realme-6-pro/
2025-11-30 04:23:13,875 - INFO - Scraping 5754/6851: https://www.refurbed.de/p/realme-6/
2025-11-30 04:23:15,399 - INFO - Scraping 5755/6851: https://www.refurbed.de/p/realme-6i/
2025-11-30 04:23:16,906 - INFO - Scraping 5756/6851: https://www.refurbed.de/p/realme-6s/
2025-11-30 04:23:18,313 - INFO - Scraping 5757/6851: https://www.refurbed.de/p/realme-7-5g/
2025-11-30 04:23:19,922 - INFO - Scraping 5758/6851: https://www.refurbed.de/p/realme-7-pro/
2025-11-30 04:23:21,471 - INFO - Scraping 5759/6851: https://www.refurbed.de/p/realme-7/
2025-11-30 04:23:23,009 - INFO - Scraping 5760/6851: https://www.refurbed.de/p/realme-7i-global/
2025-11-30 04:23:24,711 - INFO - Scraping 5761/6851: https://www.refurbed.de/p/realme-8-5g/
2025-11-30 04:23:26,361 - INFO - Scraping 5762/6851: https://www.refurbed.de/p/realme-8-pro/
2025-11-30 04:23:27,940 - INFO - Scraping 5763/6851: https://www.refurbed.de/p/realme-8/
2025-11-30 04:23:29,350 - INFO - Scraping 5764/6851: https://www.refurbed.de/p/realme-8i/
2025-11-30 04:23:30,896 - INFO - Scraping 5765/6851: https://www.refurbed.de/p/realme-9-5g/
2025-11-30 04:23:32,295 - INFO - Scraping 5766/6851: https://www.refurbed.de/p/realme-9-pro-5g/
2025-11-30 04:23:33,821 - INFO - Scraping 5767/6851: https://www.refurbed.de/p/realme-9-pro-plus-5g/
2025-11-30 04:23:35,391 - INFO - Scraping 5768/6851: https://www.refurbed.de/p/realme-9-pro-plus/
2025-11-30 04:23:36,906 - INFO - Scraping 5769/6851: https://www.refurbed.de/p/realme-9/
2025-11-30 04:23:38,363 - INFO - Scraping 5770/6851: https://www.refurbed.de/p/realme-9i/
2025-11-30 04:23:39,782 - INFO - Scraping 5771/6851: https://www.refurbed.de/p/realme-buds-air-3/
2025-11-30 04:23:41,231 - INFO - Scraping 5772/6851: https://www.refurbed.de/p/realme-c11-2021/
2025-11-30 04:23:42,708 - INFO - Scraping 5773/6851: https://www.refurbed.de/p/realme-c11/
2025-11-30 04:23:44,120 - INFO - Scraping 5774/6851: https://www.refurbed.de/p/realme-c21/
2025-11-30 04:23:45,577 - INFO - Scraping 5775/6851: https://www.refurbed.de/p/realme-c3/
2025-11-30 04:23:47,002 - INFO - Scraping 5776/6851: https://www.refurbed.de/p/realme-c31/
2025-11-30 04:23:48,473 - INFO - Scraping 5777/6851: https://www.refurbed.de/p/realme-gt-2-pro/
2025-11-30 04:23:50,021 - INFO - Scraping 5778/6851: https://www.refurbed.de/p/realme-gt-3/
2025-11-30 04:23:51,467 - INFO - Scraping 5779/6851: https://www.refurbed.de/p/realme-gt-5g-master/
2025-11-30 04:23:53,142 - INFO - Scraping 5780/6851: https://www.refurbed.de/p/realme-gt-5g/
2025-11-30 04:23:54,704 - INFO - Scraping 5781/6851: https://www.refurbed.de/p/realme-gt-neo-2/
2025-11-30 04:23:56,278 - INFO - Scraping 5782/6851: https://www.refurbed.de/p/realme-gt-neo-3-150w/
2025-11-30 04:23:57,716 - INFO - Scraping 5783/6851: https://www.refurbed.de/p/realme-gt-neo-3-80w/
2025-11-30 04:23:59,528 - INFO - Scraping 5784/6851: https://www.refurbed.de/p/realme-gt-neo-3t/
2025-11-30 04:24:01,062 - INFO - Scraping 5785/6851: https://www.refurbed.de/p/realme-narzo-30-5g/
2025-11-30 04:24:02,653 - INFO - Scraping 5786/6851: https://www.refurbed.de/p/realme-narzo-30a/
2025-11-30 04:24:04,056 - INFO - Scraping 5787/6851: https://www.refurbed.de/p/realme-narzo-50-5g/
2025-11-30 04:24:05,444 - INFO - Scraping 5788/6851: https://www.refurbed.de/p/realme-narzo-50/
2025-11-30 04:24:06,911 - INFO - Scraping 5789/6851: https://www.refurbed.de/p/realme-narzo-50a-prime/
2025-11-30 04:24:08,313 - INFO - Scraping 5790/6851: https://www.refurbed.de/p/realme-pad-mini-8-7/
2025-11-30 04:24:09,833 - INFO - Scraping 5791/6851: https://www.refurbed.de/p/realme-pro3/
2025-11-30 04:24:11,325 - INFO - Scraping 5792/6851: https://www.refurbed.de/p/realme-x2-pro/
2025-11-30 04:24:12,821 - INFO - Scraping 5793/6851: https://www.refurbed.de/p/realme-x2/
2025-11-30 04:24:14,232 - INFO - Scraping 5794/6851: https://www.refurbed.de/p/realme-x3-super-zoom/
2025-11-30 04:24:15,757 - INFO - Scraping 5795/6851: https://www.refurbed.de/p/realme-x50-5g/
2025-11-30 04:24:17,320 - INFO - Scraping 5796/6851: https://www.refurbed.de/p/realme-x50-pro-5g/
2025-11-30 04:24:18,720 - INFO - Scraping 5797/6851: https://www.refurbed.de/p/realme-xt/
2025-11-30 04:24:20,229 - INFO - Scraping 5798/6851: https://www.refurbed.de/p/samsung--book3-pro-1340p360-16/
2025-11-30 04:24:21,629 - INFO - Scraping 5799/6851: https://www.refurbed.de/p/samsung-2233bw/
2025-11-30 04:24:23,310 - INFO - Scraping 5800/6851: https://www.refurbed.de/p/samsung-2443bw/
2025-11-30 04:24:24,933 - INFO - Scraping 5801/6851: https://www.refurbed.de/p/samsung-4k-lsp9t-triple-laser/
2025-11-30 04:24:26,329 - INFO - Scraping 5802/6851: https://www.refurbed.de/p/samsung-a040r033l/
2025-11-30 04:24:27,801 - INFO - Scraping 5803/6851: https://www.refurbed.de/p/samsung-activity-tracker-ei-an90/
2025-11-30 04:24:29,223 - INFO - Scraping 5804/6851: https://www.refurbed.de/p/samsung-akg-s30/
2025-11-30 04:24:30,636 - INFO - Scraping 5805/6851: https://www.refurbed.de/p/samsung-akg-y100-wireless/
2025-11-30 04:24:32,088 - INFO - Scraping 5806/6851: https://www.refurbed.de/p/samsung-b2100/
2025-11-30 04:24:33,522 - INFO - Scraping 5807/6851: https://www.refurbed.de/p/samsung-b2240mw/
2025-11-30 04:24:34,968 - INFO - Scraping 5808/6851: https://www.refurbed.de/p/samsung-b2710/
2025-11-30 04:24:36,410 - INFO - Scraping 5809/6851: https://www.refurbed.de/p/samsung-bespo-jetbot-combo-steam/
2025-11-30 04:24:37,926 - INFO - Scraping 5810/6851: https://www.refurbed.de/p/samsung-bespoke-jet-pet/
2025-11-30 04:24:39,370 - INFO - Scraping 5811/6851: https://www.refurbed.de/p/samsung-book-flex-10210u/
2025-11-30 04:24:40,789 - INFO - Scraping 5812/6851: https://www.refurbed.de/p/samsung-book-flex-i7-10510u/
2025-11-30 04:24:42,177 - INFO - Scraping 5813/6851: https://www.refurbed.de/p/samsung-book2-15-i3-1215u/
2025-11-30 04:24:43,675 - INFO - Scraping 5814/6851: https://www.refurbed.de/p/samsung-book2-15-i5-1235u/
2025-11-30 04:24:45,076 - INFO - Scraping 5815/6851: https://www.refurbed.de/p/samsung-book2-15-i7-1255u/
2025-11-30 04:24:46,548 - INFO - Scraping 5816/6851: https://www.refurbed.de/p/samsung-book2-pro-15-i5-1235u/
2025-11-30 04:24:47,955 - INFO - Scraping 5817/6851: https://www.refurbed.de/p/samsung-book2-pro-15-i7-1260p/
2025-11-30 04:24:49,363 - INFO - Scraping 5818/6851: https://www.refurbed.de/p/samsung-book2-pro-360-1240p/
2025-11-30 04:24:50,864 - INFO - Scraping 5819/6851: https://www.refurbed.de/p/samsung-book2-pro-360-13-1240p/
2025-11-30 04:24:52,277 - INFO - Scraping 5820/6851: https://www.refurbed.de/p/samsung-book2-pro-360-13-1260p/
2025-11-30 04:24:53,738 - INFO - Scraping 5821/6851: https://www.refurbed.de/p/samsung-book3-15-i3-1315u/
2025-11-30 04:24:55,363 - INFO - Scraping 5822/6851: https://www.refurbed.de/p/samsung-book3-15-i5-1335u/
2025-11-30 04:24:56,770 - INFO - Scraping 5823/6851: https://www.refurbed.de/p/samsung-bs-jetbot-combo-ai-steam/
2025-11-30 04:24:58,348 - INFO - Scraping 5824/6851: https://www.refurbed.de/p/samsung-c27f396fhu-27/
2025-11-30 04:24:59,820 - INFO - Scraping 5825/6851: https://www.refurbed.de/p/samsung-c27f591/
2025-11-30 04:25:01,417 - INFO - Scraping 5826/6851: https://www.refurbed.de/p/samsung-c49hg90/
2025-11-30 04:25:02,851 - INFO - Scraping 5827/6851: https://www.refurbed.de/p/samsung-ch890-2017-34/
2025-11-30 04:25:04,443 - INFO - Scraping 5828/6851: https://www.refurbed.de/p/samsung-chromebook-2-360-n4500/
2025-11-30 04:25:06,061 - INFO - Scraping 5829/6851: https://www.refurbed.de/p/samsung-chromebook-go-n4500/
2025-11-30 04:25:07,789 - INFO - Scraping 5830/6851: https://www.refurbed.de/p/samsung-crystal-uhd-ue43cu7172u/
2025-11-30 04:25:09,393 - INFO - Scraping 5831/6851: https://www.refurbed.de/p/samsung-crystal-uhd-ue50cu7172u/
2025-11-30 04:25:10,977 - INFO - Scraping 5832/6851: https://www.refurbed.de/p/samsung-dm48e-48/
2025-11-30 04:25:12,383 - INFO - Scraping 5833/6851: https://www.refurbed.de/p/samsung-dm55e-55/
2025-11-30 04:25:13,831 - INFO - Scraping 5834/6851: https://www.refurbed.de/p/samsung-ef-dx710-bkcvr-kbrd-slim/
2025-11-30 04:25:15,228 - INFO - Scraping 5835/6851: https://www.refurbed.de/p/samsung-ef-dx810-bkcvr-kbrd-slim/
2025-11-30 04:25:16,760 - INFO - Scraping 5836/6851: https://www.refurbed.de/p/samsung-ef-dx925-bkcvr-kbrd/
2025-11-30 04:25:18,384 - INFO - Scraping 5837/6851: https://www.refurbed.de/p/samsung-essen-monitor-s3-s31c-24/
2025-11-30 04:25:19,997 - INFO - Scraping 5838/6851: https://www.refurbed.de/p/samsung-essen-monitor-s3-s36c-27/
2025-11-30 04:25:21,424 - INFO - Scraping 5839/6851: https://www.refurbed.de/p/samsung-f37t-24/
2025-11-30 04:25:22,853 - INFO - Scraping 5840/6851: https://www.refurbed.de/p/samsung-flip-2-wm65r/
2025-11-30 04:25:24,317 - INFO - Scraping 5841/6851: https://www.refurbed.de/p/samsung-flip-pro-wm75b/
2025-11-30 04:25:25,743 - INFO - Scraping 5842/6851: https://www.refurbed.de/p/samsung-flip-pro-wm85b/
2025-11-30 04:25:27,183 - INFO - Scraping 5843/6851: https://www.refurbed.de/p/samsung-flip-wa65c/
2025-11-30 04:25:28,633 - INFO - Scraping 5844/6851: https://www.refurbed.de/p/samsung-frame-gq55ls03b/
2025-11-30 04:25:30,031 - INFO - Scraping 5845/6851: https://www.refurbed.de/p/samsung-freestyle-2g-sp-lff3clax/
2025-11-30 04:25:31,545 - INFO - Scraping 5846/6851: https://www.refurbed.de/p/samsung-freestyle-lsp3/
2025-11-30 04:25:33,068 - INFO - Scraping 5847/6851: https://www.refurbed.de/p/samsung-g-b4-edge-xelitex1e80100/
2025-11-30 04:25:34,620 - INFO - Scraping 5848/6851: https://www.refurbed.de/p/samsung-g-b4-edge-xelitex1e84100/
2025-11-30 04:25:36,223 - INFO - Scraping 5849/6851: https://www.refurbed.de/p/samsung-g-book2-pro-360-15-1260p/
2025-11-30 04:25:37,760 - INFO - Scraping 5850/6851: https://www.refurbed.de/p/samsung-g-book4-edge-x1p-42-100/
2025-11-30 04:25:39,324 - INFO - Scraping 5851/6851: https://www.refurbed.de/p/samsung-galaxy-a01/
2025-11-30 04:25:40,769 - INFO - Scraping 5852/6851: https://www.refurbed.de/p/samsung-galaxy-a02s/
2025-11-30 04:25:42,452 - INFO - Scraping 5853/6851: https://www.refurbed.de/p/samsung-galaxy-a03/
2025-11-30 04:25:44,078 - INFO - Scraping 5854/6851: https://www.refurbed.de/p/samsung-galaxy-a03s/
2025-11-30 04:25:45,740 - INFO - Scraping 5855/6851: https://www.refurbed.de/p/samsung-galaxy-a04/
2025-11-30 04:25:47,141 - INFO - Scraping 5856/6851: https://www.refurbed.de/p/samsung-galaxy-a04s/
2025-11-30 04:25:48,980 - INFO - Scraping 5857/6851: https://www.refurbed.de/p/samsung-galaxy-a05/
2025-11-30 04:25:50,475 - INFO - Scraping 5858/6851: https://www.refurbed.de/p/samsung-galaxy-a05s/
2025-11-30 04:25:52,066 - INFO - Scraping 5859/6851: https://www.refurbed.de/p/samsung-galaxy-a06/
2025-11-30 04:25:53,464 - INFO - Scraping 5860/6851: https://www.refurbed.de/p/samsung-galaxy-a10/
2025-11-30 04:25:55,073 - INFO - Scraping 5861/6851: https://www.refurbed.de/p/samsung-galaxy-a10s/
2025-11-30 04:25:56,711 - INFO - Scraping 5862/6851: https://www.refurbed.de/p/samsung-galaxy-a11/
2025-11-30 04:25:58,156 - INFO - Scraping 5863/6851: https://www.refurbed.de/p/samsung-galaxy-a12-nacho/
2025-11-30 04:25:59,768 - INFO - Scraping 5864/6851: https://www.refurbed.de/p/samsung-galaxy-a12/
2025-11-30 04:26:01,380 - INFO - Scraping 5865/6851: https://www.refurbed.de/p/samsung-galaxy-a13-5g/
2025-11-30 04:26:03,014 - INFO - Scraping 5866/6851: https://www.refurbed.de/p/samsung-galaxy-a13/
2025-11-30 04:26:04,893 - INFO - Scraping 5867/6851: https://www.refurbed.de/p/samsung-galaxy-a14-5g/
2025-11-30 04:26:06,502 - INFO - Scraping 5868/6851: https://www.refurbed.de/p/samsung-galaxy-a14/
2025-11-30 04:26:08,258 - INFO - Scraping 5869/6851: https://www.refurbed.de/p/samsung-galaxy-a15-5g/
2025-11-30 04:26:09,776 - INFO - Scraping 5870/6851: https://www.refurbed.de/p/samsung-galaxy-a15/
2025-11-30 04:26:11,370 - INFO - Scraping 5871/6851: https://www.refurbed.de/p/samsung-galaxy-a16-5g/
2025-11-30 04:26:12,981 - INFO - Scraping 5872/6851: https://www.refurbed.de/p/samsung-galaxy-a16/
2025-11-30 04:26:14,842 - INFO - Scraping 5873/6851: https://www.refurbed.de/p/samsung-galaxy-a20/
2025-11-30 04:26:16,402 - INFO - Scraping 5874/6851: https://www.refurbed.de/p/samsung-galaxy-a20e/
2025-11-30 04:26:18,076 - INFO - Scraping 5875/6851: https://www.refurbed.de/p/samsung-galaxy-a20s/
2025-11-30 04:26:19,768 - INFO - Scraping 5876/6851: https://www.refurbed.de/p/samsung-galaxy-a21s/
2025-11-30 04:26:21,474 - INFO - Scraping 5877/6851: https://www.refurbed.de/p/samsung-galaxy-a22-5g/
2025-11-30 04:26:23,126 - INFO - Scraping 5878/6851: https://www.refurbed.de/p/samsung-galaxy-a22/
2025-11-30 04:26:24,769 - INFO - Scraping 5879/6851: https://www.refurbed.de/p/samsung-galaxy-a22s-5g/
2025-11-30 04:26:26,256 - INFO - Scraping 5880/6851: https://www.refurbed.de/p/samsung-galaxy-a23-5g/
2025-11-30 04:26:27,840 - INFO - Scraping 5881/6851: https://www.refurbed.de/p/samsung-galaxy-a23/
2025-11-30 04:26:29,299 - INFO - Scraping 5882/6851: https://www.refurbed.de/p/samsung-galaxy-a24/
2025-11-30 04:26:30,734 - INFO - Scraping 5883/6851: https://www.refurbed.de/p/samsung-galaxy-a25-5g/
2025-11-30 04:26:32,344 - INFO - Scraping 5884/6851: https://www.refurbed.de/p/samsung-galaxy-a26-5g/
2025-11-30 04:26:33,924 - INFO - Scraping 5885/6851: https://www.refurbed.de/p/samsung-galaxy-a3-2014-a300f/
2025-11-30 04:26:35,652 - INFO - Scraping 5886/6851: https://www.refurbed.de/p/samsung-galaxy-a3-2017-a320f/
2025-11-30 04:26:37,078 - INFO - Scraping 5887/6851: https://www.refurbed.de/p/samsung-galaxy-a3-a310f/
2025-11-30 04:26:38,709 - INFO - Scraping 5888/6851: https://www.refurbed.de/p/samsung-galaxy-a30/
2025-11-30 04:26:40,179 - INFO - Scraping 5889/6851: https://www.refurbed.de/p/samsung-galaxy-a30s/
2025-11-30 04:26:41,751 - INFO - Scraping 5890/6851: https://www.refurbed.de/p/samsung-galaxy-a31/
2025-11-30 04:26:43,525 - INFO - Scraping 5891/6851: https://www.refurbed.de/p/samsung-galaxy-a32-5g/
2025-11-30 04:26:45,085 - INFO - Scraping 5892/6851: https://www.refurbed.de/p/samsung-galaxy-a32-eed/
2025-11-30 04:26:46,598 - INFO - Scraping 5893/6851: https://www.refurbed.de/p/samsung-galaxy-a32/
2025-11-30 04:26:48,256 - INFO - Scraping 5894/6851: https://www.refurbed.de/p/samsung-galaxy-a33-5g/
2025-11-30 04:26:49,857 - INFO - Scraping 5895/6851: https://www.refurbed.de/p/samsung-galaxy-a34/
2025-11-30 04:26:51,526 - INFO - Scraping 5896/6851: https://www.refurbed.de/p/samsung-galaxy-a35-5g/
2025-11-30 04:26:53,142 - INFO - Scraping 5897/6851: https://www.refurbed.de/p/samsung-galaxy-a36-5g/
2025-11-30 04:26:54,777 - INFO - Scraping 5898/6851: https://www.refurbed.de/p/samsung-galaxy-a40/
2025-11-30 04:26:56,418 - INFO - Scraping 5899/6851: https://www.refurbed.de/p/samsung-galaxy-a41/
2025-11-30 04:26:58,202 - INFO - Scraping 5900/6851: https://www.refurbed.de/p/samsung-galaxy-a42-5g/
2025-11-30 04:26:59,807 - INFO - Scraping 5901/6851: https://www.refurbed.de/p/samsung-galaxy-a5-2016/
2025-11-30 04:27:01,493 - INFO - Scraping 5902/6851: https://www.refurbed.de/p/samsung-galaxy-a5-2017/
2025-11-30 04:27:03,452 - INFO - Scraping 5903/6851: https://www.refurbed.de/p/samsung-galaxy-a5-a500f-2014/
2025-11-30 04:27:04,942 - INFO - Scraping 5904/6851: https://www.refurbed.de/p/samsung-galaxy-a50/
2025-11-30 04:27:06,536 - INFO - Scraping 5905/6851: https://www.refurbed.de/p/samsung-galaxy-a50s-eu/
2025-11-30 04:27:08,083 - INFO - Scraping 5906/6851: https://www.refurbed.de/p/samsung-galaxy-a51-5g/
2025-11-30 04:27:09,726 - INFO - Scraping 5907/6851: https://www.refurbed.de/p/samsung-galaxy-a51/
2025-11-30 04:27:11,386 - INFO - Scraping 5908/6851: https://www.refurbed.de/p/samsung-galaxy-a52-5g/
2025-11-30 04:27:12,906 - INFO - Scraping 5909/6851: https://www.refurbed.de/p/samsung-galaxy-a52/
2025-11-30 04:27:14,503 - INFO - Scraping 5910/6851: https://www.refurbed.de/p/samsung-galaxy-a52s-5g/
2025-11-30 04:27:16,184 - INFO - Scraping 5911/6851: https://www.refurbed.de/p/samsung-galaxy-a53-5g/
2025-11-30 04:27:17,832 - INFO - Scraping 5912/6851: https://www.refurbed.de/p/samsung-galaxy-a54-5g/
2025-11-30 04:27:19,451 - INFO - Scraping 5913/6851: https://www.refurbed.de/p/samsung-galaxy-a55-5g/
2025-11-30 04:27:21,035 - INFO - Scraping 5914/6851: https://www.refurbed.de/p/samsung-galaxy-a56-5g/
2025-11-30 04:27:22,769 - INFO - Scraping 5915/6851: https://www.refurbed.de/p/samsung-galaxy-a6-2018-duos/
2025-11-30 04:27:24,202 - INFO - Scraping 5916/6851: https://www.refurbed.de/p/samsung-galaxy-a6-2018/
2025-11-30 04:27:25,806 - INFO - Scraping 5917/6851: https://www.refurbed.de/p/samsung-galaxy-a6plus-2018/
2025-11-30 04:27:27,382 - INFO - Scraping 5918/6851: https://www.refurbed.de/p/samsung-galaxy-a7-duos-2018-a750/
2025-11-30 04:27:29,329 - INFO - Scraping 5919/6851: https://www.refurbed.de/p/samsung-galaxy-a70/
2025-11-30 04:27:30,920 - INFO - Scraping 5920/6851: https://www.refurbed.de/p/samsung-galaxy-a71-5g-980/
2025-11-30 04:27:32,554 - INFO - Scraping 5921/6851: https://www.refurbed.de/p/samsung-galaxy-a71/
2025-11-30 04:27:34,153 - INFO - Scraping 5922/6851: https://www.refurbed.de/p/samsung-galaxy-a72/
2025-11-30 04:27:35,838 - INFO - Scraping 5923/6851: https://www.refurbed.de/p/samsung-galaxy-a73-5g/
2025-11-30 04:27:37,439 - INFO - Scraping 5924/6851: https://www.refurbed.de/p/samsung-galaxy-a8-2018-duos/
2025-11-30 04:27:39,276 - INFO - Scraping 5925/6851: https://www.refurbed.de/p/samsung-galaxy-a8-2018/
2025-11-30 04:27:40,875 - INFO - Scraping 5926/6851: https://www.refurbed.de/p/samsung-galaxy-a8-plus-2018/
2025-11-30 04:27:42,269 - INFO - Scraping 5927/6851: https://www.refurbed.de/p/samsung-galaxy-a80/
2025-11-30 04:27:43,885 - INFO - Scraping 5928/6851: https://www.refurbed.de/p/samsung-galaxy-a9-2018/
2025-11-30 04:27:45,524 - INFO - Scraping 5929/6851: https://www.refurbed.de/p/samsung-galaxy-ace-style/
2025-11-30 04:27:46,934 - INFO - Scraping 5930/6851: https://www.refurbed.de/p/samsung-galaxy-alpha/
2025-11-30 04:27:48,371 - INFO - Scraping 5931/6851: https://www.refurbed.de/p/samsung-galaxy-b3-pro-i7-1360p/
2025-11-30 04:27:49,785 - INFO - Scraping 5932/6851: https://www.refurbed.de/p/samsung-galaxy-book-1135g7/
2025-11-30 04:27:51,378 - INFO - Scraping 5933/6851: https://www.refurbed.de/p/samsung-galaxy-book2-go/
2025-11-30 04:27:53,218 - INFO - Scraping 5934/6851: https://www.refurbed.de/p/samsung-galaxy-book3-360-13-3/
2025-11-30 04:27:54,770 - INFO - Scraping 5935/6851: https://www.refurbed.de/p/samsung-galaxy-book3-360-i5-15/
2025-11-30 04:27:56,194 - INFO - Scraping 5936/6851: https://www.refurbed.de/p/samsung-galaxy-book3-360-i5/
2025-11-30 04:27:57,609 - INFO - Scraping 5937/6851: https://www.refurbed.de/p/samsung-galaxy-book3-i7-1355u/
2025-11-30 04:27:59,127 - INFO - Scraping 5938/6851: https://www.refurbed.de/p/samsung-galaxy-book3-pro-360-16/
2025-11-30 04:28:00,515 - INFO - Scraping 5939/6851: https://www.refurbed.de/p/samsung-galaxy-book3-ultra-16/
2025-11-30 04:28:02,214 - INFO - Scraping 5940/6851: https://www.refurbed.de/p/samsung-galaxy-book4-3-100u/
2025-11-30 04:28:03,653 - INFO - Scraping 5941/6851: https://www.refurbed.de/p/samsung-galaxy-book4-360-5-120u/
2025-11-30 04:28:05,235 - INFO - Scraping 5942/6851: https://www.refurbed.de/p/samsung-galaxy-book4-360-7-150u/
2025-11-30 04:28:06,703 - INFO - Scraping 5943/6851: https://www.refurbed.de/p/samsung-galaxy-book4-5-120u/
2025-11-30 04:28:08,225 - INFO - Scraping 5944/6851: https://www.refurbed.de/p/samsung-galaxy-book4-7-150u/
2025-11-30 04:28:09,787 - INFO - Scraping 5945/6851: https://www.refurbed.de/p/samsung-galaxy-book4-i5-1335u/
2025-11-30 04:28:11,382 - INFO - Scraping 5946/6851: https://www.refurbed.de/p/samsung-galaxy-book4-i7-1355u/
2025-11-30 04:28:13,186 - INFO - Scraping 5947/6851: https://www.refurbed.de/p/samsung-galaxy-book4-pro-14-155h/
2025-11-30 04:28:14,643 - INFO - Scraping 5948/6851: https://www.refurbed.de/p/samsung-galaxy-book4-pro-16-125h/
2025-11-30 04:28:16,051 - INFO - Scraping 5949/6851: https://www.refurbed.de/p/samsung-galaxy-book4-pro-16-155h/
2025-11-30 04:28:17,507 - INFO - Scraping 5950/6851: https://www.refurbed.de/p/samsung-galaxy-book4-ultra-155h/
2025-11-30 04:28:19,129 - INFO - Scraping 5951/6851: https://www.refurbed.de/p/samsung-galaxy-book4-ultra-185h/
2025-11-30 04:28:20,691 - INFO - Scraping 5952/6851: https://www.refurbed.de/p/samsung-galaxy-book4pro-360-125h/
2025-11-30 04:28:22,236 - INFO - Scraping 5953/6851: https://www.refurbed.de/p/samsung-galaxy-book4pro-360-155h/
2025-11-30 04:28:23,660 - INFO - Scraping 5954/6851: https://www.refurbed.de/p/samsung-galaxy-book4pro360-elite/
2025-11-30 04:28:25,071 - INFO - Scraping 5955/6851: https://www.refurbed.de/p/samsung-galaxy-book5-360-5-226v/
2025-11-30 04:28:26,600 - INFO - Scraping 5956/6851: https://www.refurbed.de/p/samsung-galaxy-buds-fe/
2025-11-30 04:28:28,080 - INFO - Scraping 5957/6851: https://www.refurbed.de/p/samsung-galaxy-buds-live/
2025-11-30 04:28:29,670 - INFO - Scraping 5958/6851: https://www.refurbed.de/p/samsung-galaxy-buds-plus/
2025-11-30 04:28:31,204 - INFO - Scraping 5959/6851: https://www.refurbed.de/p/samsung-galaxy-buds/
2025-11-30 04:28:32,642 - INFO - Scraping 5960/6851: https://www.refurbed.de/p/samsung-galaxy-core-prime/
2025-11-30 04:28:34,260 - INFO - Scraping 5961/6851: https://www.refurbed.de/p/samsung-galaxy-fit-e/
2025-11-30 04:28:35,708 - INFO - Scraping 5962/6851: https://www.refurbed.de/p/samsung-galaxy-fit/
2025-11-30 04:28:37,318 - INFO - Scraping 5963/6851: https://www.refurbed.de/p/samsung-galaxy-fit2/
2025-11-30 04:28:38,711 - INFO - Scraping 5964/6851: https://www.refurbed.de/p/samsung-galaxy-fit3/
2025-11-30 04:28:40,139 - INFO - Scraping 5965/6851: https://www.refurbed.de/p/samsung-galaxy-fold/
2025-11-30 04:28:41,676 - INFO - Scraping 5966/6851: https://www.refurbed.de/p/samsung-galaxy-grand-prime-value/
2025-11-30 04:28:43,106 - INFO - Scraping 5967/6851: https://www.refurbed.de/p/samsung-galaxy-grand-prime/
2025-11-30 04:28:44,516 - INFO - Scraping 5968/6851: https://www.refurbed.de/p/samsung-galaxy-j1-j100h/
2025-11-30 04:28:45,958 - INFO - Scraping 5969/6851: https://www.refurbed.de/p/samsung-galaxy-j2-core-2018/
2025-11-30 04:28:47,374 - INFO - Scraping 5970/6851: https://www.refurbed.de/p/samsung-galaxy-j3-2016/
2025-11-30 04:28:49,006 - INFO - Scraping 5971/6851: https://www.refurbed.de/p/samsung-galaxy-j3-2017/
2025-11-30 04:28:50,686 - INFO - Scraping 5972/6851: https://www.refurbed.de/p/samsung-galaxy-j4/
2025-11-30 04:28:52,361 - INFO - Scraping 5973/6851: https://www.refurbed.de/p/samsung-galaxy-j5-2015/
2025-11-30 04:28:53,850 - INFO - Scraping 5974/6851: https://www.refurbed.de/p/samsung-galaxy-j5-2016/
2025-11-30 04:28:55,300 - INFO - Scraping 5975/6851: https://www.refurbed.de/p/samsung-galaxy-j5-2017/
2025-11-30 04:28:56,722 - INFO - Scraping 5976/6851: https://www.refurbed.de/p/samsung-galaxy-j5-pro/
2025-11-30 04:28:58,443 - INFO - Scraping 5977/6851: https://www.refurbed.de/p/samsung-galaxy-j6/
2025-11-30 04:29:00,097 - INFO - Scraping 5978/6851: https://www.refurbed.de/p/samsung-galaxy-j6plus/
2025-11-30 04:29:01,832 - INFO - Scraping 5979/6851: https://www.refurbed.de/p/samsung-galaxy-j7-2016/
2025-11-30 04:29:03,281 - INFO - Scraping 5980/6851: https://www.refurbed.de/p/samsung-galaxy-j7-2017/
2025-11-30 04:29:04,888 - INFO - Scraping 5981/6851: https://www.refurbed.de/p/samsung-galaxy-j7-pro/
2025-11-30 04:29:06,343 - INFO - Scraping 5982/6851: https://www.refurbed.de/p/samsung-galaxy-j7-v-2018/
2025-11-30 04:29:07,813 - INFO - Scraping 5983/6851: https://www.refurbed.de/p/samsung-galaxy-j8-2018/
2025-11-30 04:29:09,301 - INFO - Scraping 5984/6851: https://www.refurbed.de/p/samsung-galaxy-m10/
2025-11-30 04:29:10,753 - INFO - Scraping 5985/6851: https://www.refurbed.de/p/samsung-galaxy-m11/
2025-11-30 04:29:12,339 - INFO - Scraping 5986/6851: https://www.refurbed.de/p/samsung-galaxy-m12/
2025-11-30 04:29:13,919 - INFO - Scraping 5987/6851: https://www.refurbed.de/p/samsung-galaxy-m13/
2025-11-30 04:29:15,488 - INFO - Scraping 5988/6851: https://www.refurbed.de/p/samsung-galaxy-m20/
2025-11-30 04:29:17,100 - INFO - Scraping 5989/6851: https://www.refurbed.de/p/samsung-galaxy-m21-2021/
2025-11-30 04:29:18,577 - INFO - Scraping 5990/6851: https://www.refurbed.de/p/samsung-galaxy-m21/
2025-11-30 04:29:20,228 - INFO - Scraping 5991/6851: https://www.refurbed.de/p/samsung-galaxy-m22/
2025-11-30 04:29:22,112 - INFO - Scraping 5992/6851: https://www.refurbed.de/p/samsung-galaxy-m23-5g/
2025-11-30 04:29:23,879 - INFO - Scraping 5993/6851: https://www.refurbed.de/p/samsung-galaxy-m30/
2025-11-30 04:29:25,431 - INFO - Scraping 5994/6851: https://www.refurbed.de/p/samsung-galaxy-m30s/
2025-11-30 04:29:27,066 - INFO - Scraping 5995/6851: https://www.refurbed.de/p/samsung-galaxy-m31/
2025-11-30 04:29:28,676 - INFO - Scraping 5996/6851: https://www.refurbed.de/p/samsung-galaxy-m31s/
2025-11-30 04:29:30,320 - INFO - Scraping 5997/6851: https://www.refurbed.de/p/samsung-galaxy-m32/
2025-11-30 04:29:31,816 - INFO - Scraping 5998/6851: https://www.refurbed.de/p/samsung-galaxy-m33-5g/
2025-11-30 04:29:33,416 - INFO - Scraping 5999/6851: https://www.refurbed.de/p/samsung-galaxy-m34-5g/
2025-11-30 04:29:34,850 - INFO - Scraping 6000/6851: https://www.refurbed.de/p/samsung-galaxy-m51/
2025-11-30 04:29:36,285 - INFO - Scraping 6001/6851: https://www.refurbed.de/p/samsung-galaxy-m52-5g/
2025-11-30 04:29:37,843 - INFO - Scraping 6002/6851: https://www.refurbed.de/p/samsung-galaxy-m53/
2025-11-30 04:29:39,417 - INFO - Scraping 6003/6851: https://www.refurbed.de/p/samsung-galaxy-mega-6-3/
2025-11-30 04:29:40,887 - INFO - Scraping 6004/6851: https://www.refurbed.de/p/samsung-galaxy-note-10-1-2014/
2025-11-30 04:29:42,344 - INFO - Scraping 6005/6851: https://www.refurbed.de/p/samsung-galaxy-note-10-lite/
2025-11-30 04:29:44,182 - INFO - Scraping 6006/6851: https://www.refurbed.de/p/samsung-galaxy-note-10/
2025-11-30 04:29:45,745 - INFO - Scraping 6007/6851: https://www.refurbed.de/p/samsung-galaxy-note-101-n8010/
2025-11-30 04:29:47,260 - INFO - Scraping 6008/6851: https://www.refurbed.de/p/samsung-galaxy-note-101-n8020/
2025-11-30 04:29:48,655 - INFO - Scraping 6009/6851: https://www.refurbed.de/p/samsung-galaxy-note-10plus/
2025-11-30 04:29:50,156 - INFO - Scraping 6010/6851: https://www.refurbed.de/p/samsung-galaxy-note-20/
2025-11-30 04:29:51,836 - INFO - Scraping 6011/6851: https://www.refurbed.de/p/samsung-galaxy-note-3/
2025-11-30 04:29:53,275 - INFO - Scraping 6012/6851: https://www.refurbed.de/p/samsung-galaxy-note-4/
2025-11-30 04:29:54,724 - INFO - Scraping 6013/6851: https://www.refurbed.de/p/samsung-galaxy-note-8/
2025-11-30 04:29:56,151 - INFO - Scraping 6014/6851: https://www.refurbed.de/p/samsung-galaxy-note-9-duos/
2025-11-30 04:29:57,726 - INFO - Scraping 6015/6851: https://www.refurbed.de/p/samsung-galaxy-note-9/
2025-11-30 04:29:59,339 - INFO - Scraping 6016/6851: https://www.refurbed.de/p/samsung-galaxy-note-edge-2014-n9/
2025-11-30 04:30:00,816 - INFO - Scraping 6017/6851: https://www.refurbed.de/p/samsung-galaxy-note-pro-12-2/
2025-11-30 04:30:02,223 - INFO - Scraping 6018/6851: https://www.refurbed.de/p/samsung-galaxy-ring/
2025-11-30 04:30:03,746 - INFO - Scraping 6019/6851: https://www.refurbed.de/p/samsung-galaxy-s10-5g/
2025-11-30 04:30:05,754 - INFO - Scraping 6020/6851: https://www.refurbed.de/p/samsung-galaxy-s10-lite/
2025-11-30 04:30:07,369 - INFO - Scraping 6021/6851: https://www.refurbed.de/p/samsung-galaxy-s10-plus/
2025-11-30 04:30:09,018 - INFO - Scraping 6022/6851: https://www.refurbed.de/p/samsung-galaxy-s10/
2025-11-30 04:30:10,947 - INFO - Scraping 6023/6851: https://www.refurbed.de/p/samsung-galaxy-s10e/
2025-11-30 04:30:12,396 - INFO - Scraping 6024/6851: https://www.refurbed.de/p/samsung-galaxy-s20-5g/
2025-11-30 04:30:14,007 - INFO - Scraping 6025/6851: https://www.refurbed.de/p/samsung-galaxy-s20-fe-5g/
2025-11-30 04:30:15,493 - INFO - Scraping 6026/6851: https://www.refurbed.de/p/samsung-galaxy-s20-fe/
2025-11-30 04:30:17,086 - INFO - Scraping 6027/6851: https://www.refurbed.de/p/samsung-galaxy-s20-ultra/
2025-11-30 04:30:18,691 - INFO - Scraping 6028/6851: https://www.refurbed.de/p/samsung-galaxy-s20/
2025-11-30 04:30:20,309 - INFO - Scraping 6029/6851: https://www.refurbed.de/p/samsung-galaxy-s20plus/
2025-11-30 04:30:22,082 - INFO - Scraping 6030/6851: https://www.refurbed.de/p/samsung-galaxy-s21-5g-enterprise/
2025-11-30 04:30:23,508 - INFO - Scraping 6031/6851: https://www.refurbed.de/p/samsung-galaxy-s21-5g/
2025-11-30 04:30:24,961 - INFO - Scraping 6032/6851: https://www.refurbed.de/p/samsung-galaxy-s21-fe-5g/
2025-11-30 04:30:26,598 - INFO - Scraping 6033/6851: https://www.refurbed.de/p/samsung-galaxy-s21-plus-5g/
2025-11-30 04:30:28,250 - INFO - Scraping 6034/6851: https://www.refurbed.de/p/samsung-galaxy-s21-ultra-5g/
2025-11-30 04:30:29,911 - INFO - Scraping 6035/6851: https://www.refurbed.de/p/samsung-galaxy-s22-plus-5g/
2025-11-30 04:30:31,555 - INFO - Scraping 6036/6851: https://www.refurbed.de/p/samsung-galaxy-s22-ultra-5g/
2025-11-30 04:30:33,045 - INFO - Scraping 6037/6851: https://www.refurbed.de/p/samsung-galaxy-s22/
2025-11-30 04:30:34,539 - INFO - Scraping 6038/6851: https://www.refurbed.de/p/samsung-galaxy-s23-fe/
2025-11-30 04:30:36,227 - INFO - Scraping 6039/6851: https://www.refurbed.de/p/samsung-galaxy-s23-plus/
2025-11-30 04:30:37,896 - INFO - Scraping 6040/6851: https://www.refurbed.de/p/samsung-galaxy-s23-ultra/
2025-11-30 04:30:39,571 - INFO - Scraping 6041/6851: https://www.refurbed.de/p/samsung-galaxy-s23/
2025-11-30 04:30:41,026 - INFO - Scraping 6042/6851: https://www.refurbed.de/p/samsung-galaxy-s24-fe/
2025-11-30 04:30:42,659 - INFO - Scraping 6043/6851: https://www.refurbed.de/p/samsung-galaxy-s24-plus/
2025-11-30 04:30:44,318 - INFO - Scraping 6044/6851: https://www.refurbed.de/p/samsung-galaxy-s24-ultra/
2025-11-30 04:30:45,888 - INFO - Scraping 6045/6851: https://www.refurbed.de/p/samsung-galaxy-s24/
2025-11-30 04:30:47,441 - INFO - Scraping 6046/6851: https://www.refurbed.de/p/samsung-galaxy-s25-edge/
2025-11-30 04:30:49,082 - INFO - Scraping 6047/6851: https://www.refurbed.de/p/samsung-galaxy-s25-plus/
2025-11-30 04:30:50,689 - INFO - Scraping 6048/6851: https://www.refurbed.de/p/samsung-galaxy-s25-ultra/
2025-11-30 04:30:52,133 - INFO - Scraping 6049/6851: https://www.refurbed.de/p/samsung-galaxy-s25/
2025-11-30 04:30:53,637 - INFO - Scraping 6050/6851: https://www.refurbed.de/p/samsung-galaxy-s3-mini/
2025-11-30 04:30:55,130 - INFO - Scraping 6051/6851: https://www.refurbed.de/p/samsung-galaxy-s3/
2025-11-30 04:30:56,566 - INFO - Scraping 6052/6851: https://www.refurbed.de/p/samsung-galaxy-s4-active-i9295/
2025-11-30 04:30:57,968 - INFO - Scraping 6053/6851: https://www.refurbed.de/p/samsung-galaxy-s4-i9500/
2025-11-30 04:30:59,541 - INFO - Scraping 6054/6851: https://www.refurbed.de/p/samsung-galaxy-s4-i9505/
2025-11-30 04:31:01,096 - INFO - Scraping 6055/6851: https://www.refurbed.de/p/samsung-galaxy-s4-mini-i9195/
2025-11-30 04:31:02,645 - INFO - Scraping 6056/6851: https://www.refurbed.de/p/samsung-galaxy-s4-mini-i9195i/
2025-11-30 04:31:04,067 - INFO - Scraping 6057/6851: https://www.refurbed.de/p/samsung-galaxy-s5-active/
2025-11-30 04:31:05,524 - INFO - Scraping 6058/6851: https://www.refurbed.de/p/samsung-galaxy-s5-mini/
2025-11-30 04:31:06,924 - INFO - Scraping 6059/6851: https://www.refurbed.de/p/samsung-galaxy-s5-neo/
2025-11-30 04:31:08,424 - INFO - Scraping 6060/6851: https://www.refurbed.de/p/samsung-galaxy-s5-plus/
2025-11-30 04:31:09,842 - INFO - Scraping 6061/6851: https://www.refurbed.de/p/samsung-galaxy-s5/
2025-11-30 04:31:11,259 - INFO - Scraping 6062/6851: https://www.refurbed.de/p/samsung-galaxy-s6-active/
2025-11-30 04:31:12,695 - INFO - Scraping 6063/6851: https://www.refurbed.de/p/samsung-galaxy-s6-edge-plus/
2025-11-30 04:31:14,140 - INFO - Scraping 6064/6851: https://www.refurbed.de/p/samsung-galaxy-s6-edge/
2025-11-30 04:31:15,570 - INFO - Scraping 6065/6851: https://www.refurbed.de/p/samsung-galaxy-s6/
2025-11-30 04:31:17,235 - INFO - Scraping 6066/6851: https://www.refurbed.de/p/samsung-galaxy-s7-active/
2025-11-30 04:31:18,646 - INFO - Scraping 6067/6851: https://www.refurbed.de/p/samsung-galaxy-s7-edge-olympic-g/
2025-11-30 04:31:20,061 - INFO - Scraping 6068/6851: https://www.refurbed.de/p/samsung-galaxy-s7-edge/
2025-11-30 04:31:21,499 - INFO - Scraping 6069/6851: https://www.refurbed.de/p/samsung-galaxy-s7/
2025-11-30 04:31:23,154 - INFO - Scraping 6070/6851: https://www.refurbed.de/p/samsung-galaxy-s8-plus/
2025-11-30 04:31:24,773 - INFO - Scraping 6071/6851: https://www.refurbed.de/p/samsung-galaxy-s8/
2025-11-30 04:31:26,458 - INFO - Scraping 6072/6851: https://www.refurbed.de/p/samsung-galaxy-s9-duos/
2025-11-30 04:31:28,154 - INFO - Scraping 6073/6851: https://www.refurbed.de/p/samsung-galaxy-s9-plus-duos/
2025-11-30 04:31:31,253 - INFO - Scraping 6074/6851: https://www.refurbed.de/p/samsung-galaxy-s9-plus/
2025-11-30 04:31:33,045 - INFO - Scraping 6075/6851: https://www.refurbed.de/p/samsung-galaxy-s9/
2025-11-30 04:31:34,786 - INFO - Scraping 6076/6851: https://www.refurbed.de/p/samsung-galaxy-smarttag/
2025-11-30 04:31:36,221 - INFO - Scraping 6077/6851: https://www.refurbed.de/p/samsung-galaxy-tab-3-lite-7/
2025-11-30 04:31:37,612 - INFO - Scraping 6078/6851: https://www.refurbed.de/p/samsung-galaxy-tab-3/
2025-11-30 04:31:39,098 - INFO - Scraping 6079/6851: https://www.refurbed.de/p/samsung-galaxy-tab-4-10-1/
2025-11-30 04:31:40,649 - INFO - Scraping 6080/6851: https://www.refurbed.de/p/samsung-galaxy-tab-4-7-0-t230-7/
2025-11-30 04:31:42,104 - INFO - Scraping 6081/6851: https://www.refurbed.de/p/samsung-galaxy-tab-4-70-t230-lte/
2025-11-30 04:31:43,503 - INFO - Scraping 6082/6851: https://www.refurbed.de/p/samsung-galaxy-tab-a-10-1-p580/
2025-11-30 04:31:45,062 - INFO - Scraping 6083/6851: https://www.refurbed.de/p/samsung-galaxy-tab-a-10-1-t580-1/
2025-11-30 04:31:46,492 - INFO - Scraping 6084/6851: https://www.refurbed.de/p/samsung-galaxy-tab-a-10-1-t585/
2025-11-30 04:31:47,965 - INFO - Scraping 6085/6851: https://www.refurbed.de/p/samsung-galaxy-tab-a-10-5/
2025-11-30 04:31:49,364 - INFO - Scraping 6086/6851: https://www.refurbed.de/p/samsung-galaxy-tab-a-7-0-t280-20/
2025-11-30 04:31:50,756 - INFO - Scraping 6087/6851: https://www.refurbed.de/p/samsung-galaxy-tab-a-7-0-t285-4g/
2025-11-30 04:31:52,184 - INFO - Scraping 6088/6851: https://www.refurbed.de/p/samsung-galaxy-tab-a-8-4/
2025-11-30 04:31:53,654 - INFO - Scraping 6089/6851: https://www.refurbed.de/p/samsung-galaxy-tab-a-9-7/
2025-11-30 04:31:55,041 - INFO - Scraping 6090/6851: https://www.refurbed.de/p/samsung-galaxy-tab-a-t585/
2025-11-30 04:31:56,562 - INFO - Scraping 6091/6851: https://www.refurbed.de/p/samsung-galaxy-tab-a7-lite-t220/
2025-11-30 04:31:58,130 - INFO - Scraping 6092/6851: https://www.refurbed.de/p/samsung-galaxy-tab-a7-lite-t225/
2025-11-30 04:31:59,665 - INFO - Scraping 6093/6851: https://www.refurbed.de/p/samsung-galaxy-tab-a7/
2025-11-30 04:32:01,201 - INFO - Scraping 6094/6851: https://www.refurbed.de/p/samsung-galaxy-tab-a9-plus-x210/
2025-11-30 04:32:03,017 - INFO - Scraping 6095/6851: https://www.refurbed.de/p/samsung-galaxy-tab-a9-plus-x216/
2025-11-30 04:32:04,587 - INFO - Scraping 6096/6851: https://www.refurbed.de/p/samsung-galaxy-tab-a9-x110/
2025-11-30 04:32:06,240 - INFO - Scraping 6097/6851: https://www.refurbed.de/p/samsung-galaxy-tab-a9-x115/
2025-11-30 04:32:07,700 - INFO - Scraping 6098/6851: https://www.refurbed.de/p/samsung-galaxy-tab-active-3/
2025-11-30 04:32:09,214 - INFO - Scraping 6099/6851: https://www.refurbed.de/p/samsung-galaxy-tab-active-pro/
2025-11-30 04:32:10,760 - INFO - Scraping 6100/6851: https://www.refurbed.de/p/samsung-galaxy-tab-active/
2025-11-30 04:32:12,417 - INFO - Scraping 6101/6851: https://www.refurbed.de/p/samsung-galaxy-tab-active2-8/
2025-11-30 04:32:14,016 - INFO - Scraping 6102/6851: https://www.refurbed.de/p/samsung-galaxy-tab-active4-pro/
2025-11-30 04:32:15,602 - INFO - Scraping 6103/6851: https://www.refurbed.de/p/samsung-galaxy-tab-active5-x300n/
2025-11-30 04:32:17,096 - INFO - Scraping 6104/6851: https://www.refurbed.de/p/samsung-galaxy-tab-active5-x306b/
2025-11-30 04:32:18,504 - INFO - Scraping 6105/6851: https://www.refurbed.de/p/samsung-galaxy-tab-e-t377/
2025-11-30 04:32:20,106 - INFO - Scraping 6106/6851: https://www.refurbed.de/p/samsung-galaxy-tab-e-t561/
2025-11-30 04:32:21,509 - INFO - Scraping 6107/6851: https://www.refurbed.de/p/samsung-galaxy-tab-pro-10-1/
2025-11-30 04:32:22,904 - INFO - Scraping 6108/6851: https://www.refurbed.de/p/samsung-galaxy-tab-pro-12-2/
2025-11-30 04:32:24,353 - INFO - Scraping 6109/6851: https://www.refurbed.de/p/samsung-galaxy-tab-pro-8-4-2014/
2025-11-30 04:32:25,780 - INFO - Scraping 6110/6851: https://www.refurbed.de/p/samsung-galaxy-tab-pro-t525/
2025-11-30 04:32:27,256 - INFO - Scraping 6111/6851: https://www.refurbed.de/p/samsung-galaxy-tab-s-10-5/
2025-11-30 04:32:28,650 - INFO - Scraping 6112/6851: https://www.refurbed.de/p/samsung-galaxy-tab-s-8-4/
2025-11-30 04:32:30,051 - INFO - Scraping 6113/6851: https://www.refurbed.de/p/samsung-galaxy-tab-s10-fe-x520/
2025-11-30 04:32:31,603 - INFO - Scraping 6114/6851: https://www.refurbed.de/p/samsung-galaxy-tab-s10-fe-x526/
2025-11-30 04:32:33,120 - INFO - Scraping 6115/6851: https://www.refurbed.de/p/samsung-galaxy-tab-s10-x920/
2025-11-30 04:32:34,701 - INFO - Scraping 6116/6851: https://www.refurbed.de/p/samsung-galaxy-tab-s10-x926/
2025-11-30 04:32:36,086 - INFO - Scraping 6117/6851: https://www.refurbed.de/p/samsung-galaxy-tab-s10p-x820/
2025-11-30 04:32:37,597 - INFO - Scraping 6118/6851: https://www.refurbed.de/p/samsung-galaxy-tab-s10p-x826/
2025-11-30 04:32:39,097 - INFO - Scraping 6119/6851: https://www.refurbed.de/p/samsung-galaxy-tab-s2-9-7/
2025-11-30 04:32:40,725 - INFO - Scraping 6120/6851: https://www.refurbed.de/p/samsung-galaxy-tab-s3/
2025-11-30 04:32:42,419 - INFO - Scraping 6121/6851: https://www.refurbed.de/p/samsung-galaxy-tab-s4-10-5/
2025-11-30 04:32:43,966 - INFO - Scraping 6122/6851: https://www.refurbed.de/p/samsung-galaxy-tab-s5e-10-5/
2025-11-30 04:32:45,481 - INFO - Scraping 6123/6851: https://www.refurbed.de/p/samsung-galaxy-tab-s6-10-5/
2025-11-30 04:32:46,933 - INFO - Scraping 6124/6851: https://www.refurbed.de/p/samsung-galaxy-tab-s6-lite-10-4/
2025-11-30 04:32:48,484 - INFO - Scraping 6125/6851: https://www.refurbed.de/p/samsung-galaxy-tab-s6-lite-2022/
2025-11-30 04:32:50,031 - INFO - Scraping 6126/6851: https://www.refurbed.de/p/samsung-galaxy-tab-s8-plus/
2025-11-30 04:32:51,554 - INFO - Scraping 6127/6851: https://www.refurbed.de/p/samsung-galaxy-tab-s8-ultra/
2025-11-30 04:32:53,334 - INFO - Scraping 6128/6851: https://www.refurbed.de/p/samsung-galaxy-tab-s8/
2025-11-30 04:32:54,882 - INFO - Scraping 6129/6851: https://www.refurbed.de/p/samsung-galaxy-tab-s9-fe-p-x610/
2025-11-30 04:32:56,432 - INFO - Scraping 6130/6851: https://www.refurbed.de/p/samsung-galaxy-tab-s9-fe-p-x616/
2025-11-30 04:32:57,996 - INFO - Scraping 6131/6851: https://www.refurbed.de/p/samsung-galaxy-tab-s9-fe-x510/
2025-11-30 04:32:59,663 - INFO - Scraping 6132/6851: https://www.refurbed.de/p/samsung-galaxy-tab-s9-fe-x516/
2025-11-30 04:33:01,046 - INFO - Scraping 6133/6851: https://www.refurbed.de/p/samsung-galaxy-tab-s9-ultra/
2025-11-30 04:33:02,485 - INFO - Scraping 6134/6851: https://www.refurbed.de/p/samsung-galaxy-tab-s9-x710/
2025-11-30 04:33:03,998 - INFO - Scraping 6135/6851: https://www.refurbed.de/p/samsung-galaxy-tab-s9-x716/
2025-11-30 04:33:05,588 - INFO - Scraping 6136/6851: https://www.refurbed.de/p/samsung-galaxy-tab-s9plus/
2025-11-30 04:33:07,146 - INFO - Scraping 6137/6851: https://www.refurbed.de/p/samsung-galaxy-tabpro-8-4-t320/
2025-11-30 04:33:08,608 - INFO - Scraping 6138/6851: https://www.refurbed.de/p/samsung-galaxy-tabpro-s/
2025-11-30 04:33:08,864 - ERROR - Error fetching https://www.refurbed.de/p/samsung-galaxy-tabpro-s/: 404 Client Error: Not Found for url: https://www.refurbed.de/p/samsung-galaxy-tabpro-s/
2025-11-30 04:33:09,866 - INFO - Scraping 6139/6851: https://www.refurbed.de/p/samsung-galaxy-tabs7-plus-t976b/
2025-11-30 04:33:11,260 - INFO - Scraping 6140/6851: https://www.refurbed.de/p/samsung-galaxy-trend-2-lite/
2025-11-30 04:33:12,756 - INFO - Scraping 6141/6851: https://www.refurbed.de/p/samsung-galaxy-trend-lite/
2025-11-30 04:33:14,427 - INFO - Scraping 6142/6851: https://www.refurbed.de/p/samsung-galaxy-view-18-4/
2025-11-30 04:33:15,852 - INFO - Scraping 6143/6851: https://www.refurbed.de/p/samsung-galaxy-z-flip-3-5g/
2025-11-30 04:33:17,415 - INFO - Scraping 6144/6851: https://www.refurbed.de/p/samsung-galaxy-z-flip-3-bespoke/
2025-11-30 04:33:18,818 - INFO - Scraping 6145/6851: https://www.refurbed.de/p/samsung-galaxy-z-flip-5/
2025-11-30 04:33:20,320 - INFO - Scraping 6146/6851: https://www.refurbed.de/p/samsung-galaxy-z-flip-6/
2025-11-30 04:33:21,774 - INFO - Scraping 6147/6851: https://www.refurbed.de/p/samsung-galaxy-z-fold-3-5g/
2025-11-30 04:33:23,503 - INFO - Scraping 6148/6851: https://www.refurbed.de/p/samsung-galaxy-z-fold-4/
2025-11-30 04:33:25,128 - INFO - Scraping 6149/6851: https://www.refurbed.de/p/samsung-galaxy-z-fold-5/
2025-11-30 04:33:27,089 - INFO - Scraping 6150/6851: https://www.refurbed.de/p/samsung-galaxy-z-fold-6/
2025-11-30 04:33:28,741 - INFO - Scraping 6151/6851: https://www.refurbed.de/p/samsung-gb2-pro-13-i5-1240p-13-3/
2025-11-30 04:33:30,274 - INFO - Scraping 6152/6851: https://www.refurbed.de/p/samsung-gb2-pro-13-i7-1260p-13-3/
2025-11-30 04:33:31,682 - INFO - Scraping 6153/6851: https://www.refurbed.de/p/samsung-gb3-ultra-16-i9-13900h/
2025-11-30 04:33:33,502 - INFO - Scraping 6154/6851: https://www.refurbed.de/p/samsung-gb4-edge-x1e-80-100-16/
2025-11-30 04:33:34,914 - INFO - Scraping 6155/6851: https://www.refurbed.de/p/samsung-glx-tab-a-8-2017/
2025-11-30 04:33:36,448 - INFO - Scraping 6156/6851: https://www.refurbed.de/p/samsung-glx-tab-a-8-2018/
2025-11-30 04:33:37,940 - INFO - Scraping 6157/6851: https://www.refurbed.de/p/samsung-glx-tab-a-8-2019/
2025-11-30 04:33:39,733 - INFO - Scraping 6158/6851: https://www.refurbed.de/p/samsung-glx-tab-a8-x200-205/
2025-11-30 04:33:41,258 - INFO - Scraping 6159/6851: https://www.refurbed.de/p/samsung-glxy-12-7200u/
2025-11-30 04:33:41,572 - ERROR - Error fetching https://www.refurbed.de/p/samsung-glxy-12-7200u/: 404 Client Error: Not Found for url: https://www.refurbed.de/p/samsung-glxy-12-7200u/
2025-11-30 04:33:42,574 - INFO - Scraping 6160/6851: https://www.refurbed.de/p/samsung-glxy-bk5-pro-360-7-256v/
2025-11-30 04:33:44,112 - INFO - Scraping 6161/6851: https://www.refurbed.de/p/samsung-glxy-book-flex-1035g4/
2025-11-30 04:33:45,593 - INFO - Scraping 6162/6851: https://www.refurbed.de/p/samsung-glxy-book-flex-i7-1065g7/
2025-11-30 04:33:47,289 - INFO - Scraping 6163/6851: https://www.refurbed.de/p/samsung-glxy-book-flex2-5g-i7/
2025-11-30 04:33:48,836 - INFO - Scraping 6164/6851: https://www.refurbed.de/p/samsung-glxy-book-flex2-5g/
2025-11-30 04:33:50,241 - INFO - Scraping 6165/6851: https://www.refurbed.de/p/samsung-glxy-book-flex2-alpha/
2025-11-30 04:33:50,537 - ERROR - Error fetching https://www.refurbed.de/p/samsung-glxy-book-flex2-alpha/: 404 Client Error: Not Found for url: https://www.refurbed.de/p/samsung-glxy-book-flex2-alpha/
2025-11-30 04:33:51,539 - INFO - Scraping 6166/6851: https://www.refurbed.de/p/samsung-glxy-book-go-sd7c/
2025-11-30 04:33:52,934 - INFO - Scraping 6167/6851: https://www.refurbed.de/p/samsung-glxy-book-pro-1135g7-15/
2025-11-30 04:33:54,435 - INFO - Scraping 6168/6851: https://www.refurbed.de/p/samsung-glxy-book-pro-1135g7/
2025-11-30 04:33:55,833 - INFO - Scraping 6169/6851: https://www.refurbed.de/p/samsung-glxy-book-pro-1165g7-15/
2025-11-30 04:33:57,430 - INFO - Scraping 6170/6851: https://www.refurbed.de/p/samsung-glxy-book-pro-360-1135g7/
2025-11-30 04:33:58,863 - INFO - Scraping 6171/6851: https://www.refurbed.de/p/samsung-glxy-book-pro-360-1165g7/
2025-11-30 04:34:00,326 - INFO - Scraping 6172/6851: https://www.refurbed.de/p/samsung-glxy-book-pro-360-15-i7/
2025-11-30 04:34:01,883 - INFO - Scraping 6173/6851: https://www.refurbed.de/p/samsung-glxy-book-pro-i7-1160g7/
2025-11-30 04:34:03,272 - INFO - Scraping 6174/6851: https://www.refurbed.de/p/samsung-glxy-book-s-w767-8cx/
2025-11-30 04:34:04,668 - INFO - Scraping 6175/6851: https://www.refurbed.de/p/samsung-glxy-buds-pro/
2025-11-30 04:34:06,111 - INFO - Scraping 6176/6851: https://www.refurbed.de/p/samsung-glxy-buds2-pro/
2025-11-30 04:34:07,559 - INFO - Scraping 6177/6851: https://www.refurbed.de/p/samsung-glxy-buds2/
2025-11-30 04:34:09,164 - INFO - Scraping 6178/6851: https://www.refurbed.de/p/samsung-glxy-buds3-pro/
2025-11-30 04:34:10,552 - INFO - Scraping 6179/6851: https://www.refurbed.de/p/samsung-glxy-buds3/
2025-11-30 04:34:12,070 - INFO - Scraping 6180/6851: https://www.refurbed.de/p/samsung-glxy-i3115g4/
2025-11-30 04:34:13,479 - INFO - Scraping 6181/6851: https://www.refurbed.de/p/samsung-glxy-i71165g7/
2025-11-30 04:34:15,145 - INFO - Scraping 6182/6851: https://www.refurbed.de/p/samsung-glxy-j4/
2025-11-30 04:34:16,576 - INFO - Scraping 6183/6851: https://www.refurbed.de/p/samsung-glxy-klappklapp/
2025-11-30 04:34:17,981 - INFO - Scraping 6184/6851: https://www.refurbed.de/p/samsung-glxy-note-20-ultra/
2025-11-30 04:34:19,613 - INFO - Scraping 6185/6851: https://www.refurbed.de/p/samsung-glxy-t-s6-lite-p625-2024/
2025-11-30 04:34:21,086 - INFO - Scraping 6186/6851: https://www.refurbed.de/p/samsung-glxy-tab-2-10-1-p5100/
2025-11-30 04:34:22,529 - INFO - Scraping 6187/6851: https://www.refurbed.de/p/samsung-glxy-tab-4-80/
2025-11-30 04:34:24,003 - INFO - Scraping 6188/6851: https://www.refurbed.de/p/samsung-glxy-tab-a-10-t510t515/
2025-11-30 04:34:25,556 - INFO - Scraping 6189/6851: https://www.refurbed.de/p/samsung-glxy-tab-a6-7/
2025-11-30 04:34:27,093 - INFO - Scraping 6190/6851: https://www.refurbed.de/p/samsung-glxy-tab-e-9-6/
2025-11-30 04:34:28,511 - INFO - Scraping 6191/6851: https://www.refurbed.de/p/samsung-glxy-tab-s10-feplus-x626/
2025-11-30 04:34:30,077 - INFO - Scraping 6192/6851: https://www.refurbed.de/p/samsung-glxy-tab-s2-8-t713/
2025-11-30 04:34:31,618 - INFO - Scraping 6193/6851: https://www.refurbed.de/p/samsung-glxy-tab-s7-fe-5g/
2025-11-30 04:34:33,156 - INFO - Scraping 6194/6851: https://www.refurbed.de/p/samsung-glxy-tab-s7-fe/
2025-11-30 04:34:34,855 - INFO - Scraping 6195/6851: https://www.refurbed.de/p/samsung-glxy-tab-s7-plus-t970/
2025-11-30 04:34:36,472 - INFO - Scraping 6196/6851: https://www.refurbed.de/p/samsung-glxy-tab-s7-plus-t976/
2025-11-30 04:34:38,031 - INFO - Scraping 6197/6851: https://www.refurbed.de/p/samsung-glxy-tab-s7/
2025-11-30 04:34:39,647 - INFO - Scraping 6198/6851: https://www.refurbed.de/p/samsung-glxy-z-flip-3-5g/
2025-11-30 04:34:41,294 - INFO - Scraping 6199/6851: https://www.refurbed.de/p/samsung-glxy-z-flip-4-5g/
2025-11-30 04:34:43,069 - INFO - Scraping 6200/6851: https://www.refurbed.de/p/samsung-glxy-z-flip-4-bespoke/
2025-11-30 04:34:44,645 - INFO - Scraping 6201/6851: https://www.refurbed.de/p/samsung-glxy-z-flip-4g/
2025-11-30 04:34:46,160 - INFO - Scraping 6202/6851: https://www.refurbed.de/p/samsung-glxy-z-flip-5g/
2025-11-30 04:34:47,615 - INFO - Scraping 6203/6851: https://www.refurbed.de/p/samsung-glxy-z-flip4-5g/
2025-11-30 04:34:49,292 - INFO - Scraping 6204/6851: https://www.refurbed.de/p/samsung-glxy-z-fold-2-5g/
2025-11-30 04:34:50,984 - INFO - Scraping 6205/6851: https://www.refurbed.de/p/samsung-gq-55q70b-55/
2025-11-30 04:34:52,399 - INFO - Scraping 6206/6851: https://www.refurbed.de/p/samsung-gq43qn90c/
2025-11-30 04:34:53,843 - INFO - Scraping 6207/6851: https://www.refurbed.de/p/samsung-gq43qn90d/
2025-11-30 04:34:55,234 - INFO - Scraping 6208/6851: https://www.refurbed.de/p/samsung-gq49q80t-49/
2025-11-30 04:34:56,642 - INFO - Scraping 6209/6851: https://www.refurbed.de/p/samsung-gq50q60d/
2025-11-30 04:34:58,101 - INFO - Scraping 6210/6851: https://www.refurbed.de/p/samsung-gq50q80d/
2025-11-30 04:34:59,513 - INFO - Scraping 6211/6851: https://www.refurbed.de/p/samsung-gq50qe1d/
2025-11-30 04:35:01,158 - INFO - Scraping 6212/6851: https://www.refurbed.de/p/samsung-gq50qn90c/
2025-11-30 04:35:02,580 - INFO - Scraping 6213/6851: https://www.refurbed.de/p/samsung-gq50qn90d/
2025-11-30 04:35:04,194 - INFO - Scraping 6214/6851: https://www.refurbed.de/p/samsung-gq50qn94c/
2025-11-30 04:35:05,592 - INFO - Scraping 6215/6851: https://www.refurbed.de/p/samsung-gq55ls03t-55/
2025-11-30 04:35:07,035 - INFO - Scraping 6216/6851: https://www.refurbed.de/p/samsung-gq55q60d/
2025-11-30 04:35:08,651 - INFO - Scraping 6217/6851: https://www.refurbed.de/p/samsung-gq55q72b/
2025-11-30 04:35:10,330 - INFO - Scraping 6218/6851: https://www.refurbed.de/p/samsung-gq55q80c/
2025-11-30 04:35:11,753 - INFO - Scraping 6219/6851: https://www.refurbed.de/p/samsung-gq55qe1d/
2025-11-30 04:35:13,150 - INFO - Scraping 6220/6851: https://www.refurbed.de/p/samsung-gq55qn700c/
2025-11-30 04:35:14,750 - INFO - Scraping 6221/6851: https://www.refurbed.de/p/samsung-gq55qn90d/
2025-11-30 04:35:16,224 - INFO - Scraping 6222/6851: https://www.refurbed.de/p/samsung-gq55qn92b/
2025-11-30 04:35:17,699 - INFO - Scraping 6223/6851: https://www.refurbed.de/p/samsung-gq55qn95a/
2025-11-30 04:35:19,090 - INFO - Scraping 6224/6851: https://www.refurbed.de/p/samsung-gq55qn95b/
2025-11-30 04:35:20,559 - INFO - Scraping 6225/6851: https://www.refurbed.de/p/samsung-gq55qnx1d/
2025-11-30 04:35:21,972 - INFO - Scraping 6226/6851: https://www.refurbed.de/p/samsung-gq55s85d/
2025-11-30 04:35:23,365 - INFO - Scraping 6227/6851: https://www.refurbed.de/p/samsung-gq55s90c/
2025-11-30 04:35:24,880 - INFO - Scraping 6228/6851: https://www.refurbed.de/p/samsung-gq55s90d/
2025-11-30 04:35:26,291 - INFO - Scraping 6229/6851: https://www.refurbed.de/p/samsung-gq55s93c/
2025-11-30 04:35:27,793 - INFO - Scraping 6230/6851: https://www.refurbed.de/p/samsung-gq55s94d/
2025-11-30 04:35:29,188 - INFO - Scraping 6231/6851: https://www.refurbed.de/p/samsung-gq55s95c/
2025-11-30 04:35:30,629 - INFO - Scraping 6232/6851: https://www.refurbed.de/p/samsung-gq55s95d/
2025-11-30 04:35:32,068 - INFO - Scraping 6233/6851: https://www.refurbed.de/p/samsung-gq65q72d/
2025-11-30 04:35:33,457 - INFO - Scraping 6234/6851: https://www.refurbed.de/p/samsung-gq65qe1d/
2025-11-30 04:35:34,972 - INFO - Scraping 6235/6851: https://www.refurbed.de/p/samsung-gq65qn700c/
2025-11-30 04:35:36,371 - INFO - Scraping 6236/6851: https://www.refurbed.de/p/samsung-gq65qn800c/
2025-11-30 04:35:37,811 - INFO - Scraping 6237/6851: https://www.refurbed.de/p/samsung-gq65qn85a-65/
2025-11-30 04:35:39,437 - INFO - Scraping 6238/6851: https://www.refurbed.de/p/samsung-gq65qn85d/
2025-11-30 04:35:41,043 - INFO - Scraping 6239/6851: https://www.refurbed.de/p/samsung-gq65qn95c/
2025-11-30 04:35:42,463 - INFO - Scraping 6240/6851: https://www.refurbed.de/p/samsung-gq65qnx1d/
2025-11-30 04:35:43,863 - INFO - Scraping 6241/6851: https://www.refurbed.de/p/samsung-gq65s90d/
2025-11-30 04:35:45,263 - INFO - Scraping 6242/6851: https://www.refurbed.de/p/samsung-gq65s95c/
2025-11-30 04:35:47,021 - INFO - Scraping 6243/6851: https://www.refurbed.de/p/samsung-gq65s95d/
2025-11-30 04:35:48,622 - INFO - Scraping 6244/6851: https://www.refurbed.de/p/samsung-gq75q60d/
2025-11-30 04:35:50,119 - INFO - Scraping 6245/6851: https://www.refurbed.de/p/samsung-gq75q64c/
2025-11-30 04:35:51,511 - INFO - Scraping 6246/6851: https://www.refurbed.de/p/samsung-gq75q73d/
2025-11-30 04:35:53,104 - INFO - Scraping 6247/6851: https://www.refurbed.de/p/samsung-gq75qe1d/
2025-11-30 04:35:54,711 - INFO - Scraping 6248/6851: https://www.refurbed.de/p/samsung-gq75qn800c/
2025-11-30 04:35:56,170 - INFO - Scraping 6249/6851: https://www.refurbed.de/p/samsung-gq75qn85c/
2025-11-30 04:35:57,604 - INFO - Scraping 6250/6851: https://www.refurbed.de/p/samsung-gq75qn95/
2025-11-30 04:35:59,214 - INFO - Scraping 6251/6851: https://www.refurbed.de/p/samsung-gq75qn95c/
2025-11-30 04:36:00,662 - INFO - Scraping 6252/6851: https://www.refurbed.de/p/samsung-gq77s94d/
2025-11-30 04:36:02,103 - INFO - Scraping 6253/6851: https://www.refurbed.de/p/samsung-gq77s95c/
2025-11-30 04:36:03,796 - INFO - Scraping 6254/6851: https://www.refurbed.de/p/samsung-gq77s95d/
2025-11-30 04:36:05,210 - INFO - Scraping 6255/6851: https://www.refurbed.de/p/samsung-gq85q70d/
2025-11-30 04:36:06,613 - INFO - Scraping 6256/6851: https://www.refurbed.de/p/samsung-gq85qn900a/
2025-11-30 04:36:08,137 - INFO - Scraping 6257/6851: https://www.refurbed.de/p/samsung-gq85qn95b/
2025-11-30 04:36:09,572 - INFO - Scraping 6258/6851: https://www.refurbed.de/p/samsung-gq98q80c-98/
2025-11-30 04:36:11,027 - INFO - Scraping 6259/6851: https://www.refurbed.de/p/samsung-gq98qn90a/
2025-11-30 04:36:12,417 - INFO - Scraping 6260/6851: https://www.refurbed.de/p/samsung-gu43cu8579/
2025-11-30 04:36:13,860 - INFO - Scraping 6261/6851: https://www.refurbed.de/p/samsung-gu43du7170/
2025-11-30 04:36:15,259 - INFO - Scraping 6262/6851: https://www.refurbed.de/p/samsung-gu43du7179/
2025-11-30 04:36:16,857 - INFO - Scraping 6263/6851: https://www.refurbed.de/p/samsung-gu43tu6979/
2025-11-30 04:36:18,308 - INFO - Scraping 6264/6851: https://www.refurbed.de/p/samsung-gu50du7179/
2025-11-30 04:36:19,882 - INFO - Scraping 6265/6851: https://www.refurbed.de/p/samsung-gu55cu8079/
2025-11-30 04:36:21,505 - INFO - Scraping 6266/6851: https://www.refurbed.de/p/samsung-gu55du7170/
2025-11-30 04:36:22,921 - INFO - Scraping 6267/6851: https://www.refurbed.de/p/samsung-gu55du7179/
2025-11-30 04:36:24,337 - INFO - Scraping 6268/6851: https://www.refurbed.de/p/samsung-gu55du8079/
2025-11-30 04:36:25,775 - INFO - Scraping 6269/6851: https://www.refurbed.de/p/samsung-gu60au7199-60/
2025-11-30 04:36:27,240 - INFO - Scraping 6270/6851: https://www.refurbed.de/p/samsung-gu60du7179/
2025-11-30 04:36:28,698 - INFO - Scraping 6271/6851: https://www.refurbed.de/p/samsung-gu65bu8079/
2025-11-30 04:36:30,104 - INFO - Scraping 6272/6851: https://www.refurbed.de/p/samsung-gu75au7199-75/
2025-11-30 04:36:31,560 - INFO - Scraping 6273/6851: https://www.refurbed.de/p/samsung-hg32cf800/
2025-11-30 04:36:33,051 - INFO - Scraping 6274/6851: https://www.refurbed.de/p/samsung-hg32ej690we/
2025-11-30 04:36:34,477 - INFO - Scraping 6275/6851: https://www.refurbed.de/p/samsung-hg32t5300-32/
2025-11-30 04:36:36,035 - INFO - Scraping 6276/6851: https://www.refurbed.de/p/samsung-hg43au800/
2025-11-30 04:36:37,436 - INFO - Scraping 6277/6851: https://www.refurbed.de/p/samsung-hg43bu800/
2025-11-30 04:36:39,166 - INFO - Scraping 6278/6851: https://www.refurbed.de/p/samsung-hg43ef690db/
2025-11-30 04:36:40,612 - INFO - Scraping 6279/6851: https://www.refurbed.de/p/samsung-hg50au800/
2025-11-30 04:36:42,057 - INFO - Scraping 6280/6851: https://www.refurbed.de/p/samsung-hg55bu800-55/
2025-11-30 04:36:43,447 - INFO - Scraping 6281/6851: https://www.refurbed.de/p/samsung-hrm-ur55-28/
2025-11-30 04:36:44,945 - INFO - Scraping 6282/6851: https://www.refurbed.de/p/samsung-hw-b450-soundbar/
2025-11-30 04:36:46,380 - INFO - Scraping 6283/6851: https://www.refurbed.de/p/samsung-hw-b540-soundbar/
2025-11-30 04:36:47,805 - INFO - Scraping 6284/6851: https://www.refurbed.de/p/samsung-hw-b550-soundbar/
2025-11-30 04:36:49,504 - INFO - Scraping 6285/6851: https://www.refurbed.de/p/samsung-hw-b560-soundbar/
2025-11-30 04:36:50,911 - INFO - Scraping 6286/6851: https://www.refurbed.de/p/samsung-hw-c410g-soundbar/
2025-11-30 04:36:52,313 - INFO - Scraping 6287/6851: https://www.refurbed.de/p/samsung-hw-c440g-soundbar/
2025-11-30 04:36:53,707 - INFO - Scraping 6288/6851: https://www.refurbed.de/p/samsung-hw-q600a-soundbar/
2025-11-30 04:36:55,415 - INFO - Scraping 6289/6851: https://www.refurbed.de/p/samsung-hw-q600c-soundbar/
2025-11-30 04:36:56,846 - INFO - Scraping 6290/6851: https://www.refurbed.de/p/samsung-hw-q610gc-soundbar/
2025-11-30 04:36:58,286 - INFO - Scraping 6291/6851: https://www.refurbed.de/p/samsung-hw-q710gc-soundbar/
2025-11-30 04:36:59,676 - INFO - Scraping 6292/6851: https://www.refurbed.de/p/samsung-hw-q800a-soundbar/
2025-11-30 04:37:01,093 - INFO - Scraping 6293/6851: https://www.refurbed.de/p/samsung-hw-q800c-soundbar/
2025-11-30 04:37:02,542 - INFO - Scraping 6294/6851: https://www.refurbed.de/p/samsung-hw-q935gc-soundbar/
2025-11-30 04:37:03,935 - INFO - Scraping 6295/6851: https://www.refurbed.de/p/samsung-hw-q935gd-soundbar/
2025-11-30 04:37:05,426 - INFO - Scraping 6296/6851: https://www.refurbed.de/p/samsung-hw-q950t-soundbar/
2025-11-30 04:37:06,907 - INFO - Scraping 6297/6851: https://www.refurbed.de/p/samsung-hw-q990b-soundbar/
2025-11-30 04:37:08,327 - INFO - Scraping 6298/6851: https://www.refurbed.de/p/samsung-hw-q990c-soundbar/
2025-11-30 04:37:09,760 - INFO - Scraping 6299/6851: https://www.refurbed.de/p/samsung-hw-q995gc-soundbar/
2025-11-30 04:37:11,166 - INFO - Scraping 6300/6851: https://www.refurbed.de/p/samsung-hw-s50b-soundbar/
2025-11-30 04:37:12,643 - INFO - Scraping 6301/6851: https://www.refurbed.de/p/samsung-hw-s56b-soundbar/
2025-11-30 04:37:14,053 - INFO - Scraping 6302/6851: https://www.refurbed.de/p/samsung-hw-s60a-soundbar/
2025-11-30 04:37:15,443 - INFO - Scraping 6303/6851: https://www.refurbed.de/p/samsung-hw-s60b-soundbar/
2025-11-30 04:37:16,868 - INFO - Scraping 6304/6851: https://www.refurbed.de/p/samsung-hw-s60t-4-0-soundbar/
2025-11-30 04:37:18,259 - INFO - Scraping 6305/6851: https://www.refurbed.de/p/samsung-hw-s61a-soundbar/
2025-11-30 04:37:19,749 - INFO - Scraping 6306/6851: https://www.refurbed.de/p/samsung-hw-s66b-soundbar/
2025-11-30 04:37:21,134 - INFO - Scraping 6307/6851: https://www.refurbed.de/p/samsung-hw-s67b-soundbar/
2025-11-30 04:37:22,556 - INFO - Scraping 6308/6851: https://www.refurbed.de/p/samsung-hw-s800b-soundbar/
2025-11-30 04:37:24,026 - INFO - Scraping 6309/6851: https://www.refurbed.de/p/samsung-hw-s801b-soundbar/
2025-11-30 04:37:25,429 - INFO - Scraping 6310/6851: https://www.refurbed.de/p/samsung-hw-s810b-soundbar/
2025-11-30 04:37:26,949 - INFO - Scraping 6311/6851: https://www.refurbed.de/p/samsung-hw-s810gd-soundbar/
2025-11-30 04:37:28,354 - INFO - Scraping 6312/6851: https://www.refurbed.de/p/samsung-hw-s811b-soundbar/
2025-11-30 04:37:30,056 - INFO - Scraping 6313/6851: https://www.refurbed.de/p/samsung-hw-t400-soundbar/
2025-11-30 04:37:31,468 - INFO - Scraping 6314/6851: https://www.refurbed.de/p/samsung-i9301i-galaxy-s3-neo/
2025-11-30 04:37:32,863 - INFO - Scraping 6315/6851: https://www.refurbed.de/p/samsung-jet-60-pet/
2025-11-30 04:37:34,307 - INFO - Scraping 6316/6851: https://www.refurbed.de/p/samsung-jet-70-complete/
2025-11-30 04:37:35,739 - INFO - Scraping 6317/6851: https://www.refurbed.de/p/samsung-jet-70-pet/
2025-11-30 04:37:37,470 - INFO - Scraping 6318/6851: https://www.refurbed.de/p/samsung-jet-70-turbo/
2025-11-30 04:37:38,872 - INFO - Scraping 6319/6851: https://www.refurbed.de/p/samsung-jet-75-complete/
2025-11-30 04:37:40,310 - INFO - Scraping 6320/6851: https://www.refurbed.de/p/samsung-jet-75-pet/
2025-11-30 04:37:41,886 - INFO - Scraping 6321/6851: https://www.refurbed.de/p/samsung-jet-75e-complete/
2025-11-30 04:37:43,266 - INFO - Scraping 6322/6851: https://www.refurbed.de/p/samsung-jet-75e-petpro/
2025-11-30 04:37:44,648 - INFO - Scraping 6323/6851: https://www.refurbed.de/p/samsung-jet-85-petpro/
2025-11-30 04:37:46,050 - INFO - Scraping 6324/6851: https://www.refurbed.de/p/samsung-jet-85-wet-clean/
2025-11-30 04:37:47,444 - INFO - Scraping 6325/6851: https://www.refurbed.de/p/samsung-jet-95-akku-plus-petpro/
2025-11-30 04:37:49,057 - INFO - Scraping 6326/6851: https://www.refurbed.de/p/samsung-jet-95-complete-clean/
2025-11-30 04:37:50,458 - INFO - Scraping 6327/6851: https://www.refurbed.de/p/samsung-jet-95-premium/
2025-11-30 04:37:51,865 - INFO - Scraping 6328/6851: https://www.refurbed.de/p/samsung-jet-bot-plus/
2025-11-30 04:37:53,255 - INFO - Scraping 6329/6851: https://www.refurbed.de/p/samsung-jet85-completeclean-plus/
2025-11-30 04:37:54,722 - INFO - Scraping 6330/6851: https://www.refurbed.de/p/samsung-lc27r500fhuxen/
2025-11-30 04:37:56,180 - INFO - Scraping 6331/6851: https://www.refurbed.de/p/samsung-mc28m6035cs/
2025-11-30 04:37:57,827 - INFO - Scraping 6332/6851: https://www.refurbed.de/p/samsung-mc32j7055ct/
2025-11-30 04:37:59,286 - INFO - Scraping 6333/6851: https://www.refurbed.de/p/samsung-mc35r8088lc/
2025-11-30 04:38:00,681 - INFO - Scraping 6334/6851: https://www.refurbed.de/p/samsung-mg22m8254ak/
2025-11-30 04:38:02,138 - INFO - Scraping 6335/6851: https://www.refurbed.de/p/samsung-mg23b3515ak/
2025-11-30 04:38:03,601 - INFO - Scraping 6336/6851: https://www.refurbed.de/p/samsung-mg23dg4524age1/
2025-11-30 04:38:05,023 - INFO - Scraping 6337/6851: https://www.refurbed.de/p/samsung-mg23dg4524cge1/
2025-11-30 04:38:06,492 - INFO - Scraping 6338/6851: https://www.refurbed.de/p/samsung-mg23k3515aw/
2025-11-30 04:38:08,115 - INFO - Scraping 6339/6851: https://www.refurbed.de/p/samsung-mg23k3614aw/
2025-11-30 04:38:10,212 - INFO - Scraping 6340/6851: https://www.refurbed.de/p/samsung-mg23t5018gc/
2025-11-30 04:38:11,989 - INFO - Scraping 6341/6851: https://www.refurbed.de/p/samsung-mg23t5018ge/
2025-11-30 04:38:13,608 - INFO - Scraping 6342/6851: https://www.refurbed.de/p/samsung-mg30t5018ak/
2025-11-30 04:38:15,211 - INFO - Scraping 6343/6851: https://www.refurbed.de/p/samsung-ml-3310nd/
2025-11-30 04:38:16,593 - INFO - Scraping 6344/6851: https://www.refurbed.de/p/samsung-ml-5010nd/
2025-11-30 04:38:18,490 - INFO - Scraping 6345/6851: https://www.refurbed.de/p/samsung-ms20a3010al/
2025-11-30 04:38:19,907 - INFO - Scraping 6346/6851: https://www.refurbed.de/p/samsung-ms22m8074at/
2025-11-30 04:38:21,376 - INFO - Scraping 6347/6851: https://www.refurbed.de/p/samsung-ms23b3515as/
2025-11-30 04:38:22,844 - INFO - Scraping 6348/6851: https://www.refurbed.de/p/samsung-multiport-adap-ee-p5400/
2025-11-30 04:38:24,278 - INFO - Scraping 6349/6851: https://www.refurbed.de/p/samsung-multixpress-p77760z/
2025-11-30 04:38:25,716 - INFO - Scraping 6350/6851: https://www.refurbed.de/p/samsung-multixpress-scx-8123na/
2025-11-30 04:38:27,098 - INFO - Scraping 6351/6851: https://www.refurbed.de/p/samsung-multixpress-sl-k4350lx/
2025-11-30 04:38:28,531 - INFO - Scraping 6352/6851: https://www.refurbed.de/p/samsung-multixpress-sl-k7500lx/
2025-11-30 04:38:29,979 - INFO - Scraping 6353/6851: https://www.refurbed.de/p/samsung-multixpress-sl-x4250lx/
2025-11-30 04:38:31,364 - INFO - Scraping 6354/6851: https://www.refurbed.de/p/samsung-multixpress-sl-x7500lx/
2025-11-30 04:38:32,909 - INFO - Scraping 6355/6851: https://www.refurbed.de/p/samsung-multixpress-x4300lx/
2025-11-30 04:38:34,317 - INFO - Scraping 6356/6851: https://www.refurbed.de/p/samsung-multixpress-x7600lx/
2025-11-30 04:38:35,842 - INFO - Scraping 6357/6851: https://www.refurbed.de/p/samsung-music-frame-ls60d/
2025-11-30 04:38:37,286 - INFO - Scraping 6358/6851: https://www.refurbed.de/p/samsung-nk24n9804vb/
2025-11-30 04:38:38,760 - INFO - Scraping 6359/6851: https://www.refurbed.de/p/samsung-notebook-plus2-6305-15-6/
2025-11-30 04:38:40,316 - INFO - Scraping 6360/6851: https://www.refurbed.de/p/samsung-nz64k7757bk/
2025-11-30 04:38:41,717 - INFO - Scraping 6361/6851: https://www.refurbed.de/p/samsung-nz84t7nc6rk/
2025-11-30 04:38:43,153 - INFO - Scraping 6362/6851: https://www.refurbed.de/p/samsung-nz84t9747vk/
2025-11-30 04:38:44,614 - INFO - Scraping 6363/6851: https://www.refurbed.de/p/samsung-odyssey-g3-g32a-24/
2025-11-30 04:38:46,104 - INFO - Scraping 6364/6851: https://www.refurbed.de/p/samsung-odyssey-g3-g32a-27/
2025-11-30 04:38:47,497 - INFO - Scraping 6365/6851: https://www.refurbed.de/p/samsung-odyssey-g3-g32a-31-5/
2025-11-30 04:38:48,944 - INFO - Scraping 6366/6851: https://www.refurbed.de/p/samsung-odyssey-g3-g3a-2021-27/
2025-11-30 04:38:50,526 - INFO - Scraping 6367/6851: https://www.refurbed.de/p/samsung-odyssey-g5-g50a-2023/
2025-11-30 04:38:51,945 - INFO - Scraping 6368/6851: https://www.refurbed.de/p/samsung-odyssey-g5-g50d-2024-32/
2025-11-30 04:38:53,330 - INFO - Scraping 6369/6851: https://www.refurbed.de/p/samsung-odyssey-g5-g50d-2024/
2025-11-30 04:38:54,872 - INFO - Scraping 6370/6851: https://www.refurbed.de/p/samsung-odyssey-g5-g55a-2023-27/
2025-11-30 04:38:56,358 - INFO - Scraping 6371/6851: https://www.refurbed.de/p/samsung-odyssey-g5-g55c-2024-27/
2025-11-30 04:38:57,798 - INFO - Scraping 6372/6851: https://www.refurbed.de/p/samsung-odyssey-g5-g55t-2022/
2025-11-30 04:38:59,285 - INFO - Scraping 6373/6851: https://www.refurbed.de/p/samsung-odyssey-g5-g55t-31-5/
2025-11-30 04:39:00,702 - INFO - Scraping 6374/6851: https://www.refurbed.de/p/samsung-odyssey-g7-g70b-32/
2025-11-30 04:39:02,216 - INFO - Scraping 6375/6851: https://www.refurbed.de/p/samsung-odyssey-g9-g95c/
2025-11-30 04:39:03,633 - INFO - Scraping 6376/6851: https://www.refurbed.de/p/samsung-odyssey-g9-g95t-2021/
2025-11-30 04:39:05,094 - INFO - Scraping 6377/6851: https://www.refurbed.de/p/samsung-odyssey-g9-g95t/
2025-11-30 04:39:06,581 - INFO - Scraping 6378/6851: https://www.refurbed.de/p/samsung-odyssey-n-g7-g75nb-2023/
2025-11-30 04:39:08,183 - INFO - Scraping 6379/6851: https://www.refurbed.de/p/samsung-odyssey-n-g7-g75nb/
2025-11-30 04:39:09,581 - INFO - Scraping 6380/6851: https://www.refurbed.de/p/samsung-odyssey-neo-g6-g65b/
2025-11-30 04:39:11,032 - INFO - Scraping 6381/6851: https://www.refurbed.de/p/samsung-odyssey-neo-g9-g95na/
2025-11-30 04:39:12,436 - INFO - Scraping 6382/6851: https://www.refurbed.de/p/samsung-odyssey-neo-g9-g95nc/
2025-11-30 04:39:13,825 - INFO - Scraping 6383/6851: https://www.refurbed.de/p/samsung-odyssey-oled-g9-g93sc/
2025-11-30 04:39:15,253 - INFO - Scraping 6384/6851: https://www.refurbed.de/p/samsung-odyssey-oled-g9-g95sc/
2025-11-30 04:39:16,696 - INFO - Scraping 6385/6851: https://www.refurbed.de/p/samsung-odysseyg5-g55c-2024-31-5/
2025-11-30 04:39:18,092 - INFO - Scraping 6386/6851: https://www.refurbed.de/p/samsung-oh55f/
2025-11-30 04:39:19,584 - INFO - Scraping 6387/6851: https://www.refurbed.de/p/samsung-om46n/
2025-11-30 04:39:21,087 - INFO - Scraping 6388/6851: https://www.refurbed.de/p/samsung-om75r/
2025-11-30 04:39:22,600 - INFO - Scraping 6389/6851: https://www.refurbed.de/p/samsung-pl170/
2025-11-30 04:39:23,993 - INFO - Scraping 6390/6851: https://www.refurbed.de/p/samsung-portable-ssd-t5/
2025-11-30 04:39:25,404 - INFO - Scraping 6391/6851: https://www.refurbed.de/p/samsung-premiere-4k-lsp7t-laser/
2025-11-30 04:39:26,852 - INFO - Scraping 6392/6851: https://www.refurbed.de/p/samsung-proxpress-m3820nd-xeg/
2025-11-30 04:39:28,333 - INFO - Scraping 6393/6851: https://www.refurbed.de/p/samsung-proxpress-m4020nd/
2025-11-30 04:39:29,950 - INFO - Scraping 6394/6851: https://www.refurbed.de/p/samsung-qb65c-65/
2025-11-30 04:39:31,367 - INFO - Scraping 6395/6851: https://www.refurbed.de/p/samsung-qb75r/
2025-11-30 04:39:32,802 - INFO - Scraping 6396/6851: https://www.refurbed.de/p/samsung-qh55r-54-6/
2025-11-30 04:39:34,224 - INFO - Scraping 6397/6851: https://www.refurbed.de/p/samsung-qled-qe43q60c-43/
2025-11-30 04:39:35,715 - INFO - Scraping 6398/6851: https://www.refurbed.de/p/samsung-qled-qe50q60c-50/
2025-11-30 04:39:37,223 - INFO - Scraping 6399/6851: https://www.refurbed.de/p/samsung-qm43n/
2025-11-30 04:39:38,620 - INFO - Scraping 6400/6851: https://www.refurbed.de/p/samsung-qm43r-t/
2025-11-30 04:39:40,095 - INFO - Scraping 6401/6851: https://www.refurbed.de/p/samsung-qm43r/
2025-11-30 04:39:41,481 - INFO - Scraping 6402/6851: https://www.refurbed.de/p/samsung-qm49n/
2025-11-30 04:39:43,255 - INFO - Scraping 6403/6851: https://www.refurbed.de/p/samsung-qm65n/
2025-11-30 04:39:44,679 - INFO - Scraping 6404/6851: https://www.refurbed.de/p/samsung-qm85f/
2025-11-30 04:39:46,102 - INFO - Scraping 6405/6851: https://www.refurbed.de/p/samsung-s-pen-fold-edition/
2025-11-30 04:39:47,552 - INFO - Scraping 6406/6851: https://www.refurbed.de/p/samsung-s-pen/
2025-11-30 04:39:49,019 - INFO - Scraping 6407/6851: https://www.refurbed.de/p/samsung-s22c200b/
2025-11-30 04:39:50,524 - INFO - Scraping 6408/6851: https://www.refurbed.de/p/samsung-s22c350h/
2025-11-30 04:39:51,991 - INFO - Scraping 6409/6851: https://www.refurbed.de/p/samsung-s22c450bw/
2025-11-30 04:39:53,568 - INFO - Scraping 6410/6851: https://www.refurbed.de/p/samsung-s22c450m/
2025-11-30 04:39:55,207 - INFO - Scraping 6411/6851: https://www.refurbed.de/p/samsung-s22c450mw/
2025-11-30 04:39:56,649 - INFO - Scraping 6412/6851: https://www.refurbed.de/p/samsung-s22d300hy-21-5/
2025-11-30 04:39:58,039 - INFO - Scraping 6413/6851: https://www.refurbed.de/p/samsung-s22e450bw/
2025-11-30 04:39:59,510 - INFO - Scraping 6414/6851: https://www.refurbed.de/p/samsung-s22e450f/
2025-11-30 04:40:00,964 - INFO - Scraping 6415/6851: https://www.refurbed.de/p/samsung-s22e450mw-22/
2025-11-30 04:40:02,406 - INFO - Scraping 6416/6851: https://www.refurbed.de/p/samsung-s22e45kmw-22/
2025-11-30 04:40:03,808 - INFO - Scraping 6417/6851: https://www.refurbed.de/p/samsung-s22f350fhd/
2025-11-30 04:40:05,193 - INFO - Scraping 6418/6851: https://www.refurbed.de/p/samsung-s23c650d/
2025-11-30 04:40:06,646 - INFO - Scraping 6419/6851: https://www.refurbed.de/p/samsung-s24a650d-24/
2025-11-30 04:40:08,053 - INFO - Scraping 6420/6851: https://www.refurbed.de/p/samsung-s24c450bl/
2025-11-30 04:40:09,704 - INFO - Scraping 6421/6851: https://www.refurbed.de/p/samsung-s24c450bw/
2025-11-30 04:40:11,214 - INFO - Scraping 6422/6851: https://www.refurbed.de/p/samsung-s24c450m-24/
2025-11-30 04:40:12,739 - INFO - Scraping 6423/6851: https://www.refurbed.de/p/samsung-s24c650bw/
2025-11-30 04:40:14,478 - INFO - Scraping 6424/6851: https://www.refurbed.de/p/samsung-s24c650dw-24/
2025-11-30 04:40:15,914 - INFO - Scraping 6425/6851: https://www.refurbed.de/p/samsung-s24d330h-24/
2025-11-30 04:40:17,292 - INFO - Scraping 6426/6851: https://www.refurbed.de/p/samsung-s24d390hl-23-6/
2025-11-30 04:40:18,793 - INFO - Scraping 6427/6851: https://www.refurbed.de/p/samsung-s24e450/
2025-11-30 04:40:20,677 - INFO - Scraping 6428/6851: https://www.refurbed.de/p/samsung-s24e450b/
2025-11-30 04:40:22,382 - INFO - Scraping 6429/6851: https://www.refurbed.de/p/samsung-s24e450bl/
2025-11-30 04:40:23,787 - INFO - Scraping 6430/6851: https://www.refurbed.de/p/samsung-s24e450d-24/
2025-11-30 04:40:25,216 - INFO - Scraping 6431/6851: https://www.refurbed.de/p/samsung-s24e650bw-24/
2025-11-30 04:40:26,760 - INFO - Scraping 6432/6851: https://www.refurbed.de/p/samsung-s24e650dw-24/
2025-11-30 04:40:28,336 - INFO - Scraping 6433/6851: https://www.refurbed.de/p/samsung-s24e650pl-23-6/
2025-11-30 04:40:29,992 - INFO - Scraping 6434/6851: https://www.refurbed.de/p/samsung-s24e650xw-24/
2025-11-30 04:40:31,594 - INFO - Scraping 6435/6851: https://www.refurbed.de/p/samsung-s24e65uxw/
2025-11-30 04:40:32,980 - INFO - Scraping 6436/6851: https://www.refurbed.de/p/samsung-s24f350fhd-24/
2025-11-30 04:40:34,452 - INFO - Scraping 6437/6851: https://www.refurbed.de/p/samsung-s24r650-23-8/
2025-11-30 04:40:35,858 - INFO - Scraping 6438/6851: https://www.refurbed.de/p/samsung-s24r652fdu-24/
2025-11-30 04:40:37,417 - INFO - Scraping 6439/6851: https://www.refurbed.de/p/samsung-s27a650d-27/
2025-11-30 04:40:38,839 - INFO - Scraping 6440/6851: https://www.refurbed.de/p/samsung-s27c650d/
2025-11-30 04:40:40,225 - INFO - Scraping 6441/6851: https://www.refurbed.de/p/samsung-s27d850t/
2025-11-30 04:40:41,624 - INFO - Scraping 6442/6851: https://www.refurbed.de/p/samsung-s27e450b/
2025-11-30 04:40:43,382 - INFO - Scraping 6443/6851: https://www.refurbed.de/p/samsung-s27e650c/
2025-11-30 04:40:44,828 - INFO - Scraping 6444/6851: https://www.refurbed.de/p/samsung-s27f350fhu/
2025-11-30 04:40:46,225 - INFO - Scraping 6445/6851: https://www.refurbed.de/p/samsung-s29e790cn/
2025-11-30 04:40:47,836 - INFO - Scraping 6446/6851: https://www.refurbed.de/p/samsung-s33a-22/
2025-11-30 04:40:49,455 - INFO - Scraping 6447/6851: https://www.refurbed.de/p/samsung-s39c-27/
2025-11-30 04:40:50,922 - INFO - Scraping 6448/6851: https://www.refurbed.de/p/samsung-s5611/
2025-11-30 04:40:52,381 - INFO - Scraping 6449/6851: https://www.refurbed.de/p/samsung-s95ua-2021-49/
2025-11-30 04:40:53,801 - INFO - Scraping 6450/6851: https://www.refurbed.de/p/samsung-s95uc-2024/
2025-11-30 04:40:55,404 - INFO - Scraping 6451/6851: https://www.refurbed.de/p/samsung-sa850-24/
2025-11-30 04:40:56,805 - INFO - Scraping 6452/6851: https://www.refurbed.de/p/samsung-sa850-27/
2025-11-30 04:40:58,400 - INFO - Scraping 6453/6851: https://www.refurbed.de/p/samsung-sb420-24/
2025-11-30 04:40:59,835 - INFO - Scraping 6454/6851: https://www.refurbed.de/p/samsung-sc300-21-5/
2025-11-30 04:41:01,258 - INFO - Scraping 6455/6851: https://www.refurbed.de/p/samsung-sc450-24/
2025-11-30 04:41:03,091 - INFO - Scraping 6456/6851: https://www.refurbed.de/p/samsung-sd300-21-5/
2025-11-30 04:41:04,575 - INFO - Scraping 6457/6851: https://www.refurbed.de/p/samsung-se450-27/
2025-11-30 04:41:06,017 - INFO - Scraping 6458/6851: https://www.refurbed.de/p/samsung-se650-24/
2025-11-30 04:41:07,431 - INFO - Scraping 6459/6851: https://www.refurbed.de/p/samsung-sm-m5-m50d-2024-32/
2025-11-30 04:41:08,917 - INFO - Scraping 6460/6851: https://www.refurbed.de/p/samsung-sm-m7-m70b-32-2022/
2025-11-30 04:41:10,413 - INFO - Scraping 6461/6851: https://www.refurbed.de/p/samsung-sm-m7-m70b-32-2023/
2025-11-30 04:41:11,823 - INFO - Scraping 6462/6851: https://www.refurbed.de/p/samsung-sm-m7-m70d-32-2024/
2025-11-30 04:41:13,434 - INFO - Scraping 6463/6851: https://www.refurbed.de/p/samsung-sm-t825-galaxy-tab-s3-lt/
2025-11-30 04:41:15,035 - INFO - Scraping 6464/6851: https://www.refurbed.de/p/samsung-smart-mntr-m5-m50c-31-5/
2025-11-30 04:41:16,610 - INFO - Scraping 6465/6851: https://www.refurbed.de/p/samsung-smart-monitor-m5-m50b-32/
2025-11-30 04:41:18,010 - INFO - Scraping 6466/6851: https://www.refurbed.de/p/samsung-smart-monitor-m5-m50c/
2025-11-30 04:41:19,399 - INFO - Scraping 6467/6851: https://www.refurbed.de/p/samsung-smart-monitor-m8-m80b-32/
2025-11-30 04:41:21,039 - INFO - Scraping 6468/6851: https://www.refurbed.de/p/samsung-sound-tower-mx-st40b/
2025-11-30 04:41:22,557 - INFO - Scraping 6469/6851: https://www.refurbed.de/p/samsung-sound-tower-mx-st50b/
2025-11-30 04:41:24,048 - INFO - Scraping 6470/6851: https://www.refurbed.de/p/samsung-sound-tower-mx-t50/
2025-11-30 04:41:25,486 - INFO - Scraping 6471/6851: https://www.refurbed.de/p/samsung-sr1fm7030wb/
2025-11-30 04:41:26,925 - INFO - Scraping 6472/6851: https://www.refurbed.de/p/samsung-swa-9200s/
2025-11-30 04:41:28,369 - INFO - Scraping 6473/6851: https://www.refurbed.de/p/samsung-swa-9500s/
2025-11-30 04:41:29,987 - INFO - Scraping 6474/6851: https://www.refurbed.de/p/samsung-syncmaster-2043bw-20/
2025-11-30 04:41:31,409 - INFO - Scraping 6475/6851: https://www.refurbed.de/p/samsung-syncmaster-215tw/
2025-11-30 04:41:32,852 - INFO - Scraping 6476/6851: https://www.refurbed.de/p/samsung-syncmaster-2243bw/
2025-11-30 04:41:34,303 - INFO - Scraping 6477/6851: https://www.refurbed.de/p/samsung-syncmaster-2243qw/
2025-11-30 04:41:35,718 - INFO - Scraping 6478/6851: https://www.refurbed.de/p/samsung-syncmaster-2243wm/
2025-11-30 04:41:37,444 - INFO - Scraping 6479/6851: https://www.refurbed.de/p/samsung-syncmaster-2253bw/
2025-11-30 04:41:38,988 - INFO - Scraping 6480/6851: https://www.refurbed.de/p/samsung-syncmaster-225bw/
2025-11-30 04:41:40,459 - INFO - Scraping 6481/6851: https://www.refurbed.de/p/samsung-syncmaster-226bw/
2025-11-30 04:41:42,008 - INFO - Scraping 6482/6851: https://www.refurbed.de/p/samsung-syncmaster-2443dw/
2025-11-30 04:41:43,451 - INFO - Scraping 6483/6851: https://www.refurbed.de/p/samsung-syncmaster-2494hm/
2025-11-30 04:41:45,154 - INFO - Scraping 6484/6851: https://www.refurbed.de/p/samsung-syncmaster-2494hs/
2025-11-30 04:41:46,599 - INFO - Scraping 6485/6851: https://www.refurbed.de/p/samsung-syncmaster-b2240w/
2025-11-30 04:41:48,017 - INFO - Scraping 6486/6851: https://www.refurbed.de/p/samsung-syncmaster-b2440l/
2025-11-30 04:41:49,462 - INFO - Scraping 6487/6851: https://www.refurbed.de/p/samsung-syncmaster-b2440m/
2025-11-30 04:41:50,884 - INFO - Scraping 6488/6851: https://www.refurbed.de/p/samsung-syncmaster-b2440mh/
2025-11-30 04:41:52,285 - INFO - Scraping 6489/6851: https://www.refurbed.de/p/samsung-syncmaster-bx2231/
2025-11-30 04:41:53,740 - INFO - Scraping 6490/6851: https://www.refurbed.de/p/samsung-syncmaster-bx2240/
2025-11-30 04:41:55,219 - INFO - Scraping 6491/6851: https://www.refurbed.de/p/samsung-syncmaster-bx2240w/
2025-11-30 04:41:56,714 - INFO - Scraping 6492/6851: https://www.refurbed.de/p/samsung-syncmaster-bx2340/
2025-11-30 04:41:58,119 - INFO - Scraping 6493/6851: https://www.refurbed.de/p/samsung-syncmaster-bx2440w/
2025-11-30 04:41:59,532 - INFO - Scraping 6494/6851: https://www.refurbed.de/p/samsung-syncmaster-ex2220/
2025-11-30 04:42:00,960 - INFO - Scraping 6495/6851: https://www.refurbed.de/p/samsung-syncmaster-f2380/
2025-11-30 04:42:02,391 - INFO - Scraping 6496/6851: https://www.refurbed.de/p/samsung-syncmaster-p2250/
2025-11-30 04:42:03,822 - INFO - Scraping 6497/6851: https://www.refurbed.de/p/samsung-syncmaster-s22a450bw-22/
2025-11-30 04:42:05,225 - INFO - Scraping 6498/6851: https://www.refurbed.de/p/samsung-syncmaster-s22a450mw-22/
2025-11-30 04:42:06,762 - INFO - Scraping 6499/6851: https://www.refurbed.de/p/samsung-syncmaster-s22b420bw-22/
2025-11-30 04:42:08,172 - INFO - Scraping 6500/6851: https://www.refurbed.de/p/samsung-syncmaster-s24a450bw/
2025-11-30 04:42:09,742 - INFO - Scraping 6501/6851: https://www.refurbed.de/p/samsung-syncmaster-s24a450mw/
2025-11-30 04:42:11,180 - INFO - Scraping 6502/6851: https://www.refurbed.de/p/samsung-syncmaster-s24a650s/
2025-11-30 04:42:12,592 - INFO - Scraping 6503/6851: https://www.refurbed.de/p/samsung-syncmaster-t240/
2025-11-30 04:42:13,993 - INFO - Scraping 6504/6851: https://www.refurbed.de/p/samsung-t35f-2020-27/
2025-11-30 04:42:15,481 - INFO - Scraping 6505/6851: https://www.refurbed.de/p/samsung-t45f-2021-22/
2025-11-30 04:42:17,145 - INFO - Scraping 6506/6851: https://www.refurbed.de/p/samsung-t45f-24/
2025-11-30 04:42:18,765 - INFO - Scraping 6507/6851: https://www.refurbed.de/p/samsung-t45f-27/
2025-11-30 04:42:20,155 - INFO - Scraping 6508/6851: https://www.refurbed.de/p/samsung-tab-pro-101-t520/
2025-11-30 04:42:21,543 - INFO - Scraping 6509/6851: https://www.refurbed.de/p/samsung-the-frame-2022-gq43ls03b/
2025-11-30 04:42:22,959 - INFO - Scraping 6510/6851: https://www.refurbed.de/p/samsung-the-frame-2022-qe55ls03b/
2025-11-30 04:42:24,589 - INFO - Scraping 6511/6851: https://www.refurbed.de/p/samsung-the-frame-2024-gq55ls03d/
2025-11-30 04:42:26,012 - INFO - Scraping 6512/6851: https://www.refurbed.de/p/samsung-the-frame-2024-gq65ls03d/
2025-11-30 04:42:27,404 - INFO - Scraping 6513/6851: https://www.refurbed.de/p/samsung-the-frame-2024-gq75ls03d/
2025-11-30 04:42:28,792 - INFO - Scraping 6514/6851: https://www.refurbed.de/p/samsung-the-frame-gq55ls03bgu/
2025-11-30 04:42:30,269 - INFO - Scraping 6515/6851: https://www.refurbed.de/p/samsung-the-frame-gq65ls03bgu/
2025-11-30 04:42:31,728 - INFO - Scraping 6516/6851: https://www.refurbed.de/p/samsung-the-serif-gq50ls01da/
2025-11-30 04:42:33,129 - INFO - Scraping 6517/6851: https://www.refurbed.de/p/samsung-u32h850umu/
2025-11-30 04:42:34,591 - INFO - Scraping 6518/6851: https://www.refurbed.de/p/samsung-ue55h8080sq-55/
2025-11-30 04:42:35,987 - INFO - Scraping 6519/6851: https://www.refurbed.de/p/samsung-ue65au7192-65/
2025-11-30 04:42:37,418 - INFO - Scraping 6520/6851: https://www.refurbed.de/p/samsung-ue75au7192-75/
2025-11-30 04:42:38,830 - INFO - Scraping 6521/6851: https://www.refurbed.de/p/samsung-ue75au8002/
2025-11-30 04:42:40,327 - INFO - Scraping 6522/6851: https://www.refurbed.de/p/samsung-ue82s9waq-82/
2025-11-30 04:42:41,917 - INFO - Scraping 6523/6851: https://www.refurbed.de/p/samsung-um55h-e/
2025-11-30 04:42:43,398 - INFO - Scraping 6524/6851: https://www.refurbed.de/p/samsung-vf-s7-s70a-2023-26-9/
2025-11-30 04:42:45,561 - INFO - Scraping 6525/6851: https://www.refurbed.de/p/samsung-vf-s8-s27a800nmp-2022/
2025-11-30 04:42:47,043 - INFO - Scraping 6526/6851: https://www.refurbed.de/p/samsung-vf-s8-s27a800ujp-2023/
2025-11-30 04:42:48,485 - INFO - Scraping 6527/6851: https://www.refurbed.de/p/samsung-viewfinity-s6-s60ua/
2025-11-30 04:42:49,867 - INFO - Scraping 6528/6851: https://www.refurbed.de/p/samsung-viewfinity-s6-s65tc-34/
2025-11-30 04:42:51,390 - INFO - Scraping 6529/6851: https://www.refurbed.de/p/samsung-viewfinity-s6-s65ua-34/
2025-11-30 04:42:52,786 - INFO - Scraping 6530/6851: https://www.refurbed.de/p/samsung-viewfinity-s6-s65uc-34/
2025-11-30 04:42:54,214 - INFO - Scraping 6531/6851: https://www.refurbed.de/p/samsung-viewfinity-s6-s65vc-34/
2025-11-30 04:42:55,638 - INFO - Scraping 6532/6851: https://www.refurbed.de/p/samsung-viewfinity-s7-s70a-2023/
2025-11-30 04:42:57,233 - INFO - Scraping 6533/6851: https://www.refurbed.de/p/samsung-viewfinity-s7-s70d-2024/
2025-11-30 04:42:58,875 - INFO - Scraping 6534/6851: https://www.refurbed.de/p/samsung-viewfinity-s8-s27b800tgu/
2025-11-30 04:43:00,260 - INFO - Scraping 6535/6851: https://www.refurbed.de/p/samsung-viewfinity-s8-s32b800pxu/
2025-11-30 04:43:01,696 - INFO - Scraping 6536/6851: https://www.refurbed.de/p/samsung-viewfinity-s8-s80ud-2024/
2025-11-30 04:43:03,190 - INFO - Scraping 6537/6851: https://www.refurbed.de/p/samsung-viewfinity-s9-s27c902pau/
2025-11-30 04:43:04,784 - INFO - Scraping 6538/6851: https://www.refurbed.de/p/samsung-vm55b-u/
2025-11-30 04:43:06,209 - INFO - Scraping 6539/6851: https://www.refurbed.de/p/samsung-vr8500-jet-bot-plus/
2025-11-30 04:43:07,618 - INFO - Scraping 6540/6851: https://www.refurbed.de/p/samsung-vr9000-powerbot-essentia/
2025-11-30 04:43:09,003 - INFO - Scraping 6541/6851: https://www.refurbed.de/p/samsung-vr9500-jet-bot-ai-plus/
2025-11-30 04:43:10,443 - INFO - Scraping 6542/6851: https://www.refurbed.de/p/samsung-vs20b95b73b-bes-jet-plus/
2025-11-30 04:43:12,049 - INFO - Scraping 6543/6851: https://www.refurbed.de/p/sony-experia-1-v/
2025-11-30 04:43:13,950 - INFO - Scraping 6544/6851: https://www.refurbed.de/p/sony-experia-1-vi/
2025-11-30 04:43:15,520 - INFO - Scraping 6545/6851: https://www.refurbed.de/p/sony-experia-10-2/
2025-11-30 04:43:17,149 - INFO - Scraping 6546/6851: https://www.refurbed.de/p/sony-experia-10-3/
2025-11-30 04:43:19,012 - INFO - Scraping 6547/6851: https://www.refurbed.de/p/sony-experia-10-4/
2025-11-30 04:43:20,435 - INFO - Scraping 6548/6851: https://www.refurbed.de/p/sony-experia-10-5/
2025-11-30 04:43:21,930 - INFO - Scraping 6549/6851: https://www.refurbed.de/p/sony-experia-10-vi/
2025-11-30 04:43:23,463 - INFO - Scraping 6550/6851: https://www.refurbed.de/p/sony-xperia-1-2/
2025-11-30 04:43:25,368 - INFO - Scraping 6551/6851: https://www.refurbed.de/p/sony-xperia-1-3/
2025-11-30 04:43:26,955 - INFO - Scraping 6552/6851: https://www.refurbed.de/p/sony-xperia-1-4/
2025-11-30 04:43:28,629 - INFO - Scraping 6553/6851: https://www.refurbed.de/p/sony-xperia-1/
2025-11-30 04:43:30,136 - INFO - Scraping 6554/6851: https://www.refurbed.de/p/sony-xperia-10-plus/
2025-11-30 04:43:31,768 - INFO - Scraping 6555/6851: https://www.refurbed.de/p/sony-xperia-10/
2025-11-30 04:43:33,547 - INFO - Scraping 6556/6851: https://www.refurbed.de/p/sony-xperia-5-3/
2025-11-30 04:43:35,123 - INFO - Scraping 6557/6851: https://www.refurbed.de/p/sony-xperia-5-ii/
2025-11-30 04:43:36,675 - INFO - Scraping 6558/6851: https://www.refurbed.de/p/sony-xperia-5-iv/
2025-11-30 04:43:38,412 - INFO - Scraping 6559/6851: https://www.refurbed.de/p/sony-xperia-5-v/
2025-11-30 04:43:39,861 - INFO - Scraping 6560/6851: https://www.refurbed.de/p/sony-xperia-5/
2025-11-30 04:43:41,278 - INFO - Scraping 6561/6851: https://www.refurbed.de/p/sony-xperia-c5-ultra-dual/
2025-11-30 04:43:42,701 - INFO - Scraping 6562/6851: https://www.refurbed.de/p/sony-xperia-e1/
2025-11-30 04:43:44,114 - INFO - Scraping 6563/6851: https://www.refurbed.de/p/sony-xperia-e3-d2203/
2025-11-30 04:43:45,588 - INFO - Scraping 6564/6851: https://www.refurbed.de/p/sony-xperia-e4/
2025-11-30 04:43:47,025 - INFO - Scraping 6565/6851: https://www.refurbed.de/p/sony-xperia-e4g/
2025-11-30 04:43:48,435 - INFO - Scraping 6566/6851: https://www.refurbed.de/p/sony-xperia-e5-f3311/
2025-11-30 04:43:50,197 - INFO - Scraping 6567/6851: https://www.refurbed.de/p/sony-xperia-l1/
2025-11-30 04:43:51,814 - INFO - Scraping 6568/6851: https://www.refurbed.de/p/sony-xperia-l2/
2025-11-30 04:43:53,243 - INFO - Scraping 6569/6851: https://www.refurbed.de/p/sony-xperia-l3/
2025-11-30 04:43:54,817 - INFO - Scraping 6570/6851: https://www.refurbed.de/p/sony-xperia-l4/
2025-11-30 04:43:56,456 - INFO - Scraping 6571/6851: https://www.refurbed.de/p/sony-xperia-m/
2025-11-30 04:43:57,943 - INFO - Scraping 6572/6851: https://www.refurbed.de/p/sony-xperia-m2/
2025-11-30 04:43:59,421 - INFO - Scraping 6573/6851: https://www.refurbed.de/p/sony-xperia-m4-aqua/
2025-11-30 04:44:00,855 - INFO - Scraping 6574/6851: https://www.refurbed.de/p/sony-xperia-m5/
2025-11-30 04:44:02,254 - INFO - Scraping 6575/6851: https://www.refurbed.de/p/sony-xperia-pro-i/
2025-11-30 04:44:03,707 - INFO - Scraping 6576/6851: https://www.refurbed.de/p/sony-xperia-pro/
2025-11-30 04:44:05,244 - INFO - Scraping 6577/6851: https://www.refurbed.de/p/sony-xperia-t-lt30p/
2025-11-30 04:44:06,666 - INFO - Scraping 6578/6851: https://www.refurbed.de/p/sony-xperia-t3/
2025-11-30 04:44:08,078 - INFO - Scraping 6579/6851: https://www.refurbed.de/p/sony-xperia-x-compact/
2025-11-30 04:44:09,636 - INFO - Scraping 6580/6851: https://www.refurbed.de/p/sony-xperia-x-performance/
2025-11-30 04:44:11,079 - INFO - Scraping 6581/6851: https://www.refurbed.de/p/sony-xperia-x/
2025-11-30 04:44:12,716 - INFO - Scraping 6582/6851: https://www.refurbed.de/p/sony-xperia-xa-ultra/
2025-11-30 04:44:14,228 - INFO - Scraping 6583/6851: https://www.refurbed.de/p/sony-xperia-xa/
2025-11-30 04:44:15,846 - INFO - Scraping 6584/6851: https://www.refurbed.de/p/sony-xperia-xa1-plus/
2025-11-30 04:44:17,278 - INFO - Scraping 6585/6851: https://www.refurbed.de/p/sony-xperia-xa1-ultra/
2025-11-30 04:44:18,717 - INFO - Scraping 6586/6851: https://www.refurbed.de/p/sony-xperia-xa1/
2025-11-30 04:44:20,613 - INFO - Scraping 6587/6851: https://www.refurbed.de/p/sony-xperia-xa2-plus/
2025-11-30 04:44:22,264 - INFO - Scraping 6588/6851: https://www.refurbed.de/p/sony-xperia-xa2-ultra/
2025-11-30 04:44:24,430 - INFO - Scraping 6589/6851: https://www.refurbed.de/p/sony-xperia-xa2/
2025-11-30 04:44:26,077 - INFO - Scraping 6590/6851: https://www.refurbed.de/p/sony-xperia-xz/
2025-11-30 04:44:27,648 - INFO - Scraping 6591/6851: https://www.refurbed.de/p/sony-xperia-xz1-compact/
2025-11-30 04:44:29,112 - INFO - Scraping 6592/6851: https://www.refurbed.de/p/sony-xperia-xz1/
2025-11-30 04:44:30,673 - INFO - Scraping 6593/6851: https://www.refurbed.de/p/sony-xperia-xz2-compact/
2025-11-30 04:44:32,136 - INFO - Scraping 6594/6851: https://www.refurbed.de/p/sony-xperia-xz2-premium/
2025-11-30 04:44:33,768 - INFO - Scraping 6595/6851: https://www.refurbed.de/p/sony-xperia-xz2/
2025-11-30 04:44:35,675 - INFO - Scraping 6596/6851: https://www.refurbed.de/p/sony-xperia-xz3/
2025-11-30 04:44:37,933 - INFO - Scraping 6597/6851: https://www.refurbed.de/p/sony-xperia-xzs/
2025-11-30 04:44:39,535 - INFO - Scraping 6598/6851: https://www.refurbed.de/p/sony-xperia-z-premium/
2025-11-30 04:44:41,336 - INFO - Scraping 6599/6851: https://www.refurbed.de/p/sony-xperia-z-ultra/
2025-11-30 04:44:42,732 - INFO - Scraping 6600/6851: https://www.refurbed.de/p/sony-xperia-z/
2025-11-30 04:44:44,132 - INFO - Scraping 6601/6851: https://www.refurbed.de/p/sony-xperia-z1-compact/
2025-11-30 04:44:45,563 - INFO - Scraping 6602/6851: https://www.refurbed.de/p/sony-xperia-z1/
2025-11-30 04:44:47,491 - INFO - Scraping 6603/6851: https://www.refurbed.de/p/sony-xperia-z2-d6503/
2025-11-30 04:44:48,969 - INFO - Scraping 6604/6851: https://www.refurbed.de/p/sony-xperia-z2-sgp521/
2025-11-30 04:44:50,362 - INFO - Scraping 6605/6851: https://www.refurbed.de/p/sony-xperia-z3-compact-tab/
2025-11-30 04:44:51,881 - INFO - Scraping 6606/6851: https://www.refurbed.de/p/sony-xperia-z3-compact/
2025-11-30 04:44:53,310 - INFO - Scraping 6607/6851: https://www.refurbed.de/p/sony-xperia-z3-plus/
2025-11-30 04:44:54,824 - INFO - Scraping 6608/6851: https://www.refurbed.de/p/sony-xperia-z3/
2025-11-30 04:44:56,473 - INFO - Scraping 6609/6851: https://www.refurbed.de/p/sony-xperia-z4/
2025-11-30 04:44:57,877 - INFO - Scraping 6610/6851: https://www.refurbed.de/p/sony-xperia-z5-compact/
2025-11-30 04:44:59,345 - INFO - Scraping 6611/6851: https://www.refurbed.de/p/sony-xperia-z5-e6653/
2025-11-30 04:45:00,907 - INFO - Scraping 6612/6851: https://www.refurbed.de/p/sony-xperia-z5-premium/
2025-11-30 04:45:02,324 - INFO - Scraping 6613/6851: https://www.refurbed.de/p/surface-pro-7-plus-i3-1115g4/
2025-11-30 04:45:03,737 - INFO - Scraping 6614/6851: https://www.refurbed.de/p/tcl-tab-10-hd/
2025-11-30 04:45:05,184 - INFO - Scraping 6615/6851: https://www.refurbed.de/p/tcl-tab-10-s/
2025-11-30 04:45:06,582 - INFO - Scraping 6616/6851: https://www.refurbed.de/p/tcl-tab-8/
2025-11-30 04:45:08,139 - INFO - Scraping 6617/6851: https://www.refurbed.de/p/telekom-t-tablet/
2025-11-30 04:45:09,735 - INFO - Scraping 6618/6851: https://www.refurbed.de/p/thinkpad-onelink-pro/
2025-11-30 04:45:11,132 - INFO - Scraping 6619/6851: https://www.refurbed.de/p/tracer-drifter/
2025-11-30 04:45:12,600 - INFO - Scraping 6620/6851: https://www.refurbed.de/p/tracer-roadster/
2025-11-30 04:45:14,007 - INFO - Scraping 6621/6851: https://www.refurbed.de/p/tracer-sierra/
2025-11-30 04:45:15,473 - INFO - Scraping 6622/6851: https://www.refurbed.de/p/trekstor-surftab-breeze-9-6-quad/
2025-11-30 04:45:16,951 - INFO - Scraping 6623/6851: https://www.refurbed.de/p/trekstor-surftab-duo-w1/
2025-11-30 04:45:18,353 - INFO - Scraping 6624/6851: https://www.refurbed.de/p/viewsonic-m1/
2025-11-30 04:45:19,819 - INFO - Scraping 6625/6851: https://www.refurbed.de/p/viewsonic-m2/
2025-11-30 04:45:21,206 - INFO - Scraping 6626/6851: https://www.refurbed.de/p/viewsonic-va2046a-led-20/
2025-11-30 04:45:22,613 - INFO - Scraping 6627/6851: https://www.refurbed.de/p/viewsonic-va2465sh/
2025-11-30 04:45:24,023 - INFO - Scraping 6628/6851: https://www.refurbed.de/p/viewsonic-va2719-sh/
2025-11-30 04:45:25,456 - INFO - Scraping 6629/6851: https://www.refurbed.de/p/viewsonic-vb-cam-001/
2025-11-30 04:45:26,873 - INFO - Scraping 6630/6851: https://www.refurbed.de/p/viewsonic-vx2718-2kpc-mhd/
2025-11-30 04:45:28,281 - INFO - Scraping 6631/6851: https://www.refurbed.de/p/vivo-v20-se/
2025-11-30 04:45:29,710 - INFO - Scraping 6632/6851: https://www.refurbed.de/p/vivo-v21-5g/
2025-11-30 04:45:31,237 - INFO - Scraping 6633/6851: https://www.refurbed.de/p/vivo-v23-5g/
2025-11-30 04:45:32,754 - INFO - Scraping 6634/6851: https://www.refurbed.de/p/vivo-v29-5g/
2025-11-30 04:45:34,336 - INFO - Scraping 6635/6851: https://www.refurbed.de/p/vivo-v29-lite-5g/
2025-11-30 04:45:35,975 - INFO - Scraping 6636/6851: https://www.refurbed.de/p/vivo-v40-5g/
2025-11-30 04:45:37,377 - INFO - Scraping 6637/6851: https://www.refurbed.de/p/vivo-v40-se-5g/
2025-11-30 04:45:38,782 - INFO - Scraping 6638/6851: https://www.refurbed.de/p/vivo-x51-5g/
2025-11-30 04:45:40,218 - INFO - Scraping 6639/6851: https://www.refurbed.de/p/vivo-x60-pro/
2025-11-30 04:45:41,653 - INFO - Scraping 6640/6851: https://www.refurbed.de/p/vivo-x80-lite/
2025-11-30 04:45:43,374 - INFO - Scraping 6641/6851: https://www.refurbed.de/p/vivo-x80-pro/
2025-11-30 04:45:44,893 - INFO - Scraping 6642/6851: https://www.refurbed.de/p/vivo-x90-pro/
2025-11-30 04:45:46,588 - INFO - Scraping 6643/6851: https://www.refurbed.de/p/vivo-y01/
2025-11-30 04:45:47,993 - INFO - Scraping 6644/6851: https://www.refurbed.de/p/vivo-y17s/
2025-11-30 04:45:49,548 - INFO - Scraping 6645/6851: https://www.refurbed.de/p/vivo-y20s/
2025-11-30 04:45:51,172 - INFO - Scraping 6646/6851: https://www.refurbed.de/p/vivo-y21/
2025-11-30 04:45:52,555 - INFO - Scraping 6647/6851: https://www.refurbed.de/p/vivo-y21s/
2025-11-30 04:45:54,410 - INFO - Scraping 6648/6851: https://www.refurbed.de/p/vivo-y22s/
2025-11-30 04:45:56,019 - INFO - Scraping 6649/6851: https://www.refurbed.de/p/vivo-y33s/
2025-11-30 04:45:57,431 - INFO - Scraping 6650/6851: https://www.refurbed.de/p/vivo-y35/
2025-11-30 04:45:58,819 - INFO - Scraping 6651/6851: https://www.refurbed.de/p/vivo-y52-5g/
2025-11-30 04:46:00,408 - INFO - Scraping 6652/6851: https://www.refurbed.de/p/vivo-y70/
2025-11-30 04:46:01,808 - INFO - Scraping 6653/6851: https://www.refurbed.de/p/vivo-y72-5g/
2025-11-30 04:46:03,498 - INFO - Scraping 6654/6851: https://www.refurbed.de/p/vivo-y76-5g/
2025-11-30 04:46:04,914 - INFO - Scraping 6655/6851: https://www.refurbed.de/p/vodafone-smart-tab-n8/
2025-11-30 04:46:06,310 - INFO - Scraping 6656/6851: https://www.refurbed.de/p/vodafone-tab-prime-7/
2025-11-30 04:46:07,921 - INFO - Scraping 6657/6851: https://www.refurbed.de/p/wilfa-kw-4-gram-stal/
2025-11-30 04:46:09,456 - INFO - Scraping 6658/6851: https://www.refurbed.de/p/xgimi-halo-plus/
2025-11-30 04:46:10,890 - INFO - Scraping 6659/6851: https://www.refurbed.de/p/xgimi-halo/
2025-11-30 04:46:12,279 - INFO - Scraping 6660/6851: https://www.refurbed.de/p/xgimi-horizon-pro-4k/
2025-11-30 04:46:13,659 - INFO - Scraping 6661/6851: https://www.refurbed.de/p/xiaomi-11t-5g/
2025-11-30 04:46:15,336 - INFO - Scraping 6662/6851: https://www.refurbed.de/p/xiaomi-11t-pro/
2025-11-30 04:46:16,948 - INFO - Scraping 6663/6851: https://www.refurbed.de/p/xiaomi-12-lite-5g/
2025-11-30 04:46:18,509 - INFO - Scraping 6664/6851: https://www.refurbed.de/p/xiaomi-12-pro/
2025-11-30 04:46:19,936 - INFO - Scraping 6665/6851: https://www.refurbed.de/p/xiaomi-12/
2025-11-30 04:46:21,554 - INFO - Scraping 6666/6851: https://www.refurbed.de/p/xiaomi-12s-ultra/
2025-11-30 04:46:22,981 - INFO - Scraping 6667/6851: https://www.refurbed.de/p/xiaomi-12t-pro/
2025-11-30 04:46:24,572 - INFO - Scraping 6668/6851: https://www.refurbed.de/p/xiaomi-12t/
2025-11-30 04:46:26,256 - INFO - Scraping 6669/6851: https://www.refurbed.de/p/xiaomi-12x/
2025-11-30 04:46:27,807 - INFO - Scraping 6670/6851: https://www.refurbed.de/p/xiaomi-13-lite-5g/
2025-11-30 04:46:29,497 - INFO - Scraping 6671/6851: https://www.refurbed.de/p/xiaomi-13-pro/
2025-11-30 04:46:31,103 - INFO - Scraping 6672/6851: https://www.refurbed.de/p/xiaomi-13-ultra/
2025-11-30 04:46:32,722 - INFO - Scraping 6673/6851: https://www.refurbed.de/p/xiaomi-13/
2025-11-30 04:46:34,297 - INFO - Scraping 6674/6851: https://www.refurbed.de/p/xiaomi-13t-pro/
2025-11-30 04:46:35,831 - INFO - Scraping 6675/6851: https://www.refurbed.de/p/xiaomi-13t/
2025-11-30 04:46:37,519 - INFO - Scraping 6676/6851: https://www.refurbed.de/p/xiaomi-14-ultra-photography-kit/
2025-11-30 04:46:38,899 - INFO - Scraping 6677/6851: https://www.refurbed.de/p/xiaomi-14-ultra/
2025-11-30 04:46:40,496 - INFO - Scraping 6678/6851: https://www.refurbed.de/p/xiaomi-14/
2025-11-30 04:46:42,194 - INFO - Scraping 6679/6851: https://www.refurbed.de/p/xiaomi-14t-pro/
2025-11-30 04:46:43,782 - INFO - Scraping 6680/6851: https://www.refurbed.de/p/xiaomi-14t/
2025-11-30 04:46:45,402 - INFO - Scraping 6681/6851: https://www.refurbed.de/p/xiaomi-15-ultra/
2025-11-30 04:46:46,875 - INFO - Scraping 6682/6851: https://www.refurbed.de/p/xiaomi-15/
2025-11-30 04:46:48,309 - INFO - Scraping 6683/6851: https://www.refurbed.de/p/xiaomi-air-fryer/
2025-11-30 04:46:49,877 - INFO - Scraping 6684/6851: https://www.refurbed.de/p/xiaomi-black-shark-5-pro/
2025-11-30 04:46:51,432 - INFO - Scraping 6685/6851: https://www.refurbed.de/p/xiaomi-black-shark/
2025-11-30 04:46:52,915 - INFO - Scraping 6686/6851: https://www.refurbed.de/p/xiaomi-buds-3/
2025-11-30 04:46:54,334 - INFO - Scraping 6687/6851: https://www.refurbed.de/p/xiaomi-mi-10-lite/
2025-11-30 04:46:55,946 - INFO - Scraping 6688/6851: https://www.refurbed.de/p/xiaomi-mi-10-pro/
2025-11-30 04:46:57,524 - INFO - Scraping 6689/6851: https://www.refurbed.de/p/xiaomi-mi-10/
2025-11-30 04:46:59,149 - INFO - Scraping 6690/6851: https://www.refurbed.de/p/xiaomi-mi-10t-5g/
2025-11-30 04:47:00,913 - INFO - Scraping 6691/6851: https://www.refurbed.de/p/xiaomi-mi-10t-lite-5g/
2025-11-30 04:47:02,617 - INFO - Scraping 6692/6851: https://www.refurbed.de/p/xiaomi-mi-10t-pro-5g/
2025-11-30 04:47:04,343 - INFO - Scraping 6693/6851: https://www.refurbed.de/p/xiaomi-mi-11-5g/
2025-11-30 04:47:05,798 - INFO - Scraping 6694/6851: https://www.refurbed.de/p/xiaomi-mi-11-lite-5g-ne/
2025-11-30 04:47:07,391 - INFO - Scraping 6695/6851: https://www.refurbed.de/p/xiaomi-mi-11-lite-5g/
2025-11-30 04:47:09,179 - INFO - Scraping 6696/6851: https://www.refurbed.de/p/xiaomi-mi-11-lite/
2025-11-30 04:47:10,747 - INFO - Scraping 6697/6851: https://www.refurbed.de/p/xiaomi-mi-11-ultra/
2025-11-30 04:47:12,313 - INFO - Scraping 6698/6851: https://www.refurbed.de/p/xiaomi-mi-11i/
2025-11-30 04:47:13,953 - INFO - Scraping 6699/6851: https://www.refurbed.de/p/xiaomi-mi-6/
2025-11-30 04:47:15,565 - INFO - Scraping 6700/6851: https://www.refurbed.de/p/xiaomi-mi-8-lite/
2025-11-30 04:47:16,962 - INFO - Scraping 6701/6851: https://www.refurbed.de/p/xiaomi-mi-8-pro/
2025-11-30 04:47:18,389 - INFO - Scraping 6702/6851: https://www.refurbed.de/p/xiaomi-mi-8/
2025-11-30 04:47:19,869 - INFO - Scraping 6703/6851: https://www.refurbed.de/p/xiaomi-mi-9-lite/
2025-11-30 04:47:21,495 - INFO - Scraping 6704/6851: https://www.refurbed.de/p/xiaomi-mi-9-se/
2025-11-30 04:47:23,347 - INFO - Scraping 6705/6851: https://www.refurbed.de/p/xiaomi-mi-9/
2025-11-30 04:47:25,014 - INFO - Scraping 6706/6851: https://www.refurbed.de/p/xiaomi-mi-9t-pro/
2025-11-30 04:47:26,632 - INFO - Scraping 6707/6851: https://www.refurbed.de/p/xiaomi-mi-9t/
2025-11-30 04:47:28,193 - INFO - Scraping 6708/6851: https://www.refurbed.de/p/xiaomi-mi-a1/
2025-11-30 04:47:29,640 - INFO - Scraping 6709/6851: https://www.refurbed.de/p/xiaomi-mi-a2-lite/
2025-11-30 04:47:31,120 - INFO - Scraping 6710/6851: https://www.refurbed.de/p/xiaomi-mi-a2/
2025-11-30 04:47:32,726 - INFO - Scraping 6711/6851: https://www.refurbed.de/p/xiaomi-mi-a3/
2025-11-30 04:47:34,318 - INFO - Scraping 6712/6851: https://www.refurbed.de/p/xiaomi-mi-air-purifier-3h/
2025-11-30 04:47:35,829 - INFO - Scraping 6713/6851: https://www.refurbed.de/p/xiaomi-mi-bedside-lamp-2/
2025-11-30 04:47:37,238 - INFO - Scraping 6714/6851: https://www.refurbed.de/p/xiaomi-mi-box-s/
2025-11-30 04:47:38,629 - INFO - Scraping 6715/6851: https://www.refurbed.de/p/xiaomi-mi-cc9-pro/
2025-11-30 04:47:40,056 - INFO - Scraping 6716/6851: https://www.refurbed.de/p/xiaomi-mi-curved-gaming-monitor/
2025-11-30 04:47:41,502 - INFO - Scraping 6717/6851: https://www.refurbed.de/p/xiaomi-mi-desk-lamp-1s/
2025-11-30 04:47:42,928 - INFO - Scraping 6718/6851: https://www.refurbed.de/p/xiaomi-mi-desktop-monitor-27/
2025-11-30 04:47:44,328 - INFO - Scraping 6719/6851: https://www.refurbed.de/p/xiaomi-mi-laser-projector/
2025-11-30 04:47:45,894 - INFO - Scraping 6720/6851: https://www.refurbed.de/p/xiaomi-mi-max-3/
2025-11-30 04:47:47,355 - INFO - Scraping 6721/6851: https://www.refurbed.de/p/xiaomi-mi-mix-2/
2025-11-30 04:47:48,980 - INFO - Scraping 6722/6851: https://www.refurbed.de/p/xiaomi-mi-mix-2s/
2025-11-30 04:47:50,545 - INFO - Scraping 6723/6851: https://www.refurbed.de/p/xiaomi-mi-mix-3/
2025-11-30 04:47:52,060 - INFO - Scraping 6724/6851: https://www.refurbed.de/p/xiaomi-mi-note-10-lite/
2025-11-30 04:47:53,875 - INFO - Scraping 6725/6851: https://www.refurbed.de/p/xiaomi-mi-note-10-pro/
2025-11-30 04:47:55,534 - INFO - Scraping 6726/6851: https://www.refurbed.de/p/xiaomi-mi-note-10/
2025-11-30 04:47:57,138 - INFO - Scraping 6727/6851: https://www.refurbed.de/p/xiaomi-mi-robot-mop-2-lite/
2025-11-30 04:47:58,520 - INFO - Scraping 6728/6851: https://www.refurbed.de/p/xiaomi-mi-robot-mop-2-ultra/
2025-11-30 04:47:59,950 - INFO - Scraping 6729/6851: https://www.refurbed.de/p/xiaomi-mi-robot-mop-2s/
2025-11-30 04:48:01,525 - INFO - Scraping 6730/6851: https://www.refurbed.de/p/xiaomi-mi-robot-mop-essential/
2025-11-30 04:48:02,922 - INFO - Scraping 6731/6851: https://www.refurbed.de/p/xiaomi-mi-smart-clock/
2025-11-30 04:48:04,570 - INFO - Scraping 6732/6851: https://www.refurbed.de/p/xiaomi-mi-smart-home-hub/
2025-11-30 04:48:06,003 - INFO - Scraping 6733/6851: https://www.refurbed.de/p/xiaomi-mi-smart-pro-pyv4009gl/
2025-11-30 04:48:07,421 - INFO - Scraping 6734/6851: https://www.refurbed.de/p/xiaomi-mi-smart-projector-2-pro/
2025-11-30 04:48:08,843 - INFO - Scraping 6735/6851: https://www.refurbed.de/p/xiaomi-mi-true-earphones-2/
2025-11-30 04:48:10,280 - INFO - Scraping 6736/6851: https://www.refurbed.de/p/xiaomi-mi-tv-4s-65/
2025-11-30 04:48:11,714 - INFO - Scraping 6737/6851: https://www.refurbed.de/p/xiaomi-mi-tv-p1-50/
2025-11-30 04:48:13,121 - INFO - Scraping 6738/6851: https://www.refurbed.de/p/xiaomi-mi-tv-stick/
2025-11-30 04:48:14,567 - INFO - Scraping 6739/6851: https://www.refurbed.de/p/xiaomi-mijia-mini-4k/
2025-11-30 04:48:15,977 - INFO - Scraping 6740/6851: https://www.refurbed.de/p/xiaomi-pad-5/
2025-11-30 04:48:17,572 - INFO - Scraping 6741/6851: https://www.refurbed.de/p/xiaomi-pad-6/
2025-11-30 04:48:19,064 - INFO - Scraping 6742/6851: https://www.refurbed.de/p/xiaomi-pad-6s-pro/
2025-11-30 04:48:20,583 - INFO - Scraping 6743/6851: https://www.refurbed.de/p/xiaomi-poco-c40/
2025-11-30 04:48:22,227 - INFO - Scraping 6744/6851: https://www.refurbed.de/p/xiaomi-poco-f2-pro/
2025-11-30 04:48:23,828 - INFO - Scraping 6745/6851: https://www.refurbed.de/p/xiaomi-poco-f3/
2025-11-30 04:48:25,413 - INFO - Scraping 6746/6851: https://www.refurbed.de/p/xiaomi-poco-f4-gt/
2025-11-30 04:48:27,079 - INFO - Scraping 6747/6851: https://www.refurbed.de/p/xiaomi-poco-f4/
2025-11-30 04:48:28,686 - INFO - Scraping 6748/6851: https://www.refurbed.de/p/xiaomi-poco-f5-pro/
2025-11-30 04:48:30,264 - INFO - Scraping 6749/6851: https://www.refurbed.de/p/xiaomi-poco-f5/
2025-11-30 04:48:31,815 - INFO - Scraping 6750/6851: https://www.refurbed.de/p/xiaomi-poco-m3-pro-5g/
2025-11-30 04:48:33,381 - INFO - Scraping 6751/6851: https://www.refurbed.de/p/xiaomi-poco-m3/
2025-11-30 04:48:34,865 - INFO - Scraping 6752/6851: https://www.refurbed.de/p/xiaomi-poco-m4-5g/
2025-11-30 04:48:36,310 - INFO - Scraping 6753/6851: https://www.refurbed.de/p/xiaomi-poco-m4-pro-5g/
2025-11-30 04:48:37,929 - INFO - Scraping 6754/6851: https://www.refurbed.de/p/xiaomi-poco-m4-pro/
2025-11-30 04:48:39,496 - INFO - Scraping 6755/6851: https://www.refurbed.de/p/xiaomi-poco-m5/
2025-11-30 04:48:40,947 - INFO - Scraping 6756/6851: https://www.refurbed.de/p/xiaomi-poco-m5s/
2025-11-30 04:48:42,345 - INFO - Scraping 6757/6851: https://www.refurbed.de/p/xiaomi-poco-m6-pro/
2025-11-30 04:48:43,845 - INFO - Scraping 6758/6851: https://www.refurbed.de/p/xiaomi-poco-x3-gt/
2025-11-30 04:48:45,234 - INFO - Scraping 6759/6851: https://www.refurbed.de/p/xiaomi-poco-x3-pro/
2025-11-30 04:48:46,939 - INFO - Scraping 6760/6851: https://www.refurbed.de/p/xiaomi-poco-x3/
2025-11-30 04:48:48,673 - INFO - Scraping 6761/6851: https://www.refurbed.de/p/xiaomi-poco-x4-gt/
2025-11-30 04:48:50,207 - INFO - Scraping 6762/6851: https://www.refurbed.de/p/xiaomi-poco-x4-pro-5g/
2025-11-30 04:48:51,815 - INFO - Scraping 6763/6851: https://www.refurbed.de/p/xiaomi-poco-x5-5g/
2025-11-30 04:48:53,470 - INFO - Scraping 6764/6851: https://www.refurbed.de/p/xiaomi-poco-x5-pro-5g/
2025-11-30 04:48:55,045 - INFO - Scraping 6765/6851: https://www.refurbed.de/p/xiaomi-poco-x6-pro/
2025-11-30 04:48:56,636 - INFO - Scraping 6766/6851: https://www.refurbed.de/p/xiaomi-poco-x7-pro/
2025-11-30 04:48:58,165 - INFO - Scraping 6767/6851: https://www.refurbed.de/p/xiaomi-pocophone-f1/
2025-11-30 04:48:59,805 - INFO - Scraping 6768/6851: https://www.refurbed.de/p/xiaomi-redmi-10-2022/
2025-11-30 04:49:01,363 - INFO - Scraping 6769/6851: https://www.refurbed.de/p/xiaomi-redmi-10-5g/
2025-11-30 04:49:02,987 - INFO - Scraping 6770/6851: https://www.refurbed.de/p/xiaomi-redmi-10/
2025-11-30 04:49:04,568 - INFO - Scraping 6771/6851: https://www.refurbed.de/p/xiaomi-redmi-10a/
2025-11-30 04:49:05,993 - INFO - Scraping 6772/6851: https://www.refurbed.de/p/xiaomi-redmi-12-c/
2025-11-30 04:49:07,633 - INFO - Scraping 6773/6851: https://www.refurbed.de/p/xiaomi-redmi-12/
2025-11-30 04:49:09,281 - INFO - Scraping 6774/6851: https://www.refurbed.de/p/xiaomi-redmi-13-c-5g/
2025-11-30 04:49:10,677 - INFO - Scraping 6775/6851: https://www.refurbed.de/p/xiaomi-redmi-13-c/
2025-11-30 04:49:12,315 - INFO - Scraping 6776/6851: https://www.refurbed.de/p/xiaomi-redmi-14-c/
2025-11-30 04:49:13,911 - INFO - Scraping 6777/6851: https://www.refurbed.de/p/xiaomi-redmi-4a/
2025-11-30 04:49:15,309 - INFO - Scraping 6778/6851: https://www.refurbed.de/p/xiaomi-redmi-4x/
2025-11-30 04:49:16,730 - INFO - Scraping 6779/6851: https://www.refurbed.de/p/xiaomi-redmi-5/
2025-11-30 04:49:18,423 - INFO - Scraping 6780/6851: https://www.refurbed.de/p/xiaomi-redmi-5a/
2025-11-30 04:49:19,857 - INFO - Scraping 6781/6851: https://www.refurbed.de/p/xiaomi-redmi-6/
2025-11-30 04:49:21,250 - INFO - Scraping 6782/6851: https://www.refurbed.de/p/xiaomi-redmi-6a/
2025-11-30 04:49:22,654 - INFO - Scraping 6783/6851: https://www.refurbed.de/p/xiaomi-redmi-7/
2025-11-30 04:49:24,226 - INFO - Scraping 6784/6851: https://www.refurbed.de/p/xiaomi-redmi-7a/
2025-11-30 04:49:25,664 - INFO - Scraping 6785/6851: https://www.refurbed.de/p/xiaomi-redmi-8/
2025-11-30 04:49:27,338 - INFO - Scraping 6786/6851: https://www.refurbed.de/p/xiaomi-redmi-8a/
2025-11-30 04:49:28,755 - INFO - Scraping 6787/6851: https://www.refurbed.de/p/xiaomi-redmi-9/
2025-11-30 04:49:30,401 - INFO - Scraping 6788/6851: https://www.refurbed.de/p/xiaomi-redmi-9a/
2025-11-30 04:49:32,013 - INFO - Scraping 6789/6851: https://www.refurbed.de/p/xiaomi-redmi-9at/
2025-11-30 04:49:33,609 - INFO - Scraping 6790/6851: https://www.refurbed.de/p/xiaomi-redmi-9c/
2025-11-30 04:49:35,164 - INFO - Scraping 6791/6851: https://www.refurbed.de/p/xiaomi-redmi-9t/
2025-11-30 04:49:36,807 - INFO - Scraping 6792/6851: https://www.refurbed.de/p/xiaomi-redmi-a2/
2025-11-30 04:49:38,234 - INFO - Scraping 6793/6851: https://www.refurbed.de/p/xiaomi-redmi-a3/
2025-11-30 04:49:39,656 - INFO - Scraping 6794/6851: https://www.refurbed.de/p/xiaomi-redmi-airdots-2/
2025-11-30 04:49:41,045 - INFO - Scraping 6795/6851: https://www.refurbed.de/p/xiaomi-redmi-buds-3-lite/
2025-11-30 04:49:42,457 - INFO - Scraping 6796/6851: https://www.refurbed.de/p/xiaomi-redmi-buds-3/
2025-11-30 04:49:43,892 - INFO - Scraping 6797/6851: https://www.refurbed.de/p/xiaomi-redmi-buds-4-pro/
2025-11-30 04:49:45,290 - INFO - Scraping 6798/6851: https://www.refurbed.de/p/xiaomi-redmi-buds-5-pro/
2025-11-30 04:49:46,708 - INFO - Scraping 6799/6851: https://www.refurbed.de/p/xiaomi-redmi-go/
2025-11-30 04:49:48,189 - INFO - Scraping 6800/6851: https://www.refurbed.de/p/xiaomi-redmi-note-10-5g/
2025-11-30 04:49:49,990 - INFO - Scraping 6801/6851: https://www.refurbed.de/p/xiaomi-redmi-note-10-c/
2025-11-30 04:49:51,576 - INFO - Scraping 6802/6851: https://www.refurbed.de/p/xiaomi-redmi-note-10-pro/
2025-11-30 04:49:53,187 - INFO - Scraping 6803/6851: https://www.refurbed.de/p/xiaomi-redmi-note-10-s/
2025-11-30 04:49:54,789 - INFO - Scraping 6804/6851: https://www.refurbed.de/p/xiaomi-redmi-note-10/
2025-11-30 04:49:56,503 - INFO - Scraping 6805/6851: https://www.refurbed.de/p/xiaomi-redmi-note-10a/
2025-11-30 04:49:58,118 - INFO - Scraping 6806/6851: https://www.refurbed.de/p/xiaomi-redmi-note-11-pro-5g/
2025-11-30 04:49:59,719 - INFO - Scraping 6807/6851: https://www.refurbed.de/p/xiaomi-redmi-note-11-pro-plus-5g/
2025-11-30 04:50:01,372 - INFO - Scraping 6808/6851: https://www.refurbed.de/p/xiaomi-redmi-note-11-pro/
2025-11-30 04:50:02,946 - INFO - Scraping 6809/6851: https://www.refurbed.de/p/xiaomi-redmi-note-11/
2025-11-30 04:50:04,560 - INFO - Scraping 6810/6851: https://www.refurbed.de/p/xiaomi-redmi-note-11s-5g/
2025-11-30 04:50:06,245 - INFO - Scraping 6811/6851: https://www.refurbed.de/p/xiaomi-redmi-note-11s/
2025-11-30 04:50:07,937 - INFO - Scraping 6812/6851: https://www.refurbed.de/p/xiaomi-redmi-note-12-5g/
2025-11-30 04:50:09,520 - INFO - Scraping 6813/6851: https://www.refurbed.de/p/xiaomi-redmi-note-12-pro-4g/
2025-11-30 04:50:11,468 - INFO - Scraping 6814/6851: https://www.refurbed.de/p/xiaomi-redmi-note-12-pro-plus-5g/
2025-11-30 04:50:13,069 - INFO - Scraping 6815/6851: https://www.refurbed.de/p/xiaomi-redmi-note-12-pro/
2025-11-30 04:50:14,559 - INFO - Scraping 6816/6851: https://www.refurbed.de/p/xiaomi-redmi-note-12/
2025-11-30 04:50:16,233 - INFO - Scraping 6817/6851: https://www.refurbed.de/p/xiaomi-redmi-note-12s/
2025-11-30 04:50:17,639 - INFO - Scraping 6818/6851: https://www.refurbed.de/p/xiaomi-redmi-note-13-5g/
2025-11-30 04:50:19,216 - INFO - Scraping 6819/6851: https://www.refurbed.de/p/xiaomi-redmi-note-13-pro-5g/
2025-11-30 04:50:20,661 - INFO - Scraping 6820/6851: https://www.refurbed.de/p/xiaomi-redmi-note-13-pro-plus-5g/
2025-11-30 04:50:22,290 - INFO - Scraping 6821/6851: https://www.refurbed.de/p/xiaomi-redmi-note-13-pro/
2025-11-30 04:50:23,904 - INFO - Scraping 6822/6851: https://www.refurbed.de/p/xiaomi-redmi-note-13/
2025-11-30 04:50:25,361 - INFO - Scraping 6823/6851: https://www.refurbed.de/p/xiaomi-redmi-note-14-5g/
2025-11-30 04:50:27,197 - INFO - Scraping 6824/6851: https://www.refurbed.de/p/xiaomi-redmi-note-14-pro-5g/
2025-11-30 04:50:28,602 - INFO - Scraping 6825/6851: https://www.refurbed.de/p/xiaomi-redmi-note-14-pro-plus-5g/
2025-11-30 04:50:30,043 - INFO - Scraping 6826/6851: https://www.refurbed.de/p/xiaomi-redmi-note-14-pro/
2025-11-30 04:50:31,447 - INFO - Scraping 6827/6851: https://www.refurbed.de/p/xiaomi-redmi-note-14/
2025-11-30 04:50:33,045 - INFO - Scraping 6828/6851: https://www.refurbed.de/p/xiaomi-redmi-note-3/
2025-11-30 04:50:34,471 - INFO - Scraping 6829/6851: https://www.refurbed.de/p/xiaomi-redmi-note-4/
2025-11-30 04:50:35,910 - INFO - Scraping 6830/6851: https://www.refurbed.de/p/xiaomi-redmi-note-5/
2025-11-30 04:50:37,345 - INFO - Scraping 6831/6851: https://www.refurbed.de/p/xiaomi-redmi-note-5a/
2025-11-30 04:50:38,751 - INFO - Scraping 6832/6851: https://www.refurbed.de/p/xiaomi-redmi-note-6-pro/
2025-11-30 04:50:40,593 - INFO - Scraping 6833/6851: https://www.refurbed.de/p/xiaomi-redmi-note-7/
2025-11-30 04:50:42,150 - INFO - Scraping 6834/6851: https://www.refurbed.de/p/xiaomi-redmi-note-8-pro/
2025-11-30 04:50:43,989 - INFO - Scraping 6835/6851: https://www.refurbed.de/p/xiaomi-redmi-note-8/
2025-11-30 04:50:45,593 - INFO - Scraping 6836/6851: https://www.refurbed.de/p/xiaomi-redmi-note-8t/
2025-11-30 04:50:47,212 - INFO - Scraping 6837/6851: https://www.refurbed.de/p/xiaomi-redmi-note-9-pro/
2025-11-30 04:50:48,828 - INFO - Scraping 6838/6851: https://www.refurbed.de/p/xiaomi-redmi-note-9/
2025-11-30 04:50:50,322 - INFO - Scraping 6839/6851: https://www.refurbed.de/p/xiaomi-redmi-note-9s/
2025-11-30 04:50:51,878 - INFO - Scraping 6840/6851: https://www.refurbed.de/p/xiaomi-redmi-note-9t/
2025-11-30 04:50:53,298 - INFO - Scraping 6841/6851: https://www.refurbed.de/p/xiaomi-redmi-pad-pro/
2025-11-30 04:50:54,727 - INFO - Scraping 6842/6851: https://www.refurbed.de/p/xiaomi-redmi-pad-se-8-7/
2025-11-30 04:50:56,200 - INFO - Scraping 6843/6851: https://www.refurbed.de/p/xiaomi-redmi-pad-se/
2025-11-30 04:50:57,616 - INFO - Scraping 6844/6851: https://www.refurbed.de/p/xiaomi-redmi-pad/
2025-11-30 04:50:59,026 - INFO - Scraping 6845/6851: https://www.refurbed.de/p/xiaomi-redmi-s2/
2025-11-30 04:51:00,495 - INFO - Scraping 6846/6851: https://www.refurbed.de/p/xiaomi-robot-vacuum-s12/
2025-11-30 04:51:01,919 - INFO - Scraping 6847/6851: https://www.refurbed.de/p/xiaomi-soundbar-3-1/
2025-11-30 04:51:03,357 - INFO - Scraping 6848/6851: https://www.refurbed.de/p/xiaomi-vacuum-g10/
2025-11-30 04:51:04,779 - INFO - Scraping 6849/6851: https://www.refurbed.de/p/xiaomi-vacuum-g9/
2025-11-30 04:51:06,344 - INFO - Scraping 6850/6851: https://www.refurbed.de/p/xiaomi-vacuum-mini/
2025-11-30 04:51:07,742 - INFO - Scraping 6851/6851: https://www.refurbed.de/p/xperia-1-v/
2025-11-30 04:51:09,554 - INFO - Scraping completed. Saved 5729 products in /home/runner/work/M3-scraper/M3-scraper/github/Scraped/Refurbed_251130.json and /home/runner/work/M3-scraper/M3-scraper/docs/Refurbed_251130.json
