2026-01-11 02:08:43,342 - INFO - Scraping 1/6851: https://www.refurbed.de/p/acer-315-n4000-15-6/
2026-01-11 02:08:44,850 - INFO - Scraping 2/6851: https://www.refurbed.de/p/acer-315-n4500-15-6/
2026-01-11 02:08:46,367 - INFO - Scraping 3/6851: https://www.refurbed.de/p/acer-a-3-spin-a3sp14-31pt-3-n100/
2026-01-11 02:08:48,002 - INFO - Scraping 4/6851: https://www.refurbed.de/p/acer-a-3-spin-a3sp14-31pt-3-n305/
2026-01-11 02:08:49,430 - INFO - Scraping 5/6851: https://www.refurbed.de/p/acer-a-5-spin-a5sp14-51mtn-1335u/
2026-01-11 02:08:50,967 - INFO - Scraping 6/6851: https://www.refurbed.de/p/acer-a-5-spin-a5sp14-51mtn-i7-14/
2026-01-11 02:08:52,377 - INFO - Scraping 7/6851: https://www.refurbed.de/p/acer-a-spin-14-i5-1335u/
2026-01-11 02:08:53,874 - INFO - Scraping 8/6851: https://www.refurbed.de/p/acer-ahr162/
2026-01-11 02:08:55,243 - INFO - Scraping 9/6851: https://www.refurbed.de/p/acer-ahw910/
2026-01-11 02:08:56,640 - INFO - Scraping 10/6851: https://www.refurbed.de/p/acer-asa630-active-stylus-pen/
2026-01-11 02:08:58,058 - INFO - Scraping 11/6851: https://www.refurbed.de/p/acer-aspire-1-14-pentium-silver-/
2026-01-11 02:08:59,361 - INFO - Scraping 12/6851: https://www.refurbed.de/p/acer-aspire-1-a114-61-s2jg/
2026-01-11 02:09:00,841 - INFO - Scraping 13/6851: https://www.refurbed.de/p/acer-aspire-1-a114-61-s2rf-7c/
2026-01-11 02:09:02,237 - INFO - Scraping 14/6851: https://www.refurbed.de/p/acer-aspire-1-a115-32-n4500/
2026-01-11 02:09:03,677 - INFO - Scraping 15/6851: https://www.refurbed.de/p/acer-aspire-1-nc-a114-61-s0g8-14/
2026-01-11 02:09:05,173 - INFO - Scraping 16/6851: https://www.refurbed.de/p/acer-aspire-3-a314-22-3250u/
2026-01-11 02:09:06,480 - INFO - Scraping 17/6851: https://www.refurbed.de/p/acer-aspire-3-a314-32-n4000/
2026-01-11 02:09:07,832 - INFO - Scraping 18/6851: https://www.refurbed.de/p/acer-aspire-3-a315-21-a9-9420e/
2026-01-11 02:09:08,172 - ERROR - Error fetching https://www.refurbed.de/p/acer-aspire-3-a315-21-a9-9420e/: 404 Client Error: Not Found for url: https://www.refurbed.de/p/acer-aspire-3-a315-21-a9-9420e/
2026-01-11 02:09:09,175 - INFO - Scraping 19/6851: https://www.refurbed.de/p/acer-aspire-3-a315-21-a9-9425/
2026-01-11 02:09:10,509 - INFO - Scraping 20/6851: https://www.refurbed.de/p/acer-aspire-3-a315-23-3250u/
2026-01-11 02:09:12,007 - INFO - Scraping 21/6851: https://www.refurbed.de/p/acer-aspire-3-a315-24p-7520u/
2026-01-11 02:09:13,428 - INFO - Scraping 22/6851: https://www.refurbed.de/p/acer-aspire-3-a315-29-i5-1235u/
2026-01-11 02:09:15,035 - INFO - Scraping 23/6851: https://www.refurbed.de/p/acer-aspire-3-a315-35-n5100/
2026-01-11 02:09:16,525 - INFO - Scraping 24/6851: https://www.refurbed.de/p/acer-aspire-3-a315-35-p45c/
2026-01-11 02:09:17,950 - INFO - Scraping 25/6851: https://www.refurbed.de/p/acer-aspire-3-a315-510p-n100/
2026-01-11 02:09:19,267 - INFO - Scraping 26/6851: https://www.refurbed.de/p/acer-aspire-3-a315-54-8265u/
2026-01-11 02:09:20,664 - INFO - Scraping 27/6851: https://www.refurbed.de/p/acer-aspire-3-a315-55g-10210u/
2026-01-11 02:09:21,986 - INFO - Scraping 28/6851: https://www.refurbed.de/p/acer-aspire-3-a315-58-1135g7/
2026-01-11 02:09:23,346 - INFO - Scraping 29/6851: https://www.refurbed.de/p/acer-aspire-3-a315-58-1165g7/
2026-01-11 02:09:24,792 - INFO - Scraping 30/6851: https://www.refurbed.de/p/acer-aspire-3-a315-58-i3-1115g4/
2026-01-11 02:09:26,148 - INFO - Scraping 31/6851: https://www.refurbed.de/p/acer-aspire-3-a315-59-1235u-15-6/
2026-01-11 02:09:27,470 - INFO - Scraping 32/6851: https://www.refurbed.de/p/acer-aspire-3-a317-33-p5ff/
2026-01-11 02:09:28,926 - INFO - Scraping 33/6851: https://www.refurbed.de/p/acer-aspire-3-a317-52-1035g1/
2026-01-11 02:09:30,275 - INFO - Scraping 34/6851: https://www.refurbed.de/p/acer-aspire-3-a317-54-1235u-17-3/
2026-01-11 02:09:31,661 - INFO - Scraping 35/6851: https://www.refurbed.de/p/acer-aspire-3-a4-9120e-14/
2026-01-11 02:09:31,832 - ERROR - Error fetching https://www.refurbed.de/p/acer-aspire-3-a4-9120e-14/: 404 Client Error: Not Found for url: https://www.refurbed.de/p/acer-aspire-3-a4-9120e-14/
2026-01-11 02:09:32,834 - INFO - Scraping 36/6851: https://www.refurbed.de/p/acer-aspire-5-a514-54-i3-1115g4/
2026-01-11 02:09:34,210 - INFO - Scraping 37/6851: https://www.refurbed.de/p/acer-aspire-5-a514-54-i5-1135g7/
2026-01-11 02:09:35,666 - INFO - Scraping 38/6851: https://www.refurbed.de/p/acer-aspire-5-a514-55-1255u-14/
2026-01-11 02:09:37,099 - INFO - Scraping 39/6851: https://www.refurbed.de/p/acer-aspire-5-a514-55-i5-1235u/
2026-01-11 02:09:38,461 - INFO - Scraping 40/6851: https://www.refurbed.de/p/acer-aspire-5-a514-57-i7-1255u/
2026-01-11 02:09:39,818 - INFO - Scraping 41/6851: https://www.refurbed.de/p/acer-aspire-5-a514-57g-7-1260p/
2026-01-11 02:09:41,138 - INFO - Scraping 42/6851: https://www.refurbed.de/p/acer-aspire-5-a515-1005g1/
2026-01-11 02:09:42,657 - INFO - Scraping 43/6851: https://www.refurbed.de/p/acer-aspire-5-a515-1065g7/
2026-01-11 02:09:43,996 - INFO - Scraping 44/6851: https://www.refurbed.de/p/acer-aspire-5-a515-44-r5-4500u/
2026-01-11 02:09:45,477 - INFO - Scraping 45/6851: https://www.refurbed.de/p/acer-aspire-5-a515-44-r7-4700u/
2026-01-11 02:09:46,872 - INFO - Scraping 46/6851: https://www.refurbed.de/p/acer-aspire-5-a515-45g-r5-5500u/
2026-01-11 02:09:48,172 - INFO - Scraping 47/6851: https://www.refurbed.de/p/acer-aspire-5-a515-45g-r7-5700u/
2026-01-11 02:09:49,517 - INFO - Scraping 48/6851: https://www.refurbed.de/p/acer-aspire-5-a515-45r-r7-5700u/
2026-01-11 02:09:50,830 - INFO - Scraping 49/6851: https://www.refurbed.de/p/acer-aspire-5-a515-45r-r7-5825u/
2026-01-11 02:09:52,223 - INFO - Scraping 50/6851: https://www.refurbed.de/p/acer-aspire-5-a515-48m-r5-7530u/
2026-01-11 02:09:53,563 - INFO - Scraping 51/6851: https://www.refurbed.de/p/acer-aspire-5-a515-56-1135g7-15/
2026-01-11 02:09:54,863 - INFO - Scraping 52/6851: https://www.refurbed.de/p/acer-aspire-5-a515-56-1165g7-15/
2026-01-11 02:09:56,192 - INFO - Scraping 53/6851: https://www.refurbed.de/p/acer-aspire-5-a515-57g-i5-1235u/
2026-01-11 02:09:57,533 - INFO - Scraping 54/6851: https://www.refurbed.de/p/acer-aspire-5-a515-58m-i5-1335u/
2026-01-11 02:09:58,932 - INFO - Scraping 55/6851: https://www.refurbed.de/p/acer-aspire-5-a515-r5-5500u/
2026-01-11 02:10:00,408 - INFO - Scraping 56/6851: https://www.refurbed.de/p/acer-aspire-5-a517-52g-i5-1135g7/
2026-01-11 02:10:01,765 - INFO - Scraping 57/6851: https://www.refurbed.de/p/acer-aspire-5-a517-52g1165g7-17/
2026-01-11 02:10:03,235 - INFO - Scraping 58/6851: https://www.refurbed.de/p/acer-aspire-5-a517-53-i5-1235u/
2026-01-11 02:10:04,574 - INFO - Scraping 59/6851: https://www.refurbed.de/p/acer-aspire-5-a517-53-i5-12450h/
2026-01-11 02:10:05,977 - INFO - Scraping 60/6851: https://www.refurbed.de/p/acer-aspire-5-a517-53g-1240p-17/
2026-01-11 02:10:07,288 - INFO - Scraping 61/6851: https://www.refurbed.de/p/acer-aspire-5-a517-53g-i7-1255u/
2026-01-11 02:10:08,651 - INFO - Scraping 62/6851: https://www.refurbed.de/p/acer-aspire-5-a517-58m-i3-1315u/
2026-01-11 02:10:10,016 - INFO - Scraping 63/6851: https://www.refurbed.de/p/acer-aspire-5-i5-10210u/
2026-01-11 02:10:11,332 - INFO - Scraping 64/6851: https://www.refurbed.de/p/acer-aspire-5-i5-8265u/
2026-01-11 02:10:12,773 - INFO - Scraping 65/6851: https://www.refurbed.de/p/acer-aspire-5a515-55-i5-1035g1/
2026-01-11 02:10:14,074 - INFO - Scraping 66/6851: https://www.refurbed.de/p/acer-aspire-7-a715-42g-r7-5700u/
2026-01-11 02:10:15,470 - INFO - Scraping 67/6851: https://www.refurbed.de/p/acer-aspire-7-a715-43g-r5-5625u/
2026-01-11 02:10:16,873 - INFO - Scraping 68/6851: https://www.refurbed.de/p/acer-aspire-7-a715-51g-1260p/
2026-01-11 02:10:18,270 - INFO - Scraping 69/6851: https://www.refurbed.de/p/acer-aspire-7-a715-51g-i5-1240p/
2026-01-11 02:10:19,718 - INFO - Scraping 70/6851: https://www.refurbed.de/p/acer-aspire-c22-820-j5005/
2026-01-11 02:10:21,342 - INFO - Scraping 71/6851: https://www.refurbed.de/p/acer-aspire-e1-572-4200u-12/
2026-01-11 02:10:21,526 - ERROR - Error fetching https://www.refurbed.de/p/acer-aspire-e1-572-4200u-12/: 404 Client Error: Not Found for url: https://www.refurbed.de/p/acer-aspire-e1-572-4200u-12/
2026-01-11 02:10:22,527 - INFO - Scraping 72/6851: https://www.refurbed.de/p/acer-aspire-e15-e5-574g-6500u/
2026-01-11 02:10:22,741 - ERROR - Error fetching https://www.refurbed.de/p/acer-aspire-e15-e5-574g-6500u/: 404 Client Error: Not Found for url: https://www.refurbed.de/p/acer-aspire-e15-e5-574g-6500u/
2026-01-11 02:10:23,743 - INFO - Scraping 73/6851: https://www.refurbed.de/p/acer-aspire-e15-e5-575g-7200u/
2026-01-11 02:10:23,915 - ERROR - Error fetching https://www.refurbed.de/p/acer-aspire-e15-e5-575g-7200u/: 404 Client Error: Not Found for url: https://www.refurbed.de/p/acer-aspire-e15-e5-575g-7200u/
2026-01-11 02:10:24,917 - INFO - Scraping 74/6851: https://www.refurbed.de/p/acer-aspire-e15-e5576-i3-6006u/
2026-01-11 02:10:26,201 - INFO - Scraping 75/6851: https://www.refurbed.de/p/acer-aspire-e5-576g-i5-8250u/
2026-01-11 02:10:26,511 - ERROR - Error fetching https://www.refurbed.de/p/acer-aspire-e5-576g-i5-8250u/: 404 Client Error: Not Found for url: https://www.refurbed.de/p/acer-aspire-e5-576g-i5-8250u/
2026-01-11 02:10:27,513 - INFO - Scraping 76/6851: https://www.refurbed.de/p/acer-aspire-es-15-a8-7410/
2026-01-11 02:10:27,683 - ERROR - Error fetching https://www.refurbed.de/p/acer-aspire-es-15-a8-7410/: 404 Client Error: Not Found for url: https://www.refurbed.de/p/acer-aspire-es-15-a8-7410/
2026-01-11 02:10:28,685 - INFO - Scraping 77/6851: https://www.refurbed.de/p/acer-aspire-es-15-e1-7010/
2026-01-11 02:10:28,864 - ERROR - Error fetching https://www.refurbed.de/p/acer-aspire-es-15-e1-7010/: 404 Client Error: Not Found for url: https://www.refurbed.de/p/acer-aspire-es-15-e1-7010/
2026-01-11 02:10:29,865 - INFO - Scraping 78/6851: https://www.refurbed.de/p/acer-aspire-es1-a8-7410-15-6/
2026-01-11 02:10:30,029 - ERROR - Error fetching https://www.refurbed.de/p/acer-aspire-es1-a8-7410-15-6/: 404 Client Error: Not Found for url: https://www.refurbed.de/p/acer-aspire-es1-a8-7410-15-6/
2026-01-11 02:10:31,031 - INFO - Scraping 79/6851: https://www.refurbed.de/p/acer-aspire-es1-n3700-15-6/
2026-01-11 02:10:31,198 - ERROR - Error fetching https://www.refurbed.de/p/acer-aspire-es1-n3700-15-6/: 404 Client Error: Not Found for url: https://www.refurbed.de/p/acer-aspire-es1-n3700-15-6/
2026-01-11 02:10:32,200 - INFO - Scraping 80/6851: https://www.refurbed.de/p/acer-aspire-f15-f5-573g-7200u-15/
2026-01-11 02:10:32,380 - ERROR - Error fetching https://www.refurbed.de/p/acer-aspire-f15-f5-573g-7200u-15/: 404 Client Error: Not Found for url: https://www.refurbed.de/p/acer-aspire-f15-f5-573g-7200u-15/
2026-01-11 02:10:33,382 - INFO - Scraping 81/6851: https://www.refurbed.de/p/acer-aspire-tc-886/
2026-01-11 02:10:33,565 - ERROR - Error fetching https://www.refurbed.de/p/acer-aspire-tc-886/: 404 Client Error: Not Found for url: https://www.refurbed.de/p/acer-aspire-tc-886/
2026-01-11 02:10:34,567 - INFO - Scraping 82/6851: https://www.refurbed.de/p/acer-aspire-tc-895/
2026-01-11 02:10:34,754 - ERROR - Error fetching https://www.refurbed.de/p/acer-aspire-tc-895/: 404 Client Error: Not Found for url: https://www.refurbed.de/p/acer-aspire-tc-895/
2026-01-11 02:10:35,756 - INFO - Scraping 83/6851: https://www.refurbed.de/p/acer-aspire-v15-nitro-13620h/
2026-01-11 02:10:37,081 - INFO - Scraping 84/6851: https://www.refurbed.de/p/acer-aspire-v15-nitro-6200u-15-6/
2026-01-11 02:10:37,265 - ERROR - Error fetching https://www.refurbed.de/p/acer-aspire-v15-nitro-6200u-15-6/: 404 Client Error: Not Found for url: https://www.refurbed.de/p/acer-aspire-v15-nitro-6200u-15-6/
2026-01-11 02:10:38,267 - INFO - Scraping 85/6851: https://www.refurbed.de/p/acer-aspire-v17-nitro-6700hq-17/
2026-01-11 02:10:38,452 - ERROR - Error fetching https://www.refurbed.de/p/acer-aspire-v17-nitro-6700hq-17/: 404 Client Error: Not Found for url: https://www.refurbed.de/p/acer-aspire-v17-nitro-6700hq-17/
2026-01-11 02:10:39,454 - INFO - Scraping 86/6851: https://www.refurbed.de/p/acer-aspire-v5-591g-6300hq-15-6/
2026-01-11 02:10:39,666 - ERROR - Error fetching https://www.refurbed.de/p/acer-aspire-v5-591g-6300hq-15-6/: 404 Client Error: Not Found for url: https://www.refurbed.de/p/acer-aspire-v5-591g-6300hq-15-6/
2026-01-11 02:10:40,668 - INFO - Scraping 87/6851: https://www.refurbed.de/p/acer-aspire-vero-av14-51-1235u/
2026-01-11 02:10:42,003 - INFO - Scraping 88/6851: https://www.refurbed.de/p/acer-aspire-vero-av14-52p-1335u/
2026-01-11 02:10:43,357 - INFO - Scraping 89/6851: https://www.refurbed.de/p/acer-aspire-vero-av15-51-1155g7/
2026-01-11 02:10:44,693 - INFO - Scraping 90/6851: https://www.refurbed.de/p/acer-aspire-vero-av15-51-1195g7/
2026-01-11 02:10:46,000 - INFO - Scraping 91/6851: https://www.refurbed.de/p/acer-aspire-vero-av15-52-1235u/
2026-01-11 02:10:47,301 - INFO - Scraping 92/6851: https://www.refurbed.de/p/acer-aspire-vero-av15-53p-1335u/
2026-01-11 02:10:48,645 - INFO - Scraping 93/6851: https://www.refurbed.de/p/acer-aspire-xc-605/
2026-01-11 02:10:48,822 - ERROR - Error fetching https://www.refurbed.de/p/acer-aspire-xc-605/: 404 Client Error: Not Found for url: https://www.refurbed.de/p/acer-aspire-xc-605/
2026-01-11 02:10:49,824 - INFO - Scraping 94/6851: https://www.refurbed.de/p/acer-b223w-22/
2026-01-11 02:10:51,293 - INFO - Scraping 95/6851: https://www.refurbed.de/p/acer-b223wl/
2026-01-11 02:10:52,768 - INFO - Scraping 96/6851: https://www.refurbed.de/p/acer-b243hl-24/
2026-01-11 02:10:54,094 - INFO - Scraping 97/6851: https://www.refurbed.de/p/acer-b246hl-24/
2026-01-11 02:10:55,546 - INFO - Scraping 98/6851: https://www.refurbed.de/p/acer-b246hyl-23-8/
2026-01-11 02:10:57,031 - INFO - Scraping 99/6851: https://www.refurbed.de/p/acer-b246wl-24/
2026-01-11 02:10:58,472 - INFO - Scraping 100/6851: https://www.refurbed.de/p/acer-b246wlymdprx-24/
2026-01-11 02:10:59,878 - INFO - Scraping 101/6851: https://www.refurbed.de/p/acer-b247wbmiprzx/
2026-01-11 02:11:01,177 - INFO - Scraping 102/6851: https://www.refurbed.de/p/acer-b247ybmiprzx/
2026-01-11 02:11:02,509 - INFO - Scraping 103/6851: https://www.refurbed.de/p/acer-b273h-27/
2026-01-11 02:11:03,905 - INFO - Scraping 104/6851: https://www.refurbed.de/p/acer-b276hl-27/
2026-01-11 02:11:05,361 - INFO - Scraping 105/6851: https://www.refurbed.de/p/acer-be24eqsk-23/
2026-01-11 02:11:06,668 - INFO - Scraping 106/6851: https://www.refurbed.de/p/acer-be270u/
2026-01-11 02:11:07,963 - INFO - Scraping 107/6851: https://www.refurbed.de/p/acer-business-b3-b243hlloymdr/
2026-01-11 02:11:09,276 - INFO - Scraping 108/6851: https://www.refurbed.de/p/acer-business-b6-b226wlwmdpr/
2026-01-11 02:11:10,624 - INFO - Scraping 109/6851: https://www.refurbed.de/p/acer-business-b6-b226wlymdr/
2026-01-11 02:11:11,918 - INFO - Scraping 110/6851: https://www.refurbed.de/p/acer-business-b6-b246hlymdr/
2026-01-11 02:11:13,220 - INFO - Scraping 111/6851: https://www.refurbed.de/p/acer-business-b6-b246hylbwmipr/
2026-01-11 02:11:14,651 - INFO - Scraping 112/6851: https://www.refurbed.de/p/acer-business-b6-b276hul-27/
2026-01-11 02:11:16,351 - INFO - Scraping 113/6851: https://www.refurbed.de/p/acer-business-vero-b7-b247yd/
2026-01-11 02:11:17,684 - INFO - Scraping 114/6851: https://www.refurbed.de/p/acer-business-vero-b7-b277u/
2026-01-11 02:11:19,034 - INFO - Scraping 115/6851: https://www.refurbed.de/p/acer-cb-14-cb3-431-n3060-14/
2026-01-11 02:11:20,364 - INFO - Scraping 116/6851: https://www.refurbed.de/p/acer-cb-14-cb3-431-n3160-14/
2026-01-11 02:11:21,660 - INFO - Scraping 117/6851: https://www.refurbed.de/p/acer-cb-15-n3160-15-6/
2026-01-11 02:11:23,012 - INFO - Scraping 118/6851: https://www.refurbed.de/p/acer-cb-514-cb514-1ht-n3350-14/
2026-01-11 02:11:24,356 - INFO - Scraping 119/6851: https://www.refurbed.de/p/acer-cb-514-cb514-1ht-n4200-14/
2026-01-11 02:11:25,693 - INFO - Scraping 120/6851: https://www.refurbed.de/p/acer-cb-514-cb514-1w-1115g4-14/
2026-01-11 02:11:27,024 - INFO - Scraping 121/6851: https://www.refurbed.de/p/acer-cb-514-cb514-1w-1135g7-14/
2026-01-11 02:11:28,321 - INFO - Scraping 122/6851: https://www.refurbed.de/p/acer-cb-514-cb514-2ht-mt8192-14/
2026-01-11 02:11:29,716 - INFO - Scraping 123/6851: https://www.refurbed.de/p/acer-cb-515-cb515-2ht-39n3-i3/
2026-01-11 02:11:31,044 - INFO - Scraping 124/6851: https://www.refurbed.de/p/acer-cb-516-ge-cbg516-1h-1240p/
2026-01-11 02:11:32,443 - INFO - Scraping 125/6851: https://www.refurbed.de/p/acer-cb-c738t-c27b-n3160-11-6/
2026-01-11 02:11:33,834 - INFO - Scraping 126/6851: https://www.refurbed.de/p/acer-cb-spin-13-i3-8130u/
2026-01-11 02:11:35,152 - INFO - Scraping 127/6851: https://www.refurbed.de/p/acer-cb-spin-13-i5-1135g7/
2026-01-11 02:11:36,658 - INFO - Scraping 128/6851: https://www.refurbed.de/p/acer-cb-spin-13-i5-8250u/
2026-01-11 02:11:38,015 - INFO - Scraping 129/6851: https://www.refurbed.de/p/acer-cb-spin-13-i5-8350u/
2026-01-11 02:11:39,355 - INFO - Scraping 130/6851: https://www.refurbed.de/p/acer-cb-spin-13-i7-8650u/
2026-01-11 02:11:40,682 - INFO - Scraping 131/6851: https://www.refurbed.de/p/acer-cb-spin-13-pent-gold-4415u/
2026-01-11 02:11:42,037 - INFO - Scraping 132/6851: https://www.refurbed.de/p/acer-cb-spin-311-cp311-3h-mt8183/
2026-01-11 02:11:43,451 - INFO - Scraping 133/6851: https://www.refurbed.de/p/acer-cb-spin-314-cp314-1hn-n4500/
2026-01-11 02:11:44,805 - INFO - Scraping 134/6851: https://www.refurbed.de/p/acer-cb-spin-314-cp314-1hn-n5100/
2026-01-11 02:11:46,141 - INFO - Scraping 135/6851: https://www.refurbed.de/p/acer-cb-spin-513-cp513-1h-7c/
2026-01-11 02:11:47,447 - INFO - Scraping 136/6851: https://www.refurbed.de/p/acer-cb-spin-513-cp513-1hl-s00a/
2026-01-11 02:11:48,762 - INFO - Scraping 137/6851: https://www.refurbed.de/p/acer-cb-spin-513-r841lt-7c-13/
2026-01-11 02:11:50,105 - INFO - Scraping 138/6851: https://www.refurbed.de/p/acer-cb-spin-514-3050c-14/
2026-01-11 02:11:51,472 - INFO - Scraping 139/6851: https://www.refurbed.de/p/acer-cb-spin-514-cp514-3hh-5625c/
2026-01-11 02:11:52,785 - INFO - Scraping 140/6851: https://www.refurbed.de/p/acer-cb-spin-514-ryzen-5-3500c/
2026-01-11 02:11:54,114 - INFO - Scraping 141/6851: https://www.refurbed.de/p/acer-cb1-cb241hybmdpr/
2026-01-11 02:11:55,474 - INFO - Scraping 142/6851: https://www.refurbed.de/p/acer-cb1-cb241hybmdprz/
2026-01-11 02:11:56,810 - INFO - Scraping 143/6851: https://www.refurbed.de/p/acer-cb241h-24/
2026-01-11 02:11:58,111 - INFO - Scraping 144/6851: https://www.refurbed.de/p/acer-cb241hy-28/
2026-01-11 02:11:59,443 - INFO - Scraping 145/6851: https://www.refurbed.de/p/acer-cb315-3h-c2af-n4020-15-6/
2026-01-11 02:12:00,837 - INFO - Scraping 146/6851: https://www.refurbed.de/p/acer-cb315-3ht-c47q-n4100/
2026-01-11 02:12:02,140 - INFO - Scraping 147/6851: https://www.refurbed.de/p/acer-cb315-3ht-c8ag-n4120-15-6/
2026-01-11 02:12:03,478 - INFO - Scraping 148/6851: https://www.refurbed.de/p/acer-cb315-3ht-n4000-15-6/
2026-01-11 02:12:04,812 - INFO - Scraping 149/6851: https://www.refurbed.de/p/acer-cb315-3ht-n4120-15-6/
2026-01-11 02:12:06,257 - INFO - Scraping 150/6851: https://www.refurbed.de/p/acer-cb315-3ht-p297-n5000-15-6/
2026-01-11 02:12:07,636 - INFO - Scraping 151/6851: https://www.refurbed.de/p/acer-cb317-1h-n5100-17-3/
2026-01-11 02:12:08,941 - INFO - Scraping 152/6851: https://www.refurbed.de/p/acer-cb317-1h-n6000-17-3/
2026-01-11 02:12:10,270 - INFO - Scraping 153/6851: https://www.refurbed.de/p/acer-cb317-1ht-n6000-17-3/
2026-01-11 02:12:11,757 - INFO - Scraping 154/6851: https://www.refurbed.de/p/acer-chrome-combo-set-aak970/
2026-01-11 02:12:13,094 - INFO - Scraping 155/6851: https://www.refurbed.de/p/acer-chromebase-ca24i2-23-8/
2026-01-11 02:12:14,456 - INFO - Scraping 156/6851: https://www.refurbed.de/p/acer-chromebook-11-c732lt-n3450/
2026-01-11 02:12:15,783 - INFO - Scraping 157/6851: https://www.refurbed.de/p/acer-chromebook-11-n7-c731-n3060/
2026-01-11 02:12:17,146 - INFO - Scraping 158/6851: https://www.refurbed.de/p/acer-chromebook-15-n4120/
2026-01-11 02:12:18,467 - INFO - Scraping 159/6851: https://www.refurbed.de/p/acer-chromebook-15-n5030/
2026-01-11 02:12:19,839 - INFO - Scraping 160/6851: https://www.refurbed.de/p/acer-chromebook-314-n4020/
2026-01-11 02:12:21,146 - INFO - Scraping 161/6851: https://www.refurbed.de/p/acer-chromebook-314-n4100-14/
2026-01-11 02:12:22,580 - INFO - Scraping 162/6851: https://www.refurbed.de/p/acer-chromebook-314-n4120/
2026-01-11 02:12:23,929 - INFO - Scraping 163/6851: https://www.refurbed.de/p/acer-chromebook-314-n5030/
2026-01-11 02:12:25,334 - INFO - Scraping 164/6851: https://www.refurbed.de/p/acer-chromebook-314-n6000-14/
2026-01-11 02:12:26,709 - INFO - Scraping 165/6851: https://www.refurbed.de/p/acer-chromebook-315-n5030/
2026-01-11 02:12:28,032 - INFO - Scraping 166/6851: https://www.refurbed.de/p/acer-chromebook-511-n4120-11-6/
2026-01-11 02:12:29,383 - INFO - Scraping 167/6851: https://www.refurbed.de/p/acer-chromebook-514-1115g4/
2026-01-11 02:12:30,694 - INFO - Scraping 168/6851: https://www.refurbed.de/p/acer-chromebook-514-n4200/
2026-01-11 02:12:32,006 - INFO - Scraping 169/6851: https://www.refurbed.de/p/acer-chromebook-514-pentium7505/
2026-01-11 02:12:33,382 - INFO - Scraping 170/6851: https://www.refurbed.de/p/acer-chromebook-515-1115g4-15-6/
2026-01-11 02:12:34,738 - INFO - Scraping 171/6851: https://www.refurbed.de/p/acer-chromebook-515-i5-1135g7-15/
2026-01-11 02:12:36,069 - INFO - Scraping 172/6851: https://www.refurbed.de/p/acer-chromebook-713-i3-10110u-13/
2026-01-11 02:12:37,427 - INFO - Scraping 173/6851: https://www.refurbed.de/p/acer-chromebook-713-i3-1115g4/
2026-01-11 02:12:38,757 - INFO - Scraping 174/6851: https://www.refurbed.de/p/acer-chromebook-713-i5-10210u-13/
2026-01-11 02:12:40,088 - INFO - Scraping 175/6851: https://www.refurbed.de/p/acer-chromebook-713-i5-1135g7/
2026-01-11 02:12:41,399 - INFO - Scraping 176/6851: https://www.refurbed.de/p/acer-chromebook-713-i5-8250u/
2026-01-11 02:12:42,716 - INFO - Scraping 177/6851: https://www.refurbed.de/p/acer-chromebook-713-i7-10510u/
2026-01-11 02:12:44,051 - INFO - Scraping 178/6851: https://www.refurbed.de/p/acer-chromebook-713-i7-1165g7/
2026-01-11 02:12:45,393 - INFO - Scraping 179/6851: https://www.refurbed.de/p/acer-chromebook-714-4417u/
2026-01-11 02:12:46,751 - INFO - Scraping 180/6851: https://www.refurbed.de/p/acer-chromebook-714-i3-8130u/
2026-01-11 02:12:48,095 - INFO - Scraping 181/6851: https://www.refurbed.de/p/acer-chromebook-714-i5-1235u/
2026-01-11 02:12:49,424 - INFO - Scraping 182/6851: https://www.refurbed.de/p/acer-chromebook-714-i5-1335u/
2026-01-11 02:12:50,854 - INFO - Scraping 183/6851: https://www.refurbed.de/p/acer-chromebook-714-i5-8250u/
2026-01-11 02:12:52,209 - INFO - Scraping 184/6851: https://www.refurbed.de/p/acer-chromebook-715-8250u/
2026-01-11 02:12:53,554 - INFO - Scraping 185/6851: https://www.refurbed.de/p/acer-chromebook-715-i3-8130u/
2026-01-11 02:12:54,891 - INFO - Scraping 186/6851: https://www.refurbed.de/p/acer-chromebook-715-i5-8350u/
2026-01-11 02:12:56,224 - INFO - Scraping 187/6851: https://www.refurbed.de/p/acer-chromebook-c720-2955u/
2026-01-11 02:12:56,437 - ERROR - Error fetching https://www.refurbed.de/p/acer-chromebook-c720-2955u/: 404 Client Error: Not Found for url: https://www.refurbed.de/p/acer-chromebook-c720-2955u/
2026-01-11 02:12:57,439 - INFO - Scraping 188/6851: https://www.refurbed.de/p/acer-chromebook-cb514-1wt-57ym/
2026-01-11 02:12:58,852 - INFO - Scraping 189/6851: https://www.refurbed.de/p/acer-chromebook-cb514-n4200/
2026-01-11 02:13:00,357 - INFO - Scraping 190/6851: https://www.refurbed.de/p/acer-chromebook-plus-514-i3-n305/
2026-01-11 02:13:01,691 - INFO - Scraping 191/6851: https://www.refurbed.de/p/acer-chromebook-r13-mt8173c/
2026-01-11 02:13:03,046 - INFO - Scraping 192/6851: https://www.refurbed.de/p/acer-chromebook-spin-11-n3350/
2026-01-11 02:13:04,358 - INFO - Scraping 193/6851: https://www.refurbed.de/p/acer-chromebook-spin-11-n3450/
2026-01-11 02:13:05,732 - INFO - Scraping 194/6851: https://www.refurbed.de/p/acer-chromebook-spin-15-n4200/
2026-01-11 02:13:07,106 - INFO - Scraping 195/6851: https://www.refurbed.de/p/acer-chromebook-spin-714-1260p/
2026-01-11 02:13:08,465 - INFO - Scraping 196/6851: https://www.refurbed.de/p/acer-chromebook-vero-514-1215u/
2026-01-11 02:13:09,842 - INFO - Scraping 197/6851: https://www.refurbed.de/p/acer-chromebook-vero-514-1235u/
2026-01-11 02:13:11,180 - INFO - Scraping 198/6851: https://www.refurbed.de/p/acer-chromebook-vero-514-1255u/
2026-01-11 02:13:12,507 - INFO - Scraping 199/6851: https://www.refurbed.de/p/acer-chromebox-cxi3/
2026-01-11 02:13:13,868 - INFO - Scraping 200/6851: https://www.refurbed.de/p/acer-chromebox-cxi4/
2026-01-11 02:13:15,177 - INFO - Scraping 201/6851: https://www.refurbed.de/p/acer-combo-100-gp-acc11/
2026-01-11 02:13:16,474 - INFO - Scraping 202/6851: https://www.refurbed.de/p/acer-concept-3-pro-10750h/
2026-01-11 02:13:17,807 - INFO - Scraping 203/6851: https://www.refurbed.de/p/acer-conceptd-3-cc314-73g-11800h/
2026-01-11 02:13:19,118 - INFO - Scraping 204/6851: https://www.refurbed.de/p/acer-conceptd-3-pro-cn314-73p/
2026-01-11 02:13:20,438 - INFO - Scraping 205/6851: https://www.refurbed.de/p/acer-conceptd-3-pro-cn315-10750h/
2026-01-11 02:13:21,804 - INFO - Scraping 206/6851: https://www.refurbed.de/p/acer-conceptd-3-pro-cn316-73p-i7/
2026-01-11 02:13:23,122 - INFO - Scraping 207/6851: https://www.refurbed.de/p/acer-conceptd-5-pro-cn516-72p-i7/
2026-01-11 02:13:24,449 - INFO - Scraping 208/6851: https://www.refurbed.de/p/acer-conceptd-7-cn715-71-9750h/
2026-01-11 02:13:25,771 - INFO - Scraping 209/6851: https://www.refurbed.de/p/acer-conceptd-combo-set/
2026-01-11 02:13:27,100 - INFO - Scraping 210/6851: https://www.refurbed.de/p/acer-conceptd-ezel-7-xeon-w10885/
2026-01-11 02:13:28,453 - INFO - Scraping 211/6851: https://www.refurbed.de/p/acer-conceptd-ezel-pro-10875h/
2026-01-11 02:13:29,766 - INFO - Scraping 212/6851: https://www.refurbed.de/p/acer-conceptd-ezel-pro-w-10885m/
2026-01-11 02:13:31,126 - INFO - Scraping 213/6851: https://www.refurbed.de/p/acer-connect-m5-5g/
2026-01-11 02:13:32,463 - INFO - Scraping 214/6851: https://www.refurbed.de/p/acer-ed0-ed270upbiipx/
2026-01-11 02:13:33,814 - INFO - Scraping 215/6851: https://www.refurbed.de/p/acer-ed6-ed246ybix/
2026-01-11 02:13:35,266 - INFO - Scraping 216/6851: https://www.refurbed.de/p/acer-enduro-connect-m3-5g/
2026-01-11 02:13:36,565 - INFO - Scraping 217/6851: https://www.refurbed.de/p/acer-extensa-15-ex215-51-10210u/
2026-01-11 02:13:37,902 - INFO - Scraping 218/6851: https://www.refurbed.de/p/acer-extensa-15-ex215-54-1135g7/
2026-01-11 02:13:39,359 - INFO - Scraping 219/6851: https://www.refurbed.de/p/acer-gen1-usb-type-c-dock/
2026-01-11 02:13:40,684 - INFO - Scraping 220/6851: https://www.refurbed.de/p/acer-h6518sti/
2026-01-11 02:13:42,122 - INFO - Scraping 221/6851: https://www.refurbed.de/p/acer-h6800bda/
2026-01-11 02:13:43,417 - INFO - Scraping 222/6851: https://www.refurbed.de/p/acer-halo-smart/
2026-01-11 02:13:44,824 - INFO - Scraping 223/6851: https://www.refurbed.de/p/acer-iconia-b1-711/
2026-01-11 02:13:46,149 - INFO - Scraping 224/6851: https://www.refurbed.de/p/acer-iconia-one-10/
2026-01-11 02:13:47,462 - INFO - Scraping 225/6851: https://www.refurbed.de/p/acer-iconia-tab-p10/
2026-01-11 02:13:48,855 - INFO - Scraping 226/6851: https://www.refurbed.de/p/acer-ka0-ka270habid/
2026-01-11 02:13:50,172 - INFO - Scraping 227/6851: https://www.refurbed.de/p/acer-ka1-ka221qbid-21-5/
2026-01-11 02:13:51,630 - INFO - Scraping 228/6851: https://www.refurbed.de/p/acer-ka2-ka242yebi-23-8/
2026-01-11 02:13:52,988 - INFO - Scraping 229/6851: https://www.refurbed.de/p/acer-ka2-ka272bi-27/
2026-01-11 02:13:54,346 - INFO - Scraping 230/6851: https://www.refurbed.de/p/acer-ka220hqbid-21-5/
2026-01-11 02:13:55,857 - INFO - Scraping 231/6851: https://www.refurbed.de/p/acer-kg1-kg241ysbiip-23-8/
2026-01-11 02:13:57,173 - INFO - Scraping 232/6851: https://www.refurbed.de/p/acer-liquid-z4/
2026-01-11 02:13:58,751 - INFO - Scraping 233/6851: https://www.refurbed.de/p/acer-liquid-z410/
2026-01-11 02:14:00,083 - INFO - Scraping 234/6851: https://www.refurbed.de/p/acer-nitro-16-r-9-8945hs-16/
2026-01-11 02:14:01,451 - INFO - Scraping 235/6851: https://www.refurbed.de/p/acer-nitro-17-an17-51-i7-13700h/
2026-01-11 02:14:02,840 - INFO - Scraping 236/6851: https://www.refurbed.de/p/acer-nitro-5-an515-44-r7-4800h/
2026-01-11 02:14:04,150 - INFO - Scraping 237/6851: https://www.refurbed.de/p/acer-nitro-5-an515-45-r5-5600h/
2026-01-11 02:14:05,530 - INFO - Scraping 238/6851: https://www.refurbed.de/p/acer-nitro-5-an515-45-r7-5800hx/
2026-01-11 02:14:06,867 - INFO - Scraping 239/6851: https://www.refurbed.de/p/acer-nitro-5-an515-45-r9-5900hx/
2026-01-11 02:14:08,223 - INFO - Scraping 240/6851: https://www.refurbed.de/p/acer-nitro-5-an515-46-r7-6800h/
2026-01-11 02:14:09,610 - INFO - Scraping 241/6851: https://www.refurbed.de/p/acer-nitro-5-an515-46-r9-6900hx/
2026-01-11 02:14:11,019 - INFO - Scraping 242/6851: https://www.refurbed.de/p/acer-nitro-5-an515-54-9300h-15/
2026-01-11 02:14:12,387 - INFO - Scraping 243/6851: https://www.refurbed.de/p/acer-nitro-5-an515-54-9750h-15/
2026-01-11 02:14:13,740 - INFO - Scraping 244/6851: https://www.refurbed.de/p/acer-nitro-5-an515-57-i7-11800h/
2026-01-11 02:14:15,364 - INFO - Scraping 245/6851: https://www.refurbed.de/p/acer-nitro-5-an515-58-70s9-i7/
2026-01-11 02:14:16,719 - INFO - Scraping 246/6851: https://www.refurbed.de/p/acer-nitro-5-an515-58-i7-12700h/
2026-01-11 02:14:18,083 - INFO - Scraping 247/6851: https://www.refurbed.de/p/acer-nitro-5-an517-41-r5-5600h/
2026-01-11 02:14:19,412 - INFO - Scraping 248/6851: https://www.refurbed.de/p/acer-nitro-5-an517-41-r7-5800h/
2026-01-11 02:14:20,737 - INFO - Scraping 249/6851: https://www.refurbed.de/p/acer-nitro-5-an517-41-r80q-15-6/
2026-01-11 02:14:22,032 - INFO - Scraping 250/6851: https://www.refurbed.de/p/acer-nitro-5-an517-41-r9-5900hx/
2026-01-11 02:14:23,420 - INFO - Scraping 251/6851: https://www.refurbed.de/p/acer-nitro-5-an517-42-r7-6800h/
2026-01-11 02:14:24,773 - INFO - Scraping 252/6851: https://www.refurbed.de/p/acer-nitro-5-an517-42-r9-6900hx/
2026-01-11 02:14:26,119 - INFO - Scraping 253/6851: https://www.refurbed.de/p/acer-nitro-5-an517-52-10300h/
2026-01-11 02:14:27,484 - INFO - Scraping 254/6851: https://www.refurbed.de/p/acer-nitro-5-an517-52-78c3-10750/
2026-01-11 02:14:28,815 - INFO - Scraping 255/6851: https://www.refurbed.de/p/acer-nitro-5-an517-55-728m-i7/
2026-01-11 02:14:30,196 - INFO - Scraping 256/6851: https://www.refurbed.de/p/acer-nitro-5-an517-55-72u5-i7/
2026-01-11 02:14:31,522 - INFO - Scraping 257/6851: https://www.refurbed.de/p/acer-nitro-5-an517-55-72u5/
2026-01-11 02:14:32,863 - INFO - Scraping 258/6851: https://www.refurbed.de/p/acer-nitro-5-an517-55-7656/
2026-01-11 02:14:34,488 - INFO - Scraping 259/6851: https://www.refurbed.de/p/acer-nitro-5-an517-55-78-12700h/
2026-01-11 02:14:35,827 - INFO - Scraping 260/6851: https://www.refurbed.de/p/acer-nitro-5-i5-10300h/
2026-01-11 02:14:37,193 - INFO - Scraping 261/6851: https://www.refurbed.de/p/acer-nitro-5-n517-54-11400h-17-3/
2026-01-11 02:14:38,643 - INFO - Scraping 262/6851: https://www.refurbed.de/p/acer-nitro-5-n517-54-11800h-17-3/
2026-01-11 02:14:40,044 - INFO - Scraping 263/6851: https://www.refurbed.de/p/acer-nitro-5-n517-54-70dk-11800h/
2026-01-11 02:14:41,508 - INFO - Scraping 264/6851: https://www.refurbed.de/p/acer-nitro-5-n517-54-79f6-11800h/
2026-01-11 02:14:42,828 - INFO - Scraping 265/6851: https://www.refurbed.de/p/acer-nitro-headset/
2026-01-11 02:14:44,180 - INFO - Scraping 266/6851: https://www.refurbed.de/p/acer-nitro-qg1-qg241ybii-23-8/
2026-01-11 02:14:45,526 - INFO - Scraping 267/6851: https://www.refurbed.de/p/acer-nitro-radeon-rx-7800xtoc16g/
2026-01-11 02:14:46,918 - INFO - Scraping 268/6851: https://www.refurbed.de/p/acer-nitro-tkl-gaming/
2026-01-11 02:14:48,235 - INFO - Scraping 269/6851: https://www.refurbed.de/p/acer-nitro-v15-anv-13900h15-51/
2026-01-11 02:14:49,804 - INFO - Scraping 270/6851: https://www.refurbed.de/p/acer-nitro-vg0-vg270upbmiipx/
2026-01-11 02:14:51,143 - INFO - Scraping 271/6851: https://www.refurbed.de/p/acer-nitro-xv2-xv242ypbmiipr/
2026-01-11 02:14:52,450 - INFO - Scraping 272/6851: https://www.refurbed.de/p/acer-nitro-xv2-xv252qfbmiiprx/
2026-01-11 02:14:53,814 - INFO - Scraping 273/6851: https://www.refurbed.de/p/acer-notebook-stand-5-in-1-dock/
2026-01-11 02:14:55,276 - INFO - Scraping 274/6851: https://www.refurbed.de/p/acer-ov-t690-headset/
2026-01-11 02:14:56,687 - INFO - Scraping 275/6851: https://www.refurbed.de/p/acer-p-h-neo-16-phn16-71-13700hx/
2026-01-11 02:14:58,120 - INFO - Scraping 276/6851: https://www.refurbed.de/p/acer-pd123p/
2026-01-11 02:14:59,487 - INFO - Scraping 277/6851: https://www.refurbed.de/p/acer-pre-tr-500-pt516-51s-11800h/
2026-01-11 02:15:00,996 - INFO - Scraping 278/6851: https://www.refurbed.de/p/acer-pre-tr-500-pt516-51s-11900h/
2026-01-11 02:15:02,397 - INFO - Scraping 279/6851: https://www.refurbed.de/p/acer-pre-tr-500-pt516-52s-12700h/
2026-01-11 02:15:03,915 - INFO - Scraping 280/6851: https://www.refurbed.de/p/acer-pre-tr-500-pt516-52s-12900h/
2026-01-11 02:15:05,286 - INFO - Scraping 281/6851: https://www.refurbed.de/p/acer-pre-tri-17x-ptx1771-13900hx/
2026-01-11 02:15:06,646 - INFO - Scraping 282/6851: https://www.refurbed.de/p/acer-pre-tri-500-pt515-52-10750h/
2026-01-11 02:15:08,058 - INFO - Scraping 283/6851: https://www.refurbed.de/p/acer-pred-helio-300-ph315-10750h/
2026-01-11 02:15:09,419 - INFO - Scraping 284/6851: https://www.refurbed.de/p/acer-pred-helio-300-ph315-11800h/
2026-01-11 02:15:10,817 - INFO - Scraping 285/6851: https://www.refurbed.de/p/acer-pred-helio-300-ph315-12700h/
2026-01-11 02:15:12,599 - INFO - Scraping 286/6851: https://www.refurbed.de/p/acer-pred-helios-16-ph16-71-i7/
2026-01-11 02:15:13,916 - INFO - Scraping 287/6851: https://www.refurbed.de/p/acer-pred-helios-16-ph16-71-i9/
2026-01-11 02:15:15,248 - INFO - Scraping 288/6851: https://www.refurbed.de/p/acer-pred-helios-18-ph18-71-i7/
2026-01-11 02:15:17,579 - INFO - Scraping 289/6851: https://www.refurbed.de/p/acer-pred-helios-18-ph18-71-i9/
2026-01-11 02:15:19,880 - INFO - Scraping 290/6851: https://www.refurbed.de/p/acer-pred-helios-300-p-12700h/
2026-01-11 02:15:21,258 - INFO - Scraping 291/6851: https://www.refurbed.de/p/acer-pred-helios-300-ph317-11800/
2026-01-11 02:15:22,739 - INFO - Scraping 292/6851: https://www.refurbed.de/p/acer-pred-helios-300-ph317-9750h/
2026-01-11 02:15:24,108 - INFO - Scraping 293/6851: https://www.refurbed.de/p/acer-predator-aethon-300/
2026-01-11 02:15:25,413 - INFO - Scraping 294/6851: https://www.refurbed.de/p/acer-predator-aethon-500/
2026-01-11 02:15:27,258 - INFO - Scraping 295/6851: https://www.refurbed.de/p/acer-predator-cestus-350/
2026-01-11 02:15:28,589 - INFO - Scraping 296/6851: https://www.refurbed.de/p/acer-predator-connect-w6-axe7800/
2026-01-11 02:15:30,088 - INFO - Scraping 297/6851: https://www.refurbed.de/p/acer-predator-connect-x5-5g-cpe/
2026-01-11 02:15:31,409 - INFO - Scraping 298/6851: https://www.refurbed.de/p/acer-predator-g3-710/
2026-01-11 02:15:33,038 - INFO - Scraping 299/6851: https://www.refurbed.de/p/acer-predator-galea-311/
2026-01-11 02:15:34,450 - INFO - Scraping 300/6851: https://www.refurbed.de/p/acer-predator-helios-300-10870h/
2026-01-11 02:15:35,850 - INFO - Scraping 301/6851: https://www.refurbed.de/p/acer-predator-helios-300-7-8750h/
2026-01-11 02:15:37,147 - INFO - Scraping 302/6851: https://www.refurbed.de/p/acer-predator-helios-300-9300h/
2026-01-11 02:15:38,475 - INFO - Scraping 303/6851: https://www.refurbed.de/p/acer-predator-helios-500-11980hk/
2026-01-11 02:15:44,353 - INFO - Scraping 304/6851: https://www.refurbed.de/p/acer-predator-helios-500-8750h/
2026-01-11 02:15:45,679 - INFO - Scraping 305/6851: https://www.refurbed.de/p/acer-predator-orion-3000-po3-630/
2026-01-11 02:15:45,836 - ERROR - Error fetching https://www.refurbed.de/p/acer-predator-orion-3000-po3-630/: 404 Client Error: Not Found for url: https://www.refurbed.de/p/acer-predator-orion-3000-po3-630/
2026-01-11 02:15:46,838 - INFO - Scraping 306/6851: https://www.refurbed.de/p/acer-predator-orion-3000-po3-640/
2026-01-11 02:15:48,203 - INFO - Scraping 307/6851: https://www.refurbed.de/p/acer-predator-orion-5000-po5-640/
2026-01-11 02:15:49,953 - INFO - Scraping 308/6851: https://www.refurbed.de/p/acer-predator-x27-um-hx0ee-009/
2026-01-11 02:15:51,710 - INFO - Scraping 309/6851: https://www.refurbed.de/p/acer-predator-x28/
2026-01-11 02:15:53,157 - INFO - Scraping 310/6851: https://www.refurbed.de/p/acer-predator-xb3-xb253qg/
2026-01-11 02:15:54,726 - INFO - Scraping 311/6851: https://www.refurbed.de/p/acer-predator-xb3-xb273ukf/
2026-01-11 02:15:56,124 - INFO - Scraping 312/6851: https://www.refurbed.de/p/acer-spin-1-n5100/
2026-01-11 02:15:57,505 - INFO - Scraping 313/6851: https://www.refurbed.de/p/acer-spin-1-sp111-n5030-11-6/
2026-01-11 02:16:06,631 - ERROR - Error fetching https://www.refurbed.de/p/acer-spin-1-sp111-n5030-11-6/: 502 Server Error: Bad Gateway for url: https://www.refurbed.de/p/acer-spin-1-sp111-n5030-11-6/
2026-01-11 02:16:07,633 - INFO - Scraping 314/6851: https://www.refurbed.de/p/acer-spin-1-sp114-31n-n6000-14/
2026-01-11 02:16:08,949 - INFO - Scraping 315/6851: https://www.refurbed.de/p/acer-spin-3-sp313-51n-1135g7-13/
2026-01-11 02:16:10,276 - INFO - Scraping 316/6851: https://www.refurbed.de/p/acer-spin-3-sp313-51n-165g7-13-3/
2026-01-11 02:16:11,583 - INFO - Scraping 317/6851: https://www.refurbed.de/p/acer-spin-3-sp314-21-3250u/
2026-01-11 02:16:13,087 - INFO - Scraping 318/6851: https://www.refurbed.de/p/acer-spin-3-sp314-54n-1005g1-14/
2026-01-11 02:16:14,573 - INFO - Scraping 319/6851: https://www.refurbed.de/p/acer-spin-3-sp314-54n-1035g1-14/
2026-01-11 02:16:16,142 - INFO - Scraping 320/6851: https://www.refurbed.de/p/acer-spin-3-sp314-54n-1035g4-14/
2026-01-11 02:16:17,487 - INFO - Scraping 321/6851: https://www.refurbed.de/p/acer-spin-3-sp314-54n-1035g7-14/
2026-01-11 02:16:17,833 - ERROR - Error fetching https://www.refurbed.de/p/acer-spin-3-sp314-54n-1035g7-14/: 404 Client Error: Not Found for url: https://www.refurbed.de/p/acer-spin-3-sp314-54n-1035g7-14/
2026-01-11 02:16:18,835 - INFO - Scraping 322/6851: https://www.refurbed.de/p/acer-spin-5-sp513-52n-8250u-13-3/
2026-01-11 02:16:20,196 - INFO - Scraping 323/6851: https://www.refurbed.de/p/acer-spin-5-sp513-53n-8265u-13-3/
2026-01-11 02:16:21,732 - INFO - Scraping 324/6851: https://www.refurbed.de/p/acer-spin-5-sp513-54n-i7-1065g7/
2026-01-11 02:16:23,262 - INFO - Scraping 325/6851: https://www.refurbed.de/p/acer-spin-5-sp513-55n-i5-1135g7/
2026-01-11 02:16:24,562 - INFO - Scraping 326/6851: https://www.refurbed.de/p/acer-spin-5-sp513-55n-i7-1165g7/
2026-01-11 02:16:25,912 - INFO - Scraping 327/6851: https://www.refurbed.de/p/acer-spin-5-sp514-51n-1260p-14/
2026-01-11 02:16:27,238 - INFO - Scraping 328/6851: https://www.refurbed.de/p/acer-spin-7-5g-sp714-64na-8cx/
2026-01-11 02:16:28,624 - INFO - Scraping 329/6851: https://www.refurbed.de/p/acer-swift-1-sf114-33-p4rv-n5030/
2026-01-11 02:16:29,931 - INFO - Scraping 330/6851: https://www.refurbed.de/p/acer-swift-1-sf114-33-p5j8-n5030/
2026-01-11 02:16:31,235 - INFO - Scraping 331/6851: https://www.refurbed.de/p/acer-swift-1-sf114-33-p8z8-n5030/
2026-01-11 02:16:32,570 - INFO - Scraping 332/6851: https://www.refurbed.de/p/acer-swift-1-sf114-34-n4500-14/
2026-01-11 02:16:33,871 - INFO - Scraping 333/6851: https://www.refurbed.de/p/acer-swift-1-sf114-34-n5000-14/
2026-01-11 02:16:35,222 - INFO - Scraping 334/6851: https://www.refurbed.de/p/acer-swift-1-sf114-34-n6000-14/
2026-01-11 02:16:36,637 - INFO - Scraping 335/6851: https://www.refurbed.de/p/acer-swift-14-sf14-71t-13700h-14/
2026-01-11 02:16:37,979 - INFO - Scraping 336/6851: https://www.refurbed.de/p/acer-swift-3-sf313-52-1065g7/
2026-01-11 02:16:39,286 - INFO - Scraping 337/6851: https://www.refurbed.de/p/acer-swift-3-sf313-53-1135g7/
2026-01-11 02:16:40,610 - INFO - Scraping 338/6851: https://www.refurbed.de/p/acer-swift-3-sf313-53-1165g7/
2026-01-11 02:16:42,012 - INFO - Scraping 339/6851: https://www.refurbed.de/p/acer-swift-3-sf314-42-3-4300u-14/
2026-01-11 02:16:42,190 - ERROR - Error fetching https://www.refurbed.de/p/acer-swift-3-sf314-42-3-4300u-14/: 404 Client Error: Not Found for url: https://www.refurbed.de/p/acer-swift-3-sf314-42-3-4300u-14/
2026-01-11 02:16:43,192 - INFO - Scraping 340/6851: https://www.refurbed.de/p/acer-swift-3-sf314-42-5-4500u-14/
2026-01-11 02:16:44,547 - INFO - Scraping 341/6851: https://www.refurbed.de/p/acer-swift-3-sf314-42-7-4700u-14/
2026-01-11 02:16:45,848 - INFO - Scraping 342/6851: https://www.refurbed.de/p/acer-swift-3-sf314-43-3-5300u-14/
2026-01-11 02:16:47,173 - INFO - Scraping 343/6851: https://www.refurbed.de/p/acer-swift-3-sf314-43-5-500u-14/
2026-01-11 02:16:48,502 - INFO - Scraping 344/6851: https://www.refurbed.de/p/acer-swift-3-sf314-51-1135g7-14/
2026-01-11 02:16:49,888 - INFO - Scraping 345/6851: https://www.refurbed.de/p/acer-swift-3-sf314-51-1165g7-14/
2026-01-11 02:16:51,223 - INFO - Scraping 346/6851: https://www.refurbed.de/p/acer-swift-3-sf314-51-i3-1115g4/
2026-01-11 02:16:52,541 - INFO - Scraping 347/6851: https://www.refurbed.de/p/acer-swift-3-sf314-511-1115g4-14/
2026-01-11 02:16:53,856 - INFO - Scraping 348/6851: https://www.refurbed.de/p/acer-swift-3-sf314-511-1165g7-14/
2026-01-11 02:16:55,188 - INFO - Scraping 349/6851: https://www.refurbed.de/p/acer-swift-3-sf314-511-51vq-14/
2026-01-11 02:16:56,541 - INFO - Scraping 350/6851: https://www.refurbed.de/p/acer-swift-3-sf314-511-i5-1135g7/
2026-01-11 02:16:57,872 - INFO - Scraping 351/6851: https://www.refurbed.de/p/acer-swift-3-sf314-512-1240p-14/
2026-01-11 02:16:59,186 - INFO - Scraping 352/6851: https://www.refurbed.de/p/acer-swift-3-sf314-58g-i5-10210u/
2026-01-11 02:17:00,540 - INFO - Scraping 353/6851: https://www.refurbed.de/p/acer-swift-3-sf314-59-1135g7-14/
2026-01-11 02:17:01,875 - INFO - Scraping 354/6851: https://www.refurbed.de/p/acer-swift-3-sf314-71-i5-12450h/
2026-01-11 02:17:03,225 - INFO - Scraping 355/6851: https://www.refurbed.de/p/acer-swift-3-sf314-71-i5-12500h/
2026-01-11 02:17:04,574 - INFO - Scraping 356/6851: https://www.refurbed.de/p/acer-swift-3-sf314-71-i7-12700h/
2026-01-11 02:17:05,884 - INFO - Scraping 357/6851: https://www.refurbed.de/p/acer-swift-3-sf315-52-i5-8250u/
2026-01-11 02:17:07,203 - INFO - Scraping 358/6851: https://www.refurbed.de/p/acer-swift-3-sf316-51-11300h-16/
2026-01-11 02:17:08,506 - INFO - Scraping 359/6851: https://www.refurbed.de/p/acer-swift-3-sf316-51-11370h/
2026-01-11 02:17:09,888 - INFO - Scraping 360/6851: https://www.refurbed.de/p/acer-swift-3x-sf314-510g-1135g7/
2026-01-11 02:17:11,192 - INFO - Scraping 361/6851: https://www.refurbed.de/p/acer-swift-3x-sf314-510g-1165g7/
2026-01-11 02:17:12,520 - INFO - Scraping 362/6851: https://www.refurbed.de/p/acer-swift-5-sf514-54-1035g1-14/
2026-01-11 02:17:13,843 - INFO - Scraping 363/6851: https://www.refurbed.de/p/acer-swift-5-sf514-54gt-1065g7/
2026-01-11 02:17:15,173 - INFO - Scraping 364/6851: https://www.refurbed.de/p/acer-swift-5-sf514-55-1135g7/
2026-01-11 02:17:16,540 - INFO - Scraping 365/6851: https://www.refurbed.de/p/acer-swift-5-sf514-55-1165g7/
2026-01-11 02:17:17,891 - INFO - Scraping 366/6851: https://www.refurbed.de/p/acer-swift-5-sf514-56t-7173-i7/
2026-01-11 02:17:19,203 - INFO - Scraping 367/6851: https://www.refurbed.de/p/acer-swift-edge-sfa16-41-5600u/
2026-01-11 02:17:20,706 - INFO - Scraping 368/6851: https://www.refurbed.de/p/acer-swift-edge-sfa16-41-6600u/
2026-01-11 02:17:22,069 - INFO - Scraping 369/6851: https://www.refurbed.de/p/acer-swift-edge-sfa16-41-6850u/
2026-01-11 02:17:23,487 - INFO - Scraping 370/6851: https://www.refurbed.de/p/acer-swift-edge-sfa16-41-7-6800u/
2026-01-11 02:17:24,822 - INFO - Scraping 371/6851: https://www.refurbed.de/p/acer-swift-edge-sfe16-42-7-7735u/
2026-01-11 02:17:26,169 - INFO - Scraping 372/6851: https://www.refurbed.de/p/acer-swift-edge-sfe16-43-7-7840u/
2026-01-11 02:17:27,492 - INFO - Scraping 373/6851: https://www.refurbed.de/p/acer-swift-go-i7-13700h-14/
2026-01-11 02:17:28,797 - INFO - Scraping 374/6851: https://www.refurbed.de/p/acer-swift-go-sfg14-71-13500h-14/
2026-01-11 02:17:30,150 - INFO - Scraping 375/6851: https://www.refurbed.de/p/acer-swift-go-sfg16-71-13500h/
2026-01-11 02:17:31,609 - INFO - Scraping 376/6851: https://www.refurbed.de/p/acer-swift-go-sfg16-71-13700h/
2026-01-11 02:17:33,021 - INFO - Scraping 377/6851: https://www.refurbed.de/p/acer-swift-go-sfg16-71-i5-1335u/
2026-01-11 02:17:34,474 - INFO - Scraping 378/6851: https://www.refurbed.de/p/acer-swift-sf714-52t-76mr-8500y/
2026-01-11 02:17:35,871 - INFO - Scraping 379/6851: https://www.refurbed.de/p/acer-swift-sf714-52t-i7-8500y/
2026-01-11 02:17:37,178 - INFO - Scraping 380/6851: https://www.refurbed.de/p/acer-swift-x-sfx14-41g-5-5500u/
2026-01-11 02:17:38,487 - INFO - Scraping 381/6851: https://www.refurbed.de/p/acer-swift-x-sfx14-41g-5-5600u/
2026-01-11 02:17:39,787 - INFO - Scraping 382/6851: https://www.refurbed.de/p/acer-swift-x-sfx14-41g-7-5700u/
2026-01-11 02:17:41,249 - INFO - Scraping 383/6851: https://www.refurbed.de/p/acer-swift-x-sfx14-41g-7-5800u/
2026-01-11 02:17:42,644 - INFO - Scraping 384/6851: https://www.refurbed.de/p/acer-swift-x-sfx14-51g-i5-1240p/
2026-01-11 02:17:43,989 - INFO - Scraping 385/6851: https://www.refurbed.de/p/acer-swift-x-sfx14-71g-i5-13500h/
2026-01-11 02:17:45,320 - INFO - Scraping 386/6851: https://www.refurbed.de/p/acer-swift-x-sfx14-71g-i7-13700h/
2026-01-11 02:17:46,624 - INFO - Scraping 387/6851: https://www.refurbed.de/p/acer-swift-x-sfx16-52g-1260p-16/
2026-01-11 02:17:47,985 - INFO - Scraping 388/6851: https://www.refurbed.de/p/acer-swift-x-sfx16-61g-r7-7840hs/
2026-01-11 02:17:49,370 - INFO - Scraping 389/6851: https://www.refurbed.de/p/acer-swift-x-sfx16-61g-r9-7940hs/
2026-01-11 02:17:50,670 - INFO - Scraping 390/6851: https://www.refurbed.de/p/acer-swift-x-sfx16-i7-11390h/
2026-01-11 02:17:52,022 - INFO - Scraping 391/6851: https://www.refurbed.de/p/acer-switch-5-i3-7130u-12/
2026-01-11 02:17:52,194 - ERROR - Error fetching https://www.refurbed.de/p/acer-switch-5-i3-7130u-12/: 404 Client Error: Not Found for url: https://www.refurbed.de/p/acer-switch-5-i3-7130u-12/
2026-01-11 02:17:53,196 - INFO - Scraping 392/6851: https://www.refurbed.de/p/acer-switch-5-i5-7200u-12/
2026-01-11 02:17:53,362 - ERROR - Error fetching https://www.refurbed.de/p/acer-switch-5-i5-7200u-12/: 404 Client Error: Not Found for url: https://www.refurbed.de/p/acer-switch-5-i5-7200u-12/
2026-01-11 02:17:54,364 - INFO - Scraping 393/6851: https://www.refurbed.de/p/acer-switch-5-i7-7500u-12/
2026-01-11 02:17:54,637 - ERROR - Error fetching https://www.refurbed.de/p/acer-switch-5-i7-7500u-12/: 404 Client Error: Not Found for url: https://www.refurbed.de/p/acer-switch-5-i7-7500u-12/
2026-01-11 02:17:55,639 - INFO - Scraping 394/6851: https://www.refurbed.de/p/acer-switch-alpha-12-i3-6100u-12/
2026-01-11 02:17:55,802 - ERROR - Error fetching https://www.refurbed.de/p/acer-switch-alpha-12-i3-6100u-12/: 404 Client Error: Not Found for url: https://www.refurbed.de/p/acer-switch-alpha-12-i3-6100u-12/
2026-01-11 02:17:56,804 - INFO - Scraping 395/6851: https://www.refurbed.de/p/acer-t1-t231hbmidh/
2026-01-11 02:17:58,109 - INFO - Scraping 396/6851: https://www.refurbed.de/p/acer-tm-p2-tmp214-52-10110u-14/
2026-01-11 02:17:59,434 - INFO - Scraping 397/6851: https://www.refurbed.de/p/acer-tm-p2-tmp214-52-10210u-14/
2026-01-11 02:18:00,839 - INFO - Scraping 398/6851: https://www.refurbed.de/p/acer-tm-p2-tmp214-53-1115g4-14/
2026-01-11 02:18:02,166 - INFO - Scraping 399/6851: https://www.refurbed.de/p/acer-tm-p2-tmp214-53-1135g7-14/
2026-01-11 02:18:02,353 - ERROR - Error fetching https://www.refurbed.de/p/acer-tm-p2-tmp214-53-1135g7-14/: 404 Client Error: Not Found for url: https://www.refurbed.de/p/acer-tm-p2-tmp214-53-1135g7-14/
2026-01-11 02:18:03,355 - INFO - Scraping 400/6851: https://www.refurbed.de/p/acer-tm-p2-tmp215-53-1165g7/
2026-01-11 02:18:04,758 - INFO - Scraping 401/6851: https://www.refurbed.de/p/acer-tm-p2-tmx314-51-mg-514q/
2026-01-11 02:18:06,086 - INFO - Scraping 402/6851: https://www.refurbed.de/p/acer-tm-p4-spin-14-tmp414rn-53/
2026-01-11 02:18:07,420 - INFO - Scraping 403/6851: https://www.refurbed.de/p/acer-tm-p4-tmp414-51-1135g7-14/
2026-01-11 02:18:08,802 - INFO - Scraping 404/6851: https://www.refurbed.de/p/acer-tm-spin-p4-i7-1165g7/
2026-01-11 02:18:10,126 - INFO - Scraping 405/6851: https://www.refurbed.de/p/acer-tmp215-52-725d-10510u/
2026-01-11 02:18:11,497 - INFO - Scraping 406/6851: https://www.refurbed.de/p/acer-tmp215-53-78ar-i7-1165g7/
2026-01-11 02:18:12,811 - INFO - Scraping 407/6851: https://www.refurbed.de/p/acer-tmp215-53-i5-1135g7/
2026-01-11 02:18:14,177 - INFO - Scraping 408/6851: https://www.refurbed.de/p/acer-tmp215-54-i5-1235u/
2026-01-11 02:18:15,562 - INFO - Scraping 409/6851: https://www.refurbed.de/p/acer-tmp215-54-i7-1255u/
2026-01-11 02:18:16,862 - INFO - Scraping 410/6851: https://www.refurbed.de/p/acer-travel-b3-spin-11-tmb311rn/
2026-01-11 02:18:18,196 - INFO - Scraping 411/6851: https://www.refurbed.de/p/acer-usb-type-c-do-lc-dck11-001/
2026-01-11 02:18:19,503 - INFO - Scraping 412/6851: https://www.refurbed.de/p/acer-value-v3-v223w/
2026-01-11 02:18:20,927 - INFO - Scraping 413/6851: https://www.refurbed.de/p/acer-value-v3-v233hl/
2026-01-11 02:18:22,300 - INFO - Scraping 414/6851: https://www.refurbed.de/p/acer-value-v7-v247ybip/
2026-01-11 02:18:23,617 - INFO - Scraping 415/6851: https://www.refurbed.de/p/acer-veriton-m2610/
2026-01-11 02:18:23,804 - ERROR - Error fetching https://www.refurbed.de/p/acer-veriton-m2610/: 404 Client Error: Not Found for url: https://www.refurbed.de/p/acer-veriton-m2610/
2026-01-11 02:18:24,806 - INFO - Scraping 416/6851: https://www.refurbed.de/p/acer-veriton-m4630g/
2026-01-11 02:18:24,974 - ERROR - Error fetching https://www.refurbed.de/p/acer-veriton-m4630g/: 404 Client Error: Not Found for url: https://www.refurbed.de/p/acer-veriton-m4630g/
2026-01-11 02:18:25,976 - INFO - Scraping 417/6851: https://www.refurbed.de/p/acer-veriton-m4640g/
2026-01-11 02:18:26,141 - ERROR - Error fetching https://www.refurbed.de/p/acer-veriton-m4640g/: 404 Client Error: Not Found for url: https://www.refurbed.de/p/acer-veriton-m4640g/
2026-01-11 02:18:27,143 - INFO - Scraping 418/6851: https://www.refurbed.de/p/acer-veriton-m6650g/
2026-01-11 02:18:27,321 - ERROR - Error fetching https://www.refurbed.de/p/acer-veriton-m6650g/: 404 Client Error: Not Found for url: https://www.refurbed.de/p/acer-veriton-m6650g/
2026-01-11 02:18:28,323 - INFO - Scraping 419/6851: https://www.refurbed.de/p/acer-veriton-n4640g/
2026-01-11 02:18:28,539 - ERROR - Error fetching https://www.refurbed.de/p/acer-veriton-n4640g/: 404 Client Error: Not Found for url: https://www.refurbed.de/p/acer-veriton-n4640g/
2026-01-11 02:18:29,541 - INFO - Scraping 420/6851: https://www.refurbed.de/p/acer-veriton-x4630g/
2026-01-11 02:18:29,701 - ERROR - Error fetching https://www.refurbed.de/p/acer-veriton-x4630g/: 404 Client Error: Not Found for url: https://www.refurbed.de/p/acer-veriton-x4630g/
2026-01-11 02:18:30,703 - INFO - Scraping 421/6851: https://www.refurbed.de/p/acer-veriton-x4640g-intl6th/
2026-01-11 02:18:30,890 - ERROR - Error fetching https://www.refurbed.de/p/acer-veriton-x4640g-intl6th/: 404 Client Error: Not Found for url: https://www.refurbed.de/p/acer-veriton-x4640g-intl6th/
2026-01-11 02:18:31,891 - INFO - Scraping 422/6851: https://www.refurbed.de/p/acer-veriton-x6630g/
2026-01-11 02:18:32,087 - ERROR - Error fetching https://www.refurbed.de/p/acer-veriton-x6630g/: 404 Client Error: Not Found for url: https://www.refurbed.de/p/acer-veriton-x6630g/
2026-01-11 02:18:33,089 - INFO - Scraping 423/6851: https://www.refurbed.de/p/acer-vero-v7-v227qe3biv/
2026-01-11 02:18:34,417 - INFO - Scraping 424/6851: https://www.refurbed.de/p/acer-x5-x514-i5-8265u-14/
2026-01-11 02:18:34,588 - ERROR - Error fetching https://www.refurbed.de/p/acer-x5-x514-i5-8265u-14/: 404 Client Error: Not Found for url: https://www.refurbed.de/p/acer-x5-x514-i5-8265u-14/
2026-01-11 02:18:35,590 - INFO - Scraping 425/6851: https://www.refurbed.de/p/acerpredator-connect-d5-5g/
2026-01-11 02:18:36,911 - INFO - Scraping 426/6851: https://www.refurbed.de/p/apple-ipad-2017/
2026-01-11 02:18:38,340 - INFO - Scraping 427/6851: https://www.refurbed.de/p/apple-iphone-8-plus/
2026-01-11 02:18:39,896 - INFO - Scraping 428/6851: https://www.refurbed.de/p/apple-iphone-8/
2026-01-11 02:18:41,422 - INFO - Scraping 429/6851: https://www.refurbed.de/p/apple-macbook-2015-intel-core-m-/
2026-01-11 02:18:42,914 - INFO - Scraping 430/6851: https://www.refurbed.de/p/apple-macbook-2016-intel-core-m3/
2026-01-11 02:18:44,436 - INFO - Scraping 431/6851: https://www.refurbed.de/p/apple-macbook-2017-intel-core-12/
2026-01-11 02:18:45,901 - INFO - Scraping 432/6851: https://www.refurbed.de/p/apple-macbook-air-2013-i5-13-3-4/
2026-01-11 02:18:47,407 - INFO - Scraping 433/6851: https://www.refurbed.de/p/apple-macbook-air-2013-i7-4650u/
2026-01-11 02:18:48,725 - INFO - Scraping 434/6851: https://www.refurbed.de/p/apple-macbook-air-2014-i5-11-6/
2026-01-11 02:18:50,104 - INFO - Scraping 435/6851: https://www.refurbed.de/p/apple-macbook-air-2014-i5-13-4gb/
2026-01-11 02:18:51,612 - INFO - Scraping 436/6851: https://www.refurbed.de/p/apple-macbook-air-2014-i7-13-3/
2026-01-11 02:18:52,962 - INFO - Scraping 437/6851: https://www.refurbed.de/p/apple-macbook-air-2015-11-6/
2026-01-11 02:18:54,293 - INFO - Scraping 438/6851: https://www.refurbed.de/p/apple-macbook-air-2015-i5-13-3/
2026-01-11 02:18:55,882 - INFO - Scraping 439/6851: https://www.refurbed.de/p/apple-macbook-air-2017-i-13-3/
2026-01-11 02:18:57,529 - INFO - Scraping 440/6851: https://www.refurbed.de/p/apple-macbook-air-2018-i5-13-3/
2026-01-11 02:18:59,045 - INFO - Scraping 441/6851: https://www.refurbed.de/p/apple-macbook-air-2019-i5-13-3/
2026-01-11 02:19:00,537 - INFO - Scraping 442/6851: https://www.refurbed.de/p/apple-macbook-air-2020/
2026-01-11 02:19:02,077 - INFO - Scraping 443/6851: https://www.refurbed.de/p/apple-macbook-air-i5-11-6/
2026-01-11 02:19:03,435 - INFO - Scraping 444/6851: https://www.refurbed.de/p/apple-macbook-air-i7-11-6/
2026-01-11 02:19:04,981 - INFO - Scraping 445/6851: https://www.refurbed.de/p/apple-macbook-air-m1-2020/
2026-01-11 02:19:06,389 - INFO - Scraping 446/6851: https://www.refurbed.de/p/apple-macbook-air-m2-2022/
2026-01-11 02:19:07,787 - INFO - Scraping 447/6851: https://www.refurbed.de/p/apple-macbook-air-m2-2023-15/
2026-01-11 02:19:09,279 - INFO - Scraping 448/6851: https://www.refurbed.de/p/apple-macbook-air-m3-2024-15/
2026-01-11 02:19:10,798 - INFO - Scraping 449/6851: https://www.refurbed.de/p/apple-macbook-air-m3-2024/
2026-01-11 02:19:12,190 - INFO - Scraping 450/6851: https://www.refurbed.de/p/apple-macbook-air-m4-2025-15/
2026-01-11 02:19:13,873 - INFO - Scraping 451/6851: https://www.refurbed.de/p/apple-macbook-air-m4-2025/
2026-01-11 02:19:15,538 - INFO - Scraping 452/6851: https://www.refurbed.de/p/apple-macbook-pro-2013-i5-13-3/
2026-01-11 02:19:17,010 - INFO - Scraping 453/6851: https://www.refurbed.de/p/apple-macbook-pro-2014-13-3/
2026-01-11 02:19:18,568 - INFO - Scraping 454/6851: https://www.refurbed.de/p/apple-macbook-pro-2014-15-4/
2026-01-11 02:19:20,058 - INFO - Scraping 455/6851: https://www.refurbed.de/p/apple-macbook-pro-2015-13-3/
2026-01-11 02:19:21,609 - INFO - Scraping 456/6851: https://www.refurbed.de/p/apple-macbook-pro-2016-13-3/
2026-01-11 02:19:23,152 - INFO - Scraping 457/6851: https://www.refurbed.de/p/apple-macbook-pro-2016-i5-13-3/
2026-01-11 02:19:24,688 - INFO - Scraping 458/6851: https://www.refurbed.de/p/apple-macbook-pro-2016-i7-15-4/
2026-01-11 02:19:26,161 - INFO - Scraping 459/6851: https://www.refurbed.de/p/apple-macbook-pro-2017-13-3-touc/
2026-01-11 02:19:27,845 - INFO - Scraping 460/6851: https://www.refurbed.de/p/apple-macbook-pro-2017-15-4-touc/
2026-01-11 02:19:29,391 - INFO - Scraping 461/6851: https://www.refurbed.de/p/apple-macbook-pro-2017-i5-13/
2026-01-11 02:19:30,898 - INFO - Scraping 462/6851: https://www.refurbed.de/p/apple-macbook-pro-2018-13-3-touc/
2026-01-11 02:19:32,495 - INFO - Scraping 463/6851: https://www.refurbed.de/p/apple-macbook-pro-2018-15-4-touc/
2026-01-11 02:19:34,179 - INFO - Scraping 464/6851: https://www.refurbed.de/p/apple-macbook-pro-2019-16/
2026-01-11 02:19:35,782 - INFO - Scraping 465/6851: https://www.refurbed.de/p/apple-macbook-pro-2020-133-tb/
2026-01-11 02:19:37,291 - INFO - Scraping 466/6851: https://www.refurbed.de/p/apple-macbook-pro-2020-m1/
2026-01-11 02:19:39,102 - INFO - Scraping 467/6851: https://www.refurbed.de/p/apple-macbook-pro-2021-m1-14/
2026-01-11 02:19:40,613 - INFO - Scraping 468/6851: https://www.refurbed.de/p/apple-macbook-pro-2021-m1-16-2/
2026-01-11 02:19:42,109 - INFO - Scraping 469/6851: https://www.refurbed.de/p/apple-macbook-pro-2022-m2-13-tb/
2026-01-11 02:19:43,559 - INFO - Scraping 470/6851: https://www.refurbed.de/p/apple-macbook-pro-2023-m2-14/
2026-01-11 02:19:45,109 - INFO - Scraping 471/6851: https://www.refurbed.de/p/apple-macbook-pro-2023-m2-16-2/
2026-01-11 02:19:46,459 - INFO - Scraping 472/6851: https://www.refurbed.de/p/apple-macbook-pro-2023-m3-14/
2026-01-11 02:19:47,825 - INFO - Scraping 473/6851: https://www.refurbed.de/p/apple-macbook-pro-2023-m3-16-2/
2026-01-11 02:19:49,354 - INFO - Scraping 474/6851: https://www.refurbed.de/p/apple-macbook-pro-2024-m4-14/
2026-01-11 02:19:51,085 - INFO - Scraping 475/6851: https://www.refurbed.de/p/apple-macbook-pro-2024-m4-16/
2026-01-11 02:19:52,470 - INFO - Scraping 476/6851: https://www.refurbed.de/p/apple-macbook-pro-i7-15-4/
2026-01-11 02:19:54,013 - INFO - Scraping 477/6851: https://www.refurbed.de/p/apple-macbook-pro-late2013-15-4/
2026-01-11 02:19:55,502 - INFO - Scraping 478/6851: https://www.refurbed.de/p/apple-macbook-retina-2015-12/
2026-01-11 02:19:56,882 - INFO - Scraping 479/6851: https://www.refurbed.de/p/apple-magic-kbrd-11-ipad-air-m2/
2026-01-11 02:19:58,223 - INFO - Scraping 480/6851: https://www.refurbed.de/p/apple-pro-display-xdr-32/
2026-01-11 02:19:59,621 - INFO - Scraping 481/6851: https://www.refurbed.de/p/apple-studio-display-27/
2026-01-11 02:20:01,098 - INFO - Scraping 482/6851: https://www.refurbed.de/p/apple-thunderbolt-display-27/
2026-01-11 02:20:02,411 - INFO - Scraping 483/6851: https://www.refurbed.de/p/asus-chromebook-c204ma-n4000/
2026-01-11 02:20:03,856 - INFO - Scraping 484/6851: https://www.refurbed.de/p/asus-chromebook-c204ma-n4020/
2026-01-11 02:20:05,258 - INFO - Scraping 485/6851: https://www.refurbed.de/p/asus-chromebook-c403-n335-14/
2026-01-11 02:20:06,724 - INFO - Scraping 486/6851: https://www.refurbed.de/p/asus-chromebook-c423ma-n4020/
2026-01-11 02:20:08,046 - INFO - Scraping 487/6851: https://www.refurbed.de/p/asus-chromebook-c423na-3350/
2026-01-11 02:20:09,362 - INFO - Scraping 488/6851: https://www.refurbed.de/p/asus-chromebook-c523-n3350/
2026-01-11 02:20:10,679 - INFO - Scraping 489/6851: https://www.refurbed.de/p/asus-chromebook-c523-n4200/
2026-01-11 02:20:12,138 - INFO - Scraping 490/6851: https://www.refurbed.de/p/asus-chromebook-c523na-n3350/
2026-01-11 02:20:13,500 - INFO - Scraping 491/6851: https://www.refurbed.de/p/asus-chromebook-cm14/
2026-01-11 02:20:14,793 - INFO - Scraping 492/6851: https://www.refurbed.de/p/asus-chromebook-cx1400cna-3350/
2026-01-11 02:20:16,098 - INFO - Scraping 493/6851: https://www.refurbed.de/p/asus-chromebook-cx1500cna-3350/
2026-01-11 02:20:17,548 - INFO - Scraping 494/6851: https://www.refurbed.de/p/asus-chromebook-cx1700-n4500/
2026-01-11 02:20:18,945 - INFO - Scraping 495/6851: https://www.refurbed.de/p/asus-chromebook-cx5400fma-110g4/
2026-01-11 02:20:20,295 - INFO - Scraping 496/6851: https://www.refurbed.de/p/asus-chromebook-cx9-cea-1135g7/
2026-01-11 02:20:21,640 - INFO - Scraping 497/6851: https://www.refurbed.de/p/asus-chromebook-flip-cx3400fma/
2026-01-11 02:20:23,038 - INFO - Scraping 498/6851: https://www.refurbed.de/p/asus-chromebook-flip-cx5500fea/
2026-01-11 02:20:24,392 - INFO - Scraping 499/6851: https://www.refurbed.de/p/asus-chromebook-flip-cx5601fba/
2026-01-11 02:20:25,729 - INFO - Scraping 500/6851: https://www.refurbed.de/p/asus-chromebook-plus-cx3402cba/
2026-01-11 02:20:27,086 - INFO - Scraping 501/6851: https://www.refurbed.de/p/asus-chromebook-z1400cn-n3350/
2026-01-11 02:20:28,510 - INFO - Scraping 502/6851: https://www.refurbed.de/p/asus-tuf-gami-f15-fx506hf-11400h/
2026-01-11 02:20:29,964 - INFO - Scraping 503/6851: https://www.refurbed.de/p/asus-tuf-gami-f17-fx707zm-12700h/
2026-01-11 02:20:31,359 - INFO - Scraping 504/6851: https://www.refurbed.de/p/asus-vivobook-12-e210ma-n4020/
2026-01-11 02:20:32,737 - INFO - Scraping 505/6851: https://www.refurbed.de/p/asus-vivobook-14-5-5500u/
2026-01-11 02:20:34,158 - INFO - Scraping 506/6851: https://www.refurbed.de/p/asus-vivobook-14-f1400ea-1135g7/
2026-01-11 02:20:35,460 - INFO - Scraping 507/6851: https://www.refurbed.de/p/asus-vivobook-14-f1400ea-1165g7/
2026-01-11 02:20:36,762 - INFO - Scraping 508/6851: https://www.refurbed.de/p/asus-vivobook-14-f1402za-1235u/
2026-01-11 02:20:38,169 - INFO - Scraping 509/6851: https://www.refurbed.de/p/asus-vivobook-14-f1404va-i7-1355/
2026-01-11 02:20:39,543 - INFO - Scraping 510/6851: https://www.refurbed.de/p/asus-vivobook-14-f415ea-1115g4/
2026-01-11 02:20:40,928 - INFO - Scraping 511/6851: https://www.refurbed.de/p/asus-vivobook-14-f415ea-1135g7/
2026-01-11 02:20:42,259 - INFO - Scraping 512/6851: https://www.refurbed.de/p/asus-vivobook-14-f415ea-1165g7/
2026-01-11 02:20:43,629 - INFO - Scraping 513/6851: https://www.refurbed.de/p/asus-vivobook-14-k413ea-1115g4/
2026-01-11 02:20:44,989 - INFO - Scraping 514/6851: https://www.refurbed.de/p/asus-vivobook-14-k413ep-1165g7/
2026-01-11 02:20:46,316 - INFO - Scraping 515/6851: https://www.refurbed.de/p/asus-vivobook-14-m413-r5-5500u/
2026-01-11 02:20:47,698 - INFO - Scraping 516/6851: https://www.refurbed.de/p/asus-vivobook-14-m415da-r5-3500u/
2026-01-11 02:20:49,010 - INFO - Scraping 517/6851: https://www.refurbed.de/p/asus-vivobook-14-r465ja-1005g1/
2026-01-11 02:20:50,373 - INFO - Scraping 518/6851: https://www.refurbed.de/p/asus-vivobook-14-s413ea-1135g7/
2026-01-11 02:20:51,706 - INFO - Scraping 519/6851: https://www.refurbed.de/p/asus-vivobook-14-x1400ep-1135g7/
2026-01-11 02:20:53,037 - INFO - Scraping 520/6851: https://www.refurbed.de/p/asus-vivobook-14-x413-i5-1135g7/
2026-01-11 02:20:54,442 - INFO - Scraping 521/6851: https://www.refurbed.de/p/asus-vivobook-14-x413-i7-1065g7/
2026-01-11 02:20:55,772 - INFO - Scraping 522/6851: https://www.refurbed.de/p/asus-vivobook-14-x415ea-1115g4/
2026-01-11 02:20:57,067 - INFO - Scraping 523/6851: https://www.refurbed.de/p/asus-vivobook-14-x415ea-1135g7/
2026-01-11 02:20:58,778 - INFO - Scraping 524/6851: https://www.refurbed.de/p/asus-vivobook-14-x415ea-i7/
2026-01-11 02:21:00,117 - INFO - Scraping 525/6851: https://www.refurbed.de/p/asus-vivobook-14-x415ep-1135g7/
2026-01-11 02:21:01,536 - INFO - Scraping 526/6851: https://www.refurbed.de/p/asus-vivobook-14-x415ep-i7/
2026-01-11 02:21:02,870 - INFO - Scraping 527/6851: https://www.refurbed.de/p/asus-vivobook-14-x415fa-10110u/
2026-01-11 02:21:04,207 - INFO - Scraping 528/6851: https://www.refurbed.de/p/asus-vivobook-14-x415ja-1005g1/
2026-01-11 02:21:05,517 - INFO - Scraping 529/6851: https://www.refurbed.de/p/asus-vivobook-14-x415ja-1035g1/
2026-01-11 02:21:06,816 - INFO - Scraping 530/6851: https://www.refurbed.de/p/asus-vivobook-14-x415ka-n4500/
2026-01-11 02:21:08,183 - INFO - Scraping 531/6851: https://www.refurbed.de/p/asus-vivobook-14-x420fa-i5-8265u/
2026-01-11 02:21:09,563 - INFO - Scraping 532/6851: https://www.refurbed.de/p/asus-vivobook-15-a516ea-1115g4/
2026-01-11 02:21:10,898 - INFO - Scraping 533/6851: https://www.refurbed.de/p/asus-vivobook-15-f1502za-1235u/
2026-01-11 02:21:12,233 - INFO - Scraping 534/6851: https://www.refurbed.de/p/asus-vivobook-15-f1502za-i7/
2026-01-11 02:21:13,574 - INFO - Scraping 535/6851: https://www.refurbed.de/p/asus-vivobook-15-f1504va-1335u/
2026-01-11 02:21:15,100 - INFO - Scraping 536/6851: https://www.refurbed.de/p/asus-vivobook-15-f1504za-1215u/
2026-01-11 02:21:16,453 - INFO - Scraping 537/6851: https://www.refurbed.de/p/asus-vivobook-15-f1504za-1235u/
2026-01-11 02:21:17,770 - INFO - Scraping 538/6851: https://www.refurbed.de/p/asus-vivobook-15-f1504za-i7/
2026-01-11 02:21:19,098 - INFO - Scraping 539/6851: https://www.refurbed.de/p/asus-vivobook-15-f510ua-i5-8250u/
2026-01-11 02:21:20,489 - INFO - Scraping 540/6851: https://www.refurbed.de/p/asus-vivobook-15-f515jp-1035g1/
2026-01-11 02:21:21,836 - INFO - Scraping 541/6851: https://www.refurbed.de/p/asus-vivobook-15-k513ea-1165g7/
2026-01-11 02:21:23,259 - INFO - Scraping 542/6851: https://www.refurbed.de/p/asus-vivobook-15-m1502ia-4600h/
2026-01-11 02:21:24,672 - INFO - Scraping 543/6851: https://www.refurbed.de/p/asus-vivobook-15-m515ua-r5-5500u/
2026-01-11 02:21:26,044 - INFO - Scraping 544/6851: https://www.refurbed.de/p/asus-vivobook-15-m515ua-r7-5700u/
2026-01-11 02:21:27,363 - INFO - Scraping 545/6851: https://www.refurbed.de/p/asus-vivobook-15-r565ea-1165g7/
2026-01-11 02:21:28,720 - INFO - Scraping 546/6851: https://www.refurbed.de/p/asus-vivobook-15-x1502-1215u/
2026-01-11 02:21:30,022 - INFO - Scraping 547/6851: https://www.refurbed.de/p/asus-vivobook-15-x1502za-i3/
2026-01-11 02:21:31,328 - INFO - Scraping 548/6851: https://www.refurbed.de/p/asus-vivobook-15-x1502za-i5/
2026-01-11 02:21:32,664 - INFO - Scraping 549/6851: https://www.refurbed.de/p/asus-vivobook-15-x1502za-i7/
2026-01-11 02:21:34,041 - INFO - Scraping 550/6851: https://www.refurbed.de/p/asus-vivobook-15-x515-1005g1/
2026-01-11 02:21:35,443 - INFO - Scraping 551/6851: https://www.refurbed.de/p/asus-vivobook-15-x515-10110u/
2026-01-11 02:21:36,753 - INFO - Scraping 552/6851: https://www.refurbed.de/p/asus-vivobook-15-x515-1035g1/
2026-01-11 02:22:08,058 - INFO - Scraping 553/6851: https://www.refurbed.de/p/asus-vivobook-15-x515-1065g7/
2026-01-11 02:22:09,371 - INFO - Scraping 554/6851: https://www.refurbed.de/p/asus-vivobook-15-x515-1115g4/
2026-01-11 02:22:10,778 - INFO - Scraping 555/6851: https://www.refurbed.de/p/asus-vivobook-15-x515-1135g7/
2026-01-11 02:22:12,271 - INFO - Scraping 556/6851: https://www.refurbed.de/p/asus-vivobook-15-x515-1165g7/
2026-01-11 02:22:13,590 - INFO - Scraping 557/6851: https://www.refurbed.de/p/asus-vivobook-15-x515-3250u/
2026-01-11 02:22:14,951 - INFO - Scraping 558/6851: https://www.refurbed.de/p/asus-vivobook-15-x515-7505/
2026-01-11 02:22:16,267 - INFO - Scraping 559/6851: https://www.refurbed.de/p/asus-vivobook-15-x515-n4020/
2026-01-11 02:22:17,581 - INFO - Scraping 560/6851: https://www.refurbed.de/p/asus-vivobook-15-x515-n4500/
2026-01-11 02:22:18,978 - INFO - Scraping 561/6851: https://www.refurbed.de/p/asus-vivobook-15-x515-n5030/
2026-01-11 02:22:20,325 - INFO - Scraping 562/6851: https://www.refurbed.de/p/asus-vivobook-15-x515ea-1115g4/
2026-01-11 02:22:21,844 - INFO - Scraping 563/6851: https://www.refurbed.de/p/asus-vivobook-15-x515ja-1005g1/
2026-01-11 02:22:23,334 - INFO - Scraping 564/6851: https://www.refurbed.de/p/asus-vivobook-15-x515ja-1035g1/
2026-01-11 02:22:23,981 - ERROR - Error fetching https://www.refurbed.de/p/asus-vivobook-15-x515ja-1035g1/: 404 Client Error: Not Found for url: https://www.refurbed.de/p/asus-vivobook-15-x515ja-1035g1/
2026-01-11 02:22:24,983 - INFO - Scraping 565/6851: https://www.refurbed.de/p/asus-vivobook-15-x515jp-1065g7/
2026-01-11 02:22:26,419 - INFO - Scraping 566/6851: https://www.refurbed.de/p/asus-vivobook-15-x515ma-n4020/
2026-01-11 02:22:27,976 - INFO - Scraping 567/6851: https://www.refurbed.de/p/asus-vivobook-15-x540-e2-6110/
2026-01-11 02:22:28,218 - ERROR - Error fetching https://www.refurbed.de/p/asus-vivobook-15-x540-e2-6110/: 404 Client Error: Not Found for url: https://www.refurbed.de/p/asus-vivobook-15-x540-e2-6110/
2026-01-11 02:22:29,220 - INFO - Scraping 568/6851: https://www.refurbed.de/p/asus-vivobook-15-x540-n3350/
2026-01-11 02:22:29,382 - ERROR - Error fetching https://www.refurbed.de/p/asus-vivobook-15-x540-n3350/: 404 Client Error: Not Found for url: https://www.refurbed.de/p/asus-vivobook-15-x540-n3350/
2026-01-11 02:22:30,385 - INFO - Scraping 569/6851: https://www.refurbed.de/p/asus-vivobook-15-x571-10870h/
2026-01-11 02:22:31,684 - INFO - Scraping 570/6851: https://www.refurbed.de/p/asus-vivobook-15-x571gt-9750h/
2026-01-11 02:22:32,994 - INFO - Scraping 571/6851: https://www.refurbed.de/p/asus-vivobook-15x-m1503-5600h/
2026-01-11 02:22:34,337 - INFO - Scraping 572/6851: https://www.refurbed.de/p/asus-vivobook-15x-oled-5-4600h/
2026-01-11 02:22:35,970 - INFO - Scraping 573/6851: https://www.refurbed.de/p/asus-vivobook-15x-oled-i5-12500h/
2026-01-11 02:22:37,310 - INFO - Scraping 574/6851: https://www.refurbed.de/p/asus-vivobook-15x-oled-i5-1340p/
2026-01-11 02:22:38,732 - INFO - Scraping 575/6851: https://www.refurbed.de/p/asus-vivobook-15x-oled-i7-12700h/
2026-01-11 02:22:40,065 - INFO - Scraping 576/6851: https://www.refurbed.de/p/asus-vivobook-15x-oled-i7-1360p/
2026-01-11 02:22:41,853 - INFO - Scraping 577/6851: https://www.refurbed.de/p/asus-vivobook-15x-oled-x1503za/
2026-01-11 02:22:43,175 - INFO - Scraping 578/6851: https://www.refurbed.de/p/asus-vivobook-16-x1605-1235u/
2026-01-11 02:22:44,526 - INFO - Scraping 579/6851: https://www.refurbed.de/p/asus-vivobook-16-x1605-1255u/
2026-01-11 02:22:45,864 - INFO - Scraping 580/6851: https://www.refurbed.de/p/asus-vivobook-16-x1605-13500h/
2026-01-11 02:22:47,280 - INFO - Scraping 581/6851: https://www.refurbed.de/p/asus-vivobook-16-x1605-r7-5825u/
2026-01-11 02:22:48,634 - INFO - Scraping 582/6851: https://www.refurbed.de/p/asus-vivobook-16-x1605pa-11370h/
2026-01-11 02:22:50,035 - INFO - Scraping 583/6851: https://www.refurbed.de/p/asus-vivobook-16-x1605va-1335u/
2026-01-11 02:22:51,390 - INFO - Scraping 584/6851: https://www.refurbed.de/p/asus-vivobook-16-x1605va-13700h/
2026-01-11 02:22:52,812 - INFO - Scraping 585/6851: https://www.refurbed.de/p/asus-vivobook-16-x1605va-13900h/
2026-01-11 02:22:54,148 - INFO - Scraping 586/6851: https://www.refurbed.de/p/asus-vivobook-16-x1605va-i7-1355/
2026-01-11 02:22:55,476 - INFO - Scraping 587/6851: https://www.refurbed.de/p/asus-vivobook-16x-f1603za-12700h/
2026-01-11 02:22:56,790 - INFO - Scraping 588/6851: https://www.refurbed.de/p/asus-vivobook-16x-f1605pa-11300h/
2026-01-11 02:22:58,194 - INFO - Scraping 589/6851: https://www.refurbed.de/p/asus-vivobook-16x-f1605pa-11370h/
2026-01-11 02:22:59,497 - INFO - Scraping 590/6851: https://www.refurbed.de/p/asus-vivobook-16x-m1603-5-5600h/
2026-01-11 02:23:00,807 - INFO - Scraping 591/6851: https://www.refurbed.de/p/asus-vivobook-16x-oled-5600h/
2026-01-11 02:23:02,111 - INFO - Scraping 592/6851: https://www.refurbed.de/p/asus-vivobook-16x-oled-k3605vc/
2026-01-11 02:23:04,278 - INFO - Scraping 593/6851: https://www.refurbed.de/p/asus-vivobook-16x-oled-k3605zc/
2026-01-11 02:23:05,661 - INFO - Scraping 594/6851: https://www.refurbed.de/p/asus-vivobook-16x-oled-k3605zf/
2026-01-11 02:23:06,982 - INFO - Scraping 595/6851: https://www.refurbed.de/p/asus-vivobook-17-f1704va-1335u/
2026-01-11 02:23:08,334 - INFO - Scraping 596/6851: https://www.refurbed.de/p/asus-vivobook-17-s712da-au334t/
2026-01-11 02:23:09,685 - INFO - Scraping 597/6851: https://www.refurbed.de/p/asus-vivobook-17-s712ea-i31115g4/
2026-01-11 02:23:11,037 - INFO - Scraping 598/6851: https://www.refurbed.de/p/asus-vivobook-17-s712fa-8265u/
2026-01-11 02:23:12,443 - INFO - Scraping 599/6851: https://www.refurbed.de/p/asus-vivobook-17-s712ja-1005g1/
2026-01-11 02:23:13,896 - INFO - Scraping 600/6851: https://www.refurbed.de/p/asus-vivobook-17-x1704va-1355u/
2026-01-11 02:23:15,261 - INFO - Scraping 601/6851: https://www.refurbed.de/p/asus-vivobook-17-x1704za-1235u/
2026-01-11 02:23:16,581 - INFO - Scraping 602/6851: https://www.refurbed.de/p/asus-vivobook-17-x705ma-n4020/
2026-01-11 02:23:17,914 - INFO - Scraping 603/6851: https://www.refurbed.de/p/asus-vivobook-17-x712ea-1165g7/
2026-01-11 02:23:19,275 - INFO - Scraping 604/6851: https://www.refurbed.de/p/asus-vivobook-17f1704va-i7-1355u/
2026-01-11 02:23:20,681 - INFO - Scraping 605/6851: https://www.refurbed.de/p/asus-vivobook-a516ka-n4500/
2026-01-11 02:23:22,076 - INFO - Scraping 606/6851: https://www.refurbed.de/p/asus-vivobook-d515da-3-3250u/
2026-01-11 02:23:23,466 - INFO - Scraping 607/6851: https://www.refurbed.de/p/asus-vivobook-go-14-e410ma-n4020/
2026-01-11 02:23:24,767 - INFO - Scraping 608/6851: https://www.refurbed.de/p/asus-vivobook-go-14-flip-n4500/
2026-01-11 02:23:26,123 - INFO - Scraping 609/6851: https://www.refurbed.de/p/asus-vivobook-go-14-flip-n6000/
2026-01-11 02:23:27,471 - INFO - Scraping 610/6851: https://www.refurbed.de/p/asus-vivobook-go-15-e510-n4020/
2026-01-11 02:23:28,820 - INFO - Scraping 611/6851: https://www.refurbed.de/p/asus-vivobook-go-15-e510-n4500/
2026-01-11 02:23:30,204 - INFO - Scraping 612/6851: https://www.refurbed.de/p/asus-vivobook-go-15-oled-i3-n305/
2026-01-11 02:23:31,552 - INFO - Scraping 613/6851: https://www.refurbed.de/p/asus-vivobook-go-15-oled-n100/
2026-01-11 02:23:32,925 - INFO - Scraping 614/6851: https://www.refurbed.de/p/asus-vivobook-m515da-r3-3250u/
2026-01-11 02:23:34,269 - INFO - Scraping 615/6851: https://www.refurbed.de/p/asus-vivobook-m515da-r5-3500u/
2026-01-11 02:23:35,621 - INFO - Scraping 616/6851: https://www.refurbed.de/p/asus-vivobook-oled-15-i7-1165g7/
2026-01-11 02:23:36,959 - INFO - Scraping 617/6851: https://www.refurbed.de/p/asus-vivobook-oled-15-k513ea/
2026-01-11 02:23:38,271 - INFO - Scraping 618/6851: https://www.refurbed.de/p/asus-vivobook-pro-14-oled-11300h/
2026-01-11 02:23:39,670 - INFO - Scraping 619/6851: https://www.refurbed.de/p/asus-vivobook-pro-14-oled-5600h/
2026-01-11 02:23:40,993 - INFO - Scraping 620/6851: https://www.refurbed.de/p/asus-vivobook-pro-15-n580gd-8750/
2026-01-11 02:23:42,328 - INFO - Scraping 621/6851: https://www.refurbed.de/p/asus-vivobook-s-14-flip-1335u/
2026-01-11 02:23:43,764 - INFO - Scraping 622/6851: https://www.refurbed.de/p/asus-vivobook-s-14-flip-13500h/
2026-01-11 02:23:45,079 - INFO - Scraping 623/6851: https://www.refurbed.de/p/asus-vivobook-s-14-flip-13700h/
2026-01-11 02:23:46,476 - INFO - Scraping 624/6851: https://www.refurbed.de/p/asus-vivobook-s-14-k3402za-i5/
2026-01-11 02:23:47,793 - INFO - Scraping 625/6851: https://www.refurbed.de/p/asus-vivobook-s14-m433-5-4500u/
2026-01-11 02:23:49,114 - INFO - Scraping 626/6851: https://www.refurbed.de/p/asus-vivobook-s14-oled-m3402qa/
2026-01-11 02:23:50,608 - INFO - Scraping 627/6851: https://www.refurbed.de/p/asus-vivobook-s15-k3502-12700h/
2026-01-11 02:23:51,950 - INFO - Scraping 628/6851: https://www.refurbed.de/p/asus-vivobook-s15-s530-8265u-15/
2026-01-11 02:23:53,317 - INFO - Scraping 629/6851: https://www.refurbed.de/p/asus-vivobook-s17-f712ja-1065g7/
2026-01-11 02:23:54,644 - INFO - Scraping 630/6851: https://www.refurbed.de/p/asus-vivobook-s17-s732ea-1135g7/
2026-01-11 02:23:56,010 - INFO - Scraping 631/6851: https://www.refurbed.de/p/asus-vivobook-s17-s732ja-1005g1/
2026-01-11 02:23:57,358 - INFO - Scraping 632/6851: https://www.refurbed.de/p/asus-vivobook-s17-s732ja-1115g4/
2026-01-11 02:23:58,697 - INFO - Scraping 633/6851: https://www.refurbed.de/p/asus-vivobook-x415jab-i7-1065g7/
2026-01-11 02:24:00,029 - INFO - Scraping 634/6851: https://www.refurbed.de/p/asus-vivobook-x415jp-i7-1065g7/
2026-01-11 02:24:01,340 - INFO - Scraping 635/6851: https://www.refurbed.de/p/asus-vivobook-x515ka-n4500/
2026-01-11 02:24:02,713 - INFO - Scraping 636/6851: https://www.refurbed.de/p/asus-vivobook-x515ka-n6000/
2026-01-11 02:24:04,022 - INFO - Scraping 637/6851: https://www.refurbed.de/p/asus-vivobook-x543ma-n4020/
2026-01-11 02:24:05,722 - INFO - Scraping 638/6851: https://www.refurbed.de/p/asus-vivobooks-14-k3402za-i7-127/
2026-01-11 02:24:07,160 - INFO - Scraping 639/6851: https://www.refurbed.de/p/asus-vivobooks-14-oled-k3402za/
2026-01-11 02:24:08,521 - INFO - Scraping 640/6851: https://www.refurbed.de/p/asus-zenbook-13-led-um325sa/
2026-01-11 02:24:09,940 - INFO - Scraping 641/6851: https://www.refurbed.de/p/asus-zenbook-14-i5/
2026-01-11 02:24:11,321 - INFO - Scraping 642/6851: https://www.refurbed.de/p/asus-zenbook-14-um425qa-5800h/
2026-01-11 02:24:12,782 - INFO - Scraping 643/6851: https://www.refurbed.de/p/asus-zenbook-14-um425qa-5900hx/
2026-01-11 02:24:14,189 - INFO - Scraping 644/6851: https://www.refurbed.de/p/asus-zenbook-14-um425qa-9-5900hx/
2026-01-11 02:24:15,558 - INFO - Scraping 645/6851: https://www.refurbed.de/p/asus-zenbook-14-um425qa/
2026-01-11 02:24:16,944 - INFO - Scraping 646/6851: https://www.refurbed.de/p/asus-zenbook-14-um425ua-ki189t/
2026-01-11 02:24:18,284 - INFO - Scraping 647/6851: https://www.refurbed.de/p/asus-zenbook-14-um425uaz-ki016/
2026-01-11 02:24:19,605 - INFO - Scraping 648/6851: https://www.refurbed.de/p/asus-zenbook-14-um425uaz-ki203t/
2026-01-11 02:24:20,982 - INFO - Scraping 649/6851: https://www.refurbed.de/p/asus-zenbook-14-ux410u-i7-8550u/
2026-01-11 02:24:21,189 - ERROR - Error fetching https://www.refurbed.de/p/asus-zenbook-14-ux410u-i7-8550u/: 404 Client Error: Not Found for url: https://www.refurbed.de/p/asus-zenbook-14-ux410u-i7-8550u/
2026-01-11 02:24:22,191 - INFO - Scraping 650/6851: https://www.refurbed.de/p/asus-zenbook-14-ux425ea-1135g7/
2026-01-11 02:24:23,529 - INFO - Scraping 651/6851: https://www.refurbed.de/p/asus-zenbook-14-ux425ea-1165g7/
2026-01-11 02:24:24,859 - INFO - Scraping 652/6851: https://www.refurbed.de/p/asus-zenbook-14-ux425ia-4700u/
2026-01-11 02:24:26,238 - INFO - Scraping 653/6851: https://www.refurbed.de/p/asus-zenbook-14-ux425ja-1035g1/
2026-01-11 02:24:27,548 - INFO - Scraping 654/6851: https://www.refurbed.de/p/asus-zenbook-14-ux425qa-5800h/
2026-01-11 02:24:28,898 - INFO - Scraping 655/6851: https://www.refurbed.de/p/asus-zenbook-14-ux434fac-a5091t/
2026-01-11 02:24:30,297 - INFO - Scraping 656/6851: https://www.refurbed.de/p/asus-zenbook-14-ux435eg-1165g7/
2026-01-11 02:24:31,642 - INFO - Scraping 657/6851: https://www.refurbed.de/p/asus-zenbook-14/
2026-01-11 02:24:32,965 - INFO - Scraping 658/6851: https://www.refurbed.de/p/asus-zenbook-14x-oled-5600h/
2026-01-11 02:24:34,310 - INFO - Scraping 659/6851: https://www.refurbed.de/p/asus-zenbook-14x-oled-un5401qa/
2026-01-11 02:24:35,682 - INFO - Scraping 660/6851: https://www.refurbed.de/p/asus-zenbook-15-ux534ft-a8145t/
2026-01-11 02:24:37,091 - INFO - Scraping 661/6851: https://www.refurbed.de/p/asus-zenbook-17-fold-oled-ux9702/
2026-01-11 02:24:38,566 - INFO - Scraping 662/6851: https://www.refurbed.de/p/asus-zenbook-duo-ux481fl-bm044t/
2026-01-11 02:24:39,904 - INFO - Scraping 663/6851: https://www.refurbed.de/p/asus-zenbook-flip-13-1035g4/
2026-01-11 02:24:41,261 - INFO - Scraping 664/6851: https://www.refurbed.de/p/asus-zenbook-flip-13-i7-1165g7/
2026-01-11 02:24:42,668 - INFO - Scraping 665/6851: https://www.refurbed.de/p/asus-zenbook-flip-15-7-4700u/
2026-01-11 02:24:44,006 - INFO - Scraping 666/6851: https://www.refurbed.de/p/asus-zenbook-flip-ux360uak-7500u/
2026-01-11 02:24:44,262 - ERROR - Error fetching https://www.refurbed.de/p/asus-zenbook-flip-ux360uak-7500u/: 404 Client Error: Not Found for url: https://www.refurbed.de/p/asus-zenbook-flip-ux360uak-7500u/
2026-01-11 02:24:45,264 - INFO - Scraping 667/6851: https://www.refurbed.de/p/asus-zenbook-flip14-10210u/
2026-01-11 02:24:46,562 - INFO - Scraping 668/6851: https://www.refurbed.de/p/asus-zenbook-flip14-i7-10510u/
2026-01-11 02:24:48,165 - INFO - Scraping 669/6851: https://www.refurbed.de/p/asus-zenbook-flip14-oled-12500h/
2026-01-11 02:24:49,489 - INFO - Scraping 670/6851: https://www.refurbed.de/p/asus-zenbook-flip14-oled-12700h/
2026-01-11 02:24:50,878 - INFO - Scraping 671/6851: https://www.refurbed.de/p/asus-zenbook-flip14x-oled-1260p/
2026-01-11 02:24:52,207 - INFO - Scraping 672/6851: https://www.refurbed.de/p/asus-zenbook-pro-14-ux450/
2026-01-11 02:24:53,559 - INFO - Scraping 673/6851: https://www.refurbed.de/p/asus-zenbook-pro-14-ux480fd/
2026-01-11 02:24:53,945 - ERROR - Error fetching https://www.refurbed.de/p/asus-zenbook-pro-14-ux480fd/: 404 Client Error: Not Found for url: https://www.refurbed.de/p/asus-zenbook-pro-14-ux480fd/
2026-01-11 02:24:54,947 - INFO - Scraping 674/6851: https://www.refurbed.de/p/asus-zenbook-pro-15-flip-oled-i7/
2026-01-11 02:24:56,275 - INFO - Scraping 675/6851: https://www.refurbed.de/p/asus-zenbook-pro-15-oled-5900hx/
2026-01-11 02:24:57,589 - INFO - Scraping 676/6851: https://www.refurbed.de/p/asus-zenbook-pro-17-9-6900hx/
2026-01-11 02:24:58,982 - INFO - Scraping 677/6851: https://www.refurbed.de/p/asus-zenbook-pro-duo-15-12900h/
2026-01-11 02:25:00,291 - INFO - Scraping 678/6851: https://www.refurbed.de/p/asus-zenbook-pro-duo-15-ux582hs/
2026-01-11 02:25:01,597 - INFO - Scraping 679/6851: https://www.refurbed.de/p/asus-zenbook-pro-duo-15-ux582zm/
2026-01-11 02:25:02,907 - INFO - Scraping 680/6851: https://www.refurbed.de/p/asus-zenbook-pro-duo-ux581gv/
2026-01-11 02:25:04,590 - INFO - Scraping 681/6851: https://www.refurbed.de/p/asus-zenbook-s-13-flip-1135g7/
2026-01-11 02:25:05,980 - INFO - Scraping 682/6851: https://www.refurbed.de/p/asus-zenbook-s-13-flip-1260p/
2026-01-11 02:25:07,302 - INFO - Scraping 683/6851: https://www.refurbed.de/p/asus-zenbook-s-13-oled-6800u/
2026-01-11 02:25:08,816 - INFO - Scraping 684/6851: https://www.refurbed.de/p/asus-zenbook-s-13-oled-ux5304va/
2026-01-11 02:25:10,154 - INFO - Scraping 685/6851: https://www.refurbed.de/p/asus-zenbook-s-16-oled-9hx370/
2026-01-11 02:25:11,476 - INFO - Scraping 686/6851: https://www.refurbed.de/p/asus-zenbook-ux301la-4200u-13-3/
2026-01-11 02:25:11,641 - ERROR - Error fetching https://www.refurbed.de/p/asus-zenbook-ux301la-4200u-13-3/: 404 Client Error: Not Found for url: https://www.refurbed.de/p/asus-zenbook-ux301la-4200u-13-3/
2026-01-11 02:25:12,643 - INFO - Scraping 687/6851: https://www.refurbed.de/p/asus-zenbook-ux430ua-8250u-14/
2026-01-11 02:25:14,201 - INFO - Scraping 688/6851: https://www.refurbed.de/p/beko-bbim13500xpsw/
2026-01-11 02:25:15,567 - INFO - Scraping 689/6851: https://www.refurbed.de/p/beko-hdmi-32400-dtx/
2026-01-11 02:25:16,929 - INFO - Scraping 690/6851: https://www.refurbed.de/p/benq-bl2201pt/
2026-01-11 02:25:18,377 - INFO - Scraping 691/6851: https://www.refurbed.de/p/benq-bl2405ht-24/
2026-01-11 02:25:19,830 - INFO - Scraping 692/6851: https://www.refurbed.de/p/benq-bl2410pt/
2026-01-11 02:25:21,179 - INFO - Scraping 693/6851: https://www.refurbed.de/p/benq-bl2420z/
2026-01-11 02:25:22,490 - INFO - Scraping 694/6851: https://www.refurbed.de/p/benq-g2251tm/
2026-01-11 02:25:23,818 - INFO - Scraping 695/6851: https://www.refurbed.de/p/benq-gl2450/
2026-01-11 02:25:25,167 - INFO - Scraping 696/6851: https://www.refurbed.de/p/benq-gl2450e/
2026-01-11 02:25:26,681 - INFO - Scraping 697/6851: https://www.refurbed.de/p/benq-gl2460/
2026-01-11 02:25:28,138 - INFO - Scraping 698/6851: https://www.refurbed.de/p/benq-gl2760h/
2026-01-11 02:25:29,513 - INFO - Scraping 699/6851: https://www.refurbed.de/p/benq-gw2780t/
2026-01-11 02:25:30,825 - INFO - Scraping 700/6851: https://www.refurbed.de/p/benq-th685i/
2026-01-11 02:25:32,168 - INFO - Scraping 701/6851: https://www.refurbed.de/p/benq-w1210st/
2026-01-11 02:25:33,506 - INFO - Scraping 702/6851: https://www.refurbed.de/p/benq-w2000/
2026-01-11 02:25:34,886 - INFO - Scraping 703/6851: https://www.refurbed.de/p/benq-w2700i/
2026-01-11 02:25:36,256 - INFO - Scraping 704/6851: https://www.refurbed.de/p/benq-zowie-xl2411p-24/
2026-01-11 02:25:37,881 - INFO - Scraping 705/6851: https://www.refurbed.de/p/bundle-laptop-ch-65w-ca-100w/
2026-01-11 02:25:39,477 - INFO - Scraping 706/6851: https://www.refurbed.de/p/d-link-av1000-dhp-w611av/
2026-01-11 02:25:40,802 - INFO - Scraping 707/6851: https://www.refurbed.de/p/d-link-dhp-601av-1000hd-kit/
2026-01-11 02:25:42,154 - INFO - Scraping 708/6851: https://www.refurbed.de/p/d-link-dhp-p601av-1000-hd/
2026-01-11 02:25:43,572 - INFO - Scraping 709/6851: https://www.refurbed.de/p/d-link-pl-av-500-hd-dhp-p509av-e/
2026-01-11 02:25:44,918 - INFO - Scraping 710/6851: https://www.refurbed.de/p/dell-07wj8n-kit/
2026-01-11 02:25:46,474 - INFO - Scraping 711/6851: https://www.refurbed.de/p/dell-0f4xhp/
2026-01-11 02:25:47,893 - INFO - Scraping 712/6851: https://www.refurbed.de/p/dell-0fpc2y/
2026-01-11 02:25:49,188 - INFO - Scraping 713/6851: https://www.refurbed.de/p/dell-0mv2mm/
2026-01-11 02:25:50,594 - INFO - Scraping 714/6851: https://www.refurbed.de/p/dell-0n243x-type-a5-rack-rail/
2026-01-11 02:25:51,881 - INFO - Scraping 715/6851: https://www.refurbed.de/p/dell-0rxnt1/
2026-01-11 02:25:53,278 - INFO - Scraping 716/6851: https://www.refurbed.de/p/dell-0yd9w8/
2026-01-11 02:25:54,707 - INFO - Scraping 717/6851: https://www.refurbed.de/p/dell-1u-kit-n4000-n2000/
2026-01-11 02:25:56,022 - INFO - Scraping 718/6851: https://www.refurbed.de/p/dell-2009wt-20/
2026-01-11 02:25:57,389 - INFO - Scraping 719/6851: https://www.refurbed.de/p/dell-2u-ready-sliding-rail-kit/
2026-01-11 02:25:58,733 - INFO - Scraping 720/6851: https://www.refurbed.de/p/dell-3-5-inch-2-5-inch-hdd-caddy/
2026-01-11 02:26:00,035 - INFO - Scraping 721/6851: https://www.refurbed.de/p/dell-3008wfp/
2026-01-11 02:26:01,364 - INFO - Scraping 722/6851: https://www.refurbed.de/p/dell-450-abfs/
2026-01-11 02:26:02,693 - INFO - Scraping 723/6851: https://www.refurbed.de/p/dell-450-ahrg/
2026-01-11 02:26:04,051 - INFO - Scraping 724/6851: https://www.refurbed.de/p/dell-450-bbny/
2026-01-11 02:26:05,663 - INFO - Scraping 725/6851: https://www.refurbed.de/p/dell-6ryj9-dc-power-supply/
2026-01-11 02:26:07,083 - INFO - Scraping 726/6851: https://www.refurbed.de/p/dell-7030-rug-extrem-1240u-nocam/
2026-01-11 02:26:08,578 - INFO - Scraping 727/6851: https://www.refurbed.de/p/dell-7320-2-in-1-i7-1165g/
2026-01-11 02:26:10,117 - INFO - Scraping 728/6851: https://www.refurbed.de/p/dell-7320-2-in-1-i7-1185g7/
2026-01-11 02:26:11,971 - INFO - Scraping 729/6851: https://www.refurbed.de/p/dell-7330-2-in-1-i5-1245u/
2026-01-11 02:26:12,238 - ERROR - Error fetching https://www.refurbed.de/p/dell-7330-2-in-1-i5-1245u/: 404 Client Error: Not Found for url: https://www.refurbed.de/p/dell-7330-2-in-1-i5-1245u/
2026-01-11 02:26:13,240 - INFO - Scraping 730/6851: https://www.refurbed.de/p/dell-7420-2-in-1-i5-1145g7/
2026-01-11 02:26:14,555 - INFO - Scraping 731/6851: https://www.refurbed.de/p/dell-7420-2-in-1-i7-1165g7/
2026-01-11 02:26:15,877 - INFO - Scraping 732/6851: https://www.refurbed.de/p/dell-7420-2-in-1-i7-1185g7/
2026-01-11 02:26:17,185 - INFO - Scraping 733/6851: https://www.refurbed.de/p/dell-9txk7/
2026-01-11 02:26:18,504 - INFO - Scraping 734/6851: https://www.refurbed.de/p/dell-advanced-laser-projector/
2026-01-11 02:26:19,860 - INFO - Scraping 735/6851: https://www.refurbed.de/p/dell-alienwa-area-51m-r2-10900k/
2026-01-11 02:26:21,210 - INFO - Scraping 736/6851: https://www.refurbed.de/p/dell-alienware-15-r4-8750h-15-6/
2026-01-11 02:26:22,534 - INFO - Scraping 737/6851: https://www.refurbed.de/p/dell-alienware-17-r4-7700hq-17-3/
2026-01-11 02:26:22,841 - ERROR - Error fetching https://www.refurbed.de/p/dell-alienware-17-r4-7700hq-17-3/: 404 Client Error: Not Found for url: https://www.refurbed.de/p/dell-alienware-17-r4-7700hq-17-3/
2026-01-11 02:26:23,843 - INFO - Scraping 738/6851: https://www.refurbed.de/p/dell-alienware-17-r4-7820hk-17-3/
2026-01-11 02:26:24,105 - ERROR - Error fetching https://www.refurbed.de/p/dell-alienware-17-r4-7820hk-17-3/: 404 Client Error: Not Found for url: https://www.refurbed.de/p/dell-alienware-17-r4-7820hk-17-3/
2026-01-11 02:26:25,107 - INFO - Scraping 739/6851: https://www.refurbed.de/p/dell-alienware-aurora-r10/
2026-01-11 02:26:26,486 - INFO - Scraping 740/6851: https://www.refurbed.de/p/dell-alienware-aurora-r13/
2026-01-11 02:26:27,791 - INFO - Scraping 741/6851: https://www.refurbed.de/p/dell-alienware-aurora-r8/
2026-01-11 02:26:29,176 - INFO - Scraping 742/6851: https://www.refurbed.de/p/dell-alienware-aw2518h-24-5/
2026-01-11 02:26:30,609 - INFO - Scraping 743/6851: https://www.refurbed.de/p/dell-alienware-aw2518hf-24-5/
2026-01-11 02:26:31,909 - INFO - Scraping 744/6851: https://www.refurbed.de/p/dell-alienware-aw2521hfa-24-5/
2026-01-11 02:26:33,316 - INFO - Scraping 745/6851: https://www.refurbed.de/p/dell-alienware-aw2521hfla-24-5/
2026-01-11 02:26:34,678 - INFO - Scraping 746/6851: https://www.refurbed.de/p/dell-alienware-aw2523hf/
2026-01-11 02:26:36,046 - INFO - Scraping 747/6851: https://www.refurbed.de/p/dell-alienware-aw2524hf/
2026-01-11 02:26:37,477 - INFO - Scraping 748/6851: https://www.refurbed.de/p/dell-alienware-aw2720hfa-27/
2026-01-11 02:26:38,950 - INFO - Scraping 749/6851: https://www.refurbed.de/p/dell-alienware-aw2721d/
2026-01-11 02:26:40,253 - INFO - Scraping 750/6851: https://www.refurbed.de/p/dell-alienware-aw2723df/
2026-01-11 02:26:41,563 - INFO - Scraping 751/6851: https://www.refurbed.de/p/dell-alienware-aw2724dm/
2026-01-11 02:26:43,074 - INFO - Scraping 752/6851: https://www.refurbed.de/p/dell-alienware-aw2724hf/
2026-01-11 02:26:44,632 - INFO - Scraping 753/6851: https://www.refurbed.de/p/dell-alienware-aw2725df/
2026-01-11 02:26:46,129 - INFO - Scraping 754/6851: https://www.refurbed.de/p/dell-alienware-aw2725qf-27/
2026-01-11 02:26:47,728 - INFO - Scraping 755/6851: https://www.refurbed.de/p/dell-alienware-aw3225qf-31-6/
2026-01-11 02:26:49,337 - INFO - Scraping 756/6851: https://www.refurbed.de/p/dell-alienware-aw3420dw-34/
2026-01-11 02:26:50,721 - INFO - Scraping 757/6851: https://www.refurbed.de/p/dell-alienware-aw3423dw-34-18/
2026-01-11 02:26:52,064 - INFO - Scraping 758/6851: https://www.refurbed.de/p/dell-alienware-aw3423dwf-34-18/
2026-01-11 02:26:53,405 - INFO - Scraping 759/6851: https://www.refurbed.de/p/dell-alienware-aw3821dw/
2026-01-11 02:26:54,785 - INFO - Scraping 760/6851: https://www.refurbed.de/p/dell-alienware-aw768-pro/
2026-01-11 02:26:56,346 - INFO - Scraping 761/6851: https://www.refurbed.de/p/dell-alienware-m15-r1-8750h-15-6/
2026-01-11 02:26:57,724 - INFO - Scraping 762/6851: https://www.refurbed.de/p/dell-alienware-m15-r2-i7-6700hq/
2026-01-11 02:26:57,898 - ERROR - Error fetching https://www.refurbed.de/p/dell-alienware-m15-r2-i7-6700hq/: 404 Client Error: Not Found for url: https://www.refurbed.de/p/dell-alienware-m15-r2-i7-6700hq/
2026-01-11 02:26:58,901 - INFO - Scraping 763/6851: https://www.refurbed.de/p/dell-alienware-m15-r2-i7-9750h/
2026-01-11 02:27:00,322 - INFO - Scraping 764/6851: https://www.refurbed.de/p/dell-alienware-m15-r5-7-5800h/
2026-01-11 02:27:01,624 - INFO - Scraping 765/6851: https://www.refurbed.de/p/dell-alienware-m15-r5-9-5900hx/
2026-01-11 02:27:02,978 - INFO - Scraping 766/6851: https://www.refurbed.de/p/dell-alienware-m15-r6-i5-11400h/
2026-01-11 02:27:04,455 - INFO - Scraping 767/6851: https://www.refurbed.de/p/dell-alienware-m15-r7-i7-12700h/
2026-01-11 02:27:06,173 - INFO - Scraping 768/6851: https://www.refurbed.de/p/dell-alienware-m17-r3-70870h/
2026-01-11 02:27:07,636 - INFO - Scraping 769/6851: https://www.refurbed.de/p/dell-alienware-m17-r4-10870h/
2026-01-11 02:27:09,125 - INFO - Scraping 770/6851: https://www.refurbed.de/p/dell-alienware-m18-r1-i9-13900hx/
2026-01-11 02:27:10,428 - INFO - Scraping 771/6851: https://www.refurbed.de/p/dell-alienware-x14-r1-i7-12700h/
2026-01-11 02:27:11,767 - INFO - Scraping 772/6851: https://www.refurbed.de/p/dell-alienware-x17-r2-12900hk/
2026-01-11 02:27:13,133 - INFO - Scraping 773/6851: https://www.refurbed.de/p/dell-alienware-x51-r3/
2026-01-11 02:27:13,337 - ERROR - Error fetching https://www.refurbed.de/p/dell-alienware-x51-r3/: 404 Client Error: Not Found for url: https://www.refurbed.de/p/dell-alienware-x51-r3/
2026-01-11 02:27:14,339 - INFO - Scraping 774/6851: https://www.refurbed.de/p/dell-c2422he-23-8/
2026-01-11 02:27:16,134 - INFO - Scraping 775/6851: https://www.refurbed.de/p/dell-c2423h-23-8/
2026-01-11 02:27:17,434 - INFO - Scraping 776/6851: https://www.refurbed.de/p/dell-c2722de-27/
2026-01-11 02:27:18,970 - INFO - Scraping 777/6851: https://www.refurbed.de/p/dell-c2723h-27/
2026-01-11 02:27:20,304 - INFO - Scraping 778/6851: https://www.refurbed.de/p/dell-c3422we-34/
2026-01-11 02:27:21,791 - INFO - Scraping 779/6851: https://www.refurbed.de/p/dell-c5518qt-55/
2026-01-11 02:27:23,093 - INFO - Scraping 780/6851: https://www.refurbed.de/p/dell-c5519q/
2026-01-11 02:27:24,561 - INFO - Scraping 781/6851: https://www.refurbed.de/p/dell-c5522qt-54-6/
2026-01-11 02:27:26,047 - INFO - Scraping 782/6851: https://www.refurbed.de/p/dell-c6522qt/
2026-01-11 02:27:27,459 - INFO - Scraping 783/6851: https://www.refurbed.de/p/dell-c7017t/
2026-01-11 02:27:29,023 - INFO - Scraping 784/6851: https://www.refurbed.de/p/dell-c7520qt/
2026-01-11 02:27:30,552 - INFO - Scraping 785/6851: https://www.refurbed.de/p/dell-c8618qt-86/
2026-01-11 02:27:31,913 - INFO - Scraping 786/6851: https://www.refurbed.de/p/dell-c8621qt/
2026-01-11 02:27:33,227 - INFO - Scraping 787/6851: https://www.refurbed.de/p/dell-canvas-27/
2026-01-11 02:27:34,612 - INFO - Scraping 788/6851: https://www.refurbed.de/p/dell-cb-3110-2-in-1-n4500/
2026-01-11 02:27:43,338 - INFO - Scraping 789/6851: https://www.refurbed.de/p/dell-cb-3110-2-in-1-n5100/
2026-01-11 02:27:44,707 - INFO - Scraping 790/6851: https://www.refurbed.de/p/dell-chromebook-11-3120-n2840/
2026-01-11 02:27:46,161 - INFO - Scraping 791/6851: https://www.refurbed.de/p/dell-chromebook-11-3180-n3060/
2026-01-11 02:27:47,581 - INFO - Scraping 792/6851: https://www.refurbed.de/p/dell-chromebook-11-3189-n3060/
2026-01-11 02:27:48,984 - INFO - Scraping 793/6851: https://www.refurbed.de/p/dell-chromebook-3100-n4020/
2026-01-11 02:27:50,297 - INFO - Scraping 794/6851: https://www.refurbed.de/p/dell-da200/
2026-01-11 02:27:51,656 - INFO - Scraping 795/6851: https://www.refurbed.de/p/dell-da65ns3-00/
2026-01-11 02:27:52,919 - INFO - Scraping 796/6851: https://www.refurbed.de/p/dell-dock-3000/
2026-01-11 02:27:54,323 - INFO - Scraping 797/6851: https://www.refurbed.de/p/dell-dock-d1000/
2026-01-11 02:27:55,675 - INFO - Scraping 798/6851: https://www.refurbed.de/p/dell-dock-d3100/
2026-01-11 02:27:57,037 - INFO - Scraping 799/6851: https://www.refurbed.de/p/dell-dock-d6000/
2026-01-11 02:27:58,609 - INFO - Scraping 800/6851: https://www.refurbed.de/p/dell-dock-d6000s/
2026-01-11 02:28:00,173 - INFO - Scraping 801/6851: https://www.refurbed.de/p/dell-dock-wd15/
2026-01-11 02:28:01,565 - INFO - Scraping 802/6851: https://www.refurbed.de/p/dell-dock-wd19/
2026-01-11 02:28:02,994 - INFO - Scraping 803/6851: https://www.refurbed.de/p/dell-dock-wd19s/
2026-01-11 02:28:04,692 - INFO - Scraping 804/6851: https://www.refurbed.de/p/dell-e-port-pr03x-dock/
2026-01-11 02:28:06,277 - INFO - Scraping 805/6851: https://www.refurbed.de/p/dell-e1715s-17/
2026-01-11 02:28:07,594 - INFO - Scraping 806/6851: https://www.refurbed.de/p/dell-e1908wfp-19/
2026-01-11 02:28:09,054 - INFO - Scraping 807/6851: https://www.refurbed.de/p/dell-e1912h-18-5/
2026-01-11 02:28:10,470 - INFO - Scraping 808/6851: https://www.refurbed.de/p/dell-e1916h-18-5/
2026-01-11 02:28:11,806 - INFO - Scraping 809/6851: https://www.refurbed.de/p/dell-e1916hv-18-5/
2026-01-11 02:28:13,159 - INFO - Scraping 810/6851: https://www.refurbed.de/p/dell-e1920h-18-5/
2026-01-11 02:28:14,482 - INFO - Scraping 811/6851: https://www.refurbed.de/p/dell-e2014h/
2026-01-11 02:28:15,800 - INFO - Scraping 812/6851: https://www.refurbed.de/p/dell-e2016h-19-5/
2026-01-11 02:28:17,275 - INFO - Scraping 813/6851: https://www.refurbed.de/p/dell-e2016hv-19-5/
2026-01-11 02:28:18,577 - INFO - Scraping 814/6851: https://www.refurbed.de/p/dell-e2020h-19-5/
2026-01-11 02:28:20,227 - INFO - Scraping 815/6851: https://www.refurbed.de/p/dell-e2211h-21/
2026-01-11 02:28:21,667 - INFO - Scraping 816/6851: https://www.refurbed.de/p/dell-e2214h-21/
2026-01-11 02:28:23,274 - INFO - Scraping 817/6851: https://www.refurbed.de/p/dell-e2216h-21/
2026-01-11 02:28:24,765 - INFO - Scraping 818/6851: https://www.refurbed.de/p/dell-e2216hv-21/
2026-01-11 02:28:26,358 - INFO - Scraping 819/6851: https://www.refurbed.de/p/dell-e2218hn/
2026-01-11 02:28:27,801 - INFO - Scraping 820/6851: https://www.refurbed.de/p/dell-e2221hn-21-5/
2026-01-11 02:28:29,108 - INFO - Scraping 821/6851: https://www.refurbed.de/p/dell-e2222h-21-5/
2026-01-11 02:28:30,510 - INFO - Scraping 822/6851: https://www.refurbed.de/p/dell-e2222hs-21-5/
2026-01-11 02:28:31,828 - INFO - Scraping 823/6851: https://www.refurbed.de/p/dell-e2223hn-21-5/
2026-01-11 02:28:33,272 - INFO - Scraping 824/6851: https://www.refurbed.de/p/dell-e2223hv-21-5/
2026-01-11 02:28:34,665 - INFO - Scraping 825/6851: https://www.refurbed.de/p/dell-e2311h-23/
2026-01-11 02:28:36,017 - INFO - Scraping 826/6851: https://www.refurbed.de/p/dell-e2316h-23/
2026-01-11 02:28:37,380 - INFO - Scraping 827/6851: https://www.refurbed.de/p/dell-e2318h/
2026-01-11 02:28:38,869 - INFO - Scraping 828/6851: https://www.refurbed.de/p/dell-e2414h-24/
2026-01-11 02:28:40,193 - INFO - Scraping 829/6851: https://www.refurbed.de/p/dell-e2416h-24/
2026-01-11 02:28:41,708 - INFO - Scraping 830/6851: https://www.refurbed.de/p/dell-e2417h-23-8/
2026-01-11 02:28:43,790 - INFO - Scraping 831/6851: https://www.refurbed.de/p/dell-e2420h/
2026-01-11 02:28:45,547 - INFO - Scraping 832/6851: https://www.refurbed.de/p/dell-e2420hs-23-8/
2026-01-11 02:28:47,095 - INFO - Scraping 833/6851: https://www.refurbed.de/p/dell-e2422h/
2026-01-11 02:28:48,541 - INFO - Scraping 834/6851: https://www.refurbed.de/p/dell-e2422hn-23-8/
2026-01-11 02:28:50,148 - INFO - Scraping 835/6851: https://www.refurbed.de/p/dell-e2422hs/
2026-01-11 02:28:51,649 - INFO - Scraping 836/6851: https://www.refurbed.de/p/dell-e2423h-23-8/
2026-01-11 02:28:53,122 - INFO - Scraping 837/6851: https://www.refurbed.de/p/dell-e2423hn-23-8/
2026-01-11 02:28:54,544 - INFO - Scraping 838/6851: https://www.refurbed.de/p/dell-e2424hs/
2026-01-11 02:28:55,987 - INFO - Scraping 839/6851: https://www.refurbed.de/p/dell-e2425h/
2026-01-11 02:28:57,425 - INFO - Scraping 840/6851: https://www.refurbed.de/p/dell-e2720hs/
2026-01-11 02:28:58,751 - INFO - Scraping 841/6851: https://www.refurbed.de/p/dell-e2722h-27/
2026-01-11 02:29:00,160 - INFO - Scraping 842/6851: https://www.refurbed.de/p/dell-e2722hs/
2026-01-11 02:29:01,456 - INFO - Scraping 843/6851: https://www.refurbed.de/p/dell-e2723h-27/
2026-01-11 02:29:02,754 - INFO - Scraping 844/6851: https://www.refurbed.de/p/dell-e2723hn-27/
2026-01-11 02:29:04,349 - INFO - Scraping 845/6851: https://www.refurbed.de/p/dell-e2724hs-27/
2026-01-11 02:29:05,680 - INFO - Scraping 846/6851: https://www.refurbed.de/p/dell-e2725h/
2026-01-11 02:29:07,184 - INFO - Scraping 847/6851: https://www.refurbed.de/p/dell-g15-5510-i7-10870h/
2026-01-11 02:29:08,514 - INFO - Scraping 848/6851: https://www.refurbed.de/p/dell-g15-5511-i7-11800h/
2026-01-11 02:29:09,909 - INFO - Scraping 849/6851: https://www.refurbed.de/p/dell-g15-5515-r7-5800h-15-6/
2026-01-11 02:29:11,370 - INFO - Scraping 850/6851: https://www.refurbed.de/p/dell-g16-7630-i7-13650hx/
2026-01-11 02:29:12,932 - INFO - Scraping 851/6851: https://www.refurbed.de/p/dell-g16-7630-i9-13900hx/
2026-01-11 02:29:14,306 - INFO - Scraping 852/6851: https://www.refurbed.de/p/dell-g2410-24/
2026-01-11 02:29:15,652 - INFO - Scraping 853/6851: https://www.refurbed.de/p/dell-g2422hs-23-8/
2026-01-11 02:29:16,995 - INFO - Scraping 854/6851: https://www.refurbed.de/p/dell-g2524h-24-5/
2026-01-11 02:29:18,412 - INFO - Scraping 855/6851: https://www.refurbed.de/p/dell-g2722hs-27/
2026-01-11 02:29:19,738 - INFO - Scraping 856/6851: https://www.refurbed.de/p/dell-g2723h-27/
2026-01-11 02:29:21,085 - INFO - Scraping 857/6851: https://www.refurbed.de/p/dell-g2723hn-27/
2026-01-11 02:29:22,382 - INFO - Scraping 858/6851: https://www.refurbed.de/p/dell-g2724d-27/
2026-01-11 02:29:23,925 - INFO - Scraping 859/6851: https://www.refurbed.de/p/dell-g2725d-27/
2026-01-11 02:29:25,265 - INFO - Scraping 860/6851: https://www.refurbed.de/p/dell-g3-15-3500-10750h/
2026-01-11 02:29:26,594 - INFO - Scraping 861/6851: https://www.refurbed.de/p/dell-g3-15-3579-i5-8300h-15-6/
2026-01-11 02:29:27,972 - INFO - Scraping 862/6851: https://www.refurbed.de/p/dell-g3-15-3590-9750h-15-6/
2026-01-11 02:29:29,464 - INFO - Scraping 863/6851: https://www.refurbed.de/p/dell-g3-15-3590-i5-9300h-15-6/
2026-01-11 02:29:30,891 - INFO - Scraping 864/6851: https://www.refurbed.de/p/dell-g3223d-31-5/
2026-01-11 02:29:32,335 - INFO - Scraping 865/6851: https://www.refurbed.de/p/dell-g3223q-32/
2026-01-11 02:29:33,690 - INFO - Scraping 866/6851: https://www.refurbed.de/p/dell-g5-15-i5-8300h/
2026-01-11 02:29:35,180 - INFO - Scraping 867/6851: https://www.refurbed.de/p/dell-g5-15-se-5505-5-4600h/
2026-01-11 02:29:36,495 - INFO - Scraping 868/6851: https://www.refurbed.de/p/dell-ha45nm131/
2026-01-11 02:29:37,819 - INFO - Scraping 869/6851: https://www.refurbed.de/p/dell-inspi-13-7306-2-in-1-1135g7/
2026-01-11 02:29:39,193 - INFO - Scraping 870/6851: https://www.refurbed.de/p/dell-inspi-13-7306-2-in-1-1165g7/
2026-01-11 02:29:40,564 - INFO - Scraping 871/6851: https://www.refurbed.de/p/dell-inspi-13-7378-i7-7500u/
2026-01-11 02:29:40,737 - ERROR - Error fetching https://www.refurbed.de/p/dell-inspi-13-7378-i7-7500u/: 404 Client Error: Not Found for url: https://www.refurbed.de/p/dell-inspi-13-7378-i7-7500u/
2026-01-11 02:29:41,739 - INFO - Scraping 872/6851: https://www.refurbed.de/p/dell-inspi-13-7386-2-in-1-8565u/
2026-01-11 02:29:43,095 - INFO - Scraping 873/6851: https://www.refurbed.de/p/dell-inspi-13-7391-2-in-1-10510u/
2026-01-11 02:29:44,448 - INFO - Scraping 874/6851: https://www.refurbed.de/p/dell-inspi-13-7391-i5-10210u/
2026-01-11 02:29:45,799 - INFO - Scraping 875/6851: https://www.refurbed.de/p/dell-inspi-7320-1165g7/
2026-01-11 02:29:47,348 - INFO - Scraping 876/6851: https://www.refurbed.de/p/dell-inspir-15-5579-2-in-1-8250u/
2026-01-11 02:29:48,697 - INFO - Scraping 877/6851: https://www.refurbed.de/p/dell-inspir-16-7620-2-in-1-1260p/
2026-01-11 02:29:50,063 - INFO - Scraping 878/6851: https://www.refurbed.de/p/dell-inspirion-14-5400-i7-1065g7/
2026-01-11 02:29:51,385 - INFO - Scraping 879/6851: https://www.refurbed.de/p/dell-inspirion-14-5400/
2026-01-11 02:29:52,720 - INFO - Scraping 880/6851: https://www.refurbed.de/p/dell-inspirion-14-5410-i5-11320h/
2026-01-11 02:29:54,040 - INFO - Scraping 881/6851: https://www.refurbed.de/p/dell-inspirion-14-5410-i5-1155g7/
2026-01-11 02:29:55,380 - INFO - Scraping 882/6851: https://www.refurbed.de/p/dell-inspirion-14-5410-i7-1195g7/
2026-01-11 02:29:56,846 - INFO - Scraping 883/6851: https://www.refurbed.de/p/dell-inspirion-14-7420-i7-1255u/
2026-01-11 02:29:58,183 - INFO - Scraping 884/6851: https://www.refurbed.de/p/dell-inspirion-17-5749-i3-5005u/
2026-01-11 02:29:58,366 - ERROR - Error fetching https://www.refurbed.de/p/dell-inspirion-17-5749-i3-5005u/: 404 Client Error: Not Found for url: https://www.refurbed.de/p/dell-inspirion-17-5749-i3-5005u/
2026-01-11 02:29:59,368 - INFO - Scraping 885/6851: https://www.refurbed.de/p/dell-inspirion-17-5758-i3-5015u/
2026-01-11 02:29:59,560 - ERROR - Error fetching https://www.refurbed.de/p/dell-inspirion-17-5758-i3-5015u/: 404 Client Error: Not Found for url: https://www.refurbed.de/p/dell-inspirion-17-5758-i3-5015u/
2026-01-11 02:30:00,562 - INFO - Scraping 886/6851: https://www.refurbed.de/p/dell-inspirion-17-7791-i7-10510u/
2026-01-11 02:30:01,893 - INFO - Scraping 887/6851: https://www.refurbed.de/p/dell-inspiro-16-plus-7620-12700h/
2026-01-11 02:30:03,209 - INFO - Scraping 888/6851: https://www.refurbed.de/p/dell-inspiron-13-5301-i5-1135g7/
2026-01-11 02:30:04,697 - INFO - Scraping 889/6851: https://www.refurbed.de/p/dell-inspiron-13-5310-i5-11300h/
2026-01-11 02:30:06,005 - INFO - Scraping 890/6851: https://www.refurbed.de/p/dell-inspiron-13-5378-i5-7200u/
2026-01-11 02:30:06,196 - ERROR - Error fetching https://www.refurbed.de/p/dell-inspiron-13-5378-i5-7200u/: 404 Client Error: Not Found for url: https://www.refurbed.de/p/dell-inspiron-13-5378-i5-7200u/
2026-01-11 02:30:07,198 - INFO - Scraping 891/6851: https://www.refurbed.de/p/dell-inspiron-13-5378-i5-8250u/
2026-01-11 02:30:08,639 - INFO - Scraping 892/6851: https://www.refurbed.de/p/dell-inspiron-13-5391-i5-10210u/
2026-01-11 02:30:10,084 - INFO - Scraping 893/6851: https://www.refurbed.de/p/dell-inspiron-13-7353-6500u-13/
2026-01-11 02:30:10,256 - ERROR - Error fetching https://www.refurbed.de/p/dell-inspiron-13-7353-6500u-13/: 404 Client Error: Not Found for url: https://www.refurbed.de/p/dell-inspiron-13-7353-6500u-13/
2026-01-11 02:30:11,258 - INFO - Scraping 894/6851: https://www.refurbed.de/p/dell-inspiron-13-7373-i5-8250u/
2026-01-11 02:30:12,595 - INFO - Scraping 895/6851: https://www.refurbed.de/p/dell-inspiron-14-5402-1135g7-14/
2026-01-11 02:30:13,968 - INFO - Scraping 896/6851: https://www.refurbed.de/p/dell-inspiron-14-5406/
2026-01-11 02:30:15,488 - INFO - Scraping 897/6851: https://www.refurbed.de/p/dell-inspiron-14-5410-i5-1135g7/
2026-01-11 02:30:15,676 - ERROR - Error fetching https://www.refurbed.de/p/dell-inspiron-14-5410-i5-1135g7/: 404 Client Error: Not Found for url: https://www.refurbed.de/p/dell-inspiron-14-5410-i5-1135g7/
2026-01-11 02:30:16,678 - INFO - Scraping 898/6851: https://www.refurbed.de/p/dell-inspiron-15-3000-i5-1035g1/
2026-01-11 02:30:18,045 - INFO - Scraping 899/6851: https://www.refurbed.de/p/dell-inspiron-15-3501-i3-1115g4/
2026-01-11 02:30:19,404 - INFO - Scraping 900/6851: https://www.refurbed.de/p/dell-inspiron-15-3501-i5-1035g1/
2026-01-11 02:30:20,843 - INFO - Scraping 901/6851: https://www.refurbed.de/p/dell-inspiron-15-3505-5300u/
2026-01-11 02:30:22,291 - INFO - Scraping 902/6851: https://www.refurbed.de/p/dell-inspiron-15-3511-i3-1115g4/
2026-01-11 02:30:23,597 - INFO - Scraping 903/6851: https://www.refurbed.de/p/dell-inspiron-15-3511-i5-1035g1/
2026-01-11 02:30:25,010 - INFO - Scraping 904/6851: https://www.refurbed.de/p/dell-inspiron-15-3520-i3-1215u/
2026-01-11 02:30:26,743 - INFO - Scraping 905/6851: https://www.refurbed.de/p/dell-inspiron-15-3520-i7-1255u/
2026-01-11 02:30:28,197 - INFO - Scraping 906/6851: https://www.refurbed.de/p/dell-inspiron-15-3567-7200u-15-6/
2026-01-11 02:30:28,383 - ERROR - Error fetching https://www.refurbed.de/p/dell-inspiron-15-3567-7200u-15-6/: 404 Client Error: Not Found for url: https://www.refurbed.de/p/dell-inspiron-15-3567-7200u-15-6/
2026-01-11 02:30:29,385 - INFO - Scraping 907/6851: https://www.refurbed.de/p/dell-inspiron-15-3567-i3-6006u/
2026-01-11 02:30:29,666 - ERROR - Error fetching https://www.refurbed.de/p/dell-inspiron-15-3567-i3-6006u/: 404 Client Error: Not Found for url: https://www.refurbed.de/p/dell-inspiron-15-3567-i3-6006u/
2026-01-11 02:30:30,668 - INFO - Scraping 908/6851: https://www.refurbed.de/p/dell-inspiron-15-3576-i5-8250u/
2026-01-11 02:30:32,059 - INFO - Scraping 909/6851: https://www.refurbed.de/p/dell-inspiron-15-3580-8145u-15-6/
2026-01-11 02:30:33,419 - INFO - Scraping 910/6851: https://www.refurbed.de/p/dell-inspiron-15-3580-8165u-15-6/
2026-01-11 02:30:33,745 - ERROR - Error fetching https://www.refurbed.de/p/dell-inspiron-15-3580-8165u-15-6/: 404 Client Error: Not Found for url: https://www.refurbed.de/p/dell-inspiron-15-3580-8165u-15-6/
2026-01-11 02:30:34,748 - INFO - Scraping 911/6851: https://www.refurbed.de/p/dell-inspiron-15-3583-i3-8145u/
2026-01-11 02:30:36,129 - INFO - Scraping 912/6851: https://www.refurbed.de/p/dell-inspiron-15-3583-i5-8265u/
2026-01-11 02:30:37,485 - INFO - Scraping 913/6851: https://www.refurbed.de/p/dell-inspiron-15-3590-i5-10210u/
2026-01-11 02:30:37,722 - ERROR - Error fetching https://www.refurbed.de/p/dell-inspiron-15-3590-i5-10210u/: 404 Client Error: Not Found for url: https://www.refurbed.de/p/dell-inspiron-15-3590-i5-10210u/
2026-01-11 02:30:38,724 - INFO - Scraping 914/6851: https://www.refurbed.de/p/dell-inspiron-15-3593-i5-1035g1/
2026-01-11 02:30:40,069 - INFO - Scraping 915/6851: https://www.refurbed.de/p/dell-inspiron-15-3593-i7-1065g7/
2026-01-11 02:30:41,639 - INFO - Scraping 916/6851: https://www.refurbed.de/p/dell-inspiron-15-5505-4500u/
2026-01-11 02:30:43,064 - INFO - Scraping 917/6851: https://www.refurbed.de/p/dell-inspiron-15-5548-i5-5200u/
2026-01-11 02:30:43,272 - ERROR - Error fetching https://www.refurbed.de/p/dell-inspiron-15-5548-i5-5200u/: 404 Client Error: Not Found for url: https://www.refurbed.de/p/dell-inspiron-15-5548-i5-5200u/
2026-01-11 02:30:44,274 - INFO - Scraping 918/6851: https://www.refurbed.de/p/dell-inspiron-15-5559-6200u-15-6/
2026-01-11 02:30:44,503 - ERROR - Error fetching https://www.refurbed.de/p/dell-inspiron-15-5559-6200u-15-6/: 404 Client Error: Not Found for url: https://www.refurbed.de/p/dell-inspiron-15-5559-6200u-15-6/
2026-01-11 02:30:45,505 - INFO - Scraping 919/6851: https://www.refurbed.de/p/dell-inspiron-15-5565-fx-9800p/
2026-01-11 02:30:45,990 - ERROR - Error fetching https://www.refurbed.de/p/dell-inspiron-15-5565-fx-9800p/: 404 Client Error: Not Found for url: https://www.refurbed.de/p/dell-inspiron-15-5565-fx-9800p/
2026-01-11 02:30:46,992 - INFO - Scraping 920/6851: https://www.refurbed.de/p/dell-inspiron-15-5567-7200u-15-6/
2026-01-11 02:30:47,208 - ERROR - Error fetching https://www.refurbed.de/p/dell-inspiron-15-5567-7200u-15-6/: 404 Client Error: Not Found for url: https://www.refurbed.de/p/dell-inspiron-15-5567-7200u-15-6/
2026-01-11 02:30:48,210 - INFO - Scraping 921/6851: https://www.refurbed.de/p/dell-inspiron-15-5567-7500u-15-6/
2026-01-11 02:30:48,637 - ERROR - Error fetching https://www.refurbed.de/p/dell-inspiron-15-5567-7500u-15-6/: 404 Client Error: Not Found for url: https://www.refurbed.de/p/dell-inspiron-15-5567-7500u-15-6/
2026-01-11 02:30:49,640 - INFO - Scraping 922/6851: https://www.refurbed.de/p/dell-inspiron-15-5568-i7-8550u/
2026-01-11 02:30:51,113 - INFO - Scraping 923/6851: https://www.refurbed.de/p/dell-inspiron-15-5570-8250u/
2026-01-11 02:30:52,912 - INFO - Scraping 924/6851: https://www.refurbed.de/p/dell-inspiron-15-5570-i7-8550u/
2026-01-11 02:30:54,249 - INFO - Scraping 925/6851: https://www.refurbed.de/p/dell-inspiron-15-5578-7200u/
2026-01-11 02:30:54,451 - ERROR - Error fetching https://www.refurbed.de/p/dell-inspiron-15-5578-7200u/: 404 Client Error: Not Found for url: https://www.refurbed.de/p/dell-inspiron-15-5578-7200u/
2026-01-11 02:30:55,453 - INFO - Scraping 926/6851: https://www.refurbed.de/p/dell-inspiron-15-5584-i7-8565u/
2026-01-11 02:30:56,950 - INFO - Scraping 927/6851: https://www.refurbed.de/p/dell-inspiron-15-5590-i5-10210u/
2026-01-11 02:30:58,416 - INFO - Scraping 928/6851: https://www.refurbed.de/p/dell-inspiron-15-5591-2-in-1/
2026-01-11 02:30:59,853 - INFO - Scraping 929/6851: https://www.refurbed.de/p/dell-inspiron-15-5593-i5-1035g1/
2026-01-11 02:31:01,266 - INFO - Scraping 930/6851: https://www.refurbed.de/p/dell-inspiron-15-7501-i5-10300h/
2026-01-11 02:31:02,583 - INFO - Scraping 931/6851: https://www.refurbed.de/p/dell-inspiron-15-7506-i5-1135g7/
2026-01-11 02:31:03,954 - INFO - Scraping 932/6851: https://www.refurbed.de/p/dell-inspiron-15-7548-i5-5200u/
2026-01-11 02:31:04,114 - ERROR - Error fetching https://www.refurbed.de/p/dell-inspiron-15-7548-i5-5200u/: 404 Client Error: Not Found for url: https://www.refurbed.de/p/dell-inspiron-15-7548-i5-5200u/
2026-01-11 02:31:05,116 - INFO - Scraping 933/6851: https://www.refurbed.de/p/dell-inspiron-15-7569-i7-8550u/
2026-01-11 02:31:06,437 - INFO - Scraping 934/6851: https://www.refurbed.de/p/dell-inspiron-15-7570-8550u-15-6/
2026-01-11 02:31:07,861 - INFO - Scraping 935/6851: https://www.refurbed.de/p/dell-inspiron-15-7570-i5-8250u/
2026-01-11 02:31:09,223 - INFO - Scraping 936/6851: https://www.refurbed.de/p/dell-inspiron-15-7579-7500u-15-6/
2026-01-11 02:31:09,423 - ERROR - Error fetching https://www.refurbed.de/p/dell-inspiron-15-7579-7500u-15-6/: 404 Client Error: Not Found for url: https://www.refurbed.de/p/dell-inspiron-15-7579-7500u-15-6/
2026-01-11 02:31:10,425 - INFO - Scraping 937/6851: https://www.refurbed.de/p/dell-inspiron-15-7586-i7-8565u/
2026-01-11 02:31:11,966 - INFO - Scraping 938/6851: https://www.refurbed.de/p/dell-inspiron-15-7590-i5-9300h/
2026-01-11 02:31:13,361 - INFO - Scraping 939/6851: https://www.refurbed.de/p/dell-inspiron-15-7590-i7-9750h/
2026-01-11 02:31:14,765 - INFO - Scraping 940/6851: https://www.refurbed.de/p/dell-inspiron-15-7591-2-1-10210u/
2026-01-11 02:31:16,241 - INFO - Scraping 941/6851: https://www.refurbed.de/p/dell-inspiron-15-7591-i7-10510u/
2026-01-11 02:31:17,595 - INFO - Scraping 942/6851: https://www.refurbed.de/p/dell-inspiron-16-5620-i7-1255u/
2026-01-11 02:31:18,903 - INFO - Scraping 943/6851: https://www.refurbed.de/p/dell-inspiron-16-plus-7610/
2026-01-11 02:31:20,308 - INFO - Scraping 944/6851: https://www.refurbed.de/p/dell-inspiron-17-7773-i5-8250u/
2026-01-11 02:31:21,657 - INFO - Scraping 945/6851: https://www.refurbed.de/p/dell-inspiron-17-7773-i7-8550u/
2026-01-11 02:31:22,974 - INFO - Scraping 946/6851: https://www.refurbed.de/p/dell-inspiron-3780-i7-8565u/
2026-01-11 02:31:23,195 - ERROR - Error fetching https://www.refurbed.de/p/dell-inspiron-3780-i7-8565u/: 404 Client Error: Not Found for url: https://www.refurbed.de/p/dell-inspiron-3780-i7-8565u/
2026-01-11 02:31:24,197 - INFO - Scraping 947/6851: https://www.refurbed.de/p/dell-inspiron-3780-i7-8665u/
2026-01-11 02:31:24,577 - ERROR - Error fetching https://www.refurbed.de/p/dell-inspiron-3780-i7-8665u/: 404 Client Error: Not Found for url: https://www.refurbed.de/p/dell-inspiron-3780-i7-8665u/
2026-01-11 02:31:25,579 - INFO - Scraping 948/6851: https://www.refurbed.de/p/dell-inspiron-3793-i3-1005g1/
2026-01-11 02:31:26,945 - INFO - Scraping 949/6851: https://www.refurbed.de/p/dell-inspiron-3793-i5-1035g1/
2026-01-11 02:31:28,294 - INFO - Scraping 950/6851: https://www.refurbed.de/p/dell-inspiron-5379-i7-8550u/
2026-01-11 02:31:29,788 - INFO - Scraping 951/6851: https://www.refurbed.de/p/dell-inspiron-5480-8265u-14/
2026-01-11 02:31:31,104 - INFO - Scraping 952/6851: https://www.refurbed.de/p/dell-inspiron-5482-8265u-14/
2026-01-11 02:31:31,284 - ERROR - Error fetching https://www.refurbed.de/p/dell-inspiron-5482-8265u-14/: 404 Client Error: Not Found for url: https://www.refurbed.de/p/dell-inspiron-5482-8265u-14/
2026-01-11 02:31:32,286 - INFO - Scraping 953/6851: https://www.refurbed.de/p/dell-inspiron-5490-10210u/
2026-01-11 02:31:32,459 - ERROR - Error fetching https://www.refurbed.de/p/dell-inspiron-5490-10210u/: 404 Client Error: Not Found for url: https://www.refurbed.de/p/dell-inspiron-5490-10210u/
2026-01-11 02:31:33,461 - INFO - Scraping 954/6851: https://www.refurbed.de/p/dell-inspiron-5490-10510u-14/
2026-01-11 02:31:34,848 - INFO - Scraping 955/6851: https://www.refurbed.de/p/dell-inspiron-5490-8050u/
2026-01-11 02:31:36,267 - INFO - Scraping 956/6851: https://www.refurbed.de/p/dell-inspiron-5491-10110u-14/
2026-01-11 02:31:37,573 - INFO - Scraping 957/6851: https://www.refurbed.de/p/dell-inspiron-5491-2in1-i5/
2026-01-11 02:31:37,747 - ERROR - Error fetching https://www.refurbed.de/p/dell-inspiron-5491-2in1-i5/: 404 Client Error: Not Found for url: https://www.refurbed.de/p/dell-inspiron-5491-2in1-i5/
2026-01-11 02:31:38,749 - INFO - Scraping 958/6851: https://www.refurbed.de/p/dell-inspiron-5491-i5-10210u/
2026-01-11 02:31:40,142 - INFO - Scraping 959/6851: https://www.refurbed.de/p/dell-inspiron-5493-1035g1/
2026-01-11 02:31:41,473 - INFO - Scraping 960/6851: https://www.refurbed.de/p/dell-inspiron-5580-8265u-156/
2026-01-11 02:31:42,908 - INFO - Scraping 961/6851: https://www.refurbed.de/p/dell-inspiron-5770-8250u/
2026-01-11 02:31:44,201 - INFO - Scraping 962/6851: https://www.refurbed.de/p/dell-inspiron-5770-8550u/
2026-01-11 02:31:45,539 - INFO - Scraping 963/6851: https://www.refurbed.de/p/dell-inspiron-7380-i5-8265u-13/
2026-01-11 02:31:45,813 - ERROR - Error fetching https://www.refurbed.de/p/dell-inspiron-7380-i5-8265u-13/: 404 Client Error: Not Found for url: https://www.refurbed.de/p/dell-inspiron-7380-i5-8265u-13/
2026-01-11 02:31:46,816 - INFO - Scraping 964/6851: https://www.refurbed.de/p/dell-inspiron-7380-i7-7660u-13/
2026-01-11 02:31:47,026 - ERROR - Error fetching https://www.refurbed.de/p/dell-inspiron-7380-i7-7660u-13/: 404 Client Error: Not Found for url: https://www.refurbed.de/p/dell-inspiron-7380-i7-7660u-13/
2026-01-11 02:31:48,028 - INFO - Scraping 965/6851: https://www.refurbed.de/p/dell-inspiron-7380-i7-8565u-13/
2026-01-11 02:31:49,453 - INFO - Scraping 966/6851: https://www.refurbed.de/p/dell-inspiron-7506-2in1-1165g7/
2026-01-11 02:31:51,010 - INFO - Scraping 967/6851: https://www.refurbed.de/p/dell-inspiron-7573-i5-8250u/
2026-01-11 02:31:52,365 - INFO - Scraping 968/6851: https://www.refurbed.de/p/dell-inspiron-7573-i7-8550u/
2026-01-11 02:31:53,718 - INFO - Scraping 969/6851: https://www.refurbed.de/p/dell-k10a/
2026-01-11 02:31:55,063 - INFO - Scraping 970/6851: https://www.refurbed.de/p/dell-k17a-wd15/
2026-01-11 02:31:56,521 - INFO - Scraping 971/6851: https://www.refurbed.de/p/dell-kb212-b/
2026-01-11 02:31:57,883 - INFO - Scraping 972/6851: https://www.refurbed.de/p/dell-kb216/
2026-01-11 02:31:59,335 - INFO - Scraping 973/6851: https://www.refurbed.de/p/dell-km713/
2026-01-11 02:32:00,657 - INFO - Scraping 974/6851: https://www.refurbed.de/p/dell-la180pm180/
2026-01-11 02:32:02,037 - INFO - Scraping 975/6851: https://www.refurbed.de/p/dell-la65ne1/
2026-01-11 02:32:03,525 - INFO - Scraping 976/6851: https://www.refurbed.de/p/dell-la90pm130/
2026-01-11 02:32:04,929 - INFO - Scraping 977/6851: https://www.refurbed.de/p/dell-la90ps0-00/
2026-01-11 02:32:06,307 - INFO - Scraping 978/6851: https://www.refurbed.de/p/dell-lat-5424-rugged-i3-7130u/
2026-01-11 02:32:06,552 - ERROR - Error fetching https://www.refurbed.de/p/dell-lat-5424-rugged-i3-7130u/: 404 Client Error: Not Found for url: https://www.refurbed.de/p/dell-lat-5424-rugged-i3-7130u/
2026-01-11 02:32:07,554 - INFO - Scraping 979/6851: https://www.refurbed.de/p/dell-lat-5424-rugged-i5-8350u/
2026-01-11 02:32:08,877 - INFO - Scraping 980/6851: https://www.refurbed.de/p/dell-lat-5424-rugged-i7-8650u/
2026-01-11 02:32:10,246 - INFO - Scraping 981/6851: https://www.refurbed.de/p/dell-lat-7030-rugg-extrem-1240u/
2026-01-11 02:32:11,759 - INFO - Scraping 982/6851: https://www.refurbed.de/p/dell-lat-7030-rugg-extrem-1260u/
2026-01-11 02:32:13,116 - INFO - Scraping 983/6851: https://www.refurbed.de/p/dell-lat-7230-rugg-extrem-1210u/
2026-01-11 02:32:14,580 - INFO - Scraping 984/6851: https://www.refurbed.de/p/dell-lat-7230-rugg-extrem-1240u/
2026-01-11 02:32:16,386 - INFO - Scraping 985/6851: https://www.refurbed.de/p/dell-lat-7230-rugg-extrem-1260u/
2026-01-11 02:32:18,060 - INFO - Scraping 986/6851: https://www.refurbed.de/p/dell-lat-7424-rugg-extreme-8650u/
2026-01-11 02:32:19,386 - INFO - Scraping 987/6851: https://www.refurbed.de/p/dell-lat-7424-rugged-extreme/
2026-01-11 02:32:20,702 - INFO - Scraping 988/6851: https://www.refurbed.de/p/dell-lati-5591-156-i5-8300h/
2026-01-11 02:32:22,066 - INFO - Scraping 989/6851: https://www.refurbed.de/p/dell-lati-5591-156-i5-8400h/
2026-01-11 02:32:23,400 - INFO - Scraping 990/6851: https://www.refurbed.de/p/dell-lati-5591-156-i7-8550h/
2026-01-11 02:32:23,796 - ERROR - Error fetching https://www.refurbed.de/p/dell-lati-5591-156-i7-8550h/: 404 Client Error: Not Found for url: https://www.refurbed.de/p/dell-lati-5591-156-i7-8550h/
2026-01-11 02:32:24,798 - INFO - Scraping 991/6851: https://www.refurbed.de/p/dell-lati-5591-156-i7-8850h/
2026-01-11 02:32:26,392 - INFO - Scraping 992/6851: https://www.refurbed.de/p/dell-latitude-11-3150-n3540/
2026-01-11 02:32:26,654 - ERROR - Error fetching https://www.refurbed.de/p/dell-latitude-11-3150-n3540/: 404 Client Error: Not Found for url: https://www.refurbed.de/p/dell-latitude-11-3150-n3540/
2026-01-11 02:32:27,656 - INFO - Scraping 993/6851: https://www.refurbed.de/p/dell-latitude-11-5175-tablet/
2026-01-11 02:32:27,826 - ERROR - Error fetching https://www.refurbed.de/p/dell-latitude-11-5175-tablet/: 404 Client Error: Not Found for url: https://www.refurbed.de/p/dell-latitude-11-5175-tablet/
2026-01-11 02:32:28,828 - INFO - Scraping 994/6851: https://www.refurbed.de/p/dell-latitude-12-rugged-extreme-/
2026-01-11 02:32:29,035 - ERROR - Error fetching https://www.refurbed.de/p/dell-latitude-12-rugged-extreme-/: 404 Client Error: Not Found for url: https://www.refurbed.de/p/dell-latitude-12-rugged-extreme-/
2026-01-11 02:32:30,038 - INFO - Scraping 995/6851: https://www.refurbed.de/p/dell-latitude-12-rugged-i5-4210u/
2026-01-11 02:32:30,249 - ERROR - Error fetching https://www.refurbed.de/p/dell-latitude-12-rugged-i5-4210u/: 404 Client Error: Not Found for url: https://www.refurbed.de/p/dell-latitude-12-rugged-i5-4210u/
2026-01-11 02:32:31,251 - INFO - Scraping 996/6851: https://www.refurbed.de/p/dell-latitude-13-3-8350u/
2026-01-11 02:32:32,734 - INFO - Scraping 997/6851: https://www.refurbed.de/p/dell-latitude-13-3340-4200u/
2026-01-11 02:32:32,930 - ERROR - Error fetching https://www.refurbed.de/p/dell-latitude-13-3340-4200u/: 404 Client Error: Not Found for url: https://www.refurbed.de/p/dell-latitude-13-3340-4200u/
2026-01-11 02:32:33,932 - INFO - Scraping 998/6851: https://www.refurbed.de/p/dell-latitude-13-3340-4210u/
2026-01-11 02:32:34,108 - ERROR - Error fetching https://www.refurbed.de/p/dell-latitude-13-3340-4210u/: 404 Client Error: Not Found for url: https://www.refurbed.de/p/dell-latitude-13-3340-4210u/
2026-01-11 02:32:35,111 - INFO - Scraping 999/6851: https://www.refurbed.de/p/dell-latitude-13-3340-i3-4005u/
2026-01-11 02:32:35,333 - ERROR - Error fetching https://www.refurbed.de/p/dell-latitude-13-3340-i3-4005u/: 404 Client Error: Not Found for url: https://www.refurbed.de/p/dell-latitude-13-3340-i3-4005u/
2026-01-11 02:32:36,335 - INFO - Scraping 1000/6851: https://www.refurbed.de/p/dell-latitude-13-3340-i3-4010u/
2026-01-11 02:32:36,499 - ERROR - Error fetching https://www.refurbed.de/p/dell-latitude-13-3340-i3-4010u/: 404 Client Error: Not Found for url: https://www.refurbed.de/p/dell-latitude-13-3340-i3-4010u/
2026-01-11 02:32:37,501 - INFO - Scraping 1001/6851: https://www.refurbed.de/p/dell-latitude-13-3380-4415u/
2026-01-11 02:32:37,671 - ERROR - Error fetching https://www.refurbed.de/p/dell-latitude-13-3380-4415u/: 404 Client Error: Not Found for url: https://www.refurbed.de/p/dell-latitude-13-3380-4415u/
2026-01-11 02:32:38,673 - INFO - Scraping 1002/6851: https://www.refurbed.de/p/dell-latitude-13-3380-i3-6006u/
2026-01-11 02:32:38,843 - ERROR - Error fetching https://www.refurbed.de/p/dell-latitude-13-3380-i3-6006u/: 404 Client Error: Not Found for url: https://www.refurbed.de/p/dell-latitude-13-3380-i3-6006u/
2026-01-11 02:32:39,846 - INFO - Scraping 1003/6851: https://www.refurbed.de/p/dell-latitude-13-3380-i5-7200u/
2026-01-11 02:32:40,029 - ERROR - Error fetching https://www.refurbed.de/p/dell-latitude-13-3380-i5-7200u/: 404 Client Error: Not Found for url: https://www.refurbed.de/p/dell-latitude-13-3380-i5-7200u/
2026-01-11 02:32:41,032 - INFO - Scraping 1004/6851: https://www.refurbed.de/p/dell-latitude-13-3380-i5-8250u/
2026-01-11 02:32:42,357 - INFO - Scraping 1005/6851: https://www.refurbed.de/p/dell-latitude-13-3580-i5-7200u/
2026-01-11 02:32:42,532 - ERROR - Error fetching https://www.refurbed.de/p/dell-latitude-13-3580-i5-7200u/: 404 Client Error: Not Found for url: https://www.refurbed.de/p/dell-latitude-13-3580-i5-7200u/
2026-01-11 02:32:43,534 - INFO - Scraping 1006/6851: https://www.refurbed.de/p/dell-latitude-13-7370-m7-6y75-13/
2026-01-11 02:32:43,944 - ERROR - Error fetching https://www.refurbed.de/p/dell-latitude-13-7370-m7-6y75-13/: 404 Client Error: Not Found for url: https://www.refurbed.de/p/dell-latitude-13-7370-m7-6y75-13/
2026-01-11 02:32:44,946 - INFO - Scraping 1007/6851: https://www.refurbed.de/p/dell-latitude-13-i3-8130u/
2026-01-11 02:32:46,305 - INFO - Scraping 1008/6851: https://www.refurbed.de/p/dell-latitude-14-3410-10210u/
2026-01-11 02:32:47,808 - INFO - Scraping 1009/6851: https://www.refurbed.de/p/dell-latitude-14-3410-10310u/
2026-01-11 02:32:49,242 - INFO - Scraping 1010/6851: https://www.refurbed.de/p/dell-latitude-14-3410-i3-10110u/
2026-01-11 02:32:50,751 - INFO - Scraping 1011/6851: https://www.refurbed.de/p/dell-latitude-14-3410-i7-10510u/
2026-01-11 02:32:52,182 - INFO - Scraping 1012/6851: https://www.refurbed.de/p/dell-latitude-14-3490-8250u/
2026-01-11 02:32:53,838 - INFO - Scraping 1013/6851: https://www.refurbed.de/p/dell-latitude-14-3490-8350u/
2026-01-11 02:32:55,548 - INFO - Scraping 1014/6851: https://www.refurbed.de/p/dell-latitude-14-3490-i5-7200u/
2026-01-11 02:32:55,725 - ERROR - Error fetching https://www.refurbed.de/p/dell-latitude-14-3490-i5-7200u/: 404 Client Error: Not Found for url: https://www.refurbed.de/p/dell-latitude-14-3490-i5-7200u/
2026-01-11 02:32:56,727 - INFO - Scraping 1015/6851: https://www.refurbed.de/p/dell-latitude-14-5495-2500u/
2026-01-11 02:32:56,959 - ERROR - Error fetching https://www.refurbed.de/p/dell-latitude-14-5495-2500u/: 404 Client Error: Not Found for url: https://www.refurbed.de/p/dell-latitude-14-5495-2500u/
2026-01-11 02:32:57,961 - INFO - Scraping 1016/6851: https://www.refurbed.de/p/dell-latitude-14-9410-2-1-10310u/
2026-01-11 02:32:59,301 - INFO - Scraping 1017/6851: https://www.refurbed.de/p/dell-latitude-14-9410-2-1-10610u/
2026-01-11 02:33:00,781 - INFO - Scraping 1018/6851: https://www.refurbed.de/p/dell-latitude-14-9420-i5-1145g7/
2026-01-11 02:33:02,114 - INFO - Scraping 1019/6851: https://www.refurbed.de/p/dell-latitude-14-9420-i7-1185g7/
2026-01-11 02:33:03,587 - INFO - Scraping 1020/6851: https://www.refurbed.de/p/dell-latitude-14-extreme5-6300u/
2026-01-11 02:33:03,752 - ERROR - Error fetching https://www.refurbed.de/p/dell-latitude-14-extreme5-6300u/: 404 Client Error: Not Found for url: https://www.refurbed.de/p/dell-latitude-14-extreme5-6300u/
2026-01-11 02:33:04,754 - INFO - Scraping 1021/6851: https://www.refurbed.de/p/dell-latitude-14-rggd5414-6600u/
2026-01-11 02:33:04,914 - ERROR - Error fetching https://www.refurbed.de/p/dell-latitude-14-rggd5414-6600u/: 404 Client Error: Not Found for url: https://www.refurbed.de/p/dell-latitude-14-rggd5414-6600u/
2026-01-11 02:33:05,916 - INFO - Scraping 1022/6851: https://www.refurbed.de/p/dell-latitude-14-rggd5414/
2026-01-11 02:33:06,104 - ERROR - Error fetching https://www.refurbed.de/p/dell-latitude-14-rggd5414/: 404 Client Error: Not Found for url: https://www.refurbed.de/p/dell-latitude-14-rggd5414/
2026-01-11 02:33:07,106 - INFO - Scraping 1023/6851: https://www.refurbed.de/p/dell-latitude-14-rugged-extreme-/
2026-01-11 02:33:07,457 - ERROR - Error fetching https://www.refurbed.de/p/dell-latitude-14-rugged-extreme-/: 404 Client Error: Not Found for url: https://www.refurbed.de/p/dell-latitude-14-rugged-extreme-/
2026-01-11 02:33:08,459 - INFO - Scraping 1024/6851: https://www.refurbed.de/p/dell-latitude-14-rugged-i5-6300u/
2026-01-11 02:33:08,846 - ERROR - Error fetching https://www.refurbed.de/p/dell-latitude-14-rugged-i5-6300u/: 404 Client Error: Not Found for url: https://www.refurbed.de/p/dell-latitude-14-rugged-i5-6300u/
2026-01-11 02:33:09,848 - INFO - Scraping 1025/6851: https://www.refurbed.de/p/dell-latitude-14-rugged-i5-8350u/
2026-01-11 02:33:11,227 - INFO - Scraping 1026/6851: https://www.refurbed.de/p/dell-latitude-14-rugged-i7-4650u/
2026-01-11 02:33:11,418 - ERROR - Error fetching https://www.refurbed.de/p/dell-latitude-14-rugged-i7-4650u/: 404 Client Error: Not Found for url: https://www.refurbed.de/p/dell-latitude-14-rugged-i7-4650u/
2026-01-11 02:33:12,420 - INFO - Scraping 1027/6851: https://www.refurbed.de/p/dell-latitude-14-rugged7414-6600/
2026-01-11 02:33:12,585 - ERROR - Error fetching https://www.refurbed.de/p/dell-latitude-14-rugged7414-6600/: 404 Client Error: Not Found for url: https://www.refurbed.de/p/dell-latitude-14-rugged7414-6600/
2026-01-11 02:33:13,587 - INFO - Scraping 1028/6851: https://www.refurbed.de/p/dell-latitude-15-3570-i3-6100u/
2026-01-11 02:33:13,742 - ERROR - Error fetching https://www.refurbed.de/p/dell-latitude-15-3570-i3-6100u/: 404 Client Error: Not Found for url: https://www.refurbed.de/p/dell-latitude-15-3570-i3-6100u/
2026-01-11 02:33:14,744 - INFO - Scraping 1029/6851: https://www.refurbed.de/p/dell-latitude-15-3570-i5-6200u/
2026-01-11 02:33:14,961 - ERROR - Error fetching https://www.refurbed.de/p/dell-latitude-15-3570-i5-6200u/: 404 Client Error: Not Found for url: https://www.refurbed.de/p/dell-latitude-15-3570-i5-6200u/
2026-01-11 02:33:15,964 - INFO - Scraping 1030/6851: https://www.refurbed.de/p/dell-latitude-15-3580-i3-6006u/
2026-01-11 02:33:16,147 - ERROR - Error fetching https://www.refurbed.de/p/dell-latitude-15-3580-i3-6006u/: 404 Client Error: Not Found for url: https://www.refurbed.de/p/dell-latitude-15-3580-i3-6006u/
2026-01-11 02:33:17,149 - INFO - Scraping 1031/6851: https://www.refurbed.de/p/dell-latitude-15-3580-i3-7100u/
2026-01-11 02:33:17,455 - ERROR - Error fetching https://www.refurbed.de/p/dell-latitude-15-3580-i3-7100u/: 404 Client Error: Not Found for url: https://www.refurbed.de/p/dell-latitude-15-3580-i3-7100u/
2026-01-11 02:33:18,457 - INFO - Scraping 1032/6851: https://www.refurbed.de/p/dell-latitude-15-3580-i5-7200u-1/
2026-01-11 02:33:18,623 - ERROR - Error fetching https://www.refurbed.de/p/dell-latitude-15-3580-i5-7200u-1/: 404 Client Error: Not Found for url: https://www.refurbed.de/p/dell-latitude-15-3580-i5-7200u-1/
2026-01-11 02:33:19,625 - INFO - Scraping 1033/6851: https://www.refurbed.de/p/dell-latitude-15-5500-8265u-15-6/
2026-01-11 02:33:21,219 - INFO - Scraping 1034/6851: https://www.refurbed.de/p/dell-latitude-15-5500-8365u-15-6/
2026-01-11 02:33:22,675 - INFO - Scraping 1035/6851: https://www.refurbed.de/p/dell-latitude-15-5500-8665u-15-6/
2026-01-11 02:33:24,029 - INFO - Scraping 1036/6851: https://www.refurbed.de/p/dell-latitude-15-5510-i3-10110u/
2026-01-11 02:33:25,366 - INFO - Scraping 1037/6851: https://www.refurbed.de/p/dell-latitude-15-5510-i5-10210u/
2026-01-11 02:33:27,220 - INFO - Scraping 1038/6851: https://www.refurbed.de/p/dell-latitude-15-5510-i5-10310u/
2026-01-11 02:33:29,164 - INFO - Scraping 1039/6851: https://www.refurbed.de/p/dell-latitude-15-5510-i7-10610u/
2026-01-11 02:33:30,638 - INFO - Scraping 1040/6851: https://www.refurbed.de/p/dell-latitude-15-5510-i7-10810u/
2026-01-11 02:33:32,087 - INFO - Scraping 1041/6851: https://www.refurbed.de/p/dell-latitude-15-5511-10300h/
2026-01-11 02:33:33,413 - INFO - Scraping 1042/6851: https://www.refurbed.de/p/dell-latitude-15-5511-10400h/
2026-01-11 02:33:34,777 - INFO - Scraping 1043/6851: https://www.refurbed.de/p/dell-latitude-15-5511-10850h/
2026-01-11 02:33:36,284 - INFO - Scraping 1044/6851: https://www.refurbed.de/p/dell-latitude-15-5550-5-125u/
2026-01-11 02:33:37,628 - INFO - Scraping 1045/6851: https://www.refurbed.de/p/dell-latitude-15-9510-i5-10310u/
2026-01-11 02:33:39,102 - INFO - Scraping 1046/6851: https://www.refurbed.de/p/dell-latitude-15-9510-i7-10710u/
2026-01-11 02:33:40,583 - INFO - Scraping 1047/6851: https://www.refurbed.de/p/dell-latitude-15-9510-i7-10810u/
2026-01-11 02:33:41,933 - INFO - Scraping 1048/6851: https://www.refurbed.de/p/dell-latitude-15-9520-i7-1185g7/
2026-01-11 02:33:43,485 - INFO - Scraping 1049/6851: https://www.refurbed.de/p/dell-latitude-15-e5540-4030u/
2026-01-11 02:33:43,658 - ERROR - Error fetching https://www.refurbed.de/p/dell-latitude-15-e5540-4030u/: 404 Client Error: Not Found for url: https://www.refurbed.de/p/dell-latitude-15-e5540-4030u/
2026-01-11 02:33:44,660 - INFO - Scraping 1050/6851: https://www.refurbed.de/p/dell-latitude-15-e5540-4200u/
2026-01-11 02:33:44,891 - ERROR - Error fetching https://www.refurbed.de/p/dell-latitude-15-e5540-4200u/: 404 Client Error: Not Found for url: https://www.refurbed.de/p/dell-latitude-15-e5540-4200u/
2026-01-11 02:33:45,893 - INFO - Scraping 1051/6851: https://www.refurbed.de/p/dell-latitude-15-e5540-4210u/
2026-01-11 02:33:46,059 - ERROR - Error fetching https://www.refurbed.de/p/dell-latitude-15-e5540-4210u/: 404 Client Error: Not Found for url: https://www.refurbed.de/p/dell-latitude-15-e5540-4210u/
2026-01-11 02:33:47,061 - INFO - Scraping 1052/6851: https://www.refurbed.de/p/dell-latitude-15-e5540-4600u/
2026-01-11 02:33:47,238 - ERROR - Error fetching https://www.refurbed.de/p/dell-latitude-15-e5540-4600u/: 404 Client Error: Not Found for url: https://www.refurbed.de/p/dell-latitude-15-e5540-4600u/
2026-01-11 02:33:48,240 - INFO - Scraping 1053/6851: https://www.refurbed.de/p/dell-latitude-15-e5540-i3-4010u/
2026-01-11 02:33:48,417 - ERROR - Error fetching https://www.refurbed.de/p/dell-latitude-15-e5540-i3-4010u/: 404 Client Error: Not Found for url: https://www.refurbed.de/p/dell-latitude-15-e5540-i3-4010u/
2026-01-11 02:33:49,419 - INFO - Scraping 1054/6851: https://www.refurbed.de/p/dell-latitude-15-e5540-i5-4310u/
2026-01-11 02:33:49,624 - ERROR - Error fetching https://www.refurbed.de/p/dell-latitude-15-e5540-i5-4310u/: 404 Client Error: Not Found for url: https://www.refurbed.de/p/dell-latitude-15-e5540-i5-4310u/
2026-01-11 02:33:50,626 - INFO - Scraping 1055/6851: https://www.refurbed.de/p/dell-latitude-15-e5550-i7-5600u-/
2026-01-11 02:33:50,782 - ERROR - Error fetching https://www.refurbed.de/p/dell-latitude-15-e5550-i7-5600u-/: 404 Client Error: Not Found for url: https://www.refurbed.de/p/dell-latitude-15-e5550-i7-5600u-/
2026-01-11 02:33:51,784 - INFO - Scraping 1056/6851: https://www.refurbed.de/p/dell-latitude-2-in-1-53200-1135g/
2026-01-11 02:33:53,116 - INFO - Scraping 1057/6851: https://www.refurbed.de/p/dell-latitude-2-in-1-53200-114g7/
2026-01-11 02:33:54,625 - INFO - Scraping 1058/6851: https://www.refurbed.de/p/dell-latitude-3120-2-in-1-n6000/
2026-01-11 02:33:55,996 - INFO - Scraping 1059/6851: https://www.refurbed.de/p/dell-latitude-3120-n6000-11/
2026-01-11 02:33:57,358 - INFO - Scraping 1060/6851: https://www.refurbed.de/p/dell-latitude-3180-n4200-11-6/
2026-01-11 02:33:57,522 - ERROR - Error fetching https://www.refurbed.de/p/dell-latitude-3180-n4200-11-6/: 404 Client Error: Not Found for url: https://www.refurbed.de/p/dell-latitude-3180-n4200-11-6/
2026-01-11 02:33:58,524 - INFO - Scraping 1061/6851: https://www.refurbed.de/p/dell-latitude-3189-n4200-11/
2026-01-11 02:33:58,694 - ERROR - Error fetching https://www.refurbed.de/p/dell-latitude-3189-n4200-11/: 404 Client Error: Not Found for url: https://www.refurbed.de/p/dell-latitude-3189-n4200-11/
2026-01-11 02:33:59,696 - INFO - Scraping 1062/6851: https://www.refurbed.de/p/dell-latitude-3190-5030-11/
2026-01-11 02:34:01,044 - INFO - Scraping 1063/6851: https://www.refurbed.de/p/dell-latitude-3190-n5000/
2026-01-11 02:34:01,203 - ERROR - Error fetching https://www.refurbed.de/p/dell-latitude-3190-n5000/: 404 Client Error: Not Found for url: https://www.refurbed.de/p/dell-latitude-3190-n5000/
2026-01-11 02:34:02,205 - INFO - Scraping 1064/6851: https://www.refurbed.de/p/dell-latitude-3190-n5030/
2026-01-11 02:34:03,628 - INFO - Scraping 1065/6851: https://www.refurbed.de/p/dell-latitude-3300-i3-7020u/
2026-01-11 02:34:03,786 - ERROR - Error fetching https://www.refurbed.de/p/dell-latitude-3300-i3-7020u/: 404 Client Error: Not Found for url: https://www.refurbed.de/p/dell-latitude-3300-i3-7020u/
2026-01-11 02:34:04,788 - INFO - Scraping 1066/6851: https://www.refurbed.de/p/dell-latitude-3300-i5-8250u/
2026-01-11 02:34:06,169 - INFO - Scraping 1067/6851: https://www.refurbed.de/p/dell-latitude-3301-8265u/
2026-01-11 02:34:07,505 - INFO - Scraping 1068/6851: https://www.refurbed.de/p/dell-latitude-3301-i5-8365u/
2026-01-11 02:34:07,682 - ERROR - Error fetching https://www.refurbed.de/p/dell-latitude-3301-i5-8365u/: 404 Client Error: Not Found for url: https://www.refurbed.de/p/dell-latitude-3301-i5-8365u/
2026-01-11 02:34:08,684 - INFO - Scraping 1069/6851: https://www.refurbed.de/p/dell-latitude-3310-2-in-1-8145u/
2026-01-11 02:34:10,078 - INFO - Scraping 1070/6851: https://www.refurbed.de/p/dell-latitude-3310-2-in-1-8265u/
2026-01-11 02:34:11,389 - INFO - Scraping 1071/6851: https://www.refurbed.de/p/dell-latitude-3310-4205u/
2026-01-11 02:34:12,704 - INFO - Scraping 1072/6851: https://www.refurbed.de/p/dell-latitude-3310-8145u/
2026-01-11 02:34:14,595 - INFO - Scraping 1073/6851: https://www.refurbed.de/p/dell-latitude-3310-8265u/
2026-01-11 02:34:15,907 - INFO - Scraping 1074/6851: https://www.refurbed.de/p/dell-latitude-3320-i5-1145g7/
2026-01-11 02:34:17,311 - INFO - Scraping 1075/6851: https://www.refurbed.de/p/dell-latitude-3330-2-in-1-1125g4/
2026-01-11 02:34:18,785 - INFO - Scraping 1076/6851: https://www.refurbed.de/p/dell-latitude-3340-2-in-1-1315u/
2026-01-11 02:34:20,107 - INFO - Scraping 1077/6851: https://www.refurbed.de/p/dell-latitude-3340-i3-1315u/
2026-01-11 02:34:21,504 - INFO - Scraping 1078/6851: https://www.refurbed.de/p/dell-latitude-3340-i5-1335u/
2026-01-11 02:34:22,831 - INFO - Scraping 1079/6851: https://www.refurbed.de/p/dell-latitude-3350-3825u/
2026-01-11 02:34:23,009 - ERROR - Error fetching https://www.refurbed.de/p/dell-latitude-3350-3825u/: 404 Client Error: Not Found for url: https://www.refurbed.de/p/dell-latitude-3350-3825u/
2026-01-11 02:34:24,011 - INFO - Scraping 1080/6851: https://www.refurbed.de/p/dell-latitude-3350-i3-5005u/
2026-01-11 02:34:24,184 - ERROR - Error fetching https://www.refurbed.de/p/dell-latitude-3350-i3-5005u/: 404 Client Error: Not Found for url: https://www.refurbed.de/p/dell-latitude-3350-i3-5005u/
2026-01-11 02:34:25,186 - INFO - Scraping 1081/6851: https://www.refurbed.de/p/dell-latitude-3350-i5-5200u/
2026-01-11 02:34:25,362 - ERROR - Error fetching https://www.refurbed.de/p/dell-latitude-3350-i5-5200u/: 404 Client Error: Not Found for url: https://www.refurbed.de/p/dell-latitude-3350-i5-5200u/
2026-01-11 02:34:26,364 - INFO - Scraping 1082/6851: https://www.refurbed.de/p/dell-latitude-3390-8250u/
2026-01-11 02:34:27,997 - INFO - Scraping 1083/6851: https://www.refurbed.de/p/dell-latitude-3390-8350u/
2026-01-11 02:34:29,485 - INFO - Scraping 1084/6851: https://www.refurbed.de/p/dell-latitude-3400-8145u/
2026-01-11 02:34:30,976 - INFO - Scraping 1085/6851: https://www.refurbed.de/p/dell-latitude-3400-8265u/
2026-01-11 02:34:32,481 - INFO - Scraping 1086/6851: https://www.refurbed.de/p/dell-latitude-3420-1135g7-14/
2026-01-11 02:34:34,030 - INFO - Scraping 1087/6851: https://www.refurbed.de/p/dell-latitude-3420-i5-1145g7/
2026-01-11 02:34:35,583 - INFO - Scraping 1088/6851: https://www.refurbed.de/p/dell-latitude-3420-i7-1165g7/
2026-01-11 02:34:37,037 - INFO - Scraping 1089/6851: https://www.refurbed.de/p/dell-latitude-3440-i3-1315u/
2026-01-11 02:34:38,358 - INFO - Scraping 1090/6851: https://www.refurbed.de/p/dell-latitude-3440-i5-1335u/
2026-01-11 02:34:39,768 - INFO - Scraping 1091/6851: https://www.refurbed.de/p/dell-latitude-3450-i3-4005u/
2026-01-11 02:34:39,944 - ERROR - Error fetching https://www.refurbed.de/p/dell-latitude-3450-i3-4005u/: 404 Client Error: Not Found for url: https://www.refurbed.de/p/dell-latitude-3450-i3-4005u/
2026-01-11 02:34:40,946 - INFO - Scraping 1092/6851: https://www.refurbed.de/p/dell-latitude-3450-i5-1335u-15/
2026-01-11 02:34:42,445 - INFO - Scraping 1093/6851: https://www.refurbed.de/p/dell-latitude-3460-i5-5200u/
2026-01-11 02:34:43,812 - INFO - Scraping 1094/6851: https://www.refurbed.de/p/dell-latitude-3490-i3-6006u/
2026-01-11 02:34:44,080 - ERROR - Error fetching https://www.refurbed.de/p/dell-latitude-3490-i3-6006u/: 404 Client Error: Not Found for url: https://www.refurbed.de/p/dell-latitude-3490-i3-6006u/
2026-01-11 02:34:45,082 - INFO - Scraping 1095/6851: https://www.refurbed.de/p/dell-latitude-3500-8265u/
2026-01-11 02:34:46,617 - INFO - Scraping 1096/6851: https://www.refurbed.de/p/dell-latitude-3500-i5-8365u/
2026-01-11 02:34:48,152 - INFO - Scraping 1097/6851: https://www.refurbed.de/p/dell-latitude-3510-10110u-15-6/
2026-01-11 02:34:49,489 - INFO - Scraping 1098/6851: https://www.refurbed.de/p/dell-latitude-3510-10310u-15-6/
2026-01-11 02:34:51,018 - INFO - Scraping 1099/6851: https://www.refurbed.de/p/dell-latitude-3510-i5-10210u/
2026-01-11 02:34:52,541 - INFO - Scraping 1100/6851: https://www.refurbed.de/p/dell-latitude-3510-i7-10510u/
2026-01-11 02:34:53,909 - INFO - Scraping 1101/6851: https://www.refurbed.de/p/dell-latitude-3520-i3-1115g4/
2026-01-11 02:34:55,352 - INFO - Scraping 1102/6851: https://www.refurbed.de/p/dell-latitude-3520-i3-1125g4/
2026-01-11 02:34:56,818 - INFO - Scraping 1103/6851: https://www.refurbed.de/p/dell-latitude-3520-i5-1135g7/
2026-01-11 02:34:58,232 - INFO - Scraping 1104/6851: https://www.refurbed.de/p/dell-latitude-3540-i3-1315u-15/
2026-01-11 02:34:59,731 - INFO - Scraping 1105/6851: https://www.refurbed.de/p/dell-latitude-3550-i5-1335u/
2026-01-11 02:35:01,399 - INFO - Scraping 1106/6851: https://www.refurbed.de/p/dell-latitude-3590-8130u/
2026-01-11 02:35:02,713 - INFO - Scraping 1107/6851: https://www.refurbed.de/p/dell-latitude-3590-8550u/
2026-01-11 02:35:04,039 - INFO - Scraping 1108/6851: https://www.refurbed.de/p/dell-latitude-5280-7200u/
2026-01-11 02:35:04,929 - ERROR - Error fetching https://www.refurbed.de/p/dell-latitude-5280-7200u/: 404 Client Error: Not Found for url: https://www.refurbed.de/p/dell-latitude-5280-7200u/
2026-01-11 02:35:05,931 - INFO - Scraping 1109/6851: https://www.refurbed.de/p/dell-latitude-5280-7300u/
2026-01-11 02:35:06,564 - ERROR - Error fetching https://www.refurbed.de/p/dell-latitude-5280-7300u/: 404 Client Error: Not Found for url: https://www.refurbed.de/p/dell-latitude-5280-7300u/
2026-01-11 02:35:07,567 - INFO - Scraping 1110/6851: https://www.refurbed.de/p/dell-latitude-5285-21-7200u/
2026-01-11 02:35:07,915 - ERROR - Error fetching https://www.refurbed.de/p/dell-latitude-5285-21-7200u/: 404 Client Error: Not Found for url: https://www.refurbed.de/p/dell-latitude-5285-21-7200u/
2026-01-11 02:35:08,917 - INFO - Scraping 1111/6851: https://www.refurbed.de/p/dell-latitude-5285-21-7300u/
2026-01-11 02:35:09,375 - ERROR - Error fetching https://www.refurbed.de/p/dell-latitude-5285-21-7300u/: 404 Client Error: Not Found for url: https://www.refurbed.de/p/dell-latitude-5285-21-7300u/
2026-01-11 02:35:10,377 - INFO - Scraping 1112/6851: https://www.refurbed.de/p/dell-latitude-5285-21-7600u/
2026-01-11 02:35:10,538 - ERROR - Error fetching https://www.refurbed.de/p/dell-latitude-5285-21-7600u/: 404 Client Error: Not Found for url: https://www.refurbed.de/p/dell-latitude-5285-21-7600u/
2026-01-11 02:35:11,540 - INFO - Scraping 1113/6851: https://www.refurbed.de/p/dell-latitude-5289-7300u/
2026-01-11 02:35:11,842 - ERROR - Error fetching https://www.refurbed.de/p/dell-latitude-5289-7300u/: 404 Client Error: Not Found for url: https://www.refurbed.de/p/dell-latitude-5289-7300u/
2026-01-11 02:35:12,845 - INFO - Scraping 1114/6851: https://www.refurbed.de/p/dell-latitude-5289-7600u/
2026-01-11 02:35:13,090 - ERROR - Error fetching https://www.refurbed.de/p/dell-latitude-5289-7600u/: 404 Client Error: Not Found for url: https://www.refurbed.de/p/dell-latitude-5289-7600u/
2026-01-11 02:35:14,092 - INFO - Scraping 1115/6851: https://www.refurbed.de/p/dell-latitude-5290-21-8250u/
2026-01-11 02:35:15,634 - INFO - Scraping 1116/6851: https://www.refurbed.de/p/dell-latitude-5290-21-8350u/
2026-01-11 02:35:17,129 - INFO - Scraping 1117/6851: https://www.refurbed.de/p/dell-latitude-5290-21-8650u/
2026-01-11 02:35:18,467 - INFO - Scraping 1118/6851: https://www.refurbed.de/p/dell-latitude-5290-8250u/
2026-01-11 02:35:19,847 - INFO - Scraping 1119/6851: https://www.refurbed.de/p/dell-latitude-5290-8350u/
2026-01-11 02:35:21,300 - INFO - Scraping 1120/6851: https://www.refurbed.de/p/dell-latitude-5290-i5-7300u/
2026-01-11 02:35:21,460 - ERROR - Error fetching https://www.refurbed.de/p/dell-latitude-5290-i5-7300u/: 404 Client Error: Not Found for url: https://www.refurbed.de/p/dell-latitude-5290-i5-7300u/
2026-01-11 02:35:22,462 - INFO - Scraping 1121/6851: https://www.refurbed.de/p/dell-latitude-5300-2-in-1-8145u/
2026-01-11 02:35:23,943 - INFO - Scraping 1122/6851: https://www.refurbed.de/p/dell-latitude-5300-2-in-1-8265u/
2026-01-11 02:35:25,473 - INFO - Scraping 1123/6851: https://www.refurbed.de/p/dell-latitude-5300-2-in-1-8365u/
2026-01-11 02:35:26,875 - INFO - Scraping 1124/6851: https://www.refurbed.de/p/dell-latitude-5300-2-in-1-8665u/
2026-01-11 02:35:28,318 - INFO - Scraping 1125/6851: https://www.refurbed.de/p/dell-latitude-5300-8265u-13-3/
2026-01-11 02:35:29,971 - INFO - Scraping 1126/6851: https://www.refurbed.de/p/dell-latitude-5300-8365u-13-3/
2026-01-11 02:35:31,695 - INFO - Scraping 1127/6851: https://www.refurbed.de/p/dell-latitude-5300-8665u-13-3/
2026-01-11 02:35:33,041 - INFO - Scraping 1128/6851: https://www.refurbed.de/p/dell-latitude-5310-10210u-13-3/
2026-01-11 02:35:34,504 - INFO - Scraping 1129/6851: https://www.refurbed.de/p/dell-latitude-5310-10310u/
2026-01-11 02:35:36,071 - INFO - Scraping 1130/6851: https://www.refurbed.de/p/dell-latitude-5310-2-in-1-10110u/
2026-01-11 02:35:37,501 - INFO - Scraping 1131/6851: https://www.refurbed.de/p/dell-latitude-5310-2-in-1-10210u/
2026-01-11 02:35:39,134 - INFO - Scraping 1132/6851: https://www.refurbed.de/p/dell-latitude-5310-2-in-1-10310u/
2026-01-11 02:35:40,702 - INFO - Scraping 1133/6851: https://www.refurbed.de/p/dell-latitude-5310-2-in-1-10610u/
2026-01-11 02:35:42,173 - INFO - Scraping 1134/6851: https://www.refurbed.de/p/dell-latitude-5310-i7-10610u/
2026-01-11 02:35:44,070 - INFO - Scraping 1135/6851: https://www.refurbed.de/p/dell-latitude-5310-i7-10810u/
2026-01-11 02:35:44,245 - ERROR - Error fetching https://www.refurbed.de/p/dell-latitude-5310-i7-10810u/: 404 Client Error: Not Found for url: https://www.refurbed.de/p/dell-latitude-5310-i7-10810u/
2026-01-11 02:35:45,247 - INFO - Scraping 1136/6851: https://www.refurbed.de/p/dell-latitude-5320-i7-1185g7/
2026-01-11 02:35:46,744 - INFO - Scraping 1137/6851: https://www.refurbed.de/p/dell-latitude-53200-114g7/
2026-01-11 02:35:48,367 - INFO - Scraping 1138/6851: https://www.refurbed.de/p/dell-latitude-53200-i5-1135g7/
2026-01-11 02:35:49,887 - INFO - Scraping 1139/6851: https://www.refurbed.de/p/dell-latitude-5330-i5-1235u/
2026-01-11 02:35:51,332 - INFO - Scraping 1140/6851: https://www.refurbed.de/p/dell-latitude-5330-i5-1245u/
2026-01-11 02:35:52,792 - INFO - Scraping 1141/6851: https://www.refurbed.de/p/dell-latitude-5340-i5-1335u/
2026-01-11 02:35:54,320 - INFO - Scraping 1142/6851: https://www.refurbed.de/p/dell-latitude-5400-8250u/
2026-01-11 02:35:55,907 - INFO - Scraping 1143/6851: https://www.refurbed.de/p/dell-latitude-5400-8265u/
2026-01-11 02:35:57,482 - INFO - Scraping 1144/6851: https://www.refurbed.de/p/dell-latitude-5400-8350u/
2026-01-11 02:35:58,914 - INFO - Scraping 1145/6851: https://www.refurbed.de/p/dell-latitude-5400-8365u-th/
2026-01-11 02:36:00,472 - INFO - Scraping 1146/6851: https://www.refurbed.de/p/dell-latitude-5400-8365u/
2026-01-11 02:36:02,071 - INFO - Scraping 1147/6851: https://www.refurbed.de/p/dell-latitude-5400-8665u/
2026-01-11 02:36:03,653 - INFO - Scraping 1148/6851: https://www.refurbed.de/p/dell-latitude-5400-i5-8265u-th/
2026-01-11 02:36:05,193 - INFO - Scraping 1149/6851: https://www.refurbed.de/p/dell-latitude-5401-9300h-14/
2026-01-11 02:36:06,567 - INFO - Scraping 1150/6851: https://www.refurbed.de/p/dell-latitude-5401-9400h-14/
2026-01-11 02:36:07,912 - INFO - Scraping 1151/6851: https://www.refurbed.de/p/dell-latitude-5401-i7-9850h-14/
2026-01-11 02:36:09,247 - INFO - Scraping 1152/6851: https://www.refurbed.de/p/dell-latitude-5410-10310u/
2026-01-11 02:36:10,672 - INFO - Scraping 1153/6851: https://www.refurbed.de/p/dell-latitude-5410-i5-10210u/
2026-01-11 02:36:12,360 - INFO - Scraping 1154/6851: https://www.refurbed.de/p/dell-latitude-5410-i5-8365u/
2026-01-11 02:36:13,663 - INFO - Scraping 1155/6851: https://www.refurbed.de/p/dell-latitude-5410-i7-10610u/
2026-01-11 02:36:15,231 - INFO - Scraping 1156/6851: https://www.refurbed.de/p/dell-latitude-5410-i7-10810u/
2026-01-11 02:36:16,553 - INFO - Scraping 1157/6851: https://www.refurbed.de/p/dell-latitude-5411-10300h-14/
2026-01-11 02:36:18,045 - INFO - Scraping 1158/6851: https://www.refurbed.de/p/dell-latitude-5411-i5-10400h/
2026-01-11 02:36:19,578 - INFO - Scraping 1159/6851: https://www.refurbed.de/p/dell-latitude-5411-i7-10850h-14/
2026-01-11 02:36:21,061 - INFO - Scraping 1160/6851: https://www.refurbed.de/p/dell-latitude-5420-1125g4/
2026-01-11 02:36:22,531 - INFO - Scraping 1161/6851: https://www.refurbed.de/p/dell-latitude-5420-i5-10310u/
2026-01-11 02:36:24,051 - INFO - Scraping 1162/6851: https://www.refurbed.de/p/dell-latitude-5420-i5-1135g7/
2026-01-11 02:36:25,518 - INFO - Scraping 1163/6851: https://www.refurbed.de/p/dell-latitude-5420-i5-1145g7/
2026-01-11 02:36:26,934 - INFO - Scraping 1164/6851: https://www.refurbed.de/p/dell-latitude-5420-i7-1185g7/
2026-01-11 02:36:28,425 - INFO - Scraping 1165/6851: https://www.refurbed.de/p/dell-latitude-5421-i5-11500h/
2026-01-11 02:36:28,615 - ERROR - Error fetching https://www.refurbed.de/p/dell-latitude-5421-i5-11500h/: 404 Client Error: Not Found for url: https://www.refurbed.de/p/dell-latitude-5421-i5-11500h/
2026-01-11 02:36:29,617 - INFO - Scraping 1166/6851: https://www.refurbed.de/p/dell-latitude-5421-i7-11850h/
2026-01-11 02:36:31,110 - INFO - Scraping 1167/6851: https://www.refurbed.de/p/dell-latitude-5430-i5-1235u/
2026-01-11 02:36:32,550 - INFO - Scraping 1168/6851: https://www.refurbed.de/p/dell-latitude-5430-i5-1245u/
2026-01-11 02:36:34,055 - INFO - Scraping 1169/6851: https://www.refurbed.de/p/dell-latitude-5430-i7-1255u/
2026-01-11 02:36:35,540 - INFO - Scraping 1170/6851: https://www.refurbed.de/p/dell-latitude-5430-i7-1265u/
2026-01-11 02:36:36,992 - INFO - Scraping 1171/6851: https://www.refurbed.de/p/dell-latitude-5430rugged-1135g7/
2026-01-11 02:36:38,305 - INFO - Scraping 1172/6851: https://www.refurbed.de/p/dell-latitude-5430rugged-1145g7/
2026-01-11 02:36:39,766 - INFO - Scraping 1173/6851: https://www.refurbed.de/p/dell-latitude-5430rugged-1185g7/
2026-01-11 02:36:41,166 - INFO - Scraping 1174/6851: https://www.refurbed.de/p/dell-latitude-5431-i5-1250p/
2026-01-11 02:36:42,520 - INFO - Scraping 1175/6851: https://www.refurbed.de/p/dell-latitude-5440-15-6-1335u/
2026-01-11 02:36:48,393 - INFO - Scraping 1176/6851: https://www.refurbed.de/p/dell-latitude-5440-i5-1235u/
2026-01-11 02:36:49,705 - INFO - Scraping 1177/6851: https://www.refurbed.de/p/dell-latitude-5440-i5-1335u/
2026-01-11 02:36:51,190 - INFO - Scraping 1178/6851: https://www.refurbed.de/p/dell-latitude-5440-i5-1345u/
2026-01-11 02:36:52,702 - INFO - Scraping 1179/6851: https://www.refurbed.de/p/dell-latitude-5440-i7-1355u/
2026-01-11 02:36:54,033 - INFO - Scraping 1180/6851: https://www.refurbed.de/p/dell-latitude-5440-i7-1365u/
2026-01-11 02:36:59,849 - INFO - Scraping 1181/6851: https://www.refurbed.de/p/dell-latitude-5450-core-5-125u/
2026-01-11 02:37:01,180 - INFO - Scraping 1182/6851: https://www.refurbed.de/p/dell-latitude-5450-core-5-135/
2026-01-11 02:37:02,543 - INFO - Scraping 1183/6851: https://www.refurbed.de/p/dell-latitude-5450-core-7-165u/
2026-01-11 02:37:03,937 - INFO - Scraping 1184/6851: https://www.refurbed.de/p/dell-latitude-5480-6200u/
2026-01-11 02:37:04,271 - ERROR - Error fetching https://www.refurbed.de/p/dell-latitude-5480-6200u/: 404 Client Error: Not Found for url: https://www.refurbed.de/p/dell-latitude-5480-6200u/
2026-01-11 02:37:05,273 - INFO - Scraping 1185/6851: https://www.refurbed.de/p/dell-latitude-5480-6300hq-14/
2026-01-11 02:37:05,452 - ERROR - Error fetching https://www.refurbed.de/p/dell-latitude-5480-6300hq-14/: 404 Client Error: Not Found for url: https://www.refurbed.de/p/dell-latitude-5480-6300hq-14/
2026-01-11 02:37:06,454 - INFO - Scraping 1186/6851: https://www.refurbed.de/p/dell-latitude-5480-6300u/
2026-01-11 02:37:06,618 - ERROR - Error fetching https://www.refurbed.de/p/dell-latitude-5480-6300u/: 404 Client Error: Not Found for url: https://www.refurbed.de/p/dell-latitude-5480-6300u/
2026-01-11 02:37:07,620 - INFO - Scraping 1187/6851: https://www.refurbed.de/p/dell-latitude-5480-6440hq/
2026-01-11 02:37:08,023 - ERROR - Error fetching https://www.refurbed.de/p/dell-latitude-5480-6440hq/: 404 Client Error: Not Found for url: https://www.refurbed.de/p/dell-latitude-5480-6440hq/
2026-01-11 02:37:09,025 - INFO - Scraping 1188/6851: https://www.refurbed.de/p/dell-latitude-5480-7100u-14/
2026-01-11 02:37:09,341 - ERROR - Error fetching https://www.refurbed.de/p/dell-latitude-5480-7100u-14/: 404 Client Error: Not Found for url: https://www.refurbed.de/p/dell-latitude-5480-7100u-14/
2026-01-11 02:37:10,343 - INFO - Scraping 1189/6851: https://www.refurbed.de/p/dell-latitude-5480-7200u/
2026-01-11 02:37:10,876 - ERROR - Error fetching https://www.refurbed.de/p/dell-latitude-5480-7200u/: 404 Client Error: Not Found for url: https://www.refurbed.de/p/dell-latitude-5480-7200u/
2026-01-11 02:37:11,878 - INFO - Scraping 1190/6851: https://www.refurbed.de/p/dell-latitude-5480-7300u/
2026-01-11 02:37:12,166 - ERROR - Error fetching https://www.refurbed.de/p/dell-latitude-5480-7300u/: 404 Client Error: Not Found for url: https://www.refurbed.de/p/dell-latitude-5480-7300u/
2026-01-11 02:37:13,168 - INFO - Scraping 1191/6851: https://www.refurbed.de/p/dell-latitude-5480-7440hq/
2026-01-11 02:37:13,356 - ERROR - Error fetching https://www.refurbed.de/p/dell-latitude-5480-7440hq/: 404 Client Error: Not Found for url: https://www.refurbed.de/p/dell-latitude-5480-7440hq/
2026-01-11 02:37:14,358 - INFO - Scraping 1192/6851: https://www.refurbed.de/p/dell-latitude-5480-7600u/
2026-01-11 02:37:14,611 - ERROR - Error fetching https://www.refurbed.de/p/dell-latitude-5480-7600u/: 404 Client Error: Not Found for url: https://www.refurbed.de/p/dell-latitude-5480-7600u/
2026-01-11 02:37:15,613 - INFO - Scraping 1193/6851: https://www.refurbed.de/p/dell-latitude-5480-7820hq/
2026-01-11 02:37:17,033 - INFO - Scraping 1194/6851: https://www.refurbed.de/p/dell-latitude-5480-i5-7300hq/
2026-01-11 02:37:17,207 - ERROR - Error fetching https://www.refurbed.de/p/dell-latitude-5480-i5-7300hq/: 404 Client Error: Not Found for url: https://www.refurbed.de/p/dell-latitude-5480-i5-7300hq/
2026-01-11 02:37:18,209 - INFO - Scraping 1195/6851: https://www.refurbed.de/p/dell-latitude-5480-i7-6600u/
2026-01-11 02:37:18,391 - ERROR - Error fetching https://www.refurbed.de/p/dell-latitude-5480-i7-6600u/: 404 Client Error: Not Found for url: https://www.refurbed.de/p/dell-latitude-5480-i7-6600u/
2026-01-11 02:37:19,393 - INFO - Scraping 1196/6851: https://www.refurbed.de/p/dell-latitude-5490-8250u/
2026-01-11 02:37:21,004 - INFO - Scraping 1197/6851: https://www.refurbed.de/p/dell-latitude-5490-8650u/
2026-01-11 02:37:22,474 - INFO - Scraping 1198/6851: https://www.refurbed.de/p/dell-latitude-5490-i3-8130u-14/
2026-01-11 02:37:24,023 - INFO - Scraping 1199/6851: https://www.refurbed.de/p/dell-latitude-5490-i7-8850h/
2026-01-11 02:37:25,410 - INFO - Scraping 1200/6851: https://www.refurbed.de/p/dell-latitude-5491-8300h/
2026-01-11 02:37:26,712 - INFO - Scraping 1201/6851: https://www.refurbed.de/p/dell-latitude-5491-8400h/
2026-01-11 02:37:28,055 - INFO - Scraping 1202/6851: https://www.refurbed.de/p/dell-latitude-5491-i7-8850h/
2026-01-11 02:37:29,448 - INFO - Scraping 1203/6851: https://www.refurbed.de/p/dell-latitude-5501-9400h-15-6/
2026-01-11 02:37:30,986 - INFO - Scraping 1204/6851: https://www.refurbed.de/p/dell-latitude-5501-i7-9850h-15/
2026-01-11 02:37:32,471 - INFO - Scraping 1205/6851: https://www.refurbed.de/p/dell-latitude-5520-1135g7/
2026-01-11 02:37:33,965 - INFO - Scraping 1206/6851: https://www.refurbed.de/p/dell-latitude-5520-1145g7-15-6/
2026-01-11 02:37:35,444 - INFO - Scraping 1207/6851: https://www.refurbed.de/p/dell-latitude-5520-i7-1165g7/
2026-01-11 02:37:36,915 - INFO - Scraping 1208/6851: https://www.refurbed.de/p/dell-latitude-5520-i7-1185g7-15/
2026-01-11 02:37:38,385 - INFO - Scraping 1209/6851: https://www.refurbed.de/p/dell-latitude-5521-i5-11500h/
2026-01-11 02:37:39,846 - INFO - Scraping 1210/6851: https://www.refurbed.de/p/dell-latitude-5521-i7-11850h/
2026-01-11 02:37:41,386 - INFO - Scraping 1211/6851: https://www.refurbed.de/p/dell-latitude-5530-i5-1235u/
2026-01-11 02:37:42,883 - INFO - Scraping 1212/6851: https://www.refurbed.de/p/dell-latitude-5530-i5-1245u/
2026-01-11 02:37:44,360 - INFO - Scraping 1213/6851: https://www.refurbed.de/p/dell-latitude-5530-i7-1255u/
2026-01-11 02:37:45,673 - INFO - Scraping 1214/6851: https://www.refurbed.de/p/dell-latitude-5530-i7-1265u/
2026-01-11 02:37:47,019 - INFO - Scraping 1215/6851: https://www.refurbed.de/p/dell-latitude-5530-i7-1270p/
2026-01-11 02:37:48,396 - INFO - Scraping 1216/6851: https://www.refurbed.de/p/dell-latitude-5531-i5-12600h/
2026-01-11 02:37:49,873 - INFO - Scraping 1217/6851: https://www.refurbed.de/p/dell-latitude-5540-i5-1345u/
2026-01-11 02:37:51,227 - INFO - Scraping 1218/6851: https://www.refurbed.de/p/dell-latitude-5540-i5-1350p/
2026-01-11 02:37:52,534 - INFO - Scraping 1219/6851: https://www.refurbed.de/p/dell-latitude-5540-i7-1365u/
2026-01-11 02:37:53,912 - INFO - Scraping 1220/6851: https://www.refurbed.de/p/dell-latitude-5580-6440hq/
2026-01-11 02:37:54,111 - ERROR - Error fetching https://www.refurbed.de/p/dell-latitude-5580-6440hq/: 404 Client Error: Not Found for url: https://www.refurbed.de/p/dell-latitude-5580-6440hq/
2026-01-11 02:37:55,113 - INFO - Scraping 1221/6851: https://www.refurbed.de/p/dell-latitude-5580-7300u/
2026-01-11 02:37:55,283 - ERROR - Error fetching https://www.refurbed.de/p/dell-latitude-5580-7300u/: 404 Client Error: Not Found for url: https://www.refurbed.de/p/dell-latitude-5580-7300u/
2026-01-11 02:37:56,285 - INFO - Scraping 1222/6851: https://www.refurbed.de/p/dell-latitude-5580-7820hq/
2026-01-11 02:37:57,872 - INFO - Scraping 1223/6851: https://www.refurbed.de/p/dell-latitude-5580-i5-6200u-15-/
2026-01-11 02:37:58,087 - ERROR - Error fetching https://www.refurbed.de/p/dell-latitude-5580-i5-6200u-15-/: 404 Client Error: Not Found for url: https://www.refurbed.de/p/dell-latitude-5580-i5-6200u-15-/
2026-01-11 02:37:59,089 - INFO - Scraping 1224/6851: https://www.refurbed.de/p/dell-latitude-5580-i5-6300u-15-6/
2026-01-11 02:37:59,283 - ERROR - Error fetching https://www.refurbed.de/p/dell-latitude-5580-i5-6300u-15-6/: 404 Client Error: Not Found for url: https://www.refurbed.de/p/dell-latitude-5580-i5-6300u-15-6/
2026-01-11 02:38:00,285 - INFO - Scraping 1225/6851: https://www.refurbed.de/p/dell-latitude-5580-i5-7200u-156/
2026-01-11 02:38:00,477 - ERROR - Error fetching https://www.refurbed.de/p/dell-latitude-5580-i5-7200u-156/: 404 Client Error: Not Found for url: https://www.refurbed.de/p/dell-latitude-5580-i5-7200u-156/
2026-01-11 02:38:01,479 - INFO - Scraping 1226/6851: https://www.refurbed.de/p/dell-latitude-5580-i5-7440hq/
2026-01-11 02:38:01,639 - ERROR - Error fetching https://www.refurbed.de/p/dell-latitude-5580-i5-7440hq/: 404 Client Error: Not Found for url: https://www.refurbed.de/p/dell-latitude-5580-i5-7440hq/
2026-01-11 02:38:02,641 - INFO - Scraping 1227/6851: https://www.refurbed.de/p/dell-latitude-5580-i7-7600u-156/
2026-01-11 02:38:02,820 - ERROR - Error fetching https://www.refurbed.de/p/dell-latitude-5580-i7-7600u-156/: 404 Client Error: Not Found for url: https://www.refurbed.de/p/dell-latitude-5580-i7-7600u-156/
2026-01-11 02:38:03,822 - INFO - Scraping 1228/6851: https://www.refurbed.de/p/dell-latitude-5590-7200u/
2026-01-11 02:38:03,990 - ERROR - Error fetching https://www.refurbed.de/p/dell-latitude-5590-7200u/: 404 Client Error: Not Found for url: https://www.refurbed.de/p/dell-latitude-5590-7200u/
2026-01-11 02:38:04,992 - INFO - Scraping 1229/6851: https://www.refurbed.de/p/dell-latitude-5590-7300u/
2026-01-11 02:38:05,190 - ERROR - Error fetching https://www.refurbed.de/p/dell-latitude-5590-7300u/: 404 Client Error: Not Found for url: https://www.refurbed.de/p/dell-latitude-5590-7300u/
2026-01-11 02:38:06,193 - INFO - Scraping 1230/6851: https://www.refurbed.de/p/dell-latitude-5590-8550u/
2026-01-11 02:38:07,605 - INFO - Scraping 1231/6851: https://www.refurbed.de/p/dell-latitude-5590-8650u/
2026-01-11 02:38:09,249 - INFO - Scraping 1232/6851: https://www.refurbed.de/p/dell-latitude-5590-i3-7100u/
2026-01-11 02:38:09,480 - ERROR - Error fetching https://www.refurbed.de/p/dell-latitude-5590-i3-7100u/: 404 Client Error: Not Found for url: https://www.refurbed.de/p/dell-latitude-5590-i3-7100u/
2026-01-11 02:38:10,483 - INFO - Scraping 1233/6851: https://www.refurbed.de/p/dell-latitude-5590-i5-8250u/
2026-01-11 02:38:11,843 - INFO - Scraping 1234/6851: https://www.refurbed.de/p/dell-latitude-5590-i5-8350u/
2026-01-11 02:38:13,641 - INFO - Scraping 1235/6851: https://www.refurbed.de/p/dell-latitude-7200-2-in-1/
2026-01-11 02:38:15,167 - INFO - Scraping 1236/6851: https://www.refurbed.de/p/dell-latitude-7210-10210u/
2026-01-11 02:38:15,337 - ERROR - Error fetching https://www.refurbed.de/p/dell-latitude-7210-10210u/: 404 Client Error: Not Found for url: https://www.refurbed.de/p/dell-latitude-7210-10210u/
2026-01-11 02:38:16,339 - INFO - Scraping 1237/6851: https://www.refurbed.de/p/dell-latitude-7210-10310u/
2026-01-11 02:38:17,935 - INFO - Scraping 1238/6851: https://www.refurbed.de/p/dell-latitude-7210-10610u/
2026-01-11 02:38:18,126 - ERROR - Error fetching https://www.refurbed.de/p/dell-latitude-7210-10610u/: 404 Client Error: Not Found for url: https://www.refurbed.de/p/dell-latitude-7210-10610u/
2026-01-11 02:38:19,128 - INFO - Scraping 1239/6851: https://www.refurbed.de/p/dell-latitude-7210-10810u/
2026-01-11 02:38:20,475 - INFO - Scraping 1240/6851: https://www.refurbed.de/p/dell-latitude-7210-i3-10110u/
2026-01-11 02:38:20,671 - ERROR - Error fetching https://www.refurbed.de/p/dell-latitude-7210-i3-10110u/: 404 Client Error: Not Found for url: https://www.refurbed.de/p/dell-latitude-7210-i3-10110u/
2026-01-11 02:38:21,673 - INFO - Scraping 1241/6851: https://www.refurbed.de/p/dell-latitude-7212-rgg-i3-7100u/
2026-01-11 02:38:21,854 - ERROR - Error fetching https://www.refurbed.de/p/dell-latitude-7212-rgg-i3-7100u/: 404 Client Error: Not Found for url: https://www.refurbed.de/p/dell-latitude-7212-rgg-i3-7100u/
2026-01-11 02:38:22,856 - INFO - Scraping 1242/6851: https://www.refurbed.de/p/dell-latitude-7212-rgg-i5-6300u/
2026-01-11 02:38:23,061 - ERROR - Error fetching https://www.refurbed.de/p/dell-latitude-7212-rgg-i5-6300u/: 404 Client Error: Not Found for url: https://www.refurbed.de/p/dell-latitude-7212-rgg-i5-6300u/
2026-01-11 02:38:24,063 - INFO - Scraping 1243/6851: https://www.refurbed.de/p/dell-latitude-7212-rgg-i5-7300u/
2026-01-11 02:38:24,228 - ERROR - Error fetching https://www.refurbed.de/p/dell-latitude-7212-rgg-i5-7300u/: 404 Client Error: Not Found for url: https://www.refurbed.de/p/dell-latitude-7212-rgg-i5-7300u/
2026-01-11 02:38:25,230 - INFO - Scraping 1244/6851: https://www.refurbed.de/p/dell-latitude-7212-rgg-i5-8350u/
2026-01-11 02:38:26,735 - INFO - Scraping 1245/6851: https://www.refurbed.de/p/dell-latitude-7212-rgg-i7-8650u/
2026-01-11 02:38:28,070 - INFO - Scraping 1246/6851: https://www.refurbed.de/p/dell-latitude-7212-rgg-i7-8665u/
2026-01-11 02:38:29,369 - INFO - Scraping 1247/6851: https://www.refurbed.de/p/dell-latitude-7220-rgg--i7-8665u/
2026-01-11 02:38:30,761 - INFO - Scraping 1248/6851: https://www.refurbed.de/p/dell-latitude-7220-rgg-i3-8145u/
2026-01-11 02:38:32,375 - INFO - Scraping 1249/6851: https://www.refurbed.de/p/dell-latitude-7220-rgg-xtr-8365u/
2026-01-11 02:38:33,878 - INFO - Scraping 1250/6851: https://www.refurbed.de/p/dell-latitude-7275-m5-6y57/
2026-01-11 02:38:34,075 - ERROR - Error fetching https://www.refurbed.de/p/dell-latitude-7275-m5-6y57/: 404 Client Error: Not Found for url: https://www.refurbed.de/p/dell-latitude-7275-m5-6y57/
2026-01-11 02:38:35,077 - INFO - Scraping 1251/6851: https://www.refurbed.de/p/dell-latitude-7275-m7-6y57/
2026-01-11 02:38:35,275 - ERROR - Error fetching https://www.refurbed.de/p/dell-latitude-7275-m7-6y57/: 404 Client Error: Not Found for url: https://www.refurbed.de/p/dell-latitude-7275-m7-6y57/
2026-01-11 02:38:36,277 - INFO - Scraping 1252/6851: https://www.refurbed.de/p/dell-latitude-7280-i5-6200u-12-5/
2026-01-11 02:38:36,548 - ERROR - Error fetching https://www.refurbed.de/p/dell-latitude-7280-i5-6200u-12-5/: 404 Client Error: Not Found for url: https://www.refurbed.de/p/dell-latitude-7280-i5-6200u-12-5/
2026-01-11 02:38:37,550 - INFO - Scraping 1253/6851: https://www.refurbed.de/p/dell-latitude-7280-i5-6300u-12-5/
2026-01-11 02:38:37,763 - ERROR - Error fetching https://www.refurbed.de/p/dell-latitude-7280-i5-6300u-12-5/: 404 Client Error: Not Found for url: https://www.refurbed.de/p/dell-latitude-7280-i5-6300u-12-5/
2026-01-11 02:38:38,765 - INFO - Scraping 1254/6851: https://www.refurbed.de/p/dell-latitude-7280-i5-6600u-12-5/
2026-01-11 02:38:38,954 - ERROR - Error fetching https://www.refurbed.de/p/dell-latitude-7280-i5-6600u-12-5/: 404 Client Error: Not Found for url: https://www.refurbed.de/p/dell-latitude-7280-i5-6600u-12-5/
2026-01-11 02:38:39,956 - INFO - Scraping 1255/6851: https://www.refurbed.de/p/dell-latitude-7280-i5-7200u-12-5/
2026-01-11 02:38:40,188 - ERROR - Error fetching https://www.refurbed.de/p/dell-latitude-7280-i5-7200u-12-5/: 404 Client Error: Not Found for url: https://www.refurbed.de/p/dell-latitude-7280-i5-7200u-12-5/
2026-01-11 02:38:41,190 - INFO - Scraping 1256/6851: https://www.refurbed.de/p/dell-latitude-7280-i5-7300u/
2026-01-11 02:38:41,359 - ERROR - Error fetching https://www.refurbed.de/p/dell-latitude-7280-i5-7300u/: 404 Client Error: Not Found for url: https://www.refurbed.de/p/dell-latitude-7280-i5-7300u/
2026-01-11 02:38:42,361 - INFO - Scraping 1257/6851: https://www.refurbed.de/p/dell-latitude-7280-i7-7600u-12-5/
2026-01-11 02:38:42,634 - ERROR - Error fetching https://www.refurbed.de/p/dell-latitude-7280-i7-7600u-12-5/: 404 Client Error: Not Found for url: https://www.refurbed.de/p/dell-latitude-7280-i7-7600u-12-5/
2026-01-11 02:38:43,636 - INFO - Scraping 1258/6851: https://www.refurbed.de/p/dell-latitude-7285-7y57/
2026-01-11 02:38:43,813 - ERROR - Error fetching https://www.refurbed.de/p/dell-latitude-7285-7y57/: 404 Client Error: Not Found for url: https://www.refurbed.de/p/dell-latitude-7285-7y57/
2026-01-11 02:38:44,815 - INFO - Scraping 1259/6851: https://www.refurbed.de/p/dell-latitude-7285-i7-7y75/
2026-01-11 02:38:44,989 - ERROR - Error fetching https://www.refurbed.de/p/dell-latitude-7285-i7-7y75/: 404 Client Error: Not Found for url: https://www.refurbed.de/p/dell-latitude-7285-i7-7y75/
2026-01-11 02:38:45,991 - INFO - Scraping 1260/6851: https://www.refurbed.de/p/dell-latitude-7290-i5-8350u/
2026-01-11 02:38:47,420 - INFO - Scraping 1261/6851: https://www.refurbed.de/p/dell-latitude-7290-i7-8650u/
2026-01-11 02:38:48,802 - INFO - Scraping 1262/6851: https://www.refurbed.de/p/dell-latitude-7300-8665u-13-3/
2026-01-11 02:38:50,402 - INFO - Scraping 1263/6851: https://www.refurbed.de/p/dell-latitude-7300-i5-8265u-13-3/
2026-01-11 02:38:51,834 - INFO - Scraping 1264/6851: https://www.refurbed.de/p/dell-latitude-7300-i5-8350u-13-3/
2026-01-11 02:38:53,138 - INFO - Scraping 1265/6851: https://www.refurbed.de/p/dell-latitude-7300-i5-8365u-13-3/
2026-01-11 02:38:54,626 - INFO - Scraping 1266/6851: https://www.refurbed.de/p/dell-latitude-7310-10610u-13-3/
2026-01-11 02:38:56,114 - INFO - Scraping 1267/6851: https://www.refurbed.de/p/dell-latitude-7310-2-in-1-10310u/
2026-01-11 02:38:57,668 - INFO - Scraping 1268/6851: https://www.refurbed.de/p/dell-latitude-7310-2-in-1-10610u/
2026-01-11 02:38:59,128 - INFO - Scraping 1269/6851: https://www.refurbed.de/p/dell-latitude-7310-i5-10310u/
2026-01-11 02:39:00,741 - INFO - Scraping 1270/6851: https://www.refurbed.de/p/dell-latitude-7310-i7-10710u/
2026-01-11 02:39:02,044 - INFO - Scraping 1271/6851: https://www.refurbed.de/p/dell-latitude-7320-114g7/
2026-01-11 02:39:03,712 - INFO - Scraping 1272/6851: https://www.refurbed.de/p/dell-latitude-7320-i5-1135g7/
2026-01-11 02:39:05,152 - INFO - Scraping 1273/6851: https://www.refurbed.de/p/dell-latitude-7320-i7-1185g7/
2026-01-11 02:39:06,618 - INFO - Scraping 1274/6851: https://www.refurbed.de/p/dell-latitude-7330-i5-1245u-13-3/
2026-01-11 02:39:08,149 - INFO - Scraping 1275/6851: https://www.refurbed.de/p/dell-latitude-7330-i7-1265u-13-3/
2026-01-11 02:39:09,579 - INFO - Scraping 1276/6851: https://www.refurbed.de/p/dell-latitude-7340-i5-1345u/
2026-01-11 02:39:10,945 - INFO - Scraping 1277/6851: https://www.refurbed.de/p/dell-latitude-7340-i7-1365u/
2026-01-11 02:39:12,302 - INFO - Scraping 1278/6851: https://www.refurbed.de/p/dell-latitude-7350-my71/
2026-01-11 02:39:12,482 - ERROR - Error fetching https://www.refurbed.de/p/dell-latitude-7350-my71/: 404 Client Error: Not Found for url: https://www.refurbed.de/p/dell-latitude-7350-my71/
2026-01-11 02:39:13,484 - INFO - Scraping 1279/6851: https://www.refurbed.de/p/dell-latitude-7380-7300u/
2026-01-11 02:39:14,214 - ERROR - Error fetching https://www.refurbed.de/p/dell-latitude-7380-7300u/: 404 Client Error: Not Found for url: https://www.refurbed.de/p/dell-latitude-7380-7300u/
2026-01-11 02:39:15,216 - INFO - Scraping 1280/6851: https://www.refurbed.de/p/dell-latitude-7380-i7-7600u-13/
2026-01-11 02:39:15,385 - ERROR - Error fetching https://www.refurbed.de/p/dell-latitude-7380-i7-7600u-13/: 404 Client Error: Not Found for url: https://www.refurbed.de/p/dell-latitude-7380-i7-7600u-13/
2026-01-11 02:39:16,387 - INFO - Scraping 1281/6851: https://www.refurbed.de/p/dell-latitude-7389-2-1-i5-7300u/
2026-01-11 02:39:16,546 - ERROR - Error fetching https://www.refurbed.de/p/dell-latitude-7389-2-1-i5-7300u/: 404 Client Error: Not Found for url: https://www.refurbed.de/p/dell-latitude-7389-2-1-i5-7300u/
2026-01-11 02:39:17,548 - INFO - Scraping 1282/6851: https://www.refurbed.de/p/dell-latitude-7390-2-1-i5-8250u/
2026-01-11 02:39:19,037 - INFO - Scraping 1283/6851: https://www.refurbed.de/p/dell-latitude-7390-2-1-i5-8350u/
2026-01-11 02:39:20,565 - INFO - Scraping 1284/6851: https://www.refurbed.de/p/dell-latitude-7390-2-1-i7-8650u/
2026-01-11 02:39:21,945 - INFO - Scraping 1285/6851: https://www.refurbed.de/p/dell-latitude-7390-2-in-1-8350u/
2026-01-11 02:39:23,477 - INFO - Scraping 1286/6851: https://www.refurbed.de/p/dell-latitude-7390-2-in-1-8650u/
2026-01-11 02:39:24,802 - INFO - Scraping 1287/6851: https://www.refurbed.de/p/dell-latitude-7390-i5-7300u-13-3/
2026-01-11 02:39:24,978 - ERROR - Error fetching https://www.refurbed.de/p/dell-latitude-7390-i5-7300u-13-3/: 404 Client Error: Not Found for url: https://www.refurbed.de/p/dell-latitude-7390-i5-7300u-13-3/
2026-01-11 02:39:25,980 - INFO - Scraping 1288/6851: https://www.refurbed.de/p/dell-latitude-7390-i5-8250u/
2026-01-11 02:39:27,446 - INFO - Scraping 1289/6851: https://www.refurbed.de/p/dell-latitude-7390-i7-8650u/
2026-01-11 02:39:28,802 - INFO - Scraping 1290/6851: https://www.refurbed.de/p/dell-latitude-7400-2-in-1-8265u/
2026-01-11 02:39:30,419 - INFO - Scraping 1291/6851: https://www.refurbed.de/p/dell-latitude-7400-2-in-1-8365u/
2026-01-11 02:39:31,915 - INFO - Scraping 1292/6851: https://www.refurbed.de/p/dell-latitude-7400-2-in-1-8665u/
2026-01-11 02:39:33,281 - INFO - Scraping 1293/6851: https://www.refurbed.de/p/dell-latitude-7400-8265u-14/
2026-01-11 02:39:34,803 - INFO - Scraping 1294/6851: https://www.refurbed.de/p/dell-latitude-7400-8365u/
2026-01-11 02:39:36,438 - INFO - Scraping 1295/6851: https://www.refurbed.de/p/dell-latitude-7400-8665u/
2026-01-11 02:39:37,982 - INFO - Scraping 1296/6851: https://www.refurbed.de/p/dell-latitude-7410-2-1-i5-10310u/
2026-01-11 02:39:39,514 - INFO - Scraping 1297/6851: https://www.refurbed.de/p/dell-latitude-7410-2-1-i7-10610u/
2026-01-11 02:39:41,029 - INFO - Scraping 1298/6851: https://www.refurbed.de/p/dell-latitude-7410-2-1-i7-10810u/
2026-01-11 02:39:42,467 - INFO - Scraping 1299/6851: https://www.refurbed.de/p/dell-latitude-7410-i5-10210u/
2026-01-11 02:39:43,915 - INFO - Scraping 1300/6851: https://www.refurbed.de/p/dell-latitude-7410-i5-10310u/
2026-01-11 02:39:45,675 - INFO - Scraping 1301/6851: https://www.refurbed.de/p/dell-latitude-7410-i7-10610u/
2026-01-11 02:39:47,151 - INFO - Scraping 1302/6851: https://www.refurbed.de/p/dell-latitude-7410-i7-10810u/
2026-01-11 02:39:48,576 - INFO - Scraping 1303/6851: https://www.refurbed.de/p/dell-latitude-7420-1135g7-14/
2026-01-11 02:39:50,142 - INFO - Scraping 1304/6851: https://www.refurbed.de/p/dell-latitude-7420-i5-1145g7/
2026-01-11 02:39:51,709 - INFO - Scraping 1305/6851: https://www.refurbed.de/p/dell-latitude-7420-i7-1165g7/
2026-01-11 02:39:53,158 - INFO - Scraping 1306/6851: https://www.refurbed.de/p/dell-latitude-7420-i7-1185g7/
2026-01-11 02:39:54,533 - INFO - Scraping 1307/6851: https://www.refurbed.de/p/dell-latitude-7430-i5-1245u-14/
2026-01-11 02:39:56,108 - INFO - Scraping 1308/6851: https://www.refurbed.de/p/dell-latitude-7430-i7-1255u-14/
2026-01-11 02:39:57,556 - INFO - Scraping 1309/6851: https://www.refurbed.de/p/dell-latitude-7430-i7-1265u/
2026-01-11 02:39:59,022 - INFO - Scraping 1310/6851: https://www.refurbed.de/p/dell-latitude-7430-i7-1270p-14/
2026-01-11 02:40:00,335 - INFO - Scraping 1311/6851: https://www.refurbed.de/p/dell-latitude-7440-i5-1335u/
2026-01-11 02:40:01,847 - INFO - Scraping 1312/6851: https://www.refurbed.de/p/dell-latitude-7440-i7-1365u/
2026-01-11 02:40:03,524 - INFO - Scraping 1313/6851: https://www.refurbed.de/p/dell-latitude-7480-6600u/
2026-01-11 02:40:03,751 - ERROR - Error fetching https://www.refurbed.de/p/dell-latitude-7480-6600u/: 404 Client Error: Not Found for url: https://www.refurbed.de/p/dell-latitude-7480-6600u/
2026-01-11 02:40:04,753 - INFO - Scraping 1314/6851: https://www.refurbed.de/p/dell-latitude-7480-7300u/
2026-01-11 02:40:04,956 - ERROR - Error fetching https://www.refurbed.de/p/dell-latitude-7480-7300u/: 404 Client Error: Not Found for url: https://www.refurbed.de/p/dell-latitude-7480-7300u/
2026-01-11 02:40:05,958 - INFO - Scraping 1315/6851: https://www.refurbed.de/p/dell-latitude-7480-7600u/
2026-01-11 02:40:06,128 - ERROR - Error fetching https://www.refurbed.de/p/dell-latitude-7480-7600u/: 404 Client Error: Not Found for url: https://www.refurbed.de/p/dell-latitude-7480-7600u/
2026-01-11 02:40:07,130 - INFO - Scraping 1316/6851: https://www.refurbed.de/p/dell-latitude-7480-i5-6200u-14/
2026-01-11 02:40:07,606 - ERROR - Error fetching https://www.refurbed.de/p/dell-latitude-7480-i5-6200u-14/: 404 Client Error: Not Found for url: https://www.refurbed.de/p/dell-latitude-7480-i5-6200u-14/
2026-01-11 02:40:08,608 - INFO - Scraping 1317/6851: https://www.refurbed.de/p/dell-latitude-7480-i5-6300u-14/
2026-01-11 02:40:09,227 - ERROR - Error fetching https://www.refurbed.de/p/dell-latitude-7480-i5-6300u-14/: 404 Client Error: Not Found for url: https://www.refurbed.de/p/dell-latitude-7480-i5-6300u-14/
2026-01-11 02:40:10,229 - INFO - Scraping 1318/6851: https://www.refurbed.de/p/dell-latitude-7480-i5-6360u-14/
2026-01-11 02:40:10,437 - ERROR - Error fetching https://www.refurbed.de/p/dell-latitude-7480-i5-6360u-14/: 404 Client Error: Not Found for url: https://www.refurbed.de/p/dell-latitude-7480-i5-6360u-14/
2026-01-11 02:40:11,439 - INFO - Scraping 1319/6851: https://www.refurbed.de/p/dell-latitude-7480-i5-7200u-14/
2026-01-11 02:40:11,604 - ERROR - Error fetching https://www.refurbed.de/p/dell-latitude-7480-i5-7200u-14/: 404 Client Error: Not Found for url: https://www.refurbed.de/p/dell-latitude-7480-i5-7200u-14/
2026-01-11 02:40:12,606 - INFO - Scraping 1320/6851: https://www.refurbed.de/p/dell-latitude-7480-i7-6650u-14/
2026-01-11 02:40:12,806 - ERROR - Error fetching https://www.refurbed.de/p/dell-latitude-7480-i7-6650u-14/: 404 Client Error: Not Found for url: https://www.refurbed.de/p/dell-latitude-7480-i7-6650u-14/
2026-01-11 02:40:13,808 - INFO - Scraping 1321/6851: https://www.refurbed.de/p/dell-latitude-7480-i7-7500u/
2026-01-11 02:40:13,987 - ERROR - Error fetching https://www.refurbed.de/p/dell-latitude-7480-i7-7500u/: 404 Client Error: Not Found for url: https://www.refurbed.de/p/dell-latitude-7480-i7-7500u/
2026-01-11 02:40:14,989 - INFO - Scraping 1322/6851: https://www.refurbed.de/p/dell-latitude-7490-7300u/
2026-01-11 02:40:15,223 - ERROR - Error fetching https://www.refurbed.de/p/dell-latitude-7490-7300u/: 404 Client Error: Not Found for url: https://www.refurbed.de/p/dell-latitude-7490-7300u/
2026-01-11 02:40:16,225 - INFO - Scraping 1323/6851: https://www.refurbed.de/p/dell-latitude-7490-7600u-14/
2026-01-11 02:40:16,667 - ERROR - Error fetching https://www.refurbed.de/p/dell-latitude-7490-7600u-14/: 404 Client Error: Not Found for url: https://www.refurbed.de/p/dell-latitude-7490-7600u-14/
2026-01-11 02:40:17,668 - INFO - Scraping 1324/6851: https://www.refurbed.de/p/dell-latitude-7490-8250u/
2026-01-11 02:40:19,258 - INFO - Scraping 1325/6851: https://www.refurbed.de/p/dell-latitude-7490-8650u/
2026-01-11 02:40:20,779 - INFO - Scraping 1326/6851: https://www.refurbed.de/p/dell-latitude-7490-8665/
2026-01-11 02:40:21,134 - ERROR - Error fetching https://www.refurbed.de/p/dell-latitude-7490-8665/: 404 Client Error: Not Found for url: https://www.refurbed.de/p/dell-latitude-7490-8665/
2026-01-11 02:40:22,136 - INFO - Scraping 1327/6851: https://www.refurbed.de/p/dell-latitude-7490-i5-8350u-14/
2026-01-11 02:40:23,784 - INFO - Scraping 1328/6851: https://www.refurbed.de/p/dell-latitude-7490-i7-8565u/
2026-01-11 02:40:25,281 - INFO - Scraping 1329/6851: https://www.refurbed.de/p/dell-latitude-7520-alu-i7-1185g7/
2026-01-11 02:40:26,598 - INFO - Scraping 1330/6851: https://www.refurbed.de/p/dell-latitude-7520-car-i7-1185g7/
2026-01-11 02:40:28,072 - INFO - Scraping 1331/6851: https://www.refurbed.de/p/dell-latitude-7520-i7-1165g7/
2026-01-11 02:40:29,417 - INFO - Scraping 1332/6851: https://www.refurbed.de/p/dell-latitude-7530-i5-1250p/
2026-01-11 02:40:30,925 - INFO - Scraping 1333/6851: https://www.refurbed.de/p/dell-latitude-7530-i7-8750h/
2026-01-11 02:40:32,306 - INFO - Scraping 1334/6851: https://www.refurbed.de/p/dell-latitude-7530-i9-8950hk/
2026-01-11 02:40:33,793 - INFO - Scraping 1335/6851: https://www.refurbed.de/p/dell-latitude-7640-i5-1345u/
2026-01-11 02:40:35,510 - INFO - Scraping 1336/6851: https://www.refurbed.de/p/dell-latitude-9430-2-in-1-1245u/
2026-01-11 02:40:37,045 - INFO - Scraping 1337/6851: https://www.refurbed.de/p/dell-latitude-9430-2-in-1-1265u/
2026-01-11 02:40:37,207 - ERROR - Error fetching https://www.refurbed.de/p/dell-latitude-9430-2-in-1-1265u/: 404 Client Error: Not Found for url: https://www.refurbed.de/p/dell-latitude-9430-2-in-1-1265u/
2026-01-11 02:40:38,209 - INFO - Scraping 1338/6851: https://www.refurbed.de/p/dell-latitude-9430-i7-1265u/
2026-01-11 02:40:39,989 - INFO - Scraping 1339/6851: https://www.refurbed.de/p/dell-latitude-9520-2in1-1185g7/
2026-01-11 02:40:41,340 - INFO - Scraping 1340/6851: https://www.refurbed.de/p/dell-latitude-detach-7320-1130g7/
2026-01-11 02:40:42,817 - INFO - Scraping 1341/6851: https://www.refurbed.de/p/dell-latitude-detach-7320-1140g7/
2026-01-11 02:40:44,482 - INFO - Scraping 1342/6851: https://www.refurbed.de/p/dell-latitude-detach-7320-1180g7/
2026-01-11 02:40:46,128 - INFO - Scraping 1343/6851: https://www.refurbed.de/p/dell-latitude-e5250-i5-5300u-12-/
2026-01-11 02:40:46,288 - ERROR - Error fetching https://www.refurbed.de/p/dell-latitude-e5250-i5-5300u-12-/: 404 Client Error: Not Found for url: https://www.refurbed.de/p/dell-latitude-e5250-i5-5300u-12-/
2026-01-11 02:40:47,290 - INFO - Scraping 1344/6851: https://www.refurbed.de/p/dell-latitude-e5270-i5-6200u-12-/
2026-01-11 02:40:47,485 - ERROR - Error fetching https://www.refurbed.de/p/dell-latitude-e5270-i5-6200u-12-/: 404 Client Error: Not Found for url: https://www.refurbed.de/p/dell-latitude-e5270-i5-6200u-12-/
2026-01-11 02:40:48,487 - INFO - Scraping 1345/6851: https://www.refurbed.de/p/dell-latitude-e5270-i5-6300u-12-/
2026-01-11 02:40:48,649 - ERROR - Error fetching https://www.refurbed.de/p/dell-latitude-e5270-i5-6300u-12-/: 404 Client Error: Not Found for url: https://www.refurbed.de/p/dell-latitude-e5270-i5-6300u-12-/
2026-01-11 02:40:49,651 - INFO - Scraping 1346/6851: https://www.refurbed.de/p/dell-latitude-e5270-i7-6600u-12/
2026-01-11 02:40:49,839 - ERROR - Error fetching https://www.refurbed.de/p/dell-latitude-e5270-i7-6600u-12/: 404 Client Error: Not Found for url: https://www.refurbed.de/p/dell-latitude-e5270-i7-6600u-12/
2026-01-11 02:40:50,842 - INFO - Scraping 1347/6851: https://www.refurbed.de/p/dell-latitude-e5440-i3-4010u-14/
2026-01-11 02:40:51,010 - ERROR - Error fetching https://www.refurbed.de/p/dell-latitude-e5440-i3-4010u-14/: 404 Client Error: Not Found for url: https://www.refurbed.de/p/dell-latitude-e5440-i3-4010u-14/
2026-01-11 02:40:52,012 - INFO - Scraping 1348/6851: https://www.refurbed.de/p/dell-latitude-e5440-i5-4200u-14/
2026-01-11 02:40:52,762 - ERROR - Error fetching https://www.refurbed.de/p/dell-latitude-e5440-i5-4200u-14/: 404 Client Error: Not Found for url: https://www.refurbed.de/p/dell-latitude-e5440-i5-4200u-14/
2026-01-11 02:40:53,764 - INFO - Scraping 1349/6851: https://www.refurbed.de/p/dell-latitude-e5440-i5-4300m-14/
2026-01-11 02:40:53,928 - ERROR - Error fetching https://www.refurbed.de/p/dell-latitude-e5440-i5-4300m-14/: 404 Client Error: Not Found for url: https://www.refurbed.de/p/dell-latitude-e5440-i5-4300m-14/
2026-01-11 02:40:54,930 - INFO - Scraping 1350/6851: https://www.refurbed.de/p/dell-latitude-e5440-i5-4300u-14/
2026-01-11 02:40:55,138 - ERROR - Error fetching https://www.refurbed.de/p/dell-latitude-e5440-i5-4300u-14/: 404 Client Error: Not Found for url: https://www.refurbed.de/p/dell-latitude-e5440-i5-4300u-14/
2026-01-11 02:40:56,140 - INFO - Scraping 1351/6851: https://www.refurbed.de/p/dell-latitude-e5440-i5-4310u-14/
2026-01-11 02:40:56,316 - ERROR - Error fetching https://www.refurbed.de/p/dell-latitude-e5440-i5-4310u-14/: 404 Client Error: Not Found for url: https://www.refurbed.de/p/dell-latitude-e5440-i5-4310u-14/
2026-01-11 02:40:57,318 - INFO - Scraping 1352/6851: https://www.refurbed.de/p/dell-latitude-e5440-i5-4600u/
2026-01-11 02:40:57,840 - ERROR - Error fetching https://www.refurbed.de/p/dell-latitude-e5440-i5-4600u/: 404 Client Error: Not Found for url: https://www.refurbed.de/p/dell-latitude-e5440-i5-4600u/
2026-01-11 02:40:58,842 - INFO - Scraping 1353/6851: https://www.refurbed.de/p/dell-latitude-e5450-i3-5010u-14/
2026-01-11 02:40:59,682 - ERROR - Error fetching https://www.refurbed.de/p/dell-latitude-e5450-i3-5010u-14/: 404 Client Error: Not Found for url: https://www.refurbed.de/p/dell-latitude-e5450-i3-5010u-14/
2026-01-11 02:41:00,684 - INFO - Scraping 1354/6851: https://www.refurbed.de/p/dell-latitude-e5450-i5-4310u-14/
2026-01-11 02:41:01,313 - ERROR - Error fetching https://www.refurbed.de/p/dell-latitude-e5450-i5-4310u-14/: 404 Client Error: Not Found for url: https://www.refurbed.de/p/dell-latitude-e5450-i5-4310u-14/
2026-01-11 02:41:02,315 - INFO - Scraping 1355/6851: https://www.refurbed.de/p/dell-latitude-e5450-i5-5200u-14/
2026-01-11 02:41:02,651 - ERROR - Error fetching https://www.refurbed.de/p/dell-latitude-e5450-i5-5200u-14/: 404 Client Error: Not Found for url: https://www.refurbed.de/p/dell-latitude-e5450-i5-5200u-14/
2026-01-11 02:41:03,653 - INFO - Scraping 1356/6851: https://www.refurbed.de/p/dell-latitude-e5450-i5-5300u-14/
2026-01-11 02:41:03,980 - ERROR - Error fetching https://www.refurbed.de/p/dell-latitude-e5450-i5-5300u-14/: 404 Client Error: Not Found for url: https://www.refurbed.de/p/dell-latitude-e5450-i5-5300u-14/
2026-01-11 02:41:04,983 - INFO - Scraping 1357/6851: https://www.refurbed.de/p/dell-latitude-e5450-i7-5600u-14/
2026-01-11 02:41:05,167 - ERROR - Error fetching https://www.refurbed.de/p/dell-latitude-e5450-i7-5600u-14/: 404 Client Error: Not Found for url: https://www.refurbed.de/p/dell-latitude-e5450-i7-5600u-14/
2026-01-11 02:41:06,169 - INFO - Scraping 1358/6851: https://www.refurbed.de/p/dell-latitude-e5470-6100u/
2026-01-11 02:41:06,358 - ERROR - Error fetching https://www.refurbed.de/p/dell-latitude-e5470-6100u/: 404 Client Error: Not Found for url: https://www.refurbed.de/p/dell-latitude-e5470-6100u/
2026-01-11 02:41:07,360 - INFO - Scraping 1359/6851: https://www.refurbed.de/p/dell-latitude-e5470-6300hq/
2026-01-11 02:41:07,578 - ERROR - Error fetching https://www.refurbed.de/p/dell-latitude-e5470-6300hq/: 404 Client Error: Not Found for url: https://www.refurbed.de/p/dell-latitude-e5470-6300hq/
2026-01-11 02:41:08,580 - INFO - Scraping 1360/6851: https://www.refurbed.de/p/dell-latitude-e5470-6440hq/
2026-01-11 02:41:08,794 - ERROR - Error fetching https://www.refurbed.de/p/dell-latitude-e5470-6440hq/: 404 Client Error: Not Found for url: https://www.refurbed.de/p/dell-latitude-e5470-6440hq/
2026-01-11 02:41:09,796 - INFO - Scraping 1361/6851: https://www.refurbed.de/p/dell-latitude-e5470-6820hq/
2026-01-11 02:41:09,973 - ERROR - Error fetching https://www.refurbed.de/p/dell-latitude-e5470-6820hq/: 404 Client Error: Not Found for url: https://www.refurbed.de/p/dell-latitude-e5470-6820hq/
2026-01-11 02:41:10,974 - INFO - Scraping 1362/6851: https://www.refurbed.de/p/dell-latitude-e5470-i5-6200u/
2026-01-11 02:41:11,362 - ERROR - Error fetching https://www.refurbed.de/p/dell-latitude-e5470-i5-6200u/: 404 Client Error: Not Found for url: https://www.refurbed.de/p/dell-latitude-e5470-i5-6200u/
2026-01-11 02:41:12,364 - INFO - Scraping 1363/6851: https://www.refurbed.de/p/dell-latitude-e5470-i5-6300u-14/
2026-01-11 02:41:12,555 - ERROR - Error fetching https://www.refurbed.de/p/dell-latitude-e5470-i5-6300u-14/: 404 Client Error: Not Found for url: https://www.refurbed.de/p/dell-latitude-e5470-i5-6300u-14/
2026-01-11 02:41:13,557 - INFO - Scraping 1364/6851: https://www.refurbed.de/p/dell-latitude-e5470-i7-6600u/
2026-01-11 02:41:13,748 - ERROR - Error fetching https://www.refurbed.de/p/dell-latitude-e5470-i7-6600u/: 404 Client Error: Not Found for url: https://www.refurbed.de/p/dell-latitude-e5470-i7-6600u/
2026-01-11 02:41:14,750 - INFO - Scraping 1365/6851: https://www.refurbed.de/p/dell-latitude-e5480-i5-6300u-14/
2026-01-11 02:41:15,062 - ERROR - Error fetching https://www.refurbed.de/p/dell-latitude-e5480-i5-6300u-14/: 404 Client Error: Not Found for url: https://www.refurbed.de/p/dell-latitude-e5480-i5-6300u-14/
2026-01-11 02:41:16,065 - INFO - Scraping 1366/6851: https://www.refurbed.de/p/dell-latitude-e5480-i5-7300u-14/
2026-01-11 02:41:16,242 - ERROR - Error fetching https://www.refurbed.de/p/dell-latitude-e5480-i5-7300u-14/: 404 Client Error: Not Found for url: https://www.refurbed.de/p/dell-latitude-e5480-i5-7300u-14/
2026-01-11 02:41:17,244 - INFO - Scraping 1367/6851: https://www.refurbed.de/p/dell-latitude-e5480-i5-7440hq-14/
2026-01-11 02:41:17,442 - ERROR - Error fetching https://www.refurbed.de/p/dell-latitude-e5480-i5-7440hq-14/: 404 Client Error: Not Found for url: https://www.refurbed.de/p/dell-latitude-e5480-i5-7440hq-14/
2026-01-11 02:41:18,444 - INFO - Scraping 1368/6851: https://www.refurbed.de/p/dell-latitude-e5490-i5-7300u/
2026-01-11 02:41:18,648 - ERROR - Error fetching https://www.refurbed.de/p/dell-latitude-e5490-i5-7300u/: 404 Client Error: Not Found for url: https://www.refurbed.de/p/dell-latitude-e5490-i5-7300u/
2026-01-11 02:41:19,650 - INFO - Scraping 1369/6851: https://www.refurbed.de/p/dell-latitude-e5490-i5-8350u/
2026-01-11 02:41:21,135 - INFO - Scraping 1370/6851: https://www.refurbed.de/p/dell-latitude-e5550-i3-5010u-15/
2026-01-11 02:41:21,317 - ERROR - Error fetching https://www.refurbed.de/p/dell-latitude-e5550-i3-5010u-15/: 404 Client Error: Not Found for url: https://www.refurbed.de/p/dell-latitude-e5550-i3-5010u-15/
2026-01-11 02:41:22,319 - INFO - Scraping 1371/6851: https://www.refurbed.de/p/dell-latitude-e5550-i5-5200u-15-/
2026-01-11 02:41:22,546 - ERROR - Error fetching https://www.refurbed.de/p/dell-latitude-e5550-i5-5200u-15-/: 404 Client Error: Not Found for url: https://www.refurbed.de/p/dell-latitude-e5550-i5-5200u-15-/
2026-01-11 02:41:23,548 - INFO - Scraping 1372/6851: https://www.refurbed.de/p/dell-latitude-e5550-i5-5300u-15-/
2026-01-11 02:41:23,866 - ERROR - Error fetching https://www.refurbed.de/p/dell-latitude-e5550-i5-5300u-15-/: 404 Client Error: Not Found for url: https://www.refurbed.de/p/dell-latitude-e5550-i5-5300u-15-/
2026-01-11 02:41:24,868 - INFO - Scraping 1373/6851: https://www.refurbed.de/p/dell-latitude-e5570-6300u/
2026-01-11 02:41:25,041 - ERROR - Error fetching https://www.refurbed.de/p/dell-latitude-e5570-6300u/: 404 Client Error: Not Found for url: https://www.refurbed.de/p/dell-latitude-e5570-6300u/
2026-01-11 02:41:26,043 - INFO - Scraping 1374/6851: https://www.refurbed.de/p/dell-latitude-e5570-6640hq/
2026-01-11 02:41:26,245 - ERROR - Error fetching https://www.refurbed.de/p/dell-latitude-e5570-6640hq/: 404 Client Error: Not Found for url: https://www.refurbed.de/p/dell-latitude-e5570-6640hq/
2026-01-11 02:41:27,248 - INFO - Scraping 1375/6851: https://www.refurbed.de/p/dell-latitude-e5570-i3-6100u/
2026-01-11 02:41:27,435 - ERROR - Error fetching https://www.refurbed.de/p/dell-latitude-e5570-i3-6100u/: 404 Client Error: Not Found for url: https://www.refurbed.de/p/dell-latitude-e5570-i3-6100u/
2026-01-11 02:41:28,437 - INFO - Scraping 1376/6851: https://www.refurbed.de/p/dell-latitude-e5570-i5-6200u/
2026-01-11 02:41:28,622 - ERROR - Error fetching https://www.refurbed.de/p/dell-latitude-e5570-i5-6200u/: 404 Client Error: Not Found for url: https://www.refurbed.de/p/dell-latitude-e5570-i5-6200u/
2026-01-11 02:41:29,624 - INFO - Scraping 1377/6851: https://www.refurbed.de/p/dell-latitude-e5570-i5-6300hq/
2026-01-11 02:41:29,802 - ERROR - Error fetching https://www.refurbed.de/p/dell-latitude-e5570-i5-6300hq/: 404 Client Error: Not Found for url: https://www.refurbed.de/p/dell-latitude-e5570-i5-6300hq/
2026-01-11 02:41:30,804 - INFO - Scraping 1378/6851: https://www.refurbed.de/p/dell-latitude-e5570-i5-6300u-15-/
2026-01-11 02:41:30,978 - ERROR - Error fetching https://www.refurbed.de/p/dell-latitude-e5570-i5-6300u-15-/: 404 Client Error: Not Found for url: https://www.refurbed.de/p/dell-latitude-e5570-i5-6300u-15-/
2026-01-11 02:41:31,980 - INFO - Scraping 1379/6851: https://www.refurbed.de/p/dell-latitude-e5570-i7-6600u/
2026-01-11 02:41:32,138 - ERROR - Error fetching https://www.refurbed.de/p/dell-latitude-e5570-i7-6600u/: 404 Client Error: Not Found for url: https://www.refurbed.de/p/dell-latitude-e5570-i7-6600u/
2026-01-11 02:41:33,140 - INFO - Scraping 1380/6851: https://www.refurbed.de/p/dell-latitude-e6440-4600m/
2026-01-11 02:41:33,333 - ERROR - Error fetching https://www.refurbed.de/p/dell-latitude-e6440-4600m/: 404 Client Error: Not Found for url: https://www.refurbed.de/p/dell-latitude-e6440-4600m/
2026-01-11 02:41:34,335 - INFO - Scraping 1381/6851: https://www.refurbed.de/p/dell-latitude-e6440-i5-14/
2026-01-11 02:41:34,617 - ERROR - Error fetching https://www.refurbed.de/p/dell-latitude-e6440-i5-14/: 404 Client Error: Not Found for url: https://www.refurbed.de/p/dell-latitude-e6440-i5-14/
2026-01-11 02:41:35,619 - INFO - Scraping 1382/6851: https://www.refurbed.de/p/dell-latitude-e6440-i5-4210m-14/
2026-01-11 02:41:35,851 - ERROR - Error fetching https://www.refurbed.de/p/dell-latitude-e6440-i5-4210m-14/: 404 Client Error: Not Found for url: https://www.refurbed.de/p/dell-latitude-e6440-i5-4210m-14/
2026-01-11 02:41:36,853 - INFO - Scraping 1383/6851: https://www.refurbed.de/p/dell-latitude-e6440-i5-4310m-14/
2026-01-11 02:41:37,028 - ERROR - Error fetching https://www.refurbed.de/p/dell-latitude-e6440-i5-4310m-14/: 404 Client Error: Not Found for url: https://www.refurbed.de/p/dell-latitude-e6440-i5-4310m-14/
2026-01-11 02:41:38,030 - INFO - Scraping 1384/6851: https://www.refurbed.de/p/dell-latitude-e6440-i7-4610m-14/
2026-01-11 02:41:38,234 - ERROR - Error fetching https://www.refurbed.de/p/dell-latitude-e6440-i7-4610m-14/: 404 Client Error: Not Found for url: https://www.refurbed.de/p/dell-latitude-e6440-i7-4610m-14/
2026-01-11 02:41:39,236 - INFO - Scraping 1385/6851: https://www.refurbed.de/p/dell-latitude-e6540-i5-15-6/
2026-01-11 02:41:39,408 - ERROR - Error fetching https://www.refurbed.de/p/dell-latitude-e6540-i5-15-6/: 404 Client Error: Not Found for url: https://www.refurbed.de/p/dell-latitude-e6540-i5-15-6/
2026-01-11 02:41:40,410 - INFO - Scraping 1386/6851: https://www.refurbed.de/p/dell-latitude-e6540-i5-4200m-15-/
2026-01-11 02:41:40,595 - ERROR - Error fetching https://www.refurbed.de/p/dell-latitude-e6540-i5-4200m-15-/: 404 Client Error: Not Found for url: https://www.refurbed.de/p/dell-latitude-e6540-i5-4200m-15-/
2026-01-11 02:41:41,597 - INFO - Scraping 1387/6851: https://www.refurbed.de/p/dell-latitude-e6540-i7-4310m-15-/
2026-01-11 02:41:41,781 - ERROR - Error fetching https://www.refurbed.de/p/dell-latitude-e6540-i7-4310m-15-/: 404 Client Error: Not Found for url: https://www.refurbed.de/p/dell-latitude-e6540-i7-4310m-15-/
2026-01-11 02:41:42,783 - INFO - Scraping 1388/6851: https://www.refurbed.de/p/dell-latitude-e6540-i7-4600m-15/
2026-01-11 02:41:42,949 - ERROR - Error fetching https://www.refurbed.de/p/dell-latitude-e6540-i7-4600m-15/: 404 Client Error: Not Found for url: https://www.refurbed.de/p/dell-latitude-e6540-i7-4600m-15/
2026-01-11 02:41:43,951 - INFO - Scraping 1389/6851: https://www.refurbed.de/p/dell-latitude-e6540-i7-4610m-15-/
2026-01-11 02:41:44,180 - ERROR - Error fetching https://www.refurbed.de/p/dell-latitude-e6540-i7-4610m-15-/: 404 Client Error: Not Found for url: https://www.refurbed.de/p/dell-latitude-e6540-i7-4610m-15-/
2026-01-11 02:41:45,182 - INFO - Scraping 1390/6851: https://www.refurbed.de/p/dell-latitude-e6540-i7-4800m-15/
2026-01-11 02:41:45,361 - ERROR - Error fetching https://www.refurbed.de/p/dell-latitude-e6540-i7-4800m-15/: 404 Client Error: Not Found for url: https://www.refurbed.de/p/dell-latitude-e6540-i7-4800m-15/
2026-01-11 02:41:46,363 - INFO - Scraping 1391/6851: https://www.refurbed.de/p/dell-latitude-e6540-i7-4810mq-15/
2026-01-11 02:41:46,538 - ERROR - Error fetching https://www.refurbed.de/p/dell-latitude-e6540-i7-4810mq-15/: 404 Client Error: Not Found for url: https://www.refurbed.de/p/dell-latitude-e6540-i7-4810mq-15/
2026-01-11 02:41:47,540 - INFO - Scraping 1392/6851: https://www.refurbed.de/p/dell-latitude-e7240-i5-14/
2026-01-11 02:41:47,699 - ERROR - Error fetching https://www.refurbed.de/p/dell-latitude-e7240-i5-14/: 404 Client Error: Not Found for url: https://www.refurbed.de/p/dell-latitude-e7240-i5-14/
2026-01-11 02:41:48,701 - INFO - Scraping 1393/6851: https://www.refurbed.de/p/dell-latitude-e7240-i7-4310u/
2026-01-11 02:41:48,860 - ERROR - Error fetching https://www.refurbed.de/p/dell-latitude-e7240-i7-4310u/: 404 Client Error: Not Found for url: https://www.refurbed.de/p/dell-latitude-e7240-i7-4310u/
2026-01-11 02:41:49,862 - INFO - Scraping 1394/6851: https://www.refurbed.de/p/dell-latitude-e7240-i7-4600u-12-/
2026-01-11 02:41:50,094 - ERROR - Error fetching https://www.refurbed.de/p/dell-latitude-e7240-i7-4600u-12-/: 404 Client Error: Not Found for url: https://www.refurbed.de/p/dell-latitude-e7240-i7-4600u-12-/
2026-01-11 02:41:51,096 - INFO - Scraping 1395/6851: https://www.refurbed.de/p/dell-latitude-e7240-touch-i7-460/
2026-01-11 02:41:51,287 - ERROR - Error fetching https://www.refurbed.de/p/dell-latitude-e7240-touch-i7-460/: 404 Client Error: Not Found for url: https://www.refurbed.de/p/dell-latitude-e7240-touch-i7-460/
2026-01-11 02:41:52,289 - INFO - Scraping 1396/6851: https://www.refurbed.de/p/dell-latitude-e7250-i3-5010u/
2026-01-11 02:41:52,488 - ERROR - Error fetching https://www.refurbed.de/p/dell-latitude-e7250-i3-5010u/: 404 Client Error: Not Found for url: https://www.refurbed.de/p/dell-latitude-e7250-i3-5010u/
2026-01-11 02:41:53,490 - INFO - Scraping 1397/6851: https://www.refurbed.de/p/dell-latitude-e7250-i5-5200u-12-/
2026-01-11 02:41:53,722 - ERROR - Error fetching https://www.refurbed.de/p/dell-latitude-e7250-i5-5200u-12-/: 404 Client Error: Not Found for url: https://www.refurbed.de/p/dell-latitude-e7250-i5-5200u-12-/
2026-01-11 02:41:54,724 - INFO - Scraping 1398/6851: https://www.refurbed.de/p/dell-latitude-e7250-i5-5300u-12-/
2026-01-11 02:41:54,942 - ERROR - Error fetching https://www.refurbed.de/p/dell-latitude-e7250-i5-5300u-12-/: 404 Client Error: Not Found for url: https://www.refurbed.de/p/dell-latitude-e7250-i5-5300u-12-/
2026-01-11 02:41:55,944 - INFO - Scraping 1399/6851: https://www.refurbed.de/p/dell-latitude-e7250-i7-5300u-12-/
2026-01-11 02:41:56,128 - ERROR - Error fetching https://www.refurbed.de/p/dell-latitude-e7250-i7-5300u-12-/: 404 Client Error: Not Found for url: https://www.refurbed.de/p/dell-latitude-e7250-i7-5300u-12-/
2026-01-11 02:41:57,130 - INFO - Scraping 1400/6851: https://www.refurbed.de/p/dell-latitude-e7250-i7-5600u-12-/
2026-01-11 02:41:57,300 - ERROR - Error fetching https://www.refurbed.de/p/dell-latitude-e7250-i7-5600u-12-/: 404 Client Error: Not Found for url: https://www.refurbed.de/p/dell-latitude-e7250-i7-5600u-12-/
2026-01-11 02:41:58,302 - INFO - Scraping 1401/6851: https://www.refurbed.de/p/dell-latitude-e7250-touch-i5-530/
2026-01-11 02:41:58,496 - ERROR - Error fetching https://www.refurbed.de/p/dell-latitude-e7250-touch-i5-530/: 404 Client Error: Not Found for url: https://www.refurbed.de/p/dell-latitude-e7250-touch-i5-530/
2026-01-11 02:41:59,498 - INFO - Scraping 1402/6851: https://www.refurbed.de/p/dell-latitude-e7270-i5-6200u-12/
2026-01-11 02:41:59,660 - ERROR - Error fetching https://www.refurbed.de/p/dell-latitude-e7270-i5-6200u-12/: 404 Client Error: Not Found for url: https://www.refurbed.de/p/dell-latitude-e7270-i5-6200u-12/
2026-01-11 02:42:00,662 - INFO - Scraping 1403/6851: https://www.refurbed.de/p/dell-latitude-e7270-i5-6300u-12-/
2026-01-11 02:42:00,830 - ERROR - Error fetching https://www.refurbed.de/p/dell-latitude-e7270-i5-6300u-12-/: 404 Client Error: Not Found for url: https://www.refurbed.de/p/dell-latitude-e7270-i5-6300u-12-/
2026-01-11 02:42:01,832 - INFO - Scraping 1404/6851: https://www.refurbed.de/p/dell-latitude-e7270-i7-6600u-12-/
2026-01-11 02:42:02,398 - ERROR - Error fetching https://www.refurbed.de/p/dell-latitude-e7270-i7-6600u-12-/: 404 Client Error: Not Found for url: https://www.refurbed.de/p/dell-latitude-e7270-i7-6600u-12-/
2026-01-11 02:42:03,400 - INFO - Scraping 1405/6851: https://www.refurbed.de/p/dell-latitude-e7280-i5-6300u-12/
2026-01-11 02:42:03,578 - ERROR - Error fetching https://www.refurbed.de/p/dell-latitude-e7280-i5-6300u-12/: 404 Client Error: Not Found for url: https://www.refurbed.de/p/dell-latitude-e7280-i5-6300u-12/
2026-01-11 02:42:04,580 - INFO - Scraping 1406/6851: https://www.refurbed.de/p/dell-latitude-e7280-i7-6600u-12-/
2026-01-11 02:42:05,102 - ERROR - Error fetching https://www.refurbed.de/p/dell-latitude-e7280-i7-6600u-12-/: 404 Client Error: Not Found for url: https://www.refurbed.de/p/dell-latitude-e7280-i7-6600u-12-/
2026-01-11 02:42:06,104 - INFO - Scraping 1407/6851: https://www.refurbed.de/p/dell-latitude-e7350-2-in-1-m5y10/
2026-01-11 02:42:06,290 - ERROR - Error fetching https://www.refurbed.de/p/dell-latitude-e7350-2-in-1-m5y10/: 404 Client Error: Not Found for url: https://www.refurbed.de/p/dell-latitude-e7350-2-in-1-m5y10/
2026-01-11 02:42:07,292 - INFO - Scraping 1408/6851: https://www.refurbed.de/p/dell-latitude-e7440-i7-14/
2026-01-11 02:42:07,471 - ERROR - Error fetching https://www.refurbed.de/p/dell-latitude-e7440-i7-14/: 404 Client Error: Not Found for url: https://www.refurbed.de/p/dell-latitude-e7440-i7-14/
2026-01-11 02:42:08,474 - INFO - Scraping 1409/6851: https://www.refurbed.de/p/dell-latitude-e7440/
2026-01-11 02:42:08,676 - ERROR - Error fetching https://www.refurbed.de/p/dell-latitude-e7440/: 404 Client Error: Not Found for url: https://www.refurbed.de/p/dell-latitude-e7440/
2026-01-11 02:42:09,679 - INFO - Scraping 1410/6851: https://www.refurbed.de/p/dell-latitude-e7450-i7-5600u-14/
2026-01-11 02:42:10,476 - ERROR - Error fetching https://www.refurbed.de/p/dell-latitude-e7450-i7-5600u-14/: 404 Client Error: Not Found for url: https://www.refurbed.de/p/dell-latitude-e7450-i7-5600u-14/
2026-01-11 02:42:11,478 - INFO - Scraping 1411/6851: https://www.refurbed.de/p/dell-latitude-e7450-touch-i7-560/
2026-01-11 02:42:11,657 - ERROR - Error fetching https://www.refurbed.de/p/dell-latitude-e7450-touch-i7-560/: 404 Client Error: Not Found for url: https://www.refurbed.de/p/dell-latitude-e7450-touch-i7-560/
2026-01-11 02:42:12,660 - INFO - Scraping 1412/6851: https://www.refurbed.de/p/dell-latitude-e7450-ultrabook-52/
2026-01-11 02:42:12,831 - ERROR - Error fetching https://www.refurbed.de/p/dell-latitude-e7450-ultrabook-52/: 404 Client Error: Not Found for url: https://www.refurbed.de/p/dell-latitude-e7450-ultrabook-52/
2026-01-11 02:42:13,833 - INFO - Scraping 1413/6851: https://www.refurbed.de/p/dell-latitude-e7450-ultrabook-56/
2026-01-11 02:42:14,001 - ERROR - Error fetching https://www.refurbed.de/p/dell-latitude-e7450-ultrabook-56/: 404 Client Error: Not Found for url: https://www.refurbed.de/p/dell-latitude-e7450-ultrabook-56/
2026-01-11 02:42:15,004 - INFO - Scraping 1414/6851: https://www.refurbed.de/p/dell-latitude-e7450-ultrabook-i5/
2026-01-11 02:42:15,193 - ERROR - Error fetching https://www.refurbed.de/p/dell-latitude-e7450-ultrabook-i5/: 404 Client Error: Not Found for url: https://www.refurbed.de/p/dell-latitude-e7450-ultrabook-i5/
2026-01-11 02:42:16,195 - INFO - Scraping 1415/6851: https://www.refurbed.de/p/dell-latitude-e7470-i5-6200u/
2026-01-11 02:42:16,369 - ERROR - Error fetching https://www.refurbed.de/p/dell-latitude-e7470-i5-6200u/: 404 Client Error: Not Found for url: https://www.refurbed.de/p/dell-latitude-e7470-i5-6200u/
2026-01-11 02:42:17,371 - INFO - Scraping 1416/6851: https://www.refurbed.de/p/dell-latitude-e7470-i5-630/
2026-01-11 02:42:17,560 - ERROR - Error fetching https://www.refurbed.de/p/dell-latitude-e7470-i5-630/: 404 Client Error: Not Found for url: https://www.refurbed.de/p/dell-latitude-e7470-i5-630/
2026-01-11 02:42:18,562 - INFO - Scraping 1417/6851: https://www.refurbed.de/p/dell-latitude-e7470-i5-6300u-14/
2026-01-11 02:42:18,763 - ERROR - Error fetching https://www.refurbed.de/p/dell-latitude-e7470-i5-6300u-14/: 404 Client Error: Not Found for url: https://www.refurbed.de/p/dell-latitude-e7470-i5-6300u-14/
2026-01-11 02:42:19,765 - INFO - Scraping 1418/6851: https://www.refurbed.de/p/dell-latitude-e7470-i7-6500u/
2026-01-11 02:42:19,971 - ERROR - Error fetching https://www.refurbed.de/p/dell-latitude-e7470-i7-6500u/: 404 Client Error: Not Found for url: https://www.refurbed.de/p/dell-latitude-e7470-i7-6500u/
2026-01-11 02:42:20,973 - INFO - Scraping 1419/6851: https://www.refurbed.de/p/dell-latitude-e7470-i7-6600u-14/
2026-01-11 02:42:21,184 - ERROR - Error fetching https://www.refurbed.de/p/dell-latitude-e7470-i7-6600u-14/: 404 Client Error: Not Found for url: https://www.refurbed.de/p/dell-latitude-e7470-i7-6600u-14/
2026-01-11 02:42:22,186 - INFO - Scraping 1420/6851: https://www.refurbed.de/p/dell-latitude-e7480-7300u/
2026-01-11 02:42:22,348 - ERROR - Error fetching https://www.refurbed.de/p/dell-latitude-e7480-7300u/: 404 Client Error: Not Found for url: https://www.refurbed.de/p/dell-latitude-e7480-7300u/
2026-01-11 02:42:23,350 - INFO - Scraping 1421/6851: https://www.refurbed.de/p/dell-latitude-e7480-i5-6300u-14/
2026-01-11 02:42:23,538 - ERROR - Error fetching https://www.refurbed.de/p/dell-latitude-e7480-i5-6300u-14/: 404 Client Error: Not Found for url: https://www.refurbed.de/p/dell-latitude-e7480-i5-6300u-14/
2026-01-11 02:42:24,540 - INFO - Scraping 1422/6851: https://www.refurbed.de/p/dell-latitude-e7480-i5-7200u-14/
2026-01-11 02:42:24,809 - ERROR - Error fetching https://www.refurbed.de/p/dell-latitude-e7480-i5-7200u-14/: 404 Client Error: Not Found for url: https://www.refurbed.de/p/dell-latitude-e7480-i5-7200u-14/
2026-01-11 02:42:25,811 - INFO - Scraping 1423/6851: https://www.refurbed.de/p/dell-latitude-e7480-i7-6600u-14/
2026-01-11 02:42:25,976 - ERROR - Error fetching https://www.refurbed.de/p/dell-latitude-e7480-i7-6600u-14/: 404 Client Error: Not Found for url: https://www.refurbed.de/p/dell-latitude-e7480-i7-6600u-14/
2026-01-11 02:42:26,978 - INFO - Scraping 1424/6851: https://www.refurbed.de/p/dell-latitude-e7480-i7-7600u-14/
2026-01-11 02:42:27,153 - ERROR - Error fetching https://www.refurbed.de/p/dell-latitude-e7480-i7-7600u-14/: 404 Client Error: Not Found for url: https://www.refurbed.de/p/dell-latitude-e7480-i7-7600u-14/
2026-01-11 02:42:28,155 - INFO - Scraping 1425/6851: https://www.refurbed.de/p/dell-latitude-e7490-8250u-14/
2026-01-11 02:42:29,491 - INFO - Scraping 1426/6851: https://www.refurbed.de/p/dell-latitude-e7490-i5-7300u-14/
2026-01-11 02:42:29,806 - ERROR - Error fetching https://www.refurbed.de/p/dell-latitude-e7490-i5-7300u-14/: 404 Client Error: Not Found for url: https://www.refurbed.de/p/dell-latitude-e7490-i5-7300u-14/
2026-01-11 02:42:30,808 - INFO - Scraping 1427/6851: https://www.refurbed.de/p/dell-latitude-e7490-i7-8650u-14/
2026-01-11 02:42:32,155 - INFO - Scraping 1428/6851: https://www.refurbed.de/p/dell-latitude-i5-4200u-14/
2026-01-11 02:42:32,348 - ERROR - Error fetching https://www.refurbed.de/p/dell-latitude-i5-4200u-14/: 404 Client Error: Not Found for url: https://www.refurbed.de/p/dell-latitude-i5-4200u-14/
2026-01-11 02:42:33,350 - INFO - Scraping 1429/6851: https://www.refurbed.de/p/dell-latitude-i5-4300u-14/
2026-01-11 02:42:34,052 - ERROR - Error fetching https://www.refurbed.de/p/dell-latitude-i5-4300u-14/: 404 Client Error: Not Found for url: https://www.refurbed.de/p/dell-latitude-i5-4300u-14/
2026-01-11 02:42:35,054 - INFO - Scraping 1430/6851: https://www.refurbed.de/p/dell-latitude-rugg-12-7202-5y10c/
2026-01-11 02:42:35,348 - ERROR - Error fetching https://www.refurbed.de/p/dell-latitude-rugg-12-7202-5y10c/: 404 Client Error: Not Found for url: https://www.refurbed.de/p/dell-latitude-rugg-12-7202-5y10c/
2026-01-11 02:42:36,350 - INFO - Scraping 1431/6851: https://www.refurbed.de/p/dell-latitude-rugged-12-6300u/
2026-01-11 02:42:36,615 - ERROR - Error fetching https://www.refurbed.de/p/dell-latitude-rugged-12-6300u/: 404 Client Error: Not Found for url: https://www.refurbed.de/p/dell-latitude-rugged-12-6300u/
2026-01-11 02:42:37,618 - INFO - Scraping 1432/6851: https://www.refurbed.de/p/dell-latitude-rugged-12-7202/
2026-01-11 02:42:37,918 - ERROR - Error fetching https://www.refurbed.de/p/dell-latitude-rugged-12-7202/: 404 Client Error: Not Found for url: https://www.refurbed.de/p/dell-latitude-rugged-12-7202/
2026-01-11 02:42:38,920 - INFO - Scraping 1433/6851: https://www.refurbed.de/p/dell-latitude-rugged-5420-8350u/
2026-01-11 02:42:40,472 - INFO - Scraping 1434/6851: https://www.refurbed.de/p/dell-latitude-rugged-5420-8650u/
2026-01-11 02:42:41,831 - INFO - Scraping 1435/6851: https://www.refurbed.de/p/dell-ltd-rugged-14-4310u/
2026-01-11 02:42:42,267 - ERROR - Error fetching https://www.refurbed.de/p/dell-ltd-rugged-14-4310u/: 404 Client Error: Not Found for url: https://www.refurbed.de/p/dell-ltd-rugged-14-4310u/
2026-01-11 02:42:43,269 - INFO - Scraping 1436/6851: https://www.refurbed.de/p/dell-mfs18-all-in-one-stand/
2026-01-11 02:42:44,646 - INFO - Scraping 1437/6851: https://www.refurbed.de/p/dell-mk15-mounting-kit/
2026-01-11 02:42:45,962 - INFO - Scraping 1438/6851: https://www.refurbed.de/p/dell-ms111/
2026-01-11 02:42:47,264 - INFO - Scraping 1439/6851: https://www.refurbed.de/p/dell-ms116/
2026-01-11 02:42:48,733 - INFO - Scraping 1440/6851: https://www.refurbed.de/p/dell-msa20-single-monitor-arm/
2026-01-11 02:42:50,229 - INFO - Scraping 1441/6851: https://www.refurbed.de/p/dell-op-3060-micro-p2417h-aio/
2026-01-11 02:42:51,712 - INFO - Scraping 1442/6851: https://www.refurbed.de/p/dell-op-3060-micro-u2417h-aio/
2026-01-11 02:42:51,908 - ERROR - Error fetching https://www.refurbed.de/p/dell-op-3060-micro-u2417h-aio/: 404 Client Error: Not Found for url: https://www.refurbed.de/p/dell-op-3060-micro-u2417h-aio/
2026-01-11 02:42:52,910 - INFO - Scraping 1443/6851: https://www.refurbed.de/p/dell-op-5040-mt-6th/
2026-01-11 02:42:53,108 - ERROR - Error fetching https://www.refurbed.de/p/dell-op-5040-mt-6th/: 404 Client Error: Not Found for url: https://www.refurbed.de/p/dell-op-5040-mt-6th/
2026-01-11 02:42:54,110 - INFO - Scraping 1444/6851: https://www.refurbed.de/p/dell-op-5040-sff-6th/
2026-01-11 02:42:54,295 - ERROR - Error fetching https://www.refurbed.de/p/dell-op-5040-sff-6th/: 404 Client Error: Not Found for url: https://www.refurbed.de/p/dell-op-5040-sff-6th/
2026-01-11 02:42:55,297 - INFO - Scraping 1445/6851: https://www.refurbed.de/p/dell-optiplex-3000-micro-mff/
2026-01-11 02:42:56,798 - INFO - Scraping 1446/6851: https://www.refurbed.de/p/dell-optiplex-3000-mt/
2026-01-11 02:42:58,192 - INFO - Scraping 1447/6851: https://www.refurbed.de/p/dell-optiplex-3000-sff/
2026-01-11 02:42:59,823 - INFO - Scraping 1448/6851: https://www.refurbed.de/p/dell-optiplex-3000-thin-client/
2026-01-11 02:43:01,265 - INFO - Scraping 1449/6851: https://www.refurbed.de/p/dell-optiplex-3020-business-pc/
2026-01-11 02:43:01,446 - ERROR - Error fetching https://www.refurbed.de/p/dell-optiplex-3020-business-pc/: 404 Client Error: Not Found for url: https://www.refurbed.de/p/dell-optiplex-3020-business-pc/
2026-01-11 02:43:02,448 - INFO - Scraping 1450/6851: https://www.refurbed.de/p/dell-optiplex-3020-micro/
2026-01-11 02:43:02,668 - ERROR - Error fetching https://www.refurbed.de/p/dell-optiplex-3020-micro/: 404 Client Error: Not Found for url: https://www.refurbed.de/p/dell-optiplex-3020-micro/
2026-01-11 02:43:03,671 - INFO - Scraping 1451/6851: https://www.refurbed.de/p/dell-optiplex-3020-mt/
2026-01-11 02:43:03,851 - ERROR - Error fetching https://www.refurbed.de/p/dell-optiplex-3020-mt/: 404 Client Error: Not Found for url: https://www.refurbed.de/p/dell-optiplex-3020-mt/
2026-01-11 02:43:04,853 - INFO - Scraping 1452/6851: https://www.refurbed.de/p/dell-optiplex-3020m-micro/
2026-01-11 02:43:05,014 - ERROR - Error fetching https://www.refurbed.de/p/dell-optiplex-3020m-micro/: 404 Client Error: Not Found for url: https://www.refurbed.de/p/dell-optiplex-3020m-micro/
2026-01-11 02:43:06,016 - INFO - Scraping 1453/6851: https://www.refurbed.de/p/dell-optiplex-3030-aio-4-gen-20/
2026-01-11 02:43:06,190 - ERROR - Error fetching https://www.refurbed.de/p/dell-optiplex-3030-aio-4-gen-20/: 404 Client Error: Not Found for url: https://www.refurbed.de/p/dell-optiplex-3030-aio-4-gen-20/
2026-01-11 02:43:07,192 - INFO - Scraping 1454/6851: https://www.refurbed.de/p/dell-optiplex-3040-mt/
2026-01-11 02:43:07,387 - ERROR - Error fetching https://www.refurbed.de/p/dell-optiplex-3040-mt/: 404 Client Error: Not Found for url: https://www.refurbed.de/p/dell-optiplex-3040-mt/
2026-01-11 02:43:08,389 - INFO - Scraping 1455/6851: https://www.refurbed.de/p/dell-optiplex-3040-sff/
2026-01-11 02:43:08,551 - ERROR - Error fetching https://www.refurbed.de/p/dell-optiplex-3040-sff/: 404 Client Error: Not Found for url: https://www.refurbed.de/p/dell-optiplex-3040-sff/
2026-01-11 02:43:09,553 - INFO - Scraping 1456/6851: https://www.refurbed.de/p/dell-optiplex-3040micro-i6th/
2026-01-11 02:43:09,749 - ERROR - Error fetching https://www.refurbed.de/p/dell-optiplex-3040micro-i6th/: 404 Client Error: Not Found for url: https://www.refurbed.de/p/dell-optiplex-3040micro-i6th/
2026-01-11 02:43:10,751 - INFO - Scraping 1457/6851: https://www.refurbed.de/p/dell-optiplex-3050-aio/
2026-01-11 02:43:10,930 - ERROR - Error fetching https://www.refurbed.de/p/dell-optiplex-3050-aio/: 404 Client Error: Not Found for url: https://www.refurbed.de/p/dell-optiplex-3050-aio/
2026-01-11 02:43:11,932 - INFO - Scraping 1458/6851: https://www.refurbed.de/p/dell-optiplex-3050-mt/
2026-01-11 02:43:12,126 - ERROR - Error fetching https://www.refurbed.de/p/dell-optiplex-3050-mt/: 404 Client Error: Not Found for url: https://www.refurbed.de/p/dell-optiplex-3050-mt/
2026-01-11 02:43:13,128 - INFO - Scraping 1459/6851: https://www.refurbed.de/p/dell-optiplex-3050-sff/
2026-01-11 02:43:13,290 - ERROR - Error fetching https://www.refurbed.de/p/dell-optiplex-3050-sff/: 404 Client Error: Not Found for url: https://www.refurbed.de/p/dell-optiplex-3050-sff/
2026-01-11 02:43:14,292 - INFO - Scraping 1460/6851: https://www.refurbed.de/p/dell-optiplex-3050micro-i6th/
2026-01-11 02:43:14,524 - ERROR - Error fetching https://www.refurbed.de/p/dell-optiplex-3050micro-i6th/: 404 Client Error: Not Found for url: https://www.refurbed.de/p/dell-optiplex-3050micro-i6th/
2026-01-11 02:43:15,526 - INFO - Scraping 1461/6851: https://www.refurbed.de/p/dell-optiplex-3050micro-i7th/
2026-01-11 02:43:15,702 - ERROR - Error fetching https://www.refurbed.de/p/dell-optiplex-3050micro-i7th/: 404 Client Error: Not Found for url: https://www.refurbed.de/p/dell-optiplex-3050micro-i7th/
2026-01-11 02:43:16,704 - INFO - Scraping 1462/6851: https://www.refurbed.de/p/dell-optiplex-3060-mt/
2026-01-11 02:43:18,099 - INFO - Scraping 1463/6851: https://www.refurbed.de/p/dell-optiplex-3060-sff/
2026-01-11 02:43:19,558 - INFO - Scraping 1464/6851: https://www.refurbed.de/p/dell-optiplex-3060micro-i8th/
2026-01-11 02:43:21,114 - INFO - Scraping 1465/6851: https://www.refurbed.de/p/dell-optiplex-3070-mff/
2026-01-11 02:43:22,460 - INFO - Scraping 1466/6851: https://www.refurbed.de/p/dell-optiplex-3070-micro/
2026-01-11 02:43:23,938 - INFO - Scraping 1467/6851: https://www.refurbed.de/p/dell-optiplex-3070-mt/
2026-01-11 02:43:25,358 - INFO - Scraping 1468/6851: https://www.refurbed.de/p/dell-optiplex-3070-sff/
2026-01-11 02:43:27,175 - INFO - Scraping 1469/6851: https://www.refurbed.de/p/dell-optiplex-3080-micro/
2026-01-11 02:43:28,885 - INFO - Scraping 1470/6851: https://www.refurbed.de/p/dell-optiplex-3080-sff/
2026-01-11 02:43:30,474 - INFO - Scraping 1471/6851: https://www.refurbed.de/p/dell-optiplex-3090-micro/
2026-01-11 02:43:31,948 - INFO - Scraping 1472/6851: https://www.refurbed.de/p/dell-optiplex-3090-sff/
2026-01-11 02:43:33,567 - INFO - Scraping 1473/6851: https://www.refurbed.de/p/dell-optiplex-3240-aio-21-5/
2026-01-11 02:43:33,722 - ERROR - Error fetching https://www.refurbed.de/p/dell-optiplex-3240-aio-21-5/: 404 Client Error: Not Found for url: https://www.refurbed.de/p/dell-optiplex-3240-aio-21-5/
2026-01-11 02:43:34,724 - INFO - Scraping 1474/6851: https://www.refurbed.de/p/dell-optiplex-3280-aio-21-5/
2026-01-11 02:43:36,346 - INFO - Scraping 1475/6851: https://www.refurbed.de/p/dell-optiplex-390-dt/
2026-01-11 02:43:36,659 - ERROR - Error fetching https://www.refurbed.de/p/dell-optiplex-390-dt/: 404 Client Error: Not Found for url: https://www.refurbed.de/p/dell-optiplex-390-dt/
2026-01-11 02:43:37,662 - INFO - Scraping 1476/6851: https://www.refurbed.de/p/dell-optiplex-390-mt/
2026-01-11 02:43:37,861 - ERROR - Error fetching https://www.refurbed.de/p/dell-optiplex-390-mt/: 404 Client Error: Not Found for url: https://www.refurbed.de/p/dell-optiplex-390-mt/
2026-01-11 02:43:38,863 - INFO - Scraping 1477/6851: https://www.refurbed.de/p/dell-optiplex-390-sff/
2026-01-11 02:43:39,101 - ERROR - Error fetching https://www.refurbed.de/p/dell-optiplex-390-sff/: 404 Client Error: Not Found for url: https://www.refurbed.de/p/dell-optiplex-390-sff/
2026-01-11 02:43:40,103 - INFO - Scraping 1478/6851: https://www.refurbed.de/p/dell-optiplex-5000-mff/
2026-01-11 02:43:41,532 - INFO - Scraping 1479/6851: https://www.refurbed.de/p/dell-optiplex-5050-micro/
2026-01-11 02:43:41,964 - ERROR - Error fetching https://www.refurbed.de/p/dell-optiplex-5050-micro/: 404 Client Error: Not Found for url: https://www.refurbed.de/p/dell-optiplex-5050-micro/
2026-01-11 02:43:42,967 - INFO - Scraping 1480/6851: https://www.refurbed.de/p/dell-optiplex-5050-mt/
2026-01-11 02:43:43,148 - ERROR - Error fetching https://www.refurbed.de/p/dell-optiplex-5050-mt/: 404 Client Error: Not Found for url: https://www.refurbed.de/p/dell-optiplex-5050-mt/
2026-01-11 02:43:44,150 - INFO - Scraping 1481/6851: https://www.refurbed.de/p/dell-optiplex-5050-sff/
2026-01-11 02:43:44,318 - ERROR - Error fetching https://www.refurbed.de/p/dell-optiplex-5050-sff/: 404 Client Error: Not Found for url: https://www.refurbed.de/p/dell-optiplex-5050-sff/
2026-01-11 02:43:45,320 - INFO - Scraping 1482/6851: https://www.refurbed.de/p/dell-optiplex-5060-micro/
2026-01-11 02:43:46,946 - INFO - Scraping 1483/6851: https://www.refurbed.de/p/dell-optiplex-5070-micro/
2026-01-11 02:43:48,597 - INFO - Scraping 1484/6851: https://www.refurbed.de/p/dell-optiplex-5070-mt/
2026-01-11 02:43:50,162 - INFO - Scraping 1485/6851: https://www.refurbed.de/p/dell-optiplex-5070/
2026-01-11 02:43:51,649 - INFO - Scraping 1486/6851: https://www.refurbed.de/p/dell-optiplex-5080-micro/
2026-01-11 02:43:53,257 - INFO - Scraping 1487/6851: https://www.refurbed.de/p/dell-optiplex-5080-sff/
2026-01-11 02:43:54,882 - INFO - Scraping 1488/6851: https://www.refurbed.de/p/dell-optiplex-5090-micro/
2026-01-11 02:43:56,696 - INFO - Scraping 1489/6851: https://www.refurbed.de/p/dell-optiplex-5090-sff/
2026-01-11 02:43:58,434 - INFO - Scraping 1490/6851: https://www.refurbed.de/p/dell-optiplex-5250-aio-22/
2026-01-11 02:43:58,615 - ERROR - Error fetching https://www.refurbed.de/p/dell-optiplex-5250-aio-22/: 404 Client Error: Not Found for url: https://www.refurbed.de/p/dell-optiplex-5250-aio-22/
2026-01-11 02:43:59,617 - INFO - Scraping 1491/6851: https://www.refurbed.de/p/dell-optiplex-5270-aio/
2026-01-11 02:44:01,091 - INFO - Scraping 1492/6851: https://www.refurbed.de/p/dell-optiplex-5490-aio-pc/
2026-01-11 02:44:02,811 - INFO - Scraping 1493/6851: https://www.refurbed.de/p/dell-optiplex-7000-mff/
2026-01-11 02:44:04,349 - INFO - Scraping 1494/6851: https://www.refurbed.de/p/dell-optiplex-7000-tower/
2026-01-11 02:44:04,529 - ERROR - Error fetching https://www.refurbed.de/p/dell-optiplex-7000-tower/: 404 Client Error: Not Found for url: https://www.refurbed.de/p/dell-optiplex-7000-tower/
2026-01-11 02:44:05,531 - INFO - Scraping 1495/6851: https://www.refurbed.de/p/dell-optiplex-7010-plus-micro/
2026-01-11 02:44:06,908 - INFO - Scraping 1496/6851: https://www.refurbed.de/p/dell-optiplex-7020-mt/
2026-01-11 02:44:07,063 - ERROR - Error fetching https://www.refurbed.de/p/dell-optiplex-7020-mt/: 404 Client Error: Not Found for url: https://www.refurbed.de/p/dell-optiplex-7020-mt/
2026-01-11 02:44:08,066 - INFO - Scraping 1497/6851: https://www.refurbed.de/p/dell-optiplex-7020-sff/
2026-01-11 02:44:08,235 - ERROR - Error fetching https://www.refurbed.de/p/dell-optiplex-7020-sff/: 404 Client Error: Not Found for url: https://www.refurbed.de/p/dell-optiplex-7020-sff/
2026-01-11 02:44:09,237 - INFO - Scraping 1498/6851: https://www.refurbed.de/p/dell-optiplex-7040-mt/
2026-01-11 02:44:09,408 - ERROR - Error fetching https://www.refurbed.de/p/dell-optiplex-7040-mt/: 404 Client Error: Not Found for url: https://www.refurbed.de/p/dell-optiplex-7040-mt/
2026-01-11 02:44:10,410 - INFO - Scraping 1499/6851: https://www.refurbed.de/p/dell-optiplex-7040-sff/
2026-01-11 02:44:10,594 - ERROR - Error fetching https://www.refurbed.de/p/dell-optiplex-7040-sff/: 404 Client Error: Not Found for url: https://www.refurbed.de/p/dell-optiplex-7040-sff/
2026-01-11 02:44:11,596 - INFO - Scraping 1500/6851: https://www.refurbed.de/p/dell-optiplex-7050-micro/
2026-01-11 02:44:12,968 - INFO - Scraping 1501/6851: https://www.refurbed.de/p/dell-optiplex-7050-mt/
2026-01-11 02:44:13,162 - ERROR - Error fetching https://www.refurbed.de/p/dell-optiplex-7050-mt/: 404 Client Error: Not Found for url: https://www.refurbed.de/p/dell-optiplex-7050-mt/
2026-01-11 02:44:14,164 - INFO - Scraping 1502/6851: https://www.refurbed.de/p/dell-optiplex-7050-sff/
2026-01-11 02:44:14,487 - ERROR - Error fetching https://www.refurbed.de/p/dell-optiplex-7050-sff/: 404 Client Error: Not Found for url: https://www.refurbed.de/p/dell-optiplex-7050-sff/
2026-01-11 02:44:15,489 - INFO - Scraping 1503/6851: https://www.refurbed.de/p/dell-optiplex-7060-micro/
2026-01-11 02:44:16,992 - INFO - Scraping 1504/6851: https://www.refurbed.de/p/dell-optiplex-7060-mt/
2026-01-11 02:44:18,360 - INFO - Scraping 1505/6851: https://www.refurbed.de/p/dell-optiplex-7060-sff/
2026-01-11 02:44:19,661 - INFO - Scraping 1506/6851: https://www.refurbed.de/p/dell-optiplex-7070-muff-8th/
2026-01-11 02:44:21,225 - INFO - Scraping 1507/6851: https://www.refurbed.de/p/dell-optiplex-7070-muff-9th/
2026-01-11 02:44:22,785 - INFO - Scraping 1508/6851: https://www.refurbed.de/p/dell-optiplex-7070-sff/
2026-01-11 02:44:24,411 - INFO - Scraping 1509/6851: https://www.refurbed.de/p/dell-optiplex-7070-tower/
2026-01-11 02:44:25,900 - INFO - Scraping 1510/6851: https://www.refurbed.de/p/dell-optiplex-7070-ultra-uff/
2026-01-11 02:44:27,205 - INFO - Scraping 1511/6851: https://www.refurbed.de/p/dell-optiplex-7080-micro/
2026-01-11 02:44:28,756 - INFO - Scraping 1512/6851: https://www.refurbed.de/p/dell-optiplex-7080-mt/
2026-01-11 02:44:29,077 - ERROR - Error fetching https://www.refurbed.de/p/dell-optiplex-7080-mt/: 404 Client Error: Not Found for url: https://www.refurbed.de/p/dell-optiplex-7080-mt/
2026-01-11 02:44:30,080 - INFO - Scraping 1513/6851: https://www.refurbed.de/p/dell-optiplex-7080-sff/
2026-01-11 02:44:31,553 - INFO - Scraping 1514/6851: https://www.refurbed.de/p/dell-optiplex-7090-micro/
2026-01-11 02:44:33,108 - INFO - Scraping 1515/6851: https://www.refurbed.de/p/dell-optiplex-7090-sff/
2026-01-11 02:44:34,475 - INFO - Scraping 1516/6851: https://www.refurbed.de/p/dell-optiplex-7400-all-in-one/
2026-01-11 02:44:36,065 - INFO - Scraping 1517/6851: https://www.refurbed.de/p/dell-optiplex-7440-aio-pc-i5-650/
2026-01-11 02:44:36,248 - ERROR - Error fetching https://www.refurbed.de/p/dell-optiplex-7440-aio-pc-i5-650/: 404 Client Error: Not Found for url: https://www.refurbed.de/p/dell-optiplex-7440-aio-pc-i5-650/
2026-01-11 02:44:37,250 - INFO - Scraping 1518/6851: https://www.refurbed.de/p/dell-optiplex-7450-aio/
2026-01-11 02:44:37,544 - ERROR - Error fetching https://www.refurbed.de/p/dell-optiplex-7450-aio/: 404 Client Error: Not Found for url: https://www.refurbed.de/p/dell-optiplex-7450-aio/
2026-01-11 02:44:38,546 - INFO - Scraping 1519/6851: https://www.refurbed.de/p/dell-optiplex-7460-aio/
2026-01-11 02:44:39,879 - INFO - Scraping 1520/6851: https://www.refurbed.de/p/dell-optiplex-7470-aio-23-8/
2026-01-11 02:44:41,199 - INFO - Scraping 1521/6851: https://www.refurbed.de/p/dell-optiplex-7480-aio-23-8/
2026-01-11 02:44:42,505 - INFO - Scraping 1522/6851: https://www.refurbed.de/p/dell-optiplex-7760-all-in-one/
2026-01-11 02:44:44,222 - INFO - Scraping 1523/6851: https://www.refurbed.de/p/dell-optiplex-9020-aio/
2026-01-11 02:44:44,434 - ERROR - Error fetching https://www.refurbed.de/p/dell-optiplex-9020-aio/: 404 Client Error: Not Found for url: https://www.refurbed.de/p/dell-optiplex-9020-aio/
2026-01-11 02:44:45,436 - INFO - Scraping 1524/6851: https://www.refurbed.de/p/dell-optiplex-9020-micro/
2026-01-11 02:44:45,734 - ERROR - Error fetching https://www.refurbed.de/p/dell-optiplex-9020-micro/: 404 Client Error: Not Found for url: https://www.refurbed.de/p/dell-optiplex-9020-micro/
2026-01-11 02:44:46,736 - INFO - Scraping 1525/6851: https://www.refurbed.de/p/dell-optiplex-9020-mt-intel-core/
2026-01-11 02:44:46,921 - ERROR - Error fetching https://www.refurbed.de/p/dell-optiplex-9020-mt-intel-core/: 404 Client Error: Not Found for url: https://www.refurbed.de/p/dell-optiplex-9020-mt-intel-core/
2026-01-11 02:44:47,923 - INFO - Scraping 1526/6851: https://www.refurbed.de/p/dell-optiplex-9020-sff/
2026-01-11 02:44:48,142 - ERROR - Error fetching https://www.refurbed.de/p/dell-optiplex-9020-sff/: 404 Client Error: Not Found for url: https://www.refurbed.de/p/dell-optiplex-9020-sff/
2026-01-11 02:44:49,144 - INFO - Scraping 1527/6851: https://www.refurbed.de/p/dell-optiplex-9020-usff-intel-co/
2026-01-11 02:44:49,366 - ERROR - Error fetching https://www.refurbed.de/p/dell-optiplex-9020-usff-intel-co/: 404 Client Error: Not Found for url: https://www.refurbed.de/p/dell-optiplex-9020-usff-intel-co/
2026-01-11 02:44:50,369 - INFO - Scraping 1528/6851: https://www.refurbed.de/p/dell-optiplex-9020m-usff-i5/
2026-01-11 02:44:50,538 - ERROR - Error fetching https://www.refurbed.de/p/dell-optiplex-9020m-usff-i5/: 404 Client Error: Not Found for url: https://www.refurbed.de/p/dell-optiplex-9020m-usff-i5/
2026-01-11 02:44:51,540 - INFO - Scraping 1529/6851: https://www.refurbed.de/p/dell-optiplex-9030-aio-23/
2026-01-11 02:44:51,742 - ERROR - Error fetching https://www.refurbed.de/p/dell-optiplex-9030-aio-23/: 404 Client Error: Not Found for url: https://www.refurbed.de/p/dell-optiplex-9030-aio-23/
2026-01-11 02:44:52,744 - INFO - Scraping 1530/6851: https://www.refurbed.de/p/dell-optiplex-xe2-mt/
2026-01-11 02:44:52,915 - ERROR - Error fetching https://www.refurbed.de/p/dell-optiplex-xe2-mt/: 404 Client Error: Not Found for url: https://www.refurbed.de/p/dell-optiplex-xe2-mt/
2026-01-11 02:44:53,918 - INFO - Scraping 1531/6851: https://www.refurbed.de/p/dell-optiplex-xe2-sff/
2026-01-11 02:44:54,349 - ERROR - Error fetching https://www.refurbed.de/p/dell-optiplex-xe2-sff/: 404 Client Error: Not Found for url: https://www.refurbed.de/p/dell-optiplex-xe2-sff/
2026-01-11 02:44:55,351 - INFO - Scraping 1532/6851: https://www.refurbed.de/p/dell-optiplex-xe3/
2026-01-11 02:44:56,760 - INFO - Scraping 1533/6851: https://www.refurbed.de/p/dell-optipley-7040-micro-usff/
2026-01-11 02:44:56,980 - ERROR - Error fetching https://www.refurbed.de/p/dell-optipley-7040-micro-usff/: 404 Client Error: Not Found for url: https://www.refurbed.de/p/dell-optipley-7040-micro-usff/
2026-01-11 02:44:57,982 - INFO - Scraping 1534/6851: https://www.refurbed.de/p/dell-optiplez-5060-mt/
2026-01-11 02:44:59,818 - INFO - Scraping 1535/6851: https://www.refurbed.de/p/dell-optiplez-5060-sff/
2026-01-11 02:45:01,133 - INFO - Scraping 1536/6851: https://www.refurbed.de/p/dell-p1424h/
2026-01-11 02:45:02,467 - INFO - Scraping 1537/6851: https://www.refurbed.de/p/dell-p1911b-19/
2026-01-11 02:45:03,803 - INFO - Scraping 1538/6851: https://www.refurbed.de/p/dell-p1913-19/
2026-01-11 02:45:05,549 - INFO - Scraping 1539/6851: https://www.refurbed.de/p/dell-p1914s-19/
2026-01-11 02:45:06,889 - INFO - Scraping 1540/6851: https://www.refurbed.de/p/dell-p1917s-19/
2026-01-11 02:45:08,202 - INFO - Scraping 1541/6851: https://www.refurbed.de/p/dell-p2011h-20/
2026-01-11 02:45:09,528 - INFO - Scraping 1542/6851: https://www.refurbed.de/p/dell-p2012h-20/
2026-01-11 02:45:10,974 - INFO - Scraping 1543/6851: https://www.refurbed.de/p/dell-p2014h/
2026-01-11 02:45:12,456 - INFO - Scraping 1544/6851: https://www.refurbed.de/p/dell-p2016-19-5/
2026-01-11 02:45:13,809 - INFO - Scraping 1545/6851: https://www.refurbed.de/p/dell-p2210t-22/
2026-01-11 02:45:15,454 - INFO - Scraping 1546/6851: https://www.refurbed.de/p/dell-p2212h-21-5/
2026-01-11 02:45:17,013 - INFO - Scraping 1547/6851: https://www.refurbed.de/p/dell-p2213-22/
2026-01-11 02:45:18,693 - INFO - Scraping 1548/6851: https://www.refurbed.de/p/dell-p2214h-monitor/
2026-01-11 02:45:20,475 - INFO - Scraping 1549/6851: https://www.refurbed.de/p/dell-p2217-22/
2026-01-11 02:45:22,036 - INFO - Scraping 1550/6851: https://www.refurbed.de/p/dell-p2217c-22/
2026-01-11 02:45:23,405 - INFO - Scraping 1551/6851: https://www.refurbed.de/p/dell-p2217h-21/
2026-01-11 02:45:24,749 - INFO - Scraping 1552/6851: https://www.refurbed.de/p/dell-p2217hc-monitor/
2026-01-11 02:45:26,127 - INFO - Scraping 1553/6851: https://www.refurbed.de/p/dell-p2217wh-22/
2026-01-11 02:45:27,527 - INFO - Scraping 1554/6851: https://www.refurbed.de/p/dell-p2219h-21/
2026-01-11 02:45:29,050 - INFO - Scraping 1555/6851: https://www.refurbed.de/p/dell-p2222h-21-5/
2026-01-11 02:45:30,499 - INFO - Scraping 1556/6851: https://www.refurbed.de/p/dell-p2223hc-21-5/
2026-01-11 02:45:31,830 - INFO - Scraping 1557/6851: https://www.refurbed.de/p/dell-p2311hb-23/
2026-01-11 02:45:33,396 - INFO - Scraping 1558/6851: https://www.refurbed.de/p/dell-p2312h/
2026-01-11 02:45:35,014 - INFO - Scraping 1559/6851: https://www.refurbed.de/p/dell-p2314h/
2026-01-11 02:45:36,435 - INFO - Scraping 1560/6851: https://www.refurbed.de/p/dell-p2314ht-23/
2026-01-11 02:45:37,996 - INFO - Scraping 1561/6851: https://www.refurbed.de/p/dell-p2317h-23/
2026-01-11 02:45:39,448 - INFO - Scraping 1562/6851: https://www.refurbed.de/p/dell-p2319h-23/
2026-01-11 02:45:40,923 - INFO - Scraping 1563/6851: https://www.refurbed.de/p/dell-p24118d-24/
2026-01-11 02:45:42,333 - INFO - Scraping 1564/6851: https://www.refurbed.de/p/dell-p2411h-24/
2026-01-11 02:45:43,650 - INFO - Scraping 1565/6851: https://www.refurbed.de/p/dell-p2412h-24/
2026-01-11 02:45:45,160 - INFO - Scraping 1566/6851: https://www.refurbed.de/p/dell-p2412hb-24/
2026-01-11 02:45:46,510 - INFO - Scraping 1567/6851: https://www.refurbed.de/p/dell-p2414h-24/
2026-01-11 02:45:48,056 - INFO - Scraping 1568/6851: https://www.refurbed.de/p/dell-p2414hb/
2026-01-11 02:45:49,406 - INFO - Scraping 1569/6851: https://www.refurbed.de/p/dell-p2415q/
2026-01-11 02:45:50,792 - INFO - Scraping 1570/6851: https://www.refurbed.de/p/dell-p2416d/
2026-01-11 02:45:52,136 - INFO - Scraping 1571/6851: https://www.refurbed.de/p/dell-p2417h/
2026-01-11 02:45:53,657 - INFO - Scraping 1572/6851: https://www.refurbed.de/p/dell-p2417hc-monitor/
2026-01-11 02:45:55,023 - INFO - Scraping 1573/6851: https://www.refurbed.de/p/dell-p2418hzm-23-8/
2026-01-11 02:45:56,574 - INFO - Scraping 1574/6851: https://www.refurbed.de/p/dell-p2419h-23-8/
2026-01-11 02:45:58,424 - INFO - Scraping 1575/6851: https://www.refurbed.de/p/dell-p2419hc-23/
2026-01-11 02:45:59,853 - INFO - Scraping 1576/6851: https://www.refurbed.de/p/dell-p2421-24-1/
2026-01-11 02:46:01,370 - INFO - Scraping 1577/6851: https://www.refurbed.de/p/dell-p2421d-23-8/
2026-01-11 02:46:02,763 - INFO - Scraping 1578/6851: https://www.refurbed.de/p/dell-p2421dc-23-8/
2026-01-11 02:46:04,336 - INFO - Scraping 1579/6851: https://www.refurbed.de/p/dell-p2422h-23-8/
2026-01-11 02:46:05,789 - INFO - Scraping 1580/6851: https://www.refurbed.de/p/dell-p2422he-23-8/
2026-01-11 02:46:07,242 - INFO - Scraping 1581/6851: https://www.refurbed.de/p/dell-p2423-24/
2026-01-11 02:46:08,703 - INFO - Scraping 1582/6851: https://www.refurbed.de/p/dell-p2423d-23-8/
2026-01-11 02:46:10,099 - INFO - Scraping 1583/6851: https://www.refurbed.de/p/dell-p2423de-23-8/
2026-01-11 02:46:11,449 - INFO - Scraping 1584/6851: https://www.refurbed.de/p/dell-p2424heb-23-8/
2026-01-11 02:46:12,883 - INFO - Scraping 1585/6851: https://www.refurbed.de/p/dell-p2424ht/
2026-01-11 02:46:14,200 - INFO - Scraping 1586/6851: https://www.refurbed.de/p/dell-p2425/
2026-01-11 02:46:15,688 - INFO - Scraping 1587/6851: https://www.refurbed.de/p/dell-p2425e/
2026-01-11 02:46:17,069 - INFO - Scraping 1588/6851: https://www.refurbed.de/p/dell-p2425h/
2026-01-11 02:46:18,512 - INFO - Scraping 1589/6851: https://www.refurbed.de/p/dell-p2425he/
2026-01-11 02:46:19,953 - INFO - Scraping 1590/6851: https://www.refurbed.de/p/dell-p2715q-27/
2026-01-11 02:46:21,346 - INFO - Scraping 1591/6851: https://www.refurbed.de/p/dell-p2717h-27/
2026-01-11 02:46:22,716 - INFO - Scraping 1592/6851: https://www.refurbed.de/p/dell-p2719h-27/
2026-01-11 02:46:24,073 - INFO - Scraping 1593/6851: https://www.refurbed.de/p/dell-p2719hc-27/
2026-01-11 02:46:25,600 - INFO - Scraping 1594/6851: https://www.refurbed.de/p/dell-p2720d-27/
2026-01-11 02:46:26,907 - INFO - Scraping 1595/6851: https://www.refurbed.de/p/dell-p2720dc-27/
2026-01-11 02:46:28,322 - INFO - Scraping 1596/6851: https://www.refurbed.de/p/dell-p2721q-27/
2026-01-11 02:46:29,710 - INFO - Scraping 1597/6851: https://www.refurbed.de/p/dell-p2722h-27/
2026-01-11 02:46:31,106 - INFO - Scraping 1598/6851: https://www.refurbed.de/p/dell-p2722he-27/
2026-01-11 02:46:32,445 - INFO - Scraping 1599/6851: https://www.refurbed.de/p/dell-p2723d-27/
2026-01-11 02:46:33,737 - INFO - Scraping 1600/6851: https://www.refurbed.de/p/dell-p2723de-27/
2026-01-11 02:46:35,501 - INFO - Scraping 1601/6851: https://www.refurbed.de/p/dell-p2723qe/
2026-01-11 02:46:36,842 - INFO - Scraping 1602/6851: https://www.refurbed.de/p/dell-p2724deb/
2026-01-11 02:46:38,609 - INFO - Scraping 1603/6851: https://www.refurbed.de/p/dell-p2725h/
2026-01-11 02:46:39,915 - INFO - Scraping 1604/6851: https://www.refurbed.de/p/dell-p2725he/
2026-01-11 02:46:41,332 - INFO - Scraping 1605/6851: https://www.refurbed.de/p/dell-p3221d-31-5/
2026-01-11 02:46:42,693 - INFO - Scraping 1606/6851: https://www.refurbed.de/p/dell-p3222qe/
2026-01-11 02:46:44,201 - INFO - Scraping 1607/6851: https://www.refurbed.de/p/dell-p3223de-31-5/
2026-01-11 02:46:45,588 - INFO - Scraping 1608/6851: https://www.refurbed.de/p/dell-p3223qe-31-5/
2026-01-11 02:46:46,891 - INFO - Scraping 1609/6851: https://www.refurbed.de/p/dell-p3418hw-34/
2026-01-11 02:46:48,324 - INFO - Scraping 1610/6851: https://www.refurbed.de/p/dell-p3421w-37/
2026-01-11 02:46:49,765 - INFO - Scraping 1611/6851: https://www.refurbed.de/p/dell-p3424web/
2026-01-11 02:46:51,278 - INFO - Scraping 1612/6851: https://www.refurbed.de/p/dell-p4317q-42-5/
2026-01-11 02:46:52,610 - INFO - Scraping 1613/6851: https://www.refurbed.de/p/dell-p5524q/
2026-01-11 02:46:54,372 - INFO - Scraping 1614/6851: https://www.refurbed.de/p/dell-p5524qt/
2026-01-11 02:46:55,793 - INFO - Scraping 1615/6851: https://www.refurbed.de/p/dell-p6524qt/
2026-01-11 02:46:57,449 - INFO - Scraping 1616/6851: https://www.refurbed.de/p/dell-p8624qt-85/
2026-01-11 02:46:58,844 - INFO - Scraping 1617/6851: https://www.refurbed.de/p/dell-pc90-bk/
2026-01-11 02:47:00,221 - INFO - Scraping 1618/6851: https://www.refurbed.de/p/dell-pcg-505-pcga-ac16v6/
2026-01-11 02:47:01,820 - INFO - Scraping 1619/6851: https://www.refurbed.de/p/dell-performance-dock-wd19dc/
2026-01-11 02:47:03,528 - INFO - Scraping 1620/6851: https://www.refurbed.de/p/dell-performance-dock-wd19dcs/
2026-01-11 02:47:05,115 - INFO - Scraping 1621/6851: https://www.refurbed.de/p/dell-pn7320a-active-pen/
2026-01-11 02:47:06,970 - INFO - Scraping 1622/6851: https://www.refurbed.de/p/dell-prec-m2800-i7-4800mq/
2026-01-11 02:47:07,399 - ERROR - Error fetching https://www.refurbed.de/p/dell-prec-m2800-i7-4800mq/: 404 Client Error: Not Found for url: https://www.refurbed.de/p/dell-prec-m2800-i7-4800mq/
2026-01-11 02:47:08,401 - INFO - Scraping 1623/6851: https://www.refurbed.de/p/dell-prec-m2800-i7-4810mq/
2026-01-11 02:47:08,594 - ERROR - Error fetching https://www.refurbed.de/p/dell-prec-m2800-i7-4810mq/: 404 Client Error: Not Found for url: https://www.refurbed.de/p/dell-prec-m2800-i7-4810mq/
2026-01-11 02:47:09,596 - INFO - Scraping 1624/6851: https://www.refurbed.de/p/dell-prec-m3800-i7-4702hq/
2026-01-11 02:47:09,775 - ERROR - Error fetching https://www.refurbed.de/p/dell-prec-m3800-i7-4702hq/: 404 Client Error: Not Found for url: https://www.refurbed.de/p/dell-prec-m3800-i7-4702hq/
2026-01-11 02:47:10,777 - INFO - Scraping 1625/6851: https://www.refurbed.de/p/dell-prec-m3800-i7-4712hq/
2026-01-11 02:47:11,064 - ERROR - Error fetching https://www.refurbed.de/p/dell-prec-m3800-i7-4712hq/: 404 Client Error: Not Found for url: https://www.refurbed.de/p/dell-prec-m3800-i7-4712hq/
2026-01-11 02:47:12,066 - INFO - Scraping 1626/6851: https://www.refurbed.de/p/dell-precision-15-3551-10400h/
2026-01-11 02:47:13,600 - INFO - Scraping 1627/6851: https://www.refurbed.de/p/dell-precision-15-3551-10850h/
2026-01-11 02:47:15,052 - INFO - Scraping 1628/6851: https://www.refurbed.de/p/dell-precision-15-3551-i5-10300h/
2026-01-11 02:47:16,433 - INFO - Scraping 1629/6851: https://www.refurbed.de/p/dell-precision-15-3551-i7-10750h/
2026-01-11 02:47:18,014 - INFO - Scraping 1630/6851: https://www.refurbed.de/p/dell-precision-15-3551-i9-10885h/
2026-01-11 02:47:19,368 - INFO - Scraping 1631/6851: https://www.refurbed.de/p/dell-precision-15-5510-e3-1505m/
2026-01-11 02:47:19,551 - ERROR - Error fetching https://www.refurbed.de/p/dell-precision-15-5510-e3-1505m/: 404 Client Error: Not Found for url: https://www.refurbed.de/p/dell-precision-15-5510-e3-1505m/
2026-01-11 02:47:20,553 - INFO - Scraping 1632/6851: https://www.refurbed.de/p/dell-precision-15-5510-i7-6820hq/
2026-01-11 02:47:20,729 - ERROR - Error fetching https://www.refurbed.de/p/dell-precision-15-5510-i7-6820hq/: 404 Client Error: Not Found for url: https://www.refurbed.de/p/dell-precision-15-5510-i7-6820hq/
2026-01-11 02:47:21,731 - INFO - Scraping 1633/6851: https://www.refurbed.de/p/dell-precision-3260-compact/
2026-01-11 02:47:23,032 - INFO - Scraping 1634/6851: https://www.refurbed.de/p/dell-precision-3420-sff/
2026-01-11 02:47:23,227 - ERROR - Error fetching https://www.refurbed.de/p/dell-precision-3420-sff/: 404 Client Error: Not Found for url: https://www.refurbed.de/p/dell-precision-3420-sff/
2026-01-11 02:47:24,230 - INFO - Scraping 1635/6851: https://www.refurbed.de/p/dell-precision-3430/
2026-01-11 02:47:25,954 - INFO - Scraping 1636/6851: https://www.refurbed.de/p/dell-precision-3431-workstation/
2026-01-11 02:47:27,666 - INFO - Scraping 1637/6851: https://www.refurbed.de/p/dell-precision-3440/
2026-01-11 02:47:29,031 - INFO - Scraping 1638/6851: https://www.refurbed.de/p/dell-precision-3470-1240p/
2026-01-11 02:47:30,379 - INFO - Scraping 1639/6851: https://www.refurbed.de/p/dell-precision-3470-1260p/
2026-01-11 02:47:31,726 - INFO - Scraping 1640/6851: https://www.refurbed.de/p/dell-precision-3510-i5-6300hq/
2026-01-11 02:47:31,920 - ERROR - Error fetching https://www.refurbed.de/p/dell-precision-3510-i5-6300hq/: 404 Client Error: Not Found for url: https://www.refurbed.de/p/dell-precision-3510-i5-6300hq/
2026-01-11 02:47:32,922 - INFO - Scraping 1641/6851: https://www.refurbed.de/p/dell-precision-3510-i5-6440hq/
2026-01-11 02:47:33,194 - ERROR - Error fetching https://www.refurbed.de/p/dell-precision-3510-i5-6440hq/: 404 Client Error: Not Found for url: https://www.refurbed.de/p/dell-precision-3510-i5-6440hq/
2026-01-11 02:47:34,196 - INFO - Scraping 1642/6851: https://www.refurbed.de/p/dell-precision-3510-i7-6700hq/
2026-01-11 02:47:34,374 - ERROR - Error fetching https://www.refurbed.de/p/dell-precision-3510-i7-6700hq/: 404 Client Error: Not Found for url: https://www.refurbed.de/p/dell-precision-3510-i7-6700hq/
2026-01-11 02:47:35,376 - INFO - Scraping 1643/6851: https://www.refurbed.de/p/dell-precision-3510-i7-6820hq/
2026-01-11 02:47:35,543 - ERROR - Error fetching https://www.refurbed.de/p/dell-precision-3510-i7-6820hq/: 404 Client Error: Not Found for url: https://www.refurbed.de/p/dell-precision-3510-i7-6820hq/
2026-01-11 02:47:36,545 - INFO - Scraping 1644/6851: https://www.refurbed.de/p/dell-precision-3530-8750h-15-6/
2026-01-11 02:47:37,853 - INFO - Scraping 1645/6851: https://www.refurbed.de/p/dell-precision-3530-8850h-15-6/
2026-01-11 02:47:39,207 - INFO - Scraping 1646/6851: https://www.refurbed.de/p/dell-precision-3530-i5-8300h/
2026-01-11 02:47:40,620 - INFO - Scraping 1647/6851: https://www.refurbed.de/p/dell-precision-3530-i5-8400h/
2026-01-11 02:47:40,904 - ERROR - Error fetching https://www.refurbed.de/p/dell-precision-3530-i5-8400h/: 404 Client Error: Not Found for url: https://www.refurbed.de/p/dell-precision-3530-i5-8400h/
2026-01-11 02:47:41,906 - INFO - Scraping 1648/6851: https://www.refurbed.de/p/dell-precision-3540-i5-8365u/
2026-01-11 02:47:43,220 - INFO - Scraping 1649/6851: https://www.refurbed.de/p/dell-precision-3540-i7-8565u/
2026-01-11 02:47:44,563 - INFO - Scraping 1650/6851: https://www.refurbed.de/p/dell-precision-3540-i7-8665u/
2026-01-11 02:47:45,931 - INFO - Scraping 1651/6851: https://www.refurbed.de/p/dell-precision-3541-i5-9300h-15/
2026-01-11 02:47:47,353 - INFO - Scraping 1652/6851: https://www.refurbed.de/p/dell-precision-3541-i5-9400h-15/
2026-01-11 02:47:48,897 - INFO - Scraping 1653/6851: https://www.refurbed.de/p/dell-precision-3541-i7-9850h-15/
2026-01-11 02:47:50,375 - INFO - Scraping 1654/6851: https://www.refurbed.de/p/dell-precision-3550-10310u-15-6/
2026-01-11 02:47:51,725 - INFO - Scraping 1655/6851: https://www.refurbed.de/p/dell-precision-3550-i5-10210u-15/
2026-01-11 02:47:53,090 - INFO - Scraping 1656/6851: https://www.refurbed.de/p/dell-precision-3550-i7-10610u/
2026-01-11 02:47:54,671 - INFO - Scraping 1657/6851: https://www.refurbed.de/p/dell-precision-3560-1135g7/
2026-01-11 02:47:55,954 - INFO - Scraping 1658/6851: https://www.refurbed.de/p/dell-precision-3560-1145g7/
2026-01-11 02:47:56,118 - ERROR - Error fetching https://www.refurbed.de/p/dell-precision-3560-1145g7/: 404 Client Error: Not Found for url: https://www.refurbed.de/p/dell-precision-3560-1145g7/
2026-01-11 02:47:57,120 - INFO - Scraping 1659/6851: https://www.refurbed.de/p/dell-precision-3560-1185g7/
2026-01-11 02:47:58,675 - INFO - Scraping 1660/6851: https://www.refurbed.de/p/dell-precision-3560-i7-1165g7/
2026-01-11 02:48:00,063 - INFO - Scraping 1661/6851: https://www.refurbed.de/p/dell-precision-3561-i5-11500h/
2026-01-11 02:48:01,394 - INFO - Scraping 1662/6851: https://www.refurbed.de/p/dell-precision-3561-i7-11800h/
2026-01-11 02:48:02,890 - INFO - Scraping 1663/6851: https://www.refurbed.de/p/dell-precision-3561-i7-11850h/
2026-01-11 02:48:04,876 - INFO - Scraping 1664/6851: https://www.refurbed.de/p/dell-precision-3561-i9-11950h/
2026-01-11 02:48:06,317 - INFO - Scraping 1665/6851: https://www.refurbed.de/p/dell-precision-3570-1265u-15-6/
2026-01-11 02:48:07,898 - INFO - Scraping 1666/6851: https://www.refurbed.de/p/dell-precision-3571-12500h/
2026-01-11 02:48:09,337 - INFO - Scraping 1667/6851: https://www.refurbed.de/p/dell-precision-3571-12700h/
2026-01-11 02:48:10,954 - INFO - Scraping 1668/6851: https://www.refurbed.de/p/dell-precision-3571-i7-12800h/
2026-01-11 02:48:12,366 - INFO - Scraping 1669/6851: https://www.refurbed.de/p/dell-precision-3581-13800h-16/
2026-01-11 02:48:13,758 - INFO - Scraping 1670/6851: https://www.refurbed.de/p/dell-precision-3591-5-135h/
2026-01-11 02:48:15,097 - INFO - Scraping 1671/6851: https://www.refurbed.de/p/dell-precision-3620-tower/
2026-01-11 02:48:15,279 - ERROR - Error fetching https://www.refurbed.de/p/dell-precision-3620-tower/: 404 Client Error: Not Found for url: https://www.refurbed.de/p/dell-precision-3620-tower/
2026-01-11 02:48:16,281 - INFO - Scraping 1672/6851: https://www.refurbed.de/p/dell-precision-3630-tower/
2026-01-11 02:48:17,617 - INFO - Scraping 1673/6851: https://www.refurbed.de/p/dell-precision-3640-tower/
2026-01-11 02:48:19,153 - INFO - Scraping 1674/6851: https://www.refurbed.de/p/dell-precision-3650-tower/
2026-01-11 02:48:20,503 - INFO - Scraping 1675/6851: https://www.refurbed.de/p/dell-precision-5520-6820hq/
2026-01-11 02:48:20,733 - ERROR - Error fetching https://www.refurbed.de/p/dell-precision-5520-6820hq/: 404 Client Error: Not Found for url: https://www.refurbed.de/p/dell-precision-5520-6820hq/
2026-01-11 02:48:21,736 - INFO - Scraping 1676/6851: https://www.refurbed.de/p/dell-precision-5520-7300hq/
2026-01-11 02:48:21,927 - ERROR - Error fetching https://www.refurbed.de/p/dell-precision-5520-7300hq/: 404 Client Error: Not Found for url: https://www.refurbed.de/p/dell-precision-5520-7300hq/
2026-01-11 02:48:22,929 - INFO - Scraping 1677/6851: https://www.refurbed.de/p/dell-precision-5520-7820hq/
2026-01-11 02:48:24,298 - INFO - Scraping 1678/6851: https://www.refurbed.de/p/dell-precision-5520-e3-1505m-v6/
2026-01-11 02:48:24,479 - ERROR - Error fetching https://www.refurbed.de/p/dell-precision-5520-e3-1505m-v6/: 404 Client Error: Not Found for url: https://www.refurbed.de/p/dell-precision-5520-e3-1505m-v6/
2026-01-11 02:48:25,481 - INFO - Scraping 1679/6851: https://www.refurbed.de/p/dell-precision-5520-e3-1505m/
2026-01-11 02:48:25,653 - ERROR - Error fetching https://www.refurbed.de/p/dell-precision-5520-e3-1505m/: 404 Client Error: Not Found for url: https://www.refurbed.de/p/dell-precision-5520-e3-1505m/
2026-01-11 02:48:26,655 - INFO - Scraping 1680/6851: https://www.refurbed.de/p/dell-precision-5520-i7-7700hq/
2026-01-11 02:48:26,831 - ERROR - Error fetching https://www.refurbed.de/p/dell-precision-5520-i7-7700hq/: 404 Client Error: Not Found for url: https://www.refurbed.de/p/dell-precision-5520-i7-7700hq/
2026-01-11 02:48:27,833 - INFO - Scraping 1681/6851: https://www.refurbed.de/p/dell-precision-5530-2in1-8305g/
2026-01-11 02:48:29,394 - INFO - Scraping 1682/6851: https://www.refurbed.de/p/dell-precision-5530-2in1-i78607g/
2026-01-11 02:48:30,778 - INFO - Scraping 1683/6851: https://www.refurbed.de/p/dell-precision-5530-2in1-i78850h/
2026-01-11 02:48:32,241 - INFO - Scraping 1684/6851: https://www.refurbed.de/p/dell-precision-5530-8300h/
2026-01-11 02:48:33,689 - INFO - Scraping 1685/6851: https://www.refurbed.de/p/dell-precision-5530-8400h/
2026-01-11 02:48:35,013 - INFO - Scraping 1686/6851: https://www.refurbed.de/p/dell-precision-5530-e-2176m/
2026-01-11 02:48:36,340 - INFO - Scraping 1687/6851: https://www.refurbed.de/p/dell-precision-5530-i7-8850h/
2026-01-11 02:48:37,890 - INFO - Scraping 1688/6851: https://www.refurbed.de/p/dell-precision-5530-i9-8950hk/
2026-01-11 02:48:39,249 - INFO - Scraping 1689/6851: https://www.refurbed.de/p/dell-precision-5530-xeon-e-2176m/
2026-01-11 02:48:40,685 - INFO - Scraping 1690/6851: https://www.refurbed.de/p/dell-precision-5540-9880h-15-6/
2026-01-11 02:48:41,998 - INFO - Scraping 1691/6851: https://www.refurbed.de/p/dell-precision-5540-9880hk/
2026-01-11 02:48:43,305 - INFO - Scraping 1692/6851: https://www.refurbed.de/p/dell-precision-5540-9980hk/
2026-01-11 02:48:44,747 - INFO - Scraping 1693/6851: https://www.refurbed.de/p/dell-precision-5540-e-2276m/
2026-01-11 02:48:46,324 - INFO - Scraping 1694/6851: https://www.refurbed.de/p/dell-precision-5540-i5-9400h/
2026-01-11 02:48:47,793 - INFO - Scraping 1695/6851: https://www.refurbed.de/p/dell-precision-5540-i7-9750h/
2026-01-11 02:48:49,251 - INFO - Scraping 1696/6851: https://www.refurbed.de/p/dell-precision-5540-i7-9850h/
2026-01-11 02:48:50,848 - INFO - Scraping 1697/6851: https://www.refurbed.de/p/dell-precision-5550-10850h/
2026-01-11 02:48:52,364 - INFO - Scraping 1698/6851: https://www.refurbed.de/p/dell-precision-5550-10885h/
2026-01-11 02:48:53,960 - INFO - Scraping 1699/6851: https://www.refurbed.de/p/dell-precision-5550-i7-10750h/
2026-01-11 02:48:55,312 - INFO - Scraping 1700/6851: https://www.refurbed.de/p/dell-precision-5550-i7-10875h/
2026-01-11 02:48:56,856 - INFO - Scraping 1701/6851: https://www.refurbed.de/p/dell-precision-5550-x-w-10855m/
2026-01-11 02:48:58,370 - INFO - Scraping 1702/6851: https://www.refurbed.de/p/dell-precision-5560-11800h/
2026-01-11 02:48:59,865 - INFO - Scraping 1703/6851: https://www.refurbed.de/p/dell-precision-5560-11850h/
2026-01-11 02:49:01,341 - INFO - Scraping 1704/6851: https://www.refurbed.de/p/dell-precision-5560-i5-11500h-15/
2026-01-11 02:49:02,783 - INFO - Scraping 1705/6851: https://www.refurbed.de/p/dell-precision-5560-i7-10850h/
2026-01-11 02:49:04,100 - INFO - Scraping 1706/6851: https://www.refurbed.de/p/dell-precision-5560-i9-11950h/
2026-01-11 02:49:05,681 - INFO - Scraping 1707/6851: https://www.refurbed.de/p/dell-precision-5570-i7-12700h/
2026-01-11 02:49:07,027 - INFO - Scraping 1708/6851: https://www.refurbed.de/p/dell-precision-5570-i7-12800h/
2026-01-11 02:49:08,688 - INFO - Scraping 1709/6851: https://www.refurbed.de/p/dell-precision-5570-i9-12900h/
2026-01-11 02:49:10,042 - INFO - Scraping 1710/6851: https://www.refurbed.de/p/dell-precision-5680-13800h-16/
2026-01-11 02:49:11,748 - INFO - Scraping 1711/6851: https://www.refurbed.de/p/dell-precision-5750-i5-10400h/
2026-01-11 02:49:13,047 - INFO - Scraping 1712/6851: https://www.refurbed.de/p/dell-precision-5750-i7-10875h/
2026-01-11 02:49:14,363 - INFO - Scraping 1713/6851: https://www.refurbed.de/p/dell-precision-5760-11850h/
2026-01-11 02:49:16,335 - INFO - Scraping 1714/6851: https://www.refurbed.de/p/dell-precision-5810-tower/
2026-01-11 02:49:16,610 - ERROR - Error fetching https://www.refurbed.de/p/dell-precision-5810-tower/: 404 Client Error: Not Found for url: https://www.refurbed.de/p/dell-precision-5810-tower/
2026-01-11 02:49:17,613 - INFO - Scraping 1715/6851: https://www.refurbed.de/p/dell-precision-5820-tower/
2026-01-11 02:49:19,202 - INFO - Scraping 1716/6851: https://www.refurbed.de/p/dell-precision-7510-e3-1505m-v5-/
2026-01-11 02:49:19,389 - ERROR - Error fetching https://www.refurbed.de/p/dell-precision-7510-e3-1505m-v5-/: 404 Client Error: Not Found for url: https://www.refurbed.de/p/dell-precision-7510-e3-1505m-v5-/
2026-01-11 02:49:20,391 - INFO - Scraping 1717/6851: https://www.refurbed.de/p/dell-precision-7510-e3-1535m-v5-/
2026-01-11 02:49:20,577 - ERROR - Error fetching https://www.refurbed.de/p/dell-precision-7510-e3-1535m-v5-/: 404 Client Error: Not Found for url: https://www.refurbed.de/p/dell-precision-7510-e3-1535m-v5-/
2026-01-11 02:49:21,579 - INFO - Scraping 1718/6851: https://www.refurbed.de/p/dell-precision-7510-i5-6300hq-15/
2026-01-11 02:49:21,760 - ERROR - Error fetching https://www.refurbed.de/p/dell-precision-7510-i5-6300hq-15/: 404 Client Error: Not Found for url: https://www.refurbed.de/p/dell-precision-7510-i5-6300hq-15/
2026-01-11 02:49:22,762 - INFO - Scraping 1719/6851: https://www.refurbed.de/p/dell-precision-7510-i7-6820hq-15/
2026-01-11 02:49:23,035 - ERROR - Error fetching https://www.refurbed.de/p/dell-precision-7510-i7-6820hq-15/: 404 Client Error: Not Found for url: https://www.refurbed.de/p/dell-precision-7510-i7-6820hq-15/
2026-01-11 02:49:24,037 - INFO - Scraping 1720/6851: https://www.refurbed.de/p/dell-precision-7510-i7-6920hq-15/
2026-01-11 02:49:24,586 - ERROR - Error fetching https://www.refurbed.de/p/dell-precision-7510-i7-6920hq-15/: 404 Client Error: Not Found for url: https://www.refurbed.de/p/dell-precision-7510-i7-6920hq-15/
2026-01-11 02:49:25,588 - INFO - Scraping 1721/6851: https://www.refurbed.de/p/dell-precision-7520-1505m-15-6/
2026-01-11 02:49:25,793 - ERROR - Error fetching https://www.refurbed.de/p/dell-precision-7520-1505m-15-6/: 404 Client Error: Not Found for url: https://www.refurbed.de/p/dell-precision-7520-1505m-15-6/
2026-01-11 02:49:26,795 - INFO - Scraping 1722/6851: https://www.refurbed.de/p/dell-precision-7520-1535m-v6/
2026-01-11 02:49:27,290 - ERROR - Error fetching https://www.refurbed.de/p/dell-precision-7520-1535m-v6/: 404 Client Error: Not Found for url: https://www.refurbed.de/p/dell-precision-7520-1535m-v6/
2026-01-11 02:49:28,292 - INFO - Scraping 1723/6851: https://www.refurbed.de/p/dell-precision-7520-1545m-15/
2026-01-11 02:49:28,862 - ERROR - Error fetching https://www.refurbed.de/p/dell-precision-7520-1545m-15/: 404 Client Error: Not Found for url: https://www.refurbed.de/p/dell-precision-7520-1545m-15/
2026-01-11 02:49:29,864 - INFO - Scraping 1724/6851: https://www.refurbed.de/p/dell-precision-7520-i5-7440hq-15/
2026-01-11 02:49:30,194 - ERROR - Error fetching https://www.refurbed.de/p/dell-precision-7520-i5-7440hq-15/: 404 Client Error: Not Found for url: https://www.refurbed.de/p/dell-precision-7520-i5-7440hq-15/
2026-01-11 02:49:31,196 - INFO - Scraping 1725/6851: https://www.refurbed.de/p/dell-precision-7520-i7-6820hq-15/
2026-01-11 02:49:31,628 - ERROR - Error fetching https://www.refurbed.de/p/dell-precision-7520-i7-6820hq-15/: 404 Client Error: Not Found for url: https://www.refurbed.de/p/dell-precision-7520-i7-6820hq-15/
2026-01-11 02:49:32,630 - INFO - Scraping 1726/6851: https://www.refurbed.de/p/dell-precision-7520-i7-6920hq-15/
2026-01-11 02:49:32,794 - ERROR - Error fetching https://www.refurbed.de/p/dell-precision-7520-i7-6920hq-15/: 404 Client Error: Not Found for url: https://www.refurbed.de/p/dell-precision-7520-i7-6920hq-15/
2026-01-11 02:49:33,796 - INFO - Scraping 1727/6851: https://www.refurbed.de/p/dell-precision-7520-i7-7700hq/
2026-01-11 02:49:34,108 - ERROR - Error fetching https://www.refurbed.de/p/dell-precision-7520-i7-7700hq/: 404 Client Error: Not Found for url: https://www.refurbed.de/p/dell-precision-7520-i7-7700hq/
2026-01-11 02:49:35,110 - INFO - Scraping 1728/6851: https://www.refurbed.de/p/dell-precision-7520-i7-7820hq-15/
2026-01-11 02:49:36,736 - INFO - Scraping 1729/6851: https://www.refurbed.de/p/dell-precision-7520-i7-7920hq-15/
2026-01-11 02:49:37,529 - ERROR - Error fetching https://www.refurbed.de/p/dell-precision-7520-i7-7920hq-15/: 404 Client Error: Not Found for url: https://www.refurbed.de/p/dell-precision-7520-i7-7920hq-15/
2026-01-11 02:49:38,531 - INFO - Scraping 1730/6851: https://www.refurbed.de/p/dell-precision-7530-i5-8400h/
2026-01-11 02:49:40,445 - INFO - Scraping 1731/6851: https://www.refurbed.de/p/dell-precision-7530-i7-8750h-15-/
2026-01-11 02:49:41,950 - INFO - Scraping 1732/6851: https://www.refurbed.de/p/dell-precision-7530-i7-8850h-15-/
2026-01-11 02:49:43,388 - INFO - Scraping 1733/6851: https://www.refurbed.de/p/dell-precision-7530-i9-8950hk/
2026-01-11 02:49:44,712 - INFO - Scraping 1734/6851: https://www.refurbed.de/p/dell-precision-7530-xeon-e-2176m/
2026-01-11 02:49:46,057 - INFO - Scraping 1735/6851: https://www.refurbed.de/p/dell-precision-7530-xeon-e2186m/
2026-01-11 02:49:47,498 - INFO - Scraping 1736/6851: https://www.refurbed.de/p/dell-precision-7540-9980hk/
2026-01-11 02:49:49,060 - INFO - Scraping 1737/6851: https://www.refurbed.de/p/dell-precision-7540-e-2276m/
2026-01-11 02:49:50,430 - INFO - Scraping 1738/6851: https://www.refurbed.de/p/dell-precision-7540-i5-9400h/
2026-01-11 02:49:51,928 - INFO - Scraping 1739/6851: https://www.refurbed.de/p/dell-precision-7540-i7-9750h-15-/
2026-01-11 02:49:53,347 - INFO - Scraping 1740/6851: https://www.refurbed.de/p/dell-precision-7540-i7-9850h-15-/
2026-01-11 02:49:55,002 - INFO - Scraping 1741/6851: https://www.refurbed.de/p/dell-precision-7540-i9-9880h/
2026-01-11 02:49:56,468 - INFO - Scraping 1742/6851: https://www.refurbed.de/p/dell-precision-7550-10750h/
2026-01-11 02:49:58,121 - INFO - Scraping 1743/6851: https://www.refurbed.de/p/dell-precision-7550-10850h/
2026-01-11 02:49:59,632 - INFO - Scraping 1744/6851: https://www.refurbed.de/p/dell-precision-7550-i5-10400h/
2026-01-11 02:50:01,321 - INFO - Scraping 1745/6851: https://www.refurbed.de/p/dell-precision-7550-i5-9400h/
2026-01-11 02:50:02,676 - INFO - Scraping 1746/6851: https://www.refurbed.de/p/dell-precision-7550-i7-10875h/
2026-01-11 02:50:04,365 - INFO - Scraping 1747/6851: https://www.refurbed.de/p/dell-precision-7550-i9-10885h/
2026-01-11 02:50:05,748 - INFO - Scraping 1748/6851: https://www.refurbed.de/p/dell-precision-7550-w-10855m/
2026-01-11 02:50:07,437 - INFO - Scraping 1749/6851: https://www.refurbed.de/p/dell-precision-7560-i7-10850h/
2026-01-11 02:50:08,760 - INFO - Scraping 1750/6851: https://www.refurbed.de/p/dell-precision-7560-i7-11800h/
2026-01-11 02:50:10,474 - INFO - Scraping 1751/6851: https://www.refurbed.de/p/dell-precision-7560-i7-11850h/
2026-01-11 02:50:11,992 - INFO - Scraping 1752/6851: https://www.refurbed.de/p/dell-precision-7560-i9-11950h/
2026-01-11 02:50:13,546 - INFO - Scraping 1753/6851: https://www.refurbed.de/p/dell-precision-7560-w-11855m/
2026-01-11 02:50:15,323 - INFO - Scraping 1754/6851: https://www.refurbed.de/p/dell-precision-7670-i7-12850hx/
2026-01-11 02:50:16,694 - INFO - Scraping 1755/6851: https://www.refurbed.de/p/dell-precision-7670-i9-12950hx/
2026-01-11 02:50:17,994 - INFO - Scraping 1756/6851: https://www.refurbed.de/p/dell-precision-7710-e3-1505m-v5/
2026-01-11 02:50:18,219 - ERROR - Error fetching https://www.refurbed.de/p/dell-precision-7710-e3-1505m-v5/: 404 Client Error: Not Found for url: https://www.refurbed.de/p/dell-precision-7710-e3-1505m-v5/
2026-01-11 02:50:19,221 - INFO - Scraping 1757/6851: https://www.refurbed.de/p/dell-precision-7710-e3-1535m-v5/
2026-01-11 02:50:19,407 - ERROR - Error fetching https://www.refurbed.de/p/dell-precision-7710-e3-1535m-v5/: 404 Client Error: Not Found for url: https://www.refurbed.de/p/dell-precision-7710-e3-1535m-v5/
2026-01-11 02:50:20,409 - INFO - Scraping 1758/6851: https://www.refurbed.de/p/dell-precision-7710-i5-6300hq/
2026-01-11 02:50:20,630 - ERROR - Error fetching https://www.refurbed.de/p/dell-precision-7710-i5-6300hq/: 404 Client Error: Not Found for url: https://www.refurbed.de/p/dell-precision-7710-i5-6300hq/
2026-01-11 02:50:21,632 - INFO - Scraping 1759/6851: https://www.refurbed.de/p/dell-precision-7710-i7-6820hq-17/
2026-01-11 02:50:21,837 - ERROR - Error fetching https://www.refurbed.de/p/dell-precision-7710-i7-6820hq-17/: 404 Client Error: Not Found for url: https://www.refurbed.de/p/dell-precision-7710-i7-6820hq-17/
2026-01-11 02:50:22,839 - INFO - Scraping 1760/6851: https://www.refurbed.de/p/dell-precision-7710-i7-6920hq-17/
2026-01-11 02:50:22,999 - ERROR - Error fetching https://www.refurbed.de/p/dell-precision-7710-i7-6920hq-17/: 404 Client Error: Not Found for url: https://www.refurbed.de/p/dell-precision-7710-i7-6920hq-17/
2026-01-11 02:50:24,002 - INFO - Scraping 1761/6851: https://www.refurbed.de/p/dell-precision-7720-6820hq/
2026-01-11 02:50:24,336 - ERROR - Error fetching https://www.refurbed.de/p/dell-precision-7720-6820hq/: 404 Client Error: Not Found for url: https://www.refurbed.de/p/dell-precision-7720-6820hq/
2026-01-11 02:50:25,339 - INFO - Scraping 1762/6851: https://www.refurbed.de/p/dell-precision-7720-6920hq/
2026-01-11 02:50:25,493 - ERROR - Error fetching https://www.refurbed.de/p/dell-precision-7720-6920hq/: 404 Client Error: Not Found for url: https://www.refurbed.de/p/dell-precision-7720-6920hq/
2026-01-11 02:50:26,495 - INFO - Scraping 1763/6851: https://www.refurbed.de/p/dell-precision-7720-7820hq/
2026-01-11 02:50:27,861 - INFO - Scraping 1764/6851: https://www.refurbed.de/p/dell-precision-7720-7920hq/
2026-01-11 02:50:28,058 - ERROR - Error fetching https://www.refurbed.de/p/dell-precision-7720-7920hq/: 404 Client Error: Not Found for url: https://www.refurbed.de/p/dell-precision-7720-7920hq/
2026-01-11 02:50:29,060 - INFO - Scraping 1765/6851: https://www.refurbed.de/p/dell-precision-7720-e3-1535m-v6/
2026-01-11 02:50:29,221 - ERROR - Error fetching https://www.refurbed.de/p/dell-precision-7720-e3-1535m-v6/: 404 Client Error: Not Found for url: https://www.refurbed.de/p/dell-precision-7720-e3-1535m-v6/
2026-01-11 02:50:30,224 - INFO - Scraping 1766/6851: https://www.refurbed.de/p/dell-precision-7720-i7-11850h/
2026-01-11 02:50:31,557 - INFO - Scraping 1767/6851: https://www.refurbed.de/p/dell-precision-7730-8400h/
2026-01-11 02:50:32,874 - INFO - Scraping 1768/6851: https://www.refurbed.de/p/dell-precision-7730-e-2186m/
2026-01-11 02:50:34,253 - INFO - Scraping 1769/6851: https://www.refurbed.de/p/dell-precision-7730-i7-8750h/
2026-01-11 02:50:35,674 - INFO - Scraping 1770/6851: https://www.refurbed.de/p/dell-precision-7730-i7-8850h/
2026-01-11 02:50:37,185 - INFO - Scraping 1771/6851: https://www.refurbed.de/p/dell-precision-7730-i9-8950hk/
2026-01-11 02:50:38,548 - INFO - Scraping 1772/6851: https://www.refurbed.de/p/dell-precision-7730-xeon-e-2176m/
2026-01-11 02:50:39,901 - INFO - Scraping 1773/6851: https://www.refurbed.de/p/dell-precision-7740-9980hk/
2026-01-11 02:50:41,208 - INFO - Scraping 1774/6851: https://www.refurbed.de/p/dell-precision-7740-i5-9400h/
2026-01-11 02:50:42,639 - INFO - Scraping 1775/6851: https://www.refurbed.de/p/dell-precision-7740-i7-9750h/
2026-01-11 02:50:43,998 - INFO - Scraping 1776/6851: https://www.refurbed.de/p/dell-precision-7740-i7-9850h/
2026-01-11 02:50:45,512 - INFO - Scraping 1777/6851: https://www.refurbed.de/p/dell-precision-7740-i9-9880h/
2026-01-11 02:50:46,833 - INFO - Scraping 1778/6851: https://www.refurbed.de/p/dell-precision-7740-x-e-2276m/
2026-01-11 02:50:48,138 - INFO - Scraping 1779/6851: https://www.refurbed.de/p/dell-precision-7740-x-e-2286m/
2026-01-11 02:50:49,559 - INFO - Scraping 1780/6851: https://www.refurbed.de/p/dell-precision-7750-10400h/
2026-01-11 02:50:50,987 - INFO - Scraping 1781/6851: https://www.refurbed.de/p/dell-precision-7750-10750h/
2026-01-11 02:50:52,447 - INFO - Scraping 1782/6851: https://www.refurbed.de/p/dell-precision-7750-10850h/
2026-01-11 02:50:53,969 - INFO - Scraping 1783/6851: https://www.refurbed.de/p/dell-precision-7750-10875h/
2026-01-11 02:50:55,559 - INFO - Scraping 1784/6851: https://www.refurbed.de/p/dell-precision-7750-10885h/
2026-01-11 02:50:57,083 - INFO - Scraping 1785/6851: https://www.refurbed.de/p/dell-precision-7750-w-10855m/
2026-01-11 02:50:58,395 - INFO - Scraping 1786/6851: https://www.refurbed.de/p/dell-precision-7760-11500h-17/
2026-01-11 02:50:59,799 - INFO - Scraping 1787/6851: https://www.refurbed.de/p/dell-precision-7760-11850h-17/
2026-01-11 02:51:01,311 - INFO - Scraping 1788/6851: https://www.refurbed.de/p/dell-precision-7760-i9-11950h/
2026-01-11 02:51:02,625 - INFO - Scraping 1789/6851: https://www.refurbed.de/p/dell-precision-7770-i7-12850hx/
2026-01-11 02:51:03,983 - INFO - Scraping 1790/6851: https://www.refurbed.de/p/dell-precision-7770-i9-12950hx/
2026-01-11 02:51:05,333 - INFO - Scraping 1791/6851: https://www.refurbed.de/p/dell-precision-7820-tower/
2026-01-11 02:51:06,800 - INFO - Scraping 1792/6851: https://www.refurbed.de/p/dell-precision-7920-tower/
2026-01-11 02:51:08,228 - INFO - Scraping 1793/6851: https://www.refurbed.de/p/dell-precision-m4800-i5-4310m-15/
2026-01-11 02:51:08,523 - ERROR - Error fetching https://www.refurbed.de/p/dell-precision-m4800-i5-4310m-15/: 404 Client Error: Not Found for url: https://www.refurbed.de/p/dell-precision-m4800-i5-4310m-15/
2026-01-11 02:51:09,525 - INFO - Scraping 1794/6851: https://www.refurbed.de/p/dell-precision-m4800-i7-4710mq/
2026-01-11 02:51:09,703 - ERROR - Error fetching https://www.refurbed.de/p/dell-precision-m4800-i7-4710mq/: 404 Client Error: Not Found for url: https://www.refurbed.de/p/dell-precision-m4800-i7-4710mq/
2026-01-11 02:51:10,705 - INFO - Scraping 1795/6851: https://www.refurbed.de/p/dell-precision-m4800-i7-4800mq-1/
2026-01-11 02:51:10,870 - ERROR - Error fetching https://www.refurbed.de/p/dell-precision-m4800-i7-4800mq-1/: 404 Client Error: Not Found for url: https://www.refurbed.de/p/dell-precision-m4800-i7-4800mq-1/
2026-01-11 02:51:11,872 - INFO - Scraping 1796/6851: https://www.refurbed.de/p/dell-precision-m4800-i7-4810mq-1/
2026-01-11 02:51:12,041 - ERROR - Error fetching https://www.refurbed.de/p/dell-precision-m4800-i7-4810mq-1/: 404 Client Error: Not Found for url: https://www.refurbed.de/p/dell-precision-m4800-i7-4810mq-1/
2026-01-11 02:51:13,043 - INFO - Scraping 1797/6851: https://www.refurbed.de/p/dell-precision-m4800-i7-4900mq/
2026-01-11 02:51:13,333 - ERROR - Error fetching https://www.refurbed.de/p/dell-precision-m4800-i7-4900mq/: 404 Client Error: Not Found for url: https://www.refurbed.de/p/dell-precision-m4800-i7-4900mq/
2026-01-11 02:51:14,336 - INFO - Scraping 1798/6851: https://www.refurbed.de/p/dell-precision-m4800-i7-4910mq/
2026-01-11 02:51:14,601 - ERROR - Error fetching https://www.refurbed.de/p/dell-precision-m4800-i7-4910mq/: 404 Client Error: Not Found for url: https://www.refurbed.de/p/dell-precision-m4800-i7-4910mq/
2026-01-11 02:51:15,603 - INFO - Scraping 1799/6851: https://www.refurbed.de/p/dell-precision-m6800-i7-4800mq/
2026-01-11 02:51:15,789 - ERROR - Error fetching https://www.refurbed.de/p/dell-precision-m6800-i7-4800mq/: 404 Client Error: Not Found for url: https://www.refurbed.de/p/dell-precision-m6800-i7-4800mq/
2026-01-11 02:51:16,791 - INFO - Scraping 1800/6851: https://www.refurbed.de/p/dell-precision-m6800-i7-4810mq-1/
2026-01-11 02:51:16,965 - ERROR - Error fetching https://www.refurbed.de/p/dell-precision-m6800-i7-4810mq-1/: 404 Client Error: Not Found for url: https://www.refurbed.de/p/dell-precision-m6800-i7-4810mq-1/
2026-01-11 02:51:17,967 - INFO - Scraping 1801/6851: https://www.refurbed.de/p/dell-precision-m6800-i7-4910mq/
2026-01-11 02:51:18,185 - ERROR - Error fetching https://www.refurbed.de/p/dell-precision-m6800-i7-4910mq/: 404 Client Error: Not Found for url: https://www.refurbed.de/p/dell-precision-m6800-i7-4910mq/
2026-01-11 02:51:19,187 - INFO - Scraping 1802/6851: https://www.refurbed.de/p/dell-precision-t1650-workstation/
2026-01-11 02:51:19,362 - ERROR - Error fetching https://www.refurbed.de/p/dell-precision-t1650-workstation/: 404 Client Error: Not Found for url: https://www.refurbed.de/p/dell-precision-t1650-workstation/
2026-01-11 02:51:20,364 - INFO - Scraping 1803/6851: https://www.refurbed.de/p/dell-precision-t1700-mt-workst/
2026-01-11 02:51:20,565 - ERROR - Error fetching https://www.refurbed.de/p/dell-precision-t1700-mt-workst/: 404 Client Error: Not Found for url: https://www.refurbed.de/p/dell-precision-t1700-mt-workst/
2026-01-11 02:51:21,567 - INFO - Scraping 1804/6851: https://www.refurbed.de/p/dell-precision-t3500-workstation/
2026-01-11 02:51:21,895 - ERROR - Error fetching https://www.refurbed.de/p/dell-precision-t3500-workstation/: 404 Client Error: Not Found for url: https://www.refurbed.de/p/dell-precision-t3500-workstation/
2026-01-11 02:51:22,897 - INFO - Scraping 1805/6851: https://www.refurbed.de/p/dell-precision-t3600-workstation/
2026-01-11 02:51:23,064 - ERROR - Error fetching https://www.refurbed.de/p/dell-precision-t3600-workstation/: 404 Client Error: Not Found for url: https://www.refurbed.de/p/dell-precision-t3600-workstation/
2026-01-11 02:51:24,066 - INFO - Scraping 1806/6851: https://www.refurbed.de/p/dell-precision-t3610-workstation/
2026-01-11 02:51:24,455 - ERROR - Error fetching https://www.refurbed.de/p/dell-precision-t3610-workstation/: 404 Client Error: Not Found for url: https://www.refurbed.de/p/dell-precision-t3610-workstation/
2026-01-11 02:51:25,457 - INFO - Scraping 1807/6851: https://www.refurbed.de/p/dell-precision-t5500-workstation/
2026-01-11 02:51:25,630 - ERROR - Error fetching https://www.refurbed.de/p/dell-precision-t5500-workstation/: 404 Client Error: Not Found for url: https://www.refurbed.de/p/dell-precision-t5500-workstation/
2026-01-11 02:51:26,632 - INFO - Scraping 1808/6851: https://www.refurbed.de/p/dell-precision-t5610-workstation/
2026-01-11 02:51:26,813 - ERROR - Error fetching https://www.refurbed.de/p/dell-precision-t5610-workstation/: 404 Client Error: Not Found for url: https://www.refurbed.de/p/dell-precision-t5610-workstation/
2026-01-11 02:51:27,815 - INFO - Scraping 1809/6851: https://www.refurbed.de/p/dell-precision-t5810-workstation/
2026-01-11 02:51:28,001 - ERROR - Error fetching https://www.refurbed.de/p/dell-precision-t5810-workstation/: 404 Client Error: Not Found for url: https://www.refurbed.de/p/dell-precision-t5810-workstation/
2026-01-11 02:51:29,003 - INFO - Scraping 1810/6851: https://www.refurbed.de/p/dell-precision-t7600-workstation/
2026-01-11 02:51:29,208 - ERROR - Error fetching https://www.refurbed.de/p/dell-precision-t7600-workstation/: 404 Client Error: Not Found for url: https://www.refurbed.de/p/dell-precision-t7600-workstation/
2026-01-11 02:51:30,210 - INFO - Scraping 1811/6851: https://www.refurbed.de/p/dell-precision-t7610-xeon-e5/
2026-01-11 02:51:30,441 - ERROR - Error fetching https://www.refurbed.de/p/dell-precision-t7610-xeon-e5/: 404 Client Error: Not Found for url: https://www.refurbed.de/p/dell-precision-t7610-xeon-e5/
2026-01-11 02:51:31,443 - INFO - Scraping 1812/6851: https://www.refurbed.de/p/dell-precision-t7810-workstation/
2026-01-11 02:51:31,610 - ERROR - Error fetching https://www.refurbed.de/p/dell-precision-t7810-workstation/: 404 Client Error: Not Found for url: https://www.refurbed.de/p/dell-precision-t7810-workstation/
2026-01-11 02:51:32,612 - INFO - Scraping 1813/6851: https://www.refurbed.de/p/dell-precision-t7820-workstation/
2026-01-11 02:51:34,025 - INFO - Scraping 1814/6851: https://www.refurbed.de/p/dell-precision-t7820/
2026-01-11 02:51:35,375 - INFO - Scraping 1815/6851: https://www.refurbed.de/p/dell-precision-t7910-workstation/
2026-01-11 02:51:35,560 - ERROR - Error fetching https://www.refurbed.de/p/dell-precision-t7910-workstation/: 404 Client Error: Not Found for url: https://www.refurbed.de/p/dell-precision-t7910-workstation/
2026-01-11 02:51:36,562 - INFO - Scraping 1816/6851: https://www.refurbed.de/p/dell-precision-tower-1600/
2026-01-11 02:51:36,787 - ERROR - Error fetching https://www.refurbed.de/p/dell-precision-tower-1600/: 404 Client Error: Not Found for url: https://www.refurbed.de/p/dell-precision-tower-1600/
2026-01-11 02:51:37,789 - INFO - Scraping 1817/6851: https://www.refurbed.de/p/dell-precisison-3520-6820hq/
2026-01-11 02:51:37,986 - ERROR - Error fetching https://www.refurbed.de/p/dell-precisison-3520-6820hq/: 404 Client Error: Not Found for url: https://www.refurbed.de/p/dell-precisison-3520-6820hq/
2026-01-11 02:51:38,988 - INFO - Scraping 1818/6851: https://www.refurbed.de/p/dell-precisison-3520-7700hq/
2026-01-11 02:51:39,223 - ERROR - Error fetching https://www.refurbed.de/p/dell-precisison-3520-7700hq/: 404 Client Error: Not Found for url: https://www.refurbed.de/p/dell-precisison-3520-7700hq/
2026-01-11 02:51:40,225 - INFO - Scraping 1819/6851: https://www.refurbed.de/p/dell-precisison-3520-7820hq/
2026-01-11 02:51:41,731 - INFO - Scraping 1820/6851: https://www.refurbed.de/p/dell-precisison-3520-i5-6440hq/
2026-01-11 02:51:41,932 - ERROR - Error fetching https://www.refurbed.de/p/dell-precisison-3520-i5-6440hq/: 404 Client Error: Not Found for url: https://www.refurbed.de/p/dell-precisison-3520-i5-6440hq/
2026-01-11 02:51:42,934 - INFO - Scraping 1821/6851: https://www.refurbed.de/p/dell-professional-p2213t/
2026-01-11 02:51:44,381 - INFO - Scraping 1822/6851: https://www.refurbed.de/p/dell-rf449/
2026-01-11 02:51:45,853 - INFO - Scraping 1823/6851: https://www.refurbed.de/p/dell-rugged-notebook-desk-dock/
2026-01-11 02:51:47,323 - INFO - Scraping 1824/6851: https://www.refurbed.de/p/dell-s2316h-23/
2026-01-11 02:51:48,679 - INFO - Scraping 1825/6851: https://www.refurbed.de/p/dell-s2319h-23/
2026-01-11 02:51:50,041 - INFO - Scraping 1826/6851: https://www.refurbed.de/p/dell-s2416h-23-8/
2026-01-11 02:51:51,849 - INFO - Scraping 1827/6851: https://www.refurbed.de/p/dell-s2417d23-8/
2026-01-11 02:51:53,209 - INFO - Scraping 1828/6851: https://www.refurbed.de/p/dell-s2419h-23-8/
2026-01-11 02:51:54,653 - INFO - Scraping 1829/6851: https://www.refurbed.de/p/dell-s2419hgf-24/
2026-01-11 02:51:56,061 - INFO - Scraping 1830/6851: https://www.refurbed.de/p/dell-s2421h-23-8/
2026-01-11 02:51:57,438 - INFO - Scraping 1831/6851: https://www.refurbed.de/p/dell-s2421hgf/
2026-01-11 02:51:58,762 - INFO - Scraping 1832/6851: https://www.refurbed.de/p/dell-s2421hn/
2026-01-11 02:52:00,221 - INFO - Scraping 1833/6851: https://www.refurbed.de/p/dell-s2421hs/
2026-01-11 02:52:01,558 - INFO - Scraping 1834/6851: https://www.refurbed.de/p/dell-s2421hsx-23-8/
2026-01-11 02:52:02,978 - INFO - Scraping 1835/6851: https://www.refurbed.de/p/dell-s2421nx/
2026-01-11 02:52:04,291 - INFO - Scraping 1836/6851: https://www.refurbed.de/p/dell-s2422hg-23-6/
2026-01-11 02:52:05,638 - INFO - Scraping 1837/6851: https://www.refurbed.de/p/dell-s2422hz-23-8/
2026-01-11 02:52:06,954 - INFO - Scraping 1838/6851: https://www.refurbed.de/p/dell-s2425h/
2026-01-11 02:52:08,310 - INFO - Scraping 1839/6851: https://www.refurbed.de/p/dell-s2425hs/
2026-01-11 02:52:09,898 - INFO - Scraping 1840/6851: https://www.refurbed.de/p/dell-s2440lb-24/
2026-01-11 02:52:11,211 - INFO - Scraping 1841/6851: https://www.refurbed.de/p/dell-s2522hg-24-5/
2026-01-11 02:52:12,543 - INFO - Scraping 1842/6851: https://www.refurbed.de/p/dell-s2716dg-27/
2026-01-11 02:52:13,850 - INFO - Scraping 1843/6851: https://www.refurbed.de/p/dell-s2719dgf-27/
2026-01-11 02:52:15,361 - INFO - Scraping 1844/6851: https://www.refurbed.de/p/dell-s2719h-27/
2026-01-11 02:52:16,728 - INFO - Scraping 1845/6851: https://www.refurbed.de/p/dell-s2719hs-27/
2026-01-11 02:52:18,067 - INFO - Scraping 1846/6851: https://www.refurbed.de/p/dell-s2721d-27/
2026-01-11 02:52:19,488 - INFO - Scraping 1847/6851: https://www.refurbed.de/p/dell-s2721dgfa-27/
2026-01-11 02:52:20,893 - INFO - Scraping 1848/6851: https://www.refurbed.de/p/dell-s2721ds-27/
2026-01-11 02:52:22,375 - INFO - Scraping 1849/6851: https://www.refurbed.de/p/dell-s2721h-27/
2026-01-11 02:52:23,762 - INFO - Scraping 1850/6851: https://www.refurbed.de/p/dell-s2721hgf-27/
2026-01-11 02:52:25,098 - INFO - Scraping 1851/6851: https://www.refurbed.de/p/dell-s2721hn-27/
2026-01-11 02:52:26,468 - INFO - Scraping 1852/6851: https://www.refurbed.de/p/dell-s2721hs-27/
2026-01-11 02:52:27,776 - INFO - Scraping 1853/6851: https://www.refurbed.de/p/dell-s2721hsx-27/
2026-01-11 02:52:29,255 - INFO - Scraping 1854/6851: https://www.refurbed.de/p/dell-s2721nx/
2026-01-11 02:52:30,623 - INFO - Scraping 1855/6851: https://www.refurbed.de/p/dell-s2721qs-27/
2026-01-11 02:52:32,022 - INFO - Scraping 1856/6851: https://www.refurbed.de/p/dell-s2721qsa/
2026-01-11 02:52:33,360 - INFO - Scraping 1857/6851: https://www.refurbed.de/p/dell-s2722dc-27/
2026-01-11 02:52:34,682 - INFO - Scraping 1858/6851: https://www.refurbed.de/p/dell-s2722dgm/
2026-01-11 02:52:36,027 - INFO - Scraping 1859/6851: https://www.refurbed.de/p/dell-s2722dz-27/
2026-01-11 02:52:37,487 - INFO - Scraping 1860/6851: https://www.refurbed.de/p/dell-s2722qc-27/
2026-01-11 02:52:38,861 - INFO - Scraping 1861/6851: https://www.refurbed.de/p/dell-s2723hc-27/
2026-01-11 02:52:40,212 - INFO - Scraping 1862/6851: https://www.refurbed.de/p/dell-s2725ds/
2026-01-11 02:52:41,828 - INFO - Scraping 1863/6851: https://www.refurbed.de/p/dell-s2725h/
2026-01-11 02:52:43,363 - INFO - Scraping 1864/6851: https://www.refurbed.de/p/dell-s2725hs/
2026-01-11 02:52:44,776 - INFO - Scraping 1865/6851: https://www.refurbed.de/p/dell-s3220dgf-31-5/
2026-01-11 02:52:46,093 - INFO - Scraping 1866/6851: https://www.refurbed.de/p/dell-s3221qs-31-5/
2026-01-11 02:52:47,424 - INFO - Scraping 1867/6851: https://www.refurbed.de/p/dell-s3221qsa-31-5/
2026-01-11 02:52:48,741 - INFO - Scraping 1868/6851: https://www.refurbed.de/p/dell-s3222dgm/
2026-01-11 02:52:50,180 - INFO - Scraping 1869/6851: https://www.refurbed.de/p/dell-s3422dw-34/
2026-01-11 02:52:51,721 - INFO - Scraping 1870/6851: https://www.refurbed.de/p/dell-s3422dwg-34/
2026-01-11 02:52:53,036 - INFO - Scraping 1871/6851: https://www.refurbed.de/p/dell-s3423dwc-34/
2026-01-11 02:52:54,388 - INFO - Scraping 1872/6851: https://www.refurbed.de/p/dell-se2216h/
2026-01-11 02:52:55,759 - INFO - Scraping 1873/6851: https://www.refurbed.de/p/dell-se2219h-21-5/
2026-01-11 02:52:57,361 - INFO - Scraping 1874/6851: https://www.refurbed.de/p/dell-se2222h-21-5/
2026-01-11 02:52:58,872 - INFO - Scraping 1875/6851: https://www.refurbed.de/p/dell-se2417hgx-23-6/
2026-01-11 02:53:00,224 - INFO - Scraping 1876/6851: https://www.refurbed.de/p/dell-se2419hr-23-8/
2026-01-11 02:53:01,563 - INFO - Scraping 1877/6851: https://www.refurbed.de/p/dell-se2422h-23-8/
2026-01-11 02:53:02,966 - INFO - Scraping 1878/6851: https://www.refurbed.de/p/dell-se2717h/
2026-01-11 02:53:04,302 - INFO - Scraping 1879/6851: https://www.refurbed.de/p/dell-se2719h-27/
2026-01-11 02:53:05,682 - INFO - Scraping 1880/6851: https://www.refurbed.de/p/dell-se2722h-27/
2026-01-11 02:53:06,995 - INFO - Scraping 1881/6851: https://www.refurbed.de/p/dell-se2723ds-27/
2026-01-11 02:53:08,379 - INFO - Scraping 1882/6851: https://www.refurbed.de/p/dell-se3223q-31-5/
2026-01-11 02:53:09,701 - INFO - Scraping 1883/6851: https://www.refurbed.de/p/dell-soundbar-ac511/
2026-01-11 02:53:11,045 - INFO - Scraping 1884/6851: https://www.refurbed.de/p/dell-sp2208wfp-22/
2026-01-11 02:53:12,427 - INFO - Scraping 1885/6851: https://www.refurbed.de/p/dell-stereo-soundbar-ac511m/
2026-01-11 02:53:13,752 - INFO - Scraping 1886/6851: https://www.refurbed.de/p/dell-studio-xps-8700/
2026-01-11 02:53:13,992 - ERROR - Error fetching https://www.refurbed.de/p/dell-studio-xps-8700/: 404 Client Error: Not Found for url: https://www.refurbed.de/p/dell-studio-xps-8700/
2026-01-11 02:53:14,994 - INFO - Scraping 1887/6851: https://www.refurbed.de/p/dell-sx2210t-21-5/
2026-01-11 02:53:16,368 - INFO - Scraping 1888/6851: https://www.refurbed.de/p/dell-t3500-tower-wrokstation/
2026-01-11 02:53:16,541 - ERROR - Error fetching https://www.refurbed.de/p/dell-t3500-tower-wrokstation/: 404 Client Error: Not Found for url: https://www.refurbed.de/p/dell-t3500-tower-wrokstation/
2026-01-11 02:53:17,543 - INFO - Scraping 1889/6851: https://www.refurbed.de/p/dell-thunderbolt-dock-tb16/
2026-01-11 02:53:19,010 - INFO - Scraping 1890/6851: https://www.refurbed.de/p/dell-thunderbolt-dock-tb18dc/
2026-01-11 02:53:20,371 - INFO - Scraping 1891/6851: https://www.refurbed.de/p/dell-thunderbolt-dock-wd19tb/
2026-01-11 02:53:21,870 - INFO - Scraping 1892/6851: https://www.refurbed.de/p/dell-thunderbolt-dock-wd19tbs/
2026-01-11 02:53:23,248 - INFO - Scraping 1893/6851: https://www.refurbed.de/p/dell-thunderbolt-dock-wd22tb4/
2026-01-11 02:53:24,672 - INFO - Scraping 1894/6851: https://www.refurbed.de/p/dell-u2211h-monitor/
2026-01-11 02:53:26,036 - INFO - Scraping 1895/6851: https://www.refurbed.de/p/dell-u2212hm-monitor/
2026-01-11 02:53:27,363 - INFO - Scraping 1896/6851: https://www.refurbed.de/p/dell-u2311h/
2026-01-11 02:53:28,793 - INFO - Scraping 1897/6851: https://www.refurbed.de/p/dell-u2412m/
2026-01-11 02:53:30,279 - INFO - Scraping 1898/6851: https://www.refurbed.de/p/dell-u2417h/
2026-01-11 02:53:31,632 - INFO - Scraping 1899/6851: https://www.refurbed.de/p/dell-ultrasharp-2007wfpb-20/
2026-01-11 02:53:32,951 - INFO - Scraping 1900/6851: https://www.refurbed.de/p/dell-ultrasharp-2208wfpt-22/
2026-01-11 02:53:34,328 - INFO - Scraping 1901/6851: https://www.refurbed.de/p/dell-ultrasharp-2209wa/
2026-01-11 02:53:35,836 - INFO - Scraping 1902/6851: https://www.refurbed.de/p/dell-ultrasharp-2405fpw/
2026-01-11 02:53:37,191 - INFO - Scraping 1903/6851: https://www.refurbed.de/p/dell-ultrasharp-2407wfp-hc/
2026-01-11 02:53:38,498 - INFO - Scraping 1904/6851: https://www.refurbed.de/p/dell-ultrasharp-2408wfp/
2026-01-11 02:53:39,825 - INFO - Scraping 1905/6851: https://www.refurbed.de/p/dell-ultrasharp-p2012ht-20/
2026-01-11 02:53:41,297 - INFO - Scraping 1906/6851: https://www.refurbed.de/p/dell-ultrasharp-p2210f-22/
2026-01-11 02:53:43,088 - INFO - Scraping 1907/6851: https://www.refurbed.de/p/dell-ultrasharp-p2210t-22/
2026-01-11 02:53:44,443 - INFO - Scraping 1908/6851: https://www.refurbed.de/p/dell-ultrasharp-p2418ht/
2026-01-11 02:53:45,786 - INFO - Scraping 1909/6851: https://www.refurbed.de/p/dell-ultrasharp-p3424we/
2026-01-11 02:53:47,102 - INFO - Scraping 1910/6851: https://www.refurbed.de/p/dell-ultrasharp-u2312hm-23/
2026-01-11 02:53:48,454 - INFO - Scraping 1911/6851: https://www.refurbed.de/p/dell-ultrasharp-u2312hm/
2026-01-11 02:53:49,941 - INFO - Scraping 1912/6851: https://www.refurbed.de/p/dell-ultrasharp-u2410f/
2026-01-11 02:53:51,285 - INFO - Scraping 1913/6851: https://www.refurbed.de/p/dell-ultrasharp-u2413f/
2026-01-11 02:53:52,734 - INFO - Scraping 1914/6851: https://www.refurbed.de/p/dell-ultrasharp-u2414h-24/
2026-01-11 02:53:54,140 - INFO - Scraping 1915/6851: https://www.refurbed.de/p/dell-ultrasharp-u2415/
2026-01-11 02:53:55,710 - INFO - Scraping 1916/6851: https://www.refurbed.de/p/dell-ultrasharp-u2415h-24/
2026-01-11 02:53:57,083 - INFO - Scraping 1917/6851: https://www.refurbed.de/p/dell-ultrasharp-u2419h/
2026-01-11 02:53:58,627 - INFO - Scraping 1918/6851: https://www.refurbed.de/p/dell-ultrasharp-u2419hc/
2026-01-11 02:54:00,092 - INFO - Scraping 1919/6851: https://www.refurbed.de/p/dell-ultrasharp-u2421e/
2026-01-11 02:54:01,513 - INFO - Scraping 1920/6851: https://www.refurbed.de/p/dell-ultrasharp-u2421he-23-8/
2026-01-11 02:54:02,983 - INFO - Scraping 1921/6851: https://www.refurbed.de/p/dell-ultrasharp-u2422h-23-8/
2026-01-11 02:54:04,471 - INFO - Scraping 1922/6851: https://www.refurbed.de/p/dell-ultrasharp-u2422he-23-8/
2026-01-11 02:54:05,898 - INFO - Scraping 1923/6851: https://www.refurbed.de/p/dell-ultrasharp-u2424h/
2026-01-11 02:54:07,219 - INFO - Scraping 1924/6851: https://www.refurbed.de/p/dell-ultrasharp-u2424he/
2026-01-11 02:54:08,544 - INFO - Scraping 1925/6851: https://www.refurbed.de/p/dell-ultrasharp-u2515h/
2026-01-11 02:54:09,903 - INFO - Scraping 1926/6851: https://www.refurbed.de/p/dell-ultrasharp-u2518d/
2026-01-11 02:54:11,325 - INFO - Scraping 1927/6851: https://www.refurbed.de/p/dell-ultrasharp-u2520d/
2026-01-11 02:54:12,681 - INFO - Scraping 1928/6851: https://www.refurbed.de/p/dell-ultrasharp-u2713h/
2026-01-11 02:54:14,159 - INFO - Scraping 1929/6851: https://www.refurbed.de/p/dell-ultrasharp-u2713hm/
2026-01-11 02:54:15,585 - INFO - Scraping 1930/6851: https://www.refurbed.de/p/dell-ultrasharp-u2715h-27/
2026-01-11 02:54:16,992 - INFO - Scraping 1931/6851: https://www.refurbed.de/p/dell-ultrasharp-u2717d-27/
2026-01-11 02:54:18,315 - INFO - Scraping 1932/6851: https://www.refurbed.de/p/dell-ultrasharp-u2718q/
2026-01-11 02:54:19,677 - INFO - Scraping 1933/6851: https://www.refurbed.de/p/dell-ultrasharp-u2719d/
2026-01-11 02:54:20,998 - INFO - Scraping 1934/6851: https://www.refurbed.de/p/dell-ultrasharp-u2719dc/
2026-01-11 02:54:22,325 - INFO - Scraping 1935/6851: https://www.refurbed.de/p/dell-ultrasharp-u2720q-u2719d/
2026-01-11 02:54:23,706 - INFO - Scraping 1936/6851: https://www.refurbed.de/p/dell-ultrasharp-u2721de/
2026-01-11 02:54:25,037 - INFO - Scraping 1937/6851: https://www.refurbed.de/p/dell-ultrasharp-u2722d-27/
2026-01-11 02:54:26,375 - INFO - Scraping 1938/6851: https://www.refurbed.de/p/dell-ultrasharp-u2722de/
2026-01-11 02:54:27,775 - INFO - Scraping 1939/6851: https://www.refurbed.de/p/dell-ultrasharp-u2723qe/
2026-01-11 02:54:29,128 - INFO - Scraping 1940/6851: https://www.refurbed.de/p/dell-ultrasharp-u2724d/
2026-01-11 02:54:30,945 - INFO - Scraping 1941/6851: https://www.refurbed.de/p/dell-ultrasharp-u2724de/
2026-01-11 02:54:32,237 - INFO - Scraping 1942/6851: https://www.refurbed.de/p/dell-ultrasharp-u2913wm/
2026-01-11 02:54:33,548 - INFO - Scraping 1943/6851: https://www.refurbed.de/p/dell-ultrasharp-u2917w/
2026-01-11 02:54:34,874 - INFO - Scraping 1944/6851: https://www.refurbed.de/p/dell-ultrasharp-u3011t-30/
2026-01-11 02:54:36,196 - INFO - Scraping 1945/6851: https://www.refurbed.de/p/dell-ultrasharp-u3014t-30/
2026-01-11 02:54:37,570 - INFO - Scraping 1946/6851: https://www.refurbed.de/p/dell-ultrasharp-u3023e/
2026-01-11 02:54:38,961 - INFO - Scraping 1947/6851: https://www.refurbed.de/p/dell-ultrasharp-u3219q-31-5/
2026-01-11 02:54:40,321 - INFO - Scraping 1948/6851: https://www.refurbed.de/p/dell-ultrasharp-u3223qe/
2026-01-11 02:54:41,783 - INFO - Scraping 1949/6851: https://www.refurbed.de/p/dell-ultrasharp-u3223qz-31-5/
2026-01-11 02:54:43,115 - INFO - Scraping 1950/6851: https://www.refurbed.de/p/dell-ultrasharp-u3224kba/
2026-01-11 02:54:44,456 - INFO - Scraping 1951/6851: https://www.refurbed.de/p/dell-ultrasharp-u3415w-34/
2026-01-11 02:54:46,034 - INFO - Scraping 1952/6851: https://www.refurbed.de/p/dell-ultrasharp-u3415wb/
2026-01-11 02:54:47,455 - INFO - Scraping 1953/6851: https://www.refurbed.de/p/dell-ultrasharp-u3417w/
2026-01-11 02:54:48,836 - INFO - Scraping 1954/6851: https://www.refurbed.de/p/dell-ultrasharp-u3419w/
2026-01-11 02:54:50,141 - INFO - Scraping 1955/6851: https://www.refurbed.de/p/dell-ultrasharp-u3421we-34-14/
2026-01-11 02:54:51,666 - INFO - Scraping 1956/6851: https://www.refurbed.de/p/dell-ultrasharp-u3423we-34-14/
2026-01-11 02:54:53,168 - INFO - Scraping 1957/6851: https://www.refurbed.de/p/dell-ultrasharp-u3425we-34-14/
2026-01-11 02:54:54,627 - INFO - Scraping 1958/6851: https://www.refurbed.de/p/dell-ultrasharp-u3818dw-37/
2026-01-11 02:54:56,066 - INFO - Scraping 1959/6851: https://www.refurbed.de/p/dell-ultrasharp-u3821dw-37/
2026-01-11 02:54:57,379 - INFO - Scraping 1960/6851: https://www.refurbed.de/p/dell-ultrasharp-u3824dw-37-5/
2026-01-11 02:54:58,703 - INFO - Scraping 1961/6851: https://www.refurbed.de/p/dell-ultrasharp-u4021qw-39/
2026-01-11 02:55:00,064 - INFO - Scraping 1962/6851: https://www.refurbed.de/p/dell-ultrasharp-u4025qw/
2026-01-11 02:55:01,413 - INFO - Scraping 1963/6851: https://www.refurbed.de/p/dell-ultrasharp-u4320q-42-5/
2026-01-11 02:55:02,825 - INFO - Scraping 1964/6851: https://www.refurbed.de/p/dell-ultrasharp-u4323qe/
2026-01-11 02:55:04,152 - INFO - Scraping 1965/6851: https://www.refurbed.de/p/dell-ultrasharp-u4919dw-49/
2026-01-11 02:55:05,548 - INFO - Scraping 1966/6851: https://www.refurbed.de/p/dell-ultrasharp-u4924dw/
2026-01-11 02:55:07,054 - INFO - Scraping 1967/6851: https://www.refurbed.de/p/dell-ultrasharp-up2516d/
2026-01-11 02:55:08,486 - INFO - Scraping 1968/6851: https://www.refurbed.de/p/dell-ultrasharp-up2520d/
2026-01-11 02:55:09,847 - INFO - Scraping 1969/6851: https://www.refurbed.de/p/dell-ultrasharp-up2716d/
2026-01-11 02:55:11,215 - INFO - Scraping 1970/6851: https://www.refurbed.de/p/dell-ultrasharp-up2718q/
2026-01-11 02:55:12,530 - INFO - Scraping 1971/6851: https://www.refurbed.de/p/dell-ultrasharp-up2720q/
2026-01-11 02:55:14,031 - INFO - Scraping 1972/6851: https://www.refurbed.de/p/dell-ultrasharp-up2720qa/
2026-01-11 02:55:15,446 - INFO - Scraping 1973/6851: https://www.refurbed.de/p/dell-ultrasharp-up3017/
2026-01-11 02:55:16,928 - INFO - Scraping 1974/6851: https://www.refurbed.de/p/dell-ultrasharp-up3216q/
2026-01-11 02:55:18,237 - INFO - Scraping 1975/6851: https://www.refurbed.de/p/dell-ultrasharp-up3218k/
2026-01-11 02:55:19,565 - INFO - Scraping 1976/6851: https://www.refurbed.de/p/dell-ultrasharp-up3221q-31-5/
2026-01-11 02:55:20,951 - INFO - Scraping 1977/6851: https://www.refurbed.de/p/dell-ultrathin-s2719dm/
2026-01-11 02:55:22,314 - INFO - Scraping 1978/6851: https://www.refurbed.de/p/dell-universal-dock-ud22/
2026-01-11 02:55:23,731 - INFO - Scraping 1979/6851: https://www.refurbed.de/p/dell-venue-11-pro-5130/
2026-01-11 02:55:24,061 - ERROR - Error fetching https://www.refurbed.de/p/dell-venue-11-pro-5130/: 404 Client Error: Not Found for url: https://www.refurbed.de/p/dell-venue-11-pro-5130/
2026-01-11 02:55:25,063 - INFO - Scraping 1980/6851: https://www.refurbed.de/p/dell-venue-11-pro/
2026-01-11 02:55:25,238 - ERROR - Error fetching https://www.refurbed.de/p/dell-venue-11-pro/: 404 Client Error: Not Found for url: https://www.refurbed.de/p/dell-venue-11-pro/
2026-01-11 02:55:26,240 - INFO - Scraping 1981/6851: https://www.refurbed.de/p/dell-vjch5/
2026-01-11 02:55:27,626 - INFO - Scraping 1982/6851: https://www.refurbed.de/p/dell-vostro-14-3400-1115g4-14/
2026-01-11 02:55:29,009 - INFO - Scraping 1983/6851: https://www.refurbed.de/p/dell-vostro-14-5468-i5-7200u-14/
2026-01-11 02:55:29,188 - ERROR - Error fetching https://www.refurbed.de/p/dell-vostro-14-5468-i5-7200u-14/: 404 Client Error: Not Found for url: https://www.refurbed.de/p/dell-vostro-14-5468-i5-7200u-14/
2026-01-11 02:55:30,191 - INFO - Scraping 1984/6851: https://www.refurbed.de/p/dell-vostro-15-3510-1035g1/
2026-01-11 02:55:31,519 - INFO - Scraping 1985/6851: https://www.refurbed.de/p/dell-vostro-15-3510-i5-1135g7/
2026-01-11 02:55:32,853 - INFO - Scraping 1986/6851: https://www.refurbed.de/p/dell-vostro-15-3515-r-5-3450u/
2026-01-11 02:55:34,310 - INFO - Scraping 1987/6851: https://www.refurbed.de/p/dell-vostro-15-3549-3205u/
2026-01-11 02:55:34,554 - ERROR - Error fetching https://www.refurbed.de/p/dell-vostro-15-3549-3205u/: 404 Client Error: Not Found for url: https://www.refurbed.de/p/dell-vostro-15-3549-3205u/
2026-01-11 02:55:35,556 - INFO - Scraping 1988/6851: https://www.refurbed.de/p/dell-vostro-15-3568-7200u/
2026-01-11 02:55:35,730 - ERROR - Error fetching https://www.refurbed.de/p/dell-vostro-15-3568-7200u/: 404 Client Error: Not Found for url: https://www.refurbed.de/p/dell-vostro-15-3568-7200u/
2026-01-11 02:55:36,732 - INFO - Scraping 1989/6851: https://www.refurbed.de/p/dell-vostro-15-3590-i5-10210u/
2026-01-11 02:55:38,142 - INFO - Scraping 1990/6851: https://www.refurbed.de/p/dell-vostro-15-5415-5-5500u/
2026-01-11 02:55:39,572 - INFO - Scraping 1991/6851: https://www.refurbed.de/p/dell-vostro-15-5501-i7-1065g7/
2026-01-11 02:55:40,934 - INFO - Scraping 1992/6851: https://www.refurbed.de/p/dell-vostro-15-5502-i5-1135g7/
2026-01-11 02:55:42,304 - INFO - Scraping 1993/6851: https://www.refurbed.de/p/dell-vostro-15-5510-i5-11320h/
2026-01-11 02:55:43,636 - INFO - Scraping 1994/6851: https://www.refurbed.de/p/dell-vostro-15-5515-5-5500u/
2026-01-11 02:55:44,954 - INFO - Scraping 1995/6851: https://www.refurbed.de/p/dell-vostro-15-5568-7200u/
2026-01-11 02:55:45,129 - ERROR - Error fetching https://www.refurbed.de/p/dell-vostro-15-5568-7200u/: 404 Client Error: Not Found for url: https://www.refurbed.de/p/dell-vostro-15-5568-7200u/
2026-01-11 02:55:46,131 - INFO - Scraping 1996/6851: https://www.refurbed.de/p/dell-vostro-15-5581-i5-8265u/
2026-01-11 02:55:47,626 - INFO - Scraping 1997/6851: https://www.refurbed.de/p/dell-vostro-15-5590-i5-10210u/
2026-01-11 02:55:49,041 - INFO - Scraping 1998/6851: https://www.refurbed.de/p/dell-vostro-3500-1165g7-15-6/
2026-01-11 02:55:50,479 - INFO - Scraping 1999/6851: https://www.refurbed.de/p/dell-vostro-3500-i5-1135g7/
2026-01-11 02:55:51,974 - INFO - Scraping 2000/6851: https://www.refurbed.de/p/dell-vostro-3591-i5-1035g1/
2026-01-11 02:55:53,368 - INFO - Scraping 2001/6851: https://www.refurbed.de/p/dell-vostro-3681-sff/
2026-01-11 02:55:54,778 - INFO - Scraping 2002/6851: https://www.refurbed.de/p/dell-vostro-3900/
2026-01-11 02:55:54,963 - ERROR - Error fetching https://www.refurbed.de/p/dell-vostro-3900/: 404 Client Error: Not Found for url: https://www.refurbed.de/p/dell-vostro-3900/
2026-01-11 02:55:55,965 - INFO - Scraping 2003/6851: https://www.refurbed.de/p/dell-vostro-5401-i5-1035g1-14/
2026-01-11 02:55:57,306 - INFO - Scraping 2004/6851: https://www.refurbed.de/p/dell-vostro-5402-i7-1165g7-14/
2026-01-11 02:55:58,642 - INFO - Scraping 2005/6851: https://www.refurbed.de/p/dell-vostro-5471-i5-8250u-14/
2026-01-11 02:55:59,953 - INFO - Scraping 2006/6851: https://www.refurbed.de/p/dell-vostro-5490-10510u-14/
2026-01-11 02:56:01,251 - INFO - Scraping 2007/6851: https://www.refurbed.de/p/dell-wireless-dock-d5000/
2026-01-11 02:56:02,705 - INFO - Scraping 2008/6851: https://www.refurbed.de/p/dell-wld15-452-bbus/
2026-01-11 02:56:04,052 - INFO - Scraping 2009/6851: https://www.refurbed.de/p/dell-wyse-5030-pcoip-zero-client/
2026-01-11 02:56:05,392 - INFO - Scraping 2010/6851: https://www.refurbed.de/p/dell-wyse-5070-thin-client/
2026-01-11 02:56:05,570 - ERROR - Error fetching https://www.refurbed.de/p/dell-wyse-5070-thin-client/: 404 Client Error: Not Found for url: https://www.refurbed.de/p/dell-wyse-5070-thin-client/
2026-01-11 02:56:06,572 - INFO - Scraping 2011/6851: https://www.refurbed.de/p/dell-wyse-5212-aio-thin-client/
2026-01-11 02:56:07,893 - INFO - Scraping 2012/6851: https://www.refurbed.de/p/dell-xps-11-9p33-4210y/
2026-01-11 02:56:08,097 - ERROR - Error fetching https://www.refurbed.de/p/dell-xps-11-9p33-4210y/: 404 Client Error: Not Found for url: https://www.refurbed.de/p/dell-xps-11-9p33-4210y/
2026-01-11 02:56:09,099 - INFO - Scraping 2013/6851: https://www.refurbed.de/p/dell-xps-13-2in1-9310-17-1165g7/
2026-01-11 02:56:10,444 - INFO - Scraping 2014/6851: https://www.refurbed.de/p/dell-xps-13-2in1-9365-17-7y75/
2026-01-11 02:56:10,637 - ERROR - Error fetching https://www.refurbed.de/p/dell-xps-13-2in1-9365-17-7y75/: 404 Client Error: Not Found for url: https://www.refurbed.de/p/dell-xps-13-2in1-9365-17-7y75/
2026-01-11 02:56:11,639 - INFO - Scraping 2015/6851: https://www.refurbed.de/p/dell-xps-13-2in1-9365-17-8500u/
2026-01-11 02:56:11,844 - ERROR - Error fetching https://www.refurbed.de/p/dell-xps-13-2in1-9365-17-8500u/: 404 Client Error: Not Found for url: https://www.refurbed.de/p/dell-xps-13-2in1-9365-17-8500u/
2026-01-11 02:56:12,847 - INFO - Scraping 2016/6851: https://www.refurbed.de/p/dell-xps-13-2in1-9365-i5-7y57/
2026-01-11 02:56:13,074 - ERROR - Error fetching https://www.refurbed.de/p/dell-xps-13-2in1-9365-i5-7y57/: 404 Client Error: Not Found for url: https://www.refurbed.de/p/dell-xps-13-2in1-9365-i5-7y57/
2026-01-11 02:56:14,076 - INFO - Scraping 2017/6851: https://www.refurbed.de/p/dell-xps-13-2in1-9365-i5-8200y/
2026-01-11 02:56:15,491 - INFO - Scraping 2018/6851: https://www.refurbed.de/p/dell-xps-13-2in1-9365-i7-8500y/
2026-01-11 02:56:17,006 - INFO - Scraping 2019/6851: https://www.refurbed.de/p/dell-xps-13-7390-10210u/
2026-01-11 02:56:18,316 - INFO - Scraping 2020/6851: https://www.refurbed.de/p/dell-xps-13-7390-10510u/
2026-01-11 02:56:19,753 - INFO - Scraping 2021/6851: https://www.refurbed.de/p/dell-xps-13-7390-1065g7/
2026-01-11 02:56:21,075 - INFO - Scraping 2022/6851: https://www.refurbed.de/p/dell-xps-13-7390-10710u/
2026-01-11 02:56:22,519 - INFO - Scraping 2023/6851: https://www.refurbed.de/p/dell-xps-13-7390-2-in-1-1035g1/
2026-01-11 02:56:23,975 - INFO - Scraping 2024/6851: https://www.refurbed.de/p/dell-xps-13-7390-2-in-1-10510u/
2026-01-11 02:56:25,379 - INFO - Scraping 2025/6851: https://www.refurbed.de/p/dell-xps-13-7390-2-in-1-8350u/
2026-01-11 02:56:26,687 - INFO - Scraping 2026/6851: https://www.refurbed.de/p/dell-xps-13-9300-1065g7-13-4/
2026-01-11 02:56:28,029 - INFO - Scraping 2027/6851: https://www.refurbed.de/p/dell-xps-13-9300-i5-1035g1/
2026-01-11 02:56:29,567 - INFO - Scraping 2028/6851: https://www.refurbed.de/p/dell-xps-13-9305-1135g7-13-3/
2026-01-11 02:56:30,936 - INFO - Scraping 2029/6851: https://www.refurbed.de/p/dell-xps-13-9305-i7-1165g7/
2026-01-11 02:56:32,300 - INFO - Scraping 2030/6851: https://www.refurbed.de/p/dell-xps-13-9310-2-in-1-1165g7/
2026-01-11 02:56:33,859 - INFO - Scraping 2031/6851: https://www.refurbed.de/p/dell-xps-13-9310-2-in-1-1185g7/
2026-01-11 02:56:35,254 - INFO - Scraping 2032/6851: https://www.refurbed.de/p/dell-xps-13-9310-2-in-1-1195g7/
2026-01-11 02:56:36,681 - INFO - Scraping 2033/6851: https://www.refurbed.de/p/dell-xps-13-9310-i5-1135g7-13-4/
2026-01-11 02:56:38,213 - INFO - Scraping 2034/6851: https://www.refurbed.de/p/dell-xps-13-9310-i7-1165g7-13-4/
2026-01-11 02:56:39,514 - INFO - Scraping 2035/6851: https://www.refurbed.de/p/dell-xps-13-9310-i7-1185g7-13-4/
2026-01-11 02:56:40,836 - INFO - Scraping 2036/6851: https://www.refurbed.de/p/dell-xps-13-9310-i7-1195g7-13-4/
2026-01-11 02:56:42,211 - INFO - Scraping 2037/6851: https://www.refurbed.de/p/dell-xps-13-9315-1230u/
2026-01-11 02:56:43,526 - INFO - Scraping 2038/6851: https://www.refurbed.de/p/dell-xps-13-9315-1250u-13-4/
2026-01-11 02:56:44,878 - INFO - Scraping 2039/6851: https://www.refurbed.de/p/dell-xps-13-9315-2-in-1-1230u/
2026-01-11 02:56:46,210 - INFO - Scraping 2040/6851: https://www.refurbed.de/p/dell-xps-13-9315-2-in-1-1250u/
2026-01-11 02:56:47,669 - INFO - Scraping 2041/6851: https://www.refurbed.de/p/dell-xps-13-9333-i5-4200u-13-3/
2026-01-11 02:56:47,865 - ERROR - Error fetching https://www.refurbed.de/p/dell-xps-13-9333-i5-4200u-13-3/: 404 Client Error: Not Found for url: https://www.refurbed.de/p/dell-xps-13-9333-i5-4200u-13-3/
2026-01-11 02:56:48,867 - INFO - Scraping 2042/6851: https://www.refurbed.de/p/dell-xps-13-9333-i5-6200u-13-3/
2026-01-11 02:56:49,075 - ERROR - Error fetching https://www.refurbed.de/p/dell-xps-13-9333-i5-6200u-13-3/: 404 Client Error: Not Found for url: https://www.refurbed.de/p/dell-xps-13-9333-i5-6200u-13-3/
2026-01-11 02:56:50,078 - INFO - Scraping 2043/6851: https://www.refurbed.de/p/dell-xps-13-9333-i7-4650u-13-3/
2026-01-11 02:56:50,296 - ERROR - Error fetching https://www.refurbed.de/p/dell-xps-13-9333-i7-4650u-13-3/: 404 Client Error: Not Found for url: https://www.refurbed.de/p/dell-xps-13-9333-i7-4650u-13-3/
2026-01-11 02:56:51,299 - INFO - Scraping 2044/6851: https://www.refurbed.de/p/dell-xps-13-9343-5200u/
2026-01-11 02:56:51,468 - ERROR - Error fetching https://www.refurbed.de/p/dell-xps-13-9343-5200u/: 404 Client Error: Not Found for url: https://www.refurbed.de/p/dell-xps-13-9343-5200u/
2026-01-11 02:56:52,470 - INFO - Scraping 2045/6851: https://www.refurbed.de/p/dell-xps-13-9350-i5-6200u-13-3/
2026-01-11 02:56:52,678 - ERROR - Error fetching https://www.refurbed.de/p/dell-xps-13-9350-i5-6200u-13-3/: 404 Client Error: Not Found for url: https://www.refurbed.de/p/dell-xps-13-9350-i5-6200u-13-3/
2026-01-11 02:56:53,681 - INFO - Scraping 2046/6851: https://www.refurbed.de/p/dell-xps-13-9350-i7-6500u/
2026-01-11 02:56:53,903 - ERROR - Error fetching https://www.refurbed.de/p/dell-xps-13-9350-i7-6500u/: 404 Client Error: Not Found for url: https://www.refurbed.de/p/dell-xps-13-9350-i7-6500u/
2026-01-11 02:56:54,905 - INFO - Scraping 2047/6851: https://www.refurbed.de/p/dell-xps-13-9350-i7-6560u-13-3/
2026-01-11 02:56:55,088 - ERROR - Error fetching https://www.refurbed.de/p/dell-xps-13-9350-i7-6560u-13-3/: 404 Client Error: Not Found for url: https://www.refurbed.de/p/dell-xps-13-9350-i7-6560u-13-3/
2026-01-11 02:56:56,090 - INFO - Scraping 2048/6851: https://www.refurbed.de/p/dell-xps-13-9360-7200u/
2026-01-11 02:56:56,297 - ERROR - Error fetching https://www.refurbed.de/p/dell-xps-13-9360-7200u/: 404 Client Error: Not Found for url: https://www.refurbed.de/p/dell-xps-13-9360-7200u/
2026-01-11 02:56:57,299 - INFO - Scraping 2049/6851: https://www.refurbed.de/p/dell-xps-13-9360-i5-8250u-13-3/
2026-01-11 02:56:58,683 - INFO - Scraping 2050/6851: https://www.refurbed.de/p/dell-xps-13-9360-i7-7500u/
2026-01-11 02:56:59,027 - ERROR - Error fetching https://www.refurbed.de/p/dell-xps-13-9360-i7-7500u/: 404 Client Error: Not Found for url: https://www.refurbed.de/p/dell-xps-13-9360-i7-7500u/
2026-01-11 02:57:00,029 - INFO - Scraping 2051/6851: https://www.refurbed.de/p/dell-xps-13-9360-i7-7560u-13-3/
2026-01-11 02:57:00,223 - ERROR - Error fetching https://www.refurbed.de/p/dell-xps-13-9360-i7-7560u-13-3/: 404 Client Error: Not Found for url: https://www.refurbed.de/p/dell-xps-13-9360-i7-7560u-13-3/
2026-01-11 02:57:01,225 - INFO - Scraping 2052/6851: https://www.refurbed.de/p/dell-xps-13-9360-i7-8550u-13-3/
2026-01-11 02:57:02,592 - INFO - Scraping 2053/6851: https://www.refurbed.de/p/dell-xps-13-9370-i5-8250u-13-3/
2026-01-11 02:57:04,049 - INFO - Scraping 2054/6851: https://www.refurbed.de/p/dell-xps-13-9370-i5-8350u-13-3/
2026-01-11 02:57:05,390 - INFO - Scraping 2055/6851: https://www.refurbed.de/p/dell-xps-13-9370-i7-8550u-13-3/
2026-01-11 02:57:06,728 - INFO - Scraping 2056/6851: https://www.refurbed.de/p/dell-xps-13-9370-i7-8650u-13-3/
2026-01-11 02:57:08,249 - INFO - Scraping 2057/6851: https://www.refurbed.de/p/dell-xps-13-9380-i5-8265u-13-3/
2026-01-11 02:57:09,610 - INFO - Scraping 2058/6851: https://www.refurbed.de/p/dell-xps-13-9380-i5-8365u-13-3/
2026-01-11 02:57:10,980 - INFO - Scraping 2059/6851: https://www.refurbed.de/p/dell-xps-13-9380-i7-10710u/
2026-01-11 02:57:12,351 - INFO - Scraping 2060/6851: https://www.refurbed.de/p/dell-xps-13-9380-i7-8565u/
2026-01-11 02:57:13,694 - INFO - Scraping 2061/6851: https://www.refurbed.de/p/dell-xps-13-9380-i7-8665u/
2026-01-11 02:57:15,061 - INFO - Scraping 2062/6851: https://www.refurbed.de/p/dell-xps-13-plus-9320-1240p/
2026-01-11 02:57:16,689 - INFO - Scraping 2063/6851: https://www.refurbed.de/p/dell-xps-13-plus-9320-1260p/
2026-01-11 02:57:18,327 - INFO - Scraping 2064/6851: https://www.refurbed.de/p/dell-xps-13-plus-9320-i7-1280p/
2026-01-11 02:57:19,637 - INFO - Scraping 2065/6851: https://www.refurbed.de/p/dell-xps-15-7590-i5-9300h-15/
2026-01-11 02:57:21,007 - INFO - Scraping 2066/6851: https://www.refurbed.de/p/dell-xps-15-7590-i7-9750h-15/
2026-01-11 02:57:22,651 - INFO - Scraping 2067/6851: https://www.refurbed.de/p/dell-xps-15-7590-i9-9980hk/
2026-01-11 02:57:24,419 - INFO - Scraping 2068/6851: https://www.refurbed.de/p/dell-xps-15-9500-10750h-15-6/
2026-01-11 02:57:25,792 - INFO - Scraping 2069/6851: https://www.refurbed.de/p/dell-xps-15-9500-i5-10300h/
2026-01-11 02:57:27,160 - INFO - Scraping 2070/6851: https://www.refurbed.de/p/dell-xps-15-9500-i7-10875h/
2026-01-11 02:57:28,760 - INFO - Scraping 2071/6851: https://www.refurbed.de/p/dell-xps-15-9500-i9-10885h/
2026-01-11 02:57:30,306 - INFO - Scraping 2072/6851: https://www.refurbed.de/p/dell-xps-15-9510-11900h-15-6/
2026-01-11 02:57:31,706 - INFO - Scraping 2073/6851: https://www.refurbed.de/p/dell-xps-15-9510-i7-11800h-15-6/
2026-01-11 02:57:33,213 - INFO - Scraping 2074/6851: https://www.refurbed.de/p/dell-xps-15-9520-12700h-15-6/
2026-01-11 02:57:34,707 - INFO - Scraping 2075/6851: https://www.refurbed.de/p/dell-xps-15-9530-13700h-15-6/
2026-01-11 02:57:36,130 - INFO - Scraping 2076/6851: https://www.refurbed.de/p/dell-xps-15-9550-i5-6300hq-15-6/
2026-01-11 02:57:36,338 - ERROR - Error fetching https://www.refurbed.de/p/dell-xps-15-9550-i5-6300hq-15-6/: 404 Client Error: Not Found for url: https://www.refurbed.de/p/dell-xps-15-9550-i5-6300hq-15-6/
2026-01-11 02:57:37,340 - INFO - Scraping 2077/6851: https://www.refurbed.de/p/dell-xps-15-9550-i7-6700hq-15-6/
2026-01-11 02:57:37,555 - ERROR - Error fetching https://www.refurbed.de/p/dell-xps-15-9550-i7-6700hq-15-6/: 404 Client Error: Not Found for url: https://www.refurbed.de/p/dell-xps-15-9550-i7-6700hq-15-6/
2026-01-11 02:57:38,557 - INFO - Scraping 2078/6851: https://www.refurbed.de/p/dell-xps-15-9560-15-6-i7-7700hq/
2026-01-11 02:57:38,735 - ERROR - Error fetching https://www.refurbed.de/p/dell-xps-15-9560-15-6-i7-7700hq/: 404 Client Error: Not Found for url: https://www.refurbed.de/p/dell-xps-15-9560-15-6-i7-7700hq/
2026-01-11 02:57:39,737 - INFO - Scraping 2079/6851: https://www.refurbed.de/p/dell-xps-15-9570-8300h-15-6/
2026-01-11 02:57:41,071 - INFO - Scraping 2080/6851: https://www.refurbed.de/p/dell-xps-15-9570-8750h-15-6/
2026-01-11 02:57:42,461 - INFO - Scraping 2081/6851: https://www.refurbed.de/p/dell-xps-15-9570-i9-8950hk/
2026-01-11 02:57:43,812 - INFO - Scraping 2082/6851: https://www.refurbed.de/p/dell-xps-15-9575-8305g/
2026-01-11 02:57:45,158 - INFO - Scraping 2083/6851: https://www.refurbed.de/p/dell-xps-15-9575-i7-8705g/
2026-01-11 02:57:46,542 - INFO - Scraping 2084/6851: https://www.refurbed.de/p/dell-xps-16-9640-7-155h-16-3/
2026-01-11 02:57:47,892 - INFO - Scraping 2085/6851: https://www.refurbed.de/p/dell-xps-17-9700-i5-10300h/
2026-01-11 02:57:49,233 - INFO - Scraping 2086/6851: https://www.refurbed.de/p/dell-xps-17-9700-i7-10875h/
2026-01-11 02:57:50,565 - INFO - Scraping 2087/6851: https://www.refurbed.de/p/dell-xps-17-9710-i7-11800h/
2026-01-11 02:57:52,100 - INFO - Scraping 2088/6851: https://www.refurbed.de/p/dell-xps-17-9710-i9-11900h/
2026-01-11 02:57:53,679 - INFO - Scraping 2089/6851: https://www.refurbed.de/p/dell-xps-17-9720-i7-12700h/
2026-01-11 02:57:55,066 - INFO - Scraping 2090/6851: https://www.refurbed.de/p/dell-xyt17/
2026-01-11 02:57:56,464 - INFO - Scraping 2091/6851: https://www.refurbed.de/p/delonghi-ecam-350-35-w-dinami-ew/
2026-01-11 02:57:57,832 - INFO - Scraping 2092/6851: https://www.refurbed.de/p/delonghi-ecam-350-55-b-dinami-ew/
2026-01-11 02:57:59,159 - INFO - Scraping 2093/6851: https://www.refurbed.de/p/delonghi-ecam-358-15-r-dinami-ew/
2026-01-11 02:58:00,547 - INFO - Scraping 2094/6851: https://www.refurbed.de/p/dyson-cyclone-v10-motorhead/
2026-01-11 02:58:01,881 - INFO - Scraping 2095/6851: https://www.refurbed.de/p/dyson-v11-motorhead/
2026-01-11 02:58:03,198 - INFO - Scraping 2096/6851: https://www.refurbed.de/p/dyson-v12-slim-motorhead/
2026-01-11 02:58:04,986 - INFO - Scraping 2097/6851: https://www.refurbed.de/p/dyson-v8-motorhead-282088/
2026-01-11 02:58:06,337 - INFO - Scraping 2098/6851: https://www.refurbed.de/p/ecowings-laptop-bag-eagle/
2026-01-11 02:58:07,731 - INFO - Scraping 2099/6851: https://www.refurbed.de/p/ecowings-laptop-bag-peacock/
2026-01-11 02:58:09,059 - INFO - Scraping 2100/6851: https://www.refurbed.de/p/elektra-bregenz-mi-65401-sx/
2026-01-11 02:58:10,624 - INFO - Scraping 2101/6851: https://www.refurbed.de/p/emporia-iomi-bluetooth/
2026-01-11 02:58:11,961 - INFO - Scraping 2102/6851: https://www.refurbed.de/p/emporia-tablet-10-1/
2026-01-11 02:58:13,337 - INFO - Scraping 2103/6851: https://www.refurbed.de/p/fujitsu-display-b22w-6-22/
2026-01-11 02:58:14,837 - INFO - Scraping 2104/6851: https://www.refurbed.de/p/fujitsu-display-b24-8-te-pro-23-/
2026-01-11 02:58:16,558 - INFO - Scraping 2105/6851: https://www.refurbed.de/p/fujitsu-display-b24-9-te-23/
2026-01-11 02:58:17,887 - INFO - Scraping 2106/6851: https://www.refurbed.de/p/fujitsu-display-b24w-5-24/
2026-01-11 02:58:19,247 - INFO - Scraping 2107/6851: https://www.refurbed.de/p/fujitsu-display-b24w-6-24/
2026-01-11 02:58:21,107 - INFO - Scraping 2108/6851: https://www.refurbed.de/p/fujitsu-display-b24w-7-led/
2026-01-11 02:58:22,822 - INFO - Scraping 2109/6851: https://www.refurbed.de/p/fujitsu-lb-t935-2-in-1-tab-5600u/
2026-01-11 02:58:23,001 - ERROR - Error fetching https://www.refurbed.de/p/fujitsu-lb-t935-2-in-1-tab-5600u/: 404 Client Error: Not Found for url: https://www.refurbed.de/p/fujitsu-lb-t935-2-in-1-tab-5600u/
2026-01-11 02:58:24,003 - INFO - Scraping 2110/6851: https://www.refurbed.de/p/fujitsu-lb-t936-2-in-1-tab-6300u/
2026-01-11 02:58:24,178 - ERROR - Error fetching https://www.refurbed.de/p/fujitsu-lb-t936-2-in-1-tab-6300u/: 404 Client Error: Not Found for url: https://www.refurbed.de/p/fujitsu-lb-t936-2-in-1-tab-6300u/
2026-01-11 02:58:25,180 - INFO - Scraping 2111/6851: https://www.refurbed.de/p/galaxy-tab-s6-lite-s-pen/
2026-01-11 02:58:26,538 - INFO - Scraping 2112/6851: https://www.refurbed.de/p/garmin-vivoactive-3-music/
2026-01-11 02:58:27,911 - INFO - Scraping 2113/6851: https://www.refurbed.de/p/garmin-vivoactive-3/
2026-01-11 02:58:29,438 - INFO - Scraping 2114/6851: https://www.refurbed.de/p/garmin-vivoactive-4/
2026-01-11 02:58:30,765 - INFO - Scraping 2115/6851: https://www.refurbed.de/p/garmin-vivoactive-4s/
2026-01-11 02:58:32,474 - INFO - Scraping 2116/6851: https://www.refurbed.de/p/garmin-vivoactive-hr/
2026-01-11 02:58:33,862 - INFO - Scraping 2117/6851: https://www.refurbed.de/p/garmin-vivofit-4/
2026-01-11 02:58:35,410 - INFO - Scraping 2118/6851: https://www.refurbed.de/p/garmin-vivofit-jr/
2026-01-11 02:58:37,431 - INFO - Scraping 2119/6851: https://www.refurbed.de/p/garmin-vivomove-3/
2026-01-11 02:58:38,955 - INFO - Scraping 2120/6851: https://www.refurbed.de/p/garmin-vivomove-3s/
2026-01-11 02:58:40,475 - INFO - Scraping 2121/6851: https://www.refurbed.de/p/garmin-vivomove-hr-sport/
2026-01-11 02:58:41,909 - INFO - Scraping 2122/6851: https://www.refurbed.de/p/garmin-vivomove-luxe/
2026-01-11 02:58:43,296 - INFO - Scraping 2123/6851: https://www.refurbed.de/p/garmin-vivomove-sport/
2026-01-11 02:58:44,633 - INFO - Scraping 2124/6851: https://www.refurbed.de/p/garmin-vivomove-style/
2026-01-11 02:58:45,958 - INFO - Scraping 2125/6851: https://www.refurbed.de/p/garmin-vivosmart-3/
2026-01-11 02:58:47,253 - INFO - Scraping 2126/6851: https://www.refurbed.de/p/garmin-vivosmart-4/
2026-01-11 02:58:48,634 - INFO - Scraping 2127/6851: https://www.refurbed.de/p/garmin-vivosmart-hr-fitness-trac/
2026-01-11 02:58:50,007 - INFO - Scraping 2128/6851: https://www.refurbed.de/p/google-pixel-2-xl/
2026-01-11 02:58:51,558 - INFO - Scraping 2129/6851: https://www.refurbed.de/p/google-pixel-2/
2026-01-11 02:58:52,883 - INFO - Scraping 2130/6851: https://www.refurbed.de/p/google-pixel-3-xl/
2026-01-11 02:58:54,510 - INFO - Scraping 2131/6851: https://www.refurbed.de/p/google-pixel-3/
2026-01-11 02:58:55,866 - INFO - Scraping 2132/6851: https://www.refurbed.de/p/google-pixel-3a-xl/
2026-01-11 02:58:57,223 - INFO - Scraping 2133/6851: https://www.refurbed.de/p/google-pixel-3a/
2026-01-11 02:58:58,828 - INFO - Scraping 2134/6851: https://www.refurbed.de/p/google-pixel-4-xl/
2026-01-11 02:59:00,750 - INFO - Scraping 2135/6851: https://www.refurbed.de/p/google-pixel-4/
2026-01-11 02:59:02,238 - INFO - Scraping 2136/6851: https://www.refurbed.de/p/google-pixel-4a-5g/
2026-01-11 02:59:03,975 - INFO - Scraping 2137/6851: https://www.refurbed.de/p/google-pixel-4a/
2026-01-11 02:59:05,682 - INFO - Scraping 2138/6851: https://www.refurbed.de/p/google-pixel-5/
2026-01-11 02:59:07,187 - INFO - Scraping 2139/6851: https://www.refurbed.de/p/google-pixel-6-pro/
2026-01-11 02:59:08,782 - INFO - Scraping 2140/6851: https://www.refurbed.de/p/google-pixel-6/
2026-01-11 02:59:10,420 - INFO - Scraping 2141/6851: https://www.refurbed.de/p/google-pixel-6a-5g/
2026-01-11 02:59:11,897 - INFO - Scraping 2142/6851: https://www.refurbed.de/p/google-pixel-7-pro/
2026-01-11 02:59:13,259 - INFO - Scraping 2143/6851: https://www.refurbed.de/p/google-pixel-7/
2026-01-11 02:59:14,686 - INFO - Scraping 2144/6851: https://www.refurbed.de/p/google-pixel-7a/
2026-01-11 02:59:16,287 - INFO - Scraping 2145/6851: https://www.refurbed.de/p/google-pixel-8-pro/
2026-01-11 02:59:17,875 - INFO - Scraping 2146/6851: https://www.refurbed.de/p/google-pixel-8/
2026-01-11 02:59:19,465 - INFO - Scraping 2147/6851: https://www.refurbed.de/p/google-pixel-8a/
2026-01-11 02:59:21,018 - INFO - Scraping 2148/6851: https://www.refurbed.de/p/google-pixel-9-pro-fold/
2026-01-11 02:59:22,493 - INFO - Scraping 2149/6851: https://www.refurbed.de/p/google-pixel-9-pro-xl/
2026-01-11 02:59:23,885 - INFO - Scraping 2150/6851: https://www.refurbed.de/p/google-pixel-9-pro/
2026-01-11 02:59:25,439 - INFO - Scraping 2151/6851: https://www.refurbed.de/p/google-pixel-9/
2026-01-11 02:59:26,816 - INFO - Scraping 2152/6851: https://www.refurbed.de/p/google-pixel-9a/
2026-01-11 02:59:28,313 - INFO - Scraping 2153/6851: https://www.refurbed.de/p/google-pixel-buds-a-series/
2026-01-11 02:59:29,789 - INFO - Scraping 2154/6851: https://www.refurbed.de/p/google-pixel-buds-pro-2/
2026-01-11 02:59:31,130 - INFO - Scraping 2155/6851: https://www.refurbed.de/p/google-pixel-buds-pro/
2026-01-11 02:59:32,562 - INFO - Scraping 2156/6851: https://www.refurbed.de/p/google-pixel-fold/
2026-01-11 02:59:34,109 - INFO - Scraping 2157/6851: https://www.refurbed.de/p/google-pixel-tablet-tensor-g2/
2026-01-11 02:59:35,551 - INFO - Scraping 2158/6851: https://www.refurbed.de/p/google-pixel-xl/
2026-01-11 02:59:36,965 - INFO - Scraping 2159/6851: https://www.refurbed.de/p/google-pixel/
2026-01-11 02:59:38,306 - INFO - Scraping 2160/6851: https://www.refurbed.de/p/google-pixelbook-go-i5-8200y/
2026-01-11 02:59:39,607 - INFO - Scraping 2161/6851: https://www.refurbed.de/p/google-pixelbook-i5-7y57/
2026-01-11 02:59:40,957 - INFO - Scraping 2162/6851: https://www.refurbed.de/p/holdit-panzerglass-ipad-bundle/
2026-01-11 02:59:42,392 - INFO - Scraping 2163/6851: https://www.refurbed.de/p/holdit-recycled-laptop-sleeve/
2026-01-11 02:59:43,771 - INFO - Scraping 2164/6851: https://www.refurbed.de/p/honor-10-lite/
2026-01-11 02:59:45,244 - INFO - Scraping 2165/6851: https://www.refurbed.de/p/honor-10/
2026-01-11 02:59:46,927 - INFO - Scraping 2166/6851: https://www.refurbed.de/p/honor-10x-lite/
2026-01-11 02:59:48,323 - INFO - Scraping 2167/6851: https://www.refurbed.de/p/honor-20-lite/
2026-01-11 02:59:49,876 - INFO - Scraping 2168/6851: https://www.refurbed.de/p/honor-20-pro/
2026-01-11 02:59:51,511 - INFO - Scraping 2169/6851: https://www.refurbed.de/p/honor-20/
2026-01-11 02:59:53,011 - INFO - Scraping 2170/6851: https://www.refurbed.de/p/honor-200-lite/
2026-01-11 02:59:54,746 - INFO - Scraping 2171/6851: https://www.refurbed.de/p/honor-200-pro/
2026-01-11 02:59:56,264 - INFO - Scraping 2172/6851: https://www.refurbed.de/p/honor-200-smart/
2026-01-11 02:59:57,925 - INFO - Scraping 2173/6851: https://www.refurbed.de/p/honor-200/
2026-01-11 02:59:59,486 - INFO - Scraping 2174/6851: https://www.refurbed.de/p/honor-20e/
2026-01-11 03:00:00,798 - INFO - Scraping 2175/6851: https://www.refurbed.de/p/honor-4x/
2026-01-11 03:00:02,163 - INFO - Scraping 2176/6851: https://www.refurbed.de/p/honor-50-lite/
2026-01-11 03:00:03,670 - INFO - Scraping 2177/6851: https://www.refurbed.de/p/honor-50/
2026-01-11 03:00:05,264 - INFO - Scraping 2178/6851: https://www.refurbed.de/p/honor-5c/
2026-01-11 03:00:06,584 - INFO - Scraping 2179/6851: https://www.refurbed.de/p/honor-5x/
2026-01-11 03:00:07,934 - INFO - Scraping 2180/6851: https://www.refurbed.de/p/honor-6/
2026-01-11 03:00:09,308 - INFO - Scraping 2181/6851: https://www.refurbed.de/p/honor-6a/
2026-01-11 03:00:14,034 - INFO - Scraping 2182/6851: https://www.refurbed.de/p/honor-6x/
2026-01-11 03:00:27,260 - INFO - Scraping 2183/6851: https://www.refurbed.de/p/honor-7-lite/
2026-01-11 03:00:28,610 - INFO - Scraping 2184/6851: https://www.refurbed.de/p/honor-7/
2026-01-11 03:00:29,984 - INFO - Scraping 2185/6851: https://www.refurbed.de/p/honor-70-lite/
2026-01-11 03:00:31,567 - INFO - Scraping 2186/6851: https://www.refurbed.de/p/honor-70/
2026-01-11 03:00:33,357 - INFO - Scraping 2187/6851: https://www.refurbed.de/p/honor-7s/
2026-01-11 03:00:34,802 - INFO - Scraping 2188/6851: https://www.refurbed.de/p/honor-7x/
2026-01-11 03:00:36,694 - INFO - Scraping 2189/6851: https://www.refurbed.de/p/honor-8-lite/
2026-01-11 03:00:38,127 - INFO - Scraping 2190/6851: https://www.refurbed.de/p/honor-8-premium/
2026-01-11 03:00:39,636 - INFO - Scraping 2191/6851: https://www.refurbed.de/p/honor-8-pro/
2026-01-11 03:00:41,149 - INFO - Scraping 2192/6851: https://www.refurbed.de/p/honor-8/
2026-01-11 03:00:42,628 - INFO - Scraping 2193/6851: https://www.refurbed.de/p/honor-8a-pro/
2026-01-11 03:00:44,185 - INFO - Scraping 2194/6851: https://www.refurbed.de/p/honor-8a/
2026-01-11 03:00:45,894 - INFO - Scraping 2195/6851: https://www.refurbed.de/p/honor-8s/
2026-01-11 03:00:47,691 - INFO - Scraping 2196/6851: https://www.refurbed.de/p/honor-8x/
2026-01-11 03:00:49,234 - INFO - Scraping 2197/6851: https://www.refurbed.de/p/honor-9-lite/
2026-01-11 03:00:50,922 - INFO - Scraping 2198/6851: https://www.refurbed.de/p/honor-9/
2026-01-11 03:00:52,544 - INFO - Scraping 2199/6851: https://www.refurbed.de/p/honor-90-lite/
2026-01-11 03:00:54,056 - INFO - Scraping 2200/6851: https://www.refurbed.de/p/honor-90-smart/
2026-01-11 03:00:55,433 - INFO - Scraping 2201/6851: https://www.refurbed.de/p/honor-90/
2026-01-11 03:00:56,999 - INFO - Scraping 2202/6851: https://www.refurbed.de/p/honor-9x-pro/
2026-01-11 03:00:58,393 - INFO - Scraping 2203/6851: https://www.refurbed.de/p/honor-9x/
2026-01-11 03:00:59,918 - INFO - Scraping 2204/6851: https://www.refurbed.de/p/honor-magic-4-lite-5g/
2026-01-11 03:01:01,594 - INFO - Scraping 2205/6851: https://www.refurbed.de/p/honor-magic-4-pro-5g/
2026-01-11 03:01:02,967 - INFO - Scraping 2206/6851: https://www.refurbed.de/p/honor-magic-5-lite-5g/
2026-01-11 03:01:04,512 - INFO - Scraping 2207/6851: https://www.refurbed.de/p/honor-magic-5-pro-5g/
2026-01-11 03:01:06,456 - INFO - Scraping 2208/6851: https://www.refurbed.de/p/honor-magic-6-lite-5g/
2026-01-11 03:01:07,991 - INFO - Scraping 2209/6851: https://www.refurbed.de/p/honor-magic-6-pro/
2026-01-11 03:01:09,491 - INFO - Scraping 2210/6851: https://www.refurbed.de/p/honor-magic-7-lite-5g/
2026-01-11 03:01:10,939 - INFO - Scraping 2211/6851: https://www.refurbed.de/p/honor-magic-7-pro/
2026-01-11 03:01:12,503 - INFO - Scraping 2212/6851: https://www.refurbed.de/p/honor-magic-v2/
2026-01-11 03:01:14,052 - INFO - Scraping 2213/6851: https://www.refurbed.de/p/honor-magic-v3/
2026-01-11 03:01:15,805 - INFO - Scraping 2214/6851: https://www.refurbed.de/p/honor-magic-vs/
2026-01-11 03:01:17,363 - INFO - Scraping 2215/6851: https://www.refurbed.de/p/honor-magicbook-14-2021-1135g7/
2026-01-11 03:01:18,932 - INFO - Scraping 2216/6851: https://www.refurbed.de/p/honor-magicbook-14-2021-1165g7/
2026-01-11 03:01:20,259 - INFO - Scraping 2217/6851: https://www.refurbed.de/p/honor-magicbook-14-2021-5500u/
2026-01-11 03:01:21,671 - INFO - Scraping 2218/6851: https://www.refurbed.de/p/honor-magicbook-14-5-3500u-14/
2026-01-11 03:01:23,016 - INFO - Scraping 2219/6851: https://www.refurbed.de/p/honor-magicbook-15-2020-4500u/
2026-01-11 03:01:24,308 - INFO - Scraping 2220/6851: https://www.refurbed.de/p/honor-magicbook-15-2020-5500u/
2026-01-11 03:01:25,645 - INFO - Scraping 2221/6851: https://www.refurbed.de/p/honor-magicbook-15-2021-1135g7/
2026-01-11 03:01:27,349 - INFO - Scraping 2222/6851: https://www.refurbed.de/p/honor-magicbook-16-2022-5600h/
2026-01-11 03:01:28,760 - INFO - Scraping 2223/6851: https://www.refurbed.de/p/honor-magicbook-pro-5-4600h-16/
2026-01-11 03:01:30,078 - INFO - Scraping 2224/6851: https://www.refurbed.de/p/honor-magicbook-x-14-10110u/
2026-01-11 03:01:31,928 - INFO - Scraping 2225/6851: https://www.refurbed.de/p/honor-magicbook-x-14-10210u/
2026-01-11 03:01:33,265 - INFO - Scraping 2226/6851: https://www.refurbed.de/p/honor-magicbook-x15-i3-10110u/
2026-01-11 03:01:34,766 - INFO - Scraping 2227/6851: https://www.refurbed.de/p/honor-nova-3/
2026-01-11 03:01:36,237 - INFO - Scraping 2228/6851: https://www.refurbed.de/p/honor-pad-8/
2026-01-11 03:01:37,634 - INFO - Scraping 2229/6851: https://www.refurbed.de/p/honor-pad-9-5g/
2026-01-11 03:01:39,047 - INFO - Scraping 2230/6851: https://www.refurbed.de/p/honor-pad-9-smart-bluetooth-kb/
2026-01-11 03:01:40,446 - INFO - Scraping 2231/6851: https://www.refurbed.de/p/honor-pad-9/
2026-01-11 03:01:41,769 - INFO - Scraping 2232/6851: https://www.refurbed.de/p/honor-pad-x8-4g/
2026-01-11 03:01:43,201 - INFO - Scraping 2233/6851: https://www.refurbed.de/p/honor-pad-x8/
2026-01-11 03:01:44,597 - INFO - Scraping 2234/6851: https://www.refurbed.de/p/honor-pad-x8a-4g/
2026-01-11 03:01:46,139 - INFO - Scraping 2235/6851: https://www.refurbed.de/p/honor-pad-x8a/
2026-01-11 03:01:47,540 - INFO - Scraping 2236/6851: https://www.refurbed.de/p/honor-pad-x9-lte/
2026-01-11 03:01:48,859 - INFO - Scraping 2237/6851: https://www.refurbed.de/p/honor-pad-x9/
2026-01-11 03:01:50,272 - INFO - Scraping 2238/6851: https://www.refurbed.de/p/honor-play/
2026-01-11 03:01:52,082 - INFO - Scraping 2239/6851: https://www.refurbed.de/p/honor-sport-am61r/
2026-01-11 03:01:53,447 - INFO - Scraping 2240/6851: https://www.refurbed.de/p/honor-supercharge-wireless-stand/
2026-01-11 03:01:54,782 - INFO - Scraping 2241/6851: https://www.refurbed.de/p/honor-supercharge/
2026-01-11 03:01:56,083 - INFO - Scraping 2242/6851: https://www.refurbed.de/p/honor-view-10/
2026-01-11 03:01:57,644 - INFO - Scraping 2243/6851: https://www.refurbed.de/p/honor-view-20/
2026-01-11 03:01:59,204 - INFO - Scraping 2244/6851: https://www.refurbed.de/p/honor-x6/
2026-01-11 03:02:00,579 - INFO - Scraping 2245/6851: https://www.refurbed.de/p/honor-x6a/
2026-01-11 03:02:02,126 - INFO - Scraping 2246/6851: https://www.refurbed.de/p/honor-x6b/
2026-01-11 03:02:03,573 - INFO - Scraping 2247/6851: https://www.refurbed.de/p/honor-x7/
2026-01-11 03:02:05,182 - INFO - Scraping 2248/6851: https://www.refurbed.de/p/honor-x7a/
2026-01-11 03:02:06,522 - INFO - Scraping 2249/6851: https://www.refurbed.de/p/honor-x8-5g/
2026-01-11 03:02:08,402 - INFO - Scraping 2250/6851: https://www.refurbed.de/p/honor-x8/
2026-01-11 03:02:09,935 - INFO - Scraping 2251/6851: https://www.refurbed.de/p/honor-x8a/
2026-01-11 03:02:11,462 - INFO - Scraping 2252/6851: https://www.refurbed.de/p/honor-x8b/
2026-01-11 03:02:13,062 - INFO - Scraping 2253/6851: https://www.refurbed.de/p/honor-x9-5g/
2026-01-11 03:02:14,661 - INFO - Scraping 2254/6851: https://www.refurbed.de/p/honor-x9a-5g/
2026-01-11 03:02:14,831 - ERROR - Error fetching https://www.refurbed.de/p/honor-x9a-5g/: 404 Client Error: Not Found for url: https://www.refurbed.de/p/honor-x9a-5g/
2026-01-11 03:02:15,833 - INFO - Scraping 2255/6851: https://www.refurbed.de/p/hori-horipad-controller-mario/
2026-01-11 03:02:17,192 - INFO - Scraping 2256/6851: https://www.refurbed.de/p/hp-1040-g11-core-ultra-7-155h/
2026-01-11 03:02:18,502 - INFO - Scraping 2257/6851: https://www.refurbed.de/p/hp-13-an0506sa-i5-8250u/
2026-01-11 03:02:18,717 - ERROR - Error fetching https://www.refurbed.de/p/hp-13-an0506sa-i5-8250u/: 404 Client Error: Not Found for url: https://www.refurbed.de/p/hp-13-an0506sa-i5-8250u/
2026-01-11 03:02:19,719 - INFO - Scraping 2258/6851: https://www.refurbed.de/p/hp-14-ac003nf-i3-4005u-14/
2026-01-11 03:02:19,936 - ERROR - Error fetching https://www.refurbed.de/p/hp-14-ac003nf-i3-4005u-14/: 404 Client Error: Not Found for url: https://www.refurbed.de/p/hp-14-ac003nf-i3-4005u-14/
2026-01-11 03:02:20,938 - INFO - Scraping 2259/6851: https://www.refurbed.de/p/hp-14-cf1599sa-i5-8265u/
2026-01-11 03:02:21,115 - ERROR - Error fetching https://www.refurbed.de/p/hp-14-cf1599sa-i5-8265u/: 404 Client Error: Not Found for url: https://www.refurbed.de/p/hp-14-cf1599sa-i5-8265u/
2026-01-11 03:02:22,117 - INFO - Scraping 2260/6851: https://www.refurbed.de/p/hp-14-cf2423no-i3-10110u/
2026-01-11 03:02:23,452 - INFO - Scraping 2261/6851: https://www.refurbed.de/p/hp-14-cf3001-1035g1/
2026-01-11 03:02:24,851 - INFO - Scraping 2262/6851: https://www.refurbed.de/p/hp-14-df0023cl-8130u-14/
2026-01-11 03:02:26,182 - INFO - Scraping 2263/6851: https://www.refurbed.de/p/hp-14-dk1730ng-3250u-14/
2026-01-11 03:02:27,541 - INFO - Scraping 2264/6851: https://www.refurbed.de/p/hp-14-dq1035cl-i5-1035g1/
2026-01-11 03:02:27,819 - ERROR - Error fetching https://www.refurbed.de/p/hp-14-dq1035cl-i5-1035g1/: 404 Client Error: Not Found for url: https://www.refurbed.de/p/hp-14-dq1035cl-i5-1035g1/
2026-01-11 03:02:28,821 - INFO - Scraping 2265/6851: https://www.refurbed.de/p/hp-14-dq1043cl-1005g1/
2026-01-11 03:02:30,299 - INFO - Scraping 2266/6851: https://www.refurbed.de/p/hp-14-ee-i3-1315u-14/
2026-01-11 03:02:31,666 - INFO - Scraping 2267/6851: https://www.refurbed.de/p/hp-14-ee-i5-1335u/
2026-01-11 03:02:33,246 - INFO - Scraping 2268/6851: https://www.refurbed.de/p/hp-14-em-ryzen-3-7320u-14/
2026-01-11 03:02:34,739 - INFO - Scraping 2269/6851: https://www.refurbed.de/p/hp-14-em0000nf-r-7-7730u/
2026-01-11 03:02:36,131 - INFO - Scraping 2270/6851: https://www.refurbed.de/p/hp-14-em0001ne-3-7320u-14/
2026-01-11 03:02:37,683 - INFO - Scraping 2271/6851: https://www.refurbed.de/p/hp-14-em0002ne-5-7520u-14/
2026-01-11 03:02:39,041 - INFO - Scraping 2272/6851: https://www.refurbed.de/p/hp-14-em0005na-r-7-7730u/
2026-01-11 03:02:40,544 - INFO - Scraping 2273/6851: https://www.refurbed.de/p/hp-14-em0014ne-ryzen-7-7730u-14/
2026-01-11 03:02:41,867 - INFO - Scraping 2274/6851: https://www.refurbed.de/p/hp-14-em0015na-ryzen-5-7520u/
2026-01-11 03:02:43,225 - INFO - Scraping 2275/6851: https://www.refurbed.de/p/hp-14-em0016na-ryzen-5-7520u/
2026-01-11 03:02:44,703 - INFO - Scraping 2276/6851: https://www.refurbed.de/p/hp-14-em0017ne-ryzen-5-7520u/
2026-01-11 03:02:46,145 - INFO - Scraping 2277/6851: https://www.refurbed.de/p/hp-14-em0032nf-ryzen-7-7730u/
2026-01-11 03:02:47,512 - INFO - Scraping 2278/6851: https://www.refurbed.de/p/hp-14-em0903ng-r5-7520u/
2026-01-11 03:02:48,857 - INFO - Scraping 2279/6851: https://www.refurbed.de/p/hp-14-ep-core-3-100u-14/
2026-01-11 03:02:50,207 - INFO - Scraping 2280/6851: https://www.refurbed.de/p/hp-14-ep-core-5-120u-14/
2026-01-11 03:02:51,550 - INFO - Scraping 2281/6851: https://www.refurbed.de/p/hp-14-ep-i3-n305-14/
2026-01-11 03:02:52,895 - INFO - Scraping 2282/6851: https://www.refurbed.de/p/hp-14-ep-n200-14/
2026-01-11 03:02:54,349 - INFO - Scraping 2283/6851: https://www.refurbed.de/p/hp-14-ep0036nf-i3-n305-14/
2026-01-11 03:02:55,981 - INFO - Scraping 2284/6851: https://www.refurbed.de/p/hp-14-fb0010na-core-9-185h/
2026-01-11 03:02:57,712 - INFO - Scraping 2285/6851: https://www.refurbed.de/p/hp-14s-dq-1215u-14/
2026-01-11 03:02:59,073 - INFO - Scraping 2286/6851: https://www.refurbed.de/p/hp-14s-dq-celeron-n4120-14/
2026-01-11 03:03:00,763 - INFO - Scraping 2287/6851: https://www.refurbed.de/p/hp-14s-dq-i5-1235u-14/
2026-01-11 03:03:02,152 - INFO - Scraping 2288/6851: https://www.refurbed.de/p/hp-14s-dq0008no-n4020-14/
2026-01-11 03:03:03,531 - INFO - Scraping 2289/6851: https://www.refurbed.de/p/hp-14s-dq0011na-n5030-14/
2026-01-11 03:03:04,903 - INFO - Scraping 2290/6851: https://www.refurbed.de/p/hp-14s-dq1004ns-i5-1035g1/
2026-01-11 03:03:06,716 - INFO - Scraping 2291/6851: https://www.refurbed.de/p/hp-14s-dq1021nf-i3-1005g1/
2026-01-11 03:03:08,155 - INFO - Scraping 2292/6851: https://www.refurbed.de/p/hp-14s-dq1xxx-i5-1035g1/
2026-01-11 03:03:09,511 - INFO - Scraping 2293/6851: https://www.refurbed.de/p/hp-14s-dq2002-1115g4-14/
2026-01-11 03:03:10,866 - INFO - Scraping 2294/6851: https://www.refurbed.de/p/hp-14s-dq2252ng-i5-1135g7/
2026-01-11 03:03:12,231 - INFO - Scraping 2295/6851: https://www.refurbed.de/p/hp-14s-dq2901ng-1115g4-14/
2026-01-11 03:03:13,579 - INFO - Scraping 2296/6851: https://www.refurbed.de/p/hp-14s-dq3505ng-n4500-14/
2026-01-11 03:03:14,913 - INFO - Scraping 2297/6851: https://www.refurbed.de/p/hp-14s-dq4010nf-i5-1155g7-14/
2026-01-11 03:03:16,284 - INFO - Scraping 2298/6851: https://www.refurbed.de/p/hp-14s-dq503-1215u-14/
2026-01-11 03:03:17,628 - INFO - Scraping 2299/6851: https://www.refurbed.de/p/hp-14s-dq5037nf-i3-1215u/
2026-01-11 03:03:18,977 - INFO - Scraping 2300/6851: https://www.refurbed.de/p/hp-14s-fq-ryzen-7-5700u-14/
2026-01-11 03:03:20,453 - INFO - Scraping 2301/6851: https://www.refurbed.de/p/hp-14s-fq0015nl-amd-3020e/
2026-01-11 03:03:21,770 - INFO - Scraping 2302/6851: https://www.refurbed.de/p/hp-14s-fq0732ng-3250u-14/
2026-01-11 03:03:23,147 - INFO - Scraping 2303/6851: https://www.refurbed.de/p/hp-14s-fq0918ng-3020e-14/
2026-01-11 03:03:24,507 - INFO - Scraping 2304/6851: https://www.refurbed.de/p/hp-14s-fq1012na-5300u-14/
2026-01-11 03:03:25,891 - INFO - Scraping 2305/6851: https://www.refurbed.de/p/hp-14s-fq1732ng-5300u-14/
2026-01-11 03:03:27,226 - INFO - Scraping 2306/6851: https://www.refurbed.de/p/hp-14s-fq1901ng-5500u-14/
2026-01-11 03:03:28,715 - INFO - Scraping 2307/6851: https://www.refurbed.de/p/hp-14s-i3-10110u/
2026-01-11 03:03:30,178 - INFO - Scraping 2308/6851: https://www.refurbed.de/p/hp-14z-em000-ryzen-7-7730u/
2026-01-11 03:03:31,704 - INFO - Scraping 2309/6851: https://www.refurbed.de/p/hp-15-ac017ns-5500u-15-6/
2026-01-11 03:03:31,881 - ERROR - Error fetching https://www.refurbed.de/p/hp-15-ac017ns-5500u-15-6/: 404 Client Error: Not Found for url: https://www.refurbed.de/p/hp-15-ac017ns-5500u-15-6/
2026-01-11 03:03:32,883 - INFO - Scraping 2310/6851: https://www.refurbed.de/p/hp-15-cs3104tx-i7-1065g7/
2026-01-11 03:03:34,212 - INFO - Scraping 2311/6851: https://www.refurbed.de/p/hp-15-da0014dx-i5-8250u-15-6/
2026-01-11 03:03:35,615 - INFO - Scraping 2312/6851: https://www.refurbed.de/p/hp-15-da0361ng-n4000-15-6/
2026-01-11 03:03:37,042 - INFO - Scraping 2313/6851: https://www.refurbed.de/p/hp-15-da3002-1035g1/
2026-01-11 03:03:38,382 - INFO - Scraping 2314/6851: https://www.refurbed.de/p/hp-15-dw0037wm-8145u-15-6/
2026-01-11 03:03:39,769 - INFO - Scraping 2315/6851: https://www.refurbed.de/p/hp-15-dw1001ng-i7-10510u/
2026-01-11 03:03:41,132 - INFO - Scraping 2316/6851: https://www.refurbed.de/p/hp-15-dw1033nq-n4020-15-6/
2026-01-11 03:03:42,687 - INFO - Scraping 2317/6851: https://www.refurbed.de/p/hp-15-dw1068nf-10110u-15-6/
2026-01-11 03:03:44,082 - INFO - Scraping 2318/6851: https://www.refurbed.de/p/hp-15-dw1077nf-10110u-15-6/
2026-01-11 03:03:45,422 - INFO - Scraping 2319/6851: https://www.refurbed.de/p/hp-15-dw1495nia-n4120-15-6/
2026-01-11 03:03:46,834 - INFO - Scraping 2320/6851: https://www.refurbed.de/p/hp-15-dw3003-1135g7/
2026-01-11 03:03:48,195 - INFO - Scraping 2321/6851: https://www.refurbed.de/p/hp-15-dw3005-i5-1135g7/
2026-01-11 03:03:49,534 - INFO - Scraping 2322/6851: https://www.refurbed.de/p/hp-15-dw3008-1165g7/
2026-01-11 03:03:51,002 - INFO - Scraping 2323/6851: https://www.refurbed.de/p/hp-15-dw3026ni-1165g7/
2026-01-11 03:03:52,361 - INFO - Scraping 2324/6851: https://www.refurbed.de/p/hp-15-dw3030ni-1125g4/
2026-01-11 03:03:53,707 - INFO - Scraping 2325/6851: https://www.refurbed.de/p/hp-15-dw3033dx-i3-1115g4-15-6/
2026-01-11 03:03:55,082 - INFO - Scraping 2326/6851: https://www.refurbed.de/p/hp-15-dw3043nm-1125g4/
2026-01-11 03:03:56,393 - INFO - Scraping 2327/6851: https://www.refurbed.de/p/hp-15-dw3072nx-1125g4/
2026-01-11 03:03:57,845 - INFO - Scraping 2328/6851: https://www.refurbed.de/p/hp-15-dw3233ng-i3-1115g4-15-6/
2026-01-11 03:03:59,173 - INFO - Scraping 2329/6851: https://www.refurbed.de/p/hp-15-dw3254ng-i5-1135g7/
2026-01-11 03:04:00,710 - INFO - Scraping 2330/6851: https://www.refurbed.de/p/hp-15-dw3516ng-pent-gold-7505/
2026-01-11 03:04:02,241 - INFO - Scraping 2331/6851: https://www.refurbed.de/p/hp-15-dw3757nz-1165g7-15-6/
2026-01-11 03:04:03,651 - INFO - Scraping 2332/6851: https://www.refurbed.de/p/hp-15-dw3777nz-1165g7-15-6/
2026-01-11 03:04:05,015 - INFO - Scraping 2333/6851: https://www.refurbed.de/p/hp-15-dy1043dx-1035g1-15-6/
2026-01-11 03:04:06,321 - INFO - Scraping 2334/6851: https://www.refurbed.de/p/hp-15-dy2073dx-i7-1165g7-15-6/
2026-01-11 03:04:06,532 - ERROR - Error fetching https://www.refurbed.de/p/hp-15-dy2073dx-i7-1165g7-15-6/: 404 Client Error: Not Found for url: https://www.refurbed.de/p/hp-15-dy2073dx-i7-1165g7-15-6/
2026-01-11 03:04:07,534 - INFO - Scraping 2335/6851: https://www.refurbed.de/p/hp-15-dy2075tg-i5-1135g7/
2026-01-11 03:04:08,902 - INFO - Scraping 2336/6851: https://www.refurbed.de/p/hp-15-dy2088ca-i5-1135g7/
2026-01-11 03:04:10,208 - INFO - Scraping 2337/6851: https://www.refurbed.de/p/hp-15-dy2093dx-i5-1135g7/
2026-01-11 03:04:11,524 - INFO - Scraping 2338/6851: https://www.refurbed.de/p/hp-15-dy2795wm-i5-1135g7/
2026-01-11 03:04:12,945 - INFO - Scraping 2339/6851: https://www.refurbed.de/p/hp-15-eg1053cl-i5-1155g7-/
2026-01-11 03:04:14,314 - INFO - Scraping 2340/6851: https://www.refurbed.de/p/hp-15-fc-athlon-gold-7220u/
2026-01-11 03:04:15,690 - INFO - Scraping 2341/6851: https://www.refurbed.de/p/hp-15-fc-ryzen-5-7520u-15-6/
2026-01-11 03:04:17,220 - INFO - Scraping 2342/6851: https://www.refurbed.de/p/hp-15-fc0000ni-r7-7730u-15-6/
2026-01-11 03:04:18,547 - INFO - Scraping 2343/6851: https://www.refurbed.de/p/hp-15-fc0001ns-ryzen-5-7520u/
2026-01-11 03:04:20,043 - INFO - Scraping 2344/6851: https://www.refurbed.de/p/hp-15-fc0005ne-ryzen-7-7730u/
2026-01-11 03:04:21,414 - INFO - Scraping 2345/6851: https://www.refurbed.de/p/hp-15-fc0043nl-ryzen-5-7520u/
2026-01-11 03:04:22,744 - INFO - Scraping 2346/6851: https://www.refurbed.de/p/hp-15-fc0047ne-r5-7520u-15-6/
2026-01-11 03:04:24,066 - INFO - Scraping 2347/6851: https://www.refurbed.de/p/hp-15-fc0049nl-ryzen-5-7520u/
2026-01-11 03:04:25,413 - INFO - Scraping 2348/6851: https://www.refurbed.de/p/hp-15-fc0050nl-ryzen-5-7520u/
2026-01-11 03:04:26,866 - INFO - Scraping 2349/6851: https://www.refurbed.de/p/hp-15-fc0555ng-ryzen-5-7520u/
2026-01-11 03:04:28,210 - INFO - Scraping 2350/6851: https://www.refurbed.de/p/hp-15-fc0777ng-r7-7730u-15-6/
2026-01-11 03:04:29,692 - INFO - Scraping 2351/6851: https://www.refurbed.de/p/hp-15-fc0906ng-r7-7730u-15-6/
2026-01-11 03:04:31,044 - INFO - Scraping 2352/6851: https://www.refurbed.de/p/hp-15-fd-core-5-120u-15-6/
2026-01-11 03:04:32,348 - INFO - Scraping 2353/6851: https://www.refurbed.de/p/hp-15-fd-i3-n305-15-6/
2026-01-11 03:04:33,969 - INFO - Scraping 2354/6851: https://www.refurbed.de/p/hp-15-fd-i5-1235u-15-6/
2026-01-11 03:04:35,338 - INFO - Scraping 2355/6851: https://www.refurbed.de/p/hp-15-fd-i7-1355u-15-6/
2026-01-11 03:04:36,901 - INFO - Scraping 2356/6851: https://www.refurbed.de/p/hp-15-fd-ultra-5-125h-15-6/
2026-01-11 03:04:38,281 - INFO - Scraping 2357/6851: https://www.refurbed.de/p/hp-15-fd0019ng-n200/
2026-01-11 03:04:39,663 - INFO - Scraping 2358/6851: https://www.refurbed.de/p/hp-15-fd0020nx-i5-1335u-15-6/
2026-01-11 03:04:41,038 - INFO - Scraping 2359/6851: https://www.refurbed.de/p/hp-15-fd0051ne-i5-1334u/
2026-01-11 03:04:42,399 - INFO - Scraping 2360/6851: https://www.refurbed.de/p/hp-15-fd0095ne-i5-1235u-15-6/
2026-01-11 03:04:43,867 - INFO - Scraping 2361/6851: https://www.refurbed.de/p/hp-15-fd0651nc-processor-n100/
2026-01-11 03:04:45,182 - INFO - Scraping 2362/6851: https://www.refurbed.de/p/hp-15-fd0837nc-processor-n100/
2026-01-11 03:04:46,581 - INFO - Scraping 2363/6851: https://www.refurbed.de/p/hp-15-fd1011ne-7-155h-15-6/
2026-01-11 03:04:47,994 - INFO - Scraping 2364/6851: https://www.refurbed.de/p/hp-15-p253nf-i3-5010u/
2026-01-11 03:04:48,198 - ERROR - Error fetching https://www.refurbed.de/p/hp-15-p253nf-i3-5010u/: 404 Client Error: Not Found for url: https://www.refurbed.de/p/hp-15-p253nf-i3-5010u/
2026-01-11 03:04:49,200 - INFO - Scraping 2365/6851: https://www.refurbed.de/p/hp-15s-eq-ryzen-7-5700u-15-6/
2026-01-11 03:04:50,553 - INFO - Scraping 2366/6851: https://www.refurbed.de/p/hp-15s-eq0300ng-r5-3500u-15-6/
2026-01-11 03:04:51,870 - INFO - Scraping 2367/6851: https://www.refurbed.de/p/hp-15s-eq1005nc-ryzen-3-3250-u/
2026-01-11 03:04:53,249 - INFO - Scraping 2368/6851: https://www.refurbed.de/p/hp-15s-eq2027ne-r5-5500u-15-6/
2026-01-11 03:04:54,565 - INFO - Scraping 2369/6851: https://www.refurbed.de/p/hp-15s-eq2065nf-r5-5500u-15-6/
2026-01-11 03:04:56,112 - INFO - Scraping 2370/6851: https://www.refurbed.de/p/hp-15s-eq2117nf-r7-5700u-15-6/
2026-01-11 03:04:57,440 - INFO - Scraping 2371/6851: https://www.refurbed.de/p/hp-15s-eq2276ng-ryzen-7-5700-u/
2026-01-11 03:04:58,790 - INFO - Scraping 2372/6851: https://www.refurbed.de/p/hp-15s-eq2661ng-r5-5500u-15-6/
2026-01-11 03:05:00,102 - INFO - Scraping 2373/6851: https://www.refurbed.de/p/hp-15s-eq2732ng-ryzen-5300u-15-6/
2026-01-11 03:05:01,713 - INFO - Scraping 2374/6851: https://www.refurbed.de/p/hp-15s-eq2779ng-ryzen-7-5700-u/
2026-01-11 03:05:03,067 - INFO - Scraping 2375/6851: https://www.refurbed.de/p/hp-15s-eq2800ng-r5-5500u-15-6/
2026-01-11 03:05:04,437 - INFO - Scraping 2376/6851: https://www.refurbed.de/p/hp-15s-eq2902ng-ryzen-5-5500-u/
2026-01-11 03:05:05,867 - INFO - Scraping 2377/6851: https://www.refurbed.de/p/hp-15s-eq2904ng-ryzen-5-5500-u/
2026-01-11 03:05:07,475 - INFO - Scraping 2378/6851: https://www.refurbed.de/p/hp-15s-eq2910ng-5500u/
2026-01-11 03:05:08,850 - INFO - Scraping 2379/6851: https://www.refurbed.de/p/hp-15s-eq3775ng-ryzen-7-5825u/
2026-01-11 03:05:10,207 - INFO - Scraping 2380/6851: https://www.refurbed.de/p/hp-15s-fq-n4120-15-6/
2026-01-11 03:05:11,655 - INFO - Scraping 2381/6851: https://www.refurbed.de/p/hp-15s-fq0004na-n5030/
2026-01-11 03:05:12,994 - INFO - Scraping 2382/6851: https://www.refurbed.de/p/hp-15s-fq0014nf-n4120-15-6/
2026-01-11 03:05:14,331 - INFO - Scraping 2383/6851: https://www.refurbed.de/p/hp-15s-fq0020nc-n4120-15-6/
2026-01-11 03:05:15,703 - INFO - Scraping 2384/6851: https://www.refurbed.de/p/hp-15s-fq0075nf-n4120/
2026-01-11 03:05:17,063 - INFO - Scraping 2385/6851: https://www.refurbed.de/p/hp-15s-fq0104nf-n4120/
2026-01-11 03:05:18,435 - INFO - Scraping 2386/6851: https://www.refurbed.de/p/hp-15s-fq0510ng-celeron-n4120/
2026-01-11 03:05:19,776 - INFO - Scraping 2387/6851: https://www.refurbed.de/p/hp-15s-fq1138ns-i3-1005g1-15/
2026-01-11 03:05:21,093 - INFO - Scraping 2388/6851: https://www.refurbed.de/p/hp-15s-fq2011nv-1115g4-15-6/
2026-01-11 03:05:22,547 - INFO - Scraping 2389/6851: https://www.refurbed.de/p/hp-15s-fq2015nl-i3-1115g4/
2026-01-11 03:05:24,006 - INFO - Scraping 2390/6851: https://www.refurbed.de/p/hp-15s-fq2015nl-i7-13700h/
2026-01-11 03:05:25,345 - INFO - Scraping 2391/6851: https://www.refurbed.de/p/hp-15s-fq2021nv-i7-1165g7/
2026-01-11 03:05:27,000 - INFO - Scraping 2392/6851: https://www.refurbed.de/p/hp-15s-fq2045na-pentium-7505/
2026-01-11 03:05:28,461 - INFO - Scraping 2393/6851: https://www.refurbed.de/p/hp-15s-fq2089nl-1115g4-15-6/
2026-01-11 03:05:29,929 - INFO - Scraping 2394/6851: https://www.refurbed.de/p/hp-15s-fq2094nl-1115g4-15-6/
2026-01-11 03:05:31,413 - INFO - Scraping 2395/6851: https://www.refurbed.de/p/hp-15s-fq2226ng-pentium-7505/
2026-01-11 03:05:32,761 - INFO - Scraping 2396/6851: https://www.refurbed.de/p/hp-15s-fq2734ng-i3-1115g4/
2026-01-11 03:05:34,128 - INFO - Scraping 2397/6851: https://www.refurbed.de/p/hp-15s-fq2776ng-i7-1165g7/
2026-01-11 03:05:35,609 - INFO - Scraping 2398/6851: https://www.refurbed.de/p/hp-15s-fq2822nd-i5-1135g7/
2026-01-11 03:05:37,009 - INFO - Scraping 2399/6851: https://www.refurbed.de/p/hp-15s-fq3002nb-pent-silver-n600/
2026-01-11 03:05:38,379 - INFO - Scraping 2400/6851: https://www.refurbed.de/p/hp-15s-fq3003nh-celeron-n4500/
2026-01-11 03:05:39,830 - INFO - Scraping 2401/6851: https://www.refurbed.de/p/hp-15s-fq3510ng-n6000/
2026-01-11 03:05:41,171 - INFO - Scraping 2402/6851: https://www.refurbed.de/p/hp-15s-fq3713ng-celeron-n4500/
2026-01-11 03:05:42,480 - INFO - Scraping 2403/6851: https://www.refurbed.de/p/hp-15s-fq4026nf-1155g7-15-6/
2026-01-11 03:05:43,883 - INFO - Scraping 2404/6851: https://www.refurbed.de/p/hp-15s-fq4802ng-1155g7-15-6/
2026-01-11 03:05:45,231 - INFO - Scraping 2405/6851: https://www.refurbed.de/p/hp-15s-fq5000nia-i3-1215u-15/
2026-01-11 03:05:46,588 - INFO - Scraping 2406/6851: https://www.refurbed.de/p/hp-15s-fq5023np-i7-1255u-15-6/
2026-01-11 03:05:47,948 - INFO - Scraping 2407/6851: https://www.refurbed.de/p/hp-15s-fq5735ng-i3-1215u-15/
2026-01-11 03:05:49,269 - INFO - Scraping 2408/6851: https://www.refurbed.de/p/hp-16-h1016nf-i7-13700h/
2026-01-11 03:05:50,856 - INFO - Scraping 2409/6851: https://www.refurbed.de/p/hp-16-r1007ne-i7-14650hx-16-1/
2026-01-11 03:05:52,228 - INFO - Scraping 2410/6851: https://www.refurbed.de/p/hp-16-r1010ne-i7-14650hx-16-1/
2026-01-11 03:05:53,559 - INFO - Scraping 2411/6851: https://www.refurbed.de/p/hp-16-r1012ne-i7-14650hx-16-1/
2026-01-11 03:05:54,909 - INFO - Scraping 2412/6851: https://www.refurbed.de/p/hp-16-r1013ne-i7-14650hx-16-1/
2026-01-11 03:05:56,233 - INFO - Scraping 2413/6851: https://www.refurbed.de/p/hp-16-r1044nt-i7-14700hx-16-1/
2026-01-11 03:05:57,664 - INFO - Scraping 2414/6851: https://www.refurbed.de/p/hp-16-r1052nt-i5-14500h-16-1/
2026-01-11 03:05:59,046 - INFO - Scraping 2415/6851: https://www.refurbed.de/p/hp-16-r1776ng-i7-14700hx-16-1/
2026-01-11 03:06:00,374 - INFO - Scraping 2416/6851: https://www.refurbed.de/p/hp-16-s1778ng-ryzen-r7-8845hs/
2026-01-11 03:06:01,770 - INFO - Scraping 2417/6851: https://www.refurbed.de/p/hp-16-xf0004nl-ryzen-9-7940hs/
2026-01-11 03:06:03,136 - INFO - Scraping 2418/6851: https://www.refurbed.de/p/hp-16-xf0061nf-ryzen-9-7940hs/
2026-01-11 03:06:04,553 - INFO - Scraping 2419/6851: https://www.refurbed.de/p/hp-163444-001/
2026-01-11 03:06:05,898 - INFO - Scraping 2420/6851: https://www.refurbed.de/p/hp-16s1777ng-ryzen-r7-8840hs/
2026-01-11 03:06:07,264 - INFO - Scraping 2421/6851: https://www.refurbed.de/p/hp-17-bs037ng-n3060/
2026-01-11 03:06:07,464 - ERROR - Error fetching https://www.refurbed.de/p/hp-17-bs037ng-n3060/: 404 Client Error: Not Found for url: https://www.refurbed.de/p/hp-17-bs037ng-n3060/
2026-01-11 03:06:08,466 - INFO - Scraping 2422/6851: https://www.refurbed.de/p/hp-17-by0045nf-i3-7020u-17-3/
2026-01-11 03:06:08,714 - ERROR - Error fetching https://www.refurbed.de/p/hp-17-by0045nf-i3-7020u-17-3/: 404 Client Error: Not Found for url: https://www.refurbed.de/p/hp-17-by0045nf-i3-7020u-17-3/
2026-01-11 03:06:09,716 - INFO - Scraping 2423/6851: https://www.refurbed.de/p/hp-17-by0221ng-4417u/
2026-01-11 03:06:11,237 - INFO - Scraping 2424/6851: https://www.refurbed.de/p/hp-17-by0228ng-n4000-17-3/
2026-01-11 03:06:12,638 - INFO - Scraping 2425/6851: https://www.refurbed.de/p/hp-17-by3065st-i5-1035g1/
2026-01-11 03:06:14,011 - INFO - Scraping 2426/6851: https://www.refurbed.de/p/hp-17-by3252ng-i5-1035g1/
2026-01-11 03:06:15,511 - INFO - Scraping 2427/6851: https://www.refurbed.de/p/hp-17-by3536ng-i3-1005g1-17-3/
2026-01-11 03:06:16,822 - INFO - Scraping 2428/6851: https://www.refurbed.de/p/hp-17-c0000-i3-1125g4/
2026-01-11 03:06:18,416 - INFO - Scraping 2429/6851: https://www.refurbed.de/p/hp-17-ca1244ng-ryzen-7-3700u/
2026-01-11 03:06:19,948 - INFO - Scraping 2430/6851: https://www.refurbed.de/p/hp-17-ca1405ng-r5-3500u/
2026-01-11 03:06:21,352 - INFO - Scraping 2431/6851: https://www.refurbed.de/p/hp-17-cd2075ng-11370h/
2026-01-11 03:06:22,754 - INFO - Scraping 2432/6851: https://www.refurbed.de/p/hp-17-cd2903ng-11370h/
2026-01-11 03:06:24,057 - INFO - Scraping 2433/6851: https://www.refurbed.de/p/hp-17-cn-core-5-120u17-3/
2026-01-11 03:06:25,419 - INFO - Scraping 2434/6851: https://www.refurbed.de/p/hp-17-cn-i5-1235u-17-3/
2026-01-11 03:06:26,742 - INFO - Scraping 2435/6851: https://www.refurbed.de/p/hp-17-cn-i5-1334u-17-3/
2026-01-11 03:06:28,118 - INFO - Scraping 2436/6851: https://www.refurbed.de/p/hp-17-cn-n4120-17-3/
2026-01-11 03:06:29,438 - INFO - Scraping 2437/6851: https://www.refurbed.de/p/hp-17-cn-pentium-silver-n5030/
2026-01-11 03:06:30,878 - INFO - Scraping 2438/6851: https://www.refurbed.de/p/hp-17-cn0008nf-n4120/
2026-01-11 03:06:32,176 - INFO - Scraping 2439/6851: https://www.refurbed.de/p/hp-17-cn0009nf-n4120-17-3/
2026-01-11 03:06:33,574 - INFO - Scraping 2440/6851: https://www.refurbed.de/p/hp-17-cn0041na-7505-17-3/
2026-01-11 03:06:35,046 - INFO - Scraping 2441/6851: https://www.refurbed.de/p/hp-17-cn0055ng-i5-1135g7-17-3/
2026-01-11 03:06:36,416 - INFO - Scraping 2442/6851: https://www.refurbed.de/p/hp-17-cn0104na-n5030-17-3/
2026-01-11 03:06:38,052 - INFO - Scraping 2443/6851: https://www.refurbed.de/p/hp-17-cn0131ng-n4120/
2026-01-11 03:06:39,452 - INFO - Scraping 2444/6851: https://www.refurbed.de/p/hp-17-cn0132ng-pentium-n5030/
2026-01-11 03:06:40,890 - INFO - Scraping 2445/6851: https://www.refurbed.de/p/hp-17-cn0178ng-i7-1165g7/
2026-01-11 03:06:42,554 - INFO - Scraping 2446/6851: https://www.refurbed.de/p/hp-17-cn0434ng-i3-1125g4/
2026-01-11 03:06:44,074 - INFO - Scraping 2447/6851: https://www.refurbed.de/p/hp-17-cn0623ng-n5030-17-3/
2026-01-11 03:06:45,378 - INFO - Scraping 2448/6851: https://www.refurbed.de/p/hp-17-cn0716ng-pentium-7505-17-3/
2026-01-11 03:06:46,820 - INFO - Scraping 2449/6851: https://www.refurbed.de/p/hp-17-cn0755ng-i5-1135g7-17-3/
2026-01-11 03:06:48,247 - INFO - Scraping 2450/6851: https://www.refurbed.de/p/hp-17-cn0756ng-i5-1135g7-17-3/
2026-01-11 03:06:49,680 - INFO - Scraping 2451/6851: https://www.refurbed.de/p/hp-17-cn0758ng-i5-1135g7-17-3/
2026-01-11 03:06:51,029 - INFO - Scraping 2452/6851: https://www.refurbed.de/p/hp-17-cn1354ng-1155g7-17-3/
2026-01-11 03:06:52,353 - INFO - Scraping 2453/6851: https://www.refurbed.de/p/hp-17-cn1xxx-i5-1155g7-17-3/
2026-01-11 03:06:53,701 - INFO - Scraping 2454/6851: https://www.refurbed.de/p/hp-17-cn2158ng-i5-1235u/
2026-01-11 03:06:55,050 - INFO - Scraping 2455/6851: https://www.refurbed.de/p/hp-17-cn3007nf-i3-n305-17-3/
2026-01-11 03:06:56,748 - INFO - Scraping 2456/6851: https://www.refurbed.de/p/hp-17-cn3757ng-i5-1334u-17-3/
2026-01-11 03:06:58,139 - INFO - Scraping 2457/6851: https://www.refurbed.de/p/hp-17-cp-r5-7520u-17-3/
2026-01-11 03:06:59,574 - INFO - Scraping 2458/6851: https://www.refurbed.de/p/hp-17-cp-ryzen-7-5700-u-17/
2026-01-11 03:06:59,852 - ERROR - Error fetching https://www.refurbed.de/p/hp-17-cp-ryzen-7-5700-u-17/: 404 Client Error: Not Found for url: https://www.refurbed.de/p/hp-17-cp-ryzen-7-5700-u-17/
2026-01-11 03:07:00,854 - INFO - Scraping 2459/6851: https://www.refurbed.de/p/hp-17-cp0001nc-ryzen-3-3250-u-17/
2026-01-11 03:07:02,229 - INFO - Scraping 2460/6851: https://www.refurbed.de/p/hp-17-cp0015na-ryzen-5-5500u/
2026-01-11 03:07:03,556 - INFO - Scraping 2461/6851: https://www.refurbed.de/p/hp-17-cp0077ng-ryzen-7-5700u/
2026-01-11 03:07:04,932 - INFO - Scraping 2462/6851: https://www.refurbed.de/p/hp-17-cp0153nf-ryzen-5-5500u/
2026-01-11 03:07:06,231 - INFO - Scraping 2463/6851: https://www.refurbed.de/p/hp-17-cp0153ng-ryzen-5-5500u/
2026-01-11 03:07:07,763 - INFO - Scraping 2464/6851: https://www.refurbed.de/p/hp-17-cp0274nf-amd-3020e-17-3/
2026-01-11 03:07:09,076 - INFO - Scraping 2465/6851: https://www.refurbed.de/p/hp-17-cp0284nf-r5-5500u-17-3/
2026-01-11 03:07:10,430 - INFO - Scraping 2466/6851: https://www.refurbed.de/p/hp-17-cp0308nf-r7-5700u-17-3/
2026-01-11 03:07:11,830 - INFO - Scraping 2467/6851: https://www.refurbed.de/p/hp-17-cp0648ng-ryzen-5-5500-u-17/
2026-01-11 03:07:13,255 - INFO - Scraping 2468/6851: https://www.refurbed.de/p/hp-17-cp0668ng-ryzen-7-5700u/
2026-01-11 03:07:14,585 - INFO - Scraping 2469/6851: https://www.refurbed.de/p/hp-17-cp0714ng-athlon-3150-u-17/
2026-01-11 03:07:15,957 - INFO - Scraping 2470/6851: https://www.refurbed.de/p/hp-17-cp0716ng-athlon-gold-3150u/
2026-01-11 03:07:17,474 - INFO - Scraping 2471/6851: https://www.refurbed.de/p/hp-17-cp0732ng-ryzen-3-5300-u-17/
2026-01-11 03:07:18,870 - INFO - Scraping 2472/6851: https://www.refurbed.de/p/hp-17-cp0755ng-ryzen-5-5500-u-17/
2026-01-11 03:07:20,212 - INFO - Scraping 2473/6851: https://www.refurbed.de/p/hp-17-cp0807ng-ryzen-3-5300-u-17/
2026-01-11 03:07:21,554 - INFO - Scraping 2474/6851: https://www.refurbed.de/p/hp-17-cp0901ng-ryzen-7-5700-u-17/
2026-01-11 03:07:22,915 - INFO - Scraping 2475/6851: https://www.refurbed.de/p/hp-17-cp1055ng-r5-5625u-17-3/
2026-01-11 03:07:24,395 - INFO - Scraping 2476/6851: https://www.refurbed.de/p/hp-17-cp1773ng-ryzen-7-5825u/
2026-01-11 03:07:25,854 - INFO - Scraping 2477/6851: https://www.refurbed.de/p/hp-17-cp2153ng/
2026-01-11 03:07:27,174 - INFO - Scraping 2478/6851: https://www.refurbed.de/p/hp-17-cp3000-r7-7730u-17-3/
2026-01-11 03:07:28,504 - INFO - Scraping 2479/6851: https://www.refurbed.de/p/hp-17-cp3002na-r7-7730u-17-3/
2026-01-11 03:07:29,872 - INFO - Scraping 2480/6851: https://www.refurbed.de/p/hp-17-cp3775ngr-7-7730u-17-3/
2026-01-11 03:07:31,221 - INFO - Scraping 2481/6851: https://www.refurbed.de/p/hp-17-x109nf-i5-7200u/
2026-01-11 03:07:31,403 - ERROR - Error fetching https://www.refurbed.de/p/hp-17-x109nf-i5-7200u/: 404 Client Error: Not Found for url: https://www.refurbed.de/p/hp-17-x109nf-i5-7200u/
2026-01-11 03:07:32,405 - INFO - Scraping 2482/6851: https://www.refurbed.de/p/hp-22-dd2006na-all-in-one/
2026-01-11 03:07:33,780 - INFO - Scraping 2483/6851: https://www.refurbed.de/p/hp-22-dg-all-in-one/
2026-01-11 03:07:35,146 - INFO - Scraping 2484/6851: https://www.refurbed.de/p/hp-22-dg0002nc-all-in-one/
2026-01-11 03:07:36,472 - INFO - Scraping 2485/6851: https://www.refurbed.de/p/hp-22m-21-5/
2026-01-11 03:07:37,827 - INFO - Scraping 2486/6851: https://www.refurbed.de/p/hp-230/
2026-01-11 03:07:39,147 - INFO - Scraping 2487/6851: https://www.refurbed.de/p/hp-24-ca0701ng-all-in-one/
2026-01-11 03:07:40,542 - INFO - Scraping 2488/6851: https://www.refurbed.de/p/hp-24-cb-all-in-one-23-8/
2026-01-11 03:07:41,876 - INFO - Scraping 2489/6851: https://www.refurbed.de/p/hp-24-cb0203ng-all-in-one/
2026-01-11 03:07:43,199 - INFO - Scraping 2490/6851: https://www.refurbed.de/p/hp-24-cr0002nx-all-in-one-23-8/
2026-01-11 03:07:44,616 - INFO - Scraping 2491/6851: https://www.refurbed.de/p/hp-24-cr0005nx-all-in-one-23-8/
2026-01-11 03:07:45,965 - INFO - Scraping 2492/6851: https://www.refurbed.de/p/hp-24-cr0008nx-all-in-one-23-8/
2026-01-11 03:07:47,434 - INFO - Scraping 2493/6851: https://www.refurbed.de/p/hp-24-cr0009nx-all-in-one/
2026-01-11 03:07:48,782 - INFO - Scraping 2494/6851: https://www.refurbed.de/p/hp-24-cr0024-all-in-one/
2026-01-11 03:07:50,169 - INFO - Scraping 2495/6851: https://www.refurbed.de/p/hp-24-cr0037na-all-in-one-23-8/
2026-01-11 03:07:51,584 - INFO - Scraping 2496/6851: https://www.refurbed.de/p/hp-24-cr0703ng-all-in-one-23-8/
2026-01-11 03:07:52,986 - INFO - Scraping 2497/6851: https://www.refurbed.de/p/hp-24-cr1007na-all-in-one-23-8/
2026-01-11 03:07:54,530 - INFO - Scraping 2498/6851: https://www.refurbed.de/p/hp-24-cr1007nb-all-in-one-23-8/
2026-01-11 03:07:56,040 - INFO - Scraping 2499/6851: https://www.refurbed.de/p/hp-240-g10-i5-1335u-14/
2026-01-11 03:07:57,537 - INFO - Scraping 2500/6851: https://www.refurbed.de/p/hp-240-g7-1005g1/
2026-01-11 03:07:58,903 - INFO - Scraping 2501/6851: https://www.refurbed.de/p/hp-240-g8-1035g-14/
2026-01-11 03:08:00,596 - INFO - Scraping 2502/6851: https://www.refurbed.de/p/hp-240-g8-1115g4/
2026-01-11 03:08:01,961 - INFO - Scraping 2503/6851: https://www.refurbed.de/p/hp-240-g8-1135g7/
2026-01-11 03:08:03,404 - INFO - Scraping 2504/6851: https://www.refurbed.de/p/hp-240-g8-i7-1065g7/
2026-01-11 03:08:04,846 - INFO - Scraping 2505/6851: https://www.refurbed.de/p/hp-240-g8-i7-1165g7/
2026-01-11 03:08:06,190 - INFO - Scraping 2506/6851: https://www.refurbed.de/p/hp-240-g9-1235u-14/
2026-01-11 03:08:07,541 - INFO - Scraping 2507/6851: https://www.refurbed.de/p/hp-245-g9-ryzen-5-5625u/
2026-01-11 03:08:08,987 - INFO - Scraping 2508/6851: https://www.refurbed.de/p/hp-250-g10-i3-1315u-15-6/
2026-01-11 03:08:10,353 - INFO - Scraping 2509/6851: https://www.refurbed.de/p/hp-250-g10-i3-n305-15-6/
2026-01-11 03:08:11,743 - INFO - Scraping 2510/6851: https://www.refurbed.de/p/hp-250-g10-i5-1334u-15-6/
2026-01-11 03:08:13,454 - INFO - Scraping 2511/6851: https://www.refurbed.de/p/hp-250-g10-i5-1335u-15-6/
2026-01-11 03:08:15,041 - INFO - Scraping 2512/6851: https://www.refurbed.de/p/hp-250-g10-i7-1355u-15-6/
2026-01-11 03:08:16,622 - INFO - Scraping 2513/6851: https://www.refurbed.de/p/hp-250-g10-n100-15-6/
2026-01-11 03:08:18,121 - INFO - Scraping 2514/6851: https://www.refurbed.de/p/hp-250-g10-ryzen-5-7530u/
2026-01-11 03:08:19,565 - INFO - Scraping 2515/6851: https://www.refurbed.de/p/hp-250-g4-5005u/
2026-01-11 03:08:19,808 - ERROR - Error fetching https://www.refurbed.de/p/hp-250-g4-5005u/: 404 Client Error: Not Found for url: https://www.refurbed.de/p/hp-250-g4-5005u/
2026-01-11 03:08:20,810 - INFO - Scraping 2516/6851: https://www.refurbed.de/p/hp-250-g5-i3-5005u-15-6/
2026-01-11 03:08:21,006 - ERROR - Error fetching https://www.refurbed.de/p/hp-250-g5-i3-5005u-15-6/: 404 Client Error: Not Found for url: https://www.refurbed.de/p/hp-250-g5-i3-5005u-15-6/
2026-01-11 03:08:22,009 - INFO - Scraping 2517/6851: https://www.refurbed.de/p/hp-250-g5-i5-6200u-15-6/
2026-01-11 03:08:22,506 - ERROR - Error fetching https://www.refurbed.de/p/hp-250-g5-i5-6200u-15-6/: 404 Client Error: Not Found for url: https://www.refurbed.de/p/hp-250-g5-i5-6200u-15-6/
2026-01-11 03:08:23,509 - INFO - Scraping 2518/6851: https://www.refurbed.de/p/hp-250-g6-n4000/
2026-01-11 03:08:24,856 - INFO - Scraping 2519/6851: https://www.refurbed.de/p/hp-250-g7-1035g1/
2026-01-11 03:08:27,123 - INFO - Scraping 2520/6851: https://www.refurbed.de/p/hp-250-g7-i3-1005g1-15-6/
2026-01-11 03:08:28,459 - INFO - Scraping 2521/6851: https://www.refurbed.de/p/hp-250-g7-i5-8265u/
2026-01-11 03:08:30,026 - INFO - Scraping 2522/6851: https://www.refurbed.de/p/hp-250-g7-i7-1065g7-15-6/
2026-01-11 03:08:31,604 - INFO - Scraping 2523/6851: https://www.refurbed.de/p/hp-250-g7-n4000/
2026-01-11 03:08:32,983 - INFO - Scraping 2524/6851: https://www.refurbed.de/p/hp-250-g7-n5030/
2026-01-11 03:08:34,357 - INFO - Scraping 2525/6851: https://www.refurbed.de/p/hp-250-g8-i3-1005g1/
2026-01-11 03:08:35,706 - INFO - Scraping 2526/6851: https://www.refurbed.de/p/hp-250-g8-i3-1115g4/
2026-01-11 03:08:37,292 - INFO - Scraping 2527/6851: https://www.refurbed.de/p/hp-250-g8-i5-1035g1/
2026-01-11 03:08:38,668 - INFO - Scraping 2528/6851: https://www.refurbed.de/p/hp-250-g8-i5-1135g7/
2026-01-11 03:08:40,138 - INFO - Scraping 2529/6851: https://www.refurbed.de/p/hp-250-g8-i7-1065g7/
2026-01-11 03:08:41,564 - INFO - Scraping 2530/6851: https://www.refurbed.de/p/hp-250-g8-i7-1165g7-15/
2026-01-11 03:08:42,894 - INFO - Scraping 2531/6851: https://www.refurbed.de/p/hp-250-g8-n4020/
2026-01-11 03:08:44,415 - INFO - Scraping 2532/6851: https://www.refurbed.de/p/hp-250-g9-celeron-n4500-15-6/
2026-01-11 03:08:45,802 - INFO - Scraping 2533/6851: https://www.refurbed.de/p/hp-250-g9-i3-1215u/
2026-01-11 03:08:47,323 - INFO - Scraping 2534/6851: https://www.refurbed.de/p/hp-250-g9-i5-1235u-15-6/
2026-01-11 03:08:48,812 - INFO - Scraping 2535/6851: https://www.refurbed.de/p/hp-250-g9-i7-1255u-15-6/
2026-01-11 03:08:50,123 - INFO - Scraping 2536/6851: https://www.refurbed.de/p/hp-250-g9-n6000-15-6/
2026-01-11 03:08:51,465 - INFO - Scraping 2537/6851: https://www.refurbed.de/p/hp-250r-g9-i3-1315u-15-6/
2026-01-11 03:08:52,836 - INFO - Scraping 2538/6851: https://www.refurbed.de/p/hp-250r-g9-i5-1335u-15-6/
2026-01-11 03:08:54,317 - INFO - Scraping 2539/6851: https://www.refurbed.de/p/hp-255-g10-athlon-silver-7120u/
2026-01-11 03:08:55,625 - INFO - Scraping 2540/6851: https://www.refurbed.de/p/hp-255-g10-r5-7520u-15-6/
2026-01-11 03:08:56,975 - INFO - Scraping 2541/6851: https://www.refurbed.de/p/hp-255-g10-r5-7530u-15-6/
2026-01-11 03:08:58,526 - INFO - Scraping 2542/6851: https://www.refurbed.de/p/hp-255-g10-ryzen-3-7320u/
2026-01-11 03:09:00,386 - INFO - Scraping 2543/6851: https://www.refurbed.de/p/hp-255-g10-ryzen-3-7330u-15-6/
2026-01-11 03:09:01,946 - INFO - Scraping 2544/6851: https://www.refurbed.de/p/hp-255-g10-ryzen-7-7730u15-6/
2026-01-11 03:09:03,601 - INFO - Scraping 2545/6851: https://www.refurbed.de/p/hp-255-g6-e2-9000e-15-6/
2026-01-11 03:09:03,831 - ERROR - Error fetching https://www.refurbed.de/p/hp-255-g6-e2-9000e-15-6/: 404 Client Error: Not Found for url: https://www.refurbed.de/p/hp-255-g6-e2-9000e-15-6/
2026-01-11 03:09:04,833 - INFO - Scraping 2546/6851: https://www.refurbed.de/p/hp-255-g7-3050u/
2026-01-11 03:09:06,347 - INFO - Scraping 2547/6851: https://www.refurbed.de/p/hp-255-g7-ryzen-3-2200u/
2026-01-11 03:09:06,559 - ERROR - Error fetching https://www.refurbed.de/p/hp-255-g7-ryzen-3-2200u/: 404 Client Error: Not Found for url: https://www.refurbed.de/p/hp-255-g7-ryzen-3-2200u/
2026-01-11 03:09:07,561 - INFO - Scraping 2548/6851: https://www.refurbed.de/p/hp-255-g7-ryzen-5-2500u/
2026-01-11 03:09:07,786 - ERROR - Error fetching https://www.refurbed.de/p/hp-255-g7-ryzen-5-2500u/: 404 Client Error: Not Found for url: https://www.refurbed.de/p/hp-255-g7-ryzen-5-2500u/
2026-01-11 03:09:08,789 - INFO - Scraping 2549/6851: https://www.refurbed.de/p/hp-255-g8-amd-3020e/
2026-01-11 03:09:10,196 - INFO - Scraping 2550/6851: https://www.refurbed.de/p/hp-255-g8-amd-athlon-3050u-15/
2026-01-11 03:09:11,692 - INFO - Scraping 2551/6851: https://www.refurbed.de/p/hp-255-g8-amd-athlon-3150u-15/
2026-01-11 03:09:13,052 - INFO - Scraping 2552/6851: https://www.refurbed.de/p/hp-255-g8-ryze-3-3250u-15-6/
2026-01-11 03:09:14,413 - INFO - Scraping 2553/6851: https://www.refurbed.de/p/hp-255-g8-ryzen-4-5300u-15/
2026-01-11 03:09:15,919 - INFO - Scraping 2554/6851: https://www.refurbed.de/p/hp-255-g8-ryzen-5-3500u-15/
2026-01-11 03:09:17,258 - INFO - Scraping 2555/6851: https://www.refurbed.de/p/hp-255-g8-ryzen-5-5500u-15/
2026-01-11 03:09:18,677 - INFO - Scraping 2556/6851: https://www.refurbed.de/p/hp-255-g8-ryzen-7-5700u-15-6/
2026-01-11 03:09:20,034 - INFO - Scraping 2557/6851: https://www.refurbed.de/p/hp-255-g9-athlon-gold-3150u/
2026-01-11 03:09:21,385 - INFO - Scraping 2558/6851: https://www.refurbed.de/p/hp-255-g9-ryzen-3-3250u/
2026-01-11 03:09:22,867 - INFO - Scraping 2559/6851: https://www.refurbed.de/p/hp-255-g9-ryzen-3-5425u/
2026-01-11 03:09:24,239 - INFO - Scraping 2560/6851: https://www.refurbed.de/p/hp-255-g9-ryzen-5-5625u/
2026-01-11 03:09:25,832 - INFO - Scraping 2561/6851: https://www.refurbed.de/p/hp-255-g9-ryzen-7-5825u/
2026-01-11 03:09:27,166 - INFO - Scraping 2562/6851: https://www.refurbed.de/p/hp-260-g3-dm/
2026-01-11 03:09:27,504 - ERROR - Error fetching https://www.refurbed.de/p/hp-260-g3-dm/: 404 Client Error: Not Found for url: https://www.refurbed.de/p/hp-260-g3-dm/
2026-01-11 03:09:28,506 - INFO - Scraping 2563/6851: https://www.refurbed.de/p/hp-260-g4-dm/
2026-01-11 03:09:30,213 - INFO - Scraping 2564/6851: https://www.refurbed.de/p/hp-27-ca0701ng-all-in-one/
2026-01-11 03:09:31,529 - INFO - Scraping 2565/6851: https://www.refurbed.de/p/hp-27-ca1005ng-all-in-one/
2026-01-11 03:09:32,972 - INFO - Scraping 2566/6851: https://www.refurbed.de/p/hp-27-ca1700ng-all-in-one/
2026-01-11 03:09:34,381 - INFO - Scraping 2567/6851: https://www.refurbed.de/p/hp-27-cb0700ng-all-in-one/
2026-01-11 03:09:35,771 - INFO - Scraping 2568/6851: https://www.refurbed.de/p/hp-27-cr-0042na-all-in-one/
2026-01-11 03:09:37,230 - INFO - Scraping 2569/6851: https://www.refurbed.de/p/hp-27-cr-all-in-one-27/
2026-01-11 03:09:38,540 - INFO - Scraping 2570/6851: https://www.refurbed.de/p/hp-27-cr0001nc-all-in-one-27/
2026-01-11 03:09:39,877 - INFO - Scraping 2571/6851: https://www.refurbed.de/p/hp-27-cr0007ng-all-in-one-27/
2026-01-11 03:09:41,370 - INFO - Scraping 2572/6851: https://www.refurbed.de/p/hp-27-cr0701ng-all-in-one-27/
2026-01-11 03:09:42,714 - INFO - Scraping 2573/6851: https://www.refurbed.de/p/hp-27-dp0059ur-all-in-one/
2026-01-11 03:09:44,077 - INFO - Scraping 2574/6851: https://www.refurbed.de/p/hp-27-dp0106ng-all-in-one/
2026-01-11 03:09:45,401 - INFO - Scraping 2575/6851: https://www.refurbed.de/p/hp-27-dp1022na-all-in-one/
2026-01-11 03:09:46,930 - INFO - Scraping 2576/6851: https://www.refurbed.de/p/hp-27fw-27/
2026-01-11 03:09:48,320 - INFO - Scraping 2577/6851: https://www.refurbed.de/p/hp-280-g1-mt/
2026-01-11 03:09:48,506 - ERROR - Error fetching https://www.refurbed.de/p/hp-280-g1-mt/: 404 Client Error: Not Found for url: https://www.refurbed.de/p/hp-280-g1-mt/
2026-01-11 03:09:49,508 - INFO - Scraping 2578/6851: https://www.refurbed.de/p/hp-280-g2-mt/
2026-01-11 03:09:49,750 - ERROR - Error fetching https://www.refurbed.de/p/hp-280-g2-mt/: 404 Client Error: Not Found for url: https://www.refurbed.de/p/hp-280-g2-mt/
2026-01-11 03:09:50,753 - INFO - Scraping 2579/6851: https://www.refurbed.de/p/hp-290-g1-sff/
2026-01-11 03:09:50,949 - ERROR - Error fetching https://www.refurbed.de/p/hp-290-g1-sff/: 404 Client Error: Not Found for url: https://www.refurbed.de/p/hp-290-g1-sff/
2026-01-11 03:09:51,951 - INFO - Scraping 2580/6851: https://www.refurbed.de/p/hp-290-g2-mt/
2026-01-11 03:09:53,303 - INFO - Scraping 2581/6851: https://www.refurbed.de/p/hp-290-g3-mt/
2026-01-11 03:09:53,498 - ERROR - Error fetching https://www.refurbed.de/p/hp-290-g3-mt/: 404 Client Error: Not Found for url: https://www.refurbed.de/p/hp-290-g3-mt/
2026-01-11 03:09:54,500 - INFO - Scraping 2582/6851: https://www.refurbed.de/p/hp-290-g4-mt/
2026-01-11 03:09:55,900 - INFO - Scraping 2583/6851: https://www.refurbed.de/p/hp-3005pr-usb-3-0-port-repl-dock/
2026-01-11 03:09:57,348 - INFO - Scraping 2584/6851: https://www.refurbed.de/p/hp-320k/
2026-01-11 03:09:58,740 - INFO - Scraping 2585/6851: https://www.refurbed.de/p/hp-330/
2026-01-11 03:10:00,122 - INFO - Scraping 2586/6851: https://www.refurbed.de/p/hp-340s-g7-1035g1/
2026-01-11 03:10:01,683 - INFO - Scraping 2587/6851: https://www.refurbed.de/p/hp-340s-g7-1065g7/
2026-01-11 03:10:03,201 - INFO - Scraping 2588/6851: https://www.refurbed.de/p/hp-394900-001/
2026-01-11 03:10:04,606 - INFO - Scraping 2589/6851: https://www.refurbed.de/p/hp-460-a080na/
2026-01-11 03:10:04,786 - ERROR - Error fetching https://www.refurbed.de/p/hp-460-a080na/: 404 Client Error: Not Found for url: https://www.refurbed.de/p/hp-460-a080na/
2026-01-11 03:10:05,788 - INFO - Scraping 2590/6851: https://www.refurbed.de/p/hp-460-p035na/
2026-01-11 03:10:06,070 - ERROR - Error fetching https://www.refurbed.de/p/hp-460-p035na/: 404 Client Error: Not Found for url: https://www.refurbed.de/p/hp-460-p035na/
2026-01-11 03:10:07,072 - INFO - Scraping 2591/6851: https://www.refurbed.de/p/hp-463953-001/
2026-01-11 03:10:08,794 - INFO - Scraping 2592/6851: https://www.refurbed.de/p/hp-470-g10-i5-1335u/
2026-01-11 03:10:10,766 - INFO - Scraping 2593/6851: https://www.refurbed.de/p/hp-470-g10-i7-1355u-17-3/
2026-01-11 03:10:21,375 - INFO - Scraping 2594/6851: https://www.refurbed.de/p/hp-470-g7-i5-10210u-17/
2026-01-11 03:10:22,729 - INFO - Scraping 2595/6851: https://www.refurbed.de/p/hp-470-g8-i5-1135g7-17/
2026-01-11 03:10:24,046 - INFO - Scraping 2596/6851: https://www.refurbed.de/p/hp-470-g8-i7-1165g7-17/
2026-01-11 03:10:25,360 - INFO - Scraping 2597/6851: https://www.refurbed.de/p/hp-470-g9-i3-1215u/
2026-01-11 03:10:26,964 - INFO - Scraping 2598/6851: https://www.refurbed.de/p/hp-470-g9-i7-1255u-17/
2026-01-11 03:10:28,423 - INFO - Scraping 2599/6851: https://www.refurbed.de/p/hp-645-g11-ryzen-7-7735u-14/
2026-01-11 03:10:29,874 - INFO - Scraping 2600/6851: https://www.refurbed.de/p/hp-672647-002/
2026-01-11 03:10:31,191 - INFO - Scraping 2601/6851: https://www.refurbed.de/p/hp-672647-063/
2026-01-11 03:10:32,491 - INFO - Scraping 2602/6851: https://www.refurbed.de/p/hp-693707-001/
2026-01-11 03:10:33,910 - INFO - Scraping 2603/6851: https://www.refurbed.de/p/hp-693711-001/
2026-01-11 03:10:35,258 - INFO - Scraping 2604/6851: https://www.refurbed.de/p/hp-741727-001/
2026-01-11 03:10:36,634 - INFO - Scraping 2605/6851: https://www.refurbed.de/p/hp-756413-003/
2026-01-11 03:10:38,001 - INFO - Scraping 2606/6851: https://www.refurbed.de/p/hp-902990-003/
2026-01-11 03:10:39,874 - INFO - Scraping 2607/6851: https://www.refurbed.de/p/hp-active-pen-app-launch/
2026-01-11 03:10:41,259 - INFO - Scraping 2608/6851: https://www.refurbed.de/p/hp-active-pen/
2026-01-11 03:10:42,874 - INFO - Scraping 2609/6851: https://www.refurbed.de/p/hp-all-in-one-27-d0033nf/
2026-01-11 03:10:44,268 - INFO - Scraping 2610/6851: https://www.refurbed.de/p/hp-chromebook-11-g5-n3060/
2026-01-11 03:10:45,598 - INFO - Scraping 2611/6851: https://www.refurbed.de/p/hp-chromebook-11-g6-n3350/
2026-01-11 03:10:51,510 - INFO - Scraping 2612/6851: https://www.refurbed.de/p/hp-chromebook-11-g7-ee-n4000/
2026-01-11 03:10:52,859 - INFO - Scraping 2613/6851: https://www.refurbed.de/p/hp-chromebook-11-g8-ee-n4020/
2026-01-11 03:10:54,188 - INFO - Scraping 2614/6851: https://www.refurbed.de/p/hp-chromebook-11-g8-ee-n4120/
2026-01-11 03:11:00,024 - INFO - Scraping 2615/6851: https://www.refurbed.de/p/hp-chromebook-11-g9-sd-7c/
2026-01-11 03:11:01,418 - INFO - Scraping 2616/6851: https://www.refurbed.de/p/hp-chromebook-14-g1-2955u/
2026-01-11 03:11:02,870 - INFO - Scraping 2617/6851: https://www.refurbed.de/p/hp-chromebook-14-g4-n2940/
2026-01-11 03:11:04,472 - INFO - Scraping 2618/6851: https://www.refurbed.de/p/hp-chromebook-14a-g5-a4-9120c-14/
2026-01-11 03:11:05,832 - INFO - Scraping 2619/6851: https://www.refurbed.de/p/hp-chromebook-14a-n4020-14/
2026-01-11 03:11:07,389 - INFO - Scraping 2620/6851: https://www.refurbed.de/p/hp-chromebook-14a-n5030-14/
2026-01-11 03:11:08,730 - INFO - Scraping 2621/6851: https://www.refurbed.de/p/hp-chromebook-14b-na0700nd/
2026-01-11 03:11:10,134 - INFO - Scraping 2622/6851: https://www.refurbed.de/p/hp-chromebook-15a-nb0000ns-i3-n3/
2026-01-11 03:11:11,539 - INFO - Scraping 2623/6851: https://www.refurbed.de/p/hp-chromebook-c640-10310u/
2026-01-11 03:11:13,125 - INFO - Scraping 2624/6851: https://www.refurbed.de/p/hp-chromebook-x360-11-g3-ee-4020/
2026-01-11 03:11:14,469 - INFO - Scraping 2625/6851: https://www.refurbed.de/p/hp-chromebook-x360-14-g1-8350u/
2026-01-11 03:11:15,800 - INFO - Scraping 2626/6851: https://www.refurbed.de/p/hp-chromebook-x360-14-g1-8650u/
2026-01-11 03:11:17,157 - INFO - Scraping 2627/6851: https://www.refurbed.de/p/hp-chromebook-x360-14b-n6000/
2026-01-11 03:11:18,545 - INFO - Scraping 2628/6851: https://www.refurbed.de/p/hp-chromebook-x360-14c-ca0700nd/
2026-01-11 03:11:19,882 - INFO - Scraping 2629/6851: https://www.refurbed.de/p/hp-col-lj-ep-mgd-mfp-m880zm-plus/
2026-01-11 03:11:21,238 - INFO - Scraping 2630/6851: https://www.refurbed.de/p/hp-colo-lj-enterprise-mfp-m680dn/
2026-01-11 03:11:22,585 - INFO - Scraping 2631/6851: https://www.refurbed.de/p/hp-color-laserjet-cm1415fnw/
2026-01-11 03:11:23,978 - INFO - Scraping 2632/6851: https://www.refurbed.de/p/hp-color-laserjet-cp2025n-farbla/
2026-01-11 03:11:25,310 - INFO - Scraping 2633/6851: https://www.refurbed.de/p/hp-color-laserjet-e55040dw/
2026-01-11 03:11:26,714 - INFO - Scraping 2634/6851: https://www.refurbed.de/p/hp-color-laserjet-entprs-m553/
2026-01-11 03:11:28,015 - INFO - Scraping 2635/6851: https://www.refurbed.de/p/hp-color-laserjet-m553xm/
2026-01-11 03:11:29,487 - INFO - Scraping 2636/6851: https://www.refurbed.de/p/hp-color-laserjet-m577f-mfp/
2026-01-11 03:11:30,866 - INFO - Scraping 2637/6851: https://www.refurbed.de/p/hp-color-laserjet-managed-e87640/
2026-01-11 03:11:32,226 - INFO - Scraping 2638/6851: https://www.refurbed.de/p/hp-color-laserjet-managed-e87650/
2026-01-11 03:11:33,591 - INFO - Scraping 2639/6851: https://www.refurbed.de/p/hp-color-laserjet-managed-e87660/
2026-01-11 03:11:34,985 - INFO - Scraping 2640/6851: https://www.refurbed.de/p/hp-color-laserjet-pro-m252dw/
2026-01-11 03:11:36,397 - INFO - Scraping 2641/6851: https://www.refurbed.de/p/hp-color-laserjet-pro-m452dn/
2026-01-11 03:11:37,742 - INFO - Scraping 2642/6851: https://www.refurbed.de/p/hp-color-laserjet-pro-m454dn/
2026-01-11 03:11:39,319 - INFO - Scraping 2643/6851: https://www.refurbed.de/p/hp-color-laserjet-pro-mfp-m176n-/
2026-01-11 03:11:40,706 - INFO - Scraping 2644/6851: https://www.refurbed.de/p/hp-color-laserjet-pro-mfp-m183fw/
2026-01-11 03:11:42,134 - INFO - Scraping 2645/6851: https://www.refurbed.de/p/hp-color-laserjet-pro-mfp-m476dw/
2026-01-11 03:11:43,475 - INFO - Scraping 2646/6851: https://www.refurbed.de/p/hp-color-lj-enterpris-mfp-m577cm/
2026-01-11 03:11:44,861 - INFO - Scraping 2647/6851: https://www.refurbed.de/p/hp-color-lj-enterprise-m552dn/
2026-01-11 03:11:46,451 - INFO - Scraping 2648/6851: https://www.refurbed.de/p/hp-color-lj-enterprise-m555dn/
2026-01-11 03:11:47,905 - INFO - Scraping 2649/6851: https://www.refurbed.de/p/hp-color-lj-managed-mfp-e57540/
2026-01-11 03:11:49,301 - INFO - Scraping 2650/6851: https://www.refurbed.de/p/hp-color-lj-managed-mfp-e77825/
2026-01-11 03:11:51,189 - INFO - Scraping 2651/6851: https://www.refurbed.de/p/hp-color-lj-managed-mfp-e77830dn/
2026-01-11 03:11:52,565 - INFO - Scraping 2652/6851: https://www.refurbed.de/p/hp-color-lj-managed-mfp-e78330dn/
2026-01-11 03:11:54,002 - INFO - Scraping 2653/6851: https://www.refurbed.de/p/hp-color-lj-pro-mfp-m281fdw/
2026-01-11 03:11:55,347 - INFO - Scraping 2654/6851: https://www.refurbed.de/p/hp-color-lj-pro-mfp-m283fdw/
2026-01-11 03:11:56,654 - INFO - Scraping 2655/6851: https://www.refurbed.de/p/hp-color-lj-pro-mfp-m477fdn/
2026-01-11 03:11:58,305 - INFO - Scraping 2656/6851: https://www.refurbed.de/p/hp-color-lj-pro-mfp-m477fdw/
2026-01-11 03:11:59,687 - INFO - Scraping 2657/6851: https://www.refurbed.de/p/hp-color-lj-pro-mfp-m479fdn/
2026-01-11 03:12:01,144 - INFO - Scraping 2658/6851: https://www.refurbed.de/p/hp-color-lj-pro-mfp-m479fdw/
2026-01-11 03:12:02,549 - INFO - Scraping 2659/6851: https://www.refurbed.de/p/hp-compaq-elite-8200-usdt/
2026-01-11 03:12:02,789 - ERROR - Error fetching https://www.refurbed.de/p/hp-compaq-elite-8200-usdt/: 404 Client Error: Not Found for url: https://www.refurbed.de/p/hp-compaq-elite-8200-usdt/
2026-01-11 03:12:03,791 - INFO - Scraping 2660/6851: https://www.refurbed.de/p/hp-compaq-la-2205wg/
2026-01-11 03:12:05,431 - INFO - Scraping 2661/6851: https://www.refurbed.de/p/hp-compaq-la2006x/
2026-01-11 03:12:06,810 - INFO - Scraping 2662/6851: https://www.refurbed.de/p/hp-compaq-la2205wg/
2026-01-11 03:12:08,805 - INFO - Scraping 2663/6851: https://www.refurbed.de/p/hp-compaq-la2405wg/
2026-01-11 03:12:10,387 - INFO - Scraping 2664/6851: https://www.refurbed.de/p/hp-compaq-la2405x/
2026-01-11 03:12:11,839 - INFO - Scraping 2665/6851: https://www.refurbed.de/p/hp-desktop-m01-mt/
2026-01-11 03:12:13,139 - INFO - Scraping 2666/6851: https://www.refurbed.de/p/hp-dragonfly-g3-folio-1255u/
2026-01-11 03:12:14,482 - INFO - Scraping 2667/6851: https://www.refurbed.de/p/hp-dragonfly-g3-folio-i5-1245u/
2026-01-11 03:12:15,931 - INFO - Scraping 2668/6851: https://www.refurbed.de/p/hp-dreamcolor-z27x-27/
2026-01-11 03:12:17,230 - INFO - Scraping 2669/6851: https://www.refurbed.de/p/hp-e22-g4/
2026-01-11 03:12:18,552 - INFO - Scraping 2670/6851: https://www.refurbed.de/p/hp-e23-g4-23/
2026-01-11 03:12:20,073 - INFO - Scraping 2671/6851: https://www.refurbed.de/p/hp-e24-g4-24/
2026-01-11 03:12:21,359 - INFO - Scraping 2672/6851: https://www.refurbed.de/p/hp-e24-g5-23-8/
2026-01-11 03:12:22,894 - INFO - Scraping 2673/6851: https://www.refurbed.de/p/hp-e24i-g4/
2026-01-11 03:12:24,454 - INFO - Scraping 2674/6851: https://www.refurbed.de/p/hp-e24m-g4-23-8/
2026-01-11 03:12:25,772 - INFO - Scraping 2675/6851: https://www.refurbed.de/p/hp-e24mv-g4-23-8/
2026-01-11 03:12:27,325 - INFO - Scraping 2676/6851: https://www.refurbed.de/p/hp-e24q-g4/
2026-01-11 03:12:28,663 - INFO - Scraping 2677/6851: https://www.refurbed.de/p/hp-e24q-g5-23-8/
2026-01-11 03:12:30,165 - INFO - Scraping 2678/6851: https://www.refurbed.de/p/hp-e24t-g5-23-8/
2026-01-11 03:12:31,488 - INFO - Scraping 2679/6851: https://www.refurbed.de/p/hp-e24u-g4-23-8/
2026-01-11 03:12:33,207 - INFO - Scraping 2680/6851: https://www.refurbed.de/p/hp-e24u-g5-23-8/
2026-01-11 03:12:34,554 - INFO - Scraping 2681/6851: https://www.refurbed.de/p/hp-e27-g4-27/
2026-01-11 03:12:36,126 - INFO - Scraping 2682/6851: https://www.refurbed.de/p/hp-e27d-g4-27/
2026-01-11 03:12:37,493 - INFO - Scraping 2683/6851: https://www.refurbed.de/p/hp-e27m-g4-27/
2026-01-11 03:12:38,801 - INFO - Scraping 2684/6851: https://www.refurbed.de/p/hp-e27q-g4-27/
2026-01-11 03:12:40,480 - INFO - Scraping 2685/6851: https://www.refurbed.de/p/hp-e27q-g5-27/
2026-01-11 03:12:41,887 - INFO - Scraping 2686/6851: https://www.refurbed.de/p/hp-e27u-g5-27/
2026-01-11 03:12:43,265 - INFO - Scraping 2687/6851: https://www.refurbed.de/p/hp-e32k-g5-31-5/
2026-01-11 03:12:44,714 - INFO - Scraping 2688/6851: https://www.refurbed.de/p/hp-e34m-g4-34/
2026-01-11 03:12:46,104 - INFO - Scraping 2689/6851: https://www.refurbed.de/p/hp-e45c-g5-dqhd-curved-44-5/
2026-01-11 03:12:47,437 - INFO - Scraping 2690/6851: https://www.refurbed.de/p/hp-eb--725-g3-a10-pro-8700b/
2026-01-11 03:12:47,600 - ERROR - Error fetching https://www.refurbed.de/p/hp-eb--725-g3-a10-pro-8700b/: 404 Client Error: Not Found for url: https://www.refurbed.de/p/hp-eb--725-g3-a10-pro-8700b/
2026-01-11 03:12:48,602 - INFO - Scraping 2691/6851: https://www.refurbed.de/p/hp-eb-630-g11-ultra-5-125u/
2026-01-11 03:12:49,959 - INFO - Scraping 2692/6851: https://www.refurbed.de/p/hp-eb-630-g11-ultra-5-135u/
2026-01-11 03:12:51,405 - INFO - Scraping 2693/6851: https://www.refurbed.de/p/hp-eb-645-g10-r5-pro-7530u/
2026-01-11 03:12:52,907 - INFO - Scraping 2694/6851: https://www.refurbed.de/p/hp-eb-645-g10-ryzen-7-7730u/
2026-01-11 03:12:54,480 - INFO - Scraping 2695/6851: https://www.refurbed.de/p/hp-eb-660-g11-ultra-5-135u/
2026-01-11 03:12:55,911 - INFO - Scraping 2696/6851: https://www.refurbed.de/p/hp-eb-660-g11-ultra-7-155u/
2026-01-11 03:12:57,362 - INFO - Scraping 2697/6851: https://www.refurbed.de/p/hp-eb-725-g3-a12-pro-8800b/
2026-01-11 03:12:57,538 - ERROR - Error fetching https://www.refurbed.de/p/hp-eb-725-g3-a12-pro-8800b/: 404 Client Error: Not Found for url: https://www.refurbed.de/p/hp-eb-725-g3-a12-pro-8800b/
2026-01-11 03:12:58,541 - INFO - Scraping 2698/6851: https://www.refurbed.de/p/hp-eb-830-g5-7200u/
2026-01-11 03:12:58,784 - ERROR - Error fetching https://www.refurbed.de/p/hp-eb-830-g5-7200u/: 404 Client Error: Not Found for url: https://www.refurbed.de/p/hp-eb-830-g5-7200u/
2026-01-11 03:12:59,786 - INFO - Scraping 2699/6851: https://www.refurbed.de/p/hp-eb-830-g5-7300u/
2026-01-11 03:13:00,011 - ERROR - Error fetching https://www.refurbed.de/p/hp-eb-830-g5-7300u/: 404 Client Error: Not Found for url: https://www.refurbed.de/p/hp-eb-830-g5-7300u/
2026-01-11 03:13:01,013 - INFO - Scraping 2700/6851: https://www.refurbed.de/p/hp-eb-830-g5-8250u/
2026-01-11 03:13:02,727 - INFO - Scraping 2701/6851: https://www.refurbed.de/p/hp-eb-830-g5-8350u/
2026-01-11 03:13:04,663 - INFO - Scraping 2702/6851: https://www.refurbed.de/p/hp-eb-830-g5-8550u/
2026-01-11 03:13:06,248 - INFO - Scraping 2703/6851: https://www.refurbed.de/p/hp-eb-830-g5-8650u/
2026-01-11 03:13:07,632 - INFO - Scraping 2704/6851: https://www.refurbed.de/p/hp-eb-830-g5-i5-7300u/
2026-01-11 03:13:08,039 - ERROR - Error fetching https://www.refurbed.de/p/hp-eb-830-g5-i5-7300u/: 404 Client Error: Not Found for url: https://www.refurbed.de/p/hp-eb-830-g5-i5-7300u/
2026-01-11 03:13:09,041 - INFO - Scraping 2705/6851: https://www.refurbed.de/p/hp-eb-830-g6-8365u/
2026-01-11 03:13:10,685 - INFO - Scraping 2706/6851: https://www.refurbed.de/p/hp-eb-830-g6-i7-8565u-13-3/
2026-01-11 03:13:12,344 - INFO - Scraping 2707/6851: https://www.refurbed.de/p/hp-eb-830-g6-i7-8665u-13-3/
2026-01-11 03:13:13,845 - INFO - Scraping 2708/6851: https://www.refurbed.de/p/hp-eb-830-g8-1135g7/
2026-01-11 03:13:16,703 - INFO - Scraping 2709/6851: https://www.refurbed.de/p/hp-eb-830-g8-1185g7-13-3/
2026-01-11 03:13:18,018 - INFO - Scraping 2710/6851: https://www.refurbed.de/p/hp-eb-830-g8-i7-1165g7/
2026-01-11 03:13:19,788 - INFO - Scraping 2711/6851: https://www.refurbed.de/p/hp-eb-835-g11-ryzen-5-8540u-13-3/
2026-01-11 03:13:21,351 - INFO - Scraping 2712/6851: https://www.refurbed.de/p/hp-eb-835-g11-ryzen-7-8840u-13-3/
2026-01-11 03:13:22,816 - INFO - Scraping 2713/6851: https://www.refurbed.de/p/hp-eb-835-g7-r5-pro-4450u-13-3/
2026-01-11 03:13:24,633 - INFO - Scraping 2714/6851: https://www.refurbed.de/p/hp-eb-835-g7-r5-pro-4650u-13-3/
2026-01-11 03:13:26,019 - INFO - Scraping 2715/6851: https://www.refurbed.de/p/hp-eb-835-g9-r5-pro-6650u/
2026-01-11 03:13:27,329 - INFO - Scraping 2716/6851: https://www.refurbed.de/p/hp-eb-845-g10-r5-pro-7545u/
2026-01-11 03:13:28,679 - INFO - Scraping 2717/6851: https://www.refurbed.de/p/hp-eb-845-g10-r7-pro-7840hs-14/
2026-01-11 03:14:03,436 - ERROR - Error fetching https://www.refurbed.de/p/hp-eb-845-g10-r7-pro-7840hs-14/: 502 Server Error: Bad Gateway for url: https://www.refurbed.de/p/hp-eb-845-g10-r7-pro-7840hs-14/
2026-01-11 03:14:04,438 - INFO - Scraping 2718/6851: https://www.refurbed.de/p/hp-eb-845-g11-ryzen-5-pro-8540u/
2026-01-11 03:14:06,129 - INFO - Scraping 2719/6851: https://www.refurbed.de/p/hp-eb-845-g11-ryzen-7-8840u-14/
2026-01-11 03:14:07,605 - INFO - Scraping 2720/6851: https://www.refurbed.de/p/hp-eb-865-g10-r-5-pro-7545u/
2026-01-11 03:14:08,999 - INFO - Scraping 2721/6851: https://www.refurbed.de/p/hp-eb-865-g11-r7-pro-8840hs-16/
2026-01-11 03:14:10,341 - INFO - Scraping 2722/6851: https://www.refurbed.de/p/hp-eb-865-g11-ryzen-7-8840u-16/
2026-01-11 03:14:11,849 - INFO - Scraping 2723/6851: https://www.refurbed.de/p/hp-eb-revolve-810-g2-i5-4300u/
2026-01-11 03:14:12,028 - ERROR - Error fetching https://www.refurbed.de/p/hp-eb-revolve-810-g2-i5-4300u/: 404 Client Error: Not Found for url: https://www.refurbed.de/p/hp-eb-revolve-810-g2-i5-4300u/
2026-01-11 03:14:13,030 - INFO - Scraping 2724/6851: https://www.refurbed.de/p/hp-eb-revolve-810-g3-5200u/
2026-01-11 03:14:13,364 - ERROR - Error fetching https://www.refurbed.de/p/hp-eb-revolve-810-g3-5200u/: 404 Client Error: Not Found for url: https://www.refurbed.de/p/hp-eb-revolve-810-g3-5200u/
2026-01-11 03:14:14,366 - INFO - Scraping 2725/6851: https://www.refurbed.de/p/hp-eb-revolve-810-g3-5300u/
2026-01-11 03:14:19,063 - ERROR - Error fetching https://www.refurbed.de/p/hp-eb-revolve-810-g3-5300u/: 404 Client Error: Not Found for url: https://www.refurbed.de/p/hp-eb-revolve-810-g3-5300u/
2026-01-11 03:14:20,065 - INFO - Scraping 2726/6851: https://www.refurbed.de/p/hp-eb-x360-1040-g10-i7-1355u/
2026-01-11 03:14:21,515 - INFO - Scraping 2727/6851: https://www.refurbed.de/p/hp-elite-830-x360-g10-i5-1355u/
2026-01-11 03:14:23,056 - INFO - Scraping 2728/6851: https://www.refurbed.de/p/hp-elite-830-x360-g10-i7-1355u/
2026-01-11 03:14:24,523 - INFO - Scraping 2729/6851: https://www.refurbed.de/p/hp-elite-830-x360-g11-7-155u/
2026-01-11 03:14:25,844 - INFO - Scraping 2730/6851: https://www.refurbed.de/p/hp-elite-830-x360-g9-i5-1245u/
2026-01-11 03:14:27,289 - INFO - Scraping 2731/6851: https://www.refurbed.de/p/hp-elite-830-x360-g9-i7-1255u/
2026-01-11 03:14:28,861 - INFO - Scraping 2732/6851: https://www.refurbed.de/p/hp-elite-c1030-chromebook-i3/
2026-01-11 03:14:30,261 - INFO - Scraping 2733/6851: https://www.refurbed.de/p/hp-elite-dragonfly-8265u-13-3/
2026-01-11 03:14:31,675 - INFO - Scraping 2734/6851: https://www.refurbed.de/p/hp-elite-dragonfly-8365u-13-3/
2026-01-11 03:14:31,858 - ERROR - Error fetching https://www.refurbed.de/p/hp-elite-dragonfly-8365u-13-3/: 404 Client Error: Not Found for url: https://www.refurbed.de/p/hp-elite-dragonfly-8365u-13-3/
2026-01-11 03:14:32,860 - INFO - Scraping 2735/6851: https://www.refurbed.de/p/hp-elite-dragonfly-g2-1135g7-13/
2026-01-11 03:14:34,252 - INFO - Scraping 2736/6851: https://www.refurbed.de/p/hp-elite-dragonfly-g2-i5-1145g7/
2026-01-11 03:14:35,583 - INFO - Scraping 2737/6851: https://www.refurbed.de/p/hp-elite-dragonfly-g2-i7-1165g7/
2026-01-11 03:14:37,088 - INFO - Scraping 2738/6851: https://www.refurbed.de/p/hp-elite-dragonfly-g2-i7-1185g7/
2026-01-11 03:14:38,495 - INFO - Scraping 2739/6851: https://www.refurbed.de/p/hp-elite-dragonfly-g3-1255u-13-5/
2026-01-11 03:14:39,850 - INFO - Scraping 2740/6851: https://www.refurbed.de/p/hp-elite-dragonfly-g3-i5-1235u/
2026-01-11 03:14:41,266 - INFO - Scraping 2741/6851: https://www.refurbed.de/p/hp-elite-dragonfly-g3-i7-1265u/
2026-01-11 03:14:42,594 - INFO - Scraping 2742/6851: https://www.refurbed.de/p/hp-elite-dragonfly-g4-i5-1335u/
2026-01-11 03:14:44,288 - INFO - Scraping 2743/6851: https://www.refurbed.de/p/hp-elite-dragonfly-g4-i5-1345u/
2026-01-11 03:14:45,773 - INFO - Scraping 2744/6851: https://www.refurbed.de/p/hp-elite-dragonfly-g4-i7-1355u/
2026-01-11 03:14:47,112 - INFO - Scraping 2745/6851: https://www.refurbed.de/p/hp-elite-dragonfly-g4-i7-1365u/
2026-01-11 03:14:48,520 - INFO - Scraping 2746/6851: https://www.refurbed.de/p/hp-elite-dragonfly-i7-8565u-13-3/
2026-01-11 03:14:50,008 - INFO - Scraping 2747/6851: https://www.refurbed.de/p/hp-elite-dragonfly-max-i7-1165g7/
2026-01-11 03:14:51,574 - INFO - Scraping 2748/6851: https://www.refurbed.de/p/hp-elite-mini-600-g9/
2026-01-11 03:14:53,025 - INFO - Scraping 2749/6851: https://www.refurbed.de/p/hp-elite-mini-800-g9/
2026-01-11 03:14:54,448 - INFO - Scraping 2750/6851: https://www.refurbed.de/p/hp-elite-sff-600-g9/
2026-01-11 03:14:55,784 - INFO - Scraping 2751/6851: https://www.refurbed.de/p/hp-elite-slice/
2026-01-11 03:14:56,163 - ERROR - Error fetching https://www.refurbed.de/p/hp-elite-slice/: 404 Client Error: Not Found for url: https://www.refurbed.de/p/hp-elite-slice/
2026-01-11 03:14:57,165 - INFO - Scraping 2752/6851: https://www.refurbed.de/p/hp-elite-x2-1012-g1-m5-6y54/
2026-01-11 03:14:57,334 - ERROR - Error fetching https://www.refurbed.de/p/hp-elite-x2-1012-g1-m5-6y54/: 404 Client Error: Not Found for url: https://www.refurbed.de/p/hp-elite-x2-1012-g1-m5-6y54/
2026-01-11 03:14:58,336 - INFO - Scraping 2753/6851: https://www.refurbed.de/p/hp-elite-x2-1012-g1-m5-6y57/
2026-01-11 03:14:58,518 - ERROR - Error fetching https://www.refurbed.de/p/hp-elite-x2-1012-g1-m5-6y57/: 404 Client Error: Not Found for url: https://www.refurbed.de/p/hp-elite-x2-1012-g1-m5-6y57/
2026-01-11 03:14:59,520 - INFO - Scraping 2754/6851: https://www.refurbed.de/p/hp-elite-x2-1012-g1-m7-6y75/
2026-01-11 03:14:59,705 - ERROR - Error fetching https://www.refurbed.de/p/hp-elite-x2-1012-g1-m7-6y75/: 404 Client Error: Not Found for url: https://www.refurbed.de/p/hp-elite-x2-1012-g1-m7-6y75/
2026-01-11 03:15:00,707 - INFO - Scraping 2755/6851: https://www.refurbed.de/p/hp-elite-x2-1012-g2-7200u/
2026-01-11 03:15:00,947 - ERROR - Error fetching https://www.refurbed.de/p/hp-elite-x2-1012-g2-7200u/: 404 Client Error: Not Found for url: https://www.refurbed.de/p/hp-elite-x2-1012-g2-7200u/
2026-01-11 03:15:01,949 - INFO - Scraping 2756/6851: https://www.refurbed.de/p/hp-elite-x2-1012-g2-7300u/
2026-01-11 03:15:02,147 - ERROR - Error fetching https://www.refurbed.de/p/hp-elite-x2-1012-g2-7300u/: 404 Client Error: Not Found for url: https://www.refurbed.de/p/hp-elite-x2-1012-g2-7300u/
2026-01-11 03:15:03,149 - INFO - Scraping 2757/6851: https://www.refurbed.de/p/hp-elite-x2-1012-g2-7500u/
2026-01-11 03:15:03,340 - ERROR - Error fetching https://www.refurbed.de/p/hp-elite-x2-1012-g2-7500u/: 404 Client Error: Not Found for url: https://www.refurbed.de/p/hp-elite-x2-1012-g2-7500u/
2026-01-11 03:15:04,342 - INFO - Scraping 2758/6851: https://www.refurbed.de/p/hp-elite-x2-1012-g2-7600u/
2026-01-11 03:15:04,520 - ERROR - Error fetching https://www.refurbed.de/p/hp-elite-x2-1012-g2-7600u/: 404 Client Error: Not Found for url: https://www.refurbed.de/p/hp-elite-x2-1012-g2-7600u/
2026-01-11 03:15:05,522 - INFO - Scraping 2759/6851: https://www.refurbed.de/p/hp-elite-x2-1012-g2-m5-6y57/
2026-01-11 03:15:05,974 - ERROR - Error fetching https://www.refurbed.de/p/hp-elite-x2-1012-g2-m5-6y57/: 404 Client Error: Not Found for url: https://www.refurbed.de/p/hp-elite-x2-1012-g2-m5-6y57/
2026-01-11 03:15:06,976 - INFO - Scraping 2760/6851: https://www.refurbed.de/p/hp-elite-x2-1013-g3-8250u/
2026-01-11 03:15:08,402 - INFO - Scraping 2761/6851: https://www.refurbed.de/p/hp-elite-x2-1013-g3-8350u/
2026-01-11 03:15:09,899 - INFO - Scraping 2762/6851: https://www.refurbed.de/p/hp-elite-x2-1013-g3-8650u/
2026-01-11 03:15:11,220 - INFO - Scraping 2763/6851: https://www.refurbed.de/p/hp-elite-x2-1013-g3-i3-8130u/
2026-01-11 03:15:11,382 - ERROR - Error fetching https://www.refurbed.de/p/hp-elite-x2-1013-g3-i3-8130u/: 404 Client Error: Not Found for url: https://www.refurbed.de/p/hp-elite-x2-1013-g3-i3-8130u/
2026-01-11 03:15:12,384 - INFO - Scraping 2764/6851: https://www.refurbed.de/p/hp-elite-x2-1013-g3-i7-8550u/
2026-01-11 03:15:14,891 - INFO - Scraping 2765/6851: https://www.refurbed.de/p/hp-elite-x2-210-g2-x5-z8350/
2026-01-11 03:15:15,120 - ERROR - Error fetching https://www.refurbed.de/p/hp-elite-x2-210-g2-x5-z8350/: 404 Client Error: Not Found for url: https://www.refurbed.de/p/hp-elite-x2-210-g2-x5-z8350/
2026-01-11 03:15:16,122 - INFO - Scraping 2766/6851: https://www.refurbed.de/p/hp-elite-x2-612-g2-i5-7y54/
2026-01-11 03:15:16,283 - ERROR - Error fetching https://www.refurbed.de/p/hp-elite-x2-612-g2-i5-7y54/: 404 Client Error: Not Found for url: https://www.refurbed.de/p/hp-elite-x2-612-g2-i5-7y54/
2026-01-11 03:15:17,285 - INFO - Scraping 2767/6851: https://www.refurbed.de/p/hp-elite-x2-612-g2-i5-7y57/
2026-01-11 03:15:18,448 - ERROR - Error fetching https://www.refurbed.de/p/hp-elite-x2-612-g2-i5-7y57/: 404 Client Error: Not Found for url: https://www.refurbed.de/p/hp-elite-x2-612-g2-i5-7y57/
2026-01-11 03:15:19,450 - INFO - Scraping 2768/6851: https://www.refurbed.de/p/hp-elite-x2-612-g2-m3-7y30/
2026-01-11 03:15:19,757 - ERROR - Error fetching https://www.refurbed.de/p/hp-elite-x2-612-g2-m3-7y30/: 404 Client Error: Not Found for url: https://www.refurbed.de/p/hp-elite-x2-612-g2-m3-7y30/
2026-01-11 03:15:20,759 - INFO - Scraping 2769/6851: https://www.refurbed.de/p/hp-elite-x2-612-g2-m5-6y54/
2026-01-11 03:15:20,963 - ERROR - Error fetching https://www.refurbed.de/p/hp-elite-x2-612-g2-m5-6y54/: 404 Client Error: Not Found for url: https://www.refurbed.de/p/hp-elite-x2-612-g2-m5-6y54/
2026-01-11 03:15:21,965 - INFO - Scraping 2770/6851: https://www.refurbed.de/p/hp-elite-x2-g4-8265u/
2026-01-11 03:15:23,614 - INFO - Scraping 2771/6851: https://www.refurbed.de/p/hp-elite-x2-g4-8365u/
2026-01-11 03:15:25,244 - INFO - Scraping 2772/6851: https://www.refurbed.de/p/hp-elite-x2-g4-8665u-13/
2026-01-11 03:15:26,896 - INFO - Scraping 2773/6851: https://www.refurbed.de/p/hp-elite-x2-g4-lte-8265u-13/
2026-01-11 03:15:27,096 - ERROR - Error fetching https://www.refurbed.de/p/hp-elite-x2-g4-lte-8265u-13/: 404 Client Error: Not Found for url: https://www.refurbed.de/p/hp-elite-x2-g4-lte-8265u-13/
2026-01-11 03:15:28,098 - INFO - Scraping 2774/6851: https://www.refurbed.de/p/hp-elite-x2-g8-1145g7/
2026-01-11 03:15:29,666 - INFO - Scraping 2775/6851: https://www.refurbed.de/p/hp-elite-x2-g8-i3-1125g4/
2026-01-11 03:15:31,008 - INFO - Scraping 2776/6851: https://www.refurbed.de/p/hp-elite-x2-g8-i5-1135g7/
2026-01-11 03:15:32,582 - INFO - Scraping 2777/6851: https://www.refurbed.de/p/hp-elite-x2-tpa-b01/
2026-01-11 03:15:34,048 - INFO - Scraping 2778/6851: https://www.refurbed.de/p/hp-elite-x3/
2026-01-11 03:15:34,240 - ERROR - Error fetching https://www.refurbed.de/p/hp-elite-x3/: 404 Client Error: Not Found for url: https://www.refurbed.de/p/hp-elite-x3/
2026-01-11 03:15:35,242 - INFO - Scraping 2779/6851: https://www.refurbed.de/p/hp-elite-x360-1040-g10-i5-1355u/
2026-01-11 03:15:36,605 - INFO - Scraping 2780/6851: https://www.refurbed.de/p/hp-elite-x360-1040-g10-i7-1355u/
2026-01-11 03:15:37,993 - INFO - Scraping 2781/6851: https://www.refurbed.de/p/hp-elite-x360-1040-g11-7-165h/
2026-01-11 03:15:39,339 - INFO - Scraping 2782/6851: https://www.refurbed.de/p/hp-elitebook-1030-g1-m5-6y54-13/
2026-01-11 03:15:39,512 - ERROR - Error fetching https://www.refurbed.de/p/hp-elitebook-1030-g1-m5-6y54-13/: 404 Client Error: Not Found for url: https://www.refurbed.de/p/hp-elitebook-1030-g1-m5-6y54-13/
2026-01-11 03:15:40,515 - INFO - Scraping 2783/6851: https://www.refurbed.de/p/hp-elitebook-1030-g1-m7-6y75-13/
2026-01-11 03:15:40,970 - ERROR - Error fetching https://www.refurbed.de/p/hp-elitebook-1030-g1-m7-6y75-13/: 404 Client Error: Not Found for url: https://www.refurbed.de/p/hp-elitebook-1030-g1-m7-6y75-13/
2026-01-11 03:15:41,972 - INFO - Scraping 2784/6851: https://www.refurbed.de/p/hp-elitebook-1040-g10-1360p-14/
2026-01-11 03:15:43,675 - INFO - Scraping 2785/6851: https://www.refurbed.de/p/hp-elitebook-1040-g10-1365u-14/
2026-01-11 03:15:45,119 - INFO - Scraping 2786/6851: https://www.refurbed.de/p/hp-elitebook-1040-g10-i5-1335u/
2026-01-11 03:15:46,449 - INFO - Scraping 2787/6851: https://www.refurbed.de/p/hp-elitebook-1040-g10-i7-1355u/
2026-01-11 03:15:47,850 - INFO - Scraping 2788/6851: https://www.refurbed.de/p/hp-elitebook-1040-g4-7300u-14/
2026-01-11 03:15:48,051 - ERROR - Error fetching https://www.refurbed.de/p/hp-elitebook-1040-g4-7300u-14/: 404 Client Error: Not Found for url: https://www.refurbed.de/p/hp-elitebook-1040-g4-7300u-14/
2026-01-11 03:15:49,054 - INFO - Scraping 2789/6851: https://www.refurbed.de/p/hp-elitebook-1040-g4-i5-7200u/
2026-01-11 03:15:49,214 - ERROR - Error fetching https://www.refurbed.de/p/hp-elitebook-1040-g4-i5-7200u/: 404 Client Error: Not Found for url: https://www.refurbed.de/p/hp-elitebook-1040-g4-i5-7200u/
2026-01-11 03:15:50,216 - INFO - Scraping 2790/6851: https://www.refurbed.de/p/hp-elitebook-1040-g4-i7-7820hq/
2026-01-11 03:15:51,558 - INFO - Scraping 2791/6851: https://www.refurbed.de/p/hp-elitebook-1040-g9-1255u/
2026-01-11 03:15:53,119 - INFO - Scraping 2792/6851: https://www.refurbed.de/p/hp-elitebook-1040-g9-i5-1235u/
2026-01-11 03:15:54,705 - INFO - Scraping 2793/6851: https://www.refurbed.de/p/hp-elitebook-1040-g9-i5-1245u/
2026-01-11 03:15:56,508 - INFO - Scraping 2794/6851: https://www.refurbed.de/p/hp-elitebook-1040-g9-i7-1265u/
2026-01-11 03:15:57,827 - INFO - Scraping 2795/6851: https://www.refurbed.de/p/hp-elitebook-1050-g1-8750h/
2026-01-11 03:15:59,209 - INFO - Scraping 2796/6851: https://www.refurbed.de/p/hp-elitebook-1050-g1-i7-8850h/
2026-01-11 03:16:00,630 - INFO - Scraping 2797/6851: https://www.refurbed.de/p/hp-elitebook-630-g10-1335u-13/
2026-01-11 03:16:01,959 - INFO - Scraping 2798/6851: https://www.refurbed.de/p/hp-elitebook-630-g10-i7-1355u/
2026-01-11 03:16:03,320 - INFO - Scraping 2799/6851: https://www.refurbed.de/p/hp-elitebook-630-g9-1235u-13-3/
2026-01-11 03:16:04,686 - INFO - Scraping 2800/6851: https://www.refurbed.de/p/hp-elitebook-630-g9-1245u-13-3/
2026-01-11 03:16:06,172 - INFO - Scraping 2801/6851: https://www.refurbed.de/p/hp-elitebook-630-g9-1255u-13-3/
2026-01-11 03:16:07,534 - INFO - Scraping 2802/6851: https://www.refurbed.de/p/hp-elitebook-630-g9-i3-1215u/
2026-01-11 03:16:08,868 - INFO - Scraping 2803/6851: https://www.refurbed.de/p/hp-elitebook-640-g10-1315u-14/
2026-01-11 03:16:10,528 - INFO - Scraping 2804/6851: https://www.refurbed.de/p/hp-elitebook-640-g10-1335u-14/
2026-01-11 03:16:11,975 - INFO - Scraping 2805/6851: https://www.refurbed.de/p/hp-elitebook-640-g10-1345u-14/
2026-01-11 03:16:13,594 - INFO - Scraping 2806/6851: https://www.refurbed.de/p/hp-elitebook-640-g10-i7-1355u/
2026-01-11 03:16:14,996 - INFO - Scraping 2807/6851: https://www.refurbed.de/p/hp-elitebook-640-g10-i7-1365u/
2026-01-11 03:16:16,421 - INFO - Scraping 2808/6851: https://www.refurbed.de/p/hp-elitebook-640-g11-5-135u/
2026-01-11 03:16:17,886 - INFO - Scraping 2809/6851: https://www.refurbed.de/p/hp-elitebook-640-g11-7-155u/
2026-01-11 03:16:19,315 - INFO - Scraping 2810/6851: https://www.refurbed.de/p/hp-elitebook-640-g9-1215u-14/
2026-01-11 03:16:20,779 - INFO - Scraping 2811/6851: https://www.refurbed.de/p/hp-elitebook-640-g9-i5-1235u-14/
2026-01-11 03:16:22,245 - INFO - Scraping 2812/6851: https://www.refurbed.de/p/hp-elitebook-640-g9-i5-1245u-14/
2026-01-11 03:16:23,678 - INFO - Scraping 2813/6851: https://www.refurbed.de/p/hp-elitebook-640-g9-i7-1255u-14/
2026-01-11 03:16:25,049 - INFO - Scraping 2814/6851: https://www.refurbed.de/p/hp-elitebook-645-g10-r5-7530u/
2026-01-11 03:16:26,460 - INFO - Scraping 2815/6851: https://www.refurbed.de/p/hp-elitebook-645-g9-5675u/
2026-01-11 03:16:27,862 - INFO - Scraping 2816/6851: https://www.refurbed.de/p/hp-elitebook-645-g9-7-pro-5875u/
2026-01-11 03:16:29,175 - INFO - Scraping 2817/6851: https://www.refurbed.de/p/hp-elitebook-650-g10-i5-1335u/
2026-01-11 03:16:30,651 - INFO - Scraping 2818/6851: https://www.refurbed.de/p/hp-elitebook-650-g10-i5-1345u/
2026-01-11 03:16:32,219 - INFO - Scraping 2819/6851: https://www.refurbed.de/p/hp-elitebook-650-g10-i7-1355u/
2026-01-11 03:16:33,616 - INFO - Scraping 2820/6851: https://www.refurbed.de/p/hp-elitebook-650-g10-i7-1370p/
2026-01-11 03:16:35,078 - INFO - Scraping 2821/6851: https://www.refurbed.de/p/hp-elitebook-650-g9-i3-1215u-14/
2026-01-11 03:16:36,541 - INFO - Scraping 2822/6851: https://www.refurbed.de/p/hp-elitebook-650-g9-i5-1235u-14/
2026-01-11 03:16:37,904 - INFO - Scraping 2823/6851: https://www.refurbed.de/p/hp-elitebook-650-g9-i5-1245u/
2026-01-11 03:16:39,850 - INFO - Scraping 2824/6851: https://www.refurbed.de/p/hp-elitebook-650-g9-i7-1255u/
2026-01-11 03:16:42,168 - INFO - Scraping 2825/6851: https://www.refurbed.de/p/hp-elitebook-655-g10-r5-7530u/
2026-01-11 03:16:43,988 - INFO - Scraping 2826/6851: https://www.refurbed.de/p/hp-elitebook-655-g10-r7-7730u/
2026-01-11 03:16:45,785 - INFO - Scraping 2827/6851: https://www.refurbed.de/p/hp-elitebook-655-g9-5-pro-5675u/
2026-01-11 03:16:47,173 - INFO - Scraping 2828/6851: https://www.refurbed.de/p/hp-elitebook-655-g9-5425u-15-6/
2026-01-11 03:16:48,567 - INFO - Scraping 2829/6851: https://www.refurbed.de/p/hp-elitebook-655-g9-5625u-15-6/
2026-01-11 03:16:49,878 - INFO - Scraping 2830/6851: https://www.refurbed.de/p/hp-elitebook-655-g9-7-pro-5875u/
2026-01-11 03:16:51,385 - INFO - Scraping 2831/6851: https://www.refurbed.de/p/hp-elitebook-665-g11-pro-7535u/
2026-01-11 03:16:52,705 - INFO - Scraping 2832/6851: https://www.refurbed.de/p/hp-elitebook-725-g2-a8-pro-7050b/
2026-01-11 03:16:52,980 - ERROR - Error fetching https://www.refurbed.de/p/hp-elitebook-725-g2-a8-pro-7050b/: 404 Client Error: Not Found for url: https://www.refurbed.de/p/hp-elitebook-725-g2-a8-pro-7050b/
2026-01-11 03:16:53,983 - INFO - Scraping 2833/6851: https://www.refurbed.de/p/hp-elitebook-725-g2-pro-7350b-12/
2026-01-11 03:16:54,150 - ERROR - Error fetching https://www.refurbed.de/p/hp-elitebook-725-g2-pro-7350b-12/: 404 Client Error: Not Found for url: https://www.refurbed.de/p/hp-elitebook-725-g2-pro-7350b-12/
2026-01-11 03:16:55,152 - INFO - Scraping 2834/6851: https://www.refurbed.de/p/hp-elitebook-725-g3-a8-pro-8600b/
2026-01-11 03:16:55,337 - ERROR - Error fetching https://www.refurbed.de/p/hp-elitebook-725-g3-a8-pro-8600b/: 404 Client Error: Not Found for url: https://www.refurbed.de/p/hp-elitebook-725-g3-a8-pro-8600b/
2026-01-11 03:16:56,340 - INFO - Scraping 2835/6851: https://www.refurbed.de/p/hp-elitebook-725-g4-a10-8730b/
2026-01-11 03:16:56,730 - ERROR - Error fetching https://www.refurbed.de/p/hp-elitebook-725-g4-a10-8730b/: 404 Client Error: Not Found for url: https://www.refurbed.de/p/hp-elitebook-725-g4-a10-8730b/
2026-01-11 03:16:57,732 - INFO - Scraping 2836/6851: https://www.refurbed.de/p/hp-elitebook-735-g5-2300u-13/
2026-01-11 03:16:57,952 - ERROR - Error fetching https://www.refurbed.de/p/hp-elitebook-735-g5-2300u-13/: 404 Client Error: Not Found for url: https://www.refurbed.de/p/hp-elitebook-735-g5-2300u-13/
2026-01-11 03:16:58,954 - INFO - Scraping 2837/6851: https://www.refurbed.de/p/hp-elitebook-735-g5-2500u-13/
2026-01-11 03:16:59,517 - ERROR - Error fetching https://www.refurbed.de/p/hp-elitebook-735-g5-2500u-13/: 404 Client Error: Not Found for url: https://www.refurbed.de/p/hp-elitebook-735-g5-2500u-13/
2026-01-11 03:17:00,519 - INFO - Scraping 2838/6851: https://www.refurbed.de/p/hp-elitebook-735-g6-5-3500u/
2026-01-11 03:17:01,925 - INFO - Scraping 2839/6851: https://www.refurbed.de/p/hp-elitebook-735-g6-5-pro-3500u/
2026-01-11 03:17:03,603 - INFO - Scraping 2840/6851: https://www.refurbed.de/p/hp-elitebook-745-g2-a6-pro-7050b/
2026-01-11 03:17:03,893 - ERROR - Error fetching https://www.refurbed.de/p/hp-elitebook-745-g2-a6-pro-7050b/: 404 Client Error: Not Found for url: https://www.refurbed.de/p/hp-elitebook-745-g2-a6-pro-7050b/
2026-01-11 03:17:04,895 - INFO - Scraping 2841/6851: https://www.refurbed.de/p/hp-elitebook-745-g2-a8-pro-7150b/
2026-01-11 03:17:05,064 - ERROR - Error fetching https://www.refurbed.de/p/hp-elitebook-745-g2-a8-pro-7150b/: 404 Client Error: Not Found for url: https://www.refurbed.de/p/hp-elitebook-745-g2-a8-pro-7150b/
2026-01-11 03:17:06,066 - INFO - Scraping 2842/6851: https://www.refurbed.de/p/hp-elitebook-745-g3-a10-8700b/
2026-01-11 03:17:06,244 - ERROR - Error fetching https://www.refurbed.de/p/hp-elitebook-745-g3-a10-8700b/: 404 Client Error: Not Found for url: https://www.refurbed.de/p/hp-elitebook-745-g3-a10-8700b/
2026-01-11 03:17:07,246 - INFO - Scraping 2843/6851: https://www.refurbed.de/p/hp-elitebook-745-g3-pro-a8-8600b/
2026-01-11 03:17:07,441 - ERROR - Error fetching https://www.refurbed.de/p/hp-elitebook-745-g3-pro-a8-8600b/: 404 Client Error: Not Found for url: https://www.refurbed.de/p/hp-elitebook-745-g3-pro-a8-8600b/
2026-01-11 03:17:08,443 - INFO - Scraping 2844/6851: https://www.refurbed.de/p/hp-elitebook-745-g4-a10-8730b/
2026-01-11 03:17:08,743 - ERROR - Error fetching https://www.refurbed.de/p/hp-elitebook-745-g4-a10-8730b/: 404 Client Error: Not Found for url: https://www.refurbed.de/p/hp-elitebook-745-g4-a10-8730b/
2026-01-11 03:17:09,745 - INFO - Scraping 2845/6851: https://www.refurbed.de/p/hp-elitebook-745-g4-pro-a8-8600b/
2026-01-11 03:17:09,905 - ERROR - Error fetching https://www.refurbed.de/p/hp-elitebook-745-g4-pro-a8-8600b/: 404 Client Error: Not Found for url: https://www.refurbed.de/p/hp-elitebook-745-g4-pro-a8-8600b/
2026-01-11 03:17:10,907 - INFO - Scraping 2846/6851: https://www.refurbed.de/p/hp-elitebook-745-g4-pro-a8-9600b/
2026-01-11 03:17:11,125 - ERROR - Error fetching https://www.refurbed.de/p/hp-elitebook-745-g4-pro-a8-9600b/: 404 Client Error: Not Found for url: https://www.refurbed.de/p/hp-elitebook-745-g4-pro-a8-9600b/
2026-01-11 03:17:12,127 - INFO - Scraping 2847/6851: https://www.refurbed.de/p/hp-elitebook-745-g5-5-2500u/
2026-01-11 03:17:12,317 - ERROR - Error fetching https://www.refurbed.de/p/hp-elitebook-745-g5-5-2500u/: 404 Client Error: Not Found for url: https://www.refurbed.de/p/hp-elitebook-745-g5-5-2500u/
2026-01-11 03:17:13,319 - INFO - Scraping 2848/6851: https://www.refurbed.de/p/hp-elitebook-745-g6-3-3300u/
2026-01-11 03:17:14,744 - INFO - Scraping 2849/6851: https://www.refurbed.de/p/hp-elitebook-745-g6-5-pro-3500u/
2026-01-11 03:17:16,250 - INFO - Scraping 2850/6851: https://www.refurbed.de/p/hp-elitebook-745-g6-7-pro-3700u/
2026-01-11 03:17:17,779 - INFO - Scraping 2851/6851: https://www.refurbed.de/p/hp-elitebook-755-5-pro-2500u/
2026-01-11 03:17:17,957 - ERROR - Error fetching https://www.refurbed.de/p/hp-elitebook-755-5-pro-2500u/: 404 Client Error: Not Found for url: https://www.refurbed.de/p/hp-elitebook-755-5-pro-2500u/
2026-01-11 03:17:18,958 - INFO - Scraping 2852/6851: https://www.refurbed.de/p/hp-elitebook-755-g4-a10-8730b/
2026-01-11 03:17:19,266 - ERROR - Error fetching https://www.refurbed.de/p/hp-elitebook-755-g4-a10-8730b/: 404 Client Error: Not Found for url: https://www.refurbed.de/p/hp-elitebook-755-g4-a10-8730b/
2026-01-11 03:17:20,268 - INFO - Scraping 2853/6851: https://www.refurbed.de/p/hp-elitebook-755-g5-r3-pro-2300u/
2026-01-11 03:17:20,426 - ERROR - Error fetching https://www.refurbed.de/p/hp-elitebook-755-g5-r3-pro-2300u/: 404 Client Error: Not Found for url: https://www.refurbed.de/p/hp-elitebook-755-g5-r3-pro-2300u/
2026-01-11 03:17:21,428 - INFO - Scraping 2854/6851: https://www.refurbed.de/p/hp-elitebook-755-g5-r7-pro-2700u/
2026-01-11 03:17:21,652 - ERROR - Error fetching https://www.refurbed.de/p/hp-elitebook-755-g5-r7-pro-2700u/: 404 Client Error: Not Found for url: https://www.refurbed.de/p/hp-elitebook-755-g5-r7-pro-2700u/
2026-01-11 03:17:22,655 - INFO - Scraping 2855/6851: https://www.refurbed.de/p/hp-elitebook-820-g1-i3-4010u-12-/
2026-01-11 03:17:22,841 - ERROR - Error fetching https://www.refurbed.de/p/hp-elitebook-820-g1-i3-4010u-12-/: 404 Client Error: Not Found for url: https://www.refurbed.de/p/hp-elitebook-820-g1-i3-4010u-12-/
2026-01-11 03:17:23,843 - INFO - Scraping 2856/6851: https://www.refurbed.de/p/hp-elitebook-820-g1-i5-4200u-12-/
2026-01-11 03:17:24,001 - ERROR - Error fetching https://www.refurbed.de/p/hp-elitebook-820-g1-i5-4200u-12-/: 404 Client Error: Not Found for url: https://www.refurbed.de/p/hp-elitebook-820-g1-i5-4200u-12-/
2026-01-11 03:17:25,003 - INFO - Scraping 2857/6851: https://www.refurbed.de/p/hp-elitebook-820-g1-i5-4300u-12-/
2026-01-11 03:17:25,233 - ERROR - Error fetching https://www.refurbed.de/p/hp-elitebook-820-g1-i5-4300u-12-/: 404 Client Error: Not Found for url: https://www.refurbed.de/p/hp-elitebook-820-g1-i5-4300u-12-/
2026-01-11 03:17:26,235 - INFO - Scraping 2858/6851: https://www.refurbed.de/p/hp-elitebook-820-g1-i5-4310u-12-/
2026-01-11 03:17:26,403 - ERROR - Error fetching https://www.refurbed.de/p/hp-elitebook-820-g1-i5-4310u-12-/: 404 Client Error: Not Found for url: https://www.refurbed.de/p/hp-elitebook-820-g1-i5-4310u-12-/
2026-01-11 03:17:27,405 - INFO - Scraping 2859/6851: https://www.refurbed.de/p/hp-elitebook-820-g1-i7-4600u-12-/
2026-01-11 03:17:27,582 - ERROR - Error fetching https://www.refurbed.de/p/hp-elitebook-820-g1-i7-4600u-12-/: 404 Client Error: Not Found for url: https://www.refurbed.de/p/hp-elitebook-820-g1-i7-4600u-12-/
2026-01-11 03:17:28,584 - INFO - Scraping 2860/6851: https://www.refurbed.de/p/hp-elitebook-820-g2-i3-5010u-12/
2026-01-11 03:17:28,809 - ERROR - Error fetching https://www.refurbed.de/p/hp-elitebook-820-g2-i3-5010u-12/: 404 Client Error: Not Found for url: https://www.refurbed.de/p/hp-elitebook-820-g2-i3-5010u-12/
2026-01-11 03:17:29,811 - INFO - Scraping 2861/6851: https://www.refurbed.de/p/hp-elitebook-820-g2-i5-5200u-12-/
2026-01-11 03:17:30,024 - ERROR - Error fetching https://www.refurbed.de/p/hp-elitebook-820-g2-i5-5200u-12-/: 404 Client Error: Not Found for url: https://www.refurbed.de/p/hp-elitebook-820-g2-i5-5200u-12-/
2026-01-11 03:17:31,026 - INFO - Scraping 2862/6851: https://www.refurbed.de/p/hp-elitebook-820-g2-i5-5300u-12-/
2026-01-11 03:17:31,210 - ERROR - Error fetching https://www.refurbed.de/p/hp-elitebook-820-g2-i5-5300u-12-/: 404 Client Error: Not Found for url: https://www.refurbed.de/p/hp-elitebook-820-g2-i5-5300u-12-/
2026-01-11 03:17:32,212 - INFO - Scraping 2863/6851: https://www.refurbed.de/p/hp-elitebook-820-g2-i7-5500u-12-/
2026-01-11 03:17:32,410 - ERROR - Error fetching https://www.refurbed.de/p/hp-elitebook-820-g2-i7-5500u-12-/: 404 Client Error: Not Found for url: https://www.refurbed.de/p/hp-elitebook-820-g2-i7-5500u-12-/
2026-01-11 03:17:33,412 - INFO - Scraping 2864/6851: https://www.refurbed.de/p/hp-elitebook-820-g2-i7-5600u-12-/
2026-01-11 03:17:33,757 - ERROR - Error fetching https://www.refurbed.de/p/hp-elitebook-820-g2-i7-5600u-12-/: 404 Client Error: Not Found for url: https://www.refurbed.de/p/hp-elitebook-820-g2-i7-5600u-12-/
2026-01-11 03:17:34,759 - INFO - Scraping 2865/6851: https://www.refurbed.de/p/hp-elitebook-820-g3-i5-6200u-12-/
2026-01-11 03:17:34,955 - ERROR - Error fetching https://www.refurbed.de/p/hp-elitebook-820-g3-i5-6200u-12-/: 404 Client Error: Not Found for url: https://www.refurbed.de/p/hp-elitebook-820-g3-i5-6200u-12-/
2026-01-11 03:17:35,957 - INFO - Scraping 2866/6851: https://www.refurbed.de/p/hp-elitebook-820-g3-i5-6300u-12-/
2026-01-11 03:17:36,130 - ERROR - Error fetching https://www.refurbed.de/p/hp-elitebook-820-g3-i5-6300u-12-/: 404 Client Error: Not Found for url: https://www.refurbed.de/p/hp-elitebook-820-g3-i5-6300u-12-/
2026-01-11 03:17:37,132 - INFO - Scraping 2867/6851: https://www.refurbed.de/p/hp-elitebook-820-g3-i7-6500u-12/
2026-01-11 03:17:37,339 - ERROR - Error fetching https://www.refurbed.de/p/hp-elitebook-820-g3-i7-6500u-12/: 404 Client Error: Not Found for url: https://www.refurbed.de/p/hp-elitebook-820-g3-i7-6500u-12/
2026-01-11 03:17:38,341 - INFO - Scraping 2868/6851: https://www.refurbed.de/p/hp-elitebook-820-g3-i7-6600u-12/
2026-01-11 03:17:38,500 - ERROR - Error fetching https://www.refurbed.de/p/hp-elitebook-820-g3-i7-6600u-12/: 404 Client Error: Not Found for url: https://www.refurbed.de/p/hp-elitebook-820-g3-i7-6600u-12/
2026-01-11 03:17:39,502 - INFO - Scraping 2869/6851: https://www.refurbed.de/p/hp-elitebook-820-g4-7200u/
2026-01-11 03:17:39,712 - ERROR - Error fetching https://www.refurbed.de/p/hp-elitebook-820-g4-7200u/: 404 Client Error: Not Found for url: https://www.refurbed.de/p/hp-elitebook-820-g4-7200u/
2026-01-11 03:17:40,714 - INFO - Scraping 2870/6851: https://www.refurbed.de/p/hp-elitebook-820-g4-7300u/
2026-01-11 03:17:40,894 - ERROR - Error fetching https://www.refurbed.de/p/hp-elitebook-820-g4-7300u/: 404 Client Error: Not Found for url: https://www.refurbed.de/p/hp-elitebook-820-g4-7300u/
2026-01-11 03:17:41,896 - INFO - Scraping 2871/6851: https://www.refurbed.de/p/hp-elitebook-820-g4-7500u/
2026-01-11 03:17:42,056 - ERROR - Error fetching https://www.refurbed.de/p/hp-elitebook-820-g4-7500u/: 404 Client Error: Not Found for url: https://www.refurbed.de/p/hp-elitebook-820-g4-7500u/
2026-01-11 03:17:43,058 - INFO - Scraping 2872/6851: https://www.refurbed.de/p/hp-elitebook-820-g4-i7-7500u/
2026-01-11 03:17:43,239 - ERROR - Error fetching https://www.refurbed.de/p/hp-elitebook-820-g4-i7-7500u/: 404 Client Error: Not Found for url: https://www.refurbed.de/p/hp-elitebook-820-g4-i7-7500u/
2026-01-11 03:17:44,241 - INFO - Scraping 2873/6851: https://www.refurbed.de/p/hp-elitebook-820/
2026-01-11 03:17:44,414 - ERROR - Error fetching https://www.refurbed.de/p/hp-elitebook-820/: 404 Client Error: Not Found for url: https://www.refurbed.de/p/hp-elitebook-820/
2026-01-11 03:17:45,416 - INFO - Scraping 2874/6851: https://www.refurbed.de/p/hp-elitebook-830-g10-1355u-13-3/
2026-01-11 03:17:46,783 - INFO - Scraping 2875/6851: https://www.refurbed.de/p/hp-elitebook-830-g10-i5-1335u/
2026-01-11 03:17:48,247 - INFO - Scraping 2876/6851: https://www.refurbed.de/p/hp-elitebook-830-g10-i7-1365u/
2026-01-11 03:17:49,619 - INFO - Scraping 2877/6851: https://www.refurbed.de/p/hp-elitebook-830-g11-5-135u/
2026-01-11 03:17:51,094 - INFO - Scraping 2878/6851: https://www.refurbed.de/p/hp-elitebook-830-g6-8265u-13-3/
2026-01-11 03:17:52,568 - INFO - Scraping 2879/6851: https://www.refurbed.de/p/hp-elitebook-830-g7-10210u-13-3/
2026-01-11 03:17:54,945 - INFO - Scraping 2880/6851: https://www.refurbed.de/p/hp-elitebook-830-g7-i5-10310u/
2026-01-11 03:17:56,849 - INFO - Scraping 2881/6851: https://www.refurbed.de/p/hp-elitebook-830-g7-i7-10610u/
2026-01-11 03:17:58,319 - INFO - Scraping 2882/6851: https://www.refurbed.de/p/hp-elitebook-830-g8-1145g7-13-3/
2026-01-11 03:18:00,156 - INFO - Scraping 2883/6851: https://www.refurbed.de/p/hp-elitebook-830-g9-1245u-13-3/
2026-01-11 03:18:01,743 - INFO - Scraping 2884/6851: https://www.refurbed.de/p/hp-elitebook-830-g9-1255u-13-3/
2026-01-11 03:18:03,358 - INFO - Scraping 2885/6851: https://www.refurbed.de/p/hp-elitebook-830-g9-i5-1235u-13/
2026-01-11 03:18:04,948 - INFO - Scraping 2886/6851: https://www.refurbed.de/p/hp-elitebook-830-g9-i7-1265u-13/
2026-01-11 03:18:06,325 - INFO - Scraping 2887/6851: https://www.refurbed.de/p/hp-elitebook-835-g10-5-7540u/
2026-01-11 03:18:07,630 - INFO - Scraping 2888/6851: https://www.refurbed.de/p/hp-elitebook-835-g10-5-pro-7540u/
2026-01-11 03:18:09,053 - INFO - Scraping 2889/6851: https://www.refurbed.de/p/hp-elitebook-835-g10-r5-7545u-13/
2026-01-11 03:18:10,440 - INFO - Scraping 2890/6851: https://www.refurbed.de/p/hp-elitebook-835-g8-pro-5450u/
2026-01-11 03:18:11,768 - INFO - Scraping 2891/6851: https://www.refurbed.de/p/hp-elitebook-835-g8-pro-5650u/
2026-01-11 03:18:13,263 - INFO - Scraping 2892/6851: https://www.refurbed.de/p/hp-elitebook-835-g8-pro-5850u/
2026-01-11 03:18:14,890 - INFO - Scraping 2893/6851: https://www.refurbed.de/p/hp-elitebook-835-g8-r-3-5400u/
2026-01-11 03:18:16,320 - INFO - Scraping 2894/6851: https://www.refurbed.de/p/hp-elitebook-840-g1-14-i5-4300u/
2026-01-11 03:18:16,526 - ERROR - Error fetching https://www.refurbed.de/p/hp-elitebook-840-g1-14-i5-4300u/: 404 Client Error: Not Found for url: https://www.refurbed.de/p/hp-elitebook-840-g1-14-i5-4300u/
2026-01-11 03:18:17,528 - INFO - Scraping 2895/6851: https://www.refurbed.de/p/hp-elitebook-840-g1-i3-4010u-14/
2026-01-11 03:18:17,713 - ERROR - Error fetching https://www.refurbed.de/p/hp-elitebook-840-g1-i3-4010u-14/: 404 Client Error: Not Found for url: https://www.refurbed.de/p/hp-elitebook-840-g1-i3-4010u-14/
2026-01-11 03:18:18,715 - INFO - Scraping 2896/6851: https://www.refurbed.de/p/hp-elitebook-840-g1-i5-14/
2026-01-11 03:18:18,904 - ERROR - Error fetching https://www.refurbed.de/p/hp-elitebook-840-g1-i5-14/: 404 Client Error: Not Found for url: https://www.refurbed.de/p/hp-elitebook-840-g1-i5-14/
2026-01-11 03:18:19,906 - INFO - Scraping 2897/6851: https://www.refurbed.de/p/hp-elitebook-840-g1-i5-4200u-14/
2026-01-11 03:18:20,085 - ERROR - Error fetching https://www.refurbed.de/p/hp-elitebook-840-g1-i5-4200u-14/: 404 Client Error: Not Found for url: https://www.refurbed.de/p/hp-elitebook-840-g1-i5-4200u-14/
2026-01-11 03:18:21,087 - INFO - Scraping 2898/6851: https://www.refurbed.de/p/hp-elitebook-840-g1-i5-4310u-14/
2026-01-11 03:18:21,249 - ERROR - Error fetching https://www.refurbed.de/p/hp-elitebook-840-g1-i5-4310u-14/: 404 Client Error: Not Found for url: https://www.refurbed.de/p/hp-elitebook-840-g1-i5-4310u-14/
2026-01-11 03:18:22,251 - INFO - Scraping 2899/6851: https://www.refurbed.de/p/hp-elitebook-840-g1-i5-5300u-14/
2026-01-11 03:18:22,517 - ERROR - Error fetching https://www.refurbed.de/p/hp-elitebook-840-g1-i5-5300u-14/: 404 Client Error: Not Found for url: https://www.refurbed.de/p/hp-elitebook-840-g1-i5-5300u-14/
2026-01-11 03:18:23,520 - INFO - Scraping 2900/6851: https://www.refurbed.de/p/hp-elitebook-840-g1-i7-14-touch/
2026-01-11 03:18:23,748 - ERROR - Error fetching https://www.refurbed.de/p/hp-elitebook-840-g1-i7-14-touch/: 404 Client Error: Not Found for url: https://www.refurbed.de/p/hp-elitebook-840-g1-i7-14-touch/
2026-01-11 03:18:24,750 - INFO - Scraping 2901/6851: https://www.refurbed.de/p/hp-elitebook-840-g1-i7-14/
2026-01-11 03:18:24,924 - ERROR - Error fetching https://www.refurbed.de/p/hp-elitebook-840-g1-i7-14/: 404 Client Error: Not Found for url: https://www.refurbed.de/p/hp-elitebook-840-g1-i7-14/
2026-01-11 03:18:25,926 - INFO - Scraping 2902/6851: https://www.refurbed.de/p/hp-elitebook-840-g10-5-7540u-14/
2026-01-11 03:18:27,270 - INFO - Scraping 2903/6851: https://www.refurbed.de/p/hp-elitebook-840-g10-i5-1335u/
2026-01-11 03:18:28,797 - INFO - Scraping 2904/6851: https://www.refurbed.de/p/hp-elitebook-840-g10-i5-1340p/
2026-01-11 03:18:30,139 - INFO - Scraping 2905/6851: https://www.refurbed.de/p/hp-elitebook-840-g10-i5-1345u/
2026-01-11 03:18:31,631 - INFO - Scraping 2906/6851: https://www.refurbed.de/p/hp-elitebook-840-g10-i5-1350p/
2026-01-11 03:18:32,942 - INFO - Scraping 2907/6851: https://www.refurbed.de/p/hp-elitebook-840-g10-i7-1355u/
2026-01-11 03:18:34,437 - INFO - Scraping 2908/6851: https://www.refurbed.de/p/hp-elitebook-840-g10-i7-1360p/
2026-01-11 03:18:35,803 - INFO - Scraping 2909/6851: https://www.refurbed.de/p/hp-elitebook-840-g10-i7-1365u/
2026-01-11 03:18:37,138 - INFO - Scraping 2910/6851: https://www.refurbed.de/p/hp-elitebook-840-g10-i7-1370p/
2026-01-11 03:18:38,459 - INFO - Scraping 2911/6851: https://www.refurbed.de/p/hp-elitebook-840-g11-5-135u/
2026-01-11 03:18:39,907 - INFO - Scraping 2912/6851: https://www.refurbed.de/p/hp-elitebook-840-g11-7-155u/
2026-01-11 03:18:41,372 - INFO - Scraping 2913/6851: https://www.refurbed.de/p/hp-elitebook-840-g2-i5-14/
2026-01-11 03:18:41,556 - ERROR - Error fetching https://www.refurbed.de/p/hp-elitebook-840-g2-i5-14/: 404 Client Error: Not Found for url: https://www.refurbed.de/p/hp-elitebook-840-g2-i5-14/
2026-01-11 03:18:42,558 - INFO - Scraping 2914/6851: https://www.refurbed.de/p/hp-elitebook-840-g2-i5-4300u-14/
2026-01-11 03:18:42,757 - ERROR - Error fetching https://www.refurbed.de/p/hp-elitebook-840-g2-i5-4300u-14/: 404 Client Error: Not Found for url: https://www.refurbed.de/p/hp-elitebook-840-g2-i5-4300u-14/
2026-01-11 03:18:43,759 - INFO - Scraping 2915/6851: https://www.refurbed.de/p/hp-elitebook-840-g2-i5-5200u-14/
2026-01-11 03:18:43,942 - ERROR - Error fetching https://www.refurbed.de/p/hp-elitebook-840-g2-i5-5200u-14/: 404 Client Error: Not Found for url: https://www.refurbed.de/p/hp-elitebook-840-g2-i5-5200u-14/
2026-01-11 03:18:44,944 - INFO - Scraping 2916/6851: https://www.refurbed.de/p/hp-elitebook-840-g2-i5-5300u-14-/
2026-01-11 03:18:45,258 - ERROR - Error fetching https://www.refurbed.de/p/hp-elitebook-840-g2-i5-5300u-14-/: 404 Client Error: Not Found for url: https://www.refurbed.de/p/hp-elitebook-840-g2-i5-5300u-14-/
2026-01-11 03:18:46,260 - INFO - Scraping 2917/6851: https://www.refurbed.de/p/hp-elitebook-840-g2-i7-5600u-14/
2026-01-11 03:18:46,492 - ERROR - Error fetching https://www.refurbed.de/p/hp-elitebook-840-g2-i7-5600u-14/: 404 Client Error: Not Found for url: https://www.refurbed.de/p/hp-elitebook-840-g2-i7-5600u-14/
2026-01-11 03:18:47,495 - INFO - Scraping 2918/6851: https://www.refurbed.de/p/hp-elitebook-840-g3-14-6100u/
2026-01-11 03:18:47,671 - ERROR - Error fetching https://www.refurbed.de/p/hp-elitebook-840-g3-14-6100u/: 404 Client Error: Not Found for url: https://www.refurbed.de/p/hp-elitebook-840-g3-14-6100u/
2026-01-11 03:18:48,673 - INFO - Scraping 2919/6851: https://www.refurbed.de/p/hp-elitebook-840-g3-14-6200u/
2026-01-11 03:18:48,834 - ERROR - Error fetching https://www.refurbed.de/p/hp-elitebook-840-g3-14-6200u/: 404 Client Error: Not Found for url: https://www.refurbed.de/p/hp-elitebook-840-g3-14-6200u/
2026-01-11 03:18:49,836 - INFO - Scraping 2920/6851: https://www.refurbed.de/p/hp-elitebook-840-g3-14-i5-6300u/
2026-01-11 03:18:50,039 - ERROR - Error fetching https://www.refurbed.de/p/hp-elitebook-840-g3-14-i5-6300u/: 404 Client Error: Not Found for url: https://www.refurbed.de/p/hp-elitebook-840-g3-14-i5-6300u/
2026-01-11 03:18:51,041 - INFO - Scraping 2921/6851: https://www.refurbed.de/p/hp-elitebook-840-g3-i7-6500u/
2026-01-11 03:18:51,212 - ERROR - Error fetching https://www.refurbed.de/p/hp-elitebook-840-g3-i7-6500u/: 404 Client Error: Not Found for url: https://www.refurbed.de/p/hp-elitebook-840-g3-i7-6500u/
2026-01-11 03:18:52,214 - INFO - Scraping 2922/6851: https://www.refurbed.de/p/hp-elitebook-840-g3-i7-6600u-14/
2026-01-11 03:18:52,416 - ERROR - Error fetching https://www.refurbed.de/p/hp-elitebook-840-g3-i7-6600u-14/: 404 Client Error: Not Found for url: https://www.refurbed.de/p/hp-elitebook-840-g3-i7-6600u-14/
2026-01-11 03:18:53,418 - INFO - Scraping 2923/6851: https://www.refurbed.de/p/hp-elitebook-840-g4-7200u/
2026-01-11 03:18:53,580 - ERROR - Error fetching https://www.refurbed.de/p/hp-elitebook-840-g4-7200u/: 404 Client Error: Not Found for url: https://www.refurbed.de/p/hp-elitebook-840-g4-7200u/
2026-01-11 03:18:54,582 - INFO - Scraping 2924/6851: https://www.refurbed.de/p/hp-elitebook-840-g4-i5-7300u/
2026-01-11 03:18:55,010 - ERROR - Error fetching https://www.refurbed.de/p/hp-elitebook-840-g4-i5-7300u/: 404 Client Error: Not Found for url: https://www.refurbed.de/p/hp-elitebook-840-g4-i5-7300u/
2026-01-11 03:18:56,012 - INFO - Scraping 2925/6851: https://www.refurbed.de/p/hp-elitebook-840-g4-i5-8250u-14/
2026-01-11 03:18:57,392 - INFO - Scraping 2926/6851: https://www.refurbed.de/p/hp-elitebook-840-g4-i5-8350u/
2026-01-11 03:18:58,715 - INFO - Scraping 2927/6851: https://www.refurbed.de/p/hp-elitebook-840-g4-i7-7500u/
2026-01-11 03:18:58,923 - ERROR - Error fetching https://www.refurbed.de/p/hp-elitebook-840-g4-i7-7500u/: 404 Client Error: Not Found for url: https://www.refurbed.de/p/hp-elitebook-840-g4-i7-7500u/
2026-01-11 03:18:59,925 - INFO - Scraping 2928/6851: https://www.refurbed.de/p/hp-elitebook-840-g4-i7-7600u/
2026-01-11 03:19:00,089 - ERROR - Error fetching https://www.refurbed.de/p/hp-elitebook-840-g4-i7-7600u/: 404 Client Error: Not Found for url: https://www.refurbed.de/p/hp-elitebook-840-g4-i7-7600u/
2026-01-11 03:19:01,091 - INFO - Scraping 2929/6851: https://www.refurbed.de/p/hp-elitebook-840-g5-7600u/
2026-01-11 03:19:01,327 - ERROR - Error fetching https://www.refurbed.de/p/hp-elitebook-840-g5-7600u/: 404 Client Error: Not Found for url: https://www.refurbed.de/p/hp-elitebook-840-g5-7600u/
2026-01-11 03:19:02,329 - INFO - Scraping 2930/6851: https://www.refurbed.de/p/hp-elitebook-840-g5-8350u/
2026-01-11 03:19:04,058 - INFO - Scraping 2931/6851: https://www.refurbed.de/p/hp-elitebook-840-g5-8650u/
2026-01-11 03:19:05,503 - INFO - Scraping 2932/6851: https://www.refurbed.de/p/hp-elitebook-840-g5-i5-7200u/
2026-01-11 03:19:05,692 - ERROR - Error fetching https://www.refurbed.de/p/hp-elitebook-840-g5-i5-7200u/: 404 Client Error: Not Found for url: https://www.refurbed.de/p/hp-elitebook-840-g5-i5-7200u/
2026-01-11 03:19:06,694 - INFO - Scraping 2933/6851: https://www.refurbed.de/p/hp-elitebook-840-g5-i5-7300u-14/
2026-01-11 03:19:06,901 - ERROR - Error fetching https://www.refurbed.de/p/hp-elitebook-840-g5-i5-7300u-14/: 404 Client Error: Not Found for url: https://www.refurbed.de/p/hp-elitebook-840-g5-i5-7300u-14/
2026-01-11 03:19:07,904 - INFO - Scraping 2934/6851: https://www.refurbed.de/p/hp-elitebook-840-g5-i5-8250u-14/
2026-01-11 03:19:09,545 - INFO - Scraping 2935/6851: https://www.refurbed.de/p/hp-elitebook-840-g5-i5-8265u/
2026-01-11 03:19:11,271 - INFO - Scraping 2936/6851: https://www.refurbed.de/p/hp-elitebook-840-g5-i7-8550u/
2026-01-11 03:19:12,943 - INFO - Scraping 2937/6851: https://www.refurbed.de/p/hp-elitebook-840-g6-i5-8265u/
2026-01-11 03:19:14,503 - INFO - Scraping 2938/6851: https://www.refurbed.de/p/hp-elitebook-840-g6-i5-8350u/
2026-01-11 03:19:16,087 - INFO - Scraping 2939/6851: https://www.refurbed.de/p/hp-elitebook-840-g6-i5-8365u/
2026-01-11 03:19:17,888 - INFO - Scraping 2940/6851: https://www.refurbed.de/p/hp-elitebook-840-g6-i7-8565u/
2026-01-11 03:19:19,333 - INFO - Scraping 2941/6851: https://www.refurbed.de/p/hp-elitebook-840-g6-i7-8665u/
2026-01-11 03:19:20,859 - INFO - Scraping 2942/6851: https://www.refurbed.de/p/hp-elitebook-840-g8-1145g7-14/
2026-01-11 03:19:22,511 - INFO - Scraping 2943/6851: https://www.refurbed.de/p/hp-elitebook-840-g8-i5-1135g7-14/
2026-01-11 03:19:24,096 - INFO - Scraping 2944/6851: https://www.refurbed.de/p/hp-elitebook-840-g8-i7-1165g7-14/
2026-01-11 03:19:25,659 - INFO - Scraping 2945/6851: https://www.refurbed.de/p/hp-elitebook-840-g8-i7-1185g7/
2026-01-11 03:19:27,323 - INFO - Scraping 2946/6851: https://www.refurbed.de/p/hp-elitebook-840-g9-1240p-16/
2026-01-11 03:19:28,838 - INFO - Scraping 2947/6851: https://www.refurbed.de/p/hp-elitebook-840-g9-1250p-16/
2026-01-11 03:19:30,240 - INFO - Scraping 2948/6851: https://www.refurbed.de/p/hp-elitebook-840-g9-i5-1235u/
2026-01-11 03:19:31,833 - INFO - Scraping 2949/6851: https://www.refurbed.de/p/hp-elitebook-840-g9-i5-1245u/
2026-01-11 03:19:33,363 - INFO - Scraping 2950/6851: https://www.refurbed.de/p/hp-elitebook-840-g9-i7-1255u/
2026-01-11 03:19:34,744 - INFO - Scraping 2951/6851: https://www.refurbed.de/p/hp-elitebook-840-g9-i7-1260p/
2026-01-11 03:19:36,059 - INFO - Scraping 2952/6851: https://www.refurbed.de/p/hp-elitebook-840/
2026-01-11 03:19:36,257 - ERROR - Error fetching https://www.refurbed.de/p/hp-elitebook-840/: 404 Client Error: Not Found for url: https://www.refurbed.de/p/hp-elitebook-840/
2026-01-11 03:19:37,259 - INFO - Scraping 2953/6851: https://www.refurbed.de/p/hp-elitebook-840r-g4-i5-8350u/
2026-01-11 03:19:38,602 - INFO - Scraping 2954/6851: https://www.refurbed.de/p/hp-elitebook-845-g10-5-7540u/
2026-01-11 03:19:39,994 - INFO - Scraping 2955/6851: https://www.refurbed.de/p/hp-elitebook-845-g10-7-7840u/
2026-01-11 03:19:41,319 - INFO - Scraping 2956/6851: https://www.refurbed.de/p/hp-elitebook-845-g7-4650u/
2026-01-11 03:19:42,776 - INFO - Scraping 2957/6851: https://www.refurbed.de/p/hp-elitebook-845-g7-4750u/
2026-01-11 03:19:44,072 - INFO - Scraping 2958/6851: https://www.refurbed.de/p/hp-elitebook-845-g7-r5-pro-4450u/
2026-01-11 03:19:45,780 - INFO - Scraping 2959/6851: https://www.refurbed.de/p/hp-elitebook-845-g8-5400u-14/
2026-01-11 03:19:47,138 - INFO - Scraping 2960/6851: https://www.refurbed.de/p/hp-elitebook-845-g8-5600u-14/
2026-01-11 03:19:48,591 - INFO - Scraping 2961/6851: https://www.refurbed.de/p/hp-elitebook-845-g8-pro-5650u-14/
2026-01-11 03:19:50,332 - INFO - Scraping 2962/6851: https://www.refurbed.de/p/hp-elitebook-845-g8-r7-pro-5850u/
2026-01-11 03:19:52,087 - INFO - Scraping 2963/6851: https://www.refurbed.de/p/hp-elitebook-845-g9-5-pro-6650u/
2026-01-11 03:19:53,492 - INFO - Scraping 2964/6851: https://www.refurbed.de/p/hp-elitebook-850-g1-4310u/
2026-01-11 03:19:53,710 - ERROR - Error fetching https://www.refurbed.de/p/hp-elitebook-850-g1-4310u/: 404 Client Error: Not Found for url: https://www.refurbed.de/p/hp-elitebook-850-g1-4310u/
2026-01-11 03:19:54,712 - INFO - Scraping 2965/6851: https://www.refurbed.de/p/hp-elitebook-850-g1-4600u/
2026-01-11 03:19:54,893 - ERROR - Error fetching https://www.refurbed.de/p/hp-elitebook-850-g1-4600u/: 404 Client Error: Not Found for url: https://www.refurbed.de/p/hp-elitebook-850-g1-4600u/
2026-01-11 03:19:55,895 - INFO - Scraping 2966/6851: https://www.refurbed.de/p/hp-elitebook-850-g1-i5-4200u-15-/
2026-01-11 03:19:56,122 - ERROR - Error fetching https://www.refurbed.de/p/hp-elitebook-850-g1-i5-4200u-15-/: 404 Client Error: Not Found for url: https://www.refurbed.de/p/hp-elitebook-850-g1-i5-4200u-15-/
2026-01-11 03:19:57,124 - INFO - Scraping 2967/6851: https://www.refurbed.de/p/hp-elitebook-850-g1-i5-4300u-15-/
2026-01-11 03:19:57,367 - ERROR - Error fetching https://www.refurbed.de/p/hp-elitebook-850-g1-i5-4300u-15-/: 404 Client Error: Not Found for url: https://www.refurbed.de/p/hp-elitebook-850-g1-i5-4300u-15-/
2026-01-11 03:19:58,370 - INFO - Scraping 2968/6851: https://www.refurbed.de/p/hp-elitebook-850-g1-i7-15-6/
2026-01-11 03:19:58,550 - ERROR - Error fetching https://www.refurbed.de/p/hp-elitebook-850-g1-i7-15-6/: 404 Client Error: Not Found for url: https://www.refurbed.de/p/hp-elitebook-850-g1-i7-15-6/
2026-01-11 03:19:59,552 - INFO - Scraping 2969/6851: https://www.refurbed.de/p/hp-elitebook-850-g2-i5-15-6/
2026-01-11 03:19:59,744 - ERROR - Error fetching https://www.refurbed.de/p/hp-elitebook-850-g2-i5-15-6/: 404 Client Error: Not Found for url: https://www.refurbed.de/p/hp-elitebook-850-g2-i5-15-6/
2026-01-11 03:20:00,747 - INFO - Scraping 2970/6851: https://www.refurbed.de/p/hp-elitebook-850-g2-i5-4570t/
2026-01-11 03:20:00,922 - ERROR - Error fetching https://www.refurbed.de/p/hp-elitebook-850-g2-i5-4570t/: 404 Client Error: Not Found for url: https://www.refurbed.de/p/hp-elitebook-850-g2-i5-4570t/
2026-01-11 03:20:01,924 - INFO - Scraping 2971/6851: https://www.refurbed.de/p/hp-elitebook-850-g2-i5-5300u-15-/
2026-01-11 03:20:02,108 - ERROR - Error fetching https://www.refurbed.de/p/hp-elitebook-850-g2-i5-5300u-15-/: 404 Client Error: Not Found for url: https://www.refurbed.de/p/hp-elitebook-850-g2-i5-5300u-15-/
2026-01-11 03:20:03,110 - INFO - Scraping 2972/6851: https://www.refurbed.de/p/hp-elitebook-850-g2-i7-5600u-15-/
2026-01-11 03:20:03,534 - ERROR - Error fetching https://www.refurbed.de/p/hp-elitebook-850-g2-i7-5600u-15-/: 404 Client Error: Not Found for url: https://www.refurbed.de/p/hp-elitebook-850-g2-i7-5600u-15-/
2026-01-11 03:20:04,536 - INFO - Scraping 2973/6851: https://www.refurbed.de/p/hp-elitebook-850-g3-6200u/
2026-01-11 03:20:04,722 - ERROR - Error fetching https://www.refurbed.de/p/hp-elitebook-850-g3-6200u/: 404 Client Error: Not Found for url: https://www.refurbed.de/p/hp-elitebook-850-g3-6200u/
2026-01-11 03:20:05,724 - INFO - Scraping 2974/6851: https://www.refurbed.de/p/hp-elitebook-850-g3-6300u/
2026-01-11 03:20:05,922 - ERROR - Error fetching https://www.refurbed.de/p/hp-elitebook-850-g3-6300u/: 404 Client Error: Not Found for url: https://www.refurbed.de/p/hp-elitebook-850-g3-6300u/
2026-01-11 03:20:06,924 - INFO - Scraping 2975/6851: https://www.refurbed.de/p/hp-elitebook-850-g3-i7-6500u-15/
2026-01-11 03:20:07,101 - ERROR - Error fetching https://www.refurbed.de/p/hp-elitebook-850-g3-i7-6500u-15/: 404 Client Error: Not Found for url: https://www.refurbed.de/p/hp-elitebook-850-g3-i7-6500u-15/
2026-01-11 03:20:08,103 - INFO - Scraping 2976/6851: https://www.refurbed.de/p/hp-elitebook-850-g3-i7-6600u-15/
2026-01-11 03:20:08,281 - ERROR - Error fetching https://www.refurbed.de/p/hp-elitebook-850-g3-i7-6600u-15/: 404 Client Error: Not Found for url: https://www.refurbed.de/p/hp-elitebook-850-g3-i7-6600u-15/
2026-01-11 03:20:09,284 - INFO - Scraping 2977/6851: https://www.refurbed.de/p/hp-elitebook-850-g4-7200u/
2026-01-11 03:20:09,462 - ERROR - Error fetching https://www.refurbed.de/p/hp-elitebook-850-g4-7200u/: 404 Client Error: Not Found for url: https://www.refurbed.de/p/hp-elitebook-850-g4-7200u/
2026-01-11 03:20:10,465 - INFO - Scraping 2978/6851: https://www.refurbed.de/p/hp-elitebook-850-g4-7300u/
2026-01-11 03:20:10,692 - ERROR - Error fetching https://www.refurbed.de/p/hp-elitebook-850-g4-7300u/: 404 Client Error: Not Found for url: https://www.refurbed.de/p/hp-elitebook-850-g4-7300u/
2026-01-11 03:20:11,694 - INFO - Scraping 2979/6851: https://www.refurbed.de/p/hp-elitebook-850-g4-7600u/
2026-01-11 03:20:12,849 - ERROR - Error fetching https://www.refurbed.de/p/hp-elitebook-850-g4-7600u/: 404 Client Error: Not Found for url: https://www.refurbed.de/p/hp-elitebook-850-g4-7600u/
2026-01-11 03:20:13,851 - INFO - Scraping 2980/6851: https://www.refurbed.de/p/hp-elitebook-850-g4-i7-7500u/
2026-01-11 03:20:14,025 - ERROR - Error fetching https://www.refurbed.de/p/hp-elitebook-850-g4-i7-7500u/: 404 Client Error: Not Found for url: https://www.refurbed.de/p/hp-elitebook-850-g4-i7-7500u/
2026-01-11 03:20:15,027 - INFO - Scraping 2981/6851: https://www.refurbed.de/p/hp-elitebook-850-g5-i5-7200u/
2026-01-11 03:20:15,250 - ERROR - Error fetching https://www.refurbed.de/p/hp-elitebook-850-g5-i5-7200u/: 404 Client Error: Not Found for url: https://www.refurbed.de/p/hp-elitebook-850-g5-i5-7200u/
2026-01-11 03:20:16,252 - INFO - Scraping 2982/6851: https://www.refurbed.de/p/hp-elitebook-850-g5-i5-7300u-156/
2026-01-11 03:20:16,884 - ERROR - Error fetching https://www.refurbed.de/p/hp-elitebook-850-g5-i5-7300u-156/: 404 Client Error: Not Found for url: https://www.refurbed.de/p/hp-elitebook-850-g5-i5-7300u-156/
2026-01-11 03:20:17,886 - INFO - Scraping 2983/6851: https://www.refurbed.de/p/hp-elitebook-850-g5-i5-8250u-156/
2026-01-11 03:20:19,283 - INFO - Scraping 2984/6851: https://www.refurbed.de/p/hp-elitebook-850-g5-i5-8350u-156/
2026-01-11 03:20:21,161 - INFO - Scraping 2985/6851: https://www.refurbed.de/p/hp-elitebook-850-g5-i7-7500u/
2026-01-11 03:20:21,362 - ERROR - Error fetching https://www.refurbed.de/p/hp-elitebook-850-g5-i7-7500u/: 404 Client Error: Not Found for url: https://www.refurbed.de/p/hp-elitebook-850-g5-i7-7500u/
2026-01-11 03:20:22,364 - INFO - Scraping 2986/6851: https://www.refurbed.de/p/hp-elitebook-850-g5-i7-8550u-156/
2026-01-11 03:20:24,047 - INFO - Scraping 2987/6851: https://www.refurbed.de/p/hp-elitebook-850-g5-i7-8650u-156/
2026-01-11 03:20:25,697 - INFO - Scraping 2988/6851: https://www.refurbed.de/p/hp-elitebook-850-g6-i5-8265u-15/
2026-01-11 03:20:27,532 - INFO - Scraping 2989/6851: https://www.refurbed.de/p/hp-elitebook-850-g6-i5-8350u/
2026-01-11 03:20:29,097 - INFO - Scraping 2990/6851: https://www.refurbed.de/p/hp-elitebook-850-g6-i5-83650u/
2026-01-11 03:20:30,501 - INFO - Scraping 2991/6851: https://www.refurbed.de/p/hp-elitebook-850-g6-i7-8565u/
2026-01-11 03:20:32,191 - INFO - Scraping 2992/6851: https://www.refurbed.de/p/hp-elitebook-850-g6-i7-8650u/
2026-01-11 03:20:33,711 - INFO - Scraping 2993/6851: https://www.refurbed.de/p/hp-elitebook-850-g6-i7-8665u/
2026-01-11 03:20:35,335 - INFO - Scraping 2994/6851: https://www.refurbed.de/p/hp-elitebook-850-g7-10210u/
2026-01-11 03:20:36,804 - INFO - Scraping 2995/6851: https://www.refurbed.de/p/hp-elitebook-850-g7-10510u-15-6/
2026-01-11 03:20:38,284 - INFO - Scraping 2996/6851: https://www.refurbed.de/p/hp-elitebook-850-g7-10610u-15-6/
2026-01-11 03:20:39,833 - INFO - Scraping 2997/6851: https://www.refurbed.de/p/hp-elitebook-850-g7-i5-10310u/
2026-01-11 03:20:41,405 - INFO - Scraping 2998/6851: https://www.refurbed.de/p/hp-elitebook-850-g8-1135g7/
2026-01-11 03:20:43,000 - INFO - Scraping 2999/6851: https://www.refurbed.de/p/hp-elitebook-850-g8-1145g7-15-6/
2026-01-11 03:20:44,529 - INFO - Scraping 3000/6851: https://www.refurbed.de/p/hp-elitebook-850-g8-1165g7-15-6/
2026-01-11 03:20:46,237 - INFO - Scraping 3001/6851: https://www.refurbed.de/p/hp-elitebook-850-g8-1185g7/
2026-01-11 03:20:47,743 - INFO - Scraping 3002/6851: https://www.refurbed.de/p/hp-elitebook-855-g7-r7-pro-4750u/
2026-01-11 03:20:49,223 - INFO - Scraping 3003/6851: https://www.refurbed.de/p/hp-elitebook-855-g7-ryzen-5-pro/
2026-01-11 03:20:50,735 - INFO - Scraping 3004/6851: https://www.refurbed.de/p/hp-elitebook-855-g8-ryzen-5650u/
2026-01-11 03:20:52,665 - INFO - Scraping 3005/6851: https://www.refurbed.de/p/hp-elitebook-855-g8-ryzen-7-pro/
2026-01-11 03:20:54,299 - INFO - Scraping 3006/6851: https://www.refurbed.de/p/hp-elitebook-860-g10-i5-1335u/
2026-01-11 03:20:55,658 - INFO - Scraping 3007/6851: https://www.refurbed.de/p/hp-elitebook-860-g10-i5-1345u/
2026-01-11 03:20:57,088 - INFO - Scraping 3008/6851: https://www.refurbed.de/p/hp-elitebook-860-g10-i7-1355u/
2026-01-11 03:20:58,557 - INFO - Scraping 3009/6851: https://www.refurbed.de/p/hp-elitebook-860-g10-i7-1360p/
2026-01-11 03:21:00,019 - INFO - Scraping 3010/6851: https://www.refurbed.de/p/hp-elitebook-860-g10-i7-1365u/
2026-01-11 03:21:01,363 - INFO - Scraping 3011/6851: https://www.refurbed.de/p/hp-elitebook-860-g11-5-125h/
2026-01-11 03:21:02,954 - INFO - Scraping 3012/6851: https://www.refurbed.de/p/hp-elitebook-860-g11-5-125u/
2026-01-11 03:21:04,484 - INFO - Scraping 3013/6851: https://www.refurbed.de/p/hp-elitebook-860-g11-7-155h/
2026-01-11 03:21:05,861 - INFO - Scraping 3014/6851: https://www.refurbed.de/p/hp-elitebook-860-g11-7-155u/
2026-01-11 03:21:07,481 - INFO - Scraping 3015/6851: https://www.refurbed.de/p/hp-elitebook-860-g9-1235u-16/
2026-01-11 03:21:08,810 - INFO - Scraping 3016/6851: https://www.refurbed.de/p/hp-elitebook-860-g9-i5-1245u/
2026-01-11 03:21:10,327 - INFO - Scraping 3017/6851: https://www.refurbed.de/p/hp-elitebook-860-g9-i7-1255u/
2026-01-11 03:21:11,633 - INFO - Scraping 3018/6851: https://www.refurbed.de/p/hp-elitebook-860-g9-i7-1260p/
2026-01-11 03:21:13,280 - INFO - Scraping 3019/6851: https://www.refurbed.de/p/hp-elitebook-860-g9-i7-1265u/
2026-01-11 03:21:14,624 - INFO - Scraping 3020/6851: https://www.refurbed.de/p/hp-elitebook-865-g10-r-5-7540u/
2026-01-11 03:21:15,994 - INFO - Scraping 3021/6851: https://www.refurbed.de/p/hp-elitebook-865-g9-5-6650u/
2026-01-11 03:21:17,537 - INFO - Scraping 3022/6851: https://www.refurbed.de/p/hp-elitebook-folio-1040-g1-4200u/
2026-01-11 03:21:17,711 - ERROR - Error fetching https://www.refurbed.de/p/hp-elitebook-folio-1040-g1-4200u/: 404 Client Error: Not Found for url: https://www.refurbed.de/p/hp-elitebook-folio-1040-g1-4200u/
2026-01-11 03:21:18,714 - INFO - Scraping 3023/6851: https://www.refurbed.de/p/hp-elitebook-folio-1040-g1-4300u/
2026-01-11 03:21:18,888 - ERROR - Error fetching https://www.refurbed.de/p/hp-elitebook-folio-1040-g1-4300u/: 404 Client Error: Not Found for url: https://www.refurbed.de/p/hp-elitebook-folio-1040-g1-4300u/
2026-01-11 03:21:19,890 - INFO - Scraping 3024/6851: https://www.refurbed.de/p/hp-elitebook-folio-1040-g1-4600u/
2026-01-11 03:21:20,067 - ERROR - Error fetching https://www.refurbed.de/p/hp-elitebook-folio-1040-g1-4600u/: 404 Client Error: Not Found for url: https://www.refurbed.de/p/hp-elitebook-folio-1040-g1-4600u/
2026-01-11 03:21:21,069 - INFO - Scraping 3025/6851: https://www.refurbed.de/p/hp-elitebook-folio-1040-g2-5200u/
2026-01-11 03:21:21,227 - ERROR - Error fetching https://www.refurbed.de/p/hp-elitebook-folio-1040-g2-5200u/: 404 Client Error: Not Found for url: https://www.refurbed.de/p/hp-elitebook-folio-1040-g2-5200u/
2026-01-11 03:21:22,229 - INFO - Scraping 3026/6851: https://www.refurbed.de/p/hp-elitebook-folio-1040-g2-5300u/
2026-01-11 03:21:22,434 - ERROR - Error fetching https://www.refurbed.de/p/hp-elitebook-folio-1040-g2-5300u/: 404 Client Error: Not Found for url: https://www.refurbed.de/p/hp-elitebook-folio-1040-g2-5300u/
2026-01-11 03:21:23,436 - INFO - Scraping 3027/6851: https://www.refurbed.de/p/hp-elitebook-folio-1040-g2-5600u/
2026-01-11 03:21:23,632 - ERROR - Error fetching https://www.refurbed.de/p/hp-elitebook-folio-1040-g2-5600u/: 404 Client Error: Not Found for url: https://www.refurbed.de/p/hp-elitebook-folio-1040-g2-5600u/
2026-01-11 03:21:24,634 - INFO - Scraping 3028/6851: https://www.refurbed.de/p/hp-elitebook-folio-1040-g3-6200u/
2026-01-11 03:21:24,824 - ERROR - Error fetching https://www.refurbed.de/p/hp-elitebook-folio-1040-g3-6200u/: 404 Client Error: Not Found for url: https://www.refurbed.de/p/hp-elitebook-folio-1040-g3-6200u/
2026-01-11 03:21:25,826 - INFO - Scraping 3029/6851: https://www.refurbed.de/p/hp-elitebook-folio-1040-g3-6300u/
2026-01-11 03:21:26,013 - ERROR - Error fetching https://www.refurbed.de/p/hp-elitebook-folio-1040-g3-6300u/: 404 Client Error: Not Found for url: https://www.refurbed.de/p/hp-elitebook-folio-1040-g3-6300u/
2026-01-11 03:21:27,015 - INFO - Scraping 3030/6851: https://www.refurbed.de/p/hp-elitebook-folio-1040-g3-6600u/
2026-01-11 03:21:27,380 - ERROR - Error fetching https://www.refurbed.de/p/hp-elitebook-folio-1040-g3-6600u/: 404 Client Error: Not Found for url: https://www.refurbed.de/p/hp-elitebook-folio-1040-g3-6600u/
2026-01-11 03:21:28,382 - INFO - Scraping 3031/6851: https://www.refurbed.de/p/hp-elitebook-folio-1040-g3-i7-65/
2026-01-11 03:21:28,558 - ERROR - Error fetching https://www.refurbed.de/p/hp-elitebook-folio-1040-g3-i7-65/: 404 Client Error: Not Found for url: https://www.refurbed.de/p/hp-elitebook-folio-1040-g3-i7-65/
2026-01-11 03:21:29,561 - INFO - Scraping 3032/6851: https://www.refurbed.de/p/hp-elitebook-folio-2-in-1-13-5/
2026-01-11 03:21:30,979 - INFO - Scraping 3033/6851: https://www.refurbed.de/p/hp-elitebook-folio-9480m-i5-4310/
2026-01-11 03:21:31,167 - ERROR - Error fetching https://www.refurbed.de/p/hp-elitebook-folio-9480m-i5-4310/: 404 Client Error: Not Found for url: https://www.refurbed.de/p/hp-elitebook-folio-9480m-i5-4310/
2026-01-11 03:21:32,170 - INFO - Scraping 3034/6851: https://www.refurbed.de/p/hp-elitebook-folio-g1-m7-6y75/
2026-01-11 03:21:32,356 - ERROR - Error fetching https://www.refurbed.de/p/hp-elitebook-folio-g1-m7-6y75/: 404 Client Error: Not Found for url: https://www.refurbed.de/p/hp-elitebook-folio-g1-m7-6y75/
2026-01-11 03:21:33,358 - INFO - Scraping 3035/6851: https://www.refurbed.de/p/hp-elitebook-g7-10510u/
2026-01-11 03:21:34,973 - INFO - Scraping 3036/6851: https://www.refurbed.de/p/hp-elitebook-g7-10610u/
2026-01-11 03:21:36,457 - INFO - Scraping 3037/6851: https://www.refurbed.de/p/hp-elitebook-g7-i5-10210u/
2026-01-11 03:21:38,280 - INFO - Scraping 3038/6851: https://www.refurbed.de/p/hp-elitebook-g7-i5-10310u/
2026-01-11 03:21:39,914 - INFO - Scraping 3039/6851: https://www.refurbed.de/p/hp-elitebook-x360-1020-g2-7300u/
2026-01-11 03:21:40,074 - ERROR - Error fetching https://www.refurbed.de/p/hp-elitebook-x360-1020-g2-7300u/: 404 Client Error: Not Found for url: https://www.refurbed.de/p/hp-elitebook-x360-1020-g2-7300u/
2026-01-11 03:21:41,076 - INFO - Scraping 3040/6851: https://www.refurbed.de/p/hp-elitebook-x360-1030-g2-7200u/
2026-01-11 03:21:41,236 - ERROR - Error fetching https://www.refurbed.de/p/hp-elitebook-x360-1030-g2-7200u/: 404 Client Error: Not Found for url: https://www.refurbed.de/p/hp-elitebook-x360-1030-g2-7200u/
2026-01-11 03:21:42,238 - INFO - Scraping 3041/6851: https://www.refurbed.de/p/hp-elitebook-x360-1030-g2-7300u/
2026-01-11 03:21:42,420 - ERROR - Error fetching https://www.refurbed.de/p/hp-elitebook-x360-1030-g2-7300u/: 404 Client Error: Not Found for url: https://www.refurbed.de/p/hp-elitebook-x360-1030-g2-7300u/
2026-01-11 03:21:43,423 - INFO - Scraping 3042/6851: https://www.refurbed.de/p/hp-elitebook-x360-1030-g2-7500u/
2026-01-11 03:21:43,618 - ERROR - Error fetching https://www.refurbed.de/p/hp-elitebook-x360-1030-g2-7500u/: 404 Client Error: Not Found for url: https://www.refurbed.de/p/hp-elitebook-x360-1030-g2-7500u/
2026-01-11 03:21:44,620 - INFO - Scraping 3043/6851: https://www.refurbed.de/p/hp-elitebook-x360-1030-g2-7600u/
2026-01-11 03:21:44,808 - ERROR - Error fetching https://www.refurbed.de/p/hp-elitebook-x360-1030-g2-7600u/: 404 Client Error: Not Found for url: https://www.refurbed.de/p/hp-elitebook-x360-1030-g2-7600u/
2026-01-11 03:21:45,811 - INFO - Scraping 3044/6851: https://www.refurbed.de/p/hp-elitebook-x360-1030-g3-7600u/
2026-01-11 03:21:45,975 - ERROR - Error fetching https://www.refurbed.de/p/hp-elitebook-x360-1030-g3-7600u/: 404 Client Error: Not Found for url: https://www.refurbed.de/p/hp-elitebook-x360-1030-g3-7600u/
2026-01-11 03:21:46,977 - INFO - Scraping 3045/6851: https://www.refurbed.de/p/hp-elitebook-x360-1030-g3-8250u/
2026-01-11 03:21:48,470 - INFO - Scraping 3046/6851: https://www.refurbed.de/p/hp-elitebook-x360-1030-g3-8350u/
2026-01-11 03:21:49,981 - INFO - Scraping 3047/6851: https://www.refurbed.de/p/hp-elitebook-x360-1030-g3-85550u/
2026-01-11 03:21:51,418 - INFO - Scraping 3048/6851: https://www.refurbed.de/p/hp-elitebook-x360-1030-g3-8650u/
2026-01-11 03:21:52,789 - INFO - Scraping 3049/6851: https://www.refurbed.de/p/hp-elitebook-x360-1030-g3-8850u/
2026-01-11 03:21:52,951 - ERROR - Error fetching https://www.refurbed.de/p/hp-elitebook-x360-1030-g3-8850u/: 404 Client Error: Not Found for url: https://www.refurbed.de/p/hp-elitebook-x360-1030-g3-8850u/
2026-01-11 03:21:53,953 - INFO - Scraping 3050/6851: https://www.refurbed.de/p/hp-elitebook-x360-1030-g4-8265u/
2026-01-11 03:21:55,281 - INFO - Scraping 3051/6851: https://www.refurbed.de/p/hp-elitebook-x360-1030-g4-8365u/
2026-01-11 03:21:56,752 - INFO - Scraping 3052/6851: https://www.refurbed.de/p/hp-elitebook-x360-1030-g7-10210u/
2026-01-11 03:21:58,814 - INFO - Scraping 3053/6851: https://www.refurbed.de/p/hp-elitebook-x360-1030-g7-10310u/
2026-01-11 03:22:00,478 - INFO - Scraping 3054/6851: https://www.refurbed.de/p/hp-elitebook-x360-1030-g7-10610u/
2026-01-11 03:22:02,010 - INFO - Scraping 3055/6851: https://www.refurbed.de/p/hp-elitebook-x360-1030-g7-10810u/
2026-01-11 03:22:03,500 - INFO - Scraping 3056/6851: https://www.refurbed.de/p/hp-elitebook-x360-1030-g8-1135g7/
2026-01-11 03:22:05,308 - INFO - Scraping 3057/6851: https://www.refurbed.de/p/hp-elitebook-x360-1030-g8-1145g7/
2026-01-11 03:22:06,906 - INFO - Scraping 3058/6851: https://www.refurbed.de/p/hp-elitebook-x360-1030-g8-1165g7/
2026-01-11 03:22:08,356 - INFO - Scraping 3059/6851: https://www.refurbed.de/p/hp-elitebook-x360-1030-g8-1185g7/
2026-01-11 03:22:09,890 - INFO - Scraping 3060/6851: https://www.refurbed.de/p/hp-elitebook-x360-1040-g10-1355u/
2026-01-11 03:22:11,205 - INFO - Scraping 3061/6851: https://www.refurbed.de/p/hp-elitebook-x360-1040-g5-8250u/
2026-01-11 03:22:12,703 - INFO - Scraping 3062/6851: https://www.refurbed.de/p/hp-elitebook-x360-1040-g5-8350u/
2026-01-11 03:22:14,129 - INFO - Scraping 3063/6851: https://www.refurbed.de/p/hp-elitebook-x360-1040-g5-8550u/
2026-01-11 03:22:15,518 - INFO - Scraping 3064/6851: https://www.refurbed.de/p/hp-elitebook-x360-1040-g6-8265u/
2026-01-11 03:22:16,865 - INFO - Scraping 3065/6851: https://www.refurbed.de/p/hp-elitebook-x360-1040-g6-8365u/
2026-01-11 03:22:18,343 - INFO - Scraping 3066/6851: https://www.refurbed.de/p/hp-elitebook-x360-1040-g6-8565u/
2026-01-11 03:22:19,739 - INFO - Scraping 3067/6851: https://www.refurbed.de/p/hp-elitebook-x360-1040-g6-8665u/
2026-01-11 03:22:21,185 - INFO - Scraping 3068/6851: https://www.refurbed.de/p/hp-elitebook-x360-1040-g7-10310u/
2026-01-11 03:22:22,678 - INFO - Scraping 3069/6851: https://www.refurbed.de/p/hp-elitebook-x360-1040-g7-10610u/
2026-01-11 03:22:24,029 - INFO - Scraping 3070/6851: https://www.refurbed.de/p/hp-elitebook-x360-1040-g7-10710u/
2026-01-11 03:22:25,505 - INFO - Scraping 3071/6851: https://www.refurbed.de/p/hp-elitebook-x360-1040-g8-1135g7/
2026-01-11 03:22:27,097 - INFO - Scraping 3072/6851: https://www.refurbed.de/p/hp-elitebook-x360-1040-g8-1146g7/
2026-01-11 03:22:28,593 - INFO - Scraping 3073/6851: https://www.refurbed.de/p/hp-elitebook-x360-1040-g8-1165g7/
2026-01-11 03:22:30,168 - INFO - Scraping 3074/6851: https://www.refurbed.de/p/hp-elitebook-x360-1040-g8-1185g7/
2026-01-11 03:22:31,627 - INFO - Scraping 3075/6851: https://www.refurbed.de/p/hp-elitebook-x360-1040-g9-1235u/
2026-01-11 03:22:33,148 - INFO - Scraping 3076/6851: https://www.refurbed.de/p/hp-elitebook-x360-1040-g9-1245u/
2026-01-11 03:22:34,781 - INFO - Scraping 3077/6851: https://www.refurbed.de/p/hp-elitebook-x360-1040-g9-1255u/
2026-01-11 03:22:36,135 - INFO - Scraping 3078/6851: https://www.refurbed.de/p/hp-elitebook-x360-1040-g9-1265u/
2026-01-11 03:22:37,697 - INFO - Scraping 3079/6851: https://www.refurbed.de/p/hp-elitebook-x360-830-g10-1335u/
2026-01-11 03:22:39,026 - INFO - Scraping 3080/6851: https://www.refurbed.de/p/hp-elitebook-x360-830-g10-1355u/
2026-01-11 03:22:40,372 - INFO - Scraping 3081/6851: https://www.refurbed.de/p/hp-elitebook-x360-830-g6-8265u/
2026-01-11 03:22:41,677 - INFO - Scraping 3082/6851: https://www.refurbed.de/p/hp-elitebook-x360-830-g6-8365u/
2026-01-11 03:22:43,071 - INFO - Scraping 3083/6851: https://www.refurbed.de/p/hp-elitebook-x360-830-g6-8565u/
2026-01-11 03:22:44,454 - INFO - Scraping 3084/6851: https://www.refurbed.de/p/hp-elitebook-x360-830-g7-101210u/
2026-01-11 03:22:45,921 - INFO - Scraping 3085/6851: https://www.refurbed.de/p/hp-elitebook-x360-830-g7-101710u/
2026-01-11 03:22:47,374 - INFO - Scraping 3086/6851: https://www.refurbed.de/p/hp-elitebook-x360-830-g7-10310u/
2026-01-11 03:22:48,857 - INFO - Scraping 3087/6851: https://www.refurbed.de/p/hp-elitebook-x360-830-g7-10510u/
2026-01-11 03:22:50,391 - INFO - Scraping 3088/6851: https://www.refurbed.de/p/hp-elitebook-x360-830-g8-1135g7/
2026-01-11 03:22:51,707 - INFO - Scraping 3089/6851: https://www.refurbed.de/p/hp-elitebook-x360-830-g8-1145g7/
2026-01-11 03:22:53,298 - INFO - Scraping 3090/6851: https://www.refurbed.de/p/hp-elitebook-x360-830-g8-1165g7/
2026-01-11 03:22:54,774 - INFO - Scraping 3091/6851: https://www.refurbed.de/p/hp-elitebook-x360-830-g8-1185g7/
2026-01-11 03:22:56,137 - INFO - Scraping 3092/6851: https://www.refurbed.de/p/hp-elitebook-x360-830-g9-1235u/
2026-01-11 03:22:57,629 - INFO - Scraping 3093/6851: https://www.refurbed.de/p/hp-elitebook-x360-830-g9-1245u/
2026-01-11 03:22:59,025 - INFO - Scraping 3094/6851: https://www.refurbed.de/p/hp-elitebook-x360-830-g9-1255u/
2026-01-11 03:23:00,359 - INFO - Scraping 3095/6851: https://www.refurbed.de/p/hp-elitebook-x360-g4-i7-8565u/
2026-01-11 03:23:01,717 - INFO - Scraping 3096/6851: https://www.refurbed.de/p/hp-elitebook-x360-g4-i7-8665u/
2026-01-11 03:23:03,622 - INFO - Scraping 3097/6851: https://www.refurbed.de/p/hp-elitedesk-600-g2-sff/
2026-01-11 03:23:03,851 - ERROR - Error fetching https://www.refurbed.de/p/hp-elitedesk-600-g2-sff/: 404 Client Error: Not Found for url: https://www.refurbed.de/p/hp-elitedesk-600-g2-sff/
2026-01-11 03:23:04,853 - INFO - Scraping 3098/6851: https://www.refurbed.de/p/hp-elitedesk-705-g1-dm/
2026-01-11 03:23:05,042 - ERROR - Error fetching https://www.refurbed.de/p/hp-elitedesk-705-g1-dm/: 404 Client Error: Not Found for url: https://www.refurbed.de/p/hp-elitedesk-705-g1-dm/
2026-01-11 03:23:06,044 - INFO - Scraping 3099/6851: https://www.refurbed.de/p/hp-elitedesk-705-g1-mt/
2026-01-11 03:23:06,366 - ERROR - Error fetching https://www.refurbed.de/p/hp-elitedesk-705-g1-mt/: 404 Client Error: Not Found for url: https://www.refurbed.de/p/hp-elitedesk-705-g1-mt/
2026-01-11 03:23:07,368 - INFO - Scraping 3100/6851: https://www.refurbed.de/p/hp-elitedesk-705-g1-sff-a10/
2026-01-11 03:23:07,547 - ERROR - Error fetching https://www.refurbed.de/p/hp-elitedesk-705-g1-sff-a10/: 404 Client Error: Not Found for url: https://www.refurbed.de/p/hp-elitedesk-705-g1-sff-a10/
2026-01-11 03:23:08,550 - INFO - Scraping 3101/6851: https://www.refurbed.de/p/hp-elitedesk-705-g2-dm/
2026-01-11 03:23:08,710 - ERROR - Error fetching https://www.refurbed.de/p/hp-elitedesk-705-g2-dm/: 404 Client Error: Not Found for url: https://www.refurbed.de/p/hp-elitedesk-705-g2-dm/
2026-01-11 03:23:09,712 - INFO - Scraping 3102/6851: https://www.refurbed.de/p/hp-elitedesk-705-g2-sff/
2026-01-11 03:23:09,890 - ERROR - Error fetching https://www.refurbed.de/p/hp-elitedesk-705-g2-sff/: 404 Client Error: Not Found for url: https://www.refurbed.de/p/hp-elitedesk-705-g2-sff/
2026-01-11 03:23:10,893 - INFO - Scraping 3103/6851: https://www.refurbed.de/p/hp-elitedesk-705-g3-dm-usff/
2026-01-11 03:23:11,107 - ERROR - Error fetching https://www.refurbed.de/p/hp-elitedesk-705-g3-dm-usff/: 404 Client Error: Not Found for url: https://www.refurbed.de/p/hp-elitedesk-705-g3-dm-usff/
2026-01-11 03:23:12,110 - INFO - Scraping 3104/6851: https://www.refurbed.de/p/hp-elitedesk-705-g3-mt/
2026-01-11 03:23:12,284 - ERROR - Error fetching https://www.refurbed.de/p/hp-elitedesk-705-g3-mt/: 404 Client Error: Not Found for url: https://www.refurbed.de/p/hp-elitedesk-705-g3-mt/
2026-01-11 03:23:13,286 - INFO - Scraping 3105/6851: https://www.refurbed.de/p/hp-elitedesk-705-g3-sff/
2026-01-11 03:23:13,541 - ERROR - Error fetching https://www.refurbed.de/p/hp-elitedesk-705-g3-sff/: 404 Client Error: Not Found for url: https://www.refurbed.de/p/hp-elitedesk-705-g3-sff/
2026-01-11 03:23:14,543 - INFO - Scraping 3106/6851: https://www.refurbed.de/p/hp-elitedesk-705-g3/
2026-01-11 03:23:14,815 - ERROR - Error fetching https://www.refurbed.de/p/hp-elitedesk-705-g3/: 404 Client Error: Not Found for url: https://www.refurbed.de/p/hp-elitedesk-705-g3/
2026-01-11 03:23:15,818 - INFO - Scraping 3107/6851: https://www.refurbed.de/p/hp-elitedesk-705-g4-dm/
2026-01-11 03:23:16,135 - ERROR - Error fetching https://www.refurbed.de/p/hp-elitedesk-705-g4-dm/: 404 Client Error: Not Found for url: https://www.refurbed.de/p/hp-elitedesk-705-g4-dm/
2026-01-11 03:23:17,137 - INFO - Scraping 3108/6851: https://www.refurbed.de/p/hp-elitedesk-705-g4-mt/
2026-01-11 03:23:17,312 - ERROR - Error fetching https://www.refurbed.de/p/hp-elitedesk-705-g4-mt/: 404 Client Error: Not Found for url: https://www.refurbed.de/p/hp-elitedesk-705-g4-mt/
2026-01-11 03:23:18,315 - INFO - Scraping 3109/6851: https://www.refurbed.de/p/hp-elitedesk-705-g4-sff/
2026-01-11 03:23:19,658 - INFO - Scraping 3110/6851: https://www.refurbed.de/p/hp-elitedesk-705-g4/
2026-01-11 03:23:19,852 - ERROR - Error fetching https://www.refurbed.de/p/hp-elitedesk-705-g4/: 404 Client Error: Not Found for url: https://www.refurbed.de/p/hp-elitedesk-705-g4/
2026-01-11 03:23:20,854 - INFO - Scraping 3111/6851: https://www.refurbed.de/p/hp-elitedesk-705-g5-mini/
2026-01-11 03:23:22,161 - INFO - Scraping 3112/6851: https://www.refurbed.de/p/hp-elitedesk-705-g5-sff/
2026-01-11 03:23:23,610 - INFO - Scraping 3113/6851: https://www.refurbed.de/p/hp-elitedesk-800-g1-dm-i5/
2026-01-11 03:23:23,843 - ERROR - Error fetching https://www.refurbed.de/p/hp-elitedesk-800-g1-dm-i5/: 404 Client Error: Not Found for url: https://www.refurbed.de/p/hp-elitedesk-800-g1-dm-i5/
2026-01-11 03:23:24,845 - INFO - Scraping 3114/6851: https://www.refurbed.de/p/hp-elitedesk-800-g1-intel/
2026-01-11 03:23:25,047 - ERROR - Error fetching https://www.refurbed.de/p/hp-elitedesk-800-g1-intel/: 404 Client Error: Not Found for url: https://www.refurbed.de/p/hp-elitedesk-800-g1-intel/
2026-01-11 03:23:26,049 - INFO - Scraping 3115/6851: https://www.refurbed.de/p/hp-elitedesk-800-g1-sff-i5-4590/
2026-01-11 03:23:26,244 - ERROR - Error fetching https://www.refurbed.de/p/hp-elitedesk-800-g1-sff-i5-4590/: 404 Client Error: Not Found for url: https://www.refurbed.de/p/hp-elitedesk-800-g1-sff-i5-4590/
2026-01-11 03:23:27,247 - INFO - Scraping 3116/6851: https://www.refurbed.de/p/hp-elitedesk-800-g1-sff-i7/
2026-01-11 03:23:27,407 - ERROR - Error fetching https://www.refurbed.de/p/hp-elitedesk-800-g1-sff-i7/: 404 Client Error: Not Found for url: https://www.refurbed.de/p/hp-elitedesk-800-g1-sff-i7/
2026-01-11 03:23:28,409 - INFO - Scraping 3117/6851: https://www.refurbed.de/p/hp-elitedesk-800-g1-sff/
2026-01-11 03:23:28,606 - ERROR - Error fetching https://www.refurbed.de/p/hp-elitedesk-800-g1-sff/: 404 Client Error: Not Found for url: https://www.refurbed.de/p/hp-elitedesk-800-g1-sff/
2026-01-11 03:23:29,609 - INFO - Scraping 3118/6851: https://www.refurbed.de/p/hp-elitedesk-800-g1-tower/
2026-01-11 03:23:29,915 - ERROR - Error fetching https://www.refurbed.de/p/hp-elitedesk-800-g1-tower/: 404 Client Error: Not Found for url: https://www.refurbed.de/p/hp-elitedesk-800-g1-tower/
2026-01-11 03:23:30,917 - INFO - Scraping 3119/6851: https://www.refurbed.de/p/hp-elitedesk-800-g1-twr-i3-4130/
2026-01-11 03:23:31,125 - ERROR - Error fetching https://www.refurbed.de/p/hp-elitedesk-800-g1-twr-i3-4130/: 404 Client Error: Not Found for url: https://www.refurbed.de/p/hp-elitedesk-800-g1-twr-i3-4130/
2026-01-11 03:23:32,127 - INFO - Scraping 3120/6851: https://www.refurbed.de/p/hp-elitedesk-800-g1-twr-i7-4790/
2026-01-11 03:23:32,287 - ERROR - Error fetching https://www.refurbed.de/p/hp-elitedesk-800-g1-twr-i7-4790/: 404 Client Error: Not Found for url: https://www.refurbed.de/p/hp-elitedesk-800-g1-twr-i7-4790/
2026-01-11 03:23:33,289 - INFO - Scraping 3121/6851: https://www.refurbed.de/p/hp-elitedesk-800-g1-usdt/
2026-01-11 03:23:33,695 - ERROR - Error fetching https://www.refurbed.de/p/hp-elitedesk-800-g1-usdt/: 404 Client Error: Not Found for url: https://www.refurbed.de/p/hp-elitedesk-800-g1-usdt/
2026-01-11 03:23:34,697 - INFO - Scraping 3122/6851: https://www.refurbed.de/p/hp-elitedesk-800-g2-dm-i5/
2026-01-11 03:23:35,252 - ERROR - Error fetching https://www.refurbed.de/p/hp-elitedesk-800-g2-dm-i5/: 404 Client Error: Not Found for url: https://www.refurbed.de/p/hp-elitedesk-800-g2-dm-i5/
2026-01-11 03:23:36,254 - INFO - Scraping 3123/6851: https://www.refurbed.de/p/hp-elitedesk-800-g2-sff-i7/
2026-01-11 03:23:36,863 - ERROR - Error fetching https://www.refurbed.de/p/hp-elitedesk-800-g2-sff-i7/: 404 Client Error: Not Found for url: https://www.refurbed.de/p/hp-elitedesk-800-g2-sff-i7/
2026-01-11 03:23:37,866 - INFO - Scraping 3124/6851: https://www.refurbed.de/p/hp-elitedesk-800-g2-sff/
2026-01-11 03:23:38,229 - ERROR - Error fetching https://www.refurbed.de/p/hp-elitedesk-800-g2-sff/: 404 Client Error: Not Found for url: https://www.refurbed.de/p/hp-elitedesk-800-g2-sff/
2026-01-11 03:23:39,231 - INFO - Scraping 3125/6851: https://www.refurbed.de/p/hp-elitedesk-800-g2-twr-i6th/
2026-01-11 03:23:39,770 - ERROR - Error fetching https://www.refurbed.de/p/hp-elitedesk-800-g2-twr-i6th/: 404 Client Error: Not Found for url: https://www.refurbed.de/p/hp-elitedesk-800-g2-twr-i6th/
2026-01-11 03:23:40,772 - INFO - Scraping 3126/6851: https://www.refurbed.de/p/hp-elitedesk-800-g2-usff-g4400t/
2026-01-11 03:23:41,244 - ERROR - Error fetching https://www.refurbed.de/p/hp-elitedesk-800-g2-usff-g4400t/: 404 Client Error: Not Found for url: https://www.refurbed.de/p/hp-elitedesk-800-g2-usff-g4400t/
2026-01-11 03:23:42,246 - INFO - Scraping 3127/6851: https://www.refurbed.de/p/hp-elitedesk-800-g2-usff-int6th/
2026-01-11 03:23:42,481 - ERROR - Error fetching https://www.refurbed.de/p/hp-elitedesk-800-g2-usff-int6th/: 404 Client Error: Not Found for url: https://www.refurbed.de/p/hp-elitedesk-800-g2-usff-int6th/
2026-01-11 03:23:43,483 - INFO - Scraping 3128/6851: https://www.refurbed.de/p/hp-elitedesk-800-g3-dm-intel-6th/
2026-01-11 03:23:43,697 - ERROR - Error fetching https://www.refurbed.de/p/hp-elitedesk-800-g3-dm-intel-6th/: 404 Client Error: Not Found for url: https://www.refurbed.de/p/hp-elitedesk-800-g3-dm-intel-6th/
2026-01-11 03:23:44,700 - INFO - Scraping 3129/6851: https://www.refurbed.de/p/hp-elitedesk-800-g3-sff-intel-6/
2026-01-11 03:23:44,885 - ERROR - Error fetching https://www.refurbed.de/p/hp-elitedesk-800-g3-sff-intel-6/: 404 Client Error: Not Found for url: https://www.refurbed.de/p/hp-elitedesk-800-g3-sff-intel-6/
2026-01-11 03:23:45,887 - INFO - Scraping 3130/6851: https://www.refurbed.de/p/hp-elitedesk-800-g3-twr/
2026-01-11 03:23:46,074 - ERROR - Error fetching https://www.refurbed.de/p/hp-elitedesk-800-g3-twr/: 404 Client Error: Not Found for url: https://www.refurbed.de/p/hp-elitedesk-800-g3-twr/
2026-01-11 03:23:47,076 - INFO - Scraping 3131/6851: https://www.refurbed.de/p/hp-elitedesk-800-g4-mt/
2026-01-11 03:23:48,759 - INFO - Scraping 3132/6851: https://www.refurbed.de/p/hp-elitedesk-800-g4-sff/
2026-01-11 03:23:50,285 - INFO - Scraping 3133/6851: https://www.refurbed.de/p/hp-elitedesk-800-g4-ws-edition/
2026-01-11 03:23:51,624 - INFO - Scraping 3134/6851: https://www.refurbed.de/p/hp-elitedesk-800-g4/
2026-01-11 03:23:53,134 - INFO - Scraping 3135/6851: https://www.refurbed.de/p/hp-elitedesk-800-g5-dm/
2026-01-11 03:23:54,924 - INFO - Scraping 3136/6851: https://www.refurbed.de/p/hp-elitedesk-800-g5-sff/
2026-01-11 03:23:56,604 - INFO - Scraping 3137/6851: https://www.refurbed.de/p/hp-elitedesk-800-g5-twr/
2026-01-11 03:23:58,085 - INFO - Scraping 3138/6851: https://www.refurbed.de/p/hp-elitedesk-800-g6-dm/
2026-01-11 03:23:59,765 - INFO - Scraping 3139/6851: https://www.refurbed.de/p/hp-elitedesk-800-g6-sff/
2026-01-11 03:24:01,131 - INFO - Scraping 3140/6851: https://www.refurbed.de/p/hp-elitedesk-800-g6-twr/
2026-01-11 03:24:02,659 - INFO - Scraping 3141/6851: https://www.refurbed.de/p/hp-elitedesk-800-g8-twr/
2026-01-11 03:24:03,963 - INFO - Scraping 3142/6851: https://www.refurbed.de/p/hp-elitedesk-800-g9-sff/
2026-01-11 03:24:05,508 - INFO - Scraping 3143/6851: https://www.refurbed.de/p/hp-elitedesk-805-g6-mini/
2026-01-11 03:24:06,974 - INFO - Scraping 3144/6851: https://www.refurbed.de/p/hp-elitedesk-805-g6-sff/
2026-01-11 03:24:08,349 - INFO - Scraping 3145/6851: https://www.refurbed.de/p/hp-elitedesk-8300-sff/
2026-01-11 03:24:08,548 - ERROR - Error fetching https://www.refurbed.de/p/hp-elitedesk-8300-sff/: 404 Client Error: Not Found for url: https://www.refurbed.de/p/hp-elitedesk-8300-sff/
2026-01-11 03:24:09,550 - INFO - Scraping 3146/6851: https://www.refurbed.de/p/hp-elitedisplay-e201/
2026-01-11 03:24:11,020 - INFO - Scraping 3147/6851: https://www.refurbed.de/p/hp-elitedisplay-e221-21-5/
2026-01-11 03:24:12,597 - INFO - Scraping 3148/6851: https://www.refurbed.de/p/hp-elitedisplay-e221c-21-5/
2026-01-11 03:24:14,051 - INFO - Scraping 3149/6851: https://www.refurbed.de/p/hp-elitedisplay-e222-21-5/
2026-01-11 03:24:15,574 - INFO - Scraping 3150/6851: https://www.refurbed.de/p/hp-elitedisplay-e223-21/
2026-01-11 03:24:17,084 - INFO - Scraping 3151/6851: https://www.refurbed.de/p/hp-elitedisplay-e231/
2026-01-11 03:24:18,675 - INFO - Scraping 3152/6851: https://www.refurbed.de/p/hp-elitedisplay-e231i-23/
2026-01-11 03:24:20,049 - INFO - Scraping 3153/6851: https://www.refurbed.de/p/hp-elitedisplay-e232/
2026-01-11 03:24:21,480 - INFO - Scraping 3154/6851: https://www.refurbed.de/p/hp-elitedisplay-e233/
2026-01-11 03:24:22,905 - INFO - Scraping 3155/6851: https://www.refurbed.de/p/hp-elitedisplay-e240/
2026-01-11 03:24:24,567 - INFO - Scraping 3156/6851: https://www.refurbed.de/p/hp-elitedisplay-e240c/
2026-01-11 03:24:25,964 - INFO - Scraping 3157/6851: https://www.refurbed.de/p/hp-elitedisplay-e241i/
2026-01-11 03:24:27,421 - INFO - Scraping 3158/6851: https://www.refurbed.de/p/hp-elitedisplay-e242/
2026-01-11 03:24:28,847 - INFO - Scraping 3159/6851: https://www.refurbed.de/p/hp-elitedisplay-e243/
2026-01-11 03:24:30,380 - INFO - Scraping 3160/6851: https://www.refurbed.de/p/hp-elitedisplay-e243d/
2026-01-11 03:24:31,855 - INFO - Scraping 3161/6851: https://www.refurbed.de/p/hp-elitedisplay-e243i/
2026-01-11 03:24:33,462 - INFO - Scraping 3162/6851: https://www.refurbed.de/p/hp-elitedisplay-e243m-23-8/
2026-01-11 03:24:34,916 - INFO - Scraping 3163/6851: https://www.refurbed.de/p/hp-elitedisplay-e24d-g4/
2026-01-11 03:24:36,375 - INFO - Scraping 3164/6851: https://www.refurbed.de/p/hp-elitedisplay-e271i/
2026-01-11 03:24:37,840 - INFO - Scraping 3165/6851: https://www.refurbed.de/p/hp-elitedisplay-e272q/
2026-01-11 03:24:39,239 - INFO - Scraping 3166/6851: https://www.refurbed.de/p/hp-elitedisplay-e273-27/
2026-01-11 03:24:40,756 - INFO - Scraping 3167/6851: https://www.refurbed.de/p/hp-elitedisplay-e273d-27/
2026-01-11 03:24:42,117 - INFO - Scraping 3168/6851: https://www.refurbed.de/p/hp-elitedisplay-e273q-27/
2026-01-11 03:24:43,470 - INFO - Scraping 3169/6851: https://www.refurbed.de/p/hp-elitedisplay-s140u-14/
2026-01-11 03:24:44,904 - INFO - Scraping 3170/6851: https://www.refurbed.de/p/hp-elitedisplay-s340c/
2026-01-11 03:24:46,327 - INFO - Scraping 3171/6851: https://www.refurbed.de/p/hp-elitedisplaye-e242/
2026-01-11 03:24:47,673 - INFO - Scraping 3172/6851: https://www.refurbed.de/p/hp-eliteone-800-g2/
2026-01-11 03:24:47,851 - ERROR - Error fetching https://www.refurbed.de/p/hp-eliteone-800-g2/: 404 Client Error: Not Found for url: https://www.refurbed.de/p/hp-eliteone-800-g2/
2026-01-11 03:24:48,853 - INFO - Scraping 3173/6851: https://www.refurbed.de/p/hp-eliteone-800-g3/
2026-01-11 03:24:49,118 - ERROR - Error fetching https://www.refurbed.de/p/hp-eliteone-800-g3/: 404 Client Error: Not Found for url: https://www.refurbed.de/p/hp-eliteone-800-g3/
2026-01-11 03:24:50,120 - INFO - Scraping 3174/6851: https://www.refurbed.de/p/hp-eliteone-800-g4/
2026-01-11 03:24:51,445 - INFO - Scraping 3175/6851: https://www.refurbed.de/p/hp-eliteone-800-g5/
2026-01-11 03:24:53,137 - INFO - Scraping 3176/6851: https://www.refurbed.de/p/hp-eliteone-800-g6/
2026-01-11 03:24:54,737 - INFO - Scraping 3177/6851: https://www.refurbed.de/p/hp-eliteone-840-g9/
2026-01-11 03:24:56,168 - INFO - Scraping 3178/6851: https://www.refurbed.de/p/hp-eliteone-870-g9-27/
2026-01-11 03:24:57,512 - INFO - Scraping 3179/6851: https://www.refurbed.de/p/hp-elitepad-900-g1-tablet/
2026-01-11 03:24:57,716 - ERROR - Error fetching https://www.refurbed.de/p/hp-elitepad-900-g1-tablet/: 404 Client Error: Not Found for url: https://www.refurbed.de/p/hp-elitepad-900-g1-tablet/
2026-01-11 03:24:58,719 - INFO - Scraping 3180/6851: https://www.refurbed.de/p/hp-elitepad-dock-station-c0m84aa/
2026-01-11 03:25:00,141 - INFO - Scraping 3181/6851: https://www.refurbed.de/p/hp-elitepad-productivity-jacket/
2026-01-11 03:25:01,572 - INFO - Scraping 3182/6851: https://www.refurbed.de/p/hp-engage-flex-pro-c/
2026-01-11 03:25:02,927 - INFO - Scraping 3183/6851: https://www.refurbed.de/p/hp-env-x360-2in1-fh0000nb-7730u/
2026-01-11 03:25:03,508 - ERROR - Error fetching https://www.refurbed.de/p/hp-env-x360-2in1-fh0000nb-7730u/: 404 Client Error: Not Found for url: https://www.refurbed.de/p/hp-env-x360-2in1-fh0000nb-7730u/
2026-01-11 03:25:04,511 - INFO - Scraping 3184/6851: https://www.refurbed.de/p/hp-env-x360-2in1-fh0007nf-7530u/
2026-01-11 03:25:05,980 - INFO - Scraping 3185/6851: https://www.refurbed.de/p/hp-env-x360-2in1-fh0155ng-7530u/
2026-01-11 03:25:07,325 - INFO - Scraping 3186/6851: https://www.refurbed.de/p/hp-envy-13-ab038nf-i7-7500u/
2026-01-11 03:25:07,481 - ERROR - Error fetching https://www.refurbed.de/p/hp-envy-13-ab038nf-i7-7500u/: 404 Client Error: Not Found for url: https://www.refurbed.de/p/hp-envy-13-ab038nf-i7-7500u/
2026-01-11 03:25:08,483 - INFO - Scraping 3187/6851: https://www.refurbed.de/p/hp-envy-13-ah0004ns-i7-8550u/
2026-01-11 03:25:09,931 - INFO - Scraping 3188/6851: https://www.refurbed.de/p/hp-envy-13-aq1003nf-10510u-13-3/
2026-01-11 03:25:11,327 - INFO - Scraping 3189/6851: https://www.refurbed.de/p/hp-envy-13-aq1015n-10510u-13-3/
2026-01-11 03:25:12,716 - INFO - Scraping 3190/6851: https://www.refurbed.de/p/hp-envy-13-ba-1165g7/
2026-01-11 03:25:14,207 - INFO - Scraping 3191/6851: https://www.refurbed.de/p/hp-envy-13-ba-i5-10210u/
2026-01-11 03:25:14,365 - ERROR - Error fetching https://www.refurbed.de/p/hp-envy-13-ba-i5-10210u/: 404 Client Error: Not Found for url: https://www.refurbed.de/p/hp-envy-13-ba-i5-10210u/
2026-01-11 03:25:15,367 - INFO - Scraping 3192/6851: https://www.refurbed.de/p/hp-envy-13-ba-i5-1135g7/
2026-01-11 03:25:16,699 - INFO - Scraping 3193/6851: https://www.refurbed.de/p/hp-envy-13-d022nf-i5-6200u/
2026-01-11 03:25:16,903 - ERROR - Error fetching https://www.refurbed.de/p/hp-envy-13-d022nf-i5-6200u/: 404 Client Error: Not Found for url: https://www.refurbed.de/p/hp-envy-13-d022nf-i5-6200u/
2026-01-11 03:25:17,905 - INFO - Scraping 3194/6851: https://www.refurbed.de/p/hp-envy-13aq0011nf-i7-8565u/
2026-01-11 03:25:19,303 - INFO - Scraping 3195/6851: https://www.refurbed.de/p/hp-envy-14-eb-1165g7/
2026-01-11 03:25:20,671 - INFO - Scraping 3196/6851: https://www.refurbed.de/p/hp-envy-14-eb-i7-11390h/
2026-01-11 03:25:21,997 - INFO - Scraping 3197/6851: https://www.refurbed.de/p/hp-envy-14-eb0100nd-i5-1135g7/
2026-01-11 03:25:22,180 - ERROR - Error fetching https://www.refurbed.de/p/hp-envy-14-eb0100nd-i5-1135g7/: 404 Client Error: Not Found for url: https://www.refurbed.de/p/hp-envy-14-eb0100nd-i5-1135g7/
2026-01-11 03:25:23,182 - INFO - Scraping 3198/6851: https://www.refurbed.de/p/hp-envy-15-ep1077ng-11800h/
2026-01-11 03:25:24,578 - INFO - Scraping 3199/6851: https://www.refurbed.de/p/hp-envy-15-ep1790ng-11900h/
2026-01-11 03:25:25,974 - INFO - Scraping 3200/6851: https://www.refurbed.de/p/hp-envy-15-i7-4702mq/
2026-01-11 03:25:26,189 - ERROR - Error fetching https://www.refurbed.de/p/hp-envy-15-i7-4702mq/: 404 Client Error: Not Found for url: https://www.refurbed.de/p/hp-envy-15-i7-4702mq/
2026-01-11 03:25:27,191 - INFO - Scraping 3201/6851: https://www.refurbed.de/p/hp-envy-16-h-12700h-16/
2026-01-11 03:25:28,805 - INFO - Scraping 3202/6851: https://www.refurbed.de/p/hp-envy-16-h0097ng-12700h-16/
2026-01-11 03:25:30,162 - INFO - Scraping 3203/6851: https://www.refurbed.de/p/hp-envy-16-h1000nf-13900h-16/
2026-01-11 03:25:31,603 - INFO - Scraping 3204/6851: https://www.refurbed.de/p/hp-envy-17-cg-i7-1165g7-17-3/
2026-01-11 03:25:32,977 - INFO - Scraping 3205/6851: https://www.refurbed.de/p/hp-envy-17-ch-1165g7-17-3/
2026-01-11 03:25:34,299 - INFO - Scraping 3206/6851: https://www.refurbed.de/p/hp-envy-17-cr-1255u-17-3/
2026-01-11 03:25:35,930 - INFO - Scraping 3207/6851: https://www.refurbed.de/p/hp-envy-17-cr-i7-1260p/
2026-01-11 03:25:37,265 - INFO - Scraping 3208/6851: https://www.refurbed.de/p/hp-envy-17-cw-i5-13500h/
2026-01-11 03:25:38,596 - INFO - Scraping 3209/6851: https://www.refurbed.de/p/hp-envy-17-cw-i7-13700h/
2026-01-11 03:25:40,039 - INFO - Scraping 3210/6851: https://www.refurbed.de/p/hp-envy-17-cw0003-i7-1355u/
2026-01-11 03:25:41,459 - INFO - Scraping 3211/6851: https://www.refurbed.de/p/hp-envy-17-da-core-ultra-5-125h/
2026-01-11 03:25:42,827 - INFO - Scraping 3212/6851: https://www.refurbed.de/p/hp-envy-17-da-core-ultra-7-155h/
2026-01-11 03:25:44,239 - INFO - Scraping 3213/6851: https://www.refurbed.de/p/hp-envy-17-da-core-ultra-7-155u/
2026-01-11 03:25:45,582 - INFO - Scraping 3214/6851: https://www.refurbed.de/p/hp-envy-17m-ce-i7-10510u/
2026-01-11 03:25:47,130 - INFO - Scraping 3215/6851: https://www.refurbed.de/p/hp-envy-17m-cg-i7-1165g7/
2026-01-11 03:25:48,486 - INFO - Scraping 3216/6851: https://www.refurbed.de/p/hp-envy-27-cp0001nc-all-in-one/
2026-01-11 03:25:49,996 - INFO - Scraping 3217/6851: https://www.refurbed.de/p/hp-envy-27-cp0001ns-all-in-one/
2026-01-11 03:25:51,393 - INFO - Scraping 3218/6851: https://www.refurbed.de/p/hp-envy-34-c0520nd-all-in-one/
2026-01-11 03:25:52,781 - INFO - Scraping 3219/6851: https://www.refurbed.de/p/hp-envy-34-c1000nc-34/
2026-01-11 03:25:54,287 - INFO - Scraping 3220/6851: https://www.refurbed.de/p/hp-envy-phoenix-860-004nf/
2026-01-11 03:25:54,452 - ERROR - Error fetching https://www.refurbed.de/p/hp-envy-phoenix-860-004nf/: 404 Client Error: Not Found for url: https://www.refurbed.de/p/hp-envy-phoenix-860-004nf/
2026-01-11 03:25:55,455 - INFO - Scraping 3221/6851: https://www.refurbed.de/p/hp-envy-pro-6420e-all-in-one/
2026-01-11 03:25:56,800 - INFO - Scraping 3222/6851: https://www.refurbed.de/p/hp-envy-te01-2701ng/
2026-01-11 03:25:58,216 - INFO - Scraping 3223/6851: https://www.refurbed.de/p/hp-envy-te02-0001na/
2026-01-11 03:25:59,659 - INFO - Scraping 3224/6851: https://www.refurbed.de/p/hp-envy-te02-0002na/
2026-01-11 03:26:01,182 - INFO - Scraping 3225/6851: https://www.refurbed.de/p/hp-envy-te02-0013ns/
2026-01-11 03:26:02,644 - INFO - Scraping 3226/6851: https://www.refurbed.de/p/hp-envy-te02-0670nd/
2026-01-11 03:26:04,026 - INFO - Scraping 3227/6851: https://www.refurbed.de/p/hp-envy-x360-13-ag0005ng-5500u/
2026-01-11 03:26:04,209 - ERROR - Error fetching https://www.refurbed.de/p/hp-envy-x360-13-ag0005ng-5500u/: 404 Client Error: Not Found for url: https://www.refurbed.de/p/hp-envy-x360-13-ag0005ng-5500u/
2026-01-11 03:26:05,211 - INFO - Scraping 3228/6851: https://www.refurbed.de/p/hp-envy-x360-13-ag0500nd/
2026-01-11 03:26:05,400 - ERROR - Error fetching https://www.refurbed.de/p/hp-envy-x360-13-ag0500nd/: 404 Client Error: Not Found for url: https://www.refurbed.de/p/hp-envy-x360-13-ag0500nd/
2026-01-11 03:26:06,403 - INFO - Scraping 3229/6851: https://www.refurbed.de/p/hp-envy-x360-13-ay0001ns-4500u/
2026-01-11 03:26:07,775 - INFO - Scraping 3230/6851: https://www.refurbed.de/p/hp-envy-x360-13-ay0257ng-5-4500u/
2026-01-11 03:26:09,236 - INFO - Scraping 3231/6851: https://www.refurbed.de/p/hp-envy-x360-13-ay1776ng-5800u/
2026-01-11 03:26:10,826 - INFO - Scraping 3232/6851: https://www.refurbed.de/p/hp-envy-x360-13-ay1902ng-5600u/
2026-01-11 03:26:12,280 - INFO - Scraping 3233/6851: https://www.refurbed.de/p/hp-envy-x360-13-bd-1135g7/
2026-01-11 03:26:13,606 - INFO - Scraping 3234/6851: https://www.refurbed.de/p/hp-envy-x360-13-bf0778ng-1250u/
2026-01-11 03:26:15,144 - INFO - Scraping 3235/6851: https://www.refurbed.de/p/hp-envy-x360-14-fa-r7-8840hs/
2026-01-11 03:26:16,513 - INFO - Scraping 3236/6851: https://www.refurbed.de/p/hp-envy-x360-14-fc-u5-125u/
2026-01-11 03:26:17,851 - INFO - Scraping 3237/6851: https://www.refurbed.de/p/hp-envy-x360-14-fc-u7-155u/
2026-01-11 03:26:19,394 - INFO - Scraping 3238/6851: https://www.refurbed.de/p/hp-envy-x360-15-dr1-i5-10210u/
2026-01-11 03:26:20,738 - INFO - Scraping 3239/6851: https://www.refurbed.de/p/hp-envy-x360-15-dr1006ng-10510u/
2026-01-11 03:26:22,073 - INFO - Scraping 3240/6851: https://www.refurbed.de/p/hp-envy-x360-15-ed0278ng-1065g7/
2026-01-11 03:26:23,481 - INFO - Scraping 3241/6851: https://www.refurbed.de/p/hp-envy-x360-15-ed0900ng-10510u/
2026-01-11 03:26:24,788 - INFO - Scraping 3242/6851: https://www.refurbed.de/p/hp-envy-x360-15-ee0265ng-4700u/
2026-01-11 03:26:26,347 - INFO - Scraping 3243/6851: https://www.refurbed.de/p/hp-envy-x360-15-es0757ng-1135g7/
2026-01-11 03:26:27,694 - INFO - Scraping 3244/6851: https://www.refurbed.de/p/hp-envy-x360-15-es0775ng-1165g7/
2026-01-11 03:26:29,135 - INFO - Scraping 3245/6851: https://www.refurbed.de/p/hp-envy-x360-15-es1902ng-1195g7/
2026-01-11 03:26:30,453 - INFO - Scraping 3246/6851: https://www.refurbed.de/p/hp-envy-x360-15-eu0002-5500u/
2026-01-11 03:26:31,911 - INFO - Scraping 3247/6851: https://www.refurbed.de/p/hp-envy-x360-15-eu0755ng-5500u/
2026-01-11 03:26:33,322 - INFO - Scraping 3248/6851: https://www.refurbed.de/p/hp-envy-x360-15-eu0880ng-5500u/
2026-01-11 03:26:34,732 - INFO - Scraping 3249/6851: https://www.refurbed.de/p/hp-envy-x360-15-eu0997-5700u/
2026-01-11 03:26:36,130 - INFO - Scraping 3250/6851: https://www.refurbed.de/p/hp-envy-x360-15-ew0504na-1240p/
2026-01-11 03:26:37,473 - INFO - Scraping 3251/6851: https://www.refurbed.de/p/hp-envy-x360-15-ew0753ng-1240p/
2026-01-11 03:26:38,891 - INFO - Scraping 3252/6851: https://www.refurbed.de/p/hp-envy-x360-15-ew0753ng-1260p/
2026-01-11 03:26:40,330 - INFO - Scraping 3253/6851: https://www.refurbed.de/p/hp-envy-x360-15-ey0155ng-5625u/
2026-01-11 03:26:41,663 - INFO - Scraping 3254/6851: https://www.refurbed.de/p/hp-envy-x360-15-ey0647nz-5825u/
2026-01-11 03:26:43,028 - INFO - Scraping 3255/6851: https://www.refurbed.de/p/hp-envy-x360-15-ey0753ng-5625u/
2026-01-11 03:26:44,444 - INFO - Scraping 3256/6851: https://www.refurbed.de/p/hp-envy-x360-15-ey0777ng-5825u/
2026-01-11 03:26:45,807 - INFO - Scraping 3257/6851: https://www.refurbed.de/p/hp-envy-x360-15-fe-i7-1355u/
2026-01-11 03:26:47,259 - INFO - Scraping 3258/6851: https://www.refurbed.de/p/hp-envy-x360-15-i5-1335u/
2026-01-11 03:26:48,645 - INFO - Scraping 3259/6851: https://www.refurbed.de/p/hp-envy-x360-15-i5-7730u/
2026-01-11 03:26:49,969 - INFO - Scraping 3260/6851: https://www.refurbed.de/p/hp-envy-x360-15ee1083cl-5700u/
2026-01-11 03:26:51,303 - INFO - Scraping 3261/6851: https://www.refurbed.de/p/hp-envy-x360-15m-cn0011dx/
2026-01-11 03:26:51,462 - ERROR - Error fetching https://www.refurbed.de/p/hp-envy-x360-15m-cn0011dx/: 404 Client Error: Not Found for url: https://www.refurbed.de/p/hp-envy-x360-15m-cn0011dx/
2026-01-11 03:26:52,464 - INFO - Scraping 3262/6851: https://www.refurbed.de/p/hp-envy-x360-16-ac-u5-125u/
2026-01-11 03:26:53,816 - INFO - Scraping 3263/6851: https://www.refurbed.de/p/hp-envy-x360-16-ac-u7-155u/
2026-01-11 03:26:55,228 - INFO - Scraping 3264/6851: https://www.refurbed.de/p/hp-envy-x360-16-ad-r-5-8640hs/
2026-01-11 03:26:56,621 - INFO - Scraping 3265/6851: https://www.refurbed.de/p/hp-envy-x360-16-ad-r-7-8840hs/
2026-01-11 03:26:58,017 - INFO - Scraping 3266/6851: https://www.refurbed.de/p/hp-envy-x360-2-in-1-13-bf00017ne/
2026-01-11 03:26:59,377 - INFO - Scraping 3267/6851: https://www.refurbed.de/p/hp-envy-x360-2-in-1-13-bf0756ng/
2026-01-11 03:27:00,715 - INFO - Scraping 3268/6851: https://www.refurbed.de/p/hp-envy-x360-2-in-1-14-fc-7-155u/
2026-01-11 03:27:02,145 - INFO - Scraping 3269/6851: https://www.refurbed.de/p/hp-envy-x360-2-in-1-15-fh-7730u/
2026-01-11 03:27:03,572 - INFO - Scraping 3270/6851: https://www.refurbed.de/p/hp-envy-x360-2-in-1-15-fh0755ng/
2026-01-11 03:27:05,062 - INFO - Scraping 3271/6851: https://www.refurbed.de/p/hp-envy-x360-2-in-1-15-fh0775ng/
2026-01-11 03:27:06,777 - INFO - Scraping 3272/6851: https://www.refurbed.de/p/hp-envy-x360-2-in-1-16-ac-7-155u/
2026-01-11 03:27:08,127 - INFO - Scraping 3273/6851: https://www.refurbed.de/p/hp-healthcare-edt-hc271p-27/
2026-01-11 03:27:09,595 - INFO - Scraping 3274/6851: https://www.refurbed.de/p/hp-hstnn-da16/
2026-01-11 03:27:11,027 - INFO - Scraping 3275/6851: https://www.refurbed.de/p/hp-hstnn-i10x/
2026-01-11 03:27:12,445 - INFO - Scraping 3276/6851: https://www.refurbed.de/p/hp-hstnn-i11x/
2026-01-11 03:27:13,845 - INFO - Scraping 3277/6851: https://www.refurbed.de/p/hp-hstnn-i16x/
2026-01-11 03:27:15,326 - INFO - Scraping 3278/6851: https://www.refurbed.de/p/hp-hstnn-ix10/
2026-01-11 03:27:16,773 - INFO - Scraping 3279/6851: https://www.refurbed.de/p/hp-hyperx-alloy-core-rgb/
2026-01-11 03:27:18,108 - INFO - Scraping 3280/6851: https://www.refurbed.de/p/hp-hyperx-alloy-origins/
2026-01-11 03:27:19,449 - INFO - Scraping 3281/6851: https://www.refurbed.de/p/hp-hyperx-pulsefire-core/
2026-01-11 03:27:20,811 - INFO - Scraping 3282/6851: https://www.refurbed.de/p/hp-hyperx-pulsefire-raid/
2026-01-11 03:27:22,201 - INFO - Scraping 3283/6851: https://www.refurbed.de/p/hp-hyperx-quadcast/
2026-01-11 03:27:23,860 - INFO - Scraping 3284/6851: https://www.refurbed.de/p/hp-ku-0316/
2026-01-11 03:27:25,319 - INFO - Scraping 3285/6851: https://www.refurbed.de/p/hp-l1908w-19/
2026-01-11 03:27:26,666 - INFO - Scraping 3286/6851: https://www.refurbed.de/p/hp-l2245w-22/
2026-01-11 03:27:28,114 - INFO - Scraping 3287/6851: https://www.refurbed.de/p/hp-l2245wg/
2026-01-11 03:27:29,732 - INFO - Scraping 3288/6851: https://www.refurbed.de/p/hp-l2275w-22/
2026-01-11 03:27:31,073 - INFO - Scraping 3289/6851: https://www.refurbed.de/p/hp-l2445w-24/
2026-01-11 03:27:32,440 - INFO - Scraping 3290/6851: https://www.refurbed.de/p/hp-l41423-003/
2026-01-11 03:27:33,971 - INFO - Scraping 3291/6851: https://www.refurbed.de/p/hp-la1905wg-19/
2026-01-11 03:27:35,505 - INFO - Scraping 3292/6851: https://www.refurbed.de/p/hp-la1956x-19/
2026-01-11 03:27:36,835 - INFO - Scraping 3293/6851: https://www.refurbed.de/p/hp-la2206x-21/
2026-01-11 03:27:38,473 - INFO - Scraping 3294/6851: https://www.refurbed.de/p/hp-la2306x/
2026-01-11 03:27:40,070 - INFO - Scraping 3295/6851: https://www.refurbed.de/p/hp-laser-107w/
2026-01-11 03:27:41,518 - INFO - Scraping 3296/6851: https://www.refurbed.de/p/hp-laserjet-4200dtn/
2026-01-11 03:27:43,048 - INFO - Scraping 3297/6851: https://www.refurbed.de/p/hp-laserjet-4250dtn/
2026-01-11 03:27:44,510 - INFO - Scraping 3298/6851: https://www.refurbed.de/p/hp-laserjet-color-pro-400-m452nw/
2026-01-11 03:27:45,852 - INFO - Scraping 3299/6851: https://www.refurbed.de/p/hp-laserjet-enterprise-600-m602n/
2026-01-11 03:27:47,225 - INFO - Scraping 3300/6851: https://www.refurbed.de/p/hp-laserjet-enterprise-m430f-mfp/
2026-01-11 03:27:48,655 - INFO - Scraping 3301/6851: https://www.refurbed.de/p/hp-laserjet-enterprise-m506dn/
2026-01-11 03:27:49,998 - INFO - Scraping 3302/6851: https://www.refurbed.de/p/hp-laserjet-enterprise-m506xm/
2026-01-11 03:27:51,320 - INFO - Scraping 3303/6851: https://www.refurbed.de/p/hp-laserjet-enterprise-m507dn/
2026-01-11 03:27:52,868 - INFO - Scraping 3304/6851: https://www.refurbed.de/p/hp-laserjet-enterprise-m605dn/
2026-01-11 03:27:54,482 - INFO - Scraping 3305/6851: https://www.refurbed.de/p/hp-laserjet-enterprise-m605dnm/
2026-01-11 03:27:55,818 - INFO - Scraping 3306/6851: https://www.refurbed.de/p/hp-laserjet-enterprise-m608dn/
2026-01-11 03:27:57,166 - INFO - Scraping 3307/6851: https://www.refurbed.de/p/hp-laserjet-enterprise-m630dn/
2026-01-11 03:27:58,629 - INFO - Scraping 3308/6851: https://www.refurbed.de/p/hp-laserjet-ep-500-color-m551dn/
2026-01-11 03:28:00,000 - INFO - Scraping 3309/6851: https://www.refurbed.de/p/hp-laserjet-m209dw/
2026-01-11 03:28:01,328 - INFO - Scraping 3310/6851: https://www.refurbed.de/p/hp-laserjet-m3027-mfp-multifunkt/
2026-01-11 03:28:02,667 - INFO - Scraping 3311/6851: https://www.refurbed.de/p/hp-laserjet-m506xm/
2026-01-11 03:28:04,179 - INFO - Scraping 3312/6851: https://www.refurbed.de/p/hp-laserjet-managed-e50145dn/
2026-01-11 03:28:05,479 - INFO - Scraping 3313/6851: https://www.refurbed.de/p/hp-laserjet-managed-e60055dn/
2026-01-11 03:28:06,990 - INFO - Scraping 3314/6851: https://www.refurbed.de/p/hp-laserjet-managed-e60155dn/
2026-01-11 03:28:08,443 - INFO - Scraping 3315/6851: https://www.refurbed.de/p/hp-laserjet-managed-mfp-e72530z/
2026-01-11 03:28:09,919 - INFO - Scraping 3316/6851: https://www.refurbed.de/p/hp-laserjet-mfp-432fdn/
2026-01-11 03:28:11,290 - INFO - Scraping 3317/6851: https://www.refurbed.de/p/hp-laserjet-mfp-m234sdw/
2026-01-11 03:28:12,612 - INFO - Scraping 3318/6851: https://www.refurbed.de/p/hp-laserjet-p1505-laserdrucker/
2026-01-11 03:28:14,050 - INFO - Scraping 3319/6851: https://www.refurbed.de/p/hp-laserjet-p2015dn/
2026-01-11 03:28:15,437 - INFO - Scraping 3320/6851: https://www.refurbed.de/p/hp-laserjet-p2035/
2026-01-11 03:28:16,804 - INFO - Scraping 3321/6851: https://www.refurbed.de/p/hp-laserjet-p2055d/
2026-01-11 03:28:18,157 - INFO - Scraping 3322/6851: https://www.refurbed.de/p/hp-laserjet-p2055dn/
2026-01-11 03:28:19,574 - INFO - Scraping 3323/6851: https://www.refurbed.de/p/hp-laserjet-p3015/
2026-01-11 03:28:21,027 - INFO - Scraping 3324/6851: https://www.refurbed.de/p/hp-laserjet-p3015dn/
2026-01-11 03:28:22,359 - INFO - Scraping 3325/6851: https://www.refurbed.de/p/hp-laserjet-p4015x/
2026-01-11 03:28:23,761 - INFO - Scraping 3326/6851: https://www.refurbed.de/p/hp-laserjet-pro-100-mfp-m130fn/
2026-01-11 03:28:25,162 - INFO - Scraping 3327/6851: https://www.refurbed.de/p/hp-laserjet-pro-100-mfp-m130fw/
2026-01-11 03:28:26,486 - INFO - Scraping 3328/6851: https://www.refurbed.de/p/hp-laserjet-pro-200-m201n/
2026-01-11 03:28:28,110 - INFO - Scraping 3329/6851: https://www.refurbed.de/p/hp-laserjet-pro-200-m251n/
2026-01-11 03:28:29,446 - INFO - Scraping 3330/6851: https://www.refurbed.de/p/hp-laserjet-pro-200-m251nw-farbl/
2026-01-11 03:28:30,814 - INFO - Scraping 3331/6851: https://www.refurbed.de/p/hp-laserjet-pro-400-color-m451dn/
2026-01-11 03:28:32,130 - INFO - Scraping 3332/6851: https://www.refurbed.de/p/hp-laserjet-pro-400-color-mfp-m4/
2026-01-11 03:28:33,449 - INFO - Scraping 3333/6851: https://www.refurbed.de/p/hp-laserjet-pro-400-m401d/
2026-01-11 03:28:34,852 - INFO - Scraping 3334/6851: https://www.refurbed.de/p/hp-laserjet-pro-400-m401dn/
2026-01-11 03:28:36,225 - INFO - Scraping 3335/6851: https://www.refurbed.de/p/hp-laserjet-pro-400-m401dne/
2026-01-11 03:28:37,526 - INFO - Scraping 3336/6851: https://www.refurbed.de/p/hp-laserjet-pro-400-m402dn/
2026-01-11 03:28:38,928 - INFO - Scraping 3337/6851: https://www.refurbed.de/p/hp-laserjet-pro-400-mfp-m425dn/
2026-01-11 03:28:40,258 - INFO - Scraping 3338/6851: https://www.refurbed.de/p/hp-laserjet-pro-400-mfp-m426m/
2026-01-11 03:28:41,848 - INFO - Scraping 3339/6851: https://www.refurbed.de/p/hp-laserjet-pro-400-mfp-m428fdn/
2026-01-11 03:28:43,237 - INFO - Scraping 3340/6851: https://www.refurbed.de/p/hp-laserjet-pro-501dn/
2026-01-11 03:28:44,563 - INFO - Scraping 3341/6851: https://www.refurbed.de/p/hp-laserjet-pro-m110w/
2026-01-11 03:28:45,901 - INFO - Scraping 3342/6851: https://www.refurbed.de/p/hp-laserjet-pro-m110we/
2026-01-11 03:28:47,249 - INFO - Scraping 3343/6851: https://www.refurbed.de/p/hp-laserjet-pro-m203dw/
2026-01-11 03:28:48,731 - INFO - Scraping 3344/6851: https://www.refurbed.de/p/hp-laserjet-pro-m402m/
2026-01-11 03:28:50,230 - INFO - Scraping 3345/6851: https://www.refurbed.de/p/hp-laserjet-pro-m404dn/
2026-01-11 03:28:51,664 - INFO - Scraping 3346/6851: https://www.refurbed.de/p/hp-laserjet-pro-m404dw/
2026-01-11 03:28:52,985 - INFO - Scraping 3347/6851: https://www.refurbed.de/p/hp-laserjet-pro-mfp-m127fw/
2026-01-11 03:28:54,290 - INFO - Scraping 3348/6851: https://www.refurbed.de/p/hp-laserjet-pro-mfp-m140w/
2026-01-11 03:28:55,679 - INFO - Scraping 3349/6851: https://www.refurbed.de/p/hp-laserjet-pro-mfp-m148dw/
2026-01-11 03:28:57,094 - INFO - Scraping 3350/6851: https://www.refurbed.de/p/hp-laserjet-pro-mfp-m227fdw/
2026-01-11 03:28:58,419 - INFO - Scraping 3351/6851: https://www.refurbed.de/p/hp-laserjet-pro-mfp-m28a/
2026-01-11 03:28:59,747 - INFO - Scraping 3352/6851: https://www.refurbed.de/p/hp-laserjet-pro-mfp-m426fdn/
2026-01-11 03:29:01,118 - INFO - Scraping 3353/6851: https://www.refurbed.de/p/hp-laserjet-pro-mfp-m426fdw/
2026-01-11 03:29:02,486 - INFO - Scraping 3354/6851: https://www.refurbed.de/p/hp-le1711-17/
2026-01-11 03:29:03,948 - INFO - Scraping 3355/6851: https://www.refurbed.de/p/hp-le1901w-19/
2026-01-11 03:29:05,291 - INFO - Scraping 3356/6851: https://www.refurbed.de/p/hp-le2002x-20/
2026-01-11 03:29:06,625 - INFO - Scraping 3357/6851: https://www.refurbed.de/p/hp-le2201w-22/
2026-01-11 03:29:08,265 - INFO - Scraping 3358/6851: https://www.refurbed.de/p/hp-le2202x-21-5/
2026-01-11 03:29:09,690 - INFO - Scraping 3359/6851: https://www.refurbed.de/p/hp-lifestyle-tpc-p001k/
2026-01-11 03:29:11,253 - INFO - Scraping 3360/6851: https://www.refurbed.de/p/hp-lj-enterprise-600-m601dn/
2026-01-11 03:29:12,651 - INFO - Scraping 3361/6851: https://www.refurbed.de/p/hp-lj-enterprise-flow-mfp-m830z/
2026-01-11 03:29:14,095 - INFO - Scraping 3362/6851: https://www.refurbed.de/p/hp-lj-enterprise-mfp-m528dn/
2026-01-11 03:29:15,479 - INFO - Scraping 3363/6851: https://www.refurbed.de/p/hp-lj-pro-400-color-mfp-m475dw/
2026-01-11 03:29:16,902 - INFO - Scraping 3364/6851: https://www.refurbed.de/p/hp-lp2065-20-1/
2026-01-11 03:29:18,399 - INFO - Scraping 3365/6851: https://www.refurbed.de/p/hp-lp2275w/
2026-01-11 03:29:19,771 - INFO - Scraping 3366/6851: https://www.refurbed.de/p/hp-lp2465-24/
2026-01-11 03:29:21,242 - INFO - Scraping 3367/6851: https://www.refurbed.de/p/hp-lp2475w-24/
2026-01-11 03:29:22,601 - INFO - Scraping 3368/6851: https://www.refurbed.de/p/hp-lp3065-30/
2026-01-11 03:29:23,917 - INFO - Scraping 3369/6851: https://www.refurbed.de/p/hp-m22f-21-5/
2026-01-11 03:29:25,397 - INFO - Scraping 3370/6851: https://www.refurbed.de/p/hp-m24fd-23-8/
2026-01-11 03:29:26,717 - INFO - Scraping 3371/6851: https://www.refurbed.de/p/hp-m24fw-23-8/
2026-01-11 03:29:28,322 - INFO - Scraping 3372/6851: https://www.refurbed.de/p/hp-m24fwa-23-8/
2026-01-11 03:29:29,639 - INFO - Scraping 3373/6851: https://www.refurbed.de/p/hp-m27m-27/
2026-01-11 03:29:30,994 - INFO - Scraping 3374/6851: https://www.refurbed.de/p/hp-m34d/
2026-01-11 03:29:32,368 - INFO - Scraping 3375/6851: https://www.refurbed.de/p/hp-mt21-mobile-thin-client-3867u/
2026-01-11 03:29:33,823 - INFO - Scraping 3376/6851: https://www.refurbed.de/p/hp-mt42-pro-a8-8600b-14/
2026-01-11 03:29:34,294 - ERROR - Error fetching https://www.refurbed.de/p/hp-mt42-pro-a8-8600b-14/: 404 Client Error: Not Found for url: https://www.refurbed.de/p/hp-mt42-pro-a8-8600b-14/
2026-01-11 03:29:35,297 - INFO - Scraping 3377/6851: https://www.refurbed.de/p/hp-mt43-pro-a8-9600b-14/
2026-01-11 03:29:35,499 - ERROR - Error fetching https://www.refurbed.de/p/hp-mt43-pro-a8-9600b-14/: 404 Client Error: Not Found for url: https://www.refurbed.de/p/hp-mt43-pro-a8-9600b-14/
2026-01-11 03:29:36,501 - INFO - Scraping 3378/6851: https://www.refurbed.de/p/hp-mt45-mobile-ryzen-3-pro-3300u/
2026-01-11 03:29:37,877 - INFO - Scraping 3379/6851: https://www.refurbed.de/p/hp-officejet-200-mobile/
2026-01-11 03:29:39,205 - INFO - Scraping 3380/6851: https://www.refurbed.de/p/hp-officejet-6950-all-in-one/
2026-01-11 03:29:40,525 - INFO - Scraping 3381/6851: https://www.refurbed.de/p/hp-officejet-pro-6500a/
2026-01-11 03:29:41,852 - INFO - Scraping 3382/6851: https://www.refurbed.de/p/hp-officejet-pro-6960/
2026-01-11 03:29:43,279 - INFO - Scraping 3383/6851: https://www.refurbed.de/p/hp-officejet-pro-6970/
2026-01-11 03:29:44,706 - INFO - Scraping 3384/6851: https://www.refurbed.de/p/hp-officejet-pro-7720/
2026-01-11 03:29:46,083 - INFO - Scraping 3385/6851: https://www.refurbed.de/p/hp-officejet-pro-8024/
2026-01-11 03:29:47,429 - INFO - Scraping 3386/6851: https://www.refurbed.de/p/hp-officejet-pro-8710/
2026-01-11 03:29:49,290 - INFO - Scraping 3387/6851: https://www.refurbed.de/p/hp-officejet-pro-9010e/
2026-01-11 03:29:50,711 - INFO - Scraping 3388/6851: https://www.refurbed.de/p/hp-officejet-pro-x451dw/
2026-01-11 03:29:52,067 - INFO - Scraping 3389/6851: https://www.refurbed.de/p/hp-oj-6700-premium-e-all-in-one/
2026-01-11 03:29:53,406 - INFO - Scraping 3390/6851: https://www.refurbed.de/p/hp-oj-pro-8730-e-all-in-one/
2026-01-11 03:29:54,728 - INFO - Scraping 3391/6851: https://www.refurbed.de/p/hp-om-transc-14-fb0131nf-9-185h/
2026-01-11 03:29:56,158 - INFO - Scraping 3392/6851: https://www.refurbed.de/p/hp-omen-14-fb0004ns-ultra-7-155h/
2026-01-11 03:29:57,617 - INFO - Scraping 3393/6851: https://www.refurbed.de/p/hp-omen-14-fb0174ng-ultra-7-155h/
2026-01-11 03:29:58,976 - INFO - Scraping 3394/6851: https://www.refurbed.de/p/hp-omen-14-fb0774ng-ultra-7-155h/
2026-01-11 03:30:00,457 - INFO - Scraping 3395/6851: https://www.refurbed.de/p/hp-omen-15-ce083ng-i5-7300hq/
2026-01-11 03:30:00,638 - ERROR - Error fetching https://www.refurbed.de/p/hp-omen-15-ce083ng-i5-7300hq/: 404 Client Error: Not Found for url: https://www.refurbed.de/p/hp-omen-15-ce083ng-i5-7300hq/
2026-01-11 03:30:01,640 - INFO - Scraping 3396/6851: https://www.refurbed.de/p/hp-omen-15-dc0002ng-i7-8750h/
2026-01-11 03:30:03,035 - INFO - Scraping 3397/6851: https://www.refurbed.de/p/hp-omen-15-dc0005ng-8750h-15-6/
2026-01-11 03:30:04,371 - INFO - Scraping 3398/6851: https://www.refurbed.de/p/hp-omen-15-dh1086ng-i7-10750h/
2026-01-11 03:30:05,839 - INFO - Scraping 3399/6851: https://www.refurbed.de/p/hp-omen-15-ek-10870h-15-6/
2026-01-11 03:30:07,168 - INFO - Scraping 3400/6851: https://www.refurbed.de/p/hp-omen-15-ek0277ng-i7-10750h/
2026-01-11 03:30:08,590 - INFO - Scraping 3401/6851: https://www.refurbed.de/p/hp-omen-15-r7-5800h-15-6/
2026-01-11 03:30:09,924 - INFO - Scraping 3402/6851: https://www.refurbed.de/p/hp-omen-15-ryzen-7-4800h/
2026-01-11 03:30:11,423 - INFO - Scraping 3403/6851: https://www.refurbed.de/p/hp-omen-16-b0151nf-11800h/
2026-01-11 03:30:12,834 - INFO - Scraping 3404/6851: https://www.refurbed.de/p/hp-omen-16-b0778ng-11800h/
2026-01-11 03:30:14,297 - INFO - Scraping 3405/6851: https://www.refurbed.de/p/hp-omen-16-b1010ns-i7-12700h/
2026-01-11 03:30:15,666 - INFO - Scraping 3406/6851: https://www.refurbed.de/p/hp-omen-16-b1777ng-12700h/
2026-01-11 03:30:17,127 - INFO - Scraping 3407/6851: https://www.refurbed.de/p/hp-omen-16-k0773ng-i7-12700h/
2026-01-11 03:30:18,533 - INFO - Scraping 3408/6851: https://www.refurbed.de/p/hp-omen-16-n0280nd-ryzen-7-6800/
2026-01-11 03:30:20,002 - INFO - Scraping 3409/6851: https://www.refurbed.de/p/hp-omen-16-wd0001nv-i7-13620h/
2026-01-11 03:30:21,493 - INFO - Scraping 3410/6851: https://www.refurbed.de/p/hp-omen-16-wd0002nt-i5-13420h/
2026-01-11 03:30:22,918 - INFO - Scraping 3411/6851: https://www.refurbed.de/p/hp-omen-16-wd0039nf-i5-13420h/
2026-01-11 03:30:24,308 - INFO - Scraping 3412/6851: https://www.refurbed.de/p/hp-omen-16-wd0045nf-i7-13620h/
2026-01-11 03:30:25,782 - INFO - Scraping 3413/6851: https://www.refurbed.de/p/hp-omen-16-wd0353ng-i5-13420h/
2026-01-11 03:30:27,379 - INFO - Scraping 3414/6851: https://www.refurbed.de/p/hp-omen-16-wf0003nl-i9-13900hx/
2026-01-11 03:30:28,748 - INFO - Scraping 3415/6851: https://www.refurbed.de/p/hp-omen-16-wf0118nf-i7-13700hx/
2026-01-11 03:30:30,063 - INFO - Scraping 3416/6851: https://www.refurbed.de/p/hp-omen-16-wf0774ng-i7-13700hx/
2026-01-11 03:30:31,396 - INFO - Scraping 3417/6851: https://www.refurbed.de/p/hp-omen-16-wf1-i9-14900hx-16-1/
2026-01-11 03:30:33,011 - INFO - Scraping 3418/6851: https://www.refurbed.de/p/hp-omen-16-wf1001na-14700hx/
2026-01-11 03:30:34,464 - INFO - Scraping 3419/6851: https://www.refurbed.de/p/hp-omen-16-wf1001nl-i7-14700hx/
2026-01-11 03:30:36,069 - INFO - Scraping 3420/6851: https://www.refurbed.de/p/hp-omen-16-wf1002nl-i7-14700hx/
2026-01-11 03:30:37,417 - INFO - Scraping 3421/6851: https://www.refurbed.de/p/hp-omen-16-wf1008nl-i7-14700hx/
2026-01-11 03:30:38,767 - INFO - Scraping 3422/6851: https://www.refurbed.de/p/hp-omen-16-xd0000ns-7840hs/
2026-01-11 03:30:40,352 - INFO - Scraping 3423/6851: https://www.refurbed.de/p/hp-omen-16-xd0029nf-7-7840hs/
2026-01-11 03:30:41,738 - INFO - Scraping 3424/6851: https://www.refurbed.de/p/hp-omen-16-xf0005-7840hs/
2026-01-11 03:30:43,079 - INFO - Scraping 3425/6851: https://www.refurbed.de/p/hp-omen-17-an087ng-i7-7700hq/
2026-01-11 03:30:43,317 - ERROR - Error fetching https://www.refurbed.de/p/hp-omen-17-an087ng-i7-7700hq/: 404 Client Error: Not Found for url: https://www.refurbed.de/p/hp-omen-17-an087ng-i7-7700hq/
2026-01-11 03:30:44,319 - INFO - Scraping 3426/6851: https://www.refurbed.de/p/hp-omen-17-cb1075ng-i7-10750h/
2026-01-11 03:30:45,659 - INFO - Scraping 3427/6851: https://www.refurbed.de/p/hp-omen-17-ck0376ng-i7-11800h/
2026-01-11 03:30:46,990 - INFO - Scraping 3428/6851: https://www.refurbed.de/p/hp-omen-17-cm2005nl-13700hx/
2026-01-11 03:30:48,431 - INFO - Scraping 3429/6851: https://www.refurbed.de/p/hp-omen-17-db-r7-8845hs-17-3/
2026-01-11 03:30:49,941 - INFO - Scraping 3430/6851: https://www.refurbed.de/p/hp-omen-17-db0007na-r7-8845hs/
2026-01-11 03:30:51,589 - INFO - Scraping 3431/6851: https://www.refurbed.de/p/hp-omen-17-db0051ng-8645hs/
2026-01-11 03:30:52,902 - INFO - Scraping 3432/6851: https://www.refurbed.de/p/hp-omen-24/
2026-01-11 03:30:54,230 - INFO - Scraping 3433/6851: https://www.refurbed.de/p/hp-omen-25l-gt11/
2026-01-11 03:30:55,588 - INFO - Scraping 3434/6851: https://www.refurbed.de/p/hp-omen-25l-gt12/
2026-01-11 03:30:56,964 - INFO - Scraping 3435/6851: https://www.refurbed.de/p/hp-omen-25l-gt14/
2026-01-11 03:30:58,460 - INFO - Scraping 3436/6851: https://www.refurbed.de/p/hp-omen-25l-gt15/
2026-01-11 03:30:59,992 - INFO - Scraping 3437/6851: https://www.refurbed.de/p/hp-omen-27-2023/
2026-01-11 03:31:01,467 - INFO - Scraping 3438/6851: https://www.refurbed.de/p/hp-omen-27k/
2026-01-11 03:31:02,968 - INFO - Scraping 3439/6851: https://www.refurbed.de/p/hp-omen-27q/
2026-01-11 03:31:04,432 - INFO - Scraping 3440/6851: https://www.refurbed.de/p/hp-omen-27qs/
2026-01-11 03:31:05,818 - INFO - Scraping 3441/6851: https://www.refurbed.de/p/hp-omen-30l-gt13/
2026-01-11 03:31:07,176 - INFO - Scraping 3442/6851: https://www.refurbed.de/p/hp-omen-32c/
2026-01-11 03:31:08,551 - INFO - Scraping 3443/6851: https://www.refurbed.de/p/hp-omen-32q/
2026-01-11 03:31:09,887 - INFO - Scraping 3444/6851: https://www.refurbed.de/p/hp-omen-40l-gt21/
2026-01-11 03:31:11,247 - INFO - Scraping 3445/6851: https://www.refurbed.de/p/hp-omen-45l-gt22/
2026-01-11 03:31:12,640 - INFO - Scraping 3446/6851: https://www.refurbed.de/p/hp-omen-800/
2026-01-11 03:31:14,101 - INFO - Scraping 3447/6851: https://www.refurbed.de/p/hp-omen-i7-ck2940nz-i9-13900hx/
2026-01-11 03:31:15,472 - INFO - Scraping 3448/6851: https://www.refurbed.de/p/hp-omen-i7-ck2989nz-i9-13900hx/
2026-01-11 03:31:16,794 - INFO - Scraping 3449/6851: https://www.refurbed.de/p/hp-omen-i79750h/
2026-01-11 03:31:18,223 - INFO - Scraping 3450/6851: https://www.refurbed.de/p/hp-omen-transcend-14-fb0696ng/
2026-01-11 03:31:19,621 - INFO - Scraping 3451/6851: https://www.refurbed.de/p/hp-omen-transcend-14-fb0796ng/
2026-01-11 03:31:20,941 - INFO - Scraping 3452/6851: https://www.refurbed.de/p/hp-omen-transcend-16-u-14700hx/
2026-01-11 03:31:22,577 - INFO - Scraping 3453/6851: https://www.refurbed.de/p/hp-omen-transcend-16-u0590nd-i9/
2026-01-11 03:31:24,337 - INFO - Scraping 3454/6851: https://www.refurbed.de/p/hp-omen-transcend-16-u0795ng-i9/
2026-01-11 03:31:25,989 - INFO - Scraping 3455/6851: https://www.refurbed.de/p/hp-omen-transcend-16-u1002ns-i7/
2026-01-11 03:31:27,406 - INFO - Scraping 3456/6851: https://www.refurbed.de/p/hp-omen-ts-16-u0005nb-13700hx-16/
2026-01-11 03:31:28,815 - INFO - Scraping 3457/6851: https://www.refurbed.de/p/hp-omen17-ck0780ng-i9-1190h/
2026-01-11 03:31:30,305 - INFO - Scraping 3458/6851: https://www.refurbed.de/p/hp-omen17-i7-10750h/
2026-01-11 03:31:31,614 - INFO - Scraping 3459/6851: https://www.refurbed.de/p/hp-omen17-i78750h/
2026-01-11 03:31:33,032 - INFO - Scraping 3460/6851: https://www.refurbed.de/p/hp-omen1717-ck0274ng-i7-11800h/
2026-01-11 03:31:34,410 - INFO - Scraping 3461/6851: https://www.refurbed.de/p/hp-p21b-g4-20-7/
2026-01-11 03:31:35,750 - INFO - Scraping 3462/6851: https://www.refurbed.de/p/hp-p22-g4/
2026-01-11 03:31:37,228 - INFO - Scraping 3463/6851: https://www.refurbed.de/p/hp-p221/
2026-01-11 03:31:38,775 - INFO - Scraping 3464/6851: https://www.refurbed.de/p/hp-p224-21-5/
2026-01-11 03:31:40,165 - INFO - Scraping 3465/6851: https://www.refurbed.de/p/hp-p22h-g5/
2026-01-11 03:31:41,480 - INFO - Scraping 3466/6851: https://www.refurbed.de/p/hp-p24-g4-23-8/
2026-01-11 03:31:43,040 - INFO - Scraping 3467/6851: https://www.refurbed.de/p/hp-p24h-g5-23-8/
2026-01-11 03:31:44,388 - INFO - Scraping 3468/6851: https://www.refurbed.de/p/hp-p24v-g4-23-8/
2026-01-11 03:31:45,799 - INFO - Scraping 3469/6851: https://www.refurbed.de/p/hp-p24v-g5-23-8/
2026-01-11 03:31:47,271 - INFO - Scraping 3470/6851: https://www.refurbed.de/p/hp-p32u-g5-31-5/
2026-01-11 03:31:48,638 - INFO - Scraping 3471/6851: https://www.refurbed.de/p/hp-p34hc-34/
2026-01-11 03:31:50,034 - INFO - Scraping 3472/6851: https://www.refurbed.de/p/hp-pa-1900-08r1/
2026-01-11 03:31:51,687 - INFO - Scraping 3473/6851: https://www.refurbed.de/p/hp-pa-x360-2in1-14-ek2537nz-120u/
2026-01-11 03:31:52,995 - INFO - Scraping 3474/6851: https://www.refurbed.de/p/hp-pagewide-color-mfp-e58650dn/
2026-01-11 03:31:54,350 - INFO - Scraping 3475/6851: https://www.refurbed.de/p/hp-pagewide-color-mfp-e77650dn/
2026-01-11 03:31:55,725 - INFO - Scraping 3476/6851: https://www.refurbed.de/p/hp-pagewide-enterprise-556dn/
2026-01-11 03:31:57,066 - INFO - Scraping 3477/6851: https://www.refurbed.de/p/hp-pagewide-managed-p57750dw/
2026-01-11 03:31:58,704 - INFO - Scraping 3478/6851: https://www.refurbed.de/p/hp-pagewide-managed-p77740z/
2026-01-11 03:32:00,130 - INFO - Scraping 3479/6851: https://www.refurbed.de/p/hp-pagewide-managed-p77760z/
2026-01-11 03:32:01,511 - INFO - Scraping 3480/6851: https://www.refurbed.de/p/hp-pagewide-managed-p77940dn/
2026-01-11 03:32:02,982 - INFO - Scraping 3481/6851: https://www.refurbed.de/p/hp-pagewide-pro-477dw/
2026-01-11 03:32:04,362 - INFO - Scraping 3482/6851: https://www.refurbed.de/p/hp-pav-14-ce3010ng-1035g1/
2026-01-11 03:32:05,723 - INFO - Scraping 3483/6851: https://www.refurbed.de/p/hp-pav-14-ce3501na-1035g1/
2026-01-11 03:32:07,073 - INFO - Scraping 3484/6851: https://www.refurbed.de/p/hp-pav-15-15-eg3019ns-i7-1355u/
2026-01-11 03:32:08,461 - INFO - Scraping 3485/6851: https://www.refurbed.de/p/hp-pav-15-15-eg3025ns-i7-1360p/
2026-01-11 03:32:09,771 - INFO - Scraping 3486/6851: https://www.refurbed.de/p/hp-pav-15-eg0165st-1135g7/
2026-01-11 03:32:11,098 - INFO - Scraping 3487/6851: https://www.refurbed.de/p/hp-pav-15-eg0256ng-1135g7/
2026-01-11 03:32:12,462 - INFO - Scraping 3488/6851: https://www.refurbed.de/p/hp-pav-15-eg2045nf-i5-1235u/
2026-01-11 03:32:13,785 - INFO - Scraping 3489/6851: https://www.refurbed.de/p/hp-pav-15-eg3001nf-i7-1360p/
2026-01-11 03:32:15,229 - INFO - Scraping 3490/6851: https://www.refurbed.de/p/hp-pav-15-eh3013nl-7730u/
2026-01-11 03:32:16,630 - INFO - Scraping 3491/6851: https://www.refurbed.de/p/hp-pav-15-eh3029nf-7730u/
2026-01-11 03:32:18,015 - INFO - Scraping 3492/6851: https://www.refurbed.de/p/hp-pav-x360-15-1125g4-15/
2026-01-11 03:32:19,361 - INFO - Scraping 3493/6851: https://www.refurbed.de/p/hp-pav-x360-15-1135g7/
2026-01-11 03:32:20,743 - INFO - Scraping 3494/6851: https://www.refurbed.de/p/hp-pav-x360-15-er-pentium-7505/
2026-01-11 03:32:22,147 - INFO - Scraping 3495/6851: https://www.refurbed.de/p/hp-pav-x360-15-er0055ng-1135g7/
2026-01-11 03:32:23,467 - INFO - Scraping 3496/6851: https://www.refurbed.de/p/hp-pav-x360-15-i5-1135g7/
2026-01-11 03:32:24,811 - INFO - Scraping 3497/6851: https://www.refurbed.de/p/hp-pav-x360-15-i5-1235u/
2026-01-11 03:32:26,185 - INFO - Scraping 3498/6851: https://www.refurbed.de/p/hp-pav-x360-15-i7-1165g7-15/
2026-01-11 03:32:27,521 - INFO - Scraping 3499/6851: https://www.refurbed.de/p/hp-pav-x360-2-i-1-14-ek-1235u/
2026-01-11 03:32:28,946 - INFO - Scraping 3500/6851: https://www.refurbed.de/p/hp-pav-x360-2-i-1-14-ek-1335u/
2026-01-11 03:32:30,261 - INFO - Scraping 3501/6851: https://www.refurbed.de/p/hp-pav-x360-convert-14-dw-1035g1/
2026-01-11 03:32:31,675 - INFO - Scraping 3502/6851: https://www.refurbed.de/p/hp-pav-x360-convert-14-dw-1115g4/
2026-01-11 03:32:33,277 - INFO - Scraping 3503/6851: https://www.refurbed.de/p/hp-pav-x360-convert-14-dw-1135g7/
2026-01-11 03:32:34,976 - INFO - Scraping 3504/6851: https://www.refurbed.de/p/hp-pav-x360-convert-14-dy-1125g4/
2026-01-11 03:32:36,376 - INFO - Scraping 3505/6851: https://www.refurbed.de/p/hp-pav-x360-convert-14-dy-1135g7/
2026-01-11 03:32:37,728 - INFO - Scraping 3506/6851: https://www.refurbed.de/p/hp-pav-x360-convert-14-dy-1155g7/
2026-01-11 03:32:39,072 - INFO - Scraping 3507/6851: https://www.refurbed.de/p/hp-pav-x360-convert-14-dy-1165g7/
2026-01-11 03:32:40,494 - INFO - Scraping 3508/6851: https://www.refurbed.de/p/hp-pav-x360-convert-14-dy-7505/
2026-01-11 03:32:41,822 - INFO - Scraping 3509/6851: https://www.refurbed.de/p/hp-pav-x360-convert-14-ek-1215u/
2026-01-11 03:32:43,183 - INFO - Scraping 3510/6851: https://www.refurbed.de/p/hp-pav-x360-convert-14-ek-1255u/
2026-01-11 03:32:44,622 - INFO - Scraping 3511/6851: https://www.refurbed.de/p/hp-pav-x360-convert-14-ek-1355u/
2026-01-11 03:32:45,948 - INFO - Scraping 3512/6851: https://www.refurbed.de/p/hp-pav15-eg0053cl-i5-1135g7/
2026-01-11 03:32:46,125 - ERROR - Error fetching https://www.refurbed.de/p/hp-pav15-eg0053cl-i5-1135g7/: 404 Client Error: Not Found for url: https://www.refurbed.de/p/hp-pav15-eg0053cl-i5-1135g7/
2026-01-11 03:32:47,127 - INFO - Scraping 3513/6851: https://www.refurbed.de/p/hp-pav15-eg0070wm-i7-1165g7/
2026-01-11 03:32:48,516 - INFO - Scraping 3514/6851: https://www.refurbed.de/p/hp-pavilion-13-bb0275ng-1135g7/
2026-01-11 03:32:49,881 - INFO - Scraping 3515/6851: https://www.refurbed.de/p/hp-pavilion-13-bb0730ng-1115g4/
2026-01-11 03:32:51,287 - INFO - Scraping 3516/6851: https://www.refurbed.de/p/hp-pavilion-13-bb0750ng-1135g7/
2026-01-11 03:32:52,654 - INFO - Scraping 3517/6851: https://www.refurbed.de/p/hp-pavilion-13-i5-8265u/
2026-01-11 03:32:54,133 - INFO - Scraping 3518/6851: https://www.refurbed.de/p/hp-pavilion-14-bf102ng-i5-8250u/
2026-01-11 03:32:55,465 - INFO - Scraping 3519/6851: https://www.refurbed.de/p/hp-pavilion-14-ce0040nf-i5-8250u/
2026-01-11 03:32:56,825 - INFO - Scraping 3520/6851: https://www.refurbed.de/p/hp-pavilion-14-ce2010-8265u-14/
2026-01-11 03:32:58,215 - INFO - Scraping 3521/6851: https://www.refurbed.de/p/hp-pavilion-14-ce2064st-8265u-14/
2026-01-11 03:32:59,574 - INFO - Scraping 3522/6851: https://www.refurbed.de/p/hp-pavilion-14-ce3075-1065g7-14/
2026-01-11 03:33:00,962 - INFO - Scraping 3523/6851: https://www.refurbed.de/p/hp-pavilion-14-dv0052ng-1135g7/
2026-01-11 03:33:02,511 - INFO - Scraping 3524/6851: https://www.refurbed.de/p/hp-pavilion-14-dv0176ng-7505-14/
2026-01-11 03:33:03,873 - INFO - Scraping 3525/6851: https://www.refurbed.de/p/hp-pavilion-14-dv0733ng-1125g4/
2026-01-11 03:33:05,290 - INFO - Scraping 3526/6851: https://www.refurbed.de/p/hp-pavilion-14-dv0736ng-1125g4/
2026-01-11 03:33:06,596 - INFO - Scraping 3527/6851: https://www.refurbed.de/p/hp-pavilion-14-dv1756ng-1155g7/
2026-01-11 03:33:07,978 - INFO - Scraping 3528/6851: https://www.refurbed.de/p/hp-pavilion-14-ec0076ng-5700u/
2026-01-11 03:33:09,310 - INFO - Scraping 3529/6851: https://www.refurbed.de/p/hp-pavilion-14-ec0735ng-5300u/
2026-01-11 03:33:10,639 - INFO - Scraping 3530/6851: https://www.refurbed.de/p/hp-pavilion-14-ec0755ng-5-5500u/
2026-01-11 03:33:12,009 - INFO - Scraping 3531/6851: https://www.refurbed.de/p/hp-pavilion-14-eh1037nf-1340p/
2026-01-11 03:33:13,390 - INFO - Scraping 3532/6851: https://www.refurbed.de/p/hp-pavilion-15-cc1xx-i7-8550u/
2026-01-11 03:33:13,565 - ERROR - Error fetching https://www.refurbed.de/p/hp-pavilion-15-cc1xx-i7-8550u/: 404 Client Error: Not Found for url: https://www.refurbed.de/p/hp-pavilion-15-cc1xx-i7-8550u/
2026-01-11 03:33:14,567 - INFO - Scraping 3533/6851: https://www.refurbed.de/p/hp-pavilion-15-cc511nf-7500u-15/
2026-01-11 03:33:14,727 - ERROR - Error fetching https://www.refurbed.de/p/hp-pavilion-15-cc511nf-7500u-15/: 404 Client Error: Not Found for url: https://www.refurbed.de/p/hp-pavilion-15-cc511nf-7500u-15/
2026-01-11 03:33:15,729 - INFO - Scraping 3534/6851: https://www.refurbed.de/p/hp-pavilion-15-cc6xx-i5-8250u/
2026-01-11 03:33:15,966 - ERROR - Error fetching https://www.refurbed.de/p/hp-pavilion-15-cc6xx-i5-8250u/: 404 Client Error: Not Found for url: https://www.refurbed.de/p/hp-pavilion-15-cc6xx-i5-8250u/
2026-01-11 03:33:16,968 - INFO - Scraping 3535/6851: https://www.refurbed.de/p/hp-pavilion-15-cc6xx-i7-8550u/
2026-01-11 03:33:18,290 - INFO - Scraping 3536/6851: https://www.refurbed.de/p/hp-pavilion-15-cs0051cl-i5-8250u/
2026-01-11 03:33:18,482 - ERROR - Error fetching https://www.refurbed.de/p/hp-pavilion-15-cs0051cl-i5-8250u/: 404 Client Error: Not Found for url: https://www.refurbed.de/p/hp-pavilion-15-cs0051cl-i5-8250u/
2026-01-11 03:33:19,484 - INFO - Scraping 3537/6851: https://www.refurbed.de/p/hp-pavilion-15-cs1067nr-8565u-15/
2026-01-11 03:33:20,821 - INFO - Scraping 3538/6851: https://www.refurbed.de/p/hp-pavilion-15-cs2079nr-i5-8265u/
2026-01-11 03:33:21,009 - ERROR - Error fetching https://www.refurbed.de/p/hp-pavilion-15-cs2079nr-i5-8265u/: 404 Client Error: Not Found for url: https://www.refurbed.de/p/hp-pavilion-15-cs2079nr-i5-8265u/
2026-01-11 03:33:22,011 - INFO - Scraping 3539/6851: https://www.refurbed.de/p/hp-pavilion-15-cw1903ng-3700u-15/
2026-01-11 03:33:23,423 - INFO - Scraping 3540/6851: https://www.refurbed.de/p/hp-pavilion-15-cx0047nf-8300h-15/
2026-01-11 03:33:24,871 - INFO - Scraping 3541/6851: https://www.refurbed.de/p/hp-pavilion-15-da1034la/
2026-01-11 03:33:26,192 - INFO - Scraping 3542/6851: https://www.refurbed.de/p/hp-pavilion-15-dk2001nc-i5-15-6/
2026-01-11 03:33:27,545 - INFO - Scraping 3543/6851: https://www.refurbed.de/p/hp-pavilion-15-ec1177ng/
2026-01-11 03:33:28,891 - INFO - Scraping 3544/6851: https://www.refurbed.de/p/hp-pavilion-15-eg01053cl/
2026-01-11 03:33:29,069 - ERROR - Error fetching https://www.refurbed.de/p/hp-pavilion-15-eg01053cl/: 404 Client Error: Not Found for url: https://www.refurbed.de/p/hp-pavilion-15-eg01053cl/
2026-01-11 03:33:30,071 - INFO - Scraping 3545/6851: https://www.refurbed.de/p/hp-pavilion-15-eg0177ng/
2026-01-11 03:33:31,407 - INFO - Scraping 3546/6851: https://www.refurbed.de/p/hp-pavilion-15-eg0735ng-15-6/
2026-01-11 03:33:32,828 - INFO - Scraping 3547/6851: https://www.refurbed.de/p/hp-pavilion-15-eg0776ng/
2026-01-11 03:33:34,174 - INFO - Scraping 3548/6851: https://www.refurbed.de/p/hp-pavilion-15-eh1254ng/
2026-01-11 03:33:35,515 - INFO - Scraping 3549/6851: https://www.refurbed.de/p/hp-pavilion-15-eh1355ng/
2026-01-11 03:33:37,012 - INFO - Scraping 3550/6851: https://www.refurbed.de/p/hp-pavilion-15-eh1732ng-15-6/
2026-01-11 03:33:38,357 - INFO - Scraping 3551/6851: https://www.refurbed.de/p/hp-pavilion-15-eh1734ng/
2026-01-11 03:33:40,117 - INFO - Scraping 3552/6851: https://www.refurbed.de/p/hp-pavilion-15-eh1757ng/
2026-01-11 03:33:41,496 - INFO - Scraping 3553/6851: https://www.refurbed.de/p/hp-pavilion-15-eh1775ng-15-6/
2026-01-11 03:33:42,818 - INFO - Scraping 3554/6851: https://www.refurbed.de/p/hp-pavilion-15-eh2153ng-5625u/
2026-01-11 03:33:44,190 - INFO - Scraping 3555/6851: https://www.refurbed.de/p/hp-pavilion-15-i3-1005g1/
2026-01-11 03:33:45,750 - INFO - Scraping 3556/6851: https://www.refurbed.de/p/hp-pavilion-15-p253nf-i3-5010u/
2026-01-11 03:33:45,939 - ERROR - Error fetching https://www.refurbed.de/p/hp-pavilion-15-p253nf-i3-5010u/: 404 Client Error: Not Found for url: https://www.refurbed.de/p/hp-pavilion-15-p253nf-i3-5010u/
2026-01-11 03:33:46,941 - INFO - Scraping 3557/6851: https://www.refurbed.de/p/hp-pavilion-15t-eg000-1165g7/
2026-01-11 03:33:48,374 - INFO - Scraping 3558/6851: https://www.refurbed.de/p/hp-pavilion-15t-eg100-1195g7/
2026-01-11 03:33:49,687 - INFO - Scraping 3559/6851: https://www.refurbed.de/p/hp-pavilion-17-by4062-1135g7/
2026-01-11 03:33:51,007 - INFO - Scraping 3560/6851: https://www.refurbed.de/p/hp-pavilion-17-cd1232ng-10300h/
2026-01-11 03:33:52,340 - INFO - Scraping 3561/6851: https://www.refurbed.de/p/hp-pavilion-17-cd1515ng-10750h/
2026-01-11 03:33:53,730 - INFO - Scraping 3562/6851: https://www.refurbed.de/p/hp-pavilion-17-cn0205ng-n4020/
2026-01-11 03:33:55,163 - INFO - Scraping 3563/6851: https://www.refurbed.de/p/hp-pavilion-17-cn0575nf-n4120/
2026-01-11 03:33:56,538 - INFO - Scraping 3564/6851: https://www.refurbed.de/p/hp-pavilion-510-p000/
2026-01-11 03:33:56,749 - ERROR - Error fetching https://www.refurbed.de/p/hp-pavilion-510-p000/: 404 Client Error: Not Found for url: https://www.refurbed.de/p/hp-pavilion-510-p000/
2026-01-11 03:33:57,751 - INFO - Scraping 3565/6851: https://www.refurbed.de/p/hp-pavilion-550-174ng/
2026-01-11 03:33:57,978 - ERROR - Error fetching https://www.refurbed.de/p/hp-pavilion-550-174ng/: 404 Client Error: Not Found for url: https://www.refurbed.de/p/hp-pavilion-550-174ng/
2026-01-11 03:33:58,980 - INFO - Scraping 3566/6851: https://www.refurbed.de/p/hp-pavilion-570/
2026-01-11 03:33:59,191 - ERROR - Error fetching https://www.refurbed.de/p/hp-pavilion-570/: 404 Client Error: Not Found for url: https://www.refurbed.de/p/hp-pavilion-570/
2026-01-11 03:34:00,193 - INFO - Scraping 3567/6851: https://www.refurbed.de/p/hp-pavilion-590/
2026-01-11 03:34:01,530 - INFO - Scraping 3568/6851: https://www.refurbed.de/p/hp-pavilion-aero-13-r7-5825u/
2026-01-11 03:34:02,840 - INFO - Scraping 3569/6851: https://www.refurbed.de/p/hp-pavilion-aero-13/
2026-01-11 03:34:04,209 - INFO - Scraping 3570/6851: https://www.refurbed.de/p/hp-pavilion-gaming-15-4800h/
2026-01-11 03:34:05,971 - INFO - Scraping 3571/6851: https://www.refurbed.de/p/hp-pavilion-gaming-15-dk1233ng/
2026-01-11 03:34:07,331 - INFO - Scraping 3572/6851: https://www.refurbed.de/p/hp-pavilion-gaming-15-dk1265ng/
2026-01-11 03:34:08,815 - INFO - Scraping 3573/6851: https://www.refurbed.de/p/hp-pavilion-gaming-15-ec2265ng/
2026-01-11 03:34:10,290 - INFO - Scraping 3574/6851: https://www.refurbed.de/p/hp-pavilion-gaming-15-ec2601nc/
2026-01-11 03:34:11,641 - INFO - Scraping 3575/6851: https://www.refurbed.de/p/hp-pavilion-gaming-15-i5-10300h/
2026-01-11 03:34:13,011 - INFO - Scraping 3576/6851: https://www.refurbed.de/p/hp-pavilion-gaming-15-i5-9300h/
2026-01-11 03:34:14,337 - INFO - Scraping 3577/6851: https://www.refurbed.de/p/hp-pavilion-gaming-15-i7-9750h/
2026-01-11 03:34:15,739 - INFO - Scraping 3578/6851: https://www.refurbed.de/p/hp-pavilion-gaming-16-10300h/
2026-01-11 03:34:17,048 - INFO - Scraping 3579/6851: https://www.refurbed.de/p/hp-pavilion-gaming-17-10300h/
2026-01-11 03:34:18,385 - INFO - Scraping 3580/6851: https://www.refurbed.de/p/hp-pavilion-gaming-17-i7-10750h/
2026-01-11 03:34:19,809 - INFO - Scraping 3581/6851: https://www.refurbed.de/p/hp-pavilion-gaming-desktop-tg01/
2026-01-11 03:34:21,143 - INFO - Scraping 3582/6851: https://www.refurbed.de/p/hp-pavilion-gaming-tp01-2707ng/
2026-01-11 03:34:22,473 - INFO - Scraping 3583/6851: https://www.refurbed.de/p/hp-pavilion-laptop-15-eg3414ng/
2026-01-11 03:34:23,774 - INFO - Scraping 3584/6851: https://www.refurbed.de/p/hp-pavilion-laptop-15-eh1019nl/
2026-01-11 03:34:25,103 - INFO - Scraping 3585/6851: https://www.refurbed.de/p/hp-pavilion-plus-14-ew-7-155h/
2026-01-11 03:34:26,510 - INFO - Scraping 3586/6851: https://www.refurbed.de/p/hp-pavilion-tg01/
2026-01-11 03:34:27,842 - INFO - Scraping 3587/6851: https://www.refurbed.de/p/hp-pavilion-tp01/
2026-01-11 03:34:29,172 - INFO - Scraping 3588/6851: https://www.refurbed.de/p/hp-pavilion-w2207-22/
2026-01-11 03:34:30,501 - INFO - Scraping 3589/6851: https://www.refurbed.de/p/hp-pavilion-wave-600-a003nf/
2026-01-11 03:34:30,665 - ERROR - Error fetching https://www.refurbed.de/p/hp-pavilion-wave-600-a003nf/: 404 Client Error: Not Found for url: https://www.refurbed.de/p/hp-pavilion-wave-600-a003nf/
2026-01-11 03:34:31,667 - INFO - Scraping 3590/6851: https://www.refurbed.de/p/hp-pavilion-x360-14m-cd0003dx/
2026-01-11 03:34:32,994 - INFO - Scraping 3591/6851: https://www.refurbed.de/p/hp-pavilion-x360-14m-cd0006dx-i3/
2026-01-11 03:34:34,464 - INFO - Scraping 3592/6851: https://www.refurbed.de/p/hp-pavilion-x360-15-dq-10210u/
2026-01-11 03:34:35,823 - INFO - Scraping 3593/6851: https://www.refurbed.de/p/hp-pavillon-x360-1065g7/
2026-01-11 03:34:37,148 - INFO - Scraping 3594/6851: https://www.refurbed.de/p/hp-pavillon-x360-1135g7/
2026-01-11 03:34:38,678 - INFO - Scraping 3595/6851: https://www.refurbed.de/p/hp-pd215w/
2026-01-11 03:34:40,003 - INFO - Scraping 3596/6851: https://www.refurbed.de/p/hp-ppp012d-s/
2026-01-11 03:34:41,554 - INFO - Scraping 3597/6851: https://www.refurbed.de/p/hp-pr1101u/
2026-01-11 03:34:42,998 - INFO - Scraping 3598/6851: https://www.refurbed.de/p/hp-presence-mini-conferencing-pc/
2026-01-11 03:34:44,386 - INFO - Scraping 3599/6851: https://www.refurbed.de/p/hp-pro-mini-400-g9/
2026-01-11 03:34:45,707 - INFO - Scraping 3600/6851: https://www.refurbed.de/p/hp-pro-sff-290-g9/
2026-01-11 03:34:47,017 - INFO - Scraping 3601/6851: https://www.refurbed.de/p/hp-pro-sff-400-g9/
2026-01-11 03:34:48,396 - INFO - Scraping 3602/6851: https://www.refurbed.de/p/hp-pro-tower-290-g9/
2026-01-11 03:34:49,780 - INFO - Scraping 3603/6851: https://www.refurbed.de/p/hp-pro-tower-400-g9/
2026-01-11 03:34:51,106 - INFO - Scraping 3604/6851: https://www.refurbed.de/p/hp-pro-x2-612-g1-4202y/
2026-01-11 03:34:51,275 - ERROR - Error fetching https://www.refurbed.de/p/hp-pro-x2-612-g1-4202y/: 404 Client Error: Not Found for url: https://www.refurbed.de/p/hp-pro-x2-612-g1-4202y/
2026-01-11 03:34:52,277 - INFO - Scraping 3605/6851: https://www.refurbed.de/p/hp-pro-x2-612-g2-7y30/
2026-01-11 03:34:52,589 - ERROR - Error fetching https://www.refurbed.de/p/hp-pro-x2-612-g2-7y30/: 404 Client Error: Not Found for url: https://www.refurbed.de/p/hp-pro-x2-612-g2-7y30/
2026-01-11 03:34:53,591 - INFO - Scraping 3606/6851: https://www.refurbed.de/p/hp-pro-x2-612-g2-7y54/
2026-01-11 03:34:53,919 - ERROR - Error fetching https://www.refurbed.de/p/hp-pro-x2-612-g2-7y54/: 404 Client Error: Not Found for url: https://www.refurbed.de/p/hp-pro-x2-612-g2-7y54/
2026-01-11 03:34:54,922 - INFO - Scraping 3607/6851: https://www.refurbed.de/p/hp-pro-x2-612-g2-7y57/
2026-01-11 03:34:55,368 - ERROR - Error fetching https://www.refurbed.de/p/hp-pro-x2-612-g2-7y57/: 404 Client Error: Not Found for url: https://www.refurbed.de/p/hp-pro-x2-612-g2-7y57/
2026-01-11 03:34:56,371 - INFO - Scraping 3608/6851: https://www.refurbed.de/p/hp-pro-x2-612-g2-i7-7y75/
2026-01-11 03:34:56,541 - ERROR - Error fetching https://www.refurbed.de/p/hp-pro-x2-612-g2-i7-7y75/: 404 Client Error: Not Found for url: https://www.refurbed.de/p/hp-pro-x2-612-g2-i7-7y75/
2026-01-11 03:34:57,543 - INFO - Scraping 3609/6851: https://www.refurbed.de/p/hp-pro-x360-435-g10-3-7330u/
2026-01-11 03:34:58,879 - INFO - Scraping 3610/6851: https://www.refurbed.de/p/hp-pro-x360-435-g10-5-7530u-/
2026-01-11 03:35:00,209 - INFO - Scraping 3611/6851: https://www.refurbed.de/p/hp-pro-x360-435-g10-7-7730u/
2026-01-11 03:35:01,717 - INFO - Scraping 3612/6851: https://www.refurbed.de/p/hp-pro-x360-fortis-11-g11-n100/
2026-01-11 03:35:03,216 - INFO - Scraping 3613/6851: https://www.refurbed.de/p/hp-pro-x360-fortis-11-g11-n200/
2026-01-11 03:35:04,630 - INFO - Scraping 3614/6851: https://www.refurbed.de/p/hp-pro-x360-fortis-11-g9-n6000/
2026-01-11 03:35:06,377 - INFO - Scraping 3615/6851: https://www.refurbed.de/p/hp-probook-11-ee-g1-5005u/
2026-01-11 03:35:06,585 - ERROR - Error fetching https://www.refurbed.de/p/hp-probook-11-ee-g1-5005u/: 404 Client Error: Not Found for url: https://www.refurbed.de/p/hp-probook-11-ee-g1-5005u/
2026-01-11 03:35:07,587 - INFO - Scraping 3616/6851: https://www.refurbed.de/p/hp-probook-430-g1-celeron-2955u/
2026-01-11 03:35:07,752 - ERROR - Error fetching https://www.refurbed.de/p/hp-probook-430-g1-celeron-2955u/: 404 Client Error: Not Found for url: https://www.refurbed.de/p/hp-probook-430-g1-celeron-2955u/
2026-01-11 03:35:08,754 - INFO - Scraping 3617/6851: https://www.refurbed.de/p/hp-probook-430-g1-i5-4200u/
2026-01-11 03:35:08,946 - ERROR - Error fetching https://www.refurbed.de/p/hp-probook-430-g1-i5-4200u/: 404 Client Error: Not Found for url: https://www.refurbed.de/p/hp-probook-430-g1-i5-4200u/
2026-01-11 03:35:09,948 - INFO - Scraping 3618/6851: https://www.refurbed.de/p/hp-probook-430-g1-i5-4300u/
2026-01-11 03:35:10,153 - ERROR - Error fetching https://www.refurbed.de/p/hp-probook-430-g1-i5-4300u/: 404 Client Error: Not Found for url: https://www.refurbed.de/p/hp-probook-430-g1-i5-4300u/
2026-01-11 03:35:11,155 - INFO - Scraping 3619/6851: https://www.refurbed.de/p/hp-probook-430-g2-4210u/
2026-01-11 03:35:11,357 - ERROR - Error fetching https://www.refurbed.de/p/hp-probook-430-g2-4210u/: 404 Client Error: Not Found for url: https://www.refurbed.de/p/hp-probook-430-g2-4210u/
2026-01-11 03:35:12,359 - INFO - Scraping 3620/6851: https://www.refurbed.de/p/hp-probook-430-g2-4310u/
2026-01-11 03:35:12,561 - ERROR - Error fetching https://www.refurbed.de/p/hp-probook-430-g2-4310u/: 404 Client Error: Not Found for url: https://www.refurbed.de/p/hp-probook-430-g2-4310u/
2026-01-11 03:35:13,563 - INFO - Scraping 3621/6851: https://www.refurbed.de/p/hp-probook-430-g2-5200u/
2026-01-11 03:35:13,738 - ERROR - Error fetching https://www.refurbed.de/p/hp-probook-430-g2-5200u/: 404 Client Error: Not Found for url: https://www.refurbed.de/p/hp-probook-430-g2-5200u/
2026-01-11 03:35:14,740 - INFO - Scraping 3622/6851: https://www.refurbed.de/p/hp-probook-430-g2-i3-4030u/
2026-01-11 03:35:15,132 - ERROR - Error fetching https://www.refurbed.de/p/hp-probook-430-g2-i3-4030u/: 404 Client Error: Not Found for url: https://www.refurbed.de/p/hp-probook-430-g2-i3-4030u/
2026-01-11 03:35:16,134 - INFO - Scraping 3623/6851: https://www.refurbed.de/p/hp-probook-430-g2-i3-5010u/
2026-01-11 03:35:16,588 - ERROR - Error fetching https://www.refurbed.de/p/hp-probook-430-g2-i3-5010u/: 404 Client Error: Not Found for url: https://www.refurbed.de/p/hp-probook-430-g2-i3-5010u/
2026-01-11 03:35:17,590 - INFO - Scraping 3624/6851: https://www.refurbed.de/p/hp-probook-430-g3-4405u/
2026-01-11 03:35:17,791 - ERROR - Error fetching https://www.refurbed.de/p/hp-probook-430-g3-4405u/: 404 Client Error: Not Found for url: https://www.refurbed.de/p/hp-probook-430-g3-4405u/
2026-01-11 03:35:18,794 - INFO - Scraping 3625/6851: https://www.refurbed.de/p/hp-probook-430-g3-i3-6100u/
2026-01-11 03:35:18,952 - ERROR - Error fetching https://www.refurbed.de/p/hp-probook-430-g3-i3-6100u/: 404 Client Error: Not Found for url: https://www.refurbed.de/p/hp-probook-430-g3-i3-6100u/
2026-01-11 03:35:19,954 - INFO - Scraping 3626/6851: https://www.refurbed.de/p/hp-probook-430-g3-i5-6200u/
2026-01-11 03:35:20,157 - ERROR - Error fetching https://www.refurbed.de/p/hp-probook-430-g3-i5-6200u/: 404 Client Error: Not Found for url: https://www.refurbed.de/p/hp-probook-430-g3-i5-6200u/
2026-01-11 03:35:21,159 - INFO - Scraping 3627/6851: https://www.refurbed.de/p/hp-probook-430-g4-i3-7100u/
2026-01-11 03:35:21,338 - ERROR - Error fetching https://www.refurbed.de/p/hp-probook-430-g4-i3-7100u/: 404 Client Error: Not Found for url: https://www.refurbed.de/p/hp-probook-430-g4-i3-7100u/
2026-01-11 03:35:22,340 - INFO - Scraping 3628/6851: https://www.refurbed.de/p/hp-probook-430-g4-i5-7200u/
2026-01-11 03:35:22,657 - ERROR - Error fetching https://www.refurbed.de/p/hp-probook-430-g4-i5-7200u/: 404 Client Error: Not Found for url: https://www.refurbed.de/p/hp-probook-430-g4-i5-7200u/
2026-01-11 03:35:23,659 - INFO - Scraping 3629/6851: https://www.refurbed.de/p/hp-probook-430-g4-pentium-4415u/
2026-01-11 03:35:23,948 - ERROR - Error fetching https://www.refurbed.de/p/hp-probook-430-g4-pentium-4415u/: 404 Client Error: Not Found for url: https://www.refurbed.de/p/hp-probook-430-g4-pentium-4415u/
2026-01-11 03:35:24,950 - INFO - Scraping 3630/6851: https://www.refurbed.de/p/hp-probook-430-g5-8130u/
2026-01-11 03:35:26,391 - INFO - Scraping 3631/6851: https://www.refurbed.de/p/hp-probook-430-g5-8250u/
2026-01-11 03:35:27,935 - INFO - Scraping 3632/6851: https://www.refurbed.de/p/hp-probook-430-g5-celeron-3865u/
2026-01-11 03:35:28,116 - ERROR - Error fetching https://www.refurbed.de/p/hp-probook-430-g5-celeron-3865u/: 404 Client Error: Not Found for url: https://www.refurbed.de/p/hp-probook-430-g5-celeron-3865u/
2026-01-11 03:35:29,119 - INFO - Scraping 3633/6851: https://www.refurbed.de/p/hp-probook-430-g5-i3-7100u/
2026-01-11 03:35:29,329 - ERROR - Error fetching https://www.refurbed.de/p/hp-probook-430-g5-i3-7100u/: 404 Client Error: Not Found for url: https://www.refurbed.de/p/hp-probook-430-g5-i3-7100u/
2026-01-11 03:35:30,331 - INFO - Scraping 3634/6851: https://www.refurbed.de/p/hp-probook-430-g6-8145u/
2026-01-11 03:35:31,637 - INFO - Scraping 3635/6851: https://www.refurbed.de/p/hp-probook-430-g6-8265u/
2026-01-11 03:35:33,139 - INFO - Scraping 3636/6851: https://www.refurbed.de/p/hp-probook-430-g6-8565u/
2026-01-11 03:35:34,452 - INFO - Scraping 3637/6851: https://www.refurbed.de/p/hp-probook-430-g7-i3-10110u/
2026-01-11 03:35:35,889 - INFO - Scraping 3638/6851: https://www.refurbed.de/p/hp-probook-430-g7-i5-10210u/
2026-01-11 03:35:37,357 - INFO - Scraping 3639/6851: https://www.refurbed.de/p/hp-probook-430-g8-i3-1115g4/
2026-01-11 03:35:38,820 - INFO - Scraping 3640/6851: https://www.refurbed.de/p/hp-probook-430-g8-i5-1135g7/
2026-01-11 03:35:40,462 - INFO - Scraping 3641/6851: https://www.refurbed.de/p/hp-probook-430-g8-i7-1165g7/
2026-01-11 03:35:41,853 - INFO - Scraping 3642/6851: https://www.refurbed.de/p/hp-probook-440-g10-1335u-14/
2026-01-11 03:35:43,207 - INFO - Scraping 3643/6851: https://www.refurbed.de/p/hp-probook-440-g10-1355u-14/
2026-01-11 03:35:44,825 - INFO - Scraping 3644/6851: https://www.refurbed.de/p/hp-probook-440-g10-i5-1334u-14/
2026-01-11 03:35:46,359 - INFO - Scraping 3645/6851: https://www.refurbed.de/p/hp-probook-440-g11-ultra-7-155u/
2026-01-11 03:35:47,802 - INFO - Scraping 3646/6851: https://www.refurbed.de/p/hp-probook-440-g3-6200u/
2026-01-11 03:35:47,988 - ERROR - Error fetching https://www.refurbed.de/p/hp-probook-440-g3-6200u/: 404 Client Error: Not Found for url: https://www.refurbed.de/p/hp-probook-440-g3-6200u/
2026-01-11 03:35:48,990 - INFO - Scraping 3647/6851: https://www.refurbed.de/p/hp-probook-440-g4-4415u/
2026-01-11 03:35:49,168 - ERROR - Error fetching https://www.refurbed.de/p/hp-probook-440-g4-4415u/: 404 Client Error: Not Found for url: https://www.refurbed.de/p/hp-probook-440-g4-4415u/
2026-01-11 03:35:50,170 - INFO - Scraping 3648/6851: https://www.refurbed.de/p/hp-probook-440-g4-i3-7100u/
2026-01-11 03:35:50,437 - ERROR - Error fetching https://www.refurbed.de/p/hp-probook-440-g4-i3-7100u/: 404 Client Error: Not Found for url: https://www.refurbed.de/p/hp-probook-440-g4-i3-7100u/
2026-01-11 03:35:51,439 - INFO - Scraping 3649/6851: https://www.refurbed.de/p/hp-probook-440-g4-i5-7200u/
2026-01-11 03:35:51,634 - ERROR - Error fetching https://www.refurbed.de/p/hp-probook-440-g4-i5-7200u/: 404 Client Error: Not Found for url: https://www.refurbed.de/p/hp-probook-440-g4-i5-7200u/
2026-01-11 03:35:52,636 - INFO - Scraping 3650/6851: https://www.refurbed.de/p/hp-probook-440-g5-i3-7100u/
2026-01-11 03:35:52,847 - ERROR - Error fetching https://www.refurbed.de/p/hp-probook-440-g5-i3-7100u/: 404 Client Error: Not Found for url: https://www.refurbed.de/p/hp-probook-440-g5-i3-7100u/
2026-01-11 03:35:53,849 - INFO - Scraping 3651/6851: https://www.refurbed.de/p/hp-probook-440-g5-i3-8130u/
2026-01-11 03:35:55,177 - INFO - Scraping 3652/6851: https://www.refurbed.de/p/hp-probook-440-g5-i5-8250u/
2026-01-11 03:35:56,706 - INFO - Scraping 3653/6851: https://www.refurbed.de/p/hp-probook-440-g5-i7-8550u/
2026-01-11 03:35:58,688 - INFO - Scraping 3654/6851: https://www.refurbed.de/p/hp-probook-440-g6-8145u-14/
2026-01-11 03:36:00,182 - INFO - Scraping 3655/6851: https://www.refurbed.de/p/hp-probook-440-g6-i5-8265u/
2026-01-11 03:36:01,739 - INFO - Scraping 3656/6851: https://www.refurbed.de/p/hp-probook-440-g6-i7-8565u/
2026-01-11 03:36:03,428 - INFO - Scraping 3657/6851: https://www.refurbed.de/p/hp-probook-440-g7-i3-10110u/
2026-01-11 03:36:04,870 - INFO - Scraping 3658/6851: https://www.refurbed.de/p/hp-probook-440-g7-i5-10210u/
2026-01-11 03:36:06,386 - INFO - Scraping 3659/6851: https://www.refurbed.de/p/hp-probook-440-g7-i5-10310u/
2026-01-11 03:36:08,207 - INFO - Scraping 3660/6851: https://www.refurbed.de/p/hp-probook-440-g7-i7-10510u/
2026-01-11 03:36:09,562 - INFO - Scraping 3661/6851: https://www.refurbed.de/p/hp-probook-440-g8-1135g7/
2026-01-11 03:36:11,080 - INFO - Scraping 3662/6851: https://www.refurbed.de/p/hp-probook-440-g8-i3-1115g4-14/
2026-01-11 03:36:12,690 - INFO - Scraping 3663/6851: https://www.refurbed.de/p/hp-probook-440-g8-i7-1165g7/
2026-01-11 03:36:14,091 - INFO - Scraping 3664/6851: https://www.refurbed.de/p/hp-probook-440-g9-i3-1215u/
2026-01-11 03:36:15,403 - INFO - Scraping 3665/6851: https://www.refurbed.de/p/hp-probook-440-g9-i5-1235u/
2026-01-11 03:36:16,915 - INFO - Scraping 3666/6851: https://www.refurbed.de/p/hp-probook-440-g9-i7-1255u/
2026-01-11 03:36:18,218 - INFO - Scraping 3667/6851: https://www.refurbed.de/p/hp-probook-445-g10-ryzen-5-7530u/
2026-01-11 03:36:19,674 - INFO - Scraping 3668/6851: https://www.refurbed.de/p/hp-probook-445-g11-ryzen-5-7535u/
2026-01-11 03:36:21,039 - INFO - Scraping 3669/6851: https://www.refurbed.de/p/hp-probook-445-g7-ryzen-5-4500u/
2026-01-11 03:36:22,543 - INFO - Scraping 3670/6851: https://www.refurbed.de/p/hp-probook-445-g8-3-5400u-14/
2026-01-11 03:36:23,907 - INFO - Scraping 3671/6851: https://www.refurbed.de/p/hp-probook-445-g8-5-5600u-14/
2026-01-11 03:36:25,360 - INFO - Scraping 3672/6851: https://www.refurbed.de/p/hp-probook-445-g8-r7-5800u-14/
2026-01-11 03:36:26,725 - INFO - Scraping 3673/6851: https://www.refurbed.de/p/hp-probook-445-g9-r5-5625u-14/
2026-01-11 03:36:28,083 - INFO - Scraping 3674/6851: https://www.refurbed.de/p/hp-probook-450-g1-i3-4000m/
2026-01-11 03:36:28,334 - ERROR - Error fetching https://www.refurbed.de/p/hp-probook-450-g1-i3-4000m/: 404 Client Error: Not Found for url: https://www.refurbed.de/p/hp-probook-450-g1-i3-4000m/
2026-01-11 03:36:29,336 - INFO - Scraping 3675/6851: https://www.refurbed.de/p/hp-probook-450-g1-i5-4200m/
2026-01-11 03:36:29,552 - ERROR - Error fetching https://www.refurbed.de/p/hp-probook-450-g1-i5-4200m/: 404 Client Error: Not Found for url: https://www.refurbed.de/p/hp-probook-450-g1-i5-4200m/
2026-01-11 03:36:30,554 - INFO - Scraping 3676/6851: https://www.refurbed.de/p/hp-probook-450-g10-i5-1334u/
2026-01-11 03:36:31,940 - INFO - Scraping 3677/6851: https://www.refurbed.de/p/hp-probook-450-g10-i5-1335u/
2026-01-11 03:36:33,274 - INFO - Scraping 3678/6851: https://www.refurbed.de/p/hp-probook-450-g10-i7-1355u/
2026-01-11 03:36:34,657 - INFO - Scraping 3679/6851: https://www.refurbed.de/p/hp-probook-450-g2-2957u/
2026-01-11 03:36:34,841 - ERROR - Error fetching https://www.refurbed.de/p/hp-probook-450-g2-2957u/: 404 Client Error: Not Found for url: https://www.refurbed.de/p/hp-probook-450-g2-2957u/
2026-01-11 03:36:35,843 - INFO - Scraping 3680/6851: https://www.refurbed.de/p/hp-probook-450-g2-i3-4030u-15-6/
2026-01-11 03:36:36,024 - ERROR - Error fetching https://www.refurbed.de/p/hp-probook-450-g2-i3-4030u-15-6/: 404 Client Error: Not Found for url: https://www.refurbed.de/p/hp-probook-450-g2-i3-4030u-15-6/
2026-01-11 03:36:37,026 - INFO - Scraping 3681/6851: https://www.refurbed.de/p/hp-probook-450-g2-i5-4200u/
2026-01-11 03:36:37,196 - ERROR - Error fetching https://www.refurbed.de/p/hp-probook-450-g2-i5-4200u/: 404 Client Error: Not Found for url: https://www.refurbed.de/p/hp-probook-450-g2-i5-4200u/
2026-01-11 03:36:38,198 - INFO - Scraping 3682/6851: https://www.refurbed.de/p/hp-probook-450-g2-i5-4210u/
2026-01-11 03:36:38,387 - ERROR - Error fetching https://www.refurbed.de/p/hp-probook-450-g2-i5-4210u/: 404 Client Error: Not Found for url: https://www.refurbed.de/p/hp-probook-450-g2-i5-4210u/
2026-01-11 03:36:39,389 - INFO - Scraping 3683/6851: https://www.refurbed.de/p/hp-probook-450-g2-i5-5200u/
2026-01-11 03:36:39,613 - ERROR - Error fetching https://www.refurbed.de/p/hp-probook-450-g2-i5-5200u/: 404 Client Error: Not Found for url: https://www.refurbed.de/p/hp-probook-450-g2-i5-5200u/
2026-01-11 03:36:40,615 - INFO - Scraping 3684/6851: https://www.refurbed.de/p/hp-probook-450-g2-i7-4510u/
2026-01-11 03:36:40,850 - ERROR - Error fetching https://www.refurbed.de/p/hp-probook-450-g2-i7-4510u/: 404 Client Error: Not Found for url: https://www.refurbed.de/p/hp-probook-450-g2-i7-4510u/
2026-01-11 03:36:41,852 - INFO - Scraping 3685/6851: https://www.refurbed.de/p/hp-probook-450-g3-i3-6100u/
2026-01-11 03:36:42,014 - ERROR - Error fetching https://www.refurbed.de/p/hp-probook-450-g3-i3-6100u/: 404 Client Error: Not Found for url: https://www.refurbed.de/p/hp-probook-450-g3-i3-6100u/
2026-01-11 03:36:43,016 - INFO - Scraping 3686/6851: https://www.refurbed.de/p/hp-probook-450-g3-i5-6200u/
2026-01-11 03:36:43,189 - ERROR - Error fetching https://www.refurbed.de/p/hp-probook-450-g3-i5-6200u/: 404 Client Error: Not Found for url: https://www.refurbed.de/p/hp-probook-450-g3-i5-6200u/
2026-01-11 03:36:44,191 - INFO - Scraping 3687/6851: https://www.refurbed.de/p/hp-probook-450-g4-i3-7100u-15-6/
2026-01-11 03:36:44,353 - ERROR - Error fetching https://www.refurbed.de/p/hp-probook-450-g4-i3-7100u-15-6/: 404 Client Error: Not Found for url: https://www.refurbed.de/p/hp-probook-450-g4-i3-7100u-15-6/
2026-01-11 03:36:45,355 - INFO - Scraping 3688/6851: https://www.refurbed.de/p/hp-probook-450-g4-i5-7200u-15-6/
2026-01-11 03:36:45,535 - ERROR - Error fetching https://www.refurbed.de/p/hp-probook-450-g4-i5-7200u-15-6/: 404 Client Error: Not Found for url: https://www.refurbed.de/p/hp-probook-450-g4-i5-7200u-15-6/
2026-01-11 03:36:46,537 - INFO - Scraping 3689/6851: https://www.refurbed.de/p/hp-probook-450-g4-i7-7600u-15-6/
2026-01-11 03:36:46,713 - ERROR - Error fetching https://www.refurbed.de/p/hp-probook-450-g4-i7-7600u-15-6/: 404 Client Error: Not Found for url: https://www.refurbed.de/p/hp-probook-450-g4-i7-7600u-15-6/
2026-01-11 03:36:47,715 - INFO - Scraping 3690/6851: https://www.refurbed.de/p/hp-probook-450-g5-8550u-15-6/
2026-01-11 03:36:49,182 - INFO - Scraping 3691/6851: https://www.refurbed.de/p/hp-probook-450-g5-i3-8130u-15-6/
2026-01-11 03:36:50,551 - INFO - Scraping 3692/6851: https://www.refurbed.de/p/hp-probook-450-g5-i5-8250u-15-6/
2026-01-11 03:36:51,887 - INFO - Scraping 3693/6851: https://www.refurbed.de/p/hp-probook-450-g6-i3-8145u/
2026-01-11 03:36:53,328 - INFO - Scraping 3694/6851: https://www.refurbed.de/p/hp-probook-450-g6-i5-8265u-15-6/
2026-01-11 03:36:54,765 - INFO - Scraping 3695/6851: https://www.refurbed.de/p/hp-probook-450-g7-i5-10210u-15-6/
2026-01-11 03:36:56,472 - INFO - Scraping 3696/6851: https://www.refurbed.de/p/hp-probook-450-g7-i7-10510u-15-6/
2026-01-11 03:36:57,855 - INFO - Scraping 3697/6851: https://www.refurbed.de/p/hp-probook-450-g7-i7-8550u-15-6/
2026-01-11 03:36:59,172 - INFO - Scraping 3698/6851: https://www.refurbed.de/p/hp-probook-450-g8-i3-1115g4/
2026-01-11 03:37:00,854 - INFO - Scraping 3699/6851: https://www.refurbed.de/p/hp-probook-450-g8-i5-1135g7-15-6/
2026-01-11 03:37:02,409 - INFO - Scraping 3700/6851: https://www.refurbed.de/p/hp-probook-450-g8-i7-1165g7-15-6/
2026-01-11 03:37:04,195 - INFO - Scraping 3701/6851: https://www.refurbed.de/p/hp-probook-450-g9-1215u-15-6/
2026-01-11 03:37:05,796 - INFO - Scraping 3702/6851: https://www.refurbed.de/p/hp-probook-450-g9-1235u-15-6/
2026-01-11 03:37:07,245 - INFO - Scraping 3703/6851: https://www.refurbed.de/p/hp-probook-450-g9-1255u-15-6/
2026-01-11 03:37:08,904 - INFO - Scraping 3704/6851: https://www.refurbed.de/p/hp-probook-455-g10-ryzen-3-7330u/
2026-01-11 03:37:10,211 - INFO - Scraping 3705/6851: https://www.refurbed.de/p/hp-probook-455-g10-ryzen-5-7530u/
2026-01-11 03:37:11,594 - INFO - Scraping 3706/6851: https://www.refurbed.de/p/hp-probook-455-g10-ryzen-7-7730u/
2026-01-11 03:37:12,943 - INFO - Scraping 3707/6851: https://www.refurbed.de/p/hp-probook-455-g7-ryzen-5-4500u/
2026-01-11 03:37:14,314 - INFO - Scraping 3708/6851: https://www.refurbed.de/p/hp-probook-455-g8-3-5400u-15-6/
2026-01-11 03:37:15,691 - INFO - Scraping 3709/6851: https://www.refurbed.de/p/hp-probook-455-g8-5-5600u-15-6/
2026-01-11 03:37:17,016 - INFO - Scraping 3710/6851: https://www.refurbed.de/p/hp-probook-455-g8-ryzen-7-5800u/
2026-01-11 03:37:18,479 - INFO - Scraping 3711/6851: https://www.refurbed.de/p/hp-probook-455-g9-r7-5825u-15-6/
2026-01-11 03:37:19,821 - INFO - Scraping 3712/6851: https://www.refurbed.de/p/hp-probook-455-g9-ryzen-5-5625u/
2026-01-11 03:37:21,134 - INFO - Scraping 3713/6851: https://www.refurbed.de/p/hp-probook-460-g11-5-125h/
2026-01-11 03:37:22,510 - INFO - Scraping 3714/6851: https://www.refurbed.de/p/hp-probook-460-g11-5-125u/
2026-01-11 03:37:24,061 - INFO - Scraping 3715/6851: https://www.refurbed.de/p/hp-probook-460-g11-7-155h/
2026-01-11 03:37:25,406 - INFO - Scraping 3716/6851: https://www.refurbed.de/p/hp-probook-460-g11-7-155u/
2026-01-11 03:37:26,749 - INFO - Scraping 3717/6851: https://www.refurbed.de/p/hp-probook-465-g11-r5-7535u-16/
2026-01-11 03:37:28,178 - INFO - Scraping 3718/6851: https://www.refurbed.de/p/hp-probook-465-g11-r7-7735u-16/
2026-01-11 03:37:29,638 - INFO - Scraping 3719/6851: https://www.refurbed.de/p/hp-probook-470-g2-5500u-17-3/
2026-01-11 03:37:29,812 - ERROR - Error fetching https://www.refurbed.de/p/hp-probook-470-g2-5500u-17-3/: 404 Client Error: Not Found for url: https://www.refurbed.de/p/hp-probook-470-g2-5500u-17-3/
2026-01-11 03:37:30,814 - INFO - Scraping 3720/6851: https://www.refurbed.de/p/hp-probook-470-g2-i5-4210u/
2026-01-11 03:37:31,001 - ERROR - Error fetching https://www.refurbed.de/p/hp-probook-470-g2-i5-4210u/: 404 Client Error: Not Found for url: https://www.refurbed.de/p/hp-probook-470-g2-i5-4210u/
2026-01-11 03:37:32,003 - INFO - Scraping 3721/6851: https://www.refurbed.de/p/hp-probook-470-g2-i5-5200u/
2026-01-11 03:37:32,172 - ERROR - Error fetching https://www.refurbed.de/p/hp-probook-470-g2-i5-5200u/: 404 Client Error: Not Found for url: https://www.refurbed.de/p/hp-probook-470-g2-i5-5200u/
2026-01-11 03:37:33,174 - INFO - Scraping 3722/6851: https://www.refurbed.de/p/hp-probook-470-g2-i7-4510u/
2026-01-11 03:37:33,404 - ERROR - Error fetching https://www.refurbed.de/p/hp-probook-470-g2-i7-4510u/: 404 Client Error: Not Found for url: https://www.refurbed.de/p/hp-probook-470-g2-i7-4510u/
2026-01-11 03:37:34,406 - INFO - Scraping 3723/6851: https://www.refurbed.de/p/hp-probook-470-g3-i3-6100u-17-3/
2026-01-11 03:37:34,617 - ERROR - Error fetching https://www.refurbed.de/p/hp-probook-470-g3-i3-6100u-17-3/: 404 Client Error: Not Found for url: https://www.refurbed.de/p/hp-probook-470-g3-i3-6100u-17-3/
2026-01-11 03:37:35,619 - INFO - Scraping 3724/6851: https://www.refurbed.de/p/hp-probook-470-g3-i5-6200u-17-3/
2026-01-11 03:37:35,778 - ERROR - Error fetching https://www.refurbed.de/p/hp-probook-470-g3-i5-6200u-17-3/: 404 Client Error: Not Found for url: https://www.refurbed.de/p/hp-probook-470-g3-i5-6200u-17-3/
2026-01-11 03:37:36,780 - INFO - Scraping 3725/6851: https://www.refurbed.de/p/hp-probook-470-g3-i7-6500u/
2026-01-11 03:37:37,375 - ERROR - Error fetching https://www.refurbed.de/p/hp-probook-470-g3-i7-6500u/: 404 Client Error: Not Found for url: https://www.refurbed.de/p/hp-probook-470-g3-i7-6500u/
2026-01-11 03:37:38,377 - INFO - Scraping 3726/6851: https://www.refurbed.de/p/hp-probook-470-g4-i5-7200u-17-3/
2026-01-11 03:37:38,565 - ERROR - Error fetching https://www.refurbed.de/p/hp-probook-470-g4-i5-7200u-17-3/: 404 Client Error: Not Found for url: https://www.refurbed.de/p/hp-probook-470-g4-i5-7200u-17-3/
2026-01-11 03:37:39,567 - INFO - Scraping 3727/6851: https://www.refurbed.de/p/hp-probook-470-g4-i7-7500u-17-3/
2026-01-11 03:37:39,764 - ERROR - Error fetching https://www.refurbed.de/p/hp-probook-470-g4-i7-7500u-17-3/: 404 Client Error: Not Found for url: https://www.refurbed.de/p/hp-probook-470-g4-i7-7500u-17-3/
2026-01-11 03:37:40,766 - INFO - Scraping 3728/6851: https://www.refurbed.de/p/hp-probook-470-g5-8250u/
2026-01-11 03:37:42,106 - INFO - Scraping 3729/6851: https://www.refurbed.de/p/hp-probook-470-g5-i78550u/
2026-01-11 03:37:43,420 - INFO - Scraping 3730/6851: https://www.refurbed.de/p/hp-probook-470-g7-i5-10310u/
2026-01-11 03:37:44,811 - INFO - Scraping 3731/6851: https://www.refurbed.de/p/hp-probook-470-g7-i7-10510u/
2026-01-11 03:37:46,133 - INFO - Scraping 3732/6851: https://www.refurbed.de/p/hp-probook-470-g8-i5-1135g7/
2026-01-11 03:37:47,704 - INFO - Scraping 3733/6851: https://www.refurbed.de/p/hp-probook-470-g8-i7-1165g7/
2026-01-11 03:37:49,016 - INFO - Scraping 3734/6851: https://www.refurbed.de/p/hp-probook-630-g8-i5-1135g7/
2026-01-11 03:37:50,592 - INFO - Scraping 3735/6851: https://www.refurbed.de/p/hp-probook-635-aero-g8-5800u/
2026-01-11 03:37:51,943 - INFO - Scraping 3736/6851: https://www.refurbed.de/p/hp-probook-640-g1-13-14/
2026-01-11 03:37:52,143 - ERROR - Error fetching https://www.refurbed.de/p/hp-probook-640-g1-13-14/: 404 Client Error: Not Found for url: https://www.refurbed.de/p/hp-probook-640-g1-13-14/
2026-01-11 03:37:53,146 - INFO - Scraping 3737/6851: https://www.refurbed.de/p/hp-probook-640-g1-4200m/
2026-01-11 03:37:53,510 - ERROR - Error fetching https://www.refurbed.de/p/hp-probook-640-g1-4200m/: 404 Client Error: Not Found for url: https://www.refurbed.de/p/hp-probook-640-g1-4200m/
2026-01-11 03:37:54,512 - INFO - Scraping 3738/6851: https://www.refurbed.de/p/hp-probook-640-g1-i5-4210m/
2026-01-11 03:37:54,693 - ERROR - Error fetching https://www.refurbed.de/p/hp-probook-640-g1-i5-4210m/: 404 Client Error: Not Found for url: https://www.refurbed.de/p/hp-probook-640-g1-i5-4210m/
2026-01-11 03:37:55,695 - INFO - Scraping 3739/6851: https://www.refurbed.de/p/hp-probook-640-g1-i5-4300m/
2026-01-11 03:37:56,143 - ERROR - Error fetching https://www.refurbed.de/p/hp-probook-640-g1-i5-4300m/: 404 Client Error: Not Found for url: https://www.refurbed.de/p/hp-probook-640-g1-i5-4300m/
2026-01-11 03:37:57,146 - INFO - Scraping 3740/6851: https://www.refurbed.de/p/hp-probook-640-g1-i5-4310m/
2026-01-11 03:37:57,330 - ERROR - Error fetching https://www.refurbed.de/p/hp-probook-640-g1-i5-4310m/: 404 Client Error: Not Found for url: https://www.refurbed.de/p/hp-probook-640-g1-i5-4310m/
2026-01-11 03:37:58,332 - INFO - Scraping 3741/6851: https://www.refurbed.de/p/hp-probook-640-g2-i3-6100u-14/
2026-01-11 03:37:58,508 - ERROR - Error fetching https://www.refurbed.de/p/hp-probook-640-g2-i3-6100u-14/: 404 Client Error: Not Found for url: https://www.refurbed.de/p/hp-probook-640-g2-i3-6100u-14/
2026-01-11 03:37:59,510 - INFO - Scraping 3742/6851: https://www.refurbed.de/p/hp-probook-640-g2-i5-14/
2026-01-11 03:37:59,810 - ERROR - Error fetching https://www.refurbed.de/p/hp-probook-640-g2-i5-14/: 404 Client Error: Not Found for url: https://www.refurbed.de/p/hp-probook-640-g2-i5-14/
2026-01-11 03:38:00,812 - INFO - Scraping 3743/6851: https://www.refurbed.de/p/hp-probook-640-g2-i5-6200u-14/
2026-01-11 03:38:01,098 - ERROR - Error fetching https://www.refurbed.de/p/hp-probook-640-g2-i5-6200u-14/: 404 Client Error: Not Found for url: https://www.refurbed.de/p/hp-probook-640-g2-i5-6200u-14/
2026-01-11 03:38:02,100 - INFO - Scraping 3744/6851: https://www.refurbed.de/p/hp-probook-640-g2-i5-6300u-14/
2026-01-11 03:38:02,315 - ERROR - Error fetching https://www.refurbed.de/p/hp-probook-640-g2-i5-6300u-14/: 404 Client Error: Not Found for url: https://www.refurbed.de/p/hp-probook-640-g2-i5-6300u-14/
2026-01-11 03:38:03,317 - INFO - Scraping 3745/6851: https://www.refurbed.de/p/hp-probook-640-g2-i7-6600u-14/
2026-01-11 03:38:03,497 - ERROR - Error fetching https://www.refurbed.de/p/hp-probook-640-g2-i7-6600u-14/: 404 Client Error: Not Found for url: https://www.refurbed.de/p/hp-probook-640-g2-i7-6600u-14/
2026-01-11 03:38:04,500 - INFO - Scraping 3746/6851: https://www.refurbed.de/p/hp-probook-640-g3-7100u/
2026-01-11 03:38:04,797 - ERROR - Error fetching https://www.refurbed.de/p/hp-probook-640-g3-7100u/: 404 Client Error: Not Found for url: https://www.refurbed.de/p/hp-probook-640-g3-7100u/
2026-01-11 03:38:05,800 - INFO - Scraping 3747/6851: https://www.refurbed.de/p/hp-probook-640-g3-7200u/
2026-01-11 03:38:06,077 - ERROR - Error fetching https://www.refurbed.de/p/hp-probook-640-g3-7200u/: 404 Client Error: Not Found for url: https://www.refurbed.de/p/hp-probook-640-g3-7200u/
2026-01-11 03:38:07,079 - INFO - Scraping 3748/6851: https://www.refurbed.de/p/hp-probook-640-g3-7300u/
2026-01-11 03:38:07,649 - ERROR - Error fetching https://www.refurbed.de/p/hp-probook-640-g3-7300u/: 404 Client Error: Not Found for url: https://www.refurbed.de/p/hp-probook-640-g3-7300u/
2026-01-11 03:38:08,651 - INFO - Scraping 3749/6851: https://www.refurbed.de/p/hp-probook-640-g4-8250u/
2026-01-11 03:38:10,728 - INFO - Scraping 3750/6851: https://www.refurbed.de/p/hp-probook-640-g4-8350u/
2026-01-11 03:38:12,474 - INFO - Scraping 3751/6851: https://www.refurbed.de/p/hp-probook-640-g4-8365u/
2026-01-11 03:38:13,774 - INFO - Scraping 3752/6851: https://www.refurbed.de/p/hp-probook-640-g4-i5-7200u/
2026-01-11 03:38:13,969 - ERROR - Error fetching https://www.refurbed.de/p/hp-probook-640-g4-i5-7200u/: 404 Client Error: Not Found for url: https://www.refurbed.de/p/hp-probook-640-g4-i5-7200u/
2026-01-11 03:38:14,971 - INFO - Scraping 3753/6851: https://www.refurbed.de/p/hp-probook-640-g4-i5-7300u/
2026-01-11 03:38:15,170 - ERROR - Error fetching https://www.refurbed.de/p/hp-probook-640-g4-i5-7300u/: 404 Client Error: Not Found for url: https://www.refurbed.de/p/hp-probook-640-g4-i5-7300u/
2026-01-11 03:38:16,173 - INFO - Scraping 3754/6851: https://www.refurbed.de/p/hp-probook-640-g5-8145u-14/
2026-01-11 03:38:17,514 - INFO - Scraping 3755/6851: https://www.refurbed.de/p/hp-probook-640-g5-8265u-14/
2026-01-11 03:38:19,087 - INFO - Scraping 3756/6851: https://www.refurbed.de/p/hp-probook-640-g5-8365u-14/
2026-01-11 03:38:20,586 - INFO - Scraping 3757/6851: https://www.refurbed.de/p/hp-probook-640-g8-i5-1135g7-14/
2026-01-11 03:38:22,070 - INFO - Scraping 3758/6851: https://www.refurbed.de/p/hp-probook-640-g8-i5-1145g7/
2026-01-11 03:38:23,649 - INFO - Scraping 3759/6851: https://www.refurbed.de/p/hp-probook-640-g8-i7-1165g7-14/
2026-01-11 03:38:25,074 - INFO - Scraping 3760/6851: https://www.refurbed.de/p/hp-probook-640-g9-i5-1235u-14/
2026-01-11 03:38:26,502 - INFO - Scraping 3761/6851: https://www.refurbed.de/p/hp-probook-645-g1-amd-a6-2-7-ghz/
2026-01-11 03:38:26,751 - ERROR - Error fetching https://www.refurbed.de/p/hp-probook-645-g1-amd-a6-2-7-ghz/: 404 Client Error: Not Found for url: https://www.refurbed.de/p/hp-probook-645-g1-amd-a6-2-7-ghz/
2026-01-11 03:38:27,753 - INFO - Scraping 3762/6851: https://www.refurbed.de/p/hp-probook-645-g1-amd-a6-5350m/
2026-01-11 03:38:27,931 - ERROR - Error fetching https://www.refurbed.de/p/hp-probook-645-g1-amd-a6-5350m/: 404 Client Error: Not Found for url: https://www.refurbed.de/p/hp-probook-645-g1-amd-a6-5350m/
2026-01-11 03:38:28,933 - INFO - Scraping 3763/6851: https://www.refurbed.de/p/hp-probook-645-g1-amd-a8-5550m/
2026-01-11 03:38:29,120 - ERROR - Error fetching https://www.refurbed.de/p/hp-probook-645-g1-amd-a8-5550m/: 404 Client Error: Not Found for url: https://www.refurbed.de/p/hp-probook-645-g1-amd-a8-5550m/
2026-01-11 03:38:30,122 - INFO - Scraping 3764/6851: https://www.refurbed.de/p/hp-probook-645-g2-pro-a6-8500/
2026-01-11 03:38:30,473 - ERROR - Error fetching https://www.refurbed.de/p/hp-probook-645-g2-pro-a6-8500/: 404 Client Error: Not Found for url: https://www.refurbed.de/p/hp-probook-645-g2-pro-a6-8500/
2026-01-11 03:38:31,475 - INFO - Scraping 3765/6851: https://www.refurbed.de/p/hp-probook-645-g2-pro-a8-8600b/
2026-01-11 03:38:31,647 - ERROR - Error fetching https://www.refurbed.de/p/hp-probook-645-g2-pro-a8-8600b/: 404 Client Error: Not Found for url: https://www.refurbed.de/p/hp-probook-645-g2-pro-a8-8600b/
2026-01-11 03:38:32,649 - INFO - Scraping 3766/6851: https://www.refurbed.de/p/hp-probook-645-g3-pro-a6-8530b/
2026-01-11 03:38:32,821 - ERROR - Error fetching https://www.refurbed.de/p/hp-probook-645-g3-pro-a6-8530b/: 404 Client Error: Not Found for url: https://www.refurbed.de/p/hp-probook-645-g3-pro-a6-8530b/
2026-01-11 03:38:33,823 - INFO - Scraping 3767/6851: https://www.refurbed.de/p/hp-probook-645-g4-ryzen-3-pro230/
2026-01-11 03:38:34,017 - ERROR - Error fetching https://www.refurbed.de/p/hp-probook-645-g4-ryzen-3-pro230/: 404 Client Error: Not Found for url: https://www.refurbed.de/p/hp-probook-645-g4-ryzen-3-pro230/
2026-01-11 03:38:35,019 - INFO - Scraping 3768/6851: https://www.refurbed.de/p/hp-probook-645-g4-ryzen-5-pro250/
2026-01-11 03:38:36,471 - INFO - Scraping 3769/6851: https://www.refurbed.de/p/hp-probook-645-g4-ryzen-7-pro/
2026-01-11 03:38:36,690 - ERROR - Error fetching https://www.refurbed.de/p/hp-probook-645-g4-ryzen-7-pro/: 404 Client Error: Not Found for url: https://www.refurbed.de/p/hp-probook-645-g4-ryzen-7-pro/
2026-01-11 03:38:37,692 - INFO - Scraping 3770/6851: https://www.refurbed.de/p/hp-probook-650-g1-4300m/
2026-01-11 03:38:37,889 - ERROR - Error fetching https://www.refurbed.de/p/hp-probook-650-g1-4300m/: 404 Client Error: Not Found for url: https://www.refurbed.de/p/hp-probook-650-g1-4300m/
2026-01-11 03:38:38,892 - INFO - Scraping 3771/6851: https://www.refurbed.de/p/hp-probook-650-g1-celeron-2950m/
2026-01-11 03:38:39,072 - ERROR - Error fetching https://www.refurbed.de/p/hp-probook-650-g1-celeron-2950m/: 404 Client Error: Not Found for url: https://www.refurbed.de/p/hp-probook-650-g1-celeron-2950m/
2026-01-11 03:38:40,074 - INFO - Scraping 3772/6851: https://www.refurbed.de/p/hp-probook-650-g1-i3-4000m-15-6/
2026-01-11 03:38:40,374 - ERROR - Error fetching https://www.refurbed.de/p/hp-probook-650-g1-i3-4000m-15-6/: 404 Client Error: Not Found for url: https://www.refurbed.de/p/hp-probook-650-g1-i3-4000m-15-6/
2026-01-11 03:38:41,377 - INFO - Scraping 3773/6851: https://www.refurbed.de/p/hp-probook-650-g1-i5-4210m/
2026-01-11 03:38:41,569 - ERROR - Error fetching https://www.refurbed.de/p/hp-probook-650-g1-i5-4210m/: 404 Client Error: Not Found for url: https://www.refurbed.de/p/hp-probook-650-g1-i5-4210m/
2026-01-11 03:38:42,571 - INFO - Scraping 3774/6851: https://www.refurbed.de/p/hp-probook-650-g1-i5-4310m-15-6/
2026-01-11 03:38:42,765 - ERROR - Error fetching https://www.refurbed.de/p/hp-probook-650-g1-i5-4310m-15-6/: 404 Client Error: Not Found for url: https://www.refurbed.de/p/hp-probook-650-g1-i5-4310m-15-6/
2026-01-11 03:38:43,768 - INFO - Scraping 3775/6851: https://www.refurbed.de/p/hp-probook-650-g1-i7-4600u/
2026-01-11 03:38:43,944 - ERROR - Error fetching https://www.refurbed.de/p/hp-probook-650-g1-i7-4600u/: 404 Client Error: Not Found for url: https://www.refurbed.de/p/hp-probook-650-g1-i7-4600u/
2026-01-11 03:38:44,947 - INFO - Scraping 3776/6851: https://www.refurbed.de/p/hp-probook-650-g1-i7-4610m-15-6/
2026-01-11 03:38:45,149 - ERROR - Error fetching https://www.refurbed.de/p/hp-probook-650-g1-i7-4610m-15-6/: 404 Client Error: Not Found for url: https://www.refurbed.de/p/hp-probook-650-g1-i7-4610m-15-6/
2026-01-11 03:38:46,152 - INFO - Scraping 3777/6851: https://www.refurbed.de/p/hp-probook-650-g1-i7-4702mq/
2026-01-11 03:38:46,330 - ERROR - Error fetching https://www.refurbed.de/p/hp-probook-650-g1-i7-4702mq/: 404 Client Error: Not Found for url: https://www.refurbed.de/p/hp-probook-650-g1-i7-4702mq/
2026-01-11 03:38:47,332 - INFO - Scraping 3778/6851: https://www.refurbed.de/p/hp-probook-650-g2-6100u/
2026-01-11 03:38:47,523 - ERROR - Error fetching https://www.refurbed.de/p/hp-probook-650-g2-6100u/: 404 Client Error: Not Found for url: https://www.refurbed.de/p/hp-probook-650-g2-6100u/
2026-01-11 03:38:48,525 - INFO - Scraping 3779/6851: https://www.refurbed.de/p/hp-probook-650-g2-6200u/
2026-01-11 03:38:48,708 - ERROR - Error fetching https://www.refurbed.de/p/hp-probook-650-g2-6200u/: 404 Client Error: Not Found for url: https://www.refurbed.de/p/hp-probook-650-g2-6200u/
2026-01-11 03:38:49,710 - INFO - Scraping 3780/6851: https://www.refurbed.de/p/hp-probook-650-g2-6300u/
2026-01-11 03:38:49,883 - ERROR - Error fetching https://www.refurbed.de/p/hp-probook-650-g2-6300u/: 404 Client Error: Not Found for url: https://www.refurbed.de/p/hp-probook-650-g2-6300u/
2026-01-11 03:38:50,885 - INFO - Scraping 3781/6851: https://www.refurbed.de/p/hp-probook-650-g2-6440hq/
2026-01-11 03:38:51,198 - ERROR - Error fetching https://www.refurbed.de/p/hp-probook-650-g2-6440hq/: 404 Client Error: Not Found for url: https://www.refurbed.de/p/hp-probook-650-g2-6440hq/
2026-01-11 03:38:52,200 - INFO - Scraping 3782/6851: https://www.refurbed.de/p/hp-probook-650-g2-6600u-15-6/
2026-01-11 03:38:52,405 - ERROR - Error fetching https://www.refurbed.de/p/hp-probook-650-g2-6600u-15-6/: 404 Client Error: Not Found for url: https://www.refurbed.de/p/hp-probook-650-g2-6600u-15-6/
2026-01-11 03:38:53,407 - INFO - Scraping 3783/6851: https://www.refurbed.de/p/hp-probook-650-g3-i5-7200u-15-6/
2026-01-11 03:38:53,585 - ERROR - Error fetching https://www.refurbed.de/p/hp-probook-650-g3-i5-7200u-15-6/: 404 Client Error: Not Found for url: https://www.refurbed.de/p/hp-probook-650-g3-i5-7200u-15-6/
2026-01-11 03:38:54,587 - INFO - Scraping 3784/6851: https://www.refurbed.de/p/hp-probook-650-g3-i5-7300u/
2026-01-11 03:38:54,768 - ERROR - Error fetching https://www.refurbed.de/p/hp-probook-650-g3-i5-7300u/: 404 Client Error: Not Found for url: https://www.refurbed.de/p/hp-probook-650-g3-i5-7300u/
2026-01-11 03:38:55,770 - INFO - Scraping 3785/6851: https://www.refurbed.de/p/hp-probook-650-g3-i7-7600u/
2026-01-11 03:38:55,970 - ERROR - Error fetching https://www.refurbed.de/p/hp-probook-650-g3-i7-7600u/: 404 Client Error: Not Found for url: https://www.refurbed.de/p/hp-probook-650-g3-i7-7600u/
2026-01-11 03:38:56,972 - INFO - Scraping 3786/6851: https://www.refurbed.de/p/hp-probook-650-g3-i7-7820hq/
2026-01-11 03:38:58,317 - INFO - Scraping 3787/6851: https://www.refurbed.de/p/hp-probook-650-g4-8250u/
2026-01-11 03:38:59,874 - INFO - Scraping 3788/6851: https://www.refurbed.de/p/hp-probook-650-g4-8350u/
2026-01-11 03:39:01,231 - INFO - Scraping 3789/6851: https://www.refurbed.de/p/hp-probook-650-g4-i3-8130u/
2026-01-11 03:39:02,621 - INFO - Scraping 3790/6851: https://www.refurbed.de/p/hp-probook-650-g4-i5-7200u/
2026-01-11 03:39:02,813 - ERROR - Error fetching https://www.refurbed.de/p/hp-probook-650-g4-i5-7200u/: 404 Client Error: Not Found for url: https://www.refurbed.de/p/hp-probook-650-g4-i5-7200u/
2026-01-11 03:39:03,815 - INFO - Scraping 3791/6851: https://www.refurbed.de/p/hp-probook-650-g4-i5-7300u/
2026-01-11 03:39:03,994 - ERROR - Error fetching https://www.refurbed.de/p/hp-probook-650-g4-i5-7300u/: 404 Client Error: Not Found for url: https://www.refurbed.de/p/hp-probook-650-g4-i5-7300u/
2026-01-11 03:39:04,996 - INFO - Scraping 3792/6851: https://www.refurbed.de/p/hp-probook-650-g4-i7-8550u/
2026-01-11 03:39:06,306 - INFO - Scraping 3793/6851: https://www.refurbed.de/p/hp-probook-650-g4-i7-8650u/
2026-01-11 03:39:07,643 - INFO - Scraping 3794/6851: https://www.refurbed.de/p/hp-probook-650-g5-i3-8145u-15-6/
2026-01-11 03:39:09,037 - INFO - Scraping 3795/6851: https://www.refurbed.de/p/hp-probook-650-g5-i5-8265u-15-6/
2026-01-11 03:39:10,729 - INFO - Scraping 3796/6851: https://www.refurbed.de/p/hp-probook-650-g5-i5-8365u-15-6/
2026-01-11 03:39:12,297 - INFO - Scraping 3797/6851: https://www.refurbed.de/p/hp-probook-650-g5-i7-8665u-15-6/
2026-01-11 03:39:13,783 - INFO - Scraping 3798/6851: https://www.refurbed.de/p/hp-probook-650-g8-1115g4/
2026-01-11 03:39:15,229 - INFO - Scraping 3799/6851: https://www.refurbed.de/p/hp-probook-650-g8-1135g7/
2026-01-11 03:39:16,790 - INFO - Scraping 3800/6851: https://www.refurbed.de/p/hp-probook-650-g8-i5-1145g7/
2026-01-11 03:39:18,471 - INFO - Scraping 3801/6851: https://www.refurbed.de/p/hp-probook-650-g8-i7-1165g7/
2026-01-11 03:39:19,780 - INFO - Scraping 3802/6851: https://www.refurbed.de/p/hp-probook-650-g9-i7-1255u/
2026-01-11 03:39:21,306 - INFO - Scraping 3803/6851: https://www.refurbed.de/p/hp-probook-655-g1-a10-4600m/
2026-01-11 03:39:21,562 - ERROR - Error fetching https://www.refurbed.de/p/hp-probook-655-g1-a10-4600m/: 404 Client Error: Not Found for url: https://www.refurbed.de/p/hp-probook-655-g1-a10-4600m/
2026-01-11 03:39:22,564 - INFO - Scraping 3804/6851: https://www.refurbed.de/p/hp-probook-655-g1-a10-5750m/
2026-01-11 03:39:22,808 - ERROR - Error fetching https://www.refurbed.de/p/hp-probook-655-g1-a10-5750m/: 404 Client Error: Not Found for url: https://www.refurbed.de/p/hp-probook-655-g1-a10-5750m/
2026-01-11 03:39:23,810 - INFO - Scraping 3805/6851: https://www.refurbed.de/p/hp-probook-655-g2-pro-a10-8700b/
2026-01-11 03:39:24,002 - ERROR - Error fetching https://www.refurbed.de/p/hp-probook-655-g2-pro-a10-8700b/: 404 Client Error: Not Found for url: https://www.refurbed.de/p/hp-probook-655-g2-pro-a10-8700b/
2026-01-11 03:39:25,004 - INFO - Scraping 3806/6851: https://www.refurbed.de/p/hp-probook-655-g3-pro-a8-9600b/
2026-01-11 03:39:25,186 - ERROR - Error fetching https://www.refurbed.de/p/hp-probook-655-g3-pro-a8-9600b/: 404 Client Error: Not Found for url: https://www.refurbed.de/p/hp-probook-655-g3-pro-a8-9600b/
2026-01-11 03:39:26,188 - INFO - Scraping 3807/6851: https://www.refurbed.de/p/hp-probook-6570b-i5-3360m-15/
2026-01-11 03:39:26,573 - ERROR - Error fetching https://www.refurbed.de/p/hp-probook-6570b-i5-3360m-15/: 404 Client Error: Not Found for url: https://www.refurbed.de/p/hp-probook-6570b-i5-3360m-15/
2026-01-11 03:39:27,575 - INFO - Scraping 3808/6851: https://www.refurbed.de/p/hp-probook-850-g3-i7-6600u/
2026-01-11 03:39:27,767 - ERROR - Error fetching https://www.refurbed.de/p/hp-probook-850-g3-i7-6600u/: 404 Client Error: Not Found for url: https://www.refurbed.de/p/hp-probook-850-g3-i7-6600u/
2026-01-11 03:39:28,769 - INFO - Scraping 3809/6851: https://www.refurbed.de/p/hp-probook-fortis-14-g10-n4500/
2026-01-11 03:39:30,095 - INFO - Scraping 3810/6851: https://www.refurbed.de/p/hp-probook-x360-11-g3-n4100/
2026-01-11 03:39:31,456 - INFO - Scraping 3811/6851: https://www.refurbed.de/p/hp-probook-x360-11-g3-n5000/
2026-01-11 03:39:32,750 - INFO - Scraping 3812/6851: https://www.refurbed.de/p/hp-probook-x360-11-g4-8100y-11-6/
2026-01-11 03:39:34,071 - INFO - Scraping 3813/6851: https://www.refurbed.de/p/hp-probook-x360-11-g5-ee-n4100/
2026-01-11 03:39:35,433 - INFO - Scraping 3814/6851: https://www.refurbed.de/p/hp-probook-x360-435-g7-5-4500u/
2026-01-11 03:39:36,769 - INFO - Scraping 3815/6851: https://www.refurbed.de/p/hp-probook-x360-435-g7-7-4700u/
2026-01-11 03:39:38,146 - INFO - Scraping 3816/6851: https://www.refurbed.de/p/hp-probook-x360-435-g8-5-5600u/
2026-01-11 03:39:39,594 - INFO - Scraping 3817/6851: https://www.refurbed.de/p/hp-probook-x360-435-g8-7-5800u/
2026-01-11 03:39:41,076 - INFO - Scraping 3818/6851: https://www.refurbed.de/p/hp-probook-x360-435-g9-5-5625u/
2026-01-11 03:39:42,391 - INFO - Scraping 3819/6851: https://www.refurbed.de/p/hp-probook-x360-435-g9-7-5825u/
2026-01-11 03:39:43,723 - INFO - Scraping 3820/6851: https://www.refurbed.de/p/hp-probook-x360-440-g1-8130u/
2026-01-11 03:39:45,347 - INFO - Scraping 3821/6851: https://www.refurbed.de/p/hp-probook-x360-440-g1-8250u/
2026-01-11 03:39:46,696 - INFO - Scraping 3822/6851: https://www.refurbed.de/p/hp-probook-x360-440-g1-i5-8400/
2026-01-11 03:39:48,099 - INFO - Scraping 3823/6851: https://www.refurbed.de/p/hp-probook-x360-440-g1-i7-8550u/
2026-01-11 03:39:49,426 - INFO - Scraping 3824/6851: https://www.refurbed.de/p/hp-probook-x360-g1-celeron-n3350/
2026-01-11 03:39:49,643 - ERROR - Error fetching https://www.refurbed.de/p/hp-probook-x360-g1-celeron-n3350/: 404 Client Error: Not Found for url: https://www.refurbed.de/p/hp-probook-x360-g1-celeron-n3350/
2026-01-11 03:39:50,645 - INFO - Scraping 3825/6851: https://www.refurbed.de/p/hp-probook-x360-g1-n4200/
2026-01-11 03:39:50,836 - ERROR - Error fetching https://www.refurbed.de/p/hp-probook-x360-g1-n4200/: 404 Client Error: Not Found for url: https://www.refurbed.de/p/hp-probook-x360-g1-n4200/
2026-01-11 03:39:51,838 - INFO - Scraping 3826/6851: https://www.refurbed.de/p/hp-probook650-g1-i5-4200m/
2026-01-11 03:39:52,270 - ERROR - Error fetching https://www.refurbed.de/p/hp-probook650-g1-i5-4200m/: 404 Client Error: Not Found for url: https://www.refurbed.de/p/hp-probook650-g1-i5-4200m/
2026-01-11 03:39:53,271 - INFO - Scraping 3827/6851: https://www.refurbed.de/p/hp-procurve-switch-2610-48-pwr/
2026-01-11 03:39:54,623 - INFO - Scraping 3828/6851: https://www.refurbed.de/p/hp-procurve-switch-2610-48/
2026-01-11 03:39:55,980 - INFO - Scraping 3829/6851: https://www.refurbed.de/p/hp-prodesk-400-g1-dm-i3/
2026-01-11 03:39:56,191 - ERROR - Error fetching https://www.refurbed.de/p/hp-prodesk-400-g1-dm-i3/: 404 Client Error: Not Found for url: https://www.refurbed.de/p/hp-prodesk-400-g1-dm-i3/
2026-01-11 03:39:57,193 - INFO - Scraping 3830/6851: https://www.refurbed.de/p/hp-prodesk-400-g1-mt/
2026-01-11 03:39:57,373 - ERROR - Error fetching https://www.refurbed.de/p/hp-prodesk-400-g1-mt/: 404 Client Error: Not Found for url: https://www.refurbed.de/p/hp-prodesk-400-g1-mt/
2026-01-11 03:39:58,375 - INFO - Scraping 3831/6851: https://www.refurbed.de/p/hp-prodesk-400-g1-sff/
2026-01-11 03:39:58,550 - ERROR - Error fetching https://www.refurbed.de/p/hp-prodesk-400-g1-sff/: 404 Client Error: Not Found for url: https://www.refurbed.de/p/hp-prodesk-400-g1-sff/
2026-01-11 03:39:59,552 - INFO - Scraping 3832/6851: https://www.refurbed.de/p/hp-prodesk-400-g2-dm-i5/
2026-01-11 03:40:00,854 - INFO - Scraping 3833/6851: https://www.refurbed.de/p/hp-prodesk-400-g2-mt/
2026-01-11 03:40:01,076 - ERROR - Error fetching https://www.refurbed.de/p/hp-prodesk-400-g2-mt/: 404 Client Error: Not Found for url: https://www.refurbed.de/p/hp-prodesk-400-g2-mt/
2026-01-11 03:40:02,079 - INFO - Scraping 3834/6851: https://www.refurbed.de/p/hp-prodesk-400-g3-6-gen/
2026-01-11 03:40:02,299 - ERROR - Error fetching https://www.refurbed.de/p/hp-prodesk-400-g3-6-gen/: 404 Client Error: Not Found for url: https://www.refurbed.de/p/hp-prodesk-400-g3-6-gen/
2026-01-11 03:40:03,301 - INFO - Scraping 3835/6851: https://www.refurbed.de/p/hp-prodesk-400-g3-dm/
2026-01-11 03:40:03,488 - ERROR - Error fetching https://www.refurbed.de/p/hp-prodesk-400-g3-dm/: 404 Client Error: Not Found for url: https://www.refurbed.de/p/hp-prodesk-400-g3-dm/
2026-01-11 03:40:04,490 - INFO - Scraping 3836/6851: https://www.refurbed.de/p/hp-prodesk-400-g3-mt/
2026-01-11 03:40:04,680 - ERROR - Error fetching https://www.refurbed.de/p/hp-prodesk-400-g3-mt/: 404 Client Error: Not Found for url: https://www.refurbed.de/p/hp-prodesk-400-g3-mt/
2026-01-11 03:40:05,682 - INFO - Scraping 3837/6851: https://www.refurbed.de/p/hp-prodesk-400-g4-dm/
2026-01-11 03:40:07,202 - INFO - Scraping 3838/6851: https://www.refurbed.de/p/hp-prodesk-400-g4-mt/
2026-01-11 03:40:07,447 - ERROR - Error fetching https://www.refurbed.de/p/hp-prodesk-400-g4-mt/: 404 Client Error: Not Found for url: https://www.refurbed.de/p/hp-prodesk-400-g4-mt/
2026-01-11 03:40:08,449 - INFO - Scraping 3839/6851: https://www.refurbed.de/p/hp-prodesk-400-g4-sff/
2026-01-11 03:40:08,656 - ERROR - Error fetching https://www.refurbed.de/p/hp-prodesk-400-g4-sff/: 404 Client Error: Not Found for url: https://www.refurbed.de/p/hp-prodesk-400-g4-sff/
2026-01-11 03:40:09,658 - INFO - Scraping 3840/6851: https://www.refurbed.de/p/hp-prodesk-400-g5-dm/
2026-01-11 03:40:17,266 - INFO - Scraping 3841/6851: https://www.refurbed.de/p/hp-prodesk-400-g5-mt/
2026-01-11 03:40:19,141 - INFO - Scraping 3842/6851: https://www.refurbed.de/p/hp-prodesk-400-g5-sff/
2026-01-11 03:40:20,623 - INFO - Scraping 3843/6851: https://www.refurbed.de/p/hp-prodesk-400-g6-dm/
2026-01-11 03:40:22,136 - INFO - Scraping 3844/6851: https://www.refurbed.de/p/hp-prodesk-400-g6-mt/
2026-01-11 03:40:23,485 - INFO - Scraping 3845/6851: https://www.refurbed.de/p/hp-prodesk-400-g6-sff/
2026-01-11 03:40:25,352 - INFO - Scraping 3846/6851: https://www.refurbed.de/p/hp-prodesk-400-g7-mt/
2026-01-11 03:40:26,767 - INFO - Scraping 3847/6851: https://www.refurbed.de/p/hp-prodesk-400-g7-sff/
2026-01-11 03:40:28,188 - INFO - Scraping 3848/6851: https://www.refurbed.de/p/hp-prodesk-405-g4-dm/
2026-01-11 03:40:28,496 - ERROR - Error fetching https://www.refurbed.de/p/hp-prodesk-405-g4-dm/: 404 Client Error: Not Found for url: https://www.refurbed.de/p/hp-prodesk-405-g4-dm/
2026-01-11 03:40:29,498 - INFO - Scraping 3849/6851: https://www.refurbed.de/p/hp-prodesk-405-g4-sff/
2026-01-11 03:40:29,832 - ERROR - Error fetching https://www.refurbed.de/p/hp-prodesk-405-g4-sff/: 404 Client Error: Not Found for url: https://www.refurbed.de/p/hp-prodesk-405-g4-sff/
2026-01-11 03:40:30,835 - INFO - Scraping 3850/6851: https://www.refurbed.de/p/hp-prodesk-405-g8-dm/
2026-01-11 03:40:32,261 - INFO - Scraping 3851/6851: https://www.refurbed.de/p/hp-prodesk-490-g2-mt/
2026-01-11 03:40:32,440 - ERROR - Error fetching https://www.refurbed.de/p/hp-prodesk-490-g2-mt/: 404 Client Error: Not Found for url: https://www.refurbed.de/p/hp-prodesk-490-g2-mt/
2026-01-11 03:40:33,442 - INFO - Scraping 3852/6851: https://www.refurbed.de/p/hp-prodesk-490-g3-mt/
2026-01-11 03:40:33,605 - ERROR - Error fetching https://www.refurbed.de/p/hp-prodesk-490-g3-mt/: 404 Client Error: Not Found for url: https://www.refurbed.de/p/hp-prodesk-490-g3-mt/
2026-01-11 03:40:34,607 - INFO - Scraping 3853/6851: https://www.refurbed.de/p/hp-prodesk-600-g1-dm-i3/
2026-01-11 03:40:34,876 - ERROR - Error fetching https://www.refurbed.de/p/hp-prodesk-600-g1-dm-i3/: 404 Client Error: Not Found for url: https://www.refurbed.de/p/hp-prodesk-600-g1-dm-i3/
2026-01-11 03:40:35,879 - INFO - Scraping 3854/6851: https://www.refurbed.de/p/hp-prodesk-600-g1-sff/
2026-01-11 03:40:36,054 - ERROR - Error fetching https://www.refurbed.de/p/hp-prodesk-600-g1-sff/: 404 Client Error: Not Found for url: https://www.refurbed.de/p/hp-prodesk-600-g1-sff/
2026-01-11 03:40:37,056 - INFO - Scraping 3855/6851: https://www.refurbed.de/p/hp-prodesk-600-g1-twr-g3220/
2026-01-11 03:40:37,225 - ERROR - Error fetching https://www.refurbed.de/p/hp-prodesk-600-g1-twr-g3220/: 404 Client Error: Not Found for url: https://www.refurbed.de/p/hp-prodesk-600-g1-twr-g3220/
2026-01-11 03:40:38,227 - INFO - Scraping 3856/6851: https://www.refurbed.de/p/hp-prodesk-600-g2-mt/
2026-01-11 03:40:38,401 - ERROR - Error fetching https://www.refurbed.de/p/hp-prodesk-600-g2-mt/: 404 Client Error: Not Found for url: https://www.refurbed.de/p/hp-prodesk-600-g2-mt/
2026-01-11 03:40:39,403 - INFO - Scraping 3857/6851: https://www.refurbed.de/p/hp-prodesk-600-g2-sff/
2026-01-11 03:40:39,575 - ERROR - Error fetching https://www.refurbed.de/p/hp-prodesk-600-g2-sff/: 404 Client Error: Not Found for url: https://www.refurbed.de/p/hp-prodesk-600-g2-sff/
2026-01-11 03:40:40,576 - INFO - Scraping 3858/6851: https://www.refurbed.de/p/hp-prodesk-600-g2-usff/
2026-01-11 03:40:40,838 - ERROR - Error fetching https://www.refurbed.de/p/hp-prodesk-600-g2-usff/: 404 Client Error: Not Found for url: https://www.refurbed.de/p/hp-prodesk-600-g2-usff/
2026-01-11 03:40:41,840 - INFO - Scraping 3859/6851: https://www.refurbed.de/p/hp-prodesk-600-g3-dm/
2026-01-11 03:40:42,487 - ERROR - Error fetching https://www.refurbed.de/p/hp-prodesk-600-g3-dm/: 404 Client Error: Not Found for url: https://www.refurbed.de/p/hp-prodesk-600-g3-dm/
2026-01-11 03:40:43,489 - INFO - Scraping 3860/6851: https://www.refurbed.de/p/hp-prodesk-600-g3-mt/
2026-01-11 03:40:43,658 - ERROR - Error fetching https://www.refurbed.de/p/hp-prodesk-600-g3-mt/: 404 Client Error: Not Found for url: https://www.refurbed.de/p/hp-prodesk-600-g3-mt/
2026-01-11 03:40:44,660 - INFO - Scraping 3861/6851: https://www.refurbed.de/p/hp-prodesk-600-g3-sff/
2026-01-11 03:40:44,837 - ERROR - Error fetching https://www.refurbed.de/p/hp-prodesk-600-g3-sff/: 404 Client Error: Not Found for url: https://www.refurbed.de/p/hp-prodesk-600-g3-sff/
2026-01-11 03:40:45,839 - INFO - Scraping 3862/6851: https://www.refurbed.de/p/hp-prodesk-600-g4-dm-intel-8th-g/
2026-01-11 03:40:47,287 - INFO - Scraping 3863/6851: https://www.refurbed.de/p/hp-prodesk-600-g4-mt/
2026-01-11 03:40:48,778 - INFO - Scraping 3864/6851: https://www.refurbed.de/p/hp-prodesk-600-g4-sff/
2026-01-11 03:40:50,231 - INFO - Scraping 3865/6851: https://www.refurbed.de/p/hp-prodesk-600-g5-dm-intel-9th-g/
2026-01-11 03:40:51,739 - INFO - Scraping 3866/6851: https://www.refurbed.de/p/hp-prodesk-600-g5-mt/
2026-01-11 03:40:53,198 - INFO - Scraping 3867/6851: https://www.refurbed.de/p/hp-prodesk-600-g5-sff/
2026-01-11 03:40:54,642 - INFO - Scraping 3868/6851: https://www.refurbed.de/p/hp-prodesk-600-g6-dm/
2026-01-11 03:40:56,162 - INFO - Scraping 3869/6851: https://www.refurbed.de/p/hp-prodesk-600-g6-mt/
2026-01-11 03:40:57,482 - INFO - Scraping 3870/6851: https://www.refurbed.de/p/hp-prodesk-600-g6-sff/
2026-01-11 03:40:58,995 - INFO - Scraping 3871/6851: https://www.refurbed.de/p/hp-prodesk-800-g2-sff/
2026-01-11 03:40:59,300 - ERROR - Error fetching https://www.refurbed.de/p/hp-prodesk-800-g2-sff/: 404 Client Error: Not Found for url: https://www.refurbed.de/p/hp-prodesk-800-g2-sff/
2026-01-11 03:41:00,302 - INFO - Scraping 3872/6851: https://www.refurbed.de/p/hp-prodisplay-p201-10/
2026-01-11 03:41:01,721 - INFO - Scraping 3873/6851: https://www.refurbed.de/p/hp-prodisplay-p222va/
2026-01-11 03:41:03,319 - INFO - Scraping 3874/6851: https://www.refurbed.de/p/hp-proone-240-g9-aio/
2026-01-11 03:41:04,892 - INFO - Scraping 3875/6851: https://www.refurbed.de/p/hp-proone-400-g2-aio/
2026-01-11 03:41:05,086 - ERROR - Error fetching https://www.refurbed.de/p/hp-proone-400-g2-aio/: 404 Client Error: Not Found for url: https://www.refurbed.de/p/hp-proone-400-g2-aio/
2026-01-11 03:41:06,088 - INFO - Scraping 3876/6851: https://www.refurbed.de/p/hp-proone-440-g4-aio-23-8/
2026-01-11 03:41:07,572 - INFO - Scraping 3877/6851: https://www.refurbed.de/p/hp-proone-440-g6-aio-23-8/
2026-01-11 03:41:08,979 - INFO - Scraping 3878/6851: https://www.refurbed.de/p/hp-proone-440-g9-aio/
2026-01-11 03:41:10,386 - INFO - Scraping 3879/6851: https://www.refurbed.de/p/hp-proone-600-g1-aio-21-5/
2026-01-11 03:41:10,835 - ERROR - Error fetching https://www.refurbed.de/p/hp-proone-600-g1-aio-21-5/: 404 Client Error: Not Found for url: https://www.refurbed.de/p/hp-proone-600-g1-aio-21-5/
2026-01-11 03:41:11,837 - INFO - Scraping 3880/6851: https://www.refurbed.de/p/hp-proone-600-g3-aio-21-5/
2026-01-11 03:41:12,018 - ERROR - Error fetching https://www.refurbed.de/p/hp-proone-600-g3-aio-21-5/: 404 Client Error: Not Found for url: https://www.refurbed.de/p/hp-proone-600-g3-aio-21-5/
2026-01-11 03:41:13,020 - INFO - Scraping 3881/6851: https://www.refurbed.de/p/hp-proone-600-g4-aio-21-5/
2026-01-11 03:41:14,327 - INFO - Scraping 3882/6851: https://www.refurbed.de/p/hp-proone-600-g5-aio-21-5/
2026-01-11 03:41:15,640 - INFO - Scraping 3883/6851: https://www.refurbed.de/p/hp-proone-600-g6-aio/
2026-01-11 03:41:17,312 - INFO - Scraping 3884/6851: https://www.refurbed.de/p/hp-pv-x360-14-dy0055ng-i5-1135g7/
2026-01-11 03:41:18,831 - INFO - Scraping 3885/6851: https://www.refurbed.de/p/hp-pw-enterprise-color-mfp-586dn/
2026-01-11 03:41:20,161 - INFO - Scraping 3886/6851: https://www.refurbed.de/p/hp-qy777aa/
2026-01-11 03:41:21,550 - INFO - Scraping 3887/6851: https://www.refurbed.de/p/hp-rechargeable-active-pen-g3/
2026-01-11 03:41:22,951 - INFO - Scraping 3888/6851: https://www.refurbed.de/p/hp-s2331a-23/
2026-01-11 03:41:24,270 - INFO - Scraping 3889/6851: https://www.refurbed.de/p/hp-scanjet-pro-2000-s2/
2026-01-11 03:41:25,639 - INFO - Scraping 3890/6851: https://www.refurbed.de/p/hp-scanjet-pro-2500-f1/
2026-01-11 03:41:26,960 - INFO - Scraping 3891/6851: https://www.refurbed.de/p/hp-scanjet-pro-3000-s4/
2026-01-11 03:41:28,334 - INFO - Scraping 3892/6851: https://www.refurbed.de/p/hp-series-5-524sw-23-8/
2026-01-11 03:41:29,653 - INFO - Scraping 3893/6851: https://www.refurbed.de/p/hp-shareboard-2tx38aa/
2026-01-11 03:41:30,995 - INFO - Scraping 3894/6851: https://www.refurbed.de/p/hp-sk-2120/
2026-01-11 03:41:32,443 - INFO - Scraping 3895/6851: https://www.refurbed.de/p/hp-sk-2280/
2026-01-11 03:41:33,793 - INFO - Scraping 3896/6851: https://www.refurbed.de/p/hp-slimline-260-a109nf/
2026-01-11 03:41:33,973 - ERROR - Error fetching https://www.refurbed.de/p/hp-slimline-260-a109nf/: 404 Client Error: Not Found for url: https://www.refurbed.de/p/hp-slimline-260-a109nf/
2026-01-11 03:41:34,975 - INFO - Scraping 3897/6851: https://www.refurbed.de/p/hp-spec-x360-conver-13-ap-1165g7/
2026-01-11 03:41:36,323 - INFO - Scraping 3898/6851: https://www.refurbed.de/p/hp-spec-x360-conver-13-aw-1065g7/
2026-01-11 03:41:37,692 - INFO - Scraping 3899/6851: https://www.refurbed.de/p/hp-spectre-pro-x360-g2-i5-6200u/
2026-01-11 03:41:37,926 - ERROR - Error fetching https://www.refurbed.de/p/hp-spectre-pro-x360-g2-i5-6200u/: 404 Client Error: Not Found for url: https://www.refurbed.de/p/hp-spectre-pro-x360-g2-i5-6200u/
2026-01-11 03:41:38,928 - INFO - Scraping 3900/6851: https://www.refurbed.de/p/hp-spectre-pro-x360-g2-i5-6300u/
2026-01-11 03:41:39,125 - ERROR - Error fetching https://www.refurbed.de/p/hp-spectre-pro-x360-g2-i5-6300u/: 404 Client Error: Not Found for url: https://www.refurbed.de/p/hp-spectre-pro-x360-g2-i5-6300u/
2026-01-11 03:41:40,127 - INFO - Scraping 3901/6851: https://www.refurbed.de/p/hp-spectre-pro-x360-g2/
2026-01-11 03:41:40,382 - ERROR - Error fetching https://www.refurbed.de/p/hp-spectre-pro-x360-g2/: 404 Client Error: Not Found for url: https://www.refurbed.de/p/hp-spectre-pro-x360-g2/
2026-01-11 03:41:41,384 - INFO - Scraping 3902/6851: https://www.refurbed.de/p/hp-spectre-x360-2-1-14-ef-1255u/
2026-01-11 03:41:42,720 - INFO - Scraping 3903/6851: https://www.refurbed.de/p/hp-spectre-x360-2-1-14-ef-1335u/
2026-01-11 03:41:44,197 - INFO - Scraping 3904/6851: https://www.refurbed.de/p/hp-spectre-x360-2-1-14-eu-155h/
2026-01-11 03:41:45,553 - INFO - Scraping 3905/6851: https://www.refurbed.de/p/hp-spectre-x360-2-1-16-f-11390h/
2026-01-11 03:41:46,954 - INFO - Scraping 3906/6851: https://www.refurbed.de/p/hp-spectre-x360-2-1-16-f-1260p/
2026-01-11 03:41:48,687 - INFO - Scraping 3907/6851: https://www.refurbed.de/p/hp-spectre-x360-2-1-16-f-1360p/
2026-01-11 03:41:49,998 - INFO - Scraping 3908/6851: https://www.refurbed.de/p/hp-spectre-x360-2-1-16-f-13700h/
2026-01-11 03:41:51,382 - INFO - Scraping 3909/6851: https://www.refurbed.de/p/hp-spectre-x360-2-1-16t-i7-1360p/
2026-01-11 03:41:52,752 - INFO - Scraping 3910/6851: https://www.refurbed.de/p/hp-spectre-x360-2in1-16-aa0-155h/
2026-01-11 03:41:54,267 - INFO - Scraping 3911/6851: https://www.refurbed.de/p/hp-spectre-x360-convertible-65g7/
2026-01-11 03:41:55,655 - INFO - Scraping 3912/6851: https://www.refurbed.de/p/hp-spectre-x360-g1-i5-5200u/
2026-01-11 03:41:55,819 - ERROR - Error fetching https://www.refurbed.de/p/hp-spectre-x360-g1-i5-5200u/: 404 Client Error: Not Found for url: https://www.refurbed.de/p/hp-spectre-x360-g1-i5-5200u/
2026-01-11 03:41:56,821 - INFO - Scraping 3913/6851: https://www.refurbed.de/p/hp-sprocket-2in1/
2026-01-11 03:41:58,198 - INFO - Scraping 3914/6851: https://www.refurbed.de/p/hp-sprocket/
2026-01-11 03:41:59,594 - INFO - Scraping 3915/6851: https://www.refurbed.de/p/hp-sprout-pro-g1/
2026-01-11 03:41:59,783 - ERROR - Error fetching https://www.refurbed.de/p/hp-sprout-pro-g1/: 404 Client Error: Not Found for url: https://www.refurbed.de/p/hp-sprout-pro-g1/
2026-01-11 03:42:00,786 - INFO - Scraping 3916/6851: https://www.refurbed.de/p/hp-stream-11-ak0026na-n4120/
2026-01-11 03:42:02,145 - INFO - Scraping 3917/6851: https://www.refurbed.de/p/hp-stream-11-ak0720ng-n4020/
2026-01-11 03:42:03,601 - INFO - Scraping 3918/6851: https://www.refurbed.de/p/hp-stream-11-pro-g2-n3050/
2026-01-11 03:42:03,928 - ERROR - Error fetching https://www.refurbed.de/p/hp-stream-11-pro-g2-n3050/: 404 Client Error: Not Found for url: https://www.refurbed.de/p/hp-stream-11-pro-g2-n3050/
2026-01-11 03:42:04,930 - INFO - Scraping 3919/6851: https://www.refurbed.de/p/hp-stream-11-pro-g3-n3060/
2026-01-11 03:42:05,172 - ERROR - Error fetching https://www.refurbed.de/p/hp-stream-11-pro-g3-n3060/: 404 Client Error: Not Found for url: https://www.refurbed.de/p/hp-stream-11-pro-g3-n3060/
2026-01-11 03:42:06,174 - INFO - Scraping 3920/6851: https://www.refurbed.de/p/hp-stream-11-pro-g4-n3350/
2026-01-11 03:42:06,523 - ERROR - Error fetching https://www.refurbed.de/p/hp-stream-11-pro-g4-n3350/: 404 Client Error: Not Found for url: https://www.refurbed.de/p/hp-stream-11-pro-g4-n3350/
2026-01-11 03:42:07,525 - INFO - Scraping 3921/6851: https://www.refurbed.de/p/hp-stream-11-pro-g5-n4000/
2026-01-11 03:42:09,071 - INFO - Scraping 3922/6851: https://www.refurbed.de/p/hp-tablet-11-be0014na-n6000/
2026-01-11 03:42:10,455 - INFO - Scraping 3923/6851: https://www.refurbed.de/p/hp-thin-client-y3u71aa/
2026-01-11 03:42:11,931 - INFO - Scraping 3924/6851: https://www.refurbed.de/p/hp-thunderbolt-dock-g2/
2026-01-11 03:42:13,422 - INFO - Scraping 3925/6851: https://www.refurbed.de/p/hp-thunderbolt-dock-g4/
2026-01-11 03:42:14,864 - INFO - Scraping 3926/6851: https://www.refurbed.de/p/hp-tpn-aa03/
2026-01-11 03:42:16,248 - INFO - Scraping 3927/6851: https://www.refurbed.de/p/hp-tpn-da09/
2026-01-11 03:42:17,632 - INFO - Scraping 3928/6851: https://www.refurbed.de/p/hp-tpn-da25/
2026-01-11 03:42:19,126 - INFO - Scraping 3929/6851: https://www.refurbed.de/p/hp-u32-31-5/
2026-01-11 03:42:20,559 - INFO - Scraping 3930/6851: https://www.refurbed.de/p/hp-ultraslim-dock-2013-d9y19av/
2026-01-11 03:42:22,221 - INFO - Scraping 3931/6851: https://www.refurbed.de/p/hp-ultraslim-dock-2013-d9y32aa/
2026-01-11 03:42:23,704 - INFO - Scraping 3932/6851: https://www.refurbed.de/p/hp-universal-usb-c-multiport-hub/
2026-01-11 03:42:25,167 - INFO - Scraping 3933/6851: https://www.refurbed.de/p/hp-usb-c-a-universal-dock-g2/
2026-01-11 03:42:26,613 - INFO - Scraping 3934/6851: https://www.refurbed.de/p/hp-usb-c-dock-g2/
2026-01-11 03:42:27,976 - INFO - Scraping 3935/6851: https://www.refurbed.de/p/hp-usb-c-dock-g3/
2026-01-11 03:42:29,401 - INFO - Scraping 3936/6851: https://www.refurbed.de/p/hp-usb-c-dock-g4/
2026-01-11 03:42:31,071 - INFO - Scraping 3937/6851: https://www.refurbed.de/p/hp-usb-c-dock-g5/
2026-01-11 03:42:32,496 - INFO - Scraping 3938/6851: https://www.refurbed.de/p/hp-usb-c-travel-hub/
2026-01-11 03:42:33,870 - INFO - Scraping 3939/6851: https://www.refurbed.de/p/hp-usb-c-universal-dock-1mk33aa/
2026-01-11 03:42:35,274 - INFO - Scraping 3940/6851: https://www.refurbed.de/p/hp-usb-travel-dock/
2026-01-11 03:42:36,633 - INFO - Scraping 3941/6851: https://www.refurbed.de/p/hp-vg-16-s0018ns-r-7-7840hs/
2026-01-11 03:42:38,207 - INFO - Scraping 3942/6851: https://www.refurbed.de/p/hp-victrus-16-d0039ua-11400h/
2026-01-11 03:42:39,600 - INFO - Scraping 3943/6851: https://www.refurbed.de/p/hp-victrus-16-d0754ng-11400h/
2026-01-11 03:42:40,913 - INFO - Scraping 3944/6851: https://www.refurbed.de/p/hp-victrus-16-e0754ng-5600h/
2026-01-11 03:42:42,284 - INFO - Scraping 3945/6851: https://www.refurbed.de/p/hp-victrus-16-e0802ng-5600h/
2026-01-11 03:42:43,647 - INFO - Scraping 3946/6851: https://www.refurbed.de/p/hp-victrus-16-e0900ng-5600h/
2026-01-11 03:42:45,193 - INFO - Scraping 3947/6851: https://www.refurbed.de/p/hp-victrus-16-e0914ng-5600h/
2026-01-11 03:42:46,565 - INFO - Scraping 3948/6851: https://www.refurbed.de/p/hp-victus-15-fa-12450h-15-6/
2026-01-11 03:42:48,013 - INFO - Scraping 3949/6851: https://www.refurbed.de/p/hp-victus-15-fa-i5-13500h-15-6/
2026-01-11 03:42:49,324 - INFO - Scraping 3950/6851: https://www.refurbed.de/p/hp-victus-15-fa0008nx-i5-12450h/
2026-01-11 03:42:50,708 - INFO - Scraping 3951/6851: https://www.refurbed.de/p/hp-victus-15-fa0093ne-12450h/
2026-01-11 03:42:52,043 - INFO - Scraping 3952/6851: https://www.refurbed.de/p/hp-victus-15-fa0631nc-i5-12450h/
2026-01-11 03:42:53,525 - INFO - Scraping 3953/6851: https://www.refurbed.de/p/hp-victus-15-fa0755ng-i5-12500h/
2026-01-11 03:42:54,935 - INFO - Scraping 3954/6851: https://www.refurbed.de/p/hp-victus-15-fa0999nw-12450h/
2026-01-11 03:42:56,326 - INFO - Scraping 3955/6851: https://www.refurbed.de/p/hp-victus-15-fa1067nt-13420h/
2026-01-11 03:42:57,654 - INFO - Scraping 3956/6851: https://www.refurbed.de/p/hp-victus-15-fa15020nd-i5-12500/
2026-01-11 03:42:59,008 - INFO - Scraping 3957/6851: https://www.refurbed.de/p/hp-victus-15-fa1656ng-13420h/
2026-01-11 03:43:00,391 - INFO - Scraping 3958/6851: https://www.refurbed.de/p/hp-victus-15-fb-r-5-5600h-15-6/
2026-01-11 03:43:01,728 - INFO - Scraping 3959/6851: https://www.refurbed.de/p/hp-victus-15-fb0354ng-r5-5600h/
2026-01-11 03:43:03,130 - INFO - Scraping 3960/6851: https://www.refurbed.de/p/hp-victus-15-fb0354ng-r7-5800h/
2026-01-11 03:43:04,481 - INFO - Scraping 3961/6851: https://www.refurbed.de/p/hp-victus-15l-gaming-tg02/
2026-01-11 03:43:05,909 - INFO - Scraping 3962/6851: https://www.refurbed.de/p/hp-victus-16-d0802ng-11400h/
2026-01-11 03:43:07,310 - INFO - Scraping 3963/6851: https://www.refurbed.de/p/hp-victus-16-d1045nt-i5-12500h/
2026-01-11 03:43:08,694 - INFO - Scraping 3964/6851: https://www.refurbed.de/p/hp-victus-16-e0096ur-7-5800h/
2026-01-11 03:43:10,011 - INFO - Scraping 3965/6851: https://www.refurbed.de/p/hp-victus-16-e0801ng-11400h-16/
2026-01-11 03:43:11,370 - INFO - Scraping 3966/6851: https://www.refurbed.de/p/hp-victus-16-r0008nx-13700h/
2026-01-11 03:43:12,706 - INFO - Scraping 3967/6851: https://www.refurbed.de/p/hp-victus-16-r0175ng-13700h/
2026-01-11 03:43:14,153 - INFO - Scraping 3968/6851: https://www.refurbed.de/p/hp-victus-16-r1001nt-14700hx/
2026-01-11 03:43:15,576 - INFO - Scraping 3969/6851: https://www.refurbed.de/p/hp-victus-16-r1038nt-14700hx/
2026-01-11 03:43:16,879 - INFO - Scraping 3970/6851: https://www.refurbed.de/p/hp-victus-16-s-r-5-7640hs-16-1/
2026-01-11 03:43:18,211 - INFO - Scraping 3971/6851: https://www.refurbed.de/p/hp-victus-16-s0001nv-r-5-7640hs/
2026-01-11 03:43:19,573 - INFO - Scraping 3972/6851: https://www.refurbed.de/p/hp-victus-16-s1-r7-8840h-16-1/
2026-01-11 03:43:21,025 - INFO - Scraping 3973/6851: https://www.refurbed.de/p/hp-victus-gaming-16-r-14700hx/
2026-01-11 03:43:22,449 - INFO - Scraping 3974/6851: https://www.refurbed.de/p/hp-victus-gaming-16-r-i5-13500h/
2026-01-11 03:43:23,786 - INFO - Scraping 3975/6851: https://www.refurbed.de/p/hp-victus-gaming-16-r-i7-13700h/
2026-01-11 03:43:25,188 - INFO - Scraping 3976/6851: https://www.refurbed.de/p/hp-w1972a-18-5/
2026-01-11 03:43:26,566 - INFO - Scraping 3977/6851: https://www.refurbed.de/p/hp-wireless-link-5/
2026-01-11 03:43:28,093 - INFO - Scraping 3978/6851: https://www.refurbed.de/p/hp-wireless-set-t6l04aa/
2026-01-11 03:43:29,428 - INFO - Scraping 3979/6851: https://www.refurbed.de/p/hp-workstation-z400/
2026-01-11 03:43:29,583 - ERROR - Error fetching https://www.refurbed.de/p/hp-workstation-z400/: 404 Client Error: Not Found for url: https://www.refurbed.de/p/hp-workstation-z400/
2026-01-11 03:43:30,585 - INFO - Scraping 3980/6851: https://www.refurbed.de/p/hp-workstation-z6-g4/
2026-01-11 03:43:31,940 - INFO - Scraping 3981/6851: https://www.refurbed.de/p/hp-workstation-z6-g5/
2026-01-11 03:43:33,262 - INFO - Scraping 3982/6851: https://www.refurbed.de/p/hp-workstation-z8-g4/
2026-01-11 03:43:34,777 - INFO - Scraping 3983/6851: https://www.refurbed.de/p/hp-x2-10-p003ng/
2026-01-11 03:43:34,945 - ERROR - Error fetching https://www.refurbed.de/p/hp-x2-10-p003ng/: 404 Client Error: Not Found for url: https://www.refurbed.de/p/hp-x2-10-p003ng/
2026-01-11 03:43:35,947 - INFO - Scraping 3984/6851: https://www.refurbed.de/p/hp-x24ih-23-8/
2026-01-11 03:43:37,288 - INFO - Scraping 3985/6851: https://www.refurbed.de/p/hp-x34-34/
2026-01-11 03:43:38,609 - INFO - Scraping 3986/6851: https://www.refurbed.de/p/hp-x360-1040-g11-7-155h/
2026-01-11 03:43:40,066 - INFO - Scraping 3987/6851: https://www.refurbed.de/p/hp-x360-15-er0077ng-i7-1165g7/
2026-01-11 03:43:41,392 - INFO - Scraping 3988/6851: https://www.refurbed.de/p/hp-x360-310-g2-n3700/
2026-01-11 03:44:11,570 - ERROR - Error fetching https://www.refurbed.de/p/hp-x360-310-g2-n3700/: 404 Client Error: Not Found for url: https://www.refurbed.de/p/hp-x360-310-g2-n3700/
2026-01-11 03:44:12,572 - INFO - Scraping 3989/6851: https://www.refurbed.de/p/hp-z-display-z22n/
2026-01-11 03:44:13,948 - INFO - Scraping 3990/6851: https://www.refurbed.de/p/hp-z-display-z231/
2026-01-11 03:44:15,321 - INFO - Scraping 3991/6851: https://www.refurbed.de/p/hp-z-display-z23i/
2026-01-11 03:44:16,772 - INFO - Scraping 3992/6851: https://www.refurbed.de/p/hp-z-display-zr2440w/
2026-01-11 03:44:18,205 - INFO - Scraping 3993/6851: https://www.refurbed.de/p/hp-z1-entry-tower-g5/
2026-01-11 03:44:19,523 - INFO - Scraping 3994/6851: https://www.refurbed.de/p/hp-z1-entry-tower-g6/
2026-01-11 03:44:50,943 - INFO - Scraping 3995/6851: https://www.refurbed.de/p/hp-z1-g8/
2026-01-11 03:44:51,131 - ERROR - Error fetching https://www.refurbed.de/p/hp-z1-g8/: 404 Client Error: Not Found for url: https://www.refurbed.de/p/hp-z1-g8/
2026-01-11 03:44:52,133 - INFO - Scraping 3996/6851: https://www.refurbed.de/p/hp-z1-g9-tower-workstation/
2026-01-11 03:44:52,333 - ERROR - Error fetching https://www.refurbed.de/p/hp-z1-g9-tower-workstation/: 404 Client Error: Not Found for url: https://www.refurbed.de/p/hp-z1-g9-tower-workstation/
2026-01-11 03:44:53,335 - INFO - Scraping 3997/6851: https://www.refurbed.de/p/hp-z2-g5/
2026-01-11 03:44:54,749 - INFO - Scraping 3998/6851: https://www.refurbed.de/p/hp-z2-mini-g3/
2026-01-11 03:44:54,913 - ERROR - Error fetching https://www.refurbed.de/p/hp-z2-mini-g3/: 404 Client Error: Not Found for url: https://www.refurbed.de/p/hp-z2-mini-g3/
2026-01-11 03:44:55,915 - INFO - Scraping 3999/6851: https://www.refurbed.de/p/hp-z2-mini-g4/
2026-01-11 03:44:57,409 - INFO - Scraping 4000/6851: https://www.refurbed.de/p/hp-z2-mini-g5/
2026-01-11 03:44:59,068 - INFO - Scraping 4001/6851: https://www.refurbed.de/p/hp-z2-mini-g9/
2026-01-11 03:45:00,510 - INFO - Scraping 4002/6851: https://www.refurbed.de/p/hp-z2-sff-g4-workstation/
2026-01-11 03:45:01,896 - INFO - Scraping 4003/6851: https://www.refurbed.de/p/hp-z2-sff-g5-workstation/
2026-01-11 03:45:03,409 - INFO - Scraping 4004/6851: https://www.refurbed.de/p/hp-z2-sff-g9-workstation/
2026-01-11 03:45:03,583 - ERROR - Error fetching https://www.refurbed.de/p/hp-z2-sff-g9-workstation/: 404 Client Error: Not Found for url: https://www.refurbed.de/p/hp-z2-sff-g9-workstation/
2026-01-11 03:45:04,585 - INFO - Scraping 4005/6851: https://www.refurbed.de/p/hp-z2-tower-g4/
2026-01-11 03:45:06,041 - INFO - Scraping 4006/6851: https://www.refurbed.de/p/hp-z2-tower-g5/
2026-01-11 03:45:07,698 - INFO - Scraping 4007/6851: https://www.refurbed.de/p/hp-z2-tower-g9-workstation/
2026-01-11 03:45:09,508 - INFO - Scraping 4008/6851: https://www.refurbed.de/p/hp-z210-cmt-workstation-intel-co/
2026-01-11 03:45:09,799 - ERROR - Error fetching https://www.refurbed.de/p/hp-z210-cmt-workstation-intel-co/: 404 Client Error: Not Found for url: https://www.refurbed.de/p/hp-z210-cmt-workstation-intel-co/
2026-01-11 03:45:10,801 - INFO - Scraping 4009/6851: https://www.refurbed.de/p/hp-z210-workstation-xeon-e3/
2026-01-11 03:45:12,002 - ERROR - Error fetching https://www.refurbed.de/p/hp-z210-workstation-xeon-e3/: 404 Client Error: Not Found for url: https://www.refurbed.de/p/hp-z210-workstation-xeon-e3/
2026-01-11 03:45:13,005 - INFO - Scraping 4010/6851: https://www.refurbed.de/p/hp-z220-workstation-xeon-e3/
2026-01-11 03:45:19,085 - ERROR - Error fetching https://www.refurbed.de/p/hp-z220-workstation-xeon-e3/: 404 Client Error: Not Found for url: https://www.refurbed.de/p/hp-z220-workstation-xeon-e3/
2026-01-11 03:45:20,087 - INFO - Scraping 4011/6851: https://www.refurbed.de/p/hp-z22i/
2026-01-11 03:45:21,397 - INFO - Scraping 4012/6851: https://www.refurbed.de/p/hp-z22n-21-5/
2026-01-11 03:45:22,906 - INFO - Scraping 4013/6851: https://www.refurbed.de/p/hp-z22n-g2-21-5/
2026-01-11 03:45:24,314 - INFO - Scraping 4014/6851: https://www.refurbed.de/p/hp-z230-mt-workstation-i7-4790-n/
2026-01-11 03:45:24,501 - ERROR - Error fetching https://www.refurbed.de/p/hp-z230-mt-workstation-i7-4790-n/: 404 Client Error: Not Found for url: https://www.refurbed.de/p/hp-z230-mt-workstation-i7-4790-n/
2026-01-11 03:45:25,503 - INFO - Scraping 4015/6851: https://www.refurbed.de/p/hp-z230-mt-workstation/
2026-01-11 03:45:25,713 - ERROR - Error fetching https://www.refurbed.de/p/hp-z230-mt-workstation/: 404 Client Error: Not Found for url: https://www.refurbed.de/p/hp-z230-mt-workstation/
2026-01-11 03:45:26,716 - INFO - Scraping 4016/6851: https://www.refurbed.de/p/hp-z230-sff-workstation-intel-co/
2026-01-11 03:45:26,975 - ERROR - Error fetching https://www.refurbed.de/p/hp-z230-sff-workstation-intel-co/: 404 Client Error: Not Found for url: https://www.refurbed.de/p/hp-z230-sff-workstation-intel-co/
2026-01-11 03:45:27,978 - INFO - Scraping 4017/6851: https://www.refurbed.de/p/hp-z230-sff-workstation/
2026-01-11 03:45:28,371 - ERROR - Error fetching https://www.refurbed.de/p/hp-z230-sff-workstation/: 404 Client Error: Not Found for url: https://www.refurbed.de/p/hp-z230-sff-workstation/
2026-01-11 03:45:29,373 - INFO - Scraping 4018/6851: https://www.refurbed.de/p/hp-z23n-23/
2026-01-11 03:45:30,856 - INFO - Scraping 4019/6851: https://www.refurbed.de/p/hp-z23n-g2-23/
2026-01-11 03:45:32,363 - INFO - Scraping 4020/6851: https://www.refurbed.de/p/hp-z240-cmt-workstation-intel-co/
2026-01-11 03:45:32,522 - ERROR - Error fetching https://www.refurbed.de/p/hp-z240-cmt-workstation-intel-co/: 404 Client Error: Not Found for url: https://www.refurbed.de/p/hp-z240-cmt-workstation-intel-co/
2026-01-11 03:45:33,524 - INFO - Scraping 4021/6851: https://www.refurbed.de/p/hp-z240-sff-6000er/
2026-01-11 03:45:33,804 - ERROR - Error fetching https://www.refurbed.de/p/hp-z240-sff-6000er/: 404 Client Error: Not Found for url: https://www.refurbed.de/p/hp-z240-sff-6000er/
2026-01-11 03:45:34,806 - INFO - Scraping 4022/6851: https://www.refurbed.de/p/hp-z24f-g3/
2026-01-11 03:45:36,087 - INFO - Scraping 4023/6851: https://www.refurbed.de/p/hp-z24i-g2/
2026-01-11 03:45:37,482 - INFO - Scraping 4024/6851: https://www.refurbed.de/p/hp-z24i/
2026-01-11 03:45:39,033 - INFO - Scraping 4025/6851: https://www.refurbed.de/p/hp-z24m-g3/
2026-01-11 03:45:40,420 - INFO - Scraping 4026/6851: https://www.refurbed.de/p/hp-z24n-g2/
2026-01-11 03:45:41,918 - INFO - Scraping 4027/6851: https://www.refurbed.de/p/hp-z24n-g3/
2026-01-11 03:45:43,807 - INFO - Scraping 4028/6851: https://www.refurbed.de/p/hp-z24n/
2026-01-11 03:45:45,241 - INFO - Scraping 4029/6851: https://www.refurbed.de/p/hp-z24nf-g2/
2026-01-11 03:45:46,802 - INFO - Scraping 4030/6851: https://www.refurbed.de/p/hp-z24u-g3/
2026-01-11 03:45:48,160 - INFO - Scraping 4031/6851: https://www.refurbed.de/p/hp-z25xs-g3-25/
2026-01-11 03:45:49,566 - INFO - Scraping 4032/6851: https://www.refurbed.de/p/hp-z27-27/
2026-01-11 03:45:50,936 - INFO - Scraping 4033/6851: https://www.refurbed.de/p/hp-z27i-27/
2026-01-11 03:45:52,329 - INFO - Scraping 4034/6851: https://www.refurbed.de/p/hp-z27k-g3/
2026-01-11 03:45:53,635 - INFO - Scraping 4035/6851: https://www.refurbed.de/p/hp-z27n-27/
2026-01-11 03:45:54,972 - INFO - Scraping 4036/6851: https://www.refurbed.de/p/hp-z27n-g2-27/
2026-01-11 03:45:56,600 - INFO - Scraping 4037/6851: https://www.refurbed.de/p/hp-z27q-g3/
2026-01-11 03:45:58,043 - INFO - Scraping 4038/6851: https://www.refurbed.de/p/hp-z27u-g3-27/
2026-01-11 03:45:59,409 - INFO - Scraping 4039/6851: https://www.refurbed.de/p/hp-z27xs-g3/
2026-01-11 03:46:00,875 - INFO - Scraping 4040/6851: https://www.refurbed.de/p/hp-z30i-30/
2026-01-11 03:46:02,197 - INFO - Scraping 4041/6851: https://www.refurbed.de/p/hp-z32-31-5/
2026-01-11 03:46:03,554 - INFO - Scraping 4042/6851: https://www.refurbed.de/p/hp-z38c-37-5/
2026-01-11 03:46:04,968 - INFO - Scraping 4043/6851: https://www.refurbed.de/p/hp-z4-g4/
2026-01-11 03:46:06,779 - INFO - Scraping 4044/6851: https://www.refurbed.de/p/hp-z40c-g3/
2026-01-11 03:46:08,161 - INFO - Scraping 4045/6851: https://www.refurbed.de/p/hp-z420-workstation-e5-1650v2-nv/
2026-01-11 03:46:08,343 - ERROR - Error fetching https://www.refurbed.de/p/hp-z420-workstation-e5-1650v2-nv/: 404 Client Error: Not Found for url: https://www.refurbed.de/p/hp-z420-workstation-e5-1650v2-nv/
2026-01-11 03:46:09,345 - INFO - Scraping 4046/6851: https://www.refurbed.de/p/hp-z420-workstation-e5-2630l-nvi/
2026-01-11 03:46:09,524 - ERROR - Error fetching https://www.refurbed.de/p/hp-z420-workstation-e5-2630l-nvi/: 404 Client Error: Not Found for url: https://www.refurbed.de/p/hp-z420-workstation-e5-2630l-nvi/
2026-01-11 03:46:10,526 - INFO - Scraping 4047/6851: https://www.refurbed.de/p/hp-z420-workstation-xeon-e5/
2026-01-11 03:46:10,716 - ERROR - Error fetching https://www.refurbed.de/p/hp-z420-workstation-xeon-e5/: 404 Client Error: Not Found for url: https://www.refurbed.de/p/hp-z420-workstation-xeon-e5/
2026-01-11 03:46:11,718 - INFO - Scraping 4048/6851: https://www.refurbed.de/p/hp-z43/
2026-01-11 03:46:13,061 - INFO - Scraping 4049/6851: https://www.refurbed.de/p/hp-z440-workstation-e5-1650-v3-n/
2026-01-11 03:46:13,242 - ERROR - Error fetching https://www.refurbed.de/p/hp-z440-workstation-e5-1650-v3-n/: 404 Client Error: Not Found for url: https://www.refurbed.de/p/hp-z440-workstation-e5-1650-v3-n/
2026-01-11 03:46:14,244 - INFO - Scraping 4050/6851: https://www.refurbed.de/p/hp-z440-workstation-intel-xeon-e/
2026-01-11 03:46:14,417 - ERROR - Error fetching https://www.refurbed.de/p/hp-z440-workstation-intel-xeon-e/: 404 Client Error: Not Found for url: https://www.refurbed.de/p/hp-z440-workstation-intel-xeon-e/
2026-01-11 03:46:15,419 - INFO - Scraping 4051/6851: https://www.refurbed.de/p/hp-z600-workstation-2-x-xeon-e55/
2026-01-11 03:46:15,588 - ERROR - Error fetching https://www.refurbed.de/p/hp-z600-workstation-2-x-xeon-e55/: 404 Client Error: Not Found for url: https://www.refurbed.de/p/hp-z600-workstation-2-x-xeon-e55/
2026-01-11 03:46:16,590 - INFO - Scraping 4052/6851: https://www.refurbed.de/p/hp-z620-workstation-xeon-e5/
2026-01-11 03:46:16,756 - ERROR - Error fetching https://www.refurbed.de/p/hp-z620-workstation-xeon-e5/: 404 Client Error: Not Found for url: https://www.refurbed.de/p/hp-z620-workstation-xeon-e5/
2026-01-11 03:46:17,758 - INFO - Scraping 4053/6851: https://www.refurbed.de/p/hp-z640-workstation-xeon-e5/
2026-01-11 03:46:17,937 - ERROR - Error fetching https://www.refurbed.de/p/hp-z640-workstation-xeon-e5/: 404 Client Error: Not Found for url: https://www.refurbed.de/p/hp-z640-workstation-xeon-e5/
2026-01-11 03:46:18,939 - INFO - Scraping 4054/6851: https://www.refurbed.de/p/hp-z800-workstation/
2026-01-11 03:46:19,096 - ERROR - Error fetching https://www.refurbed.de/p/hp-z800-workstation/: 404 Client Error: Not Found for url: https://www.refurbed.de/p/hp-z800-workstation/
2026-01-11 03:46:20,098 - INFO - Scraping 4055/6851: https://www.refurbed.de/p/hp-z820-2x-e5-2640/
2026-01-11 03:46:20,302 - ERROR - Error fetching https://www.refurbed.de/p/hp-z820-2x-e5-2640/: 404 Client Error: Not Found for url: https://www.refurbed.de/p/hp-z820-2x-e5-2640/
2026-01-11 03:46:21,304 - INFO - Scraping 4056/6851: https://www.refurbed.de/p/hp-z820-workstation-xeon-e5/
2026-01-11 03:46:21,517 - ERROR - Error fetching https://www.refurbed.de/p/hp-z820-workstation-xeon-e5/: 404 Client Error: Not Found for url: https://www.refurbed.de/p/hp-z820-workstation-xeon-e5/
2026-01-11 03:46:22,519 - INFO - Scraping 4057/6851: https://www.refurbed.de/p/hp-z840-workstation-xeon-e5/
2026-01-11 03:46:22,704 - ERROR - Error fetching https://www.refurbed.de/p/hp-z840-workstation-xeon-e5/: 404 Client Error: Not Found for url: https://www.refurbed.de/p/hp-z840-workstation-xeon-e5/
2026-01-11 03:46:23,706 - INFO - Scraping 4058/6851: https://www.refurbed.de/p/hp-zbk-15-g5-xeon-e-2186m-15-6/
2026-01-11 03:46:25,443 - INFO - Scraping 4059/6851: https://www.refurbed.de/p/hp-zbk-15g4-7300hq/
2026-01-11 03:46:25,606 - ERROR - Error fetching https://www.refurbed.de/p/hp-zbk-15g4-7300hq/: 404 Client Error: Not Found for url: https://www.refurbed.de/p/hp-zbk-15g4-7300hq/
2026-01-11 03:46:26,608 - INFO - Scraping 4060/6851: https://www.refurbed.de/p/hp-zbk-15g4-7440hq/
2026-01-11 03:46:26,839 - ERROR - Error fetching https://www.refurbed.de/p/hp-zbk-15g4-7440hq/: 404 Client Error: Not Found for url: https://www.refurbed.de/p/hp-zbk-15g4-7440hq/
2026-01-11 03:46:27,841 - INFO - Scraping 4061/6851: https://www.refurbed.de/p/hp-zbk-15g4-7700hq/
2026-01-11 03:46:28,073 - ERROR - Error fetching https://www.refurbed.de/p/hp-zbk-15g4-7700hq/: 404 Client Error: Not Found for url: https://www.refurbed.de/p/hp-zbk-15g4-7700hq/
2026-01-11 03:46:29,075 - INFO - Scraping 4062/6851: https://www.refurbed.de/p/hp-zbk-15g4-7820hq/
2026-01-11 03:46:30,369 - INFO - Scraping 4063/6851: https://www.refurbed.de/p/hp-zbk-15g5-8850h-15/
2026-01-11 03:46:31,867 - INFO - Scraping 4064/6851: https://www.refurbed.de/p/hp-zbk-15g5-xeon-e-2176m/
2026-01-11 03:46:33,265 - INFO - Scraping 4065/6851: https://www.refurbed.de/p/hp-zbook-14-firefly-g7-10610u/
2026-01-11 03:46:34,836 - INFO - Scraping 4066/6851: https://www.refurbed.de/p/hp-zbook-14-firefly-g7-i5-10210u/
2026-01-11 03:46:36,651 - INFO - Scraping 4067/6851: https://www.refurbed.de/p/hp-zbook-14-firefly-g7-i5-10310u/
2026-01-11 03:46:38,269 - INFO - Scraping 4068/6851: https://www.refurbed.de/p/hp-zbook-14-firefly-g7-i5-1135g7/
2026-01-11 03:46:39,596 - INFO - Scraping 4069/6851: https://www.refurbed.de/p/hp-zbook-14-firefly-g8-1185g7-14/
2026-01-11 03:46:41,265 - INFO - Scraping 4070/6851: https://www.refurbed.de/p/hp-zbook-14-firefly-g8-i5-1135g7/
2026-01-11 03:46:42,917 - INFO - Scraping 4071/6851: https://www.refurbed.de/p/hp-zbook-14-firefly-g8-i5-1145g7/
2026-01-11 03:46:44,385 - INFO - Scraping 4072/6851: https://www.refurbed.de/p/hp-zbook-14-firefly-g9-i5-1235u/
2026-01-11 03:46:45,735 - INFO - Scraping 4073/6851: https://www.refurbed.de/p/hp-zbook-14-firefly-g9-i7-1260p/
2026-01-11 03:46:47,085 - INFO - Scraping 4074/6851: https://www.refurbed.de/p/hp-zbook-14-firefly-i7-1165g7-14/
2026-01-11 03:46:48,686 - INFO - Scraping 4075/6851: https://www.refurbed.de/p/hp-zbook-14-g1-4600u/
2026-01-11 03:46:48,865 - ERROR - Error fetching https://www.refurbed.de/p/hp-zbook-14-g1-4600u/: 404 Client Error: Not Found for url: https://www.refurbed.de/p/hp-zbook-14-g1-4600u/
2026-01-11 03:46:49,867 - INFO - Scraping 4076/6851: https://www.refurbed.de/p/hp-zbook-14-g2-5600u/
2026-01-11 03:46:50,044 - ERROR - Error fetching https://www.refurbed.de/p/hp-zbook-14-g2-5600u/: 404 Client Error: Not Found for url: https://www.refurbed.de/p/hp-zbook-14-g2-5600u/
2026-01-11 03:46:51,046 - INFO - Scraping 4077/6851: https://www.refurbed.de/p/hp-zbook-14-g2-i7-5500u/
2026-01-11 03:46:51,201 - ERROR - Error fetching https://www.refurbed.de/p/hp-zbook-14-g2-i7-5500u/: 404 Client Error: Not Found for url: https://www.refurbed.de/p/hp-zbook-14-g2-i7-5500u/
2026-01-11 03:46:52,203 - INFO - Scraping 4078/6851: https://www.refurbed.de/p/hp-zbook-14-u-g5-i5-7200u-14/
2026-01-11 03:46:52,368 - ERROR - Error fetching https://www.refurbed.de/p/hp-zbook-14-u-g5-i5-7200u-14/: 404 Client Error: Not Found for url: https://www.refurbed.de/p/hp-zbook-14-u-g5-i5-7200u-14/
2026-01-11 03:46:53,370 - INFO - Scraping 4079/6851: https://www.refurbed.de/p/hp-zbook-14-u-g5-i5-7300u-14/
2026-01-11 03:46:53,574 - ERROR - Error fetching https://www.refurbed.de/p/hp-zbook-14-u-g5-i5-7300u-14/: 404 Client Error: Not Found for url: https://www.refurbed.de/p/hp-zbook-14-u-g5-i5-7300u-14/
2026-01-11 03:46:54,576 - INFO - Scraping 4080/6851: https://www.refurbed.de/p/hp-zbook-14-u-g5-i5-8350u-14/
2026-01-11 03:46:56,049 - INFO - Scraping 4081/6851: https://www.refurbed.de/p/hp-zbook-14-u-g5-i7-8550u-14/
2026-01-11 03:46:57,485 - INFO - Scraping 4082/6851: https://www.refurbed.de/p/hp-zbook-14-u-g5-i7-8650u-14/
2026-01-11 03:46:58,958 - INFO - Scraping 4083/6851: https://www.refurbed.de/p/hp-zbook-14u-g4-i7-7500u-14/
2026-01-11 03:46:59,135 - ERROR - Error fetching https://www.refurbed.de/p/hp-zbook-14u-g4-i7-7500u-14/: 404 Client Error: Not Found for url: https://www.refurbed.de/p/hp-zbook-14u-g4-i7-7500u-14/
2026-01-11 03:47:00,137 - INFO - Scraping 4084/6851: https://www.refurbed.de/p/hp-zbook-14u-g6-i7-8565u-14/
2026-01-11 03:47:01,653 - INFO - Scraping 4085/6851: https://www.refurbed.de/p/hp-zbook-14u-g6-i7-8665u-14/
2026-01-11 03:47:03,007 - INFO - Scraping 4086/6851: https://www.refurbed.de/p/hp-zbook-15-firefly-g8-1185g7-15/
2026-01-11 03:47:04,528 - INFO - Scraping 4087/6851: https://www.refurbed.de/p/hp-zbook-15-g2-i5-4340m/
2026-01-11 03:47:04,734 - ERROR - Error fetching https://www.refurbed.de/p/hp-zbook-15-g2-i5-4340m/: 404 Client Error: Not Found for url: https://www.refurbed.de/p/hp-zbook-15-g2-i5-4340m/
2026-01-11 03:47:05,736 - INFO - Scraping 4088/6851: https://www.refurbed.de/p/hp-zbook-15-g2-i7-4700mq-15-6/
2026-01-11 03:47:05,916 - ERROR - Error fetching https://www.refurbed.de/p/hp-zbook-15-g2-i7-4700mq-15-6/: 404 Client Error: Not Found for url: https://www.refurbed.de/p/hp-zbook-15-g2-i7-4700mq-15-6/
2026-01-11 03:47:06,918 - INFO - Scraping 4089/6851: https://www.refurbed.de/p/hp-zbook-15-g2-i7-4710mq-15-6/
2026-01-11 03:47:07,085 - ERROR - Error fetching https://www.refurbed.de/p/hp-zbook-15-g2-i7-4710mq-15-6/: 404 Client Error: Not Found for url: https://www.refurbed.de/p/hp-zbook-15-g2-i7-4710mq-15-6/
2026-01-11 03:47:08,087 - INFO - Scraping 4090/6851: https://www.refurbed.de/p/hp-zbook-15-g2-i7-4800mq-15-6/
2026-01-11 03:47:08,288 - ERROR - Error fetching https://www.refurbed.de/p/hp-zbook-15-g2-i7-4800mq-15-6/: 404 Client Error: Not Found for url: https://www.refurbed.de/p/hp-zbook-15-g2-i7-4800mq-15-6/
2026-01-11 03:47:09,291 - INFO - Scraping 4091/6851: https://www.refurbed.de/p/hp-zbook-15-g2-i7-4810mq-15-6/
2026-01-11 03:47:09,476 - ERROR - Error fetching https://www.refurbed.de/p/hp-zbook-15-g2-i7-4810mq-15-6/: 404 Client Error: Not Found for url: https://www.refurbed.de/p/hp-zbook-15-g2-i7-4810mq-15-6/
2026-01-11 03:47:10,478 - INFO - Scraping 4092/6851: https://www.refurbed.de/p/hp-zbook-15-g3-6440hq/
2026-01-11 03:47:11,147 - ERROR - Error fetching https://www.refurbed.de/p/hp-zbook-15-g3-6440hq/: 404 Client Error: Not Found for url: https://www.refurbed.de/p/hp-zbook-15-g3-6440hq/
2026-01-11 03:47:12,149 - INFO - Scraping 4093/6851: https://www.refurbed.de/p/hp-zbook-15-g3-6700hq/
2026-01-11 03:47:12,322 - ERROR - Error fetching https://www.refurbed.de/p/hp-zbook-15-g3-6700hq/: 404 Client Error: Not Found for url: https://www.refurbed.de/p/hp-zbook-15-g3-6700hq/
2026-01-11 03:47:13,324 - INFO - Scraping 4094/6851: https://www.refurbed.de/p/hp-zbook-15-g3-i7-6820hq-15-6/
2026-01-11 03:47:13,513 - ERROR - Error fetching https://www.refurbed.de/p/hp-zbook-15-g3-i7-6820hq-15-6/: 404 Client Error: Not Found for url: https://www.refurbed.de/p/hp-zbook-15-g3-i7-6820hq-15-6/
2026-01-11 03:47:14,516 - INFO - Scraping 4095/6851: https://www.refurbed.de/p/hp-zbook-15-g4-xeon-e3-1535m-v6/
2026-01-11 03:47:14,697 - ERROR - Error fetching https://www.refurbed.de/p/hp-zbook-15-g4-xeon-e3-1535m-v6/: 404 Client Error: Not Found for url: https://www.refurbed.de/p/hp-zbook-15-g4-xeon-e3-1535m-v6/
2026-01-11 03:47:15,699 - INFO - Scraping 4096/6851: https://www.refurbed.de/p/hp-zbook-15-g5-8750h-15-6/
2026-01-11 03:47:17,245 - INFO - Scraping 4097/6851: https://www.refurbed.de/p/hp-zbook-15-g5-i9-8950hk/
2026-01-11 03:47:18,610 - INFO - Scraping 4098/6851: https://www.refurbed.de/p/hp-zbook-15-g6-9880h-15-6/
2026-01-11 03:47:20,081 - INFO - Scraping 4099/6851: https://www.refurbed.de/p/hp-zbook-15-g6-i5-9400h-15-6/
2026-01-11 03:47:21,465 - INFO - Scraping 4100/6851: https://www.refurbed.de/p/hp-zbook-15-g6-i7-9750h/
2026-01-11 03:47:23,103 - INFO - Scraping 4101/6851: https://www.refurbed.de/p/hp-zbook-15-g6-i7-9850h/
2026-01-11 03:47:24,831 - INFO - Scraping 4102/6851: https://www.refurbed.de/p/hp-zbook-15-g6-xeon-e-2286m/
2026-01-11 03:47:26,188 - INFO - Scraping 4103/6851: https://www.refurbed.de/p/hp-zbook-15-g8-fury-i7-11800h-15/
2026-01-11 03:47:27,674 - INFO - Scraping 4104/6851: https://www.refurbed.de/p/hp-zbook-15-i7-15-6/
2026-01-11 03:47:28,074 - ERROR - Error fetching https://www.refurbed.de/p/hp-zbook-15-i7-15-6/: 404 Client Error: Not Found for url: https://www.refurbed.de/p/hp-zbook-15-i7-15-6/
2026-01-11 03:47:29,077 - INFO - Scraping 4105/6851: https://www.refurbed.de/p/hp-zbook-15-i7-4600m-156/
2026-01-11 03:47:29,448 - ERROR - Error fetching https://www.refurbed.de/p/hp-zbook-15-i7-4600m-156/: 404 Client Error: Not Found for url: https://www.refurbed.de/p/hp-zbook-15-i7-4600m-156/
2026-01-11 03:47:30,450 - INFO - Scraping 4106/6851: https://www.refurbed.de/p/hp-zbook-15-i7-4700mq-156/
2026-01-11 03:47:30,644 - ERROR - Error fetching https://www.refurbed.de/p/hp-zbook-15-i7-4700mq-156/: 404 Client Error: Not Found for url: https://www.refurbed.de/p/hp-zbook-15-i7-4700mq-156/
2026-01-11 03:47:31,646 - INFO - Scraping 4107/6851: https://www.refurbed.de/p/hp-zbook-15-i7-4700mq/
2026-01-11 03:47:32,058 - ERROR - Error fetching https://www.refurbed.de/p/hp-zbook-15-i7-4700mq/: 404 Client Error: Not Found for url: https://www.refurbed.de/p/hp-zbook-15-i7-4700mq/
2026-01-11 03:47:33,061 - INFO - Scraping 4108/6851: https://www.refurbed.de/p/hp-zbook-15-i7-4900mq/
2026-01-11 03:47:33,227 - ERROR - Error fetching https://www.refurbed.de/p/hp-zbook-15-i7-4900mq/: 404 Client Error: Not Found for url: https://www.refurbed.de/p/hp-zbook-15-i7-4900mq/
2026-01-11 03:47:34,229 - INFO - Scraping 4109/6851: https://www.refurbed.de/p/hp-zbook-15u-g2-i7-5600u/
2026-01-11 03:47:34,456 - ERROR - Error fetching https://www.refurbed.de/p/hp-zbook-15u-g2-i7-5600u/: 404 Client Error: Not Found for url: https://www.refurbed.de/p/hp-zbook-15u-g2-i7-5600u/
2026-01-11 03:47:35,458 - INFO - Scraping 4110/6851: https://www.refurbed.de/p/hp-zbook-15u-g3-i7-6500u/
2026-01-11 03:47:35,696 - ERROR - Error fetching https://www.refurbed.de/p/hp-zbook-15u-g3-i7-6500u/: 404 Client Error: Not Found for url: https://www.refurbed.de/p/hp-zbook-15u-g3-i7-6500u/
2026-01-11 03:47:36,698 - INFO - Scraping 4111/6851: https://www.refurbed.de/p/hp-zbook-15u-g3-i7-6600u/
2026-01-11 03:47:36,871 - ERROR - Error fetching https://www.refurbed.de/p/hp-zbook-15u-g3-i7-6600u/: 404 Client Error: Not Found for url: https://www.refurbed.de/p/hp-zbook-15u-g3-i7-6600u/
2026-01-11 03:47:37,873 - INFO - Scraping 4112/6851: https://www.refurbed.de/p/hp-zbook-15u-g3-i7-7500u/
2026-01-11 03:47:38,052 - ERROR - Error fetching https://www.refurbed.de/p/hp-zbook-15u-g3-i7-7500u/: 404 Client Error: Not Found for url: https://www.refurbed.de/p/hp-zbook-15u-g3-i7-7500u/
2026-01-11 03:47:39,054 - INFO - Scraping 4113/6851: https://www.refurbed.de/p/hp-zbook-15u-g4-7500u/
2026-01-11 03:47:39,217 - ERROR - Error fetching https://www.refurbed.de/p/hp-zbook-15u-g4-7500u/: 404 Client Error: Not Found for url: https://www.refurbed.de/p/hp-zbook-15u-g4-7500u/
2026-01-11 03:47:40,219 - INFO - Scraping 4114/6851: https://www.refurbed.de/p/hp-zbook-15u-g5-8550u-15-6/
2026-01-11 03:47:41,711 - INFO - Scraping 4115/6851: https://www.refurbed.de/p/hp-zbook-15u-g5-8650u-15-6/
2026-01-11 03:47:43,283 - INFO - Scraping 4116/6851: https://www.refurbed.de/p/hp-zbook-15u-g6-8565u-15-6/
2026-01-11 03:47:44,766 - INFO - Scraping 4117/6851: https://www.refurbed.de/p/hp-zbook-15u-g6-i7-8665u/
2026-01-11 03:47:46,455 - INFO - Scraping 4118/6851: https://www.refurbed.de/p/hp-zbook-15v-g5-8850h-15-6/
2026-01-11 03:47:47,941 - INFO - Scraping 4119/6851: https://www.refurbed.de/p/hp-zbook-15v-g5-9750h/
2026-01-11 03:47:49,407 - INFO - Scraping 4120/6851: https://www.refurbed.de/p/hp-zbook-15v-g5-i5-8300h/
2026-01-11 03:47:50,729 - INFO - Scraping 4121/6851: https://www.refurbed.de/p/hp-zbook-17-3-g1-i7-4600m/
2026-01-11 03:47:50,897 - ERROR - Error fetching https://www.refurbed.de/p/hp-zbook-17-3-g1-i7-4600m/: 404 Client Error: Not Found for url: https://www.refurbed.de/p/hp-zbook-17-3-g1-i7-4600m/
2026-01-11 03:47:51,899 - INFO - Scraping 4122/6851: https://www.refurbed.de/p/hp-zbook-17-fury-i9-11900h-17/
2026-01-11 03:47:53,246 - INFO - Scraping 4123/6851: https://www.refurbed.de/p/hp-zbook-17-g1-i7-4800mq/
2026-01-11 03:47:53,567 - ERROR - Error fetching https://www.refurbed.de/p/hp-zbook-17-g1-i7-4800mq/: 404 Client Error: Not Found for url: https://www.refurbed.de/p/hp-zbook-17-g1-i7-4800mq/
2026-01-11 03:47:54,569 - INFO - Scraping 4124/6851: https://www.refurbed.de/p/hp-zbook-17-g1-i7-4900mq/
2026-01-11 03:47:54,746 - ERROR - Error fetching https://www.refurbed.de/p/hp-zbook-17-g1-i7-4900mq/: 404 Client Error: Not Found for url: https://www.refurbed.de/p/hp-zbook-17-g1-i7-4900mq/
2026-01-11 03:47:55,748 - INFO - Scraping 4125/6851: https://www.refurbed.de/p/hp-zbook-17-g2-i5-4340m-17/
2026-01-11 03:47:55,991 - ERROR - Error fetching https://www.refurbed.de/p/hp-zbook-17-g2-i5-4340m-17/: 404 Client Error: Not Found for url: https://www.refurbed.de/p/hp-zbook-17-g2-i5-4340m-17/
2026-01-11 03:47:56,993 - INFO - Scraping 4126/6851: https://www.refurbed.de/p/hp-zbook-17-g2-i7-4700mq/
2026-01-11 03:47:57,163 - ERROR - Error fetching https://www.refurbed.de/p/hp-zbook-17-g2-i7-4700mq/: 404 Client Error: Not Found for url: https://www.refurbed.de/p/hp-zbook-17-g2-i7-4700mq/
2026-01-11 03:47:58,165 - INFO - Scraping 4127/6851: https://www.refurbed.de/p/hp-zbook-17-g3-1535m-v5/
2026-01-11 03:47:58,368 - ERROR - Error fetching https://www.refurbed.de/p/hp-zbook-17-g3-1535m-v5/: 404 Client Error: Not Found for url: https://www.refurbed.de/p/hp-zbook-17-g3-1535m-v5/
2026-01-11 03:47:59,371 - INFO - Scraping 4128/6851: https://www.refurbed.de/p/hp-zbook-17-g3-6440hq/
2026-01-11 03:47:59,547 - ERROR - Error fetching https://www.refurbed.de/p/hp-zbook-17-g3-6440hq/: 404 Client Error: Not Found for url: https://www.refurbed.de/p/hp-zbook-17-g3-6440hq/
2026-01-11 03:48:00,549 - INFO - Scraping 4129/6851: https://www.refurbed.de/p/hp-zbook-17-g3-6700hq/
2026-01-11 03:48:00,712 - ERROR - Error fetching https://www.refurbed.de/p/hp-zbook-17-g3-6700hq/: 404 Client Error: Not Found for url: https://www.refurbed.de/p/hp-zbook-17-g3-6700hq/
2026-01-11 03:48:01,714 - INFO - Scraping 4130/6851: https://www.refurbed.de/p/hp-zbook-17-g3-6820hq/
2026-01-11 03:48:01,969 - ERROR - Error fetching https://www.refurbed.de/p/hp-zbook-17-g3-6820hq/: 404 Client Error: Not Found for url: https://www.refurbed.de/p/hp-zbook-17-g3-6820hq/
2026-01-11 03:48:02,971 - INFO - Scraping 4131/6851: https://www.refurbed.de/p/hp-zbook-17-g3-7820hq/
2026-01-11 03:48:04,346 - INFO - Scraping 4132/6851: https://www.refurbed.de/p/hp-zbook-17-g4-7820hq/
2026-01-11 03:48:05,662 - INFO - Scraping 4133/6851: https://www.refurbed.de/p/hp-zbook-17-g4-i7-7700hq/
2026-01-11 03:48:05,847 - ERROR - Error fetching https://www.refurbed.de/p/hp-zbook-17-g4-i7-7700hq/: 404 Client Error: Not Found for url: https://www.refurbed.de/p/hp-zbook-17-g4-i7-7700hq/
2026-01-11 03:48:06,850 - INFO - Scraping 4134/6851: https://www.refurbed.de/p/hp-zbook-17-g4-xeon-e3-1535m-v6/
2026-01-11 03:48:07,036 - ERROR - Error fetching https://www.refurbed.de/p/hp-zbook-17-g4-xeon-e3-1535m-v6/: 404 Client Error: Not Found for url: https://www.refurbed.de/p/hp-zbook-17-g4-xeon-e3-1535m-v6/
2026-01-11 03:48:08,038 - INFO - Scraping 4135/6851: https://www.refurbed.de/p/hp-zbook-17-g5-8750h-17/
2026-01-11 03:48:09,597 - INFO - Scraping 4136/6851: https://www.refurbed.de/p/hp-zbook-17-g5-8850h-17/
2026-01-11 03:48:11,053 - INFO - Scraping 4137/6851: https://www.refurbed.de/p/hp-zbook-17-g5-8950hk-17/
2026-01-11 03:48:12,405 - INFO - Scraping 4138/6851: https://www.refurbed.de/p/hp-zbook-17-g5-e-2176m-17/
2026-01-11 03:48:13,750 - INFO - Scraping 4139/6851: https://www.refurbed.de/p/hp-zbook-17-g5-e-2186m-17-3/
2026-01-11 03:48:15,064 - INFO - Scraping 4140/6851: https://www.refurbed.de/p/hp-zbook-17-g5-i5-8400h-17/
2026-01-11 03:48:16,586 - INFO - Scraping 4141/6851: https://www.refurbed.de/p/hp-zbook-17-g6-i5-9400h/
2026-01-11 03:48:18,072 - INFO - Scraping 4142/6851: https://www.refurbed.de/p/hp-zbook-17-g6-i7-9750h/
2026-01-11 03:48:19,629 - INFO - Scraping 4143/6851: https://www.refurbed.de/p/hp-zbook-17-g6-i7-9850h/
2026-01-11 03:48:21,283 - INFO - Scraping 4144/6851: https://www.refurbed.de/p/hp-zbook-17-g6-i9-9880h/
2026-01-11 03:48:22,849 - INFO - Scraping 4145/6851: https://www.refurbed.de/p/hp-zbook-17-g6-xeon-e-2286m/
2026-01-11 03:48:24,372 - INFO - Scraping 4146/6851: https://www.refurbed.de/p/hp-zbook-17-i5-17/
2026-01-11 03:48:24,552 - ERROR - Error fetching https://www.refurbed.de/p/hp-zbook-17-i5-17/: 404 Client Error: Not Found for url: https://www.refurbed.de/p/hp-zbook-17-i5-17/
2026-01-11 03:48:25,555 - INFO - Scraping 4147/6851: https://www.refurbed.de/p/hp-zbook-17-i7-17-3/
2026-01-11 03:48:25,769 - ERROR - Error fetching https://www.refurbed.de/p/hp-zbook-17-i7-17-3/: 404 Client Error: Not Found for url: https://www.refurbed.de/p/hp-zbook-17-i7-17-3/
2026-01-11 03:48:26,771 - INFO - Scraping 4148/6851: https://www.refurbed.de/p/hp-zbook-17-i7-17/
2026-01-11 03:48:26,947 - ERROR - Error fetching https://www.refurbed.de/p/hp-zbook-17-i7-17/: 404 Client Error: Not Found for url: https://www.refurbed.de/p/hp-zbook-17-i7-17/
2026-01-11 03:48:27,949 - INFO - Scraping 4149/6851: https://www.refurbed.de/p/hp-zbook-create-g7-10850h-15-6/
2026-01-11 03:48:29,513 - INFO - Scraping 4150/6851: https://www.refurbed.de/p/hp-zbook-ff-14-g10a-r7pro-7840hs/
2026-01-11 03:48:31,038 - INFO - Scraping 4151/6851: https://www.refurbed.de/p/hp-zbook-ff-14-g10a-r9p-7940hs/
2026-01-11 03:48:32,488 - INFO - Scraping 4152/6851: https://www.refurbed.de/p/hp-zbook-firefly-14-g10-1355u/
2026-01-11 03:48:33,891 - INFO - Scraping 4153/6851: https://www.refurbed.de/p/hp-zbook-firefly-14-g10-1365u/
2026-01-11 03:48:35,299 - INFO - Scraping 4154/6851: https://www.refurbed.de/p/hp-zbook-firefly-14-g10-a-5-7640/
2026-01-11 03:48:36,800 - INFO - Scraping 4155/6851: https://www.refurbed.de/p/hp-zbook-firefly-14-g10-i7-1360p/
2026-01-11 03:48:38,340 - INFO - Scraping 4156/6851: https://www.refurbed.de/p/hp-zbook-firefly-14-g10-i7-1370p/
2026-01-11 03:48:39,724 - INFO - Scraping 4157/6851: https://www.refurbed.de/p/hp-zbook-firefly-14-g11-7-155h/
2026-01-11 03:48:41,076 - INFO - Scraping 4158/6851: https://www.refurbed.de/p/hp-zbook-firefly-14-g11-7-165h/
2026-01-11 03:48:42,724 - INFO - Scraping 4159/6851: https://www.refurbed.de/p/hp-zbook-firefly-14-g9-i7-1265u/
2026-01-11 03:48:44,128 - INFO - Scraping 4160/6851: https://www.refurbed.de/p/hp-zbook-firefly-15-g7-i5-10210u/
2026-01-11 03:48:45,630 - INFO - Scraping 4161/6851: https://www.refurbed.de/p/hp-zbook-firefly-15-g7-i7-10510u/
2026-01-11 03:48:47,504 - INFO - Scraping 4162/6851: https://www.refurbed.de/p/hp-zbook-firefly-15-g7-i7-10810u/
2026-01-11 03:48:48,983 - INFO - Scraping 4163/6851: https://www.refurbed.de/p/hp-zbook-firefly-15-g8-1165g7/
2026-01-11 03:48:50,412 - INFO - Scraping 4164/6851: https://www.refurbed.de/p/hp-zbook-firefly-16-g10-1355u/
2026-01-11 03:48:51,759 - INFO - Scraping 4165/6851: https://www.refurbed.de/p/hp-zbook-firefly-16-g10-1360p/
2026-01-11 03:48:53,132 - INFO - Scraping 4166/6851: https://www.refurbed.de/p/hp-zbook-firefly-16-g11-7-155h/
2026-01-11 03:48:54,482 - INFO - Scraping 4167/6851: https://www.refurbed.de/p/hp-zbook-firefly-16-g9-1255u-16/
2026-01-11 03:48:55,941 - INFO - Scraping 4168/6851: https://www.refurbed.de/p/hp-zbook-firefly-16-g9-i7-1265u/
2026-01-11 03:48:57,368 - INFO - Scraping 4169/6851: https://www.refurbed.de/p/hp-zbook-firefly-16-g9-i7-1280p/
2026-01-11 03:48:58,854 - INFO - Scraping 4170/6851: https://www.refurbed.de/p/hp-zbook-fury-15-g7-10850h-15-6/
2026-01-11 03:49:00,506 - INFO - Scraping 4171/6851: https://www.refurbed.de/p/hp-zbook-fury-15-g7-10885h-15-6/
2026-01-11 03:49:01,839 - INFO - Scraping 4172/6851: https://www.refurbed.de/p/hp-zbook-fury-15-g7-10885m-15-6/
2026-01-11 03:49:03,295 - INFO - Scraping 4173/6851: https://www.refurbed.de/p/hp-zbook-fury-15-g7-i5-10400h/
2026-01-11 03:49:04,633 - INFO - Scraping 4174/6851: https://www.refurbed.de/p/hp-zbook-fury-15-g7-i7-10750h/
2026-01-11 03:49:06,135 - INFO - Scraping 4175/6851: https://www.refurbed.de/p/hp-zbook-fury-15-g8-11850h-15-6/
2026-01-11 03:49:07,718 - INFO - Scraping 4176/6851: https://www.refurbed.de/p/hp-zbook-fury-15-g8-11950h-15-6/
2026-01-11 03:49:09,172 - INFO - Scraping 4177/6851: https://www.refurbed.de/p/hp-zbook-fury-15-g8-w-11955m/
2026-01-11 03:49:10,489 - INFO - Scraping 4178/6851: https://www.refurbed.de/p/hp-zbook-fury-16-g10-13850hx-16/
2026-01-11 03:49:11,989 - INFO - Scraping 4179/6851: https://www.refurbed.de/p/hp-zbook-fury-16-g10-13950hx-16/
2026-01-11 03:49:13,360 - INFO - Scraping 4180/6851: https://www.refurbed.de/p/hp-zbook-fury-16-g11-13850hx-16/
2026-01-11 03:49:14,675 - INFO - Scraping 4181/6851: https://www.refurbed.de/p/hp-zbook-fury-16-g9-12800hx-16/
2026-01-11 03:49:16,134 - INFO - Scraping 4182/6851: https://www.refurbed.de/p/hp-zbook-fury-16-g9-12850hx-16/
2026-01-11 03:49:17,496 - INFO - Scraping 4183/6851: https://www.refurbed.de/p/hp-zbook-fury-16-g9-12950hx-16/
2026-01-11 03:49:18,845 - INFO - Scraping 4184/6851: https://www.refurbed.de/p/hp-zbook-fury-16-g9-i9-12900hx/
2026-01-11 03:49:20,248 - INFO - Scraping 4185/6851: https://www.refurbed.de/p/hp-zbook-fury-17-g7-i7-10750h-17/
2026-01-11 03:49:21,738 - INFO - Scraping 4186/6851: https://www.refurbed.de/p/hp-zbook-fury-17-g7-i7-10850h-17/
2026-01-11 03:49:23,608 - INFO - Scraping 4187/6851: https://www.refurbed.de/p/hp-zbook-fury-17-g7-i9-10885h-17/
2026-01-11 03:49:25,067 - INFO - Scraping 4188/6851: https://www.refurbed.de/p/hp-zbook-fury-17-g7-w-10885m-17/
2026-01-11 03:49:26,500 - INFO - Scraping 4189/6851: https://www.refurbed.de/p/hp-zbook-fury-17-g8-11500h-17-3/
2026-01-11 03:49:27,926 - INFO - Scraping 4190/6851: https://www.refurbed.de/p/hp-zbook-fury-17-g8-11800h-17-3/
2026-01-11 03:49:29,387 - INFO - Scraping 4191/6851: https://www.refurbed.de/p/hp-zbook-fury-17-g8-11850h-17-3/
2026-01-11 03:49:30,917 - INFO - Scraping 4192/6851: https://www.refurbed.de/p/hp-zbook-fury-17-g8-w-11955m/
2026-01-11 03:49:32,239 - INFO - Scraping 4193/6851: https://www.refurbed.de/p/hp-zbook-g11-core-ultra-7-155h/
2026-01-11 03:49:33,684 - INFO - Scraping 4194/6851: https://www.refurbed.de/p/hp-zbook-g2-17-i7-4910mq-17/
2026-01-11 03:49:33,936 - ERROR - Error fetching https://www.refurbed.de/p/hp-zbook-g2-17-i7-4910mq-17/: 404 Client Error: Not Found for url: https://www.refurbed.de/p/hp-zbook-g2-17-i7-4910mq-17/
2026-01-11 03:49:34,938 - INFO - Scraping 4195/6851: https://www.refurbed.de/p/hp-zbook-g3-1505m-v5/
2026-01-11 03:49:35,107 - ERROR - Error fetching https://www.refurbed.de/p/hp-zbook-g3-1505m-v5/: 404 Client Error: Not Found for url: https://www.refurbed.de/p/hp-zbook-g3-1505m-v5/
2026-01-11 03:49:36,109 - INFO - Scraping 4196/6851: https://www.refurbed.de/p/hp-zbook-power-g10-13700h-15-6/
2026-01-11 03:49:37,414 - INFO - Scraping 4197/6851: https://www.refurbed.de/p/hp-zbook-power-g10-13900h-15-6/
2026-01-11 03:49:39,001 - INFO - Scraping 4198/6851: https://www.refurbed.de/p/hp-zbook-power-g10-i7-13800h/
2026-01-11 03:49:40,363 - INFO - Scraping 4199/6851: https://www.refurbed.de/p/hp-zbook-power-g10-r-7-7840hs/
2026-01-11 03:49:41,696 - INFO - Scraping 4200/6851: https://www.refurbed.de/p/hp-zbook-power-g10-r9-7940hs/
2026-01-11 03:49:43,050 - INFO - Scraping 4201/6851: https://www.refurbed.de/p/hp-zbook-power-g10-r9-pro-7940hs/
2026-01-11 03:49:44,386 - INFO - Scraping 4202/6851: https://www.refurbed.de/p/hp-zbook-power-g11-ryzen-7-8845/
2026-01-11 03:49:46,076 - INFO - Scraping 4203/6851: https://www.refurbed.de/p/hp-zbook-power-g7-i7-10750h-15-6/
2026-01-11 03:49:47,516 - INFO - Scraping 4204/6851: https://www.refurbed.de/p/hp-zbook-power-g7-i9-10885h-15-6/
2026-01-11 03:49:48,901 - INFO - Scraping 4205/6851: https://www.refurbed.de/p/hp-zbook-power-g8-11400h-15-6/
2026-01-11 03:49:50,609 - INFO - Scraping 4206/6851: https://www.refurbed.de/p/hp-zbook-power-g8-11800h-15-6/
2026-01-11 03:49:52,284 - INFO - Scraping 4207/6851: https://www.refurbed.de/p/hp-zbook-power-g8-11900h-15-6/
2026-01-11 03:49:53,662 - INFO - Scraping 4208/6851: https://www.refurbed.de/p/hp-zbook-power-g8-11950h-15-6/
2026-01-11 03:49:55,418 - INFO - Scraping 4209/6851: https://www.refurbed.de/p/hp-zbook-power-g9-12700h-15-6/
2026-01-11 03:49:56,880 - INFO - Scraping 4210/6851: https://www.refurbed.de/p/hp-zbook-power-g9-12800hx-15-6/
2026-01-11 03:49:58,237 - INFO - Scraping 4211/6851: https://www.refurbed.de/p/hp-zbook-studio-16-g10-13700h-16/
2026-01-11 03:49:59,628 - INFO - Scraping 4212/6851: https://www.refurbed.de/p/hp-zbook-studio-16-g10-13800h-16/
2026-01-11 03:50:01,001 - INFO - Scraping 4213/6851: https://www.refurbed.de/p/hp-zbook-studio-16-g10-13900h-16/
2026-01-11 03:50:02,318 - INFO - Scraping 4214/6851: https://www.refurbed.de/p/hp-zbook-studio-16-g9-12700h-16/
2026-01-11 03:50:03,743 - INFO - Scraping 4215/6851: https://www.refurbed.de/p/hp-zbook-studio-16-g9-i9-12900h/
2026-01-11 03:50:05,112 - INFO - Scraping 4216/6851: https://www.refurbed.de/p/hp-zbook-studio-g3-i7-6820hq-15/
2026-01-11 03:50:05,295 - ERROR - Error fetching https://www.refurbed.de/p/hp-zbook-studio-g3-i7-6820hq-15/: 404 Client Error: Not Found for url: https://www.refurbed.de/p/hp-zbook-studio-g3-i7-6820hq-15/
2026-01-11 03:50:06,297 - INFO - Scraping 4217/6851: https://www.refurbed.de/p/hp-zbook-studio-g3-xeon-1545mv5/
2026-01-11 03:50:06,466 - ERROR - Error fetching https://www.refurbed.de/p/hp-zbook-studio-g3-xeon-1545mv5/: 404 Client Error: Not Found for url: https://www.refurbed.de/p/hp-zbook-studio-g3-xeon-1545mv5/
2026-01-11 03:50:07,468 - INFO - Scraping 4218/6851: https://www.refurbed.de/p/hp-zbook-studio-g4-7700hq-15-6/
2026-01-11 03:50:07,677 - ERROR - Error fetching https://www.refurbed.de/p/hp-zbook-studio-g4-7700hq-15-6/: 404 Client Error: Not Found for url: https://www.refurbed.de/p/hp-zbook-studio-g4-7700hq-15-6/
2026-01-11 03:50:08,679 - INFO - Scraping 4219/6851: https://www.refurbed.de/p/hp-zbook-studio-g4-xeon-e31505m/
2026-01-11 03:50:09,001 - ERROR - Error fetching https://www.refurbed.de/p/hp-zbook-studio-g4-xeon-e31505m/: 404 Client Error: Not Found for url: https://www.refurbed.de/p/hp-zbook-studio-g4-xeon-e31505m/
2026-01-11 03:50:10,004 - INFO - Scraping 4220/6851: https://www.refurbed.de/p/hp-zbook-studio-g5-8850h/
2026-01-11 03:50:11,550 - INFO - Scraping 4221/6851: https://www.refurbed.de/p/hp-zbook-studio-g5-9850h/
2026-01-11 03:50:13,017 - INFO - Scraping 4222/6851: https://www.refurbed.de/p/hp-zbook-studio-g5-e-2176m/
2026-01-11 03:50:14,390 - INFO - Scraping 4223/6851: https://www.refurbed.de/p/hp-zbook-studio-g5-i7-8750h/
2026-01-11 03:50:16,040 - INFO - Scraping 4224/6851: https://www.refurbed.de/p/hp-zbook-studio-g5-i7-9750h/
2026-01-11 03:50:17,536 - INFO - Scraping 4225/6851: https://www.refurbed.de/p/hp-zbook-studio-g7-10750h/
2026-01-11 03:50:18,914 - INFO - Scraping 4226/6851: https://www.refurbed.de/p/hp-zbook-studio-g7-10850h/
2026-01-11 03:50:20,529 - INFO - Scraping 4227/6851: https://www.refurbed.de/p/hp-zbook-studio-g7-10885h-15-6/
2026-01-11 03:50:22,147 - INFO - Scraping 4228/6851: https://www.refurbed.de/p/hp-zbook-studio-g8-11800h-15-6/
2026-01-11 03:50:23,627 - INFO - Scraping 4229/6851: https://www.refurbed.de/p/hp-zbook-studio-g8-11850h/
2026-01-11 03:50:25,048 - INFO - Scraping 4230/6851: https://www.refurbed.de/p/hp-zbook-studio-g8-11900h-15-6/
2026-01-11 03:50:26,572 - INFO - Scraping 4231/6851: https://www.refurbed.de/p/hp-zbook-studio-g8-i9-11950h/
2026-01-11 03:50:28,033 - INFO - Scraping 4232/6851: https://www.refurbed.de/p/hp-zbook-x2-g4-i7-8550u-14/
2026-01-11 03:50:29,361 - INFO - Scraping 4233/6851: https://www.refurbed.de/p/hp-zbook-x360-g5-i7-8850h/
2026-01-11 03:50:30,741 - INFO - Scraping 4234/6851: https://www.refurbed.de/p/hp-zr2240w-21-5/
2026-01-11 03:50:32,268 - INFO - Scraping 4235/6851: https://www.refurbed.de/p/hp-zr22w/
2026-01-11 03:50:33,619 - INFO - Scraping 4236/6851: https://www.refurbed.de/p/hp-zr2330w-23/
2026-01-11 03:50:35,226 - INFO - Scraping 4237/6851: https://www.refurbed.de/p/hp-zr24w/
2026-01-11 03:50:36,803 - INFO - Scraping 4238/6851: https://www.refurbed.de/p/hp-zr30w-30/
2026-01-11 03:50:38,305 - INFO - Scraping 4239/6851: https://www.refurbed.de/p/hpspectrex360-13-ae008no/
2026-01-11 03:50:39,612 - INFO - Scraping 4240/6851: https://www.refurbed.de/p/huami-amazfit-gtr/
2026-01-11 03:50:41,091 - INFO - Scraping 4241/6851: https://www.refurbed.de/p/huami-amazfit-pace/
2026-01-11 03:50:42,474 - INFO - Scraping 4242/6851: https://www.refurbed.de/p/huami-amazfit-t-rex/
2026-01-11 03:50:44,192 - INFO - Scraping 4243/6851: https://www.refurbed.de/p/huawei-display-ad80hw/
2026-01-11 03:50:45,783 - INFO - Scraping 4244/6851: https://www.refurbed.de/p/huawei-mate-10-lite/
2026-01-11 03:50:47,265 - INFO - Scraping 4245/6851: https://www.refurbed.de/p/huawei-mate-10-porsche-design/
2026-01-11 03:50:48,649 - INFO - Scraping 4246/6851: https://www.refurbed.de/p/huawei-mate-10-pro/
2026-01-11 03:50:50,182 - INFO - Scraping 4247/6851: https://www.refurbed.de/p/huawei-mate-10/
2026-01-11 03:50:51,816 - INFO - Scraping 4248/6851: https://www.refurbed.de/p/huawei-mate-20-lite/
2026-01-11 03:50:53,372 - INFO - Scraping 4249/6851: https://www.refurbed.de/p/huawei-mate-20-pro/
2026-01-11 03:50:54,825 - INFO - Scraping 4250/6851: https://www.refurbed.de/p/huawei-mate-20-x-5g/
2026-01-11 03:50:56,219 - INFO - Scraping 4251/6851: https://www.refurbed.de/p/huawei-mate-20-x/
2026-01-11 03:50:57,756 - INFO - Scraping 4252/6851: https://www.refurbed.de/p/huawei-mate-20/
2026-01-11 03:50:59,267 - INFO - Scraping 4253/6851: https://www.refurbed.de/p/huawei-mate-30-pro-5g/
2026-01-11 03:51:00,722 - INFO - Scraping 4254/6851: https://www.refurbed.de/p/huawei-mate-30-pro/
2026-01-11 03:51:02,438 - INFO - Scraping 4255/6851: https://www.refurbed.de/p/huawei-mate-40-pro/
2026-01-11 03:51:03,950 - INFO - Scraping 4256/6851: https://www.refurbed.de/p/huawei-mate-50-pro/
2026-01-11 03:51:05,527 - INFO - Scraping 4257/6851: https://www.refurbed.de/p/huawei-mate-50-rs-porsche-design/
2026-01-11 03:51:06,892 - INFO - Scraping 4258/6851: https://www.refurbed.de/p/huawei-mate-8/
2026-01-11 03:51:08,283 - INFO - Scraping 4259/6851: https://www.refurbed.de/p/huawei-mate-9-pro/
2026-01-11 03:51:09,632 - INFO - Scraping 4260/6851: https://www.refurbed.de/p/huawei-mate-9/
2026-01-11 03:51:10,961 - INFO - Scraping 4261/6851: https://www.refurbed.de/p/huawei-mate-rs-porsche-design/
2026-01-11 03:51:12,293 - INFO - Scraping 4262/6851: https://www.refurbed.de/p/huawei-mate-s/
2026-01-11 03:51:13,730 - INFO - Scraping 4263/6851: https://www.refurbed.de/p/huawei-mate-x3/
2026-01-11 03:51:15,044 - INFO - Scraping 4264/6851: https://www.refurbed.de/p/huawei-mate-xs-2/
2026-01-11 03:51:16,574 - INFO - Scraping 4265/6851: https://www.refurbed.de/p/huawei-mate-xs/
2026-01-11 03:51:17,920 - INFO - Scraping 4266/6851: https://www.refurbed.de/p/huawei-matebook-13-2020-10210u/
2026-01-11 03:51:19,264 - INFO - Scraping 4267/6851: https://www.refurbed.de/p/huawei-matebook-13-i7-8565u-13/
2026-01-11 03:51:20,793 - INFO - Scraping 4268/6851: https://www.refurbed.de/p/huawei-matebook-14-2024-5-125h/
2026-01-11 03:51:22,143 - INFO - Scraping 4269/6851: https://www.refurbed.de/p/huawei-matebook-14-21-1155g7/
2026-01-11 03:51:23,657 - INFO - Scraping 4270/6851: https://www.refurbed.de/p/huawei-matebook-14-21-5-5500u/
2026-01-11 03:51:24,999 - INFO - Scraping 4271/6851: https://www.refurbed.de/p/huawei-matebook-14s-11370h/
2026-01-11 03:51:26,348 - INFO - Scraping 4272/6851: https://www.refurbed.de/p/huawei-matebook-16-r-7-5800h-16/
2026-01-11 03:51:27,748 - INFO - Scraping 4273/6851: https://www.refurbed.de/p/huawei-matebook-16s-i7-12700h-16/
2026-01-11 03:51:29,210 - INFO - Scraping 4274/6851: https://www.refurbed.de/p/huawei-matebook-16s-i9-13900h/
2026-01-11 03:51:30,546 - INFO - Scraping 4275/6851: https://www.refurbed.de/p/huawei-matebook-d-14-22-1155g7/
2026-01-11 03:51:31,882 - INFO - Scraping 4276/6851: https://www.refurbed.de/p/huawei-matebook-d14-i5-10210u/
2026-01-11 03:51:33,207 - INFO - Scraping 4277/6851: https://www.refurbed.de/p/huawei-matebook-d14-r5-2500u/
2026-01-11 03:51:33,488 - ERROR - Error fetching https://www.refurbed.de/p/huawei-matebook-d14-r5-2500u/: 404 Client Error: Not Found for url: https://www.refurbed.de/p/huawei-matebook-d14-r5-2500u/
2026-01-11 03:51:34,489 - INFO - Scraping 4278/6851: https://www.refurbed.de/p/huawei-matebook-d14-r5-3500u/
2026-01-11 03:51:36,045 - INFO - Scraping 4279/6851: https://www.refurbed.de/p/huawei-matebook-d15-i3-10110u/
2026-01-11 03:51:37,366 - INFO - Scraping 4280/6851: https://www.refurbed.de/p/huawei-matebook-d15-r5-3500u/
2026-01-11 03:51:38,673 - INFO - Scraping 4281/6851: https://www.refurbed.de/p/huawei-matebook-d15-r5-5500u/
2026-01-11 03:51:40,035 - INFO - Scraping 4282/6851: https://www.refurbed.de/p/huawei-matebook-d15-r7-3700u/
2026-01-11 03:51:41,382 - INFO - Scraping 4283/6851: https://www.refurbed.de/p/huawei-matebook-d16-24-12450h/
2026-01-11 03:51:42,783 - INFO - Scraping 4284/6851: https://www.refurbed.de/p/huawei-matebook-d16-i5-12450h/
2026-01-11 03:51:44,196 - INFO - Scraping 4285/6851: https://www.refurbed.de/p/huawei-matebook-d16-r5-4600h/
2026-01-11 03:51:45,551 - INFO - Scraping 4286/6851: https://www.refurbed.de/p/huawei-matebook-d16-r5-4600u/
2026-01-11 03:51:47,206 - INFO - Scraping 4287/6851: https://www.refurbed.de/p/huawei-matebook-e-i3-1110g4-12-6/
2026-01-11 03:51:48,539 - INFO - Scraping 4288/6851: https://www.refurbed.de/p/huawei-matebook-r7-4800h/
2026-01-11 03:51:49,978 - INFO - Scraping 4289/6851: https://www.refurbed.de/p/huawei-matebook-x-7500u-13/
2026-01-11 03:51:50,157 - ERROR - Error fetching https://www.refurbed.de/p/huawei-matebook-x-7500u-13/: 404 Client Error: Not Found for url: https://www.refurbed.de/p/huawei-matebook-x-7500u-13/
2026-01-11 03:51:51,159 - INFO - Scraping 4290/6851: https://www.refurbed.de/p/huawei-matebook-x-pro-1165g7/
2026-01-11 03:51:52,515 - INFO - Scraping 4291/6851: https://www.refurbed.de/p/huawei-matebook-x-pro-2020-i7/
2026-01-11 03:51:54,002 - INFO - Scraping 4292/6851: https://www.refurbed.de/p/huawei-matebook-x-pro-2022/
2026-01-11 03:51:55,327 - INFO - Scraping 4293/6851: https://www.refurbed.de/p/huawei-matebook-x-pro-7500u/
2026-01-11 03:51:55,509 - ERROR - Error fetching https://www.refurbed.de/p/huawei-matebook-x-pro-7500u/: 404 Client Error: Not Found for url: https://www.refurbed.de/p/huawei-matebook-x-pro-7500u/
2026-01-11 03:51:56,512 - INFO - Scraping 4294/6851: https://www.refurbed.de/p/huawei-matebook-x-pro-8550u/
2026-01-11 03:51:57,868 - INFO - Scraping 4295/6851: https://www.refurbed.de/p/huawei-matepad-11-10-95/
2026-01-11 03:51:59,342 - INFO - Scraping 4296/6851: https://www.refurbed.de/p/huawei-matepad-11-5/
2026-01-11 03:52:00,764 - INFO - Scraping 4297/6851: https://www.refurbed.de/p/huawei-matepad-pro-10-8/
2026-01-11 03:52:02,313 - INFO - Scraping 4298/6851: https://www.refurbed.de/p/huawei-matepad-se-10-4/
2026-01-11 03:52:03,690 - INFO - Scraping 4299/6851: https://www.refurbed.de/p/huawei-matepad-t10/
2026-01-11 03:52:05,245 - INFO - Scraping 4300/6851: https://www.refurbed.de/p/huawei-matepad-t10s/
2026-01-11 03:52:06,627 - INFO - Scraping 4301/6851: https://www.refurbed.de/p/huawei-matepad-t3/
2026-01-11 03:52:07,941 - INFO - Scraping 4302/6851: https://www.refurbed.de/p/huawei-mediapad-m1/
2026-01-11 03:52:09,294 - INFO - Scraping 4303/6851: https://www.refurbed.de/p/huawei-mediapad-m2-10/
2026-01-11 03:52:10,655 - INFO - Scraping 4304/6851: https://www.refurbed.de/p/huawei-mediapad-m3-8-4/
2026-01-11 03:52:12,094 - INFO - Scraping 4305/6851: https://www.refurbed.de/p/huawei-mediapad-m3-lite-10-10/
2026-01-11 03:52:13,686 - INFO - Scraping 4306/6851: https://www.refurbed.de/p/huawei-mediapad-m5-10-lite/
2026-01-11 03:52:15,211 - INFO - Scraping 4307/6851: https://www.refurbed.de/p/huawei-mediapad-m5-10-pro/
2026-01-11 03:52:16,628 - INFO - Scraping 4308/6851: https://www.refurbed.de/p/huawei-mediapad-m5-10/
2026-01-11 03:52:18,119 - INFO - Scraping 4309/6851: https://www.refurbed.de/p/huawei-mediapad-m5-8-4/
2026-01-11 03:52:19,607 - INFO - Scraping 4310/6851: https://www.refurbed.de/p/huawei-mediapad-m5-8-lite/
2026-01-11 03:52:20,986 - INFO - Scraping 4311/6851: https://www.refurbed.de/p/huawei-mediapad-t1-10-0-lte/
2026-01-11 03:52:22,428 - INFO - Scraping 4312/6851: https://www.refurbed.de/p/huawei-mediapad-t1-7-0-tablet-pc/
2026-01-11 03:52:23,780 - INFO - Scraping 4313/6851: https://www.refurbed.de/p/huawei-mediapad-t1-8-3g/
2026-01-11 03:52:25,106 - INFO - Scraping 4314/6851: https://www.refurbed.de/p/huawei-mediapad-t3-10-0/
2026-01-11 03:52:26,589 - INFO - Scraping 4315/6851: https://www.refurbed.de/p/huawei-mediapad-t3-7-0/
2026-01-11 03:52:27,892 - INFO - Scraping 4316/6851: https://www.refurbed.de/p/huawei-mediapad-t3-8-0/
2026-01-11 03:52:29,219 - INFO - Scraping 4317/6851: https://www.refurbed.de/p/huawei-mediapad-t5-10-10-1/
2026-01-11 03:52:30,551 - INFO - Scraping 4318/6851: https://www.refurbed.de/p/huawei-p-smart-2019/
2026-01-11 03:52:32,148 - INFO - Scraping 4319/6851: https://www.refurbed.de/p/huawei-p-smart-2020/
2026-01-11 03:52:33,653 - INFO - Scraping 4320/6851: https://www.refurbed.de/p/huawei-p-smart-2021/
2026-01-11 03:52:35,126 - INFO - Scraping 4321/6851: https://www.refurbed.de/p/huawei-p-smart-plus-18/
2026-01-11 03:52:36,478 - INFO - Scraping 4322/6851: https://www.refurbed.de/p/huawei-p-smart-plus-2019/
2026-01-11 03:52:38,119 - INFO - Scraping 4323/6851: https://www.refurbed.de/p/huawei-p-smart-pro/
2026-01-11 03:52:39,684 - INFO - Scraping 4324/6851: https://www.refurbed.de/p/huawei-p-smart-s/
2026-01-11 03:52:41,042 - INFO - Scraping 4325/6851: https://www.refurbed.de/p/huawei-p-smart-z/
2026-01-11 03:52:42,562 - INFO - Scraping 4326/6851: https://www.refurbed.de/p/huawei-p-smart/
2026-01-11 03:52:44,022 - INFO - Scraping 4327/6851: https://www.refurbed.de/p/huawei-p10-lite/
2026-01-11 03:52:45,550 - INFO - Scraping 4328/6851: https://www.refurbed.de/p/huawei-p10-plus/
2026-01-11 03:52:47,123 - INFO - Scraping 4329/6851: https://www.refurbed.de/p/huawei-p10/
2026-01-11 03:52:48,655 - INFO - Scraping 4330/6851: https://www.refurbed.de/p/huawei-p20-lite/
2026-01-11 03:52:50,139 - INFO - Scraping 4331/6851: https://www.refurbed.de/p/huawei-p20-pro/
2026-01-11 03:52:51,706 - INFO - Scraping 4332/6851: https://www.refurbed.de/p/huawei-p20/
2026-01-11 03:52:53,500 - INFO - Scraping 4333/6851: https://www.refurbed.de/p/huawei-p30-lite-new-ed/
2026-01-11 03:52:55,021 - INFO - Scraping 4334/6851: https://www.refurbed.de/p/huawei-p30-pro-ne/
2026-01-11 03:52:56,511 - INFO - Scraping 4335/6851: https://www.refurbed.de/p/huawei-p30-pro/
2026-01-11 03:52:58,280 - INFO - Scraping 4336/6851: https://www.refurbed.de/p/huawei-p30/
2026-01-11 03:52:59,798 - INFO - Scraping 4337/6851: https://www.refurbed.de/p/huawei-p30lite/
2026-01-11 03:53:01,161 - INFO - Scraping 4338/6851: https://www.refurbed.de/p/huawei-p40-lite-5g/
2026-01-11 03:53:02,703 - INFO - Scraping 4339/6851: https://www.refurbed.de/p/huawei-p40-lite-e/
2026-01-11 03:53:04,485 - INFO - Scraping 4340/6851: https://www.refurbed.de/p/huawei-p40-lite/
2026-01-11 03:53:06,402 - INFO - Scraping 4341/6851: https://www.refurbed.de/p/huawei-p40-pro-4g/
2026-01-11 03:53:07,741 - INFO - Scraping 4342/6851: https://www.refurbed.de/p/huawei-p40-pro-plus/
2026-01-11 03:53:09,449 - INFO - Scraping 4343/6851: https://www.refurbed.de/p/huawei-p40-pro/
2026-01-11 03:53:11,016 - INFO - Scraping 4344/6851: https://www.refurbed.de/p/huawei-p40/
2026-01-11 03:53:12,733 - INFO - Scraping 4345/6851: https://www.refurbed.de/p/huawei-p50-pro/
2026-01-11 03:53:14,329 - INFO - Scraping 4346/6851: https://www.refurbed.de/p/huawei-p60-pro/
2026-01-11 03:53:15,879 - INFO - Scraping 4347/6851: https://www.refurbed.de/p/huawei-p8-lite-2017/
2026-01-11 03:53:17,230 - INFO - Scraping 4348/6851: https://www.refurbed.de/p/huawei-p8-lite/
2026-01-11 03:53:18,732 - INFO - Scraping 4349/6851: https://www.refurbed.de/p/huawei-p8/
2026-01-11 03:53:20,434 - INFO - Scraping 4350/6851: https://www.refurbed.de/p/huawei-p9-lite-mini/
2026-01-11 03:53:21,795 - INFO - Scraping 4351/6851: https://www.refurbed.de/p/huawei-p9-lite/
2026-01-11 03:53:23,321 - INFO - Scraping 4352/6851: https://www.refurbed.de/p/huawei-p9-plus/
2026-01-11 03:53:24,749 - INFO - Scraping 4353/6851: https://www.refurbed.de/p/huawei-p9/
2026-01-11 03:53:26,299 - INFO - Scraping 4354/6851: https://www.refurbed.de/p/huawei-pocket-p50/
2026-01-11 03:53:27,995 - INFO - Scraping 4355/6851: https://www.refurbed.de/p/huawei-pura-70-ultra/
2026-01-11 03:53:29,702 - INFO - Scraping 4356/6851: https://www.refurbed.de/p/huawei-pura-70/
2026-01-11 03:53:31,375 - INFO - Scraping 4357/6851: https://www.refurbed.de/p/huawei-smart-mag-keyb-matepadpro/
2026-01-11 03:53:32,684 - INFO - Scraping 4358/6851: https://www.refurbed.de/p/ipad-10-10-9-2022/
2026-01-11 03:53:34,363 - INFO - Scraping 4359/6851: https://www.refurbed.de/p/ipad-11-10-9-2025/
2026-01-11 03:53:35,872 - INFO - Scraping 4360/6851: https://www.refurbed.de/p/ipad-6-2018/
2026-01-11 03:53:37,381 - INFO - Scraping 4361/6851: https://www.refurbed.de/p/ipad-7-10-2/
2026-01-11 03:53:38,874 - INFO - Scraping 4362/6851: https://www.refurbed.de/p/ipad-8-10-2/
2026-01-11 03:53:40,337 - INFO - Scraping 4363/6851: https://www.refurbed.de/p/ipad-9-2021/
2026-01-11 03:53:41,781 - INFO - Scraping 4364/6851: https://www.refurbed.de/p/ipad-air-1/
2026-01-11 03:53:43,304 - INFO - Scraping 4365/6851: https://www.refurbed.de/p/ipad-air-2/
2026-01-11 03:53:44,811 - INFO - Scraping 4366/6851: https://www.refurbed.de/p/ipad-air-3/
2026-01-11 03:53:46,109 - INFO - Scraping 4367/6851: https://www.refurbed.de/p/ipad-air-4/
2026-01-11 03:53:47,679 - INFO - Scraping 4368/6851: https://www.refurbed.de/p/ipad-air-5/
2026-01-11 03:53:49,234 - INFO - Scraping 4369/6851: https://www.refurbed.de/p/ipad-air-6-2024-11/
2026-01-11 03:53:50,597 - INFO - Scraping 4370/6851: https://www.refurbed.de/p/ipad-air-6-2024-13/
2026-01-11 03:53:52,111 - INFO - Scraping 4371/6851: https://www.refurbed.de/p/ipad-air-7-2025-11/
2026-01-11 03:53:53,651 - INFO - Scraping 4372/6851: https://www.refurbed.de/p/ipad-air-7-2025-13/
2026-01-11 03:53:55,372 - INFO - Scraping 4373/6851: https://www.refurbed.de/p/ipad-mini-2/
2026-01-11 03:53:56,819 - INFO - Scraping 4374/6851: https://www.refurbed.de/p/ipad-mini-3/
2026-01-11 03:53:58,334 - INFO - Scraping 4375/6851: https://www.refurbed.de/p/ipad-mini-4/
2026-01-11 03:53:59,909 - INFO - Scraping 4376/6851: https://www.refurbed.de/p/ipad-mini-5/
2026-01-11 03:54:01,358 - INFO - Scraping 4377/6851: https://www.refurbed.de/p/ipad-mini-6/
2026-01-11 03:54:02,690 - INFO - Scraping 4378/6851: https://www.refurbed.de/p/ipad-mini-7/
2026-01-11 03:54:04,355 - INFO - Scraping 4379/6851: https://www.refurbed.de/p/ipad-pro-10-5/
2026-01-11 03:54:05,880 - INFO - Scraping 4380/6851: https://www.refurbed.de/p/ipad-pro-11-0-2018/
2026-01-11 03:54:07,217 - INFO - Scraping 4381/6851: https://www.refurbed.de/p/ipad-pro-11-0-2020/
2026-01-11 03:54:08,763 - INFO - Scraping 4382/6851: https://www.refurbed.de/p/ipad-pro-11-0-2021/
2026-01-11 03:54:10,314 - INFO - Scraping 4383/6851: https://www.refurbed.de/p/ipad-pro-12-9-2017/
2026-01-11 03:54:11,885 - INFO - Scraping 4384/6851: https://www.refurbed.de/p/ipad-pro-12-9-2018/
2026-01-11 03:54:13,223 - INFO - Scraping 4385/6851: https://www.refurbed.de/p/ipad-pro-12-9-2020/
2026-01-11 03:54:14,786 - INFO - Scraping 4386/6851: https://www.refurbed.de/p/ipad-pro-12-9/
2026-01-11 03:54:16,254 - INFO - Scraping 4387/6851: https://www.refurbed.de/p/ipad-pro-4-11-2022/
2026-01-11 03:54:17,950 - INFO - Scraping 4388/6851: https://www.refurbed.de/p/ipad-pro-5-12-9-2021/
2026-01-11 03:54:19,522 - INFO - Scraping 4389/6851: https://www.refurbed.de/p/ipad-pro-5-2024-11/
2026-01-11 03:54:21,099 - INFO - Scraping 4390/6851: https://www.refurbed.de/p/ipad-pro-6-12-9-2022/
2026-01-11 03:54:22,590 - INFO - Scraping 4391/6851: https://www.refurbed.de/p/ipad-pro-7-2024-13/
2026-01-11 03:54:24,058 - INFO - Scraping 4392/6851: https://www.refurbed.de/p/ipad-pro-9-7/
2026-01-11 03:54:25,538 - INFO - Scraping 4393/6851: https://www.refurbed.de/p/iphone-11-pro-max/
2026-01-11 03:54:27,049 - INFO - Scraping 4394/6851: https://www.refurbed.de/p/iphone-11-pro/
2026-01-11 03:54:28,713 - INFO - Scraping 4395/6851: https://www.refurbed.de/p/iphone-11/
2026-01-11 03:54:30,108 - INFO - Scraping 4396/6851: https://www.refurbed.de/p/iphone-12-mini/
2026-01-11 03:54:31,728 - INFO - Scraping 4397/6851: https://www.refurbed.de/p/iphone-12-pro-max/
2026-01-11 03:54:33,286 - INFO - Scraping 4398/6851: https://www.refurbed.de/p/iphone-12-pro/
2026-01-11 03:54:34,782 - INFO - Scraping 4399/6851: https://www.refurbed.de/p/iphone-12/
2026-01-11 03:54:36,169 - INFO - Scraping 4400/6851: https://www.refurbed.de/p/iphone-13-mini/
2026-01-11 03:54:37,914 - INFO - Scraping 4401/6851: https://www.refurbed.de/p/iphone-13-pro-max/
2026-01-11 03:54:39,371 - INFO - Scraping 4402/6851: https://www.refurbed.de/p/iphone-13-pro/
2026-01-11 03:54:40,963 - INFO - Scraping 4403/6851: https://www.refurbed.de/p/iphone-13/
2026-01-11 03:54:42,653 - INFO - Scraping 4404/6851: https://www.refurbed.de/p/iphone-14-plus/
2026-01-11 03:54:44,006 - INFO - Scraping 4405/6851: https://www.refurbed.de/p/iphone-14-pro-max/
2026-01-11 03:54:45,456 - INFO - Scraping 4406/6851: https://www.refurbed.de/p/iphone-14-pro/
2026-01-11 03:54:46,925 - INFO - Scraping 4407/6851: https://www.refurbed.de/p/iphone-14/
2026-01-11 03:54:48,341 - INFO - Scraping 4408/6851: https://www.refurbed.de/p/iphone-15-plus/
2026-01-11 03:54:50,016 - INFO - Scraping 4409/6851: https://www.refurbed.de/p/iphone-15-pro-max/
2026-01-11 03:54:51,377 - INFO - Scraping 4410/6851: https://www.refurbed.de/p/iphone-15-pro/
2026-01-11 03:54:52,737 - INFO - Scraping 4411/6851: https://www.refurbed.de/p/iphone-15/
2026-01-11 03:54:54,225 - INFO - Scraping 4412/6851: https://www.refurbed.de/p/iphone-16-plus/
2026-01-11 03:54:55,618 - INFO - Scraping 4413/6851: https://www.refurbed.de/p/iphone-16-pro-max/
2026-01-11 03:54:57,176 - INFO - Scraping 4414/6851: https://www.refurbed.de/p/iphone-16-pro/
2026-01-11 03:54:58,636 - INFO - Scraping 4415/6851: https://www.refurbed.de/p/iphone-16/
2026-01-11 03:55:00,010 - INFO - Scraping 4416/6851: https://www.refurbed.de/p/iphone-16e/
2026-01-11 03:55:01,422 - INFO - Scraping 4417/6851: https://www.refurbed.de/p/iphone-6s-plus/
2026-01-11 03:55:02,962 - INFO - Scraping 4418/6851: https://www.refurbed.de/p/iphone-6s/
2026-01-11 03:55:04,484 - INFO - Scraping 4419/6851: https://www.refurbed.de/p/iphone-7-plus/
2026-01-11 03:55:06,048 - INFO - Scraping 4420/6851: https://www.refurbed.de/p/iphone-7/
2026-01-11 03:55:07,699 - INFO - Scraping 4421/6851: https://www.refurbed.de/p/iphone-se-2020/
2026-01-11 03:55:09,326 - INFO - Scraping 4422/6851: https://www.refurbed.de/p/iphone-se-2022/
2026-01-11 03:55:10,717 - INFO - Scraping 4423/6851: https://www.refurbed.de/p/iphone-se/
2026-01-11 03:55:12,373 - INFO - Scraping 4424/6851: https://www.refurbed.de/p/iphone-x/
2026-01-11 03:55:13,956 - INFO - Scraping 4425/6851: https://www.refurbed.de/p/iphone-xr/
2026-01-11 03:55:15,492 - INFO - Scraping 4426/6851: https://www.refurbed.de/p/iphone-xs-max/
2026-01-11 03:55:16,964 - INFO - Scraping 4427/6851: https://www.refurbed.de/p/iphone-xs/
2026-01-11 03:55:18,324 - INFO - Scraping 4428/6851: https://www.refurbed.de/p/kaercher-k-5-premi-pwr-ctrl-home/
2026-01-11 03:55:19,883 - INFO - Scraping 4429/6851: https://www.refurbed.de/p/krups-hp-5031-prep-cook/
2026-01-11 03:55:21,422 - INFO - Scraping 4430/6851: https://www.refurbed.de/p/laptop-sleeve/
2026-01-11 03:55:22,865 - INFO - Scraping 4431/6851: https://www.refurbed.de/p/lenovo--chromebook-11e-n3150/
2026-01-11 03:55:24,303 - INFO - Scraping 4432/6851: https://www.refurbed.de/p/lenovo-10e-chromebook-tablet/
2026-01-11 03:55:25,627 - INFO - Scraping 4433/6851: https://www.refurbed.de/p/lenovo-chromebook-100e-n4020/
2026-01-11 03:55:27,028 - INFO - Scraping 4434/6851: https://www.refurbed.de/p/lenovo-chromebook-100e-n4500/
2026-01-11 03:55:28,362 - INFO - Scraping 4435/6851: https://www.refurbed.de/p/lenovo-chromebook-300e-mt8173c/
2026-01-11 03:55:29,682 - INFO - Scraping 4436/6851: https://www.refurbed.de/p/lenovo-chromebook-300e-n4000/
2026-01-11 03:55:31,072 - INFO - Scraping 4437/6851: https://www.refurbed.de/p/lenovo-chromebook-300e-n4100/
2026-01-11 03:55:32,525 - INFO - Scraping 4438/6851: https://www.refurbed.de/p/lenovo-chromebook-500e-g2-n4120/
2026-01-11 03:55:33,891 - INFO - Scraping 4439/6851: https://www.refurbed.de/p/lenovo-ideapad-110-15isk-6200u/
2026-01-11 03:55:34,090 - ERROR - Error fetching https://www.refurbed.de/p/lenovo-ideapad-110-15isk-6200u/: 404 Client Error: Not Found for url: https://www.refurbed.de/p/lenovo-ideapad-110-15isk-6200u/
2026-01-11 03:55:35,092 - INFO - Scraping 4440/6851: https://www.refurbed.de/p/lenovo-ideapad-3-15aba7-5625u/
2026-01-11 03:55:36,427 - INFO - Scraping 4441/6851: https://www.refurbed.de/p/lenovo-ideapad-3-15ada05-3700u/
2026-01-11 03:55:36,626 - ERROR - Error fetching https://www.refurbed.de/p/lenovo-ideapad-3-15ada05-3700u/: 404 Client Error: Not Found for url: https://www.refurbed.de/p/lenovo-ideapad-3-15ada05-3700u/
2026-01-11 03:55:37,628 - INFO - Scraping 4442/6851: https://www.refurbed.de/p/lenovo-ideapad-3-15iil05-1005g1/
2026-01-11 03:55:38,985 - INFO - Scraping 4443/6851: https://www.refurbed.de/p/lenovo-ideapad-3-15iml05-6405u/
2026-01-11 03:55:40,386 - INFO - Scraping 4444/6851: https://www.refurbed.de/p/lenovo-ideapad-3-15iml05-n4020/
2026-01-11 03:55:41,800 - INFO - Scraping 4445/6851: https://www.refurbed.de/p/lenovo-ideapad-3-15itl05-1115g4/
2026-01-11 03:55:43,107 - INFO - Scraping 4446/6851: https://www.refurbed.de/p/lenovo-ideapad-3-17itl6-1115g4/
2026-01-11 03:55:44,435 - INFO - Scraping 4447/6851: https://www.refurbed.de/p/lenovo-ideapad-3-6305/
2026-01-11 03:55:45,758 - INFO - Scraping 4448/6851: https://www.refurbed.de/p/lenovo-ideapad-3-8505/
2026-01-11 03:55:47,260 - INFO - Scraping 4449/6851: https://www.refurbed.de/p/lenovo-ideapad-320-15ikb-i5-7200/
2026-01-11 03:55:47,420 - ERROR - Error fetching https://www.refurbed.de/p/lenovo-ideapad-320-15ikb-i5-7200/: 404 Client Error: Not Found for url: https://www.refurbed.de/p/lenovo-ideapad-320-15ikb-i5-7200/
2026-01-11 03:55:48,423 - INFO - Scraping 4450/6851: https://www.refurbed.de/p/lenovo-ideapad-320-15ikb-i5-8250/
2026-01-11 03:55:49,826 - INFO - Scraping 4451/6851: https://www.refurbed.de/p/lenovo-ideapad-320-17abr-a12-972/
2026-01-11 03:55:50,014 - ERROR - Error fetching https://www.refurbed.de/p/lenovo-ideapad-320-17abr-a12-972/: 404 Client Error: Not Found for url: https://www.refurbed.de/p/lenovo-ideapad-320-17abr-a12-972/
2026-01-11 03:55:51,016 - INFO - Scraping 4452/6851: https://www.refurbed.de/p/lenovo-ideapad-320-a9-9420/
2026-01-11 03:55:51,203 - ERROR - Error fetching https://www.refurbed.de/p/lenovo-ideapad-320-a9-9420/: 404 Client Error: Not Found for url: https://www.refurbed.de/p/lenovo-ideapad-320-a9-9420/
2026-01-11 03:55:52,205 - INFO - Scraping 4453/6851: https://www.refurbed.de/p/lenovo-ideapad-320s-13ikb-i5-825/
2026-01-11 03:55:53,543 - INFO - Scraping 4454/6851: https://www.refurbed.de/p/lenovo-ideapad-330s-14ikb-8130/
2026-01-11 03:55:54,865 - INFO - Scraping 4455/6851: https://www.refurbed.de/p/lenovo-ideapad-4g-lte-sc8180x/
2026-01-11 03:55:55,162 - ERROR - Error fetching https://www.refurbed.de/p/lenovo-ideapad-4g-lte-sc8180x/: 404 Client Error: Not Found for url: https://www.refurbed.de/p/lenovo-ideapad-4g-lte-sc8180x/
2026-01-11 03:55:56,164 - INFO - Scraping 4456/6851: https://www.refurbed.de/p/lenovo-ideapad-5-14alc05-5500u/
2026-01-11 03:55:57,519 - INFO - Scraping 4457/6851: https://www.refurbed.de/p/lenovo-ideapad-5-cb-14itl6/
2026-01-11 03:55:58,953 - INFO - Scraping 4458/6851: https://www.refurbed.de/p/lenovo-ideapad-5-pro-1165g7-14/
2026-01-11 03:56:00,293 - INFO - Scraping 4459/6851: https://www.refurbed.de/p/lenovo-ideapad-5-pro-5800h/
2026-01-11 03:56:01,597 - INFO - Scraping 4460/6851: https://www.refurbed.de/p/lenovo-ideapad-5-pro-r7-5800u-14/
2026-01-11 03:56:02,920 - INFO - Scraping 4461/6851: https://www.refurbed.de/p/lenovo-ideapad-520s-14ikb-i5-720/
2026-01-11 03:56:03,108 - ERROR - Error fetching https://www.refurbed.de/p/lenovo-ideapad-520s-14ikb-i5-720/: 404 Client Error: Not Found for url: https://www.refurbed.de/p/lenovo-ideapad-520s-14ikb-i5-720/
2026-01-11 03:56:04,110 - INFO - Scraping 4462/6851: https://www.refurbed.de/p/lenovo-ideapad-5g-8cx/
2026-01-11 03:56:05,430 - INFO - Scraping 4463/6851: https://www.refurbed.de/p/lenovo-ideapad-5g-sc8180xp/
2026-01-11 03:56:05,615 - ERROR - Error fetching https://www.refurbed.de/p/lenovo-ideapad-5g-sc8180xp/: 404 Client Error: Not Found for url: https://www.refurbed.de/p/lenovo-ideapad-5g-sc8180xp/
2026-01-11 03:56:06,617 - INFO - Scraping 4464/6851: https://www.refurbed.de/p/lenovo-ideapad-710s-13isk-i7-656/
2026-01-11 03:56:06,783 - ERROR - Error fetching https://www.refurbed.de/p/lenovo-ideapad-710s-13isk-i7-656/: 404 Client Error: Not Found for url: https://www.refurbed.de/p/lenovo-ideapad-710s-13isk-i7-656/
2026-01-11 03:56:07,786 - INFO - Scraping 4465/6851: https://www.refurbed.de/p/lenovo-ideapad-c340-14api-ryz32u/
2026-01-11 03:56:09,173 - INFO - Scraping 4466/6851: https://www.refurbed.de/p/lenovo-ideapad-flex-15-4200u/
2026-01-11 03:56:09,373 - ERROR - Error fetching https://www.refurbed.de/p/lenovo-ideapad-flex-15-4200u/: 404 Client Error: Not Found for url: https://www.refurbed.de/p/lenovo-ideapad-flex-15-4200u/
2026-01-11 03:56:10,375 - INFO - Scraping 4467/6851: https://www.refurbed.de/p/lenovo-ideapad-flex-3-4300u/
2026-01-11 03:56:11,732 - INFO - Scraping 4468/6851: https://www.refurbed.de/p/lenovo-ideapad-flex-5-14alc05/
2026-01-11 03:56:13,061 - INFO - Scraping 4469/6851: https://www.refurbed.de/p/lenovo-ideapad-flex-5-14alc07/
2026-01-11 03:56:14,372 - INFO - Scraping 4470/6851: https://www.refurbed.de/p/lenovo-ideapad-flex-5-14itl05/
2026-01-11 03:56:15,787 - INFO - Scraping 4471/6851: https://www.refurbed.de/p/lenovo-ideapad-flex-5-5500u/
2026-01-11 03:56:17,177 - INFO - Scraping 4472/6851: https://www.refurbed.de/p/lenovo-ideapad-flex-5-ryzen-14/
2026-01-11 03:56:18,616 - INFO - Scraping 4473/6851: https://www.refurbed.de/p/lenovo-ideapad-miix-320-10icr/
2026-01-11 03:56:18,766 - ERROR - Error fetching https://www.refurbed.de/p/lenovo-ideapad-miix-320-10icr/: 404 Client Error: Not Found for url: https://www.refurbed.de/p/lenovo-ideapad-miix-320-10icr/
2026-01-11 03:56:19,768 - INFO - Scraping 4474/6851: https://www.refurbed.de/p/lenovo-ideapad-miix-510-12ikb-6u/
2026-01-11 03:56:19,923 - ERROR - Error fetching https://www.refurbed.de/p/lenovo-ideapad-miix-510-12ikb-6u/: 404 Client Error: Not Found for url: https://www.refurbed.de/p/lenovo-ideapad-miix-510-12ikb-6u/
2026-01-11 03:56:20,925 - INFO - Scraping 4475/6851: https://www.refurbed.de/p/lenovo-ideapad-miix-510-12ikb/
2026-01-11 03:56:21,100 - ERROR - Error fetching https://www.refurbed.de/p/lenovo-ideapad-miix-510-12ikb/: 404 Client Error: Not Found for url: https://www.refurbed.de/p/lenovo-ideapad-miix-510-12ikb/
2026-01-11 03:56:22,103 - INFO - Scraping 4476/6851: https://www.refurbed.de/p/lenovo-ideapad-miix-510-12isk/
2026-01-11 03:56:22,280 - ERROR - Error fetching https://www.refurbed.de/p/lenovo-ideapad-miix-510-12isk/: 404 Client Error: Not Found for url: https://www.refurbed.de/p/lenovo-ideapad-miix-510-12isk/
2026-01-11 03:56:23,282 - INFO - Scraping 4477/6851: https://www.refurbed.de/p/lenovo-ideapad-miix-520-12ikb/
2026-01-11 03:56:24,607 - INFO - Scraping 4478/6851: https://www.refurbed.de/p/lenovo-ideapad-miix-520-8350u-/
2026-01-11 03:56:24,851 - ERROR - Error fetching https://www.refurbed.de/p/lenovo-ideapad-miix-520-8350u-/: 404 Client Error: Not Found for url: https://www.refurbed.de/p/lenovo-ideapad-miix-520-8350u-/
2026-01-11 03:56:25,853 - INFO - Scraping 4479/6851: https://www.refurbed.de/p/lenovo-ideapad-s130-14igm-n5000-/
2026-01-11 03:56:27,180 - INFO - Scraping 4480/6851: https://www.refurbed.de/p/lenovo-ideapad-s340-14iwl-5405u/
2026-01-11 03:56:28,506 - INFO - Scraping 4481/6851: https://www.refurbed.de/p/lenovo-ideapad-s340-14iwl-8265u/
2026-01-11 03:56:29,885 - INFO - Scraping 4482/6851: https://www.refurbed.de/p/lenovo-ideapad-s340-15iwl-8265u/
2026-01-11 03:56:31,338 - INFO - Scraping 4483/6851: https://www.refurbed.de/p/lenovo-ideapad-v110-15-6006u/
2026-01-11 03:56:31,495 - ERROR - Error fetching https://www.refurbed.de/p/lenovo-ideapad-v110-15-6006u/: 404 Client Error: Not Found for url: https://www.refurbed.de/p/lenovo-ideapad-v110-15-6006u/
2026-01-11 03:56:32,497 - INFO - Scraping 4484/6851: https://www.refurbed.de/p/lenovo-ideapad-v110-15-7200u/
2026-01-11 03:56:32,666 - ERROR - Error fetching https://www.refurbed.de/p/lenovo-ideapad-v110-15-7200u/: 404 Client Error: Not Found for url: https://www.refurbed.de/p/lenovo-ideapad-v110-15-7200u/
2026-01-11 03:56:33,669 - INFO - Scraping 4485/6851: https://www.refurbed.de/p/lenovo-ideapad-v110-17-7200u/
2026-01-11 03:56:33,851 - ERROR - Error fetching https://www.refurbed.de/p/lenovo-ideapad-v110-17-7200u/: 404 Client Error: Not Found for url: https://www.refurbed.de/p/lenovo-ideapad-v110-17-7200u/
2026-01-11 03:56:34,853 - INFO - Scraping 4486/6851: https://www.refurbed.de/p/lenovo-ideapad-y91017isk-i7/
2026-01-11 03:56:35,026 - ERROR - Error fetching https://www.refurbed.de/p/lenovo-ideapad-y91017isk-i7/: 404 Client Error: Not Found for url: https://www.refurbed.de/p/lenovo-ideapad-y91017isk-i7/
2026-01-11 03:56:36,028 - INFO - Scraping 4487/6851: https://www.refurbed.de/p/lenovo-legion-5-15ach6a-5-5600h/
2026-01-11 03:56:37,378 - INFO - Scraping 4488/6851: https://www.refurbed.de/p/lenovo-legion-5-15ach6h-5-5600h/
2026-01-11 03:56:38,741 - INFO - Scraping 4489/6851: https://www.refurbed.de/p/lenovo-legion-5-15ith6h-12700h/
2026-01-11 03:56:40,475 - INFO - Scraping 4490/6851: https://www.refurbed.de/p/lenovo-legion-5-17ach6-5800h/
2026-01-11 03:56:41,846 - INFO - Scraping 4491/6851: https://www.refurbed.de/p/lenovo-legion-5-17ith6h-11400h/
2026-01-11 03:56:43,183 - INFO - Scraping 4492/6851: https://www.refurbed.de/p/lenovo-legion-5-i5-10300h/
2026-01-11 03:56:44,630 - INFO - Scraping 4493/6851: https://www.refurbed.de/p/lenovo-legion-5-pro-16ach6h-5800/
2026-01-11 03:56:45,968 - INFO - Scraping 4494/6851: https://www.refurbed.de/p/lenovo-legion-5-pro-i7-11800h/
2026-01-11 03:56:47,510 - INFO - Scraping 4495/6851: https://www.refurbed.de/p/lenovo-legion-go-8apu1-ryzen-z1/
2026-01-11 03:56:48,896 - INFO - Scraping 4496/6851: https://www.refurbed.de/p/lenovo-legion-t5-26iob6/
2026-01-11 03:56:50,237 - INFO - Scraping 4497/6851: https://www.refurbed.de/p/lenovo-legion-t5-26irb8/
2026-01-11 03:56:51,636 - INFO - Scraping 4498/6851: https://www.refurbed.de/p/lenovo-legion-y32p-30/
2026-01-11 03:56:53,052 - INFO - Scraping 4499/6851: https://www.refurbed.de/p/lenovo-legion-y530-15ich-8750/
2026-01-11 03:56:54,469 - INFO - Scraping 4500/6851: https://www.refurbed.de/p/lenovo-legion-y540-15irh-9300hf/
2026-01-11 03:56:55,819 - INFO - Scraping 4501/6851: https://www.refurbed.de/p/lenovo-legion-y540-17irh-9300h/
2026-01-11 03:56:57,129 - INFO - Scraping 4502/6851: https://www.refurbed.de/p/lenovo-legion-y720-15ikb-i5-7300/
2026-01-11 03:56:57,306 - ERROR - Error fetching https://www.refurbed.de/p/lenovo-legion-y720-15ikb-i5-7300/: 404 Client Error: Not Found for url: https://www.refurbed.de/p/lenovo-legion-y720-15ikb-i5-7300/
2026-01-11 03:56:58,309 - INFO - Scraping 4503/6851: https://www.refurbed.de/p/lenovo-legion-y740-15ichg-8750h/
2026-01-11 03:56:59,662 - INFO - Scraping 4504/6851: https://www.refurbed.de/p/lenovo-matepad-10-4/
2026-01-11 03:57:01,008 - INFO - Scraping 4505/6851: https://www.refurbed.de/p/lenovo-matepad-2022-10-4/
2026-01-11 03:57:02,396 - INFO - Scraping 4506/6851: https://www.refurbed.de/p/lenovo-n23-yoga-chrmbk-a53/
2026-01-11 03:57:03,869 - INFO - Scraping 4507/6851: https://www.refurbed.de/p/lenovo-n23-yoga-chrmbk-mt8173c/
2026-01-11 03:57:05,204 - INFO - Scraping 4508/6851: https://www.refurbed.de/p/lenovo-smart-tab-m10-g2/
2026-01-11 03:57:06,696 - INFO - Scraping 4509/6851: https://www.refurbed.de/p/lenovo-smart-tab-m10-gen2/
2026-01-11 03:57:08,006 - INFO - Scraping 4510/6851: https://www.refurbed.de/p/lenovo-smart-tab-m10-plus/
2026-01-11 03:57:09,422 - INFO - Scraping 4511/6851: https://www.refurbed.de/p/lenovo-smart-tab-m10/
2026-01-11 03:57:10,746 - INFO - Scraping 4512/6851: https://www.refurbed.de/p/lenovo-smart-tab-m8-google/
2026-01-11 03:57:12,099 - INFO - Scraping 4513/6851: https://www.refurbed.de/p/lenovo-smart-tab-p10/
2026-01-11 03:57:13,439 - INFO - Scraping 4514/6851: https://www.refurbed.de/p/lenovo-smart-tab-yt-x705l/
2026-01-11 03:57:14,778 - INFO - Scraping 4515/6851: https://www.refurbed.de/p/lenovo-tab-10-tb-x103f/
2026-01-11 03:57:16,255 - INFO - Scraping 4516/6851: https://www.refurbed.de/p/lenovo-tab-4-8/
2026-01-11 03:57:17,573 - INFO - Scraping 4517/6851: https://www.refurbed.de/p/lenovo-tab-e7-tb-7104f/
2026-01-11 03:57:18,925 - INFO - Scraping 4518/6851: https://www.refurbed.de/p/lenovo-tab-m10-5g-tb360zu/
2026-01-11 03:57:20,244 - INFO - Scraping 4519/6851: https://www.refurbed.de/p/lenovo-tab-m10-hd-tb-x306x/
2026-01-11 03:57:21,672 - INFO - Scraping 4520/6851: https://www.refurbed.de/p/lenovo-tab-m10-plus-gen3-10-6/
2026-01-11 03:57:22,996 - INFO - Scraping 4521/6851: https://www.refurbed.de/p/lenovo-tab-m10-plus-gen3-wifi/
2026-01-11 03:57:24,392 - INFO - Scraping 4522/6851: https://www.refurbed.de/p/lenovo-tab-m10-plus-tb-x606f/
2026-01-11 03:57:25,843 - INFO - Scraping 4523/6851: https://www.refurbed.de/p/lenovo-tab-m10-plus-tb-x606x/
2026-01-11 03:57:27,520 - INFO - Scraping 4524/6851: https://www.refurbed.de/p/lenovo-tab-m10-tb-x505f/
2026-01-11 03:57:28,865 - INFO - Scraping 4525/6851: https://www.refurbed.de/p/lenovo-tab-m10-tb-x505l/
2026-01-11 03:57:30,424 - INFO - Scraping 4526/6851: https://www.refurbed.de/p/lenovo-tab-m10-tb-x605f/
2026-01-11 03:57:31,843 - INFO - Scraping 4527/6851: https://www.refurbed.de/p/lenovo-tab-m10-tb-x605l-10-1/
2026-01-11 03:57:33,180 - INFO - Scraping 4528/6851: https://www.refurbed.de/p/lenovo-tab-m10-tb328fu/
2026-01-11 03:57:34,513 - INFO - Scraping 4529/6851: https://www.refurbed.de/p/lenovo-tab-m10-tb328xu/
2026-01-11 03:57:36,049 - INFO - Scraping 4530/6851: https://www.refurbed.de/p/lenovo-tab-m11-tb330fu/
2026-01-11 03:57:37,673 - INFO - Scraping 4531/6851: https://www.refurbed.de/p/lenovo-tab-m7-g2/
2026-01-11 03:57:38,997 - INFO - Scraping 4532/6851: https://www.refurbed.de/p/lenovo-tab-m8-fhd/
2026-01-11 03:57:40,374 - INFO - Scraping 4533/6851: https://www.refurbed.de/p/lenovo-tab-m8-g3/
2026-01-11 03:57:41,760 - INFO - Scraping 4534/6851: https://www.refurbed.de/p/lenovo-tab-m8-g4/
2026-01-11 03:57:43,058 - INFO - Scraping 4535/6851: https://www.refurbed.de/p/lenovo-tab-m8-hd/
2026-01-11 03:57:44,450 - INFO - Scraping 4536/6851: https://www.refurbed.de/p/lenovo-tab-m8/
2026-01-11 03:57:45,809 - INFO - Scraping 4537/6851: https://www.refurbed.de/p/lenovo-tab-p11-11/
2026-01-11 03:57:47,326 - INFO - Scraping 4538/6851: https://www.refurbed.de/p/lenovo-tab-p11-5g-11/
2026-01-11 03:57:48,764 - INFO - Scraping 4539/6851: https://www.refurbed.de/p/lenovo-tab-p11-g2-tb350xu/
2026-01-11 03:57:50,101 - INFO - Scraping 4540/6851: https://www.refurbed.de/p/lenovo-tab-p11-g2/
2026-01-11 03:57:51,632 - INFO - Scraping 4541/6851: https://www.refurbed.de/p/lenovo-tab-p11-plus/
2026-01-11 03:57:52,983 - INFO - Scraping 4542/6851: https://www.refurbed.de/p/lenovo-tab-p11-pro-g2-tb132fu/
2026-01-11 03:57:54,335 - INFO - Scraping 4543/6851: https://www.refurbed.de/p/lenovo-tab-p12-pro-12/
2026-01-11 03:57:56,023 - INFO - Scraping 4544/6851: https://www.refurbed.de/p/lenovo-tab-p12/
2026-01-11 03:57:57,376 - INFO - Scraping 4545/6851: https://www.refurbed.de/p/lenovo-tab-tb311xu/
2026-01-11 03:57:59,103 - INFO - Scraping 4546/6851: https://www.refurbed.de/p/lenovo-tab2-a10-30l/
2026-01-11 03:58:00,437 - INFO - Scraping 4547/6851: https://www.refurbed.de/p/lenovo-tab3-8/
2026-01-11 03:58:02,126 - INFO - Scraping 4548/6851: https://www.refurbed.de/p/lenovo-tablet-10-n4100/
2026-01-11 03:58:02,299 - ERROR - Error fetching https://www.refurbed.de/p/lenovo-tablet-10-n4100/: 404 Client Error: Not Found for url: https://www.refurbed.de/p/lenovo-tablet-10-n4100/
2026-01-11 03:58:03,301 - INFO - Scraping 4549/6851: https://www.refurbed.de/p/lenovo-thinkbook-14s-yoga1135g7/
2026-01-11 03:58:04,874 - INFO - Scraping 4550/6851: https://www.refurbed.de/p/lenovo-thinkbook-14s-yoga1165g7/
2026-01-11 03:58:06,259 - INFO - Scraping 4551/6851: https://www.refurbed.de/p/lenovo-thinkpad-10-gen2/
2026-01-11 03:58:06,467 - ERROR - Error fetching https://www.refurbed.de/p/lenovo-thinkpad-10-gen2/: 404 Client Error: Not Found for url: https://www.refurbed.de/p/lenovo-thinkpad-10-gen2/
2026-01-11 03:58:07,469 - INFO - Scraping 4552/6851: https://www.refurbed.de/p/lenovo-thinkpad-10/
2026-01-11 03:58:07,641 - ERROR - Error fetching https://www.refurbed.de/p/lenovo-thinkpad-10/: 404 Client Error: Not Found for url: https://www.refurbed.de/p/lenovo-thinkpad-10/
2026-01-11 03:58:08,642 - INFO - Scraping 4553/6851: https://www.refurbed.de/p/lenovo-thinkpad-13-g2-7100u/
2026-01-11 03:58:08,848 - ERROR - Error fetching https://www.refurbed.de/p/lenovo-thinkpad-13-g2-7100u/: 404 Client Error: Not Found for url: https://www.refurbed.de/p/lenovo-thinkpad-13-g2-7100u/
2026-01-11 03:58:09,850 - INFO - Scraping 4554/6851: https://www.refurbed.de/p/lenovo-thinkpad-13-g2-i5-7200/
2026-01-11 03:58:10,049 - ERROR - Error fetching https://www.refurbed.de/p/lenovo-thinkpad-13-g2-i5-7200/: 404 Client Error: Not Found for url: https://www.refurbed.de/p/lenovo-thinkpad-13-g2-i5-7200/
2026-01-11 03:58:11,051 - INFO - Scraping 4555/6851: https://www.refurbed.de/p/lenovo-thinkpad-13-g2-i5-7300/
2026-01-11 03:58:11,337 - ERROR - Error fetching https://www.refurbed.de/p/lenovo-thinkpad-13-g2-i5-7300/: 404 Client Error: Not Found for url: https://www.refurbed.de/p/lenovo-thinkpad-13-g2-i5-7300/
2026-01-11 03:58:12,339 - INFO - Scraping 4556/6851: https://www.refurbed.de/p/lenovo-thinkpad-13-i5-6200u/
2026-01-11 03:58:12,631 - ERROR - Error fetching https://www.refurbed.de/p/lenovo-thinkpad-13-i5-6200u/: 404 Client Error: Not Found for url: https://www.refurbed.de/p/lenovo-thinkpad-13-i5-6200u/
2026-01-11 03:58:13,633 - INFO - Scraping 4557/6851: https://www.refurbed.de/p/lenovo-thinkpad-370-i5-7200u/
2026-01-11 03:58:13,817 - ERROR - Error fetching https://www.refurbed.de/p/lenovo-thinkpad-370-i5-7200u/: 404 Client Error: Not Found for url: https://www.refurbed.de/p/lenovo-thinkpad-370-i5-7200u/
2026-01-11 03:58:14,819 - INFO - Scraping 4558/6851: https://www.refurbed.de/p/lenovo-thinkpad-a275-8800b/
2026-01-11 03:58:14,998 - ERROR - Error fetching https://www.refurbed.de/p/lenovo-thinkpad-a275-8800b/: 404 Client Error: Not Found for url: https://www.refurbed.de/p/lenovo-thinkpad-a275-8800b/
2026-01-11 03:58:16,000 - INFO - Scraping 4559/6851: https://www.refurbed.de/p/lenovo-thinkpad-a275-8830b/
2026-01-11 03:58:16,175 - ERROR - Error fetching https://www.refurbed.de/p/lenovo-thinkpad-a275-8830b/: 404 Client Error: Not Found for url: https://www.refurbed.de/p/lenovo-thinkpad-a275-8830b/
2026-01-11 03:58:17,177 - INFO - Scraping 4560/6851: https://www.refurbed.de/p/lenovo-thinkpad-a275-9700b/
2026-01-11 03:58:17,336 - ERROR - Error fetching https://www.refurbed.de/p/lenovo-thinkpad-a275-9700b/: 404 Client Error: Not Found for url: https://www.refurbed.de/p/lenovo-thinkpad-a275-9700b/
2026-01-11 03:58:18,338 - INFO - Scraping 4561/6851: https://www.refurbed.de/p/lenovo-thinkpad-a285-3-pro-2300u/
2026-01-11 03:58:18,531 - ERROR - Error fetching https://www.refurbed.de/p/lenovo-thinkpad-a285-3-pro-2300u/: 404 Client Error: Not Found for url: https://www.refurbed.de/p/lenovo-thinkpad-a285-3-pro-2300u/
2026-01-11 03:58:19,533 - INFO - Scraping 4562/6851: https://www.refurbed.de/p/lenovo-thinkpad-a285-5-pro-2500u/
2026-01-11 03:58:19,783 - ERROR - Error fetching https://www.refurbed.de/p/lenovo-thinkpad-a285-5-pro-2500u/: 404 Client Error: Not Found for url: https://www.refurbed.de/p/lenovo-thinkpad-a285-5-pro-2500u/
2026-01-11 03:58:20,785 - INFO - Scraping 4563/6851: https://www.refurbed.de/p/lenovo-thinkpad-a475-9800b/
2026-01-11 03:58:20,978 - ERROR - Error fetching https://www.refurbed.de/p/lenovo-thinkpad-a475-9800b/: 404 Client Error: Not Found for url: https://www.refurbed.de/p/lenovo-thinkpad-a475-9800b/
2026-01-11 03:58:21,980 - INFO - Scraping 4564/6851: https://www.refurbed.de/p/lenovo-thinkpad-a485-3pro-2300u/
2026-01-11 03:58:22,167 - ERROR - Error fetching https://www.refurbed.de/p/lenovo-thinkpad-a485-3pro-2300u/: 404 Client Error: Not Found for url: https://www.refurbed.de/p/lenovo-thinkpad-a485-3pro-2300u/
2026-01-11 03:58:23,169 - INFO - Scraping 4565/6851: https://www.refurbed.de/p/lenovo-thinkpad-a485-5-pro-2500u/
2026-01-11 03:58:23,348 - ERROR - Error fetching https://www.refurbed.de/p/lenovo-thinkpad-a485-5-pro-2500u/: 404 Client Error: Not Found for url: https://www.refurbed.de/p/lenovo-thinkpad-a485-5-pro-2500u/
2026-01-11 03:58:24,350 - INFO - Scraping 4566/6851: https://www.refurbed.de/p/lenovo-thinkpad-a485-7-pro-2700u/
2026-01-11 03:58:24,530 - ERROR - Error fetching https://www.refurbed.de/p/lenovo-thinkpad-a485-7-pro-2700u/: 404 Client Error: Not Found for url: https://www.refurbed.de/p/lenovo-thinkpad-a485-7-pro-2700u/
2026-01-11 03:58:25,532 - INFO - Scraping 4567/6851: https://www.refurbed.de/p/lenovo-thinkpad-dock-40a5/
2026-01-11 03:58:27,025 - INFO - Scraping 4568/6851: https://www.refurbed.de/p/lenovo-thinkpad-e14-g2-1115g4/
2026-01-11 03:58:28,397 - INFO - Scraping 4569/6851: https://www.refurbed.de/p/lenovo-thinkpad-e14-g2-4500u/
2026-01-11 03:58:29,774 - INFO - Scraping 4570/6851: https://www.refurbed.de/p/lenovo-thinkpad-e14-g2-4650u/
2026-01-11 03:58:31,114 - INFO - Scraping 4571/6851: https://www.refurbed.de/p/lenovo-thinkpad-e14-g2-i5-1135g7/
2026-01-11 03:58:32,901 - INFO - Scraping 4572/6851: https://www.refurbed.de/p/lenovo-thinkpad-e14-g2-i7-1165g7/
2026-01-11 03:58:34,242 - INFO - Scraping 4573/6851: https://www.refurbed.de/p/lenovo-thinkpad-e14-g3-3-5300u/
2026-01-11 03:58:35,788 - INFO - Scraping 4574/6851: https://www.refurbed.de/p/lenovo-thinkpad-e14-g3-5-5500u/
2026-01-11 03:58:37,283 - INFO - Scraping 4575/6851: https://www.refurbed.de/p/lenovo-thinkpad-e14-g3-75700u/
2026-01-11 03:58:38,658 - INFO - Scraping 4576/6851: https://www.refurbed.de/p/lenovo-thinkpad-e14-g4-5-5625u/
2026-01-11 03:58:40,092 - INFO - Scraping 4577/6851: https://www.refurbed.de/p/lenovo-thinkpad-e14-g4-i5-1235u/
2026-01-11 03:58:41,681 - INFO - Scraping 4578/6851: https://www.refurbed.de/p/lenovo-thinkpad-e14-g5-3-7330u/
2026-01-11 03:58:43,267 - INFO - Scraping 4579/6851: https://www.refurbed.de/p/lenovo-thinkpad-e14-i3-10110u/
2026-01-11 03:58:44,742 - INFO - Scraping 4580/6851: https://www.refurbed.de/p/lenovo-thinkpad-e14-i5-10210u/
2026-01-11 03:58:46,298 - INFO - Scraping 4581/6851: https://www.refurbed.de/p/lenovo-thinkpad-e14-i7-10510u/
2026-01-11 03:58:47,655 - INFO - Scraping 4582/6851: https://www.refurbed.de/p/lenovo-thinkpad-e15-10210u/
2026-01-11 03:58:49,146 - INFO - Scraping 4583/6851: https://www.refurbed.de/p/lenovo-thinkpad-e15-g2-1135g7/
2026-01-11 03:58:50,490 - INFO - Scraping 4584/6851: https://www.refurbed.de/p/lenovo-thinkpad-e15-g2-1165g7/
2026-01-11 03:58:52,034 - INFO - Scraping 4585/6851: https://www.refurbed.de/p/lenovo-thinkpad-e15-g2-54500u/
2026-01-11 03:58:53,489 - INFO - Scraping 4586/6851: https://www.refurbed.de/p/lenovo-thinkpad-e15-g3-5-5500u/
2026-01-11 03:58:55,003 - INFO - Scraping 4587/6851: https://www.refurbed.de/p/lenovo-thinkpad-e15-g3-7-5700u/
2026-01-11 03:58:56,424 - INFO - Scraping 4588/6851: https://www.refurbed.de/p/lenovo-thinkpad-e15-g4-i5-1235/
2026-01-11 03:58:57,919 - INFO - Scraping 4589/6851: https://www.refurbed.de/p/lenovo-thinkpad-e15-g4-i7-1255u/
2026-01-11 03:58:59,413 - INFO - Scraping 4590/6851: https://www.refurbed.de/p/lenovo-thinkpad-e15-i7-10510u/
2026-01-11 03:59:00,778 - INFO - Scraping 4591/6851: https://www.refurbed.de/p/lenovo-thinkpad-e460-i5-6200u/
2026-01-11 03:59:01,007 - ERROR - Error fetching https://www.refurbed.de/p/lenovo-thinkpad-e460-i5-6200u/: 404 Client Error: Not Found for url: https://www.refurbed.de/p/lenovo-thinkpad-e460-i5-6200u/
2026-01-11 03:59:02,009 - INFO - Scraping 4592/6851: https://www.refurbed.de/p/lenovo-thinkpad-e470-i3-7100u/
2026-01-11 03:59:02,183 - ERROR - Error fetching https://www.refurbed.de/p/lenovo-thinkpad-e470-i3-7100u/: 404 Client Error: Not Found for url: https://www.refurbed.de/p/lenovo-thinkpad-e470-i3-7100u/
2026-01-11 03:59:03,185 - INFO - Scraping 4593/6851: https://www.refurbed.de/p/lenovo-thinkpad-e480-i5-8250u-14/
2026-01-11 03:59:04,548 - INFO - Scraping 4594/6851: https://www.refurbed.de/p/lenovo-thinkpad-e480-i78550u-14/
2026-01-11 03:59:04,760 - ERROR - Error fetching https://www.refurbed.de/p/lenovo-thinkpad-e480-i78550u-14/: 404 Client Error: Not Found for url: https://www.refurbed.de/p/lenovo-thinkpad-e480-i78550u-14/
2026-01-11 03:59:05,762 - INFO - Scraping 4595/6851: https://www.refurbed.de/p/lenovo-thinkpad-e490-8145u-14/
2026-01-11 03:59:07,104 - INFO - Scraping 4596/6851: https://www.refurbed.de/p/lenovo-thinkpad-e490-8365u-14/
2026-01-11 03:59:08,492 - INFO - Scraping 4597/6851: https://www.refurbed.de/p/lenovo-thinkpad-e490-i58265u-14/
2026-01-11 03:59:09,964 - INFO - Scraping 4598/6851: https://www.refurbed.de/p/lenovo-thinkpad-e560-i5-15/
2026-01-11 03:59:10,138 - ERROR - Error fetching https://www.refurbed.de/p/lenovo-thinkpad-e560-i5-15/: 404 Client Error: Not Found for url: https://www.refurbed.de/p/lenovo-thinkpad-e560-i5-15/
2026-01-11 03:59:11,140 - INFO - Scraping 4599/6851: https://www.refurbed.de/p/lenovo-thinkpad-e570-i5-7200u/
2026-01-11 03:59:11,303 - ERROR - Error fetching https://www.refurbed.de/p/lenovo-thinkpad-e570-i5-7200u/: 404 Client Error: Not Found for url: https://www.refurbed.de/p/lenovo-thinkpad-e570-i5-7200u/
2026-01-11 03:59:12,306 - INFO - Scraping 4600/6851: https://www.refurbed.de/p/lenovo-thinkpad-e590-8565u-15-6/
2026-01-11 03:59:13,683 - INFO - Scraping 4601/6851: https://www.refurbed.de/p/lenovo-thinkpad-helix-2-m-5y71/
2026-01-11 03:59:13,873 - ERROR - Error fetching https://www.refurbed.de/p/lenovo-thinkpad-helix-2-m-5y71/: 404 Client Error: Not Found for url: https://www.refurbed.de/p/lenovo-thinkpad-helix-2-m-5y71/
2026-01-11 03:59:14,876 - INFO - Scraping 4602/6851: https://www.refurbed.de/p/lenovo-thinkpad-l13-10210u/
2026-01-11 03:59:16,515 - INFO - Scraping 4603/6851: https://www.refurbed.de/p/lenovo-thinkpad-l13-10310u-13-3/
2026-01-11 03:59:17,959 - INFO - Scraping 4604/6851: https://www.refurbed.de/p/lenovo-thinkpad-l13-4-1335u/
2026-01-11 03:59:19,338 - INFO - Scraping 4605/6851: https://www.refurbed.de/p/lenovo-thinkpad-l13-g1-10210u/
2026-01-11 03:59:20,805 - INFO - Scraping 4606/6851: https://www.refurbed.de/p/lenovo-thinkpad-l13-g1-10310u-13/
2026-01-11 03:59:22,401 - INFO - Scraping 4607/6851: https://www.refurbed.de/p/lenovo-thinkpad-l13-g1-i3-10110u/
2026-01-11 03:59:23,841 - INFO - Scraping 4608/6851: https://www.refurbed.de/p/lenovo-thinkpad-l13-g1-i5-10310u/
2026-01-11 03:59:25,378 - INFO - Scraping 4609/6851: https://www.refurbed.de/p/lenovo-thinkpad-l13-g1-i7-10510u/
2026-01-11 03:59:26,984 - INFO - Scraping 4610/6851: https://www.refurbed.de/p/lenovo-thinkpad-l13-g2-1115g4/
2026-01-11 03:59:28,463 - INFO - Scraping 4611/6851: https://www.refurbed.de/p/lenovo-thinkpad-l13-g2-1145g7/
2026-01-11 03:59:30,019 - INFO - Scraping 4612/6851: https://www.refurbed.de/p/lenovo-thinkpad-l13-g2-1165g7/
2026-01-11 03:59:31,550 - INFO - Scraping 4613/6851: https://www.refurbed.de/p/lenovo-thinkpad-l13-g2-i5-1135g7/
2026-01-11 03:59:33,050 - INFO - Scraping 4614/6851: https://www.refurbed.de/p/lenovo-thinkpad-l13-g4-7730u-/
2026-01-11 03:59:34,365 - INFO - Scraping 4615/6851: https://www.refurbed.de/p/lenovo-thinkpad-l13-i7-10510u/
2026-01-11 03:59:35,871 - INFO - Scraping 4616/6851: https://www.refurbed.de/p/lenovo-thinkpad-l13-yoga-10210u/
2026-01-11 03:59:37,382 - INFO - Scraping 4617/6851: https://www.refurbed.de/p/lenovo-thinkpad-l13-yoga-1135g7/
2026-01-11 03:59:39,025 - INFO - Scraping 4618/6851: https://www.refurbed.de/p/lenovo-thinkpad-l13-yoga-4-1335u/
2026-01-11 03:59:40,388 - INFO - Scraping 4619/6851: https://www.refurbed.de/p/lenovo-thinkpad-l13-yoga-5850u/
2026-01-11 03:59:41,760 - INFO - Scraping 4620/6851: https://www.refurbed.de/p/lenovo-thinkpad-l13-yoga-i7-1165/
2026-01-11 03:59:43,379 - INFO - Scraping 4621/6851: https://www.refurbed.de/p/lenovo-thinkpad-l14-g1-10210u-14/
2026-01-11 03:59:44,953 - INFO - Scraping 4622/6851: https://www.refurbed.de/p/lenovo-thinkpad-l14-g1-6405u/
2026-01-11 03:59:46,318 - INFO - Scraping 4623/6851: https://www.refurbed.de/p/lenovo-thinkpad-l14-g1-i3-10110u/
2026-01-11 03:59:47,743 - INFO - Scraping 4624/6851: https://www.refurbed.de/p/lenovo-thinkpad-l14-g1-i5-10310u/
2026-01-11 03:59:49,416 - INFO - Scraping 4625/6851: https://www.refurbed.de/p/lenovo-thinkpad-l14-g1-i7-10510u/
2026-01-11 03:59:50,911 - INFO - Scraping 4626/6851: https://www.refurbed.de/p/lenovo-thinkpad-l14-g1-i7-10610u/
2026-01-11 03:59:52,378 - INFO - Scraping 4627/6851: https://www.refurbed.de/p/lenovo-thinkpad-l14-g1-r5-4500u/
2026-01-11 03:59:53,851 - INFO - Scraping 4628/6851: https://www.refurbed.de/p/lenovo-thinkpad-l14-g1-ryzen5-14/
2026-01-11 03:59:55,329 - INFO - Scraping 4629/6851: https://www.refurbed.de/p/lenovo-thinkpad-l14-g2-1135g7-14/
2026-01-11 03:59:57,272 - INFO - Scraping 4630/6851: https://www.refurbed.de/p/lenovo-thinkpad-l14-g2-1145g7-14/
2026-01-11 03:59:58,793 - INFO - Scraping 4631/6851: https://www.refurbed.de/p/lenovo-thinkpad-l14-g2-i7-1165g7/
2026-01-11 04:00:00,516 - INFO - Scraping 4632/6851: https://www.refurbed.de/p/lenovo-thinkpad-l14-g2-r3-pro/
2026-01-11 04:00:01,827 - INFO - Scraping 4633/6851: https://www.refurbed.de/p/lenovo-thinkpad-l14-g2-r5-5600u/
2026-01-11 04:00:03,282 - INFO - Scraping 4634/6851: https://www.refurbed.de/p/lenovo-thinkpad-l14-g2-r5-5650u/
2026-01-11 04:00:04,838 - INFO - Scraping 4635/6851: https://www.refurbed.de/p/lenovo-thinkpad-l14-g2-r7-5850u/
2026-01-11 04:00:06,726 - INFO - Scraping 4636/6851: https://www.refurbed.de/p/lenovo-thinkpad-l14-g3-5675u/
2026-01-11 04:00:08,996 - INFO - Scraping 4637/6851: https://www.refurbed.de/p/lenovo-thinkpad-l14-g3-5875u/
2026-01-11 04:00:10,447 - INFO - Scraping 4638/6851: https://www.refurbed.de/p/lenovo-thinkpad-l14-g3-i5-1235u/
2026-01-11 04:00:12,012 - INFO - Scraping 4639/6851: https://www.refurbed.de/p/lenovo-thinkpad-l14-g3-i5-1245u/
2026-01-11 04:00:13,478 - INFO - Scraping 4640/6851: https://www.refurbed.de/p/lenovo-thinkpad-l14-g3-i7-1255u/
2026-01-11 04:00:14,805 - INFO - Scraping 4641/6851: https://www.refurbed.de/p/lenovo-thinkpad-l14-g3-i7-1265u/
2026-01-11 04:00:16,143 - INFO - Scraping 4642/6851: https://www.refurbed.de/p/lenovo-thinkpad-l14-g4-7530u/
2026-01-11 04:00:17,529 - INFO - Scraping 4643/6851: https://www.refurbed.de/p/lenovo-thinkpad-l14-g4-7730u/
2026-01-11 04:00:18,867 - INFO - Scraping 4644/6851: https://www.refurbed.de/p/lenovo-thinkpad-l14-g4-i5-1335u/
2026-01-11 04:00:20,424 - INFO - Scraping 4645/6851: https://www.refurbed.de/p/lenovo-thinkpad-l14-g4-i7-1355u/
2026-01-11 04:00:21,783 - INFO - Scraping 4646/6851: https://www.refurbed.de/p/lenovo-thinkpad-l15-g1-i3-10110u/
2026-01-11 04:00:23,129 - INFO - Scraping 4647/6851: https://www.refurbed.de/p/lenovo-thinkpad-l15-g1-i5-10210u/
2026-01-11 04:00:24,653 - INFO - Scraping 4648/6851: https://www.refurbed.de/p/lenovo-thinkpad-l15-g1-i5-10310u/
2026-01-11 04:00:26,226 - INFO - Scraping 4649/6851: https://www.refurbed.de/p/lenovo-thinkpad-l15-g1-i7-10510u/
2026-01-11 04:00:27,731 - INFO - Scraping 4650/6851: https://www.refurbed.de/p/lenovo-thinkpad-l15-g2-1135g7/
2026-01-11 04:00:29,243 - INFO - Scraping 4651/6851: https://www.refurbed.de/p/lenovo-thinkpad-l15-g2-1145g7/
2026-01-11 04:00:31,002 - INFO - Scraping 4652/6851: https://www.refurbed.de/p/lenovo-thinkpad-l15-g2-1165g7/
2026-01-11 04:00:32,324 - INFO - Scraping 4653/6851: https://www.refurbed.de/p/lenovo-thinkpad-l15-g2-pro-5650u/
2026-01-11 04:00:33,687 - INFO - Scraping 4654/6851: https://www.refurbed.de/p/lenovo-thinkpad-l15-g2-pro-5850u/
2026-01-11 04:00:35,004 - INFO - Scraping 4655/6851: https://www.refurbed.de/p/lenovo-thinkpad-l15-g3-i5-1235u/
2026-01-11 04:00:36,673 - INFO - Scraping 4656/6851: https://www.refurbed.de/p/lenovo-thinkpad-l15-g3-r5-5675u/
2026-01-11 04:00:38,113 - INFO - Scraping 4657/6851: https://www.refurbed.de/p/lenovo-thinkpad-l15-g3-ryzen-7/
2026-01-11 04:00:39,496 - INFO - Scraping 4658/6851: https://www.refurbed.de/p/lenovo-thinkpad-l15-g4-7730u/
2026-01-11 04:00:41,058 - INFO - Scraping 4659/6851: https://www.refurbed.de/p/lenovo-thinkpad-l15-g4-i5-1335u/
2026-01-11 04:00:42,524 - INFO - Scraping 4660/6851: https://www.refurbed.de/p/lenovo-thinkpad-l16-g1-u-5-135u/
2026-01-11 04:00:43,957 - INFO - Scraping 4661/6851: https://www.refurbed.de/p/lenovo-thinkpad-l380-i3-8130u-13/
2026-01-11 04:00:45,331 - INFO - Scraping 4662/6851: https://www.refurbed.de/p/lenovo-thinkpad-l380-i5-8250u-13/
2026-01-11 04:00:46,936 - INFO - Scraping 4663/6851: https://www.refurbed.de/p/lenovo-thinkpad-l380-i5-8350u-13/
2026-01-11 04:00:48,691 - INFO - Scraping 4664/6851: https://www.refurbed.de/p/lenovo-thinkpad-l380-yoga-8130u/
2026-01-11 04:00:50,313 - INFO - Scraping 4665/6851: https://www.refurbed.de/p/lenovo-thinkpad-l380-yoga-8250/
2026-01-11 04:00:52,095 - INFO - Scraping 4666/6851: https://www.refurbed.de/p/lenovo-thinkpad-l380-yoga-8550u/
2026-01-11 04:00:53,511 - INFO - Scraping 4667/6851: https://www.refurbed.de/p/lenovo-thinkpad-l390-8145u-13/
2026-01-11 04:00:54,852 - INFO - Scraping 4668/6851: https://www.refurbed.de/p/lenovo-thinkpad-l390-i-5-8365u/
2026-01-11 04:00:56,428 - INFO - Scraping 4669/6851: https://www.refurbed.de/p/lenovo-thinkpad-l390-i5-8265u-13/
2026-01-11 04:00:57,766 - INFO - Scraping 4670/6851: https://www.refurbed.de/p/lenovo-thinkpad-l390-i5-8565u-13/
2026-01-11 04:00:59,311 - INFO - Scraping 4671/6851: https://www.refurbed.de/p/lenovo-thinkpad-l390-yoga-8265u/
2026-01-11 04:01:00,826 - INFO - Scraping 4672/6851: https://www.refurbed.de/p/lenovo-thinkpad-l390-yoga-8365u/
2026-01-11 04:01:02,373 - INFO - Scraping 4673/6851: https://www.refurbed.de/p/lenovo-thinkpad-l390-yoga-8565u/
2026-01-11 04:01:03,873 - INFO - Scraping 4674/6851: https://www.refurbed.de/p/lenovo-thinkpad-l440-i3-4000m-14/
2026-01-11 04:01:04,121 - ERROR - Error fetching https://www.refurbed.de/p/lenovo-thinkpad-l440-i3-4000m-14/: 404 Client Error: Not Found for url: https://www.refurbed.de/p/lenovo-thinkpad-l440-i3-4000m-14/
2026-01-11 04:01:05,123 - INFO - Scraping 4675/6851: https://www.refurbed.de/p/lenovo-thinkpad-l440-i5-4100m/
2026-01-11 04:01:05,298 - ERROR - Error fetching https://www.refurbed.de/p/lenovo-thinkpad-l440-i5-4100m/: 404 Client Error: Not Found for url: https://www.refurbed.de/p/lenovo-thinkpad-l440-i5-4100m/
2026-01-11 04:01:06,300 - INFO - Scraping 4676/6851: https://www.refurbed.de/p/lenovo-thinkpad-l440-i5-4200m-14/
2026-01-11 04:01:06,466 - ERROR - Error fetching https://www.refurbed.de/p/lenovo-thinkpad-l440-i5-4200m-14/: 404 Client Error: Not Found for url: https://www.refurbed.de/p/lenovo-thinkpad-l440-i5-4200m-14/
2026-01-11 04:01:07,468 - INFO - Scraping 4677/6851: https://www.refurbed.de/p/lenovo-thinkpad-l440-i5-4300m/
2026-01-11 04:01:07,659 - ERROR - Error fetching https://www.refurbed.de/p/lenovo-thinkpad-l440-i5-4300m/: 404 Client Error: Not Found for url: https://www.refurbed.de/p/lenovo-thinkpad-l440-i5-4300m/
2026-01-11 04:01:08,661 - INFO - Scraping 4678/6851: https://www.refurbed.de/p/lenovo-thinkpad-l440-i5-4300u-14/
2026-01-11 04:01:08,853 - ERROR - Error fetching https://www.refurbed.de/p/lenovo-thinkpad-l440-i5-4300u-14/: 404 Client Error: Not Found for url: https://www.refurbed.de/p/lenovo-thinkpad-l440-i5-4300u-14/
2026-01-11 04:01:09,855 - INFO - Scraping 4679/6851: https://www.refurbed.de/p/lenovo-thinkpad-l450-i3-5005u-14/
2026-01-11 04:01:10,079 - ERROR - Error fetching https://www.refurbed.de/p/lenovo-thinkpad-l450-i3-5005u-14/: 404 Client Error: Not Found for url: https://www.refurbed.de/p/lenovo-thinkpad-l450-i3-5005u-14/
2026-01-11 04:01:11,081 - INFO - Scraping 4680/6851: https://www.refurbed.de/p/lenovo-thinkpad-l450-i5-4300u-14/
2026-01-11 04:01:11,264 - ERROR - Error fetching https://www.refurbed.de/p/lenovo-thinkpad-l450-i5-4300u-14/: 404 Client Error: Not Found for url: https://www.refurbed.de/p/lenovo-thinkpad-l450-i5-4300u-14/
2026-01-11 04:01:12,266 - INFO - Scraping 4681/6851: https://www.refurbed.de/p/lenovo-thinkpad-l450-i5-5200u-14/
2026-01-11 04:01:12,437 - ERROR - Error fetching https://www.refurbed.de/p/lenovo-thinkpad-l450-i5-5200u-14/: 404 Client Error: Not Found for url: https://www.refurbed.de/p/lenovo-thinkpad-l450-i5-5200u-14/
2026-01-11 04:01:13,440 - INFO - Scraping 4682/6851: https://www.refurbed.de/p/lenovo-thinkpad-l450-i5-5300u-14/
2026-01-11 04:01:13,634 - ERROR - Error fetching https://www.refurbed.de/p/lenovo-thinkpad-l450-i5-5300u-14/: 404 Client Error: Not Found for url: https://www.refurbed.de/p/lenovo-thinkpad-l450-i5-5300u-14/
2026-01-11 04:01:14,636 - INFO - Scraping 4683/6851: https://www.refurbed.de/p/lenovo-thinkpad-l460-4405u/
2026-01-11 04:01:14,821 - ERROR - Error fetching https://www.refurbed.de/p/lenovo-thinkpad-l460-4405u/: 404 Client Error: Not Found for url: https://www.refurbed.de/p/lenovo-thinkpad-l460-4405u/
2026-01-11 04:01:15,823 - INFO - Scraping 4684/6851: https://www.refurbed.de/p/lenovo-thinkpad-l460-6200u/
2026-01-11 04:01:16,129 - ERROR - Error fetching https://www.refurbed.de/p/lenovo-thinkpad-l460-6200u/: 404 Client Error: Not Found for url: https://www.refurbed.de/p/lenovo-thinkpad-l460-6200u/
2026-01-11 04:01:17,132 - INFO - Scraping 4685/6851: https://www.refurbed.de/p/lenovo-thinkpad-l460-6300u/
2026-01-11 04:01:17,316 - ERROR - Error fetching https://www.refurbed.de/p/lenovo-thinkpad-l460-6300u/: 404 Client Error: Not Found for url: https://www.refurbed.de/p/lenovo-thinkpad-l460-6300u/
2026-01-11 04:01:18,318 - INFO - Scraping 4686/6851: https://www.refurbed.de/p/lenovo-thinkpad-l460-i3-6100u/
2026-01-11 04:01:18,492 - ERROR - Error fetching https://www.refurbed.de/p/lenovo-thinkpad-l460-i3-6100u/: 404 Client Error: Not Found for url: https://www.refurbed.de/p/lenovo-thinkpad-l460-i3-6100u/
2026-01-11 04:01:19,494 - INFO - Scraping 4687/6851: https://www.refurbed.de/p/lenovo-thinkpad-l470-3955u-14/
2026-01-11 04:01:19,666 - ERROR - Error fetching https://www.refurbed.de/p/lenovo-thinkpad-l470-3955u-14/: 404 Client Error: Not Found for url: https://www.refurbed.de/p/lenovo-thinkpad-l470-3955u-14/
2026-01-11 04:01:20,668 - INFO - Scraping 4688/6851: https://www.refurbed.de/p/lenovo-thinkpad-l470-7500u-14/
2026-01-11 04:01:20,938 - ERROR - Error fetching https://www.refurbed.de/p/lenovo-thinkpad-l470-7500u-14/: 404 Client Error: Not Found for url: https://www.refurbed.de/p/lenovo-thinkpad-l470-7500u-14/
2026-01-11 04:01:21,940 - INFO - Scraping 4689/6851: https://www.refurbed.de/p/lenovo-thinkpad-l470-i3-6100u/
2026-01-11 04:01:22,131 - ERROR - Error fetching https://www.refurbed.de/p/lenovo-thinkpad-l470-i3-6100u/: 404 Client Error: Not Found for url: https://www.refurbed.de/p/lenovo-thinkpad-l470-i3-6100u/
2026-01-11 04:01:23,134 - INFO - Scraping 4690/6851: https://www.refurbed.de/p/lenovo-thinkpad-l470-i5-6200u-14/
2026-01-11 04:01:23,608 - ERROR - Error fetching https://www.refurbed.de/p/lenovo-thinkpad-l470-i5-6200u-14/: 404 Client Error: Not Found for url: https://www.refurbed.de/p/lenovo-thinkpad-l470-i5-6200u-14/
2026-01-11 04:01:24,610 - INFO - Scraping 4691/6851: https://www.refurbed.de/p/lenovo-thinkpad-l470-i5-6300u-14/
2026-01-11 04:01:24,886 - ERROR - Error fetching https://www.refurbed.de/p/lenovo-thinkpad-l470-i5-6300u-14/: 404 Client Error: Not Found for url: https://www.refurbed.de/p/lenovo-thinkpad-l470-i5-6300u-14/
2026-01-11 04:01:25,888 - INFO - Scraping 4692/6851: https://www.refurbed.de/p/lenovo-thinkpad-l470-i5-7200u-14/
2026-01-11 04:01:26,173 - ERROR - Error fetching https://www.refurbed.de/p/lenovo-thinkpad-l470-i5-7200u-14/: 404 Client Error: Not Found for url: https://www.refurbed.de/p/lenovo-thinkpad-l470-i5-7200u-14/
2026-01-11 04:01:27,175 - INFO - Scraping 4693/6851: https://www.refurbed.de/p/lenovo-thinkpad-l470-i5-7300u-14/
2026-01-11 04:01:27,491 - ERROR - Error fetching https://www.refurbed.de/p/lenovo-thinkpad-l470-i5-7300u-14/: 404 Client Error: Not Found for url: https://www.refurbed.de/p/lenovo-thinkpad-l470-i5-7300u-14/
2026-01-11 04:01:28,494 - INFO - Scraping 4694/6851: https://www.refurbed.de/p/lenovo-thinkpad-l480-7020u-14/
2026-01-11 04:01:28,726 - ERROR - Error fetching https://www.refurbed.de/p/lenovo-thinkpad-l480-7020u-14/: 404 Client Error: Not Found for url: https://www.refurbed.de/p/lenovo-thinkpad-l480-7020u-14/
2026-01-11 04:01:29,729 - INFO - Scraping 4695/6851: https://www.refurbed.de/p/lenovo-thinkpad-l480-8130u-14/
2026-01-11 04:01:31,209 - INFO - Scraping 4696/6851: https://www.refurbed.de/p/lenovo-thinkpad-l480-8250u-14/
2026-01-11 04:01:32,785 - INFO - Scraping 4697/6851: https://www.refurbed.de/p/lenovo-thinkpad-l480-8350u-14/
2026-01-11 04:01:34,484 - INFO - Scraping 4698/6851: https://www.refurbed.de/p/lenovo-thinkpad-l480-8550u-14/
2026-01-11 04:01:35,999 - INFO - Scraping 4699/6851: https://www.refurbed.de/p/lenovo-thinkpad-l480-c-3965u/
2026-01-11 04:01:36,251 - ERROR - Error fetching https://www.refurbed.de/p/lenovo-thinkpad-l480-c-3965u/: 404 Client Error: Not Found for url: https://www.refurbed.de/p/lenovo-thinkpad-l480-c-3965u/
2026-01-11 04:01:37,253 - INFO - Scraping 4700/6851: https://www.refurbed.de/p/lenovo-thinkpad-l480-i5-7300u/
2026-01-11 04:01:37,430 - ERROR - Error fetching https://www.refurbed.de/p/lenovo-thinkpad-l480-i5-7300u/: 404 Client Error: Not Found for url: https://www.refurbed.de/p/lenovo-thinkpad-l480-i5-7300u/
2026-01-11 04:01:38,432 - INFO - Scraping 4701/6851: https://www.refurbed.de/p/lenovo-thinkpad-l490-4305u-14/
2026-01-11 04:01:39,774 - INFO - Scraping 4702/6851: https://www.refurbed.de/p/lenovo-thinkpad-l490-8145u-14/
2026-01-11 04:01:41,276 - INFO - Scraping 4703/6851: https://www.refurbed.de/p/lenovo-thinkpad-l490-8365u-14/
2026-01-11 04:01:42,809 - INFO - Scraping 4704/6851: https://www.refurbed.de/p/lenovo-thinkpad-l490-8565u-14/
2026-01-11 04:01:44,381 - INFO - Scraping 4705/6851: https://www.refurbed.de/p/lenovo-thinkpad-l490-i5-8250u/
2026-01-11 04:01:45,704 - INFO - Scraping 4706/6851: https://www.refurbed.de/p/lenovo-thinkpad-l490-i5-8265u/
2026-01-11 04:01:47,209 - INFO - Scraping 4707/6851: https://www.refurbed.de/p/lenovo-thinkpad-l540-i5-4300m-15/
2026-01-11 04:01:47,403 - ERROR - Error fetching https://www.refurbed.de/p/lenovo-thinkpad-l540-i5-4300m-15/: 404 Client Error: Not Found for url: https://www.refurbed.de/p/lenovo-thinkpad-l540-i5-4300m-15/
2026-01-11 04:01:48,405 - INFO - Scraping 4708/6851: https://www.refurbed.de/p/lenovo-thinkpad-l540-i7-4600m-15/
2026-01-11 04:01:48,642 - ERROR - Error fetching https://www.refurbed.de/p/lenovo-thinkpad-l540-i7-4600m-15/: 404 Client Error: Not Found for url: https://www.refurbed.de/p/lenovo-thinkpad-l540-i7-4600m-15/
2026-01-11 04:01:49,644 - INFO - Scraping 4709/6851: https://www.refurbed.de/p/lenovo-thinkpad-l560-3855u/
2026-01-11 04:01:49,831 - ERROR - Error fetching https://www.refurbed.de/p/lenovo-thinkpad-l560-3855u/: 404 Client Error: Not Found for url: https://www.refurbed.de/p/lenovo-thinkpad-l560-3855u/
2026-01-11 04:01:50,833 - INFO - Scraping 4710/6851: https://www.refurbed.de/p/lenovo-thinkpad-l560-i3-6100u-15/
2026-01-11 04:01:51,141 - ERROR - Error fetching https://www.refurbed.de/p/lenovo-thinkpad-l560-i3-6100u-15/: 404 Client Error: Not Found for url: https://www.refurbed.de/p/lenovo-thinkpad-l560-i3-6100u-15/
2026-01-11 04:01:52,143 - INFO - Scraping 4711/6851: https://www.refurbed.de/p/lenovo-thinkpad-l560-i5-6200u-15/
2026-01-11 04:01:52,330 - ERROR - Error fetching https://www.refurbed.de/p/lenovo-thinkpad-l560-i5-6200u-15/: 404 Client Error: Not Found for url: https://www.refurbed.de/p/lenovo-thinkpad-l560-i5-6200u-15/
2026-01-11 04:01:53,333 - INFO - Scraping 4712/6851: https://www.refurbed.de/p/lenovo-thinkpad-l560-i5-6300u-15/
2026-01-11 04:01:53,507 - ERROR - Error fetching https://www.refurbed.de/p/lenovo-thinkpad-l560-i5-6300u-15/: 404 Client Error: Not Found for url: https://www.refurbed.de/p/lenovo-thinkpad-l560-i5-6300u-15/
2026-01-11 04:01:54,509 - INFO - Scraping 4713/6851: https://www.refurbed.de/p/lenovo-thinkpad-l560-i7-15-6/
2026-01-11 04:01:54,733 - ERROR - Error fetching https://www.refurbed.de/p/lenovo-thinkpad-l560-i7-15-6/: 404 Client Error: Not Found for url: https://www.refurbed.de/p/lenovo-thinkpad-l560-i7-15-6/
2026-01-11 04:01:55,735 - INFO - Scraping 4714/6851: https://www.refurbed.de/p/lenovo-thinkpad-l570-3965u/
2026-01-11 04:01:55,956 - ERROR - Error fetching https://www.refurbed.de/p/lenovo-thinkpad-l570-3965u/: 404 Client Error: Not Found for url: https://www.refurbed.de/p/lenovo-thinkpad-l570-3965u/
2026-01-11 04:01:56,958 - INFO - Scraping 4715/6851: https://www.refurbed.de/p/lenovo-thinkpad-l570-7100u-15-6/
2026-01-11 04:01:57,282 - ERROR - Error fetching https://www.refurbed.de/p/lenovo-thinkpad-l570-7100u-15-6/: 404 Client Error: Not Found for url: https://www.refurbed.de/p/lenovo-thinkpad-l570-7100u-15-6/
2026-01-11 04:01:58,285 - INFO - Scraping 4716/6851: https://www.refurbed.de/p/lenovo-thinkpad-l570-7200u-15-6/
2026-01-11 04:01:58,676 - ERROR - Error fetching https://www.refurbed.de/p/lenovo-thinkpad-l570-7200u-15-6/: 404 Client Error: Not Found for url: https://www.refurbed.de/p/lenovo-thinkpad-l570-7200u-15-6/
2026-01-11 04:01:59,679 - INFO - Scraping 4717/6851: https://www.refurbed.de/p/lenovo-thinkpad-l570-7500u-15-6/
2026-01-11 04:01:59,862 - ERROR - Error fetching https://www.refurbed.de/p/lenovo-thinkpad-l570-7500u-15-6/: 404 Client Error: Not Found for url: https://www.refurbed.de/p/lenovo-thinkpad-l570-7500u-15-6/
2026-01-11 04:02:00,864 - INFO - Scraping 4718/6851: https://www.refurbed.de/p/lenovo-thinkpad-l570-i5-6200u-15/
2026-01-11 04:02:01,132 - ERROR - Error fetching https://www.refurbed.de/p/lenovo-thinkpad-l570-i5-6200u-15/: 404 Client Error: Not Found for url: https://www.refurbed.de/p/lenovo-thinkpad-l570-i5-6200u-15/
2026-01-11 04:02:02,134 - INFO - Scraping 4719/6851: https://www.refurbed.de/p/lenovo-thinkpad-l570-i5-6300u-15/
2026-01-11 04:02:02,333 - ERROR - Error fetching https://www.refurbed.de/p/lenovo-thinkpad-l570-i5-6300u-15/: 404 Client Error: Not Found for url: https://www.refurbed.de/p/lenovo-thinkpad-l570-i5-6300u-15/
2026-01-11 04:02:03,335 - INFO - Scraping 4720/6851: https://www.refurbed.de/p/lenovo-thinkpad-l570-i5-7300u-15/
2026-01-11 04:02:03,499 - ERROR - Error fetching https://www.refurbed.de/p/lenovo-thinkpad-l570-i5-7300u-15/: 404 Client Error: Not Found for url: https://www.refurbed.de/p/lenovo-thinkpad-l570-i5-7300u-15/
2026-01-11 04:02:04,501 - INFO - Scraping 4721/6851: https://www.refurbed.de/p/lenovo-thinkpad-l570-i7-7600u/
2026-01-11 04:02:04,684 - ERROR - Error fetching https://www.refurbed.de/p/lenovo-thinkpad-l570-i7-7600u/: 404 Client Error: Not Found for url: https://www.refurbed.de/p/lenovo-thinkpad-l570-i7-7600u/
2026-01-11 04:02:05,686 - INFO - Scraping 4722/6851: https://www.refurbed.de/p/lenovo-thinkpad-l580-7200u-15-6/
2026-01-11 04:02:05,870 - ERROR - Error fetching https://www.refurbed.de/p/lenovo-thinkpad-l580-7200u-15-6/: 404 Client Error: Not Found for url: https://www.refurbed.de/p/lenovo-thinkpad-l580-7200u-15-6/
2026-01-11 04:02:06,873 - INFO - Scraping 4723/6851: https://www.refurbed.de/p/lenovo-thinkpad-l580-8250u/
2026-01-11 04:02:08,412 - INFO - Scraping 4724/6851: https://www.refurbed.de/p/lenovo-thinkpad-l580-8350u/
2026-01-11 04:02:10,242 - INFO - Scraping 4725/6851: https://www.refurbed.de/p/lenovo-thinkpad-l580-i3-8130u/
2026-01-11 04:02:11,823 - INFO - Scraping 4726/6851: https://www.refurbed.de/p/lenovo-thinkpad-l580-i5-7300u/
2026-01-11 04:02:11,993 - ERROR - Error fetching https://www.refurbed.de/p/lenovo-thinkpad-l580-i5-7300u/: 404 Client Error: Not Found for url: https://www.refurbed.de/p/lenovo-thinkpad-l580-i5-7300u/
2026-01-11 04:02:12,995 - INFO - Scraping 4727/6851: https://www.refurbed.de/p/lenovo-thinkpad-l580-i7-8550u/
2026-01-11 04:02:14,338 - INFO - Scraping 4728/6851: https://www.refurbed.de/p/lenovo-thinkpad-p-g4-i7-11800h/
2026-01-11 04:02:15,792 - INFO - Scraping 4729/6851: https://www.refurbed.de/p/lenovo-thinkpad-p-g4-i7-11850h/
2026-01-11 04:02:17,414 - INFO - Scraping 4730/6851: https://www.refurbed.de/p/lenovo-thinkpad-p-g5-i7-12800h/
2026-01-11 04:02:18,876 - INFO - Scraping 4731/6851: https://www.refurbed.de/p/lenovo-thinkpad-p-g5-i9-12900h/
2026-01-11 04:02:20,219 - INFO - Scraping 4732/6851: https://www.refurbed.de/p/lenovo-thinkpad-p1-e-2176m/
2026-01-11 04:02:21,734 - INFO - Scraping 4733/6851: https://www.refurbed.de/p/lenovo-thinkpad-p1-g3-i7-10875h/
2026-01-11 04:02:23,310 - INFO - Scraping 4734/6851: https://www.refurbed.de/p/lenovo-thinkpad-p1-i7-8750h-15/
2026-01-11 04:02:24,688 - INFO - Scraping 4735/6851: https://www.refurbed.de/p/lenovo-thinkpad-p14s-g1-10210u/
2026-01-11 04:02:26,152 - INFO - Scraping 4736/6851: https://www.refurbed.de/p/lenovo-thinkpad-p14s-g1-10510u/
2026-01-11 04:02:27,512 - INFO - Scraping 4737/6851: https://www.refurbed.de/p/lenovo-thinkpad-p14s-g1-i7-9850h/
2026-01-11 04:02:58,868 - INFO - Scraping 4738/6851: https://www.refurbed.de/p/lenovo-thinkpad-p14s-g1-ryzen-7/
2026-01-11 04:03:00,383 - INFO - Scraping 4739/6851: https://www.refurbed.de/p/lenovo-thinkpad-p14s-g2-1165g7/
2026-01-11 04:03:01,881 - INFO - Scraping 4740/6851: https://www.refurbed.de/p/lenovo-thinkpad-p14s-g2-5850u/
2026-01-11 04:03:33,209 - INFO - Scraping 4741/6851: https://www.refurbed.de/p/lenovo-thinkpad-p14s-g2-i5-1145/
2026-01-11 04:03:34,820 - INFO - Scraping 4742/6851: https://www.refurbed.de/p/lenovo-thinkpad-p15-g1-10750h/
2026-01-11 04:03:36,423 - INFO - Scraping 4743/6851: https://www.refurbed.de/p/lenovo-thinkpad-p15-g1-10850h/
2026-01-11 04:03:37,991 - INFO - Scraping 4744/6851: https://www.refurbed.de/p/lenovo-thinkpad-p15-g1-i7-10875h/
2026-01-11 04:03:39,431 - INFO - Scraping 4745/6851: https://www.refurbed.de/p/lenovo-thinkpad-p15-g1-i9-10885h/
2026-01-11 04:03:40,881 - INFO - Scraping 4746/6851: https://www.refurbed.de/p/lenovo-thinkpad-p15-g2-i7-11800h/
2026-01-11 04:03:42,351 - INFO - Scraping 4747/6851: https://www.refurbed.de/p/lenovo-thinkpad-p15-g2-i7-11850h/
2026-01-11 04:03:43,922 - INFO - Scraping 4748/6851: https://www.refurbed.de/p/lenovo-thinkpad-p15-g2-i9-11950h/
2026-01-11 04:03:45,236 - INFO - Scraping 4749/6851: https://www.refurbed.de/p/lenovo-thinkpad-p15s-g1-10510u/
2026-01-11 04:03:46,791 - INFO - Scraping 4750/6851: https://www.refurbed.de/p/lenovo-thinkpad-p15s-g2-1165g7/
2026-01-11 04:03:48,395 - INFO - Scraping 4751/6851: https://www.refurbed.de/p/lenovo-thinkpad-p15v-g1-i7/
2026-01-11 04:03:49,906 - INFO - Scraping 4752/6851: https://www.refurbed.de/p/lenovo-thinkpad-p16-12950hx/
2026-01-11 04:03:51,265 - INFO - Scraping 4753/6851: https://www.refurbed.de/p/lenovo-thinkpad-p16v-i9-13900h/
2026-01-11 04:03:52,625 - INFO - Scraping 4754/6851: https://www.refurbed.de/p/lenovo-thinkpad-p17-12850hx/
2026-01-11 04:03:54,107 - INFO - Scraping 4755/6851: https://www.refurbed.de/p/lenovo-thinkpad-p17-g1-10750h/
2026-01-11 04:03:55,474 - INFO - Scraping 4756/6851: https://www.refurbed.de/p/lenovo-thinkpad-p17-g1-10850h/
2026-01-11 04:03:56,987 - INFO - Scraping 4757/6851: https://www.refurbed.de/p/lenovo-thinkpad-p17-g1-10885h/
2026-01-11 04:03:58,795 - INFO - Scraping 4758/6851: https://www.refurbed.de/p/lenovo-thinkpad-p17-g1-10885m/
2026-01-11 04:04:00,112 - INFO - Scraping 4759/6851: https://www.refurbed.de/p/lenovo-thinkpad-p17-g1-w-10855m/
2026-01-11 04:04:01,449 - INFO - Scraping 4760/6851: https://www.refurbed.de/p/lenovo-thinkpad-p17-g2-11500h/
2026-01-11 04:04:03,155 - INFO - Scraping 4761/6851: https://www.refurbed.de/p/lenovo-thinkpad-p50-e3-1505m-15/
2026-01-11 04:04:03,353 - ERROR - Error fetching https://www.refurbed.de/p/lenovo-thinkpad-p50-e3-1505m-15/: 404 Client Error: Not Found for url: https://www.refurbed.de/p/lenovo-thinkpad-p50-e3-1505m-15/
2026-01-11 04:04:04,355 - INFO - Scraping 4762/6851: https://www.refurbed.de/p/lenovo-thinkpad-p50-i7-6700hq-15/
2026-01-11 04:04:04,782 - ERROR - Error fetching https://www.refurbed.de/p/lenovo-thinkpad-p50-i7-6700hq-15/: 404 Client Error: Not Found for url: https://www.refurbed.de/p/lenovo-thinkpad-p50-i7-6700hq-15/
2026-01-11 04:04:05,784 - INFO - Scraping 4763/6851: https://www.refurbed.de/p/lenovo-thinkpad-p50-i7-6820hq-15/
2026-01-11 04:04:05,958 - ERROR - Error fetching https://www.refurbed.de/p/lenovo-thinkpad-p50-i7-6820hq-15/: 404 Client Error: Not Found for url: https://www.refurbed.de/p/lenovo-thinkpad-p50-i7-6820hq-15/
2026-01-11 04:04:06,961 - INFO - Scraping 4764/6851: https://www.refurbed.de/p/lenovo-thinkpad-p50s-i7-6500u/
2026-01-11 04:04:07,126 - ERROR - Error fetching https://www.refurbed.de/p/lenovo-thinkpad-p50s-i7-6500u/: 404 Client Error: Not Found for url: https://www.refurbed.de/p/lenovo-thinkpad-p50s-i7-6500u/
2026-01-11 04:04:08,128 - INFO - Scraping 4765/6851: https://www.refurbed.de/p/lenovo-thinkpad-p50s-i7-6600u/
2026-01-11 04:04:08,298 - ERROR - Error fetching https://www.refurbed.de/p/lenovo-thinkpad-p50s-i7-6600u/: 404 Client Error: Not Found for url: https://www.refurbed.de/p/lenovo-thinkpad-p50s-i7-6600u/
2026-01-11 04:04:09,300 - INFO - Scraping 4766/6851: https://www.refurbed.de/p/lenovo-thinkpad-p51-7700hq-15-6/
2026-01-11 04:04:09,543 - ERROR - Error fetching https://www.refurbed.de/p/lenovo-thinkpad-p51-7700hq-15-6/: 404 Client Error: Not Found for url: https://www.refurbed.de/p/lenovo-thinkpad-p51-7700hq-15-6/
2026-01-11 04:04:10,545 - INFO - Scraping 4767/6851: https://www.refurbed.de/p/lenovo-thinkpad-p51-i7-6820hq-15/
2026-01-11 04:04:10,865 - ERROR - Error fetching https://www.refurbed.de/p/lenovo-thinkpad-p51-i7-6820hq-15/: 404 Client Error: Not Found for url: https://www.refurbed.de/p/lenovo-thinkpad-p51-i7-6820hq-15/
2026-01-11 04:04:11,867 - INFO - Scraping 4768/6851: https://www.refurbed.de/p/lenovo-thinkpad-p51-i7-7820hq-15/
2026-01-11 04:04:13,372 - INFO - Scraping 4769/6851: https://www.refurbed.de/p/lenovo-thinkpad-p51s-i7-6500-15/
2026-01-11 04:04:13,567 - ERROR - Error fetching https://www.refurbed.de/p/lenovo-thinkpad-p51s-i7-6500-15/: 404 Client Error: Not Found for url: https://www.refurbed.de/p/lenovo-thinkpad-p51s-i7-6500-15/
2026-01-11 04:04:14,569 - INFO - Scraping 4770/6851: https://www.refurbed.de/p/lenovo-thinkpad-p51s-i7-7500u-15/
2026-01-11 04:04:14,742 - ERROR - Error fetching https://www.refurbed.de/p/lenovo-thinkpad-p51s-i7-7500u-15/: 404 Client Error: Not Found for url: https://www.refurbed.de/p/lenovo-thinkpad-p51s-i7-7500u-15/
2026-01-11 04:04:15,744 - INFO - Scraping 4771/6851: https://www.refurbed.de/p/lenovo-thinkpad-p51s-i7-7600u-15/
2026-01-11 04:04:15,953 - ERROR - Error fetching https://www.refurbed.de/p/lenovo-thinkpad-p51s-i7-7600u-15/: 404 Client Error: Not Found for url: https://www.refurbed.de/p/lenovo-thinkpad-p51s-i7-7600u-15/
2026-01-11 04:04:16,955 - INFO - Scraping 4772/6851: https://www.refurbed.de/p/lenovo-thinkpad-p52-e-2176m/
2026-01-11 04:04:18,490 - INFO - Scraping 4773/6851: https://www.refurbed.de/p/lenovo-thinkpad-p52-i7-8550u/
2026-01-11 04:04:19,936 - INFO - Scraping 4774/6851: https://www.refurbed.de/p/lenovo-thinkpad-p52-i7-8750h/
2026-01-11 04:04:21,753 - INFO - Scraping 4775/6851: https://www.refurbed.de/p/lenovo-thinkpad-p52-i7-8850h/
2026-01-11 04:04:23,327 - INFO - Scraping 4776/6851: https://www.refurbed.de/p/lenovo-thinkpad-p52s-i5-8250u-15/
2026-01-11 04:04:24,665 - INFO - Scraping 4777/6851: https://www.refurbed.de/p/lenovo-thinkpad-p52s-i7-8550u/
2026-01-11 04:04:26,489 - INFO - Scraping 4778/6851: https://www.refurbed.de/p/lenovo-thinkpad-p52s-i7-8650u-15/
2026-01-11 04:04:28,302 - INFO - Scraping 4779/6851: https://www.refurbed.de/p/lenovo-thinkpad-p53s-8565u-15-6/
2026-01-11 04:04:29,789 - INFO - Scraping 4780/6851: https://www.refurbed.de/p/lenovo-thinkpad-p71-1505m-v6-17/
2026-01-11 04:04:30,008 - ERROR - Error fetching https://www.refurbed.de/p/lenovo-thinkpad-p71-1505m-v6-17/: 404 Client Error: Not Found for url: https://www.refurbed.de/p/lenovo-thinkpad-p71-1505m-v6-17/
2026-01-11 04:04:31,010 - INFO - Scraping 4781/6851: https://www.refurbed.de/p/lenovo-thinkpad-p71-1535m-17/
2026-01-11 04:04:31,203 - ERROR - Error fetching https://www.refurbed.de/p/lenovo-thinkpad-p71-1535m-17/: 404 Client Error: Not Found for url: https://www.refurbed.de/p/lenovo-thinkpad-p71-1535m-17/
2026-01-11 04:04:32,205 - INFO - Scraping 4782/6851: https://www.refurbed.de/p/lenovo-thinkpad-p71-7700hq-17-3/
2026-01-11 04:04:32,366 - ERROR - Error fetching https://www.refurbed.de/p/lenovo-thinkpad-p71-7700hq-17-3/: 404 Client Error: Not Found for url: https://www.refurbed.de/p/lenovo-thinkpad-p71-7700hq-17-3/
2026-01-11 04:04:33,368 - INFO - Scraping 4783/6851: https://www.refurbed.de/p/lenovo-thinkpad-p71-i7-7820hq/
2026-01-11 04:04:34,745 - INFO - Scraping 4784/6851: https://www.refurbed.de/p/lenovo-thinkpad-pro-40ah-dock/
2026-01-11 04:04:36,147 - INFO - Scraping 4785/6851: https://www.refurbed.de/p/lenovo-thinkpad-s540-i5-15-6/
2026-01-11 04:04:36,371 - ERROR - Error fetching https://www.refurbed.de/p/lenovo-thinkpad-s540-i5-15-6/: 404 Client Error: Not Found for url: https://www.refurbed.de/p/lenovo-thinkpad-s540-i5-15-6/
2026-01-11 04:04:37,373 - INFO - Scraping 4786/6851: https://www.refurbed.de/p/lenovo-thinkpad-t14-10310u/
2026-01-11 04:04:38,856 - INFO - Scraping 4787/6851: https://www.refurbed.de/p/lenovo-thinkpad-t14-g1-10610u/
2026-01-11 04:04:40,414 - INFO - Scraping 4788/6851: https://www.refurbed.de/p/lenovo-thinkpad-t14-g1-4650u/
2026-01-11 04:04:41,930 - INFO - Scraping 4789/6851: https://www.refurbed.de/p/lenovo-thinkpad-t14-g1-4750u/
2026-01-11 04:04:43,418 - INFO - Scraping 4790/6851: https://www.refurbed.de/p/lenovo-thinkpad-t14-g1-i5-10210u/
2026-01-11 04:04:45,020 - INFO - Scraping 4791/6851: https://www.refurbed.de/p/lenovo-thinkpad-t14-g1-i5-10310u/
2026-01-11 04:04:46,683 - INFO - Scraping 4792/6851: https://www.refurbed.de/p/lenovo-thinkpad-t14-g1-i7-10510u/
2026-01-11 04:04:48,206 - INFO - Scraping 4793/6851: https://www.refurbed.de/p/lenovo-thinkpad-t14-g2-1135g7/
2026-01-11 04:04:49,754 - INFO - Scraping 4794/6851: https://www.refurbed.de/p/lenovo-thinkpad-t14-g2-1145g7/
2026-01-11 04:04:51,142 - INFO - Scraping 4795/6851: https://www.refurbed.de/p/lenovo-thinkpad-t14-g2-i5-1235u/
2026-01-11 04:04:52,658 - INFO - Scraping 4796/6851: https://www.refurbed.de/p/lenovo-thinkpad-t14-g2-i7-1165g7/
2026-01-11 04:04:54,393 - INFO - Scraping 4797/6851: https://www.refurbed.de/p/lenovo-thinkpad-t14-g2-i7-1185g7/
2026-01-11 04:04:56,010 - INFO - Scraping 4798/6851: https://www.refurbed.de/p/lenovo-thinkpad-t14-g2-r5-5650u/
2026-01-11 04:04:58,228 - INFO - Scraping 4799/6851: https://www.refurbed.de/p/lenovo-thinkpad-t14-g2-r7-5850u/
2026-01-11 04:04:59,674 - INFO - Scraping 4800/6851: https://www.refurbed.de/p/lenovo-thinkpad-t14-g3-i5-1235u/
2026-01-11 04:05:01,338 - INFO - Scraping 4801/6851: https://www.refurbed.de/p/lenovo-thinkpad-t14-g3-i5-1245u/
2026-01-11 04:05:03,091 - INFO - Scraping 4802/6851: https://www.refurbed.de/p/lenovo-thinkpad-t14-g3-i5-1250p/
2026-01-11 04:05:04,443 - INFO - Scraping 4803/6851: https://www.refurbed.de/p/lenovo-thinkpad-t14-g3-i7-1255u/
2026-01-11 04:05:06,386 - INFO - Scraping 4804/6851: https://www.refurbed.de/p/lenovo-thinkpad-t14-g3-i7-1265u/
2026-01-11 04:05:07,922 - INFO - Scraping 4805/6851: https://www.refurbed.de/p/lenovo-thinkpad-t14-g3-i7-1270p/
2026-01-11 04:05:09,372 - INFO - Scraping 4806/6851: https://www.refurbed.de/p/lenovo-thinkpad-t14-g3-ryzen-5/
2026-01-11 04:05:10,957 - INFO - Scraping 4807/6851: https://www.refurbed.de/p/lenovo-thinkpad-t14-g3-ryzen-7/
2026-01-11 04:05:12,323 - INFO - Scraping 4808/6851: https://www.refurbed.de/p/lenovo-thinkpad-t14-g4-7-7840u/
2026-01-11 04:05:13,657 - INFO - Scraping 4809/6851: https://www.refurbed.de/p/lenovo-thinkpad-t14-g4-i5-1335u/
2026-01-11 04:05:15,149 - INFO - Scraping 4810/6851: https://www.refurbed.de/p/lenovo-thinkpad-t14-g4-i5-1345u/
2026-01-11 04:05:16,704 - INFO - Scraping 4811/6851: https://www.refurbed.de/p/lenovo-thinkpad-t14-g4-i7-1365u/
2026-01-11 04:05:18,061 - INFO - Scraping 4812/6851: https://www.refurbed.de/p/lenovo-thinkpad-t14-g4-pro-7540u/
2026-01-11 04:05:19,482 - INFO - Scraping 4813/6851: https://www.refurbed.de/p/lenovo-thinkpad-t14-i5-10210u/
2026-01-11 04:05:21,090 - INFO - Scraping 4814/6851: https://www.refurbed.de/p/lenovo-thinkpad-t14-i7-10510u/
2026-01-11 04:05:22,514 - INFO - Scraping 4815/6851: https://www.refurbed.de/p/lenovo-thinkpad-t14-r5-pro-4650u/
2026-01-11 04:05:23,944 - INFO - Scraping 4816/6851: https://www.refurbed.de/p/lenovo-thinkpad-t14-ryzen-4750u/
2026-01-11 04:05:25,557 - INFO - Scraping 4817/6851: https://www.refurbed.de/p/lenovo-thinkpad-t14s-g1-10210u/
2026-01-11 04:05:27,157 - INFO - Scraping 4818/6851: https://www.refurbed.de/p/lenovo-thinkpad-t14s-g1-10310u/
2026-01-11 04:05:28,834 - INFO - Scraping 4819/6851: https://www.refurbed.de/p/lenovo-thinkpad-t14s-g1-10510u/
2026-01-11 04:05:30,553 - INFO - Scraping 4820/6851: https://www.refurbed.de/p/lenovo-thinkpad-t14s-g1-10610u/
2026-01-11 04:05:32,105 - INFO - Scraping 4821/6851: https://www.refurbed.de/p/lenovo-thinkpad-t14s-g1-4650u/
2026-01-11 04:05:33,880 - INFO - Scraping 4822/6851: https://www.refurbed.de/p/lenovo-thinkpad-t14s-g1-4750u/
2026-01-11 04:05:35,538 - INFO - Scraping 4823/6851: https://www.refurbed.de/p/lenovo-thinkpad-t14s-g2-1135g7/
2026-01-11 04:05:37,618 - INFO - Scraping 4824/6851: https://www.refurbed.de/p/lenovo-thinkpad-t14s-g2-1145g7/
2026-01-11 04:05:39,205 - INFO - Scraping 4825/6851: https://www.refurbed.de/p/lenovo-thinkpad-t14s-g2-1165g7/
2026-01-11 04:05:40,856 - INFO - Scraping 4826/6851: https://www.refurbed.de/p/lenovo-thinkpad-t14s-g2-1185g7/
2026-01-11 04:05:42,415 - INFO - Scraping 4827/6851: https://www.refurbed.de/p/lenovo-thinkpad-t14s-g2-5650u-14/
2026-01-11 04:05:43,910 - INFO - Scraping 4828/6851: https://www.refurbed.de/p/lenovo-thinkpad-t14s-g2-5650u/
2026-01-11 04:05:45,411 - INFO - Scraping 4829/6851: https://www.refurbed.de/p/lenovo-thinkpad-t14s-g2-r7-pro/
2026-01-11 04:05:46,995 - INFO - Scraping 4830/6851: https://www.refurbed.de/p/lenovo-thinkpad-t14s-g3-1260p/
2026-01-11 04:05:48,539 - INFO - Scraping 4831/6851: https://www.refurbed.de/p/lenovo-thinkpad-t14s-g3-i5-1235u/
2026-01-11 04:05:50,099 - INFO - Scraping 4832/6851: https://www.refurbed.de/p/lenovo-thinkpad-t14s-g3-i5-1240p/
2026-01-11 04:05:51,910 - INFO - Scraping 4833/6851: https://www.refurbed.de/p/lenovo-thinkpad-t14s-g3-i5-1245u/
2026-01-11 04:05:53,267 - INFO - Scraping 4834/6851: https://www.refurbed.de/p/lenovo-thinkpad-t14s-g3-i7-1255u/
2026-01-11 04:05:55,483 - INFO - Scraping 4835/6851: https://www.refurbed.de/p/lenovo-thinkpad-t14s-g3-i7-1265u/
2026-01-11 04:05:56,843 - INFO - Scraping 4836/6851: https://www.refurbed.de/p/lenovo-thinkpad-t14s-g3-i7-1270p/
2026-01-11 04:05:58,328 - INFO - Scraping 4837/6851: https://www.refurbed.de/p/lenovo-thinkpad-t14s-g4-i5-1355u/
2026-01-11 04:05:59,654 - INFO - Scraping 4838/6851: https://www.refurbed.de/p/lenovo-thinkpad-t14s-g4-i7-1355u/
2026-01-11 04:06:01,171 - INFO - Scraping 4839/6851: https://www.refurbed.de/p/lenovo-thinkpad-t15-g1-10210u/
2026-01-11 04:06:02,789 - INFO - Scraping 4840/6851: https://www.refurbed.de/p/lenovo-thinkpad-t15-g1-10310u/
2026-01-11 04:06:04,624 - INFO - Scraping 4841/6851: https://www.refurbed.de/p/lenovo-thinkpad-t15-g1-10510u/
2026-01-11 04:06:06,209 - INFO - Scraping 4842/6851: https://www.refurbed.de/p/lenovo-thinkpad-t15-g1-10610u/
2026-01-11 04:06:07,648 - INFO - Scraping 4843/6851: https://www.refurbed.de/p/lenovo-thinkpad-t15-g2-1185g7/
2026-01-11 04:06:09,245 - INFO - Scraping 4844/6851: https://www.refurbed.de/p/lenovo-thinkpad-t15g-i7-10750h/
2026-01-11 04:06:10,744 - INFO - Scraping 4845/6851: https://www.refurbed.de/p/lenovo-thinkpad-t15g-i9-10885h/
2026-01-11 04:06:12,189 - INFO - Scraping 4846/6851: https://www.refurbed.de/p/lenovo-thinkpad-t15p-10750h/
2026-01-11 04:06:13,704 - INFO - Scraping 4847/6851: https://www.refurbed.de/p/lenovo-thinkpad-t15p-g2-10750h/
2026-01-11 04:06:15,092 - INFO - Scraping 4848/6851: https://www.refurbed.de/p/lenovo-thinkpad-t15p-g2-1135g7/
2026-01-11 04:06:16,610 - INFO - Scraping 4849/6851: https://www.refurbed.de/p/lenovo-thinkpad-t15p-g2-11400h/
2026-01-11 04:06:17,958 - INFO - Scraping 4850/6851: https://www.refurbed.de/p/lenovo-thinkpad-t15p-g2-1145g7/
2026-01-11 04:06:19,439 - INFO - Scraping 4851/6851: https://www.refurbed.de/p/lenovo-thinkpad-t15p-g2-1165g7/
2026-01-11 04:06:21,385 - INFO - Scraping 4852/6851: https://www.refurbed.de/p/lenovo-thinkpad-t16-g1-6650u-/
2026-01-11 04:06:22,705 - INFO - Scraping 4853/6851: https://www.refurbed.de/p/lenovo-thinkpad-t16-g1-i5-1235u/
2026-01-11 04:06:24,023 - INFO - Scraping 4854/6851: https://www.refurbed.de/p/lenovo-thinkpad-t16-g1-i5-1245u/
2026-01-11 04:06:25,794 - INFO - Scraping 4855/6851: https://www.refurbed.de/p/lenovo-thinkpad-t16-g1-i7-1260p/
2026-01-11 04:06:25,986 - ERROR - Error fetching https://www.refurbed.de/p/lenovo-thinkpad-t16-g1-i7-1260p/: 404 Client Error: Not Found for url: https://www.refurbed.de/p/lenovo-thinkpad-t16-g1-i7-1260p/
2026-01-11 04:06:26,989 - INFO - Scraping 4856/6851: https://www.refurbed.de/p/lenovo-thinkpad-t16-g2-i5-1335u/
2026-01-11 04:06:28,391 - INFO - Scraping 4857/6851: https://www.refurbed.de/p/lenovo-thinkpad-t16-g2-i7-1355u/
2026-01-11 04:06:30,058 - INFO - Scraping 4858/6851: https://www.refurbed.de/p/lenovo-thinkpad-t440-4210u-14/
2026-01-11 04:06:30,237 - ERROR - Error fetching https://www.refurbed.de/p/lenovo-thinkpad-t440-4210u-14/: 404 Client Error: Not Found for url: https://www.refurbed.de/p/lenovo-thinkpad-t440-4210u-14/
2026-01-11 04:06:31,239 - INFO - Scraping 4859/6851: https://www.refurbed.de/p/lenovo-thinkpad-t440-i3-4010u/
2026-01-11 04:06:31,401 - ERROR - Error fetching https://www.refurbed.de/p/lenovo-thinkpad-t440-i3-4010u/: 404 Client Error: Not Found for url: https://www.refurbed.de/p/lenovo-thinkpad-t440-i3-4010u/
2026-01-11 04:06:32,403 - INFO - Scraping 4860/6851: https://www.refurbed.de/p/lenovo-thinkpad-t440-i5-4200u-14/
2026-01-11 04:06:32,724 - ERROR - Error fetching https://www.refurbed.de/p/lenovo-thinkpad-t440-i5-4200u-14/: 404 Client Error: Not Found for url: https://www.refurbed.de/p/lenovo-thinkpad-t440-i5-4200u-14/
2026-01-11 04:06:33,727 - INFO - Scraping 4861/6851: https://www.refurbed.de/p/lenovo-thinkpad-t440-i5-4200u/
2026-01-11 04:06:33,938 - ERROR - Error fetching https://www.refurbed.de/p/lenovo-thinkpad-t440-i5-4200u/: 404 Client Error: Not Found for url: https://www.refurbed.de/p/lenovo-thinkpad-t440-i5-4200u/
2026-01-11 04:06:34,940 - INFO - Scraping 4862/6851: https://www.refurbed.de/p/lenovo-thinkpad-t440-i5-4300m-14/
2026-01-11 04:06:35,214 - ERROR - Error fetching https://www.refurbed.de/p/lenovo-thinkpad-t440-i5-4300m-14/: 404 Client Error: Not Found for url: https://www.refurbed.de/p/lenovo-thinkpad-t440-i5-4300m-14/
2026-01-11 04:06:36,216 - INFO - Scraping 4863/6851: https://www.refurbed.de/p/lenovo-thinkpad-t440-i5-4300u-14/
2026-01-11 04:06:36,421 - ERROR - Error fetching https://www.refurbed.de/p/lenovo-thinkpad-t440-i5-4300u-14/: 404 Client Error: Not Found for url: https://www.refurbed.de/p/lenovo-thinkpad-t440-i5-4300u-14/
2026-01-11 04:06:37,423 - INFO - Scraping 4864/6851: https://www.refurbed.de/p/lenovo-thinkpad-t440-i7-4600u-14/
2026-01-11 04:06:37,612 - ERROR - Error fetching https://www.refurbed.de/p/lenovo-thinkpad-t440-i7-4600u-14/: 404 Client Error: Not Found for url: https://www.refurbed.de/p/lenovo-thinkpad-t440-i7-4600u-14/
2026-01-11 04:06:38,615 - INFO - Scraping 4865/6851: https://www.refurbed.de/p/lenovo-thinkpad-t440p-i5-4300m-1/
2026-01-11 04:06:38,837 - ERROR - Error fetching https://www.refurbed.de/p/lenovo-thinkpad-t440p-i5-4300m-1/: 404 Client Error: Not Found for url: https://www.refurbed.de/p/lenovo-thinkpad-t440p-i5-4300m-1/
2026-01-11 04:06:39,839 - INFO - Scraping 4866/6851: https://www.refurbed.de/p/lenovo-thinkpad-t440p-i7-4710mq-/
2026-01-11 04:06:40,017 - ERROR - Error fetching https://www.refurbed.de/p/lenovo-thinkpad-t440p-i7-4710mq-/: 404 Client Error: Not Found for url: https://www.refurbed.de/p/lenovo-thinkpad-t440p-i7-4710mq-/
2026-01-11 04:06:41,019 - INFO - Scraping 4867/6851: https://www.refurbed.de/p/lenovo-thinkpad-t440p-intel-i5-4/
2026-01-11 04:06:41,191 - ERROR - Error fetching https://www.refurbed.de/p/lenovo-thinkpad-t440p-intel-i5-4/: 404 Client Error: Not Found for url: https://www.refurbed.de/p/lenovo-thinkpad-t440p-intel-i5-4/
2026-01-11 04:06:42,193 - INFO - Scraping 4868/6851: https://www.refurbed.de/p/lenovo-thinkpad-t440s-i5-4200u-1/
2026-01-11 04:06:42,360 - ERROR - Error fetching https://www.refurbed.de/p/lenovo-thinkpad-t440s-i5-4200u-1/: 404 Client Error: Not Found for url: https://www.refurbed.de/p/lenovo-thinkpad-t440s-i5-4200u-1/
2026-01-11 04:06:43,362 - INFO - Scraping 4869/6851: https://www.refurbed.de/p/lenovo-thinkpad-t440s-i5-4300-14/
2026-01-11 04:06:43,542 - ERROR - Error fetching https://www.refurbed.de/p/lenovo-thinkpad-t440s-i5-4300-14/: 404 Client Error: Not Found for url: https://www.refurbed.de/p/lenovo-thinkpad-t440s-i5-4300-14/
2026-01-11 04:06:44,544 - INFO - Scraping 4870/6851: https://www.refurbed.de/p/lenovo-thinkpad-t440s-i5-4300u-1/
2026-01-11 04:06:44,716 - ERROR - Error fetching https://www.refurbed.de/p/lenovo-thinkpad-t440s-i5-4300u-1/: 404 Client Error: Not Found for url: https://www.refurbed.de/p/lenovo-thinkpad-t440s-i5-4300u-1/
2026-01-11 04:06:45,718 - INFO - Scraping 4871/6851: https://www.refurbed.de/p/lenovo-thinkpad-t440s-i7-4600u-1/
2026-01-11 04:06:45,893 - ERROR - Error fetching https://www.refurbed.de/p/lenovo-thinkpad-t440s-i7-4600u-1/: 404 Client Error: Not Found for url: https://www.refurbed.de/p/lenovo-thinkpad-t440s-i7-4600u-1/
2026-01-11 04:06:46,896 - INFO - Scraping 4872/6851: https://www.refurbed.de/p/lenovo-thinkpad-t440s-touch-i5-4/
2026-01-11 04:06:47,067 - ERROR - Error fetching https://www.refurbed.de/p/lenovo-thinkpad-t440s-touch-i5-4/: 404 Client Error: Not Found for url: https://www.refurbed.de/p/lenovo-thinkpad-t440s-touch-i5-4/
2026-01-11 04:06:48,069 - INFO - Scraping 4873/6851: https://www.refurbed.de/p/lenovo-thinkpad-t450-i3-5010u/
2026-01-11 04:06:48,252 - ERROR - Error fetching https://www.refurbed.de/p/lenovo-thinkpad-t450-i3-5010u/: 404 Client Error: Not Found for url: https://www.refurbed.de/p/lenovo-thinkpad-t450-i3-5010u/
2026-01-11 04:06:49,254 - INFO - Scraping 4874/6851: https://www.refurbed.de/p/lenovo-thinkpad-t450-i5-14/
2026-01-11 04:06:49,420 - ERROR - Error fetching https://www.refurbed.de/p/lenovo-thinkpad-t450-i5-14/: 404 Client Error: Not Found for url: https://www.refurbed.de/p/lenovo-thinkpad-t450-i5-14/
2026-01-11 04:06:50,422 - INFO - Scraping 4875/6851: https://www.refurbed.de/p/lenovo-thinkpad-t450-i5-5200u-14/
2026-01-11 04:06:50,636 - ERROR - Error fetching https://www.refurbed.de/p/lenovo-thinkpad-t450-i5-5200u-14/: 404 Client Error: Not Found for url: https://www.refurbed.de/p/lenovo-thinkpad-t450-i5-5200u-14/
2026-01-11 04:06:51,638 - INFO - Scraping 4876/6851: https://www.refurbed.de/p/lenovo-thinkpad-t450-i54300-14/
2026-01-11 04:06:51,917 - ERROR - Error fetching https://www.refurbed.de/p/lenovo-thinkpad-t450-i54300-14/: 404 Client Error: Not Found for url: https://www.refurbed.de/p/lenovo-thinkpad-t450-i54300-14/
2026-01-11 04:06:52,920 - INFO - Scraping 4877/6851: https://www.refurbed.de/p/lenovo-thinkpad-t450-i7-5600u-14/
2026-01-11 04:06:53,085 - ERROR - Error fetching https://www.refurbed.de/p/lenovo-thinkpad-t450-i7-5600u-14/: 404 Client Error: Not Found for url: https://www.refurbed.de/p/lenovo-thinkpad-t450-i7-5600u-14/
2026-01-11 04:06:54,087 - INFO - Scraping 4878/6851: https://www.refurbed.de/p/lenovo-thinkpad-t450s-5200u/
2026-01-11 04:06:54,598 - ERROR - Error fetching https://www.refurbed.de/p/lenovo-thinkpad-t450s-5200u/: 404 Client Error: Not Found for url: https://www.refurbed.de/p/lenovo-thinkpad-t450s-5200u/
2026-01-11 04:06:55,601 - INFO - Scraping 4879/6851: https://www.refurbed.de/p/lenovo-thinkpad-t450s-5600u/
2026-01-11 04:06:55,845 - ERROR - Error fetching https://www.refurbed.de/p/lenovo-thinkpad-t450s-5600u/: 404 Client Error: Not Found for url: https://www.refurbed.de/p/lenovo-thinkpad-t450s-5600u/
2026-01-11 04:06:56,847 - INFO - Scraping 4880/6851: https://www.refurbed.de/p/lenovo-thinkpad-t450s-i5-14/
2026-01-11 04:06:57,053 - ERROR - Error fetching https://www.refurbed.de/p/lenovo-thinkpad-t450s-i5-14/: 404 Client Error: Not Found for url: https://www.refurbed.de/p/lenovo-thinkpad-t450s-i5-14/
2026-01-11 04:06:58,055 - INFO - Scraping 4881/6851: https://www.refurbed.de/p/lenovo-thinkpad-t450s-i7-14/
2026-01-11 04:06:58,314 - ERROR - Error fetching https://www.refurbed.de/p/lenovo-thinkpad-t450s-i7-14/: 404 Client Error: Not Found for url: https://www.refurbed.de/p/lenovo-thinkpad-t450s-i7-14/
2026-01-11 04:06:59,316 - INFO - Scraping 4882/6851: https://www.refurbed.de/p/lenovo-thinkpad-t460-i3-6100u-14/
2026-01-11 04:06:59,475 - ERROR - Error fetching https://www.refurbed.de/p/lenovo-thinkpad-t460-i3-6100u-14/: 404 Client Error: Not Found for url: https://www.refurbed.de/p/lenovo-thinkpad-t460-i3-6100u-14/
2026-01-11 04:07:00,477 - INFO - Scraping 4883/6851: https://www.refurbed.de/p/lenovo-thinkpad-t460-i5-6200-14/
2026-01-11 04:07:00,643 - ERROR - Error fetching https://www.refurbed.de/p/lenovo-thinkpad-t460-i5-6200-14/: 404 Client Error: Not Found for url: https://www.refurbed.de/p/lenovo-thinkpad-t460-i5-6200-14/
2026-01-11 04:07:01,645 - INFO - Scraping 4884/6851: https://www.refurbed.de/p/lenovo-thinkpad-t460-i5-6300u-14/
2026-01-11 04:07:01,835 - ERROR - Error fetching https://www.refurbed.de/p/lenovo-thinkpad-t460-i5-6300u-14/: 404 Client Error: Not Found for url: https://www.refurbed.de/p/lenovo-thinkpad-t460-i5-6300u-14/
2026-01-11 04:07:02,838 - INFO - Scraping 4885/6851: https://www.refurbed.de/p/lenovo-thinkpad-t460-i7-6600u-14/
2026-01-11 04:07:03,065 - ERROR - Error fetching https://www.refurbed.de/p/lenovo-thinkpad-t460-i7-6600u-14/: 404 Client Error: Not Found for url: https://www.refurbed.de/p/lenovo-thinkpad-t460-i7-6600u-14/
2026-01-11 04:07:04,067 - INFO - Scraping 4886/6851: https://www.refurbed.de/p/lenovo-thinkpad-t460p-6440hq/
2026-01-11 04:07:04,254 - ERROR - Error fetching https://www.refurbed.de/p/lenovo-thinkpad-t460p-6440hq/: 404 Client Error: Not Found for url: https://www.refurbed.de/p/lenovo-thinkpad-t460p-6440hq/
2026-01-11 04:07:05,256 - INFO - Scraping 4887/6851: https://www.refurbed.de/p/lenovo-thinkpad-t460p-6820hq/
2026-01-11 04:07:05,446 - ERROR - Error fetching https://www.refurbed.de/p/lenovo-thinkpad-t460p-6820hq/: 404 Client Error: Not Found for url: https://www.refurbed.de/p/lenovo-thinkpad-t460p-6820hq/
2026-01-11 04:07:06,448 - INFO - Scraping 4888/6851: https://www.refurbed.de/p/lenovo-thinkpad-t460p-i5-6300hq/
2026-01-11 04:07:06,678 - ERROR - Error fetching https://www.refurbed.de/p/lenovo-thinkpad-t460p-i5-6300hq/: 404 Client Error: Not Found for url: https://www.refurbed.de/p/lenovo-thinkpad-t460p-i5-6300hq/
2026-01-11 04:07:07,680 - INFO - Scraping 4889/6851: https://www.refurbed.de/p/lenovo-thinkpad-t460p-i5-6440hq-/
2026-01-11 04:07:07,848 - ERROR - Error fetching https://www.refurbed.de/p/lenovo-thinkpad-t460p-i5-6440hq-/: 404 Client Error: Not Found for url: https://www.refurbed.de/p/lenovo-thinkpad-t460p-i5-6440hq-/
2026-01-11 04:07:08,851 - INFO - Scraping 4890/6851: https://www.refurbed.de/p/lenovo-thinkpad-t460p-i7-6820hq/
2026-01-11 04:07:09,046 - ERROR - Error fetching https://www.refurbed.de/p/lenovo-thinkpad-t460p-i7-6820hq/: 404 Client Error: Not Found for url: https://www.refurbed.de/p/lenovo-thinkpad-t460p-i7-6820hq/
2026-01-11 04:07:10,048 - INFO - Scraping 4891/6851: https://www.refurbed.de/p/lenovo-thinkpad-t460s-i5-6200u/
2026-01-11 04:07:10,273 - ERROR - Error fetching https://www.refurbed.de/p/lenovo-thinkpad-t460s-i5-6200u/: 404 Client Error: Not Found for url: https://www.refurbed.de/p/lenovo-thinkpad-t460s-i5-6200u/
2026-01-11 04:07:11,275 - INFO - Scraping 4892/6851: https://www.refurbed.de/p/lenovo-thinkpad-t460s-i7-6600u-1/
2026-01-11 04:07:11,436 - ERROR - Error fetching https://www.refurbed.de/p/lenovo-thinkpad-t460s-i7-6600u-1/: 404 Client Error: Not Found for url: https://www.refurbed.de/p/lenovo-thinkpad-t460s-i7-6600u-1/
2026-01-11 04:07:12,438 - INFO - Scraping 4893/6851: https://www.refurbed.de/p/lenovo-thinkpad-t460s-intel-core/
2026-01-11 04:07:12,609 - ERROR - Error fetching https://www.refurbed.de/p/lenovo-thinkpad-t460s-intel-core/: 404 Client Error: Not Found for url: https://www.refurbed.de/p/lenovo-thinkpad-t460s-intel-core/
2026-01-11 04:07:13,611 - INFO - Scraping 4894/6851: https://www.refurbed.de/p/lenovo-thinkpad-t470-6200u/
2026-01-11 04:07:13,784 - ERROR - Error fetching https://www.refurbed.de/p/lenovo-thinkpad-t470-6200u/: 404 Client Error: Not Found for url: https://www.refurbed.de/p/lenovo-thinkpad-t470-6200u/
2026-01-11 04:07:14,786 - INFO - Scraping 4895/6851: https://www.refurbed.de/p/lenovo-thinkpad-t470-6600u/
2026-01-11 04:07:15,024 - ERROR - Error fetching https://www.refurbed.de/p/lenovo-thinkpad-t470-6600u/: 404 Client Error: Not Found for url: https://www.refurbed.de/p/lenovo-thinkpad-t470-6600u/
2026-01-11 04:07:16,026 - INFO - Scraping 4896/6851: https://www.refurbed.de/p/lenovo-thinkpad-t470-7200u/
2026-01-11 04:07:16,254 - ERROR - Error fetching https://www.refurbed.de/p/lenovo-thinkpad-t470-7200u/: 404 Client Error: Not Found for url: https://www.refurbed.de/p/lenovo-thinkpad-t470-7200u/
2026-01-11 04:07:17,256 - INFO - Scraping 4897/6851: https://www.refurbed.de/p/lenovo-thinkpad-t470-7500u-14/
2026-01-11 04:07:17,473 - ERROR - Error fetching https://www.refurbed.de/p/lenovo-thinkpad-t470-7500u-14/: 404 Client Error: Not Found for url: https://www.refurbed.de/p/lenovo-thinkpad-t470-7500u-14/
2026-01-11 04:07:18,475 - INFO - Scraping 4898/6851: https://www.refurbed.de/p/lenovo-thinkpad-t470-7600u/
2026-01-11 04:07:18,662 - ERROR - Error fetching https://www.refurbed.de/p/lenovo-thinkpad-t470-7600u/: 404 Client Error: Not Found for url: https://www.refurbed.de/p/lenovo-thinkpad-t470-7600u/
2026-01-11 04:07:19,664 - INFO - Scraping 4899/6851: https://www.refurbed.de/p/lenovo-thinkpad-t470-i3-7100u/
2026-01-11 04:07:19,838 - ERROR - Error fetching https://www.refurbed.de/p/lenovo-thinkpad-t470-i3-7100u/: 404 Client Error: Not Found for url: https://www.refurbed.de/p/lenovo-thinkpad-t470-i3-7100u/
2026-01-11 04:07:20,840 - INFO - Scraping 4900/6851: https://www.refurbed.de/p/lenovo-thinkpad-t470-i5-6300u-14/
2026-01-11 04:07:21,017 - ERROR - Error fetching https://www.refurbed.de/p/lenovo-thinkpad-t470-i5-6300u-14/: 404 Client Error: Not Found for url: https://www.refurbed.de/p/lenovo-thinkpad-t470-i5-6300u-14/
2026-01-11 04:07:22,019 - INFO - Scraping 4901/6851: https://www.refurbed.de/p/lenovo-thinkpad-t470-i5-7300u-14/
2026-01-11 04:07:22,236 - ERROR - Error fetching https://www.refurbed.de/p/lenovo-thinkpad-t470-i5-7300u-14/: 404 Client Error: Not Found for url: https://www.refurbed.de/p/lenovo-thinkpad-t470-i5-7300u-14/
2026-01-11 04:07:23,239 - INFO - Scraping 4902/6851: https://www.refurbed.de/p/lenovo-thinkpad-t470p-7700hq-14/
2026-01-11 04:07:23,411 - ERROR - Error fetching https://www.refurbed.de/p/lenovo-thinkpad-t470p-7700hq-14/: 404 Client Error: Not Found for url: https://www.refurbed.de/p/lenovo-thinkpad-t470p-7700hq-14/
2026-01-11 04:07:24,413 - INFO - Scraping 4903/6851: https://www.refurbed.de/p/lenovo-thinkpad-t470p-7820hq/
2026-01-11 04:07:26,198 - INFO - Scraping 4904/6851: https://www.refurbed.de/p/lenovo-thinkpad-t470p-i5-7300hq/
2026-01-11 04:07:26,382 - ERROR - Error fetching https://www.refurbed.de/p/lenovo-thinkpad-t470p-i5-7300hq/: 404 Client Error: Not Found for url: https://www.refurbed.de/p/lenovo-thinkpad-t470p-i5-7300hq/
2026-01-11 04:07:27,384 - INFO - Scraping 4905/6851: https://www.refurbed.de/p/lenovo-thinkpad-t470p-i5-7440hq/
2026-01-11 04:07:27,699 - ERROR - Error fetching https://www.refurbed.de/p/lenovo-thinkpad-t470p-i5-7440hq/: 404 Client Error: Not Found for url: https://www.refurbed.de/p/lenovo-thinkpad-t470p-i5-7440hq/
2026-01-11 04:07:28,702 - INFO - Scraping 4906/6851: https://www.refurbed.de/p/lenovo-thinkpad-t470p-i7-7700/
2026-01-11 04:07:28,920 - ERROR - Error fetching https://www.refurbed.de/p/lenovo-thinkpad-t470p-i7-7700/: 404 Client Error: Not Found for url: https://www.refurbed.de/p/lenovo-thinkpad-t470p-i7-7700/
2026-01-11 04:07:29,922 - INFO - Scraping 4907/6851: https://www.refurbed.de/p/lenovo-thinkpad-t470s-14-i5-6300/
2026-01-11 04:07:30,220 - ERROR - Error fetching https://www.refurbed.de/p/lenovo-thinkpad-t470s-14-i5-6300/: 404 Client Error: Not Found for url: https://www.refurbed.de/p/lenovo-thinkpad-t470s-14-i5-6300/
2026-01-11 04:07:31,223 - INFO - Scraping 4908/6851: https://www.refurbed.de/p/lenovo-thinkpad-t470s-14-i5-7200/
2026-01-11 04:07:31,419 - ERROR - Error fetching https://www.refurbed.de/p/lenovo-thinkpad-t470s-14-i5-7200/: 404 Client Error: Not Found for url: https://www.refurbed.de/p/lenovo-thinkpad-t470s-14-i5-7200/
2026-01-11 04:07:32,421 - INFO - Scraping 4909/6851: https://www.refurbed.de/p/lenovo-thinkpad-t470s-14-i5-7300/
2026-01-11 04:07:32,649 - ERROR - Error fetching https://www.refurbed.de/p/lenovo-thinkpad-t470s-14-i5-7300/: 404 Client Error: Not Found for url: https://www.refurbed.de/p/lenovo-thinkpad-t470s-14-i5-7300/
2026-01-11 04:07:33,651 - INFO - Scraping 4910/6851: https://www.refurbed.de/p/lenovo-thinkpad-t470s-14-i7-7500/
2026-01-11 04:07:33,848 - ERROR - Error fetching https://www.refurbed.de/p/lenovo-thinkpad-t470s-14-i7-7500/: 404 Client Error: Not Found for url: https://www.refurbed.de/p/lenovo-thinkpad-t470s-14-i7-7500/
2026-01-11 04:07:34,850 - INFO - Scraping 4911/6851: https://www.refurbed.de/p/lenovo-thinkpad-t470s-14-i7-7600/
2026-01-11 04:07:35,207 - ERROR - Error fetching https://www.refurbed.de/p/lenovo-thinkpad-t470s-14-i7-7600/: 404 Client Error: Not Found for url: https://www.refurbed.de/p/lenovo-thinkpad-t470s-14-i7-7600/
2026-01-11 04:07:36,209 - INFO - Scraping 4912/6851: https://www.refurbed.de/p/lenovo-thinkpad-t470s-6200u-14/
2026-01-11 04:07:36,393 - ERROR - Error fetching https://www.refurbed.de/p/lenovo-thinkpad-t470s-6200u-14/: 404 Client Error: Not Found for url: https://www.refurbed.de/p/lenovo-thinkpad-t470s-6200u-14/
2026-01-11 04:07:37,395 - INFO - Scraping 4913/6851: https://www.refurbed.de/p/lenovo-thinkpad-t480-8650u/
2026-01-11 04:07:38,930 - INFO - Scraping 4914/6851: https://www.refurbed.de/p/lenovo-thinkpad-t480s-i5-8365u/
2026-01-11 04:07:40,441 - INFO - Scraping 4915/6851: https://www.refurbed.de/p/lenovo-thinkpad-t490s-8550u/
2026-01-11 04:07:42,400 - INFO - Scraping 4916/6851: https://www.refurbed.de/p/lenovo-thinkpad-t490s-8665u/
2026-01-11 04:07:43,971 - INFO - Scraping 4917/6851: https://www.refurbed.de/p/lenovo-thinkpad-t540p-4810mq/
2026-01-11 04:07:44,158 - ERROR - Error fetching https://www.refurbed.de/p/lenovo-thinkpad-t540p-4810mq/: 404 Client Error: Not Found for url: https://www.refurbed.de/p/lenovo-thinkpad-t540p-4810mq/
2026-01-11 04:07:45,160 - INFO - Scraping 4918/6851: https://www.refurbed.de/p/lenovo-thinkpad-t540p-i3-4000m/
2026-01-11 04:07:45,324 - ERROR - Error fetching https://www.refurbed.de/p/lenovo-thinkpad-t540p-i3-4000m/: 404 Client Error: Not Found for url: https://www.refurbed.de/p/lenovo-thinkpad-t540p-i3-4000m/
2026-01-11 04:07:46,327 - INFO - Scraping 4919/6851: https://www.refurbed.de/p/lenovo-thinkpad-t540p-i5-4200m/
2026-01-11 04:07:46,511 - ERROR - Error fetching https://www.refurbed.de/p/lenovo-thinkpad-t540p-i5-4200m/: 404 Client Error: Not Found for url: https://www.refurbed.de/p/lenovo-thinkpad-t540p-i5-4200m/
2026-01-11 04:07:47,513 - INFO - Scraping 4920/6851: https://www.refurbed.de/p/lenovo-thinkpad-t540p-i5-4210m/
2026-01-11 04:07:47,744 - ERROR - Error fetching https://www.refurbed.de/p/lenovo-thinkpad-t540p-i5-4210m/: 404 Client Error: Not Found for url: https://www.refurbed.de/p/lenovo-thinkpad-t540p-i5-4210m/
2026-01-11 04:07:48,746 - INFO - Scraping 4921/6851: https://www.refurbed.de/p/lenovo-thinkpad-t540p-i5-4300m-1/
2026-01-11 04:07:49,126 - ERROR - Error fetching https://www.refurbed.de/p/lenovo-thinkpad-t540p-i5-4300m-1/: 404 Client Error: Not Found for url: https://www.refurbed.de/p/lenovo-thinkpad-t540p-i5-4300m-1/
2026-01-11 04:07:50,128 - INFO - Scraping 4922/6851: https://www.refurbed.de/p/lenovo-thinkpad-t540p-i7-4600m-1/
2026-01-11 04:07:50,360 - ERROR - Error fetching https://www.refurbed.de/p/lenovo-thinkpad-t540p-i7-4600m-1/: 404 Client Error: Not Found for url: https://www.refurbed.de/p/lenovo-thinkpad-t540p-i7-4600m-1/
2026-01-11 04:07:51,362 - INFO - Scraping 4923/6851: https://www.refurbed.de/p/lenovo-thinkpad-t540p-i7-4700mq/
2026-01-11 04:07:51,754 - ERROR - Error fetching https://www.refurbed.de/p/lenovo-thinkpad-t540p-i7-4700mq/: 404 Client Error: Not Found for url: https://www.refurbed.de/p/lenovo-thinkpad-t540p-i7-4700mq/
2026-01-11 04:07:52,756 - INFO - Scraping 4924/6851: https://www.refurbed.de/p/lenovo-thinkpad-t540p-i7-4800mq-/
2026-01-11 04:07:53,686 - ERROR - Error fetching https://www.refurbed.de/p/lenovo-thinkpad-t540p-i7-4800mq-/: 404 Client Error: Not Found for url: https://www.refurbed.de/p/lenovo-thinkpad-t540p-i7-4800mq-/
2026-01-11 04:07:54,689 - INFO - Scraping 4925/6851: https://www.refurbed.de/p/lenovo-thinkpad-t550-i5-5200u-15/
2026-01-11 04:07:55,308 - ERROR - Error fetching https://www.refurbed.de/p/lenovo-thinkpad-t550-i5-5200u-15/: 404 Client Error: Not Found for url: https://www.refurbed.de/p/lenovo-thinkpad-t550-i5-5200u-15/
2026-01-11 04:07:56,310 - INFO - Scraping 4926/6851: https://www.refurbed.de/p/lenovo-thinkpad-t550-i7-5600u-15/
2026-01-11 04:07:56,593 - ERROR - Error fetching https://www.refurbed.de/p/lenovo-thinkpad-t550-i7-5600u-15/: 404 Client Error: Not Found for url: https://www.refurbed.de/p/lenovo-thinkpad-t550-i7-5600u-15/
2026-01-11 04:07:57,595 - INFO - Scraping 4927/6851: https://www.refurbed.de/p/lenovo-thinkpad-t560-i5-6300u-15/
2026-01-11 04:07:57,768 - ERROR - Error fetching https://www.refurbed.de/p/lenovo-thinkpad-t560-i5-6300u-15/: 404 Client Error: Not Found for url: https://www.refurbed.de/p/lenovo-thinkpad-t560-i5-6300u-15/
2026-01-11 04:07:58,770 - INFO - Scraping 4928/6851: https://www.refurbed.de/p/lenovo-thinkpad-t570-i5-6200u-15/
2026-01-11 04:07:58,977 - ERROR - Error fetching https://www.refurbed.de/p/lenovo-thinkpad-t570-i5-6200u-15/: 404 Client Error: Not Found for url: https://www.refurbed.de/p/lenovo-thinkpad-t570-i5-6200u-15/
2026-01-11 04:07:59,979 - INFO - Scraping 4929/6851: https://www.refurbed.de/p/lenovo-thinkpad-t570-i5-6300u-15/
2026-01-11 04:08:00,235 - ERROR - Error fetching https://www.refurbed.de/p/lenovo-thinkpad-t570-i5-6300u-15/: 404 Client Error: Not Found for url: https://www.refurbed.de/p/lenovo-thinkpad-t570-i5-6300u-15/
2026-01-11 04:08:01,237 - INFO - Scraping 4930/6851: https://www.refurbed.de/p/lenovo-thinkpad-t570-i5-7200u/
2026-01-11 04:08:01,854 - ERROR - Error fetching https://www.refurbed.de/p/lenovo-thinkpad-t570-i5-7200u/: 404 Client Error: Not Found for url: https://www.refurbed.de/p/lenovo-thinkpad-t570-i5-7200u/
2026-01-11 04:08:02,856 - INFO - Scraping 4931/6851: https://www.refurbed.de/p/lenovo-thinkpad-t570-i5-7300u/
2026-01-11 04:08:03,050 - ERROR - Error fetching https://www.refurbed.de/p/lenovo-thinkpad-t570-i5-7300u/: 404 Client Error: Not Found for url: https://www.refurbed.de/p/lenovo-thinkpad-t570-i5-7300u/
2026-01-11 04:08:04,053 - INFO - Scraping 4932/6851: https://www.refurbed.de/p/lenovo-thinkpad-t570-i7-6000u-15/
2026-01-11 04:08:04,267 - ERROR - Error fetching https://www.refurbed.de/p/lenovo-thinkpad-t570-i7-6000u-15/: 404 Client Error: Not Found for url: https://www.refurbed.de/p/lenovo-thinkpad-t570-i7-6000u-15/
2026-01-11 04:08:05,269 - INFO - Scraping 4933/6851: https://www.refurbed.de/p/lenovo-thinkpad-t570-i7-6600u-15/
2026-01-11 04:08:05,457 - ERROR - Error fetching https://www.refurbed.de/p/lenovo-thinkpad-t570-i7-6600u-15/: 404 Client Error: Not Found for url: https://www.refurbed.de/p/lenovo-thinkpad-t570-i7-6600u-15/
2026-01-11 04:08:06,458 - INFO - Scraping 4934/6851: https://www.refurbed.de/p/lenovo-thinkpad-t570-i7-7500/
2026-01-11 04:08:06,697 - ERROR - Error fetching https://www.refurbed.de/p/lenovo-thinkpad-t570-i7-7500/: 404 Client Error: Not Found for url: https://www.refurbed.de/p/lenovo-thinkpad-t570-i7-7500/
2026-01-11 04:08:07,699 - INFO - Scraping 4935/6851: https://www.refurbed.de/p/lenovo-thinkpad-tablet-dock/
2026-01-11 04:08:09,109 - INFO - Scraping 4936/6851: https://www.refurbed.de/p/lenovo-thinkpad-tb3-dock/
2026-01-11 04:08:10,499 - INFO - Scraping 4937/6851: https://www.refurbed.de/p/lenovo-thinkpad-tb3-gen2-dock/
2026-01-11 04:08:11,922 - INFO - Scraping 4938/6851: https://www.refurbed.de/p/lenovo-thinkpad-tb3-ws-gen2-dock/
2026-01-11 04:08:13,269 - INFO - Scraping 4939/6851: https://www.refurbed.de/p/lenovo-thinkpad-thunderbolt-3/
2026-01-11 04:08:14,829 - INFO - Scraping 4940/6851: https://www.refurbed.de/p/lenovo-thinkpad-universal-dock/
2026-01-11 04:08:16,711 - INFO - Scraping 4941/6851: https://www.refurbed.de/p/lenovo-thinkpad-usb-c-dock-40b5/
2026-01-11 04:08:18,081 - INFO - Scraping 4942/6851: https://www.refurbed.de/p/lenovo-thinkpad-usb-c-usb-a-40af/
2026-01-11 04:08:19,566 - INFO - Scraping 4943/6851: https://www.refurbed.de/p/lenovo-thinkpad-w540-i7-4600-15/
2026-01-11 04:08:19,731 - ERROR - Error fetching https://www.refurbed.de/p/lenovo-thinkpad-w540-i7-4600-15/: 404 Client Error: Not Found for url: https://www.refurbed.de/p/lenovo-thinkpad-w540-i7-4600-15/
2026-01-11 04:08:20,733 - INFO - Scraping 4944/6851: https://www.refurbed.de/p/lenovo-thinkpad-w540-i7-4700mq-1/
2026-01-11 04:08:20,927 - ERROR - Error fetching https://www.refurbed.de/p/lenovo-thinkpad-w540-i7-4700mq-1/: 404 Client Error: Not Found for url: https://www.refurbed.de/p/lenovo-thinkpad-w540-i7-4700mq-1/
2026-01-11 04:08:21,929 - INFO - Scraping 4945/6851: https://www.refurbed.de/p/lenovo-thinkpad-w540-i7-4710mq-1/
2026-01-11 04:08:22,087 - ERROR - Error fetching https://www.refurbed.de/p/lenovo-thinkpad-w540-i7-4710mq-1/: 404 Client Error: Not Found for url: https://www.refurbed.de/p/lenovo-thinkpad-w540-i7-4710mq-1/
2026-01-11 04:08:23,090 - INFO - Scraping 4946/6851: https://www.refurbed.de/p/lenovo-thinkpad-w540-i7-4800mq-1/
2026-01-11 04:08:23,361 - ERROR - Error fetching https://www.refurbed.de/p/lenovo-thinkpad-w540-i7-4800mq-1/: 404 Client Error: Not Found for url: https://www.refurbed.de/p/lenovo-thinkpad-w540-i7-4800mq-1/
2026-01-11 04:08:24,363 - INFO - Scraping 4947/6851: https://www.refurbed.de/p/lenovo-thinkpad-w540-i7-4810mq-1/
2026-01-11 04:08:24,552 - ERROR - Error fetching https://www.refurbed.de/p/lenovo-thinkpad-w540-i7-4810mq-1/: 404 Client Error: Not Found for url: https://www.refurbed.de/p/lenovo-thinkpad-w540-i7-4810mq-1/
2026-01-11 04:08:25,554 - INFO - Scraping 4948/6851: https://www.refurbed.de/p/lenovo-thinkpad-w540-i7-4900mq/
2026-01-11 04:08:25,717 - ERROR - Error fetching https://www.refurbed.de/p/lenovo-thinkpad-w540-i7-4900mq/: 404 Client Error: Not Found for url: https://www.refurbed.de/p/lenovo-thinkpad-w540-i7-4900mq/
2026-01-11 04:08:26,719 - INFO - Scraping 4949/6851: https://www.refurbed.de/p/lenovo-thinkpad-w540/
2026-01-11 04:08:26,906 - ERROR - Error fetching https://www.refurbed.de/p/lenovo-thinkpad-w540/: 404 Client Error: Not Found for url: https://www.refurbed.de/p/lenovo-thinkpad-w540/
2026-01-11 04:08:27,908 - INFO - Scraping 4950/6851: https://www.refurbed.de/p/lenovo-thinkpad-w541-i5-4340m/
2026-01-11 04:08:28,109 - ERROR - Error fetching https://www.refurbed.de/p/lenovo-thinkpad-w541-i5-4340m/: 404 Client Error: Not Found for url: https://www.refurbed.de/p/lenovo-thinkpad-w541-i5-4340m/
2026-01-11 04:08:29,111 - INFO - Scraping 4951/6851: https://www.refurbed.de/p/lenovo-thinkpad-w541-i7-4810mq-1/
2026-01-11 04:08:29,285 - ERROR - Error fetching https://www.refurbed.de/p/lenovo-thinkpad-w541-i7-4810mq-1/: 404 Client Error: Not Found for url: https://www.refurbed.de/p/lenovo-thinkpad-w541-i7-4810mq-1/
2026-01-11 04:08:30,288 - INFO - Scraping 4952/6851: https://www.refurbed.de/p/lenovo-thinkpad-w550s-i7-5500u/
2026-01-11 04:08:30,658 - ERROR - Error fetching https://www.refurbed.de/p/lenovo-thinkpad-w550s-i7-5500u/: 404 Client Error: Not Found for url: https://www.refurbed.de/p/lenovo-thinkpad-w550s-i7-5500u/
2026-01-11 04:08:31,660 - INFO - Scraping 4953/6851: https://www.refurbed.de/p/lenovo-thinkpad-x1-ext-g3-10750h/
2026-01-11 04:08:32,999 - INFO - Scraping 4954/6851: https://www.refurbed.de/p/lenovo-thinkpad-x1-ext-g3-10885h/
2026-01-11 04:08:34,463 - INFO - Scraping 4955/6851: https://www.refurbed.de/p/lenovo-thinkpad-x1-extreme-8400h/
2026-01-11 04:08:35,805 - INFO - Scraping 4956/6851: https://www.refurbed.de/p/lenovo-thinkpad-x1-extreme-9300h/
2026-01-11 04:08:37,479 - INFO - Scraping 4957/6851: https://www.refurbed.de/p/lenovo-thinkpad-x1-extreme-g4-i7/
2026-01-11 04:08:38,844 - INFO - Scraping 4958/6851: https://www.refurbed.de/p/lenovo-thinkpad-x1-fold-g1-l16g7/
2026-01-11 04:08:40,175 - INFO - Scraping 4959/6851: https://www.refurbed.de/p/lenovo-thinkpad-x1-tablet-g2/
2026-01-11 04:08:40,342 - ERROR - Error fetching https://www.refurbed.de/p/lenovo-thinkpad-x1-tablet-g2/: 404 Client Error: Not Found for url: https://www.refurbed.de/p/lenovo-thinkpad-x1-tablet-g2/
2026-01-11 04:08:41,344 - INFO - Scraping 4960/6851: https://www.refurbed.de/p/lenovo-thinkpad-x1-tablet/
2026-01-11 04:08:41,663 - ERROR - Error fetching https://www.refurbed.de/p/lenovo-thinkpad-x1-tablet/: 404 Client Error: Not Found for url: https://www.refurbed.de/p/lenovo-thinkpad-x1-tablet/
2026-01-11 04:08:42,665 - INFO - Scraping 4961/6851: https://www.refurbed.de/p/lenovo-thinkpad-x1-yoga-g1-6500u/
2026-01-11 04:08:42,850 - ERROR - Error fetching https://www.refurbed.de/p/lenovo-thinkpad-x1-yoga-g1-6500u/: 404 Client Error: Not Found for url: https://www.refurbed.de/p/lenovo-thinkpad-x1-yoga-g1-6500u/
2026-01-11 04:08:43,852 - INFO - Scraping 4962/6851: https://www.refurbed.de/p/lenovo-thinkpad-x13-10210u/
2026-01-11 04:08:45,300 - INFO - Scraping 4963/6851: https://www.refurbed.de/p/lenovo-thinkpad-x13-10310u/
2026-01-11 04:08:46,813 - INFO - Scraping 4964/6851: https://www.refurbed.de/p/lenovo-thinkpad-x13-g1-10210u/
2026-01-11 04:08:48,312 - INFO - Scraping 4965/6851: https://www.refurbed.de/p/lenovo-thinkpad-x13-g1-10310u/
2026-01-11 04:08:49,831 - INFO - Scraping 4966/6851: https://www.refurbed.de/p/lenovo-thinkpad-x13-g1-10510u/
2026-01-11 04:08:51,282 - INFO - Scraping 4967/6851: https://www.refurbed.de/p/lenovo-thinkpad-x13-g1-10610u/
2026-01-11 04:08:52,762 - INFO - Scraping 4968/6851: https://www.refurbed.de/p/lenovo-thinkpad-x13-g1-4450u/
2026-01-11 04:08:54,168 - INFO - Scraping 4969/6851: https://www.refurbed.de/p/lenovo-thinkpad-x13-g1-4650u/
2026-01-11 04:08:55,643 - INFO - Scraping 4970/6851: https://www.refurbed.de/p/lenovo-thinkpad-x13-g4-1345u/
2026-01-11 04:08:57,152 - INFO - Scraping 4971/6851: https://www.refurbed.de/p/lenovo-thinkpad-x13-r5-pro-4650u/
2026-01-11 04:08:58,589 - INFO - Scraping 4972/6851: https://www.refurbed.de/p/lenovo-thinkpad-x13-r7-pro-4750u/
2026-01-11 04:09:00,094 - INFO - Scraping 4973/6851: https://www.refurbed.de/p/lenovo-thinkpad-x13-yoga-10210u/
2026-01-11 04:09:01,612 - INFO - Scraping 4974/6851: https://www.refurbed.de/p/lenovo-thinkpad-x13-yoga-10310u/
2026-01-11 04:09:03,096 - INFO - Scraping 4975/6851: https://www.refurbed.de/p/lenovo-thinkpad-x13-yoga-10510u/
2026-01-11 04:09:04,735 - INFO - Scraping 4976/6851: https://www.refurbed.de/p/lenovo-thinkpad-x13-yoga-10610u/
2026-01-11 04:09:06,213 - INFO - Scraping 4977/6851: https://www.refurbed.de/p/lenovo-thinkpad-x131e-1007u/
2026-01-11 04:09:06,417 - ERROR - Error fetching https://www.refurbed.de/p/lenovo-thinkpad-x131e-1007u/: 404 Client Error: Not Found for url: https://www.refurbed.de/p/lenovo-thinkpad-x131e-1007u/
2026-01-11 04:09:07,419 - INFO - Scraping 4978/6851: https://www.refurbed.de/p/lenovo-thinkpad-x13s-g1-s-8cx-g3/
2026-01-11 04:09:08,741 - INFO - Scraping 4979/6851: https://www.refurbed.de/p/lenovo-thinkpad-x240-i3-4010u-12/
2026-01-11 04:09:09,146 - ERROR - Error fetching https://www.refurbed.de/p/lenovo-thinkpad-x240-i3-4010u-12/: 404 Client Error: Not Found for url: https://www.refurbed.de/p/lenovo-thinkpad-x240-i3-4010u-12/
2026-01-11 04:09:10,148 - INFO - Scraping 4980/6851: https://www.refurbed.de/p/lenovo-thinkpad-x240-i5-3320m-12/
2026-01-11 04:09:10,309 - ERROR - Error fetching https://www.refurbed.de/p/lenovo-thinkpad-x240-i5-3320m-12/: 404 Client Error: Not Found for url: https://www.refurbed.de/p/lenovo-thinkpad-x240-i5-3320m-12/
2026-01-11 04:09:11,311 - INFO - Scraping 4981/6851: https://www.refurbed.de/p/lenovo-thinkpad-x240-i5-4210u-12/
2026-01-11 04:09:11,502 - ERROR - Error fetching https://www.refurbed.de/p/lenovo-thinkpad-x240-i5-4210u-12/: 404 Client Error: Not Found for url: https://www.refurbed.de/p/lenovo-thinkpad-x240-i5-4210u-12/
2026-01-11 04:09:12,504 - INFO - Scraping 4982/6851: https://www.refurbed.de/p/lenovo-thinkpad-x240/
2026-01-11 04:09:12,715 - ERROR - Error fetching https://www.refurbed.de/p/lenovo-thinkpad-x240/: 404 Client Error: Not Found for url: https://www.refurbed.de/p/lenovo-thinkpad-x240/
2026-01-11 04:09:13,717 - INFO - Scraping 4983/6851: https://www.refurbed.de/p/lenovo-thinkpad-x250-5300u/
2026-01-11 04:09:13,886 - ERROR - Error fetching https://www.refurbed.de/p/lenovo-thinkpad-x250-5300u/: 404 Client Error: Not Found for url: https://www.refurbed.de/p/lenovo-thinkpad-x250-5300u/
2026-01-11 04:09:14,888 - INFO - Scraping 4984/6851: https://www.refurbed.de/p/lenovo-thinkpad-x250-i3-4030u-12/
2026-01-11 04:09:15,171 - ERROR - Error fetching https://www.refurbed.de/p/lenovo-thinkpad-x250-i3-4030u-12/: 404 Client Error: Not Found for url: https://www.refurbed.de/p/lenovo-thinkpad-x250-i3-4030u-12/
2026-01-11 04:09:16,173 - INFO - Scraping 4985/6851: https://www.refurbed.de/p/lenovo-thinkpad-x250-i3-5010u-12/
2026-01-11 04:09:16,368 - ERROR - Error fetching https://www.refurbed.de/p/lenovo-thinkpad-x250-i3-5010u-12/: 404 Client Error: Not Found for url: https://www.refurbed.de/p/lenovo-thinkpad-x250-i3-5010u-12/
2026-01-11 04:09:17,370 - INFO - Scraping 4986/6851: https://www.refurbed.de/p/lenovo-thinkpad-x250-i5-12-5/
2026-01-11 04:09:17,584 - ERROR - Error fetching https://www.refurbed.de/p/lenovo-thinkpad-x250-i5-12-5/: 404 Client Error: Not Found for url: https://www.refurbed.de/p/lenovo-thinkpad-x250-i5-12-5/
2026-01-11 04:09:18,587 - INFO - Scraping 4987/6851: https://www.refurbed.de/p/lenovo-thinkpad-x250-i5-4300m-12/
2026-01-11 04:09:18,785 - ERROR - Error fetching https://www.refurbed.de/p/lenovo-thinkpad-x250-i5-4300m-12/: 404 Client Error: Not Found for url: https://www.refurbed.de/p/lenovo-thinkpad-x250-i5-4300m-12/
2026-01-11 04:09:19,787 - INFO - Scraping 4988/6851: https://www.refurbed.de/p/lenovo-thinkpad-x250-i5-5200m-12/
2026-01-11 04:09:19,986 - ERROR - Error fetching https://www.refurbed.de/p/lenovo-thinkpad-x250-i5-5200m-12/: 404 Client Error: Not Found for url: https://www.refurbed.de/p/lenovo-thinkpad-x250-i5-5200m-12/
2026-01-11 04:09:20,989 - INFO - Scraping 4989/6851: https://www.refurbed.de/p/lenovo-thinkpad-x250-i7-4600u/
2026-01-11 04:09:21,296 - ERROR - Error fetching https://www.refurbed.de/p/lenovo-thinkpad-x250-i7-4600u/: 404 Client Error: Not Found for url: https://www.refurbed.de/p/lenovo-thinkpad-x250-i7-4600u/
2026-01-11 04:09:22,298 - INFO - Scraping 4990/6851: https://www.refurbed.de/p/lenovo-thinkpad-x260-6600u/
2026-01-11 04:09:22,813 - ERROR - Error fetching https://www.refurbed.de/p/lenovo-thinkpad-x260-6600u/: 404 Client Error: Not Found for url: https://www.refurbed.de/p/lenovo-thinkpad-x260-6600u/
2026-01-11 04:09:23,815 - INFO - Scraping 4991/6851: https://www.refurbed.de/p/lenovo-thinkpad-x270-6200u/
2026-01-11 04:09:24,105 - ERROR - Error fetching https://www.refurbed.de/p/lenovo-thinkpad-x270-6200u/: 404 Client Error: Not Found for url: https://www.refurbed.de/p/lenovo-thinkpad-x270-6200u/
2026-01-11 04:09:25,107 - INFO - Scraping 4992/6851: https://www.refurbed.de/p/lenovo-thinkpad-x270-6600u/
2026-01-11 04:09:25,291 - ERROR - Error fetching https://www.refurbed.de/p/lenovo-thinkpad-x270-6600u/: 404 Client Error: Not Found for url: https://www.refurbed.de/p/lenovo-thinkpad-x270-6600u/
2026-01-11 04:09:26,293 - INFO - Scraping 4993/6851: https://www.refurbed.de/p/lenovo-thinkpad-x270-7100/
2026-01-11 04:09:26,741 - ERROR - Error fetching https://www.refurbed.de/p/lenovo-thinkpad-x270-7100/: 404 Client Error: Not Found for url: https://www.refurbed.de/p/lenovo-thinkpad-x270-7100/
2026-01-11 04:09:27,743 - INFO - Scraping 4994/6851: https://www.refurbed.de/p/lenovo-thinkpad-x270-7100u/
2026-01-11 04:09:27,917 - ERROR - Error fetching https://www.refurbed.de/p/lenovo-thinkpad-x270-7100u/: 404 Client Error: Not Found for url: https://www.refurbed.de/p/lenovo-thinkpad-x270-7100u/
2026-01-11 04:09:28,918 - INFO - Scraping 4995/6851: https://www.refurbed.de/p/lenovo-thinkpad-x270-7200u/
2026-01-11 04:09:29,103 - ERROR - Error fetching https://www.refurbed.de/p/lenovo-thinkpad-x270-7200u/: 404 Client Error: Not Found for url: https://www.refurbed.de/p/lenovo-thinkpad-x270-7200u/
2026-01-11 04:09:30,106 - INFO - Scraping 4996/6851: https://www.refurbed.de/p/lenovo-thinkpad-x270-7300u/
2026-01-11 04:09:30,282 - ERROR - Error fetching https://www.refurbed.de/p/lenovo-thinkpad-x270-7300u/: 404 Client Error: Not Found for url: https://www.refurbed.de/p/lenovo-thinkpad-x270-7300u/
2026-01-11 04:09:31,284 - INFO - Scraping 4997/6851: https://www.refurbed.de/p/lenovo-thinkpad-x270-7500u/
2026-01-11 04:09:31,704 - ERROR - Error fetching https://www.refurbed.de/p/lenovo-thinkpad-x270-7500u/: 404 Client Error: Not Found for url: https://www.refurbed.de/p/lenovo-thinkpad-x270-7500u/
2026-01-11 04:09:32,706 - INFO - Scraping 4998/6851: https://www.refurbed.de/p/lenovo-thinkpad-x270-7600u/
2026-01-11 04:09:32,868 - ERROR - Error fetching https://www.refurbed.de/p/lenovo-thinkpad-x270-7600u/: 404 Client Error: Not Found for url: https://www.refurbed.de/p/lenovo-thinkpad-x270-7600u/
2026-01-11 04:09:33,870 - INFO - Scraping 4999/6851: https://www.refurbed.de/p/lenovo-thinkpad-x270-i3-6100u/
2026-01-11 04:09:34,068 - ERROR - Error fetching https://www.refurbed.de/p/lenovo-thinkpad-x270-i3-6100u/: 404 Client Error: Not Found for url: https://www.refurbed.de/p/lenovo-thinkpad-x270-i3-6100u/
2026-01-11 04:09:35,070 - INFO - Scraping 5000/6851: https://www.refurbed.de/p/lenovo-thinkpad-x270-i5-6300u-12/
2026-01-11 04:09:35,262 - ERROR - Error fetching https://www.refurbed.de/p/lenovo-thinkpad-x270-i5-6300u-12/: 404 Client Error: Not Found for url: https://www.refurbed.de/p/lenovo-thinkpad-x270-i5-6300u-12/
2026-01-11 04:09:36,264 - INFO - Scraping 5001/6851: https://www.refurbed.de/p/lenovo-thinkpad-x280-i3-8130u/
2026-01-11 04:09:37,576 - INFO - Scraping 5002/6851: https://www.refurbed.de/p/lenovo-thinkpad-x280-i5-7200u/
2026-01-11 04:09:38,048 - ERROR - Error fetching https://www.refurbed.de/p/lenovo-thinkpad-x280-i5-7200u/: 404 Client Error: Not Found for url: https://www.refurbed.de/p/lenovo-thinkpad-x280-i5-7200u/
2026-01-11 04:09:39,050 - INFO - Scraping 5003/6851: https://www.refurbed.de/p/lenovo-thinkpad-x280-i5-7300u/
2026-01-11 04:09:39,220 - ERROR - Error fetching https://www.refurbed.de/p/lenovo-thinkpad-x280-i5-7300u/: 404 Client Error: Not Found for url: https://www.refurbed.de/p/lenovo-thinkpad-x280-i5-7300u/
2026-01-11 04:09:40,222 - INFO - Scraping 5004/6851: https://www.refurbed.de/p/lenovo-thinkpad-x280-i5-8250u/
2026-01-11 04:09:41,671 - INFO - Scraping 5005/6851: https://www.refurbed.de/p/lenovo-thinkpad-x280-i5-8350u/
2026-01-11 04:09:43,211 - INFO - Scraping 5006/6851: https://www.refurbed.de/p/lenovo-thinkpad-x280-i7-8550u/
2026-01-11 04:09:44,550 - INFO - Scraping 5007/6851: https://www.refurbed.de/p/lenovo-thinkpad-x280-i7-8650u/
2026-01-11 04:09:46,231 - INFO - Scraping 5008/6851: https://www.refurbed.de/p/lenovo-thinkpad-x390-8565u-13-3/
2026-01-11 04:09:47,681 - INFO - Scraping 5009/6851: https://www.refurbed.de/p/lenovo-thinkpad-x395-pro-3300u/
2026-01-11 04:09:47,872 - ERROR - Error fetching https://www.refurbed.de/p/lenovo-thinkpad-x395-pro-3300u/: 404 Client Error: Not Found for url: https://www.refurbed.de/p/lenovo-thinkpad-x395-pro-3300u/
2026-01-11 04:09:48,874 - INFO - Scraping 5010/6851: https://www.refurbed.de/p/lenovo-thinkpad-x395-ryzen-5-pro/
2026-01-11 04:09:50,445 - INFO - Scraping 5011/6851: https://www.refurbed.de/p/lenovo-thinkpad-x4-ultrabase/
2026-01-11 04:09:51,766 - INFO - Scraping 5012/6851: https://www.refurbed.de/p/lenovo-thinkpad-yoga-11e-g4-i3/
2026-01-11 04:09:51,946 - ERROR - Error fetching https://www.refurbed.de/p/lenovo-thinkpad-yoga-11e-g4-i3/: 404 Client Error: Not Found for url: https://www.refurbed.de/p/lenovo-thinkpad-yoga-11e-g4-i3/
2026-01-11 04:09:52,948 - INFO - Scraping 5013/6851: https://www.refurbed.de/p/lenovo-thinkpad-yoga-11e-g5-n41/
2026-01-11 04:09:54,289 - INFO - Scraping 5014/6851: https://www.refurbed.de/p/lenovo-thinkpad-yoga-11e-m-5y10c/
2026-01-11 04:09:54,674 - ERROR - Error fetching https://www.refurbed.de/p/lenovo-thinkpad-yoga-11e-m-5y10c/: 404 Client Error: Not Found for url: https://www.refurbed.de/p/lenovo-thinkpad-yoga-11e-m-5y10c/
2026-01-11 04:09:55,676 - INFO - Scraping 5015/6851: https://www.refurbed.de/p/lenovo-thinkpad-yoga-11e-n2930/
2026-01-11 04:09:55,874 - ERROR - Error fetching https://www.refurbed.de/p/lenovo-thinkpad-yoga-11e-n2930/: 404 Client Error: Not Found for url: https://www.refurbed.de/p/lenovo-thinkpad-yoga-11e-n2930/
2026-01-11 04:09:56,876 - INFO - Scraping 5016/6851: https://www.refurbed.de/p/lenovo-thinkpad-yoga-11e-n3150/
2026-01-11 04:09:58,230 - INFO - Scraping 5017/6851: https://www.refurbed.de/p/lenovo-thinkpad-yoga-11e-n3160/
2026-01-11 04:09:58,422 - ERROR - Error fetching https://www.refurbed.de/p/lenovo-thinkpad-yoga-11e-n3160/: 404 Client Error: Not Found for url: https://www.refurbed.de/p/lenovo-thinkpad-yoga-11e-n3160/
2026-01-11 04:09:59,424 - INFO - Scraping 5018/6851: https://www.refurbed.de/p/lenovo-thinkpad-yoga-12-5300u/
2026-01-11 04:09:59,591 - ERROR - Error fetching https://www.refurbed.de/p/lenovo-thinkpad-yoga-12-5300u/: 404 Client Error: Not Found for url: https://www.refurbed.de/p/lenovo-thinkpad-yoga-12-5300u/
2026-01-11 04:10:00,593 - INFO - Scraping 5019/6851: https://www.refurbed.de/p/lenovo-thinkpad-yoga-12-i7-5500u/
2026-01-11 04:10:00,784 - ERROR - Error fetching https://www.refurbed.de/p/lenovo-thinkpad-yoga-12-i7-5500u/: 404 Client Error: Not Found for url: https://www.refurbed.de/p/lenovo-thinkpad-yoga-12-i7-5500u/
2026-01-11 04:10:01,786 - INFO - Scraping 5020/6851: https://www.refurbed.de/p/lenovo-thinkpad-yoga-260-6300u/
2026-01-11 04:10:02,006 - ERROR - Error fetching https://www.refurbed.de/p/lenovo-thinkpad-yoga-260-6300u/: 404 Client Error: Not Found for url: https://www.refurbed.de/p/lenovo-thinkpad-yoga-260-6300u/
2026-01-11 04:10:03,009 - INFO - Scraping 5021/6851: https://www.refurbed.de/p/lenovo-thinkpad-yoga-260-6600u/
2026-01-11 04:10:03,350 - ERROR - Error fetching https://www.refurbed.de/p/lenovo-thinkpad-yoga-260-6600u/: 404 Client Error: Not Found for url: https://www.refurbed.de/p/lenovo-thinkpad-yoga-260-6600u/
2026-01-11 04:10:04,352 - INFO - Scraping 5022/6851: https://www.refurbed.de/p/lenovo-thinkpad-yoga-370-i5-7300/
2026-01-11 04:10:04,524 - ERROR - Error fetching https://www.refurbed.de/p/lenovo-thinkpad-yoga-370-i5-7300/: 404 Client Error: Not Found for url: https://www.refurbed.de/p/lenovo-thinkpad-yoga-370-i5-7300/
2026-01-11 04:10:05,526 - INFO - Scraping 5023/6851: https://www.refurbed.de/p/lenovo-thinkpad-yoga-370-i7500u/
2026-01-11 04:10:05,708 - ERROR - Error fetching https://www.refurbed.de/p/lenovo-thinkpad-yoga-370-i7500u/: 404 Client Error: Not Found for url: https://www.refurbed.de/p/lenovo-thinkpad-yoga-370-i7500u/
2026-01-11 04:10:06,710 - INFO - Scraping 5024/6851: https://www.refurbed.de/p/lenovo-thinkpad-yoga-370-i7600u/
2026-01-11 04:10:06,884 - ERROR - Error fetching https://www.refurbed.de/p/lenovo-thinkpad-yoga-370-i7600u/: 404 Client Error: Not Found for url: https://www.refurbed.de/p/lenovo-thinkpad-yoga-370-i7600u/
2026-01-11 04:10:07,886 - INFO - Scraping 5025/6851: https://www.refurbed.de/p/lenovo-thinkpad-yoga-460-6300u/
2026-01-11 04:10:08,196 - ERROR - Error fetching https://www.refurbed.de/p/lenovo-thinkpad-yoga-460-6300u/: 404 Client Error: Not Found for url: https://www.refurbed.de/p/lenovo-thinkpad-yoga-460-6300u/
2026-01-11 04:10:09,198 - INFO - Scraping 5026/6851: https://www.refurbed.de/p/lenovo-thinkpad-yoga-460-6500u/
2026-01-11 04:10:09,412 - ERROR - Error fetching https://www.refurbed.de/p/lenovo-thinkpad-yoga-460-6500u/: 404 Client Error: Not Found for url: https://www.refurbed.de/p/lenovo-thinkpad-yoga-460-6500u/
2026-01-11 04:10:10,414 - INFO - Scraping 5027/6851: https://www.refurbed.de/p/lenovo-thinkpad-yoga-5200u/
2026-01-11 04:10:10,774 - ERROR - Error fetching https://www.refurbed.de/p/lenovo-thinkpad-yoga-5200u/: 404 Client Error: Not Found for url: https://www.refurbed.de/p/lenovo-thinkpad-yoga-5200u/
2026-01-11 04:10:11,776 - INFO - Scraping 5028/6851: https://www.refurbed.de/p/lenovo-tp-c13-yoga-g1-r-5-3500c/
2026-01-11 04:10:13,401 - INFO - Scraping 5029/6851: https://www.refurbed.de/p/lenovo-tp-x1-tablet-g2-7y57/
2026-01-11 04:10:13,694 - ERROR - Error fetching https://www.refurbed.de/p/lenovo-tp-x1-tablet-g2-7y57/: 404 Client Error: Not Found for url: https://www.refurbed.de/p/lenovo-tp-x1-tablet-g2-7y57/
2026-01-11 04:10:14,696 - INFO - Scraping 5030/6851: https://www.refurbed.de/p/lenovo-tp-x1-tablet-g2-i7-7y75/
2026-01-11 04:10:14,926 - ERROR - Error fetching https://www.refurbed.de/p/lenovo-tp-x1-tablet-g2-i7-7y75/: 404 Client Error: Not Found for url: https://www.refurbed.de/p/lenovo-tp-x1-tablet-g2-i7-7y75/
2026-01-11 04:10:15,929 - INFO - Scraping 5031/6851: https://www.refurbed.de/p/lenovo-tp-x1-tablet-g3-i5-8250u/
2026-01-11 04:10:17,381 - INFO - Scraping 5032/6851: https://www.refurbed.de/p/lenovo-tp-x1-tablet-g3-i5-8350u/
2026-01-11 04:10:18,706 - INFO - Scraping 5033/6851: https://www.refurbed.de/p/lenovo-tp-x1-tablet-g3-i7-8550u/
2026-01-11 04:10:20,089 - INFO - Scraping 5034/6851: https://www.refurbed.de/p/lenovo-tp-x1-tablet-g3-i7-8650u/
2026-01-11 04:10:21,648 - INFO - Scraping 5035/6851: https://www.refurbed.de/p/lenovo-tp-x1-yoga-g1-6200u/
2026-01-11 04:10:21,902 - ERROR - Error fetching https://www.refurbed.de/p/lenovo-tp-x1-yoga-g1-6200u/: 404 Client Error: Not Found for url: https://www.refurbed.de/p/lenovo-tp-x1-yoga-g1-6200u/
2026-01-11 04:10:22,904 - INFO - Scraping 5036/6851: https://www.refurbed.de/p/lenovo-tp-x1-yoga-g1-6300u/
2026-01-11 04:10:23,072 - ERROR - Error fetching https://www.refurbed.de/p/lenovo-tp-x1-yoga-g1-6300u/: 404 Client Error: Not Found for url: https://www.refurbed.de/p/lenovo-tp-x1-yoga-g1-6300u/
2026-01-11 04:10:24,074 - INFO - Scraping 5037/6851: https://www.refurbed.de/p/lenovo-tp-x1-yoga-g1-6600u/
2026-01-11 04:10:24,316 - ERROR - Error fetching https://www.refurbed.de/p/lenovo-tp-x1-yoga-g1-6600u/: 404 Client Error: Not Found for url: https://www.refurbed.de/p/lenovo-tp-x1-yoga-g1-6600u/
2026-01-11 04:10:25,318 - INFO - Scraping 5038/6851: https://www.refurbed.de/p/lenovo-tp-x1-yoga-g1-7600u/
2026-01-11 04:10:25,493 - ERROR - Error fetching https://www.refurbed.de/p/lenovo-tp-x1-yoga-g1-7600u/: 404 Client Error: Not Found for url: https://www.refurbed.de/p/lenovo-tp-x1-yoga-g1-7600u/
2026-01-11 04:10:26,495 - INFO - Scraping 5039/6851: https://www.refurbed.de/p/lenovo-tp-x1-yoga-g1-i5-1130g7/
2026-01-11 04:10:27,948 - INFO - Scraping 5040/6851: https://www.refurbed.de/p/lenovo-tp-x1-yoga-g1-i7-1160g7/
2026-01-11 04:10:29,360 - INFO - Scraping 5041/6851: https://www.refurbed.de/p/lenovo-tp-x1-yoga-g2-7200u/
2026-01-11 04:10:29,547 - ERROR - Error fetching https://www.refurbed.de/p/lenovo-tp-x1-yoga-g2-7200u/: 404 Client Error: Not Found for url: https://www.refurbed.de/p/lenovo-tp-x1-yoga-g2-7200u/
2026-01-11 04:10:30,549 - INFO - Scraping 5042/6851: https://www.refurbed.de/p/lenovo-tp-x1-yoga-g2-7300u/
2026-01-11 04:10:30,754 - ERROR - Error fetching https://www.refurbed.de/p/lenovo-tp-x1-yoga-g2-7300u/: 404 Client Error: Not Found for url: https://www.refurbed.de/p/lenovo-tp-x1-yoga-g2-7300u/
2026-01-11 04:10:31,757 - INFO - Scraping 5043/6851: https://www.refurbed.de/p/lenovo-tp-x1-yoga-g2-7500u/
2026-01-11 04:10:31,924 - ERROR - Error fetching https://www.refurbed.de/p/lenovo-tp-x1-yoga-g2-7500u/: 404 Client Error: Not Found for url: https://www.refurbed.de/p/lenovo-tp-x1-yoga-g2-7500u/
2026-01-11 04:10:32,926 - INFO - Scraping 5044/6851: https://www.refurbed.de/p/lenovo-tp-x1-yoga-g2-7600u/
2026-01-11 04:10:33,102 - ERROR - Error fetching https://www.refurbed.de/p/lenovo-tp-x1-yoga-g2-7600u/: 404 Client Error: Not Found for url: https://www.refurbed.de/p/lenovo-tp-x1-yoga-g2-7600u/
2026-01-11 04:10:34,104 - INFO - Scraping 5045/6851: https://www.refurbed.de/p/lenovo-tp-x1-yoga-g3-8250u/
2026-01-11 04:10:35,684 - INFO - Scraping 5046/6851: https://www.refurbed.de/p/lenovo-tp-x1-yoga-g3-8350u/
2026-01-11 04:10:37,180 - INFO - Scraping 5047/6851: https://www.refurbed.de/p/lenovo-tp-x1-yoga-g3-8550u/
2026-01-11 04:10:38,673 - INFO - Scraping 5048/6851: https://www.refurbed.de/p/lenovo-tp-x1-yoga-g3-8650u/
2026-01-11 04:10:40,092 - INFO - Scraping 5049/6851: https://www.refurbed.de/p/lenovo-tp-x1-yoga-g4-10210u/
2026-01-11 04:10:41,509 - INFO - Scraping 5050/6851: https://www.refurbed.de/p/lenovo-tp-x1-yoga-g4-8265u/
2026-01-11 04:10:43,042 - INFO - Scraping 5051/6851: https://www.refurbed.de/p/lenovo-tp-x1-yoga-g4-8365u/
2026-01-11 04:10:44,523 - INFO - Scraping 5052/6851: https://www.refurbed.de/p/lenovo-tp-x1-yoga-g4-8565u/
2026-01-11 04:10:45,971 - INFO - Scraping 5053/6851: https://www.refurbed.de/p/lenovo-tp-x1-yoga-g4-8665u/
2026-01-11 04:10:47,368 - INFO - Scraping 5054/6851: https://www.refurbed.de/p/lenovo-tp-x1-yoga-g4-i5-6300u/
2026-01-11 04:10:47,678 - ERROR - Error fetching https://www.refurbed.de/p/lenovo-tp-x1-yoga-g4-i5-6300u/: 404 Client Error: Not Found for url: https://www.refurbed.de/p/lenovo-tp-x1-yoga-g4-i5-6300u/
2026-01-11 04:10:48,681 - INFO - Scraping 5055/6851: https://www.refurbed.de/p/lenovo-tp-x1-yoga-g5-10210u/
2026-01-11 04:10:50,193 - INFO - Scraping 5056/6851: https://www.refurbed.de/p/lenovo-tp-x1-yoga-g5-10310u/
2026-01-11 04:10:51,731 - INFO - Scraping 5057/6851: https://www.refurbed.de/p/lenovo-tp-x1-yoga-g5-10510u-14/
2026-01-11 04:10:53,142 - INFO - Scraping 5058/6851: https://www.refurbed.de/p/lenovo-tp-x1-yoga-g5-6300u/
2026-01-11 04:10:53,310 - ERROR - Error fetching https://www.refurbed.de/p/lenovo-tp-x1-yoga-g5-6300u/: 404 Client Error: Not Found for url: https://www.refurbed.de/p/lenovo-tp-x1-yoga-g5-6300u/
2026-01-11 04:10:54,312 - INFO - Scraping 5059/6851: https://www.refurbed.de/p/lenovo-tp-x1-yoga-g5-7500u/
2026-01-11 04:10:54,485 - ERROR - Error fetching https://www.refurbed.de/p/lenovo-tp-x1-yoga-g5-7500u/: 404 Client Error: Not Found for url: https://www.refurbed.de/p/lenovo-tp-x1-yoga-g5-7500u/
2026-01-11 04:10:55,487 - INFO - Scraping 5060/6851: https://www.refurbed.de/p/lenovo-tp-x1-yoga-g5-i7-10610u/
2026-01-11 04:10:56,857 - INFO - Scraping 5061/6851: https://www.refurbed.de/p/lenovo-tp-x1-yoga-g6-8350u/
2026-01-11 04:10:58,362 - INFO - Scraping 5062/6851: https://www.refurbed.de/p/lenovo-tp-x1-yoga-g6-8650u/
2026-01-11 04:10:59,708 - INFO - Scraping 5063/6851: https://www.refurbed.de/p/lenovo-tp-x1-yoga-g6-i5-1135g7/
2026-01-11 04:11:02,402 - INFO - Scraping 5064/6851: https://www.refurbed.de/p/lenovo-tp-x1-yoga-g6-i5-1145g7/
2026-01-11 04:11:03,971 - INFO - Scraping 5065/6851: https://www.refurbed.de/p/lenovo-tp-x1-yoga-g6-i7-1165g7/
2026-01-11 04:11:05,537 - INFO - Scraping 5066/6851: https://www.refurbed.de/p/lenovo-tp-x1-yoga-g6-i7-1185g7/
2026-01-11 04:11:07,257 - INFO - Scraping 5067/6851: https://www.refurbed.de/p/lenovo-tp-x1-yoga-g7-8365u/
2026-01-11 04:11:08,630 - INFO - Scraping 5068/6851: https://www.refurbed.de/p/lenovo-tp-x1-yoga-g7-i5-1235u/
2026-01-11 04:11:09,984 - INFO - Scraping 5069/6851: https://www.refurbed.de/p/lenovo-tp-x1-yoga-g7-i5-1245u/
2026-01-11 04:11:11,563 - INFO - Scraping 5070/6851: https://www.refurbed.de/p/lenovo-tp-x1-yoga-g7-i7-1255u/
2026-01-11 04:11:13,041 - INFO - Scraping 5071/6851: https://www.refurbed.de/p/lenovo-tp-x1-yoga-g7-i7-1260p/
2026-01-11 04:11:14,597 - INFO - Scraping 5072/6851: https://www.refurbed.de/p/lenovo-tp-x1-yoga-g7-i7-1265u/
2026-01-11 04:11:16,306 - INFO - Scraping 5073/6851: https://www.refurbed.de/p/lenovo-tp-x1-yoga-g7-i7-1270p/
2026-01-11 04:11:17,762 - INFO - Scraping 5074/6851: https://www.refurbed.de/p/lenovo-tp-x1-yoga-g7-i7-1280p/
2026-01-11 04:11:19,211 - INFO - Scraping 5075/6851: https://www.refurbed.de/p/lenovo-tp-x1-yoga-g8-i5-1345u/
2026-01-11 04:11:20,835 - INFO - Scraping 5076/6851: https://www.refurbed.de/p/lenovo-tp-x1-yoga-g8-i7-1365u/
2026-01-11 04:11:22,414 - INFO - Scraping 5077/6851: https://www.refurbed.de/p/lenovo-tp-yoga-11e-g4-7200u-11-6/
2026-01-11 04:11:22,594 - ERROR - Error fetching https://www.refurbed.de/p/lenovo-tp-yoga-11e-g4-7200u-11-6/: 404 Client Error: Not Found for url: https://www.refurbed.de/p/lenovo-tp-yoga-11e-g4-7200u-11-6/
2026-01-11 04:11:23,597 - INFO - Scraping 5078/6851: https://www.refurbed.de/p/lenovo-tp-yoga-i7-5500u/
2026-01-11 04:11:23,785 - ERROR - Error fetching https://www.refurbed.de/p/lenovo-tp-yoga-i7-5500u/: 404 Client Error: Not Found for url: https://www.refurbed.de/p/lenovo-tp-yoga-i7-5500u/
2026-01-11 04:11:24,788 - INFO - Scraping 5079/6851: https://www.refurbed.de/p/lenovo-tp-yoga-x380-8250u/
2026-01-11 04:11:26,581 - INFO - Scraping 5080/6851: https://www.refurbed.de/p/lenovo-tp-yoga-x380-8350u/
2026-01-11 04:11:28,263 - INFO - Scraping 5081/6851: https://www.refurbed.de/p/lenovo-tp-yoga-x380-8650u-13-3/
2026-01-11 04:11:29,816 - INFO - Scraping 5082/6851: https://www.refurbed.de/p/lenovo-tp-yoga-x380-i7-8550u/
2026-01-11 04:11:31,333 - INFO - Scraping 5083/6851: https://www.refurbed.de/p/lenovo-tp-yoga-x390-8365u/
2026-01-11 04:11:33,108 - INFO - Scraping 5084/6851: https://www.refurbed.de/p/lenovo-tp-yoga-x390-8565u/
2026-01-11 04:11:34,520 - INFO - Scraping 5085/6851: https://www.refurbed.de/p/lenovo-tp-yoga-x390-8665u-13-3/
2026-01-11 04:11:36,023 - INFO - Scraping 5086/6851: https://www.refurbed.de/p/lenovo-tp-yoga-x390-i5-8265u/
2026-01-11 04:11:37,601 - INFO - Scraping 5087/6851: https://www.refurbed.de/p/lenovo-tp-yoga-x390-i5-8350u/
2026-01-11 04:11:39,099 - INFO - Scraping 5088/6851: https://www.refurbed.de/p/lenovo-x1-yoga-g4-i7-8650u-14/
2026-01-11 04:11:40,508 - INFO - Scraping 5089/6851: https://www.refurbed.de/p/lenovo-x13-yoga-g2-1135g7/
2026-01-11 04:11:42,129 - INFO - Scraping 5090/6851: https://www.refurbed.de/p/lenovo-x13-yoga-g2-i5-1145g7/
2026-01-11 04:11:43,652 - INFO - Scraping 5091/6851: https://www.refurbed.de/p/lenovo-x13-yoga-g2-i7-1165g7/
2026-01-11 04:11:45,098 - INFO - Scraping 5092/6851: https://www.refurbed.de/p/lenovo-x13-yoga-g3-5-pro-6650u/
2026-01-11 04:11:46,538 - INFO - Scraping 5093/6851: https://www.refurbed.de/p/lenovo-x13-yoga-g3-i5-1245u/
2026-01-11 04:11:48,012 - INFO - Scraping 5094/6851: https://www.refurbed.de/p/lenovo-x13-yoga-g3-i7-1255u/
2026-01-11 04:11:49,343 - INFO - Scraping 5095/6851: https://www.refurbed.de/p/lenovo-x13-yoga-g4-i5-1345u/
2026-01-11 04:11:50,825 - INFO - Scraping 5096/6851: https://www.refurbed.de/p/lenovo-yoga-510-14ikb-i3-7100u/
2026-01-11 04:11:51,008 - ERROR - Error fetching https://www.refurbed.de/p/lenovo-yoga-510-14ikb-i3-7100u/: 404 Client Error: Not Found for url: https://www.refurbed.de/p/lenovo-yoga-510-14ikb-i3-7100u/
2026-01-11 04:11:52,011 - INFO - Scraping 5097/6851: https://www.refurbed.de/p/lenovo-yoga-520-14ikb-7100u/
2026-01-11 04:11:52,229 - ERROR - Error fetching https://www.refurbed.de/p/lenovo-yoga-520-14ikb-7100u/: 404 Client Error: Not Found for url: https://www.refurbed.de/p/lenovo-yoga-520-14ikb-7100u/
2026-01-11 04:11:53,232 - INFO - Scraping 5098/6851: https://www.refurbed.de/p/lenovo-yoga-520-14ikb-i3-7130u/
2026-01-11 04:11:53,413 - ERROR - Error fetching https://www.refurbed.de/p/lenovo-yoga-520-14ikb-i3-7130u/: 404 Client Error: Not Found for url: https://www.refurbed.de/p/lenovo-yoga-520-14ikb-i3-7130u/
2026-01-11 04:11:54,415 - INFO - Scraping 5099/6851: https://www.refurbed.de/p/lenovo-yoga-530-14ikb-i5-8250u/
2026-01-11 04:11:55,839 - INFO - Scraping 5100/6851: https://www.refurbed.de/p/lenovo-yoga-530-2200u/
2026-01-11 04:11:56,061 - ERROR - Error fetching https://www.refurbed.de/p/lenovo-yoga-530-2200u/: 404 Client Error: Not Found for url: https://www.refurbed.de/p/lenovo-yoga-530-2200u/
2026-01-11 04:11:57,063 - INFO - Scraping 5101/6851: https://www.refurbed.de/p/lenovo-yoga-5g-8cx/
2026-01-11 04:11:58,482 - INFO - Scraping 5102/6851: https://www.refurbed.de/p/lenovo-yoga-6-55500u/
2026-01-11 04:11:59,977 - INFO - Scraping 5103/6851: https://www.refurbed.de/p/lenovo-yoga-7-14arb7-r7-6800u/
2026-01-11 04:12:01,346 - INFO - Scraping 5104/6851: https://www.refurbed.de/p/lenovo-yoga-7-14ial7-i7-1260p/
2026-01-11 04:12:02,707 - INFO - Scraping 5105/6851: https://www.refurbed.de/p/lenovo-yoga-7-15itl5-1135g7-15-6/
2026-01-11 04:12:04,048 - INFO - Scraping 5106/6851: https://www.refurbed.de/p/lenovo-yoga-7-15itl5-1165g7-15-6/
2026-01-11 04:12:05,477 - INFO - Scraping 5107/6851: https://www.refurbed.de/p/lenovo-yoga-720-13ikb-i5-7200u-1/
2026-01-11 04:12:05,668 - ERROR - Error fetching https://www.refurbed.de/p/lenovo-yoga-720-13ikb-i5-7200u-1/: 404 Client Error: Not Found for url: https://www.refurbed.de/p/lenovo-yoga-720-13ikb-i5-7200u-1/
2026-01-11 04:12:06,670 - INFO - Scraping 5108/6851: https://www.refurbed.de/p/lenovo-yoga-720-13ikb-i7-7500u-1/
2026-01-11 04:12:06,862 - ERROR - Error fetching https://www.refurbed.de/p/lenovo-yoga-720-13ikb-i7-7500u-1/: 404 Client Error: Not Found for url: https://www.refurbed.de/p/lenovo-yoga-720-13ikb-i7-7500u-1/
2026-01-11 04:12:07,864 - INFO - Scraping 5109/6851: https://www.refurbed.de/p/lenovo-yoga-730-15iwl-8565u/
2026-01-11 04:12:09,284 - INFO - Scraping 5110/6851: https://www.refurbed.de/p/lenovo-yoga-9-14itl5-1185g7/
2026-01-11 04:12:10,619 - INFO - Scraping 5111/6851: https://www.refurbed.de/p/lenovo-yoga-910-13ikb-i7-7500u/
2026-01-11 04:12:10,790 - ERROR - Error fetching https://www.refurbed.de/p/lenovo-yoga-910-13ikb-i7-7500u/: 404 Client Error: Not Found for url: https://www.refurbed.de/p/lenovo-yoga-910-13ikb-i7-7500u/
2026-01-11 04:12:11,792 - INFO - Scraping 5112/6851: https://www.refurbed.de/p/lenovo-yoga-920-13ikb-i7-8550u/
2026-01-11 04:12:13,417 - INFO - Scraping 5113/6851: https://www.refurbed.de/p/lenovo-yoga-c640-13iml-10210u/
2026-01-11 04:12:15,052 - INFO - Scraping 5114/6851: https://www.refurbed.de/p/lenovo-yoga-c940-14iil-i7-1065g7/
2026-01-11 04:12:16,446 - INFO - Scraping 5115/6851: https://www.refurbed.de/p/lenovo-yoga-slim-6-i7-1260p/
2026-01-11 04:12:17,789 - INFO - Scraping 5116/6851: https://www.refurbed.de/p/lenovo-yoga-slim-7-14apu8-7640s/
2026-01-11 04:12:19,248 - INFO - Scraping 5117/6851: https://www.refurbed.de/p/lenovo-yoga-slim-7-i5-1135/
2026-01-11 04:12:20,562 - INFO - Scraping 5118/6851: https://www.refurbed.de/p/lenovo-yoga-slim-7-pro-7-5800h/
2026-01-11 04:12:21,869 - INFO - Scraping 5119/6851: https://www.refurbed.de/p/lenovo-yoga-slim-7-ryzen-5-4600/
2026-01-11 04:12:23,241 - INFO - Scraping 5120/6851: https://www.refurbed.de/p/lenovo-yoga-slim-9-1165g7/
2026-01-11 04:12:24,547 - INFO - Scraping 5121/6851: https://www.refurbed.de/p/lenovo-yoga-smart-tab/
2026-01-11 04:12:26,010 - INFO - Scraping 5122/6851: https://www.refurbed.de/p/lenovo-yoga-tab-13-yt-k606f/
2026-01-11 04:12:27,478 - INFO - Scraping 5123/6851: https://www.refurbed.de/p/lenovo-yoga-tab-2-pro/
2026-01-11 04:12:28,899 - INFO - Scraping 5124/6851: https://www.refurbed.de/p/lenovo-yoga-tab-3-plus-10/
2026-01-11 04:12:30,240 - INFO - Scraping 5125/6851: https://www.refurbed.de/p/lenovo-yoga-tab2-10/
2026-01-11 04:12:31,574 - INFO - Scraping 5126/6851: https://www.refurbed.de/p/lenovo-yoga-tab3-10/
2026-01-11 04:12:32,959 - INFO - Scraping 5127/6851: https://www.refurbed.de/p/lg-22bk55wy-w/
2026-01-11 04:12:34,364 - INFO - Scraping 5128/6851: https://www.refurbed.de/p/lg-22eb23py-w-22/
2026-01-11 04:12:35,742 - INFO - Scraping 5129/6851: https://www.refurbed.de/p/lg-22mb35pu/
2026-01-11 04:12:37,188 - INFO - Scraping 5130/6851: https://www.refurbed.de/p/lg-22mb65pm-b/
2026-01-11 04:12:38,687 - INFO - Scraping 5131/6851: https://www.refurbed.de/p/lg-22mb65pm-w-22/
2026-01-11 04:12:40,030 - INFO - Scraping 5132/6851: https://www.refurbed.de/p/lg-22mb65py-b-22/
2026-01-11 04:12:41,367 - INFO - Scraping 5133/6851: https://www.refurbed.de/p/lg-23mb35pm-b/
2026-01-11 04:12:42,732 - INFO - Scraping 5134/6851: https://www.refurbed.de/p/lg-23mb35py-b/
2026-01-11 04:12:44,146 - INFO - Scraping 5135/6851: https://www.refurbed.de/p/lg-24bk450h-b/
2026-01-11 04:12:45,469 - INFO - Scraping 5136/6851: https://www.refurbed.de/p/lg-24bk550y-b-23-8/
2026-01-11 04:12:46,904 - INFO - Scraping 5137/6851: https://www.refurbed.de/p/lg-24bk550y-i-23-8/
2026-01-11 04:12:48,484 - INFO - Scraping 5138/6851: https://www.refurbed.de/p/lg-24bk550y-w-23-8/
2026-01-11 04:12:49,910 - INFO - Scraping 5139/6851: https://www.refurbed.de/p/lg-24bk750y-b/
2026-01-11 04:12:51,322 - INFO - Scraping 5140/6851: https://www.refurbed.de/p/lg-24eb23/
2026-01-11 04:12:52,737 - INFO - Scraping 5141/6851: https://www.refurbed.de/p/lg-24eb23pm-w/
2026-01-11 04:12:54,107 - INFO - Scraping 5142/6851: https://www.refurbed.de/p/lg-24mb35ph-b/
2026-01-11 04:12:55,624 - INFO - Scraping 5143/6851: https://www.refurbed.de/p/lg-24mb35pm/
2026-01-11 04:12:56,989 - INFO - Scraping 5144/6851: https://www.refurbed.de/p/lg-24mb35py-b-23-8/
2026-01-11 04:12:58,650 - INFO - Scraping 5145/6851: https://www.refurbed.de/p/lg-24mb37pm/
2026-01-11 04:13:00,194 - INFO - Scraping 5146/6851: https://www.refurbed.de/p/lg-24mb56hq-b-23-8/
2026-01-11 04:13:01,547 - INFO - Scraping 5147/6851: https://www.refurbed.de/p/lg-24mb56hq-t-23-8/
2026-01-11 04:13:02,884 - INFO - Scraping 5148/6851: https://www.refurbed.de/p/lg-24mb65pm-b-24/
2026-01-11 04:13:04,452 - INFO - Scraping 5149/6851: https://www.refurbed.de/p/lg-24mb65pm-i-24/
2026-01-11 04:13:05,962 - INFO - Scraping 5150/6851: https://www.refurbed.de/p/lg-24mb65py/
2026-01-11 04:13:07,281 - INFO - Scraping 5151/6851: https://www.refurbed.de/p/lg-24mk430h-b/
2026-01-11 04:13:08,601 - INFO - Scraping 5152/6851: https://www.refurbed.de/p/lg-24mp400-b-23-8/
2026-01-11 04:13:09,969 - INFO - Scraping 5153/6851: https://www.refurbed.de/p/lg-24mp60g-b-23-8/
2026-01-11 04:13:11,364 - INFO - Scraping 5154/6851: https://www.refurbed.de/p/lg-27bk550y-w-27/
2026-01-11 04:13:12,733 - INFO - Scraping 5155/6851: https://www.refurbed.de/p/lg-27mb65py-b/
2026-01-11 04:13:14,657 - INFO - Scraping 5156/6851: https://www.refurbed.de/p/lg-27mb65py-w-27/
2026-01-11 04:13:16,027 - INFO - Scraping 5157/6851: https://www.refurbed.de/p/lg-27mp59g-p/
2026-01-11 04:13:17,357 - INFO - Scraping 5158/6851: https://www.refurbed.de/p/lg-27uk670-27/
2026-01-11 04:13:18,699 - INFO - Scraping 5159/6851: https://www.refurbed.de/p/lg-27ul500-w/
2026-01-11 04:13:20,076 - INFO - Scraping 5160/6851: https://www.refurbed.de/p/lg-27ul850-w-27/
2026-01-11 04:13:21,379 - INFO - Scraping 5161/6851: https://www.refurbed.de/p/lg-27up850-w-27/
2026-01-11 04:13:22,710 - INFO - Scraping 5162/6851: https://www.refurbed.de/p/lg-32ud99-w-31-5/
2026-01-11 04:13:24,052 - INFO - Scraping 5163/6851: https://www.refurbed.de/p/lg-34ub67-b-34/
2026-01-11 04:13:25,481 - INFO - Scraping 5164/6851: https://www.refurbed.de/p/lg-34uc88-b-34/
2026-01-11 04:13:26,874 - INFO - Scraping 5165/6851: https://www.refurbed.de/p/lg-34uc97-s-34/
2026-01-11 04:13:28,526 - INFO - Scraping 5166/6851: https://www.refurbed.de/p/lg-34um69g-b-34/
2026-01-11 04:13:29,863 - INFO - Scraping 5167/6851: https://www.refurbed.de/p/lg-43uq75009lf/
2026-01-11 04:13:31,368 - INFO - Scraping 5168/6851: https://www.refurbed.de/p/lg-43ur74006lb/
2026-01-11 04:13:32,712 - INFO - Scraping 5169/6851: https://www.refurbed.de/p/lg-49ub830v-49/
2026-01-11 04:13:34,113 - INFO - Scraping 5170/6851: https://www.refurbed.de/p/lg-50uq75009lf/
2026-01-11 04:13:35,432 - INFO - Scraping 5171/6851: https://www.refurbed.de/p/lg-55ea9709/
2026-01-11 04:13:36,780 - INFO - Scraping 5172/6851: https://www.refurbed.de/p/lg-55nano759pa/
2026-01-11 04:13:38,108 - INFO - Scraping 5173/6851: https://www.refurbed.de/p/lg-55nano867na-55/
2026-01-11 04:13:39,455 - INFO - Scraping 5174/6851: https://www.refurbed.de/p/lg-65uk6470plc-55/
2026-01-11 04:13:40,864 - INFO - Scraping 5175/6851: https://www.refurbed.de/p/lg-75nano999na-75/
2026-01-11 04:13:42,286 - INFO - Scraping 5176/6851: https://www.refurbed.de/p/lg-75up80009la-75/
2026-01-11 04:13:43,926 - INFO - Scraping 5177/6851: https://www.refurbed.de/p/lg-cinebeam-hu915qe/
2026-01-11 04:13:45,374 - INFO - Scraping 5178/6851: https://www.refurbed.de/p/lg-cinebeam-led-full-hd-hf60lsr/
2026-01-11 04:13:46,698 - INFO - Scraping 5179/6851: https://www.refurbed.de/p/lg-cinebeam-q/
2026-01-11 04:13:48,100 - INFO - Scraping 5180/6851: https://www.refurbed.de/p/lg-db325txs/
2026-01-11 04:13:49,497 - INFO - Scraping 5181/6851: https://www.refurbed.de/p/lg-db365txs/
2026-01-11 04:13:50,834 - INFO - Scraping 5182/6851: https://www.refurbed.de/p/lg-ds60tr-soundbar/
2026-01-11 04:13:52,144 - INFO - Scraping 5183/6851: https://www.refurbed.de/p/lg-ds80qy-soundbar/
2026-01-11 04:13:53,470 - INFO - Scraping 5184/6851: https://www.refurbed.de/p/lg-ds80tr-soundbar/
2026-01-11 04:13:54,779 - INFO - Scraping 5185/6851: https://www.refurbed.de/p/lg-ds95qr-soundbar/
2026-01-11 04:13:56,244 - INFO - Scraping 5186/6851: https://www.refurbed.de/p/lg-ds95tr-soundbar/
2026-01-11 04:13:57,670 - INFO - Scraping 5187/6851: https://www.refurbed.de/p/lg-dsg10ty-soundbar/
2026-01-11 04:13:59,029 - INFO - Scraping 5188/6851: https://www.refurbed.de/p/lg-f4r3010nswb/
2026-01-11 04:14:00,355 - INFO - Scraping 5189/6851: https://www.refurbed.de/p/lg-f4r3011nswb/
2026-01-11 04:14:01,676 - INFO - Scraping 5190/6851: https://www.refurbed.de/p/lg-f4r3710nsww/
2026-01-11 04:14:03,071 - INFO - Scraping 5191/6851: https://www.refurbed.de/p/lg-f4r5011tsww/
2026-01-11 04:14:04,400 - INFO - Scraping 5192/6851: https://www.refurbed.de/p/lg-f4r9009tpwc/
2026-01-11 04:14:05,788 - INFO - Scraping 5193/6851: https://www.refurbed.de/p/lg-f4wm309sae/
2026-01-11 04:14:07,097 - INFO - Scraping 5194/6851: https://www.refurbed.de/p/lg-f4wv309s4e/
2026-01-11 04:14:08,507 - INFO - Scraping 5195/6851: https://www.refurbed.de/p/lg-flatron-23mb35ph-b-23/
2026-01-11 04:14:09,872 - INFO - Scraping 5196/6851: https://www.refurbed.de/p/lg-flatron-24eb23pm-b-24/
2026-01-11 04:14:11,573 - INFO - Scraping 5197/6851: https://www.refurbed.de/p/lg-flatron-24mb65pm-24/
2026-01-11 04:14:12,994 - INFO - Scraping 5198/6851: https://www.refurbed.de/p/lg-flatron-e2210pm-sn-22/
2026-01-11 04:14:14,467 - INFO - Scraping 5199/6851: https://www.refurbed.de/p/lg-flatron-e2411pu-bn/
2026-01-11 04:14:15,968 - INFO - Scraping 5200/6851: https://www.refurbed.de/p/lg-flatron-e2422py-bn/
2026-01-11 04:14:17,498 - INFO - Scraping 5201/6851: https://www.refurbed.de/p/lg-flatron-ips231p-23/
2026-01-11 04:14:19,068 - INFO - Scraping 5202/6851: https://www.refurbed.de/p/lg-flatron-ips234v-23/
2026-01-11 04:14:20,394 - INFO - Scraping 5203/6851: https://www.refurbed.de/p/lg-flatron-l1942s-bf/
2026-01-11 04:14:21,715 - INFO - Scraping 5204/6851: https://www.refurbed.de/p/lg-flatron-l226wtq-sf-22/
2026-01-11 04:14:23,063 - INFO - Scraping 5205/6851: https://www.refurbed.de/p/lg-flatron-w2242pm-22/
2026-01-11 04:14:24,451 - INFO - Scraping 5206/6851: https://www.refurbed.de/p/lg-flatron-w2442pa-bf-24/
2026-01-11 04:14:26,087 - INFO - Scraping 5207/6851: https://www.refurbed.de/p/lg-flatronw2442pe-sf-24/
2026-01-11 04:14:27,437 - INFO - Scraping 5208/6851: https://www.refurbed.de/p/lg-gbb62pzjmn/
2026-01-11 04:14:28,790 - INFO - Scraping 5209/6851: https://www.refurbed.de/p/lg-gbb72nsvcn1/
2026-01-11 04:14:30,136 - INFO - Scraping 5210/6851: https://www.refurbed.de/p/lg-gbb72pzugn-apzqeur/
2026-01-11 04:14:31,490 - INFO - Scraping 5211/6851: https://www.refurbed.de/p/lg-gbp62pznbc/
2026-01-11 04:14:32,824 - INFO - Scraping 5212/6851: https://www.refurbed.de/p/lg-gmj916nshv-side-by-side/
2026-01-11 04:14:34,174 - INFO - Scraping 5213/6851: https://www.refurbed.de/p/lg-gram-14-1035g7/
2026-01-11 04:14:35,528 - INFO - Scraping 5214/6851: https://www.refurbed.de/p/lg-gram-16-i7-1165g7-2021/
2026-01-11 04:14:36,849 - INFO - Scraping 5215/6851: https://www.refurbed.de/p/lg-gram-16-view/
2026-01-11 04:14:38,223 - INFO - Scraping 5216/6851: https://www.refurbed.de/p/lg-gram-17-2021-1135g7/
2026-01-11 04:14:38,387 - ERROR - Error fetching https://www.refurbed.de/p/lg-gram-17-2021-1135g7/: 404 Client Error: Not Found for url: https://www.refurbed.de/p/lg-gram-17-2021-1135g7/
2026-01-11 04:14:39,390 - INFO - Scraping 5217/6851: https://www.refurbed.de/p/lg-gram-17-2023-5-125h/
2026-01-11 04:14:40,710 - INFO - Scraping 5218/6851: https://www.refurbed.de/p/lg-gram-17-2023-i7-1360p/
2026-01-11 04:14:42,049 - INFO - Scraping 5219/6851: https://www.refurbed.de/p/lg-gram-17-2024-core-ultra-7/
2026-01-11 04:14:43,633 - INFO - Scraping 5220/6851: https://www.refurbed.de/p/lg-gram-pro-16-2-in-1-7-155h/
2026-01-11 04:14:44,971 - INFO - Scraping 5221/6851: https://www.refurbed.de/p/lg-gram-pro-16-2024-7-155h/
2026-01-11 04:14:46,499 - INFO - Scraping 5222/6851: https://www.refurbed.de/p/lg-gram-pro-17-2024-7-155h/
2026-01-11 04:14:47,858 - INFO - Scraping 5223/6851: https://www.refurbed.de/p/lg-gram-style-16-2023-i7-1360/
2026-01-11 04:14:49,163 - INFO - Scraping 5224/6851: https://www.refurbed.de/p/lg-gram-superslim-i7-1360p/
2026-01-11 04:14:50,531 - INFO - Scraping 5225/6851: https://www.refurbed.de/p/lg-gsl461icez-side-by-side/
2026-01-11 04:14:51,863 - INFO - Scraping 5226/6851: https://www.refurbed.de/p/lg-hbs-900/
2026-01-11 04:14:53,228 - INFO - Scraping 5227/6851: https://www.refurbed.de/p/lg-mh6565cpb/
2026-01-11 04:14:54,565 - INFO - Scraping 5228/6851: https://www.refurbed.de/p/lg-ms2042d/
2026-01-11 04:14:55,941 - INFO - Scraping 5229/6851: https://www.refurbed.de/p/lg-ms2595cis/
2026-01-11 04:14:57,309 - INFO - Scraping 5230/6851: https://www.refurbed.de/p/lg-nano86-55/
2026-01-11 04:14:58,811 - INFO - Scraping 5231/6851: https://www.refurbed.de/p/lg-oled55b23la/
2026-01-11 04:15:00,186 - INFO - Scraping 5232/6851: https://www.refurbed.de/p/lg-qp5-soundbar/
2026-01-11 04:15:01,577 - INFO - Scraping 5233/6851: https://www.refurbed.de/p/lg-sc9s-soundbar/
2026-01-11 04:15:03,046 - INFO - Scraping 5234/6851: https://www.refurbed.de/p/lg-signature-oled77w7v/
2026-01-11 04:15:04,572 - INFO - Scraping 5235/6851: https://www.refurbed.de/p/lg-sk5-soundbar/
2026-01-11 04:15:05,953 - INFO - Scraping 5236/6851: https://www.refurbed.de/p/lg-sn8yg-soundbar/
2026-01-11 04:15:07,405 - INFO - Scraping 5237/6851: https://www.refurbed.de/p/lg-sp7-soundbar/
2026-01-11 04:15:09,226 - INFO - Scraping 5238/6851: https://www.refurbed.de/p/lg-sp9ya-soundbar/
2026-01-11 04:15:12,560 - INFO - Scraping 5239/6851: https://www.refurbed.de/p/lg-styler-s3rerb/
2026-01-11 04:15:14,866 - INFO - Scraping 5240/6851: https://www.refurbed.de/p/lg-thinq-wk7/
2026-01-11 04:15:18,190 - INFO - Scraping 5241/6851: https://www.refurbed.de/p/lg-tone-free-dt90q/
2026-01-11 04:15:26,251 - INFO - Scraping 5242/6851: https://www.refurbed.de/p/lg-tone-free-fit/
2026-01-11 04:15:28,744 - INFO - Scraping 5243/6851: https://www.refurbed.de/p/lg-tone-free-fp9/
2026-01-11 04:15:30,269 - INFO - Scraping 5244/6851: https://www.refurbed.de/p/lg-tone-free-fp9w/
2026-01-11 04:15:31,768 - INFO - Scraping 5245/6851: https://www.refurbed.de/p/lg-tone-free-hbs-f110/
2026-01-11 04:15:33,190 - INFO - Scraping 5246/6851: https://www.refurbed.de/p/lg-tone-free-t90s/
2026-01-11 04:15:34,503 - INFO - Scraping 5247/6851: https://www.refurbed.de/p/lg-tone-infinim/
2026-01-11 04:15:36,094 - INFO - Scraping 5248/6851: https://www.refurbed.de/p/lg-tone-pro-hbs-780/
2026-01-11 04:15:37,456 - INFO - Scraping 5249/6851: https://www.refurbed.de/p/lg-tone-ultra-hbs-800/
2026-01-11 04:15:38,813 - INFO - Scraping 5250/6851: https://www.refurbed.de/p/lg-ultrawide-34bn670-b/
2026-01-11 04:15:40,147 - INFO - Scraping 5251/6851: https://www.refurbed.de/p/lg-ultrawide-34wl85c-b/
2026-01-11 04:15:41,591 - INFO - Scraping 5252/6851: https://www.refurbed.de/p/lg-ultrawide-34wn780-b-34/
2026-01-11 04:15:43,351 - INFO - Scraping 5253/6851: https://www.refurbed.de/p/lg-ultrawide-34wn80c-b/
2026-01-11 04:15:44,702 - INFO - Scraping 5254/6851: https://www.refurbed.de/p/lg-ultrawide-38bq85c-w/
2026-01-11 04:15:46,104 - INFO - Scraping 5255/6851: https://www.refurbed.de/p/lg-ultrawide-38wk95c-w/
2026-01-11 04:15:47,480 - INFO - Scraping 5256/6851: https://www.refurbed.de/p/lg-ultrawide-49wl95c-w/
2026-01-11 04:15:48,935 - INFO - Scraping 5257/6851: https://www.refurbed.de/p/lg-up970/
2026-01-11 04:15:50,309 - INFO - Scraping 5258/6851: https://www.refurbed.de/p/lg-w2242pk-22/
2026-01-11 04:15:51,765 - INFO - Scraping 5259/6851: https://www.refurbed.de/p/lg-w2242t-df-22/
2026-01-11 04:15:53,133 - INFO - Scraping 5260/6851: https://www.refurbed.de/p/lg-xboom-go-dxgq5/
2026-01-11 04:15:54,437 - INFO - Scraping 5261/6851: https://www.refurbed.de/p/lg-xboom-go-dxgq7/
2026-01-11 04:15:55,809 - INFO - Scraping 5262/6851: https://www.refurbed.de/p/lg-xboom-go-xg9/
2026-01-11 04:15:57,288 - INFO - Scraping 5263/6851: https://www.refurbed.de/p/lg-xboom-ol100/
2026-01-11 04:15:58,728 - INFO - Scraping 5264/6851: https://www.refurbed.de/p/lg-xboom-rn5/
2026-01-11 04:16:00,074 - INFO - Scraping 5265/6851: https://www.refurbed.de/p/lg-xboom-xl7s/
2026-01-11 04:16:01,614 - INFO - Scraping 5266/6851: https://www.refurbed.de/p/lnv-ideapad-miix-700-12isk-m7/
2026-01-11 04:16:01,784 - ERROR - Error fetching https://www.refurbed.de/p/lnv-ideapad-miix-700-12isk-m7/: 404 Client Error: Not Found for url: https://www.refurbed.de/p/lnv-ideapad-miix-700-12isk-m7/
2026-01-11 04:16:02,786 - INFO - Scraping 5267/6851: https://www.refurbed.de/p/lnv-ideapad-miix-700-12isk/
2026-01-11 04:16:02,970 - ERROR - Error fetching https://www.refurbed.de/p/lnv-ideapad-miix-700-12isk/: 404 Client Error: Not Found for url: https://www.refurbed.de/p/lnv-ideapad-miix-700-12isk/
2026-01-11 04:16:03,972 - INFO - Scraping 5268/6851: https://www.refurbed.de/p/logitech-combo-touch-ipad-11/
2026-01-11 04:16:05,442 - INFO - Scraping 5269/6851: https://www.refurbed.de/p/logitech-combo-touch-ipad-12-9/
2026-01-11 04:16:07,068 - INFO - Scraping 5270/6851: https://www.refurbed.de/p/logitech-combo-touch-ipad-13/
2026-01-11 04:16:08,435 - INFO - Scraping 5271/6851: https://www.refurbed.de/p/logitech-combo-touch-ipad-air-11/
2026-01-11 04:16:09,841 - INFO - Scraping 5272/6851: https://www.refurbed.de/p/logitech-combo-touch-ipad-air-13/
2026-01-11 04:16:11,214 - INFO - Scraping 5273/6851: https://www.refurbed.de/p/logitech-combo-touch-ipad-air-4/
2026-01-11 04:16:12,559 - INFO - Scraping 5274/6851: https://www.refurbed.de/p/logitech-ultrathin-galaxy-tab-3/
2026-01-11 04:16:13,887 - INFO - Scraping 5275/6851: https://www.refurbed.de/p/logitech-ultrathin-ipad-air/
2026-01-11 04:16:15,734 - INFO - Scraping 5276/6851: https://www.refurbed.de/p/macbook-air-2014-11-i7/
2026-01-11 04:16:17,233 - INFO - Scraping 5277/6851: https://www.refurbed.de/p/macbook-pro-2019-133-tb/
2026-01-11 04:16:18,819 - INFO - Scraping 5278/6851: https://www.refurbed.de/p/macbook-pro-2019-154-tb/
2026-01-11 04:16:20,367 - INFO - Scraping 5279/6851: https://www.refurbed.de/p/magewll-capture-hdmi-plus/
2026-01-11 04:16:21,762 - INFO - Scraping 5280/6851: https://www.refurbed.de/p/marshall-monitor-ii-a-n-c/
2026-01-11 04:16:23,097 - INFO - Scraping 5281/6851: https://www.refurbed.de/p/medion-lifetab-e6912-7/
2026-01-11 04:16:24,425 - INFO - Scraping 5282/6851: https://www.refurbed.de/p/microsoft-display-dock-hd-500/
2026-01-11 04:16:25,800 - INFO - Scraping 5283/6851: https://www.refurbed.de/p/microsoft-surface-book-1/
2026-01-11 04:16:25,972 - ERROR - Error fetching https://www.refurbed.de/p/microsoft-surface-book-1/: 404 Client Error: Not Found for url: https://www.refurbed.de/p/microsoft-surface-book-1/
2026-01-11 04:16:26,974 - INFO - Scraping 5284/6851: https://www.refurbed.de/p/microsoft-surface-book-2-13/
2026-01-11 04:16:28,355 - INFO - Scraping 5285/6851: https://www.refurbed.de/p/microsoft-surface-book-2-15/
2026-01-11 04:16:29,769 - INFO - Scraping 5286/6851: https://www.refurbed.de/p/microsoft-surface-book-3-13-5/
2026-01-11 04:16:31,219 - INFO - Scraping 5287/6851: https://www.refurbed.de/p/microsoft-surface-book-3-15/
2026-01-11 04:16:32,811 - INFO - Scraping 5288/6851: https://www.refurbed.de/p/microsoft-surface-go-10/
2026-01-11 04:16:33,056 - ERROR - Error fetching https://www.refurbed.de/p/microsoft-surface-go-10/: 404 Client Error: Not Found for url: https://www.refurbed.de/p/microsoft-surface-go-10/
2026-01-11 04:16:34,059 - INFO - Scraping 5289/6851: https://www.refurbed.de/p/microsoft-surface-go-2-10-5/
2026-01-11 04:16:34,224 - ERROR - Error fetching https://www.refurbed.de/p/microsoft-surface-go-2-10-5/: 404 Client Error: Not Found for url: https://www.refurbed.de/p/microsoft-surface-go-2-10-5/
2026-01-11 04:16:35,225 - INFO - Scraping 5290/6851: https://www.refurbed.de/p/microsoft-surface-go-2-4425y/
2026-01-11 04:16:36,557 - INFO - Scraping 5291/6851: https://www.refurbed.de/p/microsoft-surface-go-2-i5-1135g7/
2026-01-11 04:16:38,076 - INFO - Scraping 5292/6851: https://www.refurbed.de/p/microsoft-surface-go-2-m3-8100y/
2026-01-11 04:16:39,549 - INFO - Scraping 5293/6851: https://www.refurbed.de/p/microsoft-surface-go-2-type-cov/
2026-01-11 04:16:40,888 - INFO - Scraping 5294/6851: https://www.refurbed.de/p/microsoft-surface-go-3-6500y/
2026-01-11 04:16:42,476 - INFO - Scraping 5295/6851: https://www.refurbed.de/p/microsoft-surface-go-3-i3-10100y/
2026-01-11 04:16:44,041 - INFO - Scraping 5296/6851: https://www.refurbed.de/p/microsoft-surface-go-3-i5-1235u/
2026-01-11 04:16:45,482 - INFO - Scraping 5297/6851: https://www.refurbed.de/p/microsoft-surface-go-i51035g1/
2026-01-11 04:16:46,912 - INFO - Scraping 5298/6851: https://www.refurbed.de/p/microsoft-surface-go-sig-keyb/
2026-01-11 04:16:48,387 - INFO - Scraping 5299/6851: https://www.refurbed.de/p/microsoft-surface-go-type-cov/
2026-01-11 04:16:49,760 - INFO - Scraping 5300/6851: https://www.refurbed.de/p/microsoft-surface-laptop-57200u/
2026-01-11 04:16:49,940 - ERROR - Error fetching https://www.refurbed.de/p/microsoft-surface-laptop-57200u/: 404 Client Error: Not Found for url: https://www.refurbed.de/p/microsoft-surface-laptop-57200u/
2026-01-11 04:16:50,942 - INFO - Scraping 5301/6851: https://www.refurbed.de/p/microsoft-surface-laptop-7300u/
2026-01-11 04:16:51,107 - ERROR - Error fetching https://www.refurbed.de/p/microsoft-surface-laptop-7300u/: 404 Client Error: Not Found for url: https://www.refurbed.de/p/microsoft-surface-laptop-7300u/
2026-01-11 04:16:52,109 - INFO - Scraping 5302/6851: https://www.refurbed.de/p/microsoft-surface-laptop-7660u/
2026-01-11 04:16:52,276 - ERROR - Error fetching https://www.refurbed.de/p/microsoft-surface-laptop-7660u/: 404 Client Error: Not Found for url: https://www.refurbed.de/p/microsoft-surface-laptop-7660u/
2026-01-11 04:16:53,278 - INFO - Scraping 5303/6851: https://www.refurbed.de/p/microsoft-surface-laptop-8350u/
2026-01-11 04:16:54,719 - INFO - Scraping 5304/6851: https://www.refurbed.de/p/microsoft-surface-laptop-m37y30/
2026-01-11 04:16:54,950 - ERROR - Error fetching https://www.refurbed.de/p/microsoft-surface-laptop-m37y30/: 404 Client Error: Not Found for url: https://www.refurbed.de/p/microsoft-surface-laptop-m37y30/
2026-01-11 04:16:55,952 - INFO - Scraping 5305/6851: https://www.refurbed.de/p/microsoft-surface-pro-1-i53317u/
2026-01-11 04:16:56,158 - ERROR - Error fetching https://www.refurbed.de/p/microsoft-surface-pro-1-i53317u/: 404 Client Error: Not Found for url: https://www.refurbed.de/p/microsoft-surface-pro-1-i53317u/
2026-01-11 04:16:57,160 - INFO - Scraping 5306/6851: https://www.refurbed.de/p/microsoft-surface-pro-10-5-135u/
2026-01-11 04:16:58,475 - INFO - Scraping 5307/6851: https://www.refurbed.de/p/microsoft-surface-pro-10-7-165u/
2026-01-11 04:16:59,875 - INFO - Scraping 5308/6851: https://www.refurbed.de/p/microsoft-surface-pro-1664-dock/
2026-01-11 04:17:01,323 - INFO - Scraping 5309/6851: https://www.refurbed.de/p/microsoft-surface-pro-2-i5-4200u/
2026-01-11 04:17:01,554 - ERROR - Error fetching https://www.refurbed.de/p/microsoft-surface-pro-2-i5-4200u/: 404 Client Error: Not Found for url: https://www.refurbed.de/p/microsoft-surface-pro-2-i5-4200u/
2026-01-11 04:17:02,556 - INFO - Scraping 5310/6851: https://www.refurbed.de/p/microsoft-surface-pro-2-i5-4300u/
2026-01-11 04:17:03,344 - ERROR - Error fetching https://www.refurbed.de/p/microsoft-surface-pro-2-i5-4300u/: 404 Client Error: Not Found for url: https://www.refurbed.de/p/microsoft-surface-pro-2-i5-4300u/
2026-01-11 04:17:04,346 - INFO - Scraping 5311/6851: https://www.refurbed.de/p/microsoft-surface-pro-2017-i5-73/
2026-01-11 04:17:04,623 - ERROR - Error fetching https://www.refurbed.de/p/microsoft-surface-pro-2017-i5-73/: 404 Client Error: Not Found for url: https://www.refurbed.de/p/microsoft-surface-pro-2017-i5-73/
2026-01-11 04:17:05,625 - INFO - Scraping 5312/6851: https://www.refurbed.de/p/microsoft-surface-pro-2017-i7-12/
2026-01-11 04:17:05,895 - ERROR - Error fetching https://www.refurbed.de/p/microsoft-surface-pro-2017-i7-12/: 404 Client Error: Not Found for url: https://www.refurbed.de/p/microsoft-surface-pro-2017-i7-12/
2026-01-11 04:17:06,897 - INFO - Scraping 5313/6851: https://www.refurbed.de/p/microsoft-surface-pro-2017-m3-7y/
2026-01-11 04:17:07,083 - ERROR - Error fetching https://www.refurbed.de/p/microsoft-surface-pro-2017-m3-7y/: 404 Client Error: Not Found for url: https://www.refurbed.de/p/microsoft-surface-pro-2017-m3-7y/
2026-01-11 04:17:08,085 - INFO - Scraping 5314/6851: https://www.refurbed.de/p/microsoft-surface-pro-3-12/
2026-01-11 04:17:08,465 - ERROR - Error fetching https://www.refurbed.de/p/microsoft-surface-pro-3-12/: 404 Client Error: Not Found for url: https://www.refurbed.de/p/microsoft-surface-pro-3-12/
2026-01-11 04:17:09,467 - INFO - Scraping 5315/6851: https://www.refurbed.de/p/microsoft-surface-pro-3-dock-fur/
2026-01-11 04:17:10,795 - INFO - Scraping 5316/6851: https://www.refurbed.de/p/microsoft-surface-pro-3-dock/
2026-01-11 04:17:12,173 - INFO - Scraping 5317/6851: https://www.refurbed.de/p/microsoft-surface-pro-3-mit-touc/
2026-01-11 04:17:12,338 - ERROR - Error fetching https://www.refurbed.de/p/microsoft-surface-pro-3-mit-touc/: 404 Client Error: Not Found for url: https://www.refurbed.de/p/microsoft-surface-pro-3-mit-touc/
2026-01-11 04:17:13,340 - INFO - Scraping 5318/6851: https://www.refurbed.de/p/microsoft-surface-pro-4-i5-6300u/
2026-01-11 04:17:13,543 - ERROR - Error fetching https://www.refurbed.de/p/microsoft-surface-pro-4-i5-6300u/: 404 Client Error: Not Found for url: https://www.refurbed.de/p/microsoft-surface-pro-4-i5-6300u/
2026-01-11 04:17:14,545 - INFO - Scraping 5319/6851: https://www.refurbed.de/p/microsoft-surface-pro-4-i7-12-3/
2026-01-11 04:17:14,715 - ERROR - Error fetching https://www.refurbed.de/p/microsoft-surface-pro-4-i7-12-3/: 404 Client Error: Not Found for url: https://www.refurbed.de/p/microsoft-surface-pro-4-i7-12-3/
2026-01-11 04:17:15,718 - INFO - Scraping 5320/6851: https://www.refurbed.de/p/microsoft-surface-pro-4-i7-13-5/
2026-01-11 04:17:17,204 - INFO - Scraping 5321/6851: https://www.refurbed.de/p/microsoft-surface-pro-4-m3-6y30-/
2026-01-11 04:17:17,365 - ERROR - Error fetching https://www.refurbed.de/p/microsoft-surface-pro-4-m3-6y30-/: 404 Client Error: Not Found for url: https://www.refurbed.de/p/microsoft-surface-pro-4-m3-6y30-/
2026-01-11 04:17:18,367 - INFO - Scraping 5322/6851: https://www.refurbed.de/p/microsoft-surface-pro-4-type-cov/
2026-01-11 04:17:19,785 - INFO - Scraping 5323/6851: https://www.refurbed.de/p/microsoft-surface-pro-6-7300u/
2026-01-11 04:17:19,970 - ERROR - Error fetching https://www.refurbed.de/p/microsoft-surface-pro-6-7300u/: 404 Client Error: Not Found for url: https://www.refurbed.de/p/microsoft-surface-pro-6-7300u/
2026-01-11 04:17:20,972 - INFO - Scraping 5324/6851: https://www.refurbed.de/p/microsoft-surface-pro-6-8250u/
2026-01-11 04:17:22,406 - INFO - Scraping 5325/6851: https://www.refurbed.de/p/microsoft-surface-pro-6-8350u/
2026-01-11 04:17:23,969 - INFO - Scraping 5326/6851: https://www.refurbed.de/p/microsoft-surface-pro-6-8650u/
2026-01-11 04:17:25,425 - INFO - Scraping 5327/6851: https://www.refurbed.de/p/microsoft-surface-pro-7-1005g1/
2026-01-11 04:17:26,757 - INFO - Scraping 5328/6851: https://www.refurbed.de/p/microsoft-surface-pro-7-1035g4/
2026-01-11 04:17:28,645 - INFO - Scraping 5329/6851: https://www.refurbed.de/p/microsoft-surface-pro-7-1065g7/
2026-01-11 04:17:30,188 - INFO - Scraping 5330/6851: https://www.refurbed.de/p/microsoft-surface-pro-7-plus-i5/
2026-01-11 04:17:30,378 - ERROR - Error fetching https://www.refurbed.de/p/microsoft-surface-pro-7-plus-i5/: 404 Client Error: Not Found for url: https://www.refurbed.de/p/microsoft-surface-pro-7-plus-i5/
2026-01-11 04:17:31,380 - INFO - Scraping 5331/6851: https://www.refurbed.de/p/microsoft-surface-pro-7-plus-i7/
2026-01-11 04:17:32,862 - INFO - Scraping 5332/6851: https://www.refurbed.de/p/microsoft-surface-pro-7-plus/
2026-01-11 04:17:34,490 - INFO - Scraping 5333/6851: https://www.refurbed.de/p/microsoft-surface-pro-8-1115g4/
2026-01-11 04:17:35,814 - INFO - Scraping 5334/6851: https://www.refurbed.de/p/microsoft-surface-pro-8-1135g7/
2026-01-11 04:17:37,329 - INFO - Scraping 5335/6851: https://www.refurbed.de/p/microsoft-surface-pro-8-1145g7/
2026-01-11 04:17:39,064 - INFO - Scraping 5336/6851: https://www.refurbed.de/p/microsoft-surface-pro-8-1185g7/
2026-01-11 04:17:40,867 - INFO - Scraping 5337/6851: https://www.refurbed.de/p/microsoft-surface-pro-9-1235u/
2026-01-11 04:17:42,345 - INFO - Scraping 5338/6851: https://www.refurbed.de/p/microsoft-surface-pro-9-i5-1245u/
2026-01-11 04:17:43,857 - INFO - Scraping 5339/6851: https://www.refurbed.de/p/microsoft-surface-pro-9-i7-1255u/
2026-01-11 04:17:45,179 - INFO - Scraping 5340/6851: https://www.refurbed.de/p/microsoft-surface-pro-9-i7-1265u/
2026-01-11 04:17:46,756 - INFO - Scraping 5341/6851: https://www.refurbed.de/p/microsoft-surface-pro-9-sq3/
2026-01-11 04:17:48,223 - INFO - Scraping 5342/6851: https://www.refurbed.de/p/microsoft-surface-pro-sig-keyb/
2026-01-11 04:17:49,558 - INFO - Scraping 5343/6851: https://www.refurbed.de/p/microsoft-surface-pro-x-sig-keyb/
2026-01-11 04:17:51,045 - INFO - Scraping 5344/6851: https://www.refurbed.de/p/microsoft-surface-pro-x-sq1/
2026-01-11 04:17:52,729 - INFO - Scraping 5345/6851: https://www.refurbed.de/p/microsoft-surface-pro-x-sq2-13/
2026-01-11 04:17:54,123 - INFO - Scraping 5346/6851: https://www.refurbed.de/p/microsoft-surface-pro-x-type-cov/
2026-01-11 04:17:55,523 - INFO - Scraping 5347/6851: https://www.refurbed.de/p/motorola-defy-2021/
2026-01-11 04:17:56,899 - INFO - Scraping 5348/6851: https://www.refurbed.de/p/motorola-defy-satellite-link/
2026-01-11 04:17:58,261 - INFO - Scraping 5349/6851: https://www.refurbed.de/p/motorola-edge-20-fusion/
2026-01-11 04:17:59,580 - INFO - Scraping 5350/6851: https://www.refurbed.de/p/motorola-edge-20-lite/
2026-01-11 04:18:00,948 - INFO - Scraping 5351/6851: https://www.refurbed.de/p/motorola-edge-20-pro/
2026-01-11 04:18:02,591 - INFO - Scraping 5352/6851: https://www.refurbed.de/p/motorola-edge-20/
2026-01-11 04:18:04,226 - INFO - Scraping 5353/6851: https://www.refurbed.de/p/motorola-edge-30-fusion/
2026-01-11 04:18:05,740 - INFO - Scraping 5354/6851: https://www.refurbed.de/p/motorola-edge-30-neo/
2026-01-11 04:18:07,582 - INFO - Scraping 5355/6851: https://www.refurbed.de/p/motorola-edge-30-pro-5g/
2026-01-11 04:18:09,517 - INFO - Scraping 5356/6851: https://www.refurbed.de/p/motorola-edge-30-ultra/
2026-01-11 04:18:11,045 - INFO - Scraping 5357/6851: https://www.refurbed.de/p/motorola-edge-30/
2026-01-11 04:18:12,376 - INFO - Scraping 5358/6851: https://www.refurbed.de/p/motorola-edge-40-neo/
2026-01-11 04:18:13,942 - INFO - Scraping 5359/6851: https://www.refurbed.de/p/motorola-edge-40-pro/
2026-01-11 04:18:15,445 - INFO - Scraping 5360/6851: https://www.refurbed.de/p/motorola-edge-40/
2026-01-11 04:18:17,189 - INFO - Scraping 5361/6851: https://www.refurbed.de/p/motorola-edge-50-fusion/
2026-01-11 04:18:18,892 - INFO - Scraping 5362/6851: https://www.refurbed.de/p/motorola-edge-50-neo/
2026-01-11 04:18:20,871 - INFO - Scraping 5363/6851: https://www.refurbed.de/p/motorola-edge-50-pro/
2026-01-11 04:18:22,403 - INFO - Scraping 5364/6851: https://www.refurbed.de/p/motorola-edge-50-ultra/
2026-01-11 04:18:23,931 - INFO - Scraping 5365/6851: https://www.refurbed.de/p/motorola-edge-5g/
2026-01-11 04:18:25,321 - INFO - Scraping 5366/6851: https://www.refurbed.de/p/motorola-edge-plus/
2026-01-11 04:18:26,676 - INFO - Scraping 5367/6851: https://www.refurbed.de/p/motorola-escape-500-anc/
2026-01-11 04:18:28,010 - INFO - Scraping 5368/6851: https://www.refurbed.de/p/motorola-moto-360-1nd-gen/
2026-01-11 04:18:29,373 - INFO - Scraping 5369/6851: https://www.refurbed.de/p/motorola-moto-360-2nd-gen/
2026-01-11 04:18:30,685 - INFO - Scraping 5370/6851: https://www.refurbed.de/p/motorola-moto-c/
2026-01-11 04:18:32,212 - INFO - Scraping 5371/6851: https://www.refurbed.de/p/motorola-moto-e13/
2026-01-11 04:18:33,517 - INFO - Scraping 5372/6851: https://www.refurbed.de/p/motorola-moto-e20/
2026-01-11 04:18:34,867 - INFO - Scraping 5373/6851: https://www.refurbed.de/p/motorola-moto-e22/
2026-01-11 04:18:36,233 - INFO - Scraping 5374/6851: https://www.refurbed.de/p/motorola-moto-e22i/
2026-01-11 04:18:37,681 - INFO - Scraping 5375/6851: https://www.refurbed.de/p/motorola-moto-e3/
2026-01-11 04:18:39,159 - INFO - Scraping 5376/6851: https://www.refurbed.de/p/motorola-moto-e30/
2026-01-11 04:18:40,485 - INFO - Scraping 5377/6851: https://www.refurbed.de/p/motorola-moto-e32/
2026-01-11 04:18:41,789 - INFO - Scraping 5378/6851: https://www.refurbed.de/p/motorola-moto-e32s/
2026-01-11 04:18:43,568 - INFO - Scraping 5379/6851: https://www.refurbed.de/p/motorola-moto-e4-plus/
2026-01-11 04:18:44,869 - INFO - Scraping 5380/6851: https://www.refurbed.de/p/motorola-moto-e4/
2026-01-11 04:18:46,245 - INFO - Scraping 5381/6851: https://www.refurbed.de/p/motorola-moto-e40/
2026-01-11 04:18:47,920 - INFO - Scraping 5382/6851: https://www.refurbed.de/p/motorola-moto-e5-plus/
2026-01-11 04:18:49,265 - INFO - Scraping 5383/6851: https://www.refurbed.de/p/motorola-moto-e5/
2026-01-11 04:18:50,727 - INFO - Scraping 5384/6851: https://www.refurbed.de/p/motorola-moto-e6-play/
2026-01-11 04:18:52,074 - INFO - Scraping 5385/6851: https://www.refurbed.de/p/motorola-moto-e6-plus/
2026-01-11 04:18:53,571 - INFO - Scraping 5386/6851: https://www.refurbed.de/p/motorola-moto-e6s/
2026-01-11 04:18:54,898 - INFO - Scraping 5387/6851: https://www.refurbed.de/p/motorola-moto-e7-p/
2026-01-11 04:18:56,278 - INFO - Scraping 5388/6851: https://www.refurbed.de/p/motorola-moto-e7/
2026-01-11 04:18:57,856 - INFO - Scraping 5389/6851: https://www.refurbed.de/p/motorola-moto-e7i-power/
2026-01-11 04:18:59,446 - INFO - Scraping 5390/6851: https://www.refurbed.de/p/motorola-moto-ei/
2026-01-11 04:19:00,773 - INFO - Scraping 5391/6851: https://www.refurbed.de/p/motorola-moto-g-2-gen/
2026-01-11 04:19:02,071 - INFO - Scraping 5392/6851: https://www.refurbed.de/p/motorola-moto-g-3rd-gen/
2026-01-11 04:19:03,394 - INFO - Scraping 5393/6851: https://www.refurbed.de/p/motorola-moto-g-5g-plus/
2026-01-11 04:19:05,017 - INFO - Scraping 5394/6851: https://www.refurbed.de/p/motorola-moto-g-5g/
2026-01-11 04:19:06,324 - INFO - Scraping 5395/6851: https://www.refurbed.de/p/motorola-moto-g-pro/
2026-01-11 04:19:07,655 - INFO - Scraping 5396/6851: https://www.refurbed.de/p/motorola-moto-g/
2026-01-11 04:19:09,272 - INFO - Scraping 5397/6851: https://www.refurbed.de/p/motorola-moto-g10/
2026-01-11 04:19:10,819 - INFO - Scraping 5398/6851: https://www.refurbed.de/p/motorola-moto-g100/
2026-01-11 04:19:12,523 - INFO - Scraping 5399/6851: https://www.refurbed.de/p/motorola-moto-g13/
2026-01-11 04:19:13,855 - INFO - Scraping 5400/6851: https://www.refurbed.de/p/motorola-moto-g14/
2026-01-11 04:19:15,183 - INFO - Scraping 5401/6851: https://www.refurbed.de/p/motorola-moto-g20/
2026-01-11 04:19:16,516 - INFO - Scraping 5402/6851: https://www.refurbed.de/p/motorola-moto-g200-5g/
2026-01-11 04:19:18,081 - INFO - Scraping 5403/6851: https://www.refurbed.de/p/motorola-moto-g22/
2026-01-11 04:19:20,099 - INFO - Scraping 5404/6851: https://www.refurbed.de/p/motorola-moto-g23/
2026-01-11 04:19:21,788 - INFO - Scraping 5405/6851: https://www.refurbed.de/p/motorola-moto-g3/
2026-01-11 04:19:23,296 - INFO - Scraping 5406/6851: https://www.refurbed.de/p/motorola-moto-g30/
2026-01-11 04:19:24,660 - INFO - Scraping 5407/6851: https://www.refurbed.de/p/motorola-moto-g31/
2026-01-11 04:19:26,139 - INFO - Scraping 5408/6851: https://www.refurbed.de/p/motorola-moto-g32/
2026-01-11 04:19:27,473 - INFO - Scraping 5409/6851: https://www.refurbed.de/p/motorola-moto-g34/
2026-01-11 04:19:28,905 - INFO - Scraping 5410/6851: https://www.refurbed.de/p/motorola-moto-g35-5g/
2026-01-11 04:19:30,462 - INFO - Scraping 5411/6851: https://www.refurbed.de/p/motorola-moto-g4-play/
2026-01-11 04:19:31,770 - INFO - Scraping 5412/6851: https://www.refurbed.de/p/motorola-moto-g4-plus/
2026-01-11 04:19:33,072 - INFO - Scraping 5413/6851: https://www.refurbed.de/p/motorola-moto-g4/
2026-01-11 04:19:34,608 - INFO - Scraping 5414/6851: https://www.refurbed.de/p/motorola-moto-g404/
2026-01-11 04:19:35,964 - INFO - Scraping 5415/6851: https://www.refurbed.de/p/motorola-moto-g41/
2026-01-11 04:19:37,391 - INFO - Scraping 5416/6851: https://www.refurbed.de/p/motorola-moto-g42/
2026-01-11 04:19:38,918 - INFO - Scraping 5417/6851: https://www.refurbed.de/p/motorola-moto-g5-plus/
2026-01-11 04:19:40,279 - INFO - Scraping 5418/6851: https://www.refurbed.de/p/motorola-moto-g5/
2026-01-11 04:19:41,662 - INFO - Scraping 5419/6851: https://www.refurbed.de/p/motorola-moto-g50/
2026-01-11 04:19:43,354 - INFO - Scraping 5420/6851: https://www.refurbed.de/p/motorola-moto-g51/
2026-01-11 04:19:44,828 - INFO - Scraping 5421/6851: https://www.refurbed.de/p/motorola-moto-g52/
2026-01-11 04:19:46,207 - INFO - Scraping 5422/6851: https://www.refurbed.de/p/motorola-moto-g53-5g/
2026-01-11 04:19:47,831 - INFO - Scraping 5423/6851: https://www.refurbed.de/p/motorola-moto-g54-5g/
2026-01-11 04:19:49,598 - INFO - Scraping 5424/6851: https://www.refurbed.de/p/motorola-moto-g55-5g/
2026-01-11 04:19:51,190 - INFO - Scraping 5425/6851: https://www.refurbed.de/p/motorola-moto-g5s-plus/
2026-01-11 04:19:52,705 - INFO - Scraping 5426/6851: https://www.refurbed.de/p/motorola-moto-g5s/
2026-01-11 04:19:54,439 - INFO - Scraping 5427/6851: https://www.refurbed.de/p/motorola-moto-g6-nfc/
2026-01-11 04:19:55,813 - INFO - Scraping 5428/6851: https://www.refurbed.de/p/motorola-moto-g6-plus/
2026-01-11 04:19:57,162 - INFO - Scraping 5429/6851: https://www.refurbed.de/p/motorola-moto-g60/
2026-01-11 04:19:59,125 - INFO - Scraping 5430/6851: https://www.refurbed.de/p/motorola-moto-g60s/
2026-01-11 04:20:00,626 - INFO - Scraping 5431/6851: https://www.refurbed.de/p/motorola-moto-g62-5g/
2026-01-11 04:20:01,993 - INFO - Scraping 5432/6851: https://www.refurbed.de/p/motorola-moto-g7-play/
2026-01-11 04:20:03,323 - INFO - Scraping 5433/6851: https://www.refurbed.de/p/motorola-moto-g7-plus/
2026-01-11 04:20:04,687 - INFO - Scraping 5434/6851: https://www.refurbed.de/p/motorola-moto-g7-power/
2026-01-11 04:20:06,650 - INFO - Scraping 5435/6851: https://www.refurbed.de/p/motorola-moto-g7/
2026-01-11 04:20:08,021 - INFO - Scraping 5436/6851: https://www.refurbed.de/p/motorola-moto-g71-5g/
2026-01-11 04:20:09,783 - INFO - Scraping 5437/6851: https://www.refurbed.de/p/motorola-moto-g72/
2026-01-11 04:20:11,243 - INFO - Scraping 5438/6851: https://www.refurbed.de/p/motorola-moto-g73/
2026-01-11 04:20:12,792 - INFO - Scraping 5439/6851: https://www.refurbed.de/p/motorola-moto-g75-5g/
2026-01-11 04:20:14,291 - INFO - Scraping 5440/6851: https://www.refurbed.de/p/motorola-moto-g8-plus/
2026-01-11 04:20:15,836 - INFO - Scraping 5441/6851: https://www.refurbed.de/p/motorola-moto-g8-power-lite/
2026-01-11 04:20:17,207 - INFO - Scraping 5442/6851: https://www.refurbed.de/p/motorola-moto-g8-power/
2026-01-11 04:20:18,523 - INFO - Scraping 5443/6851: https://www.refurbed.de/p/motorola-moto-g8/
2026-01-11 04:20:19,900 - INFO - Scraping 5444/6851: https://www.refurbed.de/p/motorola-moto-g82/
2026-01-11 04:20:21,451 - INFO - Scraping 5445/6851: https://www.refurbed.de/p/motorola-moto-g84-5g/
2026-01-11 04:20:22,796 - INFO - Scraping 5446/6851: https://www.refurbed.de/p/motorola-moto-g85-5g/
2026-01-11 04:20:24,127 - INFO - Scraping 5447/6851: https://www.refurbed.de/p/motorola-moto-g9-play/
2026-01-11 04:20:25,476 - INFO - Scraping 5448/6851: https://www.refurbed.de/p/motorola-moto-g9-plus/
2026-01-11 04:20:26,840 - INFO - Scraping 5449/6851: https://www.refurbed.de/p/motorola-moto-g9-power/
2026-01-11 04:20:28,394 - INFO - Scraping 5450/6851: https://www.refurbed.de/p/motorola-moto-x-force/
2026-01-11 04:20:29,845 - INFO - Scraping 5451/6851: https://www.refurbed.de/p/motorola-moto-x-play/
2026-01-11 04:20:31,314 - INFO - Scraping 5452/6851: https://www.refurbed.de/p/motorola-moto-x-style/
2026-01-11 04:20:32,659 - INFO - Scraping 5453/6851: https://www.refurbed.de/p/motorola-moto-x4/
2026-01-11 04:20:34,127 - INFO - Scraping 5454/6851: https://www.refurbed.de/p/motorola-moto-z-play/
2026-01-11 04:20:35,802 - INFO - Scraping 5455/6851: https://www.refurbed.de/p/motorola-moto-z/
2026-01-11 04:20:37,102 - INFO - Scraping 5456/6851: https://www.refurbed.de/p/motorola-moto-z2-play/
2026-01-11 04:20:38,671 - INFO - Scraping 5457/6851: https://www.refurbed.de/p/motorola-nexus-6/
2026-01-11 04:20:40,024 - INFO - Scraping 5458/6851: https://www.refurbed.de/p/motorola-one-action/
2026-01-11 04:20:41,686 - INFO - Scraping 5459/6851: https://www.refurbed.de/p/motorola-one-hyper/
2026-01-11 04:20:43,011 - INFO - Scraping 5460/6851: https://www.refurbed.de/p/motorola-one-macro/
2026-01-11 04:20:44,336 - INFO - Scraping 5461/6851: https://www.refurbed.de/p/motorola-one-vision/
2026-01-11 04:20:45,894 - INFO - Scraping 5462/6851: https://www.refurbed.de/p/motorola-one-zoom/
2026-01-11 04:20:47,459 - INFO - Scraping 5463/6851: https://www.refurbed.de/p/motorola-one/
2026-01-11 04:20:49,070 - INFO - Scraping 5464/6851: https://www.refurbed.de/p/motorola-pulse-escape-plus/
2026-01-11 04:20:50,397 - INFO - Scraping 5465/6851: https://www.refurbed.de/p/motorola-pulse-escape/
2026-01-11 04:20:51,796 - INFO - Scraping 5466/6851: https://www.refurbed.de/p/motorola-razr-2019/
2026-01-11 04:20:53,617 - INFO - Scraping 5467/6851: https://www.refurbed.de/p/motorola-razr-2022/
2026-01-11 04:20:55,215 - INFO - Scraping 5468/6851: https://www.refurbed.de/p/motorola-razr-40-ultra/
2026-01-11 04:20:56,724 - INFO - Scraping 5469/6851: https://www.refurbed.de/p/motorola-razr-40/
2026-01-11 04:20:58,299 - INFO - Scraping 5470/6851: https://www.refurbed.de/p/motorola-razr-50-ultra/
2026-01-11 04:20:59,860 - INFO - Scraping 5471/6851: https://www.refurbed.de/p/motorola-razr-5g/
2026-01-11 04:21:01,381 - INFO - Scraping 5472/6851: https://www.refurbed.de/p/motorola-thinkphone/
2026-01-11 04:21:02,717 - INFO - Scraping 5473/6851: https://www.refurbed.de/p/motorola-zebra-symbol-tc55/
2026-01-11 04:21:04,266 - INFO - Scraping 5474/6851: https://www.refurbed.de/p/ms-surface-laptop-3-1035g7-135/
2026-01-11 04:21:06,007 - INFO - Scraping 5475/6851: https://www.refurbed.de/p/ms-surface-laptop-3-1065g7/
2026-01-11 04:21:07,506 - INFO - Scraping 5476/6851: https://www.refurbed.de/p/ms-surface-laptop-3-r7-3780u/
2026-01-11 04:21:08,919 - INFO - Scraping 5477/6851: https://www.refurbed.de/p/ms-surface-laptop-4-1135g7-13/
2026-01-11 04:21:10,447 - INFO - Scraping 5478/6851: https://www.refurbed.de/p/ms-surface-laptop-4-1145g7-13/
2026-01-11 04:21:11,946 - INFO - Scraping 5479/6851: https://www.refurbed.de/p/ms-surface-laptop-4-1185g7-13/
2026-01-11 04:21:13,598 - INFO - Scraping 5480/6851: https://www.refurbed.de/p/ms-surface-laptop-4-1185g7-15/
2026-01-11 04:21:15,214 - INFO - Scraping 5481/6851: https://www.refurbed.de/p/ms-surface-laptop-4-3580u-13/
2026-01-11 04:21:16,956 - INFO - Scraping 5482/6851: https://www.refurbed.de/p/ms-surface-laptop-4-3780u-15/
2026-01-11 04:21:18,291 - INFO - Scraping 5483/6851: https://www.refurbed.de/p/ms-surface-laptop-4-4680u-13/
2026-01-11 04:21:19,582 - INFO - Scraping 5484/6851: https://www.refurbed.de/p/ms-surface-laptop-4-4980u-13-5/
2026-01-11 04:21:20,909 - INFO - Scraping 5485/6851: https://www.refurbed.de/p/ms-surface-laptop-4-7-4980u/
2026-01-11 04:21:22,287 - INFO - Scraping 5486/6851: https://www.refurbed.de/p/ms-surface-laptop-studio-11300h/
2026-01-11 04:21:23,685 - INFO - Scraping 5487/6851: https://www.refurbed.de/p/ms-surface-laptop-studio-11370h/
2026-01-11 04:21:25,210 - INFO - Scraping 5488/6851: https://www.refurbed.de/p/msi-gf-rtx-3060-ti-gami-x-8g-lhr/
2026-01-11 04:21:26,624 - INFO - Scraping 5489/6851: https://www.refurbed.de/p/msi-gf-rtx4070ti-gami-x-slim-12g/
2026-01-11 04:21:28,002 - INFO - Scraping 5490/6851: https://www.refurbed.de/p/mw-basiclife-laptop-sleeve/
2026-01-11 04:21:29,311 - INFO - Scraping 5491/6851: https://www.refurbed.de/p/nec-multisync-ea232wmi-23/
2026-01-11 04:21:30,661 - INFO - Scraping 5492/6851: https://www.refurbed.de/p/nec-multisync-ea245wmi-2-wh/
2026-01-11 04:21:32,155 - INFO - Scraping 5493/6851: https://www.refurbed.de/p/nec-multisync-ea275wmi-27/
2026-01-11 04:21:33,624 - INFO - Scraping 5494/6851: https://www.refurbed.de/p/nec-multisync-ea294wmi-29/
2026-01-11 04:21:34,986 - INFO - Scraping 5495/6851: https://www.refurbed.de/p/ney-multisync-ea231wmi-bk/
2026-01-11 04:21:36,776 - INFO - Scraping 5496/6851: https://www.refurbed.de/p/ney-multisync-ea273wmi-27/
2026-01-11 04:21:38,293 - INFO - Scraping 5497/6851: https://www.refurbed.de/p/nokia-1-3/
2026-01-11 04:21:39,702 - INFO - Scraping 5498/6851: https://www.refurbed.de/p/nokia-1-4/
2026-01-11 04:21:41,051 - INFO - Scraping 5499/6851: https://www.refurbed.de/p/nokia-1-plus/
2026-01-11 04:21:42,398 - INFO - Scraping 5500/6851: https://www.refurbed.de/p/nokia-1/
2026-01-11 04:21:43,730 - INFO - Scraping 5501/6851: https://www.refurbed.de/p/nokia-105-2017/
2026-01-11 04:21:45,097 - INFO - Scraping 5502/6851: https://www.refurbed.de/p/nokia-105-2019/
2026-01-11 04:21:46,598 - INFO - Scraping 5503/6851: https://www.refurbed.de/p/nokia-105-4g-2021/
2026-01-11 04:21:47,937 - INFO - Scraping 5504/6851: https://www.refurbed.de/p/nokia-105-4g-2023/
2026-01-11 04:21:49,396 - INFO - Scraping 5505/6851: https://www.refurbed.de/p/nokia-106/
2026-01-11 04:21:50,788 - INFO - Scraping 5506/6851: https://www.refurbed.de/p/nokia-108/
2026-01-11 04:21:52,259 - INFO - Scraping 5507/6851: https://www.refurbed.de/p/nokia-110-2019/
2026-01-11 04:21:53,665 - INFO - Scraping 5508/6851: https://www.refurbed.de/p/nokia-110-4g-2023/
2026-01-11 04:21:56,302 - INFO - Scraping 5509/6851: https://www.refurbed.de/p/nokia-110-4g/
2026-01-11 04:21:57,619 - INFO - Scraping 5510/6851: https://www.refurbed.de/p/nokia-130-2017/
2026-01-11 04:21:59,060 - INFO - Scraping 5511/6851: https://www.refurbed.de/p/nokia-150-2020/
2026-01-11 04:22:00,498 - INFO - Scraping 5512/6851: https://www.refurbed.de/p/nokia-2-1/
2026-01-11 04:22:01,835 - INFO - Scraping 5513/6851: https://www.refurbed.de/p/nokia-2-3/
2026-01-11 04:22:03,809 - INFO - Scraping 5514/6851: https://www.refurbed.de/p/nokia-2-4/
2026-01-11 04:22:05,550 - INFO - Scraping 5515/6851: https://www.refurbed.de/p/nokia-2/
2026-01-11 04:22:07,494 - INFO - Scraping 5516/6851: https://www.refurbed.de/p/nokia-215-4g/
2026-01-11 04:22:09,014 - INFO - Scraping 5517/6851: https://www.refurbed.de/p/nokia-216/
2026-01-11 04:22:10,974 - INFO - Scraping 5518/6851: https://www.refurbed.de/p/nokia-22/
2026-01-11 04:22:12,626 - INFO - Scraping 5519/6851: https://www.refurbed.de/p/nokia-225-smartphone/
2026-01-11 04:22:14,155 - INFO - Scraping 5520/6851: https://www.refurbed.de/p/nokia-225/
2026-01-11 04:22:15,788 - INFO - Scraping 5521/6851: https://www.refurbed.de/p/nokia-230/
2026-01-11 04:22:17,178 - INFO - Scraping 5522/6851: https://www.refurbed.de/p/nokia-235-4g-2024/
2026-01-11 04:22:18,574 - INFO - Scraping 5523/6851: https://www.refurbed.de/p/nokia-2660-flip/
2026-01-11 04:22:20,090 - INFO - Scraping 5524/6851: https://www.refurbed.de/p/nokia-2720-flip/
2026-01-11 04:22:21,466 - INFO - Scraping 5525/6851: https://www.refurbed.de/p/nokia-3-1-plus/
2026-01-11 04:22:23,404 - INFO - Scraping 5526/6851: https://www.refurbed.de/p/nokia-3-1/
2026-01-11 04:22:24,947 - INFO - Scraping 5527/6851: https://www.refurbed.de/p/nokia-3-2/
2026-01-11 04:22:26,399 - INFO - Scraping 5528/6851: https://www.refurbed.de/p/nokia-3-4/
2026-01-11 04:22:28,561 - INFO - Scraping 5529/6851: https://www.refurbed.de/p/nokia-3/
2026-01-11 04:22:30,336 - INFO - Scraping 5530/6851: https://www.refurbed.de/p/nokia-301/
2026-01-11 04:22:31,703 - INFO - Scraping 5531/6851: https://www.refurbed.de/p/nokia-3210-2024/
2026-01-11 04:22:33,128 - INFO - Scraping 5532/6851: https://www.refurbed.de/p/nokia-3310-2017/
2026-01-11 04:22:35,680 - INFO - Scraping 5533/6851: https://www.refurbed.de/p/nokia-4-2/
2026-01-11 04:22:37,843 - INFO - Scraping 5534/6851: https://www.refurbed.de/p/nokia-5-1-plus/
2026-01-11 04:22:39,331 - INFO - Scraping 5535/6851: https://www.refurbed.de/p/nokia-5-1/
2026-01-11 04:22:40,846 - INFO - Scraping 5536/6851: https://www.refurbed.de/p/nokia-5-3/
2026-01-11 04:22:42,349 - INFO - Scraping 5537/6851: https://www.refurbed.de/p/nokia-5-4/
2026-01-11 04:22:44,028 - INFO - Scraping 5538/6851: https://www.refurbed.de/p/nokia-5/
2026-01-11 04:22:45,359 - INFO - Scraping 5539/6851: https://www.refurbed.de/p/nokia-515/
2026-01-11 04:22:47,186 - INFO - Scraping 5540/6851: https://www.refurbed.de/p/nokia-5710-xpressaudio/
2026-01-11 04:22:48,722 - INFO - Scraping 5541/6851: https://www.refurbed.de/p/nokia-6-1-plus/
2026-01-11 04:22:50,175 - INFO - Scraping 5542/6851: https://www.refurbed.de/p/nokia-6-1/
2026-01-11 04:22:51,694 - INFO - Scraping 5543/6851: https://www.refurbed.de/p/nokia-6-2/
2026-01-11 04:22:53,305 - INFO - Scraping 5544/6851: https://www.refurbed.de/p/nokia-6/
2026-01-11 04:22:54,739 - INFO - Scraping 5545/6851: https://www.refurbed.de/p/nokia-6300-4g/
2026-01-11 04:22:56,398 - INFO - Scraping 5546/6851: https://www.refurbed.de/p/nokia-6310-2021/
2026-01-11 04:22:58,073 - INFO - Scraping 5547/6851: https://www.refurbed.de/p/nokia-7-1/
2026-01-11 04:22:59,944 - INFO - Scraping 5548/6851: https://www.refurbed.de/p/nokia-7-2/
2026-01-11 04:23:01,654 - INFO - Scraping 5549/6851: https://www.refurbed.de/p/nokia-7-plus/
2026-01-11 04:23:03,040 - INFO - Scraping 5550/6851: https://www.refurbed.de/p/nokia-8-1/
2026-01-11 04:23:04,696 - INFO - Scraping 5551/6851: https://www.refurbed.de/p/nokia-8-3-5g/
2026-01-11 04:23:06,709 - INFO - Scraping 5552/6851: https://www.refurbed.de/p/nokia-8-single-sim/
2026-01-11 04:23:08,213 - INFO - Scraping 5553/6851: https://www.refurbed.de/p/nokia-8-sirocco/
2026-01-11 04:23:09,685 - INFO - Scraping 5554/6851: https://www.refurbed.de/p/nokia-800-tough/
2026-01-11 04:23:11,011 - INFO - Scraping 5555/6851: https://www.refurbed.de/p/nokia-8000-4g/
2026-01-11 04:23:12,668 - INFO - Scraping 5556/6851: https://www.refurbed.de/p/nokia-8110-4g/
2026-01-11 04:23:14,300 - INFO - Scraping 5557/6851: https://www.refurbed.de/p/nokia-8210-2022/
2026-01-11 04:23:15,914 - INFO - Scraping 5558/6851: https://www.refurbed.de/p/nokia-9-pureview/
2026-01-11 04:23:17,424 - INFO - Scraping 5559/6851: https://www.refurbed.de/p/nokia-c01plus/
2026-01-11 04:23:18,840 - INFO - Scraping 5560/6851: https://www.refurbed.de/p/nokia-c02/
2026-01-11 04:23:20,295 - INFO - Scraping 5561/6851: https://www.refurbed.de/p/nokia-c2-2nd-edition/
2026-01-11 04:23:21,679 - INFO - Scraping 5562/6851: https://www.refurbed.de/p/nokia-c20/
2026-01-11 04:23:23,148 - INFO - Scraping 5563/6851: https://www.refurbed.de/p/nokia-c21-plus/
2026-01-11 04:23:24,969 - INFO - Scraping 5564/6851: https://www.refurbed.de/p/nokia-c22/
2026-01-11 04:23:26,290 - INFO - Scraping 5565/6851: https://www.refurbed.de/p/nokia-c30/
2026-01-11 04:23:27,621 - INFO - Scraping 5566/6851: https://www.refurbed.de/p/nokia-c32/
2026-01-11 04:23:29,412 - INFO - Scraping 5567/6851: https://www.refurbed.de/p/nokia-dc-16/
2026-01-11 04:23:30,779 - INFO - Scraping 5568/6851: https://www.refurbed.de/p/nokia-fastmile-5g/
2026-01-11 04:23:32,208 - INFO - Scraping 5569/6851: https://www.refurbed.de/p/nokia-g10/
2026-01-11 04:23:33,744 - INFO - Scraping 5570/6851: https://www.refurbed.de/p/nokia-g11-plus/
2026-01-11 04:23:35,160 - INFO - Scraping 5571/6851: https://www.refurbed.de/p/nokia-g11/
2026-01-11 04:23:36,699 - INFO - Scraping 5572/6851: https://www.refurbed.de/p/nokia-g20/
2026-01-11 04:23:38,553 - INFO - Scraping 5573/6851: https://www.refurbed.de/p/nokia-g21/
2026-01-11 04:23:40,149 - INFO - Scraping 5574/6851: https://www.refurbed.de/p/nokia-g22/
2026-01-11 04:23:41,526 - INFO - Scraping 5575/6851: https://www.refurbed.de/p/nokia-g42/
2026-01-11 04:23:42,923 - INFO - Scraping 5576/6851: https://www.refurbed.de/p/nokia-g50-5g/
2026-01-11 04:23:44,429 - INFO - Scraping 5577/6851: https://www.refurbed.de/p/nokia-g60-5g/
2026-01-11 04:23:46,088 - INFO - Scraping 5578/6851: https://www.refurbed.de/p/nokia-hne24gv210-24/
2026-01-11 04:23:47,416 - INFO - Scraping 5579/6851: https://www.refurbed.de/p/nokia-lumia-1020/
2026-01-11 04:23:47,809 - ERROR - Error fetching https://www.refurbed.de/p/nokia-lumia-1020/: 404 Client Error: Not Found for url: https://www.refurbed.de/p/nokia-lumia-1020/
2026-01-11 04:23:48,812 - INFO - Scraping 5580/6851: https://www.refurbed.de/p/nokia-lumia-1320/
2026-01-11 04:23:49,125 - ERROR - Error fetching https://www.refurbed.de/p/nokia-lumia-1320/: 404 Client Error: Not Found for url: https://www.refurbed.de/p/nokia-lumia-1320/
2026-01-11 04:23:50,127 - INFO - Scraping 5581/6851: https://www.refurbed.de/p/nokia-lumia-620/
2026-01-11 04:23:51,476 - INFO - Scraping 5582/6851: https://www.refurbed.de/p/nokia-lumia-635/
2026-01-11 04:23:53,136 - INFO - Scraping 5583/6851: https://www.refurbed.de/p/nokia-lumia-735/
2026-01-11 04:23:53,597 - ERROR - Error fetching https://www.refurbed.de/p/nokia-lumia-735/: 404 Client Error: Not Found for url: https://www.refurbed.de/p/nokia-lumia-735/
2026-01-11 04:23:54,599 - INFO - Scraping 5584/6851: https://www.refurbed.de/p/nokia-lumia-830/
2026-01-11 04:23:55,136 - ERROR - Error fetching https://www.refurbed.de/p/nokia-lumia-830/: 404 Client Error: Not Found for url: https://www.refurbed.de/p/nokia-lumia-830/
2026-01-11 04:23:56,138 - INFO - Scraping 5585/6851: https://www.refurbed.de/p/nokia-lumia-920/
2026-01-11 04:23:56,779 - ERROR - Error fetching https://www.refurbed.de/p/nokia-lumia-920/: 404 Client Error: Not Found for url: https://www.refurbed.de/p/nokia-lumia-920/
2026-01-11 04:23:57,782 - INFO - Scraping 5586/6851: https://www.refurbed.de/p/nokia-lumia-925/
2026-01-11 04:23:57,961 - ERROR - Error fetching https://www.refurbed.de/p/nokia-lumia-925/: 404 Client Error: Not Found for url: https://www.refurbed.de/p/nokia-lumia-925/
2026-01-11 04:23:58,963 - INFO - Scraping 5587/6851: https://www.refurbed.de/p/nokia-lumia-930/
2026-01-11 04:23:59,117 - ERROR - Error fetching https://www.refurbed.de/p/nokia-lumia-930/: 404 Client Error: Not Found for url: https://www.refurbed.de/p/nokia-lumia-930/
2026-01-11 04:24:00,120 - INFO - Scraping 5588/6851: https://www.refurbed.de/p/nokia-qnr43gv215-43/
2026-01-11 04:24:01,556 - INFO - Scraping 5589/6851: https://www.refurbed.de/p/nokia-steel/
2026-01-11 04:24:03,042 - INFO - Scraping 5590/6851: https://www.refurbed.de/p/nokia-t10/
2026-01-11 04:24:05,459 - INFO - Scraping 5591/6851: https://www.refurbed.de/p/nokia-t20/
2026-01-11 04:24:07,253 - INFO - Scraping 5592/6851: https://www.refurbed.de/p/nokia-t21/
2026-01-11 04:24:08,600 - INFO - Scraping 5593/6851: https://www.refurbed.de/p/nokia-x10/
2026-01-11 04:24:10,163 - INFO - Scraping 5594/6851: https://www.refurbed.de/p/nokia-x20/
2026-01-11 04:24:12,014 - INFO - Scraping 5595/6851: https://www.refurbed.de/p/nokia-x30-5g/
2026-01-11 04:24:14,004 - INFO - Scraping 5596/6851: https://www.refurbed.de/p/nokia-xr20/
2026-01-11 04:24:15,601 - INFO - Scraping 5597/6851: https://www.refurbed.de/p/nokia-xr21/
2026-01-11 04:24:16,925 - INFO - Scraping 5598/6851: https://www.refurbed.de/p/oneplus-10-pro/
2026-01-11 04:24:18,665 - INFO - Scraping 5599/6851: https://www.refurbed.de/p/oneplus-10-t/
2026-01-11 04:24:20,783 - INFO - Scraping 5600/6851: https://www.refurbed.de/p/oneplus-11/
2026-01-11 04:24:22,380 - INFO - Scraping 5601/6851: https://www.refurbed.de/p/oneplus-12/
2026-01-11 04:24:24,032 - INFO - Scraping 5602/6851: https://www.refurbed.de/p/oneplus-12r/
2026-01-11 04:24:25,620 - INFO - Scraping 5603/6851: https://www.refurbed.de/p/oneplus-13/
2026-01-11 04:24:27,200 - INFO - Scraping 5604/6851: https://www.refurbed.de/p/oneplus-2/
2026-01-11 04:24:28,964 - INFO - Scraping 5605/6851: https://www.refurbed.de/p/oneplus-3/
2026-01-11 04:24:30,436 - INFO - Scraping 5606/6851: https://www.refurbed.de/p/oneplus-3t/
2026-01-11 04:24:31,826 - INFO - Scraping 5607/6851: https://www.refurbed.de/p/oneplus-5/
2026-01-11 04:24:33,223 - INFO - Scraping 5608/6851: https://www.refurbed.de/p/oneplus-5t/
2026-01-11 04:24:34,773 - INFO - Scraping 5609/6851: https://www.refurbed.de/p/oneplus-6/
2026-01-11 04:24:36,275 - INFO - Scraping 5610/6851: https://www.refurbed.de/p/oneplus-6t-mclaren/
2026-01-11 04:24:37,802 - INFO - Scraping 5611/6851: https://www.refurbed.de/p/oneplus-6t/
2026-01-11 04:24:39,379 - INFO - Scraping 5612/6851: https://www.refurbed.de/p/oneplus-7-pro/
2026-01-11 04:24:41,376 - INFO - Scraping 5613/6851: https://www.refurbed.de/p/oneplus-7/
2026-01-11 04:24:43,187 - INFO - Scraping 5614/6851: https://www.refurbed.de/p/oneplus-7t-pro-mclaren/
2026-01-11 04:24:44,634 - INFO - Scraping 5615/6851: https://www.refurbed.de/p/oneplus-7t-pro/
2026-01-11 04:24:46,393 - INFO - Scraping 5616/6851: https://www.refurbed.de/p/oneplus-7t/
2026-01-11 04:24:48,085 - INFO - Scraping 5617/6851: https://www.refurbed.de/p/oneplus-8-pro/
2026-01-11 04:24:49,816 - INFO - Scraping 5618/6851: https://www.refurbed.de/p/oneplus-8/
2026-01-11 04:24:51,607 - INFO - Scraping 5619/6851: https://www.refurbed.de/p/oneplus-8t/
2026-01-11 04:24:53,383 - INFO - Scraping 5620/6851: https://www.refurbed.de/p/oneplus-9-pro/
2026-01-11 04:24:55,238 - INFO - Scraping 5621/6851: https://www.refurbed.de/p/oneplus-9/
2026-01-11 04:24:56,801 - INFO - Scraping 5622/6851: https://www.refurbed.de/p/oneplus-buds-pro-2/
2026-01-11 04:24:58,551 - INFO - Scraping 5623/6851: https://www.refurbed.de/p/oneplus-buds-pro/
2026-01-11 04:25:00,032 - INFO - Scraping 5624/6851: https://www.refurbed.de/p/oneplus-buds-z2/
2026-01-11 04:25:01,532 - INFO - Scraping 5625/6851: https://www.refurbed.de/p/oneplus-buds/
2026-01-11 04:25:02,928 - INFO - Scraping 5626/6851: https://www.refurbed.de/p/oneplus-bullets-wireless-z/
2026-01-11 04:25:04,449 - INFO - Scraping 5627/6851: https://www.refurbed.de/p/oneplus-nord-2-5g/
2026-01-11 04:25:06,714 - INFO - Scraping 5628/6851: https://www.refurbed.de/p/oneplus-nord-2-pac-man-edition/
2026-01-11 04:25:08,361 - INFO - Scraping 5629/6851: https://www.refurbed.de/p/oneplus-nord-2t-5g/
2026-01-11 04:25:09,927 - INFO - Scraping 5630/6851: https://www.refurbed.de/p/oneplus-nord-3-5g/
2026-01-11 04:25:11,604 - INFO - Scraping 5631/6851: https://www.refurbed.de/p/oneplus-nord-4/
2026-01-11 04:25:12,947 - INFO - Scraping 5632/6851: https://www.refurbed.de/p/oneplus-nord-ce-2-lite/
2026-01-11 04:25:15,160 - INFO - Scraping 5633/6851: https://www.refurbed.de/p/oneplus-nord-ce-2/
2026-01-11 04:25:16,900 - INFO - Scraping 5634/6851: https://www.refurbed.de/p/oneplus-nord-ce-3-lite/
2026-01-11 04:25:18,655 - INFO - Scraping 5635/6851: https://www.refurbed.de/p/oneplus-nord-ce-4-lite-5g/
2026-01-11 04:25:20,380 - INFO - Scraping 5636/6851: https://www.refurbed.de/p/oneplus-nord-ce/
2026-01-11 04:25:22,313 - INFO - Scraping 5637/6851: https://www.refurbed.de/p/oneplus-nord-n10-5g/
2026-01-11 04:25:23,743 - INFO - Scraping 5638/6851: https://www.refurbed.de/p/oneplus-nord-n100/
2026-01-11 04:25:25,409 - INFO - Scraping 5639/6851: https://www.refurbed.de/p/oneplus-nord/
2026-01-11 04:25:27,266 - INFO - Scraping 5640/6851: https://www.refurbed.de/p/oneplus-one/
2026-01-11 04:25:28,679 - INFO - Scraping 5641/6851: https://www.refurbed.de/p/oneplus-open/
2026-01-11 04:25:30,141 - INFO - Scraping 5642/6851: https://www.refurbed.de/p/oneplus-pad-11-6/
2026-01-11 04:25:31,628 - INFO - Scraping 5643/6851: https://www.refurbed.de/p/oneplus-pad-2-12-1/
2026-01-11 04:25:32,961 - INFO - Scraping 5644/6851: https://www.refurbed.de/p/oneplus-x/
2026-01-11 04:25:34,617 - INFO - Scraping 5645/6851: https://www.refurbed.de/p/oppo-a15/
2026-01-11 04:25:36,141 - INFO - Scraping 5646/6851: https://www.refurbed.de/p/oppo-a16/
2026-01-11 04:25:37,717 - INFO - Scraping 5647/6851: https://www.refurbed.de/p/oppo-a16s/
2026-01-11 04:25:39,358 - INFO - Scraping 5648/6851: https://www.refurbed.de/p/oppo-a17/
2026-01-11 04:25:41,069 - INFO - Scraping 5649/6851: https://www.refurbed.de/p/oppo-a3/
2026-01-11 04:25:42,531 - INFO - Scraping 5650/6851: https://www.refurbed.de/p/oppo-a31/
2026-01-11 04:25:43,904 - INFO - Scraping 5651/6851: https://www.refurbed.de/p/oppo-a38/
2026-01-11 04:25:45,543 - INFO - Scraping 5652/6851: https://www.refurbed.de/p/oppo-a5-2020/
2026-01-11 04:25:46,947 - INFO - Scraping 5653/6851: https://www.refurbed.de/p/oppo-a52/
2026-01-11 04:25:48,327 - INFO - Scraping 5654/6851: https://www.refurbed.de/p/oppo-a53/
2026-01-11 04:25:50,295 - INFO - Scraping 5655/6851: https://www.refurbed.de/p/oppo-a53s/
2026-01-11 04:25:51,855 - INFO - Scraping 5656/6851: https://www.refurbed.de/p/oppo-a54-5g/
2026-01-11 04:25:53,651 - INFO - Scraping 5657/6851: https://www.refurbed.de/p/oppo-a54-s/
2026-01-11 04:25:55,199 - INFO - Scraping 5658/6851: https://www.refurbed.de/p/oppo-a57/
2026-01-11 04:25:56,698 - INFO - Scraping 5659/6851: https://www.refurbed.de/p/oppo-a57s/
2026-01-11 04:25:58,211 - INFO - Scraping 5660/6851: https://www.refurbed.de/p/oppo-a58-4g/
2026-01-11 04:25:59,792 - INFO - Scraping 5661/6851: https://www.refurbed.de/p/oppo-a60-5g/
2026-01-11 04:26:01,352 - INFO - Scraping 5662/6851: https://www.refurbed.de/p/oppo-a72/
2026-01-11 04:26:02,876 - INFO - Scraping 5663/6851: https://www.refurbed.de/p/oppo-a73-5g/
2026-01-11 04:26:04,553 - INFO - Scraping 5664/6851: https://www.refurbed.de/p/oppo-a74-5g/
2026-01-11 04:26:06,099 - INFO - Scraping 5665/6851: https://www.refurbed.de/p/oppo-a74/
2026-01-11 04:26:07,429 - INFO - Scraping 5666/6851: https://www.refurbed.de/p/oppo-a76/
2026-01-11 04:26:08,930 - INFO - Scraping 5667/6851: https://www.refurbed.de/p/oppo-a77/
2026-01-11 04:26:10,532 - INFO - Scraping 5668/6851: https://www.refurbed.de/p/oppo-a78-5g/
2026-01-11 04:26:12,150 - INFO - Scraping 5669/6851: https://www.refurbed.de/p/oppo-a79-5g/
2026-01-11 04:26:13,580 - INFO - Scraping 5670/6851: https://www.refurbed.de/p/oppo-a80/
2026-01-11 04:26:15,070 - INFO - Scraping 5671/6851: https://www.refurbed.de/p/oppo-a9/
2026-01-11 04:26:16,602 - INFO - Scraping 5672/6851: https://www.refurbed.de/p/oppo-a91/
2026-01-11 04:26:18,329 - INFO - Scraping 5673/6851: https://www.refurbed.de/p/oppo-a94-5g/
2026-01-11 04:26:19,868 - INFO - Scraping 5674/6851: https://www.refurbed.de/p/oppo-a96/
2026-01-11 04:26:21,397 - INFO - Scraping 5675/6851: https://www.refurbed.de/p/oppo-a98-5g/
2026-01-11 04:26:23,051 - INFO - Scraping 5676/6851: https://www.refurbed.de/p/oppo-ax7/
2026-01-11 04:26:24,590 - INFO - Scraping 5677/6851: https://www.refurbed.de/p/oppo-enco-air2-pro/
2026-01-11 04:26:25,907 - INFO - Scraping 5678/6851: https://www.refurbed.de/p/oppo-enco-free/
2026-01-11 04:26:27,214 - INFO - Scraping 5679/6851: https://www.refurbed.de/p/oppo-enco-w12/
2026-01-11 04:26:28,764 - INFO - Scraping 5680/6851: https://www.refurbed.de/p/oppo-enco-w31/
2026-01-11 04:26:30,091 - INFO - Scraping 5681/6851: https://www.refurbed.de/p/oppo-enco-w51/
2026-01-11 04:26:31,429 - INFO - Scraping 5682/6851: https://www.refurbed.de/p/oppo-enco-x/
2026-01-11 04:26:32,813 - INFO - Scraping 5683/6851: https://www.refurbed.de/p/oppo-f19/
2026-01-11 04:26:34,379 - INFO - Scraping 5684/6851: https://www.refurbed.de/p/oppo-f9/
2026-01-11 04:26:35,743 - INFO - Scraping 5685/6851: https://www.refurbed.de/p/oppo-find-n2-flip/
2026-01-11 04:26:37,231 - INFO - Scraping 5686/6851: https://www.refurbed.de/p/oppo-find-x2-5g/
2026-01-11 04:26:38,555 - INFO - Scraping 5687/6851: https://www.refurbed.de/p/oppo-find-x2-lite/
2026-01-11 04:26:40,177 - INFO - Scraping 5688/6851: https://www.refurbed.de/p/oppo-find-x2-neo-5g/
2026-01-11 04:26:42,180 - INFO - Scraping 5689/6851: https://www.refurbed.de/p/oppo-find-x2-pro/
2026-01-11 04:26:43,752 - INFO - Scraping 5690/6851: https://www.refurbed.de/p/oppo-find-x3-lite/
2026-01-11 04:26:45,293 - INFO - Scraping 5691/6851: https://www.refurbed.de/p/oppo-find-x3-neo/
2026-01-11 04:26:47,138 - INFO - Scraping 5692/6851: https://www.refurbed.de/p/oppo-find-x3-pro/
2026-01-11 04:26:48,668 - INFO - Scraping 5693/6851: https://www.refurbed.de/p/oppo-find-x5-lite/
2026-01-11 04:26:50,250 - INFO - Scraping 5694/6851: https://www.refurbed.de/p/oppo-find-x5-pro/
2026-01-11 04:26:52,110 - INFO - Scraping 5695/6851: https://www.refurbed.de/p/oppo-find-x5/
2026-01-11 04:26:54,164 - INFO - Scraping 5696/6851: https://www.refurbed.de/p/oppo-find-x8-pro/
2026-01-11 04:26:55,813 - INFO - Scraping 5697/6851: https://www.refurbed.de/p/oppo-r15-pro/
2026-01-11 04:26:57,188 - INFO - Scraping 5698/6851: https://www.refurbed.de/p/oppo-reno-10-5g/
2026-01-11 04:26:58,778 - INFO - Scraping 5699/6851: https://www.refurbed.de/p/oppo-reno-10-pro-5g/
2026-01-11 04:27:00,353 - INFO - Scraping 5700/6851: https://www.refurbed.de/p/oppo-reno-10-pro-plus-5g/
2026-01-11 04:27:01,861 - INFO - Scraping 5701/6851: https://www.refurbed.de/p/oppo-reno-10x-zoom/
2026-01-11 04:27:03,219 - INFO - Scraping 5702/6851: https://www.refurbed.de/p/oppo-reno-11-f-5g/
2026-01-11 04:27:04,954 - INFO - Scraping 5703/6851: https://www.refurbed.de/p/oppo-reno-12-f-5g/
2026-01-11 04:27:06,422 - INFO - Scraping 5704/6851: https://www.refurbed.de/p/oppo-reno-12-fs-5g/
2026-01-11 04:27:07,886 - INFO - Scraping 5705/6851: https://www.refurbed.de/p/oppo-reno-12-pro-5g/
2026-01-11 04:27:09,470 - INFO - Scraping 5706/6851: https://www.refurbed.de/p/oppo-reno-12/
2026-01-11 04:27:11,050 - INFO - Scraping 5707/6851: https://www.refurbed.de/p/oppo-reno-2-z/
2026-01-11 04:27:12,395 - INFO - Scraping 5708/6851: https://www.refurbed.de/p/oppo-reno-2/
2026-01-11 04:27:13,859 - INFO - Scraping 5709/6851: https://www.refurbed.de/p/oppo-reno-3-pro-5g/
2026-01-11 04:27:15,402 - INFO - Scraping 5710/6851: https://www.refurbed.de/p/oppo-reno-4-5g/
2026-01-11 04:27:16,730 - INFO - Scraping 5711/6851: https://www.refurbed.de/p/oppo-reno-4-pro-5g/
2026-01-11 04:27:18,291 - INFO - Scraping 5712/6851: https://www.refurbed.de/p/oppo-reno-5-pro-5g/
2026-01-11 04:27:19,589 - INFO - Scraping 5713/6851: https://www.refurbed.de/p/oppo-reno-5g/
2026-01-11 04:27:20,936 - INFO - Scraping 5714/6851: https://www.refurbed.de/p/oppo-reno-6-5g/
2026-01-11 04:27:22,359 - INFO - Scraping 5715/6851: https://www.refurbed.de/p/oppo-reno-6-pro-5g/
2026-01-11 04:27:23,733 - INFO - Scraping 5716/6851: https://www.refurbed.de/p/oppo-reno-7-5g/
2026-01-11 04:27:25,140 - INFO - Scraping 5717/6851: https://www.refurbed.de/p/oppo-reno-7-lite-5g/
2026-01-11 04:27:26,473 - INFO - Scraping 5718/6851: https://www.refurbed.de/p/oppo-reno-7/
2026-01-11 04:27:28,019 - INFO - Scraping 5719/6851: https://www.refurbed.de/p/oppo-reno-8-5g/
2026-01-11 04:27:29,412 - INFO - Scraping 5720/6851: https://www.refurbed.de/p/oppo-reno-8-lite-5g/
2026-01-11 04:27:30,992 - INFO - Scraping 5721/6851: https://www.refurbed.de/p/oppo-reno-8-pro-5g/
2026-01-11 04:27:32,693 - INFO - Scraping 5722/6851: https://www.refurbed.de/p/oppo-reno-z-4-5g/
2026-01-11 04:27:34,336 - INFO - Scraping 5723/6851: https://www.refurbed.de/p/oppo-reno-z-5-5g/
2026-01-11 04:27:36,112 - INFO - Scraping 5724/6851: https://www.refurbed.de/p/oppo-reno-z/
2026-01-11 04:27:37,643 - INFO - Scraping 5725/6851: https://www.refurbed.de/p/oppo-reno/
2026-01-11 04:27:39,051 - INFO - Scraping 5726/6851: https://www.refurbed.de/p/oppo-reno5-5g/
2026-01-11 04:27:40,839 - INFO - Scraping 5727/6851: https://www.refurbed.de/p/oppo-rx17-neo/
2026-01-11 04:27:42,411 - INFO - Scraping 5728/6851: https://www.refurbed.de/p/oppo-rx17-pro/
2026-01-11 04:27:43,931 - INFO - Scraping 5729/6851: https://www.refurbed.de/p/os-caldorad-humi-13-99298/
2026-01-11 04:27:45,429 - INFO - Scraping 5730/6851: https://www.refurbed.de/p/os-caldorad-humi-9-99263/
2026-01-11 04:27:46,845 - INFO - Scraping 5731/6851: https://www.refurbed.de/p/panasonic-lumi-s-20-60mm-3-5-5-6/
2026-01-11 04:27:48,291 - INFO - Scraping 5732/6851: https://www.refurbed.de/p/panzerglass-google-pixel/
2026-01-11 04:27:49,847 - INFO - Scraping 5733/6851: https://www.refurbed.de/p/panzerglass-ipad-bndl-transparen/
2026-01-11 04:27:51,252 - INFO - Scraping 5734/6851: https://www.refurbed.de/p/panzerglass-ipad/
2026-01-11 04:27:53,042 - INFO - Scraping 5735/6851: https://www.refurbed.de/p/panzerglass-iphone-6-6s-7-8-stan/
2026-01-11 04:27:54,492 - INFO - Scraping 5736/6851: https://www.refurbed.de/p/panzerglass-iphone-recycled/
2026-01-11 04:27:56,084 - INFO - Scraping 5737/6851: https://www.refurbed.de/p/panzerglass-motorola/
2026-01-11 04:27:57,598 - INFO - Scraping 5738/6851: https://www.refurbed.de/p/panzerglass-nokia/
2026-01-11 04:27:59,059 - INFO - Scraping 5739/6851: https://www.refurbed.de/p/panzerglass-oneplus/
2026-01-11 04:28:00,432 - INFO - Scraping 5740/6851: https://www.refurbed.de/p/panzerglass-oppo/
2026-01-11 04:28:02,168 - INFO - Scraping 5741/6851: https://www.refurbed.de/p/panzerglass-realme/
2026-01-11 04:28:03,886 - INFO - Scraping 5742/6851: https://www.refurbed.de/p/panzerglass-samsung-tablet/
2026-01-11 04:28:05,497 - INFO - Scraping 5743/6851: https://www.refurbed.de/p/panzerglass-tab-bndl-transparent/
2026-01-11 04:28:07,171 - INFO - Scraping 5744/6851: https://www.refurbed.de/p/pg-privacy-screen-iphone-15/
2026-01-11 04:28:08,637 - INFO - Scraping 5745/6851: https://www.refurbed.de/p/pg-privacy-screen-macbook/
2026-01-11 04:28:10,079 - INFO - Scraping 5746/6851: https://www.refurbed.de/p/philips-voice-tracer-dvt2050/
2026-01-11 04:28:11,588 - INFO - Scraping 5747/6851: https://www.refurbed.de/p/realme-11-pro-5g/
2026-01-11 04:28:12,951 - INFO - Scraping 5748/6851: https://www.refurbed.de/p/realme-12-pro-5g/
2026-01-11 04:28:13,147 - ERROR - Error fetching https://www.refurbed.de/p/realme-12-pro-5g/: 404 Client Error: Not Found for url: https://www.refurbed.de/p/realme-12-pro-5g/
2026-01-11 04:28:14,149 - INFO - Scraping 5749/6851: https://www.refurbed.de/p/realme-12-pro-plus-5g/
2026-01-11 04:28:15,591 - INFO - Scraping 5750/6851: https://www.refurbed.de/p/realme-5-pro/
2026-01-11 04:28:17,131 - INFO - Scraping 5751/6851: https://www.refurbed.de/p/realme-5/
2026-01-11 04:28:18,446 - INFO - Scraping 5752/6851: https://www.refurbed.de/p/realme-5i/
2026-01-11 04:28:19,958 - INFO - Scraping 5753/6851: https://www.refurbed.de/p/realme-6-pro/
2026-01-11 04:28:21,345 - INFO - Scraping 5754/6851: https://www.refurbed.de/p/realme-6/
2026-01-11 04:28:22,768 - INFO - Scraping 5755/6851: https://www.refurbed.de/p/realme-6i/
2026-01-11 04:28:24,205 - INFO - Scraping 5756/6851: https://www.refurbed.de/p/realme-6s/
2026-01-11 04:28:25,519 - INFO - Scraping 5757/6851: https://www.refurbed.de/p/realme-7-5g/
2026-01-11 04:28:27,081 - INFO - Scraping 5758/6851: https://www.refurbed.de/p/realme-7-pro/
2026-01-11 04:28:28,590 - INFO - Scraping 5759/6851: https://www.refurbed.de/p/realme-7/
2026-01-11 04:28:30,185 - INFO - Scraping 5760/6851: https://www.refurbed.de/p/realme-7i-global/
2026-01-11 04:28:31,574 - INFO - Scraping 5761/6851: https://www.refurbed.de/p/realme-8-5g/
2026-01-11 04:28:33,038 - INFO - Scraping 5762/6851: https://www.refurbed.de/p/realme-8-pro/
2026-01-11 04:28:34,582 - INFO - Scraping 5763/6851: https://www.refurbed.de/p/realme-8/
2026-01-11 04:28:36,359 - INFO - Scraping 5764/6851: https://www.refurbed.de/p/realme-8i/
2026-01-11 04:28:37,866 - INFO - Scraping 5765/6851: https://www.refurbed.de/p/realme-9-5g/
2026-01-11 04:28:39,326 - INFO - Scraping 5766/6851: https://www.refurbed.de/p/realme-9-pro-5g/
2026-01-11 04:28:40,975 - INFO - Scraping 5767/6851: https://www.refurbed.de/p/realme-9-pro-plus-5g/
2026-01-11 04:28:42,900 - INFO - Scraping 5768/6851: https://www.refurbed.de/p/realme-9-pro-plus/
2026-01-11 04:28:44,764 - INFO - Scraping 5769/6851: https://www.refurbed.de/p/realme-9/
2026-01-11 04:28:46,141 - INFO - Scraping 5770/6851: https://www.refurbed.de/p/realme-9i/
2026-01-11 04:28:47,698 - INFO - Scraping 5771/6851: https://www.refurbed.de/p/realme-buds-air-3/
2026-01-11 04:28:49,083 - INFO - Scraping 5772/6851: https://www.refurbed.de/p/realme-c11-2021/
2026-01-11 04:28:50,564 - INFO - Scraping 5773/6851: https://www.refurbed.de/p/realme-c11/
2026-01-11 04:28:52,147 - INFO - Scraping 5774/6851: https://www.refurbed.de/p/realme-c21/
2026-01-11 04:28:53,700 - INFO - Scraping 5775/6851: https://www.refurbed.de/p/realme-c3/
2026-01-11 04:28:55,118 - INFO - Scraping 5776/6851: https://www.refurbed.de/p/realme-c31/
2026-01-11 04:28:56,825 - INFO - Scraping 5777/6851: https://www.refurbed.de/p/realme-gt-2-pro/
2026-01-11 04:28:58,396 - INFO - Scraping 5778/6851: https://www.refurbed.de/p/realme-gt-3/
2026-01-11 04:29:00,210 - INFO - Scraping 5779/6851: https://www.refurbed.de/p/realme-gt-5g-master/
2026-01-11 04:29:01,718 - INFO - Scraping 5780/6851: https://www.refurbed.de/p/realme-gt-5g/
2026-01-11 04:29:03,297 - INFO - Scraping 5781/6851: https://www.refurbed.de/p/realme-gt-neo-2/
2026-01-11 04:29:04,830 - INFO - Scraping 5782/6851: https://www.refurbed.de/p/realme-gt-neo-3-150w/
2026-01-11 04:29:06,384 - INFO - Scraping 5783/6851: https://www.refurbed.de/p/realme-gt-neo-3-80w/
2026-01-11 04:29:07,861 - INFO - Scraping 5784/6851: https://www.refurbed.de/p/realme-gt-neo-3t/
2026-01-11 04:29:09,182 - INFO - Scraping 5785/6851: https://www.refurbed.de/p/realme-narzo-30-5g/
2026-01-11 04:29:10,735 - INFO - Scraping 5786/6851: https://www.refurbed.de/p/realme-narzo-30a/
2026-01-11 04:29:12,237 - INFO - Scraping 5787/6851: https://www.refurbed.de/p/realme-narzo-50-5g/
2026-01-11 04:29:13,663 - INFO - Scraping 5788/6851: https://www.refurbed.de/p/realme-narzo-50/
2026-01-11 04:29:15,240 - INFO - Scraping 5789/6851: https://www.refurbed.de/p/realme-narzo-50a-prime/
2026-01-11 04:29:16,739 - INFO - Scraping 5790/6851: https://www.refurbed.de/p/realme-pad-mini-8-7/
2026-01-11 04:29:18,078 - INFO - Scraping 5791/6851: https://www.refurbed.de/p/realme-pro3/
2026-01-11 04:29:19,662 - INFO - Scraping 5792/6851: https://www.refurbed.de/p/realme-x2-pro/
2026-01-11 04:29:21,241 - INFO - Scraping 5793/6851: https://www.refurbed.de/p/realme-x2/
2026-01-11 04:29:22,575 - INFO - Scraping 5794/6851: https://www.refurbed.de/p/realme-x3-super-zoom/
2026-01-11 04:29:24,211 - INFO - Scraping 5795/6851: https://www.refurbed.de/p/realme-x50-5g/
2026-01-11 04:29:25,577 - INFO - Scraping 5796/6851: https://www.refurbed.de/p/realme-x50-pro-5g/
2026-01-11 04:29:26,901 - INFO - Scraping 5797/6851: https://www.refurbed.de/p/realme-xt/
2026-01-11 04:29:28,304 - INFO - Scraping 5798/6851: https://www.refurbed.de/p/samsung--book3-pro-1340p360-16/
2026-01-11 04:29:29,613 - INFO - Scraping 5799/6851: https://www.refurbed.de/p/samsung-2233bw/
2026-01-11 04:29:30,977 - INFO - Scraping 5800/6851: https://www.refurbed.de/p/samsung-2443bw/
2026-01-11 04:29:32,452 - INFO - Scraping 5801/6851: https://www.refurbed.de/p/samsung-4k-lsp9t-triple-laser/
2026-01-11 04:29:34,018 - INFO - Scraping 5802/6851: https://www.refurbed.de/p/samsung-a040r033l/
2026-01-11 04:29:35,532 - INFO - Scraping 5803/6851: https://www.refurbed.de/p/samsung-activity-tracker-ei-an90/
2026-01-11 04:29:36,846 - INFO - Scraping 5804/6851: https://www.refurbed.de/p/samsung-akg-s30/
2026-01-11 04:29:38,214 - INFO - Scraping 5805/6851: https://www.refurbed.de/p/samsung-akg-y100-wireless/
2026-01-11 04:29:39,690 - INFO - Scraping 5806/6851: https://www.refurbed.de/p/samsung-b2100/
2026-01-11 04:29:41,066 - INFO - Scraping 5807/6851: https://www.refurbed.de/p/samsung-b2240mw/
2026-01-11 04:29:42,540 - INFO - Scraping 5808/6851: https://www.refurbed.de/p/samsung-b2710/
2026-01-11 04:29:44,432 - INFO - Scraping 5809/6851: https://www.refurbed.de/p/samsung-bespo-jetbot-combo-steam/
2026-01-11 04:29:45,891 - INFO - Scraping 5810/6851: https://www.refurbed.de/p/samsung-bespoke-jet-pet/
2026-01-11 04:29:47,245 - INFO - Scraping 5811/6851: https://www.refurbed.de/p/samsung-book-flex-10210u/
2026-01-11 04:29:48,725 - INFO - Scraping 5812/6851: https://www.refurbed.de/p/samsung-book-flex-i7-10510u/
2026-01-11 04:29:50,159 - INFO - Scraping 5813/6851: https://www.refurbed.de/p/samsung-book2-15-i3-1215u/
2026-01-11 04:29:51,657 - INFO - Scraping 5814/6851: https://www.refurbed.de/p/samsung-book2-15-i5-1235u/
2026-01-11 04:29:53,008 - INFO - Scraping 5815/6851: https://www.refurbed.de/p/samsung-book2-15-i7-1255u/
2026-01-11 04:29:54,631 - INFO - Scraping 5816/6851: https://www.refurbed.de/p/samsung-book2-pro-15-i5-1235u/
2026-01-11 04:29:55,972 - INFO - Scraping 5817/6851: https://www.refurbed.de/p/samsung-book2-pro-15-i7-1260p/
2026-01-11 04:29:57,378 - INFO - Scraping 5818/6851: https://www.refurbed.de/p/samsung-book2-pro-360-1240p/
2026-01-11 04:29:59,130 - INFO - Scraping 5819/6851: https://www.refurbed.de/p/samsung-book2-pro-360-13-1240p/
2026-01-11 04:30:00,464 - INFO - Scraping 5820/6851: https://www.refurbed.de/p/samsung-book2-pro-360-13-1260p/
2026-01-11 04:30:01,799 - INFO - Scraping 5821/6851: https://www.refurbed.de/p/samsung-book3-15-i3-1315u/
2026-01-11 04:30:03,686 - INFO - Scraping 5822/6851: https://www.refurbed.de/p/samsung-book3-15-i5-1335u/
2026-01-11 04:30:05,814 - INFO - Scraping 5823/6851: https://www.refurbed.de/p/samsung-bs-jetbot-combo-ai-steam/
2026-01-11 04:30:07,166 - INFO - Scraping 5824/6851: https://www.refurbed.de/p/samsung-c27f396fhu-27/
2026-01-11 04:30:08,563 - INFO - Scraping 5825/6851: https://www.refurbed.de/p/samsung-c27f591/
2026-01-11 04:30:09,931 - INFO - Scraping 5826/6851: https://www.refurbed.de/p/samsung-c49hg90/
2026-01-11 04:30:11,387 - INFO - Scraping 5827/6851: https://www.refurbed.de/p/samsung-ch890-2017-34/
2026-01-11 04:30:13,107 - INFO - Scraping 5828/6851: https://www.refurbed.de/p/samsung-chromebook-2-360-n4500/
2026-01-11 04:30:14,435 - INFO - Scraping 5829/6851: https://www.refurbed.de/p/samsung-chromebook-go-n4500/
2026-01-11 04:30:15,801 - INFO - Scraping 5830/6851: https://www.refurbed.de/p/samsung-crystal-uhd-ue43cu7172u/
2026-01-11 04:30:17,213 - INFO - Scraping 5831/6851: https://www.refurbed.de/p/samsung-crystal-uhd-ue50cu7172u/
2026-01-11 04:30:18,797 - INFO - Scraping 5832/6851: https://www.refurbed.de/p/samsung-dm48e-48/
2026-01-11 04:30:20,349 - INFO - Scraping 5833/6851: https://www.refurbed.de/p/samsung-dm55e-55/
2026-01-11 04:30:21,734 - INFO - Scraping 5834/6851: https://www.refurbed.de/p/samsung-ef-dx710-bkcvr-kbrd-slim/
2026-01-11 04:30:23,158 - INFO - Scraping 5835/6851: https://www.refurbed.de/p/samsung-ef-dx810-bkcvr-kbrd-slim/
2026-01-11 04:30:24,952 - INFO - Scraping 5836/6851: https://www.refurbed.de/p/samsung-ef-dx925-bkcvr-kbrd/
2026-01-11 04:30:26,485 - INFO - Scraping 5837/6851: https://www.refurbed.de/p/samsung-essen-monitor-s3-s31c-24/
2026-01-11 04:30:28,208 - INFO - Scraping 5838/6851: https://www.refurbed.de/p/samsung-essen-monitor-s3-s36c-27/
2026-01-11 04:30:29,593 - INFO - Scraping 5839/6851: https://www.refurbed.de/p/samsung-f37t-24/
2026-01-11 04:30:31,004 - INFO - Scraping 5840/6851: https://www.refurbed.de/p/samsung-flip-2-wm65r/
2026-01-11 04:30:32,386 - INFO - Scraping 5841/6851: https://www.refurbed.de/p/samsung-flip-pro-wm75b/
2026-01-11 04:30:33,696 - INFO - Scraping 5842/6851: https://www.refurbed.de/p/samsung-flip-pro-wm85b/
2026-01-11 04:30:35,139 - INFO - Scraping 5843/6851: https://www.refurbed.de/p/samsung-flip-wa65c/
2026-01-11 04:30:36,797 - INFO - Scraping 5844/6851: https://www.refurbed.de/p/samsung-frame-gq55ls03b/
2026-01-11 04:30:38,111 - INFO - Scraping 5845/6851: https://www.refurbed.de/p/samsung-freestyle-2g-sp-lff3clax/
2026-01-11 04:30:39,432 - INFO - Scraping 5846/6851: https://www.refurbed.de/p/samsung-freestyle-lsp3/
2026-01-11 04:30:40,808 - INFO - Scraping 5847/6851: https://www.refurbed.de/p/samsung-g-b4-edge-xelitex1e80100/
2026-01-11 04:30:42,429 - INFO - Scraping 5848/6851: https://www.refurbed.de/p/samsung-g-b4-edge-xelitex1e84100/
2026-01-11 04:30:44,343 - INFO - Scraping 5849/6851: https://www.refurbed.de/p/samsung-g-book2-pro-360-15-1260p/
2026-01-11 04:30:45,655 - INFO - Scraping 5850/6851: https://www.refurbed.de/p/samsung-g-book4-edge-x1p-42-100/
2026-01-11 04:30:47,033 - INFO - Scraping 5851/6851: https://www.refurbed.de/p/samsung-galaxy-a01/
2026-01-11 04:30:48,538 - INFO - Scraping 5852/6851: https://www.refurbed.de/p/samsung-galaxy-a02s/
2026-01-11 04:30:50,078 - INFO - Scraping 5853/6851: https://www.refurbed.de/p/samsung-galaxy-a03/
2026-01-11 04:30:51,739 - INFO - Scraping 5854/6851: https://www.refurbed.de/p/samsung-galaxy-a03s/
2026-01-11 04:30:53,238 - INFO - Scraping 5855/6851: https://www.refurbed.de/p/samsung-galaxy-a04/
2026-01-11 04:30:54,642 - INFO - Scraping 5856/6851: https://www.refurbed.de/p/samsung-galaxy-a04s/
2026-01-11 04:30:56,021 - INFO - Scraping 5857/6851: https://www.refurbed.de/p/samsung-galaxy-a05/
2026-01-11 04:30:57,343 - INFO - Scraping 5858/6851: https://www.refurbed.de/p/samsung-galaxy-a05s/
2026-01-11 04:30:58,851 - INFO - Scraping 5859/6851: https://www.refurbed.de/p/samsung-galaxy-a06/
2026-01-11 04:31:00,502 - INFO - Scraping 5860/6851: https://www.refurbed.de/p/samsung-galaxy-a10/
2026-01-11 04:31:01,956 - INFO - Scraping 5861/6851: https://www.refurbed.de/p/samsung-galaxy-a10s/
2026-01-11 04:31:03,246 - INFO - Scraping 5862/6851: https://www.refurbed.de/p/samsung-galaxy-a11/
2026-01-11 04:31:04,746 - INFO - Scraping 5863/6851: https://www.refurbed.de/p/samsung-galaxy-a12-nacho/
2026-01-11 04:31:06,307 - INFO - Scraping 5864/6851: https://www.refurbed.de/p/samsung-galaxy-a12/
2026-01-11 04:31:08,214 - INFO - Scraping 5865/6851: https://www.refurbed.de/p/samsung-galaxy-a13-5g/
2026-01-11 04:31:09,893 - INFO - Scraping 5866/6851: https://www.refurbed.de/p/samsung-galaxy-a13/
2026-01-11 04:31:11,470 - INFO - Scraping 5867/6851: https://www.refurbed.de/p/samsung-galaxy-a14-5g/
2026-01-11 04:31:13,045 - INFO - Scraping 5868/6851: https://www.refurbed.de/p/samsung-galaxy-a14/
2026-01-11 04:31:14,925 - INFO - Scraping 5869/6851: https://www.refurbed.de/p/samsung-galaxy-a15-5g/
2026-01-11 04:31:16,574 - INFO - Scraping 5870/6851: https://www.refurbed.de/p/samsung-galaxy-a15/
2026-01-11 04:31:18,206 - INFO - Scraping 5871/6851: https://www.refurbed.de/p/samsung-galaxy-a16-5g/
2026-01-11 04:31:19,700 - INFO - Scraping 5872/6851: https://www.refurbed.de/p/samsung-galaxy-a16/
2026-01-11 04:31:21,084 - INFO - Scraping 5873/6851: https://www.refurbed.de/p/samsung-galaxy-a20/
2026-01-11 04:31:22,417 - INFO - Scraping 5874/6851: https://www.refurbed.de/p/samsung-galaxy-a20e/
2026-01-11 04:31:24,004 - INFO - Scraping 5875/6851: https://www.refurbed.de/p/samsung-galaxy-a20s/
2026-01-11 04:31:25,612 - INFO - Scraping 5876/6851: https://www.refurbed.de/p/samsung-galaxy-a21s/
2026-01-11 04:31:27,347 - INFO - Scraping 5877/6851: https://www.refurbed.de/p/samsung-galaxy-a22-5g/
2026-01-11 04:31:29,007 - INFO - Scraping 5878/6851: https://www.refurbed.de/p/samsung-galaxy-a22/
2026-01-11 04:31:30,735 - INFO - Scraping 5879/6851: https://www.refurbed.de/p/samsung-galaxy-a22s-5g/
2026-01-11 04:31:32,160 - INFO - Scraping 5880/6851: https://www.refurbed.de/p/samsung-galaxy-a23-5g/
2026-01-11 04:31:34,677 - INFO - Scraping 5881/6851: https://www.refurbed.de/p/samsung-galaxy-a23/
2026-01-11 04:31:36,021 - INFO - Scraping 5882/6851: https://www.refurbed.de/p/samsung-galaxy-a24/
2026-01-11 04:31:37,506 - INFO - Scraping 5883/6851: https://www.refurbed.de/p/samsung-galaxy-a25-5g/
2026-01-11 04:31:39,198 - INFO - Scraping 5884/6851: https://www.refurbed.de/p/samsung-galaxy-a26-5g/
2026-01-11 04:31:40,849 - INFO - Scraping 5885/6851: https://www.refurbed.de/p/samsung-galaxy-a3-2014-a300f/
2026-01-11 04:31:42,210 - INFO - Scraping 5886/6851: https://www.refurbed.de/p/samsung-galaxy-a3-2017-a320f/
2026-01-11 04:31:43,900 - INFO - Scraping 5887/6851: https://www.refurbed.de/p/samsung-galaxy-a3-a310f/
2026-01-11 04:31:45,626 - INFO - Scraping 5888/6851: https://www.refurbed.de/p/samsung-galaxy-a30/
2026-01-11 04:31:47,028 - INFO - Scraping 5889/6851: https://www.refurbed.de/p/samsung-galaxy-a30s/
2026-01-11 04:31:48,553 - INFO - Scraping 5890/6851: https://www.refurbed.de/p/samsung-galaxy-a31/
2026-01-11 04:31:50,099 - INFO - Scraping 5891/6851: https://www.refurbed.de/p/samsung-galaxy-a32-5g/
2026-01-11 04:31:51,455 - INFO - Scraping 5892/6851: https://www.refurbed.de/p/samsung-galaxy-a32-eed/
2026-01-11 04:31:52,824 - INFO - Scraping 5893/6851: https://www.refurbed.de/p/samsung-galaxy-a32/
2026-01-11 04:31:54,427 - INFO - Scraping 5894/6851: https://www.refurbed.de/p/samsung-galaxy-a33-5g/
2026-01-11 04:31:55,975 - INFO - Scraping 5895/6851: https://www.refurbed.de/p/samsung-galaxy-a34/
2026-01-11 04:31:57,505 - INFO - Scraping 5896/6851: https://www.refurbed.de/p/samsung-galaxy-a35-5g/
2026-01-11 04:31:59,154 - INFO - Scraping 5897/6851: https://www.refurbed.de/p/samsung-galaxy-a36-5g/
2026-01-11 04:32:00,542 - INFO - Scraping 5898/6851: https://www.refurbed.de/p/samsung-galaxy-a40/
2026-01-11 04:32:02,037 - INFO - Scraping 5899/6851: https://www.refurbed.de/p/samsung-galaxy-a41/
2026-01-11 04:32:03,991 - INFO - Scraping 5900/6851: https://www.refurbed.de/p/samsung-galaxy-a42-5g/
2026-01-11 04:32:05,568 - INFO - Scraping 5901/6851: https://www.refurbed.de/p/samsung-galaxy-a5-2016/
2026-01-11 04:32:07,057 - INFO - Scraping 5902/6851: https://www.refurbed.de/p/samsung-galaxy-a5-2017/
2026-01-11 04:32:08,765 - INFO - Scraping 5903/6851: https://www.refurbed.de/p/samsung-galaxy-a5-a500f-2014/
2026-01-11 04:32:10,412 - INFO - Scraping 5904/6851: https://www.refurbed.de/p/samsung-galaxy-a50/
2026-01-11 04:32:12,327 - INFO - Scraping 5905/6851: https://www.refurbed.de/p/samsung-galaxy-a50s-eu/
2026-01-11 04:32:13,621 - INFO - Scraping 5906/6851: https://www.refurbed.de/p/samsung-galaxy-a51-5g/
2026-01-11 04:32:15,638 - INFO - Scraping 5907/6851: https://www.refurbed.de/p/samsung-galaxy-a51/
2026-01-11 04:32:17,351 - INFO - Scraping 5908/6851: https://www.refurbed.de/p/samsung-galaxy-a52-5g/
2026-01-11 04:32:19,077 - INFO - Scraping 5909/6851: https://www.refurbed.de/p/samsung-galaxy-a52/
2026-01-11 04:32:20,636 - INFO - Scraping 5910/6851: https://www.refurbed.de/p/samsung-galaxy-a52s-5g/
2026-01-11 04:32:22,202 - INFO - Scraping 5911/6851: https://www.refurbed.de/p/samsung-galaxy-a53-5g/
2026-01-11 04:32:23,583 - INFO - Scraping 5912/6851: https://www.refurbed.de/p/samsung-galaxy-a54-5g/
2026-01-11 04:32:25,352 - INFO - Scraping 5913/6851: https://www.refurbed.de/p/samsung-galaxy-a55-5g/
2026-01-11 04:32:26,910 - INFO - Scraping 5914/6851: https://www.refurbed.de/p/samsung-galaxy-a56-5g/
2026-01-11 04:32:28,478 - INFO - Scraping 5915/6851: https://www.refurbed.de/p/samsung-galaxy-a6-2018-duos/
2026-01-11 04:32:30,819 - INFO - Scraping 5916/6851: https://www.refurbed.de/p/samsung-galaxy-a6-2018/
2026-01-11 04:32:32,734 - INFO - Scraping 5917/6851: https://www.refurbed.de/p/samsung-galaxy-a6plus-2018/
2026-01-11 04:32:34,264 - INFO - Scraping 5918/6851: https://www.refurbed.de/p/samsung-galaxy-a7-duos-2018-a750/
2026-01-11 04:32:35,966 - INFO - Scraping 5919/6851: https://www.refurbed.de/p/samsung-galaxy-a70/
2026-01-11 04:32:37,627 - INFO - Scraping 5920/6851: https://www.refurbed.de/p/samsung-galaxy-a71-5g-980/
2026-01-11 04:32:39,039 - INFO - Scraping 5921/6851: https://www.refurbed.de/p/samsung-galaxy-a71/
2026-01-11 04:32:40,671 - INFO - Scraping 5922/6851: https://www.refurbed.de/p/samsung-galaxy-a72/
2026-01-11 04:32:42,587 - INFO - Scraping 5923/6851: https://www.refurbed.de/p/samsung-galaxy-a73-5g/
2026-01-11 04:32:44,222 - INFO - Scraping 5924/6851: https://www.refurbed.de/p/samsung-galaxy-a8-2018-duos/
2026-01-11 04:32:45,851 - INFO - Scraping 5925/6851: https://www.refurbed.de/p/samsung-galaxy-a8-2018/
2026-01-11 04:32:47,160 - INFO - Scraping 5926/6851: https://www.refurbed.de/p/samsung-galaxy-a8-plus-2018/
2026-01-11 04:32:48,611 - INFO - Scraping 5927/6851: https://www.refurbed.de/p/samsung-galaxy-a80/
2026-01-11 04:32:50,180 - INFO - Scraping 5928/6851: https://www.refurbed.de/p/samsung-galaxy-a9-2018/
2026-01-11 04:32:51,790 - INFO - Scraping 5929/6851: https://www.refurbed.de/p/samsung-galaxy-ace-style/
2026-01-11 04:32:53,431 - INFO - Scraping 5930/6851: https://www.refurbed.de/p/samsung-galaxy-alpha/
2026-01-11 04:32:54,919 - INFO - Scraping 5931/6851: https://www.refurbed.de/p/samsung-galaxy-b3-pro-i7-1360p/
2026-01-11 04:32:56,558 - INFO - Scraping 5932/6851: https://www.refurbed.de/p/samsung-galaxy-book-1135g7/
2026-01-11 04:32:58,023 - INFO - Scraping 5933/6851: https://www.refurbed.de/p/samsung-galaxy-book2-go/
2026-01-11 04:32:59,755 - INFO - Scraping 5934/6851: https://www.refurbed.de/p/samsung-galaxy-book3-360-13-3/
2026-01-11 04:33:01,306 - INFO - Scraping 5935/6851: https://www.refurbed.de/p/samsung-galaxy-book3-360-i5-15/
2026-01-11 04:33:02,724 - INFO - Scraping 5936/6851: https://www.refurbed.de/p/samsung-galaxy-book3-360-i5/
2026-01-11 04:33:04,056 - INFO - Scraping 5937/6851: https://www.refurbed.de/p/samsung-galaxy-book3-i7-1355u/
2026-01-11 04:33:05,512 - INFO - Scraping 5938/6851: https://www.refurbed.de/p/samsung-galaxy-book3-pro-360-16/
2026-01-11 04:33:07,004 - INFO - Scraping 5939/6851: https://www.refurbed.de/p/samsung-galaxy-book3-ultra-16/
2026-01-11 04:33:08,507 - INFO - Scraping 5940/6851: https://www.refurbed.de/p/samsung-galaxy-book4-3-100u/
2026-01-11 04:33:10,262 - INFO - Scraping 5941/6851: https://www.refurbed.de/p/samsung-galaxy-book4-360-5-120u/
2026-01-11 04:33:11,618 - INFO - Scraping 5942/6851: https://www.refurbed.de/p/samsung-galaxy-book4-360-7-150u/
2026-01-11 04:33:12,975 - INFO - Scraping 5943/6851: https://www.refurbed.de/p/samsung-galaxy-book4-5-120u/
2026-01-11 04:33:14,614 - INFO - Scraping 5944/6851: https://www.refurbed.de/p/samsung-galaxy-book4-7-150u/
2026-01-11 04:33:16,277 - INFO - Scraping 5945/6851: https://www.refurbed.de/p/samsung-galaxy-book4-i5-1335u/
2026-01-11 04:33:17,646 - INFO - Scraping 5946/6851: https://www.refurbed.de/p/samsung-galaxy-book4-i7-1355u/
2026-01-11 04:33:19,158 - INFO - Scraping 5947/6851: https://www.refurbed.de/p/samsung-galaxy-book4-pro-14-155h/
2026-01-11 04:33:20,498 - INFO - Scraping 5948/6851: https://www.refurbed.de/p/samsung-galaxy-book4-pro-16-125h/
2026-01-11 04:33:21,931 - INFO - Scraping 5949/6851: https://www.refurbed.de/p/samsung-galaxy-book4-pro-16-155h/
2026-01-11 04:33:23,309 - INFO - Scraping 5950/6851: https://www.refurbed.de/p/samsung-galaxy-book4-ultra-155h/
2026-01-11 04:33:24,655 - INFO - Scraping 5951/6851: https://www.refurbed.de/p/samsung-galaxy-book4-ultra-185h/
2026-01-11 04:33:26,013 - INFO - Scraping 5952/6851: https://www.refurbed.de/p/samsung-galaxy-book4pro-360-125h/
2026-01-11 04:33:27,433 - INFO - Scraping 5953/6851: https://www.refurbed.de/p/samsung-galaxy-book4pro-360-155h/
2026-01-11 04:33:28,800 - INFO - Scraping 5954/6851: https://www.refurbed.de/p/samsung-galaxy-book4pro360-elite/
2026-01-11 04:33:30,264 - INFO - Scraping 5955/6851: https://www.refurbed.de/p/samsung-galaxy-book5-360-5-226v/
2026-01-11 04:33:31,747 - INFO - Scraping 5956/6851: https://www.refurbed.de/p/samsung-galaxy-buds-fe/
2026-01-11 04:33:33,384 - INFO - Scraping 5957/6851: https://www.refurbed.de/p/samsung-galaxy-buds-live/
2026-01-11 04:33:34,768 - INFO - Scraping 5958/6851: https://www.refurbed.de/p/samsung-galaxy-buds-plus/
2026-01-11 04:33:36,078 - INFO - Scraping 5959/6851: https://www.refurbed.de/p/samsung-galaxy-buds/
2026-01-11 04:33:37,489 - INFO - Scraping 5960/6851: https://www.refurbed.de/p/samsung-galaxy-core-prime/
2026-01-11 04:33:38,872 - INFO - Scraping 5961/6851: https://www.refurbed.de/p/samsung-galaxy-fit-e/
2026-01-11 04:33:40,202 - INFO - Scraping 5962/6851: https://www.refurbed.de/p/samsung-galaxy-fit/
2026-01-11 04:33:42,066 - INFO - Scraping 5963/6851: https://www.refurbed.de/p/samsung-galaxy-fit2/
2026-01-11 04:33:43,407 - INFO - Scraping 5964/6851: https://www.refurbed.de/p/samsung-galaxy-fit3/
2026-01-11 04:33:44,842 - INFO - Scraping 5965/6851: https://www.refurbed.de/p/samsung-galaxy-fold/
2026-01-11 04:33:46,175 - INFO - Scraping 5966/6851: https://www.refurbed.de/p/samsung-galaxy-grand-prime-value/
2026-01-11 04:33:47,506 - INFO - Scraping 5967/6851: https://www.refurbed.de/p/samsung-galaxy-grand-prime/
2026-01-11 04:33:48,854 - INFO - Scraping 5968/6851: https://www.refurbed.de/p/samsung-galaxy-j1-j100h/
2026-01-11 04:33:50,197 - INFO - Scraping 5969/6851: https://www.refurbed.de/p/samsung-galaxy-j2-core-2018/
2026-01-11 04:33:51,611 - INFO - Scraping 5970/6851: https://www.refurbed.de/p/samsung-galaxy-j3-2016/
2026-01-11 04:33:53,605 - INFO - Scraping 5971/6851: https://www.refurbed.de/p/samsung-galaxy-j3-2017/
2026-01-11 04:33:55,129 - INFO - Scraping 5972/6851: https://www.refurbed.de/p/samsung-galaxy-j4/
2026-01-11 04:33:56,708 - INFO - Scraping 5973/6851: https://www.refurbed.de/p/samsung-galaxy-j5-2015/
2026-01-11 04:33:58,076 - INFO - Scraping 5974/6851: https://www.refurbed.de/p/samsung-galaxy-j5-2016/
2026-01-11 04:34:00,069 - INFO - Scraping 5975/6851: https://www.refurbed.de/p/samsung-galaxy-j5-2017/
2026-01-11 04:34:01,849 - INFO - Scraping 5976/6851: https://www.refurbed.de/p/samsung-galaxy-j5-pro/
2026-01-11 04:34:03,307 - INFO - Scraping 5977/6851: https://www.refurbed.de/p/samsung-galaxy-j6/
2026-01-11 04:34:04,981 - INFO - Scraping 5978/6851: https://www.refurbed.de/p/samsung-galaxy-j6plus/
2026-01-11 04:34:06,377 - INFO - Scraping 5979/6851: https://www.refurbed.de/p/samsung-galaxy-j7-2016/
2026-01-11 04:34:07,678 - INFO - Scraping 5980/6851: https://www.refurbed.de/p/samsung-galaxy-j7-2017/
2026-01-11 04:34:09,255 - INFO - Scraping 5981/6851: https://www.refurbed.de/p/samsung-galaxy-j7-pro/
2026-01-11 04:34:10,630 - INFO - Scraping 5982/6851: https://www.refurbed.de/p/samsung-galaxy-j7-v-2018/
2026-01-11 04:34:11,957 - INFO - Scraping 5983/6851: https://www.refurbed.de/p/samsung-galaxy-j8-2018/
2026-01-11 04:34:13,316 - INFO - Scraping 5984/6851: https://www.refurbed.de/p/samsung-galaxy-m10/
2026-01-11 04:34:14,627 - INFO - Scraping 5985/6851: https://www.refurbed.de/p/samsung-galaxy-m11/
2026-01-11 04:34:16,331 - INFO - Scraping 5986/6851: https://www.refurbed.de/p/samsung-galaxy-m12/
2026-01-11 04:34:17,874 - INFO - Scraping 5987/6851: https://www.refurbed.de/p/samsung-galaxy-m13/
2026-01-11 04:34:19,737 - INFO - Scraping 5988/6851: https://www.refurbed.de/p/samsung-galaxy-m20/
2026-01-11 04:34:21,299 - INFO - Scraping 5989/6851: https://www.refurbed.de/p/samsung-galaxy-m21-2021/
2026-01-11 04:34:22,641 - INFO - Scraping 5990/6851: https://www.refurbed.de/p/samsung-galaxy-m21/
2026-01-11 04:34:24,366 - INFO - Scraping 5991/6851: https://www.refurbed.de/p/samsung-galaxy-m22/
2026-01-11 04:34:25,726 - INFO - Scraping 5992/6851: https://www.refurbed.de/p/samsung-galaxy-m23-5g/
2026-01-11 04:34:27,325 - INFO - Scraping 5993/6851: https://www.refurbed.de/p/samsung-galaxy-m30/
2026-01-11 04:34:28,676 - INFO - Scraping 5994/6851: https://www.refurbed.de/p/samsung-galaxy-m30s/
2026-01-11 04:34:30,196 - INFO - Scraping 5995/6851: https://www.refurbed.de/p/samsung-galaxy-m31/
2026-01-11 04:34:31,711 - INFO - Scraping 5996/6851: https://www.refurbed.de/p/samsung-galaxy-m31s/
2026-01-11 04:34:33,329 - INFO - Scraping 5997/6851: https://www.refurbed.de/p/samsung-galaxy-m32/
2026-01-11 04:34:34,720 - INFO - Scraping 5998/6851: https://www.refurbed.de/p/samsung-galaxy-m33-5g/
2026-01-11 04:34:36,218 - INFO - Scraping 5999/6851: https://www.refurbed.de/p/samsung-galaxy-m34-5g/
2026-01-11 04:34:37,561 - INFO - Scraping 6000/6851: https://www.refurbed.de/p/samsung-galaxy-m51/
2026-01-11 04:34:39,011 - INFO - Scraping 6001/6851: https://www.refurbed.de/p/samsung-galaxy-m52-5g/
2026-01-11 04:34:40,617 - INFO - Scraping 6002/6851: https://www.refurbed.de/p/samsung-galaxy-m53/
2026-01-11 04:34:42,352 - INFO - Scraping 6003/6851: https://www.refurbed.de/p/samsung-galaxy-mega-6-3/
2026-01-11 04:34:43,779 - INFO - Scraping 6004/6851: https://www.refurbed.de/p/samsung-galaxy-note-10-1-2014/
2026-01-11 04:34:45,171 - INFO - Scraping 6005/6851: https://www.refurbed.de/p/samsung-galaxy-note-10-lite/
2026-01-11 04:34:46,651 - INFO - Scraping 6006/6851: https://www.refurbed.de/p/samsung-galaxy-note-10/
2026-01-11 04:34:48,286 - INFO - Scraping 6007/6851: https://www.refurbed.de/p/samsung-galaxy-note-101-n8010/
2026-01-11 04:34:49,698 - INFO - Scraping 6008/6851: https://www.refurbed.de/p/samsung-galaxy-note-101-n8020/
2026-01-11 04:34:51,040 - INFO - Scraping 6009/6851: https://www.refurbed.de/p/samsung-galaxy-note-10plus/
2026-01-11 04:34:52,571 - INFO - Scraping 6010/6851: https://www.refurbed.de/p/samsung-galaxy-note-20/
2026-01-11 04:34:54,090 - INFO - Scraping 6011/6851: https://www.refurbed.de/p/samsung-galaxy-note-3/
2026-01-11 04:34:55,476 - INFO - Scraping 6012/6851: https://www.refurbed.de/p/samsung-galaxy-note-4/
2026-01-11 04:34:56,803 - INFO - Scraping 6013/6851: https://www.refurbed.de/p/samsung-galaxy-note-8/
2026-01-11 04:34:58,184 - INFO - Scraping 6014/6851: https://www.refurbed.de/p/samsung-galaxy-note-9-duos/
2026-01-11 04:34:59,478 - INFO - Scraping 6015/6851: https://www.refurbed.de/p/samsung-galaxy-note-9/
2026-01-11 04:35:01,086 - INFO - Scraping 6016/6851: https://www.refurbed.de/p/samsung-galaxy-note-edge-2014-n9/
2026-01-11 04:35:02,477 - INFO - Scraping 6017/6851: https://www.refurbed.de/p/samsung-galaxy-note-pro-12-2/
2026-01-11 04:35:03,823 - INFO - Scraping 6018/6851: https://www.refurbed.de/p/samsung-galaxy-ring/
2026-01-11 04:35:05,312 - INFO - Scraping 6019/6851: https://www.refurbed.de/p/samsung-galaxy-s10-5g/
2026-01-11 04:35:06,745 - INFO - Scraping 6020/6851: https://www.refurbed.de/p/samsung-galaxy-s10-lite/
2026-01-11 04:35:08,269 - INFO - Scraping 6021/6851: https://www.refurbed.de/p/samsung-galaxy-s10-plus/
2026-01-11 04:35:09,819 - INFO - Scraping 6022/6851: https://www.refurbed.de/p/samsung-galaxy-s10/
2026-01-11 04:35:11,402 - INFO - Scraping 6023/6851: https://www.refurbed.de/p/samsung-galaxy-s10e/
2026-01-11 04:35:12,917 - INFO - Scraping 6024/6851: https://www.refurbed.de/p/samsung-galaxy-s20-5g/
2026-01-11 04:35:14,553 - INFO - Scraping 6025/6851: https://www.refurbed.de/p/samsung-galaxy-s20-fe-5g/
2026-01-11 04:35:16,070 - INFO - Scraping 6026/6851: https://www.refurbed.de/p/samsung-galaxy-s20-fe/
2026-01-11 04:35:17,678 - INFO - Scraping 6027/6851: https://www.refurbed.de/p/samsung-galaxy-s20-ultra/
2026-01-11 04:35:19,307 - INFO - Scraping 6028/6851: https://www.refurbed.de/p/samsung-galaxy-s20/
2026-01-11 04:35:20,821 - INFO - Scraping 6029/6851: https://www.refurbed.de/p/samsung-galaxy-s20plus/
2026-01-11 04:35:22,538 - INFO - Scraping 6030/6851: https://www.refurbed.de/p/samsung-galaxy-s21-5g-enterprise/
2026-01-11 04:35:23,881 - INFO - Scraping 6031/6851: https://www.refurbed.de/p/samsung-galaxy-s21-5g/
2026-01-11 04:35:25,513 - INFO - Scraping 6032/6851: https://www.refurbed.de/p/samsung-galaxy-s21-fe-5g/
2026-01-11 04:35:27,171 - INFO - Scraping 6033/6851: https://www.refurbed.de/p/samsung-galaxy-s21-plus-5g/
2026-01-11 04:35:28,572 - INFO - Scraping 6034/6851: https://www.refurbed.de/p/samsung-galaxy-s21-ultra-5g/
2026-01-11 04:35:30,165 - INFO - Scraping 6035/6851: https://www.refurbed.de/p/samsung-galaxy-s22-plus-5g/
2026-01-11 04:35:31,779 - INFO - Scraping 6036/6851: https://www.refurbed.de/p/samsung-galaxy-s22-ultra-5g/
2026-01-11 04:35:33,300 - INFO - Scraping 6037/6851: https://www.refurbed.de/p/samsung-galaxy-s22/
2026-01-11 04:35:34,665 - INFO - Scraping 6038/6851: https://www.refurbed.de/p/samsung-galaxy-s23-fe/
2026-01-11 04:35:36,265 - INFO - Scraping 6039/6851: https://www.refurbed.de/p/samsung-galaxy-s23-plus/
2026-01-11 04:35:37,661 - INFO - Scraping 6040/6851: https://www.refurbed.de/p/samsung-galaxy-s23-ultra/
2026-01-11 04:35:39,606 - INFO - Scraping 6041/6851: https://www.refurbed.de/p/samsung-galaxy-s23/
2026-01-11 04:35:41,014 - INFO - Scraping 6042/6851: https://www.refurbed.de/p/samsung-galaxy-s24-fe/
2026-01-11 04:35:42,558 - INFO - Scraping 6043/6851: https://www.refurbed.de/p/samsung-galaxy-s24-plus/
2026-01-11 04:35:44,110 - INFO - Scraping 6044/6851: https://www.refurbed.de/p/samsung-galaxy-s24-ultra/
2026-01-11 04:35:45,484 - INFO - Scraping 6045/6851: https://www.refurbed.de/p/samsung-galaxy-s24/
2026-01-11 04:35:46,879 - INFO - Scraping 6046/6851: https://www.refurbed.de/p/samsung-galaxy-s25-edge/
2026-01-11 04:35:48,598 - INFO - Scraping 6047/6851: https://www.refurbed.de/p/samsung-galaxy-s25-plus/
2026-01-11 04:35:50,103 - INFO - Scraping 6048/6851: https://www.refurbed.de/p/samsung-galaxy-s25-ultra/
2026-01-11 04:35:51,614 - INFO - Scraping 6049/6851: https://www.refurbed.de/p/samsung-galaxy-s25/
2026-01-11 04:35:53,096 - INFO - Scraping 6050/6851: https://www.refurbed.de/p/samsung-galaxy-s3-mini/
2026-01-11 04:35:54,442 - INFO - Scraping 6051/6851: https://www.refurbed.de/p/samsung-galaxy-s3/
2026-01-11 04:35:55,879 - INFO - Scraping 6052/6851: https://www.refurbed.de/p/samsung-galaxy-s4-active-i9295/
2026-01-11 04:35:57,217 - INFO - Scraping 6053/6851: https://www.refurbed.de/p/samsung-galaxy-s4-i9500/
2026-01-11 04:35:58,544 - INFO - Scraping 6054/6851: https://www.refurbed.de/p/samsung-galaxy-s4-i9505/
2026-01-11 04:35:59,963 - INFO - Scraping 6055/6851: https://www.refurbed.de/p/samsung-galaxy-s4-mini-i9195/
2026-01-11 04:36:01,279 - INFO - Scraping 6056/6851: https://www.refurbed.de/p/samsung-galaxy-s4-mini-i9195i/
2026-01-11 04:36:02,632 - INFO - Scraping 6057/6851: https://www.refurbed.de/p/samsung-galaxy-s5-active/
2026-01-11 04:36:03,988 - INFO - Scraping 6058/6851: https://www.refurbed.de/p/samsung-galaxy-s5-mini/
2026-01-11 04:36:05,437 - INFO - Scraping 6059/6851: https://www.refurbed.de/p/samsung-galaxy-s5-neo/
2026-01-11 04:36:06,844 - INFO - Scraping 6060/6851: https://www.refurbed.de/p/samsung-galaxy-s5-plus/
2026-01-11 04:36:08,156 - INFO - Scraping 6061/6851: https://www.refurbed.de/p/samsung-galaxy-s5/
2026-01-11 04:36:09,475 - INFO - Scraping 6062/6851: https://www.refurbed.de/p/samsung-galaxy-s6-active/
2026-01-11 04:36:10,804 - INFO - Scraping 6063/6851: https://www.refurbed.de/p/samsung-galaxy-s6-edge-plus/
2026-01-11 04:36:12,155 - INFO - Scraping 6064/6851: https://www.refurbed.de/p/samsung-galaxy-s6-edge/
2026-01-11 04:36:13,608 - INFO - Scraping 6065/6851: https://www.refurbed.de/p/samsung-galaxy-s6/
2026-01-11 04:36:15,195 - INFO - Scraping 6066/6851: https://www.refurbed.de/p/samsung-galaxy-s7-active/
2026-01-11 04:36:16,518 - INFO - Scraping 6067/6851: https://www.refurbed.de/p/samsung-galaxy-s7-edge-olympic-g/
2026-01-11 04:36:17,833 - INFO - Scraping 6068/6851: https://www.refurbed.de/p/samsung-galaxy-s7-edge/
2026-01-11 04:36:19,292 - INFO - Scraping 6069/6851: https://www.refurbed.de/p/samsung-galaxy-s7/
2026-01-11 04:36:20,801 - INFO - Scraping 6070/6851: https://www.refurbed.de/p/samsung-galaxy-s8-plus/
2026-01-11 04:36:22,350 - INFO - Scraping 6071/6851: https://www.refurbed.de/p/samsung-galaxy-s8/
2026-01-11 04:36:23,870 - INFO - Scraping 6072/6851: https://www.refurbed.de/p/samsung-galaxy-s9-duos/
2026-01-11 04:36:25,414 - INFO - Scraping 6073/6851: https://www.refurbed.de/p/samsung-galaxy-s9-plus-duos/
2026-01-11 04:36:26,921 - INFO - Scraping 6074/6851: https://www.refurbed.de/p/samsung-galaxy-s9-plus/
2026-01-11 04:36:28,690 - INFO - Scraping 6075/6851: https://www.refurbed.de/p/samsung-galaxy-s9/
2026-01-11 04:36:30,235 - INFO - Scraping 6076/6851: https://www.refurbed.de/p/samsung-galaxy-smarttag/
2026-01-11 04:36:31,575 - INFO - Scraping 6077/6851: https://www.refurbed.de/p/samsung-galaxy-tab-3-lite-7/
2026-01-11 04:36:32,917 - INFO - Scraping 6078/6851: https://www.refurbed.de/p/samsung-galaxy-tab-3/
2026-01-11 04:36:34,284 - INFO - Scraping 6079/6851: https://www.refurbed.de/p/samsung-galaxy-tab-4-10-1/
2026-01-11 04:36:35,781 - INFO - Scraping 6080/6851: https://www.refurbed.de/p/samsung-galaxy-tab-4-7-0-t230-7/
2026-01-11 04:36:37,093 - INFO - Scraping 6081/6851: https://www.refurbed.de/p/samsung-galaxy-tab-4-70-t230-lte/
2026-01-11 04:36:38,437 - INFO - Scraping 6082/6851: https://www.refurbed.de/p/samsung-galaxy-tab-a-10-1-p580/
2026-01-11 04:36:39,833 - INFO - Scraping 6083/6851: https://www.refurbed.de/p/samsung-galaxy-tab-a-10-1-t580-1/
2026-01-11 04:36:41,307 - INFO - Scraping 6084/6851: https://www.refurbed.de/p/samsung-galaxy-tab-a-10-1-t585/
2026-01-11 04:36:42,818 - INFO - Scraping 6085/6851: https://www.refurbed.de/p/samsung-galaxy-tab-a-10-5/
2026-01-11 04:36:44,125 - INFO - Scraping 6086/6851: https://www.refurbed.de/p/samsung-galaxy-tab-a-7-0-t280-20/
2026-01-11 04:36:45,445 - INFO - Scraping 6087/6851: https://www.refurbed.de/p/samsung-galaxy-tab-a-7-0-t285-4g/
2026-01-11 04:36:46,766 - INFO - Scraping 6088/6851: https://www.refurbed.de/p/samsung-galaxy-tab-a-8-4/
2026-01-11 04:36:48,287 - INFO - Scraping 6089/6851: https://www.refurbed.de/p/samsung-galaxy-tab-a-9-7/
2026-01-11 04:36:49,690 - INFO - Scraping 6090/6851: https://www.refurbed.de/p/samsung-galaxy-tab-a-t585/
2026-01-11 04:36:51,141 - INFO - Scraping 6091/6851: https://www.refurbed.de/p/samsung-galaxy-tab-a7-lite-t220/
2026-01-11 04:36:52,600 - INFO - Scraping 6092/6851: https://www.refurbed.de/p/samsung-galaxy-tab-a7-lite-t225/
2026-01-11 04:36:53,926 - INFO - Scraping 6093/6851: https://www.refurbed.de/p/samsung-galaxy-tab-a7/
2026-01-11 04:36:55,515 - INFO - Scraping 6094/6851: https://www.refurbed.de/p/samsung-galaxy-tab-a9-plus-x210/
2026-01-11 04:36:56,959 - INFO - Scraping 6095/6851: https://www.refurbed.de/p/samsung-galaxy-tab-a9-plus-x216/
2026-01-11 04:36:58,382 - INFO - Scraping 6096/6851: https://www.refurbed.de/p/samsung-galaxy-tab-a9-x110/
2026-01-11 04:36:59,948 - INFO - Scraping 6097/6851: https://www.refurbed.de/p/samsung-galaxy-tab-a9-x115/
2026-01-11 04:37:01,366 - INFO - Scraping 6098/6851: https://www.refurbed.de/p/samsung-galaxy-tab-active-3/
2026-01-11 04:37:02,789 - INFO - Scraping 6099/6851: https://www.refurbed.de/p/samsung-galaxy-tab-active-pro/
2026-01-11 04:37:04,261 - INFO - Scraping 6100/6851: https://www.refurbed.de/p/samsung-galaxy-tab-active/
2026-01-11 04:37:05,704 - INFO - Scraping 6101/6851: https://www.refurbed.de/p/samsung-galaxy-tab-active2-8/
2026-01-11 04:37:07,196 - INFO - Scraping 6102/6851: https://www.refurbed.de/p/samsung-galaxy-tab-active4-pro/
2026-01-11 04:37:08,714 - INFO - Scraping 6103/6851: https://www.refurbed.de/p/samsung-galaxy-tab-active5-x300n/
2026-01-11 04:37:10,019 - INFO - Scraping 6104/6851: https://www.refurbed.de/p/samsung-galaxy-tab-active5-x306b/
2026-01-11 04:37:11,414 - INFO - Scraping 6105/6851: https://www.refurbed.de/p/samsung-galaxy-tab-e-t377/
2026-01-11 04:37:12,772 - INFO - Scraping 6106/6851: https://www.refurbed.de/p/samsung-galaxy-tab-e-t561/
2026-01-11 04:37:14,148 - INFO - Scraping 6107/6851: https://www.refurbed.de/p/samsung-galaxy-tab-pro-10-1/
2026-01-11 04:37:15,570 - INFO - Scraping 6108/6851: https://www.refurbed.de/p/samsung-galaxy-tab-pro-12-2/
2026-01-11 04:37:16,876 - INFO - Scraping 6109/6851: https://www.refurbed.de/p/samsung-galaxy-tab-pro-8-4-2014/
2026-01-11 04:37:18,219 - INFO - Scraping 6110/6851: https://www.refurbed.de/p/samsung-galaxy-tab-pro-t525/
2026-01-11 04:37:19,536 - INFO - Scraping 6111/6851: https://www.refurbed.de/p/samsung-galaxy-tab-s-10-5/
2026-01-11 04:37:20,962 - INFO - Scraping 6112/6851: https://www.refurbed.de/p/samsung-galaxy-tab-s-8-4/
2026-01-11 04:37:22,455 - INFO - Scraping 6113/6851: https://www.refurbed.de/p/samsung-galaxy-tab-s10-fe-x520/
2026-01-11 04:37:24,062 - INFO - Scraping 6114/6851: https://www.refurbed.de/p/samsung-galaxy-tab-s10-fe-x526/
2026-01-11 04:37:25,593 - INFO - Scraping 6115/6851: https://www.refurbed.de/p/samsung-galaxy-tab-s10-x920/
2026-01-11 04:37:27,048 - INFO - Scraping 6116/6851: https://www.refurbed.de/p/samsung-galaxy-tab-s10-x926/
2026-01-11 04:37:28,491 - INFO - Scraping 6117/6851: https://www.refurbed.de/p/samsung-galaxy-tab-s10p-x820/
2026-01-11 04:37:29,952 - INFO - Scraping 6118/6851: https://www.refurbed.de/p/samsung-galaxy-tab-s10p-x826/
2026-01-11 04:37:31,487 - INFO - Scraping 6119/6851: https://www.refurbed.de/p/samsung-galaxy-tab-s2-9-7/
2026-01-11 04:37:33,166 - INFO - Scraping 6120/6851: https://www.refurbed.de/p/samsung-galaxy-tab-s3/
2026-01-11 04:37:34,848 - INFO - Scraping 6121/6851: https://www.refurbed.de/p/samsung-galaxy-tab-s4-10-5/
2026-01-11 04:37:36,338 - INFO - Scraping 6122/6851: https://www.refurbed.de/p/samsung-galaxy-tab-s5e-10-5/
2026-01-11 04:37:37,788 - INFO - Scraping 6123/6851: https://www.refurbed.de/p/samsung-galaxy-tab-s6-10-5/
2026-01-11 04:37:39,374 - INFO - Scraping 6124/6851: https://www.refurbed.de/p/samsung-galaxy-tab-s6-lite-10-4/
2026-01-11 04:37:40,742 - INFO - Scraping 6125/6851: https://www.refurbed.de/p/samsung-galaxy-tab-s6-lite-2022/
2026-01-11 04:37:42,204 - INFO - Scraping 6126/6851: https://www.refurbed.de/p/samsung-galaxy-tab-s8-plus/
2026-01-11 04:37:43,713 - INFO - Scraping 6127/6851: https://www.refurbed.de/p/samsung-galaxy-tab-s8-ultra/
2026-01-11 04:37:45,311 - INFO - Scraping 6128/6851: https://www.refurbed.de/p/samsung-galaxy-tab-s8/
2026-01-11 04:37:46,868 - INFO - Scraping 6129/6851: https://www.refurbed.de/p/samsung-galaxy-tab-s9-fe-p-x610/
2026-01-11 04:37:48,290 - INFO - Scraping 6130/6851: https://www.refurbed.de/p/samsung-galaxy-tab-s9-fe-p-x616/
2026-01-11 04:37:49,765 - INFO - Scraping 6131/6851: https://www.refurbed.de/p/samsung-galaxy-tab-s9-fe-x510/
2026-01-11 04:37:51,281 - INFO - Scraping 6132/6851: https://www.refurbed.de/p/samsung-galaxy-tab-s9-fe-x516/
2026-01-11 04:37:52,811 - INFO - Scraping 6133/6851: https://www.refurbed.de/p/samsung-galaxy-tab-s9-ultra/
2026-01-11 04:37:54,285 - INFO - Scraping 6134/6851: https://www.refurbed.de/p/samsung-galaxy-tab-s9-x710/
2026-01-11 04:37:55,835 - INFO - Scraping 6135/6851: https://www.refurbed.de/p/samsung-galaxy-tab-s9-x716/
2026-01-11 04:37:57,327 - INFO - Scraping 6136/6851: https://www.refurbed.de/p/samsung-galaxy-tab-s9plus/
2026-01-11 04:37:59,363 - INFO - Scraping 6137/6851: https://www.refurbed.de/p/samsung-galaxy-tabpro-8-4-t320/
2026-01-11 04:38:00,778 - INFO - Scraping 6138/6851: https://www.refurbed.de/p/samsung-galaxy-tabpro-s/
2026-01-11 04:38:00,987 - ERROR - Error fetching https://www.refurbed.de/p/samsung-galaxy-tabpro-s/: 404 Client Error: Not Found for url: https://www.refurbed.de/p/samsung-galaxy-tabpro-s/
2026-01-11 04:38:01,989 - INFO - Scraping 6139/6851: https://www.refurbed.de/p/samsung-galaxy-tabs7-plus-t976b/
2026-01-11 04:38:03,326 - INFO - Scraping 6140/6851: https://www.refurbed.de/p/samsung-galaxy-trend-2-lite/
2026-01-11 04:38:04,665 - INFO - Scraping 6141/6851: https://www.refurbed.de/p/samsung-galaxy-trend-lite/
2026-01-11 04:38:06,001 - INFO - Scraping 6142/6851: https://www.refurbed.de/p/samsung-galaxy-view-18-4/
2026-01-11 04:38:07,377 - INFO - Scraping 6143/6851: https://www.refurbed.de/p/samsung-galaxy-z-flip-3-5g/
2026-01-11 04:38:09,326 - INFO - Scraping 6144/6851: https://www.refurbed.de/p/samsung-galaxy-z-flip-3-bespoke/
2026-01-11 04:38:10,878 - INFO - Scraping 6145/6851: https://www.refurbed.de/p/samsung-galaxy-z-flip-5/
2026-01-11 04:38:12,505 - INFO - Scraping 6146/6851: https://www.refurbed.de/p/samsung-galaxy-z-flip-6/
2026-01-11 04:38:14,006 - INFO - Scraping 6147/6851: https://www.refurbed.de/p/samsung-galaxy-z-fold-3-5g/
2026-01-11 04:38:15,557 - INFO - Scraping 6148/6851: https://www.refurbed.de/p/samsung-galaxy-z-fold-4/
2026-01-11 04:38:17,152 - INFO - Scraping 6149/6851: https://www.refurbed.de/p/samsung-galaxy-z-fold-5/
2026-01-11 04:38:18,670 - INFO - Scraping 6150/6851: https://www.refurbed.de/p/samsung-galaxy-z-fold-6/
2026-01-11 04:38:20,051 - INFO - Scraping 6151/6851: https://www.refurbed.de/p/samsung-gb2-pro-13-i5-1240p-13-3/
2026-01-11 04:38:21,459 - INFO - Scraping 6152/6851: https://www.refurbed.de/p/samsung-gb2-pro-13-i7-1260p-13-3/
2026-01-11 04:38:22,902 - INFO - Scraping 6153/6851: https://www.refurbed.de/p/samsung-gb3-ultra-16-i9-13900h/
2026-01-11 04:38:24,578 - INFO - Scraping 6154/6851: https://www.refurbed.de/p/samsung-gb4-edge-x1e-80-100-16/
2026-01-11 04:38:26,060 - INFO - Scraping 6155/6851: https://www.refurbed.de/p/samsung-glx-tab-a-8-2017/
2026-01-11 04:38:27,488 - INFO - Scraping 6156/6851: https://www.refurbed.de/p/samsung-glx-tab-a-8-2018/
2026-01-11 04:38:28,991 - INFO - Scraping 6157/6851: https://www.refurbed.de/p/samsung-glx-tab-a-8-2019/
2026-01-11 04:38:30,608 - INFO - Scraping 6158/6851: https://www.refurbed.de/p/samsung-glx-tab-a8-x200-205/
2026-01-11 04:38:32,186 - INFO - Scraping 6159/6851: https://www.refurbed.de/p/samsung-glxy-12-7200u/
2026-01-11 04:38:32,378 - ERROR - Error fetching https://www.refurbed.de/p/samsung-glxy-12-7200u/: 404 Client Error: Not Found for url: https://www.refurbed.de/p/samsung-glxy-12-7200u/
2026-01-11 04:38:33,380 - INFO - Scraping 6160/6851: https://www.refurbed.de/p/samsung-glxy-bk5-pro-360-7-256v/
2026-01-11 04:38:34,711 - INFO - Scraping 6161/6851: https://www.refurbed.de/p/samsung-glxy-book-flex-1035g4/
2026-01-11 04:38:36,037 - INFO - Scraping 6162/6851: https://www.refurbed.de/p/samsung-glxy-book-flex-i7-1065g7/
2026-01-11 04:38:37,439 - INFO - Scraping 6163/6851: https://www.refurbed.de/p/samsung-glxy-book-flex2-5g-i7/
2026-01-11 04:38:38,854 - INFO - Scraping 6164/6851: https://www.refurbed.de/p/samsung-glxy-book-flex2-5g/
2026-01-11 04:38:40,229 - INFO - Scraping 6165/6851: https://www.refurbed.de/p/samsung-glxy-book-flex2-alpha/
2026-01-11 04:38:40,399 - ERROR - Error fetching https://www.refurbed.de/p/samsung-glxy-book-flex2-alpha/: 404 Client Error: Not Found for url: https://www.refurbed.de/p/samsung-glxy-book-flex2-alpha/
2026-01-11 04:38:41,401 - INFO - Scraping 6166/6851: https://www.refurbed.de/p/samsung-glxy-book-go-sd7c/
2026-01-11 04:38:42,801 - INFO - Scraping 6167/6851: https://www.refurbed.de/p/samsung-glxy-book-pro-1135g7-15/
2026-01-11 04:38:44,261 - INFO - Scraping 6168/6851: https://www.refurbed.de/p/samsung-glxy-book-pro-1135g7/
2026-01-11 04:38:45,644 - INFO - Scraping 6169/6851: https://www.refurbed.de/p/samsung-glxy-book-pro-1165g7-15/
2026-01-11 04:38:46,990 - INFO - Scraping 6170/6851: https://www.refurbed.de/p/samsung-glxy-book-pro-360-1135g7/
2026-01-11 04:38:48,319 - INFO - Scraping 6171/6851: https://www.refurbed.de/p/samsung-glxy-book-pro-360-1165g7/
2026-01-11 04:38:49,622 - INFO - Scraping 6172/6851: https://www.refurbed.de/p/samsung-glxy-book-pro-360-15-i7/
2026-01-11 04:38:50,956 - INFO - Scraping 6173/6851: https://www.refurbed.de/p/samsung-glxy-book-pro-i7-1160g7/
2026-01-11 04:38:52,587 - INFO - Scraping 6174/6851: https://www.refurbed.de/p/samsung-glxy-book-s-w767-8cx/
2026-01-11 04:38:54,098 - INFO - Scraping 6175/6851: https://www.refurbed.de/p/samsung-glxy-buds-pro/
2026-01-11 04:38:55,675 - INFO - Scraping 6176/6851: https://www.refurbed.de/p/samsung-glxy-buds2-pro/
2026-01-11 04:38:57,139 - INFO - Scraping 6177/6851: https://www.refurbed.de/p/samsung-glxy-buds2/
2026-01-11 04:38:58,711 - INFO - Scraping 6178/6851: https://www.refurbed.de/p/samsung-glxy-buds3-pro/
2026-01-11 04:39:00,024 - INFO - Scraping 6179/6851: https://www.refurbed.de/p/samsung-glxy-buds3/
2026-01-11 04:39:01,474 - INFO - Scraping 6180/6851: https://www.refurbed.de/p/samsung-glxy-i3115g4/
2026-01-11 04:39:03,181 - INFO - Scraping 6181/6851: https://www.refurbed.de/p/samsung-glxy-i71165g7/
2026-01-11 04:39:04,529 - INFO - Scraping 6182/6851: https://www.refurbed.de/p/samsung-glxy-j4/
2026-01-11 04:39:05,892 - INFO - Scraping 6183/6851: https://www.refurbed.de/p/samsung-glxy-klappklapp/
2026-01-11 04:39:07,269 - INFO - Scraping 6184/6851: https://www.refurbed.de/p/samsung-glxy-note-20-ultra/
2026-01-11 04:39:08,797 - INFO - Scraping 6185/6851: https://www.refurbed.de/p/samsung-glxy-t-s6-lite-p625-2024/
2026-01-11 04:39:10,359 - INFO - Scraping 6186/6851: https://www.refurbed.de/p/samsung-glxy-tab-2-10-1-p5100/
2026-01-11 04:39:11,758 - INFO - Scraping 6187/6851: https://www.refurbed.de/p/samsung-glxy-tab-4-80/
2026-01-11 04:39:13,110 - INFO - Scraping 6188/6851: https://www.refurbed.de/p/samsung-glxy-tab-a-10-t510t515/
2026-01-11 04:39:14,483 - INFO - Scraping 6189/6851: https://www.refurbed.de/p/samsung-glxy-tab-a6-7/
2026-01-11 04:39:15,839 - INFO - Scraping 6190/6851: https://www.refurbed.de/p/samsung-glxy-tab-e-9-6/
2026-01-11 04:39:17,262 - INFO - Scraping 6191/6851: https://www.refurbed.de/p/samsung-glxy-tab-s10-feplus-x626/
2026-01-11 04:39:18,701 - INFO - Scraping 6192/6851: https://www.refurbed.de/p/samsung-glxy-tab-s2-8-t713/
2026-01-11 04:39:20,171 - INFO - Scraping 6193/6851: https://www.refurbed.de/p/samsung-glxy-tab-s7-fe-5g/
2026-01-11 04:39:21,693 - INFO - Scraping 6194/6851: https://www.refurbed.de/p/samsung-glxy-tab-s7-fe/
2026-01-11 04:39:23,151 - INFO - Scraping 6195/6851: https://www.refurbed.de/p/samsung-glxy-tab-s7-plus-t970/
2026-01-11 04:39:24,680 - INFO - Scraping 6196/6851: https://www.refurbed.de/p/samsung-glxy-tab-s7-plus-t976/
2026-01-11 04:39:26,268 - INFO - Scraping 6197/6851: https://www.refurbed.de/p/samsung-glxy-tab-s7/
2026-01-11 04:39:27,891 - INFO - Scraping 6198/6851: https://www.refurbed.de/p/samsung-glxy-z-flip-3-5g/
2026-01-11 04:39:29,534 - INFO - Scraping 6199/6851: https://www.refurbed.de/p/samsung-glxy-z-flip-4-5g/
2026-01-11 04:39:30,997 - INFO - Scraping 6200/6851: https://www.refurbed.de/p/samsung-glxy-z-flip-4-bespoke/
2026-01-11 04:39:32,645 - INFO - Scraping 6201/6851: https://www.refurbed.de/p/samsung-glxy-z-flip-4g/
2026-01-11 04:39:34,003 - INFO - Scraping 6202/6851: https://www.refurbed.de/p/samsung-glxy-z-flip-5g/
2026-01-11 04:39:35,432 - INFO - Scraping 6203/6851: https://www.refurbed.de/p/samsung-glxy-z-flip4-5g/
2026-01-11 04:39:37,196 - INFO - Scraping 6204/6851: https://www.refurbed.de/p/samsung-glxy-z-fold-2-5g/
2026-01-11 04:39:38,673 - INFO - Scraping 6205/6851: https://www.refurbed.de/p/samsung-gq-55q70b-55/
2026-01-11 04:39:40,134 - INFO - Scraping 6206/6851: https://www.refurbed.de/p/samsung-gq43qn90c/
2026-01-11 04:39:41,681 - INFO - Scraping 6207/6851: https://www.refurbed.de/p/samsung-gq43qn90d/
2026-01-11 04:39:43,117 - INFO - Scraping 6208/6851: https://www.refurbed.de/p/samsung-gq49q80t-49/
2026-01-11 04:39:44,527 - INFO - Scraping 6209/6851: https://www.refurbed.de/p/samsung-gq50q60d/
2026-01-11 04:39:46,040 - INFO - Scraping 6210/6851: https://www.refurbed.de/p/samsung-gq50q80d/
2026-01-11 04:39:47,719 - INFO - Scraping 6211/6851: https://www.refurbed.de/p/samsung-gq50qe1d/
2026-01-11 04:39:49,080 - INFO - Scraping 6212/6851: https://www.refurbed.de/p/samsung-gq50qn90c/
2026-01-11 04:39:50,573 - INFO - Scraping 6213/6851: https://www.refurbed.de/p/samsung-gq50qn90d/
2026-01-11 04:39:51,902 - INFO - Scraping 6214/6851: https://www.refurbed.de/p/samsung-gq50qn94c/
2026-01-11 04:39:53,319 - INFO - Scraping 6215/6851: https://www.refurbed.de/p/samsung-gq55ls03t-55/
2026-01-11 04:39:54,648 - INFO - Scraping 6216/6851: https://www.refurbed.de/p/samsung-gq55q60d/
2026-01-11 04:39:56,036 - INFO - Scraping 6217/6851: https://www.refurbed.de/p/samsung-gq55q72b/
2026-01-11 04:39:57,597 - INFO - Scraping 6218/6851: https://www.refurbed.de/p/samsung-gq55q80c/
2026-01-11 04:39:59,135 - INFO - Scraping 6219/6851: https://www.refurbed.de/p/samsung-gq55qe1d/
2026-01-11 04:40:00,469 - INFO - Scraping 6220/6851: https://www.refurbed.de/p/samsung-gq55qn700c/
2026-01-11 04:40:01,862 - INFO - Scraping 6221/6851: https://www.refurbed.de/p/samsung-gq55qn90d/
2026-01-11 04:40:03,307 - INFO - Scraping 6222/6851: https://www.refurbed.de/p/samsung-gq55qn92b/
2026-01-11 04:40:04,705 - INFO - Scraping 6223/6851: https://www.refurbed.de/p/samsung-gq55qn95a/
2026-01-11 04:40:06,046 - INFO - Scraping 6224/6851: https://www.refurbed.de/p/samsung-gq55qn95b/
2026-01-11 04:40:07,372 - INFO - Scraping 6225/6851: https://www.refurbed.de/p/samsung-gq55qnx1d/
2026-01-11 04:40:08,869 - INFO - Scraping 6226/6851: https://www.refurbed.de/p/samsung-gq55s85d/
2026-01-11 04:40:10,260 - INFO - Scraping 6227/6851: https://www.refurbed.de/p/samsung-gq55s90c/
2026-01-11 04:40:11,637 - INFO - Scraping 6228/6851: https://www.refurbed.de/p/samsung-gq55s90d/
2026-01-11 04:40:13,037 - INFO - Scraping 6229/6851: https://www.refurbed.de/p/samsung-gq55s93c/
2026-01-11 04:40:14,424 - INFO - Scraping 6230/6851: https://www.refurbed.de/p/samsung-gq55s94d/
2026-01-11 04:40:15,881 - INFO - Scraping 6231/6851: https://www.refurbed.de/p/samsung-gq55s95c/
2026-01-11 04:40:17,263 - INFO - Scraping 6232/6851: https://www.refurbed.de/p/samsung-gq55s95d/
2026-01-11 04:40:18,634 - INFO - Scraping 6233/6851: https://www.refurbed.de/p/samsung-gq65q72d/
2026-01-11 04:40:20,052 - INFO - Scraping 6234/6851: https://www.refurbed.de/p/samsung-gq65qe1d/
2026-01-11 04:40:21,719 - INFO - Scraping 6235/6851: https://www.refurbed.de/p/samsung-gq65qn700c/
2026-01-11 04:40:23,042 - INFO - Scraping 6236/6851: https://www.refurbed.de/p/samsung-gq65qn800c/
2026-01-11 04:40:24,481 - INFO - Scraping 6237/6851: https://www.refurbed.de/p/samsung-gq65qn85a-65/
2026-01-11 04:40:26,046 - INFO - Scraping 6238/6851: https://www.refurbed.de/p/samsung-gq65qn85d/
2026-01-11 04:40:27,528 - INFO - Scraping 6239/6851: https://www.refurbed.de/p/samsung-gq65qn95c/
2026-01-11 04:40:28,906 - INFO - Scraping 6240/6851: https://www.refurbed.de/p/samsung-gq65qnx1d/
2026-01-11 04:40:30,358 - INFO - Scraping 6241/6851: https://www.refurbed.de/p/samsung-gq65s90d/
2026-01-11 04:40:31,776 - INFO - Scraping 6242/6851: https://www.refurbed.de/p/samsung-gq65s95c/
2026-01-11 04:40:33,146 - INFO - Scraping 6243/6851: https://www.refurbed.de/p/samsung-gq65s95d/
2026-01-11 04:40:34,654 - INFO - Scraping 6244/6851: https://www.refurbed.de/p/samsung-gq75q60d/
2026-01-11 04:40:36,252 - INFO - Scraping 6245/6851: https://www.refurbed.de/p/samsung-gq75q64c/
2026-01-11 04:40:37,794 - INFO - Scraping 6246/6851: https://www.refurbed.de/p/samsung-gq75q73d/
2026-01-11 04:40:39,134 - INFO - Scraping 6247/6851: https://www.refurbed.de/p/samsung-gq75qe1d/
2026-01-11 04:40:40,444 - INFO - Scraping 6248/6851: https://www.refurbed.de/p/samsung-gq75qn800c/
2026-01-11 04:40:41,925 - INFO - Scraping 6249/6851: https://www.refurbed.de/p/samsung-gq75qn85c/
2026-01-11 04:40:43,268 - INFO - Scraping 6250/6851: https://www.refurbed.de/p/samsung-gq75qn95/
2026-01-11 04:40:44,775 - INFO - Scraping 6251/6851: https://www.refurbed.de/p/samsung-gq75qn95c/
2026-01-11 04:40:46,133 - INFO - Scraping 6252/6851: https://www.refurbed.de/p/samsung-gq77s94d/
2026-01-11 04:40:47,482 - INFO - Scraping 6253/6851: https://www.refurbed.de/p/samsung-gq77s95c/
2026-01-11 04:40:48,881 - INFO - Scraping 6254/6851: https://www.refurbed.de/p/samsung-gq77s95d/
2026-01-11 04:40:50,199 - INFO - Scraping 6255/6851: https://www.refurbed.de/p/samsung-gq85q70d/
2026-01-11 04:40:51,544 - INFO - Scraping 6256/6851: https://www.refurbed.de/p/samsung-gq85qn900a/
2026-01-11 04:40:52,912 - INFO - Scraping 6257/6851: https://www.refurbed.de/p/samsung-gq85qn95b/
2026-01-11 04:40:54,304 - INFO - Scraping 6258/6851: https://www.refurbed.de/p/samsung-gq98q80c-98/
2026-01-11 04:40:55,660 - INFO - Scraping 6259/6851: https://www.refurbed.de/p/samsung-gq98qn90a/
2026-01-11 04:40:57,073 - INFO - Scraping 6260/6851: https://www.refurbed.de/p/samsung-gu43cu8579/
2026-01-11 04:40:58,384 - INFO - Scraping 6261/6851: https://www.refurbed.de/p/samsung-gu43du7170/
2026-01-11 04:40:59,770 - INFO - Scraping 6262/6851: https://www.refurbed.de/p/samsung-gu43du7179/
2026-01-11 04:41:01,235 - INFO - Scraping 6263/6851: https://www.refurbed.de/p/samsung-gu43tu6979/
2026-01-11 04:41:02,769 - INFO - Scraping 6264/6851: https://www.refurbed.de/p/samsung-gu50du7179/
2026-01-11 04:41:04,240 - INFO - Scraping 6265/6851: https://www.refurbed.de/p/samsung-gu55cu8079/
2026-01-11 04:41:05,721 - INFO - Scraping 6266/6851: https://www.refurbed.de/p/samsung-gu55du7170/
2026-01-11 04:41:07,339 - INFO - Scraping 6267/6851: https://www.refurbed.de/p/samsung-gu55du7179/
2026-01-11 04:41:08,720 - INFO - Scraping 6268/6851: https://www.refurbed.de/p/samsung-gu55du8079/
2026-01-11 04:41:10,105 - INFO - Scraping 6269/6851: https://www.refurbed.de/p/samsung-gu60au7199-60/
2026-01-11 04:41:11,492 - INFO - Scraping 6270/6851: https://www.refurbed.de/p/samsung-gu60du7179/
2026-01-11 04:41:12,875 - INFO - Scraping 6271/6851: https://www.refurbed.de/p/samsung-gu65bu8079/
2026-01-11 04:41:14,244 - INFO - Scraping 6272/6851: https://www.refurbed.de/p/samsung-gu75au7199-75/
2026-01-11 04:41:15,646 - INFO - Scraping 6273/6851: https://www.refurbed.de/p/samsung-hg32cf800/
2026-01-11 04:41:16,963 - INFO - Scraping 6274/6851: https://www.refurbed.de/p/samsung-hg32ej690we/
2026-01-11 04:41:18,408 - INFO - Scraping 6275/6851: https://www.refurbed.de/p/samsung-hg32t5300-32/
2026-01-11 04:41:19,935 - INFO - Scraping 6276/6851: https://www.refurbed.de/p/samsung-hg43au800/
2026-01-11 04:41:21,256 - INFO - Scraping 6277/6851: https://www.refurbed.de/p/samsung-hg43bu800/
2026-01-11 04:41:22,558 - INFO - Scraping 6278/6851: https://www.refurbed.de/p/samsung-hg43ef690db/
2026-01-11 04:41:23,885 - INFO - Scraping 6279/6851: https://www.refurbed.de/p/samsung-hg50au800/
2026-01-11 04:41:25,275 - INFO - Scraping 6280/6851: https://www.refurbed.de/p/samsung-hg55bu800-55/
2026-01-11 04:41:26,671 - INFO - Scraping 6281/6851: https://www.refurbed.de/p/samsung-hrm-ur55-28/
2026-01-11 04:41:28,013 - INFO - Scraping 6282/6851: https://www.refurbed.de/p/samsung-hw-b450-soundbar/
2026-01-11 04:41:29,443 - INFO - Scraping 6283/6851: https://www.refurbed.de/p/samsung-hw-b540-soundbar/
2026-01-11 04:41:30,927 - INFO - Scraping 6284/6851: https://www.refurbed.de/p/samsung-hw-b550-soundbar/
2026-01-11 04:41:32,300 - INFO - Scraping 6285/6851: https://www.refurbed.de/p/samsung-hw-b560-soundbar/
2026-01-11 04:41:33,693 - INFO - Scraping 6286/6851: https://www.refurbed.de/p/samsung-hw-c410g-soundbar/
2026-01-11 04:41:35,036 - INFO - Scraping 6287/6851: https://www.refurbed.de/p/samsung-hw-c440g-soundbar/
2026-01-11 04:41:36,386 - INFO - Scraping 6288/6851: https://www.refurbed.de/p/samsung-hw-q600a-soundbar/
2026-01-11 04:41:37,961 - INFO - Scraping 6289/6851: https://www.refurbed.de/p/samsung-hw-q600c-soundbar/
2026-01-11 04:41:39,364 - INFO - Scraping 6290/6851: https://www.refurbed.de/p/samsung-hw-q610gc-soundbar/
2026-01-11 04:41:40,850 - INFO - Scraping 6291/6851: https://www.refurbed.de/p/samsung-hw-q710gc-soundbar/
2026-01-11 04:41:42,238 - INFO - Scraping 6292/6851: https://www.refurbed.de/p/samsung-hw-q800a-soundbar/
2026-01-11 04:41:43,608 - INFO - Scraping 6293/6851: https://www.refurbed.de/p/samsung-hw-q800c-soundbar/
2026-01-11 04:41:44,984 - INFO - Scraping 6294/6851: https://www.refurbed.de/p/samsung-hw-q935gc-soundbar/
2026-01-11 04:41:46,341 - INFO - Scraping 6295/6851: https://www.refurbed.de/p/samsung-hw-q935gd-soundbar/
2026-01-11 04:41:48,130 - INFO - Scraping 6296/6851: https://www.refurbed.de/p/samsung-hw-q950t-soundbar/
2026-01-11 04:41:49,522 - INFO - Scraping 6297/6851: https://www.refurbed.de/p/samsung-hw-q990b-soundbar/
2026-01-11 04:41:51,401 - INFO - Scraping 6298/6851: https://www.refurbed.de/p/samsung-hw-q990c-soundbar/
2026-01-11 04:41:52,844 - INFO - Scraping 6299/6851: https://www.refurbed.de/p/samsung-hw-q995gc-soundbar/
2026-01-11 04:41:54,190 - INFO - Scraping 6300/6851: https://www.refurbed.de/p/samsung-hw-s50b-soundbar/
2026-01-11 04:41:55,630 - INFO - Scraping 6301/6851: https://www.refurbed.de/p/samsung-hw-s56b-soundbar/
2026-01-11 04:41:57,455 - INFO - Scraping 6302/6851: https://www.refurbed.de/p/samsung-hw-s60a-soundbar/
2026-01-11 04:41:58,872 - INFO - Scraping 6303/6851: https://www.refurbed.de/p/samsung-hw-s60b-soundbar/
2026-01-11 04:42:00,210 - INFO - Scraping 6304/6851: https://www.refurbed.de/p/samsung-hw-s60t-4-0-soundbar/
2026-01-11 04:42:01,636 - INFO - Scraping 6305/6851: https://www.refurbed.de/p/samsung-hw-s61a-soundbar/
2026-01-11 04:42:03,332 - INFO - Scraping 6306/6851: https://www.refurbed.de/p/samsung-hw-s66b-soundbar/
2026-01-11 04:42:04,744 - INFO - Scraping 6307/6851: https://www.refurbed.de/p/samsung-hw-s67b-soundbar/
2026-01-11 04:42:06,511 - INFO - Scraping 6308/6851: https://www.refurbed.de/p/samsung-hw-s800b-soundbar/
2026-01-11 04:42:07,907 - INFO - Scraping 6309/6851: https://www.refurbed.de/p/samsung-hw-s801b-soundbar/
2026-01-11 04:42:09,343 - INFO - Scraping 6310/6851: https://www.refurbed.de/p/samsung-hw-s810b-soundbar/
2026-01-11 04:42:10,708 - INFO - Scraping 6311/6851: https://www.refurbed.de/p/samsung-hw-s810gd-soundbar/
2026-01-11 04:42:12,062 - INFO - Scraping 6312/6851: https://www.refurbed.de/p/samsung-hw-s811b-soundbar/
2026-01-11 04:42:13,470 - INFO - Scraping 6313/6851: https://www.refurbed.de/p/samsung-hw-t400-soundbar/
2026-01-11 04:42:15,161 - INFO - Scraping 6314/6851: https://www.refurbed.de/p/samsung-i9301i-galaxy-s3-neo/
2026-01-11 04:42:16,524 - INFO - Scraping 6315/6851: https://www.refurbed.de/p/samsung-jet-60-pet/
2026-01-11 04:42:17,846 - INFO - Scraping 6316/6851: https://www.refurbed.de/p/samsung-jet-70-complete/
2026-01-11 04:42:19,353 - INFO - Scraping 6317/6851: https://www.refurbed.de/p/samsung-jet-70-pet/
2026-01-11 04:42:20,719 - INFO - Scraping 6318/6851: https://www.refurbed.de/p/samsung-jet-70-turbo/
2026-01-11 04:42:22,077 - INFO - Scraping 6319/6851: https://www.refurbed.de/p/samsung-jet-75-complete/
2026-01-11 04:42:23,422 - INFO - Scraping 6320/6851: https://www.refurbed.de/p/samsung-jet-75-pet/
2026-01-11 04:42:24,842 - INFO - Scraping 6321/6851: https://www.refurbed.de/p/samsung-jet-75e-complete/
2026-01-11 04:42:26,294 - INFO - Scraping 6322/6851: https://www.refurbed.de/p/samsung-jet-75e-petpro/
2026-01-11 04:42:27,627 - INFO - Scraping 6323/6851: https://www.refurbed.de/p/samsung-jet-85-petpro/
2026-01-11 04:42:28,945 - INFO - Scraping 6324/6851: https://www.refurbed.de/p/samsung-jet-85-wet-clean/
2026-01-11 04:42:30,344 - INFO - Scraping 6325/6851: https://www.refurbed.de/p/samsung-jet-95-akku-plus-petpro/
2026-01-11 04:42:31,726 - INFO - Scraping 6326/6851: https://www.refurbed.de/p/samsung-jet-95-complete-clean/
2026-01-11 04:42:33,532 - INFO - Scraping 6327/6851: https://www.refurbed.de/p/samsung-jet-95-premium/
2026-01-11 04:42:34,925 - INFO - Scraping 6328/6851: https://www.refurbed.de/p/samsung-jet-bot-plus/
2026-01-11 04:42:36,508 - INFO - Scraping 6329/6851: https://www.refurbed.de/p/samsung-jet85-completeclean-plus/
2026-01-11 04:42:37,881 - INFO - Scraping 6330/6851: https://www.refurbed.de/p/samsung-lc27r500fhuxen/
2026-01-11 04:42:39,194 - INFO - Scraping 6331/6851: https://www.refurbed.de/p/samsung-mc28m6035cs/
2026-01-11 04:42:40,573 - INFO - Scraping 6332/6851: https://www.refurbed.de/p/samsung-mc32j7055ct/
2026-01-11 04:42:41,954 - INFO - Scraping 6333/6851: https://www.refurbed.de/p/samsung-mc35r8088lc/
2026-01-11 04:42:43,259 - INFO - Scraping 6334/6851: https://www.refurbed.de/p/samsung-mg22m8254ak/
2026-01-11 04:42:44,586 - INFO - Scraping 6335/6851: https://www.refurbed.de/p/samsung-mg23b3515ak/
2026-01-11 04:42:45,894 - INFO - Scraping 6336/6851: https://www.refurbed.de/p/samsung-mg23dg4524age1/
2026-01-11 04:42:47,425 - INFO - Scraping 6337/6851: https://www.refurbed.de/p/samsung-mg23dg4524cge1/
2026-01-11 04:42:48,757 - INFO - Scraping 6338/6851: https://www.refurbed.de/p/samsung-mg23k3515aw/
2026-01-11 04:42:50,572 - INFO - Scraping 6339/6851: https://www.refurbed.de/p/samsung-mg23k3614aw/
2026-01-11 04:42:51,905 - INFO - Scraping 6340/6851: https://www.refurbed.de/p/samsung-mg23t5018gc/
2026-01-11 04:42:53,474 - INFO - Scraping 6341/6851: https://www.refurbed.de/p/samsung-mg23t5018ge/
2026-01-11 04:42:54,787 - INFO - Scraping 6342/6851: https://www.refurbed.de/p/samsung-mg30t5018ak/
2026-01-11 04:42:56,395 - INFO - Scraping 6343/6851: https://www.refurbed.de/p/samsung-ml-3310nd/
2026-01-11 04:42:57,782 - INFO - Scraping 6344/6851: https://www.refurbed.de/p/samsung-ml-5010nd/
2026-01-11 04:42:59,250 - INFO - Scraping 6345/6851: https://www.refurbed.de/p/samsung-ms20a3010al/
2026-01-11 04:43:00,577 - INFO - Scraping 6346/6851: https://www.refurbed.de/p/samsung-ms22m8074at/
2026-01-11 04:43:01,895 - INFO - Scraping 6347/6851: https://www.refurbed.de/p/samsung-ms23b3515as/
2026-01-11 04:43:03,342 - INFO - Scraping 6348/6851: https://www.refurbed.de/p/samsung-multiport-adap-ee-p5400/
2026-01-11 04:43:04,746 - INFO - Scraping 6349/6851: https://www.refurbed.de/p/samsung-multixpress-p77760z/
2026-01-11 04:43:06,069 - INFO - Scraping 6350/6851: https://www.refurbed.de/p/samsung-multixpress-scx-8123na/
2026-01-11 04:43:07,467 - INFO - Scraping 6351/6851: https://www.refurbed.de/p/samsung-multixpress-sl-k4350lx/
2026-01-11 04:43:08,928 - INFO - Scraping 6352/6851: https://www.refurbed.de/p/samsung-multixpress-sl-k7500lx/
2026-01-11 04:43:10,386 - INFO - Scraping 6353/6851: https://www.refurbed.de/p/samsung-multixpress-sl-x4250lx/
2026-01-11 04:43:11,814 - INFO - Scraping 6354/6851: https://www.refurbed.de/p/samsung-multixpress-sl-x7500lx/
2026-01-11 04:43:13,365 - INFO - Scraping 6355/6851: https://www.refurbed.de/p/samsung-multixpress-x4300lx/
2026-01-11 04:43:14,755 - INFO - Scraping 6356/6851: https://www.refurbed.de/p/samsung-multixpress-x7600lx/
2026-01-11 04:43:16,193 - INFO - Scraping 6357/6851: https://www.refurbed.de/p/samsung-music-frame-ls60d/
2026-01-11 04:43:17,685 - INFO - Scraping 6358/6851: https://www.refurbed.de/p/samsung-nk24n9804vb/
2026-01-11 04:43:19,052 - INFO - Scraping 6359/6851: https://www.refurbed.de/p/samsung-notebook-plus2-6305-15-6/
2026-01-11 04:43:20,430 - INFO - Scraping 6360/6851: https://www.refurbed.de/p/samsung-nz64k7757bk/
2026-01-11 04:43:21,838 - INFO - Scraping 6361/6851: https://www.refurbed.de/p/samsung-nz84t7nc6rk/
2026-01-11 04:43:23,307 - INFO - Scraping 6362/6851: https://www.refurbed.de/p/samsung-nz84t9747vk/
2026-01-11 04:43:24,763 - INFO - Scraping 6363/6851: https://www.refurbed.de/p/samsung-odyssey-g3-g32a-24/
2026-01-11 04:43:26,119 - INFO - Scraping 6364/6851: https://www.refurbed.de/p/samsung-odyssey-g3-g32a-27/
2026-01-11 04:43:27,457 - INFO - Scraping 6365/6851: https://www.refurbed.de/p/samsung-odyssey-g3-g32a-31-5/
2026-01-11 04:43:28,827 - INFO - Scraping 6366/6851: https://www.refurbed.de/p/samsung-odyssey-g3-g3a-2021-27/
2026-01-11 04:43:30,307 - INFO - Scraping 6367/6851: https://www.refurbed.de/p/samsung-odyssey-g5-g50a-2023/
2026-01-11 04:43:31,698 - INFO - Scraping 6368/6851: https://www.refurbed.de/p/samsung-odyssey-g5-g50d-2024-32/
2026-01-11 04:43:33,213 - INFO - Scraping 6369/6851: https://www.refurbed.de/p/samsung-odyssey-g5-g50d-2024/
2026-01-11 04:43:34,639 - INFO - Scraping 6370/6851: https://www.refurbed.de/p/samsung-odyssey-g5-g55a-2023-27/
2026-01-11 04:43:35,984 - INFO - Scraping 6371/6851: https://www.refurbed.de/p/samsung-odyssey-g5-g55c-2024-27/
2026-01-11 04:43:37,590 - INFO - Scraping 6372/6851: https://www.refurbed.de/p/samsung-odyssey-g5-g55t-2022/
2026-01-11 04:43:39,020 - INFO - Scraping 6373/6851: https://www.refurbed.de/p/samsung-odyssey-g5-g55t-31-5/
2026-01-11 04:43:40,367 - INFO - Scraping 6374/6851: https://www.refurbed.de/p/samsung-odyssey-g7-g70b-32/
2026-01-11 04:43:41,715 - INFO - Scraping 6375/6851: https://www.refurbed.de/p/samsung-odyssey-g9-g95c/
2026-01-11 04:43:43,052 - INFO - Scraping 6376/6851: https://www.refurbed.de/p/samsung-odyssey-g9-g95t-2021/
2026-01-11 04:43:44,908 - INFO - Scraping 6377/6851: https://www.refurbed.de/p/samsung-odyssey-g9-g95t/
2026-01-11 04:43:46,584 - INFO - Scraping 6378/6851: https://www.refurbed.de/p/samsung-odyssey-n-g7-g75nb-2023/
2026-01-11 04:43:47,972 - INFO - Scraping 6379/6851: https://www.refurbed.de/p/samsung-odyssey-n-g7-g75nb/
2026-01-11 04:43:49,429 - INFO - Scraping 6380/6851: https://www.refurbed.de/p/samsung-odyssey-neo-g6-g65b/
2026-01-11 04:43:50,883 - INFO - Scraping 6381/6851: https://www.refurbed.de/p/samsung-odyssey-neo-g9-g95na/
2026-01-11 04:43:52,240 - INFO - Scraping 6382/6851: https://www.refurbed.de/p/samsung-odyssey-neo-g9-g95nc/
2026-01-11 04:43:53,580 - INFO - Scraping 6383/6851: https://www.refurbed.de/p/samsung-odyssey-oled-g9-g93sc/
2026-01-11 04:43:54,995 - INFO - Scraping 6384/6851: https://www.refurbed.de/p/samsung-odyssey-oled-g9-g95sc/
2026-01-11 04:43:56,515 - INFO - Scraping 6385/6851: https://www.refurbed.de/p/samsung-odysseyg5-g55c-2024-31-5/
2026-01-11 04:43:58,351 - INFO - Scraping 6386/6851: https://www.refurbed.de/p/samsung-oh55f/
2026-01-11 04:43:59,933 - INFO - Scraping 6387/6851: https://www.refurbed.de/p/samsung-om46n/
2026-01-11 04:44:01,483 - INFO - Scraping 6388/6851: https://www.refurbed.de/p/samsung-om75r/
2026-01-11 04:44:03,086 - INFO - Scraping 6389/6851: https://www.refurbed.de/p/samsung-pl170/
2026-01-11 04:44:04,541 - INFO - Scraping 6390/6851: https://www.refurbed.de/p/samsung-portable-ssd-t5/
2026-01-11 04:44:05,947 - INFO - Scraping 6391/6851: https://www.refurbed.de/p/samsung-premiere-4k-lsp7t-laser/
2026-01-11 04:44:07,294 - INFO - Scraping 6392/6851: https://www.refurbed.de/p/samsung-proxpress-m3820nd-xeg/
2026-01-11 04:44:08,813 - INFO - Scraping 6393/6851: https://www.refurbed.de/p/samsung-proxpress-m4020nd/
2026-01-11 04:44:10,508 - INFO - Scraping 6394/6851: https://www.refurbed.de/p/samsung-qb65c-65/
2026-01-11 04:44:11,863 - INFO - Scraping 6395/6851: https://www.refurbed.de/p/samsung-qb75r/
2026-01-11 04:44:13,211 - INFO - Scraping 6396/6851: https://www.refurbed.de/p/samsung-qh55r-54-6/
2026-01-11 04:44:14,814 - INFO - Scraping 6397/6851: https://www.refurbed.de/p/samsung-qled-qe43q60c-43/
2026-01-11 04:44:16,330 - INFO - Scraping 6398/6851: https://www.refurbed.de/p/samsung-qled-qe50q60c-50/
2026-01-11 04:44:17,847 - INFO - Scraping 6399/6851: https://www.refurbed.de/p/samsung-qm43n/
2026-01-11 04:44:19,277 - INFO - Scraping 6400/6851: https://www.refurbed.de/p/samsung-qm43r-t/
2026-01-11 04:44:20,650 - INFO - Scraping 6401/6851: https://www.refurbed.de/p/samsung-qm43r/
2026-01-11 04:44:22,701 - INFO - Scraping 6402/6851: https://www.refurbed.de/p/samsung-qm49n/
2026-01-11 04:44:24,124 - INFO - Scraping 6403/6851: https://www.refurbed.de/p/samsung-qm65n/
2026-01-11 04:44:25,903 - INFO - Scraping 6404/6851: https://www.refurbed.de/p/samsung-qm85f/
2026-01-11 04:44:27,409 - INFO - Scraping 6405/6851: https://www.refurbed.de/p/samsung-s-pen-fold-edition/
2026-01-11 04:44:28,896 - INFO - Scraping 6406/6851: https://www.refurbed.de/p/samsung-s-pen/
2026-01-11 04:44:30,308 - INFO - Scraping 6407/6851: https://www.refurbed.de/p/samsung-s22c200b/
2026-01-11 04:44:31,717 - INFO - Scraping 6408/6851: https://www.refurbed.de/p/samsung-s22c350h/
2026-01-11 04:44:33,164 - INFO - Scraping 6409/6851: https://www.refurbed.de/p/samsung-s22c450bw/
2026-01-11 04:44:34,829 - INFO - Scraping 6410/6851: https://www.refurbed.de/p/samsung-s22c450m/
2026-01-11 04:44:36,161 - INFO - Scraping 6411/6851: https://www.refurbed.de/p/samsung-s22c450mw/
2026-01-11 04:44:37,582 - INFO - Scraping 6412/6851: https://www.refurbed.de/p/samsung-s22d300hy-21-5/
2026-01-11 04:44:38,941 - INFO - Scraping 6413/6851: https://www.refurbed.de/p/samsung-s22e450bw/
2026-01-11 04:44:40,354 - INFO - Scraping 6414/6851: https://www.refurbed.de/p/samsung-s22e450f/
2026-01-11 04:44:42,040 - INFO - Scraping 6415/6851: https://www.refurbed.de/p/samsung-s22e450mw-22/
2026-01-11 04:44:43,450 - INFO - Scraping 6416/6851: https://www.refurbed.de/p/samsung-s22e45kmw-22/
2026-01-11 04:44:45,196 - INFO - Scraping 6417/6851: https://www.refurbed.de/p/samsung-s22f350fhd/
2026-01-11 04:44:46,653 - INFO - Scraping 6418/6851: https://www.refurbed.de/p/samsung-s23c650d/
2026-01-11 04:44:48,227 - INFO - Scraping 6419/6851: https://www.refurbed.de/p/samsung-s24a650d-24/
2026-01-11 04:44:49,543 - INFO - Scraping 6420/6851: https://www.refurbed.de/p/samsung-s24c450bl/
2026-01-11 04:44:51,427 - INFO - Scraping 6421/6851: https://www.refurbed.de/p/samsung-s24c450bw/
2026-01-11 04:44:53,316 - INFO - Scraping 6422/6851: https://www.refurbed.de/p/samsung-s24c450m-24/
2026-01-11 04:44:54,665 - INFO - Scraping 6423/6851: https://www.refurbed.de/p/samsung-s24c650bw/
2026-01-11 04:44:56,221 - INFO - Scraping 6424/6851: https://www.refurbed.de/p/samsung-s24c650dw-24/
2026-01-11 04:44:57,560 - INFO - Scraping 6425/6851: https://www.refurbed.de/p/samsung-s24d330h-24/
2026-01-11 04:44:59,025 - INFO - Scraping 6426/6851: https://www.refurbed.de/p/samsung-s24d390hl-23-6/
2026-01-11 04:45:00,378 - INFO - Scraping 6427/6851: https://www.refurbed.de/p/samsung-s24e450/
2026-01-11 04:45:01,877 - INFO - Scraping 6428/6851: https://www.refurbed.de/p/samsung-s24e450b/
2026-01-11 04:45:03,348 - INFO - Scraping 6429/6851: https://www.refurbed.de/p/samsung-s24e450bl/
2026-01-11 04:45:05,139 - INFO - Scraping 6430/6851: https://www.refurbed.de/p/samsung-s24e450d-24/
2026-01-11 04:45:06,569 - INFO - Scraping 6431/6851: https://www.refurbed.de/p/samsung-s24e650bw-24/
2026-01-11 04:45:08,032 - INFO - Scraping 6432/6851: https://www.refurbed.de/p/samsung-s24e650dw-24/
2026-01-11 04:45:09,524 - INFO - Scraping 6433/6851: https://www.refurbed.de/p/samsung-s24e650pl-23-6/
2026-01-11 04:45:11,232 - INFO - Scraping 6434/6851: https://www.refurbed.de/p/samsung-s24e650xw-24/
2026-01-11 04:45:12,713 - INFO - Scraping 6435/6851: https://www.refurbed.de/p/samsung-s24e65uxw/
2026-01-11 04:45:14,050 - INFO - Scraping 6436/6851: https://www.refurbed.de/p/samsung-s24f350fhd-24/
2026-01-11 04:45:15,479 - INFO - Scraping 6437/6851: https://www.refurbed.de/p/samsung-s24r650-23-8/
2026-01-11 04:45:16,961 - INFO - Scraping 6438/6851: https://www.refurbed.de/p/samsung-s24r652fdu-24/
2026-01-11 04:45:19,046 - INFO - Scraping 6439/6851: https://www.refurbed.de/p/samsung-s27a650d-27/
2026-01-11 04:45:20,391 - INFO - Scraping 6440/6851: https://www.refurbed.de/p/samsung-s27c650d/
2026-01-11 04:45:21,953 - INFO - Scraping 6441/6851: https://www.refurbed.de/p/samsung-s27d850t/
2026-01-11 04:45:23,283 - INFO - Scraping 6442/6851: https://www.refurbed.de/p/samsung-s27e450b/
2026-01-11 04:45:24,668 - INFO - Scraping 6443/6851: https://www.refurbed.de/p/samsung-s27e650c/
2026-01-11 04:45:26,477 - INFO - Scraping 6444/6851: https://www.refurbed.de/p/samsung-s27f350fhu/
2026-01-11 04:45:28,405 - INFO - Scraping 6445/6851: https://www.refurbed.de/p/samsung-s29e790cn/
2026-01-11 04:45:29,774 - INFO - Scraping 6446/6851: https://www.refurbed.de/p/samsung-s33a-22/
2026-01-11 04:45:31,144 - INFO - Scraping 6447/6851: https://www.refurbed.de/p/samsung-s39c-27/
2026-01-11 04:45:32,688 - INFO - Scraping 6448/6851: https://www.refurbed.de/p/samsung-s5611/
2026-01-11 04:45:34,060 - INFO - Scraping 6449/6851: https://www.refurbed.de/p/samsung-s95ua-2021-49/
2026-01-11 04:45:35,502 - INFO - Scraping 6450/6851: https://www.refurbed.de/p/samsung-s95uc-2024/
2026-01-11 04:45:36,908 - INFO - Scraping 6451/6851: https://www.refurbed.de/p/samsung-sa850-24/
2026-01-11 04:45:38,258 - INFO - Scraping 6452/6851: https://www.refurbed.de/p/samsung-sa850-27/
2026-01-11 04:45:39,587 - INFO - Scraping 6453/6851: https://www.refurbed.de/p/samsung-sb420-24/
2026-01-11 04:45:41,065 - INFO - Scraping 6454/6851: https://www.refurbed.de/p/samsung-sc300-21-5/
2026-01-11 04:45:42,627 - INFO - Scraping 6455/6851: https://www.refurbed.de/p/samsung-sc450-24/
2026-01-11 04:45:44,259 - INFO - Scraping 6456/6851: https://www.refurbed.de/p/samsung-sd300-21-5/
2026-01-11 04:45:45,607 - INFO - Scraping 6457/6851: https://www.refurbed.de/p/samsung-se450-27/
2026-01-11 04:45:47,248 - INFO - Scraping 6458/6851: https://www.refurbed.de/p/samsung-se650-24/
2026-01-11 04:45:49,203 - INFO - Scraping 6459/6851: https://www.refurbed.de/p/samsung-sm-m5-m50d-2024-32/
2026-01-11 04:45:50,890 - INFO - Scraping 6460/6851: https://www.refurbed.de/p/samsung-sm-m7-m70b-32-2022/
2026-01-11 04:45:52,639 - INFO - Scraping 6461/6851: https://www.refurbed.de/p/samsung-sm-m7-m70b-32-2023/
2026-01-11 04:45:54,091 - INFO - Scraping 6462/6851: https://www.refurbed.de/p/samsung-sm-m7-m70d-32-2024/
2026-01-11 04:45:55,449 - INFO - Scraping 6463/6851: https://www.refurbed.de/p/samsung-sm-t825-galaxy-tab-s3-lt/
2026-01-11 04:45:56,948 - INFO - Scraping 6464/6851: https://www.refurbed.de/p/samsung-smart-mntr-m5-m50c-31-5/
2026-01-11 04:45:58,367 - INFO - Scraping 6465/6851: https://www.refurbed.de/p/samsung-smart-monitor-m5-m50b-32/
2026-01-11 04:46:00,706 - INFO - Scraping 6466/6851: https://www.refurbed.de/p/samsung-smart-monitor-m5-m50c/
2026-01-11 04:46:02,185 - INFO - Scraping 6467/6851: https://www.refurbed.de/p/samsung-smart-monitor-m8-m80b-32/
2026-01-11 04:46:03,654 - INFO - Scraping 6468/6851: https://www.refurbed.de/p/samsung-sound-tower-mx-st40b/
2026-01-11 04:46:05,021 - INFO - Scraping 6469/6851: https://www.refurbed.de/p/samsung-sound-tower-mx-st50b/
2026-01-11 04:46:06,448 - INFO - Scraping 6470/6851: https://www.refurbed.de/p/samsung-sound-tower-mx-t50/
2026-01-11 04:46:07,777 - INFO - Scraping 6471/6851: https://www.refurbed.de/p/samsung-sr1fm7030wb/
2026-01-11 04:46:09,103 - INFO - Scraping 6472/6851: https://www.refurbed.de/p/samsung-swa-9200s/
2026-01-11 04:46:10,547 - INFO - Scraping 6473/6851: https://www.refurbed.de/p/samsung-swa-9500s/
2026-01-11 04:46:11,954 - INFO - Scraping 6474/6851: https://www.refurbed.de/p/samsung-syncmaster-2043bw-20/
2026-01-11 04:46:13,581 - INFO - Scraping 6475/6851: https://www.refurbed.de/p/samsung-syncmaster-215tw/
2026-01-11 04:46:15,189 - INFO - Scraping 6476/6851: https://www.refurbed.de/p/samsung-syncmaster-2243bw/
2026-01-11 04:46:16,540 - INFO - Scraping 6477/6851: https://www.refurbed.de/p/samsung-syncmaster-2243qw/
2026-01-11 04:46:18,288 - INFO - Scraping 6478/6851: https://www.refurbed.de/p/samsung-syncmaster-2243wm/
2026-01-11 04:46:20,393 - INFO - Scraping 6479/6851: https://www.refurbed.de/p/samsung-syncmaster-2253bw/
2026-01-11 04:46:22,074 - INFO - Scraping 6480/6851: https://www.refurbed.de/p/samsung-syncmaster-225bw/
2026-01-11 04:46:23,558 - INFO - Scraping 6481/6851: https://www.refurbed.de/p/samsung-syncmaster-226bw/
2026-01-11 04:46:25,090 - INFO - Scraping 6482/6851: https://www.refurbed.de/p/samsung-syncmaster-2443dw/
2026-01-11 04:46:26,435 - INFO - Scraping 6483/6851: https://www.refurbed.de/p/samsung-syncmaster-2494hm/
2026-01-11 04:46:27,753 - INFO - Scraping 6484/6851: https://www.refurbed.de/p/samsung-syncmaster-2494hs/
2026-01-11 04:46:29,175 - INFO - Scraping 6485/6851: https://www.refurbed.de/p/samsung-syncmaster-b2240w/
2026-01-11 04:46:30,509 - INFO - Scraping 6486/6851: https://www.refurbed.de/p/samsung-syncmaster-b2440l/
2026-01-11 04:46:31,865 - INFO - Scraping 6487/6851: https://www.refurbed.de/p/samsung-syncmaster-b2440m/
2026-01-11 04:46:33,190 - INFO - Scraping 6488/6851: https://www.refurbed.de/p/samsung-syncmaster-b2440mh/
2026-01-11 04:46:34,574 - INFO - Scraping 6489/6851: https://www.refurbed.de/p/samsung-syncmaster-bx2231/
2026-01-11 04:46:35,972 - INFO - Scraping 6490/6851: https://www.refurbed.de/p/samsung-syncmaster-bx2240/
2026-01-11 04:46:37,484 - INFO - Scraping 6491/6851: https://www.refurbed.de/p/samsung-syncmaster-bx2240w/
2026-01-11 04:46:38,981 - INFO - Scraping 6492/6851: https://www.refurbed.de/p/samsung-syncmaster-bx2340/
2026-01-11 04:46:40,371 - INFO - Scraping 6493/6851: https://www.refurbed.de/p/samsung-syncmaster-bx2440w/
2026-01-11 04:46:41,767 - INFO - Scraping 6494/6851: https://www.refurbed.de/p/samsung-syncmaster-ex2220/
2026-01-11 04:46:43,185 - INFO - Scraping 6495/6851: https://www.refurbed.de/p/samsung-syncmaster-f2380/
2026-01-11 04:46:44,616 - INFO - Scraping 6496/6851: https://www.refurbed.de/p/samsung-syncmaster-p2250/
2026-01-11 04:46:45,969 - INFO - Scraping 6497/6851: https://www.refurbed.de/p/samsung-syncmaster-s22a450bw-22/
2026-01-11 04:46:47,417 - INFO - Scraping 6498/6851: https://www.refurbed.de/p/samsung-syncmaster-s22a450mw-22/
2026-01-11 04:46:48,924 - INFO - Scraping 6499/6851: https://www.refurbed.de/p/samsung-syncmaster-s22b420bw-22/
2026-01-11 04:46:50,263 - INFO - Scraping 6500/6851: https://www.refurbed.de/p/samsung-syncmaster-s24a450bw/
2026-01-11 04:46:51,956 - INFO - Scraping 6501/6851: https://www.refurbed.de/p/samsung-syncmaster-s24a450mw/
2026-01-11 04:46:53,398 - INFO - Scraping 6502/6851: https://www.refurbed.de/p/samsung-syncmaster-s24a650s/
2026-01-11 04:46:54,745 - INFO - Scraping 6503/6851: https://www.refurbed.de/p/samsung-syncmaster-t240/
2026-01-11 04:46:56,632 - INFO - Scraping 6504/6851: https://www.refurbed.de/p/samsung-t35f-2020-27/
2026-01-11 04:46:57,976 - INFO - Scraping 6505/6851: https://www.refurbed.de/p/samsung-t45f-2021-22/
2026-01-11 04:46:59,520 - INFO - Scraping 6506/6851: https://www.refurbed.de/p/samsung-t45f-24/
2026-01-11 04:47:01,296 - INFO - Scraping 6507/6851: https://www.refurbed.de/p/samsung-t45f-27/
2026-01-11 04:47:02,624 - INFO - Scraping 6508/6851: https://www.refurbed.de/p/samsung-tab-pro-101-t520/
2026-01-11 04:47:03,948 - INFO - Scraping 6509/6851: https://www.refurbed.de/p/samsung-the-frame-2022-gq43ls03b/
2026-01-11 04:47:05,419 - INFO - Scraping 6510/6851: https://www.refurbed.de/p/samsung-the-frame-2022-qe55ls03b/
2026-01-11 04:47:06,829 - INFO - Scraping 6511/6851: https://www.refurbed.de/p/samsung-the-frame-2024-gq55ls03d/
2026-01-11 04:47:08,131 - INFO - Scraping 6512/6851: https://www.refurbed.de/p/samsung-the-frame-2024-gq65ls03d/
2026-01-11 04:47:09,465 - INFO - Scraping 6513/6851: https://www.refurbed.de/p/samsung-the-frame-2024-gq75ls03d/
2026-01-11 04:47:10,786 - INFO - Scraping 6514/6851: https://www.refurbed.de/p/samsung-the-frame-gq55ls03bgu/
2026-01-11 04:47:12,298 - INFO - Scraping 6515/6851: https://www.refurbed.de/p/samsung-the-frame-gq65ls03bgu/
2026-01-11 04:47:13,675 - INFO - Scraping 6516/6851: https://www.refurbed.de/p/samsung-the-serif-gq50ls01da/
2026-01-11 04:47:14,997 - INFO - Scraping 6517/6851: https://www.refurbed.de/p/samsung-u32h850umu/
2026-01-11 04:47:16,666 - INFO - Scraping 6518/6851: https://www.refurbed.de/p/samsung-ue55h8080sq-55/
2026-01-11 04:47:18,218 - INFO - Scraping 6519/6851: https://www.refurbed.de/p/samsung-ue65au7192-65/
2026-01-11 04:47:19,556 - INFO - Scraping 6520/6851: https://www.refurbed.de/p/samsung-ue75au7192-75/
2026-01-11 04:47:20,914 - INFO - Scraping 6521/6851: https://www.refurbed.de/p/samsung-ue75au8002/
2026-01-11 04:47:22,268 - INFO - Scraping 6522/6851: https://www.refurbed.de/p/samsung-ue82s9waq-82/
2026-01-11 04:47:23,607 - INFO - Scraping 6523/6851: https://www.refurbed.de/p/samsung-um55h-e/
2026-01-11 04:47:25,184 - INFO - Scraping 6524/6851: https://www.refurbed.de/p/samsung-vf-s7-s70a-2023-26-9/
2026-01-11 04:47:26,556 - INFO - Scraping 6525/6851: https://www.refurbed.de/p/samsung-vf-s8-s27a800nmp-2022/
2026-01-11 04:47:28,072 - INFO - Scraping 6526/6851: https://www.refurbed.de/p/samsung-vf-s8-s27a800ujp-2023/
2026-01-11 04:47:29,388 - INFO - Scraping 6527/6851: https://www.refurbed.de/p/samsung-viewfinity-s6-s60ua/
2026-01-11 04:47:30,720 - INFO - Scraping 6528/6851: https://www.refurbed.de/p/samsung-viewfinity-s6-s65tc-34/
2026-01-11 04:47:32,117 - INFO - Scraping 6529/6851: https://www.refurbed.de/p/samsung-viewfinity-s6-s65ua-34/
2026-01-11 04:47:33,520 - INFO - Scraping 6530/6851: https://www.refurbed.de/p/samsung-viewfinity-s6-s65uc-34/
2026-01-11 04:47:34,940 - INFO - Scraping 6531/6851: https://www.refurbed.de/p/samsung-viewfinity-s6-s65vc-34/
2026-01-11 04:47:36,425 - INFO - Scraping 6532/6851: https://www.refurbed.de/p/samsung-viewfinity-s7-s70a-2023/
2026-01-11 04:47:37,776 - INFO - Scraping 6533/6851: https://www.refurbed.de/p/samsung-viewfinity-s7-s70d-2024/
2026-01-11 04:47:39,189 - INFO - Scraping 6534/6851: https://www.refurbed.de/p/samsung-viewfinity-s8-s27b800tgu/
2026-01-11 04:47:40,576 - INFO - Scraping 6535/6851: https://www.refurbed.de/p/samsung-viewfinity-s8-s32b800pxu/
2026-01-11 04:47:41,908 - INFO - Scraping 6536/6851: https://www.refurbed.de/p/samsung-viewfinity-s8-s80ud-2024/
2026-01-11 04:47:43,463 - INFO - Scraping 6537/6851: https://www.refurbed.de/p/samsung-viewfinity-s9-s27c902pau/
2026-01-11 04:47:44,841 - INFO - Scraping 6538/6851: https://www.refurbed.de/p/samsung-vm55b-u/
2026-01-11 04:47:46,335 - INFO - Scraping 6539/6851: https://www.refurbed.de/p/samsung-vr8500-jet-bot-plus/
2026-01-11 04:47:47,695 - INFO - Scraping 6540/6851: https://www.refurbed.de/p/samsung-vr9000-powerbot-essentia/
2026-01-11 04:47:49,114 - INFO - Scraping 6541/6851: https://www.refurbed.de/p/samsung-vr9500-jet-bot-ai-plus/
2026-01-11 04:47:50,491 - INFO - Scraping 6542/6851: https://www.refurbed.de/p/samsung-vs20b95b73b-bes-jet-plus/
2026-01-11 04:47:52,152 - INFO - Scraping 6543/6851: https://www.refurbed.de/p/sony-experia-1-v/
2026-01-11 04:47:53,961 - INFO - Scraping 6544/6851: https://www.refurbed.de/p/sony-experia-1-vi/
2026-01-11 04:47:55,448 - INFO - Scraping 6545/6851: https://www.refurbed.de/p/sony-experia-10-2/
2026-01-11 04:47:56,965 - INFO - Scraping 6546/6851: https://www.refurbed.de/p/sony-experia-10-3/
2026-01-11 04:47:58,562 - INFO - Scraping 6547/6851: https://www.refurbed.de/p/sony-experia-10-4/
2026-01-11 04:48:00,090 - INFO - Scraping 6548/6851: https://www.refurbed.de/p/sony-experia-10-5/
2026-01-11 04:48:01,587 - INFO - Scraping 6549/6851: https://www.refurbed.de/p/sony-experia-10-vi/
2026-01-11 04:48:03,008 - INFO - Scraping 6550/6851: https://www.refurbed.de/p/sony-xperia-1-2/
2026-01-11 04:48:04,755 - INFO - Scraping 6551/6851: https://www.refurbed.de/p/sony-xperia-1-3/
2026-01-11 04:48:06,594 - INFO - Scraping 6552/6851: https://www.refurbed.de/p/sony-xperia-1-4/
2026-01-11 04:48:08,349 - INFO - Scraping 6553/6851: https://www.refurbed.de/p/sony-xperia-1/
2026-01-11 04:48:09,698 - INFO - Scraping 6554/6851: https://www.refurbed.de/p/sony-xperia-10-plus/
2026-01-11 04:48:11,228 - INFO - Scraping 6555/6851: https://www.refurbed.de/p/sony-xperia-10/
2026-01-11 04:48:12,765 - INFO - Scraping 6556/6851: https://www.refurbed.de/p/sony-xperia-5-3/
2026-01-11 04:48:14,290 - INFO - Scraping 6557/6851: https://www.refurbed.de/p/sony-xperia-5-ii/
2026-01-11 04:48:16,024 - INFO - Scraping 6558/6851: https://www.refurbed.de/p/sony-xperia-5-iv/
2026-01-11 04:48:18,192 - INFO - Scraping 6559/6851: https://www.refurbed.de/p/sony-xperia-5-v/
2026-01-11 04:48:19,546 - INFO - Scraping 6560/6851: https://www.refurbed.de/p/sony-xperia-5/
2026-01-11 04:48:21,003 - INFO - Scraping 6561/6851: https://www.refurbed.de/p/sony-xperia-c5-ultra-dual/
2026-01-11 04:48:22,330 - INFO - Scraping 6562/6851: https://www.refurbed.de/p/sony-xperia-e1/
2026-01-11 04:48:23,855 - INFO - Scraping 6563/6851: https://www.refurbed.de/p/sony-xperia-e3-d2203/
2026-01-11 04:48:25,198 - INFO - Scraping 6564/6851: https://www.refurbed.de/p/sony-xperia-e4/
2026-01-11 04:48:26,580 - INFO - Scraping 6565/6851: https://www.refurbed.de/p/sony-xperia-e4g/
2026-01-11 04:48:27,991 - INFO - Scraping 6566/6851: https://www.refurbed.de/p/sony-xperia-e5-f3311/
2026-01-11 04:48:29,316 - INFO - Scraping 6567/6851: https://www.refurbed.de/p/sony-xperia-l1/
2026-01-11 04:48:30,935 - INFO - Scraping 6568/6851: https://www.refurbed.de/p/sony-xperia-l2/
2026-01-11 04:48:32,257 - INFO - Scraping 6569/6851: https://www.refurbed.de/p/sony-xperia-l3/
2026-01-11 04:48:33,586 - INFO - Scraping 6570/6851: https://www.refurbed.de/p/sony-xperia-l4/
2026-01-11 04:48:34,947 - INFO - Scraping 6571/6851: https://www.refurbed.de/p/sony-xperia-m/
2026-01-11 04:48:36,388 - INFO - Scraping 6572/6851: https://www.refurbed.de/p/sony-xperia-m2/
2026-01-11 04:48:37,732 - INFO - Scraping 6573/6851: https://www.refurbed.de/p/sony-xperia-m4-aqua/
2026-01-11 04:48:39,120 - INFO - Scraping 6574/6851: https://www.refurbed.de/p/sony-xperia-m5/
2026-01-11 04:48:40,548 - INFO - Scraping 6575/6851: https://www.refurbed.de/p/sony-xperia-pro-i/
2026-01-11 04:48:42,374 - INFO - Scraping 6576/6851: https://www.refurbed.de/p/sony-xperia-pro/
2026-01-11 04:48:43,709 - INFO - Scraping 6577/6851: https://www.refurbed.de/p/sony-xperia-t-lt30p/
2026-01-11 04:48:45,085 - INFO - Scraping 6578/6851: https://www.refurbed.de/p/sony-xperia-t3/
2026-01-11 04:48:46,523 - INFO - Scraping 6579/6851: https://www.refurbed.de/p/sony-xperia-x-compact/
2026-01-11 04:48:47,891 - INFO - Scraping 6580/6851: https://www.refurbed.de/p/sony-xperia-x-performance/
2026-01-11 04:48:49,367 - INFO - Scraping 6581/6851: https://www.refurbed.de/p/sony-xperia-x/
2026-01-11 04:48:50,748 - INFO - Scraping 6582/6851: https://www.refurbed.de/p/sony-xperia-xa-ultra/
2026-01-11 04:48:52,151 - INFO - Scraping 6583/6851: https://www.refurbed.de/p/sony-xperia-xa/
2026-01-11 04:48:53,698 - INFO - Scraping 6584/6851: https://www.refurbed.de/p/sony-xperia-xa1-plus/
2026-01-11 04:48:55,042 - INFO - Scraping 6585/6851: https://www.refurbed.de/p/sony-xperia-xa1-ultra/
2026-01-11 04:48:56,436 - INFO - Scraping 6586/6851: https://www.refurbed.de/p/sony-xperia-xa1/
2026-01-11 04:48:57,962 - INFO - Scraping 6587/6851: https://www.refurbed.de/p/sony-xperia-xa2-plus/
2026-01-11 04:48:59,449 - INFO - Scraping 6588/6851: https://www.refurbed.de/p/sony-xperia-xa2-ultra/
2026-01-11 04:49:01,117 - INFO - Scraping 6589/6851: https://www.refurbed.de/p/sony-xperia-xa2/
2026-01-11 04:49:02,716 - INFO - Scraping 6590/6851: https://www.refurbed.de/p/sony-xperia-xz/
2026-01-11 04:49:04,206 - INFO - Scraping 6591/6851: https://www.refurbed.de/p/sony-xperia-xz1-compact/
2026-01-11 04:49:05,530 - INFO - Scraping 6592/6851: https://www.refurbed.de/p/sony-xperia-xz1/
2026-01-11 04:49:06,899 - INFO - Scraping 6593/6851: https://www.refurbed.de/p/sony-xperia-xz2-compact/
2026-01-11 04:49:08,588 - INFO - Scraping 6594/6851: https://www.refurbed.de/p/sony-xperia-xz2-premium/
2026-01-11 04:49:10,215 - INFO - Scraping 6595/6851: https://www.refurbed.de/p/sony-xperia-xz2/
2026-01-11 04:49:11,725 - INFO - Scraping 6596/6851: https://www.refurbed.de/p/sony-xperia-xz3/
2026-01-11 04:49:13,951 - INFO - Scraping 6597/6851: https://www.refurbed.de/p/sony-xperia-xzs/
2026-01-11 04:49:15,321 - INFO - Scraping 6598/6851: https://www.refurbed.de/p/sony-xperia-z-premium/
2026-01-11 04:49:16,837 - INFO - Scraping 6599/6851: https://www.refurbed.de/p/sony-xperia-z-ultra/
2026-01-11 04:49:18,188 - INFO - Scraping 6600/6851: https://www.refurbed.de/p/sony-xperia-z/
2026-01-11 04:49:19,783 - INFO - Scraping 6601/6851: https://www.refurbed.de/p/sony-xperia-z1-compact/
2026-01-11 04:49:21,106 - INFO - Scraping 6602/6851: https://www.refurbed.de/p/sony-xperia-z1/
2026-01-11 04:49:22,507 - INFO - Scraping 6603/6851: https://www.refurbed.de/p/sony-xperia-z2-d6503/
2026-01-11 04:49:24,023 - INFO - Scraping 6604/6851: https://www.refurbed.de/p/sony-xperia-z2-sgp521/
2026-01-11 04:49:25,395 - INFO - Scraping 6605/6851: https://www.refurbed.de/p/sony-xperia-z3-compact-tab/
2026-01-11 04:49:26,931 - INFO - Scraping 6606/6851: https://www.refurbed.de/p/sony-xperia-z3-compact/
2026-01-11 04:49:28,252 - INFO - Scraping 6607/6851: https://www.refurbed.de/p/sony-xperia-z3-plus/
2026-01-11 04:49:29,654 - INFO - Scraping 6608/6851: https://www.refurbed.de/p/sony-xperia-z3/
2026-01-11 04:49:31,045 - INFO - Scraping 6609/6851: https://www.refurbed.de/p/sony-xperia-z4/
2026-01-11 04:49:32,400 - INFO - Scraping 6610/6851: https://www.refurbed.de/p/sony-xperia-z5-compact/
2026-01-11 04:49:33,831 - INFO - Scraping 6611/6851: https://www.refurbed.de/p/sony-xperia-z5-e6653/
2026-01-11 04:49:35,688 - INFO - Scraping 6612/6851: https://www.refurbed.de/p/sony-xperia-z5-premium/
2026-01-11 04:49:37,054 - INFO - Scraping 6613/6851: https://www.refurbed.de/p/surface-pro-7-plus-i3-1115g4/
2026-01-11 04:49:38,451 - INFO - Scraping 6614/6851: https://www.refurbed.de/p/tcl-tab-10-hd/
2026-01-11 04:49:39,867 - INFO - Scraping 6615/6851: https://www.refurbed.de/p/tcl-tab-10-s/
2026-01-11 04:49:41,346 - INFO - Scraping 6616/6851: https://www.refurbed.de/p/tcl-tab-8/
2026-01-11 04:49:42,752 - INFO - Scraping 6617/6851: https://www.refurbed.de/p/telekom-t-tablet/
2026-01-11 04:49:44,146 - INFO - Scraping 6618/6851: https://www.refurbed.de/p/thinkpad-onelink-pro/
2026-01-11 04:49:45,497 - INFO - Scraping 6619/6851: https://www.refurbed.de/p/tracer-drifter/
2026-01-11 04:49:46,910 - INFO - Scraping 6620/6851: https://www.refurbed.de/p/tracer-roadster/
2026-01-11 04:49:48,382 - INFO - Scraping 6621/6851: https://www.refurbed.de/p/tracer-sierra/
2026-01-11 04:49:49,800 - INFO - Scraping 6622/6851: https://www.refurbed.de/p/trekstor-surftab-breeze-9-6-quad/
2026-01-11 04:49:51,350 - INFO - Scraping 6623/6851: https://www.refurbed.de/p/trekstor-surftab-duo-w1/
2026-01-11 04:49:52,728 - INFO - Scraping 6624/6851: https://www.refurbed.de/p/viewsonic-m1/
2026-01-11 04:49:54,127 - INFO - Scraping 6625/6851: https://www.refurbed.de/p/viewsonic-m2/
2026-01-11 04:49:55,496 - INFO - Scraping 6626/6851: https://www.refurbed.de/p/viewsonic-va2046a-led-20/
2026-01-11 04:49:56,830 - INFO - Scraping 6627/6851: https://www.refurbed.de/p/viewsonic-va2465sh/
2026-01-11 04:49:58,174 - INFO - Scraping 6628/6851: https://www.refurbed.de/p/viewsonic-va2719-sh/
2026-01-11 04:49:59,534 - INFO - Scraping 6629/6851: https://www.refurbed.de/p/viewsonic-vb-cam-001/
2026-01-11 04:50:01,252 - INFO - Scraping 6630/6851: https://www.refurbed.de/p/viewsonic-vx2718-2kpc-mhd/
2026-01-11 04:50:02,739 - INFO - Scraping 6631/6851: https://www.refurbed.de/p/vivo-v20-se/
2026-01-11 04:50:04,101 - INFO - Scraping 6632/6851: https://www.refurbed.de/p/vivo-v21-5g/
2026-01-11 04:50:05,711 - INFO - Scraping 6633/6851: https://www.refurbed.de/p/vivo-v23-5g/
2026-01-11 04:50:07,166 - INFO - Scraping 6634/6851: https://www.refurbed.de/p/vivo-v29-5g/
2026-01-11 04:50:08,726 - INFO - Scraping 6635/6851: https://www.refurbed.de/p/vivo-v29-lite-5g/
2026-01-11 04:50:10,388 - INFO - Scraping 6636/6851: https://www.refurbed.de/p/vivo-v40-5g/
2026-01-11 04:50:11,733 - INFO - Scraping 6637/6851: https://www.refurbed.de/p/vivo-v40-se-5g/
2026-01-11 04:50:13,086 - INFO - Scraping 6638/6851: https://www.refurbed.de/p/vivo-x51-5g/
2026-01-11 04:50:14,831 - INFO - Scraping 6639/6851: https://www.refurbed.de/p/vivo-x60-pro/
2026-01-11 04:50:16,192 - INFO - Scraping 6640/6851: https://www.refurbed.de/p/vivo-x80-lite/
2026-01-11 04:50:18,087 - INFO - Scraping 6641/6851: https://www.refurbed.de/p/vivo-x80-pro/
2026-01-11 04:50:19,925 - INFO - Scraping 6642/6851: https://www.refurbed.de/p/vivo-x90-pro/
2026-01-11 04:50:21,452 - INFO - Scraping 6643/6851: https://www.refurbed.de/p/vivo-y01/
2026-01-11 04:50:22,837 - INFO - Scraping 6644/6851: https://www.refurbed.de/p/vivo-y17s/
2026-01-11 04:50:24,368 - INFO - Scraping 6645/6851: https://www.refurbed.de/p/vivo-y20s/
2026-01-11 04:50:25,752 - INFO - Scraping 6646/6851: https://www.refurbed.de/p/vivo-y21/
2026-01-11 04:50:27,200 - INFO - Scraping 6647/6851: https://www.refurbed.de/p/vivo-y21s/
2026-01-11 04:50:28,746 - INFO - Scraping 6648/6851: https://www.refurbed.de/p/vivo-y22s/
2026-01-11 04:50:30,272 - INFO - Scraping 6649/6851: https://www.refurbed.de/p/vivo-y33s/
2026-01-11 04:50:31,728 - INFO - Scraping 6650/6851: https://www.refurbed.de/p/vivo-y35/
2026-01-11 04:50:33,085 - INFO - Scraping 6651/6851: https://www.refurbed.de/p/vivo-y52-5g/
2026-01-11 04:50:34,672 - INFO - Scraping 6652/6851: https://www.refurbed.de/p/vivo-y70/
2026-01-11 04:50:36,043 - INFO - Scraping 6653/6851: https://www.refurbed.de/p/vivo-y72-5g/
2026-01-11 04:50:37,496 - INFO - Scraping 6654/6851: https://www.refurbed.de/p/vivo-y76-5g/
2026-01-11 04:50:38,862 - INFO - Scraping 6655/6851: https://www.refurbed.de/p/vodafone-smart-tab-n8/
2026-01-11 04:50:40,242 - INFO - Scraping 6656/6851: https://www.refurbed.de/p/vodafone-tab-prime-7/
2026-01-11 04:50:41,607 - INFO - Scraping 6657/6851: https://www.refurbed.de/p/wilfa-kw-4-gram-stal/
2026-01-11 04:50:43,261 - INFO - Scraping 6658/6851: https://www.refurbed.de/p/xgimi-halo-plus/
2026-01-11 04:50:44,597 - INFO - Scraping 6659/6851: https://www.refurbed.de/p/xgimi-halo/
2026-01-11 04:50:45,936 - INFO - Scraping 6660/6851: https://www.refurbed.de/p/xgimi-horizon-pro-4k/
2026-01-11 04:50:47,363 - INFO - Scraping 6661/6851: https://www.refurbed.de/p/xiaomi-11t-5g/
2026-01-11 04:50:48,985 - INFO - Scraping 6662/6851: https://www.refurbed.de/p/xiaomi-11t-pro/
2026-01-11 04:50:50,948 - INFO - Scraping 6663/6851: https://www.refurbed.de/p/xiaomi-12-lite-5g/
2026-01-11 04:50:52,350 - INFO - Scraping 6664/6851: https://www.refurbed.de/p/xiaomi-12-pro/
2026-01-11 04:50:53,906 - INFO - Scraping 6665/6851: https://www.refurbed.de/p/xiaomi-12/
2026-01-11 04:50:55,823 - INFO - Scraping 6666/6851: https://www.refurbed.de/p/xiaomi-12s-ultra/
2026-01-11 04:50:57,201 - INFO - Scraping 6667/6851: https://www.refurbed.de/p/xiaomi-12t-pro/
2026-01-11 04:50:58,659 - INFO - Scraping 6668/6851: https://www.refurbed.de/p/xiaomi-12t/
2026-01-11 04:51:00,210 - INFO - Scraping 6669/6851: https://www.refurbed.de/p/xiaomi-12x/
2026-01-11 04:51:01,766 - INFO - Scraping 6670/6851: https://www.refurbed.de/p/xiaomi-13-lite-5g/
2026-01-11 04:51:03,602 - INFO - Scraping 6671/6851: https://www.refurbed.de/p/xiaomi-13-pro/
2026-01-11 04:51:05,166 - INFO - Scraping 6672/6851: https://www.refurbed.de/p/xiaomi-13-ultra/
2026-01-11 04:51:06,706 - INFO - Scraping 6673/6851: https://www.refurbed.de/p/xiaomi-13/
2026-01-11 04:51:08,553 - INFO - Scraping 6674/6851: https://www.refurbed.de/p/xiaomi-13t-pro/
2026-01-11 04:51:10,215 - INFO - Scraping 6675/6851: https://www.refurbed.de/p/xiaomi-13t/
2026-01-11 04:51:12,031 - INFO - Scraping 6676/6851: https://www.refurbed.de/p/xiaomi-14-ultra-photography-kit/
2026-01-11 04:51:13,683 - INFO - Scraping 6677/6851: https://www.refurbed.de/p/xiaomi-14-ultra/
2026-01-11 04:51:15,068 - INFO - Scraping 6678/6851: https://www.refurbed.de/p/xiaomi-14/
2026-01-11 04:51:16,834 - INFO - Scraping 6679/6851: https://www.refurbed.de/p/xiaomi-14t-pro/
2026-01-11 04:51:18,542 - INFO - Scraping 6680/6851: https://www.refurbed.de/p/xiaomi-14t/
2026-01-11 04:51:20,205 - INFO - Scraping 6681/6851: https://www.refurbed.de/p/xiaomi-15-ultra/
2026-01-11 04:51:21,658 - INFO - Scraping 6682/6851: https://www.refurbed.de/p/xiaomi-15/
2026-01-11 04:51:23,339 - INFO - Scraping 6683/6851: https://www.refurbed.de/p/xiaomi-air-fryer/
2026-01-11 04:51:24,665 - INFO - Scraping 6684/6851: https://www.refurbed.de/p/xiaomi-black-shark-5-pro/
2026-01-11 04:51:26,089 - INFO - Scraping 6685/6851: https://www.refurbed.de/p/xiaomi-black-shark/
2026-01-11 04:51:27,466 - INFO - Scraping 6686/6851: https://www.refurbed.de/p/xiaomi-buds-3/
2026-01-11 04:51:28,966 - INFO - Scraping 6687/6851: https://www.refurbed.de/p/xiaomi-mi-10-lite/
2026-01-11 04:51:30,652 - INFO - Scraping 6688/6851: https://www.refurbed.de/p/xiaomi-mi-10-pro/
2026-01-11 04:51:32,048 - INFO - Scraping 6689/6851: https://www.refurbed.de/p/xiaomi-mi-10/
2026-01-11 04:51:33,729 - INFO - Scraping 6690/6851: https://www.refurbed.de/p/xiaomi-mi-10t-5g/
2026-01-11 04:51:35,079 - INFO - Scraping 6691/6851: https://www.refurbed.de/p/xiaomi-mi-10t-lite-5g/
2026-01-11 04:51:36,740 - INFO - Scraping 6692/6851: https://www.refurbed.de/p/xiaomi-mi-10t-pro-5g/
2026-01-11 04:51:38,401 - INFO - Scraping 6693/6851: https://www.refurbed.de/p/xiaomi-mi-11-5g/
2026-01-11 04:51:39,975 - INFO - Scraping 6694/6851: https://www.refurbed.de/p/xiaomi-mi-11-lite-5g-ne/
2026-01-11 04:51:41,491 - INFO - Scraping 6695/6851: https://www.refurbed.de/p/xiaomi-mi-11-lite-5g/
2026-01-11 04:51:43,014 - INFO - Scraping 6696/6851: https://www.refurbed.de/p/xiaomi-mi-11-lite/
2026-01-11 04:51:44,643 - INFO - Scraping 6697/6851: https://www.refurbed.de/p/xiaomi-mi-11-ultra/
2026-01-11 04:51:46,237 - INFO - Scraping 6698/6851: https://www.refurbed.de/p/xiaomi-mi-11i/
2026-01-11 04:51:47,863 - INFO - Scraping 6699/6851: https://www.refurbed.de/p/xiaomi-mi-6/
2026-01-11 04:51:49,247 - INFO - Scraping 6700/6851: https://www.refurbed.de/p/xiaomi-mi-8-lite/
2026-01-11 04:51:50,851 - INFO - Scraping 6701/6851: https://www.refurbed.de/p/xiaomi-mi-8-pro/
2026-01-11 04:51:52,443 - INFO - Scraping 6702/6851: https://www.refurbed.de/p/xiaomi-mi-8/
2026-01-11 04:51:54,060 - INFO - Scraping 6703/6851: https://www.refurbed.de/p/xiaomi-mi-9-lite/
2026-01-11 04:51:55,464 - INFO - Scraping 6704/6851: https://www.refurbed.de/p/xiaomi-mi-9-se/
2026-01-11 04:51:56,986 - INFO - Scraping 6705/6851: https://www.refurbed.de/p/xiaomi-mi-9/
2026-01-11 04:51:58,518 - INFO - Scraping 6706/6851: https://www.refurbed.de/p/xiaomi-mi-9t-pro/
2026-01-11 04:52:00,097 - INFO - Scraping 6707/6851: https://www.refurbed.de/p/xiaomi-mi-9t/
2026-01-11 04:52:01,589 - INFO - Scraping 6708/6851: https://www.refurbed.de/p/xiaomi-mi-a1/
2026-01-11 04:52:03,032 - INFO - Scraping 6709/6851: https://www.refurbed.de/p/xiaomi-mi-a2-lite/
2026-01-11 04:52:04,510 - INFO - Scraping 6710/6851: https://www.refurbed.de/p/xiaomi-mi-a2/
2026-01-11 04:52:05,992 - INFO - Scraping 6711/6851: https://www.refurbed.de/p/xiaomi-mi-a3/
2026-01-11 04:52:07,501 - INFO - Scraping 6712/6851: https://www.refurbed.de/p/xiaomi-mi-air-purifier-3h/
2026-01-11 04:52:08,834 - INFO - Scraping 6713/6851: https://www.refurbed.de/p/xiaomi-mi-bedside-lamp-2/
2026-01-11 04:52:10,203 - INFO - Scraping 6714/6851: https://www.refurbed.de/p/xiaomi-mi-box-s/
2026-01-11 04:52:11,514 - INFO - Scraping 6715/6851: https://www.refurbed.de/p/xiaomi-mi-cc9-pro/
2026-01-11 04:52:12,883 - INFO - Scraping 6716/6851: https://www.refurbed.de/p/xiaomi-mi-curved-gaming-monitor/
2026-01-11 04:52:14,199 - INFO - Scraping 6717/6851: https://www.refurbed.de/p/xiaomi-mi-desk-lamp-1s/
2026-01-11 04:52:15,623 - INFO - Scraping 6718/6851: https://www.refurbed.de/p/xiaomi-mi-desktop-monitor-27/
2026-01-11 04:52:17,007 - INFO - Scraping 6719/6851: https://www.refurbed.de/p/xiaomi-mi-laser-projector/
2026-01-11 04:52:18,533 - INFO - Scraping 6720/6851: https://www.refurbed.de/p/xiaomi-mi-max-3/
2026-01-11 04:52:19,921 - INFO - Scraping 6721/6851: https://www.refurbed.de/p/xiaomi-mi-mix-2/
2026-01-11 04:52:21,270 - INFO - Scraping 6722/6851: https://www.refurbed.de/p/xiaomi-mi-mix-2s/
2026-01-11 04:52:22,670 - INFO - Scraping 6723/6851: https://www.refurbed.de/p/xiaomi-mi-mix-3/
2026-01-11 04:52:24,296 - INFO - Scraping 6724/6851: https://www.refurbed.de/p/xiaomi-mi-note-10-lite/
2026-01-11 04:52:25,797 - INFO - Scraping 6725/6851: https://www.refurbed.de/p/xiaomi-mi-note-10-pro/
2026-01-11 04:52:27,271 - INFO - Scraping 6726/6851: https://www.refurbed.de/p/xiaomi-mi-note-10/
2026-01-11 04:52:28,822 - INFO - Scraping 6727/6851: https://www.refurbed.de/p/xiaomi-mi-robot-mop-2-lite/
2026-01-11 04:52:30,246 - INFO - Scraping 6728/6851: https://www.refurbed.de/p/xiaomi-mi-robot-mop-2-ultra/
2026-01-11 04:52:31,645 - INFO - Scraping 6729/6851: https://www.refurbed.de/p/xiaomi-mi-robot-mop-2s/
2026-01-11 04:52:33,538 - INFO - Scraping 6730/6851: https://www.refurbed.de/p/xiaomi-mi-robot-mop-essential/
2026-01-11 04:52:34,963 - INFO - Scraping 6731/6851: https://www.refurbed.de/p/xiaomi-mi-smart-clock/
2026-01-11 04:52:36,337 - INFO - Scraping 6732/6851: https://www.refurbed.de/p/xiaomi-mi-smart-home-hub/
2026-01-11 04:52:37,667 - INFO - Scraping 6733/6851: https://www.refurbed.de/p/xiaomi-mi-smart-pro-pyv4009gl/
2026-01-11 04:52:38,979 - INFO - Scraping 6734/6851: https://www.refurbed.de/p/xiaomi-mi-smart-projector-2-pro/
2026-01-11 04:52:40,508 - INFO - Scraping 6735/6851: https://www.refurbed.de/p/xiaomi-mi-true-earphones-2/
2026-01-11 04:52:41,824 - INFO - Scraping 6736/6851: https://www.refurbed.de/p/xiaomi-mi-tv-4s-65/
2026-01-11 04:52:43,284 - INFO - Scraping 6737/6851: https://www.refurbed.de/p/xiaomi-mi-tv-p1-50/
2026-01-11 04:52:44,643 - INFO - Scraping 6738/6851: https://www.refurbed.de/p/xiaomi-mi-tv-stick/
2026-01-11 04:52:45,997 - INFO - Scraping 6739/6851: https://www.refurbed.de/p/xiaomi-mijia-mini-4k/
2026-01-11 04:52:47,319 - INFO - Scraping 6740/6851: https://www.refurbed.de/p/xiaomi-pad-5/
2026-01-11 04:52:48,687 - INFO - Scraping 6741/6851: https://www.refurbed.de/p/xiaomi-pad-6/
2026-01-11 04:52:50,057 - INFO - Scraping 6742/6851: https://www.refurbed.de/p/xiaomi-pad-6s-pro/
2026-01-11 04:52:51,401 - INFO - Scraping 6743/6851: https://www.refurbed.de/p/xiaomi-poco-c40/
2026-01-11 04:52:53,056 - INFO - Scraping 6744/6851: https://www.refurbed.de/p/xiaomi-poco-f2-pro/
2026-01-11 04:52:54,412 - INFO - Scraping 6745/6851: https://www.refurbed.de/p/xiaomi-poco-f3/
2026-01-11 04:52:56,080 - INFO - Scraping 6746/6851: https://www.refurbed.de/p/xiaomi-poco-f4-gt/
2026-01-11 04:52:57,662 - INFO - Scraping 6747/6851: https://www.refurbed.de/p/xiaomi-poco-f4/
2026-01-11 04:52:59,178 - INFO - Scraping 6748/6851: https://www.refurbed.de/p/xiaomi-poco-f5-pro/
2026-01-11 04:53:00,699 - INFO - Scraping 6749/6851: https://www.refurbed.de/p/xiaomi-poco-f5/
2026-01-11 04:53:02,353 - INFO - Scraping 6750/6851: https://www.refurbed.de/p/xiaomi-poco-m3-pro-5g/
2026-01-11 04:53:04,418 - INFO - Scraping 6751/6851: https://www.refurbed.de/p/xiaomi-poco-m3/
2026-01-11 04:53:05,897 - INFO - Scraping 6752/6851: https://www.refurbed.de/p/xiaomi-poco-m4-5g/
2026-01-11 04:53:07,315 - INFO - Scraping 6753/6851: https://www.refurbed.de/p/xiaomi-poco-m4-pro-5g/
2026-01-11 04:53:08,822 - INFO - Scraping 6754/6851: https://www.refurbed.de/p/xiaomi-poco-m4-pro/
2026-01-11 04:53:10,298 - INFO - Scraping 6755/6851: https://www.refurbed.de/p/xiaomi-poco-m5/
2026-01-11 04:53:11,650 - INFO - Scraping 6756/6851: https://www.refurbed.de/p/xiaomi-poco-m5s/
2026-01-11 04:53:13,085 - INFO - Scraping 6757/6851: https://www.refurbed.de/p/xiaomi-poco-m6-pro/
2026-01-11 04:53:14,432 - INFO - Scraping 6758/6851: https://www.refurbed.de/p/xiaomi-poco-x3-gt/
2026-01-11 04:53:15,773 - INFO - Scraping 6759/6851: https://www.refurbed.de/p/xiaomi-poco-x3-pro/
2026-01-11 04:53:17,340 - INFO - Scraping 6760/6851: https://www.refurbed.de/p/xiaomi-poco-x3/
2026-01-11 04:53:18,885 - INFO - Scraping 6761/6851: https://www.refurbed.de/p/xiaomi-poco-x4-gt/
2026-01-11 04:53:20,580 - INFO - Scraping 6762/6851: https://www.refurbed.de/p/xiaomi-poco-x4-pro-5g/
2026-01-11 04:53:22,086 - INFO - Scraping 6763/6851: https://www.refurbed.de/p/xiaomi-poco-x5-5g/
2026-01-11 04:53:23,710 - INFO - Scraping 6764/6851: https://www.refurbed.de/p/xiaomi-poco-x5-pro-5g/
2026-01-11 04:53:25,318 - INFO - Scraping 6765/6851: https://www.refurbed.de/p/xiaomi-poco-x6-pro/
2026-01-11 04:53:26,656 - INFO - Scraping 6766/6851: https://www.refurbed.de/p/xiaomi-poco-x7-pro/
2026-01-11 04:53:28,032 - INFO - Scraping 6767/6851: https://www.refurbed.de/p/xiaomi-pocophone-f1/
2026-01-11 04:53:29,619 - INFO - Scraping 6768/6851: https://www.refurbed.de/p/xiaomi-redmi-10-2022/
2026-01-11 04:53:31,172 - INFO - Scraping 6769/6851: https://www.refurbed.de/p/xiaomi-redmi-10-5g/
2026-01-11 04:53:32,481 - INFO - Scraping 6770/6851: https://www.refurbed.de/p/xiaomi-redmi-10/
2026-01-11 04:53:34,055 - INFO - Scraping 6771/6851: https://www.refurbed.de/p/xiaomi-redmi-10a/
2026-01-11 04:53:35,873 - INFO - Scraping 6772/6851: https://www.refurbed.de/p/xiaomi-redmi-12-c/
2026-01-11 04:53:37,207 - INFO - Scraping 6773/6851: https://www.refurbed.de/p/xiaomi-redmi-12/
2026-01-11 04:53:38,807 - INFO - Scraping 6774/6851: https://www.refurbed.de/p/xiaomi-redmi-13-c-5g/
2026-01-11 04:53:40,425 - INFO - Scraping 6775/6851: https://www.refurbed.de/p/xiaomi-redmi-13-c/
2026-01-11 04:53:42,172 - INFO - Scraping 6776/6851: https://www.refurbed.de/p/xiaomi-redmi-14-c/
2026-01-11 04:53:43,897 - INFO - Scraping 6777/6851: https://www.refurbed.de/p/xiaomi-redmi-4a/
2026-01-11 04:53:45,238 - INFO - Scraping 6778/6851: https://www.refurbed.de/p/xiaomi-redmi-4x/
2026-01-11 04:53:46,730 - INFO - Scraping 6779/6851: https://www.refurbed.de/p/xiaomi-redmi-5/
2026-01-11 04:53:48,067 - INFO - Scraping 6780/6851: https://www.refurbed.de/p/xiaomi-redmi-5a/
2026-01-11 04:53:49,369 - INFO - Scraping 6781/6851: https://www.refurbed.de/p/xiaomi-redmi-6/
2026-01-11 04:53:50,704 - INFO - Scraping 6782/6851: https://www.refurbed.de/p/xiaomi-redmi-6a/
2026-01-11 04:53:52,145 - INFO - Scraping 6783/6851: https://www.refurbed.de/p/xiaomi-redmi-7/
2026-01-11 04:53:53,616 - INFO - Scraping 6784/6851: https://www.refurbed.de/p/xiaomi-redmi-7a/
2026-01-11 04:53:55,211 - INFO - Scraping 6785/6851: https://www.refurbed.de/p/xiaomi-redmi-8/
2026-01-11 04:53:56,730 - INFO - Scraping 6786/6851: https://www.refurbed.de/p/xiaomi-redmi-8a/
2026-01-11 04:53:58,157 - INFO - Scraping 6787/6851: https://www.refurbed.de/p/xiaomi-redmi-9/
2026-01-11 04:53:59,744 - INFO - Scraping 6788/6851: https://www.refurbed.de/p/xiaomi-redmi-9a/
2026-01-11 04:54:01,548 - INFO - Scraping 6789/6851: https://www.refurbed.de/p/xiaomi-redmi-9at/
2026-01-11 04:54:03,531 - INFO - Scraping 6790/6851: https://www.refurbed.de/p/xiaomi-redmi-9c/
2026-01-11 04:54:05,242 - INFO - Scraping 6791/6851: https://www.refurbed.de/p/xiaomi-redmi-9t/
2026-01-11 04:54:07,038 - INFO - Scraping 6792/6851: https://www.refurbed.de/p/xiaomi-redmi-a2/
2026-01-11 04:54:08,565 - INFO - Scraping 6793/6851: https://www.refurbed.de/p/xiaomi-redmi-a3/
2026-01-11 04:54:10,221 - INFO - Scraping 6794/6851: https://www.refurbed.de/p/xiaomi-redmi-airdots-2/
2026-01-11 04:54:11,607 - INFO - Scraping 6795/6851: https://www.refurbed.de/p/xiaomi-redmi-buds-3-lite/
2026-01-11 04:54:13,039 - INFO - Scraping 6796/6851: https://www.refurbed.de/p/xiaomi-redmi-buds-3/
2026-01-11 04:54:14,362 - INFO - Scraping 6797/6851: https://www.refurbed.de/p/xiaomi-redmi-buds-4-pro/
2026-01-11 04:54:15,697 - INFO - Scraping 6798/6851: https://www.refurbed.de/p/xiaomi-redmi-buds-5-pro/
2026-01-11 04:54:17,276 - INFO - Scraping 6799/6851: https://www.refurbed.de/p/xiaomi-redmi-go/
2026-01-11 04:54:18,686 - INFO - Scraping 6800/6851: https://www.refurbed.de/p/xiaomi-redmi-note-10-5g/
2026-01-11 04:54:20,364 - INFO - Scraping 6801/6851: https://www.refurbed.de/p/xiaomi-redmi-note-10-c/
2026-01-11 04:54:22,022 - INFO - Scraping 6802/6851: https://www.refurbed.de/p/xiaomi-redmi-note-10-pro/
2026-01-11 04:54:23,628 - INFO - Scraping 6803/6851: https://www.refurbed.de/p/xiaomi-redmi-note-10-s/
2026-01-11 04:54:25,151 - INFO - Scraping 6804/6851: https://www.refurbed.de/p/xiaomi-redmi-note-10/
2026-01-11 04:54:26,862 - INFO - Scraping 6805/6851: https://www.refurbed.de/p/xiaomi-redmi-note-10a/
2026-01-11 04:54:28,445 - INFO - Scraping 6806/6851: https://www.refurbed.de/p/xiaomi-redmi-note-11-pro-5g/
2026-01-11 04:54:30,144 - INFO - Scraping 6807/6851: https://www.refurbed.de/p/xiaomi-redmi-note-11-pro-plus-5g/
2026-01-11 04:54:31,755 - INFO - Scraping 6808/6851: https://www.refurbed.de/p/xiaomi-redmi-note-11-pro/
2026-01-11 04:54:33,481 - INFO - Scraping 6809/6851: https://www.refurbed.de/p/xiaomi-redmi-note-11/
2026-01-11 04:54:35,195 - INFO - Scraping 6810/6851: https://www.refurbed.de/p/xiaomi-redmi-note-11s-5g/
2026-01-11 04:54:36,614 - INFO - Scraping 6811/6851: https://www.refurbed.de/p/xiaomi-redmi-note-11s/
2026-01-11 04:54:38,307 - INFO - Scraping 6812/6851: https://www.refurbed.de/p/xiaomi-redmi-note-12-5g/
2026-01-11 04:54:39,873 - INFO - Scraping 6813/6851: https://www.refurbed.de/p/xiaomi-redmi-note-12-pro-4g/
2026-01-11 04:54:41,565 - INFO - Scraping 6814/6851: https://www.refurbed.de/p/xiaomi-redmi-note-12-pro-plus-5g/
2026-01-11 04:54:43,120 - INFO - Scraping 6815/6851: https://www.refurbed.de/p/xiaomi-redmi-note-12-pro/
2026-01-11 04:54:44,580 - INFO - Scraping 6816/6851: https://www.refurbed.de/p/xiaomi-redmi-note-12/
2026-01-11 04:54:46,115 - INFO - Scraping 6817/6851: https://www.refurbed.de/p/xiaomi-redmi-note-12s/
2026-01-11 04:54:47,979 - INFO - Scraping 6818/6851: https://www.refurbed.de/p/xiaomi-redmi-note-13-5g/
2026-01-11 04:54:49,721 - INFO - Scraping 6819/6851: https://www.refurbed.de/p/xiaomi-redmi-note-13-pro-5g/
2026-01-11 04:54:51,259 - INFO - Scraping 6820/6851: https://www.refurbed.de/p/xiaomi-redmi-note-13-pro-plus-5g/
2026-01-11 04:54:52,833 - INFO - Scraping 6821/6851: https://www.refurbed.de/p/xiaomi-redmi-note-13-pro/
2026-01-11 04:54:54,298 - INFO - Scraping 6822/6851: https://www.refurbed.de/p/xiaomi-redmi-note-13/
2026-01-11 04:54:55,974 - INFO - Scraping 6823/6851: https://www.refurbed.de/p/xiaomi-redmi-note-14-5g/
2026-01-11 04:54:57,852 - INFO - Scraping 6824/6851: https://www.refurbed.de/p/xiaomi-redmi-note-14-pro-5g/
2026-01-11 04:54:59,555 - INFO - Scraping 6825/6851: https://www.refurbed.de/p/xiaomi-redmi-note-14-pro-plus-5g/
2026-01-11 04:55:00,988 - INFO - Scraping 6826/6851: https://www.refurbed.de/p/xiaomi-redmi-note-14-pro/
2026-01-11 04:55:02,599 - INFO - Scraping 6827/6851: https://www.refurbed.de/p/xiaomi-redmi-note-14/
2026-01-11 04:55:04,266 - INFO - Scraping 6828/6851: https://www.refurbed.de/p/xiaomi-redmi-note-3/
2026-01-11 04:55:05,663 - INFO - Scraping 6829/6851: https://www.refurbed.de/p/xiaomi-redmi-note-4/
2026-01-11 04:55:07,015 - INFO - Scraping 6830/6851: https://www.refurbed.de/p/xiaomi-redmi-note-5/
2026-01-11 04:55:08,374 - INFO - Scraping 6831/6851: https://www.refurbed.de/p/xiaomi-redmi-note-5a/
2026-01-11 04:55:09,714 - INFO - Scraping 6832/6851: https://www.refurbed.de/p/xiaomi-redmi-note-6-pro/
2026-01-11 04:55:12,355 - INFO - Scraping 6833/6851: https://www.refurbed.de/p/xiaomi-redmi-note-7/
2026-01-11 04:55:32,149 - INFO - Scraping 6834/6851: https://www.refurbed.de/p/xiaomi-redmi-note-8-pro/
2026-01-11 04:55:34,019 - INFO - Scraping 6835/6851: https://www.refurbed.de/p/xiaomi-redmi-note-8/
2026-01-11 04:55:35,554 - INFO - Scraping 6836/6851: https://www.refurbed.de/p/xiaomi-redmi-note-8t/
2026-01-11 04:55:37,204 - INFO - Scraping 6837/6851: https://www.refurbed.de/p/xiaomi-redmi-note-9-pro/
2026-01-11 04:55:38,600 - INFO - Scraping 6838/6851: https://www.refurbed.de/p/xiaomi-redmi-note-9/
2026-01-11 04:55:40,074 - INFO - Scraping 6839/6851: https://www.refurbed.de/p/xiaomi-redmi-note-9s/
2026-01-11 04:55:41,721 - INFO - Scraping 6840/6851: https://www.refurbed.de/p/xiaomi-redmi-note-9t/
2026-01-11 04:55:44,789 - INFO - Scraping 6841/6851: https://www.refurbed.de/p/xiaomi-redmi-pad-pro/
2026-01-11 04:55:46,125 - INFO - Scraping 6842/6851: https://www.refurbed.de/p/xiaomi-redmi-pad-se-8-7/
2026-01-11 04:55:47,464 - INFO - Scraping 6843/6851: https://www.refurbed.de/p/xiaomi-redmi-pad-se/
2026-01-11 04:55:48,787 - INFO - Scraping 6844/6851: https://www.refurbed.de/p/xiaomi-redmi-pad/
2026-01-11 04:55:50,263 - INFO - Scraping 6845/6851: https://www.refurbed.de/p/xiaomi-redmi-s2/
2026-01-11 04:55:51,771 - INFO - Scraping 6846/6851: https://www.refurbed.de/p/xiaomi-robot-vacuum-s12/
2026-01-11 04:55:53,101 - INFO - Scraping 6847/6851: https://www.refurbed.de/p/xiaomi-soundbar-3-1/
2026-01-11 04:55:54,720 - INFO - Scraping 6848/6851: https://www.refurbed.de/p/xiaomi-vacuum-g10/
2026-01-11 04:55:56,063 - INFO - Scraping 6849/6851: https://www.refurbed.de/p/xiaomi-vacuum-g9/
2026-01-11 04:55:57,524 - INFO - Scraping 6850/6851: https://www.refurbed.de/p/xiaomi-vacuum-mini/
2026-01-11 04:55:58,878 - INFO - Scraping 6851/6851: https://www.refurbed.de/p/xperia-1-v/
2026-01-11 04:56:00,691 - INFO - Scraping completed. Saved 5727 products in /home/runner/work/M3-scraper/M3-scraper/github/Scraped/Refurbed_260111.json and /home/runner/work/M3-scraper/M3-scraper/docs/Refurbed_260111.json
